net,scene,date,지점,LST_30m,LST_100m,LST_500m,LST_1000m,NDVI_30m,NDVI_100m,NDVI_500m,NDVI_1000m
ASOS,LC08_L2SP_114034_20200820_20200905_02_T1,2020-08-20,130,,,,36.774542134219054,,,,0.5549831538898415
ASOS,LC08_L2SP_114034_20200820_20200905_02_T1,2020-08-20,272,36.934446560000005,37.24929503085716,37.75639227670106,37.32654130432295,0.5682428773800808,0.5681621787471024,0.5979592134210405,0.6136595028901759
ASOS,LC08_L2SP_114034_20200820_20200905_02_T1,2020-08-20,216,43.74428174,43.558081031428586,41.82592290907218,38.3784283971486,0.41704294093691985,0.3787229989457819,0.46357905020844264,0.5990388021259385
ASOS,LC08_L2SP_114034_20200820_20200905_02_T1,2020-08-20,271,37.30587140000002,37.071362675428595,35.848671201030946,34.886660295484496,0.5680397382301047,0.4758419875156336,0.6421990177055261,0.690633734234485
ASOS,LC08_L2SP_114034_20200820_20200905_02_T1,2020-08-20,106,38.25152360000002,38.740723643428595,40.527024410721666,40.128425933596546,0.6427664192823287,0.6008766950956946,0.55462547569127,0.5440820438578226
ASOS,LC08_L2SP_114034_20200820_20200905_02_T1,2020-08-20,217,40.37183534000002,39.69864816285717,36.08597463657145,33.72400356373283,0.42405704328704896,0.43617501355048693,0.607613332705618,0.7029694713001853
AWS,LC08_L2SP_114034_20200820_20200905_02_T1,2020-08-20,837,37.10876558000003,36.9201885337143,36.33765556969074,37.46476317580306,0.5614253903465641,0.597216038892071,0.7034394282701557,0.6355122518712354
AWS,LC08_L2SP_114034_20200820_20200905_02_T1,2020-08-20,814,37.37423180000002,37.332499403428585,36.68683783051548,35.25110303206188,0.5764909059603569,0.69459158103974,0.6695887066180816,0.7214221145464778
AWS,LC08_L2SP_114034_20200820_20200905_02_T1,2020-08-20,530,33.892408760000045,33.40617100057144,32.92184841742859,32.116466617530335,0.5860334372857853,0.6700578160733225,0.7700372737740414,0.8031102681334574
AWS,LC08_L2SP_114034_20200820_20200905_02_T1,2020-08-20,802,32.99119082000002,32.53670809400002,31.924073037585437,32.46850888173274,0.599750145160752,0.8006516659206835,0.8478417628937285,0.8364882353424656
AWS,LC08_L2SP_114034_20200820_20200905_02_T1,2020-08-20,876,39.50137958000001,39.38379969200002,39.5445374659794,39.07798654898587,0.5290430382532219,0.5258772984116442,0.5578790481944166,0.5700966171540222
AWS,LC08_L2SP_114034_20200820_20200905_02_T1,2020-08-20,817,33.567696860000034,33.972390428000026,34.15117597402063,32.91588739359292,0.7732263788724615,0.7912659556273955,0.8043996941290188,0.8506948841687025
AWS,LC08_L2SP_114034_20200820_20200905_02_T1,2020-08-20,831,31.613728760000015,31.585245260000022,31.518118166185584,31.237090615900392,0.7664901689302362,0.7844296589092672,0.8206836674844956,0.8600916611934188
AWS,LC08_L2SP_114034_20200820_20200905_02_T1,2020-08-20,851,37.097372180000015,36.625652867428585,33.82042674659795,33.49952306709738,0.5199646832113127,0.6187442035966713,0.7955480984272604,0.8154112243623046
AWS,LC08_L2SP_114034_20200820_20200905_02_T1,2020-08-20,580,34.848315019999994,34.78285179885715,35.67920710061858,36.16079001360437,0.6484970740196693,0.7827248446962044,0.6791182649622346,0.6488055819166697
AWS,LC08_L2SP_114034_20200820_20200905_02_T1,2020-08-20,581,37.808320340000044,37.55301052228573,33.7802366259794,31.670892445376488,0.5262571382713278,0.5097120795849914,0.7184297773921857,0.778371840294766
AWS,LC08_L2SP_114034_20200820_20200905_02_T1,2020-08-20,529,36.27818672000003,37.00710389942859,37.85702614618558,36.59573868517608,0.793665546491315,0.72808319530677,0.6677269615884255,0.7089534167978182
AWS,LC08_L2SP_114034_20200820_20200905_02_T1,2020-08-20,310,,,34.190270321586425,33.93443280329374,,,0.7394825531246791,0.7694327632865843
AWS,LC08_L2SP_114034_20200820_20200905_02_T1,2020-08-20,527,37.33777292000002,37.30212785428572,35.377481678762905,33.51743998363638,0.6336776509149584,0.5825044216058697,0.6628132383023991,0.7282681643024138
AWS,LC08_L2SP_114034_20200820_20200905_02_T1,2020-08-20,843,38.673079400000006,37.96278229142859,34.41080569125153,33.15423871063417,0.43358259836241403,0.6632353245982885,0.7553075951774899,0.8111644531532397
AWS,LC08_L2SP_114034_20200820_20200905_02_T1,2020-08-20,563,,,,31.312236954454562,,,,0.8104482608278046
AWS,LC08_L2SP_114034_20200820_20200905_02_T1,2020-08-20,497,34.131670160000034,33.624826622857164,31.45605509189439,30.79917775819551,0.6367769318384631,0.6728369835608984,0.829358422567543,0.8577971276521373
AWS,LC08_L2SP_114034_20200820_20200905_02_T1,2020-08-20,674,36.098171000000015,35.59389911600001,33.53643915156509,32.65109858253635,0.4575507398197964,0.4521540335072603,0.7272969033235683,0.7659472762324044
AWS,LC08_L2SP_114034_20200820_20200905_02_T1,2020-08-20,878,32.663060900000026,32.39297221485715,30.838010491340224,30.470552905891804,0.5799372472671747,0.6955712861490454,0.8294618546160281,0.8715004631418775
AWS,LC08_L2SP_114034_20200820_20200905_02_T1,2020-08-20,579,35.62306622000002,35.36469646057145,33.576936868247444,32.61342543421877,0.4963323970169197,0.5479441425089717,0.7332651490551356,0.7780846091162933
AWS,LC08_L2SP_114034_20200820_20200905_02_T1,2020-08-20,696,39.17780702000001,38.84052982742859,36.153282167835066,35.08896235062126,0.668985510045914,0.7130023601647449,0.743455369752697,0.7658657715671975
ASOS,LC08_L2SP_114034_20210620_20210629_02_T1,2021-06-20,272,33.86278592000002,34.13645538800003,34.78929642494847,34.21856497649587,0.5236399916651834,0.5726362986886773,0.5204507130097502,0.5307777687686772
ASOS,LC08_L2SP_114034_20210620_20210629_02_T1,2021-06-20,216,40.64299826000001,40.4798122194286,38.175504955876306,34.577361180143164,0.3623152556724724,0.3467354975964733,0.4438663907249039,0.5755698849694926
ASOS,LC08_L2SP_114034_20210620_20210629_02_T1,2021-06-20,106,32.91599438000003,32.72373889314289,34.04686162314723,34.070428966510484,0.4790953844818992,0.5274791687265372,0.5101648882890162,0.5108020629387485
ASOS,LC08_L2SP_114034_20210620_20210629_02_T1,2021-06-20,217,38.97842252000002,38.48066115028573,33.384810802736865,30.857578410192854,0.3521651644775292,0.3516671035450301,0.6209798121275291,0.6976007852038333
ASOS,LC08_L2SP_114034_20210620_20210629_02_T1,2021-06-20,271,37.49158382000004,37.85330799371432,34.50477856082477,32.518952819061,0.44757885041292395,0.39951008759104195,0.554636555200144,0.6403195116882752
AWS,LC08_L2SP_114034_20210620_20210629_02_T1,2021-06-20,837,33.48110702,33.53390729085716,33.413529671546414,34.689685165187534,0.592127825444372,0.5929935472963027,0.6483933866580185,0.5758826169180207
AWS,LC08_L2SP_114034_20210620_20210629_02_T1,2021-06-20,814,36.70429988000003,36.471060705714315,34.58795429608249,32.26350548467222,0.4397555370580793,0.5320666400486492,0.5695901571564776,0.6536943286302309
AWS,LC08_L2SP_114034_20210620_20210629_02_T1,2021-06-20,581,38.0407457,37.3358197657143,33.156340306391776,30.302169674417428,0.4673040598721326,0.519967989376485,0.6608354098290057,0.7345535723620203
AWS,LC08_L2SP_114034_20210620_20210629_02_T1,2021-06-20,580,29.519621840000013,29.842641006285728,31.740634008866,31.99315996691671,0.7845329255382613,0.8124310252298912,0.614952272757598,0.5774875147743014
AWS,LC08_L2SP_114034_20210620_20210629_02_T1,2021-06-20,310,,,28.500740548720948,28.587062288212994,,,0.7664463399087064,0.75713746541415
AWS,LC08_L2SP_114034_20210620_20210629_02_T1,2021-06-20,817,29.45809748000003,29.678087757714312,29.306905887422698,28.051412800492436,0.7164321313896949,0.72037540909113,0.7341103405550572,0.8059473005041574
AWS,LC08_L2SP_114034_20210620_20210629_02_T1,2021-06-20,529,31.55676176000001,32.16259766685716,32.84459329768491,31.674366000305362,0.48773279299438194,0.5228639741943691,0.4155328259785288,0.5196694539430508
AWS,LC08_L2SP_114034_20210620_20210629_02_T1,2021-06-20,527,39.59594480000002,38.98232882857145,35.2926067216495,32.76066446872604,0.3822737328476393,0.3969689934284191,0.6058877893802638,0.697631845681101
AWS,LC08_L2SP_114034_20210620_20210629_02_T1,2021-06-20,843,34.77653660000002,33.92531940971431,30.75800551066831,29.59574531371709,0.3453158993612096,0.5544281899057459,0.6859649285195152,0.758972656737192
AWS,LC08_L2SP_114034_20210620_20210629_02_T1,2021-06-20,563,,,,29.203606088632643,,,,0.7430446004836924
AWS,LC08_L2SP_114034_20210620_20210629_02_T1,2021-06-20,878,29.309983280000022,28.849462052000018,27.51950459711342,27.1955173033782,0.5595239296335232,0.683492094076548,0.8121148872307999,0.8492623798830172
AWS,LC08_L2SP_114034_20210620_20210629_02_T1,2021-06-20,674,33.771638720000034,33.02179023714289,31.22126767805512,29.958377099485592,0.41972977157932584,0.44623127989859,0.6976604655696966,0.7395616209164075
AWS,LC08_L2SP_114034_20210620_20210629_02_T1,2021-06-20,696,36.953815340000006,36.32506242285716,31.643022718350533,30.133103426063574,0.39695857036958454,0.4173216651731874,0.6491390268496299,0.7016501242701985
AWS,LC08_L2SP_114034_20210620_20210629_02_T1,2021-06-20,497,29.697358880000024,29.485116114285738,27.24465810284732,26.629534369444784,0.6230257291269409,0.6584107001580778,0.794522097766119,0.8257558031626074
AWS,LC08_L2SP_114034_20210620_20210629_02_T1,2021-06-20,851,31.46219654000002,30.634156780571455,28.160690209820917,27.210832149898383,0.4472032970228521,0.5317917694897256,0.7110267235786693,0.7587184760712714
AWS,LC08_L2SP_114034_20210620_20210629_02_T1,2021-06-20,579,31.709433320000016,31.654679894857164,30.5858091645361,29.539982597447935,0.4110113287805919,0.5528674058951287,0.7088702352425008,0.7492424343968926
AWS,LC08_L2SP_114034_20210620_20210629_02_T1,2021-06-20,678,,,27.134525757727292,27.394023377004455,,,0.8382868842389517,0.8449088873500888
AWS,LC08_L2SP_114034_20210620_20210629_02_T1,2021-06-20,802,30.911895320000024,30.42152338400002,28.535024455398652,28.80980986975117,0.4020804266506779,0.5115297705234433,0.7561236884940057,0.7547448785598728
AWS,LC08_L2SP_114034_20210620_20210629_02_T1,2021-06-20,835,36.42288290000001,35.9132398417143,34.24266173605506,31.785501193178312,0.3214864707397049,0.41501900416916576,0.518674701799233,0.5965921774715449
AWS,LC08_L2SP_114034_20210620_20210629_02_T1,2021-06-20,677,32.23125104,32.075486985714306,28.20234512185569,26.630679957669642,0.682194145677939,0.5909129275417514,0.7321451751079103,0.807188783253178
AWS,LC08_L2SP_114034_20210620_20210629_02_T1,2021-06-20,876,36.180203480000046,36.00992097885717,35.1312981030928,33.953932141465806,0.523148782334089,0.505376270974964,0.5012783322196226,0.5279984255533371
ASOS,LC08_L2SP_114034_20210807_20210811_02_T1,2021-08-07,272,40.09041836000002,40.69016693600002,41.67056533070969,41.329464911338924,0.5785058228442108,0.6594832119323875,0.5763049371749757,0.5887595368515159
ASOS,LC08_L2SP_114034_20210807_20210811_02_T1,2021-08-07,216,39.871665080000035,39.57891980514288,37.9195235650333,35.85685514132354,0.4225746395967889,0.3885016960993894,0.5043407731158839,0.6093277151712331
ASOS,LC08_L2SP_114034_20210807_20210811_02_T1,2021-08-07,217,,,,33.75355140783731,,,,0.710766479046462
ASOS,LC08_L2SP_114034_20210807_20210811_02_T1,2021-08-07,271,39.72582956000002,39.6005998177143,39.00511674721651,37.98789147929003,0.5777743775213163,0.5570492811143518,0.6563850663427787,0.7093817703769779
AWS,LC08_L2SP_114034_20210807_20210811_02_T1,2021-08-07,814,40.25448332,40.287231206857165,39.32827037463919,37.65004569310622,0.6004196364782654,0.7202986356024,0.6921032965871302,0.7308273434121123
AWS,LC08_L2SP_114034_20210807_20210811_02_T1,2021-08-07,581,37.857311960000025,37.501154276000015,34.87031746724037,33.223534658258636,0.6403704424787849,0.6304946372892648,0.7449121446201037,0.7845308270859546
AWS,LC08_L2SP_114034_20210807_20210811_02_T1,2021-08-07,817,34.95313430000002,35.33205673225809,35.61281910719514,,0.7295390884152105,0.7822793657115961,0.8014281870371601,
AWS,LC08_L2SP_114034_20210807_20210811_02_T1,2021-08-07,831,34.9075607,34.6862683194286,34.591351652222244,34.08068741568702,0.788974278151669,0.7954468729228721,0.8132676432643671,0.8474474478224904
AWS,LC08_L2SP_114034_20210807_20210811_02_T1,2021-08-07,674,37.442592200000036,36.6658878457143,34.05693082047906,,0.46681751526232057,0.5053127699059367,0.7565298440252094,
AWS,LC08_L2SP_114034_20210807_20210811_02_T1,2021-08-07,851,37.57019828,36.87902580714289,34.035859614883734,33.298845026377265,0.3302860996050478,0.5346139438956887,0.7750802887641445,0.8107312082501726
AWS,LC08_L2SP_114034_20210807_20210811_02_T1,2021-08-07,835,,,,36.18466321195991,,,,0.7214755865268971
AWS,LC08_L2SP_114034_20210807_20210811_02_T1,2021-08-07,876,,,38.412022614640904,38.0072214343143,,,0.5765273435576244,0.5624696784640442
AWS,LC08_L2SP_114034_20220810_20220818_02_T2,2022-08-10,563,,,,10.407063443607507,,,,0.04935207670260472
AWS,LC08_L2SP_114034_20220810_20220818_02_T2,2022-08-10,497,13.270354760000032,13.239169396571448,12.013616607214745,10.51593759575421,,,,0.015521978129993683
AWS,LC08_L2SP_114034_20220810_20220818_02_T2,2022-08-10,677,4.890509059999999,5.752826677142882,6.986227628218203,,0.0012233460158236275,0.0013485665386605932,0.001405621704988295,
ASOS,LC08_L2SP_114034_20220826_20220927_02_T1,2022-08-26,272,31.44054908000002,31.98241918400002,33.01012109113404,32.61460943088464,0.6269551242467503,0.7079973646136005,0.6099791141108261,0.6187504855815312
ASOS,LC08_L2SP_114034_20220826_20220927_02_T1,2022-08-26,216,,,37.023559224285734,30.615052113511275,,,0.3545320292824683,0.6131697251045072
ASOS,LC08_L2SP_114034_20220826_20220927_02_T1,2022-08-26,106,32.52178274000003,32.81885750685717,35.37590382989693,35.1151120188581,0.6999058905850992,0.675634892187259,0.5720419422547657,0.5399870992582152
ASOS,LC08_L2SP_114034_20220826_20220927_02_T1,2022-08-26,271,31.274205440000003,31.413270025142868,30.579615226804144,29.392569284185534,0.6130000165397912,0.5385853827553991,0.6515603073846268,0.6995340744178509
ASOS,LC08_L2SP_114034_20220826_20220927_02_T1,2022-08-26,130,,,31.344477484295318,31.453192559588807,,,0.5550411451635615,0.5626038683934989
AWS,LC08_L2SP_114034_20220826_20220927_02_T1,2022-08-26,837,32.267709920000016,32.07431509314287,31.332993034845376,32.06189318845121,0.6035146211273393,0.602695407571181,0.6969789418437357,0.65169648646802
AWS,LC08_L2SP_114034_20220826_20220927_02_T1,2022-08-26,529,31.171664840000005,32.00605235085716,32.86629409835053,31.554057417618115,0.7639395351107389,0.7146635164801671,0.645691644291264,0.7078288915355245
AWS,LC08_L2SP_114034_20220826_20220927_02_T1,2022-08-26,852,32.38164392000002,32.102245199428594,34.69769863311007,34.416630816299055,0.542157840688961,0.6059800902678927,0.43327945083711694,0.47732706818090476
AWS,LC08_L2SP_114034_20220826_20220927_02_T1,2022-08-26,310,30.763781120000033,30.932110466857154,31.08575046585716,30.27924186192773,0.5663618209177022,0.6749237734962814,0.6562008079319842,0.7100794837746637
AWS,LC08_L2SP_114034_20220826_20220927_02_T1,2022-08-26,817,,,22.488956964853955,22.147591011451635,,,0.8318001522121453,0.8409144176967887
AWS,LC08_L2SP_114034_20220826_20220927_02_T1,2022-08-26,831,25.732455680000026,25.58954989142859,25.23004197731961,25.019156725043555,0.8166098757371992,0.7685435040805028,0.814356551136179,0.8404481629032048
AWS,LC08_L2SP_114034_20220826_20220927_02_T1,2022-08-26,674,29.570892140000012,28.75942163942859,27.191411018573763,26.23204145413526,0.5913220117809866,0.4977189190334203,0.7163630202180521,0.7579383851949651
AWS,LC08_L2SP_114034_20220826_20220927_02_T1,2022-08-26,878,25.141138220000016,24.44568508400001,22.970875120394105,23.75545508723046,0.5658908665004282,0.687341261748752,0.846409807596902,0.861321403348941
AWS,LC08_L2SP_114034_20220826_20220927_02_T1,2022-08-26,579,28.749428000000005,28.79946130228573,27.707644476907234,26.77143485895835,0.5637665669742801,0.5758659618382206,0.7368048282453505,0.7760489177799368
AWS,LC08_L2SP_114034_20220826_20220927_02_T1,2022-08-26,835,32.247201800000006,32.012888390857164,31.252376365022954,29.634594486536603,0.5413189262438286,0.613250437351775,0.6795983833262583,0.7469484080692728
AWS,LC08_L2SP_114034_20220826_20220927_02_T1,2022-08-26,876,35.46469796,35.50503059600002,35.38476014288661,34.264982725342136,0.5872536577222128,0.5766171487020338,0.5381916551140424,0.568893193156553
AWS,LC08_L2SP_114034_20220826_20220927_02_T1,2022-08-26,696,32.21302160000001,32.02187290057145,30.161191632989713,29.023488669121193,0.7651514934652169,0.7786930297806144,0.7609018978153982,0.776301298606943
AWS,LC08_L2SP_114034_20220826_20220927_02_T1,2022-08-26,802,,,,28.211125775135155,,,,0.8273713020896274
AWS,LC08_L2SP_114034_20220826_20220927_02_T1,2022-08-26,851,33.18943598000002,32.33349866685716,30.084871514020634,29.94794511794692,0.5422391193757733,0.6521121518991235,0.7599211276543254,0.764361348012952
AWS,LC08_L2SP_114034_20220826_20220927_02_T1,2022-08-26,843,33.73517984,32.98868427200002,29.677666156427723,28.366012856995145,0.419849223113455,0.6655206706246596,0.7580886841779524,0.8074490985074774
AWS,LC08_L2SP_114034_20220826_20220927_02_T1,2022-08-26,814,30.203225840000016,30.207978515428593,30.226267131752596,29.217280401063984,0.6534712846503054,0.746367674254462,0.6785497577290132,0.7178464618270406
AWS,LC08_L2SP_114034_20220826_20220927_02_T1,2022-08-26,677,32.369111180000026,32.30625216457145,29.565600362229983,28.025713029500988,0.7849621823983308,0.7349508855316724,0.7818076697901362,0.8391405491573698
AWS,LC08_L2SP_114034_20220826_20220927_02_T1,2022-08-26,581,30.187275080000024,30.053972300000012,27.63438352256486,25.35838999248989,0.6338313029561715,0.6175936361621625,0.7210143809735373,0.7875958017165057
ASOS,LC08_L2SP_114034_20230728_20230805_02_T1,2023-07-28,272,36.06513014000003,36.504557301714314,37.609644501649505,37.93242688918921,0.6017029712143982,0.6020202982626343,0.5963740810255344,0.5868830661794008
ASOS,LC08_L2SP_114034_20230728_20230805_02_T1,2023-07-28,106,40.719334040000035,40.9110686857143,42.2158209759863,41.05094919769913,0.5874017269211018,0.6120383032393265,0.5523526313815521,0.5726654652710733
AWS,LC08_L2SP_114034_20230728_20230805_02_T1,2023-07-28,580,36.73848008000001,37.0288815697143,38.53075195092786,38.99397632128831,0.8210928495287276,0.8460642778618958,0.7087410776286512,0.6894994637439134
AWS,LC08_L2SP_114034_20230728_20230805_02_T1,2023-07-28,527,40.947202040000036,40.836543642500025,41.52687653028573,,0.7348364761845515,0.5533841489971724,0.5082973255058185,
AWS,LC08_L2SP_114034_20230728_20230805_02_T1,2023-07-28,563,,,,35.71020447041891,,,,0.76095660921109
AWS,LC08_L2SP_114034_20230728_20230805_02_T1,2023-07-28,878,34.65462722000001,33.31798608457145,31.464068033195893,30.98610216387079,0.55605456805362,0.6924047728028306,0.83590080441189,0.8667628755165944
AWS,LC08_L2SP_114034_20230728_20230805_02_T1,2023-07-28,674,36.959512040000014,36.43541564000001,35.390461519444464,,0.5272582329015928,0.512049971216684,0.6344442310355608,
AWS,LC08_L2SP_114034_20230728_20230805_02_T1,2023-07-28,579,,,,34.669767113871714,,,,0.7412111607563123
AWS,LC08_L2SP_114034_20230728_20230805_02_T1,2023-07-28,876,45.142251920000014,44.99071970000002,44.42734543443301,42.797772913020076,0.5414027524339908,0.5733773411326926,0.5361071432789477,0.5644827877964154
AWS,LC08_L2SP_114034_20230728_20230805_02_T1,2023-07-28,696,43.797830720000015,43.035514602285744,39.527764501855685,38.0255307977269,0.5915266154968398,0.6399874235029908,0.7345663999409774,0.7704119248278307
AWS,LC08_L2SP_114034_20230728_20230805_02_T1,2023-07-28,802,35.81675402000004,35.51277810800002,,,0.7181834809911445,0.7751398672516675,,
AWS,LC08_L2SP_114034_20230728_20230805_02_T1,2023-07-28,851,39.227937980000014,38.363178920000024,36.75233617711342,36.53712851723834,0.5932973998335208,0.6447968191132257,0.7444139634499266,0.7522058216908185
AWS,LC08_L2SP_114034_20230728_20230805_02_T1,2023-07-28,497,35.44646852000002,35.08930170628574,32.49298660824342,31.952894924256814,0.6646996077566202,0.6966963436033236,0.8367842203166438,0.859328369844293
AWS,LC08_L2SP_114034_20230728_20230805_02_T1,2023-07-28,814,36.771520940000016,36.85495318057145,37.72370567716705,,0.6732531509336309,0.7237702160246522,0.6329528781736257,
ASOS,LC08_L2SP_114034_20240612_20240628_02_T1,2024-06-12,272,38.989815920000034,39.37374094742861,40.65849093484538,40.42058526204983,0.5097853087688516,0.4600586651432925,0.4625686151390139,0.46699715377339285
ASOS,LC08_L2SP_114034_20240612_20240628_02_T1,2024-06-12,216,38.76308726000002,38.55839669085715,36.90955726659796,33.51886702432295,0.3699920750575889,0.3765057323334493,0.444816178744079,0.5678902200824811
ASOS,LC08_L2SP_114034_20240612_20240628_02_T1,2024-06-12,106,35.09099444000003,35.384032688000026,37.10189635533982,37.19984131417871,0.40907385676881763,0.47280446415090766,0.4558637169492922,0.459658446230139
ASOS,LC08_L2SP_114034_20240612_20240628_02_T1,2024-06-12,271,42.04780448,41.377774902285736,38.116877886597955,35.68170357789867,0.5054774905636741,0.3981867320428344,0.5295237436329615,0.6150673681874052
ASOS,LC08_L2SP_114034_20240612_20240628_02_T1,2024-06-12,217,34.834642940000016,34.42669411485716,30.61070901078127,27.693615476043576,0.40133656731306916,0.3609396783188466,0.5049293403066385,0.6364956350306894
AWS,LC08_L2SP_114034_20240612_20240628_02_T1,2024-06-12,837,38.34608882000001,38.208489100571455,37.41439059855672,38.243781111142304,0.5395711152008146,0.530809952490192,0.602672816433832,0.5475611929447208
AWS,LC08_L2SP_114034_20240612_20240628_02_T1,2024-06-12,831,29.677990100000006,29.284917800000013,28.78677172824744,28.234284209499016,0.7612610722284395,0.7464416491480206,0.7820672352720165,0.8229169775865212
AWS,LC08_L2SP_114034_20240612_20240628_02_T1,2024-06-12,529,38.284564460000034,39.024614618857164,39.21018620144332,37.26121729598055,0.35386184114723934,0.39641670831270825,0.44466311251200313,0.5878814954228329
AWS,LC08_L2SP_114034_20240612_20240628_02_T1,2024-06-12,563,,,,25.01923580607339,,,,0.7260834337492893
AWS,LC08_L2SP_114034_20240612_20240628_02_T1,2024-06-12,579,,,27.020921443551416,26.61216327969367,,,0.7282973846620282,0.714166500427046
AWS,LC08_L2SP_114034_20240612_20240628_02_T1,2024-06-12,678,,,26.29210130127323,26.128222394641643,,,0.8092380318878217,0.8240538740021985
AWS,LC08_L2SP_114034_20240612_20240628_02_T1,2024-06-12,835,39.22224128000001,38.203313241714305,36.60069572178901,34.87429547132793,0.316189045951089,0.42894370626794626,0.472023473226124,0.5285345415451598
AWS,LC08_L2SP_114034_20240612_20240628_02_T1,2024-06-12,696,43.6121183,42.281206417142876,36.51911993505156,34.852337121786455,0.43521662683834283,0.42334073850149767,0.6397196346370423,0.6927771678299608
AWS,LC08_L2SP_114034_20240612_20240628_02_T1,2024-06-12,802,35.99904842000003,35.787017246000026,35.26614914902052,35.69469966174276,0.3836249252049138,0.44737281961167835,0.7274749406636722,0.7369264859642977
AWS,LC08_L2SP_114034_20240612_20240628_02_T1,2024-06-12,851,38.88613598000003,38.122354996571445,36.06014601690723,35.861679504174084,0.4367379210865718,0.49952428575356883,0.6398337804242737,0.6748868979213204
AWS,LC08_L2SP_114034_20240612_20240628_02_T1,2024-06-12,843,40.14168866,39.22373869828573,36.18087905462942,34.527559130790266,0.3345477204837623,0.5793730214902006,0.6385274107928389,0.7319863386359226
AWS,LC08_L2SP_114034_20240612_20240628_02_T1,2024-06-12,581,35.36557538000002,34.65863118628573,31.715043884329912,28.117569998341118,0.39432610624017067,0.4302283386929782,0.6088009209234364,0.7051611322266402
AWS,LC08_L2SP_114034_20240612_20240628_02_T1,2024-06-12,530,30.78542858000003,30.006217677714307,29.414479998509957,28.484300284074294,0.48380232283380015,0.5982376223403562,0.7239946594330455,0.7664958875978994
AWS,LC08_L2SP_114034_20240612_20240628_02_T1,2024-06-12,497,27.057508100000025,26.784001394857164,24.55671293259656,23.641022850987113,0.6274245486356405,0.6652187517144732,0.7803282491023957,0.8054430144714543
AWS,LC08_L2SP_114034_20240612_20240628_02_T1,2024-06-12,677,36.63480014000002,36.23746345314287,30.976939496701053,28.959751860125984,0.7062956496299128,0.5580414770907671,0.7073499209374198,0.7771573811633229
AWS,LC08_L2SP_114034_20240612_20240628_02_T1,2024-06-12,876,41.463323060000015,41.40765816285717,40.636831729072185,39.16177243223592,0.4868772916982804,0.520158938148201,0.4765142406355573,0.5048062506810717
AWS,LC08_L2SP_114034_20240612_20240628_02_T1,2024-06-12,580,32.675593640000024,32.06249850971431,33.45466336927837,33.1912019080733,0.576503348083833,0.7326768709568487,0.5883755357216734,0.5698372388642543
AWS,LC08_L2SP_114034_20240612_20240628_02_T1,2024-06-12,527,36.037785980000024,35.648587436000014,30.87343965855672,28.159597585823093,0.36379077462959897,0.3301186127174177,0.5812038437922832,0.6800828895834353
AWS,LC08_L2SP_114034_20240612_20240628_02_T1,2024-06-12,310,33.15411644000002,33.40481052758623,32.451247236363656,32.17746451630727,0.4930794771856149,0.5913404996039415,0.6926289951890362,0.6938735299781568
AWS,LC08_L2SP_114034_20240612_20240628_02_T1,2024-06-12,817,33.54035270000001,33.977175656000014,33.83514028515466,32.444608682359025,0.7633148200065255,0.7021522198863867,0.729385303600024,0.8051834256777205
AWS,LC08_L2SP_114034_20240612_20240628_02_T1,2024-06-12,878,30.00498068,29.07397713714287,27.359210030309296,27.215762197675375,0.5345086488555212,0.6583949251811831,0.7939739966535786,0.8347624334936053
AWS,LC08_L2SP_114034_20240612_20240628_02_T1,2024-06-12,814,40.130295260000004,40.246312624571445,37.83956018144332,35.10409244659607,0.4431748491189024,0.5345092811865526,0.5407451846702335,0.6295665955818133
ASOS,LC08_L2SP_114034_20240628_20240709_02_T1,2024-06-28,272,35.60939414000003,35.71802207085717,36.34845385051548,35.64200709360883,0.5542117884056547,0.5355487980784809,0.5296751390364063,0.5141940760466879
ASOS,LC08_L2SP_114034_20240628_20240709_02_T1,2024-06-28,106,31.19217296000001,30.805936700000018,30.99340272750371,30.673488794755535,0.42974315925608847,0.5035200308957487,0.5044437254283457,0.4966856066008171
ASOS,LC08_L2SP_114034_20240628_20240709_02_T1,2024-06-28,271,,,32.35932682005573,32.23443570120484,,,0.537141699753853,0.5719475765488788
ASOS,LC08_L2SP_114034_20240628_20240709_02_T1,2024-06-28,130,32.176562720000014,32.38734062000002,32.39594164913297,32.17205495480002,0.691516294410798,0.6556360958141616,0.5453443525768542,0.5267476019472942
AWS,LC08_L2SP_114034_20240628_20240709_02_T1,2024-06-28,831,25.024925540000027,24.98107932645162,25.414896012981668,24.81262978424769,0.7496055433593888,0.7658179942227147,0.7974785170769101,0.8409966128220389
AWS,LC08_L2SP_114034_20240628_20240709_02_T1,2024-06-28,529,35.38380482000002,36.16304827485716,35.742955860909106,33.10873810753956,0.5463945682394382,0.5659997037709101,0.5538646604844937,0.6440640816704609
AWS,LC08_L2SP_114034_20240628_20240709_02_T1,2024-06-28,678,,,29.732408898709693,29.842995534780574,,,0.846117838870761,0.8551257759864492
AWS,LC08_L2SP_114034_20240628_20240709_02_T1,2024-06-28,835,37.11560162000004,36.66383703371431,35.47843682889657,33.726757153484506,0.3425989082798682,0.4731433385615771,0.5500147308116127,0.6230853355585457
AWS,LC08_L2SP_114034_20240628_20240709_02_T1,2024-06-28,802,33.26007506000004,32.82974634200003,31.611919830660607,31.693098754682048,0.4273472391699554,0.513111876078422,0.7684950353523148,0.7729539135651989
AWS,LC08_L2SP_114034_20240628_20240709_02_T1,2024-06-28,851,35.81561467999999,35.26869892742859,32.814115458556714,32.42217872116807,0.42249260327090776,0.5425468414952516,0.6957858412995203,0.7246913826108634
AWS,LC08_L2SP_114034_20240628_20240709_02_T1,2024-06-28,843,37.958713220000014,37.3843556497143,34.37875308751826,32.83170953527003,0.3334013121674649,0.597594409560779,0.6667313215859614,0.7570543596113896
AWS,LC08_L2SP_114034_20240628_20240709_02_T1,2024-06-28,530,30.81505142000003,30.057878608571446,29.307277836907232,28.634500450661356,0.4414661236189609,0.5838909392657614,0.7544219036981702,0.7822852860227333
AWS,LC08_L2SP_114034_20240628_20240709_02_T1,2024-06-28,677,35.58774668000003,35.57641838514288,31.69885373428573,30.037054987762946,0.7589740016761813,0.6166754465996487,0.7476229887819545,0.8150614844608436
AWS,LC08_L2SP_114034_20240628_20240709_02_T1,2024-06-28,852,31.742474180000006,31.561319120000014,34.05483044115386,33.67503878463579,0.5187207931092318,0.5586642569475782,0.3803557484030504,0.43192661700125057
AWS,LC08_L2SP_114034_20240628_20240709_02_T1,2024-06-28,876,31.322057720000014,31.40262533428574,31.565551513608266,30.79923667625539,0.4516524332761575,0.5327909293933932,0.4850840312190865,0.5205911351504816
AWS,LC08_L2SP_114034_20240628_20240709_02_T1,2024-06-28,580,29.207442680000042,29.48443251028574,31.032876783917544,31.127175782084187,0.67893041470754,0.8051812638188616,0.6582099842576917,0.629136278598265
AWS,LC08_L2SP_114034_20240628_20240709_02_T1,2024-06-28,527,36.945839960000036,36.66159090628574,33.8372153717526,31.72813669673635,0.4184472218491193,0.3507347603036329,0.6121344920722047,0.7165881854349797
AWS,LC08_L2SP_114034_20240628_20240709_02_T1,2024-06-28,817,32.348603060000016,32.66631615714288,32.18670715278353,31.058413204523355,0.7242233692138876,0.7512369916498943,0.7850564682361159,0.8362154204412635
AWS,LC08_L2SP_114034_20240815_20240822_02_T1,2024-08-15,831,32.91485504000002,32.74297746285716,31.946627463917547,31.205254005336407,0.7878176110636929,0.7836333263876326,0.8187106297489893,0.853885166544995
AWS,LC08_L2SP_114034_20240815_20240822_02_T1,2024-08-15,529,39.09805322000002,40.51731278171431,41.34207535855672,39.21152581564181,0.7869540289386752,0.6700821195190058,0.5965159989372929,0.6716650643772197
AWS,LC08_L2SP_114034_20240815_20240822_02_T1,2024-08-15,674,37.75363202000002,37.3515426577143,35.6793795305997,34.09392745587383,0.5659891973871772,0.5198137478023579,0.6729682699916457,0.7454712743703226
AWS,LC08_L2SP_114034_20240815_20240822_02_T1,2024-08-15,581,41.67979766000002,41.01628747454547,38.4772025997138,34.50955630132745,0.6057192561592821,0.5825429321590897,0.6989178402732685,0.795274947569842
AWS,LC08_L2SP_114034_20240815_20240822_02_T1,2024-08-15,876,44.425607060000004,44.22137222685715,43.48051474185569,41.74636589484372,0.5555110678319607,0.565436625439873,0.5229400418860846,0.5561793444746396
AWS,LC08_L2SP_114034_20240815_20240822_02_T1,2024-08-15,580,36.051458059999995,35.95025211542858,37.924975444123724,38.08797892259484,0.8259627844699402,0.8553910124457308,0.71450066223763,0.6953097848496234
AWS,LC08_L2SP_114034_20240815_20240822_02_T1,2024-08-15,878,,,,29.33393021087593,,,,0.8407224279337568
AWS,LC08_L2SP_114034_20240815_20240822_02_T1,2024-08-15,814,38.17689683000003,38.73591400100001,39.207955155705285,37.18878935560027,0.6361766470454304,0.6747961477766122,0.6211345195198821,0.6769459932817415
ASOS,LC08_L2SP_114035_20200820_20200905_02_T1,2020-08-20,138,42.16971386000002,42.81451519485715,42.81876953722135,42.95252895338704,0.7019306334949192,0.486227599815188,0.27687801466019063,0.26363081125619603
ASOS,LC08_L2SP_114035_20200820_20200905_02_T1,2020-08-20,277,35.61964820000001,36.29488618914287,38.53354744494847,37.47456357882111,0.738908381991506,0.7312135232696634,0.601496051944212,0.6183648127962827
ASOS,LC08_L2SP_114035_20200820_20200905_02_T1,2020-08-20,281,,44.55577665500002,41.8914352438182,40.52898376315219,,0.48241305011978347,0.4769947749151844,0.5425932880136719
ASOS,LC08_L2SP_114035_20200820_20200905_02_T1,2020-08-20,272,36.935585900000014,37.2578889097143,37.779641077113425,37.35884076156887,0.5669227878588949,0.5651315609611164,0.5984002892988766,0.6129330005938992
ASOS,LC08_L2SP_114035_20200820_20200905_02_T1,2020-08-20,288,45.13085852000004,44.72050080457145,43.09586421839417,43.296172607944726,0.47405020125038594,0.42698292348739275,0.4687627111091309,0.4307848697007941
ASOS,LC08_L2SP_114035_20200820_20200905_02_T1,2020-08-20,279,41.749297400000025,41.93725594742859,39.79229106000002,38.89405372164417,0.5297209993050911,0.39042452429508234,0.490386104549832,0.5447574571301927
ASOS,LC08_L2SP_114035_20200820_20200905_02_T1,2020-08-20,278,43.503881000000014,42.93502481428573,39.14259080587668,39.33419265739214,0.3499108545439216,0.39790290656165145,0.5545508887630102,0.5648341970340703
ASOS,LC08_L2SP_114035_20200820_20200905_02_T1,2020-08-20,285,,,42.716579117637814,40.55442114914745,,,0.4140679939039839,0.48697147335282287
ASOS,LC08_L2SP_114035_20200820_20200905_02_T1,2020-08-20,136,42.20503340000002,42.525643676000016,41.06550312325867,40.243385791475696,0.5313324207999259,0.3480080970447705,0.47880471392191726,0.51905500957424
ASOS,LC08_L2SP_114035_20200820_20200905_02_T1,2020-08-20,271,37.30587140000002,37.07185096400003,35.85639991979383,34.91725780584824,0.5766096392315506,0.48637399987707103,0.6461736009989906,0.6884295295448414
ASOS,LC08_L2SP_114035_20200820_20200905_02_T1,2020-08-20,253,41.520290060000036,42.07964089485715,46.07938060391755,45.22499261191638,0.7504694177187407,0.7001307920547107,0.3771809244204656,0.4117676000890956
ASOS,LC08_L2SP_114035_20200820_20200905_02_T1,2020-08-20,257,43.49818429999999,43.485911980571444,45.54830896516375,45.7909394048605,0.6401672141728364,0.6086172093109911,0.4513920392305779,0.4304304275991149
ASOS,LC08_L2SP_114035_20200820_20200905_02_T1,2020-08-20,283,40.5871706,40.13068589085716,37.06509487768423,37.12123240504486,0.47341518362850676,0.4758555326726209,0.6714402031921378,0.7053910251278341
ASOS,LC08_L2SP_114035_20200820_20200905_02_T1,2020-08-20,276,39.54353516000003,38.24120443485716,35.790697166233784,34.618033426838466,0.3538558254762276,0.5995133595805842,0.7385596896207935,0.7604747076509356
ASOS,LC08_L2SP_114035_20200820_20200905_02_T1,2020-08-20,143,44.13621470000002,43.74558384285716,44.30220918741938,45.02524645868789,0.4284438784302435,0.41027847768103837,0.4267193495349763,0.39686811038344816
ASOS,LC08_L2SP_114035_20200820_20200905_02_T1,2020-08-20,152,42.21984482000001,42.2023966417143,39.32460569340208,39.16180705625722,0.4677143179065615,0.5345107588099531,0.6818967185365215,0.6713852595894624
AWS,LC08_L2SP_114035_20200820_20200905_02_T1,2020-08-20,859,31.584105920000013,31.653019713714315,31.596838338144348,31.277325007065574,0.8852673134790799,0.8603554791438078,0.8753448050773435,0.872442994844502
AWS,LC08_L2SP_114035_20200820_20200905_02_T1,2020-08-20,853,34.84831502000003,33.574142269142875,30.19827695422682,30.175906469533373,0.46298678697985524,0.7223715946966115,0.862529202944975,0.8637470810709251
AWS,LC08_L2SP_114035_20200820_20200905_02_T1,2020-08-20,919,39.85685366000001,40.1851788954286,37.89366121278352,38.32043165298026,0.6441325351062259,0.5352804403447108,0.6814487757257269,0.6669163250043141
AWS,LC08_L2SP_114035_20200820_20200905_02_T1,2020-08-20,928,45.92156048000002,45.99161361371431,44.25991335278352,41.436607524029995,0.24667442912122484,0.2954039072013026,0.38533987189812935,0.5215994121054037
AWS,LC08_L2SP_114035_20200820_20200905_02_T1,2020-08-20,673,39.64379708000001,39.41182745600002,40.26070074927837,38.57023480203838,0.6275973979428384,0.6052740605288357,0.5386530223301239,0.6310936384857703
AWS,LC08_L2SP_114035_20200820_20200905_02_T1,2020-08-20,813,38.67194006000002,39.108209622285734,39.1756689337602,39.3610171117778,0.7469295103913526,0.7508575114015142,0.7149200438616207,0.6852830228259058
AWS,LC08_L2SP_114035_20200820_20200905_02_T1,2020-08-20,937,37.88123810000002,39.04473210800003,38.084596586597954,36.917265351986266,0.6306113597132413,0.5761306950013358,0.5710444340836627,0.6087793716691974
AWS,LC08_L2SP_114035_20200820_20200905_02_T1,2020-08-20,837,37.16801125999999,36.98005271257144,36.38781002123714,37.509576128542825,0.5680447791617699,0.6009403716105828,0.7065568881105936,0.6377257087433568
AWS,LC08_L2SP_114035_20200820_20200905_02_T1,2020-08-20,954,36.381866660000036,36.95485702228573,40.941305092363656,42.87294094316149,0.7701849077223025,0.734227122257508,0.47055408674518234,0.2890085656469053
AWS,LC08_L2SP_114035_20200820_20200905_02_T1,2020-08-20,816,34.70247950000004,35.18715473600002,36.89770284500002,35.45816169716395,0.7222256418423099,0.7979929233752205,0.6487179010289945,0.7262594159719918
AWS,LC08_L2SP_114035_20200820_20200905_02_T1,2020-08-20,312,37.868705360000014,37.47068506914288,33.50588668618559,31.843320937280296,0.56914565950355,0.576796747024316,0.761393158916192,0.8176809091958696
AWS,LC08_L2SP_114035_20200820_20200905_02_T1,2020-08-20,829,39.43074050000001,39.97052723942859,39.37574678989692,37.80832919784258,0.6898843563671736,0.6740040547101572,0.5972364931278631,0.6762700839526533
AWS,LC08_L2SP_114035_20200820_20200905_02_T1,2020-08-20,944,40.576916540000035,40.8236650314286,39.57489522478776,37.749697865253026,0.4813219158026057,0.5148294308418372,0.565881440233201,0.6234331988442614
AWS,LC08_L2SP_114035_20200820_20200905_02_T1,2020-08-20,820,38.01226220000001,37.022045529714305,35.167917952707334,34.65933669618282,0.5838070572460864,0.6262207856893688,0.6984880990699179,0.7374868761690911
AWS,LC08_L2SP_114035_20200820_20200905_02_T1,2020-08-20,814,37.375371140000006,37.3330853497143,36.708672800344445,35.573915465954116,0.5712352907464631,0.692376239767391,0.6670486231163281,0.7099863330934639
AWS,LC08_L2SP_114035_20200820_20200905_02_T1,2020-08-20,808,44.59195070000002,43.936211701142874,42.30669111660518,40.63335811621361,0.6327512866338013,0.47788944719555543,0.42148664161431393,0.5423117547721084
AWS,LC08_L2SP_114035_20200820_20200905_02_T1,2020-08-20,840,39.87736178000002,39.80587633314288,43.57293048536084,42.38574263130437,0.6678047418957366,0.629934914944906,0.40489423914116685,0.4141271730527845
AWS,LC08_L2SP_114035_20200820_20200905_02_T1,2020-08-20,827,46.389829220000045,45.7121290727273,43.11499106462994,44.493838229305574,0.4023857719513771,0.3966441409819472,0.4831117987493273,0.3926016058233934
AWS,LC08_L2SP_114035_20200820_20200905_02_T1,2020-08-20,803,36.452505740000014,36.15406376514287,35.354949370515484,34.3912613863359,0.7017158991039532,0.6240771155799656,0.7012956151198476,0.7530291144743356
AWS,LC08_L2SP_114035_20200820_20200905_02_T1,2020-08-20,927,38.79954614000004,39.141120272000016,40.47823638412373,38.17962105465598,0.679656090219106,0.7245591312537297,0.6438671391003253,0.7045599093966531
AWS,LC08_L2SP_114035_20200820_20200905_02_T1,2020-08-20,949,43.101693980000015,42.2941090727273,40.41758111638062,38.86677334862387,0.32060482657903694,0.2693275324864115,0.3971093420536605,0.5427997275116242
AWS,LC08_L2SP_114035_20200820_20200905_02_T1,2020-08-20,850,39.27123290000001,39.06480520727275,36.06813848242555,34.38126067062737,0.4504889670041368,0.33065694447147764,0.6140772781115754,0.7425443782974862
AWS,LC08_L2SP_114035_20200820_20200905_02_T1,2020-08-20,812,38.64459590000001,38.17841052457146,34.29009323360827,33.3947644229774,0.5426328633657262,0.5537617360470583,0.7667024704517023,0.799558793992978
AWS,LC08_L2SP_114035_20200820_20200905_02_T1,2020-08-20,830,39.2427494,39.831560312,38.12740601463919,37.99129873541371,0.7488197239697457,0.6407502252318577,0.6702647350818547,0.6917882240764188
AWS,LC08_L2SP_114035_20200820_20200905_02_T1,2020-08-20,905,43.47881552000001,43.31755008114287,40.17702386103094,37.6992835775494,0.3756977820514893,0.4636857654352277,0.6341680596628854,0.7398683342610212
AWS,LC08_L2SP_114035_20200820_20200905_02_T1,2020-08-20,854,,,,34.42701466856486,,,,0.8259407463193689
AWS,LC08_L2SP_114035_20200820_20200905_02_T1,2020-08-20,925,41.57839640000001,42.05307799657145,41.03896303472834,38.71560579724553,0.58362192916513,0.6221223105007612,0.5795649894016476,0.6232006285243156
AWS,LC08_L2SP_114035_20200820_20200905_02_T1,2020-08-20,922,38.624087780000046,38.99326649257144,36.11186158436197,33.82208785150927,0.654322860989213,0.7047242737475902,0.741894003380774,0.8129355825993989
AWS,LC08_L2SP_114035_20200820_20200905_02_T1,2020-08-20,842,32.927387780000025,32.86163158571431,34.58719865134022,33.48061710053824,0.8112888256044939,0.8328764557998344,0.7459180701035416,0.799492381604664
AWS,LC08_L2SP_114035_20200820_20200905_02_T1,2020-08-20,805,34.68766808,35.3157699457143,34.8180892303093,32.96131975848843,0.7794342821710322,0.8130034923794391,0.7937321764391428,0.8437088949495681
AWS,LC08_L2SP_114035_20200820_20200905_02_T1,2020-08-20,900,37.78439420000001,38.29794356685716,36.676626838350536,36.72470790294576,0.8129500455006934,0.722865000599999,0.7601076893073632,0.7627780753443149
AWS,LC08_L2SP_114035_20200820_20200905_02_T1,2020-08-20,940,39.32933924,38.91738644857145,38.4867405387629,40.45852792609221,0.6450145569018929,0.6417453146749121,0.6282994736856056,0.4614872961430485
AWS,LC08_L2SP_114035_20200820_20200905_02_T1,2020-08-20,935,37.40955134000001,36.630731068571436,35.35614311667466,34.82001687681699,0.41750019100343766,0.6396287886082644,0.6136118409711373,0.6949524509547184
AWS,LC08_L2SP_114035_20200820_20200905_02_T1,2020-08-20,801,36.64733288,36.621258270285736,34.68273429240859,33.8084342495954,0.745936623709302,0.753397923288261,0.7442310410000433,0.7915237211900342
AWS,LC08_L2SP_114035_20200820_20200905_02_T1,2020-08-20,802,33.00714158000002,32.54969657000002,31.969005596628726,32.50299938124425,0.5836433729489543,0.7832085696399387,0.8486217716883412,0.8362114128957987
AWS,LC08_L2SP_114035_20200820_20200905_02_T1,2020-08-20,815,40.184983580000015,39.56817745657143,37.936632101176485,37.076642058912924,0.3802603362375541,0.3882363777186567,0.5633855681481711,0.622593214969749
AWS,LC08_L2SP_114035_20200820_20200905_02_T1,2020-08-20,817,33.58022960000002,33.98020304514288,34.15819603113404,32.922821287014045,0.7755472105631348,0.7907207514692564,0.8042342952778738,0.8503477095526718
AWS,LC08_L2SP_114035_20200820_20200905_02_T1,2020-08-20,825,40.19865566000001,39.688687076000015,37.348821777319614,37.5883021414429,0.49764249372970704,0.495659087325913,0.6555270064922903,0.6700615628371183
AWS,LC08_L2SP_114035_20200820_20200905_02_T1,2020-08-20,844,39.45124862,39.005376049142875,36.3775993613303,34.644262326693706,0.5509877279076475,0.5637848934558978,0.6788149700778495,0.7546843244376983
AWS,LC08_L2SP_114035_20200820_20200905_02_T1,2020-08-20,847,40.06307420000004,39.21953941657144,35.21497427579312,34.19293846281862,0.5738621273150758,0.5610606690121268,0.7200871428764322,0.7736580122405378
AWS,LC08_L2SP_114035_20200820_20200905_02_T1,2020-08-20,941,43.5209711,43.80369018285715,42.85649834975267,43.256436421108276,0.3358825937340217,0.35123076115830787,0.38668825904406695,0.36308780436964166
AWS,LC08_L2SP_114035_20200820_20200905_02_T1,2020-08-20,845,44.17381292000001,43.812577034857156,41.86339148448103,41.66251459851572,0.4824547900071036,0.5614093271316696,0.4672541379583675,0.5140221731766951
AWS,LC08_L2SP_114035_20200820_20200905_02_T1,2020-08-20,843,38.622948439999995,37.95623922457143,34.434179465929546,33.18520986226343,0.4211336443439182,0.6503319557519256,0.7542831112787685,0.8107178081405101
AWS,LC08_L2SP_114035_20200820_20200905_02_T1,2020-08-20,943,36.57327578000002,35.708158641714306,34.059217465583146,33.357282227826104,0.7403165526820139,0.7552706395146085,0.8242498041040295,0.8613614300200693
AWS,LC08_L2SP_114035_20200820_20200905_02_T1,2020-08-20,846,43.198537880000025,42.60875039085716,44.814816830519334,44.54741130021958,0.7834661765171518,0.6798454352371288,0.47435216984141865,0.4440294443950163
AWS,LC08_L2SP_114035_20200820_20200905_02_T1,2020-08-20,848,43.62123302,42.40630594914287,37.16342365203542,36.20910914616073,0.29045934069906415,0.38485879240024135,0.6983736849037859,0.7416024273417254
AWS,LC08_L2SP_114035_20200820_20200905_02_T1,2020-08-20,807,,,,34.85957598229186,,,,0.7676095326411602
AWS,LC08_L2SP_114035_20200820_20200905_02_T1,2020-08-20,828,41.00758706000003,40.0107622177143,37.09599908953806,35.57423253815172,0.5149934978102338,0.6002846957854131,0.6209566367742414,0.7020200602557187
AWS,LC08_L2SP_114035_20200820_20200905_02_T1,2020-08-20,810,43.568823380000005,42.66340166827588,41.04777841784002,40.59995826414302,0.35378932311090816,0.48459387135890136,0.479336524461351,0.5366009581369193
AWS,LC08_L2SP_114035_20200820_20200905_02_T1,2020-08-20,826,41.31406952000001,41.0956417657143,40.40614242401839,39.521432420910934,0.3953426736207731,0.4506711903872563,0.5295174253698729,0.5733944213945678
AWS,LC08_L2SP_114035_20200820_20200905_02_T1,2020-08-20,811,41.88943621999999,42.096828652571446,43.51901347113403,42.0220281639719,0.5914592292595314,0.6178656157676974,0.42475783998048433,0.4615600847336669
AWS,LC08_L2SP_114035_20200820_20200905_02_T1,2020-08-20,972,38.84853776,39.46697151200002,,35.58324967908058,0.4995218628224438,0.5008084067689373,,0.6438521225245929
AWS,LC08_L2SP_114035_20200820_20200905_02_T1,2020-08-20,836,34.71843026000001,34.98514975400001,34.97158095230218,33.05892687917468,0.6208473032203475,0.6356380075053915,0.6637821579225025,0.7618445619372775
AWS,LC08_L2SP_114035_20200820_20200905_02_T1,2020-08-20,841,39.26211818000004,39.231746630857174,37.29459937298971,36.11956298943301,0.6260808869294782,0.6683494584829173,0.7282828689370675,0.7593181978698283
AWS,LC08_L2SP_114035_20200820_20200905_02_T1,2020-08-20,824,36.86266814000002,36.59420708342858,36.136162095862076,35.735926023127206,0.720494081151407,0.6957890846864728,0.6954195580036733,0.7247520719785094
AWS,LC08_L2SP_114035_20200820_20200905_02_T1,2020-08-20,819,38.01340154000002,37.08894106400002,34.085430966185584,32.85097632668768,0.5425846976017489,0.6627999494015036,0.7558260515794158,0.8037597338630322
AWS,LC08_L2SP_114035_20200820_20200905_02_T1,2020-08-20,839,42.68469554000003,42.47437337600002,39.66637781500586,36.95147431626522,0.26049768777093973,0.3280686369292051,0.5335014295312276,0.670998793868307
AWS,LC08_L2SP_114035_20200820_20200905_02_T1,2020-08-20,915,36.45934178000001,35.96597500742859,35.52699147260622,34.55782068147404,0.6151084898766469,0.7022684351950869,0.7363945435498422,0.7756762709730328
AWS,LC08_L2SP_114035_20200820_20200905_02_T1,2020-08-20,823,36.45022706000003,37.03327616685717,37.17092860117649,36.19510103004313,0.6016209342827955,0.5612973185507485,0.5889756660306983,0.6721360520694374
AWS,LC08_L2SP_114035_20200820_20200905_02_T1,2020-08-20,860,45.5489963,46.1262836017143,47.434893867420506,46.9871256563547,0.29629401419365664,0.2732680446306145,0.291718415556597,0.2926352561663288
AWS,LC08_L2SP_114035_20200820_20200905_02_T1,2020-08-20,939,41.896272260000025,42.30741863545457,43.12987688817024,41.783349302227684,0.7208360438716443,0.6943912986677425,0.5820771868493758,0.5897970668181911
AWS,LC08_L2SP_114035_20200820_20200905_02_T1,2020-08-20,832,41.51345402000004,40.93147914800002,38.533708481988455,38.11670790371252,0.4482778994315914,0.5153596365711999,0.6345916090566541,0.6623843198079735
ASOS,LC08_L2SP_114035_20210807_20210811_02_T1,2021-08-07,281,,49.53651539900002,46.65983726354548,44.980232034316565,,0.47760467321797206,0.46041508899539557,0.5253028583702369
ASOS,LC08_L2SP_114035_20210807_20210811_02_T1,2021-08-07,272,40.07674628000001,40.68909270114287,41.95594713161878,41.53299911052757,0.5822775833238006,0.6605481163731287,0.5759008284071738,0.5853383784286116
ASOS,LC08_L2SP_114035_20210807_20210811_02_T1,2021-08-07,136,44.847162860000026,44.95722310400002,43.633013934826906,42.530641367897786,0.41299598888916306,0.2894206903200364,0.473306033845267,0.5163196891780651
ASOS,LC08_L2SP_114035_20210807_20210811_02_T1,2021-08-07,257,41.529404780000014,41.27533196000001,42.008544911633486,41.45818581522761,0.5822452604473852,0.5513157365665147,0.4542658613244539,0.4658309738835984
ASOS,LC08_L2SP_114035_20210807_20210811_02_T1,2021-08-07,152,41.56244564000002,41.014878836000015,38.14260896041239,37.950782603956284,0.446178376632898,0.512077253649043,0.6625601189534399,0.6521362389139178
ASOS,LC08_L2SP_114035_20210807_20210811_02_T1,2021-08-07,276,44.07469034000002,43.26735401600001,41.156063594275636,39.96637296518263,0.4219177555676688,0.6322504251096632,0.7153621012771094,0.7379146979222837
ASOS,LC08_L2SP_114035_20210807_20210811_02_T1,2021-08-07,271,39.75317372000003,39.616127394285726,39.0024191346392,38.10861937113449,0.582626545182525,0.5662072932411122,0.6621457818144554,0.705008390092233
AWS,LC08_L2SP_114035_20210807_20210811_02_T1,2021-08-07,919,43.085743220000005,43.4301494257143,40.82854232391754,41.27780987742515,0.4906708808673617,0.4972161157797507,0.6445888438570193,0.6364763346267325
AWS,LC08_L2SP_114035_20210807_20210811_02_T1,2021-08-07,820,38.29253984000004,37.398027729714315,35.936014191644354,35.76484207738977,0.6279765737294424,0.6473948336428851,0.7287689179771368,0.7498199537621505
AWS,LC08_L2SP_114035_20210807_20210811_02_T1,2021-08-07,814,40.25448332,40.28918436114288,39.34009445298971,37.69728845734802,0.6103294795998238,0.7235239621023397,0.6931067331896228,0.730413913861721
AWS,LC08_L2SP_114035_20210807_20210811_02_T1,2021-08-07,812,43.895813960000034,42.18003302514287,37.32944125154641,36.50949850806758,0.4934630449854181,0.5253362680576998,0.7720930036724118,0.797914884073961
AWS,LC08_L2SP_114035_20210807_20210811_02_T1,2021-08-07,801,43.99835456000002,43.8492963354286,40.54476574703926,39.391842627539106,0.6215393209892808,0.695696834757344,0.7114709650311166,0.772440518505728
AWS,LC08_L2SP_114035_20210807_20210811_02_T1,2021-08-07,817,34.95883100000001,35.34032613548389,35.480456210827604,,0.7370690833741493,0.7879096929438953,0.8095103087787009,
AWS,LC08_L2SP_114035_20210807_20210811_02_T1,2021-08-07,828,40.88909570000002,40.2117417937143,38.42809814268294,37.52960469046965,0.6108828851620342,0.6871114436074109,0.7228840009424388,0.7500924992967225
AWS,LC08_L2SP_114035_20210807_20210811_02_T1,2021-08-07,807,,,,35.77864201534812,,,,0.7625053038034416
AWS,LC08_L2SP_114035_20210807_20210811_02_T1,2021-08-07,972,38.328998720000016,39.13177768400002,,36.21372566167496,0.291400513402185,0.4206384245712498,,0.7031507682652604
AWS,LC08_L2SP_114035_20210807_20210811_02_T1,2021-08-07,819,41.91336236000003,41.18997911771431,37.91564538494848,36.53299507154883,0.4348775704988237,0.5822056367126315,0.730588591421686,0.7772420039767061
AWS,LC08_L2SP_114035_20210807_20210811_02_T1,2021-08-07,839,47.20901468000002,46.72062845085716,43.39615375337211,40.722274434212714,0.23500336268487243,0.33224256264413266,0.5347838603145567,0.6651608540612679
AWS,LC08_L2SP_114035_20210807_20210811_02_T1,2021-08-07,805,38.07606524000005,39.020293265000014,38.9585724487103,36.415185482305645,0.7786159413800552,0.7930444983154687,0.7541454510507428,0.8173062710471615
AWS,LC08_L2SP_114035_20210807_20210811_02_T1,2021-08-07,935,42.032993060000024,41.53197643314288,39.599306257021304,39.03048782465186,0.3100293578651398,0.5719138278174428,0.6585590447725854,0.7178322248256871
AWS,LC08_L2SP_114035_20210807_20210811_02_T1,2021-08-07,944,46.380714500000046,46.05528644342859,43.578364849257966,41.01494990837211,0.44265667215929155,0.43285555410663473,0.567813832049547,0.6407994757629792
AWS,LC08_L2SP_114035_20210807_20210811_02_T1,2021-08-07,915,34.79818406000002,34.69564346000003,35.16156696061857,34.67688789477243,0.6276686522031923,0.6852286713325603,0.7332597269481798,0.7754299043021502
AWS,LC08_L2SP_114035_20210807_20210811_02_T1,2021-08-07,815,45.681159740000034,45.08466642114286,42.80826297327984,41.21826865326215,0.3264998299144592,0.3686997900704429,0.559429887484777,0.6303469219888501
AWS,LC08_L2SP_114035_20210807_20210811_02_T1,2021-08-07,826,46.20411680000001,46.29708694400002,45.9590216659794,45.12618308353852,0.4158477155412006,0.4936288676830058,0.566986730611765,0.5905599112267248
AWS,LC08_L2SP_114035_20210807_20210811_02_T1,2021-08-07,832,42.275672480000026,42.2194867417143,41.1828333002821,41.82754182240954,0.5004908803088225,0.5555198037154693,0.5979262213220289,0.5949609188078377
AWS,LC08_L2SP_114035_20210807_20210811_02_T1,2021-08-07,841,43.43893862000002,43.23131831942858,41.20554640618559,40.13514120927223,0.6218071864861464,0.6653245454297494,0.7245332226409134,0.7521326435560216
AWS,LC08_L2SP_114035_20210807_20210811_02_T1,2021-08-07,846,44.79019586000004,44.1951023017143,46.42781733398138,46.43279582247,0.7510435989652292,0.6315889768227448,0.45270845693579304,0.43435136402025626
AWS,LC08_L2SP_114035_20210807_20210811_02_T1,2021-08-07,905,,,,35.01257531714478,,,,0.7671857564403454
AWS,LC08_L2SP_114035_20210807_20210811_02_T1,2021-08-07,673,40.93922666000003,40.61897159000002,40.784994699565246,37.85557620027828,0.5528401500469361,0.4785252923853528,0.49511094759532837,0.6201968607550311
ASOS,LC08_L2SP_114035_20220826_20220924_02_T1,2022-08-26,138,39.25870016000001,39.812224084571454,39.68062295894233,39.331735911630766,0.6966710800890391,0.47478371798410046,0.2733012168812621,0.2623881591201403
ASOS,LC08_L2SP_114035_20220826_20220924_02_T1,2022-08-26,277,32.60267588000003,33.13702634000003,35.63781891113404,34.65293044167766,0.7147509858111746,0.7314684648554655,0.599383714804945,0.6181887447506595
ASOS,LC08_L2SP_114035_20220826_20220924_02_T1,2022-08-26,281,,37.39622106200001,35.54937163727274,34.44158037071669,,0.5785130920257189,0.49655206678482816,0.538019804943341
ASOS,LC08_L2SP_114035_20220826_20220924_02_T1,2022-08-26,272,31.455360500000022,31.983786392000013,33.00349647505156,32.604913135385075,0.6226454793383978,0.6940311381934281,0.6052053120196829,0.6179464998455532
ASOS,LC08_L2SP_114035_20220826_20220924_02_T1,2022-08-26,278,36.97318412000004,36.44210926250002,,,0.37510679390332574,0.39654268006429566,,
ASOS,LC08_L2SP_114035_20220826_20220924_02_T1,2022-08-26,285,,,37.26144432826501,35.59060419438508,,,0.48607850738128255,0.5447292021156064
ASOS,LC08_L2SP_114035_20220826_20220924_02_T1,2022-08-26,288,40.96429214000002,40.5152619697143,38.439891747769806,38.61375640764288,0.5266487610059384,0.4291757680629781,0.48369504438566624,0.4295938564625807
ASOS,LC08_L2SP_114035_20220826_20220924_02_T1,2022-08-26,136,34.05647372000004,34.38392003600002,33.933202236985764,33.52814166152516,0.5013660292085563,0.37000188291798614,0.47369082063436085,0.5135372116061341
ASOS,LC08_L2SP_114035_20220826_20220924_02_T1,2022-08-26,253,35.820172040000024,36.6836615497143,40.80270945340208,40.06921540904614,0.7674575229205102,0.7132426204001087,0.3722586340533261,0.41414305600477797
ASOS,LC08_L2SP_114035_20220826_20220924_02_T1,2022-08-26,257,38.99095526000004,39.04834544342859,41.139525722688056,41.23138135337884,0.6839036523123158,0.6338378166552642,0.4982747233372344,0.4543189040574822
ASOS,LC08_L2SP_114035_20220826_20220924_02_T1,2022-08-26,152,36.58466918000003,36.71579093771431,34.55159721278353,34.15818004320539,0.5056913554326319,0.5476100566078138,0.6817544671797141,0.6780155906051984
ASOS,LC08_L2SP_114035_20220826_20220924_02_T1,2022-08-26,283,36.690627800000016,35.962556987428584,32.17113993797911,32.049966293699356,0.6190401454640416,0.4967170783325497,0.688581924317596,0.6898250166401684
ASOS,LC08_L2SP_114035_20220826_20220924_02_T1,2022-08-26,271,31.27876280000002,31.410633266857168,30.57145974494847,29.385407392293175,0.618735606753222,0.5509414633594522,0.6545939722217311,0.6998195294882575
ASOS,LC08_L2SP_114035_20220826_20220924_02_T1,2022-08-26,276,31.45763918000004,30.870781422285738,29.869315071793686,28.970639388797252,0.5486059445467548,0.7012852712466209,0.7429322161565286,0.7516716360014353
AWS,LC08_L2SP_114035_20220826_20220924_02_T1,2022-08-26,919,33.419582660000025,33.5391808074286,31.765401929278365,31.983825729075313,0.6143120640751824,0.54963212547553,0.6708621638272224,0.6726370543058012
AWS,LC08_L2SP_114035_20220826_20220924_02_T1,2022-08-26,928,41.93842784000001,41.93266603485715,40.00129534824744,37.01405814777171,0.20509919184065653,0.2874424984635016,0.3988562873432055,0.537953387483782
AWS,LC08_L2SP_114035_20220826_20220924_02_T1,2022-08-26,837,32.24606246000002,32.059275805142875,31.318671022061874,32.05141993678788,0.599291253264552,0.596140656569805,0.6977579730144828,0.6530731268790038
AWS,LC08_L2SP_114035_20220826_20220924_02_T1,2022-08-26,816,32.151497240000005,32.623932709142885,35.16458344971086,33.50404059557237,0.7491792840904868,0.7961276201856573,0.634700959853842,0.7000020326684816
AWS,LC08_L2SP_114035_20220826_20220924_02_T1,2022-08-26,829,33.63719660000002,34.28743421428573,34.04818511938146,32.67724119871722,0.7026364822723874,0.6847634518408806,0.6110589224985908,0.6754536939590139
AWS,LC08_L2SP_114035_20220826_20220924_02_T1,2022-08-26,808,39.86824706000002,39.015044162857166,37.85500787447686,36.24383450200001,0.60620470832852,0.4400114225367588,0.43065908452985424,0.530108854066647
AWS,LC08_L2SP_114035_20220826_20220924_02_T1,2022-08-26,827,,,37.609993798571445,37.383968630118034,,,0.40408212246580744,0.38226542923841034
AWS,LC08_L2SP_114035_20220826_20220924_02_T1,2022-08-26,949,41.64447812000003,40.55402616363639,38.08498793640451,36.2669330328812,0.26933303352149895,0.24652257562530416,0.42118461631141363,0.5677479864215315
AWS,LC08_L2SP_114035_20220826_20220924_02_T1,2022-08-26,850,37.62944396,38.03183813272729,35.359006592592614,33.37479638693398,0.5186011766210851,0.3675238976732315,0.6097520305887254,0.7347364295738272
AWS,LC08_L2SP_114035_20220826_20220924_02_T1,2022-08-26,812,35.24822336000003,33.7975831194286,,,0.5405292844279329,0.5545528360945804,,
AWS,LC08_L2SP_114035_20220826_20220924_02_T1,2022-08-26,940,34.80729878000002,34.718885996000026,34.103879660618574,36.132061082514,0.6487244242176793,0.6558831721243538,0.6249018997153146,0.47520081429620725
AWS,LC08_L2SP_114035_20220826_20220924_02_T1,2022-08-26,801,,30.679207035384632,28.666948818414117,28.522491954516873,,0.774912068207718,0.7427644655171692,0.771011365440279
AWS,LC08_L2SP_114035_20220826_20220924_02_T1,2022-08-26,817,,,,21.902923260974653,,,,0.8520071602286429
AWS,LC08_L2SP_114035_20220826_20220924_02_T1,2022-08-26,828,34.79476604000001,33.3408379897143,31.22342190028171,30.897031373847458,0.5697626445367466,0.6689909101022897,0.7222953207484688,0.7161146091404238
AWS,LC08_L2SP_114035_20220826_20220924_02_T1,2022-08-26,811,36.02981060000002,36.558757333142886,38.36878067500002,37.321557220937336,0.718522016798892,0.6641302519721116,0.4647047202057041,0.49720791906851036
AWS,LC08_L2SP_114035_20220826_20220924_02_T1,2022-08-26,972,30.535913120000032,31.308157772000015,,28.29877464957856,0.42609161532279677,0.4176534282626967,,0.6800961794397905
AWS,LC08_L2SP_114035_20220826_20220924_02_T1,2022-08-26,898,,,39.67725977176472,38.99458702714773,,,0.3762479952429639,0.38827241816741964
AWS,LC08_L2SP_114035_20220826_20220924_02_T1,2022-08-26,860,,,,37.47484584055096,,,,0.28274663735500527
AWS,LC08_L2SP_114035_20220826_20220924_02_T1,2022-08-26,830,33.50503316000004,34.166631621714295,32.91705541484538,32.5817179604409,0.803811133320045,0.6599875689123791,0.6809095161835865,0.6996977037372489
AWS,LC08_L2SP_114035_20220826_20220924_02_T1,2022-08-26,805,29.765719280000003,30.248408809142873,29.514759089896923,27.815685866063575,0.7827668803397149,0.8003053823698147,0.79849629965174,0.8348160655925079
AWS,LC08_L2SP_114035_20220826_20220924_02_T1,2022-08-26,845,36.458202440000015,35.84780917314287,33.492380278699486,34.21484615340661,0.6326763956289511,0.6097534725210819,0.5636243792163056,0.5576659439854392
AWS,LC08_L2SP_114035_20220826_20220924_02_T1,2022-08-26,842,,,28.742677947924548,28.242330525785434,,,0.7792976530543093,0.8054980148185228
AWS,LC08_L2SP_114035_20220826_20220924_02_T1,2022-08-26,939,36.89115164000001,37.142013592727295,38.397155493276614,37.34353376888618,0.76692920906507,0.7027101047090938,0.6003167540264878,0.6049904485877121
AWS,LC08_L2SP_114035_20220826_20220924_02_T1,2022-08-26,927,32.500135280000016,32.738289892571444,34.03939145051548,31.84503535277732,0.6890683709714763,0.733645848484889,0.6644389224934742,0.7175230066356514
AWS,LC08_L2SP_114035_20220826_20220924_02_T1,2022-08-26,854,,,,29.942200227844545,,,,0.8285041800077386
AWS,LC08_L2SP_114035_20220826_20220924_02_T1,2022-08-26,900,31.798301840000004,32.49355966057144,31.953827622886617,31.763799247038225,0.8075015092532362,0.7760778479651375,0.7670704249576319,0.7623547764323026
AWS,LC08_L2SP_114035_20220826_20220924_02_T1,2022-08-26,937,,,30.56494062918921,29.450329179476682,,,0.6540652945823402,0.7291042285659185
AWS,LC08_L2SP_114035_20220826_20220924_02_T1,2022-08-26,925,35.9101799,36.638836658857166,35.91722736391754,33.850826714789704,0.6124233191963158,0.6645835700527007,0.654382317549034,0.69393519033869
AWS,LC08_L2SP_114035_20220826_20220924_02_T1,2022-08-26,941,38.10227006,38.486032324571454,38.41251141355066,38.87258146404781,0.7343034724585428,0.5142863120918474,0.43472196078671205,0.39492791801874433
AWS,LC08_L2SP_114035_20220826_20220924_02_T1,2022-08-26,922,34.069006460000026,34.04241100914287,31.514940665137633,29.227972933339522,0.5866232649629936,0.664553787037745,0.7548480759690482,0.8080883740513966
AWS,LC08_L2SP_114035_20220826_20220924_02_T1,2022-08-26,944,38.52382585999999,38.00819312857145,35.57753690530038,33.68558179082282,0.4167908261942815,0.42631784727070315,0.5944425218537401,0.6596854307894805
AWS,LC08_L2SP_114035_20220826_20220924_02_T1,2022-08-26,915,29.72242436000003,29.76998366685717,30.073288816697264,29.285838676698212,0.7224787463680357,0.7252110229262986,0.7551017552696593,0.7937669060568047
AWS,LC08_L2SP_114035_20220826_20220924_02_T1,2022-08-26,901,33.88899074,33.167690862285724,34.046074726289774,,0.4334294031956609,0.6739514906482894,0.6462478912746715,
AWS,LC08_L2SP_114035_20220826_20220924_02_T1,2022-08-26,954,33.851392520000026,34.35286488285716,38.02849863029327,38.83712122619291,0.7549995192237943,0.7251681714080463,0.3918173246426464,0.25187159988877184
AWS,LC08_L2SP_114035_20220826_20220924_02_T1,2022-08-26,835,32.206185560000016,31.986227834857164,31.228946884772746,29.91404820027315,0.5411474170520502,0.619663393268895,0.676260266693155,0.7366258001582564
AWS,LC08_L2SP_114035_20220826_20220924_02_T1,2022-08-26,296,41.16595532000002,40.80276628057144,41.13668092679945,40.08803180087577,0.22816289086780595,0.26989407611506727,0.440954961751165,0.4719637437817761
AWS,LC08_L2SP_114035_20220826_20220924_02_T1,2022-08-26,826,34.69564346000002,34.778945490285736,33.94877281030929,33.169307205095926,0.3732183364461122,0.4386036755326203,0.5627793458144904,0.5868914584510179
AWS,LC08_L2SP_114035_20220826_20220924_02_T1,2022-08-26,312,32.86928144000001,32.487895513142874,29.11328088389107,27.540594950755054,0.5981432242271771,0.5765357361239704,0.728403269989749,0.763623402061957
AWS,LC08_L2SP_114035_20220826_20220924_02_T1,2022-08-26,815,35.36785406000001,34.56048518342858,33.22341757944956,32.065785987259495,0.4066249137261206,0.4015516358808488,0.580295496810206,0.6436603399681553
AWS,LC08_L2SP_114035_20220826_20220924_02_T1,2022-08-26,846,39.77140316000001,38.40468344857145,38.61122886410122,37.4847491894928,0.6665672776137048,0.5301859002878492,0.4524126168366534,0.451474764651793
AWS,LC08_L2SP_114035_20220826_20220924_02_T1,2022-08-26,923,30.51084764000001,30.087404808125015,30.163077668571447,31.69427340505066,0.5907866676055958,0.7858936991946774,0.7367709703292473,0.7435245712225157
AWS,LC08_L2SP_114035_20220826_20220924_02_T1,2022-08-26,905,38.56712078,38.54199019485717,35.2700156845361,32.933605712556556,0.3807076776149049,0.48756920176527885,0.6709394684647104,0.7532017609906095
AWS,LC08_L2SP_114035_20220826_20220924_02_T1,2022-08-26,673,35.36899340000002,35.25258540457145,36.349475732783525,34.4426307187289,0.4966587020511586,0.5691108787502805,0.5523144628145342,0.6414091971472068
AWS,LC08_L2SP_114035_20220826_20220924_02_T1,2022-08-26,843,33.75113060000001,32.99454373485715,29.667669590036468,28.353129978360997,0.4133218103970651,0.658923917686375,0.7588446979831701,0.8092100106580611
AWS,LC08_L2SP_114035_20220826_20220924_02_T1,2022-08-26,859,26.16654422000003,26.064068725142878,26.299533779381463,26.591071828399677,0.732923669245762,0.8631458230618492,0.8760119194900264,0.8644997018473748
AWS,LC08_L2SP_114035_20220826_20220924_02_T1,2022-08-26,935,,,,29.90625640585368,,,,0.7332497674980407
AWS,LC08_L2SP_114035_20220826_20220924_02_T1,2022-08-26,839,33.10854284000002,33.11231893828574,31.792864872032922,30.113590391693545,0.3066723734588123,0.4134878731280934,0.5993219829858792,0.686909662127489
AWS,LC08_L2SP_114035_20220826_20220924_02_T1,2022-08-26,814,30.20094716,30.20563473028573,30.22436040123713,29.227016585077042,0.6598334220495934,0.7537076630975917,0.6792822031004587,0.7179067049881731
AWS,LC08_L2SP_114035_20220826_20220924_02_T1,2022-08-26,943,30.856067660000008,30.331808497142877,28.90269851210282,28.24021829782145,0.770134767310816,0.6970769555920745,0.8196879079074336,0.8518584446747406
ASOS,LC08_L2SP_114035_20240612_20240628_02_T1,2024-06-12,138,,,45.065237754351166,43.9659945804781,,,0.19233598831997073,0.20569396108871307
ASOS,LC08_L2SP_114035_20240612_20240628_02_T1,2024-06-12,277,39.77254250000002,40.017012311428594,42.13659861010311,40.65288830527342,0.6572803187847832,0.6532173202445486,0.49390928833435455,0.5448016043140084
ASOS,LC08_L2SP_114035_20240612_20240628_02_T1,2024-06-12,281,,45.98040739100003,43.588803260545475,42.08823494841505,,0.33311273495383065,0.3287260648203254,0.35974956159389637
ASOS,LC08_L2SP_114035_20240612_20240628_02_T1,2024-06-12,272,39.00804536000002,39.369834638857164,40.65355379484538,40.41857437424565,0.5100879457709042,0.45674474337438425,0.4669254706419396,0.4688332157282567
ASOS,LC08_L2SP_114035_20240612_20240628_02_T1,2024-06-12,278,45.11832578,44.87538593942858,41.82876602058044,42.125534733657354,0.2903348218667245,0.27259471030892996,0.43311700070658676,0.45694733877567634
ASOS,LC08_L2SP_114035_20240612_20240628_02_T1,2024-06-12,279,44.61131948000004,44.89716360971431,42.1474517045361,40.906293438763264,0.46770042003578216,0.3587732750576298,0.44052952377121696,0.49452590770478655
ASOS,LC08_L2SP_114035_20240612_20240628_02_T1,2024-06-12,288,42.95357978000002,42.51324114628573,41.4419029202404,41.44373596335331,0.32165118659317726,0.3601202705775141,0.3415092620230754,0.33587419845317895
ASOS,LC08_L2SP_114035_20240612_20240628_02_T1,2024-06-12,136,39.115143320000016,39.242806367000014,37.640612276537695,37.14262094483667,0.39829932291730175,0.2960156479208668,0.43396891445100105,0.45326090760409377
ASOS,LC08_L2SP_114035_20240612_20240628_02_T1,2024-06-12,253,37.097372180000015,37.75779874914288,42.30246458865981,41.518144460652756,0.6719030202547319,0.6431567834667176,0.34221050015618326,0.32811181106827997
ASOS,LC08_L2SP_114035_20240612_20240628_02_T1,2024-06-12,257,39.699624740000026,39.6280416354286,40.81266625646628,41.03752026147296,0.49048076835435933,0.5100418008474726,0.4114920928119187,0.3851297849568737
ASOS,LC08_L2SP_114035_20240612_20240628_02_T1,2024-06-12,152,39.82723082000001,39.56983763771431,37.45189876762888,37.17817894009599,0.43987794243449185,0.5289147795745182,0.6235313367834471,0.6293622919336294
ASOS,LC08_L2SP_114035_20240612_20240628_02_T1,2024-06-12,143,43.59274952000002,43.245283372571436,43.57614770857145,44.08943958960856,0.3792404358886819,0.39181626893070765,0.4055516341194166,0.3699699691758935
ASOS,LC08_L2SP_114035_20240612_20240628_02_T1,2024-06-12,283,42.47163896000003,41.50560885028574,37.29562793851165,37.21365982955846,0.4536452291577128,0.3798136965493536,0.45727849797928755,0.45718240771583113
ASOS,LC08_L2SP_114035_20240612_20240628_02_T1,2024-06-12,271,42.10477148000003,41.421916189142884,38.11574246185568,35.67959972934442,0.5014998576089428,0.39764900249595647,0.5292894620136054,0.6148927390991428
ASOS,LC08_L2SP_114035_20240612_20240628_02_T1,2024-06-12,276,39.04336490000003,38.854885511428584,37.09992175202799,35.24749743204142,0.3499889930708764,0.5613950824364815,0.5834610660394894,0.6694766389637594
AWS,LC08_L2SP_114035_20240612_20240628_02_T1,2024-06-12,919,39.77254250000002,40.08429847657145,37.47031526894497,37.06726384804126,0.28632655739218316,0.24449220450003517,0.31345275062874917,0.3913848205560917
AWS,LC08_L2SP_114035_20240612_20240628_02_T1,2024-06-12,928,43.820617520000006,43.85818318742859,42.12474320969074,39.588815467806306,0.23213204723121225,0.2741921448155429,0.36727468574584227,0.4802682305575949
AWS,LC08_L2SP_114035_20240612_20240628_02_T1,2024-06-12,837,38.36773628000003,38.22938785142859,37.41574919298971,38.25443832723735,0.5300261732660814,0.5268255911482477,0.6033002950008618,0.5480241006078992
AWS,LC08_L2SP_114035_20240612_20240628_02_T1,2024-06-12,820,,,,31.60444687311739,,,,0.6585017388796306
AWS,LC08_L2SP_114035_20240612_20240628_02_T1,2024-06-12,840,39.76342778000001,40.17619438571429,43.68861852082476,42.460033151875926,0.6518030502226412,0.6434219012509886,0.38057037708428476,0.3990651366564865
AWS,LC08_L2SP_114035_20240612_20240628_02_T1,2024-06-12,827,47.16458042000003,46.61241482545456,44.17580357484802,45.37279546862686,0.41568987638184485,0.368235723352275,0.4378253301614408,0.35110065468976087
AWS,LC08_L2SP_114035_20240612_20240628_02_T1,2024-06-12,812,37.72856654000003,37.07077672914287,32.76277076865981,31.46669894316609,0.4142167524648334,0.36191477392516425,0.5917357090417438,0.6710953794782434
AWS,LC08_L2SP_114035_20240612_20240628_02_T1,2024-06-12,825,42.35314760000002,41.634224060000015,38.6208043380046,38.26476834175799,0.2245011891118213,0.2968864718494702,0.38697542075368,0.4332130177453919
AWS,LC08_L2SP_114035_20240612_20240628_02_T1,2024-06-12,801,37.397018600000024,37.243240252571454,33.22519473622556,32.2857070483453,0.6579242218490019,0.6320863867003886,0.6795804567796642,0.740809410440362
AWS,LC08_L2SP_114035_20240612_20240628_02_T1,2024-06-12,810,42.194779340000004,40.80046290551726,39.64743148627909,39.87925996946681,0.47538163223043656,0.5853790696526977,0.5210375260593627,0.5362766837025796
AWS,LC08_L2SP_114035_20240612_20240628_02_T1,2024-06-12,972,34.94857694000001,35.61714165200001,,31.307053617500017,0.36870061385303665,0.4028388819728796,,0.5915583416866954
AWS,LC08_L2SP_114035_20240612_20240628_02_T1,2024-06-12,860,45.502283360000035,45.95792170228573,46.359534048621924,45.744162831921194,0.3295252591987008,0.31328642508178206,0.2675257319185522,0.2632632147239915
AWS,LC08_L2SP_114035_20240612_20240628_02_T1,2024-06-12,830,39.712157479999995,40.11222858285716,38.500346059381464,38.32054222734614,0.6678873814715605,0.48329456098694296,0.4810564483650716,0.4956858619655714
AWS,LC08_L2SP_114035_20240612_20240628_02_T1,2024-06-12,805,35.83042610000003,36.68434515371431,35.28685129278353,32.617611573844854,0.7124970610795097,0.5798469825318754,0.66194717152502,0.7698699291979096
AWS,LC08_L2SP_114035_20240612_20240628_02_T1,2024-06-12,845,45.22428440000001,44.80800211657145,40.320574837764134,40.785501593366696,0.45027017653044404,0.49127919691366356,0.4622326524493715,0.49453057573564646
AWS,LC08_L2SP_114035_20240612_20240628_02_T1,2024-06-12,927,37.59298508000003,37.92635596400002,39.229226099793834,36.67349986334385,0.446402111716446,0.5028153915446079,0.5288738865323418,0.608159189389834
AWS,LC08_L2SP_114035_20240612_20240628_02_T1,2024-06-12,842,35.17872362000003,34.597399799428594,35.52312926639178,33.76808403138851,0.474063517290863,0.4734324019191755,0.41722955687686486,0.572815603063755
AWS,LC08_L2SP_114035_20240612_20240628_02_T1,2024-06-12,939,38.58648956000002,38.82181505818184,39.400242549914914,38.62182304541005,0.7341283195512222,0.6678501046546976,0.5622536263096374,0.5588297671035953
AWS,LC08_L2SP_114035_20240612_20240628_02_T1,2024-06-12,915,36.62796410000001,36.87721913942858,36.0514189074227,34.2195630833563,0.44488872405198965,0.39377379291964626,0.49959975581586274,0.6353695249849358
AWS,LC08_L2SP_114035_20240612_20240628_02_T1,2024-06-12,824,39.55834658000001,39.67286652628574,38.00540266845363,36.65551045365254,0.2952991579421507,0.3227872638174681,0.41554603737471835,0.5299351729367103
AWS,LC08_L2SP_114035_20240612_20240628_02_T1,2024-06-12,941,38.228736800000014,38.335346471428586,39.696663351355625,39.588456196842124,0.6001118731580046,0.4292482985356434,0.3414256747450972,0.3369959088774984
AWS,LC08_L2SP_114035_20240612_20240628_02_T1,2024-06-12,925,39.51619100000003,39.89542845714287,39.78998073166669,36.6729176361154,0.46534247372608534,0.5062542948377357,0.445263812380849,0.5481335923088676
AWS,LC08_L2SP_114035_20240612_20240628_02_T1,2024-06-12,835,39.21768392000001,38.21229775142859,37.53037133691656,35.60966949220717,0.31438259799378665,0.4571337011297906,0.480315309098187,0.5397203141468614
AWS,LC08_L2SP_114035_20240612_20240628_02_T1,2024-06-12,836,37.594124420000014,37.84871808114287,36.309587087010335,34.58645665563701,0.589667992391018,0.6086158902573539,0.60605385306899,0.6889928355599853
AWS,LC08_L2SP_114035_20240612_20240628_02_T1,2024-06-12,832,44.16811622,43.40300058114287,40.73064130432992,40.54301103470913,0.45600825487078983,0.5133591763875729,0.38415805030833944,0.3902805297887892
AWS,LC08_L2SP_114035_20240612_20240628_02_T1,2024-06-12,826,42.28592653999999,42.37378593028573,41.93075001958765,41.01546254371348,0.31600732785396907,0.39290194141847773,0.44627372053291164,0.48449154960211677
AWS,LC08_L2SP_114035_20240612_20240628_02_T1,2024-06-12,803,39.07868444000002,38.48368853942858,38.339726526185586,36.61228667722304,0.5529137859040607,0.5478197490788133,0.5780556550312754,0.6629183968329541
AWS,LC08_L2SP_114035_20240612_20240628_02_T1,2024-06-12,846,44.94742478000004,43.69812219371431,43.936572293475386,43.40707071346142,0.669870164814547,0.5202368866739792,0.4279767234290264,0.4119984670305729
AWS,LC08_L2SP_114035_20240612_20240628_02_T1,2024-06-12,853,32.60381522000004,31.765912031428588,28.562762035336945,28.619852515533296,0.398651775371925,0.703370914184638,0.8469347830506248,0.8573577774883031
AWS,LC08_L2SP_114035_20240612_20240628_02_T1,2024-06-12,905,39.46833872000002,39.26455962285716,36.84086015443301,34.81607362245063,0.4355018327084328,0.4940593738428911,0.6333267585732206,0.7227414062079048
AWS,LC08_L2SP_114035_20240612_20240628_02_T1,2024-06-12,673,38.4053345,38.59081905200001,40.012864934845375,38.522731858751804,0.5569960412652434,0.5267852052892902,0.4295765431096978,0.4457462097794565
AWS,LC08_L2SP_114035_20240612_20240628_02_T1,2024-06-12,802,35.980818980000016,35.775054176000005,35.268648430159466,35.69534972989863,0.39142659362615717,0.45489782003504975,0.7308069651425284,0.7351234081166135
AWS,LC08_L2SP_114035_20240612_20240628_02_T1,2024-06-12,843,40.12801658000003,39.21426590000002,36.177830662551656,34.5255905735805,0.34054092307950984,0.5898116109910669,0.6421233677267326,0.7339520533954744
AWS,LC08_L2SP_114035_20240612_20240628_02_T1,2024-06-12,859,29.45354012000003,29.128372484000025,29.3239098517526,29.472938256026353,0.7461478957960329,0.8451930569459973,0.8582450394466238,0.8502049739635822
AWS,LC08_L2SP_114035_20240612_20240628_02_T1,2024-06-12,935,,,,32.63074525129694,,,,0.5901248268592081
AWS,LC08_L2SP_114035_20240612_20240628_02_T1,2024-06-12,819,42.497843780000004,41.24906203485715,34.6958862059794,32.8935817062468,0.34469733123216123,0.38946829228261604,0.6715951943728748,0.7315706176145681
AWS,LC08_L2SP_114035_20240612_20240628_02_T1,2024-06-12,839,41.682076340000016,41.271620966857164,38.884357846861946,36.793812790619114,0.2573696071304767,0.32677837887956485,0.4022663902442798,0.538056300978064
AWS,LC08_L2SP_114035_20240612_20240628_02_T1,2024-06-12,841,36.13121186000003,36.38170389714287,36.44150778103094,35.40766048536084,0.6286128769344713,0.642806131418635,0.6180928340964342,0.6779515091659956
AWS,LC08_L2SP_114035_20240612_20240628_02_T1,2024-06-12,844,43.54831526000004,43.055632091428585,39.555327916288675,36.7883900473276,0.36234880144535814,0.44225050888994694,0.5517761249877641,0.6693796850376806
AWS,LC08_L2SP_114035_20240612_20240628_02_T1,2024-06-12,992,44.81981870000002,44.360241496571454,39.79382192577321,36.84334991760094,0.3173563402818905,0.360738855771977,0.46065462178541877,0.5661475536120256
AWS,LC08_L2SP_114035_20240612_20240628_02_T1,2024-06-12,943,33.302230640000026,32.84024454628573,31.36314139319361,30.57884303876925,0.7618956132079919,0.6818433156189173,0.7803343830271143,0.821263327521952
AWS,LC08_L2SP_114035_20240612_20240628_02_T1,2024-06-12,900,36.61201334000001,37.34929653028573,36.902888671215614,35.89138680764086,0.555203803756256,0.46781265933856336,0.5049841993905828,0.5975574281855018
AWS,LC08_L2SP_114035_20240612_20240628_02_T1,2024-06-12,811,45.48519326000002,45.060447308000015,43.91827860179312,42.31183040226417,0.44692250172780473,0.518258999740256,0.39739133534567606,0.4198119798885597
AWS,LC08_L2SP_114035_20240612_20240628_02_T1,2024-06-12,813,38.82575096000003,38.856545692571444,38.54409798322211,37.85465943406252,0.5352925841476609,0.5101550667750083,0.5071552622520328,0.5372656360679067
AWS,LC08_L2SP_114035_20240612_20240628_02_T1,2024-06-12,944,41.78005958000002,41.36761850000001,39.13107213947732,36.653580136685775,0.4110761967796816,0.31177740207141874,0.4354290533983722,0.5048469681214732
AWS,LC08_L2SP_114035_20240612_20240628_02_T1,2024-06-12,922,,,,30.558412717950155,,,,0.8126732992070125
AWS,LC08_L2SP_114035_20240612_20240628_02_T1,2024-06-12,848,40.28980286000003,39.234969335428595,35.740641277880314,34.87704325258522,0.3238063094230214,0.39108155185060167,0.5758294942045652,0.616047065660539
AWS,LC08_L2SP_114035_20240612_20240628_02_T1,2024-06-12,940,36.21780170000002,36.076621197714296,35.759344595876314,38.13558849753795,0.4998223456778564,0.5620092187854392,0.576784684078737,0.43363722256352477
AWS,LC08_L2SP_114035_20240612_20240628_02_T1,2024-06-12,829,37.99061474000001,39.345029579428584,39.1066511259794,37.25468414227407,0.6069427031965292,0.5525161098540335,0.4267055526452965,0.5075009287081119
AWS,LC08_L2SP_114035_20240612_20240628_02_T1,2024-06-12,312,41.8860182,41.417912222857154,35.753185895463936,32.96594626823936,0.40580109306279094,0.4508204417116033,0.6680448828285923,0.7499284452474783
AWS,LC08_L2SP_114035_20240612_20240628_02_T1,2024-06-12,296,42.27453314000002,42.02827293714287,42.174386490469224,41.01846000984117,0.2017348894757174,0.238772791592644,0.31235783014189755,0.3511608946248718
AWS,LC08_L2SP_114035_20240612_20240628_02_T1,2024-06-12,854,,,,33.62756052123677,,,,0.7645718912296201
AWS,LC08_L2SP_114035_20240612_20240628_02_T1,2024-06-12,828,,,,33.55401764922116,,,,0.5019935161804766
AWS,LC08_L2SP_114035_20240612_20240628_02_T1,2024-06-12,817,33.535795340000014,33.979812414285725,33.83732108371136,32.446026578431166,0.7626545685651029,0.6992629355033461,0.7287173722004633,0.8053363550351075
AWS,LC08_L2SP_114035_20240612_20240628_02_T1,2024-06-12,937,36.95381534000003,37.900671985142864,36.60158700865981,35.183635310824755,0.6187355349659537,0.5533083581569882,0.5522638268517783,0.5945495319640832
AWS,LC08_L2SP_114035_20240612_20240628_02_T1,2024-06-12,814,40.175868860000016,40.26994579142859,37.84946186824744,35.10937163866593,0.4468774891771646,0.5343368514446878,0.5408520321666489,0.6295916641859522
AWS,LC08_L2SP_114035_20240612_20240628_02_T1,2024-06-12,816,,,35.91623440925622,33.98799646461541,,,0.5333733619342468,0.6496858671999353
AWS,LC08_L2SP_114035_20240612_20240628_02_T1,2024-06-12,807,39.20287250000001,38.60956933314287,38.120389785777796,37.129487693684226,0.5440770421720856,0.35369563018086814,0.538112527244391,0.592795031962524
AWS,LC08_L2SP_114035_20240612_20240628_02_T1,2024-06-12,847,44.33445986000002,43.62243746514288,38.00809253208335,35.75828244802421,0.5137426760525045,0.4990823044651087,0.6228051296899657,0.6808105225755456
AWS,LC08_L2SP_114035_20240612_20240628_02_T1,2024-06-12,823,38.6844728,40.05509882000003,38.56437690235296,38.067971171919446,0.6059743683525688,0.5483383230731658,0.5945510169026813,0.606355207781354
AWS,LC08_L2SP_114035_20240612_20240628_02_T1,2024-06-12,995,39.09463520000003,38.63789007028573,33.854927997731984,33.002755715290625,0.39564607217476705,0.40881440253565243,0.7389170328690428,0.7615293476393584
ASOS,LC08_L2SP_114035_20240628_20240709_02_T1,2024-06-28,138,42.44201612000003,42.60220732400001,42.93740850258066,42.87150912105822,0.44387624109267126,0.33582396910116213,0.20681461429615128,0.2112643927011833
ASOS,LC08_L2SP_114035_20240628_20240709_02_T1,2024-06-28,277,34.860847760000034,35.18842428628573,37.132503787628885,35.860648645033514,0.6739105393966703,0.680223514510194,0.5242940117224596,0.5647467959355704
ASOS,LC08_L2SP_114035_20240628_20240709_02_T1,2024-06-28,281,,43.108586987000024,40.759915259272745,39.801612028076114,,0.3718591573399957,0.386250698006557,0.4282956516976848
ASOS,LC08_L2SP_114035_20240628_20240709_02_T1,2024-06-28,272,35.58432866000002,35.70308044057145,36.344190134845384,36.171503065454566,0.5648434401778114,0.5366892617848334,0.5305848855962201,0.5005667172236441
ASOS,LC08_L2SP_114035_20240628_20240709_02_T1,2024-06-28,278,43.96645304000001,43.463938994857145,39.962659172566596,40.37486247873847,0.2657624555067113,0.2767547653842845,0.4535438833253746,0.47550393360434723
ASOS,LC08_L2SP_114035_20240628_20240709_02_T1,2024-06-28,279,41.91678038000001,41.79711712742858,39.2604620259794,38.23711240049243,0.43898511226258524,0.3231679811072928,0.4533079989067322,0.5104567231355334
ASOS,LC08_L2SP_114035_20240628_20240709_02_T1,2024-06-28,285,,,39.5039871416495,37.53813677792847,,,0.3923246361756343,0.4735674238151706
ASOS,LC08_L2SP_114035_20240628_20240709_02_T1,2024-06-28,288,41.98628012000003,41.81879714000003,41.18318069783643,42.05325784790421,0.3048040551965398,0.3852864376089561,0.3562001157315676,0.3015566192799555
ASOS,LC08_L2SP_114035_20240628_20240709_02_T1,2024-06-28,136,40.60369102999999,41.13826935800002,40.18306921034625,39.50180225353671,0.41077098069291945,0.2818976494759332,0.4347027042972178,0.47099194216109874
ASOS,LC08_L2SP_114035_20240628_20240709_02_T1,2024-06-28,253,36.38756336000002,37.076831507428594,42.11057140002296,41.774396444844534,0.7117135569189076,0.6918047433642385,0.35470134582186613,0.3503127902645917
ASOS,LC08_L2SP_114035_20240628_20240709_02_T1,2024-06-28,257,41.81082175999999,41.83159030057144,43.348585678297894,43.42855376581168,0.5328491370448775,0.5008168801569727,0.39604434361237023,0.3719146343877858
ASOS,LC08_L2SP_114035_20240628_20240709_02_T1,2024-06-28,152,36.86950418,36.79606557885716,34.58410168247425,34.18305198848371,0.46628890320512667,0.541092670029094,0.6430791409253009,0.648421063631914
ASOS,LC08_L2SP_114035_20240628_20240709_02_T1,2024-06-28,143,37.5679196,37.36013653657145,37.76136893348839,38.38149918347279,0.440829897585625,0.41599055934326934,0.42188922654414707,0.3890065211503279
ASOS,LC08_L2SP_114035_20240628_20240709_02_T1,2024-06-28,283,41.4245855,40.564188484571446,36.031064272835486,35.86827695626089,0.4687358962213253,0.3863981173488033,0.5669924185658874,0.5923397028456482
ASOS,LC08_L2SP_114035_20240628_20240709_02_T1,2024-06-28,276,37.00850366000001,36.41764193600002,34.34791502203988,32.816709319064685,0.3327387422338854,0.542852242453975,0.62792313343164,0.6951221110611162
AWS,LC08_L2SP_114035_20240628_20240709_02_T1,2024-06-28,919,36.04348267999999,36.43404843200002,34.91745806295873,34.802438966340226,0.5075048926393247,0.4051414653475296,0.37332628103386317,0.4521857677933351
AWS,LC08_L2SP_114035_20240628_20240709_02_T1,2024-06-28,928,41.55333092000003,41.82612146857145,41.13695755431423,40.890832392173934,0.3337038335587316,0.32324024338431273,0.3630523845330166,0.38928733407301386
AWS,LC08_L2SP_114035_20240628_20240709_02_T1,2024-06-28,820,35.88055706000002,34.94476828914287,33.107702456203164,32.87131013679669,0.5078089349747951,0.6086813939738476,0.6905784652201905,0.7059421975765277
AWS,LC08_L2SP_114035_20240628_20240709_02_T1,2024-06-28,840,37.79806628000002,37.876648187428586,40.95152839979384,39.78219533393588,0.6261035082173451,0.647224027707918,0.3778506781429185,0.3950668312798435
AWS,LC08_L2SP_114035_20240628_20240709_02_T1,2024-06-28,827,40.083582320000005,39.31804941636366,37.3588919904348,38.339373760093366,0.4405305309452456,0.3902187249802793,0.4670604357457884,0.36835172506145697
AWS,LC08_L2SP_114035_20240628_20240709_02_T1,2024-06-28,812,37.33207622000001,36.6200863777143,32.50768781216497,30.851337523136934,0.3847707397657587,0.3513798401788707,0.6346883486137662,0.7323063391266864
AWS,LC08_L2SP_114035_20240628_20240709_02_T1,2024-06-28,825,41.357364440000026,40.14260013200002,36.52653934845363,35.91433149448041,0.28419927825822316,0.32762568913545664,0.49024890144022215,0.5357016726401035
AWS,LC08_L2SP_114035_20240628_20240709_02_T1,2024-06-28,801,34.20344858000004,34.36917372114288,31.04531512783946,30.035703368145597,0.6084336061258718,0.6475721089472992,0.7052774047042211,0.7609592128859276
AWS,LC08_L2SP_114035_20240628_20240709_02_T1,2024-06-28,810,42.28934456000002,41.37445454000001,39.243250891409595,38.81422140560232,0.45786433499802764,0.5718599502304207,0.5210853647283988,0.5383315641524402
AWS,LC08_L2SP_114035_20240628_20240709_02_T1,2024-06-28,972,37.48474778000002,37.829739932000024,,34.1966249974761,0.2076555906092515,0.3730122101738643,,0.6120376280098296
AWS,LC08_L2SP_114035_20240628_20240709_02_T1,2024-06-28,860,39.51277298000002,39.92160072457145,40.556823091448784,39.99121225261086,0.35884737293278207,0.3332601041051657,0.2776025503801768,0.27356808509678365
AWS,LC08_L2SP_114035_20240628_20240709_02_T1,2024-06-28,830,36.03892532,36.44440014971432,35.434519153402086,35.08423309477815,0.6612393209955209,0.5563237640231896,0.5633326271674176,0.5833978129013973
AWS,LC08_L2SP_114035_20240628_20240709_02_T1,2024-06-28,805,33.86506460000004,34.368099486285736,33.48682721154641,31.12957808357288,0.723841438565005,0.6120599423147931,0.6759958491626213,0.7840995614742288
AWS,LC08_L2SP_114035_20240628_20240709_02_T1,2024-06-28,845,40.95745610000002,40.093185328571444,36.423815213585385,36.779516996382995,0.48586440908601086,0.532863003759559,0.5046707949614024,0.525421910263646
AWS,LC08_L2SP_114035_20240628_20240709_02_T1,2024-06-28,927,,,39.35226436242813,34.051195037235516,,,0.5263517276907623,0.7091974431009402
AWS,LC08_L2SP_114035_20240628_20240709_02_T1,2024-06-28,842,34.75147112000002,34.365169754857156,35.74129525773198,33.98391051556257,0.5654649210949337,0.6321176561513466,0.5023941728208966,0.6438252845115375
AWS,LC08_L2SP_114035_20240628_20240709_02_T1,2024-06-28,915,,,,32.09936391000882,,,,0.7087626068565492
AWS,LC08_L2SP_114035_20240628_20240709_02_T1,2024-06-28,824,37.628304620000016,37.44783316400002,35.864092813050476,34.46534284163513,0.488698441097142,0.4928922227991457,0.5495959067298025,0.623379937633879
AWS,LC08_L2SP_114035_20240628_20240709_02_T1,2024-06-28,925,39.638100380000026,39.956220384285736,,36.01861516676926,0.5133942920476585,0.5330005871427513,,0.6195972834852821
AWS,LC08_L2SP_114035_20240628_20240709_02_T1,2024-06-28,835,37.09623284000003,36.661200275428584,35.47974903427588,33.76753819515227,0.3453284244170816,0.4810538870139446,0.5519828233540479,0.6212509357784959
AWS,LC08_L2SP_114035_20240628_20240709_02_T1,2024-06-28,836,36.45478442000003,36.611980787428585,35.60256984577322,33.803922846876624,0.6172872303245593,0.6272387549285653,0.6221681187493809,0.7007763031772298
AWS,LC08_L2SP_114035_20240628_20240709_02_T1,2024-06-28,832,41.28444668000001,40.829231521142866,38.644294425154655,38.244015959353014,0.49291967556335176,0.5296864255770457,0.5260552681138086,0.5444398127057177
AWS,LC08_L2SP_114035_20240628_20240709_02_T1,2024-06-28,849,,,37.23109337766751,34.730382786853745,,,0.5464018143419441,0.6552126265138103
AWS,LC08_L2SP_114035_20240628_20240709_02_T1,2024-06-28,826,36.75557018000001,36.45924412228574,35.86818502965598,35.082036464969924,0.36628208459860684,0.43605323399809737,0.5109514190661575,0.5485536352192254
AWS,LC08_L2SP_114035_20240628_20240709_02_T1,2024-06-28,803,35.249362700000006,34.867521037142865,34.856865942886614,33.782220682835074,0.5635900181869434,0.5675510551629547,0.6126971425493719,0.6832803401834348
AWS,LC08_L2SP_114035_20240628_20240709_02_T1,2024-06-28,846,40.86858758000003,39.782926770285734,40.80990777725701,40.147602284082346,0.7346852995949273,0.5912225826433054,0.4384305336508976,0.42196957716984623
AWS,LC08_L2SP_114035_20240628_20240709_02_T1,2024-06-28,853,,,26.94191905873686,27.544702674927258,,,0.8720459421591787,0.8521849103522479
AWS,LC08_L2SP_114035_20240628_20240709_02_T1,2024-06-28,905,40.83098935999999,40.806493550000006,40.14823514397792,38.28686202883197,0.5093143379267907,0.43066187690639074,0.5042076973077223,0.6072977702762762
AWS,LC08_L2SP_114035_20240628_20240709_02_T1,2024-06-28,673,37.59298508000003,37.357304462857165,37.915069842061875,36.35877194790154,0.5501859372082678,0.5362729618139088,0.4765027495266353,0.5295398168652049
AWS,LC08_L2SP_114035_20240628_20240709_02_T1,2024-06-28,802,33.24298496,32.806389872000025,31.60632953826881,31.69284988502306,0.43106039995636686,0.5086437174557413,0.7683083627244702,0.7712898639527827
AWS,LC08_L2SP_114035_20240628_20240709_02_T1,2024-06-28,843,37.965549260000024,37.40017619942859,34.382254271021914,32.8317595713468,0.3347636502543628,0.5989141930531274,0.6719465357067929,0.757790052651928
AWS,LC08_L2SP_114035_20240628_20240709_02_T1,2024-06-28,859,28.867919360000013,28.820164737714304,28.878987793608268,29.111178072253093,0.7371829653914569,0.8702747233336645,0.8829396393412565,0.8749459778697477
AWS,LC08_L2SP_114035_20240628_20240709_02_T1,2024-06-28,935,35.25961676000001,34.98500326742859,32.20985961146069,31.61037146823248,0.3239239635629249,0.376037402700015,0.5007695545039879,0.5930385377116288
AWS,LC08_L2SP_114035_20240628_20240709_02_T1,2024-06-28,819,37.24206836000004,36.0636327217143,31.015923717938165,29.420008362004026,0.36259262553422805,0.4400105348913981,0.6931521805004655,0.7538113809428331
AWS,LC08_L2SP_114035_20240628_20240709_02_T1,2024-06-28,839,40.05737750000003,39.996113560571445,37.74012551882355,35.4707535537403,0.2715500649987983,0.34809271709627176,0.45120565896368325,0.5868552711483676
AWS,LC08_L2SP_114035_20240628_20240709_02_T1,2024-06-28,841,34.37207090000002,34.702088869142884,33.93516728969074,32.929377953394464,0.5921353513437563,0.6788409471705046,0.6729791617339751,0.7161380215101545
AWS,LC08_L2SP_114035_20240628_20240709_02_T1,2024-06-28,844,38.077204580000036,37.424785943428596,34.22865794909301,31.8374929620642,0.3669227781029391,0.45647565738418716,0.5866283434766528,0.6991995108533455
AWS,LC08_L2SP_114035_20240628_20240709_02_T1,2024-06-28,992,41.22292232000001,41.17034991714287,37.72513677422682,34.76093821319589,0.3072158546772714,0.377390370395889,0.5114758548313577,0.6083947823636069
AWS,LC08_L2SP_114035_20240628_20240709_02_T1,2024-06-28,943,,,,29.31620862299884,,,,0.850343146642471
AWS,LC08_L2SP_114035_20240628_20240709_02_T1,2024-06-28,900,,,36.316281575384636,34.67763616404308,,,0.600296198199303,0.6663126093812717
AWS,LC08_L2SP_114035_20240628_20240709_02_T1,2024-06-28,811,40.82757134000002,40.88225966000001,40.85673660846952,39.752755962000016,0.38797673116810444,0.4435272437101755,0.39625029480119217,0.4291583591310619
AWS,LC08_L2SP_114035_20240628_20240709_02_T1,2024-06-28,813,35.96145020000002,36.01558512628574,35.606524633067416,35.67832146460243,0.5742131829425807,0.5755257186763209,0.5540729813714346,0.5526643089944385
AWS,LC08_L2SP_114035_20240628_20240709_02_T1,2024-06-28,944,39.22565930000002,39.16367920400001,37.45905827985868,35.14280713334483,0.4427674636674041,0.37303959793191616,0.4770651331684498,0.5489822764918789
AWS,LC08_L2SP_114035_20240628_20240709_02_T1,2024-06-28,848,40.825292660000024,40.208468685161314,35.69727018804689,34.30681486241073,0.2739938171543568,0.3495884601722534,0.6040247312653416,0.6791386557268552
AWS,LC08_L2SP_114035_20240628_20240709_02_T1,2024-06-28,829,36.937864579999996,38.28261130571431,38.13507991979384,36.26625133972782,0.6419072650857542,0.5979368050936924,0.4855730767887271,0.572627688367354
AWS,LC08_L2SP_114035_20240628_20240709_02_T1,2024-06-28,312,38.825750960000015,38.24120443485716,32.80485978927837,30.551326990896094,0.4810646315359468,0.47810490000230205,0.6928899431596137,0.770266814933813
AWS,LC08_L2SP_114035_20240628_20240709_02_T1,2024-06-28,828,,,,32.30481322307694,,,,0.5691505655752409
AWS,LC08_L2SP_114035_20240628_20240709_02_T1,2024-06-28,817,32.33265230000003,32.656159754857164,32.185775321443316,31.059510141374194,0.7073176688130504,0.7458812546478467,0.7836114091204729,0.8362101245419397
AWS,LC08_L2SP_114035_20240628_20240709_02_T1,2024-06-28,815,37.889213480000045,37.54392835485716,37.7340856805195,36.19310723229649,0.33183140574200237,0.3727107593866681,0.4530905832389641,0.5352979320206135
AWS,LC08_L2SP_114035_20240628_20240709_02_T1,2024-06-28,807,38.43267866000004,38.13895680800001,37.63776248240002,37.03597893049065,0.5018562511236699,0.49367190169126657,0.5889329085538666,0.6271737328245788
AWS,LC08_L2SP_114035_20240628_20240709_02_T1,2024-06-28,847,40.38208940000002,39.68927302228573,35.33212845764708,33.2969561236797,0.49282724867942945,0.5527817371636257,0.6462040708812646,0.7123199045370748
AWS,LC08_L2SP_114035_20240628_20240709_02_T1,2024-06-28,823,37.53032138000003,38.72910237542858,37.33720193739634,36.34673302094391,0.6511233050552448,0.581582233017075,0.6016239307044537,0.6319048167208974
AWS,LC08_L2SP_114035_20240628_20240709_02_T1,2024-06-28,995,40.12687724000002,39.37579175942859,34.29988137793816,33.27942937874889,0.43498427955852015,0.42819013444270626,0.7557508138110561,0.7868043929720896
ASOS,LC08_L2SP_114035_20240831_20240906_02_T1,2024-08-31,138,45.21744836000003,45.25273534742859,43.95615536889954,43.956258690453275,0.5388044496448824,0.38807701088010416,0.24352249008346474,0.23524989565085647
ASOS,LC08_L2SP_114035_20240831_20240906_02_T1,2024-08-31,277,36.54707096000004,37.06219505750002,38.79752184579163,37.84752910558935,0.6641242801956582,0.68193693826418,0.5443081947424482,0.5661666149516856
ASOS,LC08_L2SP_114035_20240831_20240906_02_T1,2024-08-31,281,,44.97892753100001,42.28067003954547,40.92312459432513,,0.45090026274950956,0.44297205830090763,0.48965440595917237
ASOS,LC08_L2SP_114035_20240831_20240906_02_T1,2024-08-31,272,36.92305316000003,36.95319684114288,38.32289091793817,37.65864544063795,0.6382732987877467,0.6710261645363126,0.6130626809213353,0.6094792450750455
ASOS,LC08_L2SP_114035_20240831_20240906_02_T1,2024-08-31,278,45.92269981999999,45.24824309257145,41.51587926558254,41.698544871238454,0.34393756665548647,0.32136578685629785,0.5034762541648303,0.5206253115158719
ASOS,LC08_L2SP_114035_20240831_20240906_02_T1,2024-08-31,279,41.94298520000001,41.93022459200002,39.49803986515466,38.72383484360826,0.5260320330440447,0.4075195695280941,0.505363138140199,0.5536252576712116
ASOS,LC08_L2SP_114035_20240831_20240906_02_T1,2024-08-31,285,45.111489740000025,45.642877916000025,41.80277774506026,39.54840166019177,0.30457103596266855,0.38203375707717385,0.41833436501257,0.5237324832656393
ASOS,LC08_L2SP_114035_20240831_20240906_02_T1,2024-08-31,288,43.33639802000001,43.226142460571445,40.91259818649822,41.427189268049005,0.44628623533071554,0.3911287875748417,0.4713050882537224,0.4263120611011431
ASOS,LC08_L2SP_114035_20240831_20240906_02_T1,2024-08-31,136,44.38573015999998,44.75350911200001,42.81367068435846,41.57068918287719,0.42867733396664964,0.2946056542721281,0.4501784274970738,0.48460887051875523
ASOS,LC08_L2SP_114035_20240831_20240906_02_T1,2024-08-31,253,38.441793380000036,39.26123926057144,43.647336043298985,42.90120670334672,0.7962789722498381,0.7362993269169504,0.36647035958541785,0.39990509362014837
ASOS,LC08_L2SP_114035_20240831_20240906_02_T1,2024-08-31,257,40.27499144000001,40.412916685142875,42.30668675129792,42.83692550846452,0.6609385138507728,0.6224742548355163,0.49254647959095416,0.4307436076563578
ASOS,LC08_L2SP_114035_20240831_20240906_02_T1,2024-08-31,152,38.41900658000001,38.650780888571454,36.76218696556703,36.371896888291765,0.6293230615997837,0.5896577802735472,0.6835250697238575,0.6841657393948519
ASOS,LC08_L2SP_114035_20240831_20240906_02_T1,2024-08-31,143,42.74735924,42.690392240000016,43.659870637894755,44.12078829790267,0.519145985697239,0.45267617577513325,0.42631144036213264,0.3997314565324241
ASOS,LC08_L2SP_114035_20240831_20240906_02_T1,2024-08-31,271,36.473013860000016,36.656172586896574,37.25939110010473,,0.6232815196719704,0.5757301886343573,0.5680713063878365,
ASOS,LC08_L2SP_114035_20240831_20240906_02_T1,2024-08-31,276,38.41330988000001,37.87137467085716,35.942795013678044,34.70540726496285,0.4623975339710826,0.6442402916359169,0.7047789532440288,0.7387881576247023
AWS,LC08_L2SP_114035_20240831_20240906_02_T1,2024-08-31,919,41.645617460000004,41.64760316685716,38.409326109747724,38.64576558324744,0.46137922936159487,0.43255544931596085,0.6167086477406497,0.6311168277362107
AWS,LC08_L2SP_114035_20240831_20240906_02_T1,2024-08-31,928,40.703383280000025,40.89768957885716,39.43400582494847,37.076961633235314,0.1885428298778591,0.2548060258741088,0.3795532030941568,0.532096695042938
AWS,LC08_L2SP_114035_20240831_20240906_02_T1,2024-08-31,837,38.81549690000001,38.53095487314287,37.523751577525786,38.44283160479819,0.5198782595978083,0.5563615756449063,0.6917207945069725,0.6294576314861329
AWS,LC08_L2SP_114035_20240831_20240906_02_T1,2024-08-31,820,38.662825340000005,37.68367654400003,36.41372875176613,35.74695068038997,0.4820998984607619,0.5878670562636455,0.6861613031420393,0.7228204217231382
AWS,LC08_L2SP_114035_20240831_20240906_02_T1,2024-08-31,840,38.76194792000001,39.43350746857144,43.46178806412373,42.2357385629851,0.7362558551521525,0.7011154053728411,0.3998303208143665,0.4260084204454108
AWS,LC08_L2SP_114035_20240831_20240906_02_T1,2024-08-31,827,45.29606282000001,44.60655496727275,42.369705649717,43.45316169589667,0.4467650526058129,0.400770220306891,0.4936825889026166,0.38803299967189275
AWS,LC08_L2SP_114035_20240831_20240906_02_T1,2024-08-31,949,41.19216014000002,40.329576183636384,38.17909205515925,36.72307843489693,0.3637117702904859,0.2967417625553201,0.4415923595367817,0.5736592189721043
AWS,LC08_L2SP_114035_20240831_20240906_02_T1,2024-08-31,812,39.390863600000024,38.26952517200002,34.7071934703093,33.58826271351848,0.4228720677553612,0.512726651148073,0.7452347439246381,0.7925455865664047
AWS,LC08_L2SP_114035_20240831_20240906_02_T1,2024-08-31,801,,,33.57409186516131,33.74546470839261,,,0.7751725752444194,0.7814676929756239
AWS,LC08_L2SP_114035_20240831_20240906_02_T1,2024-08-31,825,40.611096740000015,39.57755259714287,36.69171232639177,36.89860654155991,0.4234724367102141,0.45083428563313865,0.6382493776519006,0.6495486314750556
AWS,LC08_L2SP_114035_20240831_20240906_02_T1,2024-08-31,810,41.99539484000002,40.901471289655184,39.55384012349541,38.90006056433103,0.5038017079950126,0.6052629947479506,0.5201500465674423,0.5557321550768377
AWS,LC08_L2SP_114035_20240831_20240906_02_T1,2024-08-31,972,43.46628278000003,43.90265000000002,,38.87202976286258,0.21127853585979434,0.3732511582459471,,0.5965234178597879
AWS,LC08_L2SP_114035_20240831_20240906_02_T1,2024-08-31,860,45.095538980000036,45.41611670342859,45.79475556134278,45.26579402375654,0.39481017101730337,0.3537780139571862,0.28880786772782946,0.2833963166365913
AWS,LC08_L2SP_114035_20240831_20240906_02_T1,2024-08-31,805,37.182822679999994,37.50984581257144,36.61936674307181,34.38391660080404,0.6724640224118924,0.6435012763924051,0.6950010613768254,0.7870477424131885
AWS,LC08_L2SP_114035_20240831_20240906_02_T1,2024-08-31,845,43.45488938000002,42.749182184000006,39.35027304747254,39.843084561965085,0.50723946953509,0.5505089804337727,0.5375805241349807,0.5590639573632019
AWS,LC08_L2SP_114035_20240831_20240906_02_T1,2024-08-31,927,33.85481054000002,34.41810023600002,36.42393610432992,34.69067900630947,0.7272740490768171,0.8104815740668485,0.6632993063311035,0.7086839422875436
AWS,LC08_L2SP_114035_20240831_20240906_02_T1,2024-08-31,842,30.03346418000001,29.94176358628573,31.89023136610356,31.16616254317136,0.7255304386446713,0.750043594804901,0.6973951244819592,0.7782686564649794
AWS,LC08_L2SP_114035_20240831_20240906_02_T1,2024-08-31,939,38.49762103999999,38.51310570636365,39.44885771379017,38.06861919938056,0.7483887188369516,0.6676645153323192,0.5856989640554165,0.6160025440403527
AWS,LC08_L2SP_114035_20240831_20240906_02_T1,2024-08-31,824,34.67513534,34.076298236000014,,,0.7526177501513713,0.7061791892471444,,
AWS,LC08_L2SP_114035_20240831_20240906_02_T1,2024-08-31,915,34.951994960000036,34.94652612800003,34.97320471483947,34.173048204182464,0.6535207877011238,0.7089945412240907,0.7358411998628923,0.7802499104664576
AWS,LC08_L2SP_114035_20240831_20240906_02_T1,2024-08-31,925,39.725829560000044,40.194847009142876,39.077408065979405,36.62890376185569,0.580419909887154,0.6064568524252475,0.6068861668605853,0.6600862578195048
AWS,LC08_L2SP_114035_20240831_20240906_02_T1,2024-08-31,941,40.91757920000001,40.997788736000025,40.5887576806316,40.71976088559287,0.7575331690008165,0.47994445060088353,0.4215595632057337,0.38822411515224625
AWS,LC08_L2SP_114035_20240831_20240906_02_T1,2024-08-31,835,37.45740362,37.0698978097143,37.04775047045457,35.651703901335694,0.3692406433367163,0.5617962453593249,0.6106768642753415,0.6708907894060909
AWS,LC08_L2SP_114035_20240831_20240906_02_T1,2024-08-31,832,40.78313708000004,40.511062688000024,38.438580005783464,38.98385499292923,0.5203446491545654,0.5511177720007323,0.5931670210934039,0.5863175180022134
AWS,LC08_L2SP_114035_20240831_20240906_02_T1,2024-08-31,803,35.59914008000004,35.22875100363638,34.91908907407667,34.52296369448981,0.6520652731352854,0.5887888180896124,0.7008639958787741,0.7287518475959145
AWS,LC08_L2SP_114035_20240831_20240906_02_T1,2024-08-31,826,43.39678304000004,43.16461810057145,41.869298287393825,40.88135295839405,0.36128171424408334,0.39803609209454355,0.4991003462560679,0.5355784968239576
AWS,LC08_L2SP_114035_20240831_20240906_02_T1,2024-08-31,849,37.39360058000002,36.96227900857145,37.254291794639194,36.06466000641018,0.3621156196347444,0.6560290266159013,0.6704957776016766,0.7253019352974654
AWS,LC08_L2SP_114035_20240831_20240906_02_T1,2024-08-31,853,31.93844066000001,31.245201098857166,28.340819834793763,28.308306982068984,0.44950610482195624,0.7166216012521668,0.8604105705934992,0.8655351745760319
AWS,LC08_L2SP_114035_20240831_20240906_02_T1,2024-08-31,846,43.34779142,42.33648068342858,44.25642341403464,43.758173480061764,0.7943002489221289,0.6503004683089836,0.4477320234326123,0.4279649565229626
AWS,LC08_L2SP_114035_20240831_20240906_02_T1,2024-08-31,905,38.46571952000003,38.347553685714296,36.26423427165261,34.79470350057707,0.5440695571473134,0.5580296205500818,0.6766682939757473,0.7517351057271421
AWS,LC08_L2SP_114035_20240831_20240906_02_T1,2024-08-31,673,38.364318260000026,38.0988194874286,38.83309206824743,37.071883647042675,0.5653060919139145,0.596290074518406,0.5514832477463889,0.6149562835255515
AWS,LC08_L2SP_114035_20240831_20240906_02_T1,2024-08-31,802,31.06456688000001,30.653265140000016,29.976590865782512,30.348024747377067,0.6772279348640562,0.7580205093532845,0.8375211259657439,0.834022294606043
AWS,LC08_L2SP_114035_20240831_20240906_02_T1,2024-08-31,819,,,,32.401957704414734,,,,0.8196019198506955
AWS,LC08_L2SP_114035_20240831_20240906_02_T1,2024-08-31,839,42.02615702000003,41.86108293028574,39.956656400151154,37.852776666268795,0.23743608852958928,0.3545175408984402,0.5177697756988604,0.6236030750229643
AWS,LC08_L2SP_114035_20240831_20240906_02_T1,2024-08-31,841,37.13155238000002,37.15769209485717,36.96901416250297,36.70348143826385,0.7040969171521475,0.7492519671556346,0.7134067679389955,0.7263582431292768
AWS,LC08_L2SP_114035_20240831_20240906_02_T1,2024-08-31,935,36.098171,35.8633367497143,34.30930583523134,34.37088253102461,0.4175041029044458,0.6421731795985598,0.7067213401861312,0.7435261096709823
AWS,LC08_L2SP_114035_20240831_20240906_02_T1,2024-08-31,992,41.058857360000026,41.079039954285726,38.56143974103095,36.34739379448455,0.3686448037207843,0.4550840188153659,0.5881462309404001,0.6617116323528619
AWS,LC08_L2SP_114035_20240831_20240906_02_T1,2024-08-31,900,33.97899860000001,34.51556263485717,34.53725170845363,34.357649591094045,0.792606407451867,0.7643455623618844,0.7513911264120495,0.7555540567321507
AWS,LC08_L2SP_114035_20240831_20240906_02_T1,2024-08-31,806,,,,34.149820360187995,,,,0.7327880781756478
AWS,LC08_L2SP_114035_20240831_20240906_02_T1,2024-08-31,813,37.12471634,36.99802173200002,37.3771066304887,37.69585053612027,0.8214014757795245,0.7503399109942511,0.6796369258261213,0.6580635564636348
AWS,LC08_L2SP_114035_20240831_20240906_02_T1,2024-08-31,922,36.74303744000002,36.5538744474286,33.88370225974656,31.931214537268495,0.5994095201768803,0.6559421248771253,0.7396875134159164,0.8116217750044248
AWS,LC08_L2SP_114035_20240831_20240906_02_T1,2024-08-31,944,43.56654470000003,43.52575632800002,41.86918173399295,38.68834444611113,0.4405526999429017,0.4389535595535916,0.5634114670661422,0.6545070543714007
AWS,LC08_L2SP_114035_20240831_20240906_02_T1,2024-08-31,940,37.35372368000001,37.3741992474286,37.15446446824744,39.637345281598876,0.592747326412026,0.661446191426921,0.6399160141613638,0.46657530480923903
AWS,LC08_L2SP_114035_20240831_20240906_02_T1,2024-08-31,848,39.56518262000001,38.817775580000024,35.04172341387549,34.534660706286516,0.3159214517067839,0.389657870445182,0.6761236823757991,0.7188982913461264
AWS,LC08_L2SP_114035_20240831_20240906_02_T1,2024-08-31,829,35.55584516000001,36.349574509142876,36.03558168989693,34.432192816280676,0.7223665218566081,0.6714583174566325,0.5984439991022092,0.6763905925452218
AWS,LC08_L2SP_114035_20240831_20240906_02_T1,2024-08-31,296,44.223943880000036,43.817752893714314,43.91375167709817,43.09329454071751,0.20614084398487634,0.23316778701955476,0.42648911086407015,0.4556159922801198
AWS,LC08_L2SP_114035_20240831_20240906_02_T1,2024-08-31,954,36.29755550000002,37.27917829142858,40.94141651589207,41.42188094425351,0.7557337765236634,0.7356668771074985,0.3942506918020675,0.24743756180927248
AWS,LC08_L2SP_114035_20240831_20240906_02_T1,2024-08-31,854,,,,32.34572089054091,,,,0.8251146566227217
AWS,LC08_L2SP_114035_20240831_20240906_02_T1,2024-08-31,937,37.31726480000003,38.49003629085716,36.98552109711342,35.62540173634176,0.693390053895663,0.6213214403949855,0.6048416234882213,0.6365486637399549
AWS,LC08_L2SP_114035_20240831_20240906_02_T1,2024-08-31,817,31.351680560000016,31.572354441714314,31.47107242927837,30.532175221160372,0.7915735899589534,0.7937690130122438,0.8149257439858888,0.8470509538838723
AWS,LC08_L2SP_114035_20240831_20240906_02_T1,2024-08-31,814,34.53613586000002,34.8845134794286,35.01078946136002,33.44416820322198,0.6672656149321923,0.7356925051057258,0.682005118952259,0.7410767395193266
AWS,LC08_L2SP_114035_20240831_20240906_02_T1,2024-08-31,828,40.32284372000004,39.72247664514288,37.31011424665766,35.82721740627839,0.5235613932810009,0.6513971797437824,0.692084329641481,0.7289887450023814
AWS,LC08_L2SP_114035_20240831_20240906_02_T1,2024-08-31,808,44.54068040000002,42.871000416800015,43.10114324163144,41.116300407353776,0.5825725255846544,0.4735667179720712,0.3478093292148863,0.4778865476471574
AWS,LC08_L2SP_114035_20240831_20240906_02_T1,2024-08-31,815,42.28478720000002,41.84506706514288,40.59476751411767,39.21384194381011,0.3620788439767007,0.367180363226195,0.5388467712763529,0.6111765063136637
AWS,LC08_L2SP_114035_20240831_20240906_02_T1,2024-08-31,816,,,36.17493177190478,34.72459087443072,,,0.6786077433202885,0.7490519042399088
AWS,LC08_L2SP_114035_20240831_20240906_02_T1,2024-08-31,807,37.170289939999996,36.75339831312502,35.87344600689657,35.95353701967073,0.6127559763916044,0.6554130625360202,0.6845062535697035,0.6790745242812003
AWS,LC08_L2SP_114035_20240831_20240906_02_T1,2024-08-31,823,37.12471634000004,38.450582574285725,37.41553091062071,36.46754994755321,0.7312905903029514,0.637758555299617,0.6505276422642154,0.6751727915737141
AWS,LC08_L2SP_114035_20240831_20240906_02_T1,2024-08-31,847,40.377532040000006,39.787614340571444,35.325223644470334,34.341891195933265,0.5430045529587987,0.5859352835884177,0.7282064577898836,0.7536087886147491
ASOS,LC08_L2SP_114035_20250802_20250808_02_T1,2025-08-02,138,49.35894926000003,50.224684897142865,49.797476857923336,50.02121517691907,0.6227887373948068,0.44472936806647995,0.25190359237964166,0.23702647624478068
ASOS,LC08_L2SP_114035_20250802_20250808_02_T1,2025-08-02,277,47.878946600000006,48.98106816000003,53.52979183240345,51.908429119874235,0.7355223505057957,0.7698160729283196,0.46560541809747086,0.4951473447204837
ASOS,LC08_L2SP_114035_20250802_20250808_02_T1,2025-08-02,281,,49.15472256500001,45.550782992272744,44.01606157897865,,0.410972636908867,0.44590732824644785,0.4980663196159724
ASOS,LC08_L2SP_114035_20250802_20250808_02_T1,2025-08-02,278,53.13244334000001,52.09485135565218,48.98156877909093,50.65910969569002,0.28526922876008004,0.38458982896827687,0.4933744987136799,0.4486864707345862
ASOS,LC08_L2SP_114035_20250802_20250808_02_T1,2025-08-02,285,50.369543840000006,50.8512812064286,44.5581286422397,42.03067482721314,0.33695626836510045,0.36825971071370606,0.40550604182930683,0.5474590152642599
ASOS,LC08_L2SP_114035_20250802_20250808_02_T1,2025-08-02,288,49.471743920000016,49.369496293142866,47.35522357407231,47.81622183956289,0.4385340622765746,0.4135798208306239,0.4359978997233577,0.3920197379487932
ASOS,LC08_L2SP_114035_20250802_20250808_02_T1,2025-08-02,136,52.89489095000002,53.514748877000024,51.36404611266804,50.34286756896554,0.4165608596847331,0.2962854462508943,0.45467550325577,0.49198951578317285
ASOS,LC08_L2SP_114035_20250802_20250808_02_T1,2025-08-02,253,41.31748754000002,41.99653418000002,47.251240734639204,46.33965748774121,0.7219778814268109,0.693856524077465,0.3632856005655647,0.40122427184073955
ASOS,LC08_L2SP_114035_20250802_20250808_02_T1,2025-08-02,257,45.257325259999995,45.1364250097143,47.4359991967494,47.57025705045266,0.6025709704492809,0.5764625104753957,0.4504694480534509,0.4106791674444185
ASOS,LC08_L2SP_114035_20250802_20250808_02_T1,2025-08-02,152,43.54717592000001,43.12155104857145,40.7996242303093,40.941655795974455,0.4594434563708081,0.5468235489215136,0.6659456007732991,0.6491751351623385
ASOS,LC08_L2SP_114035_20250802_20250808_02_T1,2025-08-02,143,45.633307460000026,45.13516819739132,,,0.38962675747174785,0.3967070326265522,,
ASOS,LC08_L2SP_114035_20250802_20250808_02_T1,2025-08-02,283,46.362485060000004,45.4590860977143,40.337801513541685,39.71989384450074,0.49811375369891775,0.4569510943101725,0.6647207012156693,0.6982906654243162
ASOS,LC08_L2SP_114035_20250802_20250808_02_T1,2025-08-02,296,47.91426614000002,47.60023148342859,47.33315072300443,46.66984647619731,0.2508379420657233,0.25616007054211426,0.4069707770487934,0.44428046194716064
AWS,LC08_L2SP_114035_20250802_20250808_02_T1,2025-08-02,919,43.13929220000002,43.61159745885716,40.92442698577321,41.0760006270255,0.5312560891731245,0.5022083880040882,0.6497101978784597,0.6542606213086735
AWS,LC08_L2SP_114035_20250802_20250808_02_T1,2025-08-02,928,47.74564382000002,47.783046724571456,46.23997465201837,43.15493644205884,0.19864050921227014,0.2734096564393991,0.35681293778056605,0.514574337359152
AWS,LC08_L2SP_114035_20250802_20250808_02_T1,2025-08-02,827,50.97111536000002,50.123757129090926,47.21166538938777,48.63953543203841,0.3885212959650846,0.381386001833671,0.500058301178998,0.378753155172999
AWS,LC08_L2SP_114035_20250802_20250808_02_T1,2025-08-02,949,43.268037619999994,42.661111202000015,40.76981082320002,39.52721209598427,0.3174395757207297,0.3008336107760185,0.41895351420413485,0.5562193315182505
AWS,LC08_L2SP_114035_20250802_20250808_02_T1,2025-08-02,812,44.916662600000016,43.281709700000015,37.983124851958785,36.34559598474666,0.46381327309153386,0.5000877521678325,0.7311314228890823,0.7874227766789128
AWS,LC08_L2SP_114035_20250802_20250808_02_T1,2025-08-02,801,44.569163900000014,44.92441011200001,41.08604070406701,40.184776108943545,0.7064105152447525,0.6691044010402398,0.7349821557595462,0.7648961072837814
AWS,LC08_L2SP_114035_20250802_20250808_02_T1,2025-08-02,830,45.318849620000016,45.71778138285716,43.91853028536084,43.301990800062995,0.6907139367672568,0.5955291099901325,0.6310666900227604,0.655666688101525
AWS,LC08_L2SP_114035_20250802_20250808_02_T1,2025-08-02,805,40.00154984000003,40.64260762914287,39.86152456247426,37.34797413915261,0.7107072561351858,0.6524568338659915,0.6944533695324556,0.7870151808081439
AWS,LC08_L2SP_114035_20250802_20250808_02_T1,2025-08-02,927,,,43.58842737858066,39.31726421377559,,,0.5889278905987114,0.7192537724265662
AWS,LC08_L2SP_114035_20250802_20250808_02_T1,2025-08-02,939,43.29652112,43.79783072000001,44.973935040085124,43.819609266854364,0.6724302667968384,0.653056780187104,0.5700865245847162,0.5815684019244596
AWS,LC08_L2SP_114035_20250802_20250808_02_T1,2025-08-02,915,38.73802178000003,38.61259672228573,38.58121158057605,37.387912431628195,0.5842152901599524,0.6065540817907129,0.6783876954641632,0.7424594105378828
AWS,LC08_L2SP_114035_20250802_20250808_02_T1,2025-08-02,941,44.84488418000001,44.950680037142874,44.37928152250297,44.51560615905531,0.6116742532166874,0.4495872060482184,0.38293362284484805,0.35883401947243554
AWS,LC08_L2SP_114035_20250802_20250808_02_T1,2025-08-02,803,46.42173074000002,45.855478760000025,43.54860785315177,42.85629861662393,0.6022535795531312,0.5893054314782261,0.671794875144561,0.6925740504471503
AWS,LC08_L2SP_114035_20250802_20250808_02_T1,2025-08-02,846,45.936371900000005,45.34668206857144,47.0448586941678,45.970788299841345,0.7767081869502843,0.6485496340198111,0.4463171782614954,0.43362781193356076
AWS,LC08_L2SP_114035_20250802_20250808_02_T1,2025-08-02,905,43.80124874000003,43.47448602800002,41.19828751835053,38.38263707279132,0.41329231682169737,0.47415725709494055,0.6006873037443495,0.7185326973171132
AWS,LC08_L2SP_114035_20250802_20250808_02_T1,2025-08-02,673,43.96189568,43.585522849142876,44.50207204350517,42.483929537215715,0.6316812802752636,0.5985402535239995,0.531371560430988,0.6062957321594608
AWS,LC08_L2SP_114035_20250802_20250808_02_T1,2025-08-02,859,32.682429680000006,32.6661208417143,32.83184374556703,32.92758381302034,0.7733501976372416,0.864554055546937,0.8717855482648859,0.865468073738355
AWS,LC08_L2SP_114035_20250802_20250808_02_T1,2025-08-02,844,50.827558520000004,50.513165785142874,48.933830575463936,48.489244727644355,0.36715025177448973,0.4812050611585442,0.5667507821402339,0.5714837234206804
AWS,LC08_L2SP_114035_20250802_20250808_02_T1,2025-08-02,841,42.94332572000004,42.27739776628575,40.86800420659796,39.900469162200594,0.42375590101623223,0.5667129069973444,0.6987791587581893,0.7383440289109454
AWS,LC08_L2SP_114035_20250802_20250808_02_T1,2025-08-02,935,42.84762116000004,42.15806003942859,40.99078380560002,39.18464604777974,0.3178589038061855,0.5388605799889786,0.5465055626061364,0.6503385402905837
AWS,LC08_L2SP_114035_20250802_20250808_02_T1,2025-08-02,900,38.31988400000002,38.880276517142875,38.284544883711355,38.10859823690587,0.6779478174774827,0.7213491216127625,0.7284373957884166,0.7403924958078024
AWS,LC08_L2SP_114035_20250802_20250808_02_T1,2025-08-02,811,48.325567880000015,48.28129638285717,46.91972196308403,45.53727446000002,0.4858663801809288,0.4775766212942232,0.42397279022511325,0.45356390770017013
AWS,LC08_L2SP_114035_20250802_20250808_02_T1,2025-08-02,813,43.032194240000024,43.240888775428594,43.53655325000001,43.149067171068346,0.7689875074803593,0.7255340822220511,0.6411690158363129,0.6403808608206526
AWS,LC08_L2SP_114035_20250802_20250808_02_T1,2025-08-02,944,46.942409120000036,46.40636592628573,45.39824691683872,43.05487573351895,0.45813020473452276,0.43164283733669456,0.5336557064050749,0.5854596791407295
AWS,LC08_L2SP_114035_20250802_20250808_02_T1,2025-08-02,940,42.04894382000001,41.551019687428585,40.800657858350526,43.58648315000002,0.508751259703338,0.6025136501217218,0.5912176642494854,0.44079728186290335
AWS,LC08_L2SP_114035_20250802_20250808_02_T1,2025-08-02,829,43.39336502000001,43.72019283714286,43.033086918762905,40.962671154810515,0.6750247772196785,0.621983066133192,0.5506554238558858,0.6320405419908671
AWS,LC08_L2SP_114035_20250802_20250808_02_T1,2025-08-02,312,44.53783205000002,44.13826551200002,38.88205221738719,34.674674524140144,0.5238202978802723,0.539986781428135,0.7006369015315272,0.8095124730204025
AWS,LC08_L2SP_114035_20250802_20250808_02_T1,2025-08-02,954,37.17028994000003,36.86995991600002,39.98622571700002,43.49217967027029,0.7625600510309174,0.7296654961084917,0.5544026664427173,0.29528673207442485
AWS,LC08_L2SP_114035_20250802_20250808_02_T1,2025-08-02,854,,,,36.65555988102475,,,,0.8155330187654365
AWS,LC08_L2SP_114035_20250802_20250808_02_T1,2025-08-02,816,,,37.68414356059408,35.5777994568685,,,0.6399585060766838,0.740332938644241
AWS,LC08_L2SP_114035_20250802_20250808_02_T1,2025-08-02,807,44.45750858,44.21775889142859,43.39962334760003,42.874104974401206,0.6588277917249842,0.628807042545505,0.7150091664797128,0.7192222226542089
AWS,LC08_L2SP_114035_20250802_20250808_02_T1,2025-08-02,823,46.68150026000003,47.889103002285744,46.02236133005742,44.42106887635521,0.7107459729476201,0.6098787014467526,0.6294335056270974,0.679077903458669
AWS,LC08_L2SP_114035_20250802_20250808_02_T1,2025-08-02,995,42.80090822000002,42.34019167657146,37.13127831195879,36.28919185713856,0.3976719720264499,0.43853699710316657,0.7674590076346379,0.8000582392597936
AWS,LC08_L2SP_114035_20250802_20250808_02_T1,2025-08-02,832,,,47.01151205537933,48.59473204405174,,,0.6188654886177255,0.5553217055487488
AWS,LC08_L2SP_114035_20250802_20250808_02_T1,2025-08-02,925,43.918600760000025,44.33485049085716,43.18842132655175,40.34934723605896,0.5877567628084498,0.6007851761221777,0.5855199017374414,0.6246878897071868
AWS,LC08_L2SP_114035_20250802_20250808_02_T1,2025-08-02,840,43.35120944000001,43.5053458657143,47.4657929430928,46.16931874238704,0.7133649295171721,0.6799259256203614,0.390701161865078,0.4180008790366837
AWS,LC08_L2SP_114035_20250802_20250808_02_T1,2025-08-02,836,42.950161760000015,43.532299394857155,41.83791534350517,39.95895844103385,0.6570101864375727,0.6245823509680631,0.6506026427305754,0.7205431104683468
AWS,LC08_L2SP_114035_20250802_20250808_02_T1,2025-08-02,937,38.48964566000001,38.205754684571446,38.50912798247424,37.28899361966745,0.46244110956161166,0.6489850551019346,0.6467737988770044,0.6653964278236515
ASOS,LC08_L2SP_114036_20200820_20200905_02_T1,2020-08-20,159,39.49112552000005,40.19826502914289,42.17414021574915,41.883976600261605,0.7042745220575979,0.571123024376213,0.33001372352445824,0.31060523362276005
ASOS,LC08_L2SP_114036_20200820_20200905_02_T1,2020-08-20,162,39.88305848000001,40.77719269739132,40.08451450727275,39.986938274242895,0.5556243011696927,0.5330850577672251,0.5022485576184853,0.5210498569475878
ASOS,LC08_L2SP_114036_20200820_20200905_02_T1,2020-08-20,294,44.64208166000001,44.520204832571444,41.3746111503093,39.12599238731077,0.42152434943776057,0.3642548204033474,0.49372437859417834,0.6053033359979894
ASOS,LC08_L2SP_114036_20200820_20200905_02_T1,2020-08-20,288,45.084145580000005,44.697746557142885,43.08995129328469,43.29833440683501,0.45503393172810896,0.4095338240638222,0.46858656192026255,0.42933904439719284
ASOS,LC08_L2SP_114036_20200820_20200905_02_T1,2020-08-20,285,,,42.72103779464569,40.57531081294619,,,0.41250127461419145,0.4853493142440807
ASOS,LC08_L2SP_114036_20200820_20200905_02_T1,2020-08-20,192,42.35200826000001,42.45142381314287,40.45586641225002,38.51531463937685,0.46728357265529663,0.5039481028149028,0.5216302122207898,0.6388760921203624
ASOS,LC08_L2SP_114036_20200820_20200905_02_T1,2020-08-20,253,41.50433930000005,42.05708196285716,46.081197283505176,45.22768218537384,0.7379805509972278,0.6994223925069544,0.3771951659657785,0.4107131682565545
ASOS,LC08_L2SP_114036_20200820_20200905_02_T1,2020-08-20,257,43.492487600000004,43.478197021142876,45.55362971166248,45.793994394833504,0.62303506815681,0.5951093236945647,0.45256094559446103,0.43246097174855824
ASOS,LC08_L2SP_114036_20200820_20200905_02_T1,2020-08-20,263,38.267474360000016,38.967155713333355,,38.093639289514236,0.8122293579111229,0.6815146009332381,,0.6683704035673779
ASOS,LC08_L2SP_114036_20200820_20200905_02_T1,2020-08-20,255,39.07070906000001,40.162717621142875,44.35566098061857,43.984522796061924,0.7955615008807607,0.6714605760014313,0.42224838036392814,0.4477622928519512
ASOS,LC08_L2SP_114036_20200820_20200905_02_T1,2020-08-20,155,42.00906692000001,41.816843985714314,40.51865750494847,40.57108099425646,0.5931109247137129,0.6722113171273335,0.5816365821677889,0.5340232225132493
AWS,LC08_L2SP_114036_20200820_20200905_02_T1,2020-08-20,160,33.617827820000024,33.53019629771431,33.17297838125002,33.80833317781957,0.7316968699171172,0.8228049454175828,0.8378511478755731,0.8335361887705841
AWS,LC08_L2SP_114036_20200820_20200905_02_T1,2020-08-20,919,39.81469808000001,40.15529563485715,37.89756864000002,38.323796832132864,0.6206579909061585,0.5244252704505954,0.680193160304534,0.6676595216277046
AWS,LC08_L2SP_114036_20200820_20200905_02_T1,2020-08-20,928,45.91358510000001,45.988683882285734,44.252842397319604,41.43101592313637,0.24781897360291416,0.2950160306382496,0.38527049923626405,0.5219587061998638
AWS,LC08_L2SP_114036_20200820_20200905_02_T1,2020-08-20,673,39.63012500000002,39.39258888628575,40.26069291876291,38.57116636660752,0.625800304015649,0.6055907780318637,0.5399069620706203,0.6326001409873621
AWS,LC08_L2SP_114036_20200820_20200905_02_T1,2020-08-20,937,37.886934800000006,39.038286698857156,38.08041509134023,36.914813272863306,0.622331483886687,0.5714468621266658,0.5714197425612066,0.6101093578031014
AWS,LC08_L2SP_114036_20200820_20200905_02_T1,2020-08-20,910,35.523943640000006,34.41800257828574,35.07017073906316,37.711945055495676,0.6831572485812241,0.8042391000683785,0.735392187145777,0.570762203488784
AWS,LC08_L2SP_114036_20200820_20200905_02_T1,2020-08-20,954,36.377309300000036,36.90817663485716,41.75579986004126,42.722652108431554,0.7826299519822401,0.738181983922922,0.39651635600875046,0.27849718612670576
AWS,LC08_L2SP_114036_20200820_20200905_02_T1,2020-08-20,936,34.75033178000003,35.115181000571454,37.00279129896909,35.6086951403951,0.7963652847981351,0.7967946659535875,0.6936121334738993,0.7524079352267353
AWS,LC08_L2SP_114036_20200820_20200905_02_T1,2020-08-20,950,,,,42.44873300999104,,,,0.42811497969657125
AWS,LC08_L2SP_114036_20200820_20200905_02_T1,2020-08-20,944,40.545015020000015,40.80686790457144,39.57897830764152,37.749347929091556,0.4849473112790817,0.5179497921491671,0.5665755608501309,0.624609267984426
AWS,LC08_L2SP_114036_20200820_20200905_02_T1,2020-08-20,938,,,38.754131918374306,39.031124404273974,,,0.5789027785744806,0.5633364901883557
AWS,LC08_L2SP_114036_20200820_20200905_02_T1,2020-08-20,908,37.64311604000002,37.88602332800002,38.87445676618558,37.37770240994841,0.754102175231354,0.6674633617220196,0.6192361063983262,0.6751616499368066
AWS,LC08_L2SP_114036_20200820_20200905_02_T1,2020-08-20,905,43.52438912,43.34831226114287,40.187043005567034,37.70020829237907,0.378925716936841,0.47113596204126895,0.6327323841365963,0.7402117293528027
AWS,LC08_L2SP_114036_20200820_20200905_02_T1,2020-08-20,925,41.57725706000002,42.05366394285717,41.04039346621967,38.71706017137727,0.5785882554910405,0.6174484805741548,0.5793201770298894,0.6229026605945843
AWS,LC08_L2SP_114036_20200820_20200905_02_T1,2020-08-20,922,38.59902230000002,38.98320774800003,36.11675466635733,33.824696142893025,0.637198616442442,0.6905443797922768,0.7424587354600821,0.8131725573442518
AWS,LC08_L2SP_114036_20200820_20200905_02_T1,2020-08-20,940,39.29174102000002,38.89238607371431,38.482531636701054,40.45902600000574,0.6467088818114018,0.6361511275683949,0.628912530532963,0.4629316587321546
AWS,LC08_L2SP_114036_20200820_20200905_02_T1,2020-08-20,907,,,36.00323443955557,36.31643175281252,,,0.7572232923587549,0.7346490538096505
AWS,LC08_L2SP_114036_20200820_20200905_02_T1,2020-08-20,918,37.497280520000025,38.06346739485716,39.01394173814435,38.10359042882911,0.718688465181374,0.7224442521892092,0.6002681603285935,0.6609369652101202
AWS,LC08_L2SP_114036_20200820_20200905_02_T1,2020-08-20,917,39.420486440000026,38.252239756571456,37.15233790452176,35.84060511848443,0.3926569449918696,0.5262052773285079,0.7116165242203767,0.758925920719452
AWS,LC08_L2SP_114036_20200820_20200905_02_T1,2020-08-20,930,38.456604800000015,37.826870219375024,34.7145253100501,33.32160074225147,0.491471567814757,0.6480970725737536,0.7711740579706049,0.8294224322911276
AWS,LC08_L2SP_114036_20200820_20200905_02_T1,2020-08-20,953,36.819373220000024,36.77477619714287,35.822471435272746,34.92858905069343,0.6651868699065654,0.7221444264975773,0.6803296649351764,0.7335466655342388
AWS,LC08_L2SP_114036_20200820_20200905_02_T1,2020-08-20,913,38.065811180000026,38.06871131818184,37.425644720085366,34.709118420866965,0.6282623629747454,0.607795346809283,0.6337354699410663,0.7384136232137041
AWS,LC08_L2SP_114036_20200820_20200905_02_T1,2020-08-20,935,37.39018256000001,36.61901214285716,35.35128928443116,34.82128519546771,0.4352806047599582,0.6392095427977805,0.6148671924407715,0.6952293999973724
AWS,LC08_L2SP_114036_20200820_20200905_02_T1,2020-08-20,941,43.53008581999999,43.80886604171431,42.862288818938694,43.26049111385238,0.339715414860472,0.35115454157497905,0.3876308783211823,0.3626387120288814
AWS,LC08_L2SP_114036_20200820_20200905_02_T1,2020-08-20,926,38.82916898000002,39.624916588571445,38.312491993402084,38.94773962396909,0.7206098425803643,0.7061318387289275,0.7242706042068893,0.709662562793627
AWS,LC08_L2SP_114036_20200820_20200905_02_T1,2020-08-20,929,33.96190850000003,34.198858667428595,34.77683415958765,33.43017464048098,0.7750183972483575,0.8033952060582442,0.7632778217695966,0.8078724119093852
AWS,LC08_L2SP_114036_20200820_20200905_02_T1,2020-08-20,942,36.229195100000005,36.82506992000003,40.43632014846953,42.188184124647734,0.8011153953810181,0.8181929174334631,0.49043582554542936,0.4021251422028736
AWS,LC08_L2SP_114036_20200820_20200905_02_T1,2020-08-20,904,45.48063590000004,45.807040533714314,45.50671850235997,45.58952895146363,0.44967492333454984,0.3692981989384409,0.4079954122207105,0.36794142808422486
AWS,LC08_L2SP_114036_20200820_20200905_02_T1,2020-08-20,899,43.30221781999999,43.27126032457144,42.806182072164965,43.28074700186048,0.2741502684930875,0.2798699024247949,0.35063534243121014,0.33779739936016545
AWS,LC08_L2SP_114036_20200820_20200905_02_T1,2020-08-20,920,38.49762104000001,38.7597668977143,37.8848871202062,36.91219273496709,0.8693684941996368,0.6653185056724363,0.6642904957722818,0.7049996219846436
AWS,LC08_L2SP_114036_20200820_20200905_02_T1,2020-08-20,915,36.44453036000001,35.952498242857175,35.5314454940758,34.56242507555557,0.6055273470557013,0.6912981553056368,0.7385250121860448,0.7769633461519347
AWS,LC08_L2SP_114036_20200820_20200905_02_T1,2020-08-20,939,41.89171490000001,42.30244697000001,43.126342510042576,41.78182367436966,0.6719335574830523,0.6774389269671497,0.5777612354885012,0.5886691949850354
ASOS,LC08_L2SP_114036_20220709_20220721_02_T1,2022-07-09,162,35.69256596,36.621177596521754,36.326875110567535,36.537972027621265,0.5999419451313028,0.5043149211731002,0.45196916828841355,0.4600227921224864
ASOS,LC08_L2SP_114036_20220709_20220721_02_T1,2022-07-09,295,38.10796675999999,37.90526189771429,35.37065889354168,32.97831572158577,0.5573341812286556,0.4840636090969057,0.5735324838423509,0.6761328122958473
ASOS,LC08_L2SP_114036_20220709_20220721_02_T1,2022-07-09,294,38.56826012000001,38.30917420400002,35.23629356969074,33.559196346627786,0.5137436934379496,0.41478884619292017,0.5173922511313875,0.6020365309522427
ASOS,LC08_L2SP_114036_20220709_20220721_02_T1,2022-07-09,155,36.85925012000001,36.65211810800001,35.70143002520002,34.43784651216297,0.5147802478025166,0.5939672826532711,0.5220430787545273,0.5755159944794719
ASOS,LC08_L2SP_114036_20220709_20220721_02_T1,2022-07-09,255,33.22475552000001,33.90139326971429,36.19541330147099,36.57614502523168,0.6192870724987084,0.5156123483586345,0.36915869653474764,0.3785848646303341
AWS,LC08_L2SP_114036_20220709_20220721_02_T1,2022-07-09,919,36.16994942000002,36.486099993714305,34.841694319175275,35.01438434424279,0.46406383079247404,0.45072008233695304,0.5318744398482984,0.5669187312593089
AWS,LC08_L2SP_114036_20220709_20220721_02_T1,2022-07-09,913,36.70543922000004,36.39255892769232,35.74300579951301,33.24254401576008,0.5464325524549144,0.573707790021667,0.621244474243671,0.7214602403642698
AWS,LC08_L2SP_114036_20220709_20220721_02_T1,2022-07-09,907,,,30.55285168216751,30.943621556923095,,,0.7258646262413412,0.7102892784127294
AWS,LC08_L2SP_114036_20220709_20220721_02_T1,2022-07-09,929,30.551863880000024,30.806424988571443,31.380054432783524,29.897828885206206,0.7025789213787266,0.6964473735223254,0.711946709501118,0.7775742892273525
AWS,LC08_L2SP_114036_20220709_20220721_02_T1,2022-07-09,939,,,,39.740478076100544,,,,0.5151151630193667
AWS,LC08_L2SP_114036_20220709_20220721_02_T1,2022-07-09,926,33.82974506000003,34.10901357028573,33.303032972252495,33.187910397774885,0.5923628792798467,0.6106221260542283,0.6770242597361232,0.6800094603099882
AWS,LC08_L2SP_114036_20220709_20220721_02_T1,2022-07-09,925,35.14910077999999,35.53090989028575,36.04642464709792,34.907963284341825,0.525558197746364,0.6204544263579223,0.5895290256104332,0.6107308799810581
AWS,LC08_L2SP_114036_20220709_20220721_02_T1,2022-07-09,922,,,,29.071674467640474,,,,0.8116401507677309
AWS,LC08_L2SP_114036_20220709_20220721_02_T1,2022-07-09,944,38.03732768000001,37.62869525085716,36.251697065000016,34.22868665004853,0.4546000199172379,0.4097114952120407,0.5352911289881315,0.5395370556031902
AWS,LC08_L2SP_114036_20220709_20220721_02_T1,2022-07-09,920,35.12631398,35.50786266971431,34.55803781175259,33.83506078401376,0.7673244199776871,0.563410028745413,0.5657382037594127,0.6163603758443481
AWS,LC08_L2SP_114036_20220709_20220721_02_T1,2022-07-09,917,35.22657590000002,34.616443053714306,33.43807464356523,32.07225260314308,0.35940904729439094,0.4964477276201534,0.6627673545440959,0.7109374271608959
AWS,LC08_L2SP_114036_20220709_20220721_02_T1,2022-07-09,915,32.83168322000002,33.066224497142876,32.87780887134023,32.06604021643861,0.6516452670607187,0.6167991935285434,0.6747128304665926,0.744738423324836
AWS,LC08_L2SP_114036_20220709_20220721_02_T1,2022-07-09,910,34.55208662000001,,,,0.7794595066484066,,,
AWS,LC08_L2SP_114036_20220709_20220721_02_T1,2022-07-09,930,,,30.737383255681088,29.626503682099464,,,0.730075960736772,0.8002629634294773
AWS,LC08_L2SP_114036_20220709_20220721_02_T1,2022-07-09,905,37.89718886000003,37.82332707542859,35.61983755509862,34.18509721240677,0.35376816937616073,0.46887744257262215,0.6218548806462459,0.6898605405158936
AWS,LC08_L2SP_114036_20220709_20220721_02_T1,2022-07-09,918,32.75192942000001,33.10069767028573,33.467141295670125,32.84200861674657,0.6718117427696755,0.635546470583088,0.5564468632211896,0.6035898814521411
AWS,LC08_L2SP_114036_20220709_20220721_02_T1,2022-07-09,673,34.48543523000001,34.51021587500002,34.53284443333335,32.561116296213115,0.4591968370255958,0.48549975872646134,0.5411480875640282,0.6416905749355044
ASOS,LC08_L2SP_114036_20230813_20230818_02_T1,2023-08-13,159,39.789632600000004,40.4598900457143,42.834262300618576,43.08225173947436,0.7516882558325456,0.5819237603151152,0.31492504979579056,0.26863392619882953
ASOS,LC08_L2SP_114036_20230813_20230818_02_T1,2023-08-13,295,43.295381780000035,43.10377734457145,40.48891037296598,38.429715849745975,0.5547119987411978,0.5089364136103212,0.5581818684257306,0.6239993838905129
AWS,LC08_L2SP_114036_20230813_20230818_02_T1,2023-08-13,928,,,40.67022951243245,,,,0.3556846245510891,
AWS,LC08_L2SP_114036_20230813_20230818_02_T1,2023-08-13,937,,,,40.26117553937194,,,,0.49660335403154626
AWS,LC08_L2SP_114036_20230813_20230818_02_T1,2023-08-13,942,34.96224902000002,35.46538156400002,39.65511217484538,41.82106342523335,0.732084824162933,0.7831354215763154,0.4853590202578908,0.3965760787661817
AWS,LC08_L2SP_114036_20230813_20230818_02_T1,2023-08-13,905,38.87075489000003,38.809130000000025,37.11407397432655,36.00880096465013,0.5567890363753004,0.5561661889634403,0.604020576307689,0.67236527107656
AWS,LC08_L2SP_114036_20230813_20230818_02_T1,2023-08-13,936,35.79168854000002,35.955525632000025,37.78999781238206,36.328433244216235,0.74325337678995,0.7626146054709575,0.7057745079812492,0.7366964975467463
AWS,LC08_L2SP_114036_20230813_20230818_02_T1,2023-08-13,944,45.43734098000001,45.14755798914288,42.489703599777485,40.127433173276614,0.4738885144542771,0.4740651295247183,0.5896423877326521,0.6382190992179503
AWS,LC08_L2SP_114036_20230813_20230818_02_T1,2023-08-13,953,39.58683008000005,39.43526530742859,38.81107565584073,37.853219100153865,0.7915488071586644,0.7646106659372913,0.7011438502169793,0.7327475692888484
ASOS,LC08_L2SP_114036_20240612_20240628_02_T1,2024-06-12,159,36.23830982000002,36.95602891485716,39.472348351640534,39.43766307215192,0.6202477678229267,0.5259585769882655,0.3171608133622675,0.29077946273059435
ASOS,LC08_L2SP_114036_20240612_20240628_02_T1,2024-06-12,162,,,37.37648356645671,38.19388018710061,,,0.4936039453854461,0.4748382076570962
ASOS,LC08_L2SP_114036_20240612_20240628_02_T1,2024-06-12,295,42.73995353000001,41.950840649473705,39.9996543691648,37.11020639484538,0.28622263218513155,0.48927872509334275,0.44623171295980496,0.5183608562503701
ASOS,LC08_L2SP_114036_20240612_20240628_02_T1,2024-06-12,294,44.23419794000002,44.055647085714305,40.318654394226826,37.610367353064866,0.5025963364720459,0.39708129781484136,0.4937455512441631,0.6001159084969037
ASOS,LC08_L2SP_114036_20240612_20240628_02_T1,2024-06-12,288,42.94332572000002,42.4915611337143,41.424459515288476,41.42104308302126,0.3469769631507473,0.3679693956791629,0.34504122231082685,0.33706472234111035
ASOS,LC08_L2SP_114036_20240612_20240628_02_T1,2024-06-12,192,40.55071172000002,40.31281752800002,37.09432999423379,35.81099124610456,0.3788638876822037,0.4816365341920319,0.5187192878830653,0.5962356017882863
ASOS,LC08_L2SP_114036_20240612_20240628_02_T1,2024-06-12,253,37.04154452000002,37.707309710857174,42.29379620804126,41.51002654083598,0.6764024054618228,0.6474916609488006,0.3454340276126962,0.3315122594387073
ASOS,LC08_L2SP_114036_20240612_20240628_02_T1,2024-06-12,257,39.68139530000004,39.61183045485717,40.809147583116584,41.026736463975176,0.5036064198629892,0.5155843193374232,0.4128008663958618,0.38759563973969047
ASOS,LC08_L2SP_114036_20240612_20240628_02_T1,2024-06-12,263,40.37069600000003,40.28600506000002,,37.886105943649305,0.4944217087412531,0.4054615815224285,,0.5208803013025909
ASOS,LC08_L2SP_114036_20240612_20240628_02_T1,2024-06-12,155,39.70987880000001,38.90430031485716,37.76535902811646,37.03200462796815,0.44736206578961535,0.5835608131293445,0.499667354734787,0.5182218182725052
ASOS,LC08_L2SP_114036_20240612_20240628_02_T1,2024-06-12,255,39.07298774000003,39.46221883657146,42.44923585525775,41.601473017774616,0.5151599036276693,0.4609353859049266,0.3327186426344869,0.37625092309086977
AWS,LC08_L2SP_114036_20240612_20240628_02_T1,2024-06-12,919,39.74519834000002,40.064180987428585,37.4558631591514,37.054972875206204,0.27710235338526784,0.2386692579277628,0.31587413249861374,0.3929509349986548
AWS,LC08_L2SP_114036_20240612_20240628_02_T1,2024-06-12,928,43.79897006000002,43.849393993142876,42.11245321567012,39.57697211225715,0.2661844441070618,0.291494372502361,0.3714235544273824,0.48245050686730845
AWS,LC08_L2SP_114036_20240612_20240628_02_T1,2024-06-12,907,,,33.374787145853674,33.71432589680002,,,0.6991486449579372,0.6923659608795678
AWS,LC08_L2SP_114036_20240612_20240628_02_T1,2024-06-12,929,35.235690620000035,35.18735005142859,35.55649509278352,33.140370969934175,0.4948916876474345,0.43714361048393996,0.549326504228487,0.7119903258424053
AWS,LC08_L2SP_114036_20240612_20240628_02_T1,2024-06-12,939,38.57851418000001,38.815134382727294,39.386919544297896,38.611121337747875,0.7174385916513325,0.654851423978387,0.5597577962848523,0.5583754658125137
AWS,LC08_L2SP_114036_20240612_20240628_02_T1,2024-06-12,938,,,35.23058620449907,35.53564858706813,,,0.5511089501159421,0.5461425786324265
AWS,LC08_L2SP_114036_20240612_20240628_02_T1,2024-06-12,915,36.63821816000003,36.89811789028573,36.03537418123713,34.20642243388986,0.4453050433518908,0.39061885300924226,0.5016819162225997,0.6377070761139318
AWS,LC08_L2SP_114036_20240612_20240628_02_T1,2024-06-12,917,39.429601160000004,38.52021252457144,38.28275112090118,36.65305630226015,0.2982016140315483,0.46970032756036884,0.5118467987595633,0.5409426059735163
AWS,LC08_L2SP_114036_20240612_20240628_02_T1,2024-06-12,920,39.64721510000002,40.33498582914287,39.6278071674227,38.46840951054682,0.29067284256570164,0.2939033207834137,0.32857560336529834,0.3937311573377354
AWS,LC08_L2SP_114036_20240612_20240628_02_T1,2024-06-12,899,41.75727278000003,41.66928317942859,41.20681886494848,41.65441118846068,0.25921589527152644,0.3144089559947987,0.36459599776630475,0.3371200704529454
AWS,LC08_L2SP_114036_20240612_20240628_02_T1,2024-06-12,941,38.23557284000001,38.336323048571444,39.03218269473172,39.26475126176002,0.5869822679984099,0.42754250563138546,0.37583766746555586,0.3558750456072596
AWS,LC08_L2SP_114036_20240612_20240628_02_T1,2024-06-12,160,29.62444112000001,29.563632916571443,29.04722718125002,29.74142613136285,0.650826885901,0.7441569876192,0.7930301535013796,0.7914366567236101
AWS,LC08_L2SP_114036_20240612_20240628_02_T1,2024-06-12,925,39.479732120000016,39.602064683428594,39.51089550727629,36.31427222891673,0.46098415405114235,0.5271074730396025,0.46629078656127637,0.5626210205106855
AWS,LC08_L2SP_114036_20240612_20240628_02_T1,2024-06-12,926,36.030949940000006,36.057089654857165,34.15218219525775,34.98909217048384,0.49907658857109727,0.5247724458813845,0.5895933411721275,0.6024786817217908
AWS,LC08_L2SP_114036_20240612_20240628_02_T1,2024-06-12,904,40.566662480000026,40.19035475428575,39.70275049452176,40.127763040565306,0.4310632855989353,0.4332211252829475,0.38725304473155475,0.3536145204984667
AWS,LC08_L2SP_114036_20240612_20240628_02_T1,2024-06-12,930,,,,28.487438639154952,,,,0.8225718669506277
AWS,LC08_L2SP_114036_20240612_20240628_02_T1,2024-06-12,942,33.81607298000004,34.04768452571432,37.74160434824744,39.70774663584535,0.763549550961446,0.7744230376467912,0.4546365175617257,0.38818700244713705
AWS,LC08_L2SP_114036_20240612_20240628_02_T1,2024-06-12,905,39.54011714000003,39.30625946685718,36.84188595195878,34.79706853099916,0.44732050361327946,0.49886995402967715,0.6320164263627417,0.7227160270243167
AWS,LC08_L2SP_114036_20240612_20240628_02_T1,2024-06-12,918,36.56416106,36.81940577257145,37.97593252350518,37.071044496582225,0.3103186466128544,0.3392417286296719,0.345851424501969,0.38978617745951427
AWS,LC08_L2SP_114036_20240612_20240628_02_T1,2024-06-12,673,38.384826380000014,38.560838133714306,40.00411041855672,38.51240636575438,0.5851610685964529,0.5464536196541806,0.4337044926872316,0.44969692654267895
AWS,LC08_L2SP_114036_20240612_20240628_02_T1,2024-06-12,935,,,,32.62215270917868,,,,0.5919762153640693
AWS,LC08_L2SP_114036_20240612_20240628_02_T1,2024-06-12,936,37.39360058000002,37.301248934857156,37.99394398025976,35.70520453529889,0.3952726473394439,0.3876919302781434,0.4724818399094742,0.5978531003974978
AWS,LC08_L2SP_114036_20240612_20240628_02_T1,2024-06-12,944,41.73676466000003,41.3493565074286,39.01049715526503,36.467466718210325,0.3869914566812002,0.30904900526514695,0.44549435488490835,0.5102679960838791
AWS,LC08_L2SP_114036_20240612_20240628_02_T1,2024-06-12,922,,,,30.54172405461743,,,,0.8058641591104068
AWS,LC08_L2SP_114036_20240612_20240628_02_T1,2024-06-12,940,36.148301960000005,36.02115161600002,35.74470153195878,38.127889390363606,0.5005633595930403,0.573055952928644,0.5770766374372451,0.435176644957914
AWS,LC08_L2SP_114036_20240612_20240628_02_T1,2024-06-12,908,37.573616300000026,37.357304462857165,37.589296907216514,35.0143985245606,0.4809816789904209,0.49431922110779153,0.5217124278063197,0.6250640597369571
AWS,LC08_L2SP_114036_20240612_20240628_02_T1,2024-06-12,913,37.78895156000002,37.7893459469231,36.54067636845661,32.659108191769036,0.48973856040512187,0.513997332459232,0.5551823049017893,0.6837391375269338
AWS,LC08_L2SP_114036_20240612_20240628_02_T1,2024-06-12,296,42.260861060000025,42.01889779657145,42.19038404827882,41.04694442787559,0.20652380775931176,0.24142474694086366,0.31795569891276937,0.35498573755410545
AWS,LC08_L2SP_114036_20240612_20240628_02_T1,2024-06-12,950,,,,38.86952403261735,,,,0.4062030109001615
AWS,LC08_L2SP_114036_20240612_20240628_02_T1,2024-06-12,937,36.95153666000002,37.892273421714314,36.58804021690723,35.17078543494847,0.6252582322970759,0.5524827208990671,0.5510156185963988,0.5946060262030493
ASOS,LC08_L2SP_114036_20240730_20240801_02_T1,2024-07-30,159,42.456827540000006,43.43503231142858,46.69433694831426,46.24212246609274,0.7857101714991391,0.6001951765870452,0.33513847324948426,0.31949791080843243
ASOS,LC08_L2SP_114036_20240730_20240801_02_T1,2024-07-30,295,45.44759504000001,45.23505930114287,41.67854716487807,38.516765816389785,0.5078996665685918,0.4695941541645585,0.5915169007687077,0.7216695661928919
ASOS,LC08_L2SP_114036_20240730_20240801_02_T1,2024-07-30,294,47.25800630000001,47.02766430457144,43.17039892268043,40.70488908812373,0.5518963016035324,0.4205608951286222,0.5190655690545776,0.6236349808537708
ASOS,LC08_L2SP_114036_20240730_20240801_02_T1,2024-07-30,285,,,43.17161444663074,41.007173091561846,,,0.49569740138405427,0.6212318325249451
ASOS,LC08_L2SP_114036_20240730_20240801_02_T1,2024-07-30,288,50.94604988000003,50.73611834685717,48.53514850745765,49.267810608469404,0.4363735522655697,0.4037971438221475,0.46933325825244643,0.4192963707774171
ASOS,LC08_L2SP_114036_20240730_20240801_02_T1,2024-07-30,253,42.46366358,43.4677476457143,48.957952478350535,47.807259209742284,0.7983998195839233,0.7503066535825316,0.3736202882195408,0.41285491075661357
ASOS,LC08_L2SP_114036_20240730_20240801_02_T1,2024-07-30,257,45.56038970000003,45.693659927428584,47.428325569738504,47.52765100612587,0.6651659656165537,0.605858319011728,0.48154162188259314,0.4288507919514869
ASOS,LC08_L2SP_114036_20240730_20240801_02_T1,2024-07-30,263,41.86664942000001,42.55949473333336,,40.91782893684835,0.8441260532313234,0.7015610347427187,,0.7043313242399557
ASOS,LC08_L2SP_114036_20240730_20240801_02_T1,2024-07-30,155,46.25082974000003,46.248746375428595,44.1566719216495,44.315937100553214,0.6215241501011995,0.6966597459630173,0.6080487936663569,0.5544080997491311
ASOS,LC08_L2SP_114036_20240730_20240801_02_T1,2024-07-30,255,45.63558614000002,46.7593009057143,49.99910956020621,48.84216602315157,0.6519859702286355,0.5247759072799401,0.34943509726704614,0.40323632392385467
AWS,LC08_L2SP_114036_20240730_20240801_02_T1,2024-07-30,919,43.75453580000002,44.58182685028574,42.161888736995444,41.98397524013675,0.7094110589060217,0.6120238772777368,0.6793635321006909,0.6949503153203129
AWS,LC08_L2SP_114036_20240730_20240801_02_T1,2024-07-30,928,52.34288072000004,52.403721476000015,50.14016455051548,46.41046287443325,0.18146145606212202,0.2622354305609316,0.3718520873632581,0.5268423009348521
AWS,LC08_L2SP_114036_20240730_20240801_02_T1,2024-07-30,907,,,,36.37067005509093,,,,0.8001053951804282
AWS,LC08_L2SP_114036_20240730_20240801_02_T1,2024-07-30,929,,,,34.386937342248146,,,,0.850397011457971
AWS,LC08_L2SP_114036_20240730_20240801_02_T1,2024-07-30,939,44.488270760000034,44.76683939000002,46.00707885557449,44.25677555884946,0.7572244694035346,0.6824310179603457,0.599490064613599,0.6061884307670639
AWS,LC08_L2SP_114036_20240730_20240801_02_T1,2024-07-30,938,,,42.25790609879019,42.337792762073754,,,0.6077794517872233,0.6003401837001948
AWS,LC08_L2SP_114036_20240730_20240801_02_T1,2024-07-30,915,36.433136960000034,36.45924412228573,37.02836746358623,36.387325219262316,0.7181071006924014,0.7230635686685528,0.7418706800831754,0.7871070739490759
AWS,LC08_L2SP_114036_20240730_20240801_02_T1,2024-07-30,917,41.86778876000002,40.89358795485717,39.49612070497818,37.80524821276931,0.33907896229804435,0.531244510142935,0.6978489640123748,0.7577329385837301
AWS,LC08_L2SP_114036_20240730_20240801_02_T1,2024-07-30,920,40.54387568000004,41.23109301542859,40.49875233463919,39.565678084488994,0.8886887916145118,0.6516788878821023,0.6573355571462373,0.6971195523114536
AWS,LC08_L2SP_114036_20240730_20240801_02_T1,2024-07-30,899,48.79611530000002,48.778178833142874,48.38597906165329,48.881300586239966,0.25548860884546687,0.32452425173651206,0.38164781825848415,0.3462225549925312
AWS,LC08_L2SP_114036_20240730_20240801_02_T1,2024-07-30,941,44.769687740000016,45.44238662857144,45.099610916971855,45.713145302885195,0.7721306429705459,0.4924835280359671,0.42570651036947244,0.3887127915029355
AWS,LC08_L2SP_114036_20240730_20240801_02_T1,2024-07-30,160,34.22737472000002,34.35774776857144,34.21381573625002,35.0597705274737,0.7048221886893155,0.8411013147450255,0.8767863726213235,0.8757934300932981
AWS,LC08_L2SP_114036_20240730_20240801_02_T1,2024-07-30,925,44.54523776000002,44.69540277200002,43.221457798762906,40.786371170672666,0.5153246064009117,0.6449773879263765,0.6420595469388777,0.6822498970349272
AWS,LC08_L2SP_114036_20240730_20240801_02_T1,2024-07-30,926,39.572018660000026,39.9704295817143,39.451009789278366,40.81791320733468,0.8012915329597629,0.7593453645126637,0.7449951368957163,0.7303663110416944
AWS,LC08_L2SP_114036_20240730_20240801_02_T1,2024-07-30,904,46.13917442000002,45.72627760400001,46.021141186223794,46.97957049461142,0.5914094634839477,0.5647242234909687,0.4681830025114794,0.41875539657890487
AWS,LC08_L2SP_114036_20240730_20240801_02_T1,2024-07-30,942,39.384027560000014,40.348950882285735,45.22202921154641,47.95035121993131,0.8531882958682894,0.8700492822391177,0.5140955356142703,0.41696279000480363
AWS,LC08_L2SP_114036_20240730_20240801_02_T1,2024-07-30,905,45.14566994000004,44.86591314114288,41.931650528866,39.24192612655026,0.511568190705605,0.5463117162731776,0.6589454173975877,0.7551131050733949
AWS,LC08_L2SP_114036_20240730_20240801_02_T1,2024-07-30,918,38.42128526000001,38.29599041257145,38.87523896720875,38.939098187684074,0.7143761041178123,0.7037048240369476,0.5645033418326934,0.6295851504655673
AWS,LC08_L2SP_114036_20240730_20240801_02_T1,2024-07-30,673,43.263480259999994,43.28629961257144,44.784898516288685,42.61844061944462,0.6645804762768106,0.641104930479278,0.5574927788814178,0.628158012717313
AWS,LC08_L2SP_114036_20240730_20240801_02_T1,2024-07-30,935,,,38.2480196625574,37.70319668486809,,,0.7403896880354988,0.7896769549354543
AWS,LC08_L2SP_114036_20240730_20240801_02_T1,2024-07-30,936,37.29219932000003,37.7897328217143,39.559724750721664,37.907537185462374,0.7801923430852175,0.7932625733176726,0.7096619213510412,0.7623103822467512
AWS,LC08_L2SP_114036_20240730_20240801_02_T1,2024-07-30,944,46.52655002000002,46.0450323834286,43.09518404084807,40.46044297355995,0.47211353237144776,0.49727595069623853,0.6094193225081375,0.6864428836783717
AWS,LC08_L2SP_114036_20240730_20240801_02_T1,2024-07-30,922,41.42116748000001,41.0354846137143,37.048430961536695,34.35715253319151,0.55126787160859,0.6453802925503623,0.7486504397801962,0.8222316709633496
AWS,LC08_L2SP_114036_20240730_20240801_02_T1,2024-07-30,953,38.29709720000002,38.515036665714305,37.630044148035736,36.42123563744757,0.764925620006704,0.734864618150788,0.7032436885721635,0.743981970454547
AWS,LC08_L2SP_114036_20240730_20240801_02_T1,2024-07-30,940,42.77356406000001,42.66089961028573,43.059326976082495,46.30190465933583,0.6564814971411242,0.6815078739258333,0.6541414796175649,0.4782921618757231
AWS,LC08_L2SP_114036_20240730_20240801_02_T1,2024-07-30,908,40.81731728000002,40.39641253142859,41.71276780234484,39.305691779430276,0.5906415076667202,0.6608649797573969,0.5960246516033052,0.6818062125314517
AWS,LC08_L2SP_114036_20240730_20240801_02_T1,2024-07-30,296,47.95642172,47.68812342628572,47.65487751864509,46.44452451911181,0.258924738003897,0.25142380360273225,0.43573618833285427,0.468657624301245
AWS,LC08_L2SP_114036_20240730_20240801_02_T1,2024-07-30,950,,,,44.56071038584383,,,,0.44407171849390303
AWS,LC08_L2SP_114036_20240730_20240801_02_T1,2024-07-30,937,44.23989464000001,45.2437508377143,43.47482195711343,41.730973532337266,0.7089134628634765,0.6198656824186194,0.6056553544406055,0.6448093990368406
ASOS,LC08_L2SP_114036_20240815_20240822_02_T1,2024-08-15,295,46.96063856000001,46.833520768571454,43.07029382265428,39.37674453017875,0.4256396342796418,0.4465350496198982,0.5476408348793415,0.6756756717354474
ASOS,LC08_L2SP_114036_20240831_20240906_02_T1,2024-08-31,159,39.425043800000026,40.2848874217143,42.60391084635322,42.37650424050885,0.7194992225668487,0.5968145460114832,0.31071474214106987,0.26572636145104545
ASOS,LC08_L2SP_114036_20240831_20240906_02_T1,2024-08-31,162,40.00382852000001,40.10910353600002,40.06316610781643,39.35919352173266,0.6550495161880189,0.5816285575419025,0.48501534442214,0.4981539576252674
ASOS,LC08_L2SP_114036_20240831_20240906_02_T1,2024-08-31,295,43.83087158000001,43.51921326114288,40.30389260988401,36.619680312448295,0.3219653643573559,0.43866566052572986,0.5362627908696699,0.6715354289166169
ASOS,LC08_L2SP_114036_20240831_20240906_02_T1,2024-08-31,294,43.55629064000001,43.42966113714287,39.76583957876291,37.49440280556703,0.5508080490049764,0.40893576325775793,0.5117671595512105,0.6178981263339578
ASOS,LC08_L2SP_114036_20240831_20240906_02_T1,2024-08-31,285,45.13769456000002,45.66397198228573,41.81039244347828,39.56320702656313,0.32215855618932526,0.39361957339818177,0.4221886020147032,0.5249609710388076
ASOS,LC08_L2SP_114036_20240831_20240906_02_T1,2024-08-31,288,43.30791452000002,43.204071817142875,40.90483257667872,41.42486905847626,0.45695395665359767,0.3922470629667958,0.47153717380699706,0.427278921138985
ASOS,LC08_L2SP_114036_20240831_20240906_02_T1,2024-08-31,192,43.87758452000003,43.5997808754286,41.077721310487824,38.92118471327625,0.39444714829365884,0.49533842215149376,0.553414027016042,0.6442243862981925
ASOS,LC08_L2SP_114036_20240831_20240906_02_T1,2024-08-31,253,38.40761318,39.24385618742859,43.646874042886616,42.90232612938111,0.797176686863831,0.73771865529687,0.36871310352949915,0.4010220531749452
ASOS,LC08_L2SP_114036_20240831_20240906_02_T1,2024-08-31,257,40.26587672000003,40.40295559828574,42.31117791972808,42.838599495687575,0.6761396921412862,0.6275626097410053,0.4946748214358231,0.43637968462916216
ASOS,LC08_L2SP_114036_20240831_20240906_02_T1,2024-08-31,263,38.55117002000001,39.464414326666684,,38.18395965805689,0.7137000538172242,0.6477639102178872,,0.6838033528674118
ASOS,LC08_L2SP_114036_20240831_20240906_02_T1,2024-08-31,155,39.59366612000002,39.44083179714286,37.75918730685474,37.72901312899647,0.5733084921611175,0.6409508787516977,0.5613869201533176,0.5363499793023347
ASOS,LC08_L2SP_114036_20240831_20240906_02_T1,2024-08-31,255,39.363519440000005,39.75118801314287,42.54220225821103,41.783645699344284,0.6166316680302449,0.5088636427151699,0.34758268659841823,0.39603826194624875
AWS,LC08_L2SP_114036_20240831_20240906_02_T1,2024-08-31,919,41.58978980000003,41.604145484000014,38.41428851034405,38.64799630134022,0.44256153032233064,0.41636811548344843,0.6154856469913953,0.6308038056653753
AWS,LC08_L2SP_114036_20240831_20240906_02_T1,2024-08-31,928,40.68401450000001,40.8857753377143,39.42083881319589,37.06585306823531,0.20549819799512944,0.27194668438759606,0.38218250186886654,0.5342369573830741
AWS,LC08_L2SP_114036_20240831_20240906_02_T1,2024-08-31,907,,,37.89119437795456,37.22252725691632,,,0.6450295890871363,0.6711081477767029
AWS,LC08_L2SP_114036_20240831_20240906_02_T1,2024-08-31,931,34.00520342000001,33.85060374615386,34.61066658863743,34.3573174616794,0.8022871986679941,0.8350294651305614,0.6812753901043519,0.7050869261590648
AWS,LC08_L2SP_114036_20240831_20240906_02_T1,2024-08-31,306,39.482580470000016,38.37873091100001,35.039488503772745,33.14054746297991,0.3919955749142764,0.401590462907172,0.690769878476937,0.7629198533385964
AWS,LC08_L2SP_114036_20240831_20240906_02_T1,2024-08-31,929,32.383922600000005,32.64619866800001,33.56422402639178,32.19016238846839,0.8062607354234341,0.8164446863385174,0.7611587555338587,0.8081316858449704
AWS,LC08_L2SP_114036_20240831_20240906_02_T1,2024-08-31,939,38.480530940000016,38.50331774000003,39.41658013142858,37.93597021737321,0.7523330166929684,0.6794270293434286,0.594535634272375,0.6292448681546425
AWS,LC08_L2SP_114036_20240831_20240906_02_T1,2024-08-31,938,,,37.69595427860115,37.840537716633676,,,0.5972972820830933,0.587259964085072
AWS,LC08_L2SP_114036_20240831_20240906_02_T1,2024-08-31,915,34.937183540000014,34.93929945714287,34.96142290061858,34.17310703413083,0.6539877297777111,0.7059727584763523,0.7362509640870877,0.7805288986940523
AWS,LC08_L2SP_114036_20240831_20240906_02_T1,2024-08-31,917,38.91575882000003,38.39169497257145,37.52796486718025,35.73426726157784,0.38675953897230614,0.5248656845935323,0.6770257835117249,0.7379465949016135
AWS,LC08_L2SP_114036_20240831_20240906_02_T1,2024-08-31,920,37.7786975,38.35145999428573,37.84147474247425,36.9946851260464,0.824733939632103,0.6149306411667553,0.6396403542006248,0.6733096269832062
AWS,LC08_L2SP_114036_20240831_20240906_02_T1,2024-08-31,921,32.41924214000002,32.25756979400002,,,0.6843828778516354,0.7342338489434362,,
AWS,LC08_L2SP_114036_20240831_20240906_02_T1,2024-08-31,925,39.720132860000014,40.189378177142885,39.07782308329899,36.62990097800002,0.5728794746543624,0.6026135233347767,0.6068658383173013,0.6600416360837651
AWS,LC08_L2SP_114036_20240831_20240906_02_T1,2024-08-31,926,36.16653140000002,36.52770218000003,35.79355220268043,36.68460426957345,0.7458218044549175,0.7190386169640598,0.7253655351709135,0.7125730898563671
AWS,LC08_L2SP_114036_20240831_20240906_02_T1,2024-08-31,899,41.961214640000016,42.01753058857144,41.55926727427588,41.79361798806787,0.2784710111897403,0.3207009079344415,0.37476473944403205,0.33703979835971637
AWS,LC08_L2SP_114036_20240831_20240906_02_T1,2024-08-31,941,40.920997220000025,40.998179366857165,40.57908607761684,40.71872571382145,0.7377967820611255,0.4789119559065001,0.4234761220956954,0.3901784430222855
AWS,LC08_L2SP_114036_20240831_20240906_02_T1,2024-08-31,160,,,,32.26485560932737,,,,0.8540659928505241
AWS,LC08_L2SP_114036_20240831_20240906_02_T1,2024-08-31,904,43.18942316000001,42.720080185142876,41.74144698844809,42.257402223134704,0.5103190207742914,0.5275244028500288,0.46094895143695713,0.41383066075011826
AWS,LC08_L2SP_114036_20240831_20240906_02_T1,2024-08-31,910,34.944019579999996,33.914967692000026,34.83059936956405,37.416801472772086,0.7988236944118828,0.8473107427233575,0.7599504981687512,0.5836867805736492
AWS,LC08_L2SP_114036_20240831_20240906_02_T1,2024-08-31,930,37.10079020000003,36.96179072000002,33.55945523059183,31.912121990646376,0.5651022205667292,0.5178129474025253,0.7491435842125338,0.81947828157947
AWS,LC08_L2SP_114036_20240831_20240906_02_T1,2024-08-31,942,34.73210233999998,35.381395929714294,39.655609412577334,41.95949910083097,0.8492617908780743,0.8360094535905759,0.4949152121251977,0.401489550666602
AWS,LC08_L2SP_114036_20240831_20240906_02_T1,2024-08-31,905,38.51585048000002,38.38056199314287,36.788430165548974,34.95878696753625,0.5373999141184083,0.5522075966507504,0.655886455144348,0.749278534304351
AWS,LC08_L2SP_114036_20240831_20240906_02_T1,2024-08-31,918,37.458542960000024,38.02352538971431,38.833835967216515,37.71462740110755,0.6988219387440434,0.6812436199975659,0.5540316965573949,0.6139926225642682
AWS,LC08_L2SP_114036_20240831_20240906_02_T1,2024-08-31,673,38.346088820000034,38.07694415942858,38.83504578185568,37.06999996868596,0.569689340297579,0.5994266588106986,0.5511485853629904,0.6161924759475926
AWS,LC08_L2SP_114036_20240831_20240906_02_T1,2024-08-31,947,34.18977650000003,35.2160614194286,33.86935594669606,32.739978149295794,0.8242026342759524,0.744211816420317,0.7064805803912741,0.771161744141726
AWS,LC08_L2SP_114036_20240831_20240906_02_T1,2024-08-31,936,35.77118042000003,35.915192996000016,37.52957356577321,35.955755783246516,0.7384296980342975,0.7677373549141544,0.6915107305593952,0.7461849382223658
AWS,LC08_L2SP_114036_20240831_20240906_02_T1,2024-08-31,935,36.06854816000001,35.846734938285735,34.295225450745576,34.36773660656718,0.4181521396917735,0.642407482657338,0.7069141412164208,0.7443056380996773
AWS,LC08_L2SP_114036_20240831_20240906_02_T1,2024-08-31,922,36.721389980000005,36.5360030857143,33.88786582202533,31.931722531745653,0.5786160477481331,0.6421011915476706,0.7391216166890104,0.8110579816034202
AWS,LC08_L2SP_114036_20240831_20240906_02_T1,2024-08-31,944,43.559708660000034,43.524682093142886,41.86561878028271,38.68762582085079,0.43944797415382336,0.42935763337430266,0.5621174345731775,0.6546456903822273
AWS,LC08_L2SP_114036_20240831_20240906_02_T1,2024-08-31,940,37.314986120000015,37.34714806057145,37.15048265113404,39.63676255326076,0.5916519161986032,0.6510829997160544,0.6364470718531869,0.46548972633382374
AWS,LC08_L2SP_114036_20240831_20240906_02_T1,2024-08-31,908,38.72207102000002,38.956644849714316,41.03900308804125,38.33565434815837,0.6289811701317287,0.6709317020074959,0.5812161399591806,0.6701570750972448
AWS,LC08_L2SP_114036_20240831_20240906_02_T1,2024-08-31,953,36.26451464000004,36.46647079314288,34.83218976648651,33.89042803077326,0.7613346699526482,0.6952640385633769,0.696346663368614,0.7335918446740571
AWS,LC08_L2SP_114036_20240831_20240906_02_T1,2024-08-31,913,38.24468756000001,37.902722797142864,37.65898849484538,34.36249103331023,0.5262436787620294,0.5119948165456745,0.559722645801846,0.6877246324186088
AWS,LC08_L2SP_114036_20240831_20240906_02_T1,2024-08-31,296,44.22850123999999,43.81999902114288,43.91153944509248,43.088601146073984,0.2468979648891473,0.24639879573634552,0.4255469648099343,0.4572676620564293
AWS,LC08_L2SP_114036_20240831_20240906_02_T1,2024-08-31,937,37.29789602000002,38.47372745257144,36.98085410989693,35.6221767639163,0.6972597275883782,0.631840191849654,0.6077180455162714,0.6374095263892431
AWS,LC08_L2SP_114036_20240831_20240906_02_T1,2024-08-31,950,,,,41.49600442447937,,,,0.4270341906029375
ASOS,LC08_L2SP_114036_20250802_20250808_02_T1,2025-08-02,159,40.86744824000002,41.66859957542859,44.06671196173686,43.818814215945174,0.6693941784781012,0.5600895607346311,0.31070787346865875,0.3008928824637273
ASOS,LC08_L2SP_114036_20250802_20250808_02_T1,2025-08-02,285,50.37865856000002,50.8692258114286,44.57947470003986,42.10600776139856,0.33459176967920595,0.3655015519870086,0.409573572029403,0.5478792769837615
ASOS,LC08_L2SP_114036_20250802_20250808_02_T1,2025-08-02,288,49.458071840000024,49.3632461994286,47.35578363518074,47.82197038700811,0.4471240193281673,0.4136504978970405,0.43511868395767206,0.3927260014960926
ASOS,LC08_L2SP_114036_20250802_20250808_02_T1,2025-08-02,253,41.357364440000005,42.01899545428574,47.253323651752595,46.34458734309764,0.7201380744486707,0.6916433289046245,0.3651792588636621,0.40147624993241104
ASOS,LC08_L2SP_114036_20250802_20250808_02_T1,2025-08-02,257,45.2584646,45.13935474114287,47.43886168248141,47.57624825525315,0.612214715435793,0.5830996465210407,0.4475373017031921,0.41076329498930153
ASOS,LC08_L2SP_114036_20250802_20250808_02_T1,2025-08-02,263,40.77744038000003,41.68258271333335,,40.6173529855332,0.7797271512611411,0.643939909685249,,0.6447555370863003
ASOS,LC08_L2SP_114036_20250802_20250808_02_T1,2025-08-02,155,45.834970640000016,45.75635618000002,43.961010831752596,44.156495917542394,0.5157957064484284,0.6267283076684078,0.5748859462874232,0.5272064697511554
ASOS,LC08_L2SP_114036_20250802_20250808_02_T1,2025-08-02,255,45.76319222000001,46.61935740114287,49.819215213195896,48.983779146243926,0.6605393938250897,0.505153518586876,0.3448266051125829,0.39327524982134027
ASOS,LC08_L2SP_114036_20250802_20250808_02_T1,2025-08-02,296,47.91882350000003,47.604333107428594,47.3366643871576,46.66630563083523,0.2511778752806691,0.2604310591787149,0.4077321790940999,0.44684303159539807
AWS,LC08_L2SP_114036_20250802_20250808_02_T1,2025-08-02,919,43.116505400000015,43.596167540000025,40.93187772123713,41.08666371432581,0.51842205210545,0.49978752916076163,0.6492516339235084,0.6552565738526845
AWS,LC08_L2SP_114036_20250802_20250808_02_T1,2025-08-02,928,47.74222580000003,47.78138654342859,46.23303277883029,43.15337724147061,0.19206595459644205,0.26663709591551993,0.3545379806723043,0.514704696188225
AWS,LC08_L2SP_114036_20250802_20250808_02_T1,2025-08-02,939,43.28968508000003,43.79285905454548,44.97165878421278,43.819036110501855,0.7063289248696828,0.6644565393480429,0.5724718085162486,0.580575242249947
AWS,LC08_L2SP_114036_20250802_20250808_02_T1,2025-08-02,938,,,39.78469402415881,40.018323894057275,,,0.5753741641942682,0.5621672608554916
AWS,LC08_L2SP_114036_20250802_20250808_02_T1,2025-08-02,926,39.763427779999994,40.08019685257143,39.03357693363638,39.36367909273888,0.7259162309510688,0.7161563053915604,0.7179558818782183,0.7186420389106009
AWS,LC08_L2SP_114036_20250802_20250808_02_T1,2025-08-02,920,42.13553366000002,42.364606105142876,41.7603814946392,40.167978612476404,0.820362139594157,0.6242584798884743,0.6102938220594252,0.659578827437879
AWS,LC08_L2SP_114036_20250802_20250808_02_T1,2025-08-02,915,38.75283320000002,38.627343037142886,38.59623826758066,37.407494015606254,0.5908377163616847,0.6060641287888782,0.6784494962235741,0.7434595701650946
AWS,LC08_L2SP_114036_20250802_20250808_02_T1,2025-08-02,899,47.79121742000003,48.00404613200002,47.45826390247424,47.882925611497576,0.2947267345930224,0.30210394609795,0.36850354031854343,0.3424354994715593
AWS,LC08_L2SP_114036_20250802_20250808_02_T1,2025-08-02,160,34.51107038,34.188409292000024,33.52807966250002,34.12242094648122,0.662546572604193,0.7926297912969217,0.8248446223149994,0.8270447614402353
AWS,LC08_L2SP_114036_20250802_20250808_02_T1,2025-08-02,941,44.84488418000001,44.947652648,44.3780143934829,44.51487149126329,0.608605169478968,0.44549808000391417,0.3860172403323387,0.36098430629820727
AWS,LC08_L2SP_114036_20250802_20250808_02_T1,2025-08-02,904,47.23408016000004,46.6075408177143,45.85009278909094,45.89704625563275,0.4693283125921302,0.47528921221112025,0.40639078363214753,0.3744084149611181
AWS,LC08_L2SP_114036_20250802_20250808_02_T1,2025-08-02,942,36.97774148,37.6468595857143,42.07106742208956,44.15291563645411,0.8231657532293347,0.826854235942895,0.49106142594525726,0.4204284072155517
AWS,LC08_L2SP_114036_20250802_20250808_02_T1,2025-08-02,905,43.8001094,43.474193054857146,41.19895702742269,38.38743482602922,0.40928137026039096,0.47691531300355366,0.6025243243958993,0.7183417678924652
AWS,LC08_L2SP_114036_20250802_20250808_02_T1,2025-08-02,673,43.967592380000006,43.58298374857143,44.51982773731961,42.50148176996851,0.627552724482391,0.6032643248642774,0.5335707421989102,0.607751170200913
AWS,LC08_L2SP_114036_20250802_20250808_02_T1,2025-08-02,935,42.83736710000003,42.15229823428573,41.00084082680002,39.20104099103149,0.3101939485846965,0.5395524756701423,0.5482257946903264,0.6511082553132833
AWS,LC08_L2SP_114036_20250802_20250808_02_T1,2025-08-02,944,46.91962232000003,46.38488122914287,45.50425988395272,43.13406436692668,0.47732157909185213,0.4432262401951071,0.5329524224688561,0.58103536875547
AWS,LC08_L2SP_114036_20250802_20250808_02_T1,2025-08-02,940,42.04552580000003,41.55258221085716,40.80532093030929,43.587722329072186,0.5055663855284137,0.5947080505358452,0.5935981344962269,0.4439099038866252
AWS,LC08_L2SP_114036_20250802_20250808_02_T1,2025-08-02,908,42.04210778000004,41.82280110628574,42.540594479175276,40.10442392423771,0.5130946223725324,0.613960568016496,0.5727821640878686,0.6573387473412837
AWS,LC08_L2SP_114036_20250802_20250808_02_T1,2025-08-02,950,,,,43.73607163959607,,,,0.42150619401971734
AWS,LC08_L2SP_114036_20250802_20250808_02_T1,2025-08-02,925,,,43.951461724210546,40.38085620764387,,,0.5378891265821769,0.6450350707616804
AWS,LC08_L2SP_114036_20250802_20250808_02_T1,2025-08-02,937,38.49078500000002,38.211223516571444,38.51684495546393,37.29719569174314,0.47842114799411634,0.6603094789758561,0.6474072209797387,0.6656567923926311
ASOS,LC08_L2SP_115034_20200608_20200824_02_T1,2020-06-08,101,39.541256480000015,39.38321374571431,38.003913379271644,37.69101322340002,0.28044180232224764,0.31044324594858264,0.3416691891709456,0.3260648858996482
ASOS,LC08_L2SP_115034_20200608_20200824_02_T1,2020-06-08,114,42.37935242000001,41.808152449142874,41.27369929752579,40.1888341121214,0.35809736557267585,0.35208205629923456,0.3288234334845926,0.35066405803061806
ASOS,LC08_L2SP_115034_20200608_20200824_02_T1,2020-06-08,212,40.03800872000003,40.331763124571445,37.774978005154665,35.35633006504581,0.32618057059205147,0.34942591948742774,0.3895776798430988,0.4795096407328556
ASOS,LC08_L2SP_115034_20200608_20200824_02_T1,2020-06-08,127,40.72844876000001,40.70100694228574,39.15200547154641,38.66984860621244,0.5768334512557353,0.4055288767991201,0.48619333011937366,0.5032380089738274
ASOS,LC08_L2SP_115034_20200608_20200824_02_T1,2020-06-08,221,40.297778240000035,39.830388419428594,37.88599513814435,36.66236469046634,0.3757002861495407,0.3213039006225665,0.4135441088219619,0.40169466855796176
ASOS,LC08_L2SP_115034_20200608_20200824_02_T1,2020-06-08,203,36.069687500000015,36.30538227043479,35.64992303225436,35.566453747096126,0.6115359334434007,0.5304811439602914,0.4857598039399984,0.4647203955095613
ASOS,LC08_L2SP_115034_20200608_20200824_02_T1,2020-06-08,202,41.020689470000036,40.87308497473686,40.39720442636105,38.72370136540214,0.39367067137090683,0.3663868985544351,0.34901304233120845,0.38885270209815775
ASOS,LC08_L2SP_115034_20200608_20200824_02_T1,2020-06-08,272,37.02787244000003,37.76619731257146,37.95558492907219,37.35264370440884,0.47825078932837695,0.507450413532076,0.46306610271155724,0.48500878062519004
ASOS,LC08_L2SP_115034_20200608_20200824_02_T1,2020-06-08,273,36.80456179999999,36.991771638285734,33.99407234226806,33.4364137746121,0.616474919772868,0.6042507088499376,0.661654856207456,0.6782498380956142
ASOS,LC08_L2SP_115034_20200608_20200824_02_T1,2020-06-08,136,42.59810570000002,42.59109875900002,40.97747692590634,40.022128875226734,0.3962078919633631,0.2795277138327915,0.42410558069415444,0.46675856961025936
ASOS,LC08_L2SP_115034_20200608_20200824_02_T1,2020-06-08,216,41.12607842000002,41.079918873714306,39.2546556987629,36.16491649237334,0.3473127539614835,0.35506073535193367,0.43879424099528885,0.5607086139897998
ASOS,LC08_L2SP_115034_20200608_20200824_02_T1,2020-06-08,95,,,,38.6382851016638,,,,0.34243784233790286
ASOS,LC08_L2SP_115034_20200608_20200824_02_T1,2020-06-08,271,39.45238796000001,39.27286052857145,36.55455693278353,34.51176513929003,0.43996826974530245,0.43016341123304397,0.5347716847288166,0.6246594641602511
ASOS,LC08_L2SP_115034_20200608_20200824_02_T1,2020-06-08,106,36.24172784000001,35.86685242742859,36.98685830210334,36.54912304500561,0.45256338077311203,0.46720434461118887,0.46213926391206234,0.504474795237888
ASOS,LC08_L2SP_115034_20200608_20200824_02_T1,2020-06-08,121,37.795787600000004,37.83944059828573,37.636745915670126,37.74141821669252,0.44095496553537283,0.548740018666785,0.5478911726438648,0.5284753812114379
ASOS,LC08_L2SP_115034_20200608_20200824_02_T1,2020-06-08,217,38.992094599999994,38.347749001142866,33.76747973062939,31.44446960670741,0.3914786290174422,0.4049788520173956,0.6250881717567361,0.6996274450500733
ASOS,LC08_L2SP_115034_20200608_20200824_02_T1,2020-06-08,232,37.46993636000002,36.7205761657143,36.44769301068967,35.58515016682423,0.4679464246349165,0.553116932344886,0.5395944720255706,0.5433992919335728
ASOS,LC08_L2SP_115034_20200608_20200824_02_T1,2020-06-08,93,40.97568553999999,40.37336531085715,38.73317860618558,37.104880539367564,0.3139126005636786,0.31050272480502017,0.3703592346633515,0.38962721097394815
AWS,LC08_L2SP_115034_20200608_20200824_02_T1,2020-06-08,542,36.80570114000002,37.432110272000024,32.39032013113404,31.96634566044204,0.6650996832257584,0.5566326598371633,0.5742277849166435,0.6233226749806745
AWS,LC08_L2SP_115034_20200608_20200824_02_T1,2020-06-08,558,34.48258688000002,35.008050488000016,34.482312811958785,32.099757569756676,0.6575716142424258,0.5389851092657577,0.6118744818633877,0.6772684495411052
AWS,LC08_L2SP_115034_20200608_20200824_02_T1,2020-06-08,588,37.28992064000003,37.14450830342859,35.213953109072186,33.283414019316304,0.3073353526229383,0.34267010395207964,0.5474448005837098,0.6252088356112128
AWS,LC08_L2SP_115034_20200608_20200824_02_T1,2020-06-08,682,25.334826020000037,25.326655324571444,25.49183960082476,25.031699994054073,0.8259292966427405,0.8379844408068475,0.8296271797137277,0.8405225043922266
AWS,LC08_L2SP_115034_20200608_20200824_02_T1,2020-06-08,446,,38.804559236000024,,,,0.42362462319099964,,
AWS,LC08_L2SP_115034_20200608_20200824_02_T1,2020-06-08,444,40.181565560000024,39.677651754285726,39.79810913298971,39.66646123704554,0.3661088489744208,0.4316347045531149,0.4020451044685744,0.40074297985471524
AWS,LC08_L2SP_115034_20200608_20200824_02_T1,2020-06-08,371,40.04598410000002,39.96310525314287,38.50482119896909,37.18626842513601,0.2639280361926097,0.32448252532394173,0.3751584392862116,0.479565645242074
AWS,LC08_L2SP_115034_20200608_20200824_02_T1,2020-06-08,364,39.33047858000001,39.00654794171431,37.64695299257734,37.26091397731,0.4616652994932606,0.409325367698188,0.4519861249267572,0.4632115278631643
AWS,LC08_L2SP_115034_20200608_20200824_02_T1,2020-06-08,623,40.879980980000006,40.507937641142874,40.47087961484539,37.32683290751792,0.3179583447640406,0.31652797489685874,0.36524169201348516,0.4763587987492548
AWS,LC08_L2SP_115034_20200608_20200824_02_T1,2020-06-08,402,38.953357040000036,38.843557216571455,37.59561221793816,37.78092590948307,0.28699329916402483,0.3103577598183899,0.39531508814312527,0.4053742819887119
AWS,LC08_L2SP_115034_20200608_20200824_02_T1,2020-06-08,551,37.53715742000003,38.48634971214288,39.28227856099257,37.76692522450731,0.5477149825387994,0.4404110189596239,0.34114427672798675,0.34483003405733986
AWS,LC08_L2SP_115034_20200608_20200824_02_T1,2020-06-08,572,39.785075240000005,39.68185103600002,39.40353728927837,38.37428821890067,0.5207371779715099,0.3986491350950813,0.3861766846467975,0.4507946742120138
AWS,LC08_L2SP_115034_20200608_20200824_02_T1,2020-06-08,837,36.447948380000035,36.133946276,35.69354477443301,36.81504972967651,0.5158252149846106,0.5405954812755673,0.5945441449416914,0.5385676640797306
AWS,LC08_L2SP_115034_20200608_20200824_02_T1,2020-06-08,550,40.530203600000014,40.52356287542859,37.662860684742284,37.96763582111654,0.38975007725628524,0.3166132567850047,0.4482256023977617,0.42056139208595456
AWS,LC08_L2SP_115034_20200608_20200824_02_T1,2020-06-08,675,,,28.843939477547192,28.76797486805972,,,0.6217191999427717,0.7038738966412832
AWS,LC08_L2SP_115034_20200608_20200824_02_T1,2020-06-08,640,37.245486380000024,36.64098512857144,33.67715180515466,32.94653019241914,0.5000679517290966,0.49382603163076594,0.628943993334444,0.6645820634227623
AWS,LC08_L2SP_115034_20200608_20200824_02_T1,2020-06-08,587,37.33663358000003,36.804952430857156,32.3037390133808,30.87322112308501,0.4149351028509207,0.43876394957785103,0.6463811041703342,0.69377963684166
AWS,LC08_L2SP_115034_20200608_20200824_02_T1,2020-06-08,522,33.98127728000001,32.938781180000014,31.06243640682929,31.395405984601485,0.38800268615955097,0.6110134911646318,0.6716551282923978,0.648448948219175
AWS,LC08_L2SP_115034_20200608_20200824_02_T1,2020-06-08,820,36.98343818000001,35.590188122857164,33.322401733676664,33.23350707958606,0.44720051722441373,0.5494899076723573,0.6585021056007202,0.6543359900364859
AWS,LC08_L2SP_115034_20200608_20200824_02_T1,2020-06-08,814,36.86836484000003,37.2258571794286,36.35718487525775,34.13274459056401,0.579439369487464,0.6056206361374205,0.5544897981773479,0.6315704140484022
AWS,LC08_L2SP_115034_20200608_20200824_02_T1,2020-06-08,879,,,34.197876739178106,33.03428078492622,,,0.6446612485398117,0.6586946586819534
AWS,LC08_L2SP_115034_20200608_20200824_02_T1,2020-06-08,877,33.99039200000002,33.71750379371431,33.42585179092085,34.11862477518899,0.48012408292684294,0.5307632953766747,0.5776730645530211,0.5399143476928889
AWS,LC08_L2SP_115034_20200608_20200824_02_T1,2020-06-08,876,40.220303120000004,39.23848501314287,37.42034570556702,36.9361225936968,0.4488451346168712,0.4461220885984452,0.5028314147319503,0.5030213649282242
AWS,LC08_L2SP_115034_20200608_20200824_02_T1,2020-06-08,681,,,,27.644759176846865,,,,0.7998324502374513
AWS,LC08_L2SP_115034_20200608_20200824_02_T1,2020-06-08,695,,,24.311285358046533,24.459182807392715,,,0.8752128457288495,0.8701789893294933
AWS,LC08_L2SP_115034_20200608_20200824_02_T1,2020-06-08,818,34.26497294000003,33.688499452571456,31.479795623505172,31.95391780944176,0.5801667888757355,0.6309559917055841,0.7556090923280842,0.7254994522379582
AWS,LC08_L2SP_115034_20200608_20200824_02_T1,2020-06-08,815,38.92715222,38.32274862628572,37.15378712865981,35.92230811104035,0.2994663099668892,0.36903863348477955,0.49380745368086576,0.5445302495157216
AWS,LC08_L2SP_115034_20200608_20200824_02_T1,2020-06-08,849,35.94663878000002,35.981404926285734,36.14751107793816,34.71706259535072,0.32890513100214763,0.48875342769127,0.5362982920356634,0.5942406803451383
AWS,LC08_L2SP_115034_20200608_20200824_02_T1,2020-06-08,831,29.139082280000025,29.115384008000017,29.21304149855672,28.614416373089057,0.7681174117823373,0.7746772454340501,0.78206924965914,0.8264052745895142
AWS,LC08_L2SP_115034_20200608_20200824_02_T1,2020-06-08,580,33.02764970000002,33.3593929554286,34.99884493402064,35.282460641162345,0.5907385403303111,0.7238945070106916,0.5481670518923963,0.5178596341763796
AWS,LC08_L2SP_115034_20200608_20200824_02_T1,2020-06-08,617,41.34483170000001,41.36527471485716,37.60320781793816,37.297986697503596,0.43158125871137787,0.37936480135352996,0.3992818661432111,0.4374894157396572
AWS,LC08_L2SP_115034_20200608_20200824_02_T1,2020-06-08,619,38.24240888000003,38.22196586514288,35.8391218874227,35.56133897724021,0.3740098367918279,0.2964081468195941,0.42988170537342507,0.5067143531397252
AWS,LC08_L2SP_115034_20200608_20200824_02_T1,2020-06-08,620,32.13440714000003,32.61533883028573,33.947938860412386,34.31824970583842,0.44932066945542326,0.5908432710738879,0.5533116965619653,0.5892232220929711
AWS,LC08_L2SP_115034_20200608_20200824_02_T1,2020-06-08,621,36.46845650000002,36.316887527096796,33.80700201065602,30.777012421815666,0.5446444421812257,0.6158008756194294,0.6951118254679463,0.7510510849955752
AWS,LC08_L2SP_115034_20200608_20200824_02_T1,2020-06-08,622,41.621691320000025,41.086266625142876,36.833346774845374,34.131188721168066,0.5291013786155219,0.49940356247485684,0.5730043483165569,0.657760209197514
AWS,LC08_L2SP_115034_20200608_20200824_02_T1,2020-06-08,552,,,,26.770242763959583,,,,0.834805506758645
AWS,LC08_L2SP_115034_20200608_20200824_02_T1,2020-06-08,536,37.81629572000001,38.04403350971432,36.354831805360845,35.543373047862765,0.45133913750731175,0.399185425538844,0.48879265897940244,0.5085610386896849
AWS,LC08_L2SP_115034_20200608_20200824_02_T1,2020-06-08,535,37.54171478000003,37.55974890457146,37.7220887204367,35.72278926297299,0.6062510685523458,0.5356967782020765,0.4515171818742412,0.47635553764406646
AWS,LC08_L2SP_115034_20200608_20200824_02_T1,2020-06-08,597,36.47187452000001,37.30046767314286,35.1374724645361,33.10520832158605,0.6031477191000604,0.5369626222189811,0.5730272304317364,0.6380470585497452
AWS,LC08_L2SP_115034_20200608_20200824_02_T1,2020-06-08,527,39.20401184,38.78447429942858,34.596356439175274,31.91419421313486,0.44381596677019713,0.3961604326655549,0.5948411643155664,0.687697244186173
AWS,LC08_L2SP_115034_20200608_20200824_02_T1,2020-06-08,525,40.462982540000006,40.52239098285717,38.32150041084527,34.77467047789749,0.3494542574535225,0.3653817677531599,0.4204004821322007,0.5977269071645483
AWS,LC08_L2SP_115034_20200608_20200824_02_T1,2020-06-08,583,34.37321024000001,33.95246825428573,31.669689538762903,30.147382474384198,0.4514525968365817,0.4354431731980749,0.6083757464276695,0.6867369462681844
AWS,LC08_L2SP_115034_20200608_20200824_02_T1,2020-06-08,521,,,36.66717378376714,,,,0.34602312885105313,
AWS,LC08_L2SP_115034_20200608_20200824_02_T1,2020-06-08,520,,,,29.681319627572833,,,,0.8551659872273467
AWS,LC08_L2SP_115034_20200608_20200824_02_T1,2020-06-08,519,35.97512228000003,36.15113403371431,34.71035699855672,33.20003709346695,0.6177592383637848,0.5618089633153753,0.5931327548120975,0.6450913435083016
AWS,LC08_L2SP_115034_20200608_20200824_02_T1,2020-06-08,581,37.30815008000002,36.71696283028573,33.11984227381445,30.258450722925872,0.5026706560035415,0.4860640809457879,0.6202824464635788,0.7033059240758179
AWS,LC08_L2SP_115034_20200608_20200824_02_T1,2020-06-08,322,31.747031540000023,31.137191666857156,29.815888275629757,28.843251324186067,0.5468849742437888,0.6757932567383279,0.7336122833852935,0.7579915599434728
AWS,LC08_L2SP_115034_20200608_20200824_02_T1,2020-06-08,569,36.82848794,37.264366871428585,38.62265434650098,39.09772987246887,0.6693438427587507,0.5413048106676495,0.4315536904856298,0.3722851379608786
AWS,LC08_L2SP_115034_20200608_20200824_02_T1,2020-06-08,323,33.435533420000034,33.22179323600002,31.519692099793833,30.495556298433648,0.483366308455577,0.5798449072639429,0.6326713697509898,0.6753922503984454
AWS,LC08_L2SP_115034_20200608_20200824_02_T1,2020-06-08,660,34.48600490000001,34.59671619542859,31.578444457319605,29.625417370964808,0.4214391705860651,0.4763782002427396,0.6808649843556042,0.7562775485848099
AWS,LC08_L2SP_115034_20200608_20200824_02_T1,2020-06-08,560,41.423446160000026,41.31625054228573,39.594598758258364,36.74988747263865,0.4940465912822071,0.43074524087290333,0.4402489732147014,0.5453725323750946
AWS,LC08_L2SP_115034_20200608_20200824_02_T1,2020-06-08,561,39.08324180000002,39.0017627137143,36.59881892144332,33.477011201969674,0.5783824249792164,0.4926971822368882,0.4812446719794939,0.6159788418939605
AWS,LC08_L2SP_115034_20200608_20200824_02_T1,2020-06-08,573,36.82051256000003,36.65338765828574,34.471749446597954,33.22051585744062,0.5083256073854402,0.4439415531496497,0.5779556956011946,0.632030580429938
AWS,LC08_L2SP_115034_20200608_20200824_02_T1,2020-06-08,318,,,,28.222846538312673,,,,0.8224620294378712
AWS,LC08_L2SP_115034_20200608_20200824_02_T1,2020-06-08,638,39.06045500000001,39.43008944857145,35.49424641010311,34.8072900993143,0.4912451462911489,0.46142187189440176,0.49911234573759977,0.5757336128090851
AWS,LC08_L2SP_115034_20200608_20200824_02_T1,2020-06-08,555,40.41513026000001,39.901776208571455,34.325251750339,32.95695238450406,0.4387012732574458,0.4889544491517274,0.5641735784551851,0.5701105059085713
AWS,LC08_L2SP_115034_20200608_20200824_02_T1,2020-06-08,639,38.249244920000024,38.48124709657145,34.40642447782611,31.84083940290025,0.5586937570868497,0.5542725724989147,0.6936197525555032,0.7536110435640034
AWS,LC08_L2SP_115034_20200608_20200824_02_T1,2020-06-08,325,36.296416160000014,36.58864059371431,35.6315662445361,34.66245549369026,0.519556403264457,0.5339297994257198,0.5332147636252136,0.5856652420013233
AWS,LC08_L2SP_115034_20200608_20200824_02_T1,2020-06-08,324,,,28.693988506309164,30.183055373683338,,,0.6059842459421817,0.6824737183053422
AWS,LC08_L2SP_115034_20200608_20200824_02_T1,2020-06-08,574,36.36819458000004,36.39137201085717,36.478466976965535,35.88750013194032,0.4486869422480128,0.43408667660870176,0.45195438938984983,0.47009592072868656
AWS,LC08_L2SP_115034_20200608_20200824_02_T1,2020-06-08,586,,,,28.67214569138463,,,,0.78313895059906
AWS,LC08_L2SP_115034_20200608_20200824_02_T1,2020-06-08,563,,,,30.101213863390278,,,,0.7420696025078778
AWS,LC08_L2SP_115034_20200608_20200824_02_T1,2020-06-08,630,34.82211020000002,34.722889962285734,33.84586417608249,32.59330576257088,0.5657259926377504,0.5258138666748927,0.5875328785735439,0.6427905096171612
AWS,LC08_L2SP_115034_20200608_20200824_02_T1,2020-06-08,549,39.51391232000001,40.21750359885716,41.200480062680434,38.54197993128869,0.4125548219540185,0.39623228070071825,0.3546077882133129,0.4331946266953421
AWS,LC08_L2SP_115034_20200608_20200824_02_T1,2020-06-08,873,28.75626404,27.997691468000014,25.945778497525794,25.716978530558276,0.68695472154229,0.7513945313638989,0.8617227791950411,0.8709920564074797
AWS,LC08_L2SP_115034_20200608_20200824_02_T1,2020-06-08,546,36.525423500000024,36.22818597028574,33.59970195636366,32.89325543431637,0.4271883970452643,0.5362032664296695,0.6604436981152387,0.6768696000915311
AWS,LC08_L2SP_115034_20200608_20200824_02_T1,2020-06-08,539,35.65154972000001,36.05582010457145,35.6079220030928,34.58681675622676,0.5485618062401588,0.4729810340645449,0.5129748427366329,0.5793903959749457
AWS,LC08_L2SP_115034_20200608_20200824_02_T1,2020-06-08,562,39.77140316000001,39.32422848628573,37.10029431456245,34.45558533291817,0.34295223295291194,0.39064472730121275,0.49130099967633506,0.5623461525985592
AWS,LC08_L2SP_115034_20200608_20200824_02_T1,2020-06-08,680,,,28.29055546400002,27.028692343490892,,,0.7826428625655302,0.8068962916928563
AWS,LC08_L2SP_115034_20200608_20200824_02_T1,2020-06-08,557,,,,29.86912185608199,,,,0.7571577928428457
AWS,LC08_L2SP_115034_20200608_20200824_02_T1,2020-06-08,497,32.10934166000004,31.829194230285736,29.06456342681977,28.452101115454038,0.6438182428452267,0.6543522250289789,0.8009882278500434,0.8278831371883769
AWS,LC08_L2SP_115034_20200608_20200824_02_T1,2020-06-08,498,30.80251868000001,29.62427835714287,27.06512719154641,26.889124542347567,0.6713953171405372,0.8147145520865572,0.8720848470941339,0.879016521475637
AWS,LC08_L2SP_115034_20200608_20200824_02_T1,2020-06-08,878,31.463335880000027,30.832108967428574,28.940743153814456,28.669659521986848,0.5797533686519625,0.6820887415584304,0.8074828996226323,0.8477918088330471
AWS,LC08_L2SP_115034_20200608_20200824_02_T1,2020-06-08,559,35.64927104000001,36.01636638800003,33.58766075917527,30.5641800953558,0.562787551901164,0.547858116045714,0.6356765833498251,0.7570899501031625
AWS,LC08_L2SP_115034_20200608_20200824_02_T1,2020-06-08,593,33.09601009999998,31.578213904571438,30.840328323917543,30.32730111024392,0.5266005221798985,0.4923473940355874,0.7038788820644114,0.7810725360343272
AWS,LC08_L2SP_115034_20200608_20200824_02_T1,2020-06-08,674,36.25881794000005,35.425732532000026,32.52835287244734,31.073595113086593,0.4134798980406986,0.4478254611423186,0.6879936762636583,0.7308777338687282
AWS,LC08_L2SP_115034_20200608_20200824_02_T1,2020-06-08,594,37.6761569,37.69510249657144,35.6266291045361,33.34485232846266,0.32464428717314137,0.3601908116745888,0.4591789177565282,0.5534834649619982
AWS,LC08_L2SP_115034_20200608_20200824_02_T1,2020-06-08,579,36.53453822,36.124375820000026,32.96994271628868,31.704793872135433,0.45112954388876697,0.41716999493554774,0.6477892565859701,0.7111249698756024
AWS,LC08_L2SP_115034_20200608_20200824_02_T1,2020-06-08,696,45.77800364000003,44.83817835028573,38.32378751195879,36.32925054928144,0.4465513610297403,0.3934897320819561,0.6530961048072093,0.701064888645682
AWS,LC08_L2SP_115034_20200608_20200824_02_T1,2020-06-08,534,35.86346696000002,36.219982722285735,36.76729637690724,35.86856349235043,0.5165559148936013,0.4997078816496466,0.442605939223408,0.47725918149260876
AWS,LC08_L2SP_115034_20200608_20200824_02_T1,2020-06-08,533,38.48622764,38.12079247314286,37.10162023463919,35.59289964115662,0.44485782279408775,0.4890623496888594,0.4602015778512517,0.4944641312470253
AWS,LC08_L2SP_115034_20200608_20200824_02_T1,2020-06-08,531,35.24252666000003,34.88402519085717,32.70200988391755,31.303959490608868,0.5963176133455295,0.5614762763935693,0.6183945986740249,0.6736247532816346
AWS,LC08_L2SP_115034_20200608_20200824_02_T1,2020-06-08,600,,,,34.0142564663248,,,,0.5844105368869698
AWS,LC08_L2SP_115034_20200608_20200824_02_T1,2020-06-08,601,42.08084534000002,41.97797921428573,37.823617405602185,33.65521401394665,0.29583832632645407,0.3138536547487746,0.47114670225640637,0.5579301771633235
AWS,LC08_L2SP_115034_20200608_20200824_02_T1,2020-06-08,603,39.957115580000014,40.38234982057145,37.69071382824744,35.61704595135416,0.4814617109684203,0.4257682735069853,0.5102525152735773,0.5906894965939368
AWS,LC08_L2SP_115034_20200608_20200824_02_T1,2020-06-08,516,38.421285260000026,38.60165905828573,37.67285242247425,36.76261681451715,0.4448017993926496,0.42889900317598745,0.38791752523361556,0.42000283915961517
AWS,LC08_L2SP_115034_20200608_20200824_02_T1,2020-06-08,576,34.91211805999999,34.466440804571455,32.942132640618574,32.538691811170935,0.5120292666703937,0.537321578687109,0.5585723439786915,0.5968960111762298
AWS,LC08_L2SP_115034_20200608_20200824_02_T1,2020-06-08,548,,,,35.61604377712857,,,,0.50772246692617
AWS,LC08_L2SP_115034_20200608_20200824_02_T1,2020-06-08,978,36.17450678,36.3726217297143,34.11102807959622,31.994853883314303,0.3897450902396458,0.3802395966292631,0.5560140158767679,0.6192970133500845
AWS,LC08_L2SP_115034_20200608_20200824_02_T1,2020-06-08,495,,,,36.013341730916096,,,,0.3399708575927358
AWS,LC08_L2SP_115034_20200608_20200824_02_T1,2020-06-08,972,41.900829620000025,42.456143936000025,,35.423960569592104,0.2342281202754913,0.34224666685981886,,0.6041102042654145
AWS,LC08_L2SP_115034_20200608_20200824_02_T1,2020-06-08,526,37.20105212000002,37.195192657142876,33.69585499134022,33.132212930214735,0.4056898038539632,0.4614099250241747,0.56680253538665,0.6141784358743806
AWS,LC08_L2SP_115034_20200608_20200824_02_T1,2020-06-08,678,,,30.95998649387099,30.90855576906146,,,0.8245577277501359,0.832636618076364
AWS,LC08_L2SP_115034_20200608_20200824_02_T1,2020-06-08,428,39.25072478000002,39.412901690857154,39.27089618783506,37.33177278752579,0.5082574885581361,0.429218086977095,0.40272345455744935,0.4567416367532108
AWS,LC08_L2SP_115034_20200608_20200824_02_T1,2020-06-08,839,43.914043400000025,43.84001885257145,41.63852896004595,38.744247972586024,0.20466598127129612,0.28991608876889835,0.3752735746259274,0.5219301617256462
AWS,LC08_L2SP_115034_20200608_20200824_02_T1,2020-06-08,591,36.56643974000004,34.71224527142859,29.214787703505174,28.172940878328106,0.3556021637119214,0.48990959621317814,0.7689237415324851,0.8032540615832013
AWS,LC08_L2SP_115034_20200608_20200824_02_T1,2020-06-08,838,37.14066710000003,37.11999621714289,34.07513383835054,30.729518521303596,0.5713869268479729,0.5407052122941076,0.683482268127887,0.7719180358561205
AWS,LC08_L2SP_115034_20200608_20200824_02_T1,2020-06-08,596,35.06023226000002,34.975335153714305,31.988916162680432,30.982836114715166,0.6607780126196001,0.6959284067139201,0.7820101621902904,0.8187427578059162
AWS,LC08_L2SP_115034_20200608_20200824_02_T1,2020-06-08,819,41.99995220000003,41.0313829897143,34.55138578886599,33.077895474680815,0.30851141726488834,0.34628055324695717,0.6569860664729267,0.7152893199951745
AWS,LC08_L2SP_115034_20200608_20200824_02_T1,2020-06-08,582,39.47745344000003,38.53398226228573,36.18989765814435,33.080527731709154,0.572624296922207,0.502222506564406,0.5132955029310312,0.6170960867232266
AWS,LC08_L2SP_115034_20200608_20200824_02_T1,2020-06-08,592,,,31.565400337910464,30.34355771813349,,,0.6548045948966484,0.7013692276386545
AWS,LC08_L2SP_115034_20200608_20200824_02_T1,2020-06-08,676,36.15513800000002,35.73794424457145,33.101252630103104,33.61937912290297,0.5354540212165734,0.5535269437358844,0.6153222465792759,0.602441877644142
AWS,LC08_L2SP_115034_20200608_20200824_02_T1,2020-06-08,602,38.071507880000034,37.86248781885717,36.49825944185569,36.9113521740796,0.2422994794015336,0.2469824648607397,0.37579892196326675,0.37953201178235824
AWS,LC08_L2SP_115034_20200608_20200824_02_T1,2020-06-08,505,34.52018510000001,34.72386653942859,36.93134959113404,35.47260647349558,0.49003636826469216,0.5864542768134637,0.5409087580350618,0.5723165045601394
AWS,LC08_L2SP_115034_20200608_20200824_02_T1,2020-06-08,568,34.88021654000003,35.73872550628574,36.66889420432991,34.54081782002292,0.6496794985096237,0.5464684859458904,0.513762239014023,0.5867561057368481
ASOS,LC08_L2SP_115034_20230617_20230623_02_T1,2023-06-17,101,39.81128006,40.169944292000025,39.69106598659796,39.214606435545505,0.4150962864511825,0.43532141668626273,0.41168895727304927,0.3922160168079375
ASOS,LC08_L2SP_115034_20230617_20230623_02_T1,2023-06-17,114,45.53874224000003,44.793255801714295,44.481227211340226,43.60231860605212,0.4235000751853147,0.37958830560667867,0.32415994106414636,0.34355998885692235
ASOS,LC08_L2SP_115034_20230617_20230623_02_T1,2023-06-17,212,43.549454600000026,43.78406098228573,40.975625363591575,37.89191503875404,0.32643945015340037,0.321050160067747,0.37387308307262745,0.49474247805443533
ASOS,LC08_L2SP_115034_20230617_20230623_02_T1,2023-06-17,127,34.73210234000002,35.062445834857165,33.027003682474245,32.77563017095335,0.5894853785474488,0.39643447356852873,0.4936527663194275,0.5177427511975367
ASOS,LC08_L2SP_115034_20230617_20230623_02_T1,2023-06-17,202,44.229640580000044,43.99767095600002,43.41006280009436,42.403810359434246,0.5025632915427702,0.3915738977664674,0.32335482965867923,0.3676462382675051
ASOS,LC08_L2SP_115034_20230617_20230623_02_T1,2023-06-17,221,40.61679344000004,39.995136983428594,37.696696377981674,36.537221065528385,0.29987553528388733,0.3417414778819395,0.4624234853135138,0.46018906356865535
ASOS,LC08_L2SP_115034_20230617_20230623_02_T1,2023-06-17,203,35.41456700000001,35.61968075257145,35.16766693216497,34.79796682540512,0.6197696211756051,0.5712602371074874,0.5276066988341546,0.5257552200606589
ASOS,LC08_L2SP_115034_20230617_20230623_02_T1,2023-06-17,272,31.908817820000007,32.22675878514288,33.051164737938166,32.777757504328676,0.5383577105947949,0.5639303022558353,0.5024257456353021,0.5131089722427997
ASOS,LC08_L2SP_115034_20230617_20230623_02_T1,2023-06-17,216,42.334918159999994,42.26040532400001,40.627748331134036,37.169509069699416,0.377213699282219,0.3667271672563162,0.45346463082367994,0.5873083287921419
ASOS,LC08_L2SP_115034_20230617_20230623_02_T1,2023-06-17,95,40.48804802000001,40.43756347172416,41.92474882689657,39.867371495963326,0.37059735141921246,0.3626192785405997,0.3470642042835103,0.4057275288477215
ASOS,LC08_L2SP_115034_20230617_20230623_02_T1,2023-06-17,106,38.48508830000003,38.35067873257145,39.59302200894088,39.19775695738773,0.4387033035732241,0.5235559699609741,0.47018180472477644,0.4967455976058079
ASOS,LC08_L2SP_115034_20230617_20230623_02_T1,2023-06-17,121,36.18362150000004,36.647821168571454,36.63889549958765,36.957024279856874,0.4512486877845611,0.6023097532145387,0.5917049847534905,0.5687585879913958
ASOS,LC08_L2SP_115034_20230617_20230623_02_T1,2023-06-17,217,38.35406420000004,37.78787732514287,33.4558056766316,31.263260236250016,0.3839218412586239,0.38727463350350977,0.6214499539770759,0.7140764558454129
ASOS,LC08_L2SP_115034_20230617_20230623_02_T1,2023-06-17,232,41.05999670000002,40.139670400571454,38.94514200572416,38.18142102936579,0.3719455509893139,0.5147875534505135,0.5517196321784078,0.5525242070285017
ASOS,LC08_L2SP_115034_20230617_20230623_02_T1,2023-06-17,93,41.438257580000005,41.02571884228574,39.940976887628885,38.21074090349844,0.3879639428418737,0.3665091371428324,0.3861863072401405,0.42831435454865896
ASOS,LC08_L2SP_115034_20230617_20230623_02_T1,2023-06-17,271,38.10796676000001,37.596175232000014,35.53505122618559,33.93070173929003,0.455391334364683,0.4501189596893655,0.5664191009217298,0.6478047763668248
ASOS,LC08_L2SP_115034_20230617_20230623_02_T1,2023-06-17,273,35.73586088000002,35.8619695417143,33.317155602474244,33.14307857409678,0.6293626098891432,0.6337340245676102,0.680619227056221,0.6889021421721436
AWS,LC08_L2SP_115034_20230617_20230623_02_T1,2023-06-17,542,37.294478000000026,37.690707899428595,33.071084688785625,32.68888689662471,0.5055719673203544,0.5314129656454953,0.5784908848112041,0.6397779039455725
AWS,LC08_L2SP_115034_20230617_20230623_02_T1,2023-06-17,558,36.59720192000003,36.768330788000014,36.45433025010311,34.061568856330766,0.6281243611606149,0.5614199033033364,0.6321945034454907,0.7040055742654691
AWS,LC08_L2SP_115034_20230617_20230623_02_T1,2023-06-17,623,38.77675934000001,38.44364887657145,38.68747580268043,35.534956824846766,0.34814921677549676,0.32855607139823906,0.36773859686222354,0.5004495306487141
AWS,LC08_L2SP_115034_20230617_20230623_02_T1,2023-06-17,551,38.78815274000002,40.24846109428573,42.087781743697285,40.150259997243246,0.5807945092549626,0.46158124379184245,0.35561661599600203,0.39410970246458693
AWS,LC08_L2SP_115034_20230617_20230623_02_T1,2023-06-17,572,38.18772056,38.220696314857165,38.25469887402063,37.55161646680414,0.5928005619915895,0.38548813158214323,0.42775739875823915,0.4822269092295407
AWS,LC08_L2SP_115034_20230617_20230623_02_T1,2023-06-17,837,33.76822070000001,33.55392712228573,33.1141025059794,33.98324315523048,0.4718571007480467,0.5345372098436163,0.6195341154007923,0.5626041893196251
AWS,LC08_L2SP_115034_20230617_20230623_02_T1,2023-06-17,675,,,29.080381752556985,29.46254285134289,,,0.6298817600817489,0.7306687067670362
AWS,LC08_L2SP_115034_20230617_20230623_02_T1,2023-06-17,587,36.05487608000002,35.733256674285734,32.8114994672598,31.749175281407837,0.4881078749558318,0.48907151142114297,0.6843551186910773,0.7504949946345868
AWS,LC08_L2SP_115034_20230617_20230623_02_T1,2023-06-17,820,33.51870524000003,33.0914201874286,31.51693294468935,31.171516968921388,0.5223393206295478,0.5900256265849826,0.6696367064798078,0.676183340251687
AWS,LC08_L2SP_115034_20230617_20230623_02_T1,2023-06-17,561,37.626025940000034,37.404570796571456,36.10170647773198,33.62069427288293,0.3559495097378577,0.49624065328962386,0.5164355444152982,0.6348593832799785
AWS,LC08_L2SP_115034_20230617_20230623_02_T1,2023-06-17,597,37.638558679999996,38.05360396571431,35.84133792329899,34.1151074899399,0.6745163985001629,0.5380717777185596,0.630219707553456,0.6814078654460419
AWS,LC08_L2SP_115034_20230617_20230623_02_T1,2023-06-17,525,39.854574979999995,39.236531858857155,36.323375086240226,33.98000842749596,0.29919792378835003,0.3554631061526693,0.4640465578579554,0.6379853344561542
AWS,LC08_L2SP_115034_20230617_20230623_02_T1,2023-06-17,547,38.714095640000004,38.89931977142859,37.981378647010324,36.197101117261475,0.513975359369132,0.48107014027536893,0.5473029260774189,0.6009070160648075
AWS,LC08_L2SP_115034_20230617_20230623_02_T1,2023-06-17,527,38.51812916,38.1971608057143,34.798156653195896,32.73742428120815,0.41240732437829736,0.3562906947012648,0.6050219772965315,0.7074508977384178
AWS,LC08_L2SP_115034_20230617_20230623_02_T1,2023-06-17,583,37.64083736000001,36.919700245142884,33.86129029154642,32.04921817264611,0.3616411571678995,0.42231632410442893,0.6165222075348544,0.6885412388820941
AWS,LC08_L2SP_115034_20230617_20230623_02_T1,2023-06-17,520,,,,31.93872383576701,,,,0.8581580787911929
AWS,LC08_L2SP_115034_20230617_20230623_02_T1,2023-06-17,580,34.06444910000001,34.40354923657144,36.09568481134023,36.70095655477814,0.7016487710417655,0.7928102060473972,0.6075441427150285,0.5854207003507722
AWS,LC08_L2SP_115034_20230617_20230623_02_T1,2023-06-17,619,33.11537888000004,33.24767253028573,32.5603832659794,33.19882680473792,0.4967374336965631,0.4759758346257771,0.48794749080208855,0.5188352340255219
AWS,LC08_L2SP_115034_20230617_20230623_02_T1,2023-06-17,560,39.84546026,40.15246356114288,38.57288362455735,35.7503247119567,0.6569227856508065,0.5025485620929626,0.47799762273755536,0.5944037570948482
AWS,LC08_L2SP_115034_20230617_20230623_02_T1,2023-06-17,535,38.460022820000006,38.100089037714305,37.404013849082986,35.3351308656401,0.5552952946772917,0.5501057902672445,0.49139330817711774,0.5296204720400033
AWS,LC08_L2SP_115034_20230617_20230623_02_T1,2023-06-17,831,30.60313418,30.578589541142875,30.52664178969074,30.28067127779561,0.7464906225618498,0.7546044974707882,0.8071049251538013,0.8477083743452716
AWS,LC08_L2SP_115034_20230617_20230623_02_T1,2023-06-17,325,37.501837880000004,37.29402226400001,34.89453463752579,33.77241502380763,0.36971198679455625,0.4176061697507779,0.5408242879695228,0.6118076508348094
AWS,LC08_L2SP_115034_20230617_20230623_02_T1,2023-06-17,563,,,,30.395141711223896,,,,0.7634824994023749
AWS,LC08_L2SP_115034_20230617_20230623_02_T1,2023-06-17,546,36.90596306000003,36.36070748857146,33.30510289223778,32.45526218573728,0.45035820127371134,0.5209307707881325,0.6684146464427729,0.6917754247882434
AWS,LC08_L2SP_115034_20230617_20230623_02_T1,2023-06-17,674,34.38802166000003,34.11077140914287,32.673987115202614,31.6248291051694,0.45967683727365727,0.4515691448192745,0.6467254406314912,0.7323380369090003
AWS,LC08_L2SP_115034_20230617_20230623_02_T1,2023-06-17,594,38.61953042000001,38.564158496000005,36.49394482783507,34.451531941571574,0.3203028048346002,0.34699666694447445,0.5154874462162347,0.5908119808481445
AWS,LC08_L2SP_115034_20230617_20230623_02_T1,2023-06-17,559,34.91553608000002,35.05629339885716,32.58064080948455,30.776121356579814,0.4552135451139206,0.565170687238518,0.7112826257403628,0.7930891261103323
AWS,LC08_L2SP_115034_20230617_20230623_02_T1,2023-06-17,498,31.58638460000003,30.8806448514286,28.75093145896909,28.491769830649893,0.7454549758817329,0.8401617444087925,0.8894976496304159,0.8957280891666459
AWS,LC08_L2SP_115034_20230617_20230623_02_T1,2023-06-17,878,31.906539140000024,31.4622941977143,30.399897066391773,30.370934209046688,0.5476772422859718,0.6751726696396742,0.8235321452936714,0.8595922516501415
AWS,LC08_L2SP_115034_20230617_20230623_02_T1,2023-06-17,534,35.30405102,35.358226637000016,37.80440400031811,36.40285235608393,0.5475423615506987,0.5230832525994604,0.44719272943512145,0.48708761477837564
AWS,LC08_L2SP_115034_20230617_20230623_02_T1,2023-06-17,531,35.49546014000001,35.2952618257143,32.73797544144332,31.799622453509496,0.5456814881429062,0.5650991513510194,0.6680090733013936,0.7091253494650113
AWS,LC08_L2SP_115034_20230617_20230623_02_T1,2023-06-17,548,34.21826000000002,34.443100610857165,34.252663369690744,33.99185181096719,0.7236249565292594,0.5152662991590141,0.5754757564421028,0.5988037721721974
AWS,LC08_L2SP_115034_20230617_20230623_02_T1,2023-06-17,601,42.60152372000001,42.78131157200002,38.21570002018434,33.355248524993975,0.28903677080742246,0.30644765516299954,0.45282609357862613,0.5716078499380766
AWS,LC08_L2SP_115034_20230617_20230623_02_T1,2023-06-17,600,39.71671484000003,39.66183120457145,36.76150430889512,33.11866543769233,0.3155515529294734,0.4202106753785435,0.44395800167872534,0.6023118805385151
AWS,LC08_L2SP_115034_20230617_20230623_02_T1,2023-06-17,516,37.97466398,37.897742253714306,36.58122375319589,35.43944272150278,0.5035254543686475,0.4885259350240476,0.4476813175570203,0.4804367068213496
AWS,LC08_L2SP_115034_20230617_20230623_02_T1,2023-06-17,978,36.18020348000001,36.53707732057146,34.60516576907219,32.72307589762704,0.5645201361399622,0.48334640097014364,0.6015515129005732,0.6709632643398452
AWS,LC08_L2SP_115034_20230617_20230623_02_T1,2023-06-17,495,,,,37.32993941064181,,,,0.39320790256774074
AWS,LC08_L2SP_115034_20230617_20230623_02_T1,2023-06-17,526,39.3965603,38.8274436937143,34.56910762803807,34.334448431656,0.323975584020455,0.4316869328413801,0.6114998441322197,0.6440772213297844
AWS,LC08_L2SP_115034_20230617_20230623_02_T1,2023-06-17,596,35.43849314000001,35.2740701017143,33.04567163134023,32.063344354686535,0.7406031121045396,0.7540963080932578,0.792935045425954,0.8296555809000016
AWS,LC08_L2SP_115034_20230617_20230623_02_T1,2023-06-17,582,38.99665196000003,38.661816210285735,36.8073651245361,34.41922039123713,0.5915503437897173,0.5510104628415958,0.5328624848181065,0.6411672589184438
AWS,LC08_L2SP_115034_20230617_20230623_02_T1,2023-06-17,591,37.38220718000002,35.80073815485716,30.375035179793837,29.40440465547096,0.40639750039649924,0.49510720445363676,0.8067889802320719,0.8421409655172366
AWS,LC08_L2SP_115034_20230617_20230623_02_T1,2023-06-17,592,32.563938320000034,33.168472124000004,32.04302983486678,30.70983726940399,0.6897957982018325,0.6382833749133066,0.6274043441498224,0.707633896643192
AWS,LC08_L2SP_115034_20230617_20230623_02_T1,2023-06-17,676,36.33287504000001,36.19771676342858,33.10517180309281,33.46963011841399,0.5848327924677951,0.4933560532251122,0.6066931863938755,0.5944211117547062
AWS,LC08_L2SP_115034_20230617_20230623_02_T1,2023-06-17,602,36.65302958000001,36.60182438514287,35.19413015917527,35.45562702278534,0.3160298281137781,0.27382188185876966,0.4001770499850752,0.40028900842553483
AWS,LC08_L2SP_115034_20230617_20230623_02_T1,2023-06-17,505,35.74839362000002,35.838922321142874,38.073430271546414,36.46203177054683,0.5720050513472862,0.6434433512947545,0.5584322266128233,0.6032982361943381
AWS,LC08_L2SP_115034_20230617_20230623_02_T1,2023-06-17,533,35.38266548000005,36.24709376387099,35.81290668347828,34.9689674507097,0.5840568902620086,0.4532145267860926,0.46788714164886347,0.48759340493048237
AWS,LC08_L2SP_115034_20230617_20230623_02_T1,2023-06-17,681,33.724925780000035,33.40363190000002,31.90050181257734,30.422625278757533,0.593402219593033,0.6796780778932616,0.6964977656071305,0.7796289536906514
AWS,LC08_L2SP_115034_20230617_20230623_02_T1,2023-06-17,682,28.08063542000002,28.02650049371431,27.838836932989707,27.263298411125124,0.8496261667552281,0.8628560307348925,0.8507396922177881,0.862223643245312
AWS,LC08_L2SP_115034_20230617_20230623_02_T1,2023-06-17,680,,,31.088050466446298,29.975552934982282,,,0.7330568815088015,0.7805374486776819
AWS,LC08_L2SP_115034_20230617_20230623_02_T1,2023-06-17,574,34.95427364000002,35.24213602914288,35.69487999882761,35.72565817146847,0.5318757085931384,0.4840167875785052,0.514063224186156,0.5192174520191117
AWS,LC08_L2SP_115034_20230617_20230623_02_T1,2023-06-17,539,34.53271784,35.0067809377143,35.74869509484538,34.637755395618576,0.6725910905147382,0.5781975217223521,0.5546074282662024,0.6178296197984801
AWS,LC08_L2SP_115034_20230617_20230623_02_T1,2023-06-17,620,30.50970830000004,30.932696413142875,31.92295190041239,32.3314479129349,0.4194354589595409,0.6000121724595868,0.6037146640363821,0.6163903243005754
AWS,LC08_L2SP_115034_20230617_20230623_02_T1,2023-06-17,639,31.04747678000003,31.288463466285723,28.262916468359393,26.606439031433677,0.5608448521504776,0.602666623948183,0.7111797345601932,0.7737651373799636
AWS,LC08_L2SP_115034_20230617_20230623_02_T1,2023-06-17,579,33.06069056000001,32.68672661942859,31.880240353814454,31.463701813854183,0.2758589754195916,0.49390925447263273,0.7048378382948143,0.7475525995727702
AWS,LC08_L2SP_115034_20230617_20230623_02_T1,2023-06-17,678,,,32.4495020303226,32.11941185621878,,,0.8315879568686011,0.8523311385089025
AWS,LC08_L2SP_115034_20230617_20230623_02_T1,2023-06-17,977,39.52416638000002,38.598826984571446,36.48613780391754,35.8708528568152,0.2944997992221318,0.3531999275844247,0.414809673758252,0.44102981757005594
AWS,LC08_L2SP_115034_20230617_20230623_02_T1,2023-06-17,519,35.97626162,36.181993871428595,35.50354906247424,34.118749594274284,0.5811927046859645,0.5775250836684899,0.62031653115953,0.6753032425881409
AWS,LC08_L2SP_115034_20230617_20230623_02_T1,2023-06-17,552,37.01533969999999,36.44947835085717,31.735086088659816,30.35903229743489,0.5021970087018021,0.530609896938782,0.7482431046673202,0.8014326428494973
AWS,LC08_L2SP_115034_20230617_20230623_02_T1,2023-06-17,549,37.49955920000002,37.86785899314288,38.25983201784617,35.60571974913666,0.4380613625620633,0.42411744639514837,0.34420910903031415,0.4424246847893047
AWS,LC08_L2SP_115034_20230617_20230623_02_T1,2023-06-17,428,36.47073518000004,36.94255215028573,37.925906139669834,36.767583643884635,0.6352816030578291,0.49958371699967635,0.4343913078876918,0.4618403198989048
AWS,LC08_L2SP_115034_20230617_20230623_02_T1,2023-06-17,586,,,31.5439816030027,31.138752486953507,,,0.7617008476550888,0.7898598698565507
AWS,LC08_L2SP_115034_20230617_20230623_02_T1,2023-06-17,568,34.66943864000003,35.40698225085716,37.088273121030944,35.044393052900105,0.6415746185213247,0.5777220351672356,0.5387542100465,0.6274090801239376
AWS,LC08_L2SP_115034_20230617_20230623_02_T1,2023-06-17,835,36.58011182000001,36.31939827542859,35.48992396556703,33.71774420245903,0.36653862329074044,0.4455148446645567,0.4949456635356078,0.5715097073304642
AWS,LC08_L2SP_115034_20230617_20230623_02_T1,2023-06-17,849,33.97444124000001,34.080399860000014,34.15843094659796,32.98249855191013,0.3195052455523976,0.5340940748590828,0.5813929423809672,0.641020514728211
AWS,LC08_L2SP_115034_20230617_20230623_02_T1,2023-06-17,350,31.445106440000018,30.763064963428587,28.894938553608267,28.355910140755817,0.5102320855859425,0.7239547853537249,0.8462697091181504,0.8765001114917901
AWS,LC08_L2SP_115034_20230617_20230623_02_T1,2023-06-17,876,43.336398020000026,43.2722369017143,42.513504810927856,41.062348117709725,0.5017186622799814,0.5111698155621005,0.49367472265762435,0.524074436846193
AWS,LC08_L2SP_115034_20230617_20230623_02_T1,2023-06-17,371,37.27852724000002,37.002123356000034,35.15537302288662,34.519089080912565,0.3749699533748583,0.2801203742761944,0.4380883397763298,0.4949381504348581
AWS,LC08_L2SP_115034_20230617_20230623_02_T1,2023-06-17,444,37.7786975,37.82410833714287,39.40587078288661,39.13954894176355,0.5384705872369424,0.44165561188727764,0.360026155363899,0.3827427221447624
AWS,LC08_L2SP_115034_20230617_20230623_02_T1,2023-06-17,364,39.576576020000026,39.003032264000026,36.95666956288662,36.76594558552298,0.40706270756472196,0.40169350484528016,0.46067938982384105,0.4701314255055801
AWS,LC08_L2SP_115034_20230617_20230623_02_T1,2023-06-17,573,39.60961688,39.54405600114287,36.76635279979383,35.336983588880635,0.5848755817383555,0.419528296445675,0.583874853387418,0.6416832886256791
AWS,LC08_L2SP_115034_20230617_20230623_02_T1,2023-06-17,696,45.36442322000003,44.520986094285725,39.277924075463936,37.7334119152362,0.3993620965103794,0.42524223078850365,0.6619208327340146,0.7171890072925974
AWS,LC08_L2SP_115034_20230617_20230623_02_T1,2023-06-17,318,,,,28.964141287791577,,,,0.8287173749344124
AWS,LC08_L2SP_115034_20230617_20230623_02_T1,2023-06-17,660,33.530098640000006,33.71379280057146,32.07062759154641,30.946837798150604,0.5093530735546971,0.6223659915560835,0.756731701111349,0.8042624051697792
AWS,LC08_L2SP_115034_20230617_20230623_02_T1,2023-06-17,622,34.82894623999999,34.62220485885715,30.534887322474248,28.339990367672506,0.5463034987702623,0.4785155310258262,0.5796726377620178,0.6820909484333509
AWS,LC08_L2SP_115034_20230617_20230623_02_T1,2023-06-17,621,32.33948834,32.36305843625002,30.098027438197587,27.96066270118936,0.5263380453033872,0.6143749767025666,0.7228475333065187,0.7823215570166452
AWS,LC08_L2SP_115034_20230617_20230623_02_T1,2023-06-17,630,31.93274396,31.753509501714298,31.262746127768615,30.443711507396493,0.5459283545574198,0.5449953777937341,0.591608443659717,0.6746270556962229
AWS,LC08_L2SP_115034_20230617_20230623_02_T1,2023-06-17,603,38.47027688000001,38.46825862057144,34.79354839484538,33.506434202089295,0.47065073260043006,0.3733120129064567,0.5212899884245589,0.6019966763440875
AWS,LC08_L2SP_115034_20230617_20230623_02_T1,2023-06-17,322,33.932285660000026,34.26184789314288,30.91639786639177,29.41910223932438,0.5546367906018702,0.5928822180346135,0.7592294718973012,0.822221027567295
AWS,LC08_L2SP_115034_20230617_20230623_02_T1,2023-06-17,323,35.06251094000002,35.126216322285735,34.10262286288661,33.06974428470085,0.5106950798697998,0.51180919902071,0.5248690939506306,0.5725424661136123
AWS,LC08_L2SP_115034_20230617_20230623_02_T1,2023-06-17,877,35.51596826000002,35.05584245000002,34.50437988149679,34.495874987878594,0.5187983913326107,0.5454462750168213,0.6193996114023332,0.6230980832366083
AWS,LC08_L2SP_115034_20230617_20230623_02_T1,2023-06-17,838,,,27.351369249399312,23.821649799476244,,,0.644873710351009,0.7875720257664504
AWS,LC08_L2SP_115034_20230617_20230623_02_T1,2023-06-17,593,,,,31.45016033828834,,,,0.8505722988363869
AWS,LC08_L2SP_115034_20230617_20230623_02_T1,2023-06-17,497,31.802859200000057,31.654289264000024,29.68426104828934,29.387880463198403,0.6465715191747087,0.6802151000423905,0.8393184564163015,0.8516858312842143
AWS,LC08_L2SP_115034_20230617_20230623_02_T1,2023-06-17,522,33.32046008000001,33.03546231714287,32.3175514009511,33.06740448551511,0.493220853801406,0.6908757055846408,0.6991795144598463,0.6572710948692061
AWS,LC08_L2SP_115034_20230617_20230623_02_T1,2023-06-17,677,41.64333878000004,41.48939766971429,37.116667791376166,35.07070959123921,0.7362020536701145,0.57879968029792,0.7383802790639508,0.8133949349313991
AWS,LC08_L2SP_115034_20230617_20230623_02_T1,2023-06-17,588,38.27431040000001,38.00584934342859,35.724154259381464,33.919639410031515,0.28796631686805474,0.33366788810341214,0.5715772060006726,0.6511720722176652
AWS,LC08_L2SP_115034_20230617_20230623_02_T1,2023-06-17,814,38.84967710000001,38.61122951428573,37.29713646000002,35.30726844048671,0.40235026056924666,0.5501984374528698,0.5650987142383846,0.6483466373074308
AWS,LC08_L2SP_115034_20230617_20230623_02_T1,2023-06-17,818,,,28.040484347272745,29.07031905895399,,,0.8116747221044212,0.7674486360606325
AWS,LC08_L2SP_115034_20230617_20230623_02_T1,2023-06-17,581,34.53385718000004,34.492710729714304,32.2210439630928,29.59897557991309,0.5237511941683045,0.5080146512275479,0.6449010772398047,0.7476798254000245
AWS,LC08_L2SP_115034_20230617_20230623_02_T1,2023-06-17,819,,,27.319352745459074,26.356801860913258,,,0.6740795686104314,0.7155090101644527
AWS,LC08_L2SP_115034_20230617_20230623_02_T1,2023-06-17,617,45.465824480000016,45.05546676457145,40.08906368082476,39.825324629094574,0.4047601666310803,0.34594789011825194,0.41404700571172115,0.4414202085187175
AWS,LC08_L2SP_115034_20230617_20230623_02_T1,2023-06-17,695,,,25.81309737944829,26.112679431471236,,,0.8851725290736621,0.8822258840837914
AWS,LC08_L2SP_115034_20230617_20230623_02_T1,2023-06-17,349,33.85481054000004,33.94944086514289,34.57638470948456,33.29017183673635,0.5119826106064248,0.6851723041083041,0.6302237833133157,0.6965667975690139
AWS,LC08_L2SP_115034_20230617_20230623_02_T1,2023-06-17,640,32.852191340000026,32.99737580857144,31.901222220000015,31.20871997351276,0.4345172430406179,0.43671299247249307,0.5843811473304861,0.650429510186238
AWS,LC08_L2SP_115034_20230617_20230623_02_T1,2023-06-17,557,,,,29.454329825037522,,,,0.8133939683381309
AWS,LC08_L2SP_115034_20230617_20230623_02_T1,2023-06-17,536,39.07412708000002,38.91074572400002,37.037175740413815,36.102667809037655,0.389197609257633,0.3808637217552524,0.5330696557984869,0.5705282277049115
AWS,LC08_L2SP_115034_20230617_20230623_02_T1,2023-06-17,569,,,37.98096271761365,38.55037826236317,,,0.47336106545738055,0.40845267591451856
AWS,LC08_L2SP_115034_20230617_20230623_02_T1,2023-06-17,402,39.87280442000002,39.31006811771431,37.48995898804126,37.79824270029413,0.4151658173454649,0.3375362476669137,0.42454607304311304,0.42125608940606324
AWS,LC08_L2SP_115034_20230617_20230623_02_T1,2023-06-17,326,34.27294832000001,33.69621441200001,31.156916064123735,30.463881259639297,0.5778829850961653,0.6869490556660558,0.7665449948779307,0.7850610259724748
AWS,LC08_L2SP_115034_20230617_20230623_02_T1,2023-06-17,638,37.37992850000003,37.762681634857174,34.72317023198608,34.623024579394155,0.4476739481325441,0.48747948178038486,0.5877507302172659,0.5647040733036777
AWS,LC08_L2SP_115034_20230617_20230623_02_T1,2023-06-17,550,37.67387822000004,37.19314184514288,35.811965659793835,35.97545365437962,0.4293551991387948,0.392221599293431,0.4712760650927814,0.4743514284278752
AWS,LC08_L2SP_115034_20230617_20230623_02_T1,2023-06-17,347,31.13064860000003,31.49256808914288,31.74816037917053,31.665281278834694,0.6551655320978621,0.6733053073384747,0.6575530407500384,0.703829924911085
AWS,LC08_L2SP_115034_20230617_20230623_02_T1,2023-06-17,555,36.89798768000001,35.37299736628574,31.530582591182,30.20481420332804,0.4432978968470489,0.44729714235526785,0.6250801143815744,0.7148976288004674
ASOS,LC08_L2SP_115034_20240603_20240611_02_T1,2024-06-03,101,38.46571952000003,38.74619247542859,38.57329509559721,37.683966292237784,0.45620659638647476,0.46249711869788146,0.39065670555105164,0.38170680742949126
ASOS,LC08_L2SP_115034_20240603_20240611_02_T1,2024-06-03,114,41.470159100000046,40.96771016000002,40.717521275670116,39.62953722711711,0.3796965834522558,0.3923663430910321,0.324046889740771,0.3399479669221073
ASOS,LC08_L2SP_115034_20240603_20240611_02_T1,2024-06-03,212,41.428003520000004,41.86274311142859,38.632522116749136,35.46350829579507,0.3288445026192933,0.2980353752068205,0.3587664466966887,0.48976826109225163
ASOS,LC08_L2SP_115034_20240603_20240611_02_T1,2024-06-03,127,39.948000860000015,39.92775316057144,38.09883246371136,37.059892688817655,0.5862756475841232,0.3509671720342527,0.46701216245117827,0.5074963367763002
ASOS,LC08_L2SP_115034_20240603_20240611_02_T1,2024-06-03,202,41.09645558000002,41.14665356000002,40.676400664217134,39.47583135443611,0.5118382057621339,0.38133468749731003,0.3098248324320847,0.36212370234596014
ASOS,LC08_L2SP_115034_20240603_20240611_02_T1,2024-06-03,221,40.820735300000024,40.09250172457144,37.29214568861081,35.49391848697007,0.34774730382180413,0.29344182608441716,0.4166038585631185,0.41304963950119233
ASOS,LC08_L2SP_115034_20240603_20240611_02_T1,2024-06-03,203,38.50331774,38.215227482857166,36.87746781422682,35.608421150815936,0.5040662569446472,0.5205838065314514,0.48175426147321193,0.5142968941375513
ASOS,LC08_L2SP_115034_20240603_20240611_02_T1,2024-06-03,272,34.313964560000024,34.26594951714287,34.74293194288662,34.340807384305776,0.516017103889776,0.4529919412130928,0.47515970276998354,0.4809594901497846
ASOS,LC08_L2SP_115034_20240603_20240611_02_T1,2024-06-03,216,,,33.47918087121078,28.981290946942693,,,0.37328708530581595,0.5389278451160097
ASOS,LC08_L2SP_115034_20240603_20240611_02_T1,2024-06-03,95,37.741099280000036,37.90536530000002,37.119878064747724,35.2464157595473,0.30976887365339856,0.2610210086549504,0.2977473714004121,0.3925976870207544
ASOS,LC08_L2SP_115034_20240603_20240611_02_T1,2024-06-03,106,31.69006454000002,31.752142293714314,33.633197499044705,33.204426454883965,0.4305239516288119,0.48955721788319284,0.4760342044219409,0.4848273536737514
ASOS,LC08_L2SP_115034_20240603_20240611_02_T1,2024-06-03,121,34.39143968,34.68861210457145,34.818034416701046,35.088660962084184,0.43553198609072935,0.6185953245643537,0.5863356724628346,0.5672282279319977
ASOS,LC08_L2SP_115034_20240603_20240611_02_T1,2024-06-03,232,37.01989706000003,36.206212984571444,35.4322621288276,34.6034801635243,0.34362045414061515,0.5310980421409344,0.558666663231275,0.5539705187535731
ASOS,LC08_L2SP_115034_20240603_20240611_02_T1,2024-06-03,93,41.017841120000035,40.67424872857145,39.479970950721665,37.50407828759692,0.3332284847225442,0.31484941979472525,0.3419997093228141,0.37288943097345434
ASOS,LC08_L2SP_115034_20240603_20240611_02_T1,2024-06-03,271,34.27294832000001,34.40744222818183,33.02195767901439,30.312093361914346,0.5199755884323899,0.4498854062517381,0.5231174445903152,0.5977921331505478
AWS,LC08_L2SP_115034_20240603_20240611_02_T1,2024-06-03,558,37.48816580000001,37.29988172685716,35.18218470783506,31.568109836010393,0.6102547339115655,0.4233261219777032,0.5829083773590678,0.6940709488129411
AWS,LC08_L2SP_115034_20240603_20240611_02_T1,2024-06-03,623,41.24798780000001,40.420729302285714,40.601747104536095,37.430796063521704,0.32760105481085694,0.3245857151410943,0.3721369973068933,0.46598728081382
AWS,LC08_L2SP_115034_20240603_20240611_02_T1,2024-06-03,551,37.055216600000016,37.589729822857144,39.26716887704717,37.53590282000002,0.6237974141777722,0.477689057943031,0.32692786173294264,0.33823197840748404
AWS,LC08_L2SP_115034_20240603_20240611_02_T1,2024-06-03,572,40.08244298000002,40.11886930742859,40.177364488453634,39.35353503468197,0.594052793356722,0.40022133398414383,0.40993267975714975,0.46847244517592657
AWS,LC08_L2SP_115034_20240603_20240611_02_T1,2024-06-03,837,33.07208396000002,32.905968188000024,32.15591365072167,33.444560071921,0.525766193397788,0.5538792497622831,0.6261351988423649,0.5659433723321914
AWS,LC08_L2SP_115034_20240603_20240611_02_T1,2024-06-03,831,,,,20.89160672742908,,,,0.8577031222587653
AWS,LC08_L2SP_115034_20240603_20240611_02_T1,2024-06-03,583,33.951654440000006,33.17687068742859,30.751142668041254,28.60979380826493,0.31411704571354343,0.40206141393218275,0.5881232584867864,0.6793582447677855
AWS,LC08_L2SP_115034_20240603_20240611_02_T1,2024-06-03,561,38.71523498000003,38.41728129371431,35.63314127818809,32.43088905293816,0.6021426108895125,0.4988754932755359,0.47010542408045874,0.6178263205718908
AWS,LC08_L2SP_115034_20240603_20240611_02_T1,2024-06-03,597,34.48486556,34.447592865714306,31.65037165711342,29.6244288450343,0.694622195355087,0.5162914232006552,0.6108793024814199,0.6578279883156191
AWS,LC08_L2SP_115034_20240603_20240611_02_T1,2024-06-03,563,,,,26.66013754796776,,,,0.7299446685634877
AWS,LC08_L2SP_115034_20240603_20240611_02_T1,2024-06-03,546,38.131892900000025,37.48474778000002,34.151301864615405,33.20827938069707,0.4407263161609735,0.5094338722473843,0.6734222601133434,0.7030884443995272
AWS,LC08_L2SP_115034_20240603_20240611_02_T1,2024-06-03,559,30.334249940000024,30.181806248000015,28.41515750007616,25.3130608215255,0.4749009327672346,0.5743043743621419,0.6441743003270297,0.7647256811109481
AWS,LC08_L2SP_115034_20240603_20240611_02_T1,2024-06-03,978,35.611672820000024,35.93745895485716,33.548884046597955,31.19349450214577,0.5121398070417551,0.4617877842248646,0.5832882793578283,0.6660883443839244
AWS,LC08_L2SP_115034_20240603_20240611_02_T1,2024-06-03,495,,,,35.365320585577045,,,,0.31550426086133193
AWS,LC08_L2SP_115034_20240603_20240611_02_T1,2024-06-03,526,35.59002536000003,35.21039727200002,30.978391345454565,30.309925632764106,0.3111683776910629,0.4457287697648695,0.637565938906954,0.646820859866532
AWS,LC08_L2SP_115034_20240603_20240611_02_T1,2024-06-03,591,35.10694520000002,32.875401323428584,26.586655289896925,25.430315954829677,0.34403895365460957,0.4859268683077114,0.8171038809884208,0.856286283894419
AWS,LC08_L2SP_115034_20240603_20240611_02_T1,2024-06-03,582,35.72788550000001,35.396435217714306,33.923864735344054,30.482694705389928,0.618472935689514,0.560843917459969,0.4927853073159693,0.6299273594500253
AWS,LC08_L2SP_115034_20240603_20240611_02_T1,2024-06-03,592,31.658163020000018,32.10454857448278,31.957174748040906,30.283509025310213,0.7770160390385602,0.7420719501149077,0.6280364271996294,0.7079997515682992
AWS,LC08_L2SP_115034_20240603_20240611_02_T1,2024-06-03,676,37.33207622,36.64625864514288,34.81593554157896,35.423301179527456,0.5988720370582833,0.4772435170854217,0.5727416608376618,0.5576619817879273
AWS,LC08_L2SP_115034_20240603_20240611_02_T1,2024-06-03,602,37.096232840000006,36.78063566000001,35.63608440637953,36.31868166752168,0.23702106281477006,0.21936818150065693,0.35028494169583535,0.3531882020749151
AWS,LC08_L2SP_115034_20240603_20240611_02_T1,2024-06-03,505,31.727662760000026,31.857514967428596,34.47682362061858,32.65746012381445,0.6234180616433889,0.6874215981068018,0.554864996781558,0.6037905956433436
AWS,LC08_L2SP_115034_20240603_20240611_02_T1,2024-06-03,533,36.97774148000002,37.700961959428604,36.90483155051548,36.23820283359292,0.6631896197962137,0.5179163045493465,0.46589643951412074,0.5108950445607345
AWS,LC08_L2SP_115034_20240603_20240611_02_T1,2024-06-03,576,,,,32.00993825138649,,,,0.6057582718448873
AWS,LC08_L2SP_115034_20240603_20240611_02_T1,2024-06-03,574,36.343129100000034,36.66520424171431,37.071508378050474,36.44904901419863,0.45291843287683203,0.4018441969974663,0.438330558636553,0.4657496045718471
AWS,LC08_L2SP_115034_20240603_20240611_02_T1,2024-06-03,539,34.11230138000004,34.26116428914288,34.77191268061857,33.94197983814435,0.4642957460055515,0.43817793519814696,0.5105582446582942,0.5913464489462713
AWS,LC08_L2SP_115034_20240603_20240611_02_T1,2024-06-03,620,31.353959240000034,31.559951912000024,31.90381491534406,31.736283178711357,0.29658079294961565,0.5139122596471534,0.541081439734317,0.5992535522175241
AWS,LC08_L2SP_115034_20240603_20240611_02_T1,2024-06-03,428,39.06159434000002,39.487609842285735,40.30738885978419,38.192032766853615,0.6617990363730587,0.501370848394592,0.42414942677862655,0.4943943614263391
AWS,LC08_L2SP_115034_20240603_20240611_02_T1,2024-06-03,977,38.627505799999994,38.08807713885716,36.110228464913114,35.346534661546464,0.2787580998967447,0.2682898043286976,0.337407682656714,0.3708027524100954
AWS,LC08_L2SP_115034_20240603_20240611_02_T1,2024-06-03,568,34.069006460000004,34.744277001714295,36.14791043422682,33.665332067998875,0.5040804819419674,0.5126936159594461,0.5200805790985571,0.617752326788799
AWS,LC08_L2SP_115034_20240603_20240611_02_T1,2024-06-03,835,34.53157850000002,34.547301392000016,33.294243405595395,31.882833686917774,0.30894568488194873,0.46345369794748337,0.475247743056331,0.49871257891562865
AWS,LC08_L2SP_115034_20240603_20240611_02_T1,2024-06-03,371,41.20469288000002,41.10599348342859,38.56030130017444,37.17367096558178,0.34774427816232945,0.2608027619102961,0.4513167360961043,0.507806741034891
AWS,LC08_L2SP_115034_20240603_20240611_02_T1,2024-06-03,364,,,,37.854078164369604,,,,0.4648925331860677
AWS,LC08_L2SP_115034_20240603_20240611_02_T1,2024-06-03,444,39.982181059999995,40.01437555314288,41.37867518783507,40.888398005107376,0.5285530330424931,0.4253318321128156,0.3448450215891791,0.3766740097582015
AWS,LC08_L2SP_115034_20240603_20240611_02_T1,2024-06-03,573,37.18282268000004,36.52662794514288,33.57328784804126,32.24617227590363,0.5165681731275763,0.3928892959312424,0.5937396179749427,0.6510399871110756
AWS,LC08_L2SP_115034_20240603_20240611_02_T1,2024-06-03,696,36.812537180000014,35.55493368800003,29.641980111908147,27.54930382867116,0.4457278182094376,0.4053265426668957,0.6623202667168561,0.7363111720884116
AWS,LC08_L2SP_115034_20240603_20240611_02_T1,2024-06-03,660,31.642212260000026,31.565811374857166,27.642178965292754,25.339774923645273,0.42454224250700295,0.5228880257349273,0.7072687228525623,0.79019950951967
AWS,LC08_L2SP_115034_20240603_20240611_02_T1,2024-06-03,621,31.22749250000002,31.573428676571453,28.710297795581756,26.93887964099587,0.5834441543093812,0.6641150178397439,0.7551189657727975,0.7851327416812871
AWS,LC08_L2SP_115034_20240603_20240611_02_T1,2024-06-03,630,,,,30.346910456448615,,,,0.6946333494715358
AWS,LC08_L2SP_115034_20240603_20240611_02_T1,2024-06-03,323,33.77847476000003,34.002957292571445,32.85665081855672,31.826580767783522,0.43089295722754467,0.44840101579390435,0.43896712929431697,0.5040165182445981
AWS,LC08_L2SP_115034_20240603_20240611_02_T1,2024-06-03,877,32.918273060000026,33.23159156000002,32.53823774983228,32.67496378947694,0.4690500382820268,0.5103258422391012,0.5964545186032142,0.5884211162500224
AWS,LC08_L2SP_115034_20240603_20240611_02_T1,2024-06-03,588,40.07788562000004,39.06983014057145,35.81380583092785,33.43633157773835,0.30804463078179906,0.298787634099587,0.5320762251606879,0.6198168073807154
AWS,LC08_L2SP_115034_20240603_20240611_02_T1,2024-06-03,581,,,30.10470598252562,27.126252408043495,,,0.6332092986246771,0.7046088433084531
AWS,LC08_L2SP_115034_20240603_20240611_02_T1,2024-06-03,522,31.86324422000003,31.249302722857173,30.099842781227846,31.319194326594875,0.5555245855045298,0.7248615491277299,0.7160812570429309,0.6498041458806313
AWS,LC08_L2SP_115034_20240603_20240611_02_T1,2024-06-03,839,,,35.847581181368845,34.216731933111305,,,0.35153445975662956,0.47781453582521266
AWS,LC08_L2SP_115034_20240603_20240611_02_T1,2024-06-03,593,27.941635940000026,28.491367490000016,25.664568849147845,24.029350928756543,0.5497691530225003,0.6435909524190199,0.8019377171513011,0.8577475640016774
AWS,LC08_L2SP_115034_20240603_20240611_02_T1,2024-06-03,695,,,21.32000306924284,21.825089150000018,,,0.8835200294064556,0.8951342532094951
AWS,LC08_L2SP_115034_20240603_20240611_02_T1,2024-06-03,536,37.244347040000015,37.17780958400002,35.52278067313366,34.74917765617649,0.36311157337566446,0.38988709604938787,0.5332391143950764,0.5487310233272685
AWS,LC08_L2SP_115034_20240603_20240611_02_T1,2024-06-03,569,37.97010662,38.417769582285736,39.25924873111113,40.18821961868615,0.7208786377394095,0.5624903785335065,0.4821169279071139,0.4172368671517833
AWS,LC08_L2SP_115034_20240603_20240611_02_T1,2024-06-03,324,28.17975800000003,28.039308450909118,27.0783119265649,26.685292300866163,0.5795351068337982,0.6154526305588924,0.7472251052064807,0.7911794411915616
AWS,LC08_L2SP_115034_20240603_20240611_02_T1,2024-06-03,326,29.781670040000012,29.33667638857145,27.42040550865981,27.07098414697969,0.6360712814182439,0.705689554109363,0.7909545550076653,0.8027061285527084
AWS,LC08_L2SP_115034_20240603_20240611_02_T1,2024-06-03,638,37.69210766000001,37.81278004228573,33.670493811500016,33.51690608846072,0.4969081117573672,0.4801233587348402,0.5967615463478501,0.5717569161936134
AWS,LC08_L2SP_115034_20240603_20240611_02_T1,2024-06-03,550,39.20287250000001,38.760743474857165,38.166125712834415,37.734738286847474,0.4698298081402716,0.4125659689182714,0.452470201111961,0.47893015600713984
AWS,LC08_L2SP_115034_20240603_20240611_02_T1,2024-06-03,601,38.58193220000002,37.967079230857166,34.5971896230435,31.17727643117777,0.2812477975935248,0.39110544085706134,0.49287191800372093,0.6531208283047555
AWS,LC08_L2SP_115034_20240603_20240611_02_T1,2024-06-03,552,35.73586088,36.0089444017143,31.107630799793835,29.55241284759807,0.5024247899044935,0.4674129337071287,0.6871740851664926,0.7365679179285329
AWS,LC08_L2SP_115034_20240603_20240611_02_T1,2024-06-03,531,36.496940000000016,36.25933878114287,32.65278726371136,31.329040064217196,0.5058192316041791,0.5112706580022941,0.6539488836294025,0.7040031870859245
AWS,LC08_L2SP_115034_20240603_20240611_02_T1,2024-06-03,534,32.70293780000001,33.45558580400002,35.78168795701836,35.78783334880422,0.6615059171651549,0.5982895378374736,0.45446138551656434,0.4655136956596431
AWS,LC08_L2SP_115034_20240603_20240611_02_T1,2024-06-03,617,35.47495202000001,35.58862559942858,36.373373873302775,36.132025440900506,0.3299682302643026,0.3669691479412942,0.43737167006773436,0.4206400488228319
AWS,LC08_L2SP_115034_20240603_20240611_02_T1,2024-06-03,547,35.76434438000001,36.59889465371431,34.63103387690723,33.019433609728345,0.5497654429839828,0.5002566787435406,0.5502354687067292,0.5947797733732743
AWS,LC08_L2SP_115034_20240603_20240611_02_T1,2024-06-03,876,34.63297976000001,34.49808190400001,34.153392009896926,32.78278352279863,0.5086066433431611,0.5414876248545539,0.49747566302665525,0.5250281474183297
AWS,LC08_L2SP_115034_20240603_20240611_02_T1,2024-06-03,619,35.382665480000014,35.75541955000003,33.557806103644275,32.983345942728825,0.38596979081084504,0.30557324191291346,0.3361174958986393,0.4906096903631167
AWS,LC08_L2SP_115034_20240603_20240611_02_T1,2024-06-03,535,37.30017469999999,37.434747030285735,37.10958650183408,34.212094893126725,0.49253765153884305,0.5118558360024229,0.4230766851131865,0.4362974658050713
AWS,LC08_L2SP_115034_20240603_20240611_02_T1,2024-06-03,555,34.61588965999999,34.38330714965519,29.879595591898756,28.405053609121833,0.4945650091206977,0.39516643547765246,0.6264022852288407,0.7492921703568468
AWS,LC08_L2SP_115034_20240603_20240611_02_T1,2024-06-03,675,29.217696740000008,29.305646437419362,28.00876097782822,27.806834670742177,0.7484296364567213,0.668373822737744,0.7522716653912139,0.7897926057916218
AWS,LC08_L2SP_115034_20240603_20240611_02_T1,2024-06-03,600,38.92373420000001,38.97041458742861,36.43268373417382,32.89596827048012,0.5210525145701523,0.4621671475237628,0.4801735704632366,0.6318944631488292
AWS,LC08_L2SP_115034_20240603_20240611_02_T1,2024-06-03,580,25.87259450000003,26.48897744000002,28.908007683917543,28.726120710143906,0.812002162679375,0.8357180289917424,0.6064986693179901,0.5854815394347381
AWS,LC08_L2SP_115034_20240603_20240611_02_T1,2024-06-03,541,38.726628380000044,38.22430965028573,39.17421931106385,39.61076067925638,0.4924376203288144,0.44099996383435286,0.468708098266396,0.43564692067386573
AWS,LC08_L2SP_115034_20240603_20240611_02_T1,2024-06-03,527,36.77038160000003,36.19127135428573,31.507480410927855,28.347209993083325,0.3153602037688556,0.31107148771377996,0.5868080262870337,0.7066187329778993
AWS,LC08_L2SP_115034_20240603_20240611_02_T1,2024-06-03,519,32.547987560000024,32.9409296497143,32.095614766391776,30.53657363059263,0.6678282096974025,0.6332151455980397,0.6199170828351794,0.6739244399301932
AWS,LC08_L2SP_115034_20240603_20240611_02_T1,2024-06-03,325,37.70805842000001,37.51951392628573,34.86722179958765,33.088167953224435,0.43480706472904407,0.46542111818250376,0.49592111660867144,0.597504907065101
AWS,LC08_L2SP_115034_20240603_20240611_02_T1,2024-06-03,347,,,31.34041708473686,29.028941663953507,,,0.6625817411198839,0.7448891298201447
AWS,LC08_L2SP_115034_20240603_20240611_02_T1,2024-06-03,349,31.62512216000003,31.361413778857163,31.810646647628882,30.4040399784827,0.5711528797700395,0.706978819099584,0.6326051779640463,0.7002703009916551
AWS,LC08_L2SP_115034_20240603_20240611_02_T1,2024-06-03,814,33.97899860000003,34.183819379428584,32.93447849600002,29.95210222732603,0.4490528316170061,0.5617512276344154,0.5424695122600054,0.6336227907347253
AWS,LC08_L2SP_115034_20240603_20240611_02_T1,2024-06-03,402,41.71967456000002,40.89290435085716,38.64594274865981,39.06183026890424,0.3824639646778974,0.31806264303299553,0.42862308274968974,0.41337666400891904
AWS,LC08_L2SP_115034_20240603_20240611_02_T1,2024-06-03,815,,,,29.671922882926847,,,,0.6506436650345588
AWS,LC08_L2SP_115034_20240603_20240611_02_T1,2024-06-03,542,34.02457220000002,34.48060117314287,32.23445050099469,30.66085199556175,0.5121859291894815,0.5374446279683502,0.6574996984293577,0.7012285744027774
AWS,LC08_L2SP_115034_20240603_20240611_02_T1,2024-06-03,548,35.119477940000024,34.82230551542859,33.78766406075211,33.77599804021461,0.7750946974806056,0.5407447331361845,0.6242593422262949,0.626419635019798
AWS,LC08_L2SP_115034_20240603_20240611_02_T1,2024-06-03,549,41.07708680000002,41.300429992571445,41.74596160041239,38.778334764274604,0.48955932645067984,0.43982844198018684,0.3235589693361904,0.4106638545335094
AWS,LC08_L2SP_115034_20240603_20240611_02_T1,2024-06-03,681,37.65337010000004,37.1192149554286,36.0121058045361,31.726856579641016,0.36401443413090107,0.4811907629065464,0.5082889353298021,0.6613611380224431
ASOS,LC08_L2SP_115034_20240619_20240706_02_T1,2024-06-19,101,41.13405380000004,41.39398608285717,41.28125574494848,40.44215540480002,0.45929902890833824,0.44813692626633406,0.4075032584540688,0.3869161351393192
ASOS,LC08_L2SP_115034_20240619_20240706_02_T1,2024-06-19,114,46.95380252000001,46.34142354628573,45.908146807010326,44.875796728090485,0.38535981461583596,0.37572495715997195,0.33369896382781983,0.34922202809626013
ASOS,LC08_L2SP_115034_20240619_20240706_02_T1,2024-06-19,212,41.02581650000002,41.66098227371431,38.75915219540418,35.94964809165854,0.37728957189270185,0.3403253654596238,0.3919023966411177,0.5014693890058666
ASOS,LC08_L2SP_115034_20240619_20240706_02_T1,2024-06-19,202,,,,36.77596817791824,,,,0.38413234242932914
ASOS,LC08_L2SP_115034_20240619_20240706_02_T1,2024-06-19,272,,,,30.786557845450176,,,,0.5759380102264714
ASOS,LC08_L2SP_115034_20240619_20240706_02_T1,2024-06-19,216,45.800790440000014,45.7940520577143,43.84471984659796,39.982089403962235,0.36243815390378525,0.3596851758771271,0.4464809167383418,0.5824799156280817
ASOS,LC08_L2SP_115034_20240619_20240706_02_T1,2024-06-19,95,42.315549380000014,42.5551363057143,42.60406353340148,40.87047740159365,0.3911732789950568,0.38571755771045796,0.37935379403231756,0.4193008131672255
ASOS,LC08_L2SP_115034_20240619_20240706_02_T1,2024-06-19,106,31.37788537999999,31.173813309714298,32.559758321019125,31.463701818359922,0.4296992731376761,0.4777391824027398,0.4928891585330275,0.5383917103324726
ASOS,LC08_L2SP_115034_20240619_20240706_02_T1,2024-06-19,93,44.06671496000001,43.63650017600003,42.27192557835053,39.95113666116534,0.35063821463651695,0.3483719358896831,0.3793489541912593,0.42850724210430313
ASOS,LC08_L2SP_115034_20240619_20240706_02_T1,2024-06-19,217,43.31816858000002,42.850453233714305,38.15295636868717,35.38827610184682,0.3922839397034837,0.32520025412491566,0.49504381965346905,0.6180351588706026
AWS,LC08_L2SP_115034_20240619_20240706_02_T1,2024-06-19,558,37.97922134,38.94512123942859,38.12885074474229,35.44351330573401,0.6381641633790742,0.5415417784029781,0.6376298198000847,0.716983140372732
AWS,LC08_L2SP_115034_20240619_20240706_02_T1,2024-06-19,587,40.65894902000002,39.77296568342859,36.393864194021376,35.31987536061836,0.4854001133087589,0.47834656342937704,0.699445281392405,0.7440112102544577
AWS,LC08_L2SP_115034_20240619_20240706_02_T1,2024-06-19,831,30.5609786,30.494994537714312,30.501564563917544,29.9668113221987,0.7576391032939584,0.7669497206558248,0.8020145883937672,0.8434016109127672
AWS,LC08_L2SP_115034_20240619_20240706_02_T1,2024-06-19,583,33.20310806000001,32.45293405142859,30.422985341237133,28.853582522739007,0.40270967108208994,0.4512790223622855,0.6096108026734353,0.6773934624051807
AWS,LC08_L2SP_115034_20240619_20240706_02_T1,2024-06-19,560,42.721154420000026,42.45933408800001,40.77188589079827,37.51808652330728,0.5407816504347892,0.45912670939838335,0.44645822043409644,0.580128943674978
AWS,LC08_L2SP_115034_20240619_20240706_02_T1,2024-06-19,597,36.555046340000025,36.4553378137143,33.96213558494847,32.526155809390225,0.7208563017196541,0.5611269715242917,0.6419172135318065,0.6830974527316529
AWS,LC08_L2SP_115034_20240619_20240706_02_T1,2024-06-19,563,,,,29.491760449123866,,,,0.7429578524398762
AWS,LC08_L2SP_115034_20240619_20240706_02_T1,2024-06-19,546,35.006683280000026,34.43177231600002,31.746501707062954,30.785461161662216,0.43910340102791245,0.5339023810481187,0.6721713123964461,0.6950121650777565
AWS,LC08_L2SP_115034_20240619_20240706_02_T1,2024-06-19,594,42.46594226000002,42.39732143942859,40.26916162123713,37.616740531137225,0.3217328932859245,0.33367361715842525,0.488546170007147,0.5839769033590944
AWS,LC08_L2SP_115034_20240619_20240706_02_T1,2024-06-19,674,37.44031352000004,36.78014737142859,35.17119695899516,33.79497160265999,0.4896548572066776,0.4955800265448415,0.6518857016911844,0.7340932345962977
AWS,LC08_L2SP_115034_20240619_20240706_02_T1,2024-06-19,559,36.030949940000006,36.27525698857145,34.51042436247425,32.2123343260908,0.5363419632598014,0.5983714912877786,0.6953149001588974,0.7921484455124653
AWS,LC08_L2SP_115034_20240619_20240706_02_T1,2024-06-19,978,36.76468490000002,37.28074081485717,35.585518898350536,33.491119023620655,0.5389056196534696,0.5026279890531362,0.5995709613156506,0.6687659071763437
AWS,LC08_L2SP_115034_20240619_20240706_02_T1,2024-06-19,526,39.67114124000002,39.09619772342859,35.17715850588237,35.1954725062995,0.33966793652801813,0.4248872329591222,0.6264409734832248,0.6436838175166383
AWS,LC08_L2SP_115034_20240619_20240706_02_T1,2024-06-19,591,36.52200548,35.18168590400002,29.793603745567033,28.839746381523064,0.3850837827544236,0.49811605728345604,0.8008829999576674,0.8360150792298815
AWS,LC08_L2SP_115034_20240619_20240706_02_T1,2024-06-19,582,38.77675933999999,38.51572026971431,36.950299438556726,33.983766671033514,0.5475631356573206,0.532702438453694,0.5244566161176228,0.6426977210529141
AWS,LC08_L2SP_115034_20240619_20240706_02_T1,2024-06-19,596,39.08779916000001,38.984574956000024,36.29522200639177,35.1829877459147,0.7046093607348506,0.7284003396239012,0.7932589052822747,0.8338423329430278
AWS,LC08_L2SP_115034_20240619_20240706_02_T1,2024-06-19,505,36.462759800000015,37.10026935885717,39.479195729690744,38.19286520865981,0.5806480293678098,0.6208754846905238,0.5573127517283033,0.5922176630480431
AWS,LC08_L2SP_115034_20240619_20240706_02_T1,2024-06-19,682,29.936620280000017,30.077214836000017,30.24768359154641,29.568696635407978,0.8525653077672839,0.8622591628671,0.853047733894642,0.8652238052141153
AWS,LC08_L2SP_115034_20240619_20240706_02_T1,2024-06-19,680,,,33.6732530357097,32.556483073478276,,,0.7284798692674449,0.7772489674759212
AWS,LC08_L2SP_115034_20240619_20240706_02_T1,2024-06-19,576,35.02035536000002,34.45599142914288,31.789245848866003,31.290746582307495,0.447410997420772,0.5174935998234741,0.5997840696380944,0.6429040205546372
AWS,LC08_L2SP_115034_20240619_20240706_02_T1,2024-06-19,574,40.08130364000002,39.74650044285716,39.48770750000002,39.05662983642071,0.4991338252941943,0.4971139014763014,0.519294800853162,0.524774531447971
AWS,LC08_L2SP_115034_20240619_20240706_02_T1,2024-06-19,539,39.13565143999998,39.48897705028573,40.11421138123713,39.349433766206715,0.6194245271109223,0.5665791512453296,0.5622717363328976,0.6126570560002007
AWS,LC08_L2SP_115034_20240619_20240706_02_T1,2024-06-19,579,34.55436530000003,34.190264788571454,32.84137348288662,32.29625473864585,0.30504183476825547,0.5151825127107612,0.7076663843786859,0.7505756861077307
AWS,LC08_L2SP_115034_20240619_20240706_02_T1,2024-06-19,678,,,28.864960751290344,28.819211998021625,,,0.8342113719563813,0.8428081739951553
AWS,LC08_L2SP_115034_20240619_20240706_02_T1,2024-06-19,586,,,33.63072404916892,33.09792710579072,,,0.7674192552937047,0.7998691925183562
AWS,LC08_L2SP_115034_20240619_20240706_02_T1,2024-06-19,568,39.289462340000036,40.29533679714287,42.094830640618575,40.068445048107655,0.5475965682980909,0.5425030360746238,0.5365875360933777,0.6206948916262581
AWS,LC08_L2SP_115034_20240619_20240706_02_T1,2024-06-19,350,31.86324422000003,31.454188607428595,29.365348939587644,28.925640157520775,0.52295566152585,0.7202580765750185,0.8463781466175596,0.8747966806163624
AWS,LC08_L2SP_115034_20240619_20240706_02_T1,2024-06-19,364,,,32.40598909610579,32.245964547968775,,,0.4579879626486598,0.4573354920005086
AWS,LC08_L2SP_115034_20240619_20240706_02_T1,2024-06-19,444,32.07744014000002,32.04345525542859,33.160696504933945,32.69741374762974,0.5168088301615481,0.43102832691741466,0.34822077107104293,0.36521910422117193
AWS,LC08_L2SP_115034_20240619_20240706_02_T1,2024-06-19,573,37.231814299999996,36.56246832628574,33.32406603237115,31.806184585428017,0.5622612577067586,0.4602679436805238,0.6014841060052134,0.6516815603074365
AWS,LC08_L2SP_115034_20240619_20240706_02_T1,2024-06-19,696,44.246730680000006,43.09059355314287,38.59194742927838,37.39200230745493,0.4315150095465157,0.471875293940392,0.6683783694353153,0.7194584122550907
AWS,LC08_L2SP_115034_20240619_20240706_02_T1,2024-06-19,660,,,26.97688664876925,24.750286216994283,,,0.7051325945776423,0.7811442315283836
AWS,LC08_L2SP_115034_20240619_20240706_02_T1,2024-06-19,322,32.880674840000005,33.56310694742859,31.750864577319607,31.008373900561143,0.8649056623992801,0.7873885125746781,0.8426099096996353,0.8681802761034663
AWS,LC08_L2SP_115034_20240619_20240706_02_T1,2024-06-19,323,39.59024810000003,39.90949116800002,38.939148569690744,37.88515223684514,0.5327076404666554,0.5132003865299352,0.5175982914700302,0.5687833604089937
AWS,LC08_L2SP_115034_20240619_20240706_02_T1,2024-06-19,877,32.313283520000006,31.623917714857168,31.37789950404961,32.14756236708611,0.5568880041014936,0.535080181580918,0.6451768373249327,0.6518289029264123
AWS,LC08_L2SP_115034_20240619_20240706_02_T1,2024-06-19,588,41.05202132000003,40.72356587428573,37.76507631835054,35.82449226854282,0.3925725737081205,0.39862942575260646,0.5955185170854927,0.6563479325228637
AWS,LC08_L2SP_115034_20240619_20240706_02_T1,2024-06-19,581,,,,27.366832913473704,,,,0.8031756452288616
AWS,LC08_L2SP_115034_20240619_20240706_02_T1,2024-06-19,522,35.51141090000002,35.226022506285744,34.88698747485716,35.7307202158585,0.6106000075462675,0.7405333725618698,0.7226224547658983,0.6768168093994752
AWS,LC08_L2SP_115034_20240619_20240706_02_T1,2024-06-19,497,28.91918966000003,28.570551620000014,26.469085426934573,25.497395802174683,0.6543308227174988,0.6829526419861025,0.8017431032569154,0.8246103984839752
AWS,LC08_L2SP_115034_20240619_20240706_02_T1,2024-06-19,839,39.87280442000002,39.75265287885716,37.30844372432992,34.738584476793605,0.27559918447588094,0.3474932444312006,0.4302715299734994,0.5703436543449425
AWS,LC08_L2SP_115034_20240619_20240706_02_T1,2024-06-19,593,35.42709974000002,34.173662977142875,34.244291356470605,34.18192209110002,0.5029706808137164,0.5087805729619862,0.7224833217555164,0.8067491951368672
AWS,LC08_L2SP_115034_20240619_20240706_02_T1,2024-06-19,677,,,,27.558177149400944,,,,0.7989470030534728
AWS,LC08_L2SP_115034_20240619_20240706_02_T1,2024-06-19,695,28.8690587,29.060012084000018,28.84517562783507,29.239435529859737,0.8500275827058691,0.8638383513194593,0.8665308607762614,0.8759936185914008
AWS,LC08_L2SP_115034_20240619_20240706_02_T1,2024-06-19,557,,,,27.992784914932695,,,,0.7883433035230972
AWS,LC08_L2SP_115034_20240619_20240706_02_T1,2024-06-19,536,36.062851460000026,35.72075648685716,33.99094405134022,32.88006511251299,0.44330185711521924,0.436627936274069,0.557550407914781,0.5943856826185377
AWS,LC08_L2SP_115034_20240619_20240706_02_T1,2024-06-19,326,33.62922122000001,33.25187181200002,31.1461804274227,30.386001678831967,0.6832559148065488,0.7072047071832448,0.7798490112337961,0.792416366779263
AWS,LC08_L2SP_115034_20240619_20240706_02_T1,2024-06-19,638,,30.85521315500002,29.404453073045698,,,0.43261045120962577,0.5797772782555826,
AWS,LC08_L2SP_115034_20240619_20240706_02_T1,2024-06-19,550,35.92954868,35.37358331257144,33.64494009080002,34.57560202749812,0.464756905531911,0.41730047500317163,0.5049335149175872,0.48256270946073804
AWS,LC08_L2SP_115034_20240619_20240706_02_T1,2024-06-19,552,43.73858504000003,43.51716244914287,38.142092146391775,36.33631165215004,0.48817139986962177,0.5055106440061419,0.6921826891075911,0.7425050899878493
AWS,LC08_L2SP_115034_20240619_20240706_02_T1,2024-06-19,318,38.734603760000006,37.77637812928573,33.495659779027044,32.90177802319598,0.37637120498004356,0.5014852539842705,0.7512531714268365,0.8008417218402858
AWS,LC08_L2SP_115034_20240619_20240706_02_T1,2024-06-19,531,40.78199774000003,39.710367088571445,36.196369579175276,35.177579371872504,0.5331566949450182,0.5420749656761497,0.6778286783825431,0.7126733283699972
AWS,LC08_L2SP_115034_20240619_20240706_02_T1,2024-06-19,547,43.35007010000004,43.47487665885717,41.72344886845363,39.66328573866823,0.5795023041726858,0.5185507563411847,0.5491035676215915,0.6053863312364497
AWS,LC08_L2SP_115034_20240619_20240706_02_T1,2024-06-19,520,,,,30.993266319106816,,,,0.8673243260608422
AWS,LC08_L2SP_115034_20240619_20240706_02_T1,2024-06-19,535,31.47586862000001,31.87206596685717,33.052603581776786,30.33106754000002,0.5603835876420088,0.5444813830980636,0.48543829637655667,0.5506817462103496
AWS,LC08_L2SP_115034_20240619_20240706_02_T1,2024-06-19,555,,,29.34915468120999,28.348850165473703,,,0.5500642718663462,0.693588188203648
AWS,LC08_L2SP_115034_20240619_20240706_02_T1,2024-06-19,675,,,29.781787808317326,29.908141647083514,,,0.6280673261001488,0.6823230912118307
AWS,LC08_L2SP_115034_20240619_20240706_02_T1,2024-06-19,580,30.746691019999997,30.358176080000014,32.44958930268043,32.61622596940168,0.6125797370037055,0.7714751875101514,0.6287946215108585,0.6059474903718379
AWS,LC08_L2SP_115034_20240619_20240706_02_T1,2024-06-19,541,,,,39.5419754391107,,,,0.4404312891004803
AWS,LC08_L2SP_115034_20240619_20240706_02_T1,2024-06-19,527,39.283765640000034,39.034673363428595,35.43065479402063,33.28780280541084,0.372717583648881,0.32541253041022744,0.60464243775379,0.7100839965904564
AWS,LC08_L2SP_115034_20240619_20240706_02_T1,2024-06-19,525,35.33310419,35.13549990875002,32.370725849745234,29.346331125240948,0.38081463691194584,0.35392194525341975,0.4591844124991774,0.6219001650876097
AWS,LC08_L2SP_115034_20240619_20240706_02_T1,2024-06-19,519,39.676837940000006,39.76319991200001,38.62691068082476,37.16719385775553,0.5777022529983508,0.6046308400263679,0.6183570981760308,0.6727635310459228
AWS,LC08_L2SP_115034_20240619_20240706_02_T1,2024-06-19,878,34.83350360000001,33.95364014685716,32.269045022886615,32.285331690254814,0.5945455267538537,0.69794559563517,0.8215888837459291,0.8593762487937467
AWS,LC08_L2SP_115034_20240619_20240706_02_T1,2024-06-19,349,,,26.403389116612924,24.807008213786762,,,0.6599160416228617,0.7439507278120943
AWS,LC08_L2SP_115034_20240619_20240706_02_T1,2024-06-19,814,31.5749912,31.306725458857162,30.247041489278367,29.198595439462384,0.4704056010155883,0.5493443491684189,0.5596605413215398,0.6352824010202998
AWS,LC08_L2SP_115034_20240619_20240706_02_T1,2024-06-19,402,33.59048366000002,33.504805292000015,32.50253363857144,33.22403059927474,0.34317830259989784,0.3362603012317372,0.41879960453240345,0.39077092656585005
AWS,LC08_L2SP_115034_20240619_20240706_02_T1,2024-06-19,542,39.96964832000001,40.184983580000015,36.88228579386775,35.16441770252797,0.46731913363203814,0.5461256159078108,0.6309986052183637,0.6862899806782053
AWS,LC08_L2SP_115034_20240619_20240706_02_T1,2024-06-19,498,30.63731438000004,29.4661705177143,26.957637705773212,26.661869757119973,0.7226516613916097,0.8320730383100655,0.8780685366572856,0.8845830598749035
AWS,LC08_L2SP_115034_20240619_20240706_02_T1,2024-06-19,549,34.67513534000002,35.31811373085716,36.26284574760565,34.20188069279547,0.5265407147721105,0.46529851984924336,0.3668745314424482,0.43127474725107245
AWS,LC08_L2SP_115034_20240619_20240706_02_T1,2024-06-19,681,38.71067762000001,38.56826012000001,37.42527501505157,34.041359348286235,0.44889773384810355,0.5212538893992058,0.5540695260705394,0.6668489795191055
ASOS,LC08_L2SP_115034_20250622_20250630_02_T1,2025-06-22,101,36.76582424000003,37.14333641085716,37.06381742188813,36.380385120093145,0.4616906556477108,0.48793367653261593,0.45900093216598886,0.43376016870342177
ASOS,LC08_L2SP_115034_20250622_20250630_02_T1,2025-06-22,114,39.48201080000003,39.07393176457145,39.25645671731961,38.15038589188092,0.42351335412017743,0.40933644335793823,0.34720761274667444,0.36190183556252653
ASOS,LC08_L2SP_115034_20250622_20250630_02_T1,2025-06-22,212,41.09873425999999,41.55346113028573,38.282111528000016,35.044741656719594,0.3443760909390042,0.3380798787071977,0.38434581806236634,0.5100781864937594
ASOS,LC08_L2SP_115034_20250622_20250630_02_T1,2025-06-22,127,35.86916366000003,36.264709955428586,33.98480101195878,33.717415529928445,0.707298947693586,0.4214362905128412,0.5458222942319115,0.553933941694725
ASOS,LC08_L2SP_115034_20250622_20250630_02_T1,2025-06-22,221,33.49819712000002,33.04893908171431,31.36143276785716,30.74937298001733,0.4010986551192896,0.4411124907079177,0.5375025175870716,0.5361494663207088
ASOS,LC08_L2SP_115034_20250622_20250630_02_T1,2025-06-22,203,35.398616240000024,35.79907797371431,35.18511723587631,34.809660309229905,0.5873044857801193,0.5685447805424086,0.5636884234098112,0.5651076972920467
ASOS,LC08_L2SP_115034_20250622_20250630_02_T1,2025-06-22,202,39.29971640000002,39.485368854736855,39.06502177603308,37.7567878705322,0.4293210285734093,0.34562219949384926,0.31449849034603977,0.39669639205080204
ASOS,LC08_L2SP_115034_20250622_20250630_02_T1,2025-06-22,272,28.65144476000002,28.528461145142874,29.388170976907233,29.11350285678957,0.5922519752460661,0.5580956194211824,0.549735087445113,0.5521261237158877
ASOS,LC08_L2SP_115034_20250622_20250630_02_T1,2025-06-22,216,36.792029060000026,36.35348081771431,34.35298793381445,30.72138938707703,0.3907148785077436,0.36537602697718796,0.46524460913429294,0.6028397658047319
ASOS,LC08_L2SP_115034_20250622_20250630_02_T1,2025-06-22,95,37.17598664000002,37.09821854685717,36.139461308041255,33.8461857394618,0.4882556186393104,0.44447345051346226,0.422225868220926,0.5157886541115385
ASOS,LC08_L2SP_115034_20250622_20250630_02_T1,2025-06-22,106,35.48520607999999,35.67036510628572,37.59398111791927,37.33795875746952,0.4599941431552235,0.5072352951206035,0.48144845400729774,0.4921158785123235
ASOS,LC08_L2SP_115034_20250622_20250630_02_T1,2025-06-22,121,29.44328606000001,29.841762086857162,29.966603851473373,29.476286159965948,0.4632643020169713,0.6521672744799704,0.6250083583305042,0.6478192239756778
ASOS,LC08_L2SP_115034_20250622_20250630_02_T1,2025-06-22,232,29.945735000000013,30.40349649333335,34.010977405645534,32.848604370760185,0.43886529706080823,0.5141279903891094,0.5030371382848557,0.5628704314907235
ASOS,LC08_L2SP_115034_20250622_20250630_02_T1,2025-06-22,93,37.53260006000003,37.114429727428586,36.68842350989693,34.90528495644332,0.39531189391100474,0.40815725406870623,0.42740941748185496,0.4688248974938994
ASOS,LC08_L2SP_115034_20250622_20250630_02_T1,2025-06-22,273,27.945053960000013,28.474554086857154,27.13660805195878,27.19328820244491,0.5131774023332768,0.5778333850921958,0.7085001180878704,0.7243649324590851
AWS,LC08_L2SP_115034_20250622_20250630_02_T1,2025-06-22,623,35.42709974000004,35.07260223714289,35.056187798762906,32.82953490898769,0.41159428979271034,0.39513150545912695,0.44816206555466753,0.5645829867177898
AWS,LC08_L2SP_115034_20250622_20250630_02_T1,2025-06-22,572,38.03390966000003,38.084561461142876,37.64139332659796,36.91338869538419,0.6645429803317696,0.42308593217725604,0.4529598644011742,0.5011393378793499
AWS,LC08_L2SP_115034_20250622_20250630_02_T1,2025-06-22,551,36.300973520000035,37.74134342428574,39.71269039709679,37.977718048877655,0.6225280107463949,0.4857327494712108,0.3810592461698508,0.43516190673647714
AWS,LC08_L2SP_115034_20250622_20250630_02_T1,2025-06-22,597,30.47438876000003,30.744705313142873,29.859015956494865,28.53394563369026,0.7634162062157207,0.6154319963633034,0.669538671052758,0.7151541056969469
AWS,LC08_L2SP_115034_20250622_20250630_02_T1,2025-06-22,583,30.753527060000028,30.213349689714303,27.88493517752579,26.588391939598463,0.44582607165263566,0.5205131460458339,0.6709744452781994,0.7289573415923534
AWS,LC08_L2SP_115034_20250622_20250630_02_T1,2025-06-22,831,,,24.04094209884339,23.5688678032784,,,0.8170737195802206,0.8616923082267706
AWS,LC08_L2SP_115034_20250622_20250630_02_T1,2025-06-22,674,29.18237720000002,27.03532095263159,26.30819266550002,,0.48785839211842164,0.6598498196173231,0.6932856874930926,
AWS,LC08_L2SP_115034_20250622_20250630_02_T1,2025-06-22,978,32.54001218000002,32.944445327428596,31.86800908865981,30.1393931725513,0.5851621629364101,0.532380749778903,0.6143361732446967,0.6900287225470891
AWS,LC08_L2SP_115034_20250622_20250630_02_T1,2025-06-22,592,31.842736100000025,31.450477614285735,30.163476037689257,29.14916082211656,0.709404432853843,0.6850393976151375,0.6751675141669183,0.7412599377041323
AWS,LC08_L2SP_115034_20250622_20250630_02_T1,2025-06-22,596,32.623184000000016,32.31592027828574,29.76186275113404,28.73741029517322,0.7367772443252228,0.7478306244311437,0.8132135247617829,0.8474270250477963
AWS,LC08_L2SP_115034_20250622_20250630_02_T1,2025-06-22,591,32.568495680000034,30.966974270857165,26.0762035630928,25.195456980246224,0.4004209930761942,0.4975910238464543,0.8056417420084462,0.8409311275436111
AWS,LC08_L2SP_115034_20250622_20250630_02_T1,2025-06-22,582,31.99996502000001,31.85497586685716,30.596277234678915,28.268643174153073,0.47426169426718023,0.5555681711336414,0.5698186497928105,0.6851135525119771
AWS,LC08_L2SP_115034_20250622_20250630_02_T1,2025-06-22,676,35.04542084,34.54788733828574,32.00472597340208,32.46423448404471,0.6156053722781315,0.4890073543172844,0.6524705111391417,0.6533128737529348
AWS,LC08_L2SP_115034_20250622_20250630_02_T1,2025-06-22,505,32.35771778000001,32.44170341428573,35.0432870245361,33.47475436607575,0.6253789169047298,0.6654333144858189,0.5788688265752135,0.6190165568692227
AWS,LC08_L2SP_115034_20250622_20250630_02_T1,2025-06-22,680,,,28.3711011275639,27.307324108064208,,,0.7497487828996794,0.8053010345049899
AWS,LC08_L2SP_115034_20250622_20250630_02_T1,2025-06-22,576,34.561201340000004,33.69728864685715,31.958541593195896,31.532684273375345,0.5245961483688837,0.5852669807588669,0.6511572907797316,0.6809261578402532
AWS,LC08_L2SP_115034_20250622_20250630_02_T1,2025-06-22,574,32.88181418000003,33.50832096971431,34.355376241030946,34.23637199579616,0.6156992022300943,0.5829557078685186,0.580434621579348,0.5809748379055198
AWS,LC08_L2SP_115034_20250622_20250630_02_T1,2025-06-22,539,33.12335426000002,33.40392487314288,33.24785554061857,32.162504323339085,0.6461559108208567,0.5878476476639871,0.5928773194494775,0.645002810707011
AWS,LC08_L2SP_115034_20250622_20250630_02_T1,2025-06-22,620,28.14671714000002,28.760691189714304,29.90917823855672,29.9054480681834,0.671307539070232,0.7207388321637769,0.6640227032245413,0.6744741614910899
AWS,LC08_L2SP_115034_20250622_20250630_02_T1,2025-06-22,568,32.075161460000025,32.77549748171432,34.03627490536085,31.840718036278293,0.6616924263223003,0.5838026729495738,0.5547954083017456,0.6386454924329612
AWS,LC08_L2SP_115034_20250622_20250630_02_T1,2025-06-22,977,35.68459058000002,35.51723781028574,34.340979838350535,33.50219821784732,0.36488911424106424,0.3608928078606547,0.42632073172545504,0.45155556505352046
AWS,LC08_L2SP_115034_20250622_20250630_02_T1,2025-06-22,428,35.986515680000004,36.50436198628573,38.017433672340445,36.220723453325526,0.7022261766692149,0.560244255025022,0.45830141107076383,0.5203382376335849
AWS,LC08_L2SP_115034_20250622_20250630_02_T1,2025-06-22,350,28.989828740000007,27.98812101200001,25.867081817113423,25.242246572092778,0.5270051353723758,0.6890666388617844,0.8631389510857806,0.8932648092981055
AWS,LC08_L2SP_115034_20250622_20250630_02_T1,2025-06-22,444,38.99209460000003,38.81670134514287,38.952593564742294,38.55150565723449,0.502635620004776,0.4363623723892623,0.3694559984559095,0.40721488187904814
AWS,LC08_L2SP_115034_20250622_20250630_02_T1,2025-06-22,364,39.58569074000002,39.050005624571455,37.442733149278375,37.0320108306942,0.39482982596768085,0.4048996288370875,0.45339127385531025,0.4850215863602452
AWS,LC08_L2SP_115034_20250622_20250630_02_T1,2025-06-22,371,40.71705536000002,40.260765966285724,37.611206680504615,36.57241442329899,0.48580101339282084,0.3214226018414674,0.446489742379191,0.4947182503997746
AWS,LC08_L2SP_115034_20250622_20250630_02_T1,2025-06-22,573,34.71159422000003,34.22981616285716,32.173176022061874,31.04473080405849,0.5122169595696265,0.45400463232034177,0.6284978009186509,0.6851832070042508
AWS,LC08_L2SP_115034_20250622_20250630_02_T1,2025-06-22,696,35.55812384000003,35.39116170114287,32.59816941835054,31.205800027426303,0.5099996811998588,0.4678019519932177,0.6678600660770941,0.7308278689282984
AWS,LC08_L2SP_115034_20250622_20250630_02_T1,2025-06-22,660,28.123930340000033,28.405314767428592,26.666095869278372,25.531868235276285,0.5871111303601495,0.662948458801759,0.7710224059504974,0.817415388180986
AWS,LC08_L2SP_115034_20250622_20250630_02_T1,2025-06-22,622,,31.45010200769232,27.106512240219804,,,0.3646355081575234,0.6702313103644066,
AWS,LC08_L2SP_115034_20250622_20250630_02_T1,2025-06-22,630,31.759564280000024,31.855659470857166,31.30903557278352,30.416225665015766,0.6487231424291847,0.6378039548441207,0.6578124294940422,0.7084295184665235
AWS,LC08_L2SP_115034_20250622_20250630_02_T1,2025-06-22,621,29.31226196000002,29.659825765142866,27.745464350702857,25.942864356344035,0.6179313492730517,0.7047848550242013,0.7745889095224406,0.7966295973029968
AWS,LC08_L2SP_115034_20250622_20250630_02_T1,2025-06-22,603,35.99904842000003,35.886969916571445,32.25998438378877,30.721567120676045,0.43444332701669586,0.3708036416551196,0.5611891144623631,0.6415048953822972
AWS,LC08_L2SP_115034_20250622_20250630_02_T1,2025-06-22,322,28.179757999999993,28.857274669142875,26.966928612371152,26.271191930334975,0.8150186114028998,0.7760841598565742,0.8489098317670364,0.8760526870805269
AWS,LC08_L2SP_115034_20250622_20250630_02_T1,2025-06-22,323,32.42835686000001,32.3394557874286,30.796818064742286,30.067133585141733,0.5295184675040697,0.490868828324941,0.5416769887775464,0.5976077269013319
AWS,LC08_L2SP_115034_20250622_20250630_02_T1,2025-06-22,877,31.21154173999999,31.102236308750015,31.59134985292061,31.527897669370347,0.578212253196477,0.5376149748558391,0.6668117670440741,0.6734982780872061
AWS,LC08_L2SP_115034_20250622_20250630_02_T1,2025-06-22,818,28.273183880000033,27.74469767000002,25.373111867351543,25.015139680028074,0.6165565154613873,0.6463804756456297,0.8179496618021739,0.82136902746367
AWS,LC08_L2SP_115034_20250622_20250630_02_T1,2025-06-22,838,27.490457300000003,27.605107456571446,26.225488425154655,24.440558934680812,0.734952186635788,0.679589797883123,0.7592697151629351,0.8218533351175235
AWS,LC08_L2SP_115034_20250622_20250630_02_T1,2025-06-22,677,34.39941506,34.043485244000024,30.394131925711026,28.7318423785608,0.7454815923443161,0.629694935160046,0.7487883526383726,0.8162815143512713
AWS,LC08_L2SP_115034_20250622_20250630_02_T1,2025-06-22,593,31.221795800000013,32.16089679500002,30.732535400477474,29.659726920193286,0.4814076946778878,0.5560883600337504,0.7659803654462995,0.8319071206712885
AWS,LC08_L2SP_115034_20250622_20250630_02_T1,2025-06-22,588,36.49921867999999,36.078769667428595,33.332605209484555,31.775336294417425,0.42023160531371423,0.40549244458513245,0.614933082297645,0.6768909005545172
AWS,LC08_L2SP_115034_20250622_20250630_02_T1,2025-06-22,497,26.747607619999997,26.298837870285734,23.673847507324933,22.37162381493629,0.6804710927728683,0.6859229212876716,0.8238086784007754,0.8536977018138843
AWS,LC08_L2SP_115034_20250622_20250630_02_T1,2025-06-22,581,29.40910586000001,28.96196373885716,26.783049737268986,24.656831277760112,0.5611769438487784,0.5497534472490949,0.6699343106667194,0.7461752624245377
AWS,LC08_L2SP_115034_20250622_20250630_02_T1,2025-06-22,522,29.82154694000002,29.711096065142875,29.53236644074382,30.09328785503133,0.6437653050846436,0.7633270361320506,0.7191250578952981,0.6936538838131151
AWS,LC08_L2SP_115034_20250622_20250630_02_T1,2025-06-22,557,,,,25.998468246042204,,,,0.8228999020985035
AWS,LC08_L2SP_115034_20250622_20250630_02_T1,2025-06-22,536,33.84113846,33.683714224571446,32.291564197958735,31.54400913588744,0.4969481673586306,0.47751230483530804,0.5939653457011301,0.6221261152536043
AWS,LC08_L2SP_115034_20250622_20250630_02_T1,2025-06-22,569,36.00930248000001,36.27522443600002,37.257411472000015,37.86943053954272,0.7353508364679461,0.5850183994906416,0.5327154998818046,0.4622740615544139
AWS,LC08_L2SP_115034_20250622_20250630_02_T1,2025-06-22,326,30.06536569999999,29.82545324857144,27.88784812927837,27.48067195788722,0.6516373334893945,0.7237452858551207,0.7932677764933405,0.8045013774268194
AWS,LC08_L2SP_115034_20250622_20250630_02_T1,2025-06-22,318,,28.835603534545474,,,,0.5552439525059583,,
AWS,LC08_L2SP_115034_20250622_20250630_02_T1,2025-06-22,531,32.86358474,32.753817469142874,30.478026537887505,29.736870850511806,0.6350364720453077,0.6430796879999988,0.700397944877976,0.7392433740224988
AWS,LC08_L2SP_115034_20250622_20250630_02_T1,2025-06-22,617,34.48144754000001,34.577770598857164,34.95790985928901,34.3479867541089,0.42446085978852,0.43097396458438886,0.5445358029843423,0.5166784896888351
AWS,LC08_L2SP_115034_20250622_20250630_02_T1,2025-06-22,534,33.54377072000002,33.90393237028572,34.438426688041254,34.03639921479384,0.5823939778879477,0.543885776211964,0.5315735470847913,0.5447365965878307
AWS,LC08_L2SP_115034_20250622_20250630_02_T1,2025-06-22,547,33.712393040000016,33.82121628628573,33.435141894226824,32.2577301029807,0.5754318176264709,0.5337582451036381,0.5998559839166826,0.6502103217184813
AWS,LC08_L2SP_115034_20250622_20250630_02_T1,2025-06-22,520,,,,28.33500468963109,,,,0.883538766916181
AWS,LC08_L2SP_115034_20250622_20250630_02_T1,2025-06-22,876,38.63206316000001,38.519431262857154,38.06780013092785,36.808399611176654,0.5041608682378419,0.5207583484951239,0.501114316224216,0.5246499771907029
AWS,LC08_L2SP_115034_20250622_20250630_02_T1,2025-06-22,619,31.94413736000003,32.41094123428573,32.018394138144345,31.707718068427617,0.5325549060973963,0.4523403165927962,0.5273683025119076,0.5586074874166945
AWS,LC08_L2SP_115034_20250622_20250630_02_T1,2025-06-22,535,32.16175130000001,32.44893008514288,32.73471493790395,30.950053589831146,0.57860847259754,0.6546419442452893,0.5463540276214246,0.5674021741084968
AWS,LC08_L2SP_115034_20250622_20250630_02_T1,2025-06-22,555,33.84911384000001,33.48053735000003,29.52239078145456,28.538020939145593,0.39321043273125184,0.3419856416173713,0.6153994805182325,0.7426994107987341
AWS,LC08_L2SP_115034_20250622_20250630_02_T1,2025-06-22,580,34.267251620000025,33.98039836057144,34.98407658185569,34.725042541843706,0.5495841401351313,0.777292190746629,0.6304546003769657,0.6160962588615992
AWS,LC08_L2SP_115034_20250622_20250630_02_T1,2025-06-22,541,36.54593162000001,36.35816838800001,36.78163477353848,37.27133701164422,0.48030858463187337,0.454906749263482,0.49353876712047295,0.469792926559787
AWS,LC08_L2SP_115034_20250622_20250630_02_T1,2025-06-22,325,32.78724896000002,32.37832355771431,30.6929071245361,29.755378369253286,0.4710603181353144,0.5048367795992547,0.5956330501604459,0.6494574034561701
AWS,LC08_L2SP_115034_20250622_20250630_02_T1,2025-06-22,347,28.19798744000002,28.54076601714288,29.303040048679843,28.68884596102391,0.6770721024108203,0.7287265715434494,0.7487435411686499,0.783672691243166
AWS,LC08_L2SP_115034_20250622_20250630_02_T1,2025-06-22,814,,,29.169520092740232,27.021657919868822,,,0.5870026170532601,0.674638330240844
AWS,LC08_L2SP_115034_20250622_20250630_02_T1,2025-06-22,402,39.804444020000005,39.304306312571455,37.450947360000015,37.878564706056274,0.4141112580990944,0.347549393412066,0.44195279538565563,0.4265506066346233
AWS,LC08_L2SP_115034_20250622_20250630_02_T1,2025-06-22,542,34.17154706000002,34.740858981714304,32.94115573401176,31.387702373857156,0.5604830462535101,0.5865492289672765,0.6441440579367497,0.7026580176323002
AWS,LC08_L2SP_115034_20250622_20250630_02_T1,2025-06-22,548,33.96988388000002,33.88742821657145,33.677140059381465,33.197962600939036,0.7672776378572127,0.5696247682701816,0.6066309865268686,0.6361936553587185
AWS,LC08_L2SP_115034_20250622_20250630_02_T1,2025-06-22,516,36.67011968000003,36.7561235737143,35.50577684412373,34.67704003816796,0.5394218877721576,0.5548799869495108,0.4994753754332362,0.5303613139644958
AWS,LC08_L2SP_115034_20250622_20250630_02_T1,2025-06-22,498,26.95610684,26.307627064571445,24.252531325154656,24.031283086676233,0.7333965447652512,0.8493895438180467,0.9044006557735984,0.910074746133623
AWS,LC08_L2SP_115034_20250622_20250630_02_T1,2025-06-22,549,37.73426324000002,38.69306667885717,40.34193843195878,37.448604120693865,0.4957210461351777,0.4461633319193793,0.3465593354211383,0.4473901295940302
AWS,LC08_L2SP_115034_20250622_20250630_02_T1,2025-06-22,560,34.53955388000001,35.07562962628573,33.96445375001735,31.615440265816012,0.7671207883778962,0.5510164907365475,0.48051271769684406,0.5539484602170017
AWS,LC08_L2SP_115034_20250622_20250630_02_T1,2025-06-22,526,,,27.67798581082709,,,,0.694483822806444,
AWS,LC08_L2SP_115034_20250622_20250630_02_T1,2025-06-22,550,38.05669646000005,37.69334465771431,35.890944238762906,36.04645840093367,0.5282545493050238,0.48639621076628065,0.5402658877926383,0.5261869050375233
AWS,LC08_L2SP_115034_20250622_20250630_02_T1,2025-06-22,559,,,,25.07527576147484,,,,0.8447514046880693
AWS,LC08_L2SP_115034_20250622_20250630_02_T1,2025-06-22,558,34.01659682000002,33.9403586977143,32.743131835876305,30.68473998275824,0.6140641904050245,0.5459987262108339,0.655855410942785,0.722291030335197
AWS,LC08_L2SP_115034_20250622_20250630_02_T1,2025-06-22,675,,,,28.04894597516833,,,,0.7990964432929049
AWS,LC08_L2SP_115034_20250622_20250630_02_T1,2025-06-22,602,33.83088440000002,33.703929371428586,33.14796165484538,33.682583246443315,0.4114814558705133,0.3433841564376971,0.4629559853207372,0.4651933356366527
AWS,LC08_L2SP_115034_20250622_20250630_02_T1,2025-06-22,349,29.679129440000015,29.622813491428587,30.09969467979384,28.92499236787291,0.6007948337945713,0.7157184477002173,0.6527563508509387,0.7204780604838446
AWS,LC08_L2SP_115034_20250622_20250630_02_T1,2025-06-22,546,35.66636113999999,35.22563187542859,33.0138620925175,32.37734517694371,0.4826760626221828,0.5339388295964718,0.6836878175765365,0.708460410423151
AWS,LC08_L2SP_115034_20250622_20250630_02_T1,2025-06-22,601,31.59720833000003,31.276085351000024,27.505025909836082,27.10897497626762,0.40618388324895255,0.5112431356152269,0.6668356180535793,0.6898536860528273
AWS,LC08_L2SP_115034_20250622_20250630_02_T1,2025-06-22,600,33.844556480000016,34.16692459485716,33.1567357474227,30.65159641299172,0.6993871424438428,0.590195886162749,0.5356478717122163,0.6726062136408156
AWS,LC08_L2SP_115034_20250622_20250630_02_T1,2025-06-22,552,31.790326460000035,31.784076366285735,29.315836590309296,28.730403011686246,0.5569527768027359,0.588975768604968,0.7472781663649424,0.7754643314853273
AWS,LC08_L2SP_115034_20250622_20250630_02_T1,2025-06-22,519,32.254037840000024,32.703621404000025,31.930915534639194,30.55765615017465,0.6683857607325153,0.6722521342065265,0.6443956879549153,0.6947943360714907
AWS,LC08_L2SP_115034_20250622_20250630_02_T1,2025-06-22,695,,,22.936748963456242,23.344263566040002,,,0.9005846023748849,0.8963025984669493
AWS,LC08_L2SP_115034_20250622_20250630_02_T1,2025-06-22,682,25.03404026000004,24.82830800857145,23.71512742884275,23.92562891488212,0.713748839142693,0.7783825190143823,0.8785037708791638,0.8869531751545049
AWS,LC08_L2SP_115034_20250622_20250630_02_T1,2025-06-22,681,34.30598918000002,33.88908839771431,33.061841645773214,30.411691137480695,0.5074163447618342,0.5793492696360575,0.5962871125867973,0.7063592671736381
AWS,LC08_L2SP_115034_20250622_20250630_02_T1,2025-06-22,587,31.774375700000046,31.34520259828573,29.289439852681788,28.234907059505964,0.5183306751630198,0.5455822190750217,0.7173465203533251,0.7917801781489897
AWS,LC08_L2SP_115034_20250622_20250630_02_T1,2025-06-22,495,,,,34.87707976136041,,,,0.4763777836528524
AWS,LC08_L2SP_115034_20250622_20250630_02_T1,2025-06-22,638,30.012956060000022,30.125129261818202,28.60786967442625,,0.5899656760639859,0.5751614211268515,0.6601102666168123,
AWS,LC08_L2SP_115034_20250622_20250630_02_T1,2025-06-22,533,35.89195046000001,36.58112094971431,35.93786860268043,35.07835112563414,0.7116307530137774,0.5233435398939991,0.5461697562466564,0.577420967239945
AWS,LC08_L2SP_115034_20250622_20250630_02_T1,2025-06-22,594,35.31088706000003,35.53911313828574,33.84189410474229,31.24007841576493,0.32266270073057207,0.34993770143517483,0.5016061148976332,0.6083424265661945
AWS,LC08_L2SP_115034_20250622_20250630_02_T1,2025-06-22,586,,,28.518493251045594,28.061644211976763,,,0.787616591836579,0.816644042073576
AWS,LC08_L2SP_115034_20250622_20250630_02_T1,2025-06-22,344,27.234105800000027,27.679229661714306,30.730856636469124,30.731980942911076,0.6204439767536121,0.5396879944204294,0.5499029887056877,0.6068080618858716
AWS,LC08_L2SP_115034_20250622_20250630_02_T1,2025-06-22,403,40.54045766000004,40.63127933428573,38.998061452783524,38.16631356536713,0.37030070359762446,0.42513500800231246,0.3873186332311857,0.39674780601334153
AWS,LC08_L2SP_115034_20250622_20250630_02_T1,2025-06-22,333,36.99141355999999,35.37358331257144,32.475449580000024,33.052213844305776,0.6176483061770356,0.6147402015243753,0.7405148076262503,0.7023052382011651
AWS,LC08_L2SP_115034_20250622_20250630_02_T1,2025-06-22,346,37.27055186000003,37.59148766171431,35.9917917006154,35.943982607831344,0.464001509491946,0.3846162349273652,0.5002736904302337,0.5236529153468249
AWS,LC08_L2SP_115034_20250622_20250630_02_T1,2025-06-22,340,,,29.69547260108763,29.200831980813327,,,0.7159214661533241,0.7094870246555622
AWS,LC08_L2SP_115034_20250622_20250630_02_T1,2025-06-22,339,33.430976060000035,32.345022277142874,29.916664211340226,28.322373816266836,0.6607613067843717,0.6378546709102181,0.7371216197636946,0.7872578370277854
AWS,LC08_L2SP_115034_20250622_20250630_02_T1,2025-06-22,345,34.399415060000024,34.27659420800003,35.930100731340225,36.00792046351562,0.41444277554466513,0.42117484184898635,0.4214376408902237,0.441071728176972
AWS,LC08_L2SP_115034_20250622_20250630_02_T1,2025-06-22,337,39.28832300000001,38.77295068914287,33.393491382474245,31.665166063172077,0.3273457725884995,0.29521432395178915,0.5795818003923715,0.6282930579547765
AWS,LC08_L2SP_115034_20250622_20250630_02_T1,2025-06-22,336,33.57567224000002,32.80235335314287,30.839860942281124,29.282014153042365,0.3911364175385954,0.579837577380299,0.6472866689828655,0.7063869223271386
AWS,LC08_L2SP_115034_20250622_20250630_02_T1,2025-06-22,335,35.79738524000002,34.966448301714294,33.46024652680414,31.34660522922418,0.5465897776528438,0.606862809713523,0.5932276876688428,0.6605794695519953
AWS,LC08_L2SP_115034_20250622_20250630_02_T1,2025-06-22,338,30.22829132000004,29.999576953142878,27.900592293195896,27.946269393104714,0.7646925795076149,0.6319931702319656,0.6687878843726833,0.6749741213935256
AWS,LC08_L2SP_115034_20250622_20250630_02_T1,2025-06-22,332,33.45262352000001,33.17462456000002,30.849591823711354,30.661291729957078,0.5291486622951354,0.5795409576437086,0.785539972030631,0.7838153044898505
AWS,LC08_L2SP_115034_20250622_20250630_02_T1,2025-06-22,525,,,28.92477868610991,27.10867464733619,,,0.706204641167707,0.7731278640609434
ASOS,LC08_L2SP_115035_20200608_20200824_02_T1,2020-06-08,135,39.676837940000006,39.48301992971431,38.46266561896909,37.26572931722876,0.608034455898049,0.6056866216963186,0.5618679600119517,0.5926757672372646
ASOS,LC08_L2SP_115035_20200608_20200824_02_T1,2020-06-08,131,42.40099988000001,42.51792871657144,42.54009724144332,41.93175685309244,0.41062575425697084,0.3262743213386991,0.277119453472005,0.2987343195185112
ASOS,LC08_L2SP_115035_20200608_20200824_02_T1,2020-06-08,133,37.523485340000015,36.40885274171431,38.1945379659346,40.101415452316864,0.3897436892518211,0.624746437050114,0.5188733764522186,0.44167218695962507
ASOS,LC08_L2SP_115035_20200608_20200824_02_T1,2020-06-08,244,42.977505920000034,42.5415618834286,42.383169796288676,40.90881903556257,0.42691475783992683,0.3522037811794337,0.40228501453657745,0.47698818269453575
ASOS,LC08_L2SP_115035_20200608_20200824_02_T1,2020-06-08,238,42.09679610000003,42.38858107400002,43.00848057151354,,0.53476375624601,0.3744361581219504,0.33982588269053343,
ASOS,LC08_L2SP_115035_20200608_20200824_02_T1,2020-06-08,226,39.001209320000044,39.48565668800003,39.486356736082485,36.41551127560838,0.48506530885297033,0.47674380625343854,0.45616774560472634,0.544959933326857
ASOS,LC08_L2SP_115035_20200608_20200824_02_T1,2020-06-08,243,43.32728330000001,42.81334330228574,39.66380796226806,39.56655717217772,0.34765603869317535,0.28301340552749493,0.36797884485548354,0.3559363900412047
ASOS,LC08_L2SP_115035_20200608_20200824_02_T1,2020-06-08,289,40.20777038000002,39.95158164285718,38.31276214618559,37.23257243964904,0.5142484441994429,0.44548323659161393,0.5320799788438517,0.5177970358046285
ASOS,LC08_L2SP_115035_20200608_20200824_02_T1,2020-06-08,279,42.76900670000001,42.903969661142874,40.62132730845363,39.35197208395078,0.39741787188777744,0.30669537191041196,0.41538591308121176,0.4684677859667501
ASOS,LC08_L2SP_115035_20200608_20200824_02_T1,2020-06-08,278,43.77618326000002,43.50544352342858,40.61445138679566,41.08803140094097,0.29009681554726036,0.3085180949543392,0.43119596013662415,0.4434269950376346
ASOS,LC08_L2SP_115035_20200608_20200824_02_T1,2020-06-08,273,36.81253718000003,37.00368587942859,33.908410418350535,33.346776126722034,0.6132648123284524,0.6024152504442895,0.6601816576531485,0.676417240314259
ASOS,LC08_L2SP_115035_20200608_20200824_02_T1,2020-06-08,285,,,,39.633749558233376,,,,0.40678588663757353
ASOS,LC08_L2SP_115035_20200608_20200824_02_T1,2020-06-08,136,42.61006877,42.60032741300002,40.95938439234218,39.99763776159936,0.3946988890743215,0.27945819849672116,0.4224552129164007,0.46478808038320474
ASOS,LC08_L2SP_115035_20200608_20200824_02_T1,2020-06-08,248,38.67194006000002,38.7918962857143,37.6234225577066,37.91545413769333,0.4291957657010163,0.3648539638696609,0.4353725360507846,0.5111352778389281
ASOS,LC08_L2SP_115035_20200608_20200824_02_T1,2020-06-08,137,36.826209260000006,37.17566111428573,41.72387954680414,41.10410217250502,0.5790460738924658,0.6625667472293479,0.4136017663928049,0.3891237686893458
ASOS,LC08_L2SP_115035_20200608_20200824_02_T1,2020-06-08,140,39.56632196000002,38.99961424400002,37.02908819914636,36.11480536400002,0.4935204385057779,0.4153663390980421,0.4559896193525483,0.5024241562841948
ASOS,LC08_L2SP_115035_20200608_20200824_02_T1,2020-06-08,192,,,,36.6907911880666,,,,0.5114712011125834
ASOS,LC08_L2SP_115035_20200608_20200824_02_T1,2020-06-08,254,43.6292084,43.804862075428574,38.04816511340208,37.222192373100505,0.25038801079384876,0.3402131296146989,0.5329114612495983,0.542091128976666
ASOS,LC08_L2SP_115035_20200608_20200824_02_T1,2020-06-08,263,38.82916898,38.95487616000001,,37.16654793706163,0.5132459909921304,0.38472824990583765,,0.4775070386673225
ASOS,LC08_L2SP_115035_20200608_20200824_02_T1,2020-06-08,264,38.393941100000006,37.91190262228572,35.74001105319589,35.03425694970031,0.4719692736620711,0.5276704393886282,0.57310375787715,0.5966271437703168
ASOS,LC08_L2SP_115035_20200608_20200824_02_T1,2020-06-08,155,39.74747702000002,39.65228516300002,35.76060964815886,33.49787293451054,0.4952247987486122,0.5692614581450881,0.5938244864129871,0.6497648295566596
ASOS,LC08_L2SP_115035_20200608_20200824_02_T1,2020-06-08,251,42.574179560000026,42.2927300274286,40.556561115051565,39.0123326445577,0.3466341084074165,0.38140627522201515,0.4016799043958226,0.45613102453519744
ASOS,LC08_L2SP_115035_20200608_20200824_02_T1,2020-06-08,284,41.788034960000005,41.83852399828573,39.683298115257756,38.844306578070444,0.4228904414029182,0.4920140458491314,0.48497604515742865,0.4881857321763694
ASOS,LC08_L2SP_115035_20200608_20200824_02_T1,2020-06-08,146,39.329339240000024,39.309286856000014,41.014262574433005,42.641157874020635,0.5810664224629422,0.6210150255065555,0.47460214253730215,0.36819053030276133
ASOS,LC08_L2SP_115035_20200608_20200824_02_T1,2020-06-08,232,36.79430774000004,36.04654262171431,36.23086875117243,35.45036197640348,0.4674690091906535,0.5512421925766907,0.535094226615736,0.5394775764986853
ASOS,LC08_L2SP_115035_20200608_20200824_02_T1,2020-06-08,245,42.54455672,42.24331522400002,40.19207802701033,38.92724811635273,0.44526015689014303,0.44493732625164323,0.48565417254040316,0.4441601538124479
ASOS,LC08_L2SP_115035_20200608_20200824_02_T1,2020-06-08,143,44.21824718000003,43.420871942857154,42.743880036284494,43.1294237011944,0.3132936946459859,0.32139479907843593,0.36063322477846926,0.33038060869348224
ASOS,LC08_L2SP_115035_20200608_20200824_02_T1,2020-06-08,247,41.879182160000006,41.96479542285715,41.83276677958765,39.386222738413984,0.39584432003414705,0.42351495813615586,0.34623387378911347,0.427197762543528
ASOS,LC08_L2SP_115035_20200608_20200824_02_T1,2020-06-08,239,34.28434172000002,34.06848561885716,33.9051020074827,34.92456968747974,0.44248036875065716,0.5640715001822526,0.5416559377120457,0.4923535954896357
AWS,LC08_L2SP_115035_20200608_20200824_02_T1,2020-06-08,625,37.45512494000002,37.260135037142874,31.554322554433007,30.32711642559979,0.5375566931878638,0.46318783753584025,0.6954128917263215,0.7508112351049994
AWS,LC08_L2SP_115035_20200608_20200824_02_T1,2020-06-08,327,34.73438102000002,35.30268381200001,31.98529063402064,31.11364558954482,0.6535749434795243,0.6358991813805633,0.7042148532018128,0.7223924274953732
AWS,LC08_L2SP_115035_20200608_20200824_02_T1,2020-06-08,853,,,,29.295260639740277,,,,0.8190920915244936
AWS,LC08_L2SP_115035_20200608_20200824_02_T1,2020-06-08,659,,,,27.944975238885604,,,,0.8274363039717288
AWS,LC08_L2SP_115035_20200608_20200824_02_T1,2020-06-08,919,45.10693238000001,44.43280117828573,43.25763086494847,41.86598695233898,0.22022342518786098,0.21942862089938622,0.294482968225202,0.35695224283463906
AWS,LC08_L2SP_115035_20200608_20200824_02_T1,2020-06-08,648,39.78393590000002,39.20909004114288,35.30310744288662,33.68822585440597,0.38582328949956857,0.43196395221969974,0.6048818605557786,0.6714464171426945
AWS,LC08_L2SP_115035_20200608_20200824_02_T1,2020-06-08,763,43.24752950000002,43.08658097000002,40.67587089530203,37.689805588930724,0.49450305102930187,0.35024359718431386,0.4739491745366441,0.5215989834880298
AWS,LC08_L2SP_115035_20200608_20200824_02_T1,2020-06-08,643,37.81287770000004,36.99030677257144,33.2047720445361,31.34803365017042,0.6209696244560065,0.590109546385612,0.685347506844646,0.7454437862070814
AWS,LC08_L2SP_115035_20200608_20200824_02_T1,2020-06-08,623,40.885677680000015,40.520144855428576,40.475609246185584,37.31084072290297,0.3170661311211822,0.31479837899093,0.3626666252550091,0.4729613604944589
AWS,LC08_L2SP_115035_20200608_20200824_02_T1,2020-06-08,551,37.496141179999995,38.462423572142875,39.37168878078186,38.50925601304151,0.5513657565415974,0.44119035085549924,0.33807130349645687,0.3480329425493073
AWS,LC08_L2SP_115035_20200608_20200824_02_T1,2020-06-08,936,34.597660220000044,35.10600117542859,36.15404172783507,34.213827892379065,0.33286661917875443,0.3476023532635067,0.4318513157304172,0.5997148169910514
AWS,LC08_L2SP_115035_20200608_20200824_02_T1,2020-06-08,317,39.624428300000034,40.40910803428575,39.783419085979396,37.46949348277859,0.6116231818638683,0.4703279713235436,0.5216898186514234,0.5985721123545763
AWS,LC08_L2SP_115035_20200608_20200824_02_T1,2020-06-08,706,38.33925278000004,38.580076703428595,39.151809708659805,39.244541748497014,0.39081479330522323,0.29962033951279127,0.30523283385565375,0.36358899118670834
AWS,LC08_L2SP_115035_20200608_20200824_02_T1,2020-06-08,640,37.248904400000036,36.46139259200002,33.65393432680414,32.90394536207846,0.49869409390640723,0.4930034997794425,0.6263873992783039,0.6621739623281065
AWS,LC08_L2SP_115035_20200608_20200824_02_T1,2020-06-08,703,41.54991290000002,40.70276478114287,38.78512624577321,36.7236059319212,0.3812576106992622,0.4136042517122955,0.45374895761128653,0.5922600731818599
AWS,LC08_L2SP_115035_20200608_20200824_02_T1,2020-06-08,888,33.92317094,32.83018580171431,30.750357489625824,28.55279244293422,0.42550370458953884,0.5957666716278424,0.6311610344323814,0.5668722497642386
AWS,LC08_L2SP_115035_20200608_20200824_02_T1,2020-06-08,496,36.00018776000002,36.14527457085717,34.49362399154641,34.449845961967235,0.5276797712314684,0.5076303504163748,0.52239791382305,0.5473824166526726
AWS,LC08_L2SP_115035_20200608_20200824_02_T1,2020-06-08,611,38.956775060000005,39.087799160000024,36.49235914845363,37.344290936381356,0.3656329631137176,0.4285625782466863,0.4468786106414758,0.4430229772568306
AWS,LC08_L2SP_115035_20200608_20200824_02_T1,2020-06-08,644,,,,39.689615168960025,,,,0.4340309804866218
AWS,LC08_L2SP_115035_20200608_20200824_02_T1,2020-06-08,944,43.305635840000015,43.92742250685716,42.67686929530662,38.53651445311323,0.27807553328098017,0.28762664256753107,0.3643637718367729,0.41408105080240004
AWS,LC08_L2SP_115035_20200608_20200824_02_T1,2020-06-08,733,38.00314748000003,37.178102557142886,34.38311640992368,32.356795637016184,0.6218490243981208,0.5894605153998421,0.6391713851386222,0.713457934621618
AWS,LC08_L2SP_115035_20200608_20200824_02_T1,2020-06-08,820,37.036987160000024,35.629837154857164,33.31237158370815,33.21721795909549,0.4446656483453033,0.5464255880580176,0.6564426429232121,0.6525181567278043
AWS,LC08_L2SP_115035_20200608_20200824_02_T1,2020-06-08,827,47.113310120000016,46.285320669090936,43.71328770702705,44.56056300865557,0.3373454620051665,0.33052773654944717,0.40054009061702256,0.336627884524616
AWS,LC08_L2SP_115035_20200608_20200824_02_T1,2020-06-08,803,37.91200028000001,37.50828328914288,37.275958830927856,36.042999936455786,0.5226479253171712,0.5492295357371071,0.5851772566270831,0.6597877030445115
AWS,LC08_L2SP_115035_20200608_20200824_02_T1,2020-06-08,629,41.05657868000003,40.00587933200002,34.90839351705586,34.51394865500963,0.28867358481286576,0.4578284012806959,0.6068742054328198,0.5969267839376464
AWS,LC08_L2SP_115035_20200608_20200824_02_T1,2020-06-08,812,40.21916378000003,39.483508218285735,34.8615799131959,32.95678131681651,0.38493080238535504,0.317388259908635,0.5589039556106967,0.666200149573871
AWS,LC08_L2SP_115035_20200608_20200824_02_T1,2020-06-08,832,47.210154020000026,46.59406405314288,41.37917242556703,38.97468451931293,0.33466358822814724,0.29208075410273127,0.31806371743849854,0.31538368849375104
AWS,LC08_L2SP_115035_20200608_20200824_02_T1,2020-06-08,615,,,38.623270894716995,39.221401466988375,,,0.40156361213319164,0.34955927154688643
AWS,LC08_L2SP_115035_20200608_20200824_02_T1,2020-06-08,709,38.73346442000004,38.37304234914288,38.52243702948907,37.90650832691934,0.4929984125333427,0.4820097662867519,0.4504262826983827,0.49344516820471657
AWS,LC08_L2SP_115035_20200608_20200824_02_T1,2020-06-08,902,34.630701079999994,34.66009605200001,34.38136572185569,32.265313815894665,0.5196971176250461,0.4698706456844524,0.6410117686389841,0.7335282238856708
AWS,LC08_L2SP_115035_20200608_20200824_02_T1,2020-06-08,906,34.85173304,34.70521391600002,33.22735916639177,31.51654041595765,0.7238618200067757,0.6280374674859418,0.7065881504540872,0.7647802211928221
AWS,LC08_L2SP_115035_20200608_20200824_02_T1,2020-06-08,914,28.618403900000033,29.263080450000018,30.67073143716983,29.40365402621776,0.7859030484224014,0.7793546467872603,0.7115809958755724,0.7577927101835922
AWS,LC08_L2SP_115035_20200608_20200824_02_T1,2020-06-08,951,,,35.102559400849444,33.342778915789495,,,0.6920283295167511,0.7095518778624084
AWS,LC08_L2SP_115035_20200608_20200824_02_T1,2020-06-08,690,42.60266306000003,41.562445640000014,37.10107992907218,35.895742280068724,0.26258973419677645,0.37665854833670864,0.5502833797365904,0.5569754888775565
AWS,LC08_L2SP_115035_20200608_20200824_02_T1,2020-06-08,935,38.79271010000002,38.54189253714287,36.97907399529413,35.565105675484645,0.3864895551862448,0.464029083207941,0.4792408534036649,0.5430017527362961
AWS,LC08_L2SP_115035_20200608_20200824_02_T1,2020-06-08,701,41.39154464000004,40.823860346857174,40.36328441711342,37.60263473203552,0.41529594102869766,0.47857074489332285,0.47842930146957485,0.5641110843469905
AWS,LC08_L2SP_115035_20200608_20200824_02_T1,2020-06-08,818,34.267251620000025,33.690159633714316,31.417656568041256,31.90294694091041,0.5767866165547185,0.6291271363273991,0.7531410784868319,0.7233380137026424
AWS,LC08_L2SP_115035_20200608_20200824_02_T1,2020-06-08,759,31.83248204000002,31.07097973657145,28.840563454226825,28.791861410860676,0.5467077973224174,0.6547934167331173,0.842475763129449,0.859685845583367
AWS,LC08_L2SP_115035_20200608_20200824_02_T1,2020-06-08,815,38.89980806000002,38.31405708971431,37.078430163092804,35.86635789746704,0.29704758458638875,0.368479203307489,0.4923787292243053,0.5420069766560053
AWS,LC08_L2SP_115035_20200608_20200824_02_T1,2020-06-08,768,42.37365572000001,41.36800913085716,39.34005530041239,37.95696227210542,0.46418538497743383,0.4492871372681355,0.4864546018872458,0.5347060136625161
AWS,LC08_L2SP_115035_20200608_20200824_02_T1,2020-06-08,791,30.70567478000002,30.283565586285736,27.014733909278373,26.19981568789581,0.5971152478109666,0.6852380265128424,0.8545402904376644,0.8782834336577339
AWS,LC08_L2SP_115035_20200608_20200824_02_T1,2020-06-08,945,37.42208408000001,37.546955744000016,34.3618300224463,31.95350312101697,0.5100663425774244,0.5409027701980723,0.6139398826692242,0.6653297965973671
AWS,LC08_L2SP_115035_20200608_20200824_02_T1,2020-06-08,821,39.520748360000006,38.74306742857144,36.837366055846665,35.97458604531206,0.39996308605871184,0.47003660262784935,0.48263825403415767,0.5178339870359774
AWS,LC08_L2SP_115035_20200608_20200824_02_T1,2020-06-08,822,38.68333346000001,37.91170730685716,36.55133076041239,35.56236056695679,0.5074628424912827,0.5220783618529151,0.5947756866131625,0.6241608966572334
AWS,LC08_L2SP_115035_20200608_20200824_02_T1,2020-06-08,946,38.81435756000002,38.08739353485716,34.530364498138944,31.98181641155407,0.3498094262411359,0.44320824130585745,0.5892525709977312,0.6788214345877753
AWS,LC08_L2SP_115035_20200608_20200824_02_T1,2020-06-08,737,38.023655600000005,38.45442969636366,40.22787995917225,40.59644021404934,0.6011918746511863,0.5850888970611002,0.44609180595850206,0.3825100081994045
AWS,LC08_L2SP_115035_20200608_20200824_02_T1,2020-06-08,738,37.55424752000001,38.444332480571454,38.67348432222998,39.16504582285552,0.4755274423144051,0.4745659899962241,0.453791299619082,0.4351244181672916
AWS,LC08_L2SP_115035_20200608_20200824_02_T1,2020-06-08,849,35.92157330000001,35.9590413097143,36.108851823092806,34.65537482013744,0.33021099077584415,0.4892719866744183,0.5343564722735559,0.5921260794269212
AWS,LC08_L2SP_115035_20200608_20200824_02_T1,2020-06-08,847,41.07708680000004,40.31467302457144,36.44233781567012,34.76374650550245,0.49119912933691207,0.531486930726961,0.6281566752891885,0.6680684113619938
AWS,LC08_L2SP_115035_20200608_20200824_02_T1,2020-06-08,825,41.814239780000015,40.933334644571445,38.545348031752596,38.18465709556258,0.20865352150602431,0.28585013082145333,0.33840230204708827,0.38647938555666467
AWS,LC08_L2SP_115035_20200608_20200824_02_T1,2020-06-08,617,41.34938906,41.18324073542859,37.562344272989705,37.268265677904395,0.43428994892476513,0.37855021024026153,0.3974887837965806,0.43538226344071684
AWS,LC08_L2SP_115035_20200608_20200824_02_T1,2020-06-08,619,38.25380228000002,38.23016911314287,35.84004588824744,35.562327296793605,0.3712763422976367,0.29436849542570726,0.42375441972440103,0.5033942645825502
AWS,LC08_L2SP_115035_20200608_20200824_02_T1,2020-06-08,622,41.58523244000003,41.06790697485716,36.76454003546394,34.04660813808189,0.5264984051432776,0.49648674828099093,0.5704171240308644,0.6558510254822585
AWS,LC08_L2SP_115035_20200608_20200824_02_T1,2020-06-08,604,41.95437860000002,41.915380619428596,39.58661082556703,37.832128403538526,0.35773833997300475,0.42082762109651556,0.4899805998435193,0.5515954424284201
AWS,LC08_L2SP_115035_20200608_20200824_02_T1,2020-06-08,605,42.224402180000006,40.84466144000002,37.18334340927837,36.37035485736045,0.3538409647990983,0.45147424989892593,0.6451947486863996,0.6600333466920637
AWS,LC08_L2SP_115035_20200608_20200824_02_T1,2020-06-08,315,,,25.846865383814446,25.70670773344428,,,0.8788866788037927,0.8817656578916622
AWS,LC08_L2SP_115035_20200608_20200824_02_T1,2020-06-08,311,,,27.851585395792526,27.43016002537917,,,0.8193043332119735,0.8319243661344137
AWS,LC08_L2SP_115035_20200608_20200824_02_T1,2020-06-08,633,35.24936270000003,34.80287163028572,33.40521757938146,31.95606079936446,0.5606176345496796,0.5613017128340179,0.6402915206454307,0.6965661933443226
AWS,LC08_L2SP_115035_20200608_20200824_02_T1,2020-06-08,647,36.6621443,35.701127286285725,35.030809098144346,35.02842728870887,0.44413858174795967,0.5742368530599572,0.6225870312012347,0.6328415380944783
AWS,LC08_L2SP_115035_20200608_20200824_02_T1,2020-06-08,735,30.772895840000007,30.021647596571444,29.569210257142878,28.68346141330528,0.5913468318394437,0.7304054723769967,0.792530724460352,0.8335698787786952
AWS,LC08_L2SP_115035_20200608_20200824_02_T1,2020-06-08,845,45.11376842000001,44.84921367200002,40.20037903142859,40.47833073750616,0.3796615122174507,0.42826789093195067,0.4117790683583808,0.45273598638849855
AWS,LC08_L2SP_115035_20200608_20200824_02_T1,2020-06-08,636,39.211987220000026,39.029399846857174,37.788591356288684,36.013167363956505,0.48109754635975993,0.5385020798619153,0.5706267168986492,0.6245728891274047
AWS,LC08_L2SP_115035_20200608_20200824_02_T1,2020-06-08,948,34.50309500000001,34.360286869142875,33.76291161051548,32.00236014557116,0.7773026189697211,0.6668323845957955,0.6725419222577064,0.7398920431963689
AWS,LC08_L2SP_115035_20200608_20200824_02_T1,2020-06-08,642,42.52632728000001,42.39263386914288,41.61270580350518,38.93680741706271,0.40209286596738775,0.3571090403234046,0.3763009953941231,0.4496295116594268
AWS,LC08_L2SP_115035_20200608_20200824_02_T1,2020-06-08,926,,,31.3113637168317,33.63165538332571,,,0.6189467870623262,0.560585893658291
AWS,LC08_L2SP_115035_20200608_20200824_02_T1,2020-06-08,626,37.569058940000026,36.53883515942858,33.928362571752594,32.12986706743775,0.39808105706515534,0.5229438354440508,0.6546091294995846,0.7285834999989136
AWS,LC08_L2SP_115035_20200608_20200824_02_T1,2020-06-08,641,38.932848920000005,38.664452968571446,34.91813189587631,34.12089160566278,0.5446813164188199,0.46818314423115687,0.5877339660947128,0.6019751470694696
AWS,LC08_L2SP_115035_20200608_20200824_02_T1,2020-06-08,846,45.816741200000024,44.673332128571445,45.13177332961386,44.12048946287481,0.6221510712754418,0.5214560022758752,0.3957832610088661,0.38876844701580593
AWS,LC08_L2SP_115035_20200608_20200824_02_T1,2020-06-08,603,39.95483690000001,40.38527955200002,37.703109534226826,35.62834312882338,0.47807245448520247,0.42403220026562666,0.5060232289326775,0.5885279861913169
AWS,LC08_L2SP_115035_20200608_20200824_02_T1,2020-06-08,516,38.495342360000016,38.67119135085716,37.54009386329899,36.50437469632401,0.44037008777200654,0.42648511951405127,0.38534904896007577,0.4174147767340752
AWS,LC08_L2SP_115035_20200608_20200824_02_T1,2020-06-08,736,38.446350740000014,38.40351155600001,39.465394446185584,39.61978319809908,0.4535052164143108,0.29407298644406965,0.22717664662041132,0.2252563349480331
AWS,LC08_L2SP_115035_20200608_20200824_02_T1,2020-06-08,929,34.748053100000014,34.90580286114289,35.36416197195879,32.643470717730025,0.3317968047925047,0.3139113826647665,0.4902047563779545,0.6820293292588976
AWS,LC08_L2SP_115035_20200608_20200824_02_T1,2020-06-08,635,35.819032700000015,35.81753528171431,34.79476604000002,34.12973070519326,0.5410663597568455,0.35494044834318195,0.43379984357657864,0.4778560265848566
AWS,LC08_L2SP_115035_20200608_20200824_02_T1,2020-06-08,810,41.47699514000001,40.49071957586209,39.72587247020781,39.27225154116877,0.4736830621106251,0.5369717600187014,0.4763783961412609,0.5048618590315828
AWS,LC08_L2SP_115035_20200608_20200824_02_T1,2020-06-08,795,41.73676466000003,41.28177736914288,39.8130818373624,37.581363223700535,0.37219869754096163,0.40545469115214683,0.39837930041934155,0.48271933149455454
AWS,LC08_L2SP_115035_20200608_20200824_02_T1,2020-06-08,828,40.62476882000001,38.894339228000014,37.11775424536172,36.463432585341266,0.49095165958339493,0.5648614638810244,0.478732878740336,0.503260745519138
AWS,LC08_L2SP_115035_20200608_20200824_02_T1,2020-06-08,806,40.358163260000005,40.203831518857164,38.50968733002295,38.005513427116284,0.42136954658859055,0.4171187108967065,0.3482903918200718,0.3783764959613325
AWS,LC08_L2SP_115035_20200608_20200824_02_T1,2020-06-08,807,43.88669924000002,43.417160949714315,40.390314094400026,39.18480998262112,0.39859636263325626,0.35929192170945967,0.5207930705207837,0.5636494269458854
AWS,LC08_L2SP_115035_20200608_20200824_02_T1,2020-06-08,809,38.42014592000002,38.298529513142874,35.72532492144332,33.93091212414545,0.5272091042269321,0.5438952459354175,0.6554714030810587,0.7130164565142088
AWS,LC08_L2SP_115035_20200608_20200824_02_T1,2020-06-08,834,37.99175408,38.206633604000025,36.99436957958765,36.51879849721159,0.6018704209626443,0.46687314159131654,0.5058394404826502,0.5268949944261545
AWS,LC08_L2SP_115035_20200608_20200824_02_T1,2020-06-08,702,40.78085840000002,40.98694872971431,40.313038573604814,40.22299057993726,0.43846222337400415,0.40952425603589027,0.3978013340630507,0.38065955131361534
AWS,LC08_L2SP_115035_20200608_20200824_02_T1,2020-06-08,977,41.00530838000003,41.3444736217143,42.35721946804126,41.83256464955872,0.20292648763222873,0.2787773847664238,0.2753121682581172,0.293618795730413
AWS,LC08_L2SP_115035_20200608_20200824_02_T1,2020-06-08,624,35.99790908,36.41236841942859,35.51814514329899,34.49784646866878,0.6366632799207033,0.5622097175317656,0.5523259624334217,0.5972158529301446
AWS,LC08_L2SP_115035_20200608_20200824_02_T1,2020-06-08,826,45.54785696000001,45.23125065028572,44.96106553793816,43.78876166492988,0.2939250627204523,0.3615772593803941,0.41404850992098424,0.456896243138685
AWS,LC08_L2SP_115035_20200608_20200824_02_T1,2020-06-08,495,,,,36.01247550752608,,,,0.3363762296230893
AWS,LC08_L2SP_115035_20200608_20200824_02_T1,2020-06-08,493,40.247647280000045,38.42099228685717,34.92245624462281,33.057372653079334,0.4619688578190529,0.4327313869272133,0.49045216914613177,0.5961863975080154
AWS,LC08_L2SP_115035_20200608_20200824_02_T1,2020-06-08,972,41.97260804000001,42.476879924000016,,35.37901512673609,0.22988935806296446,0.3360571880611443,,0.6005312361939898
AWS,LC08_L2SP_115035_20200608_20200824_02_T1,2020-06-08,836,38.06353249999999,38.46601249314288,37.51164951587631,35.74111430400231,0.593219699911702,0.6029988307308131,0.5997565503493101,0.6869851581344961
AWS,LC08_L2SP_115035_20200608_20200824_02_T1,2020-06-08,761,40.6954079,40.43469435542859,39.01599694867751,38.09562701924384,0.33511311374088965,0.4176930126700754,0.396435063473201,0.4184096811587527
AWS,LC08_L2SP_115035_20200608_20200824_02_T1,2020-06-08,899,41.60004386000003,41.42142790057145,40.78998878103095,41.075695922102945,0.25374985097533725,0.27133040999864505,0.33378765184813025,0.31345425421656814
AWS,LC08_L2SP_115035_20200608_20200824_02_T1,2020-06-08,824,39.448969940000005,39.567884483428585,38.47008503237115,37.03451005011746,0.23666574408359453,0.2692895530165819,0.39735114974622765,0.5020877787115358
AWS,LC08_L2SP_115035_20200608_20200824_02_T1,2020-06-08,839,43.89125660000004,43.813651269714306,41.623895439288184,38.7047447552007,0.20580723291905448,0.28881267376066433,0.37335226358786155,0.5200996394317221
AWS,LC08_L2SP_115035_20200608_20200824_02_T1,2020-06-08,838,37.152060500000026,37.14050433714288,33.97611305505156,30.695159535559586,0.568403232488826,0.5387394287745053,0.6813543328811765,0.7690709209386563
AWS,LC08_L2SP_115035_20200608_20200824_02_T1,2020-06-08,833,37.72628786000001,36.552897870285726,34.176300182886614,32.78079291745207,0.5030967176276092,0.5688398186637226,0.6583793577383051,0.7051543922555213
AWS,LC08_L2SP_115035_20200608_20200824_02_T1,2020-06-08,912,35.86688498000003,36.229943809142874,36.80764310783506,35.98473875473142,0.3222323083107849,0.34439981412412773,0.4834598478244936,0.5303238403102353
AWS,LC08_L2SP_115035_20200608_20200824_02_T1,2020-06-08,819,42.00450956000003,41.036754164000016,34.520122455876304,33.023930291462946,0.30750931717159546,0.34510936456675795,0.6551663215927184,0.7132539047583174
AWS,LC08_L2SP_115035_20200608_20200824_02_T1,2020-06-08,757,39.19945448000001,39.01846218285716,36.71269457100374,37.42255369086652,0.5751377221242686,0.5412224325030494,0.6028783929762314,0.5587560773759723
AWS,LC08_L2SP_115035_20200608_20200824_02_T1,2020-06-08,676,36.173367440000014,35.749467854857166,33.10862897567012,33.84440533571701,0.5376865422064475,0.5507896687326654,0.6121759018825642,0.5898082630752894
AWS,LC08_L2SP_115035_20200608_20200824_02_T1,2020-06-08,632,37.989475400000025,37.542463489142875,35.83518313814435,34.666631877704,0.3839268962896747,0.3912067614132407,0.4993970522290469,0.5536724481875305
AWS,LC08_L2SP_115035_20200608_20200824_02_T1,2020-06-08,760,40.76376830000004,39.77745793828573,37.749589537313,35.24287851500002,0.4838572527471608,0.5545649186502932,0.6112994865507463,0.6710265816118856
AWS,LC08_L2SP_115035_20200608_20200824_02_T1,2020-06-08,762,38.37685100000001,37.86590583885717,33.1208289187629,31.513186979215593,0.659241574053221,0.7506966439369763,0.789409678568752,0.8343789888507385
AWS,LC08_L2SP_115035_20200608_20200824_02_T1,2020-06-08,758,38.88043928000004,38.31835402914286,35.36402102268043,32.90777045231035,0.4411113395093049,0.4527145310159974,0.5106431316589642,0.6537407038141401
AWS,LC08_L2SP_115035_20200608_20200824_02_T1,2020-06-08,920,38.847398420000026,39.25225475085716,38.33341121546394,37.354028330317796,0.24921275434079782,0.25101125437250693,0.2894382578258688,0.34849178092765676
AWS,LC08_L2SP_115035_20200608_20200824_02_T1,2020-06-08,494,34.34358740000001,32.710555101714306,33.29046920577321,34.123580617675366,0.34573854780072294,0.6586848071037933,0.6814820699218173,0.6604963919914123
AWS,LC08_L2SP_115035_20200608_20200824_02_T1,2020-06-08,764,41.016701780000005,39.19395309542859,35.89034911958765,35.07349759594619,0.48433246162638754,0.5027049184962689,0.6468983509168368,0.6827110453043483
AWS,LC08_L2SP_115035_20200608_20200824_02_T1,2020-06-08,864,46.251969080000016,46.246304932571455,45.35752062061858,43.10051256302893,0.2716951158704785,0.29146097174571667,0.3027389137788881,0.3742416795806905
AWS,LC08_L2SP_115035_20200608_20200824_02_T1,2020-06-08,915,38.20481066000002,37.969227700571444,36.254037410309294,33.58846624863443,0.3918237384257833,0.379258196459656,0.507931315104364,0.6372188356470284
AWS,LC08_L2SP_115035_20200608_20200824_02_T1,2020-06-08,823,38.758529900000006,38.919144287428594,37.28925504618558,36.83194607990268,0.5412960711519298,0.5177068150400357,0.5847827482242538,0.5993063938782425
AWS,LC08_L2SP_115035_20200608_20200824_02_T1,2020-06-08,602,38.11480280000003,37.89149216000003,36.408596124536096,36.82706025858576,0.24299908833537956,0.24628684041901425,0.37220976705336967,0.37735686129806784
AWS,LC08_L2SP_115035_20200608_20200824_02_T1,2020-06-08,860,43.066374440000025,43.47438837028574,44.71935548318023,44.328100223251255,0.20681323206243973,0.2118148196273961,0.2417237997979764,0.246620423445706
ASOS,LC08_L2SP_115035_20230617_20230623_02_T1,2023-06-17,135,33.99722804000002,33.458515535428596,32.52957801814435,31.698012521042102,0.6208702966039853,0.64054080386928,0.6066705105192801,0.6443837396497503
ASOS,LC08_L2SP_115035_20230617_20230623_02_T1,2023-06-17,131,44.98274432000005,44.946383097714296,44.34819849938146,44.21916602362442,0.3831670785417467,0.30306590316529736,0.26002516538834164,0.2887667038853726
ASOS,LC08_L2SP_115035_20230617_20230623_02_T1,2023-06-17,133,36.261096620000025,36.327113234857165,38.503941760141366,40.72191184660445,0.3967756346616133,0.6689804047827125,0.5343574968445479,0.43770808162902425
ASOS,LC08_L2SP_115035_20230617_20230623_02_T1,2023-06-17,226,35.60255810000003,35.89468487600002,35.996761909484555,33.12986640517609,0.5417992133141865,0.4962090634246198,0.4487317869899476,0.5727521363191371
ASOS,LC08_L2SP_115035_20230617_20230623_02_T1,2023-06-17,238,39.81014072000003,39.75174954500002,39.19043213891894,,0.4043602371758846,0.33842179609119877,0.33373487372718996,
ASOS,LC08_L2SP_115035_20230617_20230623_02_T1,2023-06-17,243,38.720931680000014,38.40429569000002,35.51828610481252,36.529672646119494,0.35167932239596905,0.2915828812611704,0.398114452766792,0.40065639797459035
ASOS,LC08_L2SP_115035_20230617_20230623_02_T1,2023-06-17,289,32.48988122000001,32.514946700000024,33.29814773603401,,0.6567423129385795,0.5397298727941483,0.4711594835885012,
ASOS,LC08_L2SP_115035_20230617_20230623_02_T1,2023-06-17,278,37.245486380000024,37.077515111428596,33.0179164024184,33.365891485236176,0.30960154075068874,0.2951283196199006,0.4633023373309678,0.4806119422193881
ASOS,LC08_L2SP_115035_20230617_20230623_02_T1,2023-06-17,279,37.75021399999999,37.72938035428573,35.46217261876291,34.83140665926916,0.42831237921648097,0.37015882700577873,0.45646819105336556,0.4970806972257103
ASOS,LC08_L2SP_115035_20230617_20230623_02_T1,2023-06-17,285,45.50114402000003,45.68343842000002,42.6749796184502,39.95960926239486,0.25981474305314295,0.2851235888583319,0.41310767568399437,0.4860576817587544
ASOS,LC08_L2SP_115035_20230617_20230623_02_T1,2023-06-17,137,37.87895942000004,38.10506958114287,41.737281474020634,40.30669072959635,0.544774302143679,0.6915667302181778,0.4164656805921742,0.42120923858153075
ASOS,LC08_L2SP_115035_20230617_20230623_02_T1,2023-06-17,140,36.504915380000035,36.043710548000014,35.133936986804144,34.20182631302859,0.5029568575061701,0.4310980749074152,0.4980470192523595,0.514996726025118
ASOS,LC08_L2SP_115035_20230617_20230623_02_T1,2023-06-17,264,34.11116204000001,33.28947003200002,29.725576142474242,29.20277601426104,0.320503695397477,0.3573743496092315,0.5588201800400504,0.582802410299196
ASOS,LC08_L2SP_115035_20230617_20230623_02_T1,2023-06-17,251,36.01955654000002,35.744096680571445,34.09992525030929,32.63505443207478,0.40170154691675725,0.40557007580935595,0.4277993003316451,0.46885756536549855
ASOS,LC08_L2SP_115035_20230617_20230623_02_T1,2023-06-17,284,39.468338720000055,39.97960940685717,38.90929081422683,38.35752201372461,0.6462494489039414,0.5767760254397563,0.5079066052860071,0.504773582602108
ASOS,LC08_L2SP_115035_20230617_20230623_02_T1,2023-06-17,146,35.595722060000014,35.44282263200002,36.65542963298971,38.42360145047812,0.5162076334816571,0.6106004509869459,0.48723821571506426,0.37304522133553997
ASOS,LC08_L2SP_115035_20230617_20230623_02_T1,2023-06-17,232,40.44817112000002,39.439366931428594,38.73161397468967,38.053872361807144,0.3712123266459449,0.5132178741394978,0.5503932608759553,0.5518952035926582
ASOS,LC08_L2SP_115035_20230617_20230623_02_T1,2023-06-17,245,39.23135600000004,38.629784480000026,37.34021995608249,36.35729338270829,0.3983658558992242,0.44511164181742874,0.5042548956477709,0.4700752433761231
ASOS,LC08_L2SP_115035_20230617_20230623_02_T1,2023-06-17,143,39.79760798000003,39.46475793714288,39.553432749850316,39.92409032739727,0.389955191297742,0.38369895171277585,0.3605959849082317,0.3317596496692926
ASOS,LC08_L2SP_115035_20230617_20230623_02_T1,2023-06-17,247,39.32478188000001,39.11026043428573,38.25491421319589,35.51340352183225,0.40288453438173705,0.4364194975660278,0.35820203292703484,0.4358082694204103
ASOS,LC08_L2SP_115035_20230617_20230623_02_T1,2023-06-17,239,36.163113380000006,36.04175739371431,36.016250348983846,37.458981720552735,0.5086397902259737,0.664341817559538,0.5798976741483609,0.518900296590032
ASOS,LC08_L2SP_115035_20230617_20230623_02_T1,2023-06-17,273,35.746114940000005,35.88355189657144,33.253642291546406,33.07595014866878,0.6274404773596093,0.6348824489599341,0.6795993414044739,0.687664058669195
ASOS,LC08_L2SP_115035_20230617_20230623_02_T1,2023-06-17,181,36.59720192000001,35.6528843754286,36.1125752331959,36.729788086779294,0.36373741308554014,0.45230338912611134,0.4324319527034356,0.4316363086286586
AWS,LC08_L2SP_115035_20230617_20230623_02_T1,2023-06-17,919,41.35508576000003,40.95726078457145,37.770127000824765,37.27277965622103,0.2877760796662869,0.23537177663671863,0.3103548226390072,0.3950024252029125
AWS,LC08_L2SP_115035_20230617_20230623_02_T1,2023-06-17,648,40.48463,40.07941559085715,35.19099012247425,33.40471122323506,0.3619059251743317,0.39635301598473976,0.6198926865415023,0.6907296275188417
AWS,LC08_L2SP_115035_20230617_20230623_02_T1,2023-06-17,763,39.64493642000002,39.716714840000016,36.91607183503358,33.85976571833122,0.49295701921020924,0.3546374264500183,0.4730990219956246,0.5454360579403396
AWS,LC08_L2SP_115035_20230617_20230623_02_T1,2023-06-17,623,38.809800200000005,38.482028358285746,38.70545466618558,35.525426315915226,0.3482049975525893,0.32781077804726083,0.3670379715232893,0.4993175474256634
AWS,LC08_L2SP_115035_20230617_20230623_02_T1,2023-06-17,551,38.807521520000044,40.279711562857166,42.11422263042184,40.09411349842217,0.5878797437088606,0.4635599474576411,0.35487109764530944,0.39251364302510855
AWS,LC08_L2SP_115035_20230617_20230623_02_T1,2023-06-17,888,31.57271252000002,30.831327705714298,29.269341750121377,27.840757224014617,0.36912104836405196,0.6285453503812055,0.683000060521855,0.7084600561079982
AWS,LC08_L2SP_115035_20230617_20230623_02_T1,2023-06-17,496,37.57247696000002,37.838268705714306,36.03161944907219,35.95927067813343,0.5131848880082296,0.5220468432432136,0.5567868179939381,0.5786002984996381
AWS,LC08_L2SP_115035_20230617_20230623_02_T1,2023-06-17,733,37.64539472000001,36.76852610342859,32.94550850435116,30.633182915018665,0.4229931503879097,0.5365332265095969,0.6546727535128896,0.7317334893399927
AWS,LC08_L2SP_115035_20230617_20230623_02_T1,2023-06-17,820,33.624663860000034,33.17149951314288,31.516880848239452,31.173173524653627,0.517350342348641,0.5872976014688924,0.6690130961990531,0.6742759213179386
AWS,LC08_L2SP_115035_20230617_20230623_02_T1,2023-06-17,827,43.30221782000001,42.493907878181844,39.36770279173254,40.79872699206149,0.41207050701047826,0.3709738578054891,0.43755864159009944,0.3461909716365353
AWS,LC08_L2SP_115035_20230617_20230623_02_T1,2023-06-17,812,37.558804880000025,36.937669264571454,32.11370325711342,30.56512236620672,0.3749309211672524,0.3430474931962212,0.6001181256324455,0.7016077109606055
AWS,LC08_L2SP_115035_20230617_20230623_02_T1,2023-06-17,615,,,36.82943112004719,36.966113008186376,,,0.4386923072378846,0.39049482180372264
AWS,LC08_L2SP_115035_20230617_20230623_02_T1,2023-06-17,604,41.09987360000002,40.279320932000026,37.368746523917544,35.46749167517322,0.38040939019429443,0.4369336507742706,0.5119180214754729,0.5836559681167192
AWS,LC08_L2SP_115035_20230617_20230623_02_T1,2023-06-17,619,33.14272304000002,33.27228227428573,32.56552791463919,33.20719898535931,0.4968620897002662,0.47557040268013384,0.4863067719666949,0.5175354521514326
AWS,LC08_L2SP_115035_20230617_20230623_02_T1,2023-06-17,311,29.48885966000002,28.981104650857162,27.93701593587631,27.116020205519632,0.6261259795932917,0.7531368289939843,0.8129126993614196,0.8435370115997702
AWS,LC08_L2SP_115035_20230617_20230623_02_T1,2023-06-17,825,36.65189024,36.07652354000002,34.15542402865981,33.60219801922132,0.3158315869019756,0.33414856358562006,0.4171993399085757,0.4635180509301423
AWS,LC08_L2SP_115035_20230617_20230623_02_T1,2023-06-17,822,35.13087134000002,34.55345382800002,32.915250481030945,32.26635008362442,0.5805649979170816,0.5701668940508643,0.6270039579195237,0.6505484572882814
AWS,LC08_L2SP_115035_20230617_20230623_02_T1,2023-06-17,821,39.75317372000003,38.86836227600002,36.214140934020634,34.75383786807903,0.4555060275802545,0.5193280840808464,0.5661187748213613,0.5946920719750873
AWS,LC08_L2SP_115035_20230617_20230623_02_T1,2023-06-17,647,33.69188492000003,33.29650138742859,33.210446981103466,33.50959248268736,0.3569654278488367,0.4920834122001747,0.6283168222902976,0.6313810490652904
AWS,LC08_L2SP_115035_20230617_20230623_02_T1,2023-06-17,600,39.73152626000003,39.66886256000003,36.07094821298971,32.65478608853137,0.3145134923653596,0.419172242181001,0.47443549489451586,0.6174567134579969
AWS,LC08_L2SP_115035_20230617_20230623_02_T1,2023-06-17,516,38.03277032000002,37.966395626857164,36.4558846074227,35.18769868405819,0.5010758834734658,0.48739344569969967,0.44683866259351807,0.4789735296402252
AWS,LC08_L2SP_115035_20230617_20230623_02_T1,2023-06-17,810,40.309171640000024,38.69013021241381,36.745276982366434,36.689966463002484,0.4385300469045858,0.561303008126165,0.5431694078648115,0.5529104856456064
AWS,LC08_L2SP_115035_20230617_20230623_02_T1,2023-06-17,809,34.414226480000025,34.28675061028573,32.493812138762905,30.892340292321805,0.523174109605261,0.5773133086502665,0.6768455471388274,0.7320407536293688
AWS,LC08_L2SP_115035_20230617_20230623_02_T1,2023-06-17,834,32.851052,33.53322368685716,32.329942941649506,32.21259137112513,0.60376416496083,0.4731940285605564,0.5641559629213122,0.5710221432139044
AWS,LC08_L2SP_115035_20230617_20230623_02_T1,2023-06-17,495,,,,37.355099262742755,,,,0.39195510821426355
AWS,LC08_L2SP_115035_20230617_20230623_02_T1,2023-06-17,833,35.919294619999995,35.14525957657145,33.14468458412372,32.124899049247084,0.5337008770541094,0.6178612965126266,0.7001713860589704,0.7371272102917765
AWS,LC08_L2SP_115035_20230617_20230623_02_T1,2023-06-17,757,39.316806500000006,39.064849597142874,35.81151540515466,34.77865923285962,0.6541845160808317,0.548204544199089,0.6167312193464195,0.6337560392807142
AWS,LC08_L2SP_115035_20230617_20230623_02_T1,2023-06-17,676,36.36933392000003,36.22154524571431,33.117798509278366,33.47888313791585,0.5845937645270327,0.49299017422666186,0.6059511197794171,0.5929545463734427
AWS,LC08_L2SP_115035_20230617_20230623_02_T1,2023-06-17,632,36.01955654000002,35.953572477714296,34.27901305422682,33.467441137383354,0.370559991608087,0.4014913483210788,0.544242408949559,0.570423997596326
AWS,LC08_L2SP_115035_20230617_20230623_02_T1,2023-06-17,494,33.74201588000002,32.77442324685716,33.3126295645361,34.335173962851435,0.3352518182934083,0.6939839640365681,0.73281850395709,0.6906604035719466
AWS,LC08_L2SP_115035_20230617_20230623_02_T1,2023-06-17,823,33.94937576000001,35.315476972571446,34.58739441422683,33.83627431695791,0.6835779030387948,0.6010443559128585,0.6144115724330962,0.6291474040907505
AWS,LC08_L2SP_115035_20230617_20230623_02_T1,2023-06-17,602,36.661004960000035,36.6112971834286,35.109940372164964,35.412280817904396,0.3167583903233749,0.2729671138613751,0.3994354484829278,0.3984086479557875
AWS,LC08_L2SP_115035_20230617_20230623_02_T1,2023-06-17,860,41.73790399999999,42.10434829657144,42.5123814363251,41.839948057734006,0.3018640881352743,0.28927313273847316,0.2678585229620828,0.2662628150647693
AWS,LC08_L2SP_115035_20230617_20230623_02_T1,2023-06-17,701,39.85799300000004,39.90538954400003,37.22531105690724,34.69868443459103,0.4292915033006206,0.4337416744798424,0.5059972979563193,0.576065664810038
AWS,LC08_L2SP_115035_20230617_20230623_02_T1,2023-06-17,633,35.909040560000015,35.339598428000016,34.45541499134023,33.244162136656186,0.49499401740577226,0.54672328394745,0.6268172770132878,0.694968907203434
AWS,LC08_L2SP_115035_20230617_20230623_02_T1,2023-06-17,629,45.34961180000005,44.81178635300002,39.438889383553324,37.607169210706125,0.2112645773446446,0.365288095629858,0.5414276730490373,0.5929137004997094
AWS,LC08_L2SP_115035_20230617_20230623_02_T1,2023-06-17,847,38.678776100000015,37.94403201028573,33.54045841195878,31.871326974064754,0.5038542192389214,0.5865866357502308,0.6605680202287031,0.6999763044408858
AWS,LC08_L2SP_115035_20230617_20230623_02_T1,2023-06-17,626,33.805818920000014,33.30997815200002,30.96129804206188,29.37976516094585,0.3428388536510158,0.511493317361401,0.6493336333090451,0.7521327613452744
AWS,LC08_L2SP_115035_20230617_20230623_02_T1,2023-06-17,845,41.295840080000026,41.025621184571456,37.14000887664629,37.168243792791586,0.49644075698986834,0.5033496168315572,0.4701460498602575,0.4997479128942318
AWS,LC08_L2SP_115035_20230617_20230623_02_T1,2023-06-17,945,36.20754764000001,35.5980983977143,32.8966725830928,31.380729652774136,0.5167210396682691,0.654108531176207,0.6305344327919827,0.6788784361928616
AWS,LC08_L2SP_115035_20230617_20230623_02_T1,2023-06-17,314,24.57374690000002,24.044800166857158,21.684196642886615,21.5601994497395,0.8470446415818293,0.7821454212971197,0.8422645289786788,0.8553768990323766
AWS,LC08_L2SP_115035_20230617_20230623_02_T1,2023-06-17,315,,,,20.360845567376956,,,,0.8685892463626905
AWS,LC08_L2SP_115035_20230617_20230623_02_T1,2023-06-17,824,29.928644900000034,29.941470613142876,29.276467142994207,29.112053174514692,0.3835526288725319,0.37948131164764154,0.4250034750464447,0.49490781894827224
AWS,LC08_L2SP_115035_20230617_20230623_02_T1,2023-06-17,764,33.66568010000001,32.130468278857165,29.510651984536103,28.736776053400423,0.42799390165158696,0.4061646558785498,0.6593447437157806,0.705033560596267
AWS,LC08_L2SP_115035_20230617_20230623_02_T1,2023-06-17,761,38.719792340000005,39.09727195828574,37.18806912536084,35.334111136139065,0.25338204477173315,0.3882603469297879,0.385851056014175,0.45386178192992305
AWS,LC08_L2SP_115035_20230617_20230623_02_T1,2023-06-17,759,26.699755340000024,26.260631652258088,23.832406602051297,23.43656165827924,0.5642663904029185,0.6581637785097089,0.8434033054550075,0.867966235901632
AWS,LC08_L2SP_115035_20230617_20230623_02_T1,2023-06-17,864,42.45227018000003,42.73394758057145,41.86227999237116,39.39686723356429,0.30257548103145354,0.3133759401156798,0.30126695777144735,0.37310649630037374
AWS,LC08_L2SP_115035_20230617_20230623_02_T1,2023-06-17,737,34.35612014000001,34.67764859000002,36.40577774927346,37.340240628541814,0.7272989425023771,0.614294849985258,0.4843524295961724,0.4080501242637989
AWS,LC08_L2SP_115035_20230617_20230623_02_T1,2023-06-17,736,35.891950460000054,36.1654897177143,36.50459041360827,36.36474492072719,0.4447346169040749,0.28829786477162145,0.20838672455214774,0.2084213277133974
AWS,LC08_L2SP_115035_20230617_20230623_02_T1,2023-06-17,791,,,,22.01102499901301,,,,0.884067264289455
AWS,LC08_L2SP_115035_20230617_20230623_02_T1,2023-06-17,899,35.22201854000002,35.53061691714287,35.615151039960885,37.73482873964863,0.21590427616518557,0.2973325227346976,0.4022777899126093,0.3354449313249448
AWS,LC08_L2SP_115035_20230617_20230623_02_T1,2023-06-17,912,34.347005420000016,34.99096038800002,34.65580962783507,34.01962174320214,0.4255603434236785,0.3756859633599884,0.4616874984649179,0.4988933915860407
AWS,LC08_L2SP_115035_20230617_20230623_02_T1,2023-06-17,920,36.675816380000036,36.95964225028574,36.10412610701033,34.99064412574293,0.32676077872088655,0.31150133721572315,0.34570250541590514,0.42279825465979204
AWS,LC08_L2SP_115035_20230617_20230623_02_T1,2023-06-17,977,39.59594480000002,38.65859350571431,36.44662893814435,35.831822468319515,0.29658440585835616,0.3536013738066887,0.41394855213839604,0.44004892378656496
AWS,LC08_L2SP_115035_20230617_20230623_02_T1,2023-06-17,951,,,31.58292706531794,29.731476491637856,,,0.6919196531807704,0.7287912250683609
AWS,LC08_L2SP_115035_20230617_20230623_02_T1,2023-06-17,738,35.78371316000001,35.95044743085715,34.04638156621055,33.8903386712879,0.3461656798488191,0.445822153284503,0.4820174840840595,0.41913589471695445
AWS,LC08_L2SP_115035_20230617_20230623_02_T1,2023-06-17,803,29.62444112000003,29.341559274285736,29.158791687422696,28.141520144803913,0.5261023076234257,0.5756537868980065,0.6089278008959306,0.6761629492205542
AWS,LC08_L2SP_115035_20230617_20230623_02_T1,2023-06-17,849,33.91975292000003,34.03137568742859,34.134469569278366,32.92847525768682,0.32038155021816084,0.5359839151452822,0.5804463956184001,0.640059938959654
AWS,LC08_L2SP_115035_20230617_20230623_02_T1,2023-06-17,815,32.47620914000004,31.61298005085716,31.07702779914042,30.624858511132548,0.37580684966981853,0.3671635878079494,0.45918312122918475,0.49524551790972166
AWS,LC08_L2SP_115035_20230617_20230623_02_T1,2023-06-17,826,35.32911650000003,35.66626348228574,34.600616239587644,33.69041283235764,0.3284200972331912,0.3970093000257436,0.462387629705553,0.4846274525894816
AWS,LC08_L2SP_115035_20230617_20230623_02_T1,2023-06-17,836,29.386319060000023,29.34644216000002,28.38983898412373,26.488961908252065,0.6152249494789129,0.6107215101108475,0.6238484075785532,0.6892831763634094
AWS,LC08_L2SP_115035_20230617_20230623_02_T1,2023-06-17,832,39.89900924000002,39.09307267657145,36.8038492230928,36.51604392340683,0.4824242231609479,0.5221283459868875,0.4284717325462338,0.4486402589800888
AWS,LC08_L2SP_115035_20230617_20230623_02_T1,2023-06-17,611,41.07252944000004,40.60793914057145,38.87343096865981,38.197307585846,0.5061963723854112,0.4776009603781352,0.456780109660465,0.4503952809087427
AWS,LC08_L2SP_115035_20230617_20230623_02_T1,2023-06-17,853,30.053972300000037,29.0471212657143,26.137794482474245,26.36452745900947,0.40191910798274044,0.7022280133865818,0.8466610400025132,0.8499703355409843
AWS,LC08_L2SP_115035_20230617_20230623_02_T1,2023-06-17,846,38.67194006000003,38.13475752628573,39.82736129035954,39.11889434778046,0.7302172824418993,0.6152789708555191,0.426352113437507,0.4044151098453821
AWS,LC08_L2SP_115035_20230617_20230623_02_T1,2023-06-17,643,36.95039732,36.63004746457145,32.703885292371154,30.710319229544826,0.5870752812842129,0.5696489976657338,0.688383647077663,0.7573572584921446
AWS,LC08_L2SP_115035_20230617_20230623_02_T1,2023-06-17,946,39.15957758000002,38.427730669142875,34.78067894268043,30.941966654846855,0.29593916662713,0.38015732426192644,0.542353405541359,0.6732743227320389
AWS,LC08_L2SP_115035_20230617_20230623_02_T1,2023-06-17,641,34.74007772000002,34.2602853697143,34.78363496226806,34.029256842326,0.4530371716703303,0.5422638676621658,0.49129540437256597,0.552654101639032
AWS,LC08_L2SP_115035_20230617_20230623_02_T1,2023-06-17,735,30.811633400000023,29.868422642857162,29.436978579793834,27.680677500933314,0.5937593016506879,0.7360432189518272,0.7797003962434844,0.8349159228877115
AWS,LC08_L2SP_115035_20230617_20230623_02_T1,2023-06-17,622,34.76970056000001,34.5829464577143,30.481377495051568,28.277055939874057,0.5442533193119269,0.4773239092474841,0.5786077503646089,0.6809071682449757
AWS,LC08_L2SP_115035_20230617_20230623_02_T1,2023-06-17,603,38.48850632000002,38.49062223714288,34.81526241422682,33.23106152063558,0.46788894085330995,0.3718656778878343,0.5202608794495576,0.6155166730678786
AWS,LC08_L2SP_115035_20230617_20230623_02_T1,2023-06-17,659,27.28651544,27.68596804400001,27.11977244371136,27.088787598419717,0.8251019184135401,0.8177260812358703,0.8412795048144301,0.8524202964854323
AWS,LC08_L2SP_115035_20230617_20230623_02_T1,2023-06-17,838,28.497633860000008,28.56186008342859,26.487352608041256,24.17975940850517,0.6095902997074539,0.5817394588970692,0.6942161829825129,0.7748520459722047
AWS,LC08_L2SP_115035_20230617_20230623_02_T1,2023-06-17,935,38.31190862000002,38.12567535885716,34.799799779094094,33.70406359427085,0.29062259377680194,0.38579115121609786,0.4935169064179252,0.5757073065772677
AWS,LC08_L2SP_115035_20230617_20230623_02_T1,2023-06-17,758,38.162655080000036,37.88182404628573,34.3334899503093,32.4678409179192,0.396096613862571,0.3634056437831002,0.5202024758647384,0.6535645938956588
AWS,LC08_L2SP_115035_20230617_20230623_02_T1,2023-06-17,635,32.42835686000003,32.68819148514288,31.604637531546413,31.31560146000002,0.6302535721404384,0.37858163687962604,0.4720616444516742,0.5160604059693243
AWS,LC08_L2SP_115035_20230617_20230623_02_T1,2023-06-17,818,31.52713892000001,30.835331672000017,29.10302667154641,29.313259086361313,0.6025931477245718,0.6551744663335852,0.7776385172535714,0.7609662243712302
AWS,LC08_L2SP_115035_20230617_20230623_02_T1,2023-06-17,819,33.566557520000025,32.68721490800002,27.88201048000002,26.414550127890088,0.387502144683818,0.4453514828064625,0.6549083293470326,0.7113373967237965
AWS,LC08_L2SP_115035_20230617_20230623_02_T1,2023-06-17,617,45.470381840000016,44.87782738228573,40.0545820059794,39.815581803031534,0.4020860289140769,0.34512532916561994,0.4132586603068354,0.44056766917607393
AWS,LC08_L2SP_115035_20230617_20230623_02_T1,2023-06-17,992,41.13063578000001,40.48371852800002,36.23537337670105,33.194376273054694,0.3838122704780665,0.40994722810997036,0.47706265058232566,0.5697852587137666
AWS,LC08_L2SP_115035_20230617_20230623_02_T1,2023-06-17,702,,,,35.42453207019451,,,,0.35172495507261947
AWS,LC08_L2SP_115035_20230617_20230623_02_T1,2023-06-17,493,39.54239582,39.53819653828574,36.70131091111368,36.349019334408496,0.24572608732991089,0.3119253563827216,0.3825199890113549,0.4951514116590376
AWS,LC08_L2SP_115035_20230617_20230623_02_T1,2023-06-17,642,34.16015366000003,35.612063450857164,33.9960378016495,32.54450511692884,0.7896373370976774,0.7382214823103992,0.6954405998486475,0.749508811643432
AWS,LC08_L2SP_115035_20230617_20230623_02_T1,2023-06-17,640,32.88523220000004,33.02794267314288,31.896339893608268,31.17959390271402,0.43428147017591573,0.43507950391205186,0.5818872185239402,0.6484123265993564
AWS,LC08_L2SP_115035_20230617_20230623_02_T1,2023-06-17,644,,,,35.96384790752002,,,,0.45695516840500405
AWS,LC08_L2SP_115035_20230617_20230623_02_T1,2023-06-17,806,38.947660340000006,39.15469469428573,36.91651859484538,36.3806128314973,0.45722913387690345,0.4589762654969969,0.4143073413597242,0.44351994583205084
AWS,LC08_L2SP_115035_20230617_20230623_02_T1,2023-06-17,636,38.33355608000003,37.66629347085717,35.542388419175275,33.91314292140282,0.454844529205704,0.5000273889185255,0.5802550002697364,0.6392929534162242
AWS,LC08_L2SP_115035_20230617_20230623_02_T1,2023-06-17,872,,,,14.104816695380933,,,,0.8712382004958286
AWS,LC08_L2SP_115035_20230617_20230623_02_T1,2023-06-17,944,42.00678824000003,41.70004535942859,38.97216218890461,36.258510803746304,0.36639023732296055,0.28107855659864434,0.415877879064618,0.4780723101972398
AWS,LC08_L2SP_115035_20230617_20230623_02_T1,2023-06-17,327,38.97500450000001,38.502731793714304,40.732407085567026,40.12696041540798,0.5121556905093636,0.4974279440324661,0.3440850061611789,0.34970464099107124
AWS,LC08_L2SP_115035_20230617_20230623_02_T1,2023-06-17,624,31.57271252000004,31.97294638571431,31.5758956245361,31.02621693051549,0.6915687155910114,0.5906041800017848,0.5890847458893131,0.6208115612698039
AWS,LC08_L2SP_115035_20230617_20230623_02_T1,2023-06-17,807,35.47495202000001,35.34526257542859,33.80101894760002,32.86914092704311,0.4813211155195211,0.3570438229148055,0.5292485060083405,0.5916560994153128
AWS,LC08_L2SP_115035_20230617_20230623_02_T1,2023-06-17,605,34.29117776000002,34.01653171485716,32.574544753195894,32.67347804903523,0.44211368216960256,0.6173255745307205,0.7285529868430112,0.7152332771076052
AWS,LC08_L2SP_115035_20230617_20230623_02_T1,2023-06-17,625,33.728343800000026,32.01083757885716,28.131036532783526,27.159877130334976,0.47352961933129123,0.6271973777354418,0.7096132495633555,0.7587364263425058
ASOS,LC08_L2SP_115035_20240603_20240611_02_T1,2024-06-03,135,32.83168322000002,32.73053514666669,32.78593567496185,32.61246080000002,0.5918994586708184,0.6300879641835485,0.5686854575102098,0.5742190376524131
ASOS,LC08_L2SP_115035_20240603_20240611_02_T1,2024-06-03,131,40.378671380000014,40.387135048571444,40.76332275534405,40.895050636627396,0.43997236792289485,0.33822172170985115,0.26769197408715917,0.29327486526091384
ASOS,LC08_L2SP_115035_20240603_20240611_02_T1,2024-06-03,133,33.99494936000002,33.433319845142876,34.925719943696706,37.23096229501465,0.4166437441237985,0.6723882543217098,0.5634863240104466,0.46023964540713463
ASOS,LC08_L2SP_115035_20240603_20240611_02_T1,2024-06-03,244,39.901287919999994,39.65147948685716,39.22639928371136,37.512594215640235,0.3181560265228735,0.2930765036009559,0.39571984281582806,0.4828385838208894
ASOS,LC08_L2SP_115035_20240603_20240611_02_T1,2024-06-03,226,,,,32.730253048176706,,,,0.5186526533381828
ASOS,LC08_L2SP_115035_20240603_20240611_02_T1,2024-06-03,238,41.977165400000025,42.27664091900002,42.97031884010813,,0.49265883452965137,0.34329188976121716,0.3005800183473298,
ASOS,LC08_L2SP_115035_20240603_20240611_02_T1,2024-06-03,243,42.766728020000016,42.331011851428585,38.42173159938146,38.3752929310343,0.36394237858837347,0.25463837248383603,0.368434260255248,0.35824704702936
ASOS,LC08_L2SP_115035_20240603_20240611_02_T1,2024-06-03,289,40.377532040000006,40.0258991634286,37.352357255051565,36.26983367112348,0.6505280853743106,0.5005317651239908,0.5410796354394876,0.5342679686803499
ASOS,LC08_L2SP_115035_20240603_20240611_02_T1,2024-06-03,248,36.463899140000024,36.71862301142859,35.635113468041254,35.068834160977616,0.3618491662053625,0.3359205573873408,0.4230179515083747,0.5317022581765745
ASOS,LC08_L2SP_115035_20240603_20240611_02_T1,2024-06-03,140,37.84363988000003,37.28884640514288,35.86405424865981,34.754844770172724,0.5192356259394919,0.41645683978884585,0.5066618837713464,0.5497608949888402
ASOS,LC08_L2SP_115035_20240603_20240611_02_T1,2024-06-03,254,41.54421620000003,41.4518971074286,35.23547503387617,34.6308793263152,0.2385140008206724,0.361526939913343,0.5502280960061424,0.5413128433233694
ASOS,LC08_L2SP_115035_20240603_20240611_02_T1,2024-06-03,264,38.05213910000001,37.16853210114288,33.9196744350402,32.92344662735228,0.19607110782994105,0.32880278365434096,0.5590729122303475,0.5957755687935308
ASOS,LC08_L2SP_115035_20240603_20240611_02_T1,2024-06-03,251,42.22782020000002,42.011573468000016,40.037761492376596,37.84540510094635,0.37668710614960793,0.39638016983448043,0.4071778849168791,0.46763978774036924
ASOS,LC08_L2SP_115035_20240603_20240611_02_T1,2024-06-03,284,37.71489446000002,37.6612152697143,36.738448757938166,36.51909988574866,0.5608895791636189,0.5449600284574517,0.5010366658423615,0.4887709939767958
ASOS,LC08_L2SP_115035_20240603_20240611_02_T1,2024-06-03,146,37.25232242000002,37.36765618057145,39.304344234639196,41.481736138253666,0.5701946291238783,0.6676437189639765,0.5096681896881264,0.3705399952272303
ASOS,LC08_L2SP_115035_20240603_20240611_02_T1,2024-06-03,232,36.467317160000015,35.53794124571431,35.218125140206915,34.47503502429321,0.34078871032963115,0.5258850882581436,0.5576039966473754,0.5545414528495165
ASOS,LC08_L2SP_115035_20240603_20240611_02_T1,2024-06-03,245,40.51653152,40.36926368685716,38.78941736824744,38.199646282610956,0.41620865901144133,0.4316001758149448,0.48642912162718194,0.4390832138792237
ASOS,LC08_L2SP_115035_20240603_20240611_02_T1,2024-06-03,247,41.81082175999999,41.847215534857156,41.001639783505176,38.170853821582135,0.4540641266149878,0.4358871586324182,0.33913155389105243,0.4188242283428894
ASOS,LC08_L2SP_115035_20240603_20240611_02_T1,2024-06-03,239,32.90118296000001,32.16982433771431,32.19633671561203,33.682447461153515,0.549983559977981,0.6909412098481592,0.6039548675858762,0.5453246302510697
ASOS,LC08_L2SP_115035_20240603_20240611_02_T1,2024-06-03,181,33.32729612000001,32.87950294742859,33.63753787695855,34.252568028390264,0.4644661928296898,0.3879261260341986,0.35032866390172906,0.37773951877736905
AWS,LC08_L2SP_115035_20240603_20240611_02_T1,2024-06-03,648,35.858909600000025,35.34291879028573,31.128597004948475,29.83356725425138,0.3442508350804172,0.4322655612756995,0.6396165174202285,0.7060469009994709
AWS,LC08_L2SP_115035_20240603_20240611_02_T1,2024-06-03,763,42.246049640000045,41.57863097000003,38.321755499765125,35.08015646200089,0.537969522845987,0.37949385989114615,0.4809550602106055,0.5493920204090629
AWS,LC08_L2SP_115035_20240603_20240611_02_T1,2024-06-03,623,41.225201000000006,40.423170745142876,40.61154307938146,37.471349004376066,0.33038225740071775,0.32899908596579625,0.3717416121528565,0.4649242609927157
AWS,LC08_L2SP_115035_20240603_20240611_02_T1,2024-06-03,551,37.01306102000003,37.557502777142886,39.27110850555833,37.48251423260963,0.6128504998185186,0.472921406836338,0.32806336828066623,0.33742998485569164
AWS,LC08_L2SP_115035_20240603_20240611_02_T1,2024-06-03,733,37.80604166000003,36.740791312571446,32.71880158748093,30.39708031510155,0.512392774238339,0.5534293434220726,0.6688447107878372,0.74767309628349
AWS,LC08_L2SP_115035_20240603_20240611_02_T1,2024-06-03,827,,,,36.34140298434943,,,,0.2948100033680489
AWS,LC08_L2SP_115035_20240603_20240611_02_T1,2024-06-03,812,34.77653660000001,33.63761090545456,30.457471525379326,28.4900430545648,0.3230150465817255,0.3107321867122306,0.47629367360911823,0.6392316294150365
AWS,LC08_L2SP_115035_20240603_20240611_02_T1,2024-06-03,615,,,36.20195598553193,36.36784313547886,,,0.4383651296241935,0.38045845893095515
AWS,LC08_L2SP_115035_20240603_20240611_02_T1,2024-06-03,834,,,31.11323643732525,30.837944641868145,,,0.474904212465572,0.49662314833785315
AWS,LC08_L2SP_115035_20240603_20240611_02_T1,2024-06-03,809,33.425279360000026,33.265250918857156,30.358321971097578,,0.5587126866954291,0.5738948489852629,0.6947795909522058,
AWS,LC08_L2SP_115035_20240603_20240611_02_T1,2024-06-03,495,,,,35.37143700103869,,,,0.3178285866994664
AWS,LC08_L2SP_115035_20240603_20240611_02_T1,2024-06-03,757,37.046101880000016,36.15308718800001,34.6671664985366,34.68185551491527,0.5995109996666818,0.63861315300508,0.6415155762695084,0.6128913962404431
AWS,LC08_L2SP_115035_20240603_20240611_02_T1,2024-06-03,676,37.350305660000004,36.65993072514287,34.84171214725583,35.4714692752055,0.602550028902246,0.4682781017709261,0.5701293289976478,0.5581551909922413
AWS,LC08_L2SP_115035_20240603_20240611_02_T1,2024-06-03,632,36.99824960000001,36.34820730114288,34.04442255670105,33.007202266494865,0.3387352418457869,0.3223173236498316,0.5259025145983379,0.5622620879879529
AWS,LC08_L2SP_115035_20240603_20240611_02_T1,2024-06-03,602,37.17256862000003,36.83014812114287,35.55364190668991,36.24070588654548,0.23629793822628345,0.22147311939371675,0.35020279737145305,0.35305454283119264
AWS,LC08_L2SP_115035_20240603_20240611_02_T1,2024-06-03,701,39.02627480000001,38.97402792285717,36.126458737113424,33.59811602017817,0.3302126231978333,0.3482708909074769,0.49552046101913494,0.5750879463948638
AWS,LC08_L2SP_115035_20240603_20240611_02_T1,2024-06-03,633,33.53921336000002,33.34640447942858,31.86284486371136,30.346575855046048,0.49077243267242193,0.5123413672895454,0.606362500789591,0.7026552864792212
AWS,LC08_L2SP_115035_20240603_20240611_02_T1,2024-06-03,629,42.167435179999984,41.35582633100002,35.2701484256853,33.38162459120231,0.2480074871687649,0.35024625771441303,0.5275563343759481,0.5921358419554342
AWS,LC08_L2SP_115035_20240603_20240611_02_T1,2024-06-03,626,32.282521339999995,31.819037828000013,29.025901606799554,26.97992356117444,0.3568200137718365,0.5141728894382727,0.6213067463498217,0.7358575304970543
AWS,LC08_L2SP_115035_20240603_20240611_02_T1,2024-06-03,945,34.15673564000004,34.202862633714304,31.6286867341079,29.365729828742182,0.4785531975819702,0.6311909164892562,0.6119331485661006,0.6629501545321365
AWS,LC08_L2SP_115035_20240603_20240611_02_T1,2024-06-03,703,37.71717314,37.390410428000024,36.74528051562502,34.27816267408869,0.4744252331217141,0.4417512674916479,0.4049757595393069,0.5672142352701651
AWS,LC08_L2SP_115035_20240603_20240611_02_T1,2024-06-03,761,39.64949378000002,40.289672649714305,38.972359556854215,36.843086656940386,0.2248690701199619,0.3625793471534484,0.3547068690824856,0.39811194863290317
AWS,LC08_L2SP_115035_20240603_20240611_02_T1,2024-06-03,914,33.250960340000006,33.1699369897143,30.98831723567012,27.878414999163653,0.7084906253753886,0.6491746870712517,0.7101429474167541,0.7770050089006806
AWS,LC08_L2SP_115035_20240603_20240611_02_T1,2024-06-03,737,38.18999924000002,37.99141898000001,39.1534143074769,39.85932247613093,0.5801254489859157,0.6075746563193319,0.4770845233957404,0.394505563679746
AWS,LC08_L2SP_115035_20240603_20240611_02_T1,2024-06-03,736,41.032652540000036,41.47816703257144,41.35784601670105,41.10381689165045,0.4562783959522403,0.30662874878341934,0.22542388640553374,0.21899636385803037
AWS,LC08_L2SP_115035_20240603_20240611_02_T1,2024-06-03,759,30.29551238000003,29.187650716571447,26.555301905979398,26.342526398924875,0.5401451289722111,0.6390782930088612,0.8526649189256866,0.870612293976938
AWS,LC08_L2SP_115035_20240603_20240611_02_T1,2024-06-03,912,36.60289862000002,36.56031985657145,36.67412498865981,35.890533592672256,0.37074732418801304,0.2930944110300507,0.4578320816388051,0.5145963502631243
AWS,LC08_L2SP_115035_20240603_20240611_02_T1,2024-06-03,706,36.65758694000001,36.293616638857166,36.742274383751464,37.35376678486674,0.4356399707042171,0.254418090341348,0.29071803958404485,0.34940251368920217
AWS,LC08_L2SP_115035_20240603_20240611_02_T1,2024-06-03,951,,,32.32318894196002,30.861478238094897,,,0.6997307080550741,0.7596318197508238
AWS,LC08_L2SP_115035_20240603_20240611_02_T1,2024-06-03,791,,,,22.82274442176993,,,,0.8899641736734994
AWS,LC08_L2SP_115035_20240603_20240611_02_T1,2024-06-03,977,38.632063159999994,38.07782307885716,36.06073252523756,35.30571464058894,0.28262551119278023,0.26962495018208193,0.33825735466483114,0.37010536018720347
AWS,LC08_L2SP_115035_20240603_20240611_02_T1,2024-06-03,764,37.20560948000002,35.38559521142858,32.63027061649486,32.055927878179745,0.3390998710375875,0.3136762923698916,0.6230429259987307,0.6780257330263822
AWS,LC08_L2SP_115035_20240603_20240611_02_T1,2024-06-03,864,44.48485274000001,44.97782888171431,44.173131665154656,41.68285623176641,0.3152170723525937,0.2959503559083897,0.2882616095151761,0.36824110642656704
AWS,LC08_L2SP_115035_20240603_20240611_02_T1,2024-06-03,738,40.72503074000002,40.77034391942859,38.143922758896565,36.965758296177434,0.36054934138261724,0.4041446592559054,0.48596647622866546,0.4195749797770052
AWS,LC08_L2SP_115035_20240603_20240611_02_T1,2024-06-03,709,35.804221280000014,35.6329622017143,36.52511906626149,36.09922022077596,0.41068913075180397,0.2892616000105293,0.339032167376444,0.42345197911492327
AWS,LC08_L2SP_115035_20240603_20240611_02_T1,2024-06-03,643,34.002924740000026,33.26066100628574,29.433991238144348,27.37705027681571,0.5904928741221439,0.5820847742078347,0.699869453185142,0.7779001053008786
AWS,LC08_L2SP_115035_20240603_20240611_02_T1,2024-06-03,641,33.131329640000025,32.7666106297143,33.43296501092786,32.90054012137617,0.3954600810419326,0.4443731253537157,0.422625100348134,0.48320474070568414
AWS,LC08_L2SP_115035_20240603_20240611_02_T1,2024-06-03,735,,,26.55605504799033,24.56416761516607,,,0.8181168160573198,0.8769185600287833
AWS,LC08_L2SP_115035_20240603_20240611_02_T1,2024-06-03,906,34.11799808000001,33.92922571828572,32.536179142680425,30.330738394794803,0.716838624012178,0.652108936894875,0.7063290141446192,0.7647135701184968
AWS,LC08_L2SP_115035_20240603_20240611_02_T1,2024-06-03,768,43.36716020000002,42.40894270742859,37.06265950494847,35.746369469928325,0.4716162719037868,0.45906956103056346,0.5593049899793002,0.5819883955794285
AWS,LC08_L2SP_115035_20240603_20240611_02_T1,2024-06-03,758,40.54045766000004,39.701675552000026,35.332240875670124,32.454688527609775,0.28756055167158046,0.291887844220662,0.45324610134499566,0.6391429966594944
AWS,LC08_L2SP_115035_20240603_20240611_02_T1,2024-06-03,760,42.54683540000002,41.39496266000003,36.56034759896909,33.62782191607789,0.3818028583577498,0.41691509690558476,0.5704824673811447,0.6578124944619546
AWS,LC08_L2SP_115035_20240603_20240611_02_T1,2024-06-03,936,,,33.47943288775512,29.71602493782315,,,0.5047694720484818,0.6520696877796875
AWS,LC08_L2SP_115035_20240603_20240611_02_T1,2024-06-03,839,,,,34.19976407030511,,,,0.4803353949951722
AWS,LC08_L2SP_115035_20240603_20240611_02_T1,2024-06-03,635,34.100907980000024,34.20794083485716,33.438798218413815,32.91558620420902,0.6403733242804331,0.3637530919694616,0.4491463513693858,0.4967800420762204
AWS,LC08_L2SP_115035_20240603_20240611_02_T1,2024-06-03,379,35.97398294000002,35.46713940285716,32.32864307608249,31.126384935074903,0.7117530940760913,0.7268275027357229,0.6933924432555645,0.716592556999882
AWS,LC08_L2SP_115035_20240603_20240611_02_T1,2024-06-03,702,36.55162832000002,35.50815564285717,35.43731823678615,35.91981210131471,0.1867270323752558,0.22065925843603418,0.20115170304838276,0.288764577422898
AWS,LC08_L2SP_115035_20240603_20240611_02_T1,2024-06-03,493,36.34768646000001,36.33551179828573,34.45017782392654,33.76211669655688,0.2549563671117625,0.3594081166340297,0.3277533945865962,0.46808846240190366
AWS,LC08_L2SP_115035_20240603_20240611_02_T1,2024-06-03,642,29.927505560000025,31.69130153771431,30.144622262268058,28.89614424305632,0.8115649516337647,0.7692532109550074,0.7111933465081277,0.7588068297605749
AWS,LC08_L2SP_115035_20240603_20240611_02_T1,2024-06-03,317,37.55994422000001,38.13876149257145,37.36932598206187,35.175463359804674,0.7171282904987123,0.519940644356116,0.5321266481110499,0.611139676996221
AWS,LC08_L2SP_115035_20240603_20240611_02_T1,2024-06-03,690,39.932050100000005,39.21768392000002,35.10388738371136,33.53919998669913,0.3939486995185358,0.45697338485254557,0.5390066619527597,0.5559172633571737
AWS,LC08_L2SP_115035_20240603_20240611_02_T1,2024-06-03,644,,,,37.791840390080026,,,,0.44528019946341907
AWS,LC08_L2SP_115035_20240603_20240611_02_T1,2024-06-03,636,35.947778120000045,36.04156207828574,34.83770858680414,33.340770862267405,0.5770934222582843,0.5194100041859644,0.6003311154625974,0.6612146124656985
AWS,LC08_L2SP_115035_20240603_20240611_02_T1,2024-06-03,795,39.86027168000002,39.44112477028574,38.49151752629164,35.98404825687663,0.38391621862693254,0.42843351225133164,0.3942967662958324,0.4821740150439713
AWS,LC08_L2SP_115035_20240603_20240611_02_T1,2024-06-03,614,36.89229098000004,36.93993610727275,35.163415447760016,34.69408105977294,0.3239154390993169,0.2883546680336817,0.35698258764822216,0.351967976074507
AWS,LC08_L2SP_115035_20240603_20240611_02_T1,2024-06-03,327,36.920774480000034,37.08825746000002,39.421956840154586,38.67767224117649,0.5840696389508019,0.5277414058606659,0.3731881221253035,0.37074361317467724
AWS,LC08_L2SP_115035_20240603_20240611_02_T1,2024-06-03,624,,,31.450383228608263,32.73505644373283,,,0.594184880681459,0.5466612988805793
AWS,LC08_L2SP_115035_20240603_20240611_02_T1,2024-06-03,605,32.100226940000006,31.44871977542859,30.072076451752597,30.262246457131425,0.49272442361648466,0.6645345664695663,0.7295955298354337,0.7153356451514644
AWS,LC08_L2SP_115035_20240603_20240611_02_T1,2024-06-03,617,35.474952020000025,35.59233659257144,36.36239857972479,36.128971081760845,0.32849770945149337,0.3647669303797898,0.4352023541447846,0.4186785823461188
AWS,LC08_L2SP_115035_20240603_20240611_02_T1,2024-06-03,604,38.183163200000024,37.68807114114288,35.36699040892204,33.377319446497715,0.36920567059834086,0.4278064479234124,0.5271699424193428,0.5961647488406658
AWS,LC08_L2SP_115035_20240603_20240611_02_T1,2024-06-03,619,,,33.43204470109787,32.9158483958416,,,0.33255065318761656,0.49433422552112294
AWS,LC08_L2SP_115035_20240603_20240611_02_T1,2024-06-03,315,27.025606580000005,25.459079185142873,22.204757565154658,22.045337141007746,0.4247361665156892,0.6711804355630703,0.8792476961137206,0.8889723060346731
AWS,LC08_L2SP_115035_20240603_20240611_02_T1,2024-06-03,948,29.897882720000023,30.51520968457145,31.112015888453627,29.120274936114306,0.79639146579562,0.6746501743415549,0.6926748654197026,0.7518890465153864
AWS,LC08_L2SP_115035_20240603_20240611_02_T1,2024-06-03,611,36.61543136000004,36.99997488628574,36.04021343979383,35.55953183676422,0.6433667261216737,0.5549042486112619,0.47407770584989395,0.43490682877134323
AWS,LC08_L2SP_115035_20240603_20240611_02_T1,2024-06-03,600,38.93626694000002,38.970219272000016,36.549844042720224,33.855708334900896,0.5317090737563414,0.464713558159378,0.4795381052527646,0.5997143892104683
AWS,LC08_L2SP_115035_20240603_20240611_02_T1,2024-06-03,496,34.761725180000006,34.681190118285734,32.60940229278352,32.37040936872032,0.4881336996926337,0.47678037349907304,0.5372301093965941,0.5713138466569558
AWS,LC08_L2SP_115035_20240603_20240611_02_T1,2024-06-03,888,29.902440080000037,28.75785911600002,26.984364579101733,25.607507887842267,0.3651200272520998,0.6298614891152301,0.7233298585487857,0.7863386588285849
AWS,LC08_L2SP_115035_20240603_20240611_02_T1,2024-06-03,815,,,,30.467345763254514,,,,0.6039847613097616
AWS,LC08_L2SP_115035_20240603_20240611_02_T1,2024-06-03,378,33.870761300000005,34.99878647517243,36.71695770267305,35.58284510652364,0.38589694320835094,0.4395439427706565,0.38678665891397007,0.4632905610021354
AWS,LC08_L2SP_115035_20240603_20240611_02_T1,2024-06-03,494,30.65440448000002,29.4907802617143,29.99452694185569,31.137707809690742,0.6868168884328009,0.7075061266840589,0.740646041806773,0.6897843084014451
AWS,LC08_L2SP_115035_20240603_20240611_02_T1,2024-06-03,807,,,,34.027402587432455,,,,0.5323662845250225
AWS,LC08_L2SP_115035_20240603_20240611_02_T1,2024-06-03,822,36.54137426000002,36.233166513714295,34.81376367136365,33.756363230870136,0.5589539906137242,0.5652871650343515,0.5228204021936492,0.5377772630299742
AWS,LC08_L2SP_115035_20240603_20240611_02_T1,2024-06-03,996,,,,28.58960025487605,,,,0.6744757186837803
AWS,LC08_L2SP_115035_20240603_20240611_02_T1,2024-06-03,647,33.460598900000015,33.59494336228573,32.686278378350536,31.968260674502467,0.4905538206523569,0.5828103166944736,0.5298263716088222,0.5733450963108254
AWS,LC08_L2SP_115035_20240603_20240611_02_T1,2024-06-03,762,35.13656804000001,35.48911238857144,32.552752428659815,30.963269344626415,0.43692520300306814,0.38472469890803657,0.6178031222410532,0.6922172900359647
ASOS,LC08_L2SP_115035_20240806_20240814_02_T1,2024-08-06,226,45.17757146,45.49355927085717,46.13277213888327,44.33812496578316,0.651267157739205,0.6388539440988747,0.6140550468088758,0.6625464761745907
ASOS,LC08_L2SP_115035_20240806_20240814_02_T1,2024-08-06,238,48.09769987999999,48.674148953000014,49.425083328054065,,0.5376532968881369,0.45449660202128916,0.4244070301521206,
ASOS,LC08_L2SP_115035_20240806_20240814_02_T1,2024-08-06,136,49.731513440000015,50.60823557000001,48.78235504297354,47.82168979281797,0.5311865599198349,0.32006385939051835,0.4736054062186099,0.512346166349056
ASOS,LC08_L2SP_115035_20240806_20240814_02_T1,2024-08-06,284,46.146010460000014,46.0394658937143,45.4374114546392,45.40543334273826,0.7378520266337651,0.6570275154982582,0.6447846023519175,0.6407144090383554
ASOS,LC08_L2SP_115035_20240806_20240814_02_T1,2024-08-06,239,,,34.62944821145909,,,,0.798856019907457,
AWS,LC08_L2SP_115035_20240806_20240814_02_T1,2024-08-06,648,46.32032948000002,45.77461817257145,41.13196326788993,39.65578329466714,0.39789370842692745,0.5022663844386223,0.7227195941304435,0.7741204458291961
AWS,LC08_L2SP_115035_20240806_20240814_02_T1,2024-08-06,820,41.05543934,39.9184756777143,37.17783079069345,35.92358355351553,0.5833722838724321,0.6307372448856449,0.757831355931109,0.7984696560390037
AWS,LC08_L2SP_115035_20240806_20240814_02_T1,2024-08-06,827,48.290248340000026,47.59815107818183,45.13532823846156,46.02357572120874,0.49975580830166916,0.4258106864133245,0.505082252117801,0.41722626816055985
AWS,LC08_L2SP_115035_20240806_20240814_02_T1,2024-08-06,615,,,42.92544560594342,42.890527453211334,,,0.6168805271393953,0.6462584138357456
AWS,LC08_L2SP_115035_20240806_20240814_02_T1,2024-08-06,825,,,,41.18775646640544,,,,0.7302712222795587
AWS,LC08_L2SP_115035_20240806_20240814_02_T1,2024-08-06,833,,,38.16775773909093,38.335323103138585,,,0.8332062709663629,0.8282802423679761
AWS,LC08_L2SP_115035_20240806_20240814_02_T1,2024-08-06,701,50.83553390000005,51.13280398228573,47.35389096185568,44.22457162915403,0.5631143800098791,0.5056002943479287,0.581038809681752,0.652220045947476
AWS,LC08_L2SP_115035_20240806_20240814_02_T1,2024-08-06,845,47.99401994000001,47.389876766857164,43.82591956489598,43.75139626077597,0.6355555265081417,0.6045599294300991,0.5346679879487188,0.5480431760605478
AWS,LC08_L2SP_115035_20240806_20240814_02_T1,2024-08-06,761,42.32808212000001,41.802195328571436,38.49436838139334,37.18970741378425,0.41860345437196567,0.5673622211129405,0.7284754786863076,0.763075595556096
AWS,LC08_L2SP_115035_20240806_20240814_02_T1,2024-08-06,736,37.20105212000002,36.602999150000024,35.64714826968423,,0.6953632543269329,0.7003181749220508,0.7282441742899304,
AWS,LC08_L2SP_115035_20240806_20240814_02_T1,2024-08-06,912,37.311568100000024,37.824947583125024,38.73631491161656,38.73463397951469,0.8283406345950377,0.7774789152190515,0.7184789875390297,0.6886662365545037
AWS,LC08_L2SP_115035_20240806_20240814_02_T1,2024-08-06,824,42.84762116000002,42.75826435142859,40.91321760288662,39.79405426108913,0.6634479352915826,0.6537347921703103,0.7273922449030285,0.762355866497353
AWS,LC08_L2SP_115035_20240806_20240814_02_T1,2024-08-06,738,,,41.362824226200395,40.27873732762592,,,0.653139513650693,0.6171011260611838
AWS,LC08_L2SP_115035_20240806_20240814_02_T1,2024-08-06,709,36.95153666000002,36.81647604114287,37.802067673402085,37.980160461255245,0.6430033194092144,0.73638513308688,0.6923072575932658,0.7105445966488241
AWS,LC08_L2SP_115035_20240806_20240814_02_T1,2024-08-06,846,46.77720482000003,45.6669017137143,48.331863833395495,48.132641334282795,0.8265555061926187,0.6949932999841403,0.4914169232890976,0.4575833737723028
AWS,LC08_L2SP_115035_20240806_20240814_02_T1,2024-08-06,643,44.84830220000001,44.534853489714294,41.831400631306224,39.40343022712221,0.63757009710989,0.6576760602119783,0.6999557886672508,0.7679925378778206
AWS,LC08_L2SP_115035_20240806_20240814_02_T1,2024-08-06,641,42.36909836000001,42.45318165200002,43.15590463855671,42.144608776397604,0.6384245154590639,0.7046890535433037,0.7008986787797516,0.7368438863157868
AWS,LC08_L2SP_115035_20240806_20240814_02_T1,2024-08-06,735,36.236031140000044,35.44838912171431,35.41049862712448,34.4990016499117,0.6571466120972687,0.7817067647663615,0.810709914437214,0.8383860970100188
AWS,LC08_L2SP_115035_20240806_20240814_02_T1,2024-08-06,935,38.96133242000002,38.2183525297143,36.274728723157914,,0.44321708158514844,0.6518206402733402,0.7191553488438587,
AWS,LC08_L2SP_115035_20240806_20240814_02_T1,2024-08-06,818,42.54569606000003,41.673091830285735,38.7837637360825,38.479696902673936,0.6945001968727684,0.696660235771361,0.8337881043854817,0.8370517198878045
AWS,LC08_L2SP_115035_20240806_20240814_02_T1,2024-08-06,992,43.604142919999994,43.962286310857166,43.6550060331959,41.098868107965636,0.7354443842262023,0.7025140477621437,0.6353638640784653,0.6957647810506111
AWS,LC08_L2SP_115035_20240806_20240814_02_T1,2024-08-06,642,38.80980020000002,40.08127108742859,38.98385529032112,38.24922419719172,0.825836434382504,0.7975251412221899,0.7436601631199189,0.775489169503996
AWS,LC08_L2SP_115035_20240806_20240814_02_T1,2024-08-06,640,42.821416340000006,42.802112665142886,42.18671782432991,41.51793407579733,0.570187841497602,0.7164920545178988,0.7467254752014351,0.7590851385226125
AWS,LC08_L2SP_115035_20240806_20240814_02_T1,2024-08-06,644,,,,42.71436824288001,,,,0.6502055937575008
AWS,LC08_L2SP_115035_20240806_20240814_02_T1,2024-08-06,795,,,,37.60342963764802,,,,0.7579690116524143
AWS,LC08_L2SP_115035_20240806_20240814_02_T1,2024-08-06,327,45.846364040000026,45.75284050228573,49.92071826989693,48.64305639111373,0.5818024104497977,0.5630572350513642,0.38811298555943535,0.4114913656792736
AWS,LC08_L2SP_115035_20240806_20240814_02_T1,2024-08-06,311,37.00280696000001,36.23420819600002,36.12142167414288,34.404610639502096,0.6075908275536085,0.7959677898833303,0.8068428359910182,0.8577369515939286
AWS,LC08_L2SP_115035_20240806_20240814_02_T1,2024-08-06,625,43.16435768000002,41.544281305142874,38.254217297319606,37.3548003938105,0.6099294914141254,0.6559913387316281,0.7712704417569032,0.8148434170695434
AWS,LC08_L2SP_115035_20240806_20240814_02_T1,2024-08-06,888,40.76035028000003,40.20334323028574,38.35038267955324,37.455841362789656,0.3962806366677287,0.6639023997517265,0.7532043424325281,0.7946475499582788
AWS,LC08_L2SP_115035_20240806_20240814_02_T1,2024-08-06,996,41.69062139000005,41.13239657818184,42.73435069607957,40.56779582697839,0.7630322916287798,0.7759356693886619,0.6815582142018184,0.7639481154046684
AWS,LC08_L2SP_115035_20240806_20240814_02_T1,2024-08-06,647,40.95062006000003,41.32962964914287,41.01035930024293,40.18271052637039,0.6030160723879048,0.6964905799294194,0.6694180672596098,0.6939428497754263
ASOS,LC08_L2SP_115036_20200608_20200824_02_T1,2020-06-08,156,39.06273368000001,39.58165422114288,43.650536953827775,44.19667982447196,0.6326078504573709,0.5686301631907913,0.3120099604202033,0.2995000569497607
ASOS,LC08_L2SP_115036_20200608_20200824_02_T1,2020-06-08,162,35.69370530000003,36.20081517636365,36.65092598788421,36.27189809726564,0.4687304245323995,0.45476086545861266,0.4367017097337067,0.4764680811191435
ASOS,LC08_L2SP_115036_20200608_20200824_02_T1,2020-06-08,261,36.51858746000005,36.517741093142874,34.32156799051548,34.08876204889533,0.4832358766489344,0.4295442702764494,0.29384277756739974,0.339539124512543
ASOS,LC08_L2SP_115036_20200608_20200824_02_T1,2020-06-08,260,37.016479040000014,37.017943905714304,36.974186425979404,36.09431133489266,0.49959811667904913,0.382979164812733,0.40774190678277455,0.45888663077933084
ASOS,LC08_L2SP_115036_20200608_20200824_02_T1,2020-06-08,295,40.772883020000016,40.18283511028573,37.62717587851165,34.63991687048389,0.40689531233878995,0.38508296584216933,0.4018105630608815,0.49044220920586584
ASOS,LC08_L2SP_115036_20200608_20200824_02_T1,2020-06-08,289,40.1827049,39.92843676457145,38.31045214412373,37.243441180896355,0.5213715489883105,0.44435994057587863,0.527735650674657,0.5193241165685152
ASOS,LC08_L2SP_115036_20200608_20200824_02_T1,2020-06-08,192,,,,36.987498800725476,,,,0.4978398645057124
ASOS,LC08_L2SP_115036_20200608_20200824_02_T1,2020-06-08,254,43.64288048000001,43.821854517714314,38.047738350309295,37.22312687327228,0.2668865854226721,0.3694855482176827,0.5312304100189882,0.5405869792384419
ASOS,LC08_L2SP_115036_20200608_20200824_02_T1,2020-06-08,259,38.82005426000003,37.44578235200002,36.39926205276245,37.863572439763686,0.3489177570194337,0.27179614786684325,0.30436348794685514,0.3108816154217043
ASOS,LC08_L2SP_115036_20200608_20200824_02_T1,2020-06-08,258,38.71181696000002,38.0174706114286,34.24947335864002,33.22721830067074,0.3777033603554925,0.31372860229335975,0.19736074006032414,0.181796513104972
ASOS,LC08_L2SP_115036_20200608_20200824_02_T1,2020-06-08,263,38.851955780000026,39.03956710000002,,37.203822174123246,0.5141895557783881,0.38305447215266875,,0.47724524304362576
ASOS,LC08_L2SP_115036_20200608_20200824_02_T1,2020-06-08,155,39.762858110000025,39.65929210400001,35.82599764343068,33.50272916133335,0.5005438057985447,0.5720374793216181,0.5932804124375916,0.6496242559393356
ASOS,LC08_L2SP_115036_20200608_20200824_02_T1,2020-06-08,251,42.543417380000015,42.28013218228573,40.55544526659796,39.03177905493847,0.35722047326730216,0.3849403329337092,0.4000570871067459,0.45694986529444337
ASOS,LC08_L2SP_115036_20200608_20200824_02_T1,2020-06-08,172,42.90800618000003,42.284526779428596,38.442975787835074,38.87187580093904,0.3823905112228314,0.37692438194501643,0.3545817566246631,0.37589907567594905
ASOS,LC08_L2SP_115036_20200608_20200824_02_T1,2020-06-08,174,37.94731982000002,37.979091129714305,36.860072324123735,34.263412795054464,0.580417750991468,0.643909334264499,0.5993062201064259,0.6974076153552851
ASOS,LC08_L2SP_115036_20200608_20200824_02_T1,2020-06-08,245,42.54227804000001,42.238725311428595,40.18824498969074,38.954288930747225,0.431339476234796,0.4382803479435265,0.4850395963057932,0.44422351345122296
ASOS,LC08_L2SP_115036_20200608_20200824_02_T1,2020-06-08,247,41.888296880000006,41.96948299314288,41.833033017113415,39.38838725608934,0.39262123024525497,0.42136888395961014,0.3454694775366427,0.42432387902691315
ASOS,LC08_L2SP_115036_20200608_20200824_02_T1,2020-06-08,266,34.378906940000014,34.880802486285724,40.13081598927837,40.52435217887896,0.694894006529399,0.6851431176218018,0.38435808826482576,0.3707639500607427
ASOS,LC08_L2SP_115036_20200608_20200824_02_T1,2020-06-08,262,35.76776240000002,35.122114698285735,34.193362876082496,33.054802936511045,0.5510698060101377,0.5396391103906802,0.6046931971815552,0.6790139071665123
ASOS,LC08_L2SP_115036_20200608_20200824_02_T1,2020-06-08,165,39.9548369,40.38176387428574,40.44981273242255,40.85698441874948,0.48383351049164736,0.4930275105225649,0.44458569083032373,0.41107951559331124
AWS,LC08_L2SP_115036_20200608_20200824_02_T1,2020-06-08,722,43.310193200000015,42.03423005771431,41.267701122680435,40.70890743180076,0.499281595259754,0.4630124847805191,0.42780901667178534,0.4272917930042941
AWS,LC08_L2SP_115036_20200608_20200824_02_T1,2020-06-08,783,,,39.79036555121021,40.141494729787254,,,0.5080527414766339,0.4913127068784456
AWS,LC08_L2SP_115036_20200608_20200824_02_T1,2020-06-08,708,38.613833720000024,38.57598781739133,,40.4861157048908,0.5680600660166811,0.4543484083219762,,0.40752632895782226
AWS,LC08_L2SP_115036_20200608_20200824_02_T1,2020-06-08,755,37.45512494000002,36.729072386857155,34.15967991381446,32.645867727729765,0.6779652058758036,0.6106971710806047,0.6582209253846188,0.7370902651968247
AWS,LC08_L2SP_115036_20200608_20200824_02_T1,2020-06-08,730,40.856054840000034,39.91925693942859,38.77101381114288,39.15602646489428,0.48021839418027956,0.5114384029555507,0.4490864554706756,0.45495821717533114
AWS,LC08_L2SP_115036_20200608_20200824_02_T1,2020-06-08,936,34.59310286000002,35.1038527057143,36.15762418865981,34.213884647363315,0.3252313475129002,0.33832749494353337,0.4303998076465548,0.5980298692824162
AWS,LC08_L2SP_115036_20200608_20200824_02_T1,2020-06-08,732,41.94298520000001,41.23343680057143,37.254601100000016,36.46826014080162,0.25590818822287076,0.30877650130388806,0.46012472578609287,0.4972202294529283
AWS,LC08_L2SP_115036_20200608_20200824_02_T1,2020-06-08,706,38.34267080000003,38.578514180000006,39.173492405979395,39.265319943939325,0.4003239594541171,0.3058985536411537,0.3054496525185299,0.3636915092408864
AWS,LC08_L2SP_115036_20200608_20200824_02_T1,2020-06-08,748,,,,35.4503403102085,,,,0.3611169452596959
AWS,LC08_L2SP_115036_20200608_20200824_02_T1,2020-06-08,699,43.655413220000035,42.91969255314289,40.33635527443302,39.87472169469799,0.37725312401864436,0.28305056030750403,0.38331154159479497,0.41703494769677
AWS,LC08_L2SP_115036_20200608_20200824_02_T1,2020-06-08,710,40.16219678000001,40.057442605142874,38.810848339930416,37.98065365314287,0.4653858930991676,0.5166670537308807,0.45309388625565583,0.46598936290629356
AWS,LC08_L2SP_115036_20200608_20200824_02_T1,2020-06-08,316,30.75124838000001,30.700173395428582,28.339931193814447,28.446779763217883,0.7095032546313771,0.7378796724505726,0.8480148694857712,0.8606353069132775
AWS,LC08_L2SP_115036_20200608_20200824_02_T1,2020-06-08,774,38.54433398000001,38.085831011428596,37.7073195672622,36.758568425856915,0.5318438446738593,0.5411595946541701,0.5433158405766916,0.5714945207259355
AWS,LC08_L2SP_115036_20200608_20200824_02_T1,2020-06-08,766,36.78519302000001,36.830196950000015,37.49411076085605,37.87784852399447,0.4262333363377023,0.43601052986423067,0.31395781606840195,0.3097531825143655
AWS,LC08_L2SP_115036_20200608_20200824_02_T1,2020-06-08,773,38.30051522,37.60164406400002,32.85194850831799,31.736839281469837,0.4783926504879746,0.40926842684644543,0.6062695228832816,0.5878982479366994
AWS,LC08_L2SP_115036_20200608_20200824_02_T1,2020-06-08,790,,,27.043583309248135,,,,0.8465795118867178,
AWS,LC08_L2SP_115036_20200608_20200824_02_T1,2020-06-08,711,40.444753100000035,39.95734344800002,36.66585925476466,35.50677749696937,0.2964078319106999,0.3551455408807223,0.49416485337852817,0.510474752500878
AWS,LC08_L2SP_115036_20200608_20200824_02_T1,2020-06-08,741,42.79862954,43.06090560800002,43.21313396082476,42.00543415187054,0.5057255122754628,0.36792929909809946,0.3621070939355142,0.3783272142632875
AWS,LC08_L2SP_115036_20200608_20200824_02_T1,2020-06-08,688,39.48087146000004,39.126178641714304,37.8120789874227,37.18943026030585,0.48190305147280244,0.4055896764354704,0.43204086035930167,0.3654721515962318
AWS,LC08_L2SP_115036_20200608_20200824_02_T1,2020-06-08,784,38.15240101999999,38.310932042857154,36.7380728931959,37.898244953094576,0.534371189033642,0.482702069364643,0.34743553991824994,0.3621449977826316
AWS,LC08_L2SP_115036_20200608_20200824_02_T1,2020-06-08,918,35.99904842000001,35.69341232685716,36.05743665855672,35.41358427820751,0.3155604071180791,0.2816411926642576,0.2724414619088354,0.30491675840866667
AWS,LC08_L2SP_115036_20200608_20200824_02_T1,2020-06-08,709,38.736882440000024,38.37294469142861,38.4135643717526,37.75711833831065,0.5014175001707483,0.48830156931007007,0.45134562938272577,0.49044340688071336
AWS,LC08_L2SP_115036_20200608_20200824_02_T1,2020-06-08,902,34.63981580000001,34.663318756571435,34.379960144329914,32.27623621476097,0.49701151902199653,0.45957970816704374,0.6402613770091229,0.7324550569012519
AWS,LC08_L2SP_115036_20200608_20200824_02_T1,2020-06-08,712,43.45033202000004,43.49733793314288,43.69965171711342,42.33491131026054,0.3956237660272723,0.3475070281324744,0.27409100152462557,0.3401124463909893
AWS,LC08_L2SP_115036_20200608_20200824_02_T1,2020-06-08,713,41.78917430000001,42.944595270285724,43.602937020618576,41.28542433040713,0.5529933348978471,0.43826213791746393,0.33852578773920733,0.3912187986707755
AWS,LC08_L2SP_115036_20200608_20200824_02_T1,2020-06-08,906,34.88249522000001,34.72474545885717,33.57924277007876,31.998697474845166,0.7205764218619898,0.625662014100759,0.6941170262714232,0.7550173690907787
AWS,LC08_L2SP_115036_20200608_20200824_02_T1,2020-06-08,907,,,32.3965581782898,31.8019404210689,,,0.6607110808138951,0.6637098249604523
AWS,LC08_L2SP_115036_20200608_20200824_02_T1,2020-06-08,717,,,30.859057445310363,31.89773857625002,,,0.5605886160997121,0.49454377019505735
AWS,LC08_L2SP_115036_20200608_20200824_02_T1,2020-06-08,913,35.57293526000003,35.577248475714306,35.095637556774214,31.34043705969468,0.48473469387078616,0.4513750008528556,0.5252009880463224,0.6711949211780276
AWS,LC08_L2SP_115036_20200608_20200824_02_T1,2020-06-08,930,,,,27.801674759032274,,,,0.8204668009199909
AWS,LC08_L2SP_115036_20200608_20200824_02_T1,2020-06-08,951,,,35.103239045752915,33.367368660282196,,,0.6867357042102848,0.7072403545861131
AWS,LC08_L2SP_115036_20200608_20200824_02_T1,2020-06-08,690,42.575318900000035,41.54096094285717,37.10064533546394,35.89926793883197,0.26524673767039414,0.3783796224809115,0.5489284007961694,0.5552243540337981
AWS,LC08_L2SP_115036_20200608_20200824_02_T1,2020-06-08,933,34.15331762000002,34.278547362285735,33.001077744280636,33.832680767602604,0.6071011561254941,0.5727600934782633,0.6466692368411207,0.6328060816947115
AWS,LC08_L2SP_115036_20200608_20200824_02_T1,2020-06-08,720,32.03756324000002,32.19902399428573,30.45107492787732,29.43883504353739,0.5501369208769021,0.6787360098519817,0.7622159245128285,0.7986154780587457
AWS,LC08_L2SP_115036_20200608_20200824_02_T1,2020-06-08,759,31.81994930000002,31.060237388000015,29.009969953898324,28.673399841800016,0.5477153227598391,0.6572570943781959,0.8388100029044938,0.8649499685761507
AWS,LC08_L2SP_115036_20200608_20200824_02_T1,2020-06-08,765,39.445551920000035,38.928226454857146,38.33463669113404,36.6831511462697,0.5281159656205302,0.6299027780591023,0.6207638864640079,0.6434230552835496
AWS,LC08_L2SP_115036_20200608_20200824_02_T1,2020-06-08,768,42.356565620000026,41.36029417142859,39.34509423711342,37.96984813896879,0.4533645959484974,0.4395659742829626,0.48447892834911793,0.5335375239161652
AWS,LC08_L2SP_115036_20200608_20200824_02_T1,2020-06-08,791,30.73415828000003,30.29967910914288,27.105376041030947,26.271490383269416,0.584874422314997,0.6766199482160308,0.8512031242780022,0.8758933826976548
AWS,LC08_L2SP_115036_20200608_20200824_02_T1,2020-06-08,785,35.24936270000003,35.04682060057145,33.6759602916514,33.89478058741826,0.35324205886865107,0.32933615859667,0.29054987030853513,0.3291833037198415
AWS,LC08_L2SP_115036_20200608_20200824_02_T1,2020-06-08,778,37.06547066000002,36.01538981085716,32.781591412577335,31.637208362221603,0.5338000932739204,0.581971319301617,0.675398930118143,0.7754667839056177
AWS,LC08_L2SP_115036_20200608_20200824_02_T1,2020-06-08,746,37.97922134000002,37.26658044628573,35.285673506931424,34.8682341563547,0.45060398283755765,0.3856303490513648,0.2935060156075599,0.38092843479452143
AWS,LC08_L2SP_115036_20200608_20200824_02_T1,2020-06-08,857,,,33.48079679007231,33.01850344117649,,,0.44749700505344797,0.5255524000982441
AWS,LC08_L2SP_115036_20200608_20200824_02_T1,2020-06-08,738,38.28114644000001,38.64335890228573,38.7178907934495,39.22121041726488,0.47108207080569325,0.4697452407313875,0.4534674708825206,0.43327004196437036
AWS,LC08_L2SP_115036_20200608_20200824_02_T1,2020-06-08,744,39.42846182000003,38.82324441200002,36.87273605059098,36.41874246878604,0.38159351952391357,0.42547926670852765,0.3664630160778393,0.379995367004389
AWS,LC08_L2SP_115036_20200608_20200824_02_T1,2020-06-08,745,35.77459844000001,35.39272422457145,33.97863145029818,34.20280256247425,0.47758501428576366,0.5426174849558587,0.6300384885904361,0.5494580030180859
AWS,LC08_L2SP_115036_20200608_20200824_02_T1,2020-06-08,917,38.537497940000016,37.201735724000024,37.05229889886959,35.3336778944901,0.30507833421136593,0.4161693517778309,0.4678846412475636,0.499786323680769
AWS,LC08_L2SP_115036_20200608_20200824_02_T1,2020-06-08,315,,,25.814391394137004,25.714695720011292,,,0.8777884346409172,0.8807264573848104
AWS,LC08_L2SP_115036_20200608_20200824_02_T1,2020-06-08,304,40.733006120000006,40.67141665485716,36.41698839791669,33.65628835334925,0.32603068276754454,0.3638353225907149,0.4849391256541382,0.5549961271129026
AWS,LC08_L2SP_115036_20200608_20200824_02_T1,2020-06-08,776,34.31966126000003,34.20481578800002,33.696555822474245,32.755899985651325,0.5007872431028418,0.6104229800907872,0.4497719491568506,0.5180311195065535
AWS,LC08_L2SP_115036_20200608_20200824_02_T1,2020-06-08,948,34.484865560000024,34.34671244685717,33.758181979175276,32.0497730637103,0.7747164179931879,0.6648088676221864,0.6732588314034351,0.7392645546681
AWS,LC08_L2SP_115036_20200608_20200824_02_T1,2020-06-08,777,36.466177820000006,36.63483269257145,34.529707006804145,33.60189618883065,0.4892158904401997,0.5576666924521377,0.5512098535985848,0.5987271787942181
AWS,LC08_L2SP_115036_20200608_20200824_02_T1,2020-06-08,775,39.66544453999999,39.97755859485716,40.4180314659794,40.0974554794543,0.5239510607230905,0.41665347562861665,0.41269874947218993,0.45104264135799
AWS,LC08_L2SP_115036_20200608_20200824_02_T1,2020-06-08,932,39.00576668,39.56026718171431,38.4158810342529,37.30417689986713,0.4657510506902262,0.35715224488009467,0.42113602111660564,0.4587034084129921
AWS,LC08_L2SP_115036_20200608_20200824_02_T1,2020-06-08,926,,,30.76586111400547,34.08884977280366,,,0.6877467231715351,0.5847931865142958
AWS,LC08_L2SP_115036_20200608_20200824_02_T1,2020-06-08,794,39.60961688000003,39.50928985485716,37.95241748556703,35.14875176946466,0.42330587632165156,0.4702282356291771,0.5606637183223245,0.6564078718690677
AWS,LC08_L2SP_115036_20200608_20200824_02_T1,2020-06-08,856,34.37662826,33.645920689142876,29.804472501030943,28.745986409838775,0.6942245007079365,0.6793860551660933,0.8208917979681267,0.851454384877375
AWS,LC08_L2SP_115036_20200608_20200824_02_T1,2020-06-08,731,35.61395150000002,36.32242566457145,36.13452416804126,36.220182881176484,0.4195022027728364,0.4324810850880564,0.40922995754881003,0.39329608677707195
AWS,LC08_L2SP_115036_20200608_20200824_02_T1,2020-06-08,929,34.75147112000004,34.900822317714315,35.3783391202062,32.64682701939813,0.3266020393129451,0.31214728817029563,0.48816142758842745,0.6793493896625835
AWS,LC08_L2SP_115036_20200608_20200824_02_T1,2020-06-08,795,41.72992862000001,41.27367177885716,39.81090637738534,37.578850204406216,0.3699550841347093,0.40274576808775103,0.3976955627908479,0.48285995450210206
AWS,LC08_L2SP_115036_20200608_20200824_02_T1,2020-06-08,689,42.04096844000003,41.908056290857154,38.96494228762888,37.37143277349199,0.4617838081121408,0.507983841723445,0.5369221909365594,0.5973484855600304
AWS,LC08_L2SP_115036_20200608_20200824_02_T1,2020-06-08,973,39.52872374000003,39.901092604571446,37.7719988086797,36.87701187904327,0.25343125821055595,0.2534356298145762,0.3923878171878614,0.5042430183000678
AWS,LC08_L2SP_115036_20200608_20200824_02_T1,2020-06-08,687,41.03607056000002,41.12825944228573,37.83571704237866,36.69879234330882,0.4478128436917361,0.4783530754328607,0.4801252916895761,0.5253391635787933
AWS,LC08_L2SP_115036_20200608_20200824_02_T1,2020-06-08,964,36.05373674,36.31724980571429,34.04936579204548,32.5728013612128,0.5845951551095933,0.4535179059905044,0.5291226176436852,0.5434971248937309
AWS,LC08_L2SP_115036_20200608_20200824_02_T1,2020-06-08,747,,,32.854362082526336,29.28172352635661,,,0.5749415445189734,0.7361593258952327
AWS,LC08_L2SP_115036_20200608_20200824_02_T1,2020-06-08,899,41.58865046000005,41.413712941142876,40.78923313628868,41.074012970705226,0.2510014241078226,0.27005841407765474,0.333363661360501,0.31295204010284394
AWS,LC08_L2SP_115036_20200608_20200824_02_T1,2020-06-08,787,37.726287860000035,37.06394068914289,35.93582483814435,34.17026048723784,0.17368000444269938,0.2601230145952941,0.38996852972630686,0.5151600556163213
AWS,LC08_L2SP_115036_20200608_20200824_02_T1,2020-06-08,770,43.19853788,42.302984087428584,35.389889130515485,33.656214964433005,0.47098005361175305,0.44478929004052226,0.6882117011584141,0.7262144195740978
AWS,LC08_L2SP_115036_20200608_20200824_02_T1,2020-06-08,760,40.772883020000016,39.802165340000016,37.79125163605635,35.33553703060663,0.4671969469039257,0.5524995902168479,0.6094926203443691,0.6694811462187216
AWS,LC08_L2SP_115036_20200608_20200824_02_T1,2020-06-08,762,38.391662420000024,37.86961683200003,33.119818782268055,31.515923939404544,0.6470351062090526,0.7507483716792105,0.7916879362986645,0.8340316091728343
AWS,LC08_L2SP_115036_20200608_20200824_02_T1,2020-06-08,754,41.11696370000001,40.76887905371431,40.9580903717526,40.35716499047294,0.3374467178650371,0.37313604171224013,0.382109439662092,0.37193914368557845
AWS,LC08_L2SP_115036_20200608_20200824_02_T1,2020-06-08,882,42.52518793999999,42.29575741657145,40.34384124721652,37.530779986367044,0.48123101354464004,0.46288739542929286,0.543572429191764,0.6140149189076596
AWS,LC08_L2SP_115036_20200608_20200824_02_T1,2020-06-08,920,38.84853776,39.288192789714294,38.35092807855671,37.3697308688062,0.2434948009243515,0.2472798632257023,0.28691035109794494,0.347329998655606
AWS,LC08_L2SP_115036_20200608_20200824_02_T1,2020-06-08,788,37.27852724000002,38.40380452914288,39.59396473017163,38.88441810846668,0.7661610524626706,0.6338376527629961,0.56183437039983,0.5447899687017385
AWS,LC08_L2SP_115036_20200608_20200824_02_T1,2020-06-08,749,38.04872108000001,37.525615410434796,35.368600900095714,36.26029223959499,0.45319439586619237,0.5449927388820787,0.6250914956570502,0.5756684413780622
AWS,LC08_L2SP_115036_20200608_20200824_02_T1,2020-06-08,175,27.155491340000026,26.83888503028574,27.07491925113404,27.55495961936259,0.7587480855114624,0.810610143230256,0.8512258938101527,0.8543101881417355
ASOS,LC08_L2SP_115036_20210729_20210804_02_T1,2021-07-29,261,,,,31.690100380165582,,,,0.7036729615857544
ASOS,LC08_L2SP_115036_20210729_20210804_02_T1,2021-07-29,260,37.53032138000001,37.078687004000024,38.05029109835053,36.62797956317645,0.6096569433458042,0.6962285984195884,0.636649107847057,0.6840095473759893
ASOS,LC08_L2SP_115036_20210729_20210804_02_T1,2021-07-29,263,35.39633756000003,36.55821117333335,,35.02399885974108,0.7982986025938184,0.6797406956379048,,0.669480524176079
ASOS,LC08_L2SP_115036_20210729_20210804_02_T1,2021-07-29,155,41.36647916000002,40.91985788000001,37.338776034565235,37.96661022823966,0.5251494292997617,0.6361402298879048,0.6389803528203212,0.538323872696055
ASOS,LC08_L2SP_115036_20210729_20210804_02_T1,2021-07-29,262,31.832482040000002,31.341784578285733,30.592520045566058,30.064454908965274,0.6293286052221566,0.645503509208759,0.668834751547797,0.694866387042866
AWS,LC08_L2SP_115036_20210729_20210804_02_T1,2021-07-29,711,,,39.39156281139728,37.74825763728291,,,0.6839436651865074,0.6991983925910149
AWS,LC08_L2SP_115036_20210729_20210804_02_T1,2021-07-29,720,25.276719680000003,25.6265377507143,24.839994552146614,24.453678490506892,0.6619620715625664,0.7142116527329383,0.7816906434685653,0.8218178708793205
AWS,LC08_L2SP_115036_20210729_20210804_02_T1,2021-07-29,687,45.67090568000003,45.55879462400002,40.60811478394246,38.94603655017522,0.508657197331588,0.5563371657822029,0.6376423979237977,0.6645679153066385
AWS,LC08_L2SP_115036_20210729_20210804_02_T1,2021-07-29,306,39.64835444000001,39.19033976000002,35.44014760712768,32.86892037546628,0.3412555347716417,0.38386988217757034,0.6345717919563328,0.7218200995292329
AWS,LC08_L2SP_115036_20210729_20210804_02_T1,2021-07-29,964,37.46651834000003,37.69402826171431,35.35918396048782,34.555190090916774,0.7008502316120637,0.57220933566852,0.70506311427694,0.7102489002824063
AWS,LC08_L2SP_115036_20210729_20210804_02_T1,2021-07-29,790,35.64927104000001,34.78900423485717,31.6126769434232,31.224610611407865,0.6275672080312651,0.6032572597840394,0.8293792203531513,0.8327595989543048
AWS,LC08_L2SP_115036_20210729_20210804_02_T1,2021-07-29,926,34.45752140000002,34.65296703885716,33.44413524123713,34.43159638850002,0.6547542150274808,0.7048586407912819,0.7154523995171956,0.6928796460143983
AWS,LC08_L2SP_115036_20210729_20210804_02_T1,2021-07-29,973,43.25094752000003,43.19528262285716,38.64648394914287,37.39755008503544,0.4234316138596897,0.4132958050642139,0.5887385901122305,0.7278895965026017
AWS,LC08_L2SP_115036_20210729_20210804_02_T1,2021-07-29,918,,,37.90953107491641,,,,0.5983851826209282,
AWS,LC08_L2SP_115036_20210729_20210804_02_T1,2021-07-29,899,,,,43.08832997085245,,,,0.34416086154037223
AWS,LC08_L2SP_115036_20210729_20210804_02_T1,2021-07-29,688,42.69836762000002,42.28628461828574,38.90822586412373,38.01390535884118,0.6416560882928665,0.5474722843690167,0.7247993119297098,0.7288566066621507
AWS,LC08_L2SP_115036_20210729_20210804_02_T1,2021-07-29,795,40.881120320000015,40.447487516000024,38.59325904061857,36.170158491954595,0.4364562348419722,0.49861229869070384,0.5711394643727493,0.666106447255482
AWS,LC08_L2SP_115036_20210729_20210804_02_T1,2021-07-29,689,48.808648040000016,48.80200731542859,44.254945280854116,42.30284558313956,0.48729378478213475,0.549577532224583,0.5782694510075636,0.6232985356064041
AWS,LC08_L2SP_115036_20210729_20210804_02_T1,2021-07-29,304,38.700423560000026,38.425875172571445,35.814804520568885,34.004190983231354,0.5793224227573486,0.5680722252059105,0.5986064495484643,0.6846281871844921
AWS,LC08_L2SP_115036_20210729_20210804_02_T1,2021-07-29,706,38.09429468000002,38.04168972457145,38.02024350634592,38.35574998841286,0.6801462792297288,0.5978447972069282,0.6593618114826811,0.6684553074322984
AWS,LC08_L2SP_115036_20210729_20210804_02_T1,2021-07-29,708,44.46092660000002,43.37075811578949,,43.36234330760154,0.45502792775505163,0.5753951996023412,,0.5971046979357302
AWS,LC08_L2SP_115036_20210729_20210804_02_T1,2021-07-29,713,44.254706060000025,45.53584506114287,45.65201598643112,42.67641497964288,0.546709999371462,0.4598558954257852,0.39459468719013807,0.44271043025427925
AWS,LC08_L2SP_115036_20210729_20210804_02_T1,2021-07-29,717,34.413087140000016,34.474647104375016,32.59917419684915,33.45844218717973,0.8298991390386502,0.7346364831781762,0.769212405092274,0.7107106798160708
AWS,LC08_L2SP_115036_20210729_20210804_02_T1,2021-07-29,746,39.49796156000002,38.15604690800002,35.83699674080002,35.17059457685305,0.6464790633073502,0.6274302547470098,0.7005008313774813,0.739571953708203
AWS,LC08_L2SP_115036_20210729_20210804_02_T1,2021-07-29,755,36.83076662000002,35.97720564457145,32.71442251074165,31.92556233819907,0.7065396190404055,0.6569877631698358,0.7255860450497962,0.7686700566062642
AWS,LC08_L2SP_115036_20210729_20210804_02_T1,2021-07-29,768,40.21232774,39.951552920000026,39.92176589873017,39.632537092178005,0.564094810821582,0.5633497142537823,0.6091414072810737,0.61270212116644
AWS,LC08_L2SP_115036_20210729_20210804_02_T1,2021-07-29,767,34.186358480000024,33.30095983769234,32.39137213076925,32.137818981366614,0.586354918200159,0.4803611037987045,0.6129630303782023,0.6881881009100007
AWS,LC08_L2SP_115036_20210729_20210804_02_T1,2021-07-29,730,41.06113604000001,40.43225291257144,38.76276866434984,38.38462915398218,0.61661595777,0.6124205291410114,0.6058787085855015,0.6216512589698541
AWS,LC08_L2SP_115036_20210729_20210804_02_T1,2021-07-29,788,42.23351690000002,42.83372856258066,44.61384527213054,43.709639661680775,0.7642474849997701,0.6694659329317648,0.5543477066353061,0.5532742991887477
AWS,LC08_L2SP_115036_20210729_20210804_02_T1,2021-07-29,709,39.27123290000003,38.652734042857155,39.70018853711342,40.443184423756364,0.5811441354253106,0.6638375579307864,0.6943394279497724,0.6710657503806894
AWS,LC08_L2SP_115036_20210729_20210804_02_T1,2021-07-29,906,39.58910876000002,39.65943711090911,38.535994011200025,35.65832906157152,0.7362122745716175,0.6321710849060967,0.7009037176430234,0.7762289243619828
ASOS,LC08_L2SP_115036_20230820_20230825_02_T1,2023-08-20,260,39.42447413000002,38.83030832000001,39.547311950893636,38.79600996133258,0.7513402663111348,0.7589278625041559,0.7131647198090006,0.7390219717469859
ASOS,LC08_L2SP_115036_20230820_20230825_02_T1,2023-08-20,172,42.27795116000001,41.51244489028573,39.89971790164951,40.66777572476383,0.5357599399108016,0.6338528286689957,0.6910336218103724,0.6678170127748816
ASOS,LC08_L2SP_115036_20230820_20230825_02_T1,2023-08-20,259,47.65677530000005,47.74352790285717,44.70970225365774,43.15173214307694,0.49416306402781646,0.4714020661142172,0.5341288916648979,0.5725095208133598
AWS,LC08_L2SP_115036_20230820_20230825_02_T1,2023-08-20,748,41.017841120000035,40.60315391257145,38.98817417224098,38.418267353049025,0.6468836479849732,0.6663698212915828,0.682197750052274,0.7096714168737793
AWS,LC08_L2SP_115036_20230820_20230825_02_T1,2023-08-20,687,46.56870560000002,46.40597529542859,42.93411939477389,41.51113244978766,0.5743221922804042,0.6099521554412725,0.6813138948057971,0.7208606543876993
AWS,LC08_L2SP_115036_20230820_20230825_02_T1,2023-08-20,784,41.65017482000002,41.78666775200002,39.24843826948455,39.980053074268554,0.6320905530376199,0.4894620573900101,0.6928225296779911,0.6817920042331714
AWS,LC08_L2SP_115036_20230820_20230825_02_T1,2023-08-20,746,41.78233826000002,40.51789872800003,38.45230914454759,37.88492661079139,0.5818066743522353,0.5824238113369203,0.7001223273753722,0.7327403873914592
AWS,LC08_L2SP_115036_20230820_20230825_02_T1,2023-08-20,754,44.61131948,43.874101394857156,44.09975291722294,44.73663477775419,0.5396317864287637,0.5740468293021965,0.5287846258383238,0.5109763620507446
AWS,LC08_L2SP_115036_20230820_20230825_02_T1,2023-08-20,706,40.07674628000001,40.28381318685716,40.01512795381445,40.196707378567666,0.8110414508328029,0.6304874217795547,0.6738992980149644,0.65664964169453
AWS,LC08_L2SP_115036_20230820_20230825_02_T1,2023-08-20,688,41.164815980000036,40.840175288750025,38.420224495172434,38.190546538212885,0.6812380390137358,0.5773492811081867,0.6859161496983821,0.721300369471837
AWS,LC08_L2SP_115036_20230820_20230825_02_T1,2023-08-20,710,41.86323140000002,41.78149189314287,39.74011289175184,38.734416704179125,0.5827091113981172,0.6036239391089346,0.6880216073297224,0.7239621141584647
AWS,LC08_L2SP_115036_20230820_20230825_02_T1,2023-08-20,932,43.30335716000002,44.219321414857156,42.28108961321826,40.763230601275524,0.6299709873261209,0.4810458513881342,0.593362803782413,0.6704301725408249
AWS,LC08_L2SP_115036_20230820_20230825_02_T1,2023-08-20,882,45.32226764000001,45.4652385337143,44.16159222018413,41.32142549324982,0.6755142416462343,0.59615368965338,0.6296564317235123,0.6876360234149081
AWS,LC08_L2SP_115036_20230820_20230825_02_T1,2023-08-20,933,37.50525590000003,37.40974665542859,36.53719216418551,37.25441408090715,0.669194009097463,0.7658528953330188,0.7959738604651821,0.7691130491029797
AWS,LC08_L2SP_115036_20230820_20230825_02_T1,2023-08-20,964,42.75704363,42.721620513636374,39.498575956157055,38.880327389222906,0.7858509518492991,0.6265009360045228,0.723342189497619,0.7390553647226368
AWS,LC08_L2SP_115036_20230820_20230825_02_T1,2023-08-20,785,44.02911674000003,43.37663299828573,41.218364960000024,39.700057005893115,0.4262499511405282,0.4887104457033935,0.6460645621358381,0.6947163451240903
AWS,LC08_L2SP_115036_20230820_20230825_02_T1,2023-08-20,712,38.42356394000001,37.85994871828573,36.53422857358887,37.149998204888206,0.7589201579993675,0.7485171931038703,0.7351518526039953,0.7240862476249472
AWS,LC08_L2SP_115036_20230820_20230825_02_T1,2023-08-20,690,,,39.19081552835167,,,,0.7124106135580874,
AWS,LC08_L2SP_115036_20230820_20230825_02_T1,2023-08-20,775,42.15718112000002,41.89587349100002,43.52349006734598,42.238748563265325,0.6595560225194326,0.624030957692066,0.5619768274288367,0.6138994014139835
AWS,LC08_L2SP_115036_20230820_20230825_02_T1,2023-08-20,857,40.7637683,39.63546362171431,38.37408819150162,39.650529983140046,0.6444207813913757,0.6801894686601434,0.7135333429167641,0.6680815015366615
AWS,LC08_L2SP_115036_20230820_20230825_02_T1,2023-08-20,717,,,,37.85357943468752,,,,0.7113423487917949
ASOS,LC08_L2SP_115036_20240603_20240611_02_T1,2024-06-03,156,36.85925012000001,37.24558403771429,42.2644439844737,43.19702448993363,0.6913182733823181,0.6250038424137083,0.2973383934314063,0.29152457811418125
ASOS,LC08_L2SP_115036_20240603_20240611_02_T1,2024-06-03,260,33.298812620000014,32.727742859428595,32.49835252893316,31.397456532973465,0.520798968960814,0.3691517280683016,0.42281404785368654,0.5022527553637322
ASOS,LC08_L2SP_115036_20240603_20240611_02_T1,2024-06-03,289,40.359302600000014,40.00304725828574,37.334906627637814,36.148838479219016,0.6680206119410714,0.5006271491355526,0.5516645351714716,0.5827006022805595
ASOS,LC08_L2SP_115036_20240603_20240611_02_T1,2024-06-03,254,41.54649488000003,41.47357712000002,35.23194334119268,34.6288451636963,0.24616751260026717,0.36505838059604556,0.5473517743442633,0.5395631129046476
ASOS,LC08_L2SP_115036_20240603_20240611_02_T1,2024-06-03,258,,,33.240246487002985,32.61210118931176,,,0.2561589855141784,0.17316683827527074
ASOS,LC08_L2SP_115036_20240603_20240611_02_T1,2024-06-03,251,42.19136132000002,41.99194426742858,40.032440212101044,37.84947920289013,0.3890966006681343,0.40379995911403227,0.40863213866997816,0.4678629638452589
ASOS,LC08_L2SP_115036_20240603_20240611_02_T1,2024-06-03,172,41.81310044000001,41.16009585714289,37.257388202242794,37.59245870098447,0.4898341466804324,0.4440348300675054,0.2941364854210837,0.327687655283088
ASOS,LC08_L2SP_115036_20240603_20240611_02_T1,2024-06-03,174,36.66784100000001,36.8948951857143,35.16610865958765,31.574189162117513,0.5442107403632657,0.6586344700558144,0.5817412058596402,0.7098859576854832
ASOS,LC08_L2SP_115036_20240603_20240611_02_T1,2024-06-03,245,40.51197416,40.36867774057144,38.78261656556703,38.22014363873463,0.4086886610926715,0.42545447669146635,0.4844735500136791,0.4390971364108257
ASOS,LC08_L2SP_115036_20240603_20240611_02_T1,2024-06-03,266,28.094307500000014,28.573188378285735,34.39608543706898,35.428538755142874,0.700498654530513,0.6802192878545882,0.4121436849690695,0.3826748841925835
ASOS,LC08_L2SP_115036_20240603_20240611_02_T1,2024-06-03,247,41.8347479,41.87289951371431,41.002223156907235,38.16782080641446,0.45496930303914174,0.43788461988319904,0.3415955468772268,0.4188382348182338
ASOS,LC08_L2SP_115036_20240603_20240611_02_T1,2024-06-03,259,40.672621100000036,40.16691690285715,38.28558856965868,36.09687952631158,0.3939208327588278,0.3838449580160781,0.40311598475052385,0.3875216629052846
AWS,LC08_L2SP_115036_20240603_20240611_02_T1,2024-06-03,748,,,,32.41359039546241,,,,0.37105313148781627
AWS,LC08_L2SP_115036_20240603_20240611_02_T1,2024-06-03,711,39.45352730000002,38.748633918285734,35.22034096006898,33.860759699954095,0.3194251748706151,0.3811913515023483,0.5088983241157317,0.5054989242964665
AWS,LC08_L2SP_115036_20240603_20240611_02_T1,2024-06-03,907,,,30.305923475131987,,,,0.6503023157464167,
AWS,LC08_L2SP_115036_20240603_20240611_02_T1,2024-06-03,687,42.225541520000014,42.283159571428584,37.53552741532848,36.044732202390996,0.5224066809292008,0.49311302458523776,0.5026642719805126,0.5242273994494473
AWS,LC08_L2SP_115036_20240603_20240611_02_T1,2024-06-03,175,23.24983382000001,23.060117433714304,22.95350753855672,23.22983128909034,0.7312090638756624,0.7606902859158442,0.8034525877297074,0.8006828333224534
AWS,LC08_L2SP_115036_20240603_20240611_02_T1,2024-06-03,778,32.67673298000002,31.35545665828574,28.983157140824762,27.811094583544246,0.6246957586697733,0.672073968813075,0.7069748158135551,0.7890413541210262
AWS,LC08_L2SP_115036_20240603_20240611_02_T1,2024-06-03,773,34.053055700000016,33.38546756514287,29.168867288832136,28.261121393905835,0.51327874984896,0.480148553340275,0.6423030103782391,0.635391887510826
AWS,LC08_L2SP_115036_20240603_20240611_02_T1,2024-06-03,783,,,38.831350853333355,39.48990030010052,,,0.35331497321890976,0.37529956282375826
AWS,LC08_L2SP_115036_20240603_20240611_02_T1,2024-06-03,708,37.392461240000046,36.49208281368423,,37.98437647988759,0.3822140282925234,0.4066577003306901,,0.40855730324091505
AWS,LC08_L2SP_115036_20240603_20240611_02_T1,2024-06-03,754,36.311227580000036,35.78442931657145,36.72584162804126,36.81385720684258,0.4237951457401145,0.48896955717446766,0.3720727572753665,0.36352885719190303
AWS,LC08_L2SP_115036_20240603_20240611_02_T1,2024-06-03,741,39.851156960000026,40.24533604742858,42.180057970927855,40.97454228025231,0.2681270229109255,0.43042184124248284,0.3393009619104159,0.35193386170887914
AWS,LC08_L2SP_115036_20240603_20240611_02_T1,2024-06-03,759,30.287537000000025,29.181693596000013,26.58294362556703,26.342612868181835,0.5545489724658065,0.6577896612503912,0.8530996320822422,0.8715302370144361
AWS,LC08_L2SP_115036_20240603_20240611_02_T1,2024-06-03,713,38.15581904000002,39.223836356000014,40.11632907130234,38.18758497720642,0.6141105956437554,0.46201553595765654,0.3371144078300943,0.37536977408476196
AWS,LC08_L2SP_115036_20240603_20240611_02_T1,2024-06-03,710,36.65302958000001,36.710126790285734,35.60155420601401,34.53252273324178,0.48106109843517686,0.4953229654868885,0.42744929324080727,0.46483423599145063
AWS,LC08_L2SP_115036_20240603_20240611_02_T1,2024-06-03,706,36.66214430000002,36.297620605142875,36.751997451001166,37.367662226448864,0.44127452366209735,0.25175072534603105,0.2907635660306621,0.34866755975674346
AWS,LC08_L2SP_115036_20240603_20240611_02_T1,2024-06-03,951,,,32.324549313920016,30.883818910986466,,,0.6997758684214335,0.7590164674052615
AWS,LC08_L2SP_115036_20240603_20240611_02_T1,2024-06-03,791,,,,22.836411163893825,,,,0.8888592986003289
AWS,LC08_L2SP_115036_20240603_20240611_02_T1,2024-06-03,882,40.71477668000002,40.65305700457145,38.56815440804126,35.350186459484554,0.4963145295068485,0.4660635785641103,0.5477033769979256,0.6279457637286775
AWS,LC08_L2SP_115036_20240603_20240611_02_T1,2024-06-03,973,36.99141356000001,37.63475002914288,35.683502196720205,34.603645021456444,0.2330512313356307,0.2100464486608249,0.39506602201562047,0.5021671556405768
AWS,LC08_L2SP_115036_20240603_20240611_02_T1,2024-06-03,788,37.02217574000002,37.68230933600001,37.84300747101324,37.23334232742006,0.6455312961292616,0.548285705357737,0.5160287839253866,0.5171935003508136
AWS,LC08_L2SP_115036_20240603_20240611_02_T1,2024-06-03,765,36.19159688,36.3952783194286,36.629534118350534,34.929253185463935,0.6220502426583291,0.6175149322329422,0.5663704110038255,0.5960871452764872
AWS,LC08_L2SP_115036_20240603_20240611_02_T1,2024-06-03,738,40.714776680000035,40.76194535600003,38.12686801772416,36.97758223171872,0.3727823398558907,0.4068476649515344,0.4846537597815817,0.419126842980953
AWS,LC08_L2SP_115036_20240603_20240611_02_T1,2024-06-03,709,35.820172040000024,35.64077481885716,36.51917672873855,36.09232802874927,0.41580288579329583,0.29350689737642316,0.3412652067821652,0.42302792144758034
AWS,LC08_L2SP_115036_20240603_20240611_02_T1,2024-06-03,906,34.09065392000002,33.903639397142875,33.01175748316207,30.75543557997799,0.7213506759023153,0.6604149446275488,0.6904573852662764,0.7546760779915198
AWS,LC08_L2SP_115036_20240603_20240611_02_T1,2024-06-03,720,,,24.610920456909106,23.704048052739964,,,0.777648042861944,0.8113858425776728
AWS,LC08_L2SP_115036_20240603_20240611_02_T1,2024-06-03,768,43.37285690000002,42.41148180800002,37.105621628041256,35.76801072188129,0.4786295557653701,0.46673296940944675,0.5593896706259959,0.5816998330260061
AWS,LC08_L2SP_115036_20240603_20240611_02_T1,2024-06-03,760,42.54569606000003,41.393888425142876,36.549099063505174,33.6661931781048,0.37372162593330915,0.41121807059113397,0.5703290305972354,0.657031324869829
AWS,LC08_L2SP_115036_20240603_20240611_02_T1,2024-06-03,774,,,28.562957174346522,27.365483869708758,,,0.753777135760474,0.7767554739722261
AWS,LC08_L2SP_115036_20240603_20240611_02_T1,2024-06-03,777,,,29.010616774625742,29.0069143926118,,,0.6254785784756804,0.6106123922671846
AWS,LC08_L2SP_115036_20240603_20240611_02_T1,2024-06-03,964,32.99688752000003,33.14283697400002,31.0610050230565,,0.5643768667955491,0.4779690499160864,0.5430380847845031,
AWS,LC08_L2SP_115036_20240603_20240611_02_T1,2024-06-03,689,40.86289088000001,40.660088360000024,37.17793252309281,35.53265549042158,0.38640603690843983,0.5103251152334153,0.5549849970010282,0.6084376442325315
AWS,LC08_L2SP_115036_20240603_20240611_02_T1,2024-06-03,722,43.01852216000003,41.648872717142886,40.71965900639177,39.9738462317664,0.4436413329531843,0.40713522689888787,0.41484953160341514,0.4226121904140622
AWS,LC08_L2SP_115036_20240603_20240611_02_T1,2024-06-03,690,39.89217320000002,39.19873832342859,35.10079824536084,33.52883730940168,0.39807664682789085,0.4541240703383466,0.5396597519457466,0.5573969468439344
AWS,LC08_L2SP_115036_20240603_20240611_02_T1,2024-06-03,795,39.851156960000026,39.44024585085716,38.493687635430554,35.982183828032234,0.39131223163749657,0.4351473082535074,0.3992491479152947,0.48376413756747355
AWS,LC08_L2SP_115036_20240603_20240611_02_T1,2024-06-03,775,39.063873019999996,38.80381052685717,38.95004864721651,38.42501680520176,0.5305245858566882,0.42337140464019846,0.3594184848202788,0.3812452368883551
AWS,LC08_L2SP_115036_20240603_20240611_02_T1,2024-06-03,794,40.33993382000002,39.77306334114288,37.08457681690369,33.77898374350517,0.42700879415396487,0.4429491799120955,0.5502563217178091,0.6570100033994364
AWS,LC08_L2SP_115036_20240603_20240611_02_T1,2024-06-03,732,37.86756602000003,37.12087513657144,33.109349383092805,32.522593830221176,0.3069829468096639,0.38092581199427444,0.5075481967184085,0.5326352537408997
AWS,LC08_L2SP_115036_20240603_20240611_02_T1,2024-06-03,770,33.02992838000002,32.57803358342859,31.106922138144345,29.487870936375284,0.23633782357202548,0.38427419012929576,0.624905604863275,0.7227586136152322
AWS,LC08_L2SP_115036_20240603_20240611_02_T1,2024-06-03,755,35.590025360000006,34.74017537771431,32.0362751202062,30.54356819313486,0.7198283506437031,0.6566849292874274,0.6747266444102864,0.7569403346707774
AWS,LC08_L2SP_115036_20240603_20240611_02_T1,2024-06-03,745,29.302007900000017,29.187553058857166,30.470571383711356,31.063654233758964,0.5344459995143845,0.5416241820085919,0.3843816991588278,0.4341511541957669
AWS,LC08_L2SP_115036_20240603_20240611_02_T1,2024-06-03,730,39.263257520000025,38.69453154457145,36.91089060267149,37.21188701245272,0.4538212838788713,0.4682261020455552,0.46056510615948254,0.4584535875802582
AWS,LC08_L2SP_115036_20240603_20240611_02_T1,2024-06-03,744,32.217578960000004,32.29772563586208,32.38782856004285,33.093328966567185,0.4808731608723538,0.4391854978926601,0.3546813013430699,0.34928052648471286
AWS,LC08_L2SP_115036_20240603_20240611_02_T1,2024-06-03,731,32.03984191999999,32.61738964228573,32.71095624783507,32.960524365981215,0.36234637063622066,0.37850074323274857,0.3933666913273046,0.3831225934187158
AWS,LC08_L2SP_115036_20240603_20240611_02_T1,2024-06-03,699,36.83190596000001,36.824874604571455,36.71012186824744,36.016889708096215,0.3762042532130985,0.37915394410764003,0.3742421340566911,0.4120739527426638
AWS,LC08_L2SP_115036_20240603_20240611_02_T1,2024-06-03,315,27.04953272000002,25.466403513714308,22.1998869845361,22.04724626125396,0.42393253724933305,0.666505822030589,0.8814738861385272,0.8914113888981892
AWS,LC08_L2SP_115036_20240603_20240611_02_T1,2024-06-03,688,39.166413620000036,38.802443318857165,35.54056152215846,34.8927147646024,0.334436495156982,0.2780217424787518,0.3913156096499138,0.3343130729868147
AWS,LC08_L2SP_115036_20240603_20240611_02_T1,2024-06-03,316,28.433830819999987,27.7872390937143,25.02104551958765,25.116001959358734,0.7186021929222477,0.7381249097745035,0.8631831962500464,0.8761399067842399
AWS,LC08_L2SP_115036_20240603_20240611_02_T1,2024-06-03,948,29.897882720000023,30.50153760457145,31.147957954433007,29.16474825920002,0.7584130328405588,0.6501917720224278,0.6904796307256202,0.7490889126753161
AWS,LC08_L2SP_115036_20240603_20240611_02_T1,2024-06-03,304,35.986515680000025,35.8024959937143,32.152539614893634,,0.4128456838500827,0.39979464610966325,0.48861021790872344,
ASOS,LC08_L2SP_115036_20240806_20240814_02_T1,2024-08-06,259,46.829614460000016,47.0541635130435,44.34394002867926,41.171665868331516,0.5102372827553369,0.48219221888156527,0.5528699963133663,0.6261734638802382
AWS,LC08_L2SP_115036_20240806_20240814_02_T1,2024-08-06,175,33.50047580000004,33.24132477885717,33.37228801471833,33.860356162968074,0.8277048694836217,0.8494567976177049,0.8642396510639019,0.8666007768377154
AWS,LC08_L2SP_115036_20240806_20240814_02_T1,2024-08-06,784,37.473354380000025,37.57283503828573,36.54652673917528,37.196248495556844,0.7945443635410281,0.6437335211598941,0.7321085776963111,0.7215913801773871
AWS,LC08_L2SP_115036_20240806_20240814_02_T1,2024-08-06,783,,,40.28837232392061,40.79108827289387,,,0.4496028033555536,0.5139710487459511
AWS,LC08_L2SP_115036_20240806_20240814_02_T1,2024-08-06,754,,,43.532759781224506,43.449180171235156,,,0.533488875166016,0.5407975279288009
AWS,LC08_L2SP_115036_20240806_20240814_02_T1,2024-08-06,710,40.38095006000003,39.63810038000002,37.22643241763159,36.08999634060518,0.5957440628720195,0.6012135508863931,0.706505679052508,0.7526766407761286
AWS,LC08_L2SP_115036_20240806_20240814_02_T1,2024-08-06,767,37.79578760000002,37.29074567931037,35.28642800290324,34.68918433157101,0.507783148846359,0.3535571779390558,0.5490287721409053,0.6121653346245589
AWS,LC08_L2SP_115036_20240806_20240814_02_T1,2024-08-06,738,,,41.34673359039371,40.332979429075564,,,0.6488614012408879,0.6109748847941416
AWS,LC08_L2SP_115036_20240806_20240814_02_T1,2024-08-06,709,36.94470062000003,36.81051892057145,37.18183981587985,38.01644828830959,0.6620547338063855,0.7528704108717942,0.7133361007686468,0.7279925635808431
AWS,LC08_L2SP_115036_20240806_20240814_02_T1,2024-08-06,720,37.13269171999999,37.49367873548389,35.20311492219426,34.15994666902657,0.697758435203125,0.6797196061481484,0.8102087611328583,0.8545863385725655
AWS,LC08_L2SP_115036_20240806_20240814_02_T1,2024-08-06,712,41.32546292000003,40.424440295428596,38.99551656235296,39.70666207103707,0.7214998770136937,0.7343630630064059,0.7442646943788311,0.7241284842391723
AWS,LC08_L2SP_115036_20240806_20240814_02_T1,2024-08-06,795,,,,37.45369508312231,,,,0.7539863357505701
AWS,LC08_L2SP_115036_20240806_20240814_02_T1,2024-08-06,857,39.491125520000026,38.574134841875015,37.51274018517243,,0.6529409695059145,0.7035019138827443,0.7290876969896384,
AWS,LC08_L2SP_115036_20240806_20240814_02_T1,2024-08-06,717,38.85993116000001,38.778041097500015,36.797274492000014,37.73112472750763,0.8088644202052286,0.7272525038383135,0.7577594256785491,0.720689157351402
AWS,LC08_L2SP_115036_20240806_20240814_02_T1,2024-08-06,776,41.05771802,39.77003595200002,41.00492378503964,38.5789285784733,0.4770586499861415,0.5987693245048583,0.6358840062093679,0.7166497000836592
AWS,LC08_L2SP_115036_20240806_20240814_02_T1,2024-08-06,731,,,36.64361664348995,35.61973641382465,,,0.7782862813823982,0.7810563405989466
AWS,LC08_L2SP_115036_20240806_20240814_02_T1,2024-08-06,688,39.489986179999995,39.47384010457144,37.2303294561733,36.451900713660564,0.6646370211981282,0.6266716959517667,0.7334081382029946,0.7487519917489173
ASOS,LC08_L2SP_115036_20250724_20250730_02_T1,2025-07-24,156,39.72127220000002,40.14484625942858,44.83911410816527,45.19765686712381,0.7407234203336638,0.6435486743921449,0.32820982470338006,0.32329084133163477
ASOS,LC08_L2SP_115036_20250724_20250730_02_T1,2025-07-24,168,43.306775180000024,43.56921401085716,43.98451510792922,42.50839665849626,0.4056540942701452,0.41105010492084,0.27944448844857933,0.37578796278506976
ASOS,LC08_L2SP_115036_20250724_20250730_02_T1,2025-07-24,162,41.544216200000015,42.886408256521754,42.113691878096965,42.44413692818032,0.6937292998120469,0.5452045254679662,0.47773074124720805,0.4916414738010687
ASOS,LC08_L2SP_115036_20250724_20250730_02_T1,2025-07-24,170,39.136790780000034,39.75568026800002,39.98320076930002,39.19202796466089,0.7416093055313576,0.7448864453526154,0.6246371849666372,0.6643517512423821
ASOS,LC08_L2SP_115036_20250724_20250730_02_T1,2025-07-24,261,42.11502554000001,41.363614533714305,37.644286702061876,37.27798545822504,0.5384286045917744,0.5247017710259367,0.6915703488019277,0.7117872480026212
ASOS,LC08_L2SP_115036_20250724_20250730_02_T1,2025-07-24,295,41.84272328000001,41.45931909371431,38.2716903149826,35.34687599090545,0.37804583883602333,0.452916012013693,0.5851727862075908,0.7139481259868201
ASOS,LC08_L2SP_115036_20250724_20250730_02_T1,2025-07-24,289,41.520290060000015,41.06321940457144,39.90682185714287,38.546863314800014,0.7504186824656083,0.5595446864881031,0.571348821082602,0.5659047342782679
ASOS,LC08_L2SP_115036_20250724_20250730_02_T1,2025-07-24,192,41.61257660000003,41.1530645017143,38.22957991160002,37.381231130356525,0.38620610596738264,0.4671658210024277,0.4505756177893622,0.5836728621668715
ASOS,LC08_L2SP_115036_20250724_20250730_02_T1,2025-07-24,254,,,,36.562764901557394,,,,0.7494869367337893
ASOS,LC08_L2SP_115036_20250724_20250730_02_T1,2025-07-24,258,41.15000456000001,40.42258479885716,35.95392898989692,35.654505403865805,0.6225004456151586,0.5370642472073469,0.7665440570464795,0.7523280736556437
ASOS,LC08_L2SP_115036_20250724_20250730_02_T1,2025-07-24,263,38.133032240000034,39.10463607333335,,37.39798812150833,0.7642808378362229,0.6557562883629416,,0.6306135987184281
ASOS,LC08_L2SP_115036_20250724_20250730_02_T1,2025-07-24,174,39.754313059999994,39.815837420000015,39.10489317525775,36.64140374158168,0.7287242754553048,0.74814480220558,0.6722161695219239,0.7582738309142535
ASOS,LC08_L2SP_115036_20250724_20250730_02_T1,2025-07-24,266,36.76012754000002,37.099488097142874,43.2528190131959,43.28294604722851,0.8091580910239533,0.7766018186656768,0.42361247410742453,0.42528807850105604
ASOS,LC08_L2SP_115036_20250724_20250730_02_T1,2025-07-24,247,46.044609200000004,46.23097267142858,46.8783018503605,44.51008194202178,0.5389167289878242,0.5294438604819338,0.36693086930302427,0.42727822303475604
ASOS,LC08_L2SP_115036_20250724_20250730_02_T1,2025-07-24,262,38.94424232000002,38.89971040228575,37.93821293051548,36.52995967751297,0.6943172052450475,0.6589261294907026,0.7234056360944896,0.7649487502694506
ASOS,LC08_L2SP_115036_20250724_20250730_02_T1,2025-07-24,259,47.54853800000001,46.913600094285734,44.45514767958765,41.276392169852876,0.3522923687296191,0.39808067731509006,0.5158900793551683,0.6004524711625703
AWS,LC08_L2SP_115036_20250724_20250730_02_T1,2025-07-24,711,39.90926330000002,39.3396339907143,36.19495851627988,36.27825432573139,0.6076824301697955,0.5499630883009023,0.6877445389366964,0.6655237273007711
AWS,LC08_L2SP_115036_20250724_20250730_02_T1,2025-07-24,907,,,36.84601270150291,35.89893268822812,,,0.6484096044134396,0.6871524454419362
AWS,LC08_L2SP_115036_20250724_20250730_02_T1,2025-07-24,687,43.46970079999998,43.57067887657144,39.99264150168736,38.92262540254821,0.5192836521687201,0.5813903912295236,0.6251791418025119,0.6653394046209
AWS,LC08_L2SP_115036_20250724_20250730_02_T1,2025-07-24,787,38.88043928000002,38.58642445485716,37.53105235440862,36.204948323915765,0.6877864812449862,0.7093535758106573,0.6536595652662672,0.7215986007440487
AWS,LC08_L2SP_115036_20250724_20250730_02_T1,2025-07-24,778,37.689828980000016,36.89645770914288,35.25285119463919,34.56790168992272,0.7445537511265691,0.7412830762265724,0.8100500940788466,0.8451373747598244
AWS,LC08_L2SP_115036_20250724_20250730_02_T1,2025-07-24,784,39.308831120000036,39.54444663200002,37.412961529484555,38.27871086834815,0.5796331547515785,0.4369861321709297,0.6652446556436845,0.6629161377201439
AWS,LC08_L2SP_115036_20250724_20250730_02_T1,2025-07-24,929,34.99301120000001,35.13637272457144,35.32668512494847,33.41873727958443,0.6746628404917555,0.753319998914494,0.7391714095585504,0.8044853659760897
AWS,LC08_L2SP_115036_20250724_20250730_02_T1,2025-07-24,783,,,40.84168828160523,41.8870587367407,,,0.42796051648553957,0.39843995951649497
AWS,LC08_L2SP_115036_20250724_20250730_02_T1,2025-07-24,749,,,,37.619813761345725,,,,0.6766148335793429
AWS,LC08_L2SP_115036_20250724_20250730_02_T1,2025-07-24,754,39.88191914,39.36368220285715,39.75055716675863,40.526523360040215,0.5443601340661646,0.5659085808705665,0.505548740620319,0.5081319535663348
AWS,LC08_L2SP_115036_20250724_20250730_02_T1,2025-07-24,741,39.881919140000015,40.99329648114287,44.31475436783507,42.80010309184099,0.7257263514258376,0.6931652120342635,0.41397220759250586,0.4554030278782973
AWS,LC08_L2SP_115036_20250724_20250730_02_T1,2025-07-24,926,36.18362150000004,36.44606033085716,35.12202285752579,36.052998599026644,0.73962067520245,0.7381641652174444,0.7230112118076931,0.7082717976615435
AWS,LC08_L2SP_115036_20250724_20250730_02_T1,2025-07-24,920,37.63058330000003,38.02733404057145,37.54553607154641,36.57909773237906,0.813859495391546,0.6250723209597376,0.6125344780099982,0.6622920059198215
AWS,LC08_L2SP_115036_20250724_20250730_02_T1,2025-07-24,932,42.51151586000001,42.967154202285734,40.865794496492555,39.55524506802967,0.5211387866391348,0.4434330086816735,0.5507043601873216,0.621277746636411
AWS,LC08_L2SP_115036_20250724_20250730_02_T1,2025-07-24,917,40.210049059999996,39.52423148514288,38.3767023904348,36.395364359481555,0.35944432749110194,0.4941419833185492,0.6310533948456959,0.7231855400003728
AWS,LC08_L2SP_115036_20250724_20250730_02_T1,2025-07-24,899,42.295041260000026,42.53119138538463,40.68908432464438,42.21530611731443,0.28821235926853295,0.3034261707878907,0.44461827995503933,0.3506751281793256
AWS,LC08_L2SP_115036_20250724_20250730_02_T1,2025-07-24,738,40.89479240000001,40.913135774000025,39.22882919706668,38.61065558447658,0.43193187621577533,0.4500225816104502,0.5702225023446981,0.5930696124969346
AWS,LC08_L2SP_115036_20250724_20250730_02_T1,2025-07-24,709,37.43461682000001,37.174000933142885,38.704554156907236,38.51357703593752,0.6873338625752624,0.7138309691093535,0.6139670824385365,0.6178396155208269
AWS,LC08_L2SP_115036_20250724_20250730_02_T1,2025-07-24,906,37.73426324000002,37.59099937314287,36.51359058422505,34.410535135958746,0.7743649987800797,0.5879453939639077,0.710018159151134,0.7930286736658966
AWS,LC08_L2SP_115036_20250724_20250730_02_T1,2025-07-24,933,37.285363280000034,37.03415508628573,35.813494505089196,36.18591248388771,0.7156892470529114,0.7291633679147265,0.7722690571046712,0.7478751457705521
AWS,LC08_L2SP_115036_20250724_20250730_02_T1,2025-07-24,918,38.80524284000003,39.22510590628573,39.817634523298985,38.60971865746352,0.6934670188673397,0.6665347351106661,0.552593606970413,0.6330769437755017
AWS,LC08_L2SP_115036_20250724_20250730_02_T1,2025-07-24,720,36.985716860000025,36.93249340571431,34.85765408880311,34.079232819344625,0.6916065555479062,0.724048405993601,0.8244995964113125,0.8471131548356119
AWS,LC08_L2SP_115036_20250724_20250730_02_T1,2025-07-24,768,42.363401660000044,42.40191135200003,40.1981505917526,39.52764849605054,0.6528563153859914,0.6026636083561699,0.6849171756594313,0.6882897355355613
AWS,LC08_L2SP_115036_20250724_20250730_02_T1,2025-07-24,786,36.84102068000002,36.85378128800002,36.80521790268968,34.75720794938071,0.6543446059281396,0.6530375639142474,0.6415867470987839,0.7294525979625733
AWS,LC08_L2SP_115036_20250724_20250730_02_T1,2025-07-24,964,40.30461428000003,40.31672383657144,37.801071803213055,36.89167856831091,0.7456827813839161,0.6061632147208232,0.7083267589258201,0.7208096000946583
AWS,LC08_L2SP_115036_20250724_20250730_02_T1,2025-07-24,766,41.373315200000036,41.14534667000002,42.24859090226564,42.110351306001924,0.47712183937079766,0.4745092171179599,0.2979491311071773,0.3176322332210978
AWS,LC08_L2SP_115036_20250724_20250730_02_T1,2025-07-24,774,40.344491180000034,39.89406124914288,40.40429790868454,39.39238504179915,0.576220916210879,0.5558750443356486,0.5612373295792826,0.6135322574662203
AWS,LC08_L2SP_115036_20250724_20250730_02_T1,2025-07-24,777,38.396219780000024,38.959574581142874,37.39452849608249,37.287725159226824,0.774219201191686,0.6999195713463534,0.7191696833371579,0.7213878115669888
AWS,LC08_L2SP_115036_20250724_20250730_02_T1,2025-07-24,689,42.80546558000003,42.70474792400002,40.779584554583344,,0.5098547133505672,0.5944506836463654,0.5466564957586318,
AWS,LC08_L2SP_115036_20250724_20250730_02_T1,2025-07-24,785,42.70292498000001,41.75053439771431,39.413724789896925,37.678143324448925,0.4154445924931885,0.4954387801642737,0.6353120679332097,0.7080230174637197
AWS,LC08_L2SP_115036_20250724_20250730_02_T1,2025-07-24,936,35.69826266000003,36.05757794342858,37.51910808185569,35.485637613587194,0.7671915448359488,0.7599406473398879,0.6486879523184667,0.7295666563628256
AWS,LC08_L2SP_115036_20250724_20250730_02_T1,2025-07-24,690,43.016243480000036,42.18540419942859,37.664344567422695,36.24452582690283,0.4391436584539816,0.5046817594002274,0.6928215944856587,0.7502096614105987
AWS,LC08_L2SP_115036_20250724_20250730_02_T1,2025-07-24,795,42.43518008000001,42.29678587437502,41.89360005796055,39.24945836600856,0.4525201835687514,0.43345561384605935,0.4777395162608746,0.5956132060097149
AWS,LC08_L2SP_115036_20250724_20250730_02_T1,2025-07-24,794,42.403278560000025,42.10102793428574,40.29679717800231,37.2278026084265,0.5705829389653494,0.5799903116252386,0.6255717110465558,0.7290234989762597
AWS,LC08_L2SP_115036_20250724_20250730_02_T1,2025-07-24,872,31.060009520000012,30.436888197714307,28.82842831206397,28.591368963134105,0.720220318986338,0.7906376725591379,0.8876854770879531,0.9044205984348845
AWS,LC08_L2SP_115036_20250724_20250730_02_T1,2025-07-24,857,,,,39.10767053595163,,,,0.6729300447503067
AWS,LC08_L2SP_115036_20250724_20250730_02_T1,2025-07-24,717,36.300973520000014,36.37431853250001,35.148938017142875,36.088992842360824,0.8337219480465019,0.7352907551451744,0.7468677762861247,0.7035748424887618
AWS,LC08_L2SP_115036_20250724_20250730_02_T1,2025-07-24,732,44.41991036000002,43.42087194285716,38.70158247628868,38.05420665734295,0.3979964447565753,0.4436390908264409,0.6443427849365801,0.6838890381528377
AWS,LC08_L2SP_115036_20250724_20250730_02_T1,2025-07-24,913,39.18350372000001,39.17075187615386,38.01360291172095,34.71600355026143,0.5971012930436642,0.5993839660756416,0.6492778094488854,0.7530950171947394
AWS,LC08_L2SP_115036_20250724_20250730_02_T1,2025-07-24,776,36.28274408000004,36.62067232400001,38.00160943701045,36.95324686930528,0.49756599626835935,0.6347973445001625,0.6462702752905997,0.7089496425172968
AWS,LC08_L2SP_115036_20250724_20250730_02_T1,2025-07-24,770,35.39519822000002,35.64546238914288,35.085610960618574,34.26360699676227,0.7369312544415858,0.756919725396498,0.7850746443313681,0.8225092507578097
AWS,LC08_L2SP_115036_20250724_20250730_02_T1,2025-07-24,745,34.25699756000002,34.12375988514287,35.07194671113404,36.360990505773216,0.690223429663686,0.800752111220793,0.7675934931205852,0.729967368502527
AWS,LC08_L2SP_115036_20250724_20250730_02_T1,2025-07-24,744,40.41399092,40.10148623428573,39.218615751340224,38.519763936781295,0.6259123033120159,0.6123983339792249,0.6114747046076195,0.6431068586847101
AWS,LC08_L2SP_115036_20250724_20250730_02_T1,2025-07-24,699,,,38.976179781324944,39.40502717517665,,,0.5596118291436052,0.5744301699480286
AWS,LC08_L2SP_115036_20250724_20250730_02_T1,2025-07-24,856,35.83612280000002,35.50288212628573,32.34598694480839,31.755302668595117,0.7187316338693024,0.7123908712564165,0.8492192276809329,0.8742778281497346
AWS,LC08_L2SP_115036_20250724_20250730_02_T1,2025-07-24,688,40.149664040000005,40.06388801428574,37.7828904887351,36.89821716517744,0.55489118814659,0.5405303320380096,0.6340866043762745,0.6675589360790531
AWS,LC08_L2SP_115036_20250724_20250730_02_T1,2025-07-24,948,,,35.28833852501903,34.2971734357447,,,0.7928615011891283,0.7928289606752117
AWS,LC08_L2SP_115036_20250724_20250730_02_T1,2025-07-24,304,43.73744570000002,43.68952831485716,40.53107008404207,38.55369013632226,0.5648534473017132,0.5566074874007784,0.6082975971138175,0.6746454679412555
AWS,LC08_L2SP_115036_20250724_20250730_02_T1,2025-07-24,706,39.32250320000001,39.44835144114287,39.54700407835053,39.886674060109655,0.6688820249976453,0.5288598002684766,0.6192337357933417,0.6036644567732478
AWS,LC08_L2SP_115036_20250724_20250730_02_T1,2025-07-24,791,35.71535276000005,34.92875242400003,31.29099406515466,30.46938649311196,0.5119495960285387,0.6804372591775061,0.8735560325271806,0.9005925532530524
AWS,LC08_L2SP_115036_20250724_20250730_02_T1,2025-07-24,902,37.548550820000024,37.53705384363638,36.46851150262071,35.65499929508546,0.4768789145683745,0.511415823742972,0.6972605862308848,0.7006415720279126
AWS,LC08_L2SP_115036_20250724_20250730_02_T1,2025-07-24,759,33.74543390000002,33.18355551548389,31.147772541782196,30.78288279054405,0.5638661726321532,0.6202490765935609,0.8544999748284359,0.883632591718302
AWS,LC08_L2SP_115036_20250724_20250730_02_T1,2025-07-24,930,,,,32.564874403213345,,,,0.8603308701585614
AWS,LC08_L2SP_115036_20250724_20250730_02_T1,2025-07-24,712,38.57509616000001,38.07196361600002,35.91678728352944,36.367050317736194,0.6077705367510545,0.609196367942723,0.7033056605837277,0.6957185225555513
AWS,LC08_L2SP_115036_20250724_20250730_02_T1,2025-07-24,315,33.151837760000014,31.614249601142877,29.012558105509985,28.928627632799746,0.4032158332377211,0.665139726681798,0.8906055757604403,0.902248523578629
AWS,LC08_L2SP_115036_20250724_20250730_02_T1,2025-07-24,713,44.8027286,46.032825169142875,47.12862269298971,45.10947083476137,0.6537129174297165,0.47578753920574685,0.37054290162533543,0.4214444321118246
AWS,LC08_L2SP_115036_20250724_20250730_02_T1,2025-07-24,747,,,39.06075882400002,35.403753091896576,,,0.6314436299024307,0.7828003054768956
AWS,LC08_L2SP_115036_20250724_20250730_02_T1,2025-07-24,790,36.30097351999999,35.526021260000014,32.09463205336172,31.899064489044605,0.6306686716016433,0.5851897785645893,0.8313071518205309,0.8469848651947334
AWS,LC08_L2SP_115036_20250724_20250730_02_T1,2025-07-24,767,33.825187700000015,33.49946305333336,32.99652898643358,32.878610029283294,0.45116125385489947,0.36973828872957476,0.5329639899047047,0.6667020050250038
AWS,LC08_L2SP_115036_20250724_20250730_02_T1,2025-07-24,765,36.869504180000014,37.15837569885716,37.72710818480002,36.88374288363638,0.7637995826855978,0.7312804809286887,0.6438065149946066,0.7126645992534443
AWS,LC08_L2SP_115036_20250724_20250730_02_T1,2025-07-24,746,40.23055718000003,38.781446910285744,37.1968459354809,36.368601837622755,0.7006024684070079,0.5887997382399093,0.690053222551524,0.7312748803850828
AWS,LC08_L2SP_115036_20250724_20250730_02_T1,2025-07-24,175,31.968063500000028,31.93349266914288,32.07140672783507,32.36505892984548,0.8667341823262976,0.8620257696274598,0.8859611934503732,0.888237435428284
AWS,LC08_L2SP_115036_20250724_20250730_02_T1,2025-07-24,748,38.94310298000005,38.82910387485716,37.52185888098205,36.84361703120645,0.7324066729258445,0.6041259084363658,0.6123095719669385,0.6591216030743043
AWS,LC08_L2SP_115036_20250724_20250730_02_T1,2025-07-24,973,39.05589764000001,39.96066381028574,38.42398494323327,37.04673178903684,0.2814384862931009,0.3205380846674057,0.5605063898326734,0.6955697855068536
ASOS,LC08_L2SP_115036_20250825_20250902_02_T1,2025-08-25,289,42.63342524000003,42.41021817636365,41.98318928317721,40.655617439872046,0.7542952221110116,0.5992830028100966,0.5749762506290667,0.5868498607713353
ASOS,LC08_L2SP_115036_20250825_20250902_02_T1,2025-08-25,251,47.24775224000001,46.96666603612904,47.55583020838712,45.696275222480395,0.515995793923306,0.47222074338231923,0.3900068976078803,0.48445122837546645
ASOS,LC08_L2SP_115036_20250825_20250902_02_T1,2025-08-25,172,41.834747900000025,41.786570094285736,40.45684400158806,41.17862377357637,0.7154450073526001,0.7154469605291637,0.6957210044995552,0.6537480972240043
AWS,LC08_L2SP_115036_20250825_20250902_02_T1,2025-08-25,917,40.77060434,39.76612964342859,38.630057194361726,37.271990806432704,0.3027024133480761,0.4771469482272291,0.6384229149691917,0.6943674611412647
AWS,LC08_L2SP_115036_20250825_20250902_02_T1,2025-08-25,689,42.95585846000004,42.296387752727306,,,0.45710820049994316,0.5573382475586172,,
AWS,LC08_L2SP_115036_20250825_20250902_02_T1,2025-08-25,690,42.28820522000003,41.317031804000024,38.01914840980116,37.09789990940032,0.4342600788792197,0.5081497500595905,0.7065873599264237,0.7574884212326841
AWS,LC08_L2SP_115036_20250825_20250902_02_T1,2025-08-25,731,36.43769432000001,37.41775458800002,37.43284712350517,37.51468435130437,0.7642186283613097,0.7937338529858471,0.7600324739189119,0.7473015018322398
AWS,LC08_L2SP_115036_20250825_20250902_02_T1,2025-08-25,759,,35.21673614545457,33.18106506493452,33.277202914271,,0.5664561629656025,0.830994364559675,0.8300933215091983
ASOS,LC08_L2SP_116034_20200717_20200911_02_T1,2020-07-17,101,39.88533716000003,39.88663926285716,,,0.39060451767904353,0.4078145803994406,,
ASOS,LC08_L2SP_116034_20200717_20200911_02_T1,2020-07-17,129,34.56917672000003,34.33714199085716,35.43291101050281,35.773110734593814,0.45719699803812325,0.5572622596130321,0.5569417500898391,0.5522794292523338
ASOS,LC08_L2SP_116034_20200717_20200911_02_T1,2020-07-17,202,,,,39.032131230008886,,,,0.4825201485551207
ASOS,LC08_L2SP_116034_20200717_20200911_02_T1,2020-07-17,95,40.309171640000024,40.4810817697143,39.19859312329899,36.46640854655916,0.47046010712965547,0.47226732862714443,0.49861846143887023,0.5941252441685689
ASOS,LC08_L2SP_116034_20200717_20200911_02_T1,2020-07-17,112,34.97592110000003,35.65102887885717,37.970829205591116,39.756220431913576,0.4753262838987684,0.5067632284582889,0.3363346552524992,0.25307138377912825
ASOS,LC08_L2SP_116034_20200717_20200911_02_T1,2020-07-17,99,,,,34.947272727904995,,,,0.6329692782943731
ASOS,LC08_L2SP_116034_20200717_20200911_02_T1,2020-07-17,93,40.627047500000025,40.0490440417143,38.411101674639184,36.69973826139737,0.36993383325374235,0.3935052292672358,0.49701740992566373,0.5654716708593505
ASOS,LC08_L2SP_116034_20200717_20200911_02_T1,2020-07-17,177,38.31076928000001,37.88182404628572,36.507675471267625,36.560580771412106,0.5219127059669991,0.5390814283301844,0.552622045740599,0.5590604422944849
AWS,LC08_L2SP_116034_20200717_20200911_02_T1,2020-07-17,542,35.525082980000015,38.00896411052634,34.917529925000025,32.466190744416814,0.7497510718756722,0.49344579210618766,0.5834760545756617,0.6595341259870543
AWS,LC08_L2SP_116034_20200717_20200911_02_T1,2020-07-17,558,34.12939148,34.427963665142876,33.541822605389925,31.833341965558365,0.7313911815556592,0.7047176301324741,0.7315364682183222,0.7640763410815105
AWS,LC08_L2SP_116034_20200717_20200911_02_T1,2020-07-17,577,,35.24452050500002,,31.013970526835006,,0.5033472890319776,,0.5683824259695051
AWS,LC08_L2SP_116034_20200717_20200911_02_T1,2020-07-17,588,37.40043662000003,37.043920857714305,34.976081625567026,33.89772139969264,0.43297445878123497,0.4677255044358686,0.6669387147015403,0.7007715679890839
AWS,LC08_L2SP_116034_20200717_20200911_02_T1,2020-07-17,543,,,35.980334373846176,34.65510538860106,,,0.482434446409657,0.4997304108415479
AWS,LC08_L2SP_116034_20200717_20200911_02_T1,2020-07-17,450,,,39.723372769776695,38.19156072852025,,,0.3770276635991799,0.4529331687318939
AWS,LC08_L2SP_116034_20200717_20200911_02_T1,2020-07-17,404,41.89855094000003,41.73824580200002,39.61639203923666,,0.36482200845610446,0.31522277080789185,0.32274974733978257,
AWS,LC08_L2SP_116034_20200717_20200911_02_T1,2020-07-17,415,42.33947552000004,41.89252871428573,39.498095754780614,39.44388544056784,0.36834911410553445,0.35746713965525906,0.4008391856731,0.4177562592512931
AWS,LC08_L2SP_116034_20200717_20200911_02_T1,2020-07-17,421,38.00314748000002,37.6639496857143,36.20236513144895,36.883284523076945,0.3317669820444615,0.4358113513478402,0.4345044655336151,0.42158651160265276
AWS,LC08_L2SP_116034_20200717_20200911_02_T1,2020-07-17,413,39.88077980000003,40.3347905137143,41.55475306529692,41.43454196742352,0.25182826162255,0.4440388899242833,0.2650903408813813,0.2549173104944744
AWS,LC08_L2SP_116034_20200717_20200911_02_T1,2020-07-17,555,44.50080350000002,42.975425386086975,36.3936922234483,34.32583476843262,0.47734843714908215,0.52629307974733,0.5959843797082994,0.6557816509137673
AWS,LC08_L2SP_116034_20200717_20200911_02_T1,2020-07-17,569,,,,39.75187944729957,,,,0.4213251307723577
AWS,LC08_L2SP_116034_20200717_20200911_02_T1,2020-07-17,573,36.457063100000006,36.228088312571444,35.08969457443301,34.28028089426685,0.766108544007421,0.6399505888736867,0.6698970557505247,0.7028621941113742
AWS,LC08_L2SP_116034_20200717_20200911_02_T1,2020-07-17,574,,,,35.23846942587015,,,,0.6207547352215812
AWS,LC08_L2SP_116034_20200717_20200911_02_T1,2020-07-17,418,37.04610188000004,37.542094560000024,38.468434769532735,,0.12344446578115764,0.24097427472775337,0.40247271461009737,
AWS,LC08_L2SP_116034_20200717_20200911_02_T1,2020-07-17,499,37.821992420000036,37.64392985428574,33.8472187142112,32.499138971662695,0.5493487567679193,0.5275655422482,0.7056525268430471,0.7554843024327726
AWS,LC08_L2SP_116034_20200717_20200911_02_T1,2020-07-17,634,37.33093688,37.58474927942859,40.62449107044778,40.60028611303397,0.5011992445011173,0.47016567049973634,0.3205534329478445,0.44639316769160076
AWS,LC08_L2SP_116034_20200717_20200911_02_T1,2020-07-17,628,40.62932618000002,39.74259413428573,37.35399383278352,36.02392047640426,0.3437198339639232,0.4682935560758073,0.5903906260280254,0.6377986558184028
AWS,LC08_L2SP_116034_20200717_20200911_02_T1,2020-07-17,549,,,43.6773018541606,,,,0.3644919958780315,
AWS,LC08_L2SP_116034_20200717_20200911_02_T1,2020-07-17,652,,,34.587819327252774,36.027696861636116,,,0.6153566986227429,0.5893009840627232
AWS,LC08_L2SP_116034_20200717_20200911_02_T1,2020-07-17,512,39.022856780000005,38.25722030000002,35.103881462402846,36.15288197310954,0.28023998308256787,0.2701654794176254,0.4621194327365207,0.43829243785066374
AWS,LC08_L2SP_116034_20200717_20200911_02_T1,2020-07-17,516,37.07572472000002,37.075073668571456,36.35153534715738,36.016907636286355,0.5261143737647277,0.5554690223719747,0.5547428054937705,0.5639310987702462
AWS,LC08_L2SP_116034_20200717_20200911_02_T1,2020-07-17,506,34.91439674000003,34.93383062514288,35.26779234772256,34.63269629439906,0.7143566910275428,0.699329101982031,0.5932366932204524,0.6188887382649805
AWS,LC08_L2SP_116034_20200717_20200911_02_T1,2020-07-17,514,33.18487862000003,32.62881559485716,32.39216321434848,33.238736265816755,0.4661612254540648,0.5317172688499636,0.583005029191118,0.5541535823282693
AWS,LC08_L2SP_116034_20200717_20200911_02_T1,2020-07-17,531,32.589003800000036,32.63096406457145,31.88246952755557,31.191861985079136,0.7783109503609924,0.7419267167888185,0.6908315815875476,0.718869636389854
AWS,LC08_L2SP_116034_20200717_20200911_02_T1,2020-07-17,416,37.89035282000001,37.25068771478262,33.44418050044778,33.97726063699178,0.3590216523228629,0.3374206221348069,0.6707489800185458,0.6658150424424988
AWS,LC08_L2SP_116034_20200717_20200911_02_T1,2020-07-17,978,36.44111234000002,36.526920918285725,34.78553567983363,34.0390355973045,0.40720748344105556,0.4381068723131583,0.6248143109144879,0.6555855760848522
AWS,LC08_L2SP_116034_20200717_20200911_02_T1,2020-07-17,970,31.296992240000026,31.636222586857166,32.26619080000002,32.943173820074456,0.761239122113761,0.7852722117036084,0.7640890555559975,0.718160306417377
AWS,LC08_L2SP_116034_20200717_20200911_02_T1,2020-07-17,541,40.06535287999998,39.35782274000002,40.10938264059174,39.79621474213485,0.5264255449147927,0.42590588916174066,0.4410256423687539,0.4635621317420133
AWS,LC08_L2SP_116034_20200717_20200911_02_T1,2020-07-17,502,35.65838576000001,34.48997631371431,31.91642257132532,31.723515986622363,0.46812434717066204,0.5334335467853252,0.6031130040418423,0.5974335062135896
AWS,LC08_L2SP_116034_20200717_20200911_02_T1,2020-07-17,501,,,34.59468802869567,34.23345456088498,,,0.5820145665209239,0.5811414088294085
AWS,LC08_L2SP_116034_20200717_20200911_02_T1,2020-07-17,632,36.85013540000002,36.45391316000001,35.78771597398232,35.56080901819097,0.5586031489289559,0.6047364938698505,0.6356925934495599,0.6371923547389676
AWS,LC08_L2SP_116034_20200717_20200911_02_T1,2020-07-17,533,,,,36.524810728258906,,,,0.6061336245542491
ASOS,LC08_L2SP_116034_20230624_20230630_02_T1,2023-06-24,101,39.66088718000001,39.8194507554286,38.34324405283021,39.16463018537099,0.47421679387147536,0.46455018221094885,0.48587471882495625,0.4119714315842011
ASOS,LC08_L2SP_116034_20230624_20230630_02_T1,2023-06-24,129,39.00804536000002,38.41669534742859,38.28435196404764,37.81774041625362,0.27728070042645253,0.3627200449134951,0.45438477606347416,0.4766761380358483
ASOS,LC08_L2SP_116034_20230624_20230630_02_T1,2023-06-24,202,,,,39.73910300155846,,,,0.39975141956842974
ASOS,LC08_L2SP_116034_20230624_20230630_02_T1,2023-06-24,95,40.95289874,40.72288227028574,39.597616615051564,37.28414630961925,0.42583441786569587,0.4151333392795129,0.4545493935083225,0.5439268810852045
ASOS,LC08_L2SP_116034_20230624_20230630_02_T1,2023-06-24,98,34.94174090000001,36.042929286285734,39.40432817134022,39.45468455746533,0.7922671109987972,0.7384853003014584,0.45271562243320873,0.4559897589640234
ASOS,LC08_L2SP_116034_20230624_20230630_02_T1,2023-06-24,112,35.58546800000003,36.49537747657145,38.92907305095776,40.32080264847152,0.4952625989727517,0.5385606425145811,0.3388573722910698,0.2685883009691592
ASOS,LC08_L2SP_116034_20230624_20230630_02_T1,2023-06-24,232,37.902885559999994,37.36123296636365,,,0.457071288293944,0.5858958382058145,,
ASOS,LC08_L2SP_116034_20230624_20230630_02_T1,2023-06-24,93,41.981722760000004,41.26371069200001,39.974045154433014,38.049875371968525,0.40382858601117005,0.39022139508023057,0.4135241373318892,0.46909774695429846
ASOS,LC08_L2SP_116034_20230624_20230630_02_T1,2023-06-24,177,41.01784111999999,40.37932243142859,39.33301566701033,39.277400927311795,0.40441522256423695,0.4411126821128577,0.4467050864411473,0.4511490284056421
ASOS,LC08_L2SP_116034_20230624_20230630_02_T1,2023-06-24,119,,,39.56857696540261,39.44413941502278,,,0.43349990198599897,0.408385280340328
ASOS,LC08_L2SP_116034_20230624_20230630_02_T1,2023-06-24,239,35.179862960000015,34.847501205714295,34.73339560930717,36.1924281581116,0.5527049271213377,0.6647002571338515,0.5946643937522332,0.5292601643601248
ASOS,LC08_L2SP_116034_20230624_20230630_02_T1,2023-06-24,181,35.75978702000001,35.34955951485716,35.98117728833924,36.506705936670066,0.4265033136556626,0.5424741082776804,0.5214023092700792,0.5004030977646249
AWS,LC08_L2SP_116034_20230624_20230630_02_T1,2023-06-24,558,34.07584250000002,34.108232308571445,33.90432893542934,32.497323961086394,0.6885878113305796,0.6324053285299194,0.6799133585378097,0.7187526668297287
AWS,LC08_L2SP_116034_20230624_20230630_02_T1,2023-06-24,627,42.437458760000005,42.09692631028574,39.75160370164951,37.91412307171923,0.41879062864082095,0.3334623112579605,0.4353725095682267,0.4824747424860709
AWS,LC08_L2SP_116034_20230624_20230630_02_T1,2023-06-24,403,42.50012246000002,42.62867256457145,37.96427129307986,37.8295049024343,0.29226366906515505,0.3233482070065988,0.3850687405438766,0.37129652914864036
AWS,LC08_L2SP_116034_20230624_20230630_02_T1,2023-06-24,408,36.508333400000026,36.49401026857145,36.453051027237365,38.295766836068005,0.20738040322049678,0.3172790874468031,0.4830683167933285,0.4003445567511892
AWS,LC08_L2SP_116034_20230624_20230630_02_T1,2023-06-24,551,38.89752938000004,39.86722979214288,41.05988644129034,39.135708423959535,0.5431783439089672,0.46968932363251986,0.39693232768449827,0.4495776900552736
AWS,LC08_L2SP_116034_20230624_20230630_02_T1,2023-06-24,413,39.05817632000003,39.41485484514288,40.51979880491063,40.73234790431914,0.2595297571402563,0.3330044598851307,0.221236597062332,0.23895085921412026
AWS,LC08_L2SP_116034_20230624_20230630_02_T1,2023-06-24,496,36.45592376000002,36.78122160628574,34.99844557773198,34.73143581568558,0.5069030712941284,0.5586438126658105,0.6007104937497849,0.6055323164068479
AWS,LC08_L2SP_116034_20230624_20230630_02_T1,2023-06-24,889,37.158326870000025,37.31672511263161,35.79820026292081,,0.5123004453914785,0.5351478826867244,0.5949959006577102,
AWS,LC08_L2SP_116034_20230624_20230630_02_T1,2023-06-24,608,,,36.16165922236844,37.33595420556846,,,0.6278191696758939,0.5649947661927984
AWS,LC08_L2SP_116034_20230624_20230630_02_T1,2023-06-24,515,34.839200300000016,34.70091697657144,34.78337655525775,35.85157558984485,0.5788216434930548,0.5101557190632253,0.5126407999748658,0.49989865049454096
AWS,LC08_L2SP_116034_20230624_20230630_02_T1,2023-06-24,538,37.359420379999996,37.14392235714287,35.854297426391774,34.118536273816225,0.500577220623339,0.4998276814343149,0.5711188791522737,0.6659987332555755
AWS,LC08_L2SP_116034_20230624_20230630_02_T1,2023-06-24,651,,,31.770642740487823,32.16259924688241,,,0.7116885274799886,0.676638545003047
AWS,LC08_L2SP_116034_20230624_20230630_02_T1,2023-06-24,628,41.03493122000001,40.13371328000002,38.408225244046534,37.393941408205144,0.2876736581103435,0.3881971569238317,0.45582617758851834,0.47256454840568973
AWS,LC08_L2SP_116034_20230624_20230630_02_T1,2023-06-24,545,35.12973199999999,35.57016829142858,35.20296707918369,34.96803392174718,0.7261484008540521,0.6331523865267882,0.6049639209086931,0.5762013612373245
AWS,LC08_L2SP_116034_20230624_20230630_02_T1,2023-06-24,546,36.40807147999999,35.63439260000002,34.578868460580665,,0.4859437751004016,0.5447247374872116,0.6803342203871258,
AWS,LC08_L2SP_116034_20230624_20230630_02_T1,2023-06-24,534,36.935585900000014,37.09733962742859,37.54277973010311,36.76697329028411,0.5913037871380513,0.5843970397450079,0.5127203720791015,0.5351080620882537
AWS,LC08_L2SP_116034_20230624_20230630_02_T1,2023-06-24,531,35.20834646000001,34.993694804000015,32.623737276618726,32.241430929584105,0.5711634762132259,0.6122375541803304,0.699655844938107,0.7207045408346884
AWS,LC08_L2SP_116034_20230624_20230630_02_T1,2023-06-24,548,36.31692428,36.05181613828573,36.22578493751726,35.973590329594614,0.7745759036496186,0.529550886342585,0.5919032858901357,0.6079161669902615
AWS,LC08_L2SP_116034_20230624_20230630_02_T1,2023-06-24,978,35.87258168000002,35.86138359542859,34.06510294804126,32.40289384405197,0.5535677406948173,0.5124732258983323,0.6281399047417173,0.6930687634413261
AWS,LC08_L2SP_116034_20230624_20230630_02_T1,2023-06-24,495,,,,36.65379018163468,,,,0.5082654867670249
AWS,LC08_L2SP_116034_20230624_20230630_02_T1,2023-06-24,676,37.60209980000002,37.28210802285717,34.66625443238263,36.05639419396029,0.6157630561978056,0.5333646442873061,0.6359676141617396,0.6007243444811163
AWS,LC08_L2SP_116034_20230624_20230630_02_T1,2023-06-24,631,,36.745140836923085,38.68423948805463,38.97705208745285,,0.4890344903007829,0.3220207793568133,0.30394130252728196
AWS,LC08_L2SP_116034_20230624_20230630_02_T1,2023-06-24,602,,,,37.81058225379266,,,,0.4630959655218058
AWS,LC08_L2SP_116034_20230624_20230630_02_T1,2023-06-24,505,33.86962196000002,33.858228560000015,36.30535077814435,34.70800723975954,0.629279869505733,0.6677765646947971,0.5848704067746211,0.6309252479041255
AWS,LC08_L2SP_116034_20230624_20230630_02_T1,2023-06-24,629,42.017042300000014,40.66333547900001,35.80069337441627,35.07575069347632,0.27916195088568935,0.43128377955752384,0.5876543719363853,0.6299667310030839
AWS,LC08_L2SP_116034_20230624_20230630_02_T1,2023-06-24,574,34.697922140000024,34.87894698971431,35.05945689934623,35.300967846256526,0.6341051540565178,0.5952647723426618,0.5891012352888844,0.5816591823068071
AWS,LC08_L2SP_116034_20230624_20230630_02_T1,2023-06-24,539,35.296075640000005,35.57368396914287,35.71206394350517,34.68386777930148,0.6994804318675562,0.6437894993258394,0.6075447980086156,0.6538597380477129
AWS,LC08_L2SP_116034_20230624_20230630_02_T1,2023-06-24,499,38.720931680000014,38.42734003828574,34.41773552974229,33.34696816832866,0.5677781913430388,0.5393684354982909,0.6563127623578648,0.6902525068528709
AWS,LC08_L2SP_116034_20230624_20230630_02_T1,2023-06-24,400,,,,37.806374080799536,,,,0.4643950610437145
AWS,LC08_L2SP_116034_20230624_20230630_02_T1,2023-06-24,541,37.80490232000002,37.082983943428594,36.56449546025524,37.513083103916735,0.522704557868152,0.4712579279435378,0.47053083742110285,0.4549307748539791
AWS,LC08_L2SP_116034_20230624_20230630_02_T1,2023-06-24,977,39.308831120000015,38.92695690457145,37.20558990371136,36.52124052758623,0.3279867491570159,0.404738946823071,0.4983098996003471,0.5290242398066862
AWS,LC08_L2SP_116034_20230624_20230630_02_T1,2023-06-24,519,35.122895960000015,35.672806549142884,34.85421139814435,33.27157185844835,0.5897273760419859,0.5930784986609497,0.6402351472626522,0.6896491712162891
AWS,LC08_L2SP_116034_20230624_20230630_02_T1,2023-06-24,549,,39.99935880153847,,,,0.44440329874261236,,
AWS,LC08_L2SP_116034_20230624_20230630_02_T1,2023-06-24,652,40.47095792000001,40.360181519428586,36.808058266360675,35.08003702062782,0.42867979958773567,0.4448430051207793,0.5748546297494211,0.6361107125547447
AWS,LC08_L2SP_116034_20230624_20230630_02_T1,2023-06-24,428,37.23181430000002,37.41746161485717,38.44471798503939,37.743178189409726,0.6446089216862617,0.5214907322322944,0.418372846698983,0.4168157793500587
AWS,LC08_L2SP_116034_20230624_20230630_02_T1,2023-06-24,586,,,30.69513970316356,30.316391745617995,,,0.790160880029266,0.8094952740189787
AWS,LC08_L2SP_116034_20230624_20230630_02_T1,2023-06-24,500,34.41422647999999,34.33460289028573,33.251817781443314,32.137732825644015,0.6252055417075182,0.5321247152936747,0.6056457070197167,0.6377372503858844
AWS,LC08_L2SP_116034_20230624_20230630_02_T1,2023-06-24,568,34.49284094000001,35.34330942114286,36.814385181649506,34.57285114138356,0.6605574461086895,0.6006831759640754,0.5668103659930286,0.6464847074408417
AWS,LC08_L2SP_116034_20230624_20230630_02_T1,2023-06-24,611,39.313388480000015,39.38272545714288,38.05788278309281,37.66137026953337,0.5414557212543801,0.5069191160800908,0.4864273077576173,0.49906658698600465
AWS,LC08_L2SP_116034_20230624_20230630_02_T1,2023-06-24,444,38.48053094000003,38.53700965142859,39.963528772164956,39.4090240717442,0.5523501128764916,0.4617705074814343,0.3799797262067631,0.4145740496196304
AWS,LC08_L2SP_116034_20230624_20230630_02_T1,2023-06-24,367,41.169373340000014,40.963231375172434,36.720340884752495,36.25348582880002,0.31813883176114305,0.3276587239794461,0.48785827307747553,0.49582110360810505
AWS,LC08_L2SP_116034_20230624_20230630_02_T1,2023-06-24,599,35.64243500000001,34.97621407314287,31.72100629809274,30.848300955909114,0.4948203739572183,0.5333197387606406,0.7154399713534906,0.7681552023971274
AWS,LC08_L2SP_116034_20230624_20230630_02_T1,2023-06-24,573,37.64767340000003,37.22031732363639,34.68738783911292,33.27845617684213,0.6411634087229247,0.5185693636263382,0.6338676647389485,0.6810597078351424
AWS,LC08_L2SP_116034_20230624_20230630_02_T1,2023-06-24,502,,,,31.03561388818899,,,,0.6500561956875197
AWS,LC08_L2SP_116034_20230624_20230630_02_T1,2023-06-24,565,,,,34.85000466733455,,,,0.5632047692776178
AWS,LC08_L2SP_116034_20230624_20230630_02_T1,2023-06-24,970,33.983555960000025,33.703538740571446,33.79160653443301,34.21192170773549,0.6214206807319429,0.6775273792911001,0.6701683945868009,0.6376035037166922
AWS,LC08_L2SP_116034_20230624_20230630_02_T1,2023-06-24,874,39.1572989,38.73222742228574,34.62713428020621,32.587699789765644,0.4588834056599415,0.5611548813357203,0.666749105057108,0.73999309111315
AWS,LC08_L2SP_116034_20230624_20230630_02_T1,2023-06-24,415,43.67592134,42.688536743428585,39.957335021448394,39.739352106369104,0.3687345914259856,0.33471469903790635,0.4103575322965868,0.419941329871097
AWS,LC08_L2SP_116034_20230624_20230630_02_T1,2023-06-24,571,,,,35.574612571351366,,,,0.558913784674243
AWS,LC08_L2SP_116034_20230624_20230630_02_T1,2023-06-24,634,,,41.77890849422682,38.62862956673594,,,0.3172947134267238,0.4556053590188519
AWS,LC08_L2SP_116034_20230624_20230630_02_T1,2023-06-24,512,40.95973478000002,39.94904254228574,36.40331165888504,36.924540112233316,0.30310481888240415,0.26720578576436604,0.49418432650016236,0.476629260572334
AWS,LC08_L2SP_116034_20230624_20230630_02_T1,2023-06-24,588,36.7589882,36.58717572800002,34.93208978969074,33.23958559624248,0.3400233572742815,0.3929895894889066,0.6118159596423368,0.682582219723403
AWS,LC08_L2SP_116034_20230624_20230630_02_T1,2023-06-24,507,36.30211286,36.71248241272729,35.333399270863325,,0.6766754279355013,0.6394374876594459,0.6098125818422648,
AWS,LC08_L2SP_116034_20230624_20230630_02_T1,2023-06-24,511,35.24138732000002,35.148091650285735,34.332327118762905,33.63614699864409,0.4524504317410636,0.4749420167000765,0.5160369382298399,0.5705345640506326
AWS,LC08_L2SP_116034_20230624_20230630_02_T1,2023-06-24,637,,,,34.504994888366966,,,,0.582157183046178
AWS,LC08_L2SP_116034_20230624_20230630_02_T1,2023-06-24,569,,,,38.91564009885716,,,,0.43125465911920374
AWS,LC08_L2SP_116034_20230624_20230630_02_T1,2023-06-24,514,35.447607860000026,35.192330594857175,34.472391548866,34.96803661780532,0.48238879856709077,0.4615770514051239,0.5381377945251312,0.5192517075966798
AWS,LC08_L2SP_116034_20230624_20230630_02_T1,2023-06-24,543,,,35.52819307027029,34.30512435212082,,,0.49028706033724684,0.5174229166001107
AWS,LC08_L2SP_116034_20230624_20230630_02_T1,2023-06-24,421,37.22042090000002,36.96462279371429,36.88854151563638,38.12448202824549,0.36571343228834396,0.4297853069096593,0.4318146136043548,0.37903847294544696
AWS,LC08_L2SP_116034_20230624_20230630_02_T1,2023-06-24,409,43.29652112,42.64078212114287,40.64512211679445,40.44901159428116,0.25802622199788905,0.23809933026364785,0.22879116837361435,0.24540823572331685
AWS,LC08_L2SP_116034_20230624_20230630_02_T1,2023-06-24,326,32.059210699999994,31.681242793142875,29.596662366391765,29.256823658310232,0.6294137898620799,0.7137478549339648,0.7871196577575186,0.7975528675496162
AWS,LC08_L2SP_116034_20230624_20230630_02_T1,2023-06-24,550,39.33047858000003,38.89140949657145,37.29250079484538,37.437920066191666,0.46653766538605296,0.4255966431904114,0.5044645936793831,0.5062676886929528
AWS,LC08_L2SP_116034_20230624_20230630_02_T1,2023-06-24,650,,,,32.69408438269665,,,,0.6986377773805931
AWS,LC08_L2SP_116034_20230624_20230630_02_T1,2023-06-24,555,38.41900658000001,36.86374237485715,32.23100402342859,31.112525335053782,0.4751871746328004,0.4701836562684997,0.5992861550244847,0.6937113448979481
ASOS,LC08_L2SP_116034_20240626_20240709_02_T1,2024-06-26,101,39.69506738000001,39.959784890857165,39.79631956747665,39.10337014000002,0.455910600321896,0.4572105348153283,0.4225814234056266,0.39333852259986124
ASOS,LC08_L2SP_116034_20240626_20240709_02_T1,2024-06-26,129,37.08483944000002,36.79606557885717,36.921304711307705,36.28040072601705,0.2978228708403629,0.36245029345907953,0.4345595387175001,0.48172448233799514
ASOS,LC08_L2SP_116034_20240626_20240709_02_T1,2024-06-26,202,,,,38.337516116116525,,,,0.3712297617294779
ASOS,LC08_L2SP_116034_20240626_20240709_02_T1,2024-06-26,203,35.84751620000001,36.09293003600002,35.10685906432992,34.512351872947384,0.5180199643133211,0.5494093469779363,0.5559712449724068,0.5578476459413091
ASOS,LC08_L2SP_116034_20240626_20240709_02_T1,2024-06-26,201,38.34153146000002,39.007622176571445,37.10929805505157,35.86876628595634,0.6412993711008331,0.4878575696866551,0.5907438761849328,0.6138542752103029
ASOS,LC08_L2SP_116034_20240626_20240709_02_T1,2024-06-26,95,39.54752285000001,40.11842213789476,39.80451128730629,36.564228350440224,0.37548393698932736,0.35148482598499103,0.37447855692591014,0.5124064425129109
ASOS,LC08_L2SP_116034_20240626_20240709_02_T1,2024-06-26,98,35.773459100000046,37.164332819428594,40.51863401340208,40.308029364397385,0.804927480039067,0.7409796792831315,0.4130708185467436,0.4301594738533014
ASOS,LC08_L2SP_116034_20240626_20240709_02_T1,2024-06-26,108,36.95153665999999,36.417755870000015,,,0.4156773068529482,0.5295398653169382,,
ASOS,LC08_L2SP_116034_20240626_20240709_02_T1,2024-06-26,99,34.65006986000001,35.16889274342859,34.77651310845363,35.29432830407674,0.6264221665414073,0.6628719169894872,0.6113784825291292,0.5999735484080158
ASOS,LC08_L2SP_116034_20240626_20240709_02_T1,2024-06-26,112,36.72366866000001,37.534260241142874,40.07530269343535,41.623340606532274,0.5126050144596787,0.6105811246104064,0.3553434541311298,0.2588054432515221
ASOS,LC08_L2SP_116034_20240626_20240709_02_T1,2024-06-26,232,32.97068270000002,33.06629961846156,34.01483796387502,,0.5107426704952364,0.5199328459786278,0.55839742365861,
ASOS,LC08_L2SP_116034_20240626_20240709_02_T1,2024-06-26,93,41.02467716000001,40.664971245714305,39.80666397113404,37.62124685998854,0.3738384552465622,0.3725258626247756,0.39542262323224775,0.4651295684668569
ASOS,LC08_L2SP_116034_20240626_20240709_02_T1,2024-06-26,177,38.49989972000003,38.29481852000003,37.497182638556716,37.524282094948475,0.46820748611920754,0.46485445168461864,0.45395909556465214,0.45287761739014987
ASOS,LC08_L2SP_116034_20240626_20240709_02_T1,2024-06-26,119,,,,39.482305907737725,,,,0.3109489377981813
AWS,LC08_L2SP_116034_20240626_20240709_02_T1,2024-06-26,558,33.60643442000003,33.97873817942858,33.74505412000001,31.658596835518452,0.6323949339833844,0.5953586516800461,0.6725565822299293,0.7410004545761915
AWS,LC08_L2SP_116034_20240626_20240709_02_T1,2024-06-26,434,38.06011448,37.67654753085716,37.84607796307342,38.185332015071445,0.22680949629540223,0.38321679043751383,0.40678133430041463,0.4074638225677829
AWS,LC08_L2SP_116034_20240626_20240709_02_T1,2024-06-26,627,42.52860596000003,42.35103168285716,39.93957131010311,37.6546133729088,0.40338863728663926,0.3007338206665139,0.4361874514759395,0.5027146806151446
AWS,LC08_L2SP_116034_20240626_20240709_02_T1,2024-06-26,665,,,,29.13025162029014,,,,0.7965113720810351
AWS,LC08_L2SP_116034_20240626_20240709_02_T1,2024-06-26,551,36.71569328,37.33386661142858,38.42867794897144,36.50746421733439,0.5738528850999337,0.4664888029503093,0.3960541773377791,0.439775575460141
AWS,LC08_L2SP_116034_20240626_20240709_02_T1,2024-06-26,572,39.34756868000003,39.21358229600002,38.65913716721651,37.78336974045834,0.6031029728249785,0.38747598352909857,0.42747767244239215,0.48425383128572247
AWS,LC08_L2SP_116034_20240626_20240709_02_T1,2024-06-26,590,,,,37.716400839477075,,,,0.5224770536598156
AWS,LC08_L2SP_116034_20240626_20240709_02_T1,2024-06-26,508,,,27.819586333538485,,,,0.7946973733257202,
AWS,LC08_L2SP_116034_20240626_20240709_02_T1,2024-06-26,515,33.70099964000004,33.15499535942859,32.87808144720282,33.81509962907832,0.6574224459566191,0.563980197714821,0.5728750111412079,0.558718880242314
AWS,LC08_L2SP_116034_20240626_20240709_02_T1,2024-06-26,418,,,,38.20681721417325,,,,0.449647263469151
AWS,LC08_L2SP_116034_20240626_20240709_02_T1,2024-06-26,628,39.51277298000002,39.118658997714306,37.24892797255174,36.130764110181,0.24087511959599742,0.3506531871225137,0.44415403546473714,0.47751535380766774
AWS,LC08_L2SP_116034_20240626_20240709_02_T1,2024-06-26,692,38.85309512000001,38.30517023771431,33.047242534309646,32.57623591685293,0.5593138069547534,0.3963674658337775,0.6846316957283336,0.7063024404137292
AWS,LC08_L2SP_116034_20240626_20240709_02_T1,2024-06-26,546,38.17063046000004,37.41843819200003,34.55270807818184,33.507902382627364,0.43189042292078533,0.533020566690248,0.6849003605834719,0.7128968784611016
AWS,LC08_L2SP_116034_20240626_20240709_02_T1,2024-06-26,967,25.245957500000014,25.244525186857167,,,0.7635932327448525,0.6062834760734196,,
AWS,LC08_L2SP_116034_20240626_20240709_02_T1,2024-06-26,978,35.084158400000014,35.315476972571446,33.488158399175276,31.577962704092506,0.5866028856804554,0.5320306515388231,0.6192015012462322,0.6908634683950182
AWS,LC08_L2SP_116034_20240626_20240709_02_T1,2024-06-26,495,,,,35.13855735388921,,,,0.49631764996601524
AWS,LC08_L2SP_116034_20240626_20240709_02_T1,2024-06-26,676,35.960310860000014,35.654153925714304,32.86240233216497,33.6697811500252,0.5524128036748716,0.46033198815011483,0.6262525269120538,0.6130478253339496
AWS,LC08_L2SP_116034_20240626_20240709_02_T1,2024-06-26,632,35.36443604000002,34.84115345428574,32.764180261443315,31.696299462843783,0.4250567454365762,0.46373209184922154,0.5873198163314349,0.657149877324685
AWS,LC08_L2SP_116034_20240626_20240709_02_T1,2024-06-26,649,36.80456180000002,36.883469233142876,38.59906536783507,36.72683291346123,0.39540612113563983,0.47843285673176167,0.44488848736757897,0.5382649264533884
AWS,LC08_L2SP_116034_20240626_20240709_02_T1,2024-06-26,631,37.441452860000005,37.56900940347828,37.98667734940453,37.86123888520002,0.473290664788036,0.4172522704505626,0.29028678880415165,0.29456199610717754
AWS,LC08_L2SP_116034_20240626_20240709_02_T1,2024-06-26,505,35.098969820000036,34.63822072400002,36.33996165649486,34.822332390876305,0.5634075907937189,0.6350924538328504,0.5645623261454612,0.6015743459465692
AWS,LC08_L2SP_116034_20240626_20240709_02_T1,2024-06-26,533,37.18168334000003,37.476772400000016,36.19839750010364,35.85107582554164,0.6544624318565907,0.524359481642176,0.5367805519834913,0.5366384660947086
AWS,LC08_L2SP_116034_20240626_20240709_02_T1,2024-06-26,309,33.268050440000025,32.943175777142876,31.121884861516605,32.00268377994228,0.5713473143925321,0.6441671199482103,0.7215354484330736,0.6961302572685724
AWS,LC08_L2SP_116034_20240626_20240709_02_T1,2024-06-26,576,33.53693468000002,33.056361068000015,31.677637511958785,31.301848878284215,0.4832876666047426,0.572211209773303,0.6553613439986601,0.6854728375180121
AWS,LC08_L2SP_116034_20240626_20240709_02_T1,2024-06-26,574,33.65086868000003,33.86838496228573,34.64631396675864,34.57944884352321,0.5790290489569125,0.5890756171889748,0.5740344827907605,0.567580666341516
AWS,LC08_L2SP_116034_20240626_20240709_02_T1,2024-06-26,412,,,,39.2551757884702,,,,0.4054363501084025
AWS,LC08_L2SP_116034_20240626_20240709_02_T1,2024-06-26,539,,,,36.31680617768295,,,,0.5923356146041253
AWS,LC08_L2SP_116034_20240626_20240709_02_T1,2024-06-26,499,39.24047072000002,38.81191611714288,33.5874924030928,32.5443105546121,0.47816599350770944,0.42477068170135546,0.651865064287721,0.6897788246840825
AWS,LC08_L2SP_116034_20240626_20240709_02_T1,2024-06-26,567,38.280007100000034,37.30984281371431,34.86887795360826,34.28395552516463,0.701403517051264,0.5569061725723321,0.6729648748517673,0.6934677001904446
AWS,LC08_L2SP_116034_20240626_20240709_02_T1,2024-06-26,666,21.07141574000002,,,,0.6690427372332928,,,
AWS,LC08_L2SP_116034_20240626_20240709_02_T1,2024-06-26,652,42.814580300000024,42.74752200285716,38.667578687385344,36.35250368092838,0.47493075853764455,0.3780262156634319,0.5445651398669759,0.6415500390035539
AWS,LC08_L2SP_116034_20240626_20240709_02_T1,2024-06-26,428,36.80684048000004,37.20095446228574,38.74699765569894,36.857825861002674,0.6635451258191931,0.5158422391488783,0.4327825277709454,0.5021215179219752
AWS,LC08_L2SP_116034_20240626_20240709_02_T1,2024-06-26,500,37.65223076000003,37.77254506400001,35.59860646506331,34.20705694482637,0.5272135296611228,0.47090291224491065,0.5807256294430154,0.648523159051879
AWS,LC08_L2SP_116034_20240626_20240709_02_T1,2024-06-26,427,41.81537912000001,41.29007827485715,40.89801877986177,39.113873321743135,0.4849567103482529,0.36694885323045684,0.32887624647313246,0.4174383850943067
AWS,LC08_L2SP_116034_20240626_20240709_02_T1,2024-06-26,568,,,40.479203562046536,37.225938925499,,,0.39917781789946244,0.5395239065923085
AWS,LC08_L2SP_116034_20240626_20240709_02_T1,2024-06-26,410,39.05020094,38.92217167657145,39.54607616226806,41.08035506139177,0.4042641428007833,0.4530615630803017,0.4954099478350774,0.3325951343754069
AWS,LC08_L2SP_116034_20240626_20240709_02_T1,2024-06-26,441,38.59104692,38.568943724000015,35.33351724969074,35.86191630945321,0.3959152772713459,0.40802110666750835,0.5963543674288911,0.5820069174514928
AWS,LC08_L2SP_116034_20240626_20240709_02_T1,2024-06-26,371,41.61029792000003,41.15413873657144,38.59685467951836,37.542573119788045,0.3507640951191436,0.24687270844736814,0.4381227079903301,0.4912626063270391
AWS,LC08_L2SP_116034_20240626_20240709_02_T1,2024-06-26,367,41.65245350000006,41.53474789172417,36.798799073557966,35.02992098487635,0.2006231062521577,0.2521153853967863,0.4780391495593868,0.5331927860042569
AWS,LC08_L2SP_116034_20240626_20240709_02_T1,2024-06-26,433,37.949598500000036,38.23983722685716,39.394516535463936,39.7942911255345,0.34099727708239747,0.49248648568851233,0.3846778461634536,0.3902600922825187
AWS,LC08_L2SP_116034_20240626_20240709_02_T1,2024-06-26,450,36.524284160000015,36.134141591428595,37.67050326783507,37.80423649340489,0.5323450413345205,0.6071284288574987,0.49293676706268763,0.4992317752698159
AWS,LC08_L2SP_116034_20240626_20240709_02_T1,2024-06-26,364,41.85297734000002,40.52473476800001,38.08818724204365,37.6817130552411,0.36256736848250776,0.3593567679910731,0.45902647090162185,0.4786360039880972
AWS,LC08_L2SP_116034_20240626_20240709_02_T1,2024-06-26,438,40.08700034000001,39.912127926285734,37.94373344391755,38.29996142008708,0.3718671806418044,0.32259894384187904,0.45814521128325564,0.4564773527600536
AWS,LC08_L2SP_116034_20240626_20240709_02_T1,2024-06-26,444,39.28490498000002,39.09561177714287,40.10549993278352,39.80155277758376,0.4800906215146266,0.4094376799269313,0.34875387431965504,0.38571338339582373
AWS,LC08_L2SP_116034_20240626_20240709_02_T1,2024-06-26,445,36.64619354000001,35.608547773142874,34.70535465800002,35.651285057450444,0.28121632769639415,0.5697467898742459,0.5318385488570825,0.5435473950263336
AWS,LC08_L2SP_116034_20240626_20240709_02_T1,2024-06-26,437,42.40555724000001,42.328863381714314,40.77146569670105,38.8302779506621,0.20305307231224254,0.2761459926093299,0.2568586234256134,0.32804215333939213
AWS,LC08_L2SP_116034_20240626_20240709_02_T1,2024-06-26,376,39.18920042000002,38.50820062571431,35.297387845379326,34.85043754513679,0.40786389069402773,0.5368863763605342,0.6786704466838446,0.6661663024332847
AWS,LC08_L2SP_116034_20240626_20240709_02_T1,2024-06-26,573,37.406133320000016,37.112769546285726,34.460794555463934,33.1389078188991,0.6532952102973892,0.4991024031498934,0.6230147977331612,0.6768617204012618
AWS,LC08_L2SP_116034_20240626_20240709_02_T1,2024-06-26,506,35.447607859999984,35.52807781657145,35.438721008000016,35.85556087087752,0.6172315204665134,0.6142783383155376,0.5493352368576007,0.520301450163283
AWS,LC08_L2SP_116034_20240626_20240709_02_T1,2024-06-26,502,38.096573360000015,36.68161073771431,33.87104333334428,33.80873272144682,0.40091461370803533,0.4514363954782667,0.6777500074316218,0.653083811008779
AWS,LC08_L2SP_116034_20240626_20240709_02_T1,2024-06-26,656,33.11423954000001,32.20586003428574,31.49786702637746,31.21023103925167,0.7970973926625226,0.6580107977191461,0.44674649841944164,0.5074925229558752
AWS,LC08_L2SP_116034_20240626_20240709_02_T1,2024-06-26,417,43.41387314,43.011490804571444,42.17617795051549,40.97023452242269,0.26411292311106477,0.2210026889821814,0.2335288622982336,0.3107566680615143
AWS,LC08_L2SP_116034_20240626_20240709_02_T1,2024-06-26,565,37.58387036000001,37.68855942971431,36.15439018577322,35.1186751485591,0.4532781148618647,0.4737084022509407,0.5136381427204809,0.5429120645749754
AWS,LC08_L2SP_116034_20240626_20240709_02_T1,2024-06-26,419,,,,37.77272058394596,,,,0.4803703499610349
AWS,LC08_L2SP_116034_20240626_20240709_02_T1,2024-06-26,970,,,32.185219121926366,32.58196956060978,,,0.6547028296888858,0.6224955746440388
AWS,LC08_L2SP_116034_20240626_20240709_02_T1,2024-06-26,510,41.672961620000024,41.22806562628574,39.86524797257734,40.54860762442872,0.2938713126066799,0.23945724173458263,0.32277011972157604,0.33054574638195594
AWS,LC08_L2SP_116034_20240626_20240709_02_T1,2024-06-26,874,37.44942824000003,36.73610374228574,32.95080318137933,31.31848268043943,0.465452939553334,0.531580999784863,0.6689363107053148,0.7277798952282173
AWS,LC08_L2SP_116034_20240626_20240709_02_T1,2024-06-26,415,42.33491816000001,41.76088611542858,39.60467095895956,39.658148407059294,0.3855144078319855,0.350847753377514,0.40577172661853084,0.42190695126573363
AWS,LC08_L2SP_116034_20240626_20240709_02_T1,2024-06-26,504,40.84807946000003,40.70344838514287,39.156269187216516,39.23153589578949,0.2813421157639977,0.3277034087298095,0.4183390357676325,0.42411268781736905
AWS,LC08_L2SP_116034_20240626_20240709_02_T1,2024-06-26,598,43.111948040000016,42.99137331542858,41.228196172164964,40.31268264737116,0.4177352826491887,0.3377054327301021,0.37988776295481436,0.4197332849931881
AWS,LC08_L2SP_116034_20240626_20240709_02_T1,2024-06-26,571,,,,35.708841857567585,,,,0.559563290352274
AWS,LC08_L2SP_116034_20240626_20240709_02_T1,2024-06-26,634,38.047581740000034,37.950575077142865,38.696149388554936,38.07579857794382,0.38646700011253077,0.40272257685018703,0.33870756840846333,0.4520822209799027
AWS,LC08_L2SP_116034_20240626_20240709_02_T1,2024-06-26,588,39.06387302000002,37.83768275942858,34.68142715917528,32.93280885122431,0.38143235611323956,0.3965969358297096,0.6258532331881219,0.6787096563345734
AWS,LC08_L2SP_116034_20240626_20240709_02_T1,2024-06-26,512,39.81355874000002,38.92168338800001,35.934112813721775,36.07558400440419,0.24982659181433756,0.22804000593205467,0.47785269333928315,0.4628323761511776
AWS,LC08_L2SP_116034_20240626_20240709_02_T1,2024-06-26,507,36.83646332000001,37.5627762937143,35.04294179331036,34.144495122651314,0.5892110782364353,0.5984340842975737,0.6291001041250337,0.6680978937930261
AWS,LC08_L2SP_116034_20240626_20240709_02_T1,2024-06-26,695,23.780766260000007,23.906223870285736,23.900877452686935,24.0362341902041,0.8850829500809159,0.9003992277969473,0.9009090831220754,0.9075042195279378
AWS,LC08_L2SP_116034_20240626_20240709_02_T1,2024-06-26,377,37.40613332000004,37.88641395885717,35.9698405973196,34.293928745845996,0.6250238858160057,0.5452781039217258,0.6236868862158621,0.700553232378114
AWS,LC08_L2SP_116034_20240626_20240709_02_T1,2024-06-26,493,35.96372888000002,35.60796182685717,33.39189316305491,32.301364677863326,0.2777114746203753,0.38727096677218614,0.48397017427145234,0.5782438518301024
AWS,LC08_L2SP_116034_20240626_20240709_02_T1,2024-06-26,511,38.769923300000016,38.62070231257144,37.81246439649337,37.08248904140216,0.4382185223642099,0.4839695171088328,0.4817897667766403,0.5536485892526583
AWS,LC08_L2SP_116034_20240626_20240709_02_T1,2024-06-26,637,34.39143968000002,34.16321360171431,32.81293421629231,32.55218542405918,0.5434655308201157,0.5361360596783574,0.56583164206025,0.5720759035622496
AWS,LC08_L2SP_116034_20240626_20240709_02_T1,2024-06-26,416,38.79612812000001,37.790709398857146,32.702479714845374,32.458023407861454,0.2707325097335384,0.271554177073933,0.7175963172037192,0.7229367778528092
AWS,LC08_L2SP_116034_20240626_20240709_02_T1,2024-06-26,401,37.92795104000002,38.068447938285736,37.93451301195878,36.94878893593475,0.4052542819077209,0.5128316927352954,0.4159564673306544,0.4514958262440289
AWS,LC08_L2SP_116034_20240626_20240709_02_T1,2024-06-26,589,38.18658122000003,38.09413191714287,34.57551160701033,35.90560688345264,0.5157923555045695,0.48337725179683266,0.6610812034021526,0.6009732779443452
AWS,LC08_L2SP_116034_20240626_20240709_02_T1,2024-06-26,569,,,38.858827799157915,39.59661073002772,,,0.5258979227412081,0.4228874552612004
AWS,LC08_L2SP_116034_20240626_20240709_02_T1,2024-06-26,514,35.22201854000002,34.34720073542859,33.418725218556716,33.97586906313302,0.37349102506406995,0.4260927702177569,0.5535402901713268,0.5234845928266454
AWS,LC08_L2SP_116034_20240626_20240709_02_T1,2024-06-26,570,41.74701872000001,41.59262187371431,37.89538392618559,35.28392246148449,0.5870975926580991,0.4392897434520107,0.5527851474602895,0.6562026029701599
AWS,LC08_L2SP_116034_20240626_20240709_02_T1,2024-06-26,694,,,27.22403803018959,26.777884382415216,,,0.8719628334803101,0.878446038027023
AWS,LC08_L2SP_116034_20240626_20240709_02_T1,2024-06-26,425,35.55470582000004,35.72769018457144,34.609348651957056,34.47869143488104,0.8124020206094166,0.7385014331519152,0.7034639584326837,0.6924531001187549
AWS,LC08_L2SP_116034_20240626_20240709_02_T1,2024-06-26,550,,,35.225913792981146,35.960249429015114,,,0.5828745002154473,0.5239047329742317
AWS,LC08_L2SP_116034_20240626_20240709_02_T1,2024-06-26,650,31.78462975999999,31.891695167428587,30.647990466169745,29.982842330627562,0.6912609738155048,0.688100187903116,0.699121975530258,0.7313652528711613
AWS,LC08_L2SP_116034_20240626_20240709_02_T1,2024-06-26,552,36.46162046000003,36.14244249714287,32.14821625402064,30.208977617099542,0.4610146988657641,0.5312190298219932,0.7168753564500484,0.7842922042392586
AWS,LC08_L2SP_116034_20240626_20240709_02_T1,2024-06-26,531,35.45102588000001,34.956096584000015,32.109333829484555,31.083881907604088,0.5884359910133394,0.5731396634530308,0.7012496774147425,0.7333962830494918
AWS,LC08_L2SP_116034_20240626_20240709_02_T1,2024-06-26,406,37.473354380000046,38.339350437714295,39.372042956082495,37.52035559860105,0.574719414182318,0.4619593342797536,0.45677600182699785,0.5391687257966712
AWS,LC08_L2SP_116034_20240626_20240709_02_T1,2024-06-26,617,33.37628774000003,33.63205329371431,34.73134669525775,34.20961628113371,0.4800541309221944,0.490340166652119,0.5128755719683797,0.5108996421125191
AWS,LC08_L2SP_116034_20240626_20240709_02_T1,2024-06-26,408,39.902427260000024,39.59054107314287,39.384497390927855,40.39612168371136,0.3997817185108857,0.41664197581081536,0.4390592662514706,0.35611453989796943
AWS,LC08_L2SP_116034_20240626_20240709_02_T1,2024-06-26,116,29.479744940000007,29.304539766666675,29.517156042116802,30.03765411647849,0.6742084276494255,0.7773977304054193,0.8244145797400403,0.8260318972901748
AWS,LC08_L2SP_116034_20240626_20240709_02_T1,2024-06-26,616,37.9154183,36.96345090114288,34.3855198103093,34.651379464952775,0.3376355357665555,0.37142292650497166,0.6073303799317452,0.5773144370396472
AWS,LC08_L2SP_116034_20240626_20240709_02_T1,2024-06-26,423,42.407835920000004,41.63354045600001,39.40078094783507,38.775094853306626,0.3819254988465968,0.37561639980769695,0.46063531846949174,0.4843255493735375
AWS,LC08_L2SP_116034_20240626_20240709_02_T1,2024-06-26,503,38.50445707999999,37.568733414285724,33.00557547690723,32.83412792463787,0.2844092824570961,0.3967393981737817,0.6626516360601549,0.6734200139030855
AWS,LC08_L2SP_116034_20240626_20240709_02_T1,2024-06-26,555,35.62420556000001,35.76159424896554,31.488528219285733,30.047525046037,0.5462843959868566,0.4350255957601765,0.6386334660732154,0.7537622589232258
AWS,LC08_L2SP_116034_20240626_20240709_02_T1,2024-06-26,409,42.99003866000002,42.666466100000015,42.04443735835054,41.29090620833048,0.2096409904794081,0.1984959380177202,0.20140307261905457,0.23225430791184354
AWS,LC08_L2SP_116034_20240626_20240709_02_T1,2024-06-26,411,36.148301960000005,36.374574884000026,39.29301347876291,40.327940187542126,0.6481288287708652,0.6801955768412203,0.35596658798735115,0.27049525298999777
AWS,LC08_L2SP_116034_20240626_20240709_02_T1,2024-06-26,414,,40.12477384307693,,,,0.49052579796846446,,
AWS,LC08_L2SP_116034_20240626_20240709_02_T1,2024-06-26,577,38.609276360000024,38.326557277142875,35.2333401705512,31.95625519583817,0.42804535117832865,0.43406174616182863,0.5572896028864328,0.6487392278151259
AWS,LC08_L2SP_116034_20240626_20240709_02_T1,2024-06-26,421,37.69666502000003,37.42019603085716,36.70658001695654,38.124578618518534,0.3512176220998576,0.4422142811032072,0.43068750862334143,0.3785746762995588
AWS,LC08_L2SP_116034_20240626_20240709_02_T1,2024-06-26,424,39.213126560000035,39.501867868571445,37.93570410975612,38.730400918838434,0.5862398696174099,0.5246750239654445,0.5398476063636374,0.4750318835891096
AWS,LC08_L2SP_116034_20240626_20240709_02_T1,2024-06-26,543,,,38.24684251076925,36.40880500441134,,,0.4753109250323576,0.5075100513704891
AWS,LC08_L2SP_116034_20240626_20240709_02_T1,2024-06-26,541,38.314187300000036,37.997255464571445,38.64241506920002,38.84305620405886,0.4484378859846078,0.4196855937357258,0.4710272655191392,0.45144008752268183
AWS,LC08_L2SP_116034_20240626_20240709_02_T1,2024-06-26,540,35.92043396000005,35.90562254000002,36.24576055546394,35.49976569052965,0.6917603278337614,0.6994671713825302,0.6171239193377742,0.6515814514911524
AWS,LC08_L2SP_116034_20240626_20240709_02_T1,2024-06-26,509,33.411607280000034,33.48649299090911,33.931056018178765,32.8670014253573,0.6188810789397953,0.7170817512933968,0.6518887724042737,0.7100367605973632
AWS,LC08_L2SP_116034_20240626_20240709_02_T1,2024-06-26,519,34.46663612000003,34.69691301028573,33.7636985773196,32.19656004514173,0.6137679404117808,0.6213742760742262,0.6306769460980173,0.6859900433477408
AWS,LC08_L2SP_116034_20240626_20240709_02_T1,2024-06-26,400,40.50285944000003,40.14025634685717,38.2962301384687,39.3199037413399,0.5906789735540756,0.4512036902177359,0.5062847890002765,0.4364961265391929
AWS,LC08_L2SP_116034_20240626_20240709_02_T1,2024-06-26,889,38.243548220000015,38.22606748914287,37.11831850769233,37.03742201936945,0.41606662778058795,0.5269921561937818,0.5994293670317227,0.5492247772886671
AWS,LC08_L2SP_116034_20240626_20240709_02_T1,2024-06-26,402,41.03834924000004,40.12795147485716,37.66214419257734,38.21910250167243,0.37164021330099545,0.3152818572838563,0.43512645218698137,0.42328076265193443
AWS,LC08_L2SP_116034_20240626_20240709_02_T1,2024-06-26,405,42.214148120000026,41.646821905142886,39.927030130951294,39.70253657082923,0.5118115062825209,0.46939243518220347,0.3944160864984452,0.3886160859401587
AWS,LC08_L2SP_116034_20240626_20240709_02_T1,2024-06-26,542,35.94436010000002,36.36744587085715,34.285020123692966,32.38436606618463,0.5014016032187634,0.5421121115943622,0.6518687480446257,0.7197087057760511
AWS,LC08_L2SP_116034_20240626_20240709_02_T1,2024-06-26,532,36.16767074000003,35.74624515028574,34.95697125257734,35.39379728518754,0.5165088609807328,0.591806971536689,0.6005259871002973,0.6144052015683928
AWS,LC08_L2SP_116034_20240626_20240709_02_T1,2024-06-26,407,41.23203704000002,40.79739510628574,38.830539320206206,38.18533882412063,0.32281283667381805,0.4520376760599705,0.47289970705130807,0.48350854408943933
AWS,LC08_L2SP_116034_20240626_20240709_02_T1,2024-06-26,548,33.99608870000003,34.11204095942859,34.52199829089496,33.82414356947077,0.7913305968460146,0.5432827705900075,0.5617666090274926,0.6017560858401215
AWS,LC08_L2SP_116034_20240626_20240709_02_T1,2024-06-26,538,38.471416220000016,38.34901855142859,36.4205650674227,34.11141352329232,0.3069304033209161,0.39456904102105655,0.4966673170862706,0.6278938411583753
AWS,LC08_L2SP_116034_20240626_20240709_02_T1,2024-06-26,516,37.64881274000002,37.70818863028574,36.57317006804126,35.247953329313944,0.5236273449346465,0.524153065090411,0.4647503120218814,0.5091451531842464
AWS,LC08_L2SP_116034_20240626_20240709_02_T1,2024-06-26,404,42.76444934000002,42.87115666914288,40.56080968775178,39.186407962150966,0.38791006656186006,0.2856378992354384,0.30181633854810913,0.370608445425199
AWS,LC08_L2SP_116034_20240626_20240709_02_T1,2024-06-26,545,35.27784620000002,36.086679942285734,35.707025006804145,35.55934233763374,0.7595691009105211,0.6355841482643628,0.6100569868061616,0.5656220896820237
AWS,LC08_L2SP_116034_20240626_20240709_02_T1,2024-06-26,549,39.99243512000002,40.746515437142875,41.950291070927854,38.73186894908147,0.5194693750385815,0.4749770778172502,0.3440340562186689,0.4400957780831715
AWS,LC08_L2SP_116034_20240626_20240709_02_T1,2024-06-26,403,43.18828382000004,43.526830562857164,37.70935416643788,38.42789758719637,0.21144335650159143,0.26387031904017577,0.4288924715677582,0.37981523895322916
AWS,LC08_L2SP_116034_20240626_20240709_02_T1,2024-06-26,681,36.07538420000003,35.94585751828573,34.95174046824744,31.913812826606936,0.48060827418275637,0.575381189731877,0.5864047209768906,0.6845878152219301
AWS,LC08_L2SP_116034_20240626_20240709_02_T1,2024-06-26,413,39.917238680000004,40.212718370857154,40.581374466690924,40.64033017487329,0.4437565945454101,0.3291443065152557,0.20497235051727145,0.23433767874111502
ASOS,LC08_L2SP_116034_20240813_20240822_02_T1,2024-08-13,93,44.08836242000003,43.257783560000014,42.59331486868854,40.523239539614565,0.47199377973315354,0.509135220281614,0.5281865426557355,0.5852548111110569
ASOS,LC08_L2SP_116034_20240813_20240822_02_T1,2024-08-13,239,38.71751366000001,38.73408291885716,38.93594763452231,39.886536758014664,0.6563666715394292,0.7173720699974695,0.6511741660614323,0.6145961452028202
AWS,LC08_L2SP_116034_20240813_20240822_02_T1,2024-08-13,627,49.24615460000003,48.92466540457145,46.04157096000001,43.40526028033838,0.4039257762941734,0.38641980350890365,0.48930465133223683,0.5528226205083205
AWS,LC08_L2SP_116034_20240813_20240822_02_T1,2024-08-13,632,,,42.129577661931044,40.78394020243559,,,0.6954012055372271,0.722473216904892
AWS,LC08_L2SP_116034_20240813_20240822_02_T1,2024-08-13,602,,,40.328794330057164,41.82388489697556,,,0.701861152133868,0.6743049484425022
AWS,LC08_L2SP_116034_20240813_20240822_02_T1,2024-08-13,505,37.36283840000002,37.289432351428594,39.78189996597939,38.92387206614957,0.6783512742116775,0.7180801205453845,0.6609958682277908,0.6674256848091578
AWS,LC08_L2SP_116034_20240813_20240822_02_T1,2024-08-13,574,39.07184840000002,39.44766783714288,40.185477921735554,40.320826387856094,0.7637604635371394,0.7221567299018398,0.7159852875832776,0.6952081084175716
AWS,LC08_L2SP_116034_20240813_20240822_02_T1,2024-08-13,499,41.868928100000005,41.658540830857156,37.25290836628573,36.26397990595746,0.5884131304403427,0.5769786321915633,0.7530393141228422,0.7614730370820776
AWS,LC08_L2SP_116034_20240813_20240822_02_T1,2024-08-13,428,41.68093700000003,42.131323055652196,43.96146393010528,42.175629632523254,0.6680890664730921,0.5354128252685665,0.4531112247553798,0.4745981643545843
AWS,LC08_L2SP_116034_20240813_20240822_02_T1,2024-08-13,500,40.3991795,40.63958024000001,39.39504679804735,38.05108751040996,0.6898123075747707,0.6663713391830616,0.7174741779712352,0.718926976568177
AWS,LC08_L2SP_116034_20240813_20240822_02_T1,2024-08-13,502,43.08346454000002,41.97885813371431,38.55238936983148,38.4491754942012,0.4953909902851667,0.5564115017228781,0.7344076609462895,0.7165175666280865
AWS,LC08_L2SP_116034_20240813_20240822_02_T1,2024-08-13,656,38.45546546000003,37.87420674457145,37.21662616274196,36.98009347908554,0.786249288477785,0.7028179970717058,0.627960394165002,0.6333999757348541
AWS,LC08_L2SP_116034_20240813_20240822_02_T1,2024-08-13,970,35.16733022000002,35.14789633485717,35.708955228866,36.19757017900374,0.7407207436992493,0.7611852898528475,0.7126192506552484,0.695262540200217
AWS,LC08_L2SP_116034_20240813_20240822_02_T1,2024-08-13,874,39.78279656000001,39.16249295000002,36.18877759479594,,0.6989520580295498,0.6990585777329147,0.7437914499784474,
AWS,LC08_L2SP_116034_20240813_20240822_02_T1,2024-08-13,507,40.571219840000005,41.04798480114288,38.02961945558623,37.36284574310042,0.716972754184567,0.6780673749848387,0.6912338691449669,0.7210136644084132
AWS,LC08_L2SP_116034_20240813_20240822_02_T1,2024-08-13,230,38.99779130000002,38.26986697400001,34.47751909568002,34.99916813010959,0.41600561018393756,0.46281064886735795,0.760524072831486,0.7405576660721851
AWS,LC08_L2SP_116034_20240813_20240822_02_T1,2024-08-13,552,36.30780956000003,36.73600608457145,34.44907618907219,33.91204095600926,0.7106488460817598,0.7103222237668048,0.774156941092589,0.7915718545646466
AWS,LC08_L2SP_116034_20240813_20240822_02_T1,2024-08-13,617,40.11548384,40.42795597314288,42.09250497752578,41.824074499583354,0.6963478231660898,0.6890345969892369,0.6634406712741525,0.6663956606082482
AWS,LC08_L2SP_116034_20240813_20240822_02_T1,2024-08-13,503,42.108189500000016,41.06351237771431,36.66228133402063,36.79243091138278,0.4413762440403877,0.5836129505235996,0.7662527796105923,0.7666512999396621
AWS,LC08_L2SP_116034_20240813_20240822_02_T1,2024-08-13,651,,,,33.070454562267095,,,,0.7671352072700147
AWS,LC08_L2SP_116034_20240813_20240822_02_T1,2024-08-13,543,,,45.27308011538463,42.90416885216775,,,0.5269713338896301,0.5529069358008085
AWS,LC08_L2SP_116034_20240813_20240822_02_T1,2024-08-13,407,,,43.31567786401986,42.18425723624664,,,0.5433104165284037,0.5787310338619868
AWS,LC08_L2SP_116034_20240813_20240822_02_T1,2024-08-13,538,,,39.12382153961041,,,,0.6562629309291194,
AWS,LC08_L2SP_116034_20240813_20240822_02_T1,2024-08-13,404,47.70462758000002,,,,0.5206622287542145,,,
AWS,LC08_L2SP_116034_20240813_20240822_02_T1,2024-08-13,494,,,39.58556530807341,37.871090347586225,,,0.7106547865694973,0.7500576611261717
AWS,LC08_L2SP_116034_20240813_20240822_02_T1,2024-08-13,681,37.87782008000001,37.6284999354286,36.347263612164966,33.68725928236079,0.6138775713739452,0.5956248570166235,0.6607946164600886,0.7330543006353099
ASOS,LC08_L2SP_116034_20240829_20240905_02_T1,2024-08-29,131,41.854116680000004,41.07757508857144,,,0.6790028736084559,0.42227306580428947,,
ASOS,LC08_L2SP_116034_20240829_20240905_02_T1,2024-08-29,129,35.21062514000005,34.72845645200003,35.52556076774195,36.20394924352708,0.4415357073845157,0.5673639741949352,0.6114256167126039,0.5866885424481586
ASOS,LC08_L2SP_116034_20240829_20240905_02_T1,2024-08-29,202,44.96793290000005,44.765130380000016,43.168104355769245,42.21875311288009,0.6421227195054237,0.43810748494088164,0.36601757579773675,0.4582065292535201
ASOS,LC08_L2SP_116034_20240829_20240905_02_T1,2024-08-29,203,,,37.38024842928369,36.528257078399115,,,0.6193392959135504,0.6250683099080645
ASOS,LC08_L2SP_116034_20240829_20240905_02_T1,2024-08-29,201,38.91461948,39.45821487028572,37.304086042474246,35.56181299159796,0.813791830084677,0.6146263166114664,0.7126974455973644,0.7561871237187985
ASOS,LC08_L2SP_116034_20240829_20240905_02_T1,2024-08-29,95,,,40.085295518750016,36.961754212443275,,,0.39134067464937866,0.5153876114803296
ASOS,LC08_L2SP_116034_20240829_20240905_02_T1,2024-08-29,98,37.41866606000002,38.564060838285734,41.787044399793835,41.60939225729592,0.8187819649720538,0.7695562254878167,0.44943090990453893,0.4682323908072309
ASOS,LC08_L2SP_116034_20240829_20240905_02_T1,2024-08-29,108,41.38698728000001,41.491155508571445,42.531953505360846,42.00968674448525,0.6155945799377629,0.55781474228371,0.38634938777628247,0.41001512895200537
ASOS,LC08_L2SP_116034_20240829_20240905_02_T1,2024-08-29,99,34.13622752000001,35.0212342794286,35.484101977319604,35.71271050945863,0.8278745746289511,0.7927946322211088,0.7270494691237974,0.7221125747206645
ASOS,LC08_L2SP_116034_20240829_20240905_02_T1,2024-08-29,112,40.866308900000014,42.10161388057145,44.94256792728792,47.048293410734786,0.6107027283098954,0.661601273796828,0.3955222046537061,0.29317717272474497
ASOS,LC08_L2SP_116034_20240829_20240905_02_T1,2024-08-29,119,39.68253464000003,39.58438863714287,40.63090402886599,41.38921475004296,0.7124386151432635,0.6571020368346236,0.5345855431412028,0.4672283679853126
AWS,LC08_L2SP_116034_20240829_20240905_02_T1,2024-08-29,434,41.36761850000003,41.167420185714306,41.7881896035963,41.82286316781936,0.27303706572684544,0.4362075940757546,0.434404413039864,0.4307945574164013
AWS,LC08_L2SP_116034_20240829_20240905_02_T1,2024-08-29,627,42.22212350000003,41.89487249942859,39.95653612185569,38.33013450844142,0.3854325576773167,0.36613763216182443,0.49198231852353697,0.5338816399719655
AWS,LC08_L2SP_116034_20240829_20240905_02_T1,2024-08-29,665,38.73802178,38.39940993200002,36.74369911855672,34.90660623403775,0.5361106255440159,0.6859528287896274,0.671743860390972,0.7127324050733599
AWS,LC08_L2SP_116034_20240829_20240905_02_T1,2024-08-29,572,42.230098880000014,42.167728153142875,42.047197615051566,41.08377883055891,0.613685218444216,0.4092492724994891,0.46162965055172517,0.528423924804478
AWS,LC08_L2SP_116034_20240829_20240905_02_T1,2024-08-29,551,,,,40.86619742795921,,,,0.47428355894893687
AWS,LC08_L2SP_116034_20240829_20240905_02_T1,2024-08-29,508,34.03710494000003,33.74230885314289,32.423681183923094,34.445631194767465,0.49158714721823205,0.6720044762089705,0.8163785587326002,0.7467041469244752
AWS,LC08_L2SP_116034_20240829_20240905_02_T1,2024-08-29,418,39.657469160000026,40.381177928000014,41.983348251641154,41.52550561979731,0.0798025495255474,0.24652430760827596,0.44441845513430206,0.4484189827636617
AWS,LC08_L2SP_116034_20240829_20240905_02_T1,2024-08-29,692,38.11594214000004,37.46464178000002,34.03992394642986,34.0757878321166,0.6328060717887434,0.5949642235951018,0.7702096452177774,0.7717548437718381
AWS,LC08_L2SP_116034_20240829_20240905_02_T1,2024-08-29,546,40.39576148,39.66095228514287,36.09898366672152,34.842581650734736,0.45883969344636694,0.5464259356991946,0.7171649128436053,0.7581283499848636
AWS,LC08_L2SP_116034_20240829_20240905_02_T1,2024-08-29,967,29.991308600000025,30.35807250363638,,,0.8154617596529307,0.6593770298010228,,
AWS,LC08_L2SP_116034_20240829_20240905_02_T1,2024-08-29,501,,,35.33753664909093,35.640061308465334,,,0.7258934957393182,0.6908683602226705
AWS,LC08_L2SP_116034_20240829_20240905_02_T1,2024-08-29,632,,,35.7257340559391,34.93000546088451,,,0.7136305328182684,0.749193905063741
AWS,LC08_L2SP_116034_20240829_20240905_02_T1,2024-08-29,649,39.48201080000001,39.41749160342858,41.278213589690736,39.51897362511882,0.40575925479584685,0.5315331885341887,0.5085279154963764,0.585802848178994
AWS,LC08_L2SP_116034_20240829_20240905_02_T1,2024-08-29,631,43.865051780000044,43.64089477314289,44.592881428450724,44.15478779647,0.5782786138764348,0.375697429901125,0.3084515823946292,0.3173056473962592
AWS,LC08_L2SP_116034_20240829_20240905_02_T1,2024-08-29,309,34.25813690000001,33.72180073314287,31.81024554255571,32.46282363230324,0.7760292299374955,0.760945917029736,0.8144537803613993,0.796300527788953
AWS,LC08_L2SP_116034_20240829_20240905_02_T1,2024-08-29,412,35.11492058000001,34.976800019428595,37.75569144556703,39.14968459912398,0.7517046774209816,0.804635242730358,0.7097428778474514,0.598391952146866
AWS,LC08_L2SP_116034_20240829_20240905_02_T1,2024-08-29,539,,,33.279921627741956,33.26820131505804,,,0.6981111281516191,0.72321715495099
AWS,LC08_L2SP_116034_20240829_20240905_02_T1,2024-08-29,499,39.44213390000001,39.27325115942858,34.78060116588237,33.23300921791388,0.590463063196328,0.552298610246062,0.7520939344179596,0.7980042070367878
AWS,LC08_L2SP_116034_20240829_20240905_02_T1,2024-08-29,567,38.54547332000002,38.12792148628573,35.1329385960825,34.30597254491843,0.8088456763740578,0.6245104134145536,0.744432870611435,0.7609781307549136
AWS,LC08_L2SP_116034_20240829_20240905_02_T1,2024-08-29,568,34.70020082000004,35.53178880971431,37.15330555195879,35.087423116306915,0.691826588583394,0.6233099272634772,0.5971622855949685,0.6909703523716864
AWS,LC08_L2SP_116034_20240829_20240905_02_T1,2024-08-29,666,28.268626520000016,27.700035894736864,,,0.5690998012177914,0.37390688041145614,,
AWS,LC08_L2SP_116034_20240829_20240905_02_T1,2024-08-29,652,43.24183280000003,42.801429061142876,38.47082292313367,36.59519014488648,0.6451869806951978,0.46183338832996484,0.6350907743730249,0.7115861831104804
AWS,LC08_L2SP_116034_20240829_20240905_02_T1,2024-08-29,427,42.52974530000002,42.42154055257145,42.14332852459244,40.41709073418507,0.583633211288413,0.41431089640353047,0.3706588549168964,0.44357808170594937
AWS,LC08_L2SP_116034_20240829_20240905_02_T1,2024-08-29,500,35.65382840000003,35.61831354457145,34.81916911302328,34.39054453328118,0.7348903150740993,0.7037973389867386,0.7429798186094739,0.7606667325768999
AWS,LC08_L2SP_116034_20240829_20240905_02_T1,2024-08-29,428,40.249925960000006,40.472194917714305,41.478926709247325,39.565735668328934,0.7388227412556114,0.5838998860248445,0.48298980377036693,0.5491870907859764
AWS,LC08_L2SP_116034_20240829_20240905_02_T1,2024-08-29,410,40.018639940000035,40.1153536297143,41.08850502506883,42.88569407775611,0.38040375205303295,0.5150340360943167,0.5298813246314986,0.35204357183908347
AWS,LC08_L2SP_116034_20240829_20240905_02_T1,2024-08-29,441,41.37103652000002,41.32650460228573,37.54239211958764,37.819459321105086,0.34713011655659615,0.40693121456615167,0.6498699680159655,0.6442858066711569
AWS,LC08_L2SP_116034_20240829_20240905_02_T1,2024-08-29,438,43.89125660000002,43.556909138857165,41.04463714391755,41.25795710654453,0.3917468124787276,0.3187760512556274,0.47458507111494125,0.47575871718023377
AWS,LC08_L2SP_116034_20240829_20240905_02_T1,2024-08-29,444,41.93842784000001,42.07846900228574,42.737637655051564,42.06996875402064,0.5093830728991428,0.42236935399633196,0.3731675098574036,0.41782168802020253
AWS,LC08_L2SP_116034_20240829_20240905_02_T1,2024-08-29,445,39.510494300000026,38.999711901714306,38.05644588350518,38.40163138360357,0.24428818276930012,0.6082807198458856,0.5718573401745648,0.6091435049739147
AWS,LC08_L2SP_116034_20240829_20240905_02_T1,2024-08-29,371,43.509577700000044,43.3419645097143,40.85315148737933,39.894050760298526,0.38765304339100376,0.25384896617916797,0.4571306429830404,0.5091815831352683
AWS,LC08_L2SP_116034_20240829_20240905_02_T1,2024-08-29,367,45.25048922,44.88664688413793,39.183184527470836,37.11641128746135,0.17418894824058498,0.28930381883080153,0.5828318800897834,0.6770637431827599
AWS,LC08_L2SP_116034_20240829_20240905_02_T1,2024-08-29,450,38.15923706000001,38.294232573714304,39.1709318274227,38.90495326573156,0.5878746855076122,0.6370521361920385,0.5599631249126643,0.5786978691609208
AWS,LC08_L2SP_116034_20240829_20240905_02_T1,2024-08-29,364,44.09633779999999,43.63210557885716,41.217695450927856,40.74126820481402,0.44187804067113284,0.3743626706324543,0.47757164698168814,0.5021049506176756
AWS,LC08_L2SP_116034_20240829_20240905_02_T1,2024-08-29,433,40.20207367999999,40.49426556114287,41.47078163960558,42.01789557052299,0.3577628953055923,0.5427492313924023,0.41417210148547523,0.41508581679088125
AWS,LC08_L2SP_116034_20240829_20240905_02_T1,2024-08-29,437,45.01806386000002,45.00810277314288,42.987139948817465,41.01189815640627,0.2257872062255215,0.3062219927104231,0.27572821323764984,0.34319445671383597
AWS,LC08_L2SP_116034_20240829_20240905_02_T1,2024-08-29,376,41.063414720000004,40.326001319428585,37.64631480556702,37.27750564934182,0.5500321944300197,0.5911826330039668,0.729055343027354,0.7206001859119537
AWS,LC08_L2SP_116034_20240829_20240905_02_T1,2024-08-29,599,39.613034900000024,38.852444068571444,34.65215469880051,33.426026268623524,0.4115666487960983,0.48854695755727834,0.7416149322329332,0.8008236583206719
AWS,LC08_L2SP_116034_20240829_20240905_02_T1,2024-08-29,573,36.88203692000004,36.37701632685717,34.580158018297894,33.59754996661055,0.7409810111955096,0.6523746077261744,0.7330743563181377,0.773246717943839
AWS,LC08_L2SP_116034_20240829_20240905_02_T1,2024-08-29,506,38.16379442000001,38.21962208000002,37.50800543646102,37.664448869162584,0.6669909528607795,0.6841519891394852,0.6126055543621616,0.6025064983020691
AWS,LC08_L2SP_116034_20240829_20240905_02_T1,2024-08-29,502,38.004286820000004,36.73717797714286,34.0827219894068,34.06098170057084,0.556520845508945,0.5874460340495168,0.7626930897936308,0.7390388512948438
AWS,LC08_L2SP_116034_20240829_20240905_02_T1,2024-08-29,656,34.68311072000006,34.465854858285745,33.75901865832118,33.55713267397382,0.827821523058616,0.7167188308003027,0.45599657660044673,0.39772842464033104
AWS,LC08_L2SP_116034_20240829_20240905_02_T1,2024-08-29,654,42.01533329,41.81144839700002,37.844715923333354,,0.43221224397145785,0.4724745180573378,0.5798984661443615,
AWS,LC08_L2SP_116034_20240829_20240905_02_T1,2024-08-29,417,45.32682500000002,45.25273534742859,44.544662190080565,43.396553012423915,0.27090550317806167,0.23578205000011013,0.2556053665831648,0.3325722737912257
AWS,LC08_L2SP_116034_20240829_20240905_02_T1,2024-08-29,565,40.58489192,40.80755150857144,39.43864540536085,37.94705694600059,0.590815891051028,0.5662005907979518,0.5915266712283135,0.6489588201616123
AWS,LC08_L2SP_116034_20240829_20240905_02_T1,2024-08-29,419,33.30109130000005,33.64865510514287,35.26030584536085,39.20951924833574,0.6479285767264177,0.8318119271453165,0.825775574022847,0.5873340025614934
AWS,LC08_L2SP_116034_20240829_20240905_02_T1,2024-08-29,510,43.90606802000002,43.68786813371431,42.13265133885322,42.929264846408124,0.3465076593705246,0.259239398751801,0.34402415388381824,0.3552667495322959
AWS,LC08_L2SP_116034_20240829_20240905_02_T1,2024-08-29,874,38.17974518000002,37.98465761942859,34.639012093598744,32.6912403960095,0.5826338496984661,0.6501878251948378,0.7064339911724531,0.7653726564924556
AWS,LC08_L2SP_116034_20240829_20240905_02_T1,2024-08-29,415,45.95574068000002,45.04120873828573,42.36779494453919,42.217495029468985,0.38793285355789603,0.37427914457121214,0.4516354821821775,0.48478508146155697
AWS,LC08_L2SP_116034_20240829_20240905_02_T1,2024-08-29,504,40.48918736000002,40.589774805714306,39.38141999835053,39.380536413306615,0.5267961589543638,0.5061145193335661,0.5352255603394112,0.5327188879763707
AWS,LC08_L2SP_116034_20240829_20240905_02_T1,2024-08-29,598,41.92931312000004,42.45484183314287,41.6834537510448,41.14940950947401,0.5640298049330861,0.5107751896455575,0.4863106129584225,0.5233670164194817
AWS,LC08_L2SP_116034_20240829_20240905_02_T1,2024-08-29,571,,,,36.65309026027029,,,,0.6092207902344448
AWS,LC08_L2SP_116034_20240829_20240905_02_T1,2024-08-29,634,38.47027688000003,40.02136444869568,42.600147232307705,42.497484470844746,0.623930945805403,0.4621440863598156,0.2329972756043063,0.38615014058304453
AWS,LC08_L2SP_116034_20240829_20240905_02_T1,2024-08-29,512,45.79053638000005,44.8500925914286,41.045128108817224,41.720921879964585,0.2867260226636691,0.24514658246123702,0.5444573306126289,0.5035619940622765
AWS,LC08_L2SP_116034_20240829_20240905_02_T1,2024-08-29,507,37.39815794000001,37.78484993600001,35.12441770823531,34.56981237299737,0.7303632167078867,0.6640427289252024,0.7113983579811313,0.74366523149755
AWS,LC08_L2SP_116034_20240829_20240905_02_T1,2024-08-29,377,40.73072744000001,40.921029772571444,38.752410352164965,37.21351766731751,0.7313382622203511,0.6047443467528452,0.684174177610941,0.745965733438603
AWS,LC08_L2SP_116034_20240829_20240905_02_T1,2024-08-29,511,40.505138120000005,40.48283960857145,40.258454295965784,38.99723033637401,0.5667924230542132,0.5986219395525906,0.5475706612031987,0.6227867678509348
AWS,LC08_L2SP_116034_20240829_20240905_02_T1,2024-08-29,637,34.890470600000015,35.57223412769233,32.42993254297874,31.683400311015994,0.7438853114979993,0.6726635241260804,0.7029722167836115,0.7587560254297153
AWS,LC08_L2SP_116034_20240829_20240905_02_T1,2024-08-29,416,43.39792238000003,42.23276819085716,35.8895464917526,35.42706059863157,0.29502502219526117,0.326795408446546,0.7557678821139551,0.7611608588438059
AWS,LC08_L2SP_116034_20240829_20240905_02_T1,2024-08-29,401,40.72844876000001,40.73089020285717,40.91120098893228,40.12509208842198,0.5576073414222616,0.6139368034294022,0.45173916753775595,0.4770007178338648
AWS,LC08_L2SP_116034_20240829_20240905_02_T1,2024-08-29,589,38.57851418000001,38.956254218857154,36.25776473567012,37.456192194646455,0.6172172851916183,0.6018635673741801,0.7025409472845302,0.6515336816571159
AWS,LC08_L2SP_116034_20240829_20240905_02_T1,2024-08-29,514,38.30507258,37.84344456457145,36.977189428659806,37.3691358548076,0.5247721737938039,0.5828552498700544,0.6634359870266249,0.6289563417547166
AWS,LC08_L2SP_116034_20240829_20240905_02_T1,2024-08-29,570,41.22861902000002,41.08724320228573,38.94993510474228,36.679580856380916,0.7234796404481263,0.5523542413727098,0.6151629618191026,0.6973352193008341
AWS,LC08_L2SP_116034_20240829_20240905_02_T1,2024-08-29,694,28.735755920000013,28.667818703428594,27.90069408989693,27.704820327560295,0.767797104658723,0.7962465830074945,0.8740734561452765,0.891577639472552
AWS,LC08_L2SP_116034_20240829_20240905_02_T1,2024-08-29,425,37.480190419999985,37.65535580685716,37.31676928822487,36.71192023568689,0.8800026254920587,0.7737903822649169,0.7272243157734861,0.725430965955167
AWS,LC08_L2SP_116034_20240829_20240905_02_T1,2024-08-29,326,31.876916300000023,31.841889733142878,30.939912904329915,30.558069285315806,0.8306997691305638,0.8217984750955198,0.8478021854440116,0.8567975364950683
AWS,LC08_L2SP_116034_20240829_20240905_02_T1,2024-08-29,550,40.94948072000002,40.54202018342858,39.34402130832571,39.72107478440555,0.5849041389161768,0.5074209832003278,0.5753181445147666,0.5580382084012926
AWS,LC08_L2SP_116034_20240829_20240905_02_T1,2024-08-29,552,,,,29.78129262097693,,,,0.7890418894399018
AWS,LC08_L2SP_116034_20240829_20240905_02_T1,2024-08-29,617,34.97250308,35.090864229714306,37.041554470567704,36.63258420495247,0.6981268786338837,0.6880150917119299,0.6280945645870667,0.6238492702637752
AWS,LC08_L2SP_116034_20240829_20240905_02_T1,2024-08-29,406,39.60278084000004,40.307836984571445,41.405075770721666,39.471538200692834,0.5308926526831796,0.44843170220919437,0.4684078325825987,0.559533411167184
AWS,LC08_L2SP_116034_20240829_20240905_02_T1,2024-08-29,408,41.42572484000002,41.10521222171431,40.939199253195895,42.06803429791285,0.40592806348923527,0.4256190611966824,0.4682869009224433,0.3866174539999006
AWS,LC08_L2SP_116034_20240829_20240905_02_T1,2024-08-29,116,30.758084420000007,31.063264777142876,31.58350875922254,32.333306549825345,0.6447148848595939,0.7812528272056005,0.8556340213723257,0.8560622410036339
AWS,LC08_L2SP_116034_20240829_20240905_02_T1,2024-08-29,423,45.111489740000025,44.489540310285726,42.238301344948475,41.45634309306217,0.40685104543964606,0.40683836145764285,0.4973548141658235,0.5133555819351501
AWS,LC08_L2SP_116034_20240829_20240905_02_T1,2024-08-29,616,36.75557018000003,36.24273696971431,34.27400515606898,34.403777999251,0.3864542299692328,0.4014802695624197,0.6529826136876042,0.6428538750722758
AWS,LC08_L2SP_116034_20240829_20240905_02_T1,2024-08-29,503,38.522686520000015,37.74236883028574,33.8398620859794,33.93512275040964,0.3925311470416821,0.5754365862198635,0.7735988610764996,0.7712865240914549
AWS,LC08_L2SP_116034_20240829_20240905_02_T1,2024-08-29,402,42.603802400000006,42.26255379371431,39.33145684089657,39.99132553620518,0.35184681366719306,0.32526345417145414,0.45916283510887573,0.43124193460851995
AWS,LC08_L2SP_116034_20240829_20240905_02_T1,2024-08-29,400,43.94024822000002,43.39928958800002,41.020266173541685,41.45863771753972,0.6125149224242645,0.5111180418754598,0.5462523781695952,0.4743970101893064
AWS,LC08_L2SP_116034_20240829_20240905_02_T1,2024-08-29,414,43.105112,42.67740376400001,42.527443128453626,39.592095572590914,0.2894211141810315,0.3839957348167822,0.48592438112723735,0.6052912293202399
AWS,LC08_L2SP_116034_20240829_20240905_02_T1,2024-08-29,411,37.32182216000001,38.29901780171431,42.25659734432992,43.190487706705945,0.8052963990151296,0.7785908406854194,0.3797502896683596,0.3003101183932504
AWS,LC08_L2SP_116034_20240829_20240905_02_T1,2024-08-29,651,,,,29.65187292153848,,,,0.7266667958208008
AWS,LC08_L2SP_116034_20240829_20240905_02_T1,2024-08-29,577,39.667723220000006,39.61602973657145,37.51376393173287,35.431056554215985,0.5027083494057574,0.5616921279267947,0.6393704000095168,0.6532466509961011
AWS,LC08_L2SP_116034_20240829_20240905_02_T1,2024-08-29,409,43.99721522000002,43.87888662285716,43.352121695051565,42.84916642664374,0.228827091272194,0.218464345924957,0.21975263026354838,0.2531676026257352
AWS,LC08_L2SP_116034_20240829_20240905_02_T1,2024-08-29,540,37.42550210000004,37.49685733657145,38.11393361278352,37.62014560174637,0.7830550124595655,0.7782445667901824,0.6819444867878415,0.7056114882205221
AWS,LC08_L2SP_116034_20240829_20240905_02_T1,2024-08-29,543,,,41.02552264307695,38.87847375937432,,,0.5535671543430606,0.581758767632482
AWS,LC08_L2SP_116034_20240829_20240905_02_T1,2024-08-29,421,40.86858758000002,40.48498807828573,39.61825054533335,40.46684253635867,0.365240313167654,0.5030209732638506,0.4916615084768008,0.4505664366365592
AWS,LC08_L2SP_116034_20240829_20240905_02_T1,2024-08-29,509,,,36.255722564955775,35.29013467455089,,,0.6423465312450006,0.732285618704558
AWS,LC08_L2SP_116034_20240829_20240905_02_T1,2024-08-29,541,40.278409460000034,39.884588450857166,39.95518031808513,40.04470569047019,0.5216935113457394,0.47916713435785224,0.5418530085125185,0.5125569409889476
AWS,LC08_L2SP_116034_20240829_20240905_02_T1,2024-08-29,889,39.70532144000001,39.618471179428596,38.93988463814434,39.112484263611826,0.47487512476520494,0.6156354931318955,0.6643065993380861,0.5732462162800134
AWS,LC08_L2SP_116034_20240829_20240905_02_T1,2024-08-29,532,37.37309246000001,37.328495437142884,37.20812187076925,37.43605210850435,0.7257413719398036,0.7014341132898262,0.6409880934145179,0.6548805701464812
AWS,LC08_L2SP_116034_20240829_20240905_02_T1,2024-08-29,407,42.397581860000024,41.63344279828573,40.92763749711343,40.41418472525775,0.4212268869765352,0.5498897984305918,0.5389273590590222,0.5324678079627437
AWS,LC08_L2SP_116034_20240829_20240905_02_T1,2024-08-29,538,36.62796410000002,36.826046497142876,35.86013507567012,34.184736070277715,0.6167028704306975,0.6085482158574302,0.6318112265546821,0.7308805861322639
AWS,LC08_L2SP_116034_20240829_20240905_02_T1,2024-08-29,404,43.147267580000026,43.74686201000003,41.84834061629282,40.728816887388874,0.5743713099487916,0.3810286693249808,0.3746149553709819,0.4319117265538596
AWS,LC08_L2SP_116034_20240829_20240905_02_T1,2024-08-29,545,38.54433398000001,38.80381052685716,38.806119857731986,38.47250691550975,0.8076189611514608,0.68886258743334,0.6491920768357332,0.6036193477835765
AWS,LC08_L2SP_116034_20240829_20240905_02_T1,2024-08-29,549,42.89091608000001,43.15416872514288,43.7582944474227,41.07060974871171,0.600564172569089,0.5545621196260464,0.3930847471040661,0.49922702979451733
AWS,LC08_L2SP_116034_20240829_20240905_02_T1,2024-08-29,403,46.10157620000003,46.56759881257145,40.287191815510226,40.51696213669294,0.27114005074162,0.3640727309146245,0.44009008300936264,0.40558123175697747
AWS,LC08_L2SP_116034_20240829_20240905_02_T1,2024-08-29,413,,,,43.23529501654452,,,,0.2456139260886484
AWS,LC08_L2SP_116034_20240829_20240905_02_T1,2024-08-29,424,40.890235040000015,41.251894108571456,40.06374762432991,40.03699104442029,0.5821012408779711,0.5327612390483009,0.5665175293850334,0.536815949277584
AWS,LC08_L2SP_116034_20240829_20240905_02_T1,2024-08-29,405,44.466623300000016,44.04217032114287,42.14424204195806,41.5664994777011,0.5556426050015165,0.5099748548688058,0.43183389115085197,0.42238922576500154
ASOS,LC09_L2SP_114034_20220701_20230409_02_T1,2022-07-01,272,,,37.392471322654885,37.52114185882854,,,0.4861593764077935,0.49954924210277835
ASOS,LC09_L2SP_114034_20220701_20230409_02_T1,2022-07-01,216,45.342775760000016,44.847065202285734,42.94761684247425,38.745631188204996,0.3932653772319745,0.35260523770518554,0.44748841208625056,0.5932480219134133
ASOS,LC09_L2SP_114034_20220701_20230409_02_T1,2022-07-01,106,,,40.975232052697386,39.31350652366847,,,0.497326862159047,0.5821548787735312
ASOS,LC09_L2SP_114034_20220701_20230409_02_T1,2022-07-01,217,41.38698728000001,41.265077900000016,40.14746578400002,,0.3735679801360708,0.37044762069136106,0.5388729079284614,
ASOS,LC09_L2SP_114034_20220701_20230409_02_T1,2022-07-01,271,37.14522446000003,37.180934630857166,36.71474970288662,35.50936021847125,0.5507985383115628,0.49117522960834775,0.6033657705794365,0.6719555602391311
AWS,LC09_L2SP_114034_20220701_20230409_02_T1,2022-07-01,837,36.812537180000014,36.680145872000026,36.38374206845363,37.00014086456295,0.5750491630105047,0.5874845597088031,0.6802213187434777,0.6138606234947904
AWS,LC09_L2SP_114034_20220701_20230409_02_T1,2022-07-01,527,40.39690082000004,40.28264129428573,38.010873685800334,36.60447357497985,0.44072446832631057,0.46826091624302435,0.6331609399330101,0.7003982553728421
AWS,LC09_L2SP_114034_20220701_20230409_02_T1,2022-07-01,529,39.68253464000001,40.072774866285734,40.94140798300233,39.72122807753875,0.5375486047921066,0.6318958056859497,0.5434820996482133,0.6452486198385342
AWS,LC09_L2SP_114034_20220701_20230409_02_T1,2022-07-01,817,33.02878904000003,33.14571787657144,32.26997771953617,29.808709609735203,0.7124089398203536,0.7373727178749525,0.7697605900764704,0.8314487617982793
AWS,LC09_L2SP_114034_20220701_20230409_02_T1,2022-07-01,831,32.89548626000002,32.78051649636365,32.99994543772023,32.66539620819883,0.7559763447868869,0.769374501037431,0.8045810094036304,0.8558590154054454
AWS,LC09_L2SP_114034_20220701_20230409_02_T1,2022-07-01,674,36.90710240000002,36.48590467828573,34.86918137656404,34.10550965560855,0.3718630076965743,0.4473454271405704,0.7311883694511889,0.7762569594354354
AWS,LC09_L2SP_114034_20220701_20230409_02_T1,2022-07-01,878,32.58786446000001,31.940426366857174,30.65927897587631,30.447250092184387,0.5235379178373273,0.663789963856067,0.8160104220510328,0.8567031361970489
AWS,LC09_L2SP_114034_20220701_20230409_02_T1,2022-07-01,678,,,34.600729087419374,34.63059953180285,,,0.8609524899599669,0.8641293029672416
AWS,LC09_L2SP_114034_20220701_20230409_02_T1,2022-07-01,835,38.871324560000005,38.4070272337143,37.33567747780257,36.00433213861445,0.33615425099536617,0.474308766658036,0.563122246871994,0.636750400445533
AWS,LC09_L2SP_114034_20220701_20230409_02_T1,2022-07-01,876,42.63798260000002,42.6167583234286,42.099047373195894,40.876727027569444,0.5298180645095618,0.5210628103651592,0.5031569466689487,0.5350117498475483
AWS,LC09_L2SP_114034_20220701_20230409_02_T1,2022-07-01,696,44.228501240000014,43.616773317714305,40.822430606597955,39.46330677090754,0.46945496580315754,0.5039415645100794,0.6949037864001034,0.7379709593370865
AWS,LC09_L2SP_114034_20220701_20230409_02_T1,2022-07-01,802,36.007023800000034,35.86141614800001,34.93446884833715,34.37488984767744,0.4437115424015092,0.5716607127639934,0.8018252521081669,0.7982355122445625
AWS,LC09_L2SP_114034_20220701_20230409_02_T1,2022-07-01,851,39.82723082000001,39.31514631885716,37.310189929278366,37.20208153799029,0.5248611021489219,0.5869947893586218,0.7157102701243042,0.7313603199355355
AWS,LC09_L2SP_114034_20220701_20230409_02_T1,2022-07-01,843,40.99049696000001,40.37111918342859,37.457781554167696,36.125108332253674,0.4026445362844666,0.6077902986931959,0.717273675134374,0.7883276156826113
AWS,LC09_L2SP_114034_20220701_20230409_02_T1,2022-07-01,497,33.38768114000002,33.16134311085716,31.108260161121738,30.513456680254617,0.5543180861546969,0.6546330761416166,0.8257838742614181,0.8436681837950518
AWS,LC09_L2SP_114034_20220701_20230409_02_T1,2022-07-01,814,36.47643188000003,36.71666985714287,36.28937890004775,34.937982643940046,0.43328297950361055,0.5860260782381234,0.5895780558382236,0.6492861784189246
AWS,LC09_L2SP_114034_20220701_20230409_02_T1,2022-07-01,581,39.47973212000003,38.731641476000014,36.0086537076313,33.84605303195773,0.4836177244317934,0.5250309077742483,0.6535990098220507,0.7457576791184638
ASOS,LC09_L2SP_114034_20230602_20230604_02_T1,2023-06-02,272,34.52246378000001,34.63402144228573,35.07922909051548,34.72091508454053,0.5270477336910558,0.5154223794731682,0.4551332276548537,0.47097580835110026
ASOS,LC09_L2SP_114034_20230602_20230604_02_T1,2023-06-02,216,39.43871588000002,39.093463307428586,36.71352814247425,32.785372457560854,0.38107688507316545,0.3511104440895696,0.43563250491977756,0.5619266156002443
ASOS,LC09_L2SP_114034_20230602_20230604_02_T1,2023-06-02,271,36.18134282000002,36.5039713554286,33.68821240824744,31.503143304071017,0.5169219777605201,0.44800452806469526,0.5341619132114581,0.6085287555360884
AWS,LC09_L2SP_114034_20230602_20230604_02_T1,2023-06-02,837,34.98503582000001,34.64837712628574,34.10136606515466,35.017160445800194,0.48711068203805336,0.5320326103750391,0.6031958995473821,0.5469892814302884
AWS,LC09_L2SP_114034_20230602_20230604_02_T1,2023-06-02,529,32.71205252000004,33.12716291085716,32.06486166961011,29.96204890015466,0.3076877125337208,0.3330705047431285,0.44688302244041894,0.5875356523282407
AWS,LC09_L2SP_114034_20230602_20230604_02_T1,2023-06-02,817,30.22829132000002,30.63591461942859,30.065498818762908,28.96156801962212,0.6668358881225535,0.6747866183539942,0.706726854598152,0.7914492919965326
AWS,LC09_L2SP_114034_20230602_20230604_02_T1,2023-06-02,310,,,26.600830773636385,26.75745301094209,,,0.7419196877351629,0.7299193959986726
AWS,LC09_L2SP_114034_20230602_20230604_02_T1,2023-06-02,831,28.274323220000024,28.28636767142859,27.64388842000002,27.062034473083326,0.7543153312302439,0.7340280095865123,0.7758635780273121,0.8199576451892597
AWS,LC09_L2SP_114034_20230602_20230604_02_T1,2023-06-02,563,,,,28.745886254203878,,,,0.7027973007003765
AWS,LC09_L2SP_114034_20230602_20230604_02_T1,2023-06-02,674,32.11275968000003,31.56542074400002,29.315308817374408,27.663069454303653,0.4258907671508721,0.4485901412552594,0.6282025536741807,0.7079493867338459
AWS,LC09_L2SP_114034_20230602_20230604_02_T1,2023-06-02,878,27.438047660000013,26.960078253714304,25.343048061237134,25.110047578683098,0.542056011453856,0.6551014833349831,0.7998496483084295,0.8373427118288181
AWS,LC09_L2SP_114034_20230602_20230604_02_T1,2023-06-02,579,31.199009000000046,30.85544916114287,29.278774924895124,28.98933188496243,0.2560121068020702,0.4172446108512121,0.6410414130313438,0.6540189147271125
AWS,LC09_L2SP_114034_20230602_20230604_02_T1,2023-06-02,835,36.00816314000004,35.48266697942859,34.05765221257734,32.044234461190996,0.34325733754383086,0.41409821370805616,0.4506190209520377,0.5140899638267625
AWS,LC09_L2SP_114034_20230602_20230604_02_T1,2023-06-02,876,35.285821580000025,35.128267134285736,34.25217787773198,32.75264831646724,0.44828125905545896,0.49285119645409137,0.4802531964154384,0.5134707449806357
AWS,LC09_L2SP_114034_20230602_20230604_02_T1,2023-06-02,802,30.255635480000006,29.644265636000018,27.837289005968127,28.2236934705991,0.3378992886730865,0.4328616082508303,0.7218463415750735,0.7307033268409603
AWS,LC09_L2SP_114034_20230602_20230604_02_T1,2023-06-02,851,31.306106960000022,30.528491133714304,28.22304900474229,27.898645202917915,0.44828762803649164,0.5166659747570778,0.6410161997816264,0.6613242428832107
AWS,LC09_L2SP_114034_20230602_20230604_02_T1,2023-06-02,843,31.81653128000003,31.283873553714304,28.804418113584468,27.341280195297262,0.36580897292433306,0.5892520555132563,0.6467144971436328,0.7354373212907703
AWS,LC09_L2SP_114034_20230602_20230604_02_T1,2023-06-02,814,34.61475032000004,34.78177756400001,33.76717532618559,31.88097395519613,0.41396855200436805,0.5390845471635609,0.5415602378312165,0.6246212604691348
AWS,LC09_L2SP_114034_20230602_20230604_02_T1,2023-06-02,581,35.00554394000002,34.45511250971431,31.703427314639193,27.798670273632442,0.3948012028875987,0.4051442751475073,0.5703607036765002,0.699485486214117
AWS,LC09_L2SP_114034_20230602_20230604_02_T1,2023-06-02,638,36.909381080000024,37.188649590285735,33.4101181891163,32.406430850843805,0.42124879511818064,0.4332709197773031,0.5621916115139663,0.5689953819996618
ASOS,LC09_L2SP_114034_20230805_20230808_02_T1,2023-08-05,106,42.443155460000035,42.58267578114288,44.61296012960002,43.756776057292754,0.5881320819840241,0.5975691787941333,0.5321760112526085,0.5482410483024203
AWS,LC09_L2SP_114034_20230805_20230808_02_T1,2023-08-05,580,37.72400918000002,38.31573680240001,41.00878648238283,42.25764746432407,0.8187170957711963,0.8636062621128682,0.6511568006812842,0.5931619758633047
AWS,LC09_L2SP_114034_20230805_20230808_02_T1,2023-08-05,529,41.12721776000001,42.676598087857165,,,0.7317267098469151,0.6311545987784869,,
AWS,LC09_L2SP_114034_20230805_20230808_02_T1,2023-08-05,678,,,35.29512006451615,35.28887879617828,,,0.850252491544203,0.8695069403486386
AWS,LC09_L2SP_114034_20230805_20230808_02_T1,2023-08-05,876,48.747123680000016,48.75776837085716,47.72347171546394,46.137530990567036,0.46921551064604516,0.5389067604875446,0.5235784887518491,0.5553451808047302
AWS,LC09_L2SP_114034_20230805_20230808_02_T1,2023-08-05,696,49.565169800000014,48.72075609714287,44.07726385570873,42.68769749624163,0.5473351761290411,0.5820927662352858,0.717170574552517,0.751466889060156
AWS,LC09_L2SP_114034_20230805_20230808_02_T1,2023-08-05,851,43.98240380000001,42.465388866285736,39.865749125567035,39.536678244603515,0.530105869916112,0.6275818610864884,0.726254279465474,0.7375986649444213
AWS,LC09_L2SP_114034_20230805_20230808_02_T1,2023-08-05,843,45.862314800000014,44.358093026857155,40.67753147543137,39.05764185432586,0.37991057135480116,0.6177494963743791,0.7242384845029386,0.7963692233417429
AWS,LC09_L2SP_114034_20230805_20230808_02_T1,2023-08-05,677,45.1160471,45.1911133297143,40.89058349793816,39.03488628142817,0.7955652228376909,0.6633117134781816,0.758733260559785,0.8239512433685362
ASOS,LC09_L2SP_114034_20240604_20240605_02_T1,2024-06-04,272,34.04508032000001,34.40227968628574,35.115723207835075,34.51739073247067,0.5099888342647046,0.4448568331214877,0.46344091989176656,0.4682122319649845
ASOS,LC09_L2SP_114034_20240604_20240605_02_T1,2024-06-04,216,35.80080326000003,35.78110895428573,33.86647409278352,30.01352556691098,0.396424570892588,0.3511139248319112,0.4288108476569536,0.5650378111157485
ASOS,LC09_L2SP_114034_20240604_20240605_02_T1,2024-06-04,106,32.91713372000002,32.86465897485715,34.4270998474227,34.15872026975002,0.3980206823067554,0.483449880847931,0.49478650051026196,0.4645673243698133
ASOS,LC09_L2SP_114034_20240604_20240605_02_T1,2024-06-04,271,34.92920816000001,34.526109668000025,32.36158213938146,29.872150858202136,0.44113185528419024,0.39819918551808614,0.5308665974632873,0.6148057708058747
ASOS,LC09_L2SP_114034_20240604_20240605_02_T1,2024-06-04,217,39.14020880000002,38.69296902114287,34.60336170044758,31.30408625136703,0.40706284863654246,0.30865035824887155,0.4638307545282037,0.6046628257560984
AWS,LC09_L2SP_114034_20240604_20240605_02_T1,2024-06-04,837,32.20732490000004,32.10527258857145,31.706371588453624,32.73492510483254,0.5181076763771197,0.5484939194463889,0.6141121712783376,0.5547912476948843
AWS,LC09_L2SP_114034_20240604_20240605_02_T1,2024-06-04,831,23.69189774,23.377993293714304,22.90663407298971,22.310334969298612,0.7546641445155534,0.7646101713251452,0.790249894448421,0.8375101785976911
AWS,LC09_L2SP_114034_20240604_20240605_02_T1,2024-06-04,529,31.613728760000033,31.680852162285742,30.757962768312304,28.411498646359227,0.2664849578206681,0.348778102049601,0.42983947821134416,0.5887490261534621
AWS,LC09_L2SP_114034_20240604_20240605_02_T1,2024-06-04,563,,,,27.363375010536934,,,,0.7370356506718828
AWS,LC09_L2SP_114034_20240604_20240605_02_T1,2024-06-04,674,30.24766010000002,29.736877701714306,28.489145130696944,26.66609906485573,0.42182475650275375,0.4464941779161811,0.6362519181963159,0.7227497547566537
AWS,LC09_L2SP_114034_20240604_20240605_02_T1,2024-06-04,579,31.369910000000022,31.16941871257144,28.985208735876306,27.74295462640627,0.2854422561908014,0.4072265570585671,0.6548916013450327,0.6970568001327725
AWS,LC09_L2SP_114034_20240604_20240605_02_T1,2024-06-04,678,,,23.518351286164403,23.49309903273587,,,0.8351596985575047,0.8483694206240477
AWS,LC09_L2SP_114034_20240604_20240605_02_T1,2024-06-04,835,33.724925780000014,33.3763853977143,32.1413638005754,30.347511527555845,0.3138524278411412,0.4490096026305409,0.46765408965694766,0.5136950169362087
AWS,LC09_L2SP_114034_20240604_20240605_02_T1,2024-06-04,696,40.33879448000001,39.2165120274286,31.861282675876307,29.712977590724325,0.4185884956917763,0.38820141103998634,0.6498568101046318,0.707514235084684
AWS,LC09_L2SP_114034_20240604_20240605_02_T1,2024-06-04,802,26.96750024000003,26.542526420000016,,,0.36263144019046756,0.4377481050001036,,
AWS,LC09_L2SP_114034_20240604_20240605_02_T1,2024-06-04,851,31.826785340000015,30.722732327428588,27.9286842674227,27.597020879292053,0.4366213126023277,0.47618112483042196,0.6383844386125574,0.6789750614187446
AWS,LC09_L2SP_114034_20240604_20240605_02_T1,2024-06-04,843,31.331172440000028,30.390110152571456,27.000316558540167,25.109531727534176,0.3025253223859606,0.5989093417049841,0.6334142201923372,0.7341135637901463
AWS,LC09_L2SP_114034_20240604_20240605_02_T1,2024-06-04,581,36.490103960000035,35.92007588171431,32.0204457331959,27.768568465256244,0.32767098558160473,0.3725111600651765,0.6185741874301305,0.7242940546376826
AWS,LC09_L2SP_114034_20240604_20240605_02_T1,2024-06-04,497,26.683804580000015,26.21631710171431,23.41006769250998,22.52653839395351,0.6157493490811227,0.6578654239724008,0.7976084852137201,0.8280353252557827
AWS,LC09_L2SP_114034_20240604_20240605_02_T1,2024-06-04,677,32.921691080000016,33.13474766000002,29.85497786960593,26.27658222952146,0.7337663871501122,0.5825291215953559,0.6901538431769126,0.7989934671205942
AWS,LC09_L2SP_114034_20240604_20240605_02_T1,2024-06-04,318,30.616806260000033,30.008195246428592,25.666851251081095,25.186200123145518,0.35873716048107984,0.4564105590946658,0.739240813759336,0.7921337539533956
AWS,LC09_L2SP_114034_20240604_20240605_02_T1,2024-06-04,876,35.12517464000003,35.20600267485716,34.63994500350517,33.11789991030634,0.4801507368349336,0.5221160373556628,0.48199458159852704,0.5153035847801042
AWS,LC09_L2SP_114034_20240604_20240605_02_T1,2024-06-04,580,27.320695640000014,27.704620667428586,29.9457819830928,29.741549811159476,0.6775808170297705,0.7830311258823653,0.5842451291856016,0.5669405201987155
AWS,LC09_L2SP_114034_20240604_20240605_02_T1,2024-06-04,527,38.82916898,38.18339106800002,32.758017645773215,29.708589843320947,0.29350689814105047,0.29041382972553104,0.5742832128894003,0.6937051593187958
AWS,LC09_L2SP_114034_20240604_20240605_02_T1,2024-06-04,310,29.649506600000034,29.531115770000014,27.867323069795937,27.16251218052682,0.5028669871331711,0.5548237956264342,0.68045129847886,0.6915966447927249
AWS,LC09_L2SP_114034_20240604_20240605_02_T1,2024-06-04,817,25.39862906,25.66005876114287,25.125821731752595,23.501839323389657,0.7179277754588694,0.6989557884415912,0.7099301745818485,0.8006142989394863
AWS,LC09_L2SP_114034_20240604_20240605_02_T1,2024-06-04,878,23.886724880000013,22.90650184914287,21.108230908453624,20.94853337081594,0.5030761155364972,0.6449398426431584,0.8055477762127914,0.8485578997566685
AWS,LC09_L2SP_114034_20240604_20240605_02_T1,2024-06-04,814,34.47233282000004,34.10432600000002,32.316584082268065,29.51201406268539,0.4344539436680234,0.5417983613516903,0.536232274431318,0.6306140110224022
ASOS,LC09_L2SP_114034_20240807_20240808_02_T1,2024-08-07,272,38.65257128000002,38.915726267428596,40.613363674226825,40.46912179085651,0.657675823279395,0.6628585752399642,0.6282150250712278,0.6198029214457772
ASOS,LC09_L2SP_114034_20240807_20240808_02_T1,2024-08-07,271,,,38.77466038687325,37.856537958876295,,,0.6222666012199165,0.6730243447174966
AWS,LC09_L2SP_114034_20240807_20240808_02_T1,2024-08-07,837,39.92977142000003,39.95001911942859,39.25440945404257,39.22552541750883,0.635762712371027,0.6190903160235434,0.7171746075257277,0.7094590092826697
AWS,LC09_L2SP_114034_20240807_20240808_02_T1,2024-08-07,529,39.736083620000024,41.061949854285736,42.72928302158622,41.00851191679658,0.7907164049171497,0.713597584344853,0.6041214189747194,0.6939245386760631
AWS,LC09_L2SP_114034_20240807_20240808_02_T1,2024-08-07,563,,,,33.001850583549505,,,,0.8116435287394503
AWS,LC09_L2SP_114034_20240807_20240808_02_T1,2024-08-07,674,37.30245338000001,36.545378226285735,35.601885776594074,,0.5515469218193888,0.5448583204306217,0.6682826933790589,
AWS,LC09_L2SP_114034_20240807_20240808_02_T1,2024-08-07,835,,,39.52805216422289,38.48442775639795,,,0.6630258979278568,0.7198980398045838
AWS,LC09_L2SP_114034_20240807_20240808_02_T1,2024-08-07,851,43.983543140000016,42.3125545434286,39.7320391587629,39.46820139903237,0.33354726323224887,0.578562232270446,0.7196508947890211,0.7480895521750339
AWS,LC09_L2SP_114034_20240807_20240808_02_T1,2024-08-07,817,,,35.44799190719103,34.925276872970315,,,0.8557490554064089,0.866493005009836
AWS,LC09_L2SP_114034_20240823_20240824_02_T1,2024-08-23,529,,,39.040835089373566,37.02910182461292,,,0.5154706451784291,0.6675524312661818
AWS,LC09_L2SP_114034_20240823_20240824_02_T1,2024-08-23,802,34.130530820000025,33.862558052000026,33.03836312943054,33.33345695666361,0.7151900200343412,0.7964957545736944,0.8417918359501211,0.8335999748030158
AWS,LC09_L2SP_114034_20240823_20240824_02_T1,2024-08-23,851,41.21152892000001,39.90187386628573,37.58702214247425,37.11778936346381,0.32269103143796063,0.5801657999159864,0.7154744298817373,0.7410118161691566
AWS,LC09_L2SP_114034_20240823_20240824_02_T1,2024-08-23,843,38.196835280000016,37.354765362285725,33.892570731786165,33.01539765605022,0.406554733491076,0.655525714264689,0.720077369097093,0.7904083102756564
AWS,LC09_L2SP_114034_20240823_20240824_02_T1,2024-08-23,876,44.15216546000001,44.17693796685716,43.38836132061857,42.09829809736702,0.5203992215275285,0.5449248204772706,0.5175083188317736,0.544131588909456
AWS,LC09_L2SP_114034_20240823_20240824_02_T1,2024-08-23,817,31.99882568000002,32.30781468800002,32.312402202428395,31.432036858440696,0.7786540224295821,0.8067052132029312,0.8050287012649145,0.8349318780670391
ASOS,LC09_L2SP_114034_20250623_20250624_02_T1,2025-06-23,272,35.853212899999995,36.61530114971431,38.145658946185584,38.07436356900661,0.5927160834389834,0.5629035093865146,0.5314052535865206,0.5322867344278096
ASOS,LC09_L2SP_114034_20250623_20250624_02_T1,2025-06-23,216,42.8601539,42.24718898000002,39.685421705436916,35.19791816809597,0.4292440267200613,0.3760608997334638,0.4729884480409109,0.6272776700466104
ASOS,LC09_L2SP_114034_20250623_20250624_02_T1,2025-06-23,106,35.37582944000002,35.52924970914286,37.60471078750001,36.890239919235825,0.4292926782806768,0.48512630181611127,0.4703715319630053,0.49355174565946386
ASOS,LC09_L2SP_114034_20250623_20250624_02_T1,2025-06-23,271,36.67809506000001,36.31295286628573,35.62974474755762,33.58284870071179,0.5567548263198051,0.4970093961137165,0.591228054890802,0.6842382978101111
ASOS,LC09_L2SP_114034_20250623_20250624_02_T1,2025-06-23,217,,,35.34815937576746,32.24713932536799,,,0.5791811735356692,0.7040676013303091
AWS,LC09_L2SP_114034_20250623_20250624_02_T1,2025-06-23,678,,,29.498409289354857,29.489233926650932,,,0.8412965192554177,0.8481908896820565
AWS,LC09_L2SP_114034_20250623_20250624_02_T1,2025-06-23,835,37.28308460000002,37.11648053942859,36.278218776459575,34.752927636290295,0.41729919883487837,0.502232120894235,0.5232493626131054,0.5970524674569865
AWS,LC09_L2SP_114034_20250623_20250624_02_T1,2025-06-23,802,34.622725700000025,34.235464034000024,32.873488433485214,32.509679483926284,0.4369623036748402,0.5233328677270676,0.7541271704890993,0.7772844302804259
AWS,LC09_L2SP_114034_20250623_20250624_02_T1,2025-06-23,851,38.228736800000014,36.924192500000025,34.411203901030945,34.12322834535931,0.2126443836593198,0.48826893732485643,0.7009330570513908,0.7336905341456411
AWS,LC09_L2SP_114034_20250623_20250624_02_T1,2025-06-23,677,38.35634288000002,38.102530480571446,33.68253997745122,31.665974841122,0.740747092611724,0.6036380375867239,0.741553108670506,0.8123676734747615
AWS,LC09_L2SP_114034_20250623_20250624_02_T1,2025-06-23,530,30.06650504,29.63150502800001,29.16419679488609,28.715450137057946,0.4931465620695901,0.6127285228872099,0.7440981963873293,0.7860091330604558
AWS,LC09_L2SP_114034_20250623_20250624_02_T1,2025-06-23,497,32.04325994000004,31.536123429714305,28.77522022546381,28.082718385153395,0.6039059300596887,0.663739839239668,0.8212188441375955,0.8465703993329181
AWS,LC09_L2SP_114034_20250623_20250624_02_T1,2025-06-23,876,41.66042888000002,41.862157165142875,41.04311019340208,39.527810767580895,0.5284167544305158,0.5221135640122849,0.4971037216759726,0.523577099762504
AWS,LC09_L2SP_114034_20250623_20250624_02_T1,2025-06-23,310,,,33.2218333238889,33.470757776444735,,,0.781777841544033,0.7719065955056433
AWS,LC09_L2SP_114034_20250623_20250624_02_T1,2025-06-23,580,33.93000698000001,33.255875778285734,35.055443899793836,35.02226643731465,0.5860523842682043,0.7675394251380669,0.6211589898933954,0.6114787653135317
AWS,LC09_L2SP_114034_20250623_20250624_02_T1,2025-06-23,814,35.70623804000004,35.871344682285745,35.11422757938146,33.22989902199257,0.5214153610897702,0.6053973032153133,0.5960876960789793,0.6710964078684245
AWS,LC09_L2SP_114034_20250623_20250624_02_T1,2025-06-23,527,37.03470848000003,36.96559937085716,33.95293031247936,31.919342425618748,0.4580032089894883,0.45349098096458235,0.6205125827123175,0.7049460584273867
AWS,LC09_L2SP_114034_20250623_20250624_02_T1,2025-06-23,529,35.84523752000001,36.39918462800002,37.256032174117664,35.49646780405508,0.49279203206576155,0.5476065987611646,0.5240980970513992,0.6457576076658237
AWS,LC09_L2SP_114034_20250623_20250624_02_T1,2025-06-23,837,35.73244286000003,35.67993556228573,35.75380059092786,36.871854619175515,0.5556819368415263,0.5662715500502189,0.6619110364988982,0.5980288830209292
AWS,LC09_L2SP_114034_20250623_20250624_02_T1,2025-06-23,333,39.30199508000002,37.87977323428573,33.72183272639177,34.241780700658474,0.6227663464908026,0.6088910483806804,0.7308632594279278,0.6938246396108267
AWS,LC09_L2SP_114034_20250623_20250624_02_T1,2025-06-23,346,40.82871068000003,41.19896362742858,38.723888121230786,38.49189563811611,0.35879326504991327,0.3672077352528636,0.49188346395184995,0.5178062307116349
ASOS,LC09_L2SP_114034_20250709_20250711_02_T1,2025-07-09,272,40.37297468000005,40.52942233828574,41.44784752471055,40.049405298075335,0.5925308836078392,0.6234512728719795,0.5909135802006167,0.6336311727964168
ASOS,LC09_L2SP_114034_20250709_20250711_02_T1,2025-07-09,106,40.28638484000002,40.67092836628573,42.318913281350014,41.585225058806124,0.42383744317533906,0.48811804904938116,0.46197314999167177,0.4749236955713164
ASOS,LC09_L2SP_114034_20250709_20250711_02_T1,2025-07-09,271,44.04734618000001,43.7056418377143,40.45612795260467,38.21684522396531,0.6324705402997434,0.5156512488811529,0.60301045606047,0.6691731017054433
AWS,LC09_L2SP_114034_20250709_20250711_02_T1,2025-07-09,579,35.84637686000002,35.81655870457144,34.26581132226417,33.8949119847379,0.38946194361680647,0.5622132885220448,0.7787042948543054,0.7899491293004632
AWS,LC09_L2SP_114034_20250709_20250711_02_T1,2025-07-09,835,42.55025342000001,42.26606947142859,40.640120782996455,39.032930602981814,0.45355197882502657,0.5081453100723351,0.568734893944135,0.620260822295949
AWS,LC09_L2SP_114034_20250709_20250711_02_T1,2025-07-09,802,36.52200548000004,36.192964088000025,35.76539807485195,36.084474768092186,0.4647136765300142,0.5808123203213467,0.7686059143854936,0.7885891588362198
AWS,LC09_L2SP_114034_20250709_20250711_02_T1,2025-07-09,851,39.27920828000001,38.05106486514287,35.65555502865981,35.492273797343486,0.1976288602245082,0.5297671031795362,0.7159079540819835,0.7306804102141771
AWS,LC09_L2SP_114034_20250709_20250711_02_T1,2025-07-09,843,40.74212084000002,39.57100953028574,36.44544958449577,34.901919577560996,0.2901669836655979,0.6063135109430372,0.6954693614828663,0.7771470552807843
AWS,LC09_L2SP_114034_20250709_20250711_02_T1,2025-07-09,581,41.03948858000001,41.03743776800002,38.15543926000001,35.00791949922056,0.5030447990808304,0.5299261029958565,0.6882473765622923,0.7565554608588635
AWS,LC09_L2SP_114034_20250709_20250711_02_T1,2025-07-09,876,44.116845920000024,44.03396707314288,42.63766937938147,41.14384827509878,0.49221699712897243,0.48919273017019255,0.4955575908226075,0.5237654382245821
AWS,LC09_L2SP_114034_20250709_20250711_02_T1,2025-07-09,310,,,34.78499509236751,35.62077652523264,,,0.7797484355926377,0.7417867817473948
AWS,LC09_L2SP_114034_20250709_20250711_02_T1,2025-07-09,580,33.44920550000004,33.62107829000002,34.887340909908,34.506134503301475,0.6177636216362173,0.7316868920664467,0.651501419252057,0.6698439644560901
AWS,LC09_L2SP_114034_20250709_20250711_02_T1,2025-07-09,878,33.147280400000035,32.58906890514288,30.708227528041256,30.715878830801547,0.510484913296219,0.6694890664536374,0.8305490056566982,0.8630403376138802
AWS,LC09_L2SP_114034_20250709_20250711_02_T1,2025-07-09,817,34.433595260000004,34.388119317714306,34.145510596082495,33.00120774854282,0.7573536478304761,0.7707477701874937,0.8031522771132001,0.8427407293114162
AWS,LC09_L2SP_114034_20250709_20250711_02_T1,2025-07-09,814,40.95973478000002,40.814896182500014,38.71140904814817,35.853103858147975,0.4783641974032798,0.6730224230209708,0.667427062853472,0.7528757634018707
AWS,LC09_L2SP_114034_20250709_20250711_02_T1,2025-07-09,527,44.9736296,44.39266385771431,40.03015079773198,37.238252485607816,0.5379896333353568,0.4589897574215895,0.639685965195526,0.7287308564918968
AWS,LC09_L2SP_114034_20250709_20250711_02_T1,2025-07-09,529,40.29094220000004,40.79456303257145,41.21162288618559,39.22769921765247,0.6497321327380032,0.5915709219020133,0.5319609797402869,0.6444922805173104
AWS,LC09_L2SP_114034_20250709_20250711_02_T1,2025-07-09,837,41.819936480000024,41.43890863142859,40.42944672081969,41.757969943510496,0.5744403434879243,0.5834952004259749,0.6799012925550176,0.6101813193421447
AWS,LC09_L2SP_114034_20250709_20250711_02_T1,2025-07-09,333,41.70030578000003,40.231078021142885,36.16558390762888,37.04539781662551,0.6277749876845901,0.6238986943777786,0.7236830406427491,0.6777990886092216
AWS,LC09_L2SP_114034_20250709_20250711_02_T1,2025-07-09,346,,41.13989291750001,,,,0.3600507582108531,,
AWS,LC09_L2SP_114034_20250709_20250711_02_T1,2025-07-09,332,39.16413494000002,38.40263263657145,34.86959444577322,34.35846601268253,0.5054784601445165,0.5776839482031259,0.7351306844876805,0.7344119708980251
ASOS,LC09_L2SP_114034_20250725_20250727_02_T1,2025-07-25,272,40.133713280000016,40.19719079428573,42.17965078412373,42.14998204380763,0.6391009968351609,0.6823200675050713,0.6115252405830719,0.594307126869146
ASOS,LC09_L2SP_114034_20250725_20250727_02_T1,2025-07-25,216,45.68913511999998,45.40342120057145,43.69281959237116,39.896138872980266,0.3948776941990584,0.36603352512468695,0.4601851045896199,0.6062300558388508
ASOS,LC09_L2SP_114034_20250725_20250727_02_T1,2025-07-25,106,43.105112,42.81783555714287,44.800532140412386,44.56118737723171,0.5009531466668223,0.5363912013035539,0.5057780129457711,0.4749296983162696
ASOS,LC09_L2SP_114034_20250725_20250727_02_T1,2025-07-25,271,39.56518262000001,40.24611730914286,39.47705016845363,37.94759095159795,0.7277101858909352,0.5265823025425547,0.6319848766031938,0.6992674128435201
ASOS,LC09_L2SP_114034_20250725_20250727_02_T1,2025-07-25,217,47.31269462000004,46.88147070628573,42.11889451555246,38.840336688312725,0.4351458636738408,0.3228037990295025,0.5075181991877086,0.6405799140231219
AWS,LC09_L2SP_114034_20250725_20250727_02_T1,2025-07-25,831,33.05841188000003,32.98028570857145,32.69253887546394,32.23793051452621,0.824922698518893,0.7979057470639342,0.8178533518519459,0.8547115405886415
AWS,LC09_L2SP_114034_20250725_20250727_02_T1,2025-07-25,563,,,,33.93193208637823,,,,0.8028262426328914
AWS,LC09_L2SP_114034_20250725_20250727_02_T1,2025-07-25,674,38.735743100000015,38.38681208685716,36.92925028324151,35.59059431523214,0.4520238341106377,0.5107913080429497,0.6918454051139086,0.7608105003813178
AWS,LC09_L2SP_114034_20250725_20250727_02_T1,2025-07-25,579,38.334695420000024,38.257024984571444,37.2588256630928,36.09890682375002,0.3810727459318138,0.6053260304163507,0.7578884553551826,0.7934293213482685
AWS,LC09_L2SP_114034_20250725_20250727_02_T1,2025-07-25,678,,,34.41190492161292,34.34359547769752,,,0.8554201561012479,0.8625268859394452
AWS,LC09_L2SP_114034_20250725_20250727_02_T1,2025-07-25,835,41.44965098,41.18617046685716,39.6687019010106,38.091110488329996,0.4753336793598791,0.5524661134592765,0.6230363981339464,0.6879405649897459
AWS,LC09_L2SP_114034_20250725_20250727_02_T1,2025-07-25,696,50.154208580000024,49.6126640017143,44.418814087835074,42.40375119202406,0.47636319151976764,0.49802044751971003,0.6686033234563338,0.7314257881790971
AWS,LC09_L2SP_114034_20250725_20250727_02_T1,2025-07-25,802,36.28160474000001,36.188520662000016,35.95366946806381,35.763097406497714,0.5345650034448268,0.6761185072677399,0.8057308727885982,0.8206777184454102
AWS,LC09_L2SP_114034_20250725_20250727_02_T1,2025-07-25,851,41.73106796000002,40.674737017142874,38.30389017216497,38.27957980672777,0.20403948544764858,0.5425057409877662,0.7463583071011614,0.7687575474685344
AWS,LC09_L2SP_114034_20250725_20250727_02_T1,2025-07-25,843,42.71203970000003,41.79672649657146,38.10693540119078,36.62163492735612,0.313238281650155,0.6340454515255822,0.7298074607242129,0.8008280297281711
AWS,LC09_L2SP_114034_20250725_20250727_02_T1,2025-07-25,677,43.26689828000002,43.3768283137143,39.11828994370542,36.78394195415101,0.75429279042802,0.6284243175877927,0.7419509376374728,0.8162846847292178
AWS,LC09_L2SP_114034_20250725_20250727_02_T1,2025-07-25,530,35.444189840000014,34.30402122909093,34.25988952742462,33.36447782452348,0.4931655573585325,0.6286254468913121,0.7384643453615892,0.7992276342688189
AWS,LC09_L2SP_114034_20250725_20250727_02_T1,2025-07-25,497,37.066610000000026,36.75915096285716,34.08101204268659,33.30755272184501,0.6767665767163146,0.704401811715377,0.841504921580056,0.8652265178862314
AWS,LC09_L2SP_114034_20250725_20250727_02_T1,2025-07-25,581,41.49978194000001,40.84993495657145,38.22265248948456,35.387042463527074,0.5519451858704834,0.5406709251203388,0.7094044134478155,0.7811147926329042
AWS,LC09_L2SP_114034_20250725_20250727_02_T1,2025-07-25,876,49.960520780000024,49.852023059428596,49.13465197505157,47.57174654824507,0.4782195797688136,0.517031443319472,0.5066136870641602,0.5341318330762292
AWS,LC09_L2SP_114034_20250725_20250727_02_T1,2025-07-25,310,40.41513026000001,40.84964605250003,40.274460048221364,39.909188589180346,0.5375578449245147,0.6397698135245385,0.7241521268199967,0.7444545096512613
AWS,LC09_L2SP_114034_20250725_20250727_02_T1,2025-07-25,580,36.18590018000003,36.61178547200002,38.621108268865996,38.9253634594618,0.7433416610548588,0.82709843313633,0.6942202178720022,0.6745558442651286
AWS,LC09_L2SP_114034_20250725_20250727_02_T1,2025-07-25,878,35.81447534000002,34.498374877142865,32.68397620680414,32.43658959449758,0.550045486694675,0.6717574362246582,0.8280336830382778,0.8708354217792842
AWS,LC09_L2SP_114034_20250725_20250727_02_T1,2025-07-25,817,35.820172040000024,36.05386695028572,35.5570314830928,34.41322380861153,0.7739949184646369,0.8007199758040361,0.8228398879109586,0.8565655120870898
AWS,LC09_L2SP_114034_20250725_20250727_02_T1,2025-07-25,814,40.61793278000001,40.87386109657144,39.89253340371136,37.77181404238152,0.46485549393030673,0.5938047178023701,0.6204104090164988,0.7028322138381438
AWS,LC09_L2SP_114034_20250725_20250727_02_T1,2025-07-25,527,43.50843835999999,43.19928658914287,39.96054534577321,37.53223995941027,0.6225548415216995,0.5327159088900681,0.6684702376742891,0.7482058599776689
AWS,LC09_L2SP_114034_20250725_20250727_02_T1,2025-07-25,529,42.19933670000004,42.95348212228574,44.33212885669348,42.460081724800936,0.7693740061919461,0.6497616341728258,0.5732339106365316,0.677403108866123
AWS,LC09_L2SP_114034_20250725_20250727_02_T1,2025-07-25,837,40.22941784000003,40.002070681142875,38.93409005670106,40.154492453976545,0.5561568872813459,0.5919954551811879,0.7136085823626881,0.6437228012838828
AWS,LC09_L2SP_114034_20250725_20250727_02_T1,2025-07-25,333,44.496246140000004,43.23815435942859,40.43191105463919,41.14029130324078,0.7439658668507136,0.6809631449670087,0.7469192939782965,0.7037066345421176
AWS,LC09_L2SP_114034_20250725_20250727_02_T1,2025-07-25,346,44.98958035999999,45.232617858285735,42.109983230153865,42.18183167059148,0.4360541675074194,0.43819329964641823,0.6106298498384918,0.6036201485636321
AWS,LC09_L2SP_114034_20250725_20250727_02_T1,2025-07-25,332,44.695630640000026,44.017462919428596,40.98972956948456,40.823571092144306,0.5160040289507589,0.5663530786764188,0.7822262623581067,0.7814686845944826
ASOS,LC09_L2SP_114035_20220701_20230409_02_T1,2022-07-01,138,48.46001000000001,48.52963995028574,47.549591661632014,47.77530073371964,0.5234767521894795,0.37763999053287595,0.23521139797982332,0.2361038470577999
ASOS,LC09_L2SP_114035_20220701_20230409_02_T1,2022-07-01,277,40.022057960000005,40.06711071885717,41.41099564041239,40.100539013169225,0.6866242846687308,0.6638358641910632,0.5074184728710214,0.5505095851195427
ASOS,LC09_L2SP_114035_20220701_20230409_02_T1,2022-07-01,281,,45.32722376900002,43.61121718563638,42.33593673483942,,0.45171894610898233,0.40206849698272745,0.4438028253687229
ASOS,LC09_L2SP_114035_20220701_20230409_02_T1,2022-07-01,278,46.62567260000001,46.253433945714306,42.46591057339784,42.82155547195326,0.28560297494147857,0.27014947313286053,0.46831764043157953,0.4879123656224492
ASOS,LC09_L2SP_114035_20220701_20230409_02_T1,2022-07-01,279,42.41011460000002,42.73551010400003,40.367888760206206,39.60870912643002,0.49616889907989,0.37686512626152935,0.4957282649882718,0.5415532620719593
ASOS,LC09_L2SP_114035_20220701_20230409_02_T1,2022-07-01,136,44.83861781000002,44.94320922200001,43.49261809709253,41.35942797867023,0.4204078068997683,0.2815511191056212,0.4448616449515309,0.5328603079206625
ASOS,LC09_L2SP_114035_20220701_20230409_02_T1,2022-07-01,253,39.73722296000002,40.14367436685715,44.102003177938165,43.367291323584325,0.7427673606621261,0.6985310437670401,0.35763423856468946,0.3795961490106483
ASOS,LC09_L2SP_114035_20220701_20230409_02_T1,2022-07-01,257,41.57156036,41.8571766217143,43.5419429714573,43.593981358843635,0.6525458243325546,0.5761436423213427,0.4381934606533599,0.41071063596982316
ASOS,LC09_L2SP_114035_20220701_20230409_02_T1,2022-07-01,143,42.93990770000001,42.571542801714294,42.57398424457144,43.55953110051951,0.4202675809285334,0.3955846532202402,0.3973922888063899,0.3618209212358288
ASOS,LC09_L2SP_114035_20220701_20230409_02_T1,2022-07-01,152,42.95357978000002,42.89049289657145,40.7619046373196,40.303048507562394,0.4469430781041798,0.523970718029769,0.6450241313722472,0.6482428591123658
ASOS,LC09_L2SP_114035_20220701_20230409_02_T1,2022-07-01,283,44.15330480000002,43.38737534685716,39.15785058042107,38.7635893867091,0.5643312426422723,0.43853840782998044,0.6316270602084296,0.6536981832282902
ASOS,LC09_L2SP_114035_20220701_20230409_02_T1,2022-07-01,271,37.14522446000003,37.180446342285734,37.17330159038311,36.06468669666185,0.5553281462383949,0.5064407894263232,0.587443722741621,0.6548658070867663
AWS,LC09_L2SP_114035_20220701_20230409_02_T1,2022-07-01,928,47.124703520000025,47.21751090114287,45.15421694762889,42.32414780063997,0.21901186377452986,0.2623995427489128,0.3700378690432189,0.5080984262433133
AWS,LC09_L2SP_114035_20220701_20230409_02_T1,2022-07-01,837,36.81367652,36.68747020057145,36.798016025129996,38.10362161949202,0.5851472219652372,0.599394760038189,0.667624694866865,0.5696185417580398
AWS,LC09_L2SP_114035_20220701_20230409_02_T1,2022-07-01,816,,,36.8260135451534,35.348983514614915,,,0.6091364691493013,0.7207267562524567
AWS,LC09_L2SP_114035_20220701_20230409_02_T1,2022-07-01,829,41.70030578000003,42.49693230800002,42.19765313917528,40.42113255556853,0.651786093183938,0.6059597847502625,0.520204564074717,0.6101795476501414
AWS,LC09_L2SP_114035_20220701_20230409_02_T1,2022-07-01,840,42.31327070000003,42.351812944571456,45.80658893670104,44.58337850709473,0.6717824770057477,0.6475537809332781,0.3808445915416172,0.40331265853438697
AWS,LC09_L2SP_114035_20220701_20230409_02_T1,2022-07-01,940,38.34608882000001,38.159171954857165,38.144488284123724,40.52673229910002,0.6251932940903813,0.6337663078982975,0.6198959081012403,0.46352584914998474
AWS,LC09_L2SP_114035_20220701_20230409_02_T1,2022-07-01,801,41.64447812000003,41.425334209142875,36.982479369225366,35.614923885204284,0.6084464954709016,0.6142592416561645,0.6656312374677427,0.7388752467008739
AWS,LC09_L2SP_114035_20220701_20230409_02_T1,2022-07-01,817,,32.76814310461539,31.683856994619585,29.380506530609996,,0.797145980550867,0.8210819028870538,0.853597276505595
AWS,LC09_L2SP_114035_20220701_20230409_02_T1,2022-07-01,825,42.89091608000001,42.16255229428573,40.04750464774438,39.78997976731304,0.30426468887413977,0.3703614094262,0.5366849952572017,0.5750890471882667
AWS,LC09_L2SP_114035_20220701_20230409_02_T1,2022-07-01,806,39.60278084000004,40.174729520000014,38.58507637270032,38.28613817869307,0.5109071576452732,0.5587550298604588,0.5580512377901408,0.5868495375155826
AWS,LC09_L2SP_114035_20220701_20230409_02_T1,2022-07-01,807,41.19671750000001,40.95276852971431,40.31256821360001,39.7667729824911,0.609704210129819,0.4742951768934886,0.6351465852924294,0.666445269600801
AWS,LC09_L2SP_114035_20220701_20230409_02_T1,2022-07-01,848,42.76444934000002,41.69008427257144,37.215939038433746,36.27374116217881,0.4122226835289277,0.4478495660750531,0.6678461132121847,0.709200911661756
AWS,LC09_L2SP_114035_20220701_20230409_02_T1,2022-07-01,811,43.94138756000001,43.82097559828573,45.72084607423489,44.73150535946676,0.588616824422807,0.6295716599618194,0.4432261607920296,0.4708242629384998
AWS,LC09_L2SP_114035_20220701_20230409_02_T1,2022-07-01,972,40.42766300000005,40.924870976,,36.87748617445575,0.2278882979023425,0.3597966337354765,,0.6299085055850299
AWS,LC09_L2SP_114035_20220701_20230409_02_T1,2022-07-01,823,38.18885990000001,39.16856208971429,39.23395369520002,38.48496404394162,0.6699060604761451,0.5823621000476348,0.5985447615108013,0.6271395318580306
AWS,LC09_L2SP_114035_20220701_20230409_02_T1,2022-07-01,860,43.42070918000002,43.9565245057143,44.61094104197882,44.77311825875902,0.3287036060723216,0.2839227229229896,0.2588087546967137,0.25788659755831184
AWS,LC09_L2SP_114035_20220701_20230409_02_T1,2022-07-01,847,40.104090440000014,39.67355013028573,,,0.504840514987355,0.5804285918795273,,
AWS,LC09_L2SP_114035_20220701_20230409_02_T1,2022-07-01,830,41.59662584000002,42.384723594285745,40.814635328453626,40.71600082629833,0.7217061906198404,0.5859316262348381,0.5976575107099475,0.6020693703880575
AWS,LC09_L2SP_114035_20220701_20230409_02_T1,2022-07-01,805,38.16151574000003,38.57216642857145,37.13937114969074,34.933441951354155,0.6452905916087568,0.6618272986853674,0.7352615905748787,0.8155850216278474
AWS,LC09_L2SP_114035_20220701_20230409_02_T1,2022-07-01,845,,,,40.58233819228196,,,,0.49595152136844994
AWS,LC09_L2SP_114035_20220701_20230409_02_T1,2022-07-01,842,36.45022706000003,36.26939752571431,36.920511555384635,35.51755928907478,0.5979259351534846,0.6762243140425431,0.6254134317550192,0.7245026919768537
AWS,LC09_L2SP_114035_20220701_20230409_02_T1,2022-07-01,939,,,43.098545998376636,41.83025745731361,,,0.5200705131243589,0.540001825223433
AWS,LC09_L2SP_114035_20220701_20230409_02_T1,2022-07-01,927,38.04302438000002,38.49491917657145,40.205256784536104,38.215462989776064,0.5699668063998058,0.6820544055226797,0.5861080662347073,0.6424918740748122
AWS,LC09_L2SP_114035_20220701_20230409_02_T1,2022-07-01,854,,,,36.003462859257965,,,,0.8206588359329143
AWS,LC09_L2SP_114035_20220701_20230409_02_T1,2022-07-01,900,37.67729624000003,38.34511224285718,37.98369246555047,37.41318139110857,0.7290076648463394,0.6867650347920714,0.6812581522972967,0.7139928490892143
AWS,LC09_L2SP_114035_20220701_20230409_02_T1,2022-07-01,937,36.22235906000003,37.703794033142884,36.942692406468865,35.8504247014907,0.6752419319524693,0.6189821828493324,0.5679870055391646,0.6103627024603533
AWS,LC09_L2SP_114035_20220701_20230409_02_T1,2022-07-01,925,40.11890186000003,40.29475085085716,39.30242724344829,37.18970794017283,0.4729916319582674,0.5986983306475823,0.5977859411669337,0.6418445790034771
AWS,LC09_L2SP_114035_20220701_20230409_02_T1,2022-07-01,941,41.33799566000001,41.75756575314286,41.63142678386208,42.13918744808236,0.4573775951440055,0.38234011711654536,0.41049838187813054,0.374120406514452
AWS,LC09_L2SP_114035_20220701_20230409_02_T1,2022-07-01,954,,,,43.536159667209716,,,,0.257963414205432
AWS,LC09_L2SP_114035_20220701_20230409_02_T1,2022-07-01,296,43.146128239999996,43.100261666857165,43.851843215277405,42.613295748715444,0.16380696188129243,0.22701471048498237,0.3638722592677613,0.4134035908372451
AWS,LC09_L2SP_114035_20220701_20230409_02_T1,2022-07-01,832,39.998131820000026,39.446788917714315,38.116050146797704,38.319121474822005,0.4961709149785148,0.5514792363296154,0.5699966067442301,0.5768226942660214
AWS,LC09_L2SP_114035_20220701_20230409_02_T1,2022-07-01,836,39.642657740000026,39.843941140000034,39.33453031573966,39.266860652034524,0.6991454252892101,0.7080199264983528,0.6897159346298732,0.6729227423215399
AWS,LC09_L2SP_114035_20220701_20230409_02_T1,2022-07-01,815,41.90880500000003,40.891439485142875,39.336875608256896,38.49780953240962,0.3006246115989531,0.3368336062528708,0.5252074715085325,0.5873807167981887
AWS,LC09_L2SP_114035_20220701_20230409_02_T1,2022-07-01,826,41.579535740000004,41.69262337314288,41.94661855917528,40.5307574503636,0.37074376390354485,0.47831824355126934,0.5051489839186086,0.5479391480865251
AWS,LC09_L2SP_114035_20220701_20230409_02_T1,2022-07-01,312,,,,35.86490109907119,,,,0.7789472528858791
AWS,LC09_L2SP_114035_20220701_20230409_02_T1,2022-07-01,846,46.196141420000004,45.15810502228572,46.757094179467394,46.129109142579786,0.7567357025665399,0.6343212859103563,0.43215290652292215,0.41757260433437265
AWS,LC09_L2SP_114035_20220701_20230409_02_T1,2022-07-01,905,,,,36.093573577964854,,,,0.7691222153421642
AWS,LC09_L2SP_114035_20220701_20230409_02_T1,2022-07-01,802,36.007023800000034,35.85503584400001,34.93483478669705,34.37864494430417,0.44020373697953524,0.5637576403173317,0.8022482356489696,0.7965151009543835
AWS,LC09_L2SP_114035_20220701_20230409_02_T1,2022-07-01,843,41.013283760000014,40.386939733142874,37.46120372729042,36.12736255812685,0.3672647161257537,0.621402827108772,0.7184655789670922,0.7899081783504253
AWS,LC09_L2SP_114035_20220701_20230409_02_T1,2022-07-01,859,32.430635540000026,32.01240010228574,31.951110434020638,32.05359228273692,0.7095914422639408,0.8833395742885476,0.8972803974702769,0.8846785689336661
AWS,LC09_L2SP_114035_20220701_20230409_02_T1,2022-07-01,819,38.76194792000001,38.06073297885715,34.696969140654225,33.778104929508004,0.3234076523272482,0.43007328989204613,0.6701094022253408,0.7126184749441058
AWS,LC09_L2SP_114035_20220701_20230409_02_T1,2022-07-01,814,36.47643188000003,36.7172558034286,36.90451317423011,34.92640967501328,0.4348088923286304,0.5845961322777005,0.5383566096606299,0.6486719594987341
AWS,LC09_L2SP_114035_20220701_20230409_02_T1,2022-07-01,844,42.01020626,41.828953542285724,39.00668782071103,37.285262644290235,0.31304243882082644,0.4328382468680689,0.5925978247998744,0.6905254007198702
AWS,LC09_L2SP_114035_20220701_20230409_02_T1,2022-07-01,841,41.08961954000002,40.94202618114287,40.00369931649486,38.74777272938145,0.4380314457935999,0.5333264671688649,0.6286509499020089,0.6923287604338131
AWS,LC09_L2SP_114035_20220701_20230409_02_T1,2022-07-01,992,46.13233838000002,45.33691629714288,41.03432043979383,38.10201752587631,0.32298707415791855,0.40215005333426745,0.5298304056909525,0.6303285267403245
AWS,LC09_L2SP_114035_20220701_20230409_02_T1,2022-07-01,943,35.74041824000002,35.237741432000014,34.092613697188675,33.46661523384617,0.7337641134173634,0.6711127047775185,0.8109275699717208,0.8573940304584834
ASOS,LC09_L2SP_114035_20230602_20230604_02_T1,2023-06-02,138,39.18008570000001,39.15030009714288,38.12506410540542,38.638508502299814,0.45816965204369536,0.34632204531274013,0.21679308110186152,0.21221063920403277
ASOS,LC09_L2SP_114035_20230602_20230604_02_T1,2023-06-02,277,31.14659936000002,31.646476646857167,33.916706849484555,32.73790692787348,0.6970622371370455,0.6747343871109623,0.5134868878136478,0.5411762612078286
ASOS,LC09_L2SP_114035_20230602_20230604_02_T1,2023-06-02,281,,38.93620997300002,37.26038066109093,36.22467380019205,,0.3173389016124683,0.3029405762485778,0.3309813455378432
ASOS,LC09_L2SP_114035_20230602_20230604_02_T1,2023-06-02,272,34.519045760000004,34.635583965714304,35.07636312185569,34.717939362004024,0.5339167927239198,0.5176738116523426,0.459678233247055,0.4746155414640835
ASOS,LC09_L2SP_114035_20230602_20230604_02_T1,2023-06-02,279,37.74337796,37.66619581314287,35.2493235474227,34.310628204823004,0.4583163367058625,0.37026058923219984,0.4418793822365157,0.490301061472512
ASOS,LC09_L2SP_114035_20230602_20230604_02_T1,2023-06-02,285,,,36.16959600216921,34.99075298073726,,,0.3888202229265332,0.4468000661171287
ASOS,LC09_L2SP_114035_20230602_20230604_02_T1,2023-06-02,288,38.76764462,38.427144722857165,36.9282017000731,36.63937502830771,0.3073155684813317,0.3464020079819329,0.3287799913753021,0.3157279325424753
ASOS,LC09_L2SP_114035_20230602_20230604_02_T1,2023-06-02,136,,,,34.36851758337502,,,,0.5569227542878632
ASOS,LC09_L2SP_114035_20230602_20230604_02_T1,2023-06-02,253,35.32114111999999,35.88716523200001,39.13462172721651,38.613476145537426,0.704778686039714,0.6720082697058202,0.3405522481213886,0.3257766701926109
ASOS,LC09_L2SP_114035_20230602_20230604_02_T1,2023-06-02,257,36.55162832,36.14761835600002,37.99746382587788,38.50007210888023,0.6081584568035985,0.5854377040750824,0.4331583970497938,0.4030988150578561
ASOS,LC09_L2SP_114035_20230602_20230604_02_T1,2023-06-02,263,34.637537120000026,34.98288373333335,,32.69287323521831,0.5204113535405989,0.42771555045797244,,0.5220105918596853
ASOS,LC09_L2SP_114035_20230602_20230604_02_T1,2023-06-02,143,37.18965872000001,36.948899901714306,37.39038654663757,37.909171248462165,0.38390555321064784,0.3873300127222737,0.39589352667050626,0.3677673584050479
ASOS,LC09_L2SP_114035_20230602_20230604_02_T1,2023-06-02,152,34.53271784000003,34.91703349828574,33.78414013793817,33.145799914049924,0.43044431903608604,0.531272409048112,0.6396505379545822,0.6390419846635697
ASOS,LC09_L2SP_114035_20230602_20230604_02_T1,2023-06-02,283,35.51255024000002,34.90443565314288,32.48541902840002,32.56314137747389,0.5243500944698801,0.40284526867371756,0.3990372443545929,0.3946048850419609
ASOS,LC09_L2SP_114035_20230602_20230604_02_T1,2023-06-02,271,36.19501490000001,36.51686217371431,33.685647914433005,31.501304638288023,0.5041327182695409,0.43591768854499874,0.5329491047320987,0.6090819787906973
ASOS,LC09_L2SP_114035_20230602_20230604_02_T1,2023-06-02,276,32.71091318,32.24970834800003,30.745005746250015,29.38042101112071,0.38818502787697023,0.5936395835283786,0.5896222776182335,0.6738359801171775
AWS,LC09_L2SP_114035_20230602_20230604_02_T1,2023-06-02,919,33.75568796000001,34.27962159714287,33.67299380144331,33.22859170028631,0.30521302419526036,0.245112341149358,0.34878572263372526,0.4117192545257446
AWS,LC09_L2SP_114035_20230602_20230604_02_T1,2023-06-02,928,40.16675414000002,40.155979238857164,38.3200406103093,36.128518038529855,0.17225746181048032,0.25454518804751164,0.35742895677865993,0.473010561489724
AWS,LC09_L2SP_114035_20230602_20230604_02_T1,2023-06-02,837,34.98845384000001,34.65189280400002,34.099412351546405,35.01935725510452,0.487418909661587,0.537601820308234,0.604819284699719,0.5496054724859608
AWS,LC09_L2SP_114035_20230602_20230604_02_T1,2023-06-02,816,31.577269880000017,31.929000414285735,32.92905691310002,31.56445620684934,0.6374871414517073,0.7459876290655246,0.6175203936963435,0.6605394330749449
AWS,LC09_L2SP_114035_20230602_20230604_02_T1,2023-06-02,820,,,30.185022471853568,29.738003295700132,,,0.7117377593554385,0.7004706521714791
AWS,LC09_L2SP_114035_20230602_20230604_02_T1,2023-06-02,808,36.32603900000004,,,,0.647376922536695,,,
AWS,LC09_L2SP_114035_20230602_20230604_02_T1,2023-06-02,840,35.74839362000002,35.93824021657145,39.266464116082496,37.89864293849855,0.6728803951897483,0.626317950077988,0.36172829030949744,0.38535931797161294
AWS,LC09_L2SP_114035_20230602_20230604_02_T1,2023-06-02,827,40.67717846000003,39.776374825454575,36.94432774509092,38.2668430634301,0.385631023689098,0.3597506295742416,0.41550988525041643,0.33701600561777517
AWS,LC09_L2SP_114035_20230602_20230604_02_T1,2023-06-02,812,36.762406220000024,36.083847868571446,31.692123965567028,30.060724186057847,0.3508948949190498,0.29435691618195947,0.5718160290081818,0.6706792504154376
AWS,LC09_L2SP_114035_20230602_20230604_02_T1,2023-06-02,850,,,,30.959919615918,,,,0.652258828113692
AWS,LC09_L2SP_114035_20230602_20230604_02_T1,2023-06-02,817,30.233988020000027,30.633961465142875,30.062221748041257,28.961585633237924,0.6792705492734262,0.6776871635328617,0.7060006825423374,0.7929159557226564
AWS,LC09_L2SP_114035_20230602_20230604_02_T1,2023-06-02,825,37.03470848000003,36.40973166114287,34.21439955587631,34.278516285126095,0.3210020304644459,0.32984811140850656,0.36870552791718203,0.41685247070255343
AWS,LC09_L2SP_114035_20230602_20230604_02_T1,2023-06-02,801,34.43017724000001,34.538609855428575,31.465298076666684,30.68296452480622,0.6579550931079367,0.6194903997940188,0.650008842010363,0.71489965571652
AWS,LC09_L2SP_114035_20230602_20230604_02_T1,2023-06-02,828,33.508451180000044,32.22241133310347,31.53238181508477,31.02075338802667,0.46489459494996527,0.6238140188565473,0.5373477064082054,0.5513537826438284
AWS,LC09_L2SP_114035_20230602_20230604_02_T1,2023-06-02,810,38.11366346000002,36.81776242896553,35.07418483741119,35.409201438226624,0.43712315597210366,0.5558039191683193,0.5450265409225226,0.5472807595345129
AWS,LC09_L2SP_114035_20230602_20230604_02_T1,2023-06-02,972,35.382665480000014,35.794422956000034,,31.3318733428796,0.502938289202964,0.39353614384430813,,0.5980073341217645
AWS,LC09_L2SP_114035_20230602_20230604_02_T1,2023-06-02,823,,,,32.058648519088536,,,,0.5801440396554736
AWS,LC09_L2SP_114035_20230602_20230604_02_T1,2023-06-02,860,38.531801240000014,38.93828519942858,39.532141760000016,38.96614399379312,0.34177331368008507,0.3076143718081671,0.26018652620878036,0.26018932089611285
AWS,LC09_L2SP_114035_20230602_20230604_02_T1,2023-06-02,847,34.83350360000003,34.21389795542858,30.411896813210603,29.487665331253694,0.5046700206819036,0.5457132447412051,0.6526533040732476,0.6790828674910971
AWS,LC09_L2SP_114035_20230602_20230604_02_T1,2023-06-02,830,36.04348268000003,36.363637220000015,35.22921869896909,34.92831149648442,0.615962433695512,0.4249815281203296,0.4624106137878517,0.4757785798024822
AWS,LC09_L2SP_114035_20230602_20230604_02_T1,2023-06-02,805,31.39497548000001,31.938668528000015,30.934231865360843,28.776832502943048,0.695555944539684,0.6752449794152224,0.7063647373512739,0.7842978573501922
AWS,LC09_L2SP_114035_20230602_20230604_02_T1,2023-06-02,845,38.59446494000002,38.06493226057144,34.516768505957465,35.08072456119203,0.4772458090895009,0.5065260996683012,0.47760459575340525,0.5061642955803328
AWS,LC09_L2SP_114035_20230602_20230604_02_T1,2023-06-02,939,36.01955654000003,36.206252935454565,37.1903253551064,36.27203958325583,0.6834771000266308,0.6411509889392432,0.551023760798811,0.5556991559112474
AWS,LC09_L2SP_114035_20230602_20230604_02_T1,2023-06-02,842,,,,28.14273469236198,,,,0.669623759656392
AWS,LC09_L2SP_114035_20230602_20230604_02_T1,2023-06-02,927,32.97182204000004,33.199624934857155,34.42276219114756,31.889672751609456,0.45984519892406195,0.5443362173948826,0.5569070042255687,0.6455034847758483
AWS,LC09_L2SP_114035_20230602_20230604_02_T1,2023-06-02,824,34.81185614000003,34.97719065028573,33.722137153467756,32.64831122337425,0.27469579064668675,0.29754922410033574,0.37391534541857574,0.4706993952689367
AWS,LC09_L2SP_114035_20230602_20230604_02_T1,2023-06-02,854,,,,30.84468231187281,,,,0.7678257745257431
AWS,LC09_L2SP_114035_20230602_20230604_02_T1,2023-06-02,915,32.36569316000001,33.205875028571455,31.9657703979747,30.30509908409355,0.4651854738976266,0.4285268175235907,0.5161591326449922,0.6426884409105244
AWS,LC09_L2SP_114035_20230602_20230604_02_T1,2023-06-02,920,33.06296924000001,33.45080057600002,32.865913567007055,31.640896668508308,0.25261582705728447,0.25819228537116556,0.2724527359473641,0.35249024201203155
AWS,LC09_L2SP_114035_20230602_20230604_02_T1,2023-06-02,925,34.465496780000024,35.14750570400002,35.02967667486537,32.73981226615149,0.5175312731967285,0.6187432273934821,0.5117303599935537,0.5562767948532842
AWS,LC09_L2SP_114035_20230602_20230604_02_T1,2023-06-02,941,37.168011260000036,37.24783016514288,36.96812317700697,37.243293617442646,0.5552691734088077,0.4199453422444378,0.38365901718790746,0.3606483996933788
AWS,LC09_L2SP_114035_20230602_20230604_02_T1,2023-06-02,937,32.60951192000001,33.69758162000002,32.72827440217334,32.32421090830698,0.6528283231226615,0.6062506241450383,0.5561445040065738,0.5683386676086428
AWS,LC09_L2SP_114035_20230602_20230604_02_T1,2023-06-02,835,35.98423700000003,35.477588778285735,34.11904212974547,32.67144922855897,0.3394207965763803,0.43199177062638333,0.443541758227579,0.471884797575063
AWS,LC09_L2SP_114035_20230602_20230604_02_T1,2023-06-02,803,31.170525500000014,30.904473333714297,31.074758295876308,30.01212791439355,0.6035804963597412,0.5969442535934107,0.6076725161493541,0.6787832238315994
AWS,LC09_L2SP_114035_20230602_20230604_02_T1,2023-06-02,849,32.82940454000002,32.93507018685717,32.97078449670105,31.856481243887796,0.3196986865881551,0.5311888467358926,0.5452147081009585,0.6028379984024111
AWS,LC09_L2SP_114035_20230602_20230604_02_T1,2023-06-02,815,36.74531612000002,36.33082422800002,34.82490177876291,33.72358309322836,0.3379181497699819,0.3558094429098803,0.4933298806894338,0.5495142688505392
AWS,LC09_L2SP_114035_20230602_20230604_02_T1,2023-06-02,826,35.92727000000002,36.016268730285724,35.29108841433489,34.40028424721652,0.3273166020365032,0.3939088534171455,0.4574378909860468,0.5021970342648129
AWS,LC09_L2SP_114035_20230602_20230604_02_T1,2023-06-02,836,32.18112007999999,32.443754226285726,31.200680815051566,29.61205450777557,0.6147135261945355,0.5923998829334118,0.6095307752247983,0.6827298068443347
AWS,LC09_L2SP_114035_20230602_20230604_02_T1,2023-06-02,832,36.122097140000015,36.2584598617143,35.40652883203216,35.083231849939864,0.4979089486732648,0.528004645693226,0.3604380103230354,0.3570016234499489
AWS,LC09_L2SP_114035_20230602_20230604_02_T1,2023-06-02,853,27.327531680000032,26.794157797142873,24.512668368695667,24.4757356051163,0.42823364141582854,0.6940693615564097,0.8390344895205858,0.8461485995673464
AWS,LC09_L2SP_114035_20230602_20230604_02_T1,2023-06-02,846,38.79954614,37.92342623257146,39.66350113848205,39.23732082598287,0.7372172185458042,0.5953767613394371,0.429784850098473,0.40752619802110956
AWS,LC09_L2SP_114035_20230602_20230604_02_T1,2023-06-02,905,36.265653980000025,36.409243372571446,34.333811001443316,32.549817745153184,0.3644537920753894,0.4918426673402212,0.634766445486904,0.7270179211477642
AWS,LC09_L2SP_114035_20230602_20230604_02_T1,2023-06-02,673,32.910297680000006,33.22452765200002,35.0285617402062,34.057319415670115,0.5985676680753004,0.6041667408874396,0.4294420089439547,0.44198268391857426
AWS,LC09_L2SP_114035_20230602_20230604_02_T1,2023-06-02,802,30.239684720000014,29.629454216000017,27.831558566970408,28.19867525178979,0.3401473614120027,0.4339601534105666,0.7224710071578873,0.7346696444256213
AWS,LC09_L2SP_114035_20230602_20230604_02_T1,2023-06-02,843,31.83248204000002,31.295104190857156,28.804289366780086,27.366389835463725,0.3792044697680335,0.5980461341312668,0.6493908338507882,0.7361160415645636
AWS,LC09_L2SP_114035_20230602_20230604_02_T1,2023-06-02,859,25.236842780000018,25.040322906285727,25.25783214361196,25.708508096963634,0.7327830889873078,0.8290314195553139,0.83975550846752,0.8281150424007255
AWS,LC09_L2SP_114035_20230602_20230604_02_T1,2023-06-02,841,33.43211540000001,33.483320594857155,32.8209123459794,31.797561741958223,0.6097911163262029,0.6488454301795229,0.6030568970346435,0.6642797122151873
AWS,LC09_L2SP_114035_20230602_20230604_02_T1,2023-06-02,844,35.417985020000025,35.281882718857155,32.66171013608249,30.288728528491287,0.3496081939607008,0.4192739928773883,0.5702417959554447,0.6621638782349263
AWS,LC09_L2SP_114035_20230602_20230604_02_T1,2023-06-02,935,33.49477910000002,33.24825847657145,31.074291482000017,30.583504859187393,0.30671719454054774,0.4900182925646914,0.5750920067968496,0.6110157554565976
AWS,LC09_L2SP_114035_20230602_20230604_02_T1,2023-06-02,936,32.566216999999995,32.59444007942858,33.682979011423505,32.54399606797555,0.2934845221690124,0.33873107505838035,0.39457060696932666,0.5069421940855021
AWS,LC09_L2SP_114035_20230602_20230604_02_T1,2023-06-02,839,37.295617340000014,37.34294877885716,35.42627862944829,33.01039941413554,0.2651792880605993,0.3235260077975394,0.40555888466098017,0.5366882319473247
AWS,LC09_L2SP_114035_20230602_20230604_02_T1,2023-06-02,814,34.63981579999999,34.79134802000002,33.77209680515466,31.882239199931313,0.41524230726854167,0.542153301972691,0.542162839975535,0.6261330771872808
AWS,LC09_L2SP_114035_20230602_20230604_02_T1,2023-06-02,819,36.57213644000001,35.737455956000005,30.813828422167852,29.780343333455168,0.3734896323489918,0.3870675029283198,0.6356803396734483,0.6863378299612141
AWS,LC09_L2SP_114035_20230602_20230604_02_T1,2023-06-02,992,35.054535560000055,35.12250532914288,33.65114666329899,31.795129502422697,0.3450009805301317,0.3809348531221723,0.45308996521629774,0.5411853527012519
AWS,LC09_L2SP_114035_20230602_20230604_02_T1,2023-06-02,943,,,,26.70388645596383,,,,0.8227359542983216
AWS,LC09_L2SP_114035_20230602_20230604_02_T1,2023-06-02,900,33.60415574000001,34.18401469485716,33.12821309484538,32.12254171369511,0.3684026652969485,0.3695880944189154,0.4559775677389793,0.571955139765058
AWS,LC09_L2SP_114035_20230602_20230604_02_T1,2023-06-02,806,36.345407779999995,36.04566370228573,34.48704201053318,34.028899330673596,0.4288727440443251,0.4210034444002885,0.35319290341740744,0.38373239729370895
AWS,LC09_L2SP_114035_20230602_20230604_02_T1,2023-06-02,811,34.80274142000004,34.82638272500002,36.64968868455386,35.467608259929094,0.5986148478536552,0.5934505784585726,0.4130833915368835,0.4483163413324065
AWS,LC09_L2SP_114035_20230602_20230604_02_T1,2023-06-02,813,35.06137160000001,35.094282249714304,34.49602392132869,34.16040856796047,0.6022619941230446,0.5081121753575449,0.4936590384553801,0.5278044053821512
AWS,LC09_L2SP_114035_20230602_20230604_02_T1,2023-06-02,944,35.90220452000003,36.67370046285717,34.101230054911674,31.966352155286906,0.3325885903207732,0.31279685367103427,0.47520112269890585,0.5448192727856254
AWS,LC09_L2SP_114035_20230602_20230604_02_T1,2023-06-02,922,34.403972420000024,34.205499392000014,30.788521074285736,28.50772850306368,0.4846974147646946,0.5722241148244305,0.7011511519426471,0.7805754467361057
AWS,LC09_L2SP_114035_20230602_20230604_02_T1,2023-06-02,848,35.60939414000003,34.65208811942858,31.276646882857165,30.247593635222664,0.2929185659236784,0.35840625830463274,0.5760966595332332,0.637636259688951
AWS,LC09_L2SP_114035_20230602_20230604_02_T1,2023-06-02,940,34.75147112000002,34.64124811314288,34.35375140907218,36.664172475241934,0.5180868005872484,0.5866306055321115,0.6137193787745251,0.4503691278108433
AWS,LC09_L2SP_114035_20230602_20230604_02_T1,2023-06-02,829,31.513466839999996,32.2395519457143,32.37344145505157,31.375711551769303,0.6516347120335899,0.5710417540567955,0.4306210178595021,0.5029506492427431
AWS,LC09_L2SP_114035_20230602_20230604_02_T1,2023-06-02,312,34.25016152000003,33.48800816514287,29.676106861030945,28.077236331631436,0.40878965035796627,0.4810409866434566,0.662336891258221,0.7222001817904163
AWS,LC09_L2SP_114035_20230602_20230604_02_T1,2023-06-02,807,34.77083990000002,34.59681385314287,32.13417927200002,31.292057702042996,0.5197448780641,0.4527351917237193,0.5419507513127311,0.5881691892387896
AWS,LC09_L2SP_114035_20230602_20230604_02_T1,2023-06-02,638,36.92533184000001,37.18748361636366,34.17659185937393,33.0133011943942,0.41466557400972254,0.43537366200468836,0.5681567716622923,0.587218760062127
AWS,LC09_L2SP_114035_20230602_20230604_02_T1,2023-06-02,296,39.11856134000002,39.18789831714287,39.9740991230216,39.290466775732725,0.18339743712459336,0.24277781265841952,0.3236954877639042,0.3503294553105808
ASOS,LC09_L2SP_114035_20230805_20230808_02_T1,2023-08-05,138,47.62145576,48.117915026857155,47.64099496228574,47.92704760459354,0.6809282838320355,0.4619919730962149,0.25247223191242174,0.2361764157563835
ASOS,LC09_L2SP_114035_20230805_20230808_02_T1,2023-08-05,277,41.50775732000002,42.1398468757143,46.63257603164512,45.219234739391034,0.7626092514978714,0.7830137374026196,0.5170911501231441,0.5582209962079604
ASOS,LC09_L2SP_114035_20230805_20230808_02_T1,2023-08-05,288,51.33228614000001,51.11981550628573,49.307641672509114,50.01512808482451,0.5020121719229574,0.40453138936224237,0.44865056878734466,0.3955252758491451
ASOS,LC09_L2SP_114035_20230805_20230808_02_T1,2023-08-05,136,49.451235800000006,49.613933552000006,49.02881378945206,48.71544826840156,0.4892595219289879,0.3363859303983732,0.43076704408634164,0.44876024872409964
ASOS,LC09_L2SP_114035_20230805_20230808_02_T1,2023-08-05,263,,,,41.12929224941852,,,,0.7044660396808351
ASOS,LC09_L2SP_114035_20230805_20230808_02_T1,2023-08-05,283,46.84328653999999,46.20704653142858,41.525046142093046,41.322910878213676,0.6456526482905539,0.5180531434315407,0.6750937348828231,0.7044110382926122
AWS,LC09_L2SP_114035_20230805_20230808_02_T1,2023-08-05,919,44.07241166000002,44.69745358400003,42.17131911567012,42.36296959945869,0.6620567289926315,0.5765216269874116,0.6675721391845673,0.6720147061014119
AWS,LC09_L2SP_114035_20230805_20230808_02_T1,2023-08-05,820,42.77128538000003,41.55648851942859,39.9013292004348,39.399741971250776,0.6558357354111077,0.6471007339896637,0.6909509985612702,0.7226613046568604
AWS,LC09_L2SP_114035_20230805_20230808_02_T1,2023-08-05,827,54.135062540000014,53.51236144181819,49.24751639688656,49.78366589888351,0.44782170309940805,0.3885145504041943,0.564871324246675,0.4880290701934239
AWS,LC09_L2SP_114035_20230805_20230808_02_T1,2023-08-05,825,44.8539989,44.30203749885717,41.579390875463936,41.95022841396723,0.43970901338248586,0.4856480842355362,0.649575416623026,0.6502127975157707
AWS,LC09_L2SP_114035_20230805_20230808_02_T1,2023-08-05,847,45.46240646000001,44.65618099250001,40.40817472321883,38.87649006328833,0.5391257336118138,0.6175461571197716,0.7248702577978977,0.7652782973784829
AWS,LC09_L2SP_114035_20230805_20230808_02_T1,2023-08-05,830,44.37205808000001,45.60010383714287,42.87981639087821,41.91536228256047,0.7174283843238635,0.6012988663624913,0.6510394093245525,0.7043602638602646
AWS,LC09_L2SP_114035_20230805_20230808_02_T1,2023-08-05,927,43.208791940000005,44.36571032857143,46.15758547497708,43.20796790344138,0.6235701820952094,0.7051344559327,0.5988821382860695,0.6713742923236649
AWS,LC09_L2SP_114035_20230805_20230808_02_T1,2023-08-05,915,39.03652886000003,38.958305030857176,38.80508343692663,37.95437018156807,0.6901736935393128,0.7105949723989244,0.7481817625564565,0.7856957353212567
AWS,LC09_L2SP_114035_20230805_20230808_02_T1,2023-08-05,854,,,,36.40179595131834,,,,0.8165773271394458
AWS,LC09_L2SP_114035_20230805_20230808_02_T1,2023-08-05,925,44.491688780000025,44.95819968114289,44.2732886823192,41.86787454653021,0.570315499903693,0.6345588390883936,0.6255039151277146,0.6577885247931929
AWS,LC09_L2SP_114035_20230805_20230808_02_T1,2023-08-05,836,42.3189674,42.35484033371431,43.492609672142876,,0.6906324582340378,0.7045941883298736,0.6108114450103154,
AWS,LC09_L2SP_114035_20230805_20230808_02_T1,2023-08-05,846,47.69437352000002,46.77404722057143,48.59937511346706,,0.7900481510558895,0.6562034930713467,0.41453909344178075,
AWS,LC09_L2SP_114035_20230805_20230808_02_T1,2023-08-05,673,43.63604444000001,43.38327372285716,44.47589071505156,42.38212950009162,0.5475604423549669,0.5720969433158527,0.5332978043707126,0.6268039631148979
AWS,LC09_L2SP_114035_20230805_20230808_02_T1,2023-08-05,843,45.85206074000001,44.34598347028574,40.66769688082626,39.027676666696955,0.4038750876953509,0.6351828634526789,0.728759637079571,0.7966017121094319
AWS,LC09_L2SP_114035_20230805_20230808_02_T1,2023-08-05,844,44.92121996000001,43.969415324,41.256037569896925,39.13522863290175,0.42717183335925196,0.5174743166382801,0.6664724028878487,0.7420748913848367
AWS,LC09_L2SP_114035_20230805_20230808_02_T1,2023-08-05,992,45.776864300000035,45.905108410400025,44.65495671291481,42.20753361833335,0.6594414584617014,0.6612800729036324,0.5519079546158494,0.6025938032316897
AWS,LC09_L2SP_114035_20230805_20230808_02_T1,2023-08-05,900,38.66054666,39.534192572000016,39.22788926712591,39.106761261136064,0.8171492090815645,0.7803016971806171,0.7505761395077087,0.7482734156667288
AWS,LC09_L2SP_114035_20230805_20230808_02_T1,2023-08-05,811,45.942068600000006,46.64562732628573,48.6182627508756,47.45562990842201,0.682003770588846,0.6717494885627316,0.45671306398141104,0.4857054607576077
AWS,LC09_L2SP_114035_20230805_20230808_02_T1,2023-08-05,813,43.379692940000005,43.47331413542858,43.71415419236844,42.86522749774895,0.7510916610500663,0.7517376826989901,0.6679624997918784,0.6884548314127993
AWS,LC09_L2SP_114035_20230805_20230808_02_T1,2023-08-05,944,46.96405658000003,46.52228563314288,43.94842110351418,41.82602485636005,0.48461070331677875,0.442942401347061,0.5819940461688888,0.6488468248490421
AWS,LC09_L2SP_114035_20230805_20230808_02_T1,2023-08-05,940,42.18566462000001,41.72875672742858,41.12981749113404,44.10687384405825,0.6524032912375567,0.6530670879646875,0.6580880767367185,0.4806229897567005
AWS,LC09_L2SP_114035_20230805_20230808_02_T1,2023-08-05,848,49.299703580000006,48.12855971771431,42.344107874531666,40.990199835858114,0.29743916310400165,0.37513853080027326,0.6913658551173079,0.7399436587272828
AWS,LC09_L2SP_114035_20230805_20230808_02_T1,2023-08-05,829,45.57861914000002,46.12979927942858,44.808828571546414,42.60522629819244,0.68099700320473,0.6156359950916038,0.573266213892458,0.6553543176548792
ASOS,LC09_L2SP_114035_20230821_20230823_02_T1,2023-08-21,288,45.03173594000003,44.8076114857143,,,0.4288177905512667,0.4252137878791483,,
ASOS,LC09_L2SP_114035_20230821_20230823_02_T1,2023-08-21,253,39.161856260000036,40.021309250857165,44.0615663960825,43.12197561862071,0.765944710671985,0.7148176054014475,0.4049946680614581,0.4203984173414833
ASOS,LC09_L2SP_114035_20230821_20230823_02_T1,2023-08-21,152,38.79384944000001,38.64042917085715,36.76116508329899,36.49935656191085,0.5128642473709074,0.5683936294537377,0.6964638684436588,0.6872134487890151
AWS,LC09_L2SP_114035_20230821_20230823_02_T1,2023-08-21,827,48.24239606,47.62518450909093,45.451314650000015,,0.4705242758674661,0.4171603025600065,0.5065993737374096,
AWS,LC09_L2SP_114035_20230821_20230823_02_T1,2023-08-21,842,34.724126960000035,34.701405265142874,35.30186626408604,34.70883847000576,0.7185777361612101,0.7415610950238657,0.6766650021845123,0.736867327248969
AWS,LC09_L2SP_114035_20230821_20230823_02_T1,2023-08-21,927,37.397018600000024,38.067764334285734,40.29719091825354,38.908557340240684,0.7215499010803037,0.7871042127201883,0.6640867967693457,0.6814421601454059
AWS,LC09_L2SP_114035_20230821_20230823_02_T1,2023-08-21,905,,,39.788893875810494,37.415507583097266,,,0.6156328418704924,0.734760162780858
AWS,LC09_L2SP_114035_20230821_20230823_02_T1,2023-08-21,811,,,,42.8105218992133,,,,0.47631628120385017
AWS,LC09_L2SP_114035_20230821_20230823_02_T1,2023-08-21,848,43.148406920000035,42.14370435542859,37.57727572109151,36.59663874598911,0.3220461875689865,0.40385442958552165,0.6937909607764432,0.7357966233204296
ASOS,LC09_L2SP_114035_20240807_20240808_02_T1,2024-08-07,277,44.76057302,45.27636851428572,47.425168228866,45.665775225130275,0.6805288837713408,0.6891670261758265,0.5674338148097767,0.6047957598984016
ASOS,LC09_L2SP_114035_20240807_20240808_02_T1,2024-08-07,272,38.638899200000026,38.9054722074286,40.60297258020621,40.461876498762194,0.6635913484896402,0.6687557833667578,0.6304135320335363,0.6211966545323618
ASOS,LC09_L2SP_114035_20240807_20240808_02_T1,2024-08-07,285,,,,41.04078593065695,,,,0.6520596637998717
ASOS,LC09_L2SP_114035_20240807_20240808_02_T1,2024-08-07,257,44.53783205000002,45.58706366000003,,,0.6400874054965803,0.5740690451170654,,
AWS,LC09_L2SP_114035_20240807_20240808_02_T1,2024-08-07,919,,,,38.88776350225998,,,,0.7196910251321569
AWS,LC09_L2SP_114035_20240807_20240808_02_T1,2024-08-07,928,,,48.854092169545474,46.44680815720607,,,0.3299439219379899,0.44434585644771696
AWS,LC09_L2SP_114035_20240807_20240808_02_T1,2024-08-07,837,39.921796040000004,39.93917911314288,39.262761833116905,39.40707888141595,0.6403657524749548,0.62396055079278,0.7164046193565438,0.701971376203235
AWS,LC09_L2SP_114035_20240807_20240808_02_T1,2024-08-07,812,42.878383340000006,41.81948074400001,37.49208692764797,36.88179834279897,0.40042377527360723,0.5089529247873626,0.7529061764545076,0.7778367229920993
AWS,LC09_L2SP_114035_20240807_20240808_02_T1,2024-08-07,825,44.35041062000001,43.64304324285716,40.429732540876735,41.10216196106216,0.45283485803676315,0.45233701584027386,0.6523633136541059,0.6258999866599493
AWS,LC09_L2SP_114035_20240807_20240808_02_T1,2024-08-07,801,37.20788816000002,37.38748069657144,35.46272292485851,34.76398805869404,0.7225703682495045,0.7773196242340479,0.7567555129397587,0.8028769064499283
AWS,LC09_L2SP_114035_20240807_20240808_02_T1,2024-08-07,830,42.25744304000002,42.712560541142885,41.251362752164965,41.322264835886095,0.7453249478619961,0.6554762022965873,0.6635452302196309,0.6698889217497197
AWS,LC09_L2SP_114035_20240807_20240808_02_T1,2024-08-07,927,,,42.3140738413115,38.9727049420419,,,0.6080901970786695,0.7332484046034279
AWS,LC09_L2SP_114035_20240807_20240808_02_T1,2024-08-07,941,43.10511200000002,43.611695116571454,44.77434896690044,44.877703212376616,0.7117846147639542,0.4919203717272883,0.4073582205612664,0.38609044666917036
AWS,LC09_L2SP_114035_20240807_20240808_02_T1,2024-08-07,835,,,39.770819067974706,39.307042073719025,,,0.6487196061978353,0.6883683174206063
AWS,LC09_L2SP_114035_20240807_20240808_02_T1,2024-08-07,836,,,,37.45618200818382,,,,0.7286333777783254
AWS,LC09_L2SP_114035_20240807_20240808_02_T1,2024-08-07,849,38.79157076000001,39.17970592000001,,,0.38394230578193134,0.6251540861113402,,
AWS,LC09_L2SP_114035_20240807_20240808_02_T1,2024-08-07,826,48.926000060000014,48.44770512800002,46.71671408804125,45.06871946453611,0.34507768552058365,0.4015046952199648,0.5091736101408542,0.5603510055726204
AWS,LC09_L2SP_114035_20240807_20240808_02_T1,2024-08-07,673,40.38550742000003,40.458327522285735,42.23183416118933,39.78334254075249,0.6991646180763601,0.6895996169768294,0.5739288013688874,0.6638525675666268
AWS,LC09_L2SP_114035_20240807_20240808_02_T1,2024-08-07,935,40.25220464000002,39.361045444571445,37.28112570864232,36.74741961978876,0.4814878977970647,0.6534250820051636,0.7267259862848311,0.7533364022630215
AWS,LC09_L2SP_114035_20240807_20240808_02_T1,2024-08-07,811,42.842494130000034,43.52268011000002,44.94539507299568,44.271678821355415,0.6755094494845614,0.6522918176796229,0.47544247292881325,0.5015770042490018
AWS,LC09_L2SP_114035_20240807_20240808_02_T1,2024-08-07,944,44.46434462000002,43.70212616000003,41.97906331611401,,0.5135203415093805,0.5392408553909267,0.6000587227597923,
AWS,LC09_L2SP_114035_20240807_20240808_02_T1,2024-08-07,829,46.18816604000002,46.51671914342859,45.42709475051549,43.05611373661809,0.7134280046845359,0.6410004174976981,0.5705234145422479,0.650642360033971
AWS,LC09_L2SP_114035_20240807_20240808_02_T1,2024-08-07,937,,43.47311882000001,42.83543554078626,41.75747336166536,,0.6103943768763535,0.5182450213187915,0.5311651729072183
AWS,LC09_L2SP_114035_20240807_20240808_02_T1,2024-08-07,817,,,35.44100398739625,34.906322359911655,,,0.8588552463893305,0.8676231881864434
AWS,LC09_L2SP_114035_20240807_20240808_02_T1,2024-08-07,815,42.52632728000001,42.16938833428574,41.81100238707319,41.889543928638346,0.3736962479078136,0.38594472564315,0.4859687378042855,0.5127659492785194
ASOS,LC09_L2SP_114035_20240823_20240824_02_T1,2024-08-23,138,48.56027192000003,48.31850397200001,46.38976925473686,46.564847107885186,0.47793252178346685,0.36343747783675945,0.2473578566326173,0.2384411718822115
ASOS,LC09_L2SP_114035_20240823_20240824_02_T1,2024-08-23,277,40.58147390000001,40.99495666228573,42.718668231340224,41.33980855771545,0.6122341646639428,0.6403927667707063,0.5413299462101356,0.5852492816511278
ASOS,LC09_L2SP_114035_20240823_20240824_02_T1,2024-08-23,281,,44.68839583100002,41.912329169689464,41.26756662243985,,0.46564330636084,0.48617426781005824,0.5193464117453789
ASOS,LC09_L2SP_114035_20240823_20240824_02_T1,2024-08-23,285,,,,41.23779267137933,,,,0.5115285986127581
ASOS,LC09_L2SP_114035_20240823_20240824_02_T1,2024-08-23,288,44.26154210000001,44.360143838857155,42.36894224850964,42.82985867934927,0.48812005597293884,0.4083211960863259,0.48246020147874447,0.4418302247113152
ASOS,LC09_L2SP_114035_20240823_20240824_02_T1,2024-08-23,136,41.24969681000002,41.630464238000016,40.430978771538484,40.99471992073191,0.4268291945189724,0.3358289015395622,0.46324941581632517,0.4496242413400112
ASOS,LC09_L2SP_114035_20240823_20240824_02_T1,2024-08-23,253,39.22338062000002,40.118283361142886,44.65118463422683,43.934831460927846,0.7827676315149406,0.726985844397752,0.389863842405133,0.42416480397016426
ASOS,LC09_L2SP_114035_20240823_20240824_02_T1,2024-08-23,263,38.04302438000002,38.97981504666669,,37.47658267299573,0.7968989037869024,0.687167713961724,,0.7212719017579515
ASOS,LC09_L2SP_114035_20240823_20240824_02_T1,2024-08-23,152,41.57725706000002,41.94360369885716,39.4829332472936,38.94798877962735,0.5730358230288517,0.5654819910873743,0.678578342534585,0.6784830260783082
ASOS,LC09_L2SP_114035_20240823_20240824_02_T1,2024-08-23,143,46.55389418000002,46.27501630057145,46.34787411038125,46.70431141643707,0.4845250301774168,0.44471360860695885,0.43224318924960087,0.405327209513489
ASOS,LC09_L2SP_114035_20240823_20240824_02_T1,2024-08-23,283,43.33753736,42.460017692000015,38.16284101395835,38.02718794823531,0.52195120990296,0.4594678762361326,0.6612012305433924,0.6862571325701677
AWS,LC09_L2SP_114035_20240823_20240824_02_T1,2024-08-23,919,40.241950580000015,40.237425772571456,37.5315938387629,37.60523274036647,0.5055866391928129,0.4869323768786723,0.6650477280407395,0.6752659745774394
AWS,LC09_L2SP_114035_20240823_20240824_02_T1,2024-08-23,928,45.76205288000002,45.77871979657145,43.78869642371136,40.91292725080428,0.20646116993520514,0.2719906393089456,0.3884658119144834,0.536549747657295
AWS,LC09_L2SP_114035_20240823_20240824_02_T1,2024-08-23,840,42.20731208000003,42.77828418285715,46.07015625670105,44.35796073935317,0.7563285882458683,0.7040618859757966,0.4092424324419568,0.44272053666044203
AWS,LC09_L2SP_114035_20240823_20240824_02_T1,2024-08-23,827,45.97169144000001,45.30942417090911,42.56241295886616,43.735351849200484,0.43791395757492985,0.4165023108633945,0.5055863704068722,0.3994516019147814
AWS,LC09_L2SP_114035_20240823_20240824_02_T1,2024-08-23,812,40.309171640000024,38.36249531600003,34.50030733649486,33.750707478146296,0.4556696896214267,0.5440660182116224,0.7661254389297868,0.8016439348850593
AWS,LC09_L2SP_114035_20240823_20240824_02_T1,2024-08-23,825,42.783818120000035,41.86166887657145,38.63455717917527,38.62567794505174,0.40690976236117615,0.449969482765213,0.6534893708544919,0.6571113334046459
AWS,LC09_L2SP_114035_20240823_20240824_02_T1,2024-08-23,810,43.71124088000003,42.41435765931037,41.34040194608002,40.74823138261732,0.4443696437303016,0.6057966010357202,0.5253769737967453,0.5606638330068956
AWS,LC09_L2SP_114035_20240823_20240824_02_T1,2024-08-23,860,47.97920852000001,48.607570806285736,48.586678036819805,47.74982646226603,0.38448918394909387,0.3522662513909708,0.2988109803088931,0.2908582203492721
AWS,LC09_L2SP_114035_20240823_20240824_02_T1,2024-08-23,830,36.98229884,37.282693969142876,36.60457043505156,36.84135077220729,0.7362063423697155,0.6197845611214183,0.6363442328734182,0.657903402338491
AWS,LC09_L2SP_114035_20240823_20240824_02_T1,2024-08-23,805,,,32.09409263882355,30.87993448745861,,,0.7388616364116323,0.8164526055405402
AWS,LC09_L2SP_114035_20240823_20240824_02_T1,2024-08-23,845,46.65871346000004,46.08770880457144,42.185402654963525,42.619045603562085,0.479871415585674,0.5539690041257477,0.5403466255020599,0.5636478568044674
AWS,LC09_L2SP_114035_20240823_20240824_02_T1,2024-08-23,927,,,36.12694793162979,33.37538431470307,,,0.6434099442114823,0.7362457085279512
AWS,LC09_L2SP_114035_20240823_20240824_02_T1,2024-08-23,939,40.073328260000004,40.30818766454547,41.678236521787255,40.45107455436966,0.7427782851935824,0.6838544285023175,0.5929968987489945,0.6059645317865714
AWS,LC09_L2SP_114035_20240823_20240824_02_T1,2024-08-23,842,33.52212326000002,33.506758446285744,35.7574691874227,34.36371302000002,0.7964586782818316,0.8204778069543662,0.685153966175663,0.7651799978825328
AWS,LC09_L2SP_114035_20240823_20240824_02_T1,2024-08-23,915,34.62842240000001,34.60697025542859,35.023417091546406,34.24578238626293,0.7303615706441069,0.7421656935300965,0.7488952694965637,0.7889347437213031
AWS,LC09_L2SP_114035_20240823_20240824_02_T1,2024-08-23,941,42.66418742000002,43.16041881885716,42.74032245281216,43.05713115151671,0.7291849849727452,0.4874868250329368,0.42629520872180987,0.39414436174580586
AWS,LC09_L2SP_114035_20240823_20240824_02_T1,2024-08-23,826,43.44463532000003,43.42839158685716,42.43200639094038,41.5355775928461,0.3544860492819512,0.40656762475636476,0.506941954396036,0.544348046090875
AWS,LC09_L2SP_114035_20240823_20240824_02_T1,2024-08-23,836,37.96440992000004,38.10516723885717,37.22027995072167,35.478560703603904,0.6398528968383306,0.680798984887738,0.6567833582119009,0.7273485694920044
AWS,LC09_L2SP_114035_20240823_20240824_02_T1,2024-08-23,853,32.35999646000005,31.591690669142878,29.173433676165818,29.142116259053676,0.48511461293522445,0.7416265054018236,0.8583644552194418,0.8693866355727264
AWS,LC09_L2SP_114035_20240823_20240824_02_T1,2024-08-23,846,45.49772600000002,44.98271176742859,47.07781459672438,46.30039943336537,0.830142526149484,0.6759646585750669,0.46773773065167884,0.4455066984945205
AWS,LC09_L2SP_114035_20240823_20240824_02_T1,2024-08-23,673,39.258700160000025,39.125397380000024,40.376146038762904,38.76769028492988,0.5826750964226176,0.6197593901098961,0.5735321287911004,0.6363017778440416
AWS,LC09_L2SP_114035_20240823_20240824_02_T1,2024-08-23,802,34.131670160000034,33.857317088000016,33.04985515111619,33.342161094230434,0.6868030859589284,0.7693325749394513,0.8409912848817421,0.8333559091399303
AWS,LC09_L2SP_114035_20240823_20240824_02_T1,2024-08-23,843,38.201392640000016,37.35457004685717,33.90417407610233,33.073657838976764,0.4401788516610301,0.6687351197515359,0.7194171263435413,0.7909940226066037
AWS,LC09_L2SP_114035_20240823_20240824_02_T1,2024-08-23,859,30.53933114,30.393723488000017,30.650212542463432,30.99039173552268,0.7544024260844137,0.8588367483269796,0.8751284269761394,0.8691959510543207
AWS,LC09_L2SP_114035_20240823_20240824_02_T1,2024-08-23,935,37.37195312,36.685614704000024,34.775227571063844,34.471790118597326,0.42919488924707516,0.6534021593164813,0.7287680948748703,0.7644419196613393
AWS,LC09_L2SP_114035_20240823_20240824_02_T1,2024-08-23,844,45.182128820000024,44.21971204571432,41.32344264701033,39.19809074559758,0.3489597879304657,0.48461136069155597,0.6255317420962829,0.7094641490236693
AWS,LC09_L2SP_114035_20240823_20240824_02_T1,2024-08-23,992,39.58455140000001,40.14328373600002,39.97650393628867,37.7524476545361,0.4352422945906675,0.5210511207338673,0.6229691265718907,0.6873072867024693
AWS,LC09_L2SP_114035_20240823_20240824_02_T1,2024-08-23,943,35.39178020000003,34.86400535942858,33.200687489321844,32.675663774387466,0.8095023556213308,0.7169440546880652,0.8249629073249731,0.8538387305450894
AWS,LC09_L2SP_114035_20240823_20240824_02_T1,2024-08-23,811,42.194779340000025,42.45786922228573,44.45700118692752,43.510506606013166,0.7387120974912585,0.6957738717842995,0.47742331402799565,0.49460501119794875
AWS,LC09_L2SP_114035_20240823_20240824_02_T1,2024-08-23,813,,,37.65644598583092,38.17429305036651,,,0.6856445676044851,0.6340601315288453
AWS,LC09_L2SP_114035_20240823_20240824_02_T1,2024-08-23,944,43.44577466000006,42.90641110400003,41.19907267279154,38.691073408929356,0.43078633869445987,0.47512245139382137,0.571955598133519,0.6642914055162564
AWS,LC09_L2SP_114035_20240823_20240824_02_T1,2024-08-23,848,41.52370808000003,40.509207191428594,35.86596662030228,34.80836043772729,0.31522729221235507,0.37221542311979233,0.6875150358667673,0.7237411968110058
AWS,LC09_L2SP_114035_20240823_20240824_02_T1,2024-08-23,940,39.69051002000001,39.50362570742858,39.12598466865981,41.69009674546393,0.6231769970855652,0.6571541015491419,0.644076705388412,0.47320725223999976
AWS,LC09_L2SP_114035_20240823_20240824_02_T1,2024-08-23,829,40.35588458000001,41.382364814857155,40.823937980824766,39.20810859218661,0.7217170419727679,0.6551943133497564,0.58458904137322,0.6556267015348248
AWS,LC09_L2SP_114035_20240823_20240824_02_T1,2024-08-23,296,46.32716552000003,45.99141829828573,45.86958878954347,44.58947510765285,0.27397614381882246,0.26049004252011726,0.4409939246781707,0.46907728824296124
AWS,LC09_L2SP_114035_20240823_20240824_02_T1,2024-08-23,937,39.31224914000003,40.050899538285734,38.85568310536084,37.728460942634165,0.6782125873472232,0.6186225838618362,0.5993441157735816,0.6310820229148927
AWS,LC09_L2SP_114035_20240823_20240824_02_T1,2024-08-23,808,46.70656574000003,46.01881868545457,44.985327599061236,43.817634066993975,0.5501939200532803,0.4179232603866848,0.3360895053642269,0.4614150949622901
AWS,LC09_L2SP_114035_20240823_20240824_02_T1,2024-08-23,828,40.74439952,39.815056158285735,37.55138773084339,36.452517306903566,0.5496625613180313,0.6767830829643479,0.7246688310123874,0.7505155416661713
AWS,LC09_L2SP_114035_20240823_20240824_02_T1,2024-08-23,817,31.99996502000003,32.31347883542859,32.31623395860467,31.433725517666176,0.7795006030871212,0.8002721354314141,0.8069998796160167,0.8366507858980194
AWS,LC09_L2SP_114035_20240823_20240824_02_T1,2024-08-23,816,,,,38.19756346300859,,,,0.7422080058421789
AWS,LC09_L2SP_114035_20240823_20240824_02_T1,2024-08-23,995,40.297778240000014,39.70714438400002,35.49254327298971,34.7356309057555,0.4438359033007366,0.5125048093726101,0.7610889186625437,0.7870615592719882
ASOS,LC09_L2SP_114035_20250623_20250624_02_T1,2025-06-23,138,,,41.181726329757296,41.29101856551558,,,0.23113499587749908,0.2208732961206102
ASOS,LC09_L2SP_114035_20250623_20250624_02_T1,2025-06-23,277,34.76172518000004,35.18246716571431,38.31141921278352,37.36664258568143,0.7337026502262004,0.7328800704941665,0.5427000615815656,0.5757021443335365
ASOS,LC09_L2SP_114035_20250623_20250624_02_T1,2025-06-23,281,,42.32500590200003,40.0797707098182,38.797045462329486,,0.38789552972859964,0.3750381309202918,0.4004903573123185
ASOS,LC09_L2SP_114035_20250623_20250624_02_T1,2025-06-23,272,35.85549158000001,36.621551243428584,38.144496114639196,38.07627953899229,0.595162726157109,0.5676797461318707,0.5357621215896023,0.5360711944310009
ASOS,LC09_L2SP_114035_20250623_20250624_02_T1,2025-06-23,288,42.26655776000003,42.24019017714289,41.216075205006085,41.142328988302815,0.4213089875664963,0.38200202141257916,0.3496674412847547,0.35226165797895626
ASOS,LC09_L2SP_114035_20250623_20250624_02_T1,2025-06-23,285,42.078566660000014,42.28901903428572,38.52932547037917,36.42382347549938,0.323813657954058,0.33995276945778324,0.38258771941898456,0.48410613050934687
ASOS,LC09_L2SP_114035_20250623_20250624_02_T1,2025-06-23,278,41.985140780000016,41.51107768228573,36.937743551208804,37.39358134910193,0.34310771769895815,0.3084779864099272,0.43076244768146993,0.45850928253395484
ASOS,LC09_L2SP_114035_20250623_20250624_02_T1,2025-06-23,279,40.109787140000016,40.07531396685716,37.60236212226806,36.8227597683691,0.4075456993928542,0.3748314952336739,0.4761721284505819,0.5191680017318621
ASOS,LC09_L2SP_114035_20250623_20250624_02_T1,2025-06-23,136,41.08904987,41.35035749900002,40.097082686843194,39.2104040727865,0.451676936330882,0.3126407862819783,0.44831865442647,0.4848382070718886
ASOS,LC09_L2SP_114035_20250623_20250624_02_T1,2025-06-23,253,36.473013860000016,37.45906380114288,41.9496842059794,41.34155426274837,0.7463793017118846,0.7014165899985652,0.3503099547195017,0.3579238657057358
ASOS,LC09_L2SP_114035_20250623_20250624_02_T1,2025-06-23,257,39.41478974,39.10664709885715,41.02092134572866,41.28273494104194,0.6123522823016967,0.5422317174118254,0.3888604666104352,0.37664496242738155
ASOS,LC09_L2SP_114035_20250623_20250624_02_T1,2025-06-23,263,,,,34.96753228412315,,,,0.5748534593951724
ASOS,LC09_L2SP_114035_20250623_20250624_02_T1,2025-06-23,152,37.97808200000001,37.90379703200002,36.15939780041239,35.78074453418428,0.4259222028551804,0.5425625326599074,0.6577717611615266,0.6607798255797104
ASOS,LC09_L2SP_114035_20250623_20250624_02_T1,2025-06-23,143,38.922594860000004,38.623827359428596,39.405962375663734,40.035650054423634,0.4520299736282092,0.42429720093912165,0.42176470088350165,0.3851867222181328
ASOS,LC09_L2SP_114035_20250623_20250624_02_T1,2025-06-23,283,40.01522192000002,39.435265307428594,35.7222378181163,35.3920345965074,0.5455104315667937,0.45449589089866604,0.5718282932778177,0.5918480312747544
ASOS,LC09_L2SP_114035_20250623_20250624_02_T1,2025-06-23,271,36.68379176,36.475791001250016,36.61738089733335,34.31763941768101,0.5722699823072553,0.5034729678234484,0.5805475516160735,0.6833075621052395
ASOS,LC09_L2SP_114035_20250623_20250624_02_T1,2025-06-23,276,36.38756336000002,35.76851110914288,34.47615311881519,33.13213094970645,0.46391327874548066,0.6296010835324953,0.6135281034767902,0.622466163835176
ASOS,LC09_L2SP_114035_20250623_20250624_02_T1,2025-06-23,296,41.94982124000003,41.79760541600002,41.811406826486504,40.6485641246461,0.18272941686971436,0.22659261805808445,0.3418846989520251,0.3933298979687743
AWS,LC09_L2SP_114035_20250623_20250624_02_T1,2025-06-23,919,37.16231456000003,37.572932696000024,35.98354154159539,35.7066202236709,0.36552758402087066,0.2905025847233335,0.3028797483248806,0.3978717492239147
AWS,LC09_L2SP_114035_20250623_20250624_02_T1,2025-06-23,928,41.73448598000001,41.69457652742859,39.26050509381446,37.10717326842983,0.18166616708139005,0.25896993862112866,0.36566165217294766,0.48915923467471006
AWS,LC09_L2SP_114035_20250623_20250624_02_T1,2025-06-23,820,34.693364780000024,33.8063368018182,31.846373751807246,32.56848209846359,0.5034940498188325,0.6101277579965795,0.6708127709586725,0.667640342346912
AWS,LC09_L2SP_114035_20250623_20250624_02_T1,2025-06-23,827,43.27373432000002,42.57656181636366,40.210591602857164,41.63019024019374,0.4215255454321767,0.3835243595028078,0.4730742353356987,0.36232035062042933
AWS,LC09_L2SP_114035_20250623_20250624_02_T1,2025-06-23,949,40.13940998000002,39.18246795636366,37.298820151333345,35.679234976724835,0.35573524032127307,0.2904046653738968,0.41282075236483046,0.541603303456664
AWS,LC09_L2SP_114035_20250623_20250624_02_T1,2025-06-23,812,37.908582260000024,37.23347448114287,32.434382441649504,30.91037467783569,0.3716778928478904,0.3162542340828924,0.6126238060071761,0.7140407651258202
AWS,LC09_L2SP_114035_20250623_20250624_02_T1,2025-06-23,850,,,,31.987531483746718,,,,0.7201369297868683
AWS,LC09_L2SP_114035_20250623_20250624_02_T1,2025-06-23,825,38.861070500000004,38.146671767428586,35.080532871340225,34.90613743926468,0.3205724007111401,0.32133349224053154,0.4412200210200689,0.49136275650921735
AWS,LC09_L2SP_114035_20250623_20250624_02_T1,2025-06-23,801,34.44612800000001,34.83158299828573,32.37166854748203,31.72857403368148,0.6898352014400038,0.6905460465123833,0.7292815861938249,0.773314420416439
AWS,LC09_L2SP_114035_20250623_20250624_02_T1,2025-06-23,972,36.14146592000003,36.85469276000002,,33.47409020111166,0.28119317121066506,0.48783694998804966,,0.6244883685969708
AWS,LC09_L2SP_114035_20250623_20250624_02_T1,2025-06-23,860,40.06421354000005,40.85276703028573,42.068372989045955,41.613075123152726,0.39118812301611916,0.3564400567402124,0.2789113919779113,0.2728300440531514
AWS,LC09_L2SP_114035_20250623_20250624_02_T1,2025-06-23,830,38.55230936000002,38.771778796571446,37.55356234989693,37.243461792716886,0.705599160036748,0.547081720601643,0.5422837333310113,0.5560620081871185
AWS,LC09_L2SP_114035_20250623_20250624_02_T1,2025-06-23,805,32.39417666000001,33.1084126297143,32.63043505731961,30.754050372899734,0.6906243416712732,0.5997197579078144,0.6760873319614249,0.7827896926424691
AWS,LC09_L2SP_114035_20250623_20250624_02_T1,2025-06-23,845,40.72161272000002,40.383131082285736,36.65246219783135,37.0955129341012,0.47775335593010015,0.5201472619236048,0.47671902458345283,0.49622446208326426
AWS,LC09_L2SP_114035_20250623_20250624_02_T1,2025-06-23,927,35.93068802000003,36.18853693828573,37.10427869463919,34.656209364540004,0.4653867276497395,0.456104298627265,0.5546547898025279,0.6446688419201831
AWS,LC09_L2SP_114035_20250623_20250624_02_T1,2025-06-23,939,35.88739310000002,36.14193201363639,37.17350440545908,38.314032416246704,0.7638382694326454,0.6848972999113075,0.5583951339341451,0.5041209291302591
AWS,LC09_L2SP_114035_20250623_20250624_02_T1,2025-06-23,842,32.729142620000026,32.685457069142885,33.68060924743975,32.22394013901463,0.5481062690909487,0.6507622624661983,0.5389589664381962,0.6592038927763432
AWS,LC09_L2SP_114035_20250623_20250624_02_T1,2025-06-23,824,35.81105732000003,35.701420259428595,34.446617731078305,33.630213016526916,0.37210893639343756,0.4236750655684608,0.5128827967048187,0.5775693561371497
AWS,LC09_L2SP_114035_20250623_20250624_02_T1,2025-06-23,915,33.46971361999999,33.7776609457143,33.233389272941196,31.884311124586006,0.49577573692674126,0.3838591351554632,0.4960451501844929,0.653340030784062
AWS,LC09_L2SP_114035_20250623_20250624_02_T1,2025-06-23,941,37.83338582000001,37.907117394285734,38.71404361534248,38.726888988736604,0.6389569347488007,0.4481927903213204,0.3589816058164963,0.3399080268134231
AWS,LC09_L2SP_114035_20250623_20250624_02_T1,2025-06-23,835,37.27624856000002,37.10896089542859,36.27813468925061,34.753700635234544,0.40622123273460087,0.49948246826924786,0.5248525704654029,0.5984081973148148
AWS,LC09_L2SP_114035_20250623_20250624_02_T1,2025-06-23,826,38.50217840000003,38.49433323028573,37.98069031683124,36.89278637367032,0.30117649251145123,0.3894797393515601,0.49080977186925073,0.5289107854815032
AWS,LC09_L2SP_114035_20250623_20250624_02_T1,2025-06-23,803,34.32763664000004,33.84260332571431,33.379881946597955,32.79157438292859,0.5678127097639084,0.5685799516345684,0.6178038030382877,0.6492452604941072
AWS,LC09_L2SP_114035_20250623_20250624_02_T1,2025-06-23,849,33.94253972000001,33.97239042800003,34.54832940717559,33.1304437090724,0.3423470416433921,0.5944147840241383,0.6028004009255783,0.6721475465332051
AWS,LC09_L2SP_114035_20250623_20250624_02_T1,2025-06-23,846,41.036070560000006,40.04552836400001,41.441922886844225,41.16603857194513,0.7648362817136886,0.6250481450387555,0.43346134882351317,0.4178969354598008
AWS,LC09_L2SP_114035_20250623_20250624_02_T1,2025-06-23,905,37.96554925999999,38.37782757714288,36.221407652371155,34.20382531567136,0.40804433001377444,0.48423106430102875,0.6443909299640127,0.7323258079717476
AWS,LC09_L2SP_114035_20250623_20250624_02_T1,2025-06-23,673,36.69404582000002,36.67760677142859,38.24572901855672,36.85720635546394,0.6580950387486314,0.6298950301830089,0.45793923826085914,0.4890838799809125
AWS,LC09_L2SP_114035_20250623_20250624_02_T1,2025-06-23,802,34.59993890000002,34.21336083800002,32.87052199699318,32.51284548401845,0.43608768341689236,0.5221844227592726,0.753564425738162,0.7789357677735406
AWS,LC09_L2SP_114035_20250623_20250624_02_T1,2025-06-23,859,28.47598640000003,28.436662893714303,28.37338707113404,28.428089759782438,0.7884514268467459,0.8670899811583367,0.8770864747602082,0.8723161606888759
AWS,LC09_L2SP_114035_20250623_20250624_02_T1,2025-06-23,819,39.29629838000002,38.24608732057144,33.4080522259794,31.674627510460944,0.4224160682368609,0.4338733284937181,0.6982698192777843,0.7621924418601018
AWS,LC09_L2SP_114035_20250623_20250624_02_T1,2025-06-23,844,40.35474524,39.864763934857166,37.35827312791668,37.1674048050262,0.2877442481755778,0.4356869102535728,0.5267252888403443,0.5279399458259818
AWS,LC09_L2SP_114035_20250623_20250624_02_T1,2025-06-23,839,37.86300866000001,38.6381066156522,37.87714442488373,35.710606819586225,0.21098305564864395,0.26690798308483166,0.4334414250134769,0.5508554426346484
AWS,LC09_L2SP_114035_20250623_20250624_02_T1,2025-06-23,841,33.368312360000026,33.58341975200002,33.13201089484538,32.75685695747158,0.614893684071066,0.6750021230790296,0.692357698964883,0.7240619539951365
AWS,LC09_L2SP_114035_20250623_20250624_02_T1,2025-06-23,935,36.31464560000003,35.709037561142885,33.73070883584354,32.89670792519181,0.28929027586019523,0.4251726841745726,0.4040173080136565,0.5299127485385151
AWS,LC09_L2SP_114035_20250623_20250624_02_T1,2025-06-23,992,39.470617400000016,38.942484481142884,36.79640631814435,33.89027702840931,0.35717881929052586,0.40909838494196166,0.47252813875043637,0.589732060932858
AWS,LC09_L2SP_114035_20250623_20250624_02_T1,2025-06-23,900,35.73244286000003,36.39176264171431,35.36228308027588,34.572226207078806,0.6130078714255812,0.5154085510254574,0.554458966668133,0.6415763287063976
AWS,LC09_L2SP_114035_20250623_20250624_02_T1,2025-06-23,806,37.93250840000002,37.24808407520002,35.67579314455698,35.94202370013218,0.42149058892908514,0.46371055519594284,0.5331777512194583,0.5082098843881527
AWS,LC09_L2SP_114035_20250623_20250624_02_T1,2025-06-23,811,38.25608096,38.51923594742859,40.40362226742198,39.914674651783805,0.5688612505082443,0.6540479078734394,0.44673085969531995,0.458572673424841
AWS,LC09_L2SP_114035_20250623_20250624_02_T1,2025-06-23,813,37.594124420000014,37.50213085314289,36.813939133829805,36.64557195206391,0.6203701870073629,0.623702036389321,0.5659873720026475,0.5737283900057298
AWS,LC09_L2SP_114035_20250623_20250624_02_T1,2025-06-23,922,35.38836218,35.180318696000015,32.14534480400002,29.94698276448235,0.6138365491955152,0.6290432133410954,0.7243690519658585,0.7952944827981355
AWS,LC09_L2SP_114035_20250623_20250624_02_T1,2025-06-23,944,39.587969420000015,39.33926777428573,37.840463701037756,35.285891383800646,0.4718578783460197,0.3203018379532419,0.4480370293752816,0.523729359424498
AWS,LC09_L2SP_114035_20250623_20250624_02_T1,2025-06-23,940,34.035965600000054,35.07846170000001,36.257268702050304,38.085297204431015,0.42388702728578254,0.5499942382223761,0.5102734704892501,0.3835712732322044
AWS,LC09_L2SP_114035_20250623_20250624_02_T1,2025-06-23,848,38.83030832000003,37.93973507085717,33.760428944593926,32.638874141740914,0.267687888228176,0.37276856847316414,0.6227737291310439,0.677614683868655
AWS,LC09_L2SP_114035_20250623_20250624_02_T1,2025-06-23,829,37.43689550000001,38.00038051142858,37.96363469896909,36.28993886262393,0.6861614007341323,0.6066192452656686,0.47406325512518777,0.5585954277006248
AWS,LC09_L2SP_114035_20250623_20250624_02_T1,2025-06-23,954,33.37742708000002,34.23382012914287,37.25968171244446,39.6038712407536,0.8287820447542377,0.7613936280622537,0.5116225092945709,0.2886582100849356
AWS,LC09_L2SP_114035_20250623_20250624_02_T1,2025-06-23,854,,,,31.4619308281979,,,,0.7914090290509959
AWS,LC09_L2SP_114035_20250623_20250624_02_T1,2025-06-23,828,36.585808520000036,34.85413831333335,33.69671955300887,33.14974007983169,0.5378715587740552,0.6627805895693089,0.5026771562157324,0.5506950457304944
AWS,LC09_L2SP_114035_20250623_20250624_02_T1,2025-06-23,814,35.695983980000015,35.86978215885715,35.12362028268043,33.278307138888266,0.535817192356556,0.6133637067756242,0.5962824129518439,0.6706909236254628
AWS,LC09_L2SP_114035_20250623_20250624_02_T1,2025-06-23,815,38.515850480000005,37.9224496554286,37.87237098732525,36.428710915203304,0.32469894029373453,0.3717104300184969,0.4668747588294588,0.5364348752527449
AWS,LC09_L2SP_114035_20250623_20250624_02_T1,2025-06-23,816,32.82484718000003,32.82618183542859,34.453655183750016,33.070228801344555,0.6590727471567168,0.7684762966867325,0.590673720962109,0.6744765650802729
AWS,LC09_L2SP_114035_20250623_20250624_02_T1,2025-06-23,807,36.360219199999996,35.730619916,33.47894093360002,32.81265281541355,0.5549478915309373,0.3692515374550845,0.5911894307080396,0.6257039478234991
AWS,LC09_L2SP_114035_20250623_20250624_02_T1,2025-06-23,847,35.99790908,35.412939371428585,31.6319381411972,30.53063823007033,0.5476046653383191,0.5462552057654548,0.6665124282711328,0.7129659372423249
AWS,LC09_L2SP_114035_20250623_20250624_02_T1,2025-06-23,823,34.261554920000016,34.9896908377143,33.460194618064534,32.809949020123476,0.6084710718946796,0.5441554694272467,0.5638481847061741,0.641311155551448
AWS,LC09_L2SP_114035_20250623_20250624_02_T1,2025-06-23,995,,,31.446135275451525,30.382448789624487,,,0.7689006013265588,0.7982589883024831
AWS,LC09_L2SP_114035_20250623_20250624_02_T1,2025-06-23,832,37.644255380000004,37.153395155428576,35.93008237772677,35.708037418639435,0.4997248728432592,0.5685209567204726,0.4954568815237957,0.5053285044499325
AWS,LC09_L2SP_114035_20250623_20250624_02_T1,2025-06-23,925,36.234891800000014,36.64264530971429,36.200358011724155,33.9981967484183,0.4809084739112148,0.5734596223182484,0.5168954070403213,0.583272023235396
AWS,LC09_L2SP_114035_20250623_20250624_02_T1,2025-06-23,810,39.72469021999999,38.297057912413806,36.46235509235523,36.391888092911486,0.48165786577752295,0.5584207502271534,0.5251635350018314,0.546752475374166
AWS,LC09_L2SP_114035_20250623_20250624_02_T1,2025-06-23,840,36.48554660000002,37.00749453028573,41.47715229034485,39.97912731877553,0.6975009142534166,0.67739111741449,0.3761389485292289,0.40963300423932275
AWS,LC09_L2SP_114035_20250623_20250624_02_T1,2025-06-23,836,34.34358740000001,34.48235901200002,33.5246541104358,31.363179273865136,0.6266623232738843,0.6143771214706844,0.6357420572199617,0.7440040793560617
AWS,LC09_L2SP_114035_20250623_20250624_02_T1,2025-06-23,943,32.17428404000001,31.99736081428574,30.378978927473074,29.64802637929921,0.8110233764873489,0.7010140018163497,0.8057778405552323,0.8441107281827397
AWS,LC09_L2SP_114035_20250623_20250624_02_T1,2025-06-23,837,35.73130352000004,35.68813881028573,35.755860016494864,36.87983847980534,0.5757873621496435,0.5836803137289843,0.665425375612191,0.5999452501542822
AWS,LC09_L2SP_114035_20250623_20250624_02_T1,2025-06-23,937,33.411607280000034,33.4310737177143,33.577488919587644,32.82178749026951,0.4836581514634615,0.6573268375462921,0.6379489134258616,0.6571871835493059
ASOS,LC09_L2SP_114035_20250709_20250711_02_T1,2025-07-09,138,47.14521163999999,47.08157136285715,45.48206007500002,45.47803769783374,0.49836166573452423,0.359026351571224,0.22684658212875727,0.22457818422092424
ASOS,LC09_L2SP_114035_20250709_20250711_02_T1,2025-07-09,277,36.80114378000002,37.44265730514287,40.523782577319615,39.38394761249461,0.7057863086948557,0.7072955941467939,0.5469496816014948,0.5694940132781735
ASOS,LC09_L2SP_114035_20250709_20250711_02_T1,2025-07-09,281,,50.07194823200002,46.61294306490911,45.20038092318266,,0.38924308235479904,0.410633626530165,0.4561672415802439
ASOS,LC09_L2SP_114035_20250709_20250711_02_T1,2025-07-09,272,40.32056504000002,40.51535962742859,41.341012109344284,40.00398597537269,0.6067793871958147,0.6270877093594694,0.5977279509649439,0.6364469794833267
ASOS,LC09_L2SP_114035_20250709_20250711_02_T1,2025-07-09,288,50.15876594,49.948411223428586,47.657433248159826,48.2840111270099,0.35118856478494737,0.3747944576459554,0.38784695581293915,0.36757749809985096
ASOS,LC09_L2SP_114035_20250709_20250711_02_T1,2025-07-09,285,47.67158672000003,48.184419930285735,44.93246509887458,42.28725703714016,0.2937544650589812,0.34841178103119824,0.4028557597961806,0.5018301943918475
ASOS,LC09_L2SP_114035_20250709_20250711_02_T1,2025-07-09,278,49.223367800000005,48.93638433028574,43.95315844386942,44.374852381612925,0.3494966170644,0.3110442530902013,0.4902193042854701,0.4993983255258455
ASOS,LC09_L2SP_114035_20250709_20250711_02_T1,2025-07-09,279,48.128462060000004,47.983830985142866,44.76569809237116,43.424277241912414,0.4117057609939016,0.36632275331035863,0.4814886779536065,0.5393024487248302
ASOS,LC09_L2SP_114035_20250709_20250711_02_T1,2025-07-09,136,48.712943480000035,48.93699469100003,47.24456626480654,46.250368556207775,0.442272874900095,0.2907864976169271,0.4385026391340043,0.47909222221100733
ASOS,LC09_L2SP_114035_20250709_20250711_02_T1,2025-07-09,143,47.318391320000025,46.83078635257145,47.26560134638486,47.502013674563436,0.3712454204433011,0.38274454001744246,0.4049673555999636,0.373559876579559
ASOS,LC09_L2SP_114035_20250709_20250711_02_T1,2025-07-09,271,44.12026394000001,43.74206816514288,40.491864441470995,38.24574471399489,0.6417381472819074,0.5214780692532277,0.6036717772746736,0.6714309809329917
ASOS,LC09_L2SP_114035_20250709_20250711_02_T1,2025-07-09,276,43.985821820000034,43.170575221142876,40.790193250093694,40.006188769376465,0.44332801293393936,0.5868892395300893,0.6311128828791999,0.6307381959434999
AWS,LC09_L2SP_114035_20250709_20250711_02_T1,2025-07-09,919,,,,41.91892456356415,,,,0.5229980507454804
AWS,LC09_L2SP_114035_20250709_20250711_02_T1,2025-07-09,928,46.46502566,46.500703278285734,45.04670788556703,42.107443953214194,0.21707013106837947,0.2744601553732017,0.37578211500645065,0.5156681350199058
AWS,LC09_L2SP_114035_20250709_20250711_02_T1,2025-07-09,820,42.017042300000014,40.85022792971429,39.05327184924733,38.42743467565833,0.4513176267830576,0.5714490506587457,0.6890656319196122,0.7159029287008499
AWS,LC09_L2SP_114035_20250709_20250711_02_T1,2025-07-09,827,49.537825640000015,48.73345160000002,45.6096185327445,47.4115165163756,0.39923591392171026,0.3674679611552342,0.4725003818466902,0.3588247454652976
AWS,LC09_L2SP_114035_20250709_20250711_02_T1,2025-07-09,812,43.041308960000016,41.776706665142875,36.27724314288662,34.73437482261668,0.3912615765205257,0.403416151231175,0.6914064154358348,0.7643997554648666
AWS,LC09_L2SP_114035_20250709_20250711_02_T1,2025-07-09,825,45.15136664000003,44.031134999428595,40.143066830721665,40.0526074718981,0.3246192577917788,0.34585463241931996,0.5653429060064035,0.5914968101733855
AWS,LC09_L2SP_114035_20250709_20250711_02_T1,2025-07-09,801,42.01020626000002,42.54644476914287,38.911604053639586,37.66181581954967,0.6587560118729233,0.6848793773479501,0.7268967978694633,0.7752322029620514
AWS,LC09_L2SP_114035_20250709_20250711_02_T1,2025-07-09,972,43.60983962,44.834630120000014,,41.06163793891381,0.4088510619508103,0.42727169965319806,,0.6241055486147271
AWS,LC09_L2SP_114035_20250709_20250711_02_T1,2025-07-09,860,48.05668364000002,48.41206006228574,49.425147732155494,49.07316178364534,0.35410204255456074,0.32267191297095804,0.27350754843050246,0.2673079950150203
AWS,LC09_L2SP_114035_20250709_20250711_02_T1,2025-07-09,830,43.26120158,43.66569983257144,41.34819490639177,40.88983351479532,0.6812114481196385,0.57175076699487,0.602106204303595,0.6133109853659008
AWS,LC09_L2SP_114035_20250709_20250711_02_T1,2025-07-09,805,39.30427376000002,40.11203326742859,38.443535669690746,35.12560356416263,0.6870259371579704,0.5978049485989886,0.6710936377464294,0.7854954217821475
AWS,LC09_L2SP_114035_20250709_20250711_02_T1,2025-07-09,845,48.38595290000001,48.06185949885716,43.641915472747016,43.80257814598704,0.491270769441305,0.5210472214961804,0.473157813134852,0.49593531225542187
AWS,LC09_L2SP_114035_20250709_20250711_02_T1,2025-07-09,927,47.66019332000002,47.11633750914287,45.76629310412373,42.325015796526245,0.42676498116390205,0.46220127754305673,0.5239781831292208,0.6280920924244058
AWS,LC09_L2SP_114035_20250709_20250711_02_T1,2025-07-09,842,35.936384720000035,35.794781034285734,36.79434297731961,34.992077678362456,0.6946170269065338,0.7295989480420958,0.6465255086010212,0.7324278160738984
AWS,LC09_L2SP_114035_20250709_20250711_02_T1,2025-07-09,824,41.98741946000001,41.59896962514288,39.28781793175259,38.00032019260534,0.4575280400509201,0.5143418376004124,0.628685087646024,0.6798465924825314
AWS,LC09_L2SP_114035_20250709_20250711_02_T1,2025-07-09,915,36.86380748000003,36.87936760914289,36.32806550956424,34.98231237614792,0.5560747330859639,0.5543007626623498,0.6417972485804155,0.7292666702464412
AWS,LC09_L2SP_114035_20250709_20250711_02_T1,2025-07-09,835,42.52176992000003,42.24897937142859,40.606314257397614,39.026691954707495,0.4426250327959396,0.5070604615464601,0.5657363350611007,0.6171474914086561
AWS,LC09_L2SP_114035_20250709_20250711_02_T1,2025-07-09,826,48.406461020000016,47.691053157714315,46.41107947889909,44.8897711081696,0.26372934367501094,0.40223673659170733,0.4903188846969653,0.5434006537410441
AWS,LC09_L2SP_114035_20250709_20250711_02_T1,2025-07-09,803,43.20195590000001,42.73043190285716,41.65693647010311,40.65201803500002,0.5740361057072052,0.5344804980017125,0.6122586599994071,0.6572867496904574
AWS,LC09_L2SP_114035_20250709_20250711_02_T1,2025-07-09,846,48.250371440000016,47.480600783428585,49.239191123834914,48.39012175092283,0.7717122706865759,0.6318983104903644,0.4289207311091837,0.4148783514627656
AWS,LC09_L2SP_114035_20250709_20250711_02_T1,2025-07-09,853,35.09441246000002,33.879517941714305,30.32696120962335,30.6355829962538,0.48960910335729785,0.7387608719624652,0.8663204058761947,0.8673316299751549
AWS,LC09_L2SP_114035_20250709_20250711_02_T1,2025-07-09,673,42.66988412000003,42.53208908514288,43.84896790123713,41.65007337862011,0.5688529216146619,0.5805439562125242,0.4908352828569294,0.560388812245236
AWS,LC09_L2SP_114035_20250709_20250711_02_T1,2025-07-09,802,36.47984990000001,36.157872416000025,35.76116253298408,36.08699654229495,0.4646470099973867,0.5734158268817118,0.7660800812601932,0.7871733186674268
AWS,LC09_L2SP_114035_20250709_20250711_02_T1,2025-07-09,843,40.73984216000002,39.59952558285716,36.45057869105713,34.901204850126845,0.2991887290709045,0.6147785186643826,0.6972528703544698,0.7774713197853377
AWS,LC09_L2SP_114035_20250709_20250711_02_T1,2025-07-09,819,45.78370034000002,44.94335570857145,39.4690473816495,37.41351244648728,0.43346340675818534,0.4829456402246328,0.7030923454939088,0.7717360466285729
AWS,LC09_L2SP_114035_20250709_20250711_02_T1,2025-07-09,844,44.38686950000001,43.88103509257145,43.15299951731961,43.03603618518029,0.3227946256452889,0.45874522345406754,0.5407197738069641,0.5432621533118566
AWS,LC09_L2SP_114035_20250709_20250711_02_T1,2025-07-09,839,47.71602098000002,47.762050316000014,44.611777321016184,42.20921393165806,0.20313060536499186,0.3038303177735605,0.4671109154102194,0.5870051089753525
AWS,LC09_L2SP_114035_20250709_20250711_02_T1,2025-07-09,841,40.505138120000026,40.5665322697143,40.06575223628868,39.16903517962169,0.5756979168280945,0.6970555286678716,0.7001022789242051,0.7320463298823658
AWS,LC09_L2SP_114035_20250709_20250711_02_T1,2025-07-09,935,44.62385222000004,43.854667509714304,41.86647144026037,39.42125831539003,0.24335460510814946,0.419493785189969,0.457442991258178,0.5949804090339721
AWS,LC09_L2SP_114035_20250709_20250711_02_T1,2025-07-09,992,48.356330060000005,48.144575582857165,44.65846309835053,40.51888752634022,0.5511424176869797,0.5392903880695415,0.5310107160460098,0.6331937102292675
AWS,LC09_L2SP_114035_20250709_20250711_02_T1,2025-07-09,900,,,,36.83976876595492,,,,0.6824165500754968
AWS,LC09_L2SP_114035_20250709_20250711_02_T1,2025-07-09,811,41.60004386000003,41.694967158285735,42.70067769398395,41.635222073500316,0.5040700743962893,0.5702590372683397,0.42412401370818664,0.43532985763122173
AWS,LC09_L2SP_114035_20250709_20250711_02_T1,2025-07-09,813,43.042448300000025,43.52302191200003,43.17681267680002,42.299472889981416,0.6545643711009724,0.6428397796492001,0.5887212806623263,0.6060036368830293
AWS,LC09_L2SP_114035_20250709_20250711_02_T1,2025-07-09,922,46.06967468000001,45.32080277428573,40.248442594259494,36.93840032642396,0.5389141953717903,0.5859138118309989,0.7145438495519507,0.7929255110384968
AWS,LC09_L2SP_114035_20250709_20250711_02_T1,2025-07-09,944,47.05178576000001,47.243194880000026,45.459982846289776,42.34799493387154,0.49502227741937727,0.43181210044547275,0.49454102802416977,0.5760941469195037
AWS,LC09_L2SP_114035_20250709_20250711_02_T1,2025-07-09,848,44.81640068000005,43.8068152297143,39.29276941303373,37.994806104416575,0.2761345137724695,0.3641679028547188,0.6416213369596595,0.6939397460073795
AWS,LC09_L2SP_114035_20250709_20250711_02_T1,2025-07-09,312,43.80580610000004,43.56901869542859,37.8156927703093,35.228104044259965,0.5090085200214999,0.465787706795068,0.6956941592816704,0.780701204156415
AWS,LC09_L2SP_114035_20250709_20250711_02_T1,2025-07-09,854,,,,33.75581952152455,,,,0.8339630660795047
AWS,LC09_L2SP_114035_20250709_20250711_02_T1,2025-07-09,828,43.41387314000002,42.087844142857165,40.01475232716218,38.872582979406474,0.5536173643600287,0.6443576863952286,0.5992852012912393,0.6262415472640243
AWS,LC09_L2SP_114035_20250709_20250711_02_T1,2025-07-09,817,34.42106252000004,34.37893949257145,34.14096498185569,33.00198764030921,0.7582310360221761,0.7679079363144438,0.8029239533809661,0.8433105972888902
AWS,LC09_L2SP_114035_20250709_20250711_02_T1,2025-07-09,814,41.05828769000004,40.82244431000002,38.68582145507309,35.90190102499189,0.5730830033799879,0.7014562896901835,0.6697903562295952,0.7512051034479899
AWS,LC09_L2SP_114035_20250709_20250711_02_T1,2025-07-09,815,44.71044206000003,44.14939849142859,42.81723484474229,41.59294036617228,0.3981577207235805,0.3870686898373168,0.5438529604366269,0.6025429110529943
AWS,LC09_L2SP_114035_20250709_20250711_02_T1,2025-07-09,807,43.32614396,42.875551266285726,41.82330490520001,40.5781767550015,0.6333124588360409,0.5174969582067026,0.6406405309257097,0.6799595255503951
AWS,LC09_L2SP_114035_20250709_20250711_02_T1,2025-07-09,847,46.523132,45.81133747314287,39.79326350705884,37.365386949509066,0.4446587308435606,0.45698089989231955,0.657570340397956,0.7355185639629206
AWS,LC09_L2SP_114035_20250709_20250711_02_T1,2025-07-09,823,42.07742732000005,43.573022661714305,42.32443203650174,40.90238941953424,0.6508911399235124,0.5885866502933447,0.6162192200044142,0.659098498959956
AWS,LC09_L2SP_114035_20250709_20250711_02_T1,2025-07-09,832,44.38459082000001,44.1123862177143,41.783227023505184,41.50026724466344,0.5366024572750215,0.5625194881771167,0.5712607304264802,0.5845605088420047
AWS,LC09_L2SP_114035_20250709_20250711_02_T1,2025-07-09,810,46.75783604000001,45.45014873310347,43.28636732192002,42.51723074289182,0.4777685828948593,0.5689979123947315,0.5098970830971125,0.5405881471824202
AWS,LC09_L2SP_114035_20250709_20250711_02_T1,2025-07-09,840,44.60220476000003,44.722844589714306,48.672295274226826,47.28773799414015,0.6742751326405093,0.6615566566096235,0.37230048022159756,0.40400777202730703
AWS,LC09_L2SP_114035_20250709_20250711_02_T1,2025-07-09,836,41.955517940000014,41.948388926857156,40.12907369958765,37.95147532861725,0.607554572209838,0.62790296893974,0.6336071814557948,0.7186565778969625
AWS,LC09_L2SP_114035_20250709_20250711_02_T1,2025-07-09,837,41.79373166000001,41.44994395314287,40.71241979257412,41.952575027534266,0.5737409700198385,0.5867750142393213,0.6701968504505889,0.6040382607713031
ASOS,LC09_L2SP_114035_20250725_20250727_02_T1,2025-07-25,277,39.45010928000003,39.707535014857164,42.150853976295444,41.713822696965,0.7692582162129469,0.7387077083513898,0.5826630023963356,0.5785346809829682
ASOS,LC09_L2SP_114035_20250725_20250727_02_T1,2025-07-25,281,,47.86134379700002,46.51552870825318,44.76653290483375,,0.42454858867146916,0.38211148859019173,0.450364482787403
ASOS,LC09_L2SP_114035_20250725_20250727_02_T1,2025-07-25,272,40.161057440000015,40.18517889542859,42.16631150103095,42.1289161593072,0.6374004767907738,0.678503489376561,0.6131887356040382,0.5944132055580755
ASOS,LC09_L2SP_114035_20250725_20250727_02_T1,2025-07-25,285,47.30357990000001,48.11215322171431,43.34204810216042,40.83179747331,0.3732754036753536,0.3897730686696695,0.36719257424395946,0.5230307614635277
ASOS,LC09_L2SP_114035_20250725_20250727_02_T1,2025-07-25,278,49.71328400000002,49.206993856571444,44.047308937651344,44.64919210886499,0.3598203280193218,0.3231970553628829,0.5335605066848558,0.5365312247270412
ASOS,LC09_L2SP_114035_20250725_20250727_02_T1,2025-07-25,279,45.65951228000002,46.023840659428586,43.50178633711342,42.26184024656744,0.4757454103194659,0.3929221947074607,0.5014357338607215,0.5562859017619056
ASOS,LC09_L2SP_114035_20250725_20250727_02_T1,2025-07-25,136,46.96975328000002,47.50774962800002,45.69172009914462,44.66751392670241,0.4545728600099707,0.2936867633846049,0.45953160037754687,0.49742079017634716
ASOS,LC09_L2SP_114035_20250725_20250727_02_T1,2025-07-25,152,41.645617460000004,41.728463754285734,39.29571500659795,38.890175060575835,0.5111164241531666,0.5653090182579934,0.6729883106480069,0.6757032066179296
ASOS,LC09_L2SP_114035_20250725_20250727_02_T1,2025-07-25,143,45.5319062,45.47871529828573,46.256476248810586,46.84569342406363,0.46607103776808834,0.4199148958716619,0.4359948812693614,0.3957819740001707
ASOS,LC09_L2SP_114035_20250725_20250727_02_T1,2025-07-25,271,39.56632196000002,40.24494541657144,39.46738339711342,37.938878524329915,0.7161982847371103,0.52506044379156,0.6320948953433047,0.699913022515331
ASOS,LC09_L2SP_114035_20250725_20250727_02_T1,2025-07-25,276,41.508896660000026,40.83880197714287,39.28077806722552,38.58795607645322,0.45930218928334465,0.6191671959988637,0.6754928709004594,0.6725103228700132
AWS,LC09_L2SP_114035_20250725_20250727_02_T1,2025-07-25,919,40.82757134000002,41.319863877714305,39.18745421505157,39.53418200383054,0.6427498481809643,0.5505019688275895,0.6553148125480976,0.6544446156925313
AWS,LC09_L2SP_114035_20250725_20250727_02_T1,2025-07-25,820,38.10910610000002,37.78211552000002,36.661432726642616,36.17615447720286,0.49814262890427036,0.597515511646764,0.7074663233913218,0.7360067422185063
AWS,LC09_L2SP_114035_20250725_20250727_02_T1,2025-07-25,827,50.02774184000001,48.96515192545457,46.47355610307694,47.999738436069585,0.4542572840253685,0.40653621212722346,0.48186094818365577,0.36282694888664946
AWS,LC09_L2SP_114035_20250725_20250727_02_T1,2025-07-25,812,44.411934980000034,42.27886263200002,37.003159333195896,35.69184063862771,0.42717750210308814,0.4736015770037027,0.7270918375622578,0.7825546378332533
AWS,LC09_L2SP_114035_20250725_20250727_02_T1,2025-07-25,825,45.63672548000003,44.39080836114287,40.28100527587631,40.06930811528201,0.36547533597232146,0.37142451069080223,0.6154983161184938,0.6328591161822267
AWS,LC09_L2SP_114035_20250725_20250727_02_T1,2025-07-25,801,39.26439686000003,39.51309850571431,37.70314467876779,36.64163552161227,0.68300102825377,0.7317717009188408,0.7484739609390495,0.7969351529746518
AWS,LC09_L2SP_114035_20250725_20250727_02_T1,2025-07-25,972,42.341754200000025,43.075489160000004,,38.60635778343967,0.2542873423072917,0.463225991608315,,0.6613721154277371
AWS,LC09_L2SP_114035_20250725_20250727_02_T1,2025-07-25,860,48.037314860000016,48.78101090685717,50.155863239858675,49.51541256729067,0.4388862105157263,0.3666501719918788,0.2919310210419443,0.28303627718597313
AWS,LC09_L2SP_114035_20250725_20250727_02_T1,2025-07-25,830,40.68857186,41.11224357714287,39.372148668041255,38.857247693014614,0.6963590061288821,0.6327922963866267,0.6424129133603078,0.6659766272777995
AWS,LC09_L2SP_114035_20250725_20250727_02_T1,2025-07-25,805,36.43997300000003,36.90915321200002,35.49428824742859,33.508117438340356,0.7028974130985107,0.6364377297141371,0.7128831392006029,0.8074215245406118
AWS,LC09_L2SP_114035_20250725_20250727_02_T1,2025-07-25,845,47.67500474000002,47.202276297714306,43.893123573701395,44.091399695785476,0.6248295200065357,0.5793335240648846,0.47950584343730673,0.5044602456159625
AWS,LC09_L2SP_114035_20250725_20250727_02_T1,2025-07-25,927,,,41.75229344222224,38.27815207003375,,,0.5570485594260428,0.6797829790111237
AWS,LC09_L2SP_114035_20250725_20250727_02_T1,2025-07-25,824,40.41513025999999,40.409889296000024,38.40578866989693,37.247760566243954,0.5810284018934414,0.5924582574929206,0.6890131743599132,0.7313550665957537
AWS,LC09_L2SP_114035_20250725_20250727_02_T1,2025-07-25,835,41.35166774,41.12884538857145,39.637023964770876,38.05183869032541,0.47557802039024377,0.5596988869877672,0.6188283778061151,0.6852596957341743
AWS,LC09_L2SP_114035_20250725_20250727_02_T1,2025-07-25,826,,44.335371332000015,44.39536489986241,42.869757799934305,,0.33096961084393306,0.47541079208989007,0.5376220087428047
AWS,LC09_L2SP_114035_20250725_20250727_02_T1,2025-07-25,803,41.865510080000014,41.47074504628574,40.74119683917528,39.671246951958786,0.6468630006026702,0.5755965043420836,0.6661865232815329,0.7044638015550287
AWS,LC09_L2SP_114035_20250725_20250727_02_T1,2025-07-25,846,47.54967734000004,46.467206682285735,48.94108152330228,48.70488680232592,0.8193732136106409,0.671112997792539,0.4540427341052265,0.4303163229469798
AWS,LC09_L2SP_114035_20250725_20250727_02_T1,2025-07-25,853,,,,31.669069024095084,,,,0.878377126196359
AWS,LC09_L2SP_114035_20250725_20250727_02_T1,2025-07-25,802,36.25881794000001,36.16459452200001,35.91820459084285,35.73944061277421,0.5301543847604673,0.6712878147691329,0.8047666078720132,0.8206540298147436
AWS,LC09_L2SP_114035_20250725_20250727_02_T1,2025-07-25,843,42.69950696000003,41.81410956971431,38.09343359922237,36.599296082497574,0.32643159881338707,0.6391574701260586,0.7322551354409834,0.8008082446407894
AWS,LC09_L2SP_114035_20250725_20250727_02_T1,2025-07-25,859,30.170184980000005,30.09459790914288,30.258705623974173,30.48344309095408,0.7541987022701783,0.8680107728075672,0.8833456041890378,0.8889011614658697
AWS,LC09_L2SP_114035_20250725_20250727_02_T1,2025-07-25,819,43.375135580000006,42.58531253942859,37.95148565422683,36.234444283687395,0.43056741762905587,0.5171999085394322,0.7295873274047072,0.7970841000717875
AWS,LC09_L2SP_114035_20250725_20250727_02_T1,2025-07-25,844,42.361122980000026,41.96635794628573,40.041508960412386,39.888928106712946,0.34762765815851054,0.4708028154315112,0.579941534131725,0.5857431394524966
AWS,LC09_L2SP_114035_20250725_20250727_02_T1,2025-07-25,839,44.353828639999996,44.35067104057145,42.4869797431604,40.31755094977353,0.2551263192320547,0.33461753730229504,0.5251229266688409,0.6460779882349009
AWS,LC09_L2SP_114035_20250725_20250727_02_T1,2025-07-25,935,41.617133960000025,41.27582024857145,39.97845676580646,38.29333741153961,0.29647060036159595,0.5091852696798825,0.5126562002433901,0.6321689117261335
AWS,LC09_L2SP_114035_20250725_20250727_02_T1,2025-07-25,992,44.72297480000003,44.855854396571445,43.079114688659814,39.86659580005156,0.6706642057659167,0.6325189011261795,0.5893410343378482,0.6711812497883668
AWS,LC09_L2SP_114035_20250725_20250727_02_T1,2025-07-25,811,45.19067387000001,44.29778187615387,45.31081298516131,44.39228899256314,0.5666944140700398,0.5945468455933196,0.44106730850214704,0.4561109515268085
AWS,LC09_L2SP_114035_20250725_20250727_02_T1,2025-07-25,813,40.12687724000002,40.162229332571435,40.53683858000002,41.47759166660927,0.7708995744441086,0.7378956549551906,0.6630938271423354,0.6184113924968928
AWS,LC09_L2SP_114035_20250725_20250727_02_T1,2025-07-25,848,45.96143738000001,44.599698212000014,39.1457837384733,37.86084161561961,0.26738780327485756,0.3784397441371134,0.6874811045683369,0.7275774684237251
AWS,LC09_L2SP_114035_20250725_20250727_02_T1,2025-07-25,829,39.22451996000001,39.86903964434784,40.63258794765716,38.76674976670409,0.6659821764100001,0.670642298685306,0.5309881950913223,0.6150372249326944
AWS,LC09_L2SP_114035_20250725_20250727_02_T1,2025-07-25,312,42.58443362000003,42.16089211314288,37.6465183989691,35.496521849619256,0.5725172010139644,0.5331148189768975,0.722350894587431,0.8001678298280402
AWS,LC09_L2SP_114035_20250725_20250727_02_T1,2025-07-25,954,,,,46.12035431479117,,,,0.22485989335265533
AWS,LC09_L2SP_114035_20250725_20250727_02_T1,2025-07-25,828,,,,37.936574280000016,,,,0.741163325972729
AWS,LC09_L2SP_114035_20250725_20250727_02_T1,2025-07-25,817,35.79168854000002,36.038241716000016,35.55205910577322,34.41071484689381,0.7594971664990801,0.7921471279378213,0.8232979366992893,0.8566581653394527
AWS,LC09_L2SP_114035_20250725_20250727_02_T1,2025-07-25,814,40.61907212000002,40.877083801142874,39.88911929896909,37.75271245450767,0.465113693083129,0.5898724584157711,0.6166923215681245,0.7006809964130473
AWS,LC09_L2SP_114035_20250725_20250727_02_T1,2025-07-25,815,43.80694544000005,42.665489522857165,40.36090135129034,39.244407685958926,0.3885669199953046,0.3880719278197245,0.5545819488004596,0.6135492483678636
AWS,LC09_L2SP_114035_20250725_20250727_02_T1,2025-07-25,816,,,,35.3818459002725,,,,0.7561805202142302
AWS,LC09_L2SP_114035_20250725_20250727_02_T1,2025-07-25,807,40.947202040000015,40.7750314897143,39.386358090203615,38.810930698115314,0.6113163908078431,0.609426008042561,0.7036425861776499,0.7161679164726812
AWS,LC09_L2SP_114035_20250725_20250727_02_T1,2025-07-25,847,42.70064630000002,42.303472376000016,37.96987928378065,36.351763006672456,0.5008214223727996,0.5349538780173285,0.6922885333818514,0.7625498120025832
AWS,LC09_L2SP_114035_20250725_20250727_02_T1,2025-07-25,823,40.81162058000003,42.05639835885715,41.12918091015065,39.69257057051114,0.677930019318759,0.5932271087994745,0.6038719122359494,0.6769367374461721
AWS,LC09_L2SP_114035_20250725_20250727_02_T1,2025-07-25,995,40.316007680000006,39.90420329000002,35.01755066695329,34.4628584245578,0.3820063206068971,0.4248028605384573,0.7627883051442782,0.7986708711022851
AWS,LC09_L2SP_114035_20250725_20250727_02_T1,2025-07-25,832,43.31588990000002,42.18013068285717,40.43155730147543,40.37725364746403,0.56179892389278,0.593932406758419,0.6161358866601998,0.6167578985255779
AWS,LC09_L2SP_114035_20250725_20250727_02_T1,2025-07-25,810,46.741885279999984,45.75517755241382,43.61668023566267,42.83797465086958,0.43548432894358724,0.5536536041263139,0.5201406052859914,0.5499509490651403
AWS,LC09_L2SP_114035_20250725_20250727_02_T1,2025-07-25,840,41.54763422000002,42.17622437428573,46.793400142699255,44.95109598666669,0.771171227565937,0.7167017870327297,0.40373920022740506,0.43313378846223727
AWS,LC09_L2SP_114035_20250725_20250727_02_T1,2025-07-25,836,38.2458269,38.68691424285716,39.053747537554884,37.399552315838946,0.6544046128978934,0.6168485618042941,0.6323635796291109,0.7146652405323459
AWS,LC09_L2SP_114035_20250725_20250727_02_T1,2025-07-25,837,40.19068028000002,39.95958957542859,38.90037968762888,40.12845268008018,0.575751648188361,0.6071088948935088,0.7129165345095895,0.6443204910150578
ASOS,LC09_L2SP_114036_20230602_20230604_02_T1,2023-06-02,159,36.49921868000005,36.91003213142859,39.02623856657246,38.96376803138537,0.6488656431956356,0.550908065634538,0.30089159950657757,0.27954661131472297
ASOS,LC09_L2SP_114036_20230602_20230604_02_T1,2023-06-02,295,36.709996580000016,36.590203117142856,34.93116665077285,32.30052796552421,0.37223208539219366,0.42499484711451974,0.4205169947583466,0.5225105273619782
ASOS,LC09_L2SP_114036_20230602_20230604_02_T1,2023-06-02,294,38.38938374000001,38.14344906285716,34.98246741092785,32.90969580250885,0.47069982597250354,0.3639672012252245,0.47972484678416044,0.5838159599338154
ASOS,LC09_L2SP_114036_20230602_20230604_02_T1,2023-06-02,285,,,36.175831077792225,34.97128166889832,,,0.3843041717560732,0.44520842899928587
ASOS,LC09_L2SP_114036_20230602_20230604_02_T1,2023-06-02,288,38.78131670000001,38.437496440571444,36.93984628221683,36.646646182769246,0.32197395670122547,0.3466655962785502,0.3249359124730988,0.3124455331463903
ASOS,LC09_L2SP_114036_20230602_20230604_02_T1,2023-06-02,192,,,33.62668660130437,31.695984953324004,,,0.49864586514450204,0.5758928279969835
ASOS,LC09_L2SP_114036_20230602_20230604_02_T1,2023-06-02,253,35.327977160000025,35.89263406400003,39.144633041237135,38.6235352539811,0.708540356824994,0.6773808055376274,0.33876325727377277,0.32311876490454783
ASOS,LC09_L2SP_114036_20230602_20230604_02_T1,2023-06-02,257,36.53339888000003,36.12515708171431,38.01251442030536,38.51237636520566,0.6119081501422602,0.5795737130045663,0.4322051016328899,0.4054917326980111
ASOS,LC09_L2SP_114036_20230602_20230604_02_T1,2023-06-02,263,34.67171732000005,35.00946833333335,,32.67185549720215,0.5254678185059767,0.4274839423313004,,0.5185420486171469
ASOS,LC09_L2SP_114036_20230602_20230604_02_T1,2023-06-02,155,34.966806380000016,34.47728081085717,32.80228354969074,32.98384480595811,0.4658679122872096,0.5986296417635101,0.5487761911986565,0.5243536056737652
ASOS,LC09_L2SP_114036_20230602_20230604_02_T1,2023-06-02,255,33.551746100000024,34.08030220228573,36.52216600556703,36.533087081273685,0.6200258747481745,0.49859718643184586,0.330267304824616,0.3724033238850525
AWS,LC09_L2SP_114036_20230602_20230604_02_T1,2023-06-02,919,33.76822070000003,34.28782484514287,33.682132012989705,33.23771066060122,0.2934537653713126,0.23208465782635826,0.3455125109326721,0.40903106679014833
AWS,LC09_L2SP_114036_20230602_20230604_02_T1,2023-06-02,928,40.17472952000001,40.170041949714296,38.32390888494847,36.13794148715482,0.16960688255246936,0.24864078477921894,0.35323407102386845,0.4708022650978668
AWS,LC09_L2SP_114036_20230602_20230604_02_T1,2023-06-02,950,,,,37.47871868727111,,,,0.4092443119491352
AWS,LC09_L2SP_114036_20230602_20230604_02_T1,2023-06-02,907,,,30.58363625566752,30.97759258783833,,,0.7061539406876521,0.6828173545934402
AWS,LC09_L2SP_114036_20230602_20230604_02_T1,2023-06-02,929,32.07857948000003,32.086131676571455,30.866493991340228,28.417613080328376,0.4518994833989942,0.41367355364823627,0.5479931330556249,0.7014584394807514
AWS,LC09_L2SP_114036_20230602_20230604_02_T1,2023-06-02,939,36.01613852000003,36.19941689545457,37.191314399191505,36.28002890866587,0.6850650402925454,0.6488454634549305,0.5579833919208181,0.5536908806968558
AWS,LC09_L2SP_114036_20230602_20230604_02_T1,2023-06-02,938,,,33.97605010007563,34.06036412183615,,,0.5608965028891189,0.556443845012024
AWS,LC09_L2SP_114036_20230602_20230604_02_T1,2023-06-02,899,36.68037374000003,36.86637913314288,36.399880760824765,36.86133150603213,0.2615218127344197,0.28950529877859116,0.35151594202009934,0.3239643632546499
AWS,LC09_L2SP_114036_20230602_20230604_02_T1,2023-06-02,915,32.39873402000003,33.225894860000025,31.973251495834308,30.3124596923708,0.45653377914465004,0.4203667839748824,0.5127125122703485,0.6394005732843229
AWS,LC09_L2SP_114036_20230602_20230604_02_T1,2023-06-02,917,34.200030560000016,33.455488146285745,33.41817212731497,32.053832124774445,0.3302058272666809,0.4524981315786991,0.504712264788828,0.5348374691320537
AWS,LC09_L2SP_114036_20230602_20230604_02_T1,2023-06-02,160,27.988348880000046,27.89017032457145,27.548789832500017,28.24339699217295,0.6678663698614645,0.7796853449337191,0.826139003343217,0.8252624339921978
AWS,LC09_L2SP_114036_20230602_20230604_02_T1,2023-06-02,920,33.07550198000001,33.46710941428573,33.14842365525775,32.16241294894444,0.2590724687384135,0.26335874984074625,0.29735525984428735,0.36945655865819155
AWS,LC09_L2SP_114036_20230602_20230604_02_T1,2023-06-02,925,34.45524272000002,35.13549380514287,35.02275225416818,32.76176225536973,0.49684854952332835,0.6042634144064598,0.5096994916875368,0.5547441516273202
AWS,LC09_L2SP_114036_20230602_20230604_02_T1,2023-06-02,926,33.48908240000003,33.38497927657145,31.99637864391754,32.66566445335816,0.4131199790689594,0.44710628974308847,0.5272608368626239,0.5692585795969611
AWS,LC09_L2SP_114036_20230602_20230604_02_T1,2023-06-02,941,37.17712598000001,37.250564581142875,36.97413048593969,37.251154440852474,0.5389470835008884,0.41490732688946186,0.38557409289288475,0.36053000865286045
AWS,LC09_L2SP_114036_20230602_20230604_02_T1,2023-06-02,937,32.60951192000001,33.69933945885716,32.73572634398902,32.305079734575486,0.6481832101780287,0.6046093920021663,0.5549174648817924,0.5676093822655908
AWS,LC09_L2SP_114036_20230602_20230604_02_T1,2023-06-02,904,36.78633236000002,36.51598325428573,36.513810996153865,37.496013717487905,0.45274687591690793,0.455762399633309,0.4128442019335038,0.3568665387239108
AWS,LC09_L2SP_114036_20230602_20230604_02_T1,2023-06-02,910,31.51004882000001,30.4040752057143,30.92089888487807,,0.45707353582381066,0.7695995286149072,0.7243912961244292,
AWS,LC09_L2SP_114036_20230602_20230604_02_T1,2023-06-02,930,,,30.47144732666668,28.36800389967489,,,0.721126425768044,0.8077841831525318
AWS,LC09_L2SP_114036_20230602_20230604_02_T1,2023-06-02,942,32.39417666000003,32.673249854857154,35.4924365069231,37.83916695416288,0.7639140863365235,0.7843425056834428,0.4724410888012398,0.38420765783817223
AWS,LC09_L2SP_114036_20230602_20230604_02_T1,2023-06-02,905,36.29869484000002,36.41949743257145,34.33986007463919,32.555088130415136,0.3616960701874983,0.4920074985350821,0.629515460974307,0.7231676325274504
AWS,LC09_L2SP_114036_20230602_20230604_02_T1,2023-06-02,918,34.220538680000026,34.24163274628574,35.36001571402063,35.203544389582625,0.3655997167049139,0.32521836413686983,0.2942830848856288,0.3219361897525555
AWS,LC09_L2SP_114036_20230602_20230604_02_T1,2023-06-02,673,32.92055174000003,33.23155900742859,35.035319475051566,34.062905509639194,0.6128468762120466,0.6138897759142842,0.42787976500704605,0.44094269143479836
AWS,LC09_L2SP_114036_20230602_20230604_02_T1,2023-06-02,935,33.51414788000003,33.257731274857164,31.081722659600022,30.590914777629298,0.29865701011733203,0.4862689519037805,0.5730207210909064,0.6093174324452846
AWS,LC09_L2SP_114036_20230602_20230604_02_T1,2023-06-02,936,32.56849567999999,32.59512368342859,33.007513529484555,31.034760040748196,0.29706428850318495,0.34050288243741783,0.4342696905364148,0.5927900408279885
AWS,LC09_L2SP_114036_20230602_20230604_02_T1,2023-06-02,944,35.91815528000001,36.69713831428572,34.111290869964684,31.975032664113446,0.3204541796415142,0.3013007745401825,0.4742988510264192,0.542920651217201
AWS,LC09_L2SP_114036_20230602_20230604_02_T1,2023-06-02,922,34.417644500000016,34.2124330897143,30.792476286376168,28.098600713190027,0.47307805419884147,0.5604184885413996,0.6879233933649787,0.7353762662049395
AWS,LC09_L2SP_114036_20230602_20230604_02_T1,2023-06-02,908,36.81367652000002,36.62389502857146,36.85925012000002,34.235570076467546,0.4809929062501397,0.501958455190542,0.5133510768874255,0.619454802016518
AWS,LC09_L2SP_114036_20230602_20230604_02_T1,2023-06-02,953,,,29.77931640342107,28.155926489568124,,,0.6780549709699115,0.769882452589508
AWS,LC09_L2SP_114036_20230602_20230604_02_T1,2023-06-02,940,34.76742188000003,34.652967038857156,34.36210656907218,36.673716119404546,0.5210009054171173,0.5899100218285761,0.6094145292866444,0.4474953432143243
AWS,LC09_L2SP_114036_20230602_20230604_02_T1,2023-06-02,913,33.75682730000002,33.70666378742859,32.917274920256425,30.253820216943836,0.5199764682002783,0.45396347343977916,0.5429488338019622,0.6879859063268408
AWS,LC09_L2SP_114036_20230602_20230604_02_T1,2023-06-02,296,39.12881540000004,39.20020318914287,39.98241056733814,39.30368627389368,0.1843493022108167,0.23554494094289308,0.3198605071852939,0.3489198225424963
ASOS,LC09_L2SP_114036_20230805_20230808_02_T1,2023-08-05,295,45.85206074000001,45.46006267485717,41.14119274610274,37.7867649786831,0.5369254858300143,0.4614000559521071,0.5838392811825853,0.6997648598997696
ASOS,LC09_L2SP_114036_20230805_20230808_02_T1,2023-08-05,288,51.3197534,51.11532325142859,49.308565573672745,50.01930518459186,0.48514729015929364,0.39517318175543237,0.44321582055245623,0.392721879659698
ASOS,LC09_L2SP_114036_20230805_20230808_02_T1,2023-08-05,192,47.581578860000036,47.26780462400002,44.06165647950209,42.191386269051115,0.44079554892750633,0.5127118478202894,0.5540092380974654,0.6447032143524867
ASOS,LC09_L2SP_114036_20230805_20230808_02_T1,2023-08-05,263,42.07628798000004,42.87053455333336,,41.96946540549765,0.8233869643442597,0.673066201291531,,0.6726286075405498
ASOS,LC09_L2SP_114036_20230805_20230808_02_T1,2023-08-05,155,45.51139808000001,45.277540406857156,43.194024889290695,43.91109609694119,0.5030946492208961,0.6256543330985963,0.5918206468476962,0.5470855156457054
ASOS,LC09_L2SP_114036_20230805_20230808_02_T1,2023-08-05,255,44.43358244000001,45.338185847428605,49.14772189559635,48.90072285292231,0.60944741155782,0.4966196897602695,0.35631838299580953,0.39757947844583413
AWS,LC09_L2SP_114036_20230805_20230808_02_T1,2023-08-05,919,44.06899364000003,44.69481682571431,42.17824520659796,42.359679350420336,0.6506304077320014,0.5649067895340248,0.665288046605435,0.6698968058132764
AWS,LC09_L2SP_114036_20230805_20230808_02_T1,2023-08-05,929,37.30815008,37.62146858000002,38.800501462886615,36.82803550747559,0.7588218144345517,0.8020205846006668,0.7472498454964356,0.8055709672421906
AWS,LC09_L2SP_114036_20230805_20230808_02_T1,2023-08-05,917,43.82631422000001,42.64293059085716,41.23788234956523,39.18177650321735,0.34915971769702403,0.5098600841137007,0.6909657373261259,0.7472639342742565
AWS,LC09_L2SP_114036_20230805_20230808_02_T1,2023-08-05,920,42.33719684000001,42.82838259028574,41.87976161814434,40.6529117900945,0.8753710087867161,0.616535990536964,0.6325441394112955,0.6884824526889288
AWS,LC09_L2SP_114036_20230805_20230808_02_T1,2023-08-05,915,39.039946880000024,38.96387152057145,38.81495336165139,37.96667093074097,0.6975019540645816,0.692105835005309,0.7441964273340549,0.7836760686255974
AWS,LC09_L2SP_114036_20230805_20230808_02_T1,2023-08-05,925,44.507639540000014,44.97431320400002,44.281592391067754,41.87931745662502,0.5571017085036012,0.6251599751769017,0.623262174577818,0.6564938767861122
AWS,LC09_L2SP_114036_20230805_20230808_02_T1,2023-08-05,942,38.60585834000003,39.33575209657144,43.10641994188342,44.45478081708031,0.7197288251025257,0.8165694790603597,0.5069385410620896,0.45623646050848116
AWS,LC09_L2SP_114036_20230805_20230808_02_T1,2023-08-05,918,,,,41.83967840628823,,,,0.5926555953154972
AWS,LC09_L2SP_114036_20230805_20230808_02_T1,2023-08-05,673,43.62465104,43.37292200514287,44.48975855793817,42.39411947978244,0.5486766738970431,0.5749227924791931,0.5334523006072067,0.6254888145239108
AWS,LC09_L2SP_114036_20230805_20230808_02_T1,2023-08-05,944,46.93215505999999,46.50294940571429,43.95569648806606,41.83958873864288,0.47615193937137335,0.43508141183426513,0.581260143447356,0.6499709292697482
AWS,LC09_L2SP_114036_20230805_20230808_02_T1,2023-08-05,940,42.18224660000002,41.726998888571444,41.13274610391755,44.118359356059884,0.6533066522478035,0.6470184377080893,0.6532072188598943,0.4769729959386418
AWS,LC09_L2SP_114036_20230805_20230808_02_T1,2023-08-05,908,39.921796040000004,39.89142449085717,41.84544272656936,38.60603117938565,0.6407241517728125,0.6331660715118765,0.5606149796821532,0.6732188800131947
ASOS,LC09_L2SP_114036_20230821_20230823_02_T1,2023-08-21,288,45.014645840000014,44.76985529000002,,,0.42548056776153614,0.4254583216091749,,
ASOS,LC09_L2SP_114036_20230821_20230823_02_T1,2023-08-21,253,39.18920042,40.03293051885715,44.061170955051566,43.28358716955716,0.7641548604702916,0.7166501686152469,0.39885174815041824,0.41417946529513155
ASOS,LC09_L2SP_114036_20230821_20230823_02_T1,2023-08-21,255,38.38596572000002,39.091323993125016,42.76478649163268,,0.6887647648253904,0.5057281908982616,0.3539325717873031,
AWS,LC09_L2SP_114036_20230821_20230823_02_T1,2023-08-21,899,44.61473750000001,44.648136438285725,43.89187577782157,44.952482694917215,0.28802099597711645,0.3198793370473847,0.3789295014519116,0.3366589431123204
AWS,LC09_L2SP_114036_20230821_20230823_02_T1,2023-08-21,905,,,39.856578442805215,37.437963977858324,,,0.6105893633029279,0.7313807603659103
AWS,LC09_L2SP_114036_20230821_20230823_02_T1,2023-08-21,918,36.73961942000002,37.74383369600002,38.806024910860444,37.868195970427486,0.745657103329081,0.745387023937326,0.5802846147970785,0.6378453102727273
ASOS,LC09_L2SP_114036_20240604_20240605_02_T1,2024-06-04,162,34.12255544000002,34.7575622069231,33.947565978050555,33.74021657330104,0.5862479748971658,0.5040641211875817,0.5176136239387921,0.5124802124652149
ASOS,LC09_L2SP_114036_20240604_20240605_02_T1,2024-06-04,295,38.30735126000002,38.00428682000002,35.80242462846156,32.27557025157079,0.4418774279554935,0.44186177884835615,0.40045772616645053,0.5075878030489909
ASOS,LC09_L2SP_114036_20240604_20240605_02_T1,2024-06-04,285,,,37.50202356720324,34.87960723466449,,,0.370914901691201,0.45640946971090973
ASOS,LC09_L2SP_114036_20240604_20240605_02_T1,2024-06-04,288,40.37525336000002,40.042110344000015,38.9840446450182,39.12332314423808,0.3060103162956132,0.33398639447621176,0.3116872319735852,0.29806642091823227
ASOS,LC09_L2SP_114036_20240604_20240605_02_T1,2024-06-04,253,32.88295352000002,33.34542790228575,34.98836292492362,36.6820455353769,0.7448388467117114,0.7004600755380177,0.37942369851892993,0.31613638753988615
ASOS,LC09_L2SP_114036_20240604_20240605_02_T1,2024-06-04,263,37.00166762000001,37.25206923333335,,35.26483834103736,0.5310044863111106,0.41035960751058104,,0.5022159217647266
ASOS,LC09_L2SP_114036_20240604_20240605_02_T1,2024-06-04,155,36.639357499999996,36.20924037371431,34.723081780330595,33.8507816577568,0.5141386145092554,0.6350083622223549,0.5317212219206955,0.5216761641270846
ASOS,LC09_L2SP_114036_20240604_20240605_02_T1,2024-06-04,255,35.38722284000003,35.67407609942859,38.594331821237134,37.764717366532736,0.5747047203806235,0.47177713849463215,0.314050698138035,0.36412695923640265
AWS,LC09_L2SP_114036_20240604_20240605_02_T1,2024-06-04,919,38.09885204000002,38.15721880057144,40.042868353877566,39.14003042123152,0.2647969293157652,0.22148493095422334,0.253583678768097,0.3379058875210342
AWS,LC09_L2SP_114036_20240604_20240605_02_T1,2024-06-04,931,27.24663854000001,27.307403340000015,29.109667752164196,,0.7119854297873265,0.7406687339921331,0.5986718613915749,
AWS,LC09_L2SP_114036_20240604_20240605_02_T1,2024-06-04,929,31.661581039999987,31.45916915085716,30.73774092940369,27.595139212765975,0.4817863321950795,0.3522188757664901,0.4916318464188235,0.6926608538742448
AWS,LC09_L2SP_114036_20240604_20240605_02_T1,2024-06-04,915,32.92852712000001,33.26417668400003,32.51920154558622,30.45244924567974,0.4033074470274655,0.346961914129566,0.4812623684330371,0.630519888739818
AWS,LC09_L2SP_114036_20240604_20240605_02_T1,2024-06-04,917,33.97216256000004,33.13604976285716,33.42738415816862,31.603304208834547,0.2823030735042754,0.4616333921940828,0.4849312749289579,0.5169000419988489
AWS,LC09_L2SP_114036_20240604_20240605_02_T1,2024-06-04,920,33.933425000000035,34.85309289741937,35.630609805103205,34.70882934036366,0.25520996393480067,0.26391135869977517,0.33265036801492875,0.3918048365086446
AWS,LC09_L2SP_114036_20240604_20240605_02_T1,2024-06-04,899,38.37229364000003,38.38681208685716,37.63521113463919,37.98569760745162,0.24290162085745626,0.29794678545238873,0.3542271271554445,0.3267524782268353
AWS,LC09_L2SP_114036_20240604_20240605_02_T1,2024-06-04,926,33.24412430000003,33.254801543428584,31.55080665298971,32.58593274562114,0.4611571775239766,0.42914931892961133,0.5415741894969235,0.5710239005142889
AWS,LC09_L2SP_114036_20240604_20240605_02_T1,2024-06-04,930,,,28.36564304727274,25.641688591251654,,,0.7175238156543081,0.8151590563536832
AWS,LC09_L2SP_114036_20240604_20240605_02_T1,2024-06-04,905,31.348262540000007,31.08914407142859,31.01301575676058,29.1307732146702,0.4472310598180555,0.49500202801437243,0.5781801372390256,0.6734964240963551
AWS,LC09_L2SP_114036_20240604_20240605_02_T1,2024-06-04,918,33.56769686000001,33.620432025714294,34.60840999284213,34.173592504173875,0.2831523923094394,0.2552439141507588,0.2873224671596415,0.3179331347978229
AWS,LC09_L2SP_114036_20240604_20240605_02_T1,2024-06-04,673,,,,34.555559608157914,,,,0.33114772239108015
AWS,LC09_L2SP_114036_20240604_20240605_02_T1,2024-06-04,935,,,34.46042153818183,31.97883940394721,,,0.47251739278218446,0.5754738827805228
AWS,LC09_L2SP_114036_20240604_20240605_02_T1,2024-06-04,936,32.05807136000002,32.16113280114288,32.49657370920426,30.430916115654618,0.3361836753406138,0.33491436293206134,0.4309678119779594,0.5883966381219435
AWS,LC09_L2SP_114036_20240604_20240605_02_T1,2024-06-04,944,39.69051002000001,39.66056165428573,37.778198283886944,35.500500370590274,0.3484635315681788,0.26826232118476384,0.42790558483717067,0.4976582838384667
AWS,LC09_L2SP_114036_20240604_20240605_02_T1,2024-06-04,940,32.33607032000001,31.505654222857157,30.19236168180647,,0.49475264735899516,0.5827682035830752,0.6170173986928579,
AWS,LC09_L2SP_114036_20240604_20240605_02_T1,2024-06-04,913,33.74201588000003,34.02952019085717,34.02677899735018,29.89087729139825,0.47903305145168057,0.3992553343175537,0.47507259252371126,0.6339959237379897
AWS,LC09_L2SP_114036_20240604_20240605_02_T1,2024-06-04,296,38.84511974000003,39.10147124000002,39.00757160382655,37.910151269918835,0.23788268251012032,0.1851653290706711,0.2734076157170962,0.3151274762709482
ASOS,LC09_L2SP_114036_20240807_20240808_02_T1,2024-08-07,295,45.678881060000016,45.44932032628574,41.779861777916686,38.81218606370698,0.49691775053965376,0.46069892226287684,0.5652753545580205,0.6666570838228162
ASOS,LC09_L2SP_114036_20240807_20240808_02_T1,2024-08-07,285,,,,41.04614498683214,,,,0.6513291376826739
ASOS,LC09_L2SP_114036_20240807_20240808_02_T1,2024-08-07,192,44.17552193,43.79730487076924,,,0.5506150605907788,0.509850260285132,,
ASOS,LC09_L2SP_114036_20240807_20240808_02_T1,2024-08-07,257,44.53441403000005,45.57741278000002,,,0.6042879905258798,0.5404519938249871,,
ASOS,LC09_L2SP_114036_20240807_20240808_02_T1,2024-08-07,263,41.498642600000004,42.16781496000002,,40.99125157026069,0.8643817109965255,0.7212912623550108,,0.7046391202829564
AWS,LC09_L2SP_114036_20240807_20240808_02_T1,2024-08-07,928,,,48.85427860700001,46.438391088947384,,,0.32318809783356267,0.44156844307524884
AWS,LC09_L2SP_114036_20240807_20240808_02_T1,2024-08-07,941,43.10739068,43.61521079428574,44.78764598498594,44.90341626508975,0.7158442291187076,0.490959788285809,0.40550395114017523,0.3840958529025991
AWS,LC09_L2SP_114036_20240807_20240808_02_T1,2024-08-07,673,40.36385996000001,40.43918661028573,42.251020538222235,39.77294467340241,0.6983916805057137,0.6901585230421157,0.5704923893649284,0.6633132721537865
AWS,LC09_L2SP_114036_20240807_20240808_02_T1,2024-08-07,935,40.2396719,39.350498411428596,37.285526042857164,36.712372917714305,0.4814436731338983,0.6505346390304465,0.7312086915634851,0.7556019436158129
AWS,LC09_L2SP_114036_20240807_20240808_02_T1,2024-08-07,944,44.40054158000004,43.63162949750002,41.910820755384634,,0.5112669167206774,0.554875592866506,0.6138524047319086,
AWS,LC09_L2SP_114036_20240807_20240808_02_T1,2024-08-07,937,,43.6010504257143,42.90460555450383,41.78792452316641,,0.6478241231483596,0.5172467605647199,0.5309492541165596
ASOS,LC09_L2SP_114036_20250725_20250727_02_T1,2025-07-25,295,43.310193200000015,42.803382215428584,39.23737541945814,36.21537049913428,0.3952204056556858,0.4572514601458642,0.5797207707632005,0.6998548778837894
ASOS,LC09_L2SP_114036_20250725_20250727_02_T1,2025-07-25,285,47.3320634,48.1169384497143,43.36927825173773,40.83273505045994,0.36424682816240855,0.38335211111110734,0.368229691153112,0.5227423000401518
ASOS,LC09_L2SP_114036_20250725_20250727_02_T1,2025-07-25,192,44.522450960000036,44.18445761085716,40.761874771711476,39.41840936399352,0.3940941310855408,0.4795847408861844,0.5118001995274806,0.6008205667696848
ASOS,LC09_L2SP_114036_20250725_20250727_02_T1,2025-07-25,155,,41.7780438246154,,,,0.6443022829174058,,
AWS,LC09_L2SP_114036_20250725_20250727_02_T1,2025-07-25,919,40.79794850000002,41.30228548914287,39.18213337979383,39.52697705643289,0.6365770515062588,0.5514151700800914,0.6531870499444118,0.6549244058646445
AWS,LC09_L2SP_114036_20250725_20250727_02_T1,2025-07-25,936,36.792029060000004,36.90358672228573,38.970137834639196,37.14850844000002,0.7583998997766929,0.776896921355157,0.6492967584867286,0.7229819606450559
AWS,LC09_L2SP_114036_20250725_20250727_02_T1,2025-07-25,935,41.609158580000006,41.26361303428574,39.967373723655925,38.28156400794232,0.2920053596862299,0.5099211272527331,0.5141076855616182,0.63305287265103
AWS,LC09_L2SP_114036_20250725_20250727_02_T1,2025-07-25,922,39.389724260000015,39.49112552000002,,,0.5887661684615152,0.5909722883287427,,
ASOS,LC09_L2SP_115034_20230609_20230611_02_T1,2023-06-09,101,35.60027942000003,35.507276723428596,34.88798049608249,33.97401841923936,0.42540409406959107,0.44625266151037957,0.4087107976825369,0.40805308676981217
ASOS,LC09_L2SP_115034_20230609_20230611_02_T1,2023-06-09,114,38.75397254000003,38.312689881714306,38.303673821046175,37.05107530098615,0.3829538326389972,0.36109783001016715,0.32756364356846707,0.3480208953103791
ASOS,LC09_L2SP_115034_20230609_20230611_02_T1,2023-06-09,212,38.902086739999994,38.98262180171431,35.722930975704244,32.96310730106385,0.2889808382645735,0.30234973756353406,0.3650157305846412,0.47298661461473446
ASOS,LC09_L2SP_115034_20230609_20230611_02_T1,2023-06-09,202,39.59822348000002,39.53028626342859,37.79622243686392,36.9979563593351,0.5340072063302944,0.4028211201756668,0.3363267200079572,0.38198590798486604
ASOS,LC09_L2SP_115034_20230609_20230611_02_T1,2023-06-09,221,,,,34.94321529639559,,,,0.3962491873629031
ASOS,LC09_L2SP_115034_20230609_20230611_02_T1,2023-06-09,203,33.80354024,34.11075992000002,34.05140972725412,34.533318358555974,0.6535694542207154,0.587692845890759,0.5303219642474751,0.5081340123319822
ASOS,LC09_L2SP_115034_20230609_20230611_02_T1,2023-06-09,272,33.00030554000002,33.364861787428595,34.48778242701033,34.13690042535931,0.5502392682443006,0.5506783875635323,0.4959609742088199,0.502100162419321
ASOS,LC09_L2SP_115034_20230609_20230611_02_T1,2023-06-09,136,40.268725070000045,40.28786598200002,37.7504909955046,35.918088684774666,0.37276749101155615,0.25755129893723516,0.4469096632706372,0.5418296110628114
ASOS,LC09_L2SP_115034_20230609_20230611_02_T1,2023-06-09,216,37.11560162000003,36.973607303428594,35.35749428804125,31.62020730883483,0.40798377200461156,0.35995570887416717,0.44473387188622954,0.5776245654526834
ASOS,LC09_L2SP_115034_20230609_20230611_02_T1,2023-06-09,106,30.39691364000002,30.395188353714307,31.884983465709297,32.063602009901764,0.4795381918758896,0.5385315008546457,0.46866690790891546,0.5231645910791392
ASOS,LC09_L2SP_115034_20230609_20230611_02_T1,2023-06-09,121,35.04086348000002,35.282761638285734,35.106092286257,35.431704934885516,0.4536029511337126,0.5999020377658975,0.5826680673701574,0.5529591960439355
ASOS,LC09_L2SP_115034_20230609_20230611_02_T1,2023-06-09,217,,,28.931450366573056,27.087575825142878,,,0.6387088451393033,0.7307463485627109
ASOS,LC09_L2SP_115034_20230609_20230611_02_T1,2023-06-09,232,38.375711660000015,37.435332976571445,36.53965346372416,35.58247591075988,0.3783604951772812,0.5277204459576684,0.5509531150302192,0.537909564854519
ASOS,LC09_L2SP_115034_20230609_20230611_02_T1,2023-06-09,93,36.07880222000002,35.578566854857165,35.04742543349059,33.71220659531753,0.3697766668398086,0.37630584493777125,0.3818806068317088,0.402232082592903
ASOS,LC09_L2SP_115034_20230609_20230611_02_T1,2023-06-09,119,,,,38.89117708212292,,,,0.27810212535341033
ASOS,LC09_L2SP_115034_20230609_20230611_02_T1,2023-06-09,271,34.413087139999995,34.488023159428586,31.812691677517584,30.07334626970569,0.4715979474741934,0.45413947790432113,0.5554610241296448,0.6508156577301677
ASOS,LC09_L2SP_115034_20230609_20230611_02_T1,2023-06-09,273,,,33.170223379191036,32.27340124321852,,,0.6718822466993052,0.6775045320302189
AWS,LC09_L2SP_115034_20230609_20230611_02_T1,2023-06-09,542,33.468574280000006,34.05559480057145,31.64636680308494,30.013987462526334,0.4956504804779725,0.5270398435272633,0.6359124174680333,0.6777512041354792
AWS,LC09_L2SP_115034_20230609_20230611_02_T1,2023-06-09,558,31.32547574000002,31.336218088571442,30.85675674536084,29.07383382491398,0.6222853598050014,0.521094948629579,0.6352350297027572,0.6984552770165897
AWS,LC09_L2SP_115034_20230609_20230611_02_T1,2023-06-09,623,39.76228844000004,39.57013061085716,39.81023750859225,38.299148893500984,0.35979860022196114,0.33375738995782883,0.3607650215157745,0.43373768217533937
AWS,LC09_L2SP_115034_20230609_20230611_02_T1,2023-06-09,403,41.808543080000014,42.237651076571446,35.98014658262297,36.41588467278517,0.2549003584821718,0.26816479167631174,0.40357970139403954,0.37551575001553794
AWS,LC09_L2SP_115034_20230609_20230611_02_T1,2023-06-09,407,37.74793532000001,37.04313959600002,36.42100820908369,35.53565007769398,0.352891647615122,0.5080966729518499,0.47793985815063905,0.5170952368560824
AWS,LC09_L2SP_115034_20230609_20230611_02_T1,2023-06-09,551,37.42094474000002,37.94947642785717,38.854869154367265,37.27738518647814,0.5839643607949258,0.45934555107191366,0.3465376098645559,0.3700441528270175
AWS,LC09_L2SP_115034_20230609_20230611_02_T1,2023-06-09,572,36.52086614000001,36.36471145485715,36.43691909896909,35.71157814519348,0.6374456929996885,0.3864663628490012,0.43412733629154493,0.4924279411654068
AWS,LC09_L2SP_115034_20230609_20230611_02_T1,2023-06-09,837,36.86152880000001,36.3903954337143,35.16014180680414,36.35719748635559,0.5018845811739138,0.5324713816791239,0.6254647145979905,0.5676748166244124
AWS,LC09_L2SP_115034_20230609_20230611_02_T1,2023-06-09,675,,,,25.979340221297733,,,,0.7913897317748136
AWS,LC09_L2SP_115034_20230609_20230611_02_T1,2023-06-09,413,37.349166320000016,37.59119468857144,38.04023671649487,37.44182032946517,0.25340006824187006,0.31172621311164483,0.21149630274386186,0.24703812312821266
AWS,LC09_L2SP_115034_20230609_20230611_02_T1,2023-06-09,561,34.04621966000004,33.530391613142875,31.540988695229377,,0.2522342743926979,0.41618362246224133,0.4737308608337625,
AWS,LC09_L2SP_115034_20230609_20230611_02_T1,2023-06-09,597,30.948354200000022,31.22068901257145,29.477693344948474,28.13443653564846,0.690328840229821,0.5283636560706357,0.6384171583153163,0.6902468651280163
AWS,LC09_L2SP_115034_20230609_20230611_02_T1,2023-06-09,525,33.18943598000002,32.985363909714295,32.06639420887437,29.347857355801125,0.285639876291936,0.36198123357755024,0.42887004675943846,0.6245334620928199
AWS,LC09_L2SP_115034_20230609_20230611_02_T1,2023-06-09,547,32.872699460000035,33.06261116171431,32.40879248515024,30.699726523790268,0.5415902328097008,0.48339907962015716,0.5564141557901932,0.6350666595602451
AWS,LC09_L2SP_115034_20230609_20230611_02_T1,2023-06-09,527,32.16972668000003,31.6748950417143,29.390077931418375,27.41816965188172,0.44826005352564335,0.39188324790003193,0.6094464643298153,0.7130107467436274
AWS,LC09_L2SP_115034_20230609_20230611_02_T1,2023-06-09,583,,30.268575127142878,28.279776860800016,26.469678583393524,,0.4201240967718315,0.6152213969455892,0.7041532739395133
AWS,LC09_L2SP_115034_20230609_20230611_02_T1,2023-06-09,520,,,,24.201626750452068,,,,0.8675478543773529
AWS,LC09_L2SP_115034_20230609_20230611_02_T1,2023-06-09,580,27.755923519999993,28.12298631542859,29.659780236288682,29.915369778711728,0.6325396701123491,0.7795239698173198,0.6027331464428085,0.5801282215646888
AWS,LC09_L2SP_115034_20230609_20230611_02_T1,2023-06-09,619,38.61269438000003,38.05399459657144,35.67910317322619,35.902506081203114,0.35757841487416986,0.31910570390928117,0.40132806291783324,0.48186602393486716
AWS,LC09_L2SP_115034_20230609_20230611_02_T1,2023-06-09,535,32.71660988000004,32.62500694400003,32.772627778422034,31.226752384736017,0.4422417673366273,0.5330860406458697,0.5196850003885699,0.5540362838500218
AWS,LC09_L2SP_115034_20230609_20230611_02_T1,2023-06-09,831,24.62843522000003,24.589730212571453,24.3619862703093,23.94216210484972,0.7651569413520241,0.7612308735808792,0.807546851207819,0.8527478653052387
AWS,LC09_L2SP_115034_20230609_20230611_02_T1,2023-06-09,325,35.55926318000004,35.14369705314288,33.001254990000014,31.910010367756364,0.38210449710511735,0.4399435110569554,0.5370578774626088,0.5970287677495674
AWS,LC09_L2SP_115034_20230609_20230611_02_T1,2023-06-09,563,,,,26.58315044209901,,,,0.7609758139128204
AWS,LC09_L2SP_115034_20230609_20230611_02_T1,2023-06-09,674,29.98561189999998,27.773925092000013,26.67871780505355,25.972164895454565,0.5321529027599659,0.6201835387418704,0.6730074267760359,0.7280961004662775
AWS,LC09_L2SP_115034_20230609_20230611_02_T1,2023-06-09,559,31.392696800000028,30.67723056758623,26.998116100650705,24.930902538950978,0.42152952619655354,0.5243997955007074,0.7091867680350279,0.7808826376569009
AWS,LC09_L2SP_115034_20230609_20230611_02_T1,2023-06-09,878,26.421756380000016,25.865237618857158,24.442977291752598,24.457457241975398,0.5339529951661623,0.6665740085444768,0.8237809224448003,0.8614616456103794
AWS,LC09_L2SP_115034_20230609_20230611_02_T1,2023-06-09,531,30.596298140000005,30.2188185217143,27.90191956556703,26.89604533224973,0.5290783406615309,0.5418964128877198,0.6708185921021992,0.7158952024990273
AWS,LC09_L2SP_115034_20230609_20230611_02_T1,2023-06-09,548,33.154116439999996,32.89926032375002,32.63275074076089,31.519682687230784,0.7766088258050967,0.5377444618086382,0.6290499070442176,0.6733380686456204
AWS,LC09_L2SP_115034_20230609_20230611_02_T1,2023-06-09,601,,,37.8992081780488,34.027741891097484,,,0.4042747212463718,0.537856565926089
AWS,LC09_L2SP_115034_20230609_20230611_02_T1,2023-06-09,600,42.290483900000005,42.1655796834286,37.07390412515466,33.25120428019438,0.26645319489904556,0.37633941866330467,0.4544041943725503,0.6201102587336761
AWS,LC09_L2SP_115034_20230609_20230611_02_T1,2023-06-09,516,37.614632540000024,37.668246625142885,36.419429642680434,35.42248044219531,0.49409736135486443,0.4863341316476594,0.4293834141864243,0.45100940657586297
AWS,LC09_L2SP_115034_20230609_20230611_02_T1,2023-06-09,978,31.16255012000003,31.413953629142874,29.783721635051563,27.962380228482242,0.6230879210136697,0.5248174454202744,0.610757854235348,0.6803598461382653
AWS,LC09_L2SP_115034_20230609_20230611_02_T1,2023-06-09,495,,,,35.68950327871289,,,,0.33372207109793706
AWS,LC09_L2SP_115034_20230609_20230611_02_T1,2023-06-09,526,35.83498346000001,35.20492844000002,31.699854577890928,31.050248472559385,0.3683971096839402,0.4452336934508605,0.6101438045097172,0.6417475254394334
AWS,LC09_L2SP_115034_20230609_20230611_02_T1,2023-06-09,596,30.909616640000024,30.617945600000017,28.200430560824763,27.013168431640445,0.751844479053342,0.7511029665459344,0.797041967774731,0.8365495587598953
AWS,LC09_L2SP_115034_20230609_20230611_02_T1,2023-06-09,582,35.91359792000001,35.482862294857156,33.45863379981653,30.494924294654844,0.5595524155039581,0.5056267277766509,0.5124939444066318,0.6293316170746844
AWS,LC09_L2SP_115034_20230609_20230611_02_T1,2023-06-09,591,31.01899328,30.229248365600018,24.983426528813578,24.135301506467616,0.4284994493891812,0.4837879625124739,0.8200835357921221,0.8564062247528914
AWS,LC09_L2SP_115034_20230609_20230611_02_T1,2023-06-09,676,,,,36.93254712434416,,,,0.4750137108109905
AWS,LC09_L2SP_115034_20230609_20230611_02_T1,2023-06-09,602,39.31110980000003,38.84306892800002,37.25088779233947,37.549661709202084,0.2626694249717499,0.24536579528322108,0.3660984076785199,0.3698617351798189
AWS,LC09_L2SP_115034_20230609_20230611_02_T1,2023-06-09,505,,,34.11323166678901,32.75817264086574,,,0.5240386539863762,0.5547459035370873
AWS,LC09_L2SP_115034_20230609_20230611_02_T1,2023-06-09,533,36.466177820000006,37.08776917142858,36.460708988000015,34.89591128000002,0.6240304464219312,0.43783440308458205,0.4689221961740267,0.5299370562697087
AWS,LC09_L2SP_115034_20230609_20230611_02_T1,2023-06-09,682,16.786358000000025,16.836879590857162,16.929734158296217,16.60695843828851,0.8295983668884422,0.8480046527908542,0.8372286242487782,0.8500964558567194
AWS,LC09_L2SP_115034_20230609_20230611_02_T1,2023-06-09,576,31.625122160000046,30.84539041657145,30.292635423902453,31.082577809155406,0.45249145352551023,0.5321962606960743,0.5802007317505643,0.5716376046408476
AWS,LC09_L2SP_115034_20230609_20230611_02_T1,2023-06-09,620,31.39383614000002,31.590055806666687,32.413522188163284,33.433221628401604,0.3071930882515065,0.5980159625431908,0.6011116237298764,0.5899126379278125
AWS,LC09_L2SP_115034_20230609_20230611_02_T1,2023-06-09,639,,,,27.758836699273626,,,,0.8243775285686279
AWS,LC09_L2SP_115034_20230609_20230611_02_T1,2023-06-09,579,28.830321140000024,28.645381843571442,27.767968336367733,,0.23413312185790028,0.4301004250055243,0.6434875411204429,
AWS,LC09_L2SP_115034_20230609_20230611_02_T1,2023-06-09,541,33.989252660000034,33.81486853485716,34.04741576896873,34.873957594609024,0.5216177018621768,0.45866827057838433,0.4356533560383826,0.42859920935562734
AWS,LC09_L2SP_115034_20230609_20230611_02_T1,2023-06-09,977,39.03197150000002,38.34862792057144,36.73489370391754,36.125725794285735,0.2916670048051732,0.3170875273919629,0.37515627794007456,0.39648478647668145
AWS,LC09_L2SP_115034_20230609_20230611_02_T1,2023-06-09,549,37.63058330000003,38.30087329828573,39.31545965134022,36.23849822879877,0.4642786216162981,0.4223875615145311,0.33575131910111994,0.43050019240565573
AWS,LC09_L2SP_115034_20230609_20230611_02_T1,2023-06-09,428,34.58968484000002,35.12982965771431,36.46520999354841,34.59786895916939,0.6563925985797755,0.5202551067035484,0.436748661304228,0.4985509853277585
AWS,LC09_L2SP_115034_20230609_20230611_02_T1,2023-06-09,586,,,,25.7973754988119,,,,0.8109337113914692
AWS,LC09_L2SP_115034_20230609_20230611_02_T1,2023-06-09,815,36.8330453,36.25474886857145,34.78666537175259,33.809448802116016,0.3984392376499106,0.3613677340497639,0.5031327185023687,0.5624267313469381
AWS,LC09_L2SP_115034_20230609_20230611_02_T1,2023-06-09,350,,,,23.13104645500002,,,,0.9051212578603752
AWS,LC09_L2SP_115034_20230609_20230611_02_T1,2023-06-09,876,37.000528280000026,37.04372554228573,36.21668193628868,34.68700593851705,0.4786867535128773,0.5043464038036772,0.4927242618091282,0.5253292137915058
AWS,LC09_L2SP_115034_20230609_20230611_02_T1,2023-06-09,371,38.12847488000002,37.736021078857156,35.61985570865981,34.60158870868024,0.3600081136335686,0.290067720892012,0.4486914905916148,0.4918030027699592
AWS,LC09_L2SP_115034_20230609_20230611_02_T1,2023-06-09,444,36.28844078000001,36.39029777600002,37.91504243525775,37.367923516117976,0.529720217188256,0.4495004089067575,0.3573785921956399,0.3844677980705245
AWS,LC09_L2SP_115034_20230609_20230611_02_T1,2023-06-09,364,38.358621559999996,37.63172264000002,35.844642342388084,35.78789822861974,0.39193865030826025,0.39241525329099436,0.4844215757123944,0.47351781705487284
AWS,LC09_L2SP_115034_20230609_20230611_02_T1,2023-06-09,573,,,33.095256665483895,31.51774344054056,,,0.5593165015079903,0.6198438391893283
AWS,LC09_L2SP_115034_20230609_20230611_02_T1,2023-06-09,696,38.71865300000004,38.20907504685717,34.17565025010311,32.28703987407757,0.39062779084365323,0.39159835106836155,0.6552274562617648,0.7102431622116837
AWS,LC09_L2SP_115034_20230609_20230611_02_T1,2023-06-09,660,27.831119960000006,28.208534473142876,26.20862541010311,24.646888744334404,0.4779296479542137,0.5997442793460991,0.7504526836102904,0.8063217736671333
AWS,LC09_L2SP_115034_20230609_20230611_02_T1,2023-06-09,622,39.390863600000024,39.22168788628573,33.973142708152444,31.992099576315805,0.5154512709587865,0.4489105848320122,0.5826226517786695,0.6629496000866197
AWS,LC09_L2SP_115034_20230609_20230611_02_T1,2023-06-09,621,35.52280430000002,35.22074898971431,32.242883909634486,29.509438069268313,0.4994464741072579,0.6155856233116812,0.7341698616374378,0.7770128740500288
AWS,LC09_L2SP_115034_20230609_20230611_02_T1,2023-06-09,603,40.67034242000003,40.63118167657145,36.436004408763026,34.79961020325767,0.36770127727491525,0.30306293822328584,0.5006221495241192,0.5927563671508782
AWS,LC09_L2SP_115034_20230609_20230611_02_T1,2023-06-09,877,31.988571620000016,31.93110615875002,30.995258967653086,31.200897606390885,0.5131028753450521,0.5682128775407917,0.6572154781350471,0.6165351338623845
AWS,LC09_L2SP_115034_20230609_20230611_02_T1,2023-06-09,838,,,,28.90670845198589,,,,0.7757623003011691
AWS,LC09_L2SP_115034_20230609_20230611_02_T1,2023-06-09,839,37.71603380000003,37.72605999200002,37.48138307400348,35.992211746329275,0.2628102062673123,0.32942067393118407,0.34939372297681254,0.47718415644485096
AWS,LC09_L2SP_115034_20230609_20230611_02_T1,2023-06-09,593,27.710349920000017,28.561875107692337,27.81115546794287,26.897151079407536,0.5018366027948146,0.5839850088935553,0.7948145869762727,0.8458933981140098
AWS,LC09_L2SP_115034_20230609_20230611_02_T1,2023-06-09,497,26.678107880000045,26.53253278057144,24.235905774305415,23.722056643094295,0.6351604819040949,0.6761832479466516,0.8454261049850864,0.8611611901457468
AWS,LC09_L2SP_115034_20230609_20230611_02_T1,2023-06-09,522,28.389396560000005,28.08988035028573,27.27922272883723,27.919729600915257,0.536348815064919,0.7000526897289903,0.6899985928310542,0.6506289027966183
AWS,LC09_L2SP_115034_20230609_20230611_02_T1,2023-06-09,677,35.25278072000003,35.142525160571445,30.788047737186062,28.824310220371405,0.7450073107140677,0.5682206160900773,0.7381502020233022,0.8124065065889094
AWS,LC09_L2SP_115034_20230609_20230611_02_T1,2023-06-09,588,32.70977384000005,32.84034220400002,31.381865008632097,30.16023237766566,0.3700621071856561,0.32025873173671254,0.5439461042396248,0.6000365221800275
AWS,LC09_L2SP_115034_20230609_20230611_02_T1,2023-06-09,814,32.67673298000003,32.97188714514288,32.259339098969086,30.40629499222324,0.45120525829509717,0.5784763262057041,0.5802546012786266,0.6566683252140841
AWS,LC09_L2SP_115034_20230609_20230611_02_T1,2023-06-09,818,31.267369400000046,30.29538216971431,28.166070258969093,28.627427391708206,0.6282451185075121,0.6643299917819886,0.7866444034030357,0.7693771664278088
AWS,LC09_L2SP_115034_20230609_20230611_02_T1,2023-06-09,581,32.50469264000001,32.1397457617143,28.720489907628625,25.892314122750246,0.4387325367216346,0.4544983050503566,0.6333150242553486,0.7385791190092603
AWS,LC09_L2SP_115034_20230609_20230611_02_T1,2023-06-09,617,42.601523720000046,42.54009701771432,38.28683922474229,37.87072156740403,0.36738854531583015,0.3342085627214002,0.39017270526191283,0.4315133009480003
AWS,LC09_L2SP_115034_20230609_20230611_02_T1,2023-06-09,349,28.17975800000001,28.357169514285733,28.70872106536084,28.482920891394787,0.5386740153283686,0.7157169266431437,0.649453030229706,0.68415211629419
AWS,LC09_L2SP_115034_20230609_20230611_02_T1,2023-06-09,569,34.53271784000003,34.919767914285735,34.971180973945685,35.408030643143675,0.5007924044941516,0.49715361450847756,0.4555173429150817,0.40724664438441815
AWS,LC09_L2SP_115034_20230609_20230611_02_T1,2023-06-09,324,30.991649119999995,30.218942030000015,28.11643960462688,29.514206964059216,0.5134454471061928,0.5184283989568172,0.4931139083172293,0.5893644896759856
AWS,LC09_L2SP_115034_20230609_20230611_02_T1,2023-06-09,402,37.42094474,37.045092750285725,35.14688865938146,35.793747324439366,0.3876494216472972,0.3435488898009066,0.4287975371335745,0.42401180148125867
AWS,LC09_L2SP_115034_20230609_20230611_02_T1,2023-06-09,409,40.987078940000025,40.72688623657145,40.045114912783525,39.13978765550141,0.2677128528626526,0.2363101135356671,0.20352474791659142,0.2286307166145962
AWS,LC09_L2SP_115034_20230609_20230611_02_T1,2023-06-09,550,36.443391020000014,35.74126460685717,34.063713031546406,34.30509058506144,0.4332275747131633,0.39793387970139116,0.49609955300380243,0.49518496507249604
AWS,LC09_L2SP_115034_20230609_20230611_02_T1,2023-06-09,347,28.30736408000003,28.70844431257145,29.244401322715422,28.48087258313519,0.6789859986396208,0.6933840763469259,0.7314441110380617,0.7393705568795177
ASOS,LC09_L2SP_115034_20240611_20240612_02_T1,2024-06-11,101,36.24172784000003,36.37037560228573,36.09969639735539,35.705594954127264,0.44063600490059124,0.4470115709677257,0.41991513393783225,0.3789538949737617
ASOS,LC09_L2SP_115034_20240611_20240612_02_T1,2024-06-11,114,38.98525856000001,38.71621155714288,37.92345632412373,37.72164093029629,0.3859637523609368,0.3864395635999533,0.34900138932250147,0.3577998359035217
ASOS,LC09_L2SP_115034_20240611_20240612_02_T1,2024-06-11,212,37.88123810000002,38.33446755200002,35.461405228247436,32.56563281507589,0.3809823518625864,0.3716064519864722,0.40124070004562173,0.5009134592870684
ASOS,LC09_L2SP_115034_20240611_20240612_02_T1,2024-06-11,127,40.42310564000004,40.59573192628573,39.042084610721666,38.29241426144291,0.582310231218336,0.39324867982083855,0.4890833624186073,0.5185363639445152
ASOS,LC09_L2SP_115034_20240611_20240612_02_T1,2024-06-11,221,,,34.00899860082761,31.848994854090925,,,0.4359142641254879,0.4948850443990069
ASOS,LC09_L2SP_115034_20240611_20240612_02_T1,2024-06-11,203,38.76650528000001,38.85420190742859,37.34696986041239,36.279283656850865,0.503243614329877,0.5089775674743248,0.4999133662269703,0.5236804460346466
ASOS,LC09_L2SP_115034_20240611_20240612_02_T1,2024-06-11,272,36.869504180000014,37.2517364737143,37.44270574247425,36.81610263248785,0.5280000871959433,0.462693613562022,0.48109788909566314,0.4815372278731386
ASOS,LC09_L2SP_115034_20240611_20240612_02_T1,2024-06-11,136,40.79339114000004,41.087853563000024,39.560571889694515,38.846861154971165,0.4134322605953422,0.29882247285002084,0.43769660269641236,0.4691481497445918
ASOS,LC09_L2SP_115034_20240611_20240612_02_T1,2024-06-11,216,35.71421342000002,35.62339174571431,34.11334283855672,30.954565282817082,0.41924049698696847,0.38817975540008154,0.45840658885375907,0.5755578707413329
ASOS,LC09_L2SP_115034_20240611_20240612_02_T1,2024-06-11,95,37.99631144000002,38.29110752685717,37.654113998969095,35.89419815308332,0.37350967854034717,0.3336050095040667,0.3710906459700355,0.4543934502745754
ASOS,LC09_L2SP_115034_20240611_20240612_02_T1,2024-06-11,106,37.53715742000001,37.46814596857145,38.7802225569587,38.09505040791292,0.44025863517682023,0.4884174766747835,0.46792024894824513,0.48800057390644336
ASOS,LC09_L2SP_115034_20240611_20240612_02_T1,2024-06-11,121,30.187275080000024,30.71863070342858,30.821315832371152,30.430364716913896,0.4900500770408183,0.6101475870822781,0.5868099313246805,0.5943436839131417
ASOS,LC09_L2SP_115034_20240611_20240612_02_T1,2024-06-11,232,39.30541310000003,38.132413741142884,37.302013359034504,36.50900645150219,0.4126262280331979,0.5433543582151629,0.5714101921258955,0.5648309584593294
ASOS,LC09_L2SP_115034_20240611_20240612_02_T1,2024-06-11,93,38.18885990000001,37.827233384000024,36.34879839319589,35.067903994240716,0.36507167431675364,0.3605129773588809,0.38840170661842877,0.40408612334428906
ASOS,LC09_L2SP_115034_20240611_20240612_02_T1,2024-06-11,271,37.442592200000014,36.99255290000001,34.56368361340208,32.51623053688522,0.491634156910474,0.41252548733021077,0.5431928955617656,0.6257276205364319
ASOS,LC09_L2SP_115034_20240611_20240612_02_T1,2024-06-11,273,39.10261058000003,38.849026048571446,34.894444586597956,34.49595398350417,0.6009899139001708,0.5824395256435678,0.6810912810630675,0.6938456946201826
ASOS,LC09_L2SP_115034_20240611_20240612_02_T1,2024-06-11,217,37.04382320000004,36.557487782857166,32.45591902220672,29.535489293419374,0.425798129042572,0.3472711463512582,0.4981650679718423,0.6163515287541271
AWS,LC09_L2SP_115034_20240611_20240612_02_T1,2024-06-11,558,30.543888500000037,30.542260871428596,29.906636063436142,28.44554636565497,0.6636581560107687,0.5453075888887321,0.6415064613207292,0.6995255485358636
AWS,LC09_L2SP_115034_20240611_20240612_02_T1,2024-06-11,623,39.11742200000001,38.59804572285716,38.786085483917546,35.90980479521903,0.37507511446345326,0.3507632204952287,0.40326888185230136,0.5152844281019137
AWS,LC09_L2SP_115034_20240611_20240612_02_T1,2024-06-11,551,37.46423966000001,38.01673817857144,39.47160124694791,38.05611373117597,0.6077430761221206,0.49950793958828577,0.3648513143151412,0.37904644712393626
AWS,LC09_L2SP_115034_20240611_20240612_02_T1,2024-06-11,572,38.78929208000002,38.622557809142876,38.54352743690723,37.806823508834825,0.5628333018418641,0.41862007587268507,0.4406864945935671,0.4894948696265457
AWS,LC09_L2SP_115034_20240611_20240612_02_T1,2024-06-11,837,33.76936004000002,33.56525541714287,33.184087737938164,34.35864508444319,0.5203918627527396,0.5446770453000896,0.6107752749685331,0.5582080808631917
AWS,LC09_L2SP_115034_20240611_20240612_02_T1,2024-06-11,587,31.09646840000001,30.52800284514288,28.2020460853381,27.1152234943211,0.5151762137861132,0.48781274002963965,0.6836402323860312,0.7424145301795266
AWS,LC09_L2SP_115034_20240611_20240612_02_T1,2024-06-11,820,34.77995462000001,33.92639364457144,31.756113315228934,32.096933408456074,0.4785439463926027,0.5892025340491818,0.6868523161447754,0.6799996252274446
AWS,LC09_L2SP_115034_20240611_20240612_02_T1,2024-06-11,831,25.112654720000005,25.073428871428586,24.92479282350517,24.540526968239355,0.7605784062661051,0.753804411995776,0.7845316740506291,0.8221229101957053
AWS,LC09_L2SP_115034_20240611_20240612_02_T1,2024-06-11,560,35.889671780000015,36.03404243428573,36.91418648209,34.507158531089274,0.6733516799724981,0.5108537942448732,0.4410927954527349,0.5691131118562797
AWS,LC09_L2SP_115034_20240611_20240612_02_T1,2024-06-11,597,33.24982100000002,33.40363190000002,31.86389023752579,30.609134877961655,0.7289651774124355,0.5944590253692593,0.64372622533443,0.6878675458050215
AWS,LC09_L2SP_115034_20240611_20240612_02_T1,2024-06-11,563,,,,26.121098551175713,,,,0.7239933334050029
AWS,LC09_L2SP_115034_20240611_20240612_02_T1,2024-06-11,546,36.72708668000001,36.30465196057145,33.52683996825177,32.73211467849868,0.47662981718261804,0.5521123561836847,0.6817835991468912,0.7055787523957741
AWS,LC09_L2SP_115034_20240611_20240612_02_T1,2024-06-11,594,37.075724720000004,37.126929914857165,35.12952057608249,32.89700070478101,0.31757542218667495,0.33903743960910343,0.495518137226647,0.5752210772134453
AWS,LC09_L2SP_115034_20240611_20240612_02_T1,2024-06-11,559,31.941858680000013,31.97206746628573,30.00236137257734,27.73727237406737,0.5177159363243923,0.6058042560515758,0.682126695488794,0.7758749481933548
AWS,LC09_L2SP_115034_20240611_20240612_02_T1,2024-06-11,495,,,,36.41516438710918,,,,0.35589277614007997
AWS,LC09_L2SP_115034_20240611_20240612_02_T1,2024-06-11,972,37.19079806000002,37.82062521200001,,33.62260903017634,0.4770279993743156,0.4164643046969406,,0.6462575083038875
AWS,LC09_L2SP_115034_20240611_20240612_02_T1,2024-06-11,591,32.67559364000001,30.16657164457144,25.30272873711342,24.56438950351562,0.44065664939378024,0.5302293587225662,0.7913239483678721,0.8255323484698012
AWS,LC09_L2SP_115034_20240611_20240612_02_T1,2024-06-11,582,34.304849839999996,33.941432932571445,32.57727368783507,30.682520563133284,0.5951796239007358,0.5455757125707704,0.5306290419533596,0.6138377454784344
AWS,LC09_L2SP_115034_20240611_20240612_02_T1,2024-06-11,596,36.01841720000002,35.732670728000016,32.86694794639177,31.848925981242505,0.7110453759419494,0.7174849483191341,0.7830357335046908,0.8223137016496325
AWS,LC09_L2SP_115034_20240611_20240612_02_T1,2024-06-11,592,,,,28.43244328639565,,,,0.7150447280391976
AWS,LC09_L2SP_115034_20240611_20240612_02_T1,2024-06-11,676,38.058975139999994,37.567854494857166,34.47066883546394,34.9150607997661,0.5615216835275209,0.4953775351589757,0.6120127991633244,0.6029976661130227
AWS,LC09_L2SP_115034_20240611_20240612_02_T1,2024-06-11,602,37.45512494000002,37.035717609714304,35.85973571938146,36.572555252642445,0.327059566534136,0.30324053467680084,0.3882048529198699,0.393711231298368
AWS,LC09_L2SP_115034_20240611_20240612_02_T1,2024-06-11,505,31.610310740000028,31.921871401142887,33.99171727395836,32.71914600067209,0.6239591626851881,0.6478317678484813,0.5689169292827004,0.5923403769058907
AWS,LC09_L2SP_115034_20240611_20240612_02_T1,2024-06-11,533,37.345748300000004,37.918836320000004,36.859453713402075,36.10325513758375,0.6484910692101581,0.5451845543401287,0.5068518216053138,0.5350905503622488
AWS,LC09_L2SP_115034_20240611_20240612_02_T1,2024-06-11,682,22.71092600000003,22.711967682285735,22.639394241237135,22.237808602774887,0.8258246473425807,0.8403228381775409,0.8333993411229792,0.8451401866359325
AWS,LC09_L2SP_115034_20240611_20240612_02_T1,2024-06-11,576,37.46879702000001,36.206310642285736,33.96938664226806,33.40638843087319,0.5034073795029311,0.524632945688803,0.5653472511377617,0.6175154626973253
AWS,LC09_L2SP_115034_20240611_20240612_02_T1,2024-06-11,539,,,,31.77141687310028,,,,0.6407436449444218
AWS,LC09_L2SP_115034_20240611_20240612_02_T1,2024-06-11,620,32.75762612,33.08722090571431,33.859919951340224,33.9615527221833,0.39576905739137275,0.5696153254385534,0.573881398512618,0.6052947403044417
AWS,LC09_L2SP_115034_20240611_20240612_02_T1,2024-06-11,639,36.53681690000004,36.29488618914287,32.12199411326089,30.043002517714637,0.5935423324450367,0.6264148416519735,0.7522825392491358,0.8010024848269267
AWS,LC09_L2SP_115034_20240611_20240612_02_T1,2024-06-11,579,30.08701316000001,29.96764288057145,28.359444838350537,27.73652803671877,0.3225117091530107,0.4750174894630333,0.6719679957118952,0.7119780532044234
AWS,LC09_L2SP_115034_20240611_20240612_02_T1,2024-06-11,678,,,26.160088975454567,26.175743052349013,,,0.8060284683204112,0.819153029308589
AWS,LC09_L2SP_115034_20240611_20240612_02_T1,2024-06-11,586,,,,26.543471290092782,,,,0.783326698300947
AWS,LC09_L2SP_115034_20240611_20240612_02_T1,2024-06-11,428,34.29459578000003,34.733339337714305,35.583858829072184,35.00103030985479,0.6152390657174623,0.5247550372059243,0.44964412373927837,0.457128456427995
AWS,LC09_L2SP_115034_20240611_20240612_02_T1,2024-06-11,977,39.525305720000006,38.77236474285716,36.45202024804126,35.64157193282567,0.2905387978267952,0.3150516661309131,0.36780682978801044,0.40507879193406904
AWS,LC09_L2SP_115034_20240611_20240612_02_T1,2024-06-11,568,33.65998340000002,34.2138002977143,35.67413684185569,33.50383282470085,0.5740601781742044,0.5521428269969993,0.5391178860049769,0.6166649982738374
AWS,LC09_L2SP_115034_20240611_20240612_02_T1,2024-06-11,835,37.33891226000001,36.58219518457145,35.191456496647554,33.59008028901471,0.3616607115044706,0.447509705485387,0.4839215179859021,0.5285155928856702
AWS,LC09_L2SP_115034_20240611_20240612_02_T1,2024-06-11,849,35.57293526000001,35.28324992685715,35.27626443587631,33.806303620612674,0.36792753484227037,0.5407493512116108,0.564020541133954,0.6247422754140046
AWS,LC09_L2SP_115034_20240611_20240612_02_T1,2024-06-11,350,31.792605140000017,30.769901003428593,28.555517030309296,27.786400294188397,0.5207857134396913,0.7150500751355787,0.8417600943571029,0.8705679918212331
AWS,LC09_L2SP_115034_20240611_20240612_02_T1,2024-06-11,371,39.79874732000002,39.4127063754286,37.4534687859794,36.500430431531655,0.37794409474648577,0.3244917587824803,0.4595947937233737,0.5013244372819937
AWS,LC09_L2SP_115034_20240611_20240612_02_T1,2024-06-11,364,40.043705420000016,39.63116668228573,37.72024270206188,37.27933032881326,0.40456458823492186,0.416737136359481,0.4799896411307374,0.49548768146264566
AWS,LC09_L2SP_115034_20240611_20240612_02_T1,2024-06-11,444,32.04781730000002,32.042576336000025,34.03438638822787,35.62764368127031,0.48554032901722816,0.443204713754896,0.38880864142597243,0.4075969062601016
AWS,LC09_L2SP_115034_20240611_20240612_02_T1,2024-06-11,599,35.71991012000001,34.73255807600001,30.58608836530037,29.28868501067221,0.5210773569011765,0.5385375770330008,0.6930378694833111,0.7433201392100311
AWS,LC09_L2SP_115034_20240611_20240612_02_T1,2024-06-11,573,33.74030686999998,32.78155226000002,31.98800975369865,30.754017743996926,0.6305015944774055,0.507837207612489,0.568095856501138,0.6094396815285591
AWS,LC09_L2SP_115034_20240611_20240612_02_T1,2024-06-11,696,41.66270756000002,40.44983130114287,34.593114605773216,32.84554546181508,0.45633268850269104,0.4531439661486324,0.656059770304049,0.7031673466976802
AWS,LC09_L2SP_115034_20240611_20240612_02_T1,2024-06-11,660,33.52098392000001,33.16642131200002,30.275489751958784,28.482829942095638,0.4877519156777173,0.5793249704932187,0.724932853628035,0.7896783287560816
AWS,LC09_L2SP_115034_20240611_20240612_02_T1,2024-06-11,622,45.505701380000026,44.596377849714294,36.44929131340208,33.04895630391643,0.5037223176035242,0.43086307564975407,0.5924490456447593,0.6935684042145644
AWS,LC09_L2SP_115034_20240611_20240612_02_T1,2024-06-11,621,30.281840300000038,30.429351320000023,28.917407007667183,27.494168127480936,0.5988099658920722,0.6534748641598959,0.7268385675629024,0.7750288132717056
AWS,LC09_L2SP_115034_20240611_20240612_02_T1,2024-06-11,630,34.905282020000016,34.988811918285734,34.398271804742286,33.19429701178359,0.5710067963073723,0.5055903761357392,0.576285390020085,0.6568371165997406
AWS,LC09_L2SP_115034_20240611_20240612_02_T1,2024-06-11,603,40.42766300000002,40.37258404914288,36.46135030721651,34.9032737416204,0.3618482904532088,0.3750712381486888,0.5301993743874122,0.6106510395101002
AWS,LC09_L2SP_115034_20240611_20240612_02_T1,2024-06-11,323,,,30.68679295079454,29.2004480058512,,,0.44954299925659724,0.5634771583826871
AWS,LC09_L2SP_115034_20240611_20240612_02_T1,2024-06-11,504,39.65063312000001,39.45089054171431,37.934826232577336,37.65340629914184,0.27285899612696835,0.3338317768248963,0.3795832653337855,0.3972573430621563
AWS,LC09_L2SP_115034_20240611_20240612_02_T1,2024-06-11,877,31.203566360000007,30.674196443428595,30.51378470909838,30.906925998990147,0.5984135596407189,0.5782278563530276,0.6314229194245937,0.5932883112256261
AWS,LC09_L2SP_115034_20240611_20240612_02_T1,2024-06-11,588,37.35600236000005,36.731416172000024,33.926933502680434,32.33640465210696,0.400305633059513,0.4015981370069631,0.5887105564868008,0.6398738908109904
AWS,LC09_L2SP_115034_20240611_20240612_02_T1,2024-06-11,581,30.711371480000007,30.02926489828573,27.18111027548389,22.959418566799375,0.41453535627676846,0.44526189076724554,0.6020234293978087,0.7152588255310274
AWS,LC09_L2SP_115034_20240611_20240612_02_T1,2024-06-11,522,28.375724480000013,28.196913205142874,27.880440413902456,28.661812043885053,0.6066532710160134,0.718564274552369,0.7049528371582203,0.6591030250200896
AWS,LC09_L2SP_115034_20240611_20240612_02_T1,2024-06-11,497,31.43827040000002,31.183481423428592,28.978567456349044,28.2111741967438,0.6562729876946966,0.6857618240912303,0.8084350593944793,0.8341174323088036
AWS,LC09_L2SP_115034_20240611_20240612_02_T1,2024-06-11,818,35.45216522000002,34.31829405200002,31.66478372082476,31.8553021101632,0.5688216653000325,0.6388448034052742,0.7824625935488472,0.7817810054603563
AWS,LC09_L2SP_115034_20240611_20240612_02_T1,2024-06-11,819,38.00770484000003,37.11101170742859,31.888928310721667,30.35791187576297,0.3452720050315005,0.39820950958843837,0.6784109781327154,0.7395265805718227
AWS,LC09_L2SP_115034_20240611_20240612_02_T1,2024-06-11,838,34.534996520000014,34.61663836914287,32.607421172371154,29.791948237177234,0.6650411715171686,0.6121348419253694,0.7206936071223671,0.8029535142773809
AWS,LC09_L2SP_115034_20240611_20240612_02_T1,2024-06-11,839,39.887615840000024,39.910858376000014,38.138201782686586,35.707725058252166,0.2769850226400415,0.345623694344217,0.39635247852623123,0.5441710765029331
AWS,LC09_L2SP_115034_20240611_20240612_02_T1,2024-06-11,593,32.023891160000026,31.01404528914287,31.453906626564,31.573702731727767,0.5468207314096044,0.48302422338585993,0.7094517893596448,0.8096559363092315
AWS,LC09_L2SP_115034_20240611_20240612_02_T1,2024-06-11,677,39.196036460000016,38.965531701714305,34.33003669298971,32.803563827696756,0.7216049987950113,0.566980631793031,0.7133375082422191,0.7921223039394104
AWS,LC09_L2SP_115034_20240611_20240612_02_T1,2024-06-11,640,35.01921602000001,35.13275938914287,33.322065335670125,32.64823675905527,0.44439486955429724,0.45519335084450246,0.5945214155346276,0.6521082208633883
AWS,LC09_L2SP_115034_20240611_20240612_02_T1,2024-06-11,557,,,,24.876085798082595,,,,0.7922397394538782
AWS,LC09_L2SP_115034_20240611_20240612_02_T1,2024-06-11,569,,,36.718067629771014,37.59477562269518,,,0.49256799984080796,0.41818720727476977
AWS,LC09_L2SP_115034_20240611_20240612_02_T1,2024-06-11,324,,,28.749164451601445,29.620295235081258,,,0.5747144201524511,0.6638983180527499
AWS,LC09_L2SP_115034_20240611_20240612_02_T1,2024-06-11,638,36.54251360000003,36.77028394228573,33.365552712941195,33.21692001264727,0.5038958915678543,0.5014439366428458,0.5819361119700659,0.5497760814254983
AWS,LC09_L2SP_115034_20240611_20240612_02_T1,2024-06-11,550,39.033110840000006,38.212102436000016,36.33081169917528,36.32185570463761,0.4657041371724551,0.4405044807838724,0.5204407922351837,0.5124629296390475
AWS,LC09_L2SP_115034_20240611_20240612_02_T1,2024-06-11,601,37.528042700000015,37.17429390628573,32.12919201670105,30.689761515600477,0.361405227536663,0.41833856999559454,0.4994525528720022,0.6002896798638501
AWS,LC09_L2SP_115034_20240611_20240612_02_T1,2024-06-11,552,34.59993890000002,34.328157481142874,29.933476328041255,28.70129161890068,0.5143691057598757,0.5116480372820997,0.6787506483950478,0.7204659148689515
AWS,LC09_L2SP_115034_20240611_20240612_02_T1,2024-06-11,531,33.30564866000003,32.80361402545457,29.89900718055972,28.51136494479447,0.5948948950756507,0.586833972005315,0.679250953860232,0.7061064863604871
AWS,LC09_L2SP_115034_20240611_20240612_02_T1,2024-06-11,534,37.89604952000002,38.01737295371431,38.18193772432991,37.58725902397369,0.5553884169684903,0.5500197794173676,0.46568145433743374,0.47715457437577025
AWS,LC09_L2SP_115034_20240611_20240612_02_T1,2024-06-11,617,36.52770218000004,36.94108728457146,37.65533555938146,37.3718816870026,0.37143934450414307,0.39144261293058225,0.4530017961186542,0.4389016020270335
AWS,LC09_L2SP_115034_20240611_20240612_02_T1,2024-06-11,520,,,,30.374987428854386,,,,0.8553010353092971
AWS,LC09_L2SP_115034_20240611_20240612_02_T1,2024-06-11,876,34.1271128,34.12190438857145,33.60262487422682,32.04494495135347,0.5115733283075955,0.5069908916609571,0.477405972493208,0.5140556083001807
AWS,LC09_L2SP_115034_20240611_20240612_02_T1,2024-06-11,619,32.22897236000002,32.831748325142875,34.52293145668124,34.61081429825552,0.31058165679618094,0.35932121428455177,0.4405904783411899,0.5277267237955342
AWS,LC09_L2SP_115034_20240611_20240612_02_T1,2024-06-11,535,33.40021388,33.62033436800002,33.45687738768561,31.49128545622512,0.5158136986304988,0.54545752148797,0.4852410122377555,0.4988384312597673
AWS,LC09_L2SP_115034_20240611_20240612_02_T1,2024-06-11,555,,,,27.33422078963893,,,,0.714374822559234
AWS,LC09_L2SP_115034_20240611_20240612_02_T1,2024-06-11,600,38.719792340000005,38.94521889714287,37.18701200577322,33.76254454921846,0.5342799496556032,0.5001335878778574,0.5035385467664646,0.6413033270727926
AWS,LC09_L2SP_115034_20240611_20240612_02_T1,2024-06-11,580,30.86860040000003,31.212192791428592,32.87042078000002,33.00552797708562,0.5970155201389696,0.7354574584183649,0.5924670260479888,0.5742315898093726
AWS,LC09_L2SP_115034_20240611_20240612_02_T1,2024-06-11,541,34.956552320000036,34.719374284571444,35.308180087956224,35.50314330797843,0.510335326581855,0.45541622466211507,0.48004727956262455,0.4710271661944145
AWS,LC09_L2SP_115034_20240611_20240612_02_T1,2024-06-11,527,33.35464028000001,32.92960135485716,28.83915396144332,26.562634645685677,0.3867420136470385,0.3635585008154621,0.5941344198555994,0.6902470505396333
AWS,LC09_L2SP_115034_20240611_20240612_02_T1,2024-06-11,525,,,34.76682176961834,31.528557690161303,,,0.4420551235498846,0.621811032640033
AWS,LC09_L2SP_115034_20240611_20240612_02_T1,2024-06-11,519,,,,32.03091291807231,,,,0.6684129895660426
AWS,LC09_L2SP_115034_20240611_20240612_02_T1,2024-06-11,878,28.937419100000017,28.582075230285735,27.12963106268043,26.96950917073578,0.5622786271338379,0.6737333362078358,0.8070811226783358,0.8438926593656568
AWS,LC09_L2SP_115034_20240611_20240612_02_T1,2024-06-11,325,33.41160728,33.05255241714287,30.22399699110573,29.44911624632371,0.4419982021136839,0.45896567905701224,0.5393626110078932,0.5927217287446024
AWS,LC09_L2SP_115034_20240611_20240612_02_T1,2024-06-11,347,29.80787486000001,30.30055802857145,30.134830202680437,29.704960153542704,0.7279156111783819,0.7043540859797665,0.6818994655160506,0.7088004663946174
AWS,LC09_L2SP_115034_20240611_20240612_02_T1,2024-06-11,814,36.890012300000045,36.859347777714305,35.10575887690723,32.749709778230766,0.47295158422905,0.55727408151153,0.5605382765418145,0.6434453813266187
AWS,LC09_L2SP_115034_20240611_20240612_02_T1,2024-06-11,400,39.278068940000026,39.03369678628574,37.50592932432991,38.845862447466374,0.5292374589301785,0.44991515704814883,0.5043744010069703,0.4471547201273249
AWS,LC09_L2SP_115034_20240611_20240612_02_T1,2024-06-11,402,40.39120412000002,39.4761838897143,37.54202800061857,37.91971504372175,0.4041205793053349,0.3553710924818044,0.4324175942436743,0.4253971551732293
AWS,LC09_L2SP_115034_20240611_20240612_02_T1,2024-06-11,815,38.74827584000002,37.8964727034286,36.15575269546393,34.89192169310848,0.3710263421956237,0.37802276694388576,0.5079498393031294,0.557460667855257
AWS,LC09_L2SP_115034_20240611_20240612_02_T1,2024-06-11,548,31.72082672000003,32.05009598000003,33.40590401698159,33.873583066712776,0.6164897917044113,0.5020818640947292,0.5720814555061257,0.5785346384512465
AWS,LC09_L2SP_115034_20240611_20240612_02_T1,2024-06-11,516,39.21882326000002,39.36221733714287,38.22783629072167,36.94703435957889,0.5250207251419314,0.5030729315250719,0.4308276374222159,0.4587402809946459
AWS,LC09_L2SP_115034_20240611_20240612_02_T1,2024-06-11,498,28.472568380000002,27.423659423428585,25.271265725979397,25.037725093661628,0.6874773895940568,0.8130121048585204,0.8641104990709395,0.8706961457803035
AWS,LC09_L2SP_115034_20240611_20240612_02_T1,2024-06-11,549,38.48736698000001,39.16807380114289,40.34795226783507,37.91877169974221,0.5258430502105895,0.4650393564259274,0.36745159407263056,0.444448128284769
AWS,LC09_L2SP_115034_20240611_20240612_02_T1,2024-06-11,403,45.02262122000002,45.101951836571466,38.630557319021,38.84369670189133,0.27297990377235626,0.29796211716082066,0.40795087625288506,0.3731547947771119
AWS,LC09_L2SP_115034_20240611_20240612_02_T1,2024-06-11,681,34.54411124000004,34.50999614514288,33.689465290721664,30.41790482972232,0.4568386725733952,0.534227684057461,0.5545966286960179,0.6605631236943817
AWS,LC09_L2SP_115034_20240611_20240612_02_T1,2024-06-11,413,40.28980285999999,40.54114126400002,40.926894467091856,40.99787533175099,0.3618257970233805,0.29893128032741884,0.21031251610431878,0.2341994673191451
ASOS,LC09_L2SP_115034_20240814_20240815_02_T1,2024-08-14,101,44.79133520000001,45.447953118285746,45.511037876288675,44.29587465360467,0.5847952509336731,0.5592325710461341,0.5149541907032656,0.48757456402813515
ASOS,LC09_L2SP_115034_20240814_20240815_02_T1,2024-08-14,114,48.906631280000035,48.33061352857146,48.141033952577345,46.839549517847146,0.47152848228278593,0.42179354441373484,0.37435226832930596,0.395269541884409
ASOS,LC09_L2SP_115034_20240814_20240815_02_T1,2024-08-14,212,47.95300370000001,48.192525520571444,44.684827063419824,41.279696075053025,0.39145081893851286,0.3735487114237479,0.42603601849483597,0.5540573250133537
ASOS,LC09_L2SP_115034_20240814_20240815_02_T1,2024-08-14,202,43.097136620000015,43.25522004500002,40.981510255730356,,0.603693473136362,0.475321404638643,0.4908113159243754,
ASOS,LC09_L2SP_115034_20240814_20240815_02_T1,2024-08-14,221,43.95164162000001,43.025455857714306,39.83269886352942,38.62202907646755,0.5046407069671246,0.5287440651210943,0.6466516195922167,0.6743621417601673
ASOS,LC09_L2SP_115034_20240814_20240815_02_T1,2024-08-14,272,38.099991380000006,37.90067198514288,39.36543791628868,39.02644995762383,0.6201287906845865,0.6585751170288866,0.6190133516462919,0.6160702224796489
ASOS,LC09_L2SP_115034_20240814_20240815_02_T1,2024-08-14,136,48.690726350000034,48.87324861800002,47.084218662606936,46.49784391193736,0.42267633751642075,0.2961315149103601,0.45542099133854114,0.49012140864499887
ASOS,LC09_L2SP_115034_20240814_20240815_02_T1,2024-08-14,95,45.57634046000002,45.94561683028573,45.246977233814455,42.72615081568281,0.5324303516444732,0.5069671728267767,0.5166161408628077,0.6074123824001298
ASOS,LC09_L2SP_115034_20240814_20240815_02_T1,2024-08-14,121,40.42766300000002,41.005503695428594,40.48964738960971,39.68207609298383,0.45688694514058764,0.6390972784629947,0.6346051421161331,0.6643433001127409
ASOS,LC09_L2SP_115034_20240814_20240815_02_T1,2024-08-14,93,44.11798526000001,43.522045334857154,42.667546711134044,40.559687139311364,0.4657321076028009,0.5122484114831809,0.5251889444760827,0.595723128740401
ASOS,LC09_L2SP_115034_20240814_20240815_02_T1,2024-08-14,271,38.37457232000003,38.433687789714305,36.75677363291913,35.615856390220834,0.663169406864946,0.5285859842231455,0.6414926567402008,0.683186518466662
ASOS,LC09_L2SP_115034_20240814_20240815_02_T1,2024-08-14,273,37.59640310000003,37.681430416571445,35.191808411340226,35.180737773162726,0.7768304761130996,0.7138985007045414,0.7341475199840489,0.7533262727130896
AWS,LC09_L2SP_115034_20240814_20240815_02_T1,2024-08-14,558,36.77949632000002,36.926243312000025,37.16129267773198,35.422582299437124,0.7537711763550495,0.7494178613556003,0.7504743036859666,0.7894807708967128
AWS,LC09_L2SP_115034_20240814_20240815_02_T1,2024-08-14,551,42.685834880000016,43.488499910000016,44.605696285806474,42.31653981548678,0.6484025167438302,0.5233423652265606,0.4819444673436967,0.5441446202765345
AWS,LC09_L2SP_115034_20240814_20240815_02_T1,2024-08-14,837,40.98024290000001,40.669658816000016,39.34411542268043,40.47671887707989,0.5328233353456224,0.5729022738185928,0.6944608731134253,0.6409052944387982
AWS,LC09_L2SP_115034_20240814_20240815_02_T1,2024-08-14,587,38.275449740000035,37.828795907428585,36.297210859786496,35.50129578390246,0.568674238593457,0.5866721985741062,0.7564233090507744,0.7918498254685825
AWS,LC09_L2SP_115034_20240814_20240815_02_T1,2024-08-14,820,41.361921800000026,40.90559985371431,39.576282347637246,38.812375733709075,0.5979060164245424,0.6232047862550072,0.7067631417134336,0.7405350056585476
AWS,LC09_L2SP_115034_20240814_20240815_02_T1,2024-08-14,583,36.61657070000001,36.01070224057144,34.75293151113404,33.50462788682651,0.5918308114682131,0.6951516566523739,0.7477806397498447,0.7841461489202889
AWS,LC09_L2SP_115034_20240814_20240815_02_T1,2024-08-14,560,40.36044194000001,40.89358795485717,39.00859435982586,36.16143159843915,0.7161380011008557,0.5563657929942063,0.5503229146661923,0.6484339909864056
AWS,LC09_L2SP_115034_20240814_20240815_02_T1,2024-08-14,561,44.95540016000003,44.53221673142858,41.67895587958765,38.90387289111367,0.5166479950358203,0.6352701713952128,0.652658799612105,0.7333972745257816
AWS,LC09_L2SP_115034_20240814_20240815_02_T1,2024-08-14,597,36.38414534000001,36.76471745257144,36.168430300000026,35.255865308101185,0.8052488474272308,0.714268593361892,0.7377188053445365,0.7591956943872372
AWS,LC09_L2SP_115034_20240814_20240815_02_T1,2024-08-14,594,43.163218340000014,42.9208644457143,40.48526587489191,38.54652680342161,0.3948807515038785,0.3928649878911126,0.5661536111769175,0.6494238799527149
AWS,LC09_L2SP_115034_20240814_20240815_02_T1,2024-08-14,559,38.92487354000002,38.18729737657145,35.975075296907235,33.92816235017279,0.6776385801013074,0.6673598029114375,0.7380976444966584,0.8073144296226796
AWS,LC09_L2SP_115034_20240814_20240815_02_T1,2024-08-14,978,40.146246020000014,40.52541837200002,38.66793083608249,36.71605811897532,0.5989321089005999,0.5834471750875884,0.6621564528799201,0.7258656044117355
AWS,LC09_L2SP_115034_20240814_20240815_02_T1,2024-08-14,972,47.472202219999986,48.78540550400001,,43.02628905611997,0.22372973844455743,0.3930407803949977,,0.6159016086282242
AWS,LC09_L2SP_115034_20240814_20240815_02_T1,2024-08-14,526,42.26883644000005,41.38539220400002,36.98499313654777,36.606295702664646,0.4613725807292622,0.5117245005387756,0.6474176951534378,0.6911269478032546
AWS,LC09_L2SP_115034_20240814_20240815_02_T1,2024-08-14,591,39.658608500000035,38.081924702857165,33.53675349555876,32.75777177827888,0.582435154498001,0.5763489500004332,0.8240789032042695,0.8561798565224465
AWS,LC09_L2SP_115034_20240814_20240815_02_T1,2024-08-14,582,38.35178552,38.22030568400002,37.49995072577321,35.445653162938406,0.8032668562021742,0.6859822011169651,0.6280171564154048,0.7071296980367043
AWS,LC09_L2SP_115034_20240814_20240815_02_T1,2024-08-14,676,45.26757932,44.704582597142874,41.921674452164964,42.39427916586389,0.6449516282995015,0.523992591425996,0.6828008892777488,0.6739381430552134
AWS,LC09_L2SP_115034_20240814_20240815_02_T1,2024-08-14,602,42.715457719999996,42.6713489857143,40.985528497938155,41.901127094400245,0.6500124301022976,0.5969561756543722,0.6703957953593529,0.6534436893048273
AWS,LC09_L2SP_115034_20240814_20240815_02_T1,2024-08-14,505,37.80376298000001,37.611116862285726,39.810728008659815,38.54839196137419,0.6662514421543958,0.73257269440946,0.6639553234968159,0.6827783412522427
AWS,LC09_L2SP_115034_20240814_20240815_02_T1,2024-08-14,680,,,35.22009013006758,34.08477526449719,,,0.7726097681619489,0.8108765650483415
AWS,LC09_L2SP_115034_20240814_20240815_02_T1,2024-08-14,576,40.358163260000005,39.837484880000005,37.372483918400015,36.76554276287034,0.6279355998344961,0.6969182545761838,0.7866943679511643,0.8043253099391763
AWS,LC09_L2SP_115034_20240814_20240815_02_T1,2024-08-14,574,37.84363988000003,38.507028733142874,39.100099245974356,39.81796071696539,0.7793796453429667,0.7344550867398297,0.708233680792849,0.6818160203590122
AWS,LC09_L2SP_115034_20240814_20240815_02_T1,2024-08-14,539,38.99209460000001,39.2834075617143,40.39927598703018,40.23906468037365,0.7926699079350307,0.763795692930597,0.6908539328728778,0.6889184826507334
AWS,LC09_L2SP_115034_20240814_20240815_02_T1,2024-08-14,620,34.754889140000024,35.32719589828574,36.5083998984436,37.32761581593799,0.7531547252407975,0.8194138229656563,0.7986042415924834,0.7704037620270476
AWS,LC09_L2SP_115034_20240814_20240815_02_T1,2024-08-14,586,,,33.11178064268098,32.95541960295777,,,0.8271988401298667,0.8358889519147141
AWS,LC09_L2SP_115034_20240814_20240815_02_T1,2024-08-14,428,43.132456160000025,43.3460661337143,44.38454777527746,42.568929362870406,0.6931707272863191,0.5790993401803934,0.4955498317937815,0.5506421777795206
AWS,LC09_L2SP_115034_20240814_20240815_02_T1,2024-08-14,977,39.23135600000003,39.22588716800002,40.217331190793665,39.49103604303667,0.6527174554093325,0.6321761784936603,0.6024894786261128,0.6538235032810982
AWS,LC09_L2SP_115034_20240814_20240815_02_T1,2024-08-14,568,40.19979500000003,41.83891087307695,45.5225214630058,42.34254624242667,0.6805708100300051,0.5700057977823133,0.5066648305603149,0.6213569304404029
AWS,LC09_L2SP_115034_20240814_20240815_02_T1,2024-08-14,835,39.74405900000003,39.83203586260872,37.82916801699509,37.04688909245548,0.48397950516990146,0.5127820884492801,0.6398176116457016,0.6951234284317764
AWS,LC09_L2SP_115034_20240814_20240815_02_T1,2024-08-14,849,41.68891238000001,40.69065522457144,40.497006886886815,38.661872481203815,0.5505608221196793,0.7663588503300935,0.6971425084643023,0.7522785971564013
AWS,LC09_L2SP_115034_20240814_20240815_02_T1,2024-08-14,350,32.91941240000002,32.37226877942859,30.470450010721667,29.643037836507318,0.5685898566998714,0.7489642120630898,0.8625684607176336,0.8820834456239405
AWS,LC09_L2SP_115034_20240814_20240815_02_T1,2024-08-14,573,41.939567180000004,41.37670066742859,39.26106889092785,37.95374082896675,0.7048665138683791,0.6677822158561253,0.7099912209831231,0.7472657406354755
AWS,LC09_L2SP_115034_20240814_20240815_02_T1,2024-08-14,660,37.48474778000002,38.33954575314287,35.57433300701033,33.411181291440045,0.6452441506976788,0.6459525479239193,0.7448583113773711,0.8077253227139269
AWS,LC09_L2SP_115034_20240814_20240815_02_T1,2024-08-14,630,36.443391020000014,36.609148713714305,37.090974648865995,36.669099394995726,0.7471758203463637,0.7915474208528267,0.7655299615651291,0.7795388534262793
AWS,LC09_L2SP_115034_20240814_20240815_02_T1,2024-08-14,603,,43.452285174285734,39.97275083046155,38.90078463714288,,0.4430359424601321,0.6274749475306539,0.6827108104089469
AWS,LC09_L2SP_115034_20240814_20240815_02_T1,2024-08-14,323,41.55447026000004,41.64623595885717,39.774049874226826,38.438181610226195,0.6524480020201489,0.5873427982531116,0.6633141951584558,0.70952238737147
AWS,LC09_L2SP_115034_20240814_20240815_02_T1,2024-08-14,877,38.36203958000001,38.15985851818182,37.58585158356888,37.93700733230771,0.65952146122396,0.6918490718429223,0.776146348566431,0.7622195081728923
AWS,LC09_L2SP_115034_20240814_20240815_02_T1,2024-08-14,588,43.64629850000002,42.610898860571446,39.444197240824764,38.013233124357086,0.47447590426980274,0.4982284097896683,0.6853375029132761,0.7230410367053265
AWS,LC09_L2SP_115034_20240814_20240815_02_T1,2024-08-14,581,40.014082580000036,40.39905956947371,36.873379342592614,33.17492118617458,0.6402849393816398,0.5987443889406602,0.704019903971747,0.7921105843084726
AWS,LC09_L2SP_115034_20240814_20240815_02_T1,2024-08-14,522,39.34187198000003,38.57607273714287,37.14969811338777,37.59228558926121,0.5891835164567634,0.7665717827696911,0.7670525209094033,0.7461426615477567
AWS,LC09_L2SP_115034_20240814_20240815_02_T1,2024-08-14,819,45.47721788000001,44.40750783028573,39.35032110618558,37.882645232195834,0.4843331723490017,0.5146784704792698,0.7419743704227152,0.7982603405208627
AWS,LC09_L2SP_115034_20240814_20240815_02_T1,2024-08-14,838,35.61850886000002,36.02017503885717,34.01191808701032,31.65537877020198,0.72018841136122,0.67919324462315,0.783144823595751,0.8360123941186205
AWS,LC09_L2SP_115034_20240814_20240815_02_T1,2024-08-14,839,49.90355378,49.045956285714304,45.3402634365438,42.53980118547648,0.2623546300220471,0.36688132588483424,0.5237170272530605,0.6492253997910103
AWS,LC09_L2SP_115034_20240814_20240815_02_T1,2024-08-14,593,36.56871842000002,37.20503981000002,34.18916875045457,33.093492658238695,0.5369610546189584,0.6920971411593936,0.8228827517353209,0.8516599444106351
AWS,LC09_L2SP_115034_20240814_20240815_02_T1,2024-08-14,640,39.201733160000025,39.16524172742859,38.28371876432992,37.82311218931579,0.5599781688755159,0.7074779899132552,0.7346494041432107,0.7450043079683623
AWS,LC09_L2SP_115034_20240814_20240815_02_T1,2024-08-14,557,,,,33.74340391921644,,,,0.8448882234385761
AWS,LC09_L2SP_115034_20240814_20240815_02_T1,2024-08-14,536,43.24183280000002,43.13395357828574,41.26872011693903,40.094454708622905,0.5744616164528665,0.5001694721465627,0.6354912263991958,0.6882490826160889
AWS,LC09_L2SP_115034_20240814_20240815_02_T1,2024-08-14,569,41.884878860000015,42.571835774857156,43.53569353185661,44.21598810538133,0.8212495459661887,0.6170610536195842,0.5388281125129321,0.4938949671836559
AWS,LC09_L2SP_115034_20240814_20240815_02_T1,2024-08-14,638,38.506735760000005,38.80586133885716,37.59900673727592,38.14982169116919,0.7057284641397835,0.7152009172969619,0.7023276654810948,0.6650453184825085
AWS,LC09_L2SP_115034_20240814_20240815_02_T1,2024-08-14,552,41.03607056000002,40.93138149028573,38.290374702474246,37.48253237854568,0.7035571948077305,0.6912955353087357,0.7749234968973232,0.8020369207479737
AWS,LC09_L2SP_115034_20240814_20240815_02_T1,2024-08-14,531,37.659066800000026,37.36062482514288,35.7634477859794,35.15454429333335,0.6284627181260554,0.7207751176065174,0.7589143064087241,0.7767929224614077
AWS,LC09_L2SP_115034_20240814_20240815_02_T1,2024-08-14,534,41.27419262000001,41.588910880571454,42.84377637690724,42.36953772186089,0.7062698499422485,0.6981733516032702,0.6362278575948813,0.6395352271195417
AWS,LC09_L2SP_115034_20240814_20240815_02_T1,2024-08-14,547,41.715117200000044,41.548675902285744,40.27344099793816,38.68310852108769,0.6806482910456176,0.6304443371864052,0.6924294703907495,0.7392657271100493
AWS,LC09_L2SP_115034_20240814_20240815_02_T1,2024-08-14,619,37.399297280000006,37.665316893714305,38.607702426391775,39.85563138647809,0.7334531019407056,0.8171433647928714,0.744129149736096,0.677471302335394
AWS,LC09_L2SP_115034_20240814_20240815_02_T1,2024-08-14,535,46.77606548000002,45.93165177714288,43.60188911641923,40.559608235348854,0.4248681465662232,0.5083862767172612,0.5714596612672558,0.6439704850352415
AWS,LC09_L2SP_115034_20240814_20240815_02_T1,2024-08-14,555,42.620892500000025,41.120239302500025,37.35201583022405,35.88631346729763,0.666842213637106,0.5735938569232764,0.6836285109879049,0.766259678469332
AWS,LC09_L2SP_115034_20240814_20240815_02_T1,2024-08-14,675,35.514828920000035,35.72974099657145,34.614995616997184,34.32403150359817,0.7991202747848782,0.6797906123120225,0.7243623961683591,0.7706104393812218
AWS,LC09_L2SP_115034_20240814_20240815_02_T1,2024-08-14,600,42.95927648000001,43.605529942608705,42.86074694738663,39.78629153139114,0.7711365142756117,0.6028047135587442,0.5340136078233921,0.6652986453705875
AWS,LC09_L2SP_115034_20240814_20240815_02_T1,2024-08-14,541,43.274873660000026,43.234541024000016,43.99405378415404,43.98962089528544,0.6193319162970962,0.5190213639438258,0.5438519541286108,0.5254499227327507
AWS,LC09_L2SP_115034_20240814_20240815_02_T1,2024-08-14,519,36.97888082000001,37.0303582727273,36.691389327772036,35.71903876991937,0.6958300438268478,0.7080211625592248,0.7060480293033086,0.7397359163618568
AWS,LC09_L2SP_115034_20240814_20240815_02_T1,2024-08-14,325,41.93273114000002,40.93880347657145,38.41488381360827,37.341690278355784,0.6012838047561021,0.6347821115021438,0.712274337771942,0.7306946286074183
AWS,LC09_L2SP_115034_20240814_20240815_02_T1,2024-08-14,347,35.312026400000015,36.005917012571445,36.946857493116056,36.51058118393708,0.6891592163999856,0.7726656421325983,0.7883062846503365,0.7868020458836533
AWS,LC09_L2SP_115034_20240814_20240815_02_T1,2024-08-14,525,45.044268680000016,44.659464733142876,42.354753371238616,38.450057664071444,0.3680701552148449,0.4550630018527141,0.49833425888734384,0.6510602173588423
AWS,LC09_L2SP_115034_20240814_20240815_02_T1,2024-08-14,349,35.301772340000014,35.35131735371431,36.3641153476532,34.460206956582816,0.7121947787076435,0.7772260269115613,0.7039921792032233,0.7754879682179943
AWS,LC09_L2SP_115034_20240814_20240815_02_T1,2024-08-14,814,37.02103639999999,37.06013203828573,37.363028580796346,36.176677914822456,0.6409825693367232,0.7203432966815423,0.6485938578215308,0.6848039360794416
AWS,LC09_L2SP_115034_20240814_20240815_02_T1,2024-08-14,542,40.90732514000001,41.30375035485716,37.03590138988534,36.55748932896375,0.5760012862041406,0.6280814237776775,0.6055967611140481,0.6755492076062252
AWS,LC09_L2SP_115034_20240814_20240815_02_T1,2024-08-14,548,41.92475576000004,42.01958140057146,42.01418024659796,41.27859537159464,0.8218490029414082,0.6148716179095673,0.6363167916098591,0.6698486587137252
AWS,LC09_L2SP_115034_20240814_20240815_02_T1,2024-08-14,516,43.47767618,43.47448602800002,42.58784380948455,41.78946619359331,0.5599883598812047,0.598336381839193,0.5847091203647975,0.6165206506775933
AWS,LC09_L2SP_115034_20240814_20240815_02_T1,2024-08-14,498,31.301549600000044,31.104124764800027,29.399333011925485,29.38643159698912,0.8671082075237901,0.8560830345200899,0.8772003882492913,0.8855476285776893
AWS,LC09_L2SP_115034_20240814_20240815_02_T1,2024-08-14,681,41.39724134000003,40.99212458857145,40.01258303628869,36.752899300344254,0.5980472048332701,0.5818611432649385,0.6548931556297544,0.7457618954788938
ASOS,LC09_L2SP_115035_20220622_20230410_02_T1,2022-06-22,131,44.79931058000003,45.12353419142859,45.091482772989714,45.08981781664473,0.391892753548655,0.32993656304038216,0.2827207308024805,0.31395383933853244
ASOS,LC09_L2SP_115035_20220622_20230410_02_T1,2022-06-22,133,41.230897700000035,40.10324407314287,41.292979861875025,43.437023900379224,0.41348535199211994,0.6383697119262085,0.5348196980045918,0.45447502748345653
ASOS,LC09_L2SP_115035_20220622_20230410_02_T1,2022-06-22,238,50.43106820000003,50.64549198800002,51.064402671621636,,0.4677294095928095,0.3693174449762569,0.3499156371240153,
ASOS,LC09_L2SP_115035_20220622_20230410_02_T1,2022-06-22,243,47.20331798000003,46.50353535200002,42.4662723121437,42.00232112475249,0.3390516440471622,0.30122143535805457,0.45474198070431326,0.4424270627201499
ASOS,LC09_L2SP_115035_20220622_20230410_02_T1,2022-06-22,289,41.60232254000001,41.265273215428586,39.842057071644994,38.98883584258066,0.6391296169873687,0.5267504728337314,0.5628755239251517,0.5494955820761245
ASOS,LC09_L2SP_115035_20220622_20230410_02_T1,2022-06-22,279,48.19340444000003,48.153267119428584,45.70368421773198,44.58444599495564,0.4443012150241588,0.36959316225695665,0.4674176982054644,0.5105009137634251
ASOS,LC09_L2SP_115035_20220622_20230410_02_T1,2022-06-22,248,37.90972160000003,38.29765059371431,36.68537011174314,36.31220348712478,0.41023663466446775,0.45206053858741735,0.5563288323899006,0.6003987208231815
ASOS,LC09_L2SP_115035_20220622_20230410_02_T1,2022-06-22,140,42.64140062000001,41.95297883942859,40.51190169314489,39.35963499600753,0.480889158024663,0.4219265745156058,0.4871471686366324,0.5174843549542428
ASOS,LC09_L2SP_115035_20220622_20230410_02_T1,2022-06-22,192,,,40.09422117029026,38.15127696460594,,,0.5027519836933416,0.555881248581682
ASOS,LC09_L2SP_115035_20220622_20230410_02_T1,2022-06-22,254,40.18726226000001,40.440846791428584,36.02996437595094,35.727595553768374,0.31923040430701377,0.4023509562564201,0.5327235713464306,0.5197854454880074
ASOS,LC09_L2SP_115035_20220622_20230410_02_T1,2022-06-22,172,44.25128804000004,44.0180488657143,39.39499303887326,39.05186811280372,0.476527121599816,0.4289971504209083,0.4527548570169275,0.4667190225580938
ASOS,LC09_L2SP_115035_20220622_20230410_02_T1,2022-06-22,251,45.2014976,44.80858806285716,42.90984635113403,40.96056490318926,0.3768748155644505,0.4044621816626472,0.4530880773661469,0.5105855332340855
ASOS,LC09_L2SP_115035_20220622_20230410_02_T1,2022-06-22,146,43.36943888000002,43.6489027057143,46.06854317051548,48.01630051163471,0.5730060712494031,0.668048149876742,0.5077310903782758,0.39119268162483106
ASOS,LC09_L2SP_115035_20220622_20230410_02_T1,2022-06-22,232,39.973066340000024,39.31983388914287,39.0423159214483,38.31158087822134,0.42670194813497336,0.5525483483580871,0.5801637607631974,0.589159626286761
ASOS,LC09_L2SP_115035_20220622_20230410_02_T1,2022-06-22,245,44.623852220000025,44.52791979200003,42.81146375484538,42.01227390278846,0.42838258027635523,0.39575533608428437,0.5230607236182909,0.4989893259418966
ASOS,LC09_L2SP_115035_20220622_20230410_02_T1,2022-06-22,143,43.61325764000003,43.41589139942858,43.10169240632599,43.3112984355876,0.3568298734597237,0.3578929824180172,0.38158561072663677,0.35648118199371537
ASOS,LC09_L2SP_115035_20220622_20230410_02_T1,2022-06-22,273,42.427204700000004,42.22710404342858,38.61826970701033,38.23288219709707,0.5583151613414531,0.579821893485517,0.6789537449956834,0.688409028949416
ASOS,LC09_L2SP_115035_20220622_20230410_02_T1,2022-06-22,181,38.396219780000024,39.52042283428574,40.31538906927837,38.67892940369312,0.5337536067389337,0.48240985180952345,0.4637539478554478,0.5327626722119618
AWS,LC09_L2SP_115035_20220622_20230410_02_T1,2022-06-22,625,37.75932872000002,37.58387036000003,33.004322594433006,32.135811662771275,0.603578256687641,0.5387470941197593,0.7308684184959676,0.7739620793190264
AWS,LC09_L2SP_115035_20220622_20230410_02_T1,2022-06-22,327,35.99221237999999,36.214806863428585,33.166825366597955,32.37029781582024,0.6941520311443666,0.6835772701489452,0.7293410764889539,0.7455994446527975
AWS,LC09_L2SP_115035_20220622_20230410_02_T1,2022-06-22,919,41.83588724000001,42.123977497142874,40.01504181814435,39.95812510112798,0.3546937706101278,0.31830173668807826,0.33691423290677197,0.40270874177765936
AWS,LC09_L2SP_115035_20220622_20230410_02_T1,2022-06-22,648,43.42982390000003,43.02330738800003,37.937081421030946,36.326352130947626,0.408912514164554,0.443157080383673,0.6448748991336385,0.7003821518312809
AWS,LC09_L2SP_115035_20220622_20230410_02_T1,2022-06-22,763,45.52734884,45.55770890000002,42.121154271610756,39.03957119245692,0.5196510091551452,0.38137494598082006,0.49943171663005803,0.5657310495096326
AWS,LC09_L2SP_115035_20220622_20230410_02_T1,2022-06-22,623,41.80056770000001,41.49183911257145,41.5885134259794,38.80860475737191,0.37760575444855826,0.38867813650564037,0.4155985415013238,0.5229586824092475
AWS,LC09_L2SP_115035_20220622_20230410_02_T1,2022-06-22,551,38.15581904000002,38.63698673642859,40.63475868521741,39.53604550910894,0.5529495800028627,0.47618829205325275,0.36920701028738107,0.3990741271904828
AWS,LC09_L2SP_115035_20220622_20230410_02_T1,2022-06-22,888,,,32.64782637558254,31.21568290041929,,,0.684554529018691,0.632163088261412
AWS,LC09_L2SP_115035_20220622_20230410_02_T1,2022-06-22,496,42.87268664000002,42.11401641028575,39.13051462185569,39.18913455621672,0.4198414909605839,0.5149083777556758,0.5562820677181466,0.5703337698495758
AWS,LC09_L2SP_115035_20220622_20230410_02_T1,2022-06-22,644,,,,41.84634075152002,,,,0.4801898764758797
AWS,LC09_L2SP_115035_20220622_20230410_02_T1,2022-06-22,733,41.098734260000015,40.05822386685716,36.31387589320613,34.367792590949044,0.4572935418235824,0.566729653854599,0.6569301081606715,0.721760272595626
AWS,LC09_L2SP_115035_20220622_20230410_02_T1,2022-06-22,615,,,41.61472361099058,42.49757458485859,,,0.46922114577747465,0.4263959927583975
AWS,LC09_L2SP_115035_20220622_20230410_02_T1,2022-06-22,619,39.145905500000026,38.765235729714306,36.04262915381445,36.27024493634128,0.44960757506695753,0.4999757981422705,0.5904635023050875,0.587723977770753
AWS,LC09_L2SP_115035_20220622_20230410_02_T1,2022-06-22,822,42.051222500000016,41.77133549085716,40.812156970309296,40.00768198772404,0.565433790579145,0.5737569722430479,0.626731362123386,0.651362828052363
AWS,LC09_L2SP_115035_20220622_20230410_02_T1,2022-06-22,821,,,37.80024921714288,36.30047442858409,,,0.5722291891729716,0.6007825210937949
AWS,LC09_L2SP_115035_20220622_20230410_02_T1,2022-06-22,605,48.448616600000015,46.89719359828573,43.14670769814435,42.2822671482279,0.33573389891311906,0.45038251414143454,0.6618434535592697,0.6794567320162626
AWS,LC09_L2SP_115035_20220622_20230410_02_T1,2022-06-22,604,47.371940300000006,46.34269309657145,43.87551334865981,42.38479502728316,0.38478503101843126,0.44797899630300864,0.5232366183984218,0.584499201316349
AWS,LC09_L2SP_115035_20220622_20230410_02_T1,2022-06-22,647,39.917238680000004,39.75089504000001,40.43818329752579,40.650132752934454,0.584597931615864,0.6496703760531436,0.6321814964849604,0.6408305793596942
AWS,LC09_L2SP_115035_20220622_20230410_02_T1,2022-06-22,614,38.758529900000006,39.12949900400002,38.11254369628868,37.03334407713142,0.41653504705148325,0.4013126452298434,0.4515501982360279,0.48447897570603643
AWS,LC09_L2SP_115035_20220622_20230410_02_T1,2022-06-22,636,43.111948040000016,42.64009851714288,41.05267908329899,39.30763078470085,0.5408414424423131,0.602874376820926,0.6013738276368523,0.6524281832050367
AWS,LC09_L2SP_115035_20220622_20230410_02_T1,2022-06-22,807,41.97944408000001,41.80336722114288,41.17815564080002,40.34841877108472,0.5635442129796547,0.41846286715469855,0.5581330477245582,0.6045588147239647
AWS,LC09_L2SP_115035_20220622_20230410_02_T1,2022-06-22,600,,,,34.31411916589053,,,,0.6210496547983186
AWS,LC09_L2SP_115035_20220622_20230410_02_T1,2022-06-22,516,41.32204490000004,41.584223310285736,40.07370020948456,38.506316913917864,0.4831908181451272,0.4780383191145004,0.4586917727820151,0.49311277363973116
AWS,LC09_L2SP_115035_20220622_20230410_02_T1,2022-06-22,828,,,,36.63881415621311,,,,0.5312656601297536
AWS,LC09_L2SP_115035_20220622_20230410_02_T1,2022-06-22,806,,,,38.51319853247294,,,,0.47755735423111434
AWS,LC09_L2SP_115035_20220622_20230410_02_T1,2022-06-22,495,,,,36.465253668824474,,,,0.49009977697481494
AWS,LC09_L2SP_115035_20220622_20230410_02_T1,2022-06-22,757,40.72047338000001,40.40783848400002,39.80416603670105,38.73690225460872,0.6229887814864088,0.6460838443367598,0.6560069773491322,0.6641134271959821
AWS,LC09_L2SP_115035_20220622_20230410_02_T1,2022-06-22,676,37.210166840000035,36.69752894514287,34.62502395628868,35.11254495017336,0.60164428712126,0.5907693707737202,0.6380319497626218,0.6309416507732346
AWS,LC09_L2SP_115035_20220622_20230410_02_T1,2022-06-22,632,41.39154464000003,40.71653451885716,38.83181569422682,38.1697119425537,0.4335583505485463,0.47101979911990627,0.5733875379993478,0.6002712533795487
AWS,LC09_L2SP_115035_20220622_20230410_02_T1,2022-06-22,823,43.79897006000002,44.425379192000015,41.9121838674227,41.24679105265963,0.572901632457674,0.5141049572091105,0.5932356218831076,0.6117795874898216
AWS,LC09_L2SP_115035_20220622_20230410_02_T1,2022-06-22,602,39.529863080000005,39.240242852000016,37.73960756680413,37.953140133811736,0.3646438933822301,0.36099131557657654,0.4673474224982964,0.46162022194325003
AWS,LC09_L2SP_115035_20220622_20230410_02_T1,2022-06-22,860,44.243312660000015,44.70448493942858,44.8022696432509,44.21357823004928,0.30430877707148807,0.27527372106029946,0.2662378152045997,0.2656981487066134
AWS,LC09_L2SP_115035_20220622_20230410_02_T1,2022-06-22,701,45.80648714,46.22491789314287,43.54949375257734,41.07406263805174,0.4105880502638201,0.46492156955619574,0.5353824714750502,0.5920772160337924
AWS,LC09_L2SP_115035_20220622_20230410_02_T1,2022-06-22,739,42.991178000000026,42.992545208000024,39.53232726454968,38.135978308408966,0.2978161226479098,0.2854700276036356,0.44228217132913755,0.501660663965873
AWS,LC09_L2SP_115035_20220622_20230410_02_T1,2022-06-22,633,37.73198456000002,37.420586661714296,36.529358334020635,35.29209724607502,0.5631780055011956,0.6211755462957875,0.6674183369145752,0.7088578739453681
AWS,LC09_L2SP_115035_20220622_20230410_02_T1,2022-06-22,847,44.01772334000003,43.471458638857165,38.854230544742286,36.8997582198908,0.4502075967866869,0.5009063073730805,0.6214656498025456,0.6788636156263089
AWS,LC09_L2SP_115035_20220622_20230410_02_T1,2022-06-22,629,46.64504138000001,46.081751684000025,39.887025927918806,38.19111031393131,0.3284114107951047,0.428483904742884,0.5649008067132576,0.6068662681816254
AWS,LC09_L2SP_115035_20220622_20230410_02_T1,2022-06-22,626,40.34449118000001,39.89972539657145,37.9984648317526,36.7226741845361,0.45138631171448,0.6028218155620357,0.6972790726606568,0.7615300239979117
AWS,LC09_L2SP_115035_20220622_20230410_02_T1,2022-06-22,945,36.12779383999998,36.603790277391326,34.57598997320002,33.616649561468854,0.6059881790566793,0.6407918849135605,0.6017887359090016,0.6293790559654505
AWS,LC09_L2SP_115035_20220622_20230410_02_T1,2022-06-22,761,43.67136398,43.74070095714288,41.99349985525776,40.674326153958354,0.48780962315606713,0.438412007745195,0.4635403391291051,0.5103530901349396
AWS,LC09_L2SP_115035_20220622_20230410_02_T1,2022-06-22,764,42.41011460000002,41.06487958571431,37.833789091546414,36.83554323443301,0.5411579622744399,0.5048919529779557,0.6819654636361199,0.7273658423762074
AWS,LC09_L2SP_115035_20220622_20230410_02_T1,2022-06-22,791,,,,28.652605890655753,,,,0.8946095796112277
AWS,LC09_L2SP_115035_20220622_20230410_02_T1,2022-06-22,915,35.88055706000002,35.95992022914287,35.70946421237115,34.50202676681937,0.4645290085643792,0.44239621513506655,0.549930559231512,0.6665939152973893
AWS,LC09_L2SP_115035_20220622_20230410_02_T1,2022-06-22,920,40.235114540000005,40.39035775314289,40.03795390639178,39.13553205882624,0.40875601413428136,0.3818491334668472,0.3887503758726904,0.4457775789401787
AWS,LC09_L2SP_115035_20220622_20230410_02_T1,2022-06-22,944,44.20628411000001,44.83052849600001,42.02106615952383,39.80997221612626,0.39753853806628575,0.34835768988070287,0.45269837395795526,0.5165641410994257
AWS,LC09_L2SP_115035_20220622_20230410_02_T1,2022-06-22,948,34.47233282000002,35.27524199428573,35.408593199598606,33.73033764500002,0.7331089673830644,0.6487316300751383,0.7214565720532486,0.7694874213144354
AWS,LC09_L2SP_115035_20220622_20230410_02_T1,2022-06-22,951,,,35.888492925317934,34.50213103654463,,,0.7271300620195753,0.7462473197438814
AWS,LC09_L2SP_115035_20220622_20230410_02_T1,2022-06-22,977,42.10135346000002,41.44701422171431,39.11654498226807,38.50726960896553,0.3905176685371729,0.35772940322203545,0.47336800105802324,0.5084541819673981
AWS,LC09_L2SP_115035_20220622_20230410_02_T1,2022-06-22,795,38.85423446000002,38.476364210857156,37.58512673616338,36.09419555570079,0.41886547483798137,0.4600878662558609,0.4939085100208478,0.5481635087092422
AWS,LC09_L2SP_115035_20220622_20230410_02_T1,2022-06-22,824,42.244910300000015,42.5414642257143,40.939539880618575,39.896022348083655,0.38057945026834544,0.39795113310657837,0.49576587657939253,0.5721539617187409
AWS,LC09_L2SP_115035_20220622_20230410_02_T1,2022-06-22,864,47.68867682000001,47.998967930857155,47.63496339917528,45.684367375144596,0.3095916722642986,0.3189440556093629,0.3211854850664082,0.3961843814800126
AWS,LC09_L2SP_115035_20220622_20230410_02_T1,2022-06-22,902,38.60244032000003,38.267474360000016,37.03811853258743,35.13264202069727,0.5376676791541234,0.5755487954557437,0.7045128510288455,0.7544568452494219
AWS,LC09_L2SP_115035_20220622_20230410_02_T1,2022-06-22,706,38.38710506000003,38.61826086971431,38.988054054020644,39.201749468903536,0.4315537057929701,0.3556010480288217,0.38355761742810957,0.42766862960515667
AWS,LC09_L2SP_115035_20220622_20230410_02_T1,2022-06-22,703,43.49476628000002,43.119207263428585,40.95095744387782,38.42697211263614,0.5059893778924777,0.4865341501237174,0.511577097224049,0.6277920219396856
AWS,LC09_L2SP_115035_20220622_20230410_02_T1,2022-06-22,315,,,28.22536191503328,28.20515606942898,,,0.8934039457814663,0.8906242593347015
AWS,LC09_L2SP_115035_20220622_20230410_02_T1,2022-06-22,317,43.47539750000001,43.78923684114287,43.56204606886599,41.07991050944717,0.6832888323429437,0.5446089584640691,0.5686975458504626,0.6420965003831343
AWS,LC09_L2SP_115035_20220622_20230410_02_T1,2022-06-22,690,,37.50582557000002,,,,0.4516247338035644,,
AWS,LC09_L2SP_115035_20220622_20230410_02_T1,2022-06-22,736,43.85024036000002,43.205927313714305,42.29006888268044,42.02045542732896,0.49263127626664316,0.34316016395759713,0.2751130453082497,0.2859348564576435
AWS,LC09_L2SP_115035_20220622_20230410_02_T1,2022-06-22,737,43.755675139999994,43.45743614000001,44.232456570937934,45.17767019286464,0.5409859328004473,0.6023174544600253,0.5109504886228414,0.45368673519753283
AWS,LC09_L2SP_115035_20220622_20230410_02_T1,2022-06-22,738,44.04278882000002,43.949200177142885,42.08237620577321,41.20425171809855,0.4185459207657221,0.44423671849890184,0.5185776745260965,0.4759677729507898
AWS,LC09_L2SP_115035_20220622_20230410_02_T1,2022-06-22,826,46.31463278000003,45.9534294474286,44.89216483237115,44.06903830692805,0.3430948299247209,0.40472092202487514,0.4546932296200615,0.49072311014637127
AWS,LC09_L2SP_115035_20220622_20230410_02_T1,2022-06-22,849,40.313729,40.09279469771429,40.34436980701033,39.028666337612385,0.3475723101692583,0.5550634861782578,0.5797090097277151,0.6386609995390917
AWS,LC09_L2SP_115035_20220622_20230410_02_T1,2022-06-22,815,43.38880766,43.0247722537143,41.7988371560825,40.86978962990732,0.3779342562736175,0.3767799185069039,0.5026894647245623,0.5567031241427438
AWS,LC09_L2SP_115035_20220622_20230410_02_T1,2022-06-22,803,42.093378080000015,41.72231131828574,40.480166606185584,39.266681611717885,0.5150536044731528,0.5625071528517133,0.5903626177285207,0.652909023267548
AWS,LC09_L2SP_115035_20220622_20230410_02_T1,2022-06-22,611,43.46400410000001,43.17096585200002,41.01871813773197,40.14665840990755,0.4136323220800487,0.42995999023439213,0.4740475943683494,0.4784965284943245
AWS,LC09_L2SP_115035_20220622_20230410_02_T1,2022-06-22,709,41.47243778000003,41.62631378514288,42.09109940000001,41.166361877265714,0.3863556414917289,0.40144620499969713,0.4275079409849957,0.49187252132870646
AWS,LC09_L2SP_115035_20220622_20230410_02_T1,2022-06-22,853,34.015457480000045,33.021204290857156,30.345921323298988,30.500935414617825,0.4841278461838457,0.7289791373453743,0.8504338871578728,0.8496243908275642
AWS,LC09_L2SP_115035_20220622_20230410_02_T1,2022-06-22,846,41.454208340000015,40.48684357485716,40.63309464945408,40.55680670043226,0.5885110302385043,0.4976895694041272,0.41773249312898425,0.4049338637895559
AWS,LC09_L2SP_115035_20220622_20230410_02_T1,2022-06-22,643,43.37285690000002,42.91031741257145,38.23579992494847,36.067895803859166,0.594969071851292,0.5724162607803572,0.6942384941493063,0.7597523777884755
AWS,LC09_L2SP_115035_20220622_20230410_02_T1,2022-06-22,641,37.38220718000002,37.32331957828573,37.483095541237134,36.930938514852585,0.4407201478127472,0.5373897907947591,0.5397543883136324,0.583256085849352
AWS,LC09_L2SP_115035_20220622_20230410_02_T1,2022-06-22,906,40.508556139999996,40.143772024571454,38.393627879381455,36.06639668944749,0.7246602236621472,0.6702297504880416,0.725478030591606,0.7843027321050862
AWS,LC09_L2SP_115035_20220622_20230410_02_T1,2022-06-22,622,43.44463532000003,42.61294967257146,38.495021308865994,35.99134996518181,0.5092133017188022,0.5437644329767425,0.6159358091148444,0.6953898886097392
AWS,LC09_L2SP_115035_20220622_20230410_02_T1,2022-06-22,624,36.27362936000001,36.5571948097143,36.17555215381445,35.77845027683369,0.6743329472387566,0.6500304350816115,0.6478611725051433,0.6671311531095593
AWS,LC09_L2SP_115035_20220622_20230410_02_T1,2022-06-22,603,39.85229630000001,40.54524288800001,38.91143246020621,36.947218388525634,0.5654053898241331,0.49899418214375585,0.5603919636280135,0.634878343240539
AWS,LC09_L2SP_115035_20220622_20230410_02_T1,2022-06-22,640,38.964750440000024,37.90008603885716,35.93203878391755,35.092274688926445,0.5770641347334244,0.5715773285143011,0.6652912104782668,0.7005685809586429
AWS,LC09_L2SP_115035_20220622_20230410_02_T1,2022-06-22,659,,,,29.610262117156832,,,,0.8546689998881566
AWS,LC09_L2SP_115035_20220622_20230410_02_T1,2022-06-22,838,39.46378136000002,39.731265839428595,36.99911487195878,34.1555512874263,0.6344356108246049,0.5856089250706914,0.7100219590025157,0.7895821685049642
AWS,LC09_L2SP_115035_20220622_20230410_02_T1,2022-06-22,839,48.11934734000001,47.74525318914287,45.05770661320323,42.49228904874823,0.2750377038197192,0.33884056131993096,0.4320394687556771,0.5662999360525016
AWS,LC09_L2SP_115035_20220622_20230410_02_T1,2022-06-22,617,42.75533462000002,42.330035274285734,38.80245517649486,38.6766807320756,0.4952059299427051,0.45408815905904687,0.4894610365204916,0.48786379153151616
AWS,LC09_L2SP_115035_20220622_20230410_02_T1,2022-06-22,936,37.50867392,37.6208826337143,38.993026431340226,37.12215584214717,0.4944640469665315,0.48150502249870736,0.5346911527162087,0.651333879324902
AWS,LC09_L2SP_115035_20220622_20230410_02_T1,2022-06-22,818,37.49158382000002,37.04177238800003,34.282113938350534,33.90131909854669,0.6377722184478478,0.6595323527342547,0.7662970458174012,0.7663495686837944
AWS,LC09_L2SP_115035_20220622_20230410_02_T1,2022-06-22,819,46.16993660000003,45.28662257428574,39.23146562721651,37.233576640114535,0.3213013251304995,0.37519105790844465,0.6477059179265389,0.7054368472955559
AWS,LC09_L2SP_115035_20220622_20230410_02_T1,2022-06-22,758,44.08494440000002,42.948501578857154,38.321207357113416,36.236918018173505,0.3972038249869437,0.39250833482660114,0.5756696529988682,0.679453572899451
AWS,LC09_L2SP_115035_20220622_20230410_02_T1,2022-06-22,635,37.68299294,37.6366055257143,36.76361603463919,36.34015827013457,0.5765564626495402,0.45722851499942496,0.5155965530544491,0.5493240040778283
AWS,LC09_L2SP_115035_20220622_20230410_02_T1,2022-06-22,935,40.69882592000001,40.06310675257144,37.185739862393575,37.084186747816844,0.32808779099516716,0.422697559291547,0.5101752386709005,0.5655278906382978
AWS,LC09_L2SP_115035_20220622_20230410_02_T1,2022-06-22,702,,,,41.706432182558466,,,,0.44039361364592994
AWS,LC09_L2SP_115035_20220622_20230410_02_T1,2022-06-22,493,41.81082176000003,41.334610192571446,37.606347854639196,36.65043189784714,0.35747695144797226,0.3940535970373835,0.47957307509175373,0.5541564222452748
AWS,LC09_L2SP_115035_20220622_20230410_02_T1,2022-06-22,642,38.37115430000002,39.749234858857164,37.52523154494847,36.01598064981393,0.7107716628320834,0.7211832603701905,0.6924338824514048,0.7480455896644727
ASOS,LC09_L2SP_115035_20230609_20230611_02_T1,2023-06-09,135,35.47039466000003,35.018206890285725,34.342681519852775,33.60707802887796,0.626707354753044,0.6406771496719079,0.5764816508363495,0.6006032936567648
ASOS,LC09_L2SP_115035_20230609_20230611_02_T1,2023-06-09,131,42.99003866,42.97486916171431,43.00448470544829,43.361345127013,0.43272177618518975,0.3150887723500793,0.2597340866730883,0.2857531891667175
ASOS,LC09_L2SP_115035_20230609_20230611_02_T1,2023-06-09,133,33.55630346000002,33.78762203257145,35.39124475045938,37.26150398394048,0.4374465007888227,0.6794468304643381,0.5404042283454822,0.44631249212180196
ASOS,LC09_L2SP_115035_20230609_20230611_02_T1,2023-06-09,244,38.89411136000001,38.84599865942859,39.26013314432992,37.23962691714288,0.4421971413417465,0.3717775822121782,0.39941590808574734,0.49004555310869957
ASOS,LC09_L2SP_115035_20230609_20230611_02_T1,2023-06-09,226,37.61121452000003,38.07118235428573,37.9675812787629,35.06678584523679,0.5270915801556026,0.4699699750177615,0.4333772268465114,0.5386359904101835
ASOS,LC09_L2SP_115035_20230609_20230611_02_T1,2023-06-09,238,41.788034960000026,41.91176728400002,42.22458077924326,,0.42681861054020026,0.3300602101335153,0.3094663239070022,
ASOS,LC09_L2SP_115035_20230609_20230611_02_T1,2023-06-09,243,41.08620152000003,40.44133508000002,37.1760013153396,36.60334211012472,0.3657563631481875,0.2880591433192185,0.37936524863744925,0.37534936060460256
ASOS,LC09_L2SP_115035_20230609_20230611_02_T1,2023-06-09,289,40.49146604,40.22756234342859,38.74460332824744,37.670901481935125,0.6609020023234783,0.5218296877876146,0.544517436758567,0.5368320683878652
ASOS,LC09_L2SP_115035_20230609_20230611_02_T1,2023-06-09,279,,,37.37220224682218,35.60908652372275,,,0.38062448185830977,0.47344555691640205
ASOS,LC09_L2SP_115035_20230609_20230611_02_T1,2023-06-09,285,,,41.085025866374515,38.18992204172899,,,0.39356820205892395,0.48122197235776665
ASOS,LC09_L2SP_115035_20230609_20230611_02_T1,2023-06-09,136,40.27556111000001,40.30734869600002,37.614834074198136,35.78231902707377,0.3582751876985029,0.25225454923293056,0.4521335179086885,0.5466350756654701
ASOS,LC09_L2SP_115035_20230609_20230611_02_T1,2023-06-09,248,37.554247520000025,37.50369337657144,36.09815925422682,35.28028750033277,0.34638872003346965,0.3315999089896855,0.43736192854286654,0.5374984485459506
ASOS,LC09_L2SP_115035_20230609_20230611_02_T1,2023-06-09,137,35.69028728000003,35.43745145771431,39.01592285855672,37.94352082401376,0.5806268901642193,0.6807226611086731,0.4158668933401163,0.4011730412001098
ASOS,LC09_L2SP_115035_20230609_20230611_02_T1,2023-06-09,140,36.94356128000002,36.36607866285716,34.933957367628885,33.88262421480603,0.5146407860487282,0.43299887487324107,0.5038210765790654,0.544418178796339
ASOS,LC09_L2SP_115035_20230609_20230611_02_T1,2023-06-09,192,36.80456180000001,36.42389202971431,33.66327465277474,32.56289072685265,0.421880268051468,0.48555490855440675,0.5092022761188858,0.5828679410500593
ASOS,LC09_L2SP_115035_20230609_20230611_02_T1,2023-06-09,254,41.55674894000001,41.19661984228573,34.94775462170111,33.55620470209943,0.28497061562501347,0.3820118632586099,0.5798949370944103,0.6095080794343267
ASOS,LC09_L2SP_115035_20230609_20230611_02_T1,2023-06-09,264,39.520748360000006,38.51991955142859,34.36840621876291,33.49114111493643,0.3045806704366016,0.3338290268670187,0.5439369835009255,0.5778102707804862
ASOS,LC09_L2SP_115035_20230609_20230611_02_T1,2023-06-09,263,36.37616996000003,36.74708842666669,,35.14603609014456,0.5673474349419753,0.419373427525874,,0.521279836398504
ASOS,LC09_L2SP_115035_20230609_20230611_02_T1,2023-06-09,172,38.51585048000002,38.1788011554286,35.69451069551726,36.0341702233058,0.4989509881107818,0.44492673415933187,0.3481728207557079,0.3687267956986687
ASOS,LC09_L2SP_115035_20230609_20230611_02_T1,2023-06-09,251,38.98297988000004,38.62724537942859,37.24108954556703,35.60947194858539,0.42639143103482996,0.4160128911153739,0.42615593679537306,0.4810530643461955
ASOS,LC09_L2SP_115035_20230609_20230611_02_T1,2023-06-09,284,38.93057024000001,39.212703376571454,38.27092370206188,37.62236785294019,0.6141716365454646,0.5649869294356182,0.4944708802432943,0.4879171911560469
ASOS,LC09_L2SP_115035_20230609_20230611_02_T1,2023-06-09,146,35.80991798,35.84468412628573,37.753792813951634,39.493979653451795,0.5442977484752851,0.6346927214388701,0.4799629709716665,0.3740709112626601
ASOS,LC09_L2SP_115035_20230609_20230611_02_T1,2023-06-09,232,37.80148430000003,36.780440344571446,36.004749408607296,36.40446208013554,0.3767207898706571,0.5256954237574932,0.5627375358322734,0.512924229536577
ASOS,LC09_L2SP_115035_20230609_20230611_02_T1,2023-06-09,245,38.48736698000005,38.20936802000002,36.966782673608265,36.79361200217579,0.4692985455730989,0.4650816507364973,0.5036354280172773,0.46343987544425846
ASOS,LC09_L2SP_115035_20230609_20230611_02_T1,2023-06-09,143,40.02433664,39.06140445000002,39.95524973777331,40.03255856570494,0.403911994652251,0.3688179731112123,0.3641054954700118,0.32515254769336294
ASOS,LC09_L2SP_115035_20230609_20230611_02_T1,2023-06-09,247,,,41.91880178967744,37.87095408239568,,,0.3140751047912658,0.4454695726622864
ASOS,LC09_L2SP_115035_20230609_20230611_02_T1,2023-06-09,239,34.114580060000016,33.74152759142859,33.937253498152444,35.45526529261041,0.5566923197728711,0.6873854494216657,0.5825513604245112,0.5222213481671588
ASOS,LC09_L2SP_115035_20230609_20230611_02_T1,2023-06-09,273,,,33.386951589863784,32.59930019294045,,,0.6618080540019545,0.6875483672576062
ASOS,LC09_L2SP_115035_20230609_20230611_02_T1,2023-06-09,181,36.82848794,36.27291320342859,36.70657394728747,36.72810715433964,0.43105987450962263,0.40198645286686013,0.392759093884596,0.4195751380327002
AWS,LC09_L2SP_115035_20230609_20230611_02_T1,2023-06-09,648,37.50297722000001,37.216646836250014,33.916400074110186,32.15494708513968,0.35910218514314146,0.4091708686311543,0.5573672197835285,0.6470947014311467
AWS,LC09_L2SP_115035_20230609_20230611_02_T1,2023-06-09,763,39.318515510000054,39.23968742375003,,34.6078507311554,0.4959106641751861,0.45942433861015336,,0.5042308269902395
AWS,LC09_L2SP_115035_20230609_20230611_02_T1,2023-06-09,623,39.75887042000003,39.57286502685717,39.848202781976305,38.27768382161797,0.3635604578989624,0.3322094673590041,0.36454730611848274,0.43776108017236576
AWS,LC09_L2SP_115035_20230609_20230611_02_T1,2023-06-09,551,37.37195312,37.917493526428586,38.8540634176427,37.21464889976781,0.5985496144832226,0.46689740636625654,0.3459234508335953,0.37096544937996434
AWS,LC09_L2SP_115035_20230609_20230611_02_T1,2023-06-09,888,32.56507766000001,31.103695070857164,29.35882093513515,27.73655052195806,0.37857435379789073,0.6253835226533749,0.686568803135255,0.713726311148264
AWS,LC09_L2SP_115035_20230609_20230611_02_T1,2023-06-09,496,36.80456180000001,37.13298469314287,35.04624695938146,34.74186145248596,0.5005548567412873,0.5014604400182792,0.5403081298396805,0.5692243003773627
AWS,LC09_L2SP_115035_20230609_20230611_02_T1,2023-06-09,733,36.05145806000004,35.09701666571429,31.594664383816816,29.87953073470932,0.483137696364677,0.571084666940007,0.6451178686680417,0.7185763398458488
AWS,LC09_L2SP_115035_20230609_20230611_02_T1,2023-06-09,615,,,34.336130634669836,34.57657389916807,,,0.42604292126740423,0.38106792223583763
AWS,LC09_L2SP_115035_20230609_20230611_02_T1,2023-06-09,604,,,35.51747263126216,33.69530154031943,,,0.5376939093641149,0.5941284550946254
AWS,LC09_L2SP_115035_20230609_20230611_02_T1,2023-06-09,619,38.61611240000004,38.05077189200002,35.680849463582106,35.90622566240621,0.3633387527761041,0.32312336058287083,0.4013139197751214,0.4815597093758426
AWS,LC09_L2SP_115035_20230609_20230611_02_T1,2023-06-09,311,28.34838032000003,26.89777263200002,24.58270933198022,24.371452006732696,0.5824602919783269,0.7423028641826417,0.8593043175627828,0.8679122652672346
AWS,LC09_L2SP_115035_20230609_20230611_02_T1,2023-06-09,825,39.82723082000001,38.7913103394286,36.29205456288662,35.85594627223019,0.2876502461238782,0.32063686784798545,0.37407269687454064,0.4161060534021612
AWS,LC09_L2SP_115035_20230609_20230611_02_T1,2023-06-09,822,35.72902484,35.12563037600001,32.96755554513078,32.94159131500782,0.5550357335925408,0.5569104546846282,0.6197010917152551,0.6203422252925329
AWS,LC09_L2SP_115035_20230609_20230611_02_T1,2023-06-09,821,39.17438900000002,38.19647720171431,34.762986382396925,33.46278958061928,0.4394871397771934,0.4908839258115614,0.5143526788641657,0.5567160924821951
AWS,LC09_L2SP_115035_20230609_20230611_02_T1,2023-06-09,647,33.037903759999985,32.51416543828573,31.999749255842975,32.35419486419226,0.4035666163989438,0.49276759834701034,0.6292389660777402,0.6319408096255074
AWS,LC09_L2SP_115035_20230609_20230611_02_T1,2023-06-09,516,37.69324700000001,37.74100162228573,36.280128687835074,35.160266943213315,0.500093078680814,0.49072656319175995,0.4298171580377344,0.4516198944291526
AWS,LC09_L2SP_115035_20230609_20230611_02_T1,2023-06-09,809,34.75488914000001,34.849649675428594,32.77549927154641,31.204455521420005,0.523025163644069,0.541384161834493,0.6692578832139641,0.7279473723969664
AWS,LC09_L2SP_115035_20230609_20230611_02_T1,2023-06-09,834,34.50879170000002,35.401025130285724,33.70904782127797,33.707745844680865,0.602176167936518,0.4660981836423466,0.5440185833377645,0.5440241221995195
AWS,LC09_L2SP_115035_20230609_20230611_02_T1,2023-06-09,495,,,,35.68688242069309,,,,0.3337518641630831
AWS,LC09_L2SP_115035_20230609_20230611_02_T1,2023-06-09,757,37.075724720000004,36.96960333714287,34.818739216972496,33.901999022082634,0.6476930981149024,0.5508161527232551,0.616896121082243,0.6364710753626116
AWS,LC09_L2SP_115035_20230609_20230611_02_T1,2023-06-09,676,,,,37.71304421733778,,,,0.446340863481945
AWS,LC09_L2SP_115035_20230609_20230611_02_T1,2023-06-09,632,37.81059902000002,37.3488082417143,34.962605308453625,34.18726094690723,0.3820944722211137,0.3564951408516821,0.5316463509026255,0.5566790947594186
AWS,LC09_L2SP_115035_20230609_20230611_02_T1,2023-06-09,494,32.38164391999999,31.57897889000003,31.59260279937502,32.219517192054354,0.19514189285544528,0.6214619083554562,0.7294455800771393,0.6916993883945192
AWS,LC09_L2SP_115035_20230609_20230611_02_T1,2023-06-09,602,39.33731462000001,38.87558894685716,37.16259645855672,37.46749785864029,0.2697710469549275,0.24649974006783956,0.3648342514042847,0.3688222202408186
AWS,LC09_L2SP_115035_20230609_20230611_02_T1,2023-06-09,860,39.773681839999995,39.91076071828573,40.3279815494313,40.46991084366793,0.3034184417178912,0.2839045205132101,0.25901684630207833,0.2569169395940818
AWS,LC09_L2SP_115035_20230609_20230611_02_T1,2023-06-09,701,40.039148060000024,40.01984438514287,37.057440466391775,33.95220097892353,0.38876169122657417,0.41955665723217134,0.5034652713097617,0.5968720267507874
AWS,LC09_L2SP_115035_20230609_20230611_02_T1,2023-06-09,739,36.007023800000034,35.99370979828574,33.10460988697511,32.04717693207319,0.2706312050475586,0.24702531949031292,0.37013796983253316,0.43900856346147954
AWS,LC09_L2SP_115035_20230609_20230611_02_T1,2023-06-09,633,33.694163600000024,33.460761662857166,32.294259282680436,31.103070623033723,0.5071804013070976,0.5394835483617881,0.6187530997819252,0.6822331559513475
AWS,LC09_L2SP_115035_20230609_20230611_02_T1,2023-06-09,629,44.22166520000002,43.23043940000002,37.35586934060915,35.907881651183224,0.2363213837464702,0.3782777713157018,0.545739376700151,0.5911443667571937
AWS,LC09_L2SP_115035_20230609_20230611_02_T1,2023-06-09,847,40.39690082000002,39.43878098514288,33.83408608962027,32.12367787788946,0.3975731436714814,0.5088128309443082,0.655378459029055,0.6902600314942896
AWS,LC09_L2SP_115035_20230609_20230611_02_T1,2023-06-09,845,,,,36.52971765221327,,,,0.4987183913653427
AWS,LC09_L2SP_115035_20230609_20230611_02_T1,2023-06-09,945,36.42174356000002,36.1907830657143,33.57734405505156,31.809542601148348,0.5149282164021224,0.6432959329874158,0.6121753614869982,0.6925259008122953
AWS,LC09_L2SP_115035_20230609_20230611_02_T1,2023-06-09,703,37.314986120000015,37.26062332571431,36.40129213701424,33.661664950008785,0.5381067626465543,0.49137927421131644,0.44415279819272224,0.5915440523686254
AWS,LC09_L2SP_115035_20230609_20230611_02_T1,2023-06-09,706,36.11298242000006,36.277014827428594,36.37699999463919,36.548439281788404,0.4303627526341647,0.28179290662811934,0.3218812122755821,0.3726146225144693
AWS,LC09_L2SP_115035_20230609_20230611_02_T1,2023-06-09,314,25.28013770000001,24.310331492000017,22.001391248041255,21.933693237240217,0.8794501147820499,0.7985513267697333,0.874776068473535,0.8933951672307641
AWS,LC09_L2SP_115035_20230609_20230611_02_T1,2023-06-09,315,28.203684140000025,26.744254705142872,23.74034905443301,23.751964410203286,0.40878351213640407,0.6804519861193542,0.9026472872565876,0.9110484025562453
AWS,LC09_L2SP_115035_20230609_20230611_02_T1,2023-06-09,902,34.90528202000004,34.994573723428594,34.55375180923078,32.470898648776995,0.45054030665693073,0.4869053712705172,0.6588325349735766,0.7322986792809358
AWS,LC09_L2SP_115035_20230609_20230611_02_T1,2023-06-09,824,37.21244552000002,37.00124443657145,35.01632611760002,33.9865207913884,0.2888857122327671,0.3003568851263981,0.3963080958487936,0.4639951727928223
AWS,LC09_L2SP_115035_20230609_20230611_02_T1,2023-06-09,764,37.231814299999996,35.236276566285724,31.86046830226806,31.125698216022634,0.3646765707022844,0.3475077043897084,0.6393090974037746,0.6831855486068976
AWS,LC09_L2SP_115035_20230609_20230611_02_T1,2023-06-09,762,32.87269946,33.01065725771431,29.216251367976767,28.15178520473263,0.8108658000834938,0.7820261560193206,0.8235100600949053,0.850026981765931
AWS,LC09_L2SP_115035_20230609_20230611_02_T1,2023-06-09,761,38.29253984000002,38.44999662800002,37.39021779731961,35.8984343701698,0.24661847360243003,0.37166930400549064,0.39557092900184876,0.4385748484032661
AWS,LC09_L2SP_115035_20230609_20230611_02_T1,2023-06-09,759,32.35657844000002,30.630641102857155,27.597613988865998,27.44033090649301,0.5396833660887338,0.646688831942222,0.8605164835573126,0.8800900920168514
AWS,LC09_L2SP_115035_20230609_20230611_02_T1,2023-06-09,864,,43.473118820000025,41.94337931132077,39.32810695518604,,0.3019753366311173,0.3093736487664901,0.3847374012385242
AWS,LC09_L2SP_115035_20230609_20230611_02_T1,2023-06-09,737,34.26953030000001,34.72751147000002,36.77039966087188,37.35920969626035,0.7462972890973631,0.6169846674150808,0.4871818535676323,0.40937401439715476
AWS,LC09_L2SP_115035_20230609_20230611_02_T1,2023-06-09,736,34.82894624000003,34.848575440571445,35.49854498144497,36.126098047780026,0.48271515604209414,0.31628061858111706,0.20840298811498223,0.20520725961529024
AWS,LC09_L2SP_115035_20230609_20230611_02_T1,2023-06-09,791,29.485441640000033,29.252104808000027,26.063527676336076,25.491453335515395,0.5856348733248224,0.6747571301610034,0.8686563386421218,0.8955624201570802
AWS,LC09_L2SP_115035_20230609_20230611_02_T1,2023-06-09,912,36.04917938000002,36.39439940000002,37.09931414783507,36.36906624571348,0.3632603205598117,0.299845266445885,0.44903221482935457,0.4911024371104383
AWS,LC09_L2SP_115035_20230609_20230611_02_T1,2023-06-09,914,34.78793000000004,34.76693359142859,32.415381695876306,29.123078026796467,0.7232005129183342,0.6590323728409235,0.7012459563471996,0.7767722841574106
AWS,LC09_L2SP_115035_20230609_20230611_02_T1,2023-06-09,915,34.31852192000002,34.89517037750002,33.385864131780046,31.232606639656954,0.4402142808794102,0.4039744220199184,0.5121745730087407,0.6564759326742554
AWS,LC09_L2SP_115035_20230609_20230611_02_T1,2023-06-09,920,36.61657070000001,36.81641093600001,37.04770601351466,36.115701109427334,0.2056215722120657,0.203028360630168,0.3340212156631911,0.37293416486788794
AWS,LC09_L2SP_115035_20230609_20230611_02_T1,2023-06-09,977,39.02285678000002,38.3421825114286,36.67143129134023,36.08604765333723,0.287925889574297,0.3140888243785379,0.3739154837522193,0.39577877222560637
AWS,LC09_L2SP_115035_20230609_20230611_02_T1,2023-06-09,926,33.65428670000002,33.5609584777143,31.978575967010332,32.63467525342114,0.40966466941266133,0.44585122388468024,0.5499179082008583,0.5785386472938452
AWS,LC09_L2SP_115035_20230609_20230611_02_T1,2023-06-09,951,,,31.627613758409563,30.273597367123614,,,0.7152450173936593,0.7636413150860264
AWS,LC09_L2SP_115035_20230609_20230611_02_T1,2023-06-09,948,31.824506660000015,32.199512282857164,32.82614330990828,31.824471073277167,0.794263078652469,0.6607203176526765,0.6694613907407465,0.7133071763012692
AWS,LC09_L2SP_115035_20230609_20230611_02_T1,2023-06-09,738,35.98195832000001,36.20474811885716,33.95391594402012,33.561512313718964,0.4370957144080512,0.4724961465892624,0.5040150587199091,0.4286377370648065
AWS,LC09_L2SP_115035_20230609_20230611_02_T1,2023-06-09,815,36.86152880000003,36.2489870634286,34.70791779298971,33.73615912116003,0.4514047346812568,0.38377681478959785,0.5027209834652203,0.562419664986961
AWS,LC09_L2SP_115035_20230609_20230611_02_T1,2023-06-09,832,35.88169640000001,35.68100979714288,35.10548641887853,34.79071289102486,0.4986727282239714,0.527254993636112,0.3818840221700637,0.3925397854020712
AWS,LC09_L2SP_115035_20230609_20230611_02_T1,2023-06-09,611,40.4105729,40.39309216914288,38.45822571670105,37.598181422839986,0.5306997460707111,0.4933785771010989,0.46143945035880657,0.43930080148229655
AWS,LC09_L2SP_115035_20230609_20230611_02_T1,2023-06-09,709,37.49841986000001,37.15769209485716,37.3802808731959,37.00089580903228,0.32265114418399077,0.33121390429134545,0.3529037909512995,0.44861964945351707
AWS,LC09_L2SP_115035_20230609_20230611_02_T1,2023-06-09,846,39.67683794000004,38.919632576000026,40.863845134141165,40.100772478675836,0.7521188674973237,0.6248002438266117,0.4368114517306058,0.4116422627270191
AWS,LC09_L2SP_115035_20230609_20230611_02_T1,2023-06-09,643,,,31.425687579120897,29.571552318317778,,,0.6465236385894066,0.732042054588709
AWS,LC09_L2SP_115035_20230609_20230611_02_T1,2023-06-09,672,35.25164138,34.79896532171432,33.539886231086975,32.986886103347665,0.48397692091026245,0.36821457320179796,0.4138431818647275,0.42034080004222557
AWS,LC09_L2SP_115035_20230609_20230611_02_T1,2023-06-09,946,41.19216014000002,40.3306888897143,36.260194527554496,32.56878587151437,0.30258000686280595,0.3639421379041031,0.5370625129537121,0.6668976371619887
AWS,LC09_L2SP_115035_20230609_20230611_02_T1,2023-06-09,641,32.96612534000002,32.97266840685715,33.872003944152446,33.308047871514496,0.44302701655217075,0.5013285333160843,0.4436787639961199,0.5100432125094359
AWS,LC09_L2SP_115035_20230609_20230611_02_T1,2023-06-09,906,34.94857694000003,34.52806282228573,32.9104425445361,30.553285037852863,0.72501580135373,0.6721773432468167,0.7135126218847292,0.7772536640318735
AWS,LC09_L2SP_115035_20230609_20230611_02_T1,2023-06-09,735,28.569412280000012,27.732160142857158,27.21164005113404,25.10249525072763,0.5887832256567324,0.731346626593157,0.782884097621203,0.8521429488188895
AWS,LC09_L2SP_115035_20230609_20230611_02_T1,2023-06-09,622,39.39542096,39.22520356400002,34.22094999407944,32.08517148465865,0.5152853400641417,0.4441550310426954,0.5703830232190532,0.6553194972605323
AWS,LC09_L2SP_115035_20230609_20230611_02_T1,2023-06-09,603,40.666924400000006,40.634209065714316,36.50175904586575,34.74033247215911,0.36782796303456844,0.30322585197853613,0.49920402190498525,0.5957353338296977
AWS,LC09_L2SP_115035_20230609_20230611_02_T1,2023-06-09,768,40.30689296000003,39.61558166000002,37.87053091459904,36.80504579163202,0.5122481740253096,0.4856929861179822,0.5033750908303992,0.5255554466353672
AWS,LC09_L2SP_115035_20230609_20230611_02_T1,2023-06-09,838,,,,28.791423143988577,,,,0.7755758435161686
AWS,LC09_L2SP_115035_20230609_20230611_02_T1,2023-06-09,936,32.78724896000002,33.196792861142875,34.68843454509093,31.7982032916152,0.3151361093258633,0.3607820473751955,0.4356212499753316,0.6091798571347141
AWS,LC09_L2SP_115035_20230609_20230611_02_T1,2023-06-09,839,37.701222380000026,37.86095049741936,38.001516424842116,36.47611422990785,0.26652560709125966,0.31890202874172247,0.343252775235675,0.4696121284230931
AWS,LC09_L2SP_115035_20230609_20230611_02_T1,2023-06-09,760,37.63741934000001,36.89518815885717,34.86994728880002,32.44772842761974,0.5263795074436807,0.4604114555277233,0.587375118806474,0.6652496199011675
AWS,LC09_L2SP_115035_20230609_20230611_02_T1,2023-06-09,758,40.27954880000002,39.60704522685717,34.78761677938146,32.28112440152651,0.2796118419395748,0.2933440037502167,0.47441904071302493,0.6321273519340614
AWS,LC09_L2SP_115035_20230609_20230611_02_T1,2023-06-09,635,33.855949880000026,34.19622190914287,33.03300185731961,32.556984868526435,0.568601234853361,0.35739478597756397,0.44786138602493564,0.4856948376806062
AWS,LC09_L2SP_115035_20230609_20230611_02_T1,2023-06-09,818,31.26509072000003,30.293429015428593,28.098164028865998,28.59439501653917,0.6210636154494543,0.6567853935421941,0.7831589102453763,0.7655911869164952
AWS,LC09_L2SP_115035_20230609_20230611_02_T1,2023-06-09,617,42.60835976000004,42.35884430000002,38.244213813814454,37.84121102911177,0.3656072632319736,0.33542147068667943,0.3893848358028751,0.43214795668682693
AWS,LC09_L2SP_115035_20230609_20230611_02_T1,2023-06-09,992,,38.961902090000024,39.53025256683708,,,0.4181762287855333,0.38263176465825155,
AWS,LC09_L2SP_115035_20230609_20230611_02_T1,2023-06-09,379,36.20868698,35.14369705314288,31.974131307139444,30.240782949793832,0.6901790823884175,0.6877677873894746,0.6804687110196516,0.7254052973560133
AWS,LC09_L2SP_115035_20230609_20230611_02_T1,2023-06-09,702,,,36.07319341194288,35.331047790618356,,,0.22884004115290696,0.30206359793676685
AWS,LC09_L2SP_115035_20230609_20230611_02_T1,2023-06-09,493,37.06205263999999,37.16472345028573,35.13190067475864,34.75195311078247,0.2339709740577788,0.30724121930384324,0.3331171950302839,0.468638363445072
AWS,LC09_L2SP_115035_20230609_20230611_02_T1,2023-06-09,642,29.517343160000014,30.927813527428594,29.5007503700693,28.47687370539029,0.8205223577612033,0.7479109580225579,0.7061088064811712,0.7552831235566263
AWS,LC09_L2SP_115035_20230609_20230611_02_T1,2023-06-09,317,36.48668594000001,37.094409896000016,37.11125090500001,35.906416744302945,0.688757726652664,0.5211711571502041,0.5266039946129778,0.5817488491469062
AWS,LC09_L2SP_115035_20230609_20230611_02_T1,2023-06-09,644,,,,37.21622652032002,,,,0.45369316278171884
AWS,LC09_L2SP_115035_20230609_20230611_02_T1,2023-06-09,690,39.39656030000001,38.1417888817143,34.753601020206204,33.30456128645441,0.414047814499191,0.4694859666058777,0.5651086526918535,0.5836734103411412
AWS,LC09_L2SP_115035_20230609_20230611_02_T1,2023-06-09,806,37.99403276000002,37.823522390857164,36.11715909034733,35.83329264492593,0.41105670380614806,0.42787248798472916,0.36310746377606484,0.39273998249135494
AWS,LC09_L2SP_115035_20230609_20230611_02_T1,2023-06-09,636,,,,33.6046569798623,,,,0.6171649434653353
AWS,LC09_L2SP_115035_20230609_20230611_02_T1,2023-06-09,795,38.136450260000004,37.980555995428595,36.87099931848452,34.81100089941465,0.33774389502018454,0.402002651629821,0.4202360670102095,0.5107260932174554
AWS,LC09_L2SP_115035_20230609_20230611_02_T1,2023-06-09,614,35.96145020000002,36.03443306514287,34.920199516482775,34.10472846645608,0.33734583970924065,0.28216086117304523,0.3917954652265758,0.3978476621327175
AWS,LC09_L2SP_115035_20230609_20230611_02_T1,2023-06-09,872,28.785886880000003,26.76228231920002,,,0.683938735810839,0.7328120398145263,,
AWS,LC09_L2SP_115035_20230609_20230611_02_T1,2023-06-09,944,43.43210258000003,43.379562729714316,39.72200350398489,37.07596483687715,0.3257227545807207,0.28313930315916397,0.41163060512720084,0.47099679508447156
AWS,LC09_L2SP_115035_20230609_20230611_02_T1,2023-06-09,327,38.39052308,38.40683191828573,40.4841131859794,39.94503133484686,0.4865938509853631,0.5157253543713918,0.3402439648778642,0.34431075388824245
AWS,LC09_L2SP_115035_20230609_20230611_02_T1,2023-06-09,624,33.824048360000006,34.13196313314287,33.50121969896909,32.61500360702397,0.6853695728161773,0.5761412961156254,0.5627993617585325,0.6093536327011758
AWS,LC09_L2SP_115035_20230609_20230611_02_T1,2023-06-09,605,29.933202260000012,29.955923954857163,30.290222866804143,30.951101151365226,0.4745543110597972,0.619800784681512,0.7170649944975822,0.7066056370816429
ASOS,LC09_L2SP_115035_20240611_20240612_02_T1,2024-06-11,135,37.38904322,36.59498834514287,35.79069797979383,34.798864141276866,0.6067730745072838,0.6387756494652527,0.6056737351236864,0.641405960108081
ASOS,LC09_L2SP_115035_20240611_20240612_02_T1,2024-06-11,131,43.08460388000001,43.162762604000015,43.150732583092804,43.0820407727226,0.4271072423443421,0.3246509170640859,0.26907467936914486,0.2992837422783826
ASOS,LC09_L2SP_115035_20240611_20240612_02_T1,2024-06-11,133,35.87827838000002,35.43510767257145,36.8501460480374,38.86977477671496,0.42230111846315027,0.650953715989265,0.5422842167350013,0.464087351496601
ASOS,LC09_L2SP_115035_20240611_20240612_02_T1,2024-06-11,244,39.89673056000004,39.646694258857174,39.25062298329899,37.60903141017466,0.3210111139760607,0.3103036620549752,0.40786358199151085,0.49019231069710606
ASOS,LC09_L2SP_115035_20240611_20240612_02_T1,2024-06-11,226,40.48235132,40.437819402285726,38.96876357917528,36.29242243570571,0.49927743575268063,0.46070006668066726,0.4642863958942963,0.5523606974849284
ASOS,LC09_L2SP_115035_20240611_20240612_02_T1,2024-06-11,238,42.807744260000014,42.80933933600001,42.718364576648675,,0.4426180809910785,0.3459332607499291,0.3274887119931707,
ASOS,LC09_L2SP_115035_20240611_20240612_02_T1,2024-06-11,243,38.989815920000034,38.24435246000002,35.36745086569669,35.61743407861492,0.3159074092632376,0.2652412960379519,0.3612795206371433,0.33555065545345114
ASOS,LC09_L2SP_115035_20240611_20240612_02_T1,2024-06-11,289,41.57383904000003,41.57377393485715,40.50248357525775,39.32818174187194,0.6317352211307706,0.4974649315763215,0.5362860560399528,0.5290516072715653
ASOS,LC09_L2SP_115035_20240611_20240612_02_T1,2024-06-11,278,42.49442576000001,42.46812328228573,39.04307558754536,39.05688768475548,0.2821176131562604,0.27904216894647393,0.44177016259006296,0.46678501080875995
ASOS,LC09_L2SP_115035_20240611_20240612_02_T1,2024-06-11,279,42.9114242,42.91988786857145,40.78582686206187,39.84604477110222,0.46005285991099004,0.37134017397871755,0.4457973779108318,0.4982971665505727
ASOS,LC09_L2SP_115035_20240611_20240612_02_T1,2024-06-11,285,,,41.00979785186531,38.92072560409428,,,0.3796243690232867,0.4619482533908761
ASOS,LC09_L2SP_115035_20240611_20240612_02_T1,2024-06-11,136,40.78313708000002,41.08546094900002,39.53409093637477,38.81960998314924,0.413858211753506,0.3007248511698796,0.43863523176807495,0.46971489159971097
ASOS,LC09_L2SP_115035_20240611_20240612_02_T1,2024-06-11,248,35.59002536000003,36.052792715428595,35.25687607958765,34.860089415826565,0.38144608699810084,0.38821741922076897,0.4691206833959518,0.5615117472198469
ASOS,LC09_L2SP_115035_20240611_20240612_02_T1,2024-06-11,137,35.46583730000003,36.58219518457144,41.24702464659795,40.34763064392788,0.7254471134889796,0.734762090837884,0.4251096313348978,0.4053366639398542
ASOS,LC09_L2SP_115035_20240611_20240612_02_T1,2024-06-11,140,38.31988400000002,37.76942001714288,36.40089995304852,35.28426971359672,0.5269847995471046,0.44313218670091786,0.5031111258197376,0.5216692924840427
ASOS,LC09_L2SP_115035_20240611_20240612_02_T1,2024-06-11,192,,,,34.43823119517243,,,,0.5372787648626566
ASOS,LC09_L2SP_115035_20240611_20240612_02_T1,2024-06-11,254,41.939567180000004,41.8011210937143,36.214845680412395,35.60331809490411,0.28450451561367157,0.3782944989261892,0.5608006646578486,0.557430578287596
ASOS,LC09_L2SP_115035_20240611_20240612_02_T1,2024-06-11,264,39.82723082000001,38.98789531828572,35.728100839175276,34.94478133082782,0.25291223972419263,0.3523020242114289,0.5570536473229475,0.587050423459193
ASOS,LC09_L2SP_115035_20240611_20240612_02_T1,2024-06-11,263,39.57885470000002,39.829636093333356,,37.782267387002385,0.5220574993719352,0.38877419344449327,,0.5144204871550944
ASOS,LC09_L2SP_115035_20240611_20240612_02_T1,2024-06-11,251,34.317382580000015,34.53011363428574,33.53760161073173,32.03137850634301,0.40453408852744516,0.3767708440700725,0.42156053709282926,0.512232256135503
ASOS,LC09_L2SP_115035_20240611_20240612_02_T1,2024-06-11,172,39.718993520000026,39.45811721257145,35.5326834039954,34.90633124968583,0.3567837027285889,0.3797742537778505,0.3288685501863696,0.3567759526718893
ASOS,LC09_L2SP_115035_20240611_20240612_02_T1,2024-06-11,284,38.89183267999999,38.880862463428585,38.13899909278352,37.974053048474104,0.5546419761636401,0.5301407183315303,0.5139754207889712,0.5055146527793536
ASOS,LC09_L2SP_115035_20240611_20240612_02_T1,2024-06-11,146,35.78599184000003,35.77886282685716,37.57988071237115,39.51681008597769,0.5838186989971854,0.6422594820837484,0.5031307883625632,0.37848901905222143
ASOS,LC09_L2SP_115035_20240611_20240612_02_T1,2024-06-11,232,38.690169500000025,37.47400543142859,37.07694263517243,36.367680113774966,0.41076350015558627,0.5395705242691113,0.5696727391886071,0.5636957805750009
ASOS,LC09_L2SP_115035_20240611_20240612_02_T1,2024-06-11,245,35.200371080000004,34.9788508314286,32.460762775312524,33.07355737766103,0.406710445444024,0.4393457722961531,0.553102293599495,0.5196188546720648
ASOS,LC09_L2SP_115035_20240611_20240612_02_T1,2024-06-11,247,42.79065416000003,42.79439770571431,42.018252114639196,39.32972195644332,0.42988159443360896,0.4343769767658769,0.35244114197503096,0.4276587426133717
ASOS,LC09_L2SP_115035_20240611_20240612_02_T1,2024-06-11,239,35.16163352000001,34.822012542285734,34.684580284411105,36.07551938753381,0.5750720666108179,0.6765775802850117,0.5935957323058422,0.5408012294392651
ASOS,LC09_L2SP_115035_20240611_20240612_02_T1,2024-06-11,273,39.11172530000001,38.86289344400002,34.80737316989693,34.404515832665346,0.6127286126849649,0.5874192302620969,0.6809006656646571,0.6934133132514141
ASOS,LC09_L2SP_115035_20240611_20240612_02_T1,2024-06-11,181,35.457861920000006,35.15160732800002,35.91084157855672,36.39290224265676,0.4500073749616651,0.43244910926374236,0.4036899692807326,0.41245158439937507
AWS,LC09_L2SP_115035_20240611_20240612_02_T1,2024-06-11,919,41.3049548,41.55990653942859,39.0636182363991,38.29528737211343,0.2576648982936109,0.21337434007048464,0.3032911743517735,0.38256318996355043
AWS,LC09_L2SP_115035_20240611_20240612_02_T1,2024-06-11,648,39.463781360000006,39.35987355200002,34.962722766185585,33.24322470088178,0.3808405926838241,0.42200773500031696,0.6268817685750052,0.6951213712750923
AWS,LC09_L2SP_115035_20240611_20240612_02_T1,2024-06-11,763,40.03800872000003,39.480770930000006,36.799861276858664,34.604385767567585,0.4764616922549418,0.3762336751047653,0.4747613478040714,0.530236019498263
AWS,LC09_L2SP_115035_20240611_20240612_02_T1,2024-06-11,623,39.12425804000005,38.613182668571454,38.78872436762889,35.90433244347304,0.3917888114505887,0.36657714280943143,0.4039273120195895,0.5145975605872772
AWS,LC09_L2SP_115035_20240611_20240612_02_T1,2024-06-11,551,37.43005946000003,37.99342239928574,39.47225431776676,37.99393405564158,0.6081464230304799,0.49718064800230116,0.36324450935649194,0.3806478012178484
AWS,LC09_L2SP_115035_20240611_20240612_02_T1,2024-06-11,733,37.73882060000003,36.86110561657146,32.9042139522901,30.852890917554927,0.4984081036917358,0.5431455136926071,0.6550519841019619,0.7304714577790782
AWS,LC09_L2SP_115035_20240611_20240612_02_T1,2024-06-11,820,34.85401172000002,33.9854765617143,31.766813124347845,32.09062857626637,0.4863450079273817,0.5998979596191116,0.6873420668894035,0.6805911958585177
AWS,LC09_L2SP_115035_20240611_20240612_02_T1,2024-06-11,812,38.59788295999999,37.89989072342859,33.37237639752579,31.732477474497585,0.3460083509769188,0.32185881833361335,0.5879021559953382,0.6919331613813156
AWS,LC09_L2SP_115035_20240611_20240612_02_T1,2024-06-11,615,,,36.739103492452855,36.974784124925144,,,0.44091488589556543,0.38871168170474835
AWS,LC09_L2SP_115035_20240611_20240612_02_T1,2024-06-11,821,40.88339900000002,39.55782573885717,37.06865331634212,35.74567830435325,0.4508837071842518,0.49338497562756506,0.5365882632537512,0.5700364245591147
AWS,LC09_L2SP_115035_20240611_20240612_02_T1,2024-06-11,825,41.07139010000003,40.52082845942859,37.98107325690724,37.625258443000305,0.2413525735522588,0.3128789814438766,0.3845015338155026,0.4245980488494676
AWS,LC09_L2SP_115035_20240611_20240612_02_T1,2024-06-11,834,35.71649210000002,35.752690559428586,34.55930635525775,34.562978684305776,0.6334374416251594,0.47762364008831515,0.5482131651404707,0.5566051173638786
AWS,LC09_L2SP_115035_20240611_20240612_02_T1,2024-06-11,809,38.78701340000001,38.574412556000006,36.74610308680414,34.940680168914994,0.4722621807439536,0.5143415586745168,0.6537930059392996,0.7191671370234449
AWS,LC09_L2SP_115035_20240611_20240612_02_T1,2024-06-11,810,40.78883378000004,39.83669912827589,38.79589497320465,38.73792680546814,0.4884392118062191,0.5932916320772534,0.522723769752475,0.5389273712431124
AWS,LC09_L2SP_115035_20240611_20240612_02_T1,2024-06-11,495,,,,36.41496001838728,,,,0.35494183294265674
AWS,LC09_L2SP_115035_20240611_20240612_02_T1,2024-06-11,972,37.28650262000002,37.84933658000002,,33.58511855895524,0.5037633244609722,0.43931679393894546,,0.6481405673221333
AWS,LC09_L2SP_115035_20240611_20240612_02_T1,2024-06-11,833,37.011921680000036,36.19224793142859,33.94595382474229,32.62702213735473,0.571035612982605,0.641218987957733,0.7002940842220986,0.7315410804938127
AWS,LC09_L2SP_115035_20240611_20240612_02_T1,2024-06-11,757,36.70885724000002,36.3527972137143,35.39782535793816,34.823141202872755,0.616195178823757,0.6268654581672973,0.6428432096818801,0.6533866211254137
AWS,LC09_L2SP_115035_20240611_20240612_02_T1,2024-06-11,676,38.099991380000006,37.5833820714286,34.483424399426625,34.9640774466513,0.5708072891376719,0.4967458340201573,0.6125386698538344,0.5975654656901584
AWS,LC09_L2SP_115035_20240611_20240612_02_T1,2024-06-11,632,38.73916112000003,38.37411658400003,35.85699112371136,34.84682210297168,0.38855993965354213,0.37844300996897273,0.5511027988448353,0.5857514983204534
AWS,LC09_L2SP_115035_20240611_20240612_02_T1,2024-06-11,602,37.497280520000025,37.05358897142859,35.77575735628868,36.682273817247385,0.31764304464131793,0.295467950256846,0.37925364120725064,0.3827947513020085
AWS,LC09_L2SP_115035_20240611_20240612_02_T1,2024-06-11,860,41.108988320000016,41.43568592685716,41.791267786925815,41.32239485665026,0.3093954164489883,0.3059731020526323,0.2702623304101596,0.2636690148706373
AWS,LC09_L2SP_115035_20240611_20240612_02_T1,2024-06-11,701,41.59776517999999,41.7115689697143,39.29829516144332,36.90928226473549,0.38268404572100284,0.37690522665255577,0.49820380082606863,0.5748224804027406
AWS,LC09_L2SP_115035_20240611_20240612_02_T1,2024-06-11,739,36.98799554000001,36.94284512342858,34.05019583256612,32.76614851137005,0.2246373122344738,0.2254873759455896,0.3815955886138311,0.476043103863041
AWS,LC09_L2SP_115035_20240611_20240612_02_T1,2024-06-11,633,34.57145540000001,34.34895857428573,33.26038045010311,31.953606635562572,0.5061524080362977,0.5404217808025644,0.6239708563343548,0.7031546333828844
AWS,LC09_L2SP_115035_20240611_20240612_02_T1,2024-06-11,629,44.570303240000044,44.074006736000015,37.98359941299495,35.795768638301546,0.24293002518717197,0.3716908029626786,0.54054793455019,0.6019206673522894
AWS,LC09_L2SP_115035_20240611_20240612_02_T1,2024-06-11,626,35.93068802000001,35.98648312742858,33.19809443956273,31.50804826722575,0.36868858776311836,0.5072753230946065,0.6258769957402094,0.7378880622694094
AWS,LC09_L2SP_115035_20240611_20240612_02_T1,2024-06-11,845,,,38.953302132048215,37.88782697263003,,,0.3927592240269972,0.5178235114356472
AWS,LC09_L2SP_115035_20240611_20240612_02_T1,2024-06-11,945,38.71637432000002,37.9551649897143,35.15470913545457,33.40364190518114,0.5096777089112975,0.6413814922583413,0.6195133789153989,0.6759052828238322
AWS,LC09_L2SP_115035_20240611_20240612_02_T1,2024-06-11,915,36.42630092000004,36.6672550537143,35.80317993369268,33.94162569357288,0.4198581793978024,0.3711160305265692,0.4919306006113012,0.6367905280637042
AWS,LC09_L2SP_115035_20240611_20240612_02_T1,2024-06-11,703,36.345407780000016,36.2708623914286,34.88697767529413,32.937865318248704,0.4545537007108174,0.4619372686704685,0.4376421383805754,0.5768208237546738
AWS,LC09_L2SP_115035_20240611_20240612_02_T1,2024-06-11,761,39.95369756000002,40.651494481142876,39.766779712993056,37.12917855819368,0.24222875494228888,0.36712098521675574,0.35291781649881054,0.406489023982982
AWS,LC09_L2SP_115035_20240611_20240612_02_T1,2024-06-11,914,28.01683238000004,27.97913650228574,27.105050804320733,24.66281666211958,0.699480788111693,0.6524277328102176,0.7108803138012144,0.77699271679664
AWS,LC09_L2SP_115035_20240611_20240612_02_T1,2024-06-11,902,34.38460364000002,34.65003730742859,33.24980533896909,31.19208684898943,0.4558647764776858,0.5373456630824005,0.6815660553131805,0.7536964543525144
AWS,LC09_L2SP_115035_20240611_20240612_02_T1,2024-06-11,737,37.87668074000004,37.95965150000002,39.17948969122855,39.74815264935841,0.6030180531361797,0.5965231111268525,0.48048583750484686,0.4032127612293905
AWS,LC09_L2SP_115035_20240611_20240612_02_T1,2024-06-11,736,39.50821562000002,39.46436730628574,39.79504971541478,40.31109839271788,0.40812066988123696,0.26009482867839934,0.17265480479098633,0.1741113018755878
AWS,LC09_L2SP_115035_20240611_20240612_02_T1,2024-06-11,759,32.74281470000002,31.826459814285734,29.44952698082476,29.308712816415706,0.5270291589434886,0.6529966149909657,0.8460493506986102,0.8624435226118361
AWS,LC09_L2SP_115035_20240611_20240612_02_T1,2024-06-11,920,38.88385730000001,39.27491134057144,38.65041788824744,37.58353266902064,0.2349117600091939,0.2563092218881791,0.30610974080503733,0.3732487031132681
AWS,LC09_L2SP_115035_20240611_20240612_02_T1,2024-06-11,912,38.51357180000002,38.66738270000001,39.06209157773198,38.25585112479427,0.3608869883307131,0.3034318991266778,0.4449585843281569,0.49864546965872947
AWS,LC09_L2SP_115035_20240611_20240612_02_T1,2024-06-11,706,37.45512494000004,37.38152357600002,37.536170775051566,37.91494860357861,0.44816506479628043,0.2577593293989523,0.30840012351253354,0.36746270711289913
AWS,LC09_L2SP_115035_20240611_20240612_02_T1,2024-06-11,824,38.78131670000001,38.79961124514288,37.387518438142216,36.13205058258578,0.31403400168440776,0.3211373819933917,0.4185643087888341,0.5236422947577604
AWS,LC09_L2SP_115035_20240611_20240612_02_T1,2024-06-11,951,,,32.000873832062275,30.69424338777072,,,0.6836416831369719,0.7379396501248112
AWS,LC09_L2SP_115035_20240611_20240612_02_T1,2024-06-11,791,30.922149380000025,29.912661587428587,26.67728176061858,26.080675233535665,0.6234609362751006,0.7205772190266262,0.8611106654482478,0.881105131699594
AWS,LC09_L2SP_115035_20240611_20240612_02_T1,2024-06-11,314,26.41150232000003,26.43966029428573,23.901591113608262,23.633120451709154,0.8274606987193559,0.773153996886074,0.8454744267688398,0.8643506467949844
AWS,LC09_L2SP_115035_20240611_20240612_02_T1,2024-06-11,977,39.55492856000001,38.790138446857156,36.4036472387629,35.601489499830684,0.28122230722590197,0.3216831635185611,0.36831650836924296,0.4014928168497915
AWS,LC09_L2SP_115035_20240611_20240612_02_T1,2024-06-11,764,37.10306888000002,35.60581335714288,33.34466028804126,32.794128381683386,0.35401376274395097,0.31162280927154945,0.6407686596178563,0.6883222717788552
AWS,LC09_L2SP_115035_20240611_20240612_02_T1,2024-06-11,864,41.96349332,42.119485242285734,41.51910373690724,39.470642841889514,0.3357435769758516,0.31014798721565107,0.30615878251852147,0.3778435453628113
AWS,LC09_L2SP_115035_20240611_20240612_02_T1,2024-06-11,832,42.02729636,40.827278366857165,38.52838713525775,38.24588593823077,0.48474265202536726,0.5180955118116722,0.3836696772802413,0.38328904508637396
AWS,LC09_L2SP_115035_20240611_20240612_02_T1,2024-06-11,849,35.50229618000003,35.244186841142884,35.24008353917528,33.74453364852564,0.3566404157787037,0.531666927105082,0.5621591963597091,0.6241124565352382
AWS,LC09_L2SP_115035_20240611_20240612_02_T1,2024-06-11,826,41.12721776000003,41.41166212914288,40.57902353863015,40.24242841795084,0.31417606503717904,0.38818249971712476,0.45404707800527605,0.4644497873218209
AWS,LC09_L2SP_115035_20240611_20240612_02_T1,2024-06-11,803,36.24172784000001,35.795562296000014,35.42964465752579,33.927745587437755,0.5645682820172763,0.561506504705782,0.5880010233854401,0.6724885251404128
AWS,LC09_L2SP_115035_20240611_20240612_02_T1,2024-06-11,709,34.66260260000005,34.52933237257145,35.249013603445135,35.275463589327266,0.4808705240650781,0.3529734524857697,0.3439888345297646,0.4175068804277862
AWS,LC09_L2SP_115035_20240611_20240612_02_T1,2024-06-11,846,43.21676732000003,41.72348321085717,41.89477185086553,41.36155869644599,0.6734699518153836,0.5223354361745653,0.43240434430913327,0.4153242633993311
AWS,LC09_L2SP_115035_20240611_20240612_02_T1,2024-06-11,853,31.229771180000018,30.35417211371431,27.46223612226806,27.633792991268265,0.4189886894476574,0.713177466728042,0.8585446099144689,0.859112453082132
AWS,LC09_L2SP_115035_20240611_20240612_02_T1,2024-06-11,643,36.59150522000002,36.45377529028574,32.74398536206187,30.87392533318873,0.6461232726332841,0.5997040506171589,0.6989465976632082,0.7673809375141049
AWS,LC09_L2SP_115035_20240611_20240612_02_T1,2024-06-11,641,35.5968614,35.39829071428572,36.07031785649486,35.4978614629545,0.45677809581465284,0.493649216415968,0.45139191820381236,0.5106496493699734
AWS,LC09_L2SP_115035_20240611_20240612_02_T1,2024-06-11,946,38.21392538,37.458966143428576,33.60467009525853,30.54966586803778,0.32374119912772964,0.41287063756627806,0.5665115662695556,0.6710173307844177
AWS,LC09_L2SP_115035_20240611_20240612_02_T1,2024-06-11,735,30.876575780000035,30.311202719428586,29.797460274433007,27.973038081374195,0.6103714012408813,0.7266006113808047,0.7851579019404888,0.8385487002948592
AWS,LC09_L2SP_115035_20240611_20240612_02_T1,2024-06-11,906,34.46093942000001,34.469956482285724,33.16258905773198,30.97329149201834,0.7171953253861618,0.6469402139615883,0.7093253782218076,0.7726518735624986
AWS,LC09_L2SP_115035_20240611_20240612_02_T1,2024-06-11,622,45.44759504000001,44.56659224685716,36.378166741443316,32.959545675963376,0.5053722390802963,0.43785659218810574,0.5941972699624177,0.6938934123528385
AWS,LC09_L2SP_115035_20240611_20240612_02_T1,2024-06-11,603,40.43222036000001,40.37795522342859,36.473209622886614,34.913445604746656,0.38884130799291183,0.39266287401805383,0.5305069354819152,0.6104133180912589
AWS,LC09_L2SP_115035_20240611_20240612_02_T1,2024-06-11,768,39.94572218000002,39.39815537600001,35.872213645773215,34.96200242937878,0.5241630370492576,0.49222958995441873,0.5881690993801425,0.5997463573556345
AWS,LC09_L2SP_115035_20240611_20240612_02_T1,2024-06-11,659,25.57408742000003,26.046587994285737,25.898697523298992,26.011740433953644,0.8386778728860298,0.8242283312924226,0.8458957815669814,0.8555142424381449
AWS,LC09_L2SP_115035_20240611_20240612_02_T1,2024-06-11,935,,,36.275986200527726,34.292459354364276,,,0.45358343373715587,0.5796384077284316
AWS,LC09_L2SP_115035_20240611_20240612_02_T1,2024-06-11,758,39.29174102000002,38.5355447857143,34.47777502824744,32.14661491360827,0.321446360229466,0.337657299125396,0.5022465863617781,0.6523804038663574
AWS,LC09_L2SP_115035_20240611_20240612_02_T1,2024-06-11,760,42.01020626000004,41.15745909885717,36.84644331195878,34.42448869445178,0.402750172799436,0.44185648486035706,0.5789259979065976,0.6681607104468582
AWS,LC09_L2SP_115035_20240611_20240612_02_T1,2024-06-11,936,35.11150256000002,35.17270139428574,35.786986315463935,33.754020537704,0.36283926736013744,0.35186629506541117,0.44904543485668325,0.6213460844567078
AWS,LC09_L2SP_115035_20240611_20240612_02_T1,2024-06-11,818,35.45216522000002,34.31800107885716,31.599708222061874,31.799186108748945,0.57278061230141,0.6379998308491978,0.7832334079115634,0.7811479058527979
AWS,LC09_L2SP_115035_20240611_20240612_02_T1,2024-06-11,819,38.02593428000002,37.126246310857155,31.858592893814453,30.304703099490425,0.35253637956882805,0.4011743641672695,0.6761348812834609,0.7382839966068756
AWS,LC09_L2SP_115035_20240611_20240612_02_T1,2024-06-11,838,34.54866860000002,34.63880667028574,32.51172052762888,29.721404727351867,0.6878578827229198,0.6214054312205834,0.7206947593240322,0.8024864253826507
AWS,LC09_L2SP_115035_20240611_20240612_02_T1,2024-06-11,839,39.871665080000014,39.88156106171431,38.229649162109396,35.9008394430828,0.277476767178583,0.3420292204860436,0.40256102415089884,0.5411184112077153
AWS,LC09_L2SP_115035_20240611_20240612_02_T1,2024-06-11,635,33.85025318000004,34.12600601257145,33.149218978507484,32.823988241770444,0.6449309692186783,0.3797636661361668,0.46677152319777804,0.4949953554033229
AWS,LC09_L2SP_115035_20240611_20240612_02_T1,2024-06-11,992,40.81389926000003,40.536356036000015,37.09613104329898,34.46284625699973,0.32342839495297004,0.3749525587397785,0.4644973079260512,0.5672750980154675
AWS,LC09_L2SP_115035_20240611_20240612_02_T1,2024-06-11,379,33.941400380000026,33.210074310285734,31.38580141937502,30.75574123514722,0.7280003573529529,0.7207131893719908,0.6951516536083383,0.7196757164512724
AWS,LC09_L2SP_115035_20240611_20240612_02_T1,2024-06-11,702,36.65872628000002,35.189205548000025,35.07099810205545,36.093529407321874,0.17241005605772686,0.1751792173392837,0.21511803698656684,0.29983002735392345
AWS,LC09_L2SP_115035_20240611_20240612_02_T1,2024-06-11,493,38.624087780000046,38.73769625428574,36.28515587876291,35.5938869821758,0.29604910246423355,0.37903614333222696,0.38094190304662934,0.4944102016007189
AWS,LC09_L2SP_115035_20240611_20240612_02_T1,2024-06-11,642,32.46139772,34.11389645600003,32.539601077938165,31.312542416332256,0.7974313111303574,0.7679182348386916,0.7077659938398408,0.7488621128116109
AWS,LC09_L2SP_115035_20240611_20240612_02_T1,2024-06-11,640,35.038584800000024,35.157759764000026,33.30427831979383,32.604235989710865,0.44068984462254396,0.45128098082176693,0.5917525895254518,0.6510578509081691
AWS,LC09_L2SP_115035_20240611_20240612_02_T1,2024-06-11,317,37.76616476000004,38.3687454097143,37.73654192000002,35.48464375742048,0.6358956559103278,0.5188945518466818,0.5473257143813052,0.615785208042862
AWS,LC09_L2SP_115035_20240611_20240612_02_T1,2024-06-11,690,39.52758440000002,38.71982489257145,35.20504589773198,33.96318026829661,0.42800666070239385,0.46095931086520614,0.5746659462871117,0.5979140087708301
AWS,LC09_L2SP_115035_20240611_20240612_02_T1,2024-06-11,644,,,,38.37839031536002,,,,0.4612039281371594
AWS,LC09_L2SP_115035_20240611_20240612_02_T1,2024-06-11,806,40.08813968000002,40.09601740228574,38.02109893670105,37.57054468111082,0.41623053137440524,0.4133867898189058,0.37309141435848386,0.4068511093920191
AWS,LC09_L2SP_115035_20240611_20240612_02_T1,2024-06-11,636,39.831788180000025,39.3948350137143,36.43628482721651,34.54046359063844,0.443114184217612,0.4346427931378454,0.5965701871860638,0.6582794641101776
AWS,LC09_L2SP_115035_20240611_20240612_02_T1,2024-06-11,795,38.41900658000003,38.07547929371432,37.18059893947189,35.07223910051608,0.42922458359791943,0.44464790622091294,0.43141944543684274,0.5156128806473745
AWS,LC09_L2SP_115035_20240611_20240612_02_T1,2024-06-11,614,36.48668594000001,36.34703540857144,34.53634728391755,33.6700855262174,0.33880417513296046,0.324876531926607,0.40252888720349816,0.4005187987487805
AWS,LC09_L2SP_115035_20240611_20240612_02_T1,2024-06-11,872,29.872817240000035,28.852001152571447,26.49226625649486,26.169071121511614,0.6740272812161695,0.7739706632575581,0.8817274756234345,0.8920427352730774
AWS,LC09_L2SP_115035_20240611_20240612_02_T1,2024-06-11,944,40.872005600000044,40.6369434817143,38.549537375624055,36.62718249758327,0.33702480006483676,0.2867753874662728,0.3781739627167532,0.4746224364256316
AWS,LC09_L2SP_115035_20240611_20240612_02_T1,2024-06-11,327,38.79043142000004,38.937699253142874,40.999149679587646,40.34356972695107,0.5153562632077379,0.5146585553657212,0.3554474687456135,0.3585783097499431
AWS,LC09_L2SP_115035_20240611_20240612_02_T1,2024-06-11,624,34.362956180000005,34.76234367885716,34.43061966412373,33.77213124888637,0.7344044283673282,0.6024072042001526,0.5762852638500939,0.6154949842166079
AWS,LC09_L2SP_115035_20240611_20240612_02_T1,2024-06-11,605,35.02149470000003,34.52249633257145,33.849364416494865,34.16974003348986,0.5171610967035647,0.6557564345812156,0.7237081625545819,0.7081864061906924
AWS,LC09_L2SP_115035_20240611_20240612_02_T1,2024-06-11,617,36.51516944,36.92253231885716,37.63606074556703,37.35740133774408,0.37781241192250636,0.4012027536459775,0.45441496706637413,0.44078931413463257
AWS,LC09_L2SP_115035_20240611_20240612_02_T1,2024-06-11,604,43.08802190000002,41.871922936571444,39.171068861443324,37.39144650002292,0.3579622261340836,0.423070792469526,0.5293165996163945,0.5933192277161646
AWS,LC09_L2SP_115035_20240611_20240612_02_T1,2024-06-11,619,,,,34.51715145313815,,,,0.5640996928383308
AWS,LC09_L2SP_115035_20240611_20240612_02_T1,2024-06-11,315,28.716387140000013,27.840755521142885,24.688251882603705,24.566092110290203,0.4859514368320888,0.6950945607308556,0.8697196182408338,0.8773268304021872
AWS,LC09_L2SP_115035_20240611_20240612_02_T1,2024-06-11,311,27.713767939999986,27.348755956571445,26.18835220556703,25.491304452081238,0.5935334263571437,0.7467490950976274,0.8147241112944067,0.8414072790710426
AWS,LC09_L2SP_115035_20240611_20240612_02_T1,2024-06-11,948,33.42527936000001,33.894654887428594,34.64540678804126,32.75984641412541,0.7292961249890554,0.6350769700216063,0.6937128095676638,0.7615237493010529
AWS,LC09_L2SP_115035_20240611_20240612_02_T1,2024-06-11,625,35.05567490000002,33.961843394857155,30.40535493567012,29.388855746853725,0.527062512056117,0.5910035916840483,0.7099886552530071,0.7694503991048102
AWS,LC09_L2SP_115035_20240611_20240612_02_T1,2024-06-11,611,39.48315014000002,39.82765400342859,38.556882381030945,37.8153991259794,0.5884638586754306,0.5237891795575875,0.4698950731488743,0.451653534574877
AWS,LC09_L2SP_115035_20240611_20240612_02_T1,2024-06-11,600,,,,33.60168546695069,,,,0.6380893480271804
AWS,LC09_L2SP_115035_20240611_20240612_02_T1,2024-06-11,496,36.88089758000001,37.0440185154286,35.041360717731976,34.924399012154716,0.4677998392477309,0.4921421208623591,0.5525320508837497,0.574739510388527
AWS,LC09_L2SP_115035_20240611_20240612_02_T1,2024-06-11,828,37.198773440000004,35.76816930714288,34.37830948121953,34.08902805102704,0.5036566518481133,0.644303070724544,0.5267563870607208,0.5348278895580253
AWS,LC09_L2SP_115035_20240611_20240612_02_T1,2024-06-11,888,32.709773840000025,32.01288839085716,30.084734480000016,28.37162792485341,0.38657686833454924,0.6230510318513568,0.6571678903686805,0.654237833347778
AWS,LC09_L2SP_115035_20240611_20240612_02_T1,2024-06-11,815,38.71751366000003,37.86688241600002,36.08097127278352,34.820420593607004,0.3668666112862391,0.3809692842594676,0.5079883911111382,0.5579871529502414
AWS,LC09_L2SP_115035_20240611_20240612_02_T1,2024-06-11,378,35.566099220000034,36.36915015548389,38.25570522021278,37.483140461525146,0.41435499167187223,0.40318261836374963,0.40154062297791676,0.4669621937770646
AWS,LC09_L2SP_115035_20240611_20240612_02_T1,2024-06-11,516,39.28946234000002,39.432335576000014,38.08371956886599,36.690771348187795,0.4979851270055013,0.4907645619724776,0.43225652123709973,0.4580971134267721
AWS,LC09_L2SP_115035_20240611_20240612_02_T1,2024-06-11,494,32.775855560000025,32.113085205714306,32.55627616061858,33.69052834540511,0.691238702804438,0.7035815904109434,0.7307273277419521,0.6821229365953068
AWS,LC09_L2SP_115035_20240611_20240612_02_T1,2024-06-11,807,37.86528734000001,37.96024319085717,37.27293984937271,36.239947547202796,0.5480143087675492,0.3504551223417148,0.5478912233711383,0.6032382028245308
AWS,LC09_L2SP_115035_20240611_20240612_02_T1,2024-06-11,847,42.08426336,41.05491849885716,36.04240634497698,34.16891029237085,0.43901670055435504,0.4936119738672673,0.6301304253260813,0.6839070636756108
AWS,LC09_L2SP_115035_20240611_20240612_02_T1,2024-06-11,823,38.8781606,39.4761838897143,37.25797605216497,36.577077068220454,0.6443920846610932,0.5638364751130293,0.6019383214981306,0.6145191150678015
AWS,LC09_L2SP_115035_20240611_20240612_02_T1,2024-06-11,822,43.44577466000002,42.91500498285716,41.23006766536084,39.82409722727743,0.5249331237770496,0.5305909983965472,0.49980402836666,0.5238632894682808
AWS,LC09_L2SP_115035_20240611_20240612_02_T1,2024-06-11,996,34.282063040000004,34.9634697414286,34.387566318235315,32.11382776203872,0.5917899869328946,0.5910637730318989,0.6155690275052214,0.7095107331389615
AWS,LC09_L2SP_115035_20240611_20240612_02_T1,2024-06-11,647,36.47643188000001,36.54303444114288,35.34488324288662,34.79706925359175,0.5170158774183876,0.5430271719932045,0.5362894822269291,0.5826336036984483
AWS,LC09_L2SP_115035_20240611_20240612_02_T1,2024-06-11,762,33.400213880000024,33.486250326285735,31.040358841443314,29.806858162954498,0.4456641677066046,0.42546996921357594,0.6213203831925611,0.6946537412136103
ASOS,LC09_L2SP_115035_20240814_20240815_02_T1,2024-08-14,135,41.76524816000002,41.83969589085717,41.27190219422681,40.187318362628126,0.6240250103480681,0.6832518053029702,0.6782824801743222,0.7052216706261525
ASOS,LC09_L2SP_115035_20240814_20240815_02_T1,2024-08-14,131,47.95528238000003,47.11786748000002,48.01713559495457,47.445961344936734,0.6120747273888353,0.45251891205539674,0.2935806340467756,0.3372411576105203
ASOS,LC09_L2SP_115035_20240814_20240815_02_T1,2024-08-14,133,,,42.6296984269159,44.41930740808851,,,0.6070980346216116,0.5235810851893818
ASOS,LC09_L2SP_115035_20240814_20240815_02_T1,2024-08-14,244,46.66441016000001,46.17882345200001,46.14499249298971,44.25963439067012,0.43037463553186933,0.4359251321126891,0.5020122468097377,0.5946496833125188
ASOS,LC09_L2SP_115035_20240814_20240815_02_T1,2024-08-14,226,40.80250586000002,41.07337580685716,41.795446624738695,39.37453784518134,0.6333611915796244,0.6190752261073851,0.5810384048871965,0.6542697404974764
ASOS,LC09_L2SP_115035_20240814_20240815_02_T1,2024-08-14,238,51.85182518000003,52.01406719600002,51.948829203459475,,0.45876609425937603,0.40018577173872477,0.39886493636594117,
ASOS,LC09_L2SP_115035_20240814_20240815_02_T1,2024-08-14,243,,,,46.01172127154365,,,,0.5382087535309408
ASOS,LC09_L2SP_115035_20240814_20240815_02_T1,2024-08-14,289,40.374114020000015,40.3614510697143,39.69359524309281,38.79597629717642,0.8004454511426512,0.5976400217576011,0.5876749992663343,0.5907602361306379
ASOS,LC09_L2SP_115035_20240814_20240815_02_T1,2024-08-14,278,51.145434380000005,50.66189848400001,46.04187864149941,46.67768494247235,0.3124820315027581,0.32484880712894043,0.5435317814857096,0.5513308022102578
ASOS,LC09_L2SP_115035_20240814_20240815_02_T1,2024-08-14,279,51.094164080000006,51.510251048000015,48.35757119670105,46.88234669011167,0.4749123425586271,0.3789176155550195,0.4999089358641176,0.5533607062911449
ASOS,LC09_L2SP_115035_20240814_20240815_02_T1,2024-08-14,285,44.056460900000026,44.89560108628573,41.3018348426316,38.43941855921916,0.34102285994743725,0.3941735914637573,0.39158238566549397,0.5303112682680247
ASOS,LC09_L2SP_115035_20240814_20240815_02_T1,2024-08-14,136,48.712943480000035,48.88555349000003,47.06080766207741,46.47562959976094,0.4275511263332069,0.3070409996941339,0.4560347251965587,0.4909146735319512
ASOS,LC09_L2SP_115035_20240814_20240815_02_T1,2024-08-14,248,40.737563480000006,41.45365494628574,40.520282336907236,40.23368026563278,0.4802074731950547,0.5448559402999601,0.6553519373156852,0.690699415925818
ASOS,LC09_L2SP_115035_20240814_20240815_02_T1,2024-08-14,137,39.76684580000002,41.30365269714288,47.11513463010311,45.36992323462355,0.6815629141163422,0.7463992472856148,0.45954010317663824,0.5176856360347075
ASOS,LC09_L2SP_115035_20240814_20240815_02_T1,2024-08-14,254,48.531788420000034,47.68822108400001,40.45859353608249,39.713254743028926,0.28346821146321366,0.4074092881044924,0.6713887937086819,0.6845585083720217
ASOS,LC09_L2SP_115035_20240814_20240815_02_T1,2024-08-14,264,42.78381812,41.79682415428574,36.82269727381445,35.9144479821664,0.2219853108456642,0.39314688015402005,0.718118210028694,0.7555419314911953
ASOS,LC09_L2SP_115035_20240814_20240815_02_T1,2024-08-14,263,39.66316586000003,41.21368100666669,,40.46654095260665,0.8223317022271983,0.6810615966937057,,0.6932929281052869
ASOS,LC09_L2SP_115035_20240814_20240815_02_T1,2024-08-14,284,45.70508588000001,45.22070361714288,43.16959629484538,42.9828477382594,0.6479922623070834,0.6082160590086271,0.6140993677886671,0.6177284759411859
ASOS,LC09_L2SP_115035_20240814_20240815_02_T1,2024-08-14,146,41.67524030000002,42.10766865885715,45.75584328123713,49.249003604041356,0.7036808277554929,0.7446719638919548,0.5760124570234253,0.4242184817031612
ASOS,LC09_L2SP_115035_20240814_20240815_02_T1,2024-08-14,247,48.95904092000001,48.60493404800001,48.0079230202062,44.85701733485389,0.5754858626917188,0.5255506172089333,0.384846708819912,0.49270304643385443
AWS,LC09_L2SP_115035_20240814_20240815_02_T1,2024-08-14,648,42.885219380000024,42.412946673714295,37.632568043763335,35.810572469286726,0.4309659402440234,0.48966921817306874,0.7170656952709634,0.7761791209813543
AWS,LC09_L2SP_115035_20240814_20240815_02_T1,2024-08-14,763,,,48.32946062500002,42.703255726655996,,,0.5139061939140406,0.6501345996655018
AWS,LC09_L2SP_115035_20240814_20240815_02_T1,2024-08-14,551,42.671023460000015,43.48593639500003,45.80190129650002,45.16259067864866,0.6503514431836284,0.5305016026477049,0.4586151220915038,0.4604478775576401
AWS,LC09_L2SP_115035_20240814_20240815_02_T1,2024-08-14,733,44.868810320000044,43.75320114457145,39.628620375419864,37.52950925202654,0.5645420760808753,0.6792877551510508,0.7608725416581615,0.8020235772553043
AWS,LC09_L2SP_115035_20240814_20240815_02_T1,2024-08-14,820,41.42572484000004,40.96155772400001,39.58564723298331,38.817286138104535,0.6017537107283922,0.6246818301461231,0.7047461383977828,0.73946931365283
AWS,LC09_L2SP_115035_20240814_20240815_02_T1,2024-08-14,821,,,,37.92717437810561,,,,0.7661503892537093
AWS,LC09_L2SP_115035_20240814_20240815_02_T1,2024-08-14,825,48.678763280000034,47.76410112800003,43.77218578185569,43.636463578820525,0.4088365665833929,0.41537863067509173,0.6398585908450347,0.6528086030075855
AWS,LC09_L2SP_115035_20240814_20240815_02_T1,2024-08-14,809,,,35.81913289321609,35.43763766096729,,,0.7846505503738994,0.7931136832102753
AWS,LC09_L2SP_115035_20240814_20240815_02_T1,2024-08-14,810,,,46.22117924611653,45.774490707818885,,,0.530304461426247,0.5563053735405276
AWS,LC09_L2SP_115035_20240814_20240815_02_T1,2024-08-14,972,47.57132480000001,48.844195448000015,,43.261226973907895,0.2290478362185835,0.399416425015847,,0.6239237293501186
AWS,LC09_L2SP_115035_20240814_20240815_02_T1,2024-08-14,833,39.36807680000002,38.291400500000016,35.95635773735439,34.44840565541369,0.618846400902192,0.6905716290183579,0.7347782952332235,0.7819873241051154
AWS,LC09_L2SP_115035_20240814_20240815_02_T1,2024-08-14,757,39.78393590000002,39.63419407142859,39.153826066391765,38.66492975630709,0.7801050426362215,0.805416677329327,0.7542922910410206,0.758984712232877
AWS,LC09_L2SP_115035_20240814_20240815_02_T1,2024-08-14,676,45.298341500000014,44.72919234114288,41.94072218103094,42.60320543939141,0.6682689325197048,0.5382402775030237,0.682685284132428,0.6671969806221792
AWS,LC09_L2SP_115035_20240814_20240815_02_T1,2024-08-14,602,42.67672016000002,42.67838034114289,40.572823185403244,42.000629559801446,0.6329948671468933,0.5686304362335842,0.6784468012615027,0.6395121397045002
AWS,LC09_L2SP_115035_20240814_20240815_02_T1,2024-08-14,860,47.941610300000036,48.34233245428573,49.08557207498235,48.36918010585352,0.3552990280781932,0.3465762806039748,0.2994085733865813,0.2894900012644496
AWS,LC09_L2SP_115035_20240814_20240815_02_T1,2024-08-14,701,50.51537936000003,50.671664255428595,47.12740113257734,44.25355710671518,0.5385203206627189,0.5056235978397449,0.5646710708949432,0.6223467271490868
AWS,LC09_L2SP_115035_20240814_20240815_02_T1,2024-08-14,626,38.72321036000002,38.89336265085716,36.5052809293677,35.08508526555663,0.5651526426511579,0.6521645709213953,0.7425494958627825,0.8020675247394061
AWS,LC09_L2SP_115035_20240814_20240815_02_T1,2024-08-14,845,48.17973236,48.12377448971429,44.55485561919709,44.265450334159425,0.6521222096366964,0.611482506094183,0.5396653806158438,0.5571142222757396
AWS,LC09_L2SP_115035_20240814_20240815_02_T1,2024-08-14,945,36.31350626000002,36.1237898737143,33.82119805237116,32.59030084624425,0.7373182683250699,0.7691420452692064,0.7782105409578309,0.7965171105154211
AWS,LC09_L2SP_115035_20240814_20240815_02_T1,2024-08-14,915,33.511869200000014,33.834009446857166,33.744516679036714,32.71310072586584,0.716336357411956,0.7097802047185885,0.747886664433267,0.7900235215132575
AWS,LC09_L2SP_115035_20240814_20240815_02_T1,2024-08-14,703,43.21448864000001,42.90768065428574,41.45409562817642,39.15201253573437,0.6738030240316576,0.5794677092728409,0.6114844961970495,0.7044995792761524
AWS,LC09_L2SP_115035_20240814_20240815_02_T1,2024-08-14,761,43.812642140000015,43.39567625257145,40.922602177266775,39.862073355143316,0.36260640203140243,0.5456941231664573,0.6770680870733841,0.7170753447570835
AWS,LC09_L2SP_115035_20240814_20240815_02_T1,2024-08-14,914,41.24798780000003,40.47395275657145,38.13376830845362,35.41800328597196,0.7834575827246123,0.7029799681313671,0.7736224276432755,0.8271863424197106
AWS,LC09_L2SP_115035_20240814_20240815_02_T1,2024-08-14,737,40.94150534000001,41.24215706000002,43.43917341133423,44.85064582238002,0.8300567255478066,0.7347309671210474,0.6392031911176445,0.6028016967251937
AWS,LC09_L2SP_115035_20240814_20240815_02_T1,2024-08-14,759,,,28.77903533877553,28.760460856599817,,,0.8832766943504043,0.8986480585524214
AWS,LC09_L2SP_115035_20240814_20240815_02_T1,2024-08-14,920,39.93888614000002,40.72473776685716,40.32459775546394,39.382049290002875,0.8688577202404816,0.63530489225986,0.6605342732795714,0.6957907269872854
AWS,LC09_L2SP_115035_20240814_20240815_02_T1,2024-08-14,912,36.610874000000024,37.38328141485715,39.0670443787629,38.82940531673295,0.8272045113053069,0.7829148955680761,0.6938921442193371,0.6796712757391563
AWS,LC09_L2SP_115035_20240814_20240815_02_T1,2024-08-14,706,40.47095792000001,40.050215934285724,39.96812528474228,40.58077326950475,0.6292309726790418,0.5662208044336455,0.6705861943685191,0.668724586393024
AWS,LC09_L2SP_115035_20240814_20240815_02_T1,2024-08-14,824,42.58215494000003,42.15932958971431,40.01836978721652,38.992080876948684,0.6553042021005214,0.625203102821583,0.7116741125926989,0.7450474008180111
AWS,LC09_L2SP_115035_20240814_20240815_02_T1,2024-08-14,314,30.853788980000008,30.425462245142878,28.242695768041255,28.300495748371045,0.8748703560232686,0.822954948910255,0.8849246907024594,0.899639586559977
AWS,LC09_L2SP_115035_20240814_20240815_02_T1,2024-08-14,764,41.96805068000001,40.49358195714288,38.80803441876291,38.548299040621785,0.6134160349835002,0.6669090976057067,0.7827264149005174,0.796519876757206
AWS,LC09_L2SP_115035_20240814_20240815_02_T1,2024-08-14,864,52.044373640000025,52.19815198742859,51.54067573278353,48.90237596089324,0.407279963464362,0.34701397552862107,0.35564865396549844,0.43013850118234
AWS,LC09_L2SP_115035_20240814_20240815_02_T1,2024-08-14,738,48.02933948000001,48.259030424000024,45.98106065175259,44.98516861512956,0.41522606503356435,0.48181039675745824,0.6327519480140459,0.6166497084340594
AWS,LC09_L2SP_115035_20240814_20240815_02_T1,2024-08-14,836,41.50206062000001,41.37221514758622,40.072230705085595,38.74145504469016,0.6627915531148104,0.6913697891055092,0.6936251379051188,0.7657545587721685
AWS,LC09_L2SP_115035_20240814_20240815_02_T1,2024-08-14,832,45.95118332000002,45.2888687017143,41.975822466597954,41.21012341869455,0.5598154672401671,0.5788972703662544,0.6394710539494192,0.6650180767160132
AWS,LC09_L2SP_115035_20240814_20240815_02_T1,2024-08-14,826,49.699611919999995,49.58844488857144,48.37325422401377,47.258793391329526,0.34773771243811363,0.41271886644473255,0.5009684474952135,0.54449825695205
AWS,LC09_L2SP_115035_20240814_20240815_02_T1,2024-08-14,803,43.17461173999999,42.49878780457145,41.67143075422682,40.34187578783508,0.5987303602597182,0.5959132309552716,0.6916742870101728,0.7518876109704576
AWS,LC09_L2SP_115035_20240814_20240815_02_T1,2024-08-14,709,34.43701328000001,34.68363156114288,35.847124674226826,35.81422870126438,0.594375870816344,0.7153168010742095,0.6802961730002507,0.7066372771979254
AWS,LC09_L2SP_115035_20240814_20240815_02_T1,2024-08-14,846,47.01076952000002,46.51974653257144,49.111577458348876,48.71293488584054,0.8517100422658651,0.7090000858413953,0.4770664063647305,0.43299088113078954
AWS,LC09_L2SP_115035_20240814_20240815_02_T1,2024-08-14,643,,,,33.30069334870815,,,,0.8321961450138798
AWS,LC09_L2SP_115035_20240814_20240815_02_T1,2024-08-14,946,47.25686696,46.31476299028573,40.404907522061876,37.19305455989123,0.33996123852685295,0.49616768269713174,0.7244905489939758,0.7980464603395695
AWS,LC09_L2SP_115035_20240814_20240815_02_T1,2024-08-14,735,37.93934444000001,35.78667544400001,34.75929380494848,32.96239418905241,0.6286622965453754,0.7682209252872061,0.8100415024161381,0.8582613344147203
AWS,LC09_L2SP_115035_20240814_20240815_02_T1,2024-08-14,603,,43.55315745500002,,,,0.41718098736300524,,
AWS,LC09_L2SP_115035_20240814_20240815_02_T1,2024-08-14,768,43.392225680000024,42.76920201542858,38.84320909422682,38.008427467865765,0.5728700252432609,0.5813019708961437,0.7065084056742664,0.7115241758940234
AWS,LC09_L2SP_115035_20240814_20240815_02_T1,2024-08-14,758,46.302100040000006,44.79335345942858,39.550637437525786,37.654348030777186,0.5593037557884917,0.4652979805314503,0.7051325607043779,0.7606989762249969
AWS,LC09_L2SP_115035_20240814_20240815_02_T1,2024-08-14,936,37.33207622000003,37.45164181485716,39.60552889136941,39.290480082278044,0.7770819236254639,0.7932474471434627,0.7052460128111578,0.7179433644856477
AWS,LC09_L2SP_115035_20240814_20240815_02_T1,2024-08-14,819,45.46810316000002,44.416687655428596,39.32110936824745,37.83306388224451,0.4596577754565369,0.5041331632134491,0.7406905377876478,0.7974127955061492
AWS,LC09_L2SP_115035_20240814_20240815_02_T1,2024-08-14,838,,,,29.912364156879686,,,,0.8677467451339308
AWS,LC09_L2SP_115035_20240814_20240815_02_T1,2024-08-14,839,49.84886546000001,48.990974992571445,45.31679014481569,42.57346591854912,0.2678321232461182,0.3708143014298541,0.5239458407156276,0.6468217579170328
AWS,LC09_L2SP_115035_20240814_20240815_02_T1,2024-08-14,635,37.58387036000003,37.721177106285744,37.194235656288676,37.16670605984778,0.7104564048397873,0.7256447769054071,0.7809943291736829,0.7849592540604307
AWS,LC09_L2SP_115035_20240814_20240815_02_T1,2024-08-14,992,46.439960180000035,46.026770390857145,43.0808413173196,40.12048362412373,0.36359583947807045,0.48250146269889477,0.6190107209260605,0.6927145033588884
AWS,LC09_L2SP_115035_20240814_20240815_02_T1,2024-08-14,379,41.13177512000001,40.491726460571435,36.94881555587631,35.65709251721776,0.7863859106485221,0.773442324880462,0.7790438088124756,0.7898055678139658
AWS,LC09_L2SP_115035_20240814_20240815_02_T1,2024-08-14,642,39.147044840000014,40.68730592666669,39.708083004335954,37.805238474175425,0.8314728094835857,0.7796281794505467,0.7253338439753346,0.769829887698921
AWS,LC09_L2SP_115035_20240814_20240815_02_T1,2024-08-14,640,39.22224128000003,39.204988417142886,38.28389103567012,37.80162749217294,0.5528653248109938,0.7006269894344186,0.7289654829329884,0.7427230561615116
AWS,LC09_L2SP_115035_20240814_20240815_02_T1,2024-08-14,317,44.77196642000001,45.482816922285735,44.48274633134023,42.170501099804895,0.739667602960878,0.6182980349594793,0.6520400713801154,0.7052756788183202
AWS,LC09_L2SP_115035_20240814_20240815_02_T1,2024-08-14,690,45.08756360000003,43.593921412571454,38.2771254703093,36.57219417351848,0.4462758997071044,0.5204934094291376,0.7239681310124539,0.7735927581104645
AWS,LC09_L2SP_115035_20240814_20240815_02_T1,2024-08-14,644,,,,45.46909668735259,,,,0.6084552617812259
AWS,LC09_L2SP_115035_20240814_20240815_02_T1,2024-08-14,806,46.90481090000003,46.28175468285716,42.20518235041287,41.4842321438183,0.4870773160829979,0.5789790234816217,0.6806548572209867,0.6921077181932348
AWS,LC09_L2SP_115035_20240814_20240815_02_T1,2024-08-14,795,43.121062759999994,42.70103693085716,40.93964123659688,38.95046555688507,0.4773234494745519,0.5139649919509242,0.5731062677903127,0.6652995971626997
AWS,LC09_L2SP_115035_20240814_20240815_02_T1,2024-08-14,614,39.25983950000002,40.03576259257144,38.71312759387588,37.74807828455827,0.7203748067244963,0.6607072463196038,0.6945746378665345,0.7362793362410764
AWS,LC09_L2SP_115035_20240814_20240815_02_T1,2024-08-14,944,47.87780726000002,47.41912238000002,45.60442141716091,,0.4709215222664218,0.43806364479985765,0.5021553293329029,
AWS,LC09_L2SP_115035_20240814_20240815_02_T1,2024-08-14,624,37.60779650000003,37.92606299085716,37.71928346391755,37.497943264304354,0.7776800872065435,0.7371138191370338,0.7418185264476099,0.7449926095192795
AWS,LC09_L2SP_115035_20240814_20240815_02_T1,2024-08-14,605,41.063414720000026,40.40393217542859,39.21515466350518,39.562210159244216,0.577834779221637,0.6948755018958084,0.7591334285716811,0.747727268036637
AWS,LC09_L2SP_115035_20240814_20240815_02_T1,2024-08-14,604,44.29572230000002,44.210727536000014,41.092642865778416,39.17979802460313,0.4112774104994818,0.520060923452025,0.6262954738747172,0.6788672467455236
AWS,LC09_L2SP_115035_20240814_20240815_02_T1,2024-08-14,619,,,,40.04665224687092,,,,0.688749867235495
AWS,LC09_L2SP_115035_20240814_20240815_02_T1,2024-08-14,378,45.61052066000004,46.082321354000015,47.251573494346815,46.43577973954811,0.3999602560934717,0.44141960041292544,0.46954300852093384,0.5221001534064087
AWS,LC09_L2SP_115035_20240814_20240815_02_T1,2024-08-14,516,43.55515130000001,43.56472175600002,42.432858433992216,41.94356320663417,0.5674966517878213,0.6033659228572031,0.5812584011979844,0.5979610799401022
AWS,LC09_L2SP_115035_20240814_20240815_02_T1,2024-08-14,847,48.95904092000003,47.86517686228573,40.953384576755525,38.899826737704934,0.4582853479359523,0.5007888505188097,0.7258217035253349,0.7776060456153978
AWS,LC09_L2SP_115035_20240814_20240815_02_T1,2024-08-14,823,43.36146350000001,45.254493186285735,44.09625228371827,42.15476625736753,0.7817391451640089,0.645055909065179,0.6526158742257043,0.6944792075020951
AWS,LC09_L2SP_115035_20240814_20240815_02_T1,2024-08-14,807,43.208791940000005,42.70230648114287,42.052469072000015,41.77078741777119,0.6583327340072788,0.6773947691650251,0.7284455341813999,0.7269302464640439
AWS,LC09_L2SP_115035_20240814_20240815_02_T1,2024-08-14,822,47.728553720000015,47.08801677200002,44.91208174845362,43.23587222194104,0.5345410648434148,0.5870926681556345,0.5934888819013422,0.615860890008171
AWS,LC09_L2SP_115035_20240814_20240815_02_T1,2024-08-14,762,,,,36.73565145380857,,,,0.8095211041963181
ASOS,LC09_L2SP_115035_20250801_20250802_02_T1,2025-08-01,133,43.666806620000024,42.56499973485715,43.89138349985474,46.23797744279487,0.47957972591836967,0.7141831895201074,0.6050560238931341,0.4915904209528887
ASOS,LC09_L2SP_115035_20250801_20250802_02_T1,2025-08-01,244,47.94844634000001,47.42151786628574,47.20126246969074,44.74845737439131,0.3126744311305905,0.3512858468244761,0.4466442531887066,0.5532281255210414
ASOS,LC09_L2SP_115035_20250801_20250802_02_T1,2025-08-01,226,42.37935242,42.72701388285716,44.7651042083308,43.140708509263625,0.6432387159264646,0.5788835846877739,0.4915678549570736,0.5514311964469342
ASOS,LC09_L2SP_115035_20250801_20250802_02_T1,2025-08-01,238,51.602309720000015,51.71157242600002,51.98106944616218,,0.4908847886014029,0.38167616781411945,0.3673348169473994,
ASOS,LC09_L2SP_115035_20250801_20250802_02_T1,2025-08-01,243,47.33548142000003,46.40598104000002,42.47311492318184,41.9850208494737,0.46481381523904225,0.4895775700136933,0.5857252348120805,0.5958390957295098
ASOS,LC09_L2SP_115035_20250801_20250802_02_T1,2025-08-01,289,44.04278882000002,44.094710171428595,43.19180755195878,42.40942135079367,0.7542729190059966,0.567540844209328,0.5666856650358648,0.5467965670909947
ASOS,LC09_L2SP_115035_20250801_20250802_02_T1,2025-08-01,278,48.016806740000014,47.59876661771429,43.38471319992746,43.73360200407751,0.29512900946646053,0.2974660540823786,0.5053210965382511,0.5184269964418365
ASOS,LC09_L2SP_115035_20250801_20250802_02_T1,2025-08-01,285,49.59023528000004,50.414043205142875,46.873215351166095,44.09982236552215,0.3300332946780703,0.35274631423711716,0.38855928299309156,0.49230155819598886
ASOS,LC09_L2SP_115035_20250801_20250802_02_T1,2025-08-01,279,44.10431318000002,44.36209699314287,41.724274987835074,40.752512873323816,0.4536996181456054,0.3950532446013156,0.5023318751483182,0.553404235371927
ASOS,LC09_L2SP_115035_20250801_20250802_02_T1,2025-08-01,136,46.176772640000024,46.31742416300002,44.187171739511214,43.16121533707339,0.43202966648219426,0.2912950524352106,0.451410050242059,0.4893008312696699
ASOS,LC09_L2SP_115035_20250801_20250802_02_T1,2025-08-01,248,42.15376310000001,42.307769315428594,40.88433083134022,40.44641770068906,0.4259373563143509,0.49123762740272464,0.6177162571216586,0.6621498642070128
ASOS,LC09_L2SP_115035_20250801_20250802_02_T1,2025-08-01,137,38.29595786000001,39.670327425714305,45.38203013402063,43.76570935598055,0.7961758063806018,0.7769770992496655,0.44031495168308377,0.4987413647826597
ASOS,LC09_L2SP_115035_20250801_20250802_02_T1,2025-08-01,140,,43.25685137272729,40.89362788121549,39.27126072756457,,0.5255544570134426,0.6323584594997992,0.6877435694981321
ASOS,LC09_L2SP_115035_20250801_20250802_02_T1,2025-08-01,192,46.566426920000005,46.3217943457143,43.06811478586744,40.735125676634915,0.3794208139048214,0.4734556292613211,0.521827095807506,0.6235090026232158
ASOS,LC09_L2SP_115035_20250801_20250802_02_T1,2025-08-01,254,49.46604722000001,48.682474273142866,41.06155462645237,40.24303896327984,0.2809366501477742,0.4069272407775906,0.6556521332934547,0.6672218738579957
ASOS,LC09_L2SP_115035_20250801_20250802_02_T1,2025-08-01,263,41.70828116000001,43.11460650000003,,41.75260797334521,0.7997428755484552,0.6557521012212547,,0.6402368971030128
ASOS,LC09_L2SP_115035_20250801_20250802_02_T1,2025-08-01,264,44.57372126000001,43.25290067428572,37.044800337749734,36.09235769798787,0.22531313313183288,0.3461000849689277,0.6803270518662846,0.7226602054670879
ASOS,LC09_L2SP_115035_20250801_20250802_02_T1,2025-08-01,155,46.52199266000002,46.493509160000016,44.709367321752595,43.530626805440015,0.6761395012956118,0.6550013235600054,0.5394161380745174,0.5625194322690314
ASOS,LC09_L2SP_115035_20250801_20250802_02_T1,2025-08-01,251,49.44553910000002,48.995076616571446,46.77416266474229,44.346459878904604,0.48026562862643196,0.48557529101202457,0.48402173539001897,0.5870995913563197
ASOS,LC09_L2SP_115035_20250801_20250802_02_T1,2025-08-01,284,43.41273380000001,43.29098718285715,42.241793754845375,41.93548049495565,0.6525415338547456,0.6297791570491326,0.621904477823804,0.6071280938459266
ASOS,LC09_L2SP_115035_20250801_20250802_02_T1,2025-08-01,146,42.29731994000002,42.25327631085716,45.36762590082476,48.214609114018394,0.625156397815533,0.7176962209800657,0.5446723853392761,0.3905405686522283
ASOS,LC09_L2SP_115035_20250801_20250802_02_T1,2025-08-01,245,49.630112180000005,49.4452786794286,47.92334562268043,46.32451662789008,0.47853159572273013,0.49363968183903933,0.5720885481187334,0.5827163892847229
ASOS,LC09_L2SP_115035_20250801_20250802_02_T1,2025-08-01,247,48.49305086000002,48.78823757771431,48.27636875134022,45.088354055880856,0.5175314358496168,0.5061518028290649,0.3730406589975872,0.4661358380765407
ASOS,LC09_L2SP_115035_20250801_20250802_02_T1,2025-08-01,143,46.79315558000002,45.93506979714288,45.82883919184212,46.221595865797006,0.4043072693225878,0.394310724146782,0.41549545502152574,0.3828965178442778
ASOS,LC09_L2SP_115035_20250801_20250802_02_T1,2025-08-01,239,41.43142154000001,41.30658242857144,41.93420859822173,43.506522803983195,0.6323958906941728,0.7333353136503794,0.6316776393392098,0.5740562139364296
ASOS,LC09_L2SP_115035_20250801_20250802_02_T1,2025-08-01,273,39.66316586000003,39.636537856571444,36.557575596494864,36.13785415022618,0.7898753349409374,0.7001140632120878,0.7208308912870147,0.736797331620432
ASOS,LC09_L2SP_115035_20250801_20250802_02_T1,2025-08-01,181,43.63718378000002,42.872621534857174,43.53694926680414,43.89014661602636,0.6238875739920623,0.7173724577325129,0.6560463683596556,0.6297691827486243
AWS,LC09_L2SP_115035_20250801_20250802_02_T1,2025-08-01,919,43.747699760000025,43.698122193714305,40.14222505030929,40.25899795067279,0.5081279980144472,0.49744026537135166,0.6483928947966214,0.6543908844697288
AWS,LC09_L2SP_115035_20250801_20250802_02_T1,2025-08-01,623,47.94730700000002,47.0894816377143,46.78298576697185,43.40071047046894,0.38405448471998155,0.43247756682276434,0.4889087022177229,0.6037527289086498
AWS,LC09_L2SP_115035_20250801_20250802_02_T1,2025-08-01,733,42.73368716000001,41.688814722285734,37.91065655458017,35.750705351719866,0.4766722954837502,0.6448246520882434,0.7476326307902181,0.7944531850946915
AWS,LC09_L2SP_115035_20250801_20250802_02_T1,2025-08-01,820,39.97534502,38.77998204457144,36.98059601459592,36.32752610660162,0.48378090751058983,0.5910149247061316,0.7077029907763508,0.7363789552614992
AWS,LC09_L2SP_115035_20250801_20250802_02_T1,2025-08-01,827,48.20821586000002,47.41844608727275,44.72865721360503,46.34668207318497,0.4178547615248143,0.3827559555375271,0.4939744038393899,0.37044879445430556
AWS,LC09_L2SP_115035_20250801_20250802_02_T1,2025-08-01,812,43.73060966000003,42.986099798857154,37.51961315010311,35.85910204506157,0.41809595979060094,0.46729127418949873,0.7288517550950576,0.7912551643794364
AWS,LC09_L2SP_115035_20250801_20250802_02_T1,2025-08-01,825,48.03503618000002,46.45968703828572,41.48350229835054,41.14293725974809,0.27295096302568406,0.34546179560242507,0.6123175114549766,0.6321335857082797
AWS,LC09_L2SP_115035_20250801_20250802_02_T1,2025-08-01,972,42.26997577999998,43.355994668000015,,38.17479125414366,0.2646303651172315,0.44626157671386607,,0.6523839946661255
AWS,LC09_L2SP_115035_20250801_20250802_02_T1,2025-08-01,833,40.10181176,38.774024924000024,36.184237143368435,34.435171092770354,0.5620578768278395,0.6572604170772767,0.7272922638787365,0.7881755537933802
AWS,LC09_L2SP_115035_20250801_20250802_02_T1,2025-08-01,757,41.15342258000004,40.78235581828574,40.05507532845363,39.210992037329866,0.730852084768014,0.7449549122548118,0.7181005894959287,0.7334241048674632
AWS,LC09_L2SP_115035_20250801_20250802_02_T1,2025-08-01,632,,,,38.20580526299676,,,,0.7725753834338863
AWS,LC09_L2SP_115035_20250801_20250802_02_T1,2025-08-01,860,45.830413280000016,46.10011133428573,46.92066906346291,46.53123547733991,0.37327680463656177,0.346690029293166,0.28222821488427674,0.2749057715399032
AWS,LC09_L2SP_115035_20250801_20250802_02_T1,2025-08-01,633,41.41547078000002,40.78399158500002,40.176812375937516,39.47133558319068,0.5798225125503172,0.6625756520870831,0.7449191041927471,0.7725767100047626
AWS,LC09_L2SP_115035_20250801_20250802_02_T1,2025-08-01,629,52.92052610000002,52.182233780000026,44.3047907523858,42.68217939143315,0.2452113980043206,0.388314758987357,0.6345296331975754,0.6675584989629135
AWS,LC09_L2SP_115035_20250801_20250802_02_T1,2025-08-01,929,36.01499918000002,36.23101804400002,37.517263995463935,35.483513215814504,0.7277575104361302,0.7938424269617936,0.7471993031942824,0.8059759907244151
AWS,LC09_L2SP_115035_20250801_20250802_02_T1,2025-08-01,845,47.18167052000001,46.975417427428596,43.59140853938121,43.297489630476804,0.5435937031704156,0.5403731227065821,0.459542567345682,0.4947549853912291
AWS,LC09_L2SP_115035_20250801_20250802_02_T1,2025-08-01,945,37.918836320000004,38.4917941297143,36.6445256402062,35.389056368032804,0.7025347275696286,0.743259275308178,0.7438121331285855,0.748951937540902
AWS,LC09_L2SP_115035_20250801_20250802_02_T1,2025-08-01,764,40.50172010000002,39.30469694342859,38.22122733567013,37.53262269589406,0.5666358492298795,0.6543190175184209,0.7614626326258372,0.786538257307518
AWS,LC09_L2SP_115035_20250801_20250802_02_T1,2025-08-01,703,45.33593972000002,44.87177260400001,41.971178465284375,39.40463553451361,0.44528301280351207,0.4495389131836406,0.5525798480807365,0.6698297694813276
AWS,LC09_L2SP_115035_20250801_20250802_02_T1,2025-08-01,736,42.82939171999999,41.43695547714287,40.9663359045361,40.87516626550246,0.62638227488901,0.6395219075744486,0.6497302353805977,0.6543467795354364
AWS,LC09_L2SP_115035_20250801_20250802_02_T1,2025-08-01,737,40.83554672,41.25603020000001,43.34555939725234,44.845472851419245,0.7760680167697797,0.7183480900235912,0.6101417068972181,0.5624797336747874
AWS,LC09_L2SP_115035_20250801_20250802_02_T1,2025-08-01,824,39.94116482000004,39.53995437714286,37.496172502061874,36.58419023219514,0.5737461130755079,0.6004065140540825,0.6957190818763751,0.7276806693382499
AWS,LC09_L2SP_115035_20250801_20250802_02_T1,2025-08-01,926,38.771062640000004,39.233699785142875,38.16026677278352,39.37963916024051,0.7510898780901604,0.7329059215460916,0.720484862883677,0.7046483248802498
AWS,LC09_L2SP_115035_20250801_20250802_02_T1,2025-08-01,920,41.32888094000001,41.88364186228573,41.799087732577334,40.41650086025195,0.8568902826084087,0.6091524739756217,0.606764291958786,0.6589451400592617
AWS,LC09_L2SP_115035_20250801_20250802_02_T1,2025-08-01,915,38.104548740000006,38.23847001885715,38.11509682322582,36.91574030950291,0.5645716158090289,0.5858156205016942,0.6678042083963907,0.7421871440776503
AWS,LC09_L2SP_115035_20250801_20250802_02_T1,2025-08-01,914,38.68105478000001,38.27294319200003,36.00418523814435,33.33096107560617,0.7800740826511233,0.6877413237879747,0.7516778512281207,0.8128159890224499
AWS,LC09_L2SP_115035_20250801_20250802_02_T1,2025-08-01,912,37.94276246000002,38.11346814457145,38.75779774680414,38.67441869909513,0.6989193959853474,0.6849267937680169,0.6450726009779442,0.6316328027543323
AWS,LC09_L2SP_115035_20250801_20250802_02_T1,2025-08-01,899,48.05896232000001,48.12338385885715,46.968945811972496,47.31007623454287,0.2574403675471142,0.2967260893769835,0.36949979996524335,0.3421392194529457
AWS,LC09_L2SP_115035_20250801_20250802_02_T1,2025-08-01,864,52.06260308000003,52.31231385542859,51.56066703876291,48.67867325485259,0.32423925879763776,0.3183487415751005,0.3192500057758603,0.3927194653170444
AWS,LC09_L2SP_115035_20250801_20250802_02_T1,2025-08-01,977,44.998695080000026,45.16611295485717,43.75485850323701,42.447057277012775,0.6177589361386461,0.6066791270588757,0.6214624268653949,0.6584553599473362
AWS,LC09_L2SP_115035_20250801_20250802_02_T1,2025-08-01,738,48.90207392000004,48.645559657142876,45.582072559516696,44.063959255294144,0.42652088661711157,0.44987217255655576,0.5970636135428515,0.594459352999085
AWS,LC09_L2SP_115035_20250801_20250802_02_T1,2025-08-01,826,45.92269982000001,45.6799878474286,44.18298120988534,42.6448933989857,0.29348923429071866,0.44055210202340356,0.5350966379959613,0.5792542181897485
AWS,LC09_L2SP_115035_20250801_20250802_02_T1,2025-08-01,803,41.74587938000002,41.187244701714306,39.57185421917528,38.48750988690723,0.600031678471417,0.5385668911031642,0.6378027700559287,0.688389757771903
AWS,LC09_L2SP_115035_20250801_20250802_02_T1,2025-08-01,849,37.671599540000024,37.390898716571456,37.801045791134044,36.14332326705381,0.3453489988032709,0.6664288527046388,0.6857994836510114,0.743992260179067
AWS,LC09_L2SP_115035_20250801_20250802_02_T1,2025-08-01,709,38.756251220000024,38.407515522285735,40.778395702886606,40.79778004919357,0.6692251491823228,0.7179432646880486,0.6234063485747282,0.6298726209172808
AWS,LC09_L2SP_115035_20250801_20250802_02_T1,2025-08-01,846,44.852859560000034,44.24695854800002,46.29968937254329,45.80490027193827,0.7963206349239496,0.6555748210743503,0.4426141936286175,0.4232555215919125
AWS,LC09_L2SP_115035_20250801_20250802_02_T1,2025-08-01,853,34.007482100000004,33.182339519428595,30.433786310149273,30.510990168850682,0.4723852490670189,0.7414287709186839,0.8677312696700401,0.8693216354808146
AWS,LC09_L2SP_115035_20250801_20250802_02_T1,2025-08-01,643,41.26165988,41.21996003600001,38.72335549885352,36.64669420904508,0.6911905507149717,0.6668900596753439,0.6976321859457065,0.7779896533853022
AWS,LC09_L2SP_115035_20250801_20250802_02_T1,2025-08-01,946,45.242513839999994,44.492372384000014,38.43677164445499,35.73941639875349,0.3136168755020272,0.42996727249523314,0.6887486338679089,0.7619561080004026
AWS,LC09_L2SP_115035_20250801_20250802_02_T1,2025-08-01,641,39.85571432000004,39.743570711428596,40.24921729835054,39.50131256000002,0.673166898114728,0.6804640385243239,0.6665039994114321,0.7017763910769165
AWS,LC09_L2SP_115035_20250801_20250802_02_T1,2025-08-01,906,42.64140062000001,42.34409798514287,40.564336816907236,37.437876969813935,0.7077843667514386,0.5477158505739722,0.7053330324543846,0.7931382097388021
AWS,LC09_L2SP_115035_20250801_20250802_02_T1,2025-08-01,735,37.040405180000015,35.998006737714306,34.725176249072184,32.74147932697969,0.5886286354473017,0.7345020109065399,0.801642470601995,0.8575392222733329
AWS,LC09_L2SP_115035_20250801_20250802_02_T1,2025-08-01,622,,,,36.651610209445806,,,,0.727016504867267
AWS,LC09_L2SP_115035_20250801_20250802_02_T1,2025-08-01,768,45.72787268000004,45.13427654000002,42.17880900371135,41.410024505951235,0.6303307945068245,0.5962203189562943,0.6747160884179833,0.6806280034651467
AWS,LC09_L2SP_115035_20250801_20250802_02_T1,2025-08-01,760,45.08756360000001,44.11521829142858,40.62027801938146,38.20611635081594,0.5074479594782881,0.5370419111311608,0.6723404983290073,0.7550006838240509
AWS,LC09_L2SP_115035_20250801_20250802_02_T1,2025-08-01,758,45.51253742,44.411218823428584,39.44198756275231,37.59511795063416,0.4486933301902627,0.4383910204037506,0.6833431079237745,0.7541630978238694
AWS,LC09_L2SP_115035_20250801_20250802_02_T1,2025-08-01,818,39.242749400000015,38.062100186857165,35.15412014041239,34.944695094783874,0.6210817352066463,0.6441880865612426,0.8089067958304541,0.8153746759241126
AWS,LC09_L2SP_115035_20250801_20250802_02_T1,2025-08-01,819,41.78917430000001,40.994077742857165,35.747207296907234,34.03778958776984,0.41357993676374744,0.484409358435163,0.7241501973759004,0.7957007559767444
AWS,LC09_L2SP_115035_20250801_20250802_02_T1,2025-08-01,936,37.69210766000001,37.87606224114288,40.37468564762889,38.30310083356429,0.786342405430096,0.7774882154921018,0.6548485534449733,0.7286877787175599
AWS,LC09_L2SP_115035_20250801_20250802_02_T1,2025-08-01,838,38.73004640000003,38.69101586685716,36.8086884816495,34.14176863306042,0.7100140400625493,0.666680026177858,0.7577997638471259,0.8300546040629726
AWS,LC09_L2SP_115035_20250801_20250802_02_T1,2025-08-01,839,46.128920360000016,46.1584129897143,42.90247224285716,40.267994188160564,0.21424131498285312,0.32244154965876654,0.509961628272439,0.6270243108100197
AWS,LC09_L2SP_115035_20250801_20250802_02_T1,2025-08-01,935,43.176890419999985,42.314703013142875,40.94645510926368,38.83835073961946,0.2605442054494817,0.5356180351191401,0.5492496581771759,0.654977854566017
AWS,LC09_L2SP_115035_20250801_20250802_02_T1,2025-08-01,992,45.58089782000002,45.7810635817143,42.96991815051548,39.48524676051548,0.6030681806218486,0.6094487385020262,0.5865535813200214,0.6678936244096274
AWS,LC09_L2SP_115035_20250801_20250802_02_T1,2025-08-01,379,42.84989984,40.71243289485716,37.63577101649487,36.34636039665326,0.7227609444856284,0.7376942468567413,0.7444468915763783,0.7657354841257477
AWS,LC09_L2SP_115035_20250801_20250802_02_T1,2025-08-01,493,43.87644518000002,43.56138416000002,40.25030677201089,40.25306811618112,0.26230506531655245,0.2812093880297941,0.6303857030303363,0.6868255171802854
AWS,LC09_L2SP_115035_20250801_20250802_02_T1,2025-08-01,642,37.55538686000002,39.16465578114287,37.68113710783506,36.517539463637945,0.8483589908226085,0.8030107982852465,0.742859587457411,0.783112981401375
AWS,LC09_L2SP_115035_20250801_20250802_02_T1,2025-08-01,317,44.95767884000003,44.95673481542859,43.48415984680415,41.09920184094775,0.6559484354522099,0.5576732254598404,0.6241534968112173,0.6868115598755138
AWS,LC09_L2SP_115035_20250801_20250802_02_T1,2025-08-01,690,45.64470086000002,44.50965779942859,39.03368704291287,37.28563644497726,0.4471562316924677,0.4956841263424029,0.6852986591811026,0.7471599445842648
AWS,LC09_L2SP_115035_20250801_20250802_02_T1,2025-08-01,644,,,,43.58695738352001,,,,0.6036237669591724
AWS,LC09_L2SP_115035_20250801_20250802_02_T1,2025-08-01,806,42.200476040000034,41.74311241142859,38.8083163173196,38.21485466132267,0.48772230079619794,0.5838215762444766,0.6633769791717391,0.6760851235654859
AWS,LC09_L2SP_115035_20250801_20250802_02_T1,2025-08-01,636,44.996416400000044,44.72089143542859,42.757241350515486,41.118798512848024,0.6557060556522499,0.5738915774006855,0.6269318880123922,0.681202939165285
AWS,LC09_L2SP_115035_20250801_20250802_02_T1,2025-08-01,795,45.99675692000002,45.962120984000016,43.69623302206899,40.13349861226845,0.4679636701984666,0.4563655104881785,0.5173803523895274,0.6408415272999577
AWS,LC09_L2SP_115035_20250801_20250802_02_T1,2025-08-01,872,33.72948314000001,32.589459536000014,30.206436351340226,29.797044443349574,0.6947445990952975,0.7925249557327229,0.893847150583636,0.9050863322505093
AWS,LC09_L2SP_115035_20250801_20250802_02_T1,2025-08-01,944,47.74222580000001,47.18235412400002,45.00095363031804,41.750602298509115,0.427678912949743,0.4333413503249842,0.5396950835483698,0.6177505892926873
AWS,LC09_L2SP_115035_20250801_20250802_02_T1,2025-08-01,617,41.86778876000003,42.15532562342859,42.96361067030929,42.5250943268938,0.6471361544075868,0.6202340484094323,0.6335242588338684,0.6350358826303768
AWS,LC09_L2SP_115035_20250801_20250802_02_T1,2025-08-01,605,41.95779662000001,41.62836459714287,40.213361368041255,40.488382026344134,0.5465105905677231,0.6928029271902307,0.7696388950070607,0.7552071044887729
AWS,LC09_L2SP_115035_20250801_20250802_02_T1,2025-08-01,311,34.235350100000026,33.41974542285716,32.050917733937304,30.955639144100566,0.5810846669695909,0.7605884263474016,0.8305646812736935,0.8627090832620703
AWS,LC09_L2SP_115035_20250801_20250802_02_T1,2025-08-01,948,37.66362416000002,37.96979589090911,38.29488554000002,36.04869964068314,0.7017061248222127,0.6212056906363393,0.7227099638141203,0.7920047321704469
AWS,LC09_L2SP_115035_20250801_20250802_02_T1,2025-08-01,828,42.23807426000002,40.923080584571444,39.30710209456759,37.742501770787115,0.5787932602554441,0.6640263260906965,0.6762452095629256,0.7210998689525998
AWS,LC09_L2SP_115035_20250801_20250802_02_T1,2025-08-01,496,,43.66481277500002,42.47672947269233,41.523009867602234,,0.655550557187606,0.6478204340140313,0.6757632287123464
AWS,LC09_L2SP_115035_20250801_20250802_02_T1,2025-08-01,815,45.617356699999995,44.161312732571446,42.21990513028771,40.80031712789476,0.4120857846813708,0.39943703392264,0.5537015630152302,0.6139004098365467
AWS,LC09_L2SP_115035_20250801_20250802_02_T1,2025-08-01,807,40.19979500000003,39.62901821257145,38.59419283880001,38.007703824243706,0.636410004104183,0.6240436347130748,0.7140472391880864,0.7202442854106358
AWS,LC09_L2SP_115035_20250801_20250802_02_T1,2025-08-01,847,43.58591348000001,42.871937930857165,37.395431709293184,35.24459163180669,0.47854595930767374,0.4960734166031881,0.6894263427736621,0.7662857912179437
AWS,LC09_L2SP_115035_20250801_20250802_02_T1,2025-08-01,823,39.61987094000002,41.20189335885716,39.813626916846964,38.30609631579765,0.7147737766700436,0.615364997547362,0.6219050417767165,0.6780174663392711
AWS,LC09_L2SP_115035_20250801_20250802_02_T1,2025-08-01,822,42.447712820000014,42.162747609714316,41.111243508453626,39.82859554904668,0.6560463859338254,0.6529177769007382,0.5921471711046203,0.6118953046803696
AWS,LC09_L2SP_115035_20250801_20250802_02_T1,2025-08-01,996,39.475174760000016,39.576966650857166,39.20819603637633,36.514130254564805,0.6560051486904757,0.6938380323613553,0.6947146792989415,0.7683826629152958
AWS,LC09_L2SP_115035_20250801_20250802_02_T1,2025-08-01,647,41.397241340000015,41.77953873885715,41.7172207979358,41.45803528641663,0.6511477152564616,0.7212748913568237,0.6557605603285447,0.663897452966662
AWS,LC09_L2SP_115035_20250801_20250802_02_T1,2025-08-01,762,40.455007160000015,40.96185069714287,37.84138501895472,36.15263083166971,0.5605020294322139,0.5556573218871507,0.7086265968537812,0.7795073251890755
AWS,LC09_L2SP_115035_20250801_20250802_02_T1,2025-08-01,706,40.322843720000016,40.64768583028573,40.705924282268064,41.50696364084387,0.621791752201522,0.5186319721842845,0.6398807139619578,0.6201181736256757
AWS,LC09_L2SP_115035_20250801_20250802_02_T1,2025-08-01,648,47.129260880000025,46.96526102514289,40.65107935195878,38.67768012588237,0.42785935926299673,0.44057042867538426,0.6833368575168369,0.7462104273272548
AWS,LC09_L2SP_115035_20250801_20250802_02_T1,2025-08-01,791,38.16151574000003,37.28435415028574,32.47266583175259,31.43438855478387,0.5592406424682378,0.6876522105701404,0.8742136832244743,0.899104706740343
AWS,LC09_L2SP_115035_20250801_20250802_02_T1,2025-08-01,834,39.16869230000001,40.12306858914289,38.71388421608249,38.8876141641341,0.5293631891196334,0.657632888587925,0.6551790081513683,0.653067025532729
AWS,LC09_L2SP_115035_20250801_20250802_02_T1,2025-08-01,611,50.220290300000045,50.11901925028574,48.76311750783507,47.57831153426856,0.6855468879298617,0.6122275208654558,0.5397567094681935,0.5589114604387299
AWS,LC09_L2SP_115035_20250801_20250802_02_T1,2025-08-01,701,49.685939840000025,49.41822749257144,45.59980851484537,42.714343343628414,0.4771984658600186,0.48180438806610976,0.5563436533581531,0.6230464768435829
AWS,LC09_L2SP_115035_20250801_20250802_02_T1,2025-08-01,902,41.91222302000002,41.90454061314287,40.51045112474228,39.12578499051548,0.5078440073789786,0.5026872102342491,0.7029290508707593,0.705467592788313
AWS,LC09_L2SP_115035_20250801_20250802_02_T1,2025-08-01,759,,,,30.301402742649028,,,,0.9014752027982459
AWS,LC09_L2SP_115035_20250801_20250802_02_T1,2025-08-01,821,43.94138756000003,42.34497690457145,39.145670584536106,37.74148286541084,0.5197678646265734,0.6162363365464195,0.7188848642901826,0.7278193362707271
AWS,LC09_L2SP_115035_20250801_20250802_02_T1,2025-08-01,951,,,39.29782496758428,37.46809001334056,,,0.7522557224719607,0.800978030742311
AWS,LC09_L2SP_115035_20250801_20250802_02_T1,2025-08-01,832,43.51641374000004,42.39898162057144,39.95982892150292,39.60628706923506,0.5439608863195141,0.5818189100700508,0.6100171619239663,0.6169888691321311
AWS,LC09_L2SP_115035_20250801_20250802_02_T1,2025-08-01,810,47.49384968000002,46.724363016551735,45.63602820392001,44.22692151036069,0.40137901212975535,0.534072301216836,0.4750848299038571,0.5279356867555389
AWS,LC09_L2SP_115035_20250801_20250802_02_T1,2025-08-01,702,38.92601288000001,38.11630021828574,38.53984881320278,39.56217648673369,0.5991896048849402,0.7030594703485692,0.6969974615133089,0.6789970886078499
AWS,LC09_L2SP_115035_20250801_20250802_02_T1,2025-08-01,809,39.81811610000003,39.74747702000002,36.760248114325165,35.612769928943244,0.5874028424021255,0.641240709362834,0.7498853386434926,0.7779855051329118
AWS,LC09_L2SP_115035_20250801_20250802_02_T1,2025-08-01,836,40.684014500000025,41.02308208400001,39.35173059896909,37.618047624397384,0.6783591101002857,0.6441414889436528,0.6526442431231041,0.7232658191789234
AWS,LC09_L2SP_115035_20250801_20250802_02_T1,2025-08-01,315,35.103527180000036,32.893956289142885,29.485531690927857,29.305711651989714,0.4239318642437285,0.6826842026026391,0.8912706124660394,0.9005823182873521
AWS,LC09_L2SP_115035_20250801_20250802_02_T1,2025-08-01,314,31.800580520000022,31.00799051085717,28.69114547340208,28.569513395201852,0.8968624011320879,0.838204120056136,0.9031281774024735,0.9142976663879706
AWS,LC09_L2SP_115035_20250801_20250802_02_T1,2025-08-01,763,49.010311220000006,48.805531610000024,45.189073823724854,41.0037370133827,0.5091661854673485,0.4188844776137235,0.5450432372008661,0.6559834156436294
AWS,LC09_L2SP_115035_20250801_20250802_02_T1,2025-08-01,615,,,43.70391578367927,43.314286103594036,,,0.5427975112666664,0.5554948118309257
AWS,LC09_L2SP_115035_20250801_20250802_02_T1,2025-08-01,626,40.474375940000016,40.02043033142859,37.24345436123713,36.704388227271124,0.6512342659770698,0.710647110343499,0.7613779768212692,0.7718662189606615
ASOS,LC09_L2SP_115036_20230727_20230802_02_T1,2023-07-27,156,,,45.960070172000016,47.48932937943288,,,0.3606796872839974,0.34537659965934747
ASOS,LC09_L2SP_115036_20230727_20230802_02_T1,2023-07-27,168,43.10397266000001,43.360421817714304,43.6876494945361,43.45799072543808,0.46468634629350386,0.44894188588202166,0.30479111246204554,0.37157187376676476
ASOS,LC09_L2SP_115036_20230727_20230802_02_T1,2023-07-27,261,38.65598930000002,38.250872548571444,36.66385705290409,36.32272224051427,0.7113578415773542,0.645967698633311,0.7296688880153015,0.7394575658786829
ASOS,LC09_L2SP_115036_20230727_20230802_02_T1,2023-07-27,247,42.502401139999996,42.83228889885716,43.907646875774994,41.97917808178358,0.5843657425529715,0.5150030213159651,0.3980794957966846,0.4675237178124072
AWS,LC09_L2SP_115036_20230727_20230802_02_T1,2023-07-27,790,35.69826266000003,35.48276463714288,33.13837297441862,32.943432235723705,0.6479220420869526,0.6153486011358895,0.8141369366365826,0.8116244620982604
AWS,LC09_L2SP_115036_20230727_20230802_02_T1,2023-07-27,920,38.91461948000002,39.489172365714296,38.70664508717203,37.47402881134747,0.9032228088361757,0.6672585130794569,0.6717841709529843,0.7190205014989097
AWS,LC09_L2SP_115036_20230727_20230802_02_T1,2023-07-27,767,35.184420320000015,34.67452497928573,34.55104942772416,34.50741354637557,0.5534197061718037,0.384325083852533,0.5468417286653402,0.6761940698403144
AWS,LC09_L2SP_115036_20230727_20230802_02_T1,2023-07-27,744,,,37.988839998846174,37.18541180473578,,,0.6709046950855384,0.6881606064632365
AWS,LC09_L2SP_115036_20230727_20230802_02_T1,2023-07-27,926,37.705779740000025,38.16083213600002,37.51242144064269,38.6014337144156,0.7826583997874493,0.7499218392159022,0.7371574385495129,0.7128665825384035
AWS,LC09_L2SP_115036_20230727_20230802_02_T1,2023-07-27,709,37.74793532000001,37.36863275771431,38.259587827614695,38.27726155292473,0.7383149101763312,0.7386080289604964,0.6540627910410622,0.6515014140693114
AWS,LC09_L2SP_115036_20230727_20230802_02_T1,2023-07-27,722,45.12516182000004,44.07722944057144,44.32212841681981,44.20042585683476,0.6816583859398572,0.612777506247613,0.48867788819359237,0.4749645688150153
AWS,LC09_L2SP_115036_20230727_20230802_02_T1,2023-07-27,717,35.768901740000025,35.915449347500015,34.7863273393922,34.800311985865875,0.7823855877717988,0.7377362001541994,0.7514167092452689,0.719229110199436
AWS,LC09_L2SP_115036_20230727_20230802_02_T1,2023-07-27,776,,,36.626341881828274,36.26577918219782,,,0.7184342147857136,0.7511434919991383
ASOS,LC09_L2SP_115036_20240729_20240730_02_T1,2024-07-29,170,,,37.70245373320667,36.914357423096796,,,0.594267134281548,0.5784631911893449
ASOS,LC09_L2SP_115036_20240729_20240730_02_T1,2024-07-29,289,43.37399624000002,42.663755256551745,40.12162605115387,40.03284194558141,0.806520811654436,0.6152585899819913,0.7205113075310916,0.6935885081631785
ASOS,LC09_L2SP_115036_20240729_20240730_02_T1,2024-07-29,192,46.09701884000001,45.68799578000001,42.55176872585368,40.60381898097128,0.46225111446661876,0.5339663547854846,0.582868876328083,0.6714229774646826
ASOS,LC09_L2SP_115036_20240729_20240730_02_T1,2024-07-29,266,36.50719406000002,36.95720080742859,41.91283383791334,41.881821332036594,0.8636853154995258,0.8134555390354281,0.49815922590468936,0.5218711828297019
AWS,LC09_L2SP_115036_20240729_20240730_02_T1,2024-07-29,787,39.67455926,39.073736449142885,37.376974832857165,35.71897714005104,0.7180267691615697,0.7442704179222036,0.7076746666665329,0.7706543403620456
AWS,LC09_L2SP_115036_20240729_20240730_02_T1,2024-07-29,902,,,38.0053769526246,36.85146612856823,,,0.8114587743149081,0.8244194723409987
AWS,LC09_L2SP_115036_20240729_20240730_02_T1,2024-07-29,917,,,41.01471101985561,38.1197566741449,,,0.6453085517907517,0.7417541645795113
AWS,LC09_L2SP_115036_20240729_20240730_02_T1,2024-07-29,920,37.21130618000001,39.105743765000014,39.450876060152105,,0.8981624304204949,0.5141168479429788,0.5739776432896376,
AWS,LC09_L2SP_115036_20240729_20240730_02_T1,2024-07-29,706,37.311568100000024,37.39304718628572,37.93531935853284,38.31766122219628,0.6576760239032247,0.5662298817830748,0.6654435232464406,0.6565203831087135
AWS,LC09_L2SP_115036_20240729_20240730_02_T1,2024-07-29,933,37.54285412000004,37.49138850457144,36.63088492882285,37.47243774036719,0.760298970473028,0.7909497584621162,0.8076998631741997,0.7762132899570581
AWS,LC09_L2SP_115036_20240729_20240730_02_T1,2024-07-29,918,37.74907466000004,38.236028576000024,38.85943000701033,38.039967037579395,0.7052964675487398,0.6967318093816339,0.5885515321917536,0.6489201205623207
AWS,LC09_L2SP_115036_20240729_20240730_02_T1,2024-07-29,964,37.90744292000003,38.20936802000002,36.04424361104695,36.08581846173471,0.7872811423594642,0.6462914930493988,0.7372291171174221,0.721442687119878
AWS,LC09_L2SP_115036_20240729_20240730_02_T1,2024-07-29,795,,,37.64423743763782,36.70104246348261,,,0.6495064596040734,0.7081440799000918
AWS,LC09_L2SP_115036_20240729_20240730_02_T1,2024-07-29,872,,,30.138668825000018,30.095297450780254,,,0.919269115253441,0.9213377079015006
AWS,LC09_L2SP_115036_20240729_20240730_02_T1,2024-07-29,948,,,38.095713270000026,36.8254965261271,,,0.809215909479163,0.8356028689422981
AWS,LC09_L2SP_115036_20240729_20240730_02_T1,2024-07-29,304,41.68891238000003,41.61469251714288,39.28863372909093,,0.5922179153742101,0.5993818045737862,0.6085816036295418,
ASOS,LC09_L2SP_115036_20240814_20240815_02_T1,2024-08-14,168,46.91848298000002,47.25305830914288,47.534808156258755,46.483597319340674,0.38567962533998285,0.41145805679221437,0.28178965133095885,0.3576105687223977
ASOS,LC09_L2SP_115036_20240814_20240815_02_T1,2024-08-14,261,43.325004620000016,42.86656675657146,38.56378834422537,37.84053071722894,0.6105806255891891,0.5792147635570017,0.6971428248417322,0.7150508310714565
ASOS,LC09_L2SP_115036_20240814_20240815_02_T1,2024-08-14,295,46.51515662000003,46.43341711314287,42.755549740139884,38.792335127341794,0.4753236890620222,0.4405507806880223,0.556677524740071,0.6853670783172342
ASOS,LC09_L2SP_115036_20240814_20240815_02_T1,2024-08-14,289,40.388925440000015,40.35891196914287,37.51185416469567,37.51979886804239,0.7877659501640593,0.5961925698075812,0.6826048855752754,0.6565167254792461
ASOS,LC09_L2SP_115036_20240814_20240815_02_T1,2024-08-14,254,48.53292776000003,47.72474506914289,40.45318264989693,39.709471729768126,0.29470251819044535,0.41559080188261793,0.6711516164253051,0.6838134956741735
ASOS,LC09_L2SP_115036_20240814_20240815_02_T1,2024-08-14,263,39.700764080000035,41.21520012666669,,40.491414742701444,0.8187688555809137,0.6750018676276894,,0.6929992464858835
ASOS,LC09_L2SP_115036_20240814_20240815_02_T1,2024-08-14,174,39.77140316000001,40.14152589714287,40.027852541443316,37.5097771642221,0.8219003408019742,0.7899724257416361,0.6954994645262245,0.763079350079591
ASOS,LC09_L2SP_115036_20240814_20240815_02_T1,2024-08-14,266,39.887615840000024,40.51067205714287,47.75961345958765,48.004678782917644,0.8524433509027496,0.7815530381677748,0.428201553758313,0.42596692758619903
ASOS,LC09_L2SP_115036_20240814_20240815_02_T1,2024-08-14,247,48.95334422000004,48.59946521600002,48.004348389896926,44.85480884342122,0.5837560957602479,0.5329498482905038,0.38552896910757706,0.4899612722863052
ASOS,LC09_L2SP_115036_20240814_20240815_02_T1,2024-08-14,259,46.36818176000003,46.77284560608698,44.33408601406252,40.760684140654355,0.5729905307890174,0.46755356560290395,0.5303873183424024,0.6146232055770708
AWS,LC09_L2SP_115036_20240814_20240815_02_T1,2024-08-14,748,41.962353980000024,41.64018118057146,39.464333040421074,38.94616769824389,0.6119505957094685,0.6214081532120733,0.6710287807693804,0.692310286567208
AWS,LC09_L2SP_115036_20240814_20240815_02_T1,2024-08-14,711,43.964174359999994,43.56477239333336,41.35825770224624,38.6873624304348,0.520924511735223,0.5500974806811743,0.6700871808223086,0.7119855592620461
AWS,LC09_L2SP_115036_20240814_20240815_02_T1,2024-08-14,687,43.440077959999996,43.601636372000016,39.53648752828573,38.545738808249894,0.5848731909724043,0.6457718920453837,0.6705311963617063,0.6945420118254254
AWS,LC09_L2SP_115036_20240814_20240815_02_T1,2024-08-14,741,39.09007784000003,39.74913720114288,42.39541436702643,41.29054190795488,0.5685867879527379,0.6403307844587247,0.44744026877951315,0.4823018204094279
AWS,LC09_L2SP_115036_20240814_20240815_02_T1,2024-08-14,759,,,,28.86656788831417,,,,0.8982536279054477
AWS,LC09_L2SP_115036_20240814_20240815_02_T1,2024-08-14,917,43.04928434000001,41.82817228057143,40.33092013581134,38.66618069630002,0.41056132554544744,0.5293607507153231,0.6739892030631599,0.7416554608294804
AWS,LC09_L2SP_115036_20240814_20240815_02_T1,2024-08-14,713,49.28375282000004,50.93641431885717,51.6750787002062,49.259272218833445,0.7278670885407991,0.4923063034043518,0.3824393463478575,0.42889757253739
AWS,LC09_L2SP_115036_20240814_20240815_02_T1,2024-08-14,706,40.47665462000003,40.023262405142866,39.99413825711342,40.61571672618955,0.6282957285848187,0.5658830203557688,0.6691466454494935,0.6667197760313678
AWS,LC09_L2SP_115036_20240814_20240815_02_T1,2024-08-14,932,44.643221000000004,45.800790440000014,43.71103667196541,42.027197525686766,0.5700849468312904,0.4541510871688071,0.5457761363827445,0.6291287207895395
AWS,LC09_L2SP_115036_20240814_20240815_02_T1,2024-08-14,738,48.02250344000004,48.24994825657144,45.965677604123734,45.14763093286505,0.40879234236287226,0.4787948130872727,0.6287364413050315,0.6077220698424451
AWS,LC09_L2SP_115036_20240814_20240815_02_T1,2024-08-14,709,34.43473460000001,34.68099480285716,35.84432526494847,35.814278412543146,0.5924668456929397,0.7167143714109702,0.6795272754529118,0.7041928110429567
AWS,LC09_L2SP_115036_20240814_20240815_02_T1,2024-08-14,933,39.63468236000002,39.34942417657145,38.44696875138104,38.63205549283986,0.7046103605940345,0.7613554054106407,0.7716351603686511,0.7533867121446424
AWS,LC09_L2SP_115036_20240814_20240815_02_T1,2024-08-14,918,42.33833618000002,42.66353636857146,44.30350809977163,43.24213041605771,0.6959902364670535,0.6921651822946623,0.5457754884559365,0.6131632445168039
AWS,LC09_L2SP_115036_20240814_20240815_02_T1,2024-08-14,768,43.38994700000003,42.766076968571454,38.87622646268043,37.56008742144956,0.5822325324836733,0.5846708606481498,0.704136501970532,0.7276750440529777
AWS,LC09_L2SP_115036_20240814_20240815_02_T1,2024-08-14,786,41.26279922,41.76469476628573,42.23088906741937,38.70581531900002,0.6027623270895436,0.6441869328720641,0.6060249225594826,0.7072153444567537
AWS,LC09_L2SP_115036_20240814_20240815_02_T1,2024-08-14,750,,36.709711745000014,,,,0.6129938680680002,,
AWS,LC09_L2SP_115036_20240814_20240815_02_T1,2024-08-14,766,44.18634566000001,44.442831200000015,45.64057702723632,45.97596892796039,0.5217379627851306,0.48858827431473784,0.3428632746435559,0.33509612565598856
AWS,LC09_L2SP_115036_20240814_20240815_02_T1,2024-08-14,774,36.625685420000025,36.50136332000003,35.46884566966294,32.849163617688156,0.55437783371294,0.5504197726542777,0.64950727147301,0.7498453616174091
AWS,LC09_L2SP_115036_20240814_20240815_02_T1,2024-08-14,777,38.543194640000046,39.26934485085716,36.975721207010324,36.444312084381465,0.7807027668558315,0.696210341676971,0.7397271755901557,0.7356975119826167
AWS,LC09_L2SP_115036_20240814_20240815_02_T1,2024-08-14,785,42.16857451999999,40.776496355428584,38.86592541958765,37.417808216086584,0.4439733004603658,0.49972348853654835,0.6539388334833487,0.7005283494516091
AWS,LC09_L2SP_115036_20240814_20240815_02_T1,2024-08-14,936,37.30245338000003,37.43035243314288,39.605996951645594,39.28939878497961,0.7729760626316121,0.7940473513994338,0.7032371277066383,0.717042971304889
AWS,LC09_L2SP_115036_20240814_20240815_02_T1,2024-08-14,964,,,,36.45626744150827,,,,0.7057213083510036
AWS,LC09_L2SP_115036_20240814_20240815_02_T1,2024-08-14,712,39.684813320000025,39.119440259428586,37.55340025099309,38.367525291111136,0.7210485783282206,0.7381333419961499,0.7424249217712273,0.7183722973028523
AWS,LC09_L2SP_115036_20240814_20240815_02_T1,2024-08-14,690,45.076170200000014,43.56032715885715,38.26066200143189,36.574272835559036,0.4289175329879861,0.5175669222159585,0.7232915186197301,0.7724073992474109
AWS,LC09_L2SP_115036_20240814_20240815_02_T1,2024-08-14,795,43.10169398000003,42.68199367657145,41.00806818431914,39.27261066418532,0.4869401171449474,0.5207747910516176,0.5657479426523927,0.6432235506781716
AWS,LC09_L2SP_115036_20240814_20240815_02_T1,2024-08-14,732,45.87769589000001,,40.58702527602042,39.97153191490161,0.349474095654841,,0.6398163948990323,0.6583615094362499
AWS,LC09_L2SP_115036_20240814_20240815_02_T1,2024-08-14,913,,,,36.969357106153865,,,,0.7786742962852459
AWS,LC09_L2SP_115036_20240814_20240815_02_T1,2024-08-14,745,34.26497294000001,33.83811107085716,34.89677581113638,35.90957921644701,0.7151351971621751,0.813799731840875,0.7724198189620278,0.7567792850656616
AWS,LC09_L2SP_115036_20240814_20240815_02_T1,2024-08-14,744,38.69814488000003,38.215227482857166,37.42432752268043,36.6752278733997,0.5604905520443085,0.592395069349247,0.6239147115722218,0.650155014995649
AWS,LC09_L2SP_115036_20240814_20240815_02_T1,2024-08-14,856,38.36317892000003,37.91815271600002,33.77735223682659,32.69172868668854,0.7386659459706527,0.7210239620182248,0.8533138423767122,0.874213155477973
AWS,LC09_L2SP_115036_20240814_20240815_02_T1,2024-08-14,688,,,37.70493442322582,37.62748605884466,,,0.734996519552379,0.7345599223244725
AWS,LC09_L2SP_115036_20240814_20240815_02_T1,2024-08-14,316,,,,28.425398172482016,,,,0.8838103261073489
ASOS,LC09_L2SP_115036_20240830_20240831_02_T1,2024-08-30,156,,,46.5976823042282,47.074088688331095,,,0.28927919229561005,0.33875891776569755
ASOS,LC09_L2SP_115036_20240830_20240831_02_T1,2024-08-30,168,47.23521950000001,47.74632742400002,47.91370876503599,47.519752287798426,0.41939186102439824,0.4143325342018416,0.2732839728307938,0.3761267133292327
ASOS,LC09_L2SP_115036_20240830_20240831_02_T1,2024-08-30,261,41.19329948000001,40.572587048000024,36.63936990339038,35.75778583389177,0.5594417546241358,0.5574438806002914,0.6967311929592398,0.7366987525860353
ASOS,LC09_L2SP_115036_20240830_20240831_02_T1,2024-08-30,260,39.035389520000024,38.72334057028573,39.54788501134022,38.62437709994849,0.734553848318445,0.682715735812631,0.6528293590840833,0.6985776055588986
ASOS,LC09_L2SP_115036_20240830_20240831_02_T1,2024-08-30,295,45.89991302000001,45.57666598571431,41.89648770364271,38.63538899572694,0.3733868305441397,0.4340073703819848,0.5516713364606518,0.6798257642760248
ASOS,LC09_L2SP_115036_20240830_20240831_02_T1,2024-08-30,252,42.756473959999994,42.58462893542858,40.45146793361704,39.439189821507895,0.5309294622626302,0.488334500695144,0.5506985024412511,0.6232236588358809
ASOS,LC09_L2SP_115036_20240830_20240831_02_T1,2024-08-30,251,43.99379720000002,43.404563104571444,41.40774206123713,39.244518133467764,0.47094819509203184,0.4667412117573617,0.503760563997974,0.6117043179745422
ASOS,LC09_L2SP_115036_20240830_20240831_02_T1,2024-08-30,172,40.89479240000001,39.819743728571446,36.88308558588237,37.571821422428954,0.526624000306986,0.615410852763171,0.6966221308905938,0.6700208220064263
ASOS,LC09_L2SP_115036_20240830_20240831_02_T1,2024-08-30,174,38.35748222000001,38.53046658457145,38.38414120989693,36.081929051802994,0.7578634144928085,0.8045257333310414,0.7180151404690063,0.7781076187775511
ASOS,LC09_L2SP_115036_20240830_20240831_02_T1,2024-08-30,268,40.754653580000024,41.75707746457144,39.53778840806938,38.330057596963975,0.7332237085181318,0.5301252095216663,0.5779534379479339,0.6160231722047377
ASOS,LC09_L2SP_115036_20240830_20240831_02_T1,2024-08-30,245,40.92555458000004,41.125036737714304,40.55910755492435,39.44589263620113,0.44095673293343074,0.49996947093922706,0.5781939216582007,0.6018842825063405
ASOS,LC09_L2SP_115036_20240830_20240831_02_T1,2024-08-30,262,42.52290926000003,41.56850041828573,39.982094924329914,38.59749937131807,0.6360344587373757,0.5619124048650296,0.7124500478276917,0.7656394178736443
ASOS,LC09_L2SP_115036_20240830_20240831_02_T1,2024-08-30,266,41.04404594000001,41.24085878685716,47.26109636777525,47.31492166227776,0.8782534819037333,0.8172853341138776,0.4422619320341863,0.4327612429480351
ASOS,LC09_L2SP_115036_20240830_20240831_02_T1,2024-08-30,165,,,,40.51484934087374,,,,0.5155198170568132
ASOS,LC09_L2SP_115036_20240830_20240831_02_T1,2024-08-30,259,47.50752176000003,46.774340193714316,43.684887280206205,40.8128030795891,0.44010867064259246,0.42306907474805394,0.5156139653427422,0.5997827087605934
AWS,LC09_L2SP_115036_20240830_20240831_02_T1,2024-08-30,748,39.896730560000016,39.54122392742858,37.754217086486506,37.27532295093798,0.6310149084996338,0.6284140972390756,0.670409321761684,0.6970796830826305
AWS,LC09_L2SP_115036_20240830_20240831_02_T1,2024-08-30,711,,,,36.48906939637945,,,,0.7242988723842654
AWS,LC09_L2SP_115036_20240830_20240831_02_T1,2024-08-30,687,42.3360575,42.45337696742858,39.20052150645982,38.00202081157643,0.5959368567036417,0.6641505018470722,0.6863544188565145,0.7192076754139715
AWS,LC09_L2SP_115036_20240830_20240831_02_T1,2024-08-30,787,42.88180136000002,42.16929067657145,41.35133102783507,39.591431902048804,0.7270671059487617,0.7197965006849947,0.6220560219987809,0.6986120466726522
AWS,LC09_L2SP_115036_20240830_20240831_02_T1,2024-08-30,175,30.617945600000002,30.62810200228574,30.749623548041257,31.354701187014513,0.8453817907579747,0.870259489161431,0.8867177009301954,0.888852066766599
AWS,LC09_L2SP_115036_20240830_20240831_02_T1,2024-08-30,778,36.80456180000002,35.84263331428574,33.70802382788993,33.19410384824444,0.792531141562354,0.7583615287639742,0.8365245800616393,0.8567957220500948
AWS,LC09_L2SP_115036_20240830_20240831_02_T1,2024-08-30,773,39.507076280000014,38.813380982857154,34.479619618300994,33.70797460355183,0.6559471217818875,0.5299687987764978,0.7498001248118821,0.7819816386948212
AWS,LC09_L2SP_115036_20240830_20240831_02_T1,2024-08-30,784,,,34.53330010712533,35.37181485311409,,,0.7149656209468888,0.7094447305509869
AWS,LC09_L2SP_115036_20240830_20240831_02_T1,2024-08-30,739,41.65359284000001,41.6698691257143,38.88996355565091,37.19581964797517,0.6099324108967444,0.49289160635812085,0.626616294065625,0.6660488712767364
AWS,LC09_L2SP_115036_20240830_20240831_02_T1,2024-08-30,790,41.041197590000024,41.41226638625002,36.089294431828996,35.1197247063604,0.5466872371751264,0.33893419244168765,0.8436859728353814,0.8583960056349602
AWS,LC09_L2SP_115036_20240830_20240831_02_T1,2024-08-30,783,,,41.129481546666675,41.555331688901944,,,0.4475326605961748,0.4913346188897597
AWS,LC09_L2SP_115036_20240830_20240831_02_T1,2024-08-30,754,39.217683920000034,39.01143082742858,38.9182716467968,38.847083533600944,0.6042822316215305,0.61101489101732,0.5593694436386569,0.5773571803512614
AWS,LC09_L2SP_115036_20240830_20240831_02_T1,2024-08-30,765,36.640496840000004,37.26804531200002,37.75466956329899,36.48843948621038,0.8493959693244442,0.8173829361512617,0.7435759685034434,0.7657750496441247
AWS,LC09_L2SP_115036_20240830_20240831_02_T1,2024-08-30,767,39.410232380000025,38.71169036666669,37.160436317489555,36.75225848229058,0.5236699477766824,0.38292470723965366,0.5738268543279862,0.6371448309458249
AWS,LC09_L2SP_115036_20240830_20240831_02_T1,2024-08-30,710,38.07948326000002,38.24647795142858,37.40534086185989,36.79727775523573,0.5989435577973407,0.6134152287992851,0.6558353893582277,0.7032216452626976
AWS,LC09_L2SP_115036_20240830_20240831_02_T1,2024-08-30,713,48.80978738000001,49.89538308457145,50.54223802804125,48.11406315965519,0.7507776566649289,0.5206104992081838,0.38241703503821506,0.4401689026257657
AWS,LC09_L2SP_115036_20240830_20240831_02_T1,2024-08-30,973,38.183163200000024,38.70244181942859,36.45074375265214,35.62473376977652,0.4453447193446574,0.38676174512192524,0.66116339665757,0.7498928184938656
AWS,LC09_L2SP_115036_20240830_20240831_02_T1,2024-08-30,741,41.311790840000015,42.39966522457145,44.88960588816516,43.15712487929494,0.5611221792220068,0.6362951034504173,0.4346788157687538,0.4820924721784776
AWS,LC09_L2SP_115036_20240830_20240831_02_T1,2024-08-30,746,40.80706322000003,39.273544132571445,36.72077334795701,36.28008507070872,0.5938246091943697,0.5024863832134294,0.6507557807752561,0.6987115182514461
AWS,LC09_L2SP_115036_20240830_20240831_02_T1,2024-08-30,882,43.992657860000044,43.58552284914287,41.446796757113425,38.51669065628383,0.42780717000882457,0.5117084392373323,0.6235425599519268,0.701256650851326
AWS,LC09_L2SP_115036_20240830_20240831_02_T1,2024-08-30,902,,,38.38126698204381,37.52504878040243,,,0.7917119693411696,0.8027626530542652
AWS,LC09_L2SP_115036_20240830_20240831_02_T1,2024-08-30,932,45.408857479999995,45.76250861600002,43.640974059603984,41.89289236210419,0.5872050619026498,0.4593361426993488,0.5613708188489627,0.6448346128960779
AWS,LC09_L2SP_115036_20240830_20240831_02_T1,2024-08-30,709,,,,38.347675217236514,,,,0.6753650746767175
AWS,LC09_L2SP_115036_20240830_20240831_02_T1,2024-08-30,906,41.22747968000002,40.38742802171431,38.74414132783507,36.413339239781244,0.7054749859704555,0.6234549136726889,0.7424681081092019,0.810675400993185
AWS,LC09_L2SP_115036_20240830_20240831_02_T1,2024-08-30,933,39.63126434000003,39.48800047314288,38.52239524996435,39.29501139334775,0.6325929326549191,0.769770334010344,0.7933028929225606,0.7672556606796475
AWS,LC09_L2SP_115036_20240830_20240831_02_T1,2024-08-30,720,35.17986296000004,35.37465754742859,33.29969241922782,32.3443635669952,0.7041058132383013,0.7001758775486552,0.8218626865622347,0.8574927172988105
AWS,LC09_L2SP_115036_20240830_20240831_02_T1,2024-08-30,786,40.74212084000002,41.12708754971431,41.5161509387342,38.787290970079184,0.6350449705726813,0.6753249743134742,0.6207947539091142,0.7167820697895233
AWS,LC09_L2SP_115036_20240830_20240831_02_T1,2024-08-30,760,,,,35.29765521701883,,,,0.7550150477449339
AWS,LC09_L2SP_115036_20240830_20240831_02_T1,2024-08-30,785,41.55333092000001,40.8980802097143,39.08281503690724,37.67517543018611,0.43926352221770637,0.5026124599942277,0.6268011954119938,0.6813275147764787
AWS,LC09_L2SP_115036_20240830_20240831_02_T1,2024-08-30,774,39.42276512000003,39.263778361142876,39.42383103878022,38.342393904651594,0.7020949820342816,0.6259547629125466,0.5931350013545118,0.6253012035348313
AWS,LC09_L2SP_115036_20240830_20240831_02_T1,2024-08-30,964,41.30951216000002,41.33070388400002,38.60270435244384,37.46927322851565,0.7340914026383757,0.6203236324202511,0.7153971549271201,0.7263506962529942
AWS,LC09_L2SP_115036_20240830_20240831_02_T1,2024-08-30,766,42.68868323000001,43.09149688700002,43.63968844479341,43.3141650413756,0.528458220965682,0.3975840747258955,0.3921065682103373,0.442922455157091
AWS,LC09_L2SP_115036_20240830_20240831_02_T1,2024-08-30,777,39.23021666000003,39.81222408457144,37.740813466185585,37.805726459330415,0.8155257222522794,0.7433626765056746,0.7606880916301876,0.7421279082004298
AWS,LC09_L2SP_115036_20240830_20240831_02_T1,2024-08-30,775,39.80444402000004,39.37754959828573,39.32469965958765,38.42007908053878,0.6409858595657026,0.6404271675518877,0.6023025127764216,0.6142230546799679
AWS,LC09_L2SP_115036_20240830_20240831_02_T1,2024-08-30,857,38.739161120000034,37.616854253000014,35.98075901473686,,0.7034427396002874,0.808539112423752,0.7744335811618952,
AWS,LC09_L2SP_115036_20240830_20240831_02_T1,2024-08-30,717,,37.48155762800002,34.710172565663726,35.496620976981156,,0.7334819195225486,0.7868653283848407,0.7264911302705913
AWS,LC09_L2SP_115036_20240830_20240831_02_T1,2024-08-30,776,34.82211020000003,34.664685964571454,35.74662392350517,35.40592675580054,0.5927426516999329,0.6900946251741789,0.6960116786355602,0.7333580816207748
AWS,LC09_L2SP_115036_20240830_20240831_02_T1,2024-08-30,770,33.612131120000015,33.73557047085715,33.834133529600024,33.25159875408795,0.7591581327751502,0.793599654134205,0.8066648829294785,0.834978276385854
AWS,LC09_L2SP_115036_20240830_20240831_02_T1,2024-08-30,730,,,,38.12934009308273,,,,0.6548542428923847
AWS,LC09_L2SP_115036_20240830_20240831_02_T1,2024-08-30,744,38.28912182000003,37.99383744457144,36.780173659587646,36.44194883101442,0.5584305727181061,0.5974869075695655,0.6289537590180307,0.6525201982326574
AWS,LC09_L2SP_115036_20240830_20240831_02_T1,2024-08-30,731,34.07812118000002,35.03412509771431,35.044301076288676,34.93081235072002,0.7960961130208002,0.7853750921194336,0.7691684213672303,0.7531102899707212
AWS,LC09_L2SP_115036_20240830_20240831_02_T1,2024-08-30,699,39.755452400000024,38.92558969657145,37.39064064515466,37.67060371835101,0.5526893266466172,0.5280845534513574,0.6550646439384308,0.6523724699301219
AWS,LC09_L2SP_115036_20240830_20240831_02_T1,2024-08-30,688,,39.54609867500002,,,,0.5789825137264468,,
AWS,LC09_L2SP_115036_20240830_20240831_02_T1,2024-08-30,304,46.60060712000003,46.45402289085715,42.18263411846397,39.51522433199484,0.5838870581380654,0.5387992859680459,0.6045339537997078,0.6905704832500216
AWS,LC09_L2SP_115036_20240830_20240831_02_T1,2024-08-30,708,40.090988030000005,38.88991379157898,,39.654543827567586,0.47045185019181884,0.6887377805334541,,0.6393348180311624
ASOS,LC09_L2SP_115036_20250801_20250802_02_T1,2025-08-01,156,41.99425550000001,42.494979153714304,47.96084415815792,48.77284959214848,0.7714186273803714,0.6570087670449305,0.3240166002577191,0.30634775507490236
ASOS,LC09_L2SP_115036_20250801_20250802_02_T1,2025-08-01,168,45.456709760000024,45.91700312000003,46.75711100545457,45.830787962281896,0.433812833035943,0.40820442270015883,0.278019547551462,0.3524425552434585
ASOS,LC09_L2SP_115036_20250801_20250802_02_T1,2025-08-01,260,40.05509882000001,39.77872748857145,40.879691250927856,39.50823812628688,0.7035383147448547,0.6847873985950556,0.6286038124155159,0.6779647297142835
ASOS,LC09_L2SP_115036_20250801_20250802_02_T1,2025-08-01,295,44.35382864000002,44.248228098285736,40.6547656723131,36.999634422255575,0.4211953557298101,0.4563411564008198,0.5769967443083484,0.7033867596334565
ASOS,LC09_L2SP_115036_20250801_20250802_02_T1,2025-08-01,289,44.03253476000001,44.099300084000014,43.20000218639177,42.32633575793625,0.7380572112526468,0.5575750104345796,0.5648916736815398,0.546105046972283
ASOS,LC09_L2SP_115036_20250801_20250802_02_T1,2025-08-01,192,46.55503352000003,46.29952838685717,43.052779494442895,40.74081778252201,0.39140170514408873,0.4738127257013594,0.5229742925875869,0.6233025407437813
ASOS,LC09_L2SP_115036_20250801_20250802_02_T1,2025-08-01,254,49.53212894000001,48.6993690577143,41.051704763995424,40.23773946438075,0.28349485087384335,0.42058955271810866,0.6545674219297963,0.6634446423724338
ASOS,LC09_L2SP_115036_20250801_20250802_02_T1,2025-08-01,263,41.723092580000014,43.12574671333336,,41.7867772909199,0.7993268881109087,0.6450024115083558,,0.641774659085255
ASOS,LC09_L2SP_115036_20250801_20250802_02_T1,2025-08-01,155,46.54250078000001,46.47597146214288,44.60981254888515,43.50893794944084,0.6834053123324018,0.646960478852537,0.5435285406321917,0.5633144849245305
ASOS,LC09_L2SP_115036_20250801_20250802_02_T1,2025-08-01,251,49.44895712000001,48.99068201942859,46.7681135915464,44.36472446141829,0.42962494978683735,0.45425629338021734,0.480362816774938,0.5845501064407045
ASOS,LC09_L2SP_115036_20250801_20250802_02_T1,2025-08-01,174,41.96349332000002,42.22183052685716,41.25362185587631,38.3181793984523,0.7386870643807258,0.7385627163066754,0.6704701726305974,0.7572312979764049
ASOS,LC09_L2SP_115036_20250801_20250802_02_T1,2025-08-01,245,49.64378426000002,49.458071840000024,47.92354530082476,46.35661059295165,0.4412674154703147,0.477495432697075,0.5700530603842314,0.5811482667477398
ASOS,LC09_L2SP_115036_20250801_20250802_02_T1,2025-08-01,266,39.66544454000003,39.747574677714304,46.61090821697249,46.952992388772856,0.8325312402479675,0.7814067724769783,0.42487217114154524,0.42240657761344125
ASOS,LC09_L2SP_115036_20250801_20250802_02_T1,2025-08-01,247,48.49191152000003,48.780815591428585,48.2750179874227,45.08751399252938,0.5261571925920318,0.5133407120712029,0.37449089603487384,0.4638379269916956
ASOS,LC09_L2SP_115036_20250801_20250802_02_T1,2025-08-01,262,,,,38.148509427245166,,,,0.7467956437006662
ASOS,LC09_L2SP_115036_20250801_20250802_02_T1,2025-08-01,259,,,,44.52097725822189,,,,0.5584405384275751
AWS,LC09_L2SP_115036_20250801_20250802_02_T1,2025-08-01,711,44.26496011999999,43.56628427942859,40.19362662917485,39.68677352842149,0.5295845067648108,0.5139629928351616,0.6652302440263161,0.648440171625657
AWS,LC09_L2SP_115036_20250801_20250802_02_T1,2025-08-01,907,,,,35.83798585341838,,,,0.7500392036984798
AWS,LC09_L2SP_115036_20250801_20250802_02_T1,2025-08-01,687,47.96211842,48.03031605714286,43.021765748845695,41.303796183544094,0.5462631947585862,0.5772700466545774,0.6339605160343889,0.6700842671685924
AWS,LC09_L2SP_115036_20250801_20250802_02_T1,2025-08-01,787,41.85753470000003,41.26976547028573,39.923538329690736,38.12689542213939,0.7055004838073821,0.7275904513236021,0.6506544557353264,0.7237901169468447
AWS,LC09_L2SP_115036_20250801_20250802_02_T1,2025-08-01,778,40.677178460000015,39.741910530285736,36.74786495278352,35.97896759327227,0.7117732058102227,0.7060764417448911,0.8120689099546667,0.8441419273997769
AWS,LC09_L2SP_115036_20250801_20250802_02_T1,2025-08-01,784,42.29959862000002,42.56832009714287,39.14553138835823,39.834074345105606,0.5877376359508791,0.4384402223313502,0.6540715588283559,0.6405694266167345
AWS,LC09_L2SP_115036_20250801_20250802_02_T1,2025-08-01,929,36.02867126000001,36.24156507714288,37.5390054216495,35.480487588033235,0.7359760904117163,0.7958107003710878,0.745038065458543,0.8038059826511966
AWS,LC09_L2SP_115036_20250801_20250802_02_T1,2025-08-01,783,,,43.53408710299352,44.365060096075496,,,0.41809465860979617,0.39832500269476695
AWS,LC09_L2SP_115036_20250801_20250802_02_T1,2025-08-01,788,39.871665080000035,40.899154444571444,43.34742338577321,42.44575188847597,0.7725243386061696,0.6852236219571262,0.5302974643410879,0.5387723233638849
AWS,LC09_L2SP_115036_20250801_20250802_02_T1,2025-08-01,754,43.02763688000001,42.83297250285716,42.75427507304251,42.486020290498026,0.5165152873858764,0.549390428081372,0.5104100604690005,0.5336320345223546
AWS,LC09_L2SP_115036_20250801_20250802_02_T1,2025-08-01,741,43.411594460000025,44.78407597657146,48.07784169278352,46.68719565416621,0.6986936224999162,0.6904227316882983,0.398736683390446,0.4337536093278621
AWS,LC09_L2SP_115036_20250801_20250802_02_T1,2025-08-01,710,41.98400144000001,41.89106384857144,40.19008680763233,39.94679817040972,0.5683187429171231,0.5743398764600053,0.6323827360646403,0.6410584066851717
AWS,LC09_L2SP_115036_20250801_20250802_02_T1,2025-08-01,926,38.76080858,39.23311383885716,38.17472190432992,39.38947147199544,0.7514105249502467,0.7267016154020873,0.7211495808206159,0.7041320921453083
AWS,LC09_L2SP_115036_20250801_20250802_02_T1,2025-08-01,920,41.34938906000002,41.96840875828574,41.81678861278352,40.436053930861746,0.8524503870861512,0.6115813709525051,0.6069463121715888,0.6578179484198848
AWS,LC09_L2SP_115036_20250801_20250802_02_T1,2025-08-01,932,45.95574068000002,46.15841298971431,43.49882992600002,41.689266658243824,0.5438385900682975,0.4409650390532229,0.541244554743167,0.6266375864577642
AWS,LC09_L2SP_115036_20250801_20250802_02_T1,2025-08-01,917,43.98810050000001,42.86314873657144,41.23675787052176,38.54754322889207,0.324340851521353,0.473089351280318,0.6234517035409448,0.7169526834448853
AWS,LC09_L2SP_115036_20250801_20250802_02_T1,2025-08-01,899,48.057822980000005,48.13383323428573,46.96661748183488,47.309333272173674,0.2592002336254954,0.2976531897053559,0.36780072483509046,0.3400690400585797
AWS,LC09_L2SP_115036_20250801_20250802_02_T1,2025-08-01,738,48.90093458000003,48.6426299257143,45.58198209408517,44.08768118209405,0.41607283923986577,0.44351377678158355,0.5950986998308172,0.5931235144112491
AWS,LC09_L2SP_115036_20250801_20250802_02_T1,2025-08-01,709,38.73916112000004,38.400777140000024,40.774128071958785,40.79589108411714,0.6748414766112948,0.7246431139179709,0.6227035029008167,0.6292620745839378
AWS,LC09_L2SP_115036_20250801_20250802_02_T1,2025-08-01,906,42.640261280000026,42.344097985142874,40.56889026164951,37.51447467080448,0.7714814288263022,0.5744752251992051,0.702575115213524,0.7926654615605876
AWS,LC09_L2SP_115036_20250801_20250802_02_T1,2025-08-01,933,38.52154718000003,38.206242973142885,36.975190496385274,37.90002982766741,0.6819588550408048,0.7350252174062636,0.7736472512124543,0.7462448010712829
AWS,LC09_L2SP_115036_20250801_20250802_02_T1,2025-08-01,918,41.830190540000025,42.009717971428586,42.47839485885113,41.396234508506154,0.6709049115712814,0.6561791549340967,0.5438440979333353,0.6127232439691036
AWS,LC09_L2SP_115036_20250801_20250802_02_T1,2025-08-01,768,45.72331532000002,45.12968662742859,42.21359215340208,41.429741136097576,0.6179281966768748,0.5814605928886798,0.6735409935536932,0.6788938862696239
AWS,LC09_L2SP_115036_20250801_20250802_02_T1,2025-08-01,786,40.292081540000005,40.499246104571455,40.42373541279819,37.3210614985499,0.5980944010684514,0.6512785253147791,0.6252395018763843,0.7088650736941862
AWS,LC09_L2SP_115036_20250801_20250802_02_T1,2025-08-01,760,45.08870294000004,44.11775739200002,40.6113277402062,38.253752374755244,0.48646402373614644,0.5220252269364968,0.6683321606188422,0.7534081124582882
AWS,LC09_L2SP_115036_20250801_20250802_02_T1,2025-08-01,722,46.50262388000002,45.288575728571445,45.15728650969074,44.92015172681936,0.45964783833439443,0.42145180708393415,0.47400370484630994,0.45150871842569346
AWS,LC09_L2SP_115036_20250801_20250802_02_T1,2025-08-01,766,43.09371860000001,42.36306656000002,43.80131007477979,43.234682776714564,0.5330982460939326,0.464627049972685,0.3099364488786084,0.35187083441490974
AWS,LC09_L2SP_115036_20250801_20250802_02_T1,2025-08-01,774,42.42378668000001,41.94350604114288,41.794795748111255,40.28032840145638,0.5858218214326587,0.5412483662247856,0.5511968696268316,0.6075336030253607
AWS,LC09_L2SP_115036_20250801_20250802_02_T1,2025-08-01,777,41.68093700000001,42.7622683177143,39.989365557938164,39.57338508494846,0.8019901653172593,0.7002616764846441,0.7263295289758929,0.7223434100036057
AWS,LC09_L2SP_115036_20250801_20250802_02_T1,2025-08-01,689,45.41683286000002,44.64891770000001,41.3025508317526,39.65066449597248,0.5171396418052839,0.5840124610213387,0.5991176151060579,0.6542071727607122
AWS,LC09_L2SP_115036_20250801_20250802_02_T1,2025-08-01,936,37.679574920000015,37.865808181142874,40.37592678432992,38.30121715520758,0.7826129798873399,0.7792750807142637,0.6517649431407206,0.7272488443651415
AWS,LC09_L2SP_115036_20250801_20250802_02_T1,2025-08-01,690,45.55925036000004,44.45819218400002,39.028373378144344,37.25406518943031,0.42750694955090235,0.490125368396306,0.6840395809673961,0.7458363667005022
AWS,LC09_L2SP_115036_20250801_20250802_02_T1,2025-08-01,795,45.97966682000001,45.94005034057145,43.70162720765519,40.1299864027711,0.4784759022966176,0.459146256278592,0.5159265331240884,0.6371114849779824
AWS,LC09_L2SP_115036_20250801_20250802_02_T1,2025-08-01,794,47.05634312000003,46.58996242914288,43.73030130651378,39.99847244742271,0.5660090246213444,0.5588063391390508,0.6179039135756093,0.723242524256523
AWS,LC09_L2SP_115036_20250801_20250802_02_T1,2025-08-01,872,33.712393040000016,32.576764033142865,30.21451744329899,29.82637209219584,0.6909684096718384,0.7864928240222633,0.895385043283686,0.9073404133447974
AWS,LC09_L2SP_115036_20250801_20250802_02_T1,2025-08-01,732,46.32488684000001,45.34941648457146,40.66072547204032,40.368516912657356,0.342396284946579,0.43442296253881735,0.6370333979596668,0.652826221551105
AWS,LC09_L2SP_115036_20250801_20250802_02_T1,2025-08-01,913,,,39.64725978000001,35.07899715452633,,,0.6389731810236035,0.7716433750748977
AWS,LC09_L2SP_115036_20250801_20250802_02_T1,2025-08-01,770,36.88545494000001,36.71803706514289,36.348971765266924,35.70093810831055,0.7456677770149526,0.7635156563861115,0.779685764013714,0.8123232791546542
AWS,LC09_L2SP_115036_20250801_20250802_02_T1,2025-08-01,755,40.00154984000002,39.60597099200002,37.49735490989693,35.84434281355284,0.7636819604347892,0.6850994999102796,0.7394332249788849,0.8130214006050345
AWS,LC09_L2SP_115036_20250801_20250802_02_T1,2025-08-01,730,43.26575894000003,43.21813452800003,42.80752104795675,42.48455365090117,0.6272860336415813,0.6047791556749051,0.579980503087818,0.594686344991038
AWS,LC09_L2SP_115036_20250801_20250802_02_T1,2025-08-01,744,,,,42.23773611602195,,,,0.5688425885353727
AWS,LC09_L2SP_115036_20250801_20250802_02_T1,2025-08-01,699,45.75521684,45.13212807028574,43.06833162972846,42.37519801168564,0.49496977981758034,0.4535903023671941,0.5396779147237246,0.57391558464438
AWS,LC09_L2SP_115036_20250801_20250802_02_T1,2025-08-01,856,39.95141888000003,39.17031992857145,34.24576860082476,33.061686514818334,0.7222082633525074,0.69717739266965,0.8485898329610974,0.878469592650716
AWS,LC09_L2SP_115036_20250801_20250802_02_T1,2025-08-01,688,42.470499620000034,42.48970563714287,39.716389887394385,38.569371581102615,0.5465486161895541,0.5353017527442977,0.6390469516242554,0.6808193247782772
AWS,LC09_L2SP_115036_20250801_20250802_02_T1,2025-08-01,948,37.66362416000002,37.96751721090911,38.333277165357984,36.09774587313434,0.6866044154760965,0.6123470803994581,0.7249093087446772,0.7931779760999988
AWS,LC09_L2SP_115036_20250801_20250802_02_T1,2025-08-01,762,,,,35.61596359065838,,,,0.8005108813760089
AWS,LC09_L2SP_115036_20250801_20250802_02_T1,2025-08-01,708,43.165497020000004,41.99653418000003,,42.96913810862352,0.40930928210728085,0.6299011014244319,,0.5822681120304265
AWS,LC09_L2SP_115036_20250801_20250802_02_T1,2025-08-01,706,40.246507940000015,40.59612255714286,40.72611918164951,41.53857345840989,0.6304832037945691,0.5312073127765043,0.6370152036670453,0.618121623310126
AWS,LC09_L2SP_115036_20250801_20250802_02_T1,2025-08-01,791,38.16379442000001,37.28484243885717,32.546280507628886,31.48948785915261,0.5226776466587592,0.6742824847090859,0.8743054413734501,0.9009850301227151
AWS,LC09_L2SP_115036_20250801_20250802_02_T1,2025-08-01,902,41.90766566000002,41.90014601600002,40.5028829315464,39.13462760010311,0.5143783801108508,0.5102437568440781,0.7022623358837963,0.7063177228851937
AWS,LC09_L2SP_115036_20250801_20250802_02_T1,2025-08-01,759,,,30.6205291201338,30.43452623005407,,,0.8795620766898843,0.9009620354205281
AWS,LC09_L2SP_115036_20250801_20250802_02_T1,2025-08-01,951,,,39.30972975436622,37.48758471809422,,,0.7477174597185097,0.7979124354387538
AWS,LC09_L2SP_115036_20250801_20250802_02_T1,2025-08-01,712,40.56780182000002,39.741031610857156,37.31332123472834,37.72812062589657,0.6296480018951315,0.6533670261907057,0.7065963722768616,0.6974922048768537
AWS,LC09_L2SP_115036_20250801_20250802_02_T1,2025-08-01,315,35.10238784000004,32.89258908114287,29.482219382886615,29.311484025302054,0.4136840227119703,0.66923413421023,0.8926355125776015,0.9028929715904529
AWS,LC09_L2SP_115036_20250801_20250802_02_T1,2025-08-01,713,49.38059672000001,50.377421562285726,51.014241923917545,48.43753541512197,0.6719169718543446,0.4810385214048358,0.3638241350642086,0.4179361104817303
AWS,LC09_L2SP_115036_20250801_20250802_02_T1,2025-08-01,767,38.295957860000044,37.84863544769234,35.987732506599514,35.100701079975224,0.40439977913483643,0.31334424891085655,0.5524222407970124,0.690645138747884
AWS,LC09_L2SP_115036_20250801_20250802_02_T1,2025-08-01,765,41.25482384000001,41.45121350342858,41.199321146391775,39.75497582846447,0.7446378000619008,0.7267060034517834,0.652414911535177,0.7065232274018828
AWS,LC09_L2SP_115036_20250801_20250802_02_T1,2025-08-01,175,32.48988122000001,32.12431584285716,32.22191567316903,32.56909043750807,0.8170403224359454,0.8531214467795354,0.8812924199603518,0.8848484088696953
AWS,LC09_L2SP_115036_20250801_20250802_02_T1,2025-08-01,748,41.38015124000001,41.13177512000002,39.92101921727275,39.12538419084597,0.7267534318829275,0.6104957010612104,0.6169166656901891,0.6631312444794613
AWS,LC09_L2SP_115036_20250801_20250802_02_T1,2025-08-01,973,41.42002814000002,42.13862615428573,40.20640710075863,38.519631507381725,0.2618982226843251,0.3131734916103562,0.5567723988423691,0.6932803980417347
AWS,LC09_L2SP_115036_20250801_20250802_02_T1,2025-08-01,775,43.01852216000001,43.700954267428585,43.606232367058844,43.09737628589943,0.6569746366773991,0.528876419822326,0.4942283370325217,0.535404558564062
AWS,LC09_L2SP_115036_20250801_20250802_02_T1,2025-08-01,882,47.30471924000002,47.3677084657143,45.3745023099286,42.569812556560215,0.47679987414542463,0.49384078478728727,0.5998696313391749,0.6529444774424283
ASOS,LC09_L2SP_115036_20250817_20250819_02_T1,2025-08-17,168,43.192841179999995,43.32262828228573,43.618156631184426,42.05689694234429,0.35808589234571864,0.40425798383951633,0.2825862398838403,0.39314034193376884
ASOS,LC09_L2SP_115036_20250817_20250819_02_T1,2025-08-17,162,37.447149560000014,38.78790505739132,38.49608633201495,38.14410571071636,0.6472951915533208,0.5225814830964263,0.4640555564158764,0.49152347725816853
ASOS,LC09_L2SP_115036_20250817_20250819_02_T1,2025-08-17,260,35.235690620000014,35.227346630000014,35.588121615867365,,0.7489716835271159,0.7054127926897382,0.6582468758770386,
ASOS,LC09_L2SP_115036_20250817_20250819_02_T1,2025-08-17,295,42.99801404000002,42.974478530857155,39.093711303642706,35.90908180011493,0.5461679701781774,0.4438387704354011,0.5935771019765701,0.7181151895331042
ASOS,LC09_L2SP_115036_20250817_20250819_02_T1,2025-08-17,289,39.25186411999999,38.77208204947371,36.012034335685414,36.25187638082065,0.7704100680700303,0.6320532921740626,0.7247286174524614,0.6445013283577549
ASOS,LC09_L2SP_115036_20250817_20250819_02_T1,2025-08-17,192,41.567003000000035,41.299160442285746,38.35891724203105,36.424670255252394,0.44760241688117164,0.4997805766760579,0.5457178630062796,0.6463021126916018
ASOS,LC09_L2SP_115036_20250817_20250819_02_T1,2025-08-17,263,35.39178020000003,36.28135155333335,,35.481595695130345,0.8298604447887903,0.7132665255180756,,0.6851683691615611
ASOS,LC09_L2SP_115036_20250817_20250819_02_T1,2025-08-17,172,,,,33.22987219236365,,,,0.7246402129380162
ASOS,LC09_L2SP_115036_20250817_20250819_02_T1,2025-08-17,266,35.58660734000002,36.37955542742859,42.8758579987629,42.916757393144195,0.8733335774563629,0.8112649730702141,0.43848686604442066,0.442118999033385
ASOS,LC09_L2SP_115036_20250817_20250819_02_T1,2025-08-17,262,39.799886660000006,38.54902155028575,36.71748646804126,35.39688503082523,0.5461189634839938,0.6232557850242314,0.7263008144852743,0.7558200835807664
ASOS,LC09_L2SP_115036_20250817_20250819_02_T1,2025-08-17,165,39.28832300000001,39.79415740742858,39.246850603579354,40.02691340645325,0.5552876069932907,0.6036462947597555,0.5613652664988561,0.4998237068694725
ASOS,LC09_L2SP_115036_20250817_20250819_02_T1,2025-08-17,259,39.15615955999999,,39.550229738322166,37.480149127352085,0.30095832435700537,,0.5349262219312136,0.5703150979240029
AWS,LC09_L2SP_115036_20250817_20250819_02_T1,2025-08-17,907,,,35.873617443636384,35.17131761979625,,,0.6851316719819062,0.6951060713675487
AWS,LC09_L2SP_115036_20250817_20250819_02_T1,2025-08-17,306,38.68789082000001,39.42751237000002,35.19170218869567,32.482175992783525,0.38789824137591816,0.3201429737227617,0.6319863764526875,0.7449409788426936
AWS,LC09_L2SP_115036_20250817_20250819_02_T1,2025-08-17,787,38.45204744000002,37.88312390413794,35.10730705934666,34.31365634016153,0.7130613030272815,0.7285790203860318,0.7222015263295702,0.7629012152930565
AWS,LC09_L2SP_115036_20250817_20250819_02_T1,2025-08-17,929,31.023550640000014,31.47420843885715,32.683510291134034,31.23796836108791,0.7867392955788189,0.8390712405485535,0.7717000796029796,0.8176843681681634
AWS,LC09_L2SP_115036_20250817_20250819_02_T1,2025-08-17,917,39.29971640000002,38.523435229142876,36.78480663513046,34.64047933607957,0.39480917852829495,0.4888831754453172,0.658555921109011,0.7485797104672142
AWS,LC09_L2SP_115036_20250817_20250819_02_T1,2025-08-17,932,39.11856134000001,40.05685665885717,38.23270905559115,36.89538750695115,0.6039417163274552,0.4693647069848443,0.5596976325087218,0.6449874098218379
AWS,LC09_L2SP_115036_20250817_20250819_02_T1,2025-08-17,926,34.87224116000001,35.27182397428573,34.85531158556703,35.884063474257104,0.7695970748463067,0.7522199252884751,0.7425062971490444,0.7259167017926422
AWS,LC09_L2SP_115036_20250817_20250819_02_T1,2025-08-17,920,36.204129620000025,36.97341198800002,36.171746523298985,35.068296484561934,0.8705813214601442,0.6340335651052408,0.649469549532273,0.6927882455633754
AWS,LC09_L2SP_115036_20250817_20250819_02_T1,2025-08-17,738,38.71295630000003,38.59501833371431,36.26018044969074,35.45416806323379,0.5434438732699516,0.5345595275694578,0.6360797836532206,0.6406932621945705
AWS,LC09_L2SP_115036_20250817_20250819_02_T1,2025-08-17,709,33.11196086000003,33.24454748342858,34.492110042641535,34.87736799308678,0.6520912184771631,0.7255220544579916,0.6742185861185754,0.6855593848043566
AWS,LC09_L2SP_115036_20250817_20250819_02_T1,2025-08-17,906,34.92351146000001,34.85795058114288,33.64519072354879,31.742212646029635,0.7268043258424597,0.5766076774132908,0.7140661765998445,0.7801773754714694
AWS,LC09_L2SP_115036_20250817_20250819_02_T1,2025-08-17,933,35.47153400000002,35.33510617314288,34.391008871296094,35.14281841494602,0.7422427898716485,0.7698945249467039,0.7938279323115283,0.7657371644177398
AWS,LC09_L2SP_115036_20250817_20250819_02_T1,2025-08-17,918,,,,33.01992759657673,,,,0.6196057684676402
AWS,LC09_L2SP_115036_20250817_20250819_02_T1,2025-08-17,786,35.611672820000024,35.65581410685716,35.81069194544829,34.05691443026201,0.6379972400703812,0.6877294059877859,0.6347270018770841,0.7242280910577197
AWS,LC09_L2SP_115036_20250817_20250819_02_T1,2025-08-17,750,33.678212840000036,32.787411722857165,33.576393228593766,34.044453061952446,0.5947140862281753,0.6594728913369061,0.6466314953641539,0.687624537044201
AWS,LC09_L2SP_115036_20250817_20250819_02_T1,2025-08-17,936,31.854129500000017,32.114843044571444,33.995806801443315,32.389251044958506,0.7849398698918716,0.7619836273317243,0.6784940682999827,0.7431469213438001
AWS,LC09_L2SP_115036_20250817_20250819_02_T1,2025-08-17,766,39.10830728000004,39.39160082000002,40.45612398339922,40.74278672962849,0.620638553194691,0.48966855427853134,0.30895346788350697,0.3158426639497295
AWS,LC09_L2SP_115036_20250817_20250819_02_T1,2025-08-17,872,29.91839084000003,29.19487738742859,27.266755134226823,27.047393356973892,0.726234970507972,0.7952750592040586,0.891764162759681,0.9006556073824366
AWS,LC09_L2SP_115036_20250817_20250819_02_T1,2025-08-17,913,38.380269020000014,38.086807588571446,37.55398871053301,34.377707891674376,0.6301013325654488,0.6231686745374017,0.636717103563625,0.7299251238083975
AWS,LC09_L2SP_115036_20250817_20250819_02_T1,2025-08-17,731,33.30450932000002,34.35188830571431,34.7349918002062,34.47555524515023,0.6643531222337954,0.743649579675219,0.7470973003936456,0.743921350470929
AWS,LC09_L2SP_115036_20250817_20250819_02_T1,2025-08-17,856,33.873039980000044,33.52970800914287,29.77651364556703,28.730222891864738,0.7135941993102369,0.7150994801685432,0.841966475983606,0.8678969580619457
AWS,LC09_L2SP_115036_20250817_20250819_02_T1,2025-08-17,688,35.457861920000006,35.51255024000002,33.993955749534905,,0.7086403362429227,0.6099339217457046,0.6833746371321021,
AWS,LC09_L2SP_115036_20250817_20250819_02_T1,2025-08-17,948,32.62090532000002,33.492914725454575,34.44617907386209,32.57900078655016,0.7492486726877665,0.6817466311567998,0.7465979948881027,0.8037834174999234
AWS,LC09_L2SP_115036_20250817_20250819_02_T1,2025-08-17,706,,,35.154566727594954,36.311656777814534,,,0.6663305966927058,0.6167011045175133
AWS,LC09_L2SP_115036_20250817_20250819_02_T1,2025-08-17,791,33.82974506000003,32.51865769314288,29.30629119195878,28.492263011892373,0.5614488107367883,0.7085585644820571,0.870555928825735,0.8939097344950645
AWS,LC09_L2SP_115036_20250817_20250819_02_T1,2025-08-17,902,35.49546014000001,35.073285841142884,34.032500596907234,33.12995251618668,0.530724647981484,0.570794754790688,0.7329738210514362,0.7241539955948834
AWS,LC09_L2SP_115036_20250817_20250819_02_T1,2025-08-17,759,32.03300588000004,31.726653630285735,29.462118449690742,29.061886368428304,0.6117746147414647,0.6476449692738844,0.8469424131660112,0.8645690542586101
AWS,LC09_L2SP_115036_20250817_20250819_02_T1,2025-08-17,315,28.292552660000013,27.579130504571445,25.218019475521256,25.121834919310363,0.41326607874266785,0.6568903623753202,0.8732507358977956,0.8872395513067914
AWS,LC09_L2SP_115036_20250817_20250819_02_T1,2025-08-17,930,,,31.5533464656938,29.54430697400896,,,0.7591246370126967,0.8283282488065862
AWS,LC09_L2SP_115036_20250817_20250819_02_T1,2025-08-17,713,42.871547299999996,44.535146462857156,45.52371548082476,43.025014044802084,0.7496086684005553,0.5118989877051706,0.38076939424403955,0.43792185255804006
AWS,LC09_L2SP_115036_20250817_20250819_02_T1,2025-08-17,712,35.30860838000003,34.806387308000026,33.76877351585801,34.52704350307853,0.7080399453492804,0.6654642795565271,0.7268169329435813,0.7026247343868006
AWS,LC09_L2SP_115036_20250817_20250819_02_T1,2025-08-17,748,36.63707882,36.71803706514287,35.669378948797494,34.541817456067186,0.756948931952563,0.6443057425513996,0.6456101548560924,0.6700680474286506
AWS,LC09_L2SP_116034_20220731_20230405_02_T2,2022-07-31,589,-123.14852014,-122.26166602214286,-118.72780305189187,-121.33610742813057,0.031663751854819656,0.03230812008480065,0.03222403793997521,0.03199760993583951
ASOS,LC09_L2SP_116034_20230616_20230618_02_T1,2023-06-16,101,41.12038172000001,41.393204821142874,40.37734939770995,39.993986172376026,0.4324713944570458,0.4402398142434161,0.41625041745237684,0.3927437670173487
ASOS,LC09_L2SP_116034_20230616_20230618_02_T1,2023-06-16,131,44.275214180000035,44.0932453057143,43.48156011567012,43.51530342984829,0.42046149391035753,0.30084306232349395,0.25594262108352733,0.28487517087580716
ASOS,LC09_L2SP_116034_20230616_20230618_02_T1,2023-06-16,129,39.58910876000001,38.932621052000016,38.06495101602651,37.390548829068585,0.25439147289916514,0.3292126116398684,0.41827820141155153,0.4306732356717897
ASOS,LC09_L2SP_116034_20230616_20230618_02_T1,2023-06-16,202,44.01829301000001,43.98168421684213,43.27983432619471,42.48980103542418,0.4938558960661748,0.33389574585730863,0.30334891049374935,0.35946726378977756
ASOS,LC09_L2SP_116034_20230616_20230618_02_T1,2023-06-16,203,36.866086160000044,36.96227900857145,36.60166922907218,36.42322701786432,0.6530795895809235,0.5793430122868447,0.5340402346118236,0.5309784057329265
ASOS,LC09_L2SP_116034_20230616_20230618_02_T1,2023-06-16,201,36.696324500000024,37.083276916571435,34.82205147113404,33.170163970341484,0.6125856681733552,0.4605091004366658,0.5950620597733018,0.6359349835276088
ASOS,LC09_L2SP_116034_20230616_20230618_02_T1,2023-06-16,95,40.39120412,40.35275953314287,39.44355513855672,37.18615519238615,0.3792704961395715,0.32480162673803964,0.3760205890905503,0.47043923193635206
ASOS,LC09_L2SP_116034_20230616_20230618_02_T1,2023-06-16,98,35.752950980000016,36.77936610971431,39.93849069896909,39.6546175110881,0.7894903497112465,0.725795873223793,0.4244815183854825,0.4377705673670847
ASOS,LC09_L2SP_116034_20230616_20230618_02_T1,2023-06-16,108,37.42322342000002,37.379179790857165,38.55708597443301,38.33579561863157,0.5751797037219494,0.5114805415008263,0.3605341611086643,0.3902117492949163
ASOS,LC09_L2SP_116034_20230616_20230618_02_T1,2023-06-16,112,36.25539992000002,36.97429090742858,39.773656486119634,41.4961675098832,0.5336675651719048,0.6056562834996303,0.3607942163735424,0.26864773954463284
ASOS,LC09_L2SP_116034_20230616_20230618_02_T1,2023-06-16,99,33.22931288000001,34.06936453828574,33.82396222432992,34.18991349478959,0.6988704565481297,0.6791720248911771,0.57911905283102,0.5708602650887965
ASOS,LC09_L2SP_116034_20230616_20230618_02_T1,2023-06-16,232,40.698825920000026,39.722476645142876,38.8161962190345,38.11332857306938,0.3943385225184402,0.5354991880108628,0.5544880013461405,0.5542638529992979
ASOS,LC09_L2SP_116034_20230616_20230618_02_T1,2023-06-16,93,42.16173848000002,41.65316965657146,40.617451203299,38.8145773178875,0.38202137095181327,0.3679060303723142,0.38077337996149874,0.42315371100420257
ASOS,LC09_L2SP_116034_20230616_20230618_02_T1,2023-06-16,177,42.706343000000025,41.24808545771431,39.16002391938146,39.31548118525775,0.3590943282340424,0.3620036624020941,0.3764000906292691,0.3924184161459116
ASOS,LC09_L2SP_116034_20230616_20230618_02_T1,2023-06-16,119,40.27840946000001,39.70704672628573,39.583216297113424,40.3405626913198,0.4967490687660339,0.4661722400293017,0.42428899796542446,0.36176455158480275
ASOS,LC09_L2SP_116034_20230616_20230618_02_T1,2023-06-16,239,36.517448120000005,36.08794949257144,35.58585216545036,37.125964514520895,0.5396328555038242,0.666616630789219,0.5844298264851425,0.5215163184570359
ASOS,LC09_L2SP_116034_20230616_20230618_02_T1,2023-06-16,181,36.37389128000003,35.90318109714287,36.45050895855672,36.93245719994849,0.3944508368497095,0.43965155015231283,0.41587452214236575,0.4194582242129658
AWS,LC09_L2SP_116034_20230616_20230618_02_T1,2023-06-16,558,36.449087720000044,36.79176863942859,36.693078751340224,34.25287262053541,0.6435381172956691,0.5429108634945384,0.6310692352352566,0.7080491350760335
AWS,LC09_L2SP_116034_20230616_20230618_02_T1,2023-06-16,577,36.743037440000045,36.566569950285725,34.15050294507391,30.94561490223913,0.4157868973466239,0.375122154050686,0.46923164958904295,0.6136132657105489
AWS,LC09_L2SP_116034_20230616_20230618_02_T1,2023-06-16,434,39.855714320000025,39.303622708571446,38.57028662956424,38.67328862605747,0.25644048189187957,0.3896191445447937,0.42197949087150805,0.40986620037843174
AWS,LC09_L2SP_116034_20230616_20230618_02_T1,2023-06-16,627,42.210730100000035,42.00434679714287,39.296693821030935,37.77060693881522,0.3543843875443575,0.29880520612627604,0.42644397546721324,0.46378158434088923
AWS,LC09_L2SP_116034_20230616_20230618_02_T1,2023-06-16,665,34.45866074000003,33.836841520571454,31.987106169509,30.229811619441012,0.4222257186370755,0.62498021452487,0.6162852828182305,0.5923892893027146
AWS,LC09_L2SP_116034_20230616_20230618_02_T1,2023-06-16,116,27.765038240000024,27.89300239828573,28.22109451529956,28.741669032974887,0.6772713340674077,0.7714512171835091,0.8193266765146464,0.8164271101674077
AWS,LC09_L2SP_116034_20230616_20230618_02_T1,2023-06-16,403,43.49362694000001,44.500477974285744,38.65071582181605,39.15783288301626,0.28121383795540694,0.29706666118599856,0.4110654786979194,0.36539445436978724
AWS,LC09_L2SP_116034_20230616_20230618_02_T1,2023-06-16,406,35.657246420000014,35.40317360000001,37.38022214432992,36.06986755029489,0.4442913248984544,0.5101685524926993,0.5282801017307306,0.5834610633924066
AWS,LC09_L2SP_116034_20230616_20230618_02_T1,2023-06-16,407,40.26929474000002,39.853240324571445,38.88428406309281,38.21789205095555,0.3907658721141456,0.5087429064876074,0.478586111005154,0.48534839532779017
AWS,LC09_L2SP_116034_20230616_20230618_02_T1,2023-06-16,408,39.45352730000002,39.03848201428574,38.8630398746392,40.08045949115375,0.39788628164996287,0.37981312722278937,0.4286076172115078,0.35987879820309177
AWS,LC09_L2SP_116034_20230616_20230618_02_T1,2023-06-16,404,42.36112298000004,42.2345260297143,39.35156240890462,38.459268411589925,0.3196950814822896,0.27538365735381526,0.3231255157219342,0.3810886964721805
AWS,LC09_L2SP_116034_20230616_20230618_02_T1,2023-06-16,423,43.66110992,43.201630374285735,40.29207370948456,39.12983601118239,0.48994362675855996,0.4279244106371607,0.42612381731769877,0.4790190052608695
AWS,LC09_L2SP_116034_20230616_20230618_02_T1,2023-06-16,411,35.85663092000002,36.367348213142876,39.65496339505157,40.8356203997161,0.6208984727017044,0.6880166904307334,0.35435399369212295,0.2704719459586326
AWS,LC09_L2SP_116034_20230616_20230618_02_T1,2023-06-16,551,37.81857440000001,38.602928608571446,40.518363510868504,38.91995494239954,0.5587715962677948,0.4622480126460102,0.35596854810539946,0.39173266494343983
AWS,LC09_L2SP_116034_20230616_20230618_02_T1,2023-06-16,572,38.771062640000004,38.698144880000015,38.624107356288675,37.88728596867376,0.5729969836117358,0.3768559574141888,0.42733222412640753,0.4829260766462537
AWS,LC09_L2SP_116034_20230616_20230618_02_T1,2023-06-16,616,38.86107050000002,37.95330949314287,35.682339306804145,35.906418088313785,0.38330270603224054,0.4000983664109272,0.5916899943820528,0.551797812015645
AWS,LC09_L2SP_116034_20230616_20230618_02_T1,2023-06-16,590,,,,37.83545398235535,,,,0.5297283325763591
AWS,LC09_L2SP_116034_20230616_20230618_02_T1,2023-06-16,413,40.632744200000026,40.64690456857145,40.83634842268931,40.911490633977984,0.24271932037410013,0.3203180828159473,0.20486366312206936,0.23179991460270966
AWS,LC09_L2SP_116034_20230616_20230618_02_T1,2023-06-16,496,38.58193220000002,38.902640133714314,36.56652587567012,36.551128914772356,0.4709138619400322,0.5172852762530806,0.5531985002872829,0.578876926823743
AWS,LC09_L2SP_116034_20230616_20230618_02_T1,2023-06-16,889,37.38790388000001,37.34099562457145,35.885690332958916,36.0366226092556,0.3986214806531758,0.5185600947485679,0.6036474168257179,0.5577091469368379
AWS,LC09_L2SP_116034_20230616_20230618_02_T1,2023-06-16,608,33.31704206000003,33.54601684742859,35.064163178762904,35.4697677306852,0.7286446318674047,0.6330807183838204,0.6011384656799299,0.5645894163585519
AWS,LC09_L2SP_116034_20230616_20230618_02_T1,2023-06-16,515,36.01272050000002,35.60093047142859,35.36940734705884,36.863739841948146,0.4894249503512061,0.40386929298794555,0.39803734831631926,0.4154716872330532
AWS,LC09_L2SP_116034_20230616_20230618_02_T1,2023-06-16,540,34.348144760000004,34.41741663200001,34.97455075979383,34.57310651339252,0.6931843553189481,0.6877598998492602,0.6248669128559653,0.6476122110141425
AWS,LC09_L2SP_116034_20230616_20230618_02_T1,2023-06-16,538,37.760468059999994,38.11102670171431,36.26411919896909,34.369566504775285,0.45301742329866207,0.4553623481112921,0.5305074116214888,0.6243513182496205
AWS,LC09_L2SP_116034_20230616_20230618_02_T1,2023-06-16,532,35.42254238000002,35.01801157485716,34.50096693042841,34.28615973246996,0.4777287561269825,0.5617286830224351,0.5816624476709212,0.6447627476290427
AWS,LC09_L2SP_116034_20230616_20230618_02_T1,2023-06-16,503,36.70088186000004,35.93199012285717,32.26567708366591,31.96932020641401,0.38379490070406047,0.4311281552694732,0.644406953674986,0.6640389821119334
AWS,LC09_L2SP_116034_20230616_20230618_02_T1,2023-06-16,692,37.35828104000003,37.21404059600002,32.84927969333335,32.43402538387591,0.5977916976688838,0.40814180543468137,0.6626025025550606,0.6789647071395515
AWS,LC09_L2SP_116034_20230616_20230618_02_T1,2023-06-16,628,43.11308738,42.29800354400001,41.088503691546414,40.007061331920895,0.23054413566008267,0.34405869696170455,0.42861132190870765,0.42709394237410614
AWS,LC09_L2SP_116034_20230616_20230618_02_T1,2023-06-16,545,35.670918500000006,36.848996060000026,36.13994680000002,35.90083435267534,0.7717941344893336,0.640302138398804,0.6095696219512952,0.5503495482638433
AWS,LC09_L2SP_116034_20230616_20230618_02_T1,2023-06-16,546,37.35486302000002,36.70836895142859,33.85252787629373,32.98673530803339,0.4617576364177749,0.5318868138653982,0.6814272126449165,0.702494164878581
AWS,LC09_L2SP_116034_20230616_20230618_02_T1,2023-06-16,531,36.298694839999996,36.00992097885717,33.50424227793816,32.4960084365923,0.5231487525955486,0.5430877327626943,0.6677218842692068,0.7106994344131974
AWS,LC09_L2SP_116034_20230616_20230618_02_T1,2023-06-16,548,35.591164700000036,35.691654488000026,35.79917842804126,35.52117699760666,0.7729006328143969,0.5278392675008052,0.5814863162658671,0.6063152123166078
AWS,LC09_L2SP_116034_20230616_20230618_02_T1,2023-06-16,516,39.16869230000001,39.0031299217143,37.78541999752579,36.66719332539421,0.49232876687030475,0.47907276989615977,0.45225172517890083,0.47998249589383274
AWS,LC09_L2SP_116034_20230616_20230618_02_T1,2023-06-16,978,35.935245380000026,36.42262247942859,34.76698337113404,32.75502830635867,0.5361903073355295,0.48143658128386124,0.6028852343207474,0.6745988040280368
AWS,LC09_L2SP_116034_20230616_20230618_02_T1,2023-06-16,495,,,,37.00329819490951,,,,0.3786250258675949
AWS,LC09_L2SP_116034_20230616_20230618_02_T1,2023-06-16,676,38.68333346000005,38.38075730857145,35.585691002491124,36.50811475072616,0.6008754494177507,0.510649081701363,0.6193683760675186,0.593831184144995
AWS,LC09_L2SP_116034_20230616_20230618_02_T1,2023-06-16,632,40.59628532000003,40.03918061257146,37.65599332268044,36.81419644784428,0.3194804893726138,0.36173111125962876,0.5384689439048588,0.5682399419308247
AWS,LC09_L2SP_116034_20230616_20230618_02_T1,2023-06-16,494,34.48600490000001,33.54904423657145,33.892322624329914,34.836810329556016,0.34414661332424124,0.7022506373446614,0.7374820838999412,0.6969853792026431
AWS,LC09_L2SP_116034_20230616_20230618_02_T1,2023-06-16,649,36.88203692,36.67301685885716,38.51883390639178,36.448681628302346,0.4129340814754528,0.4786086687590863,0.44542216857666633,0.5336314339873895
AWS,LC09_L2SP_116034_20230616_20230618_02_T1,2023-06-16,631,36.544792280000024,36.921037404615404,38.65760836210528,,0.6851978691019788,0.5600376743401502,0.36441829294915024,
AWS,LC09_L2SP_116034_20230616_20230618_02_T1,2023-06-16,602,41.49750326000001,40.95452636857144,39.10216503534406,39.2378571895732,0.3041815440967425,0.2741957113248019,0.386180890591193,0.3876136575399568
AWS,LC09_L2SP_116034_20230616_20230618_02_T1,2023-06-16,533,37.57133762000003,38.27050174914288,37.465641322268056,36.49735979117666,0.5985336360498876,0.4428291689505129,0.4761053194318274,0.514313469221497
AWS,LC09_L2SP_116034_20230616_20230618_02_T1,2023-06-16,309,31.631958200000025,31.333483672571447,29.732434865434804,30.56510732724231,0.6449104568357039,0.6245312419411841,0.7156671982043689,0.6854622485517172
AWS,LC09_L2SP_116034_20230616_20230618_02_T1,2023-06-16,633,36.152859320000026,35.8735908097143,35.0373201717526,33.49470212197539,0.499795057345129,0.5525029173601627,0.6274894503118615,0.6977089989224105
AWS,LC09_L2SP_116034_20230616_20230618_02_T1,2023-06-16,629,45.14794862000002,44.26080152900001,38.64693819796956,36.81711628312979,0.23503276567768752,0.38372265220781887,0.5492628568774214,0.5980021592862612
AWS,LC09_L2SP_116034_20230616_20230618_02_T1,2023-06-16,576,34.14192422,33.71447640457145,32.896594277938156,32.55227386602349,0.5063832412562236,0.5623822544245564,0.603068471126274,0.6500708558874121
AWS,LC09_L2SP_116034_20230616_20230618_02_T1,2023-06-16,574,35.737000220000006,35.89273172171431,36.25638210965519,36.31537557830749,0.5481554468291372,0.5008251040170192,0.5071216985605722,0.5100524366510675
AWS,LC09_L2SP_116034_20230616_20230618_02_T1,2023-06-16,412,32.22555434000001,31.882710657714313,34.53617109731961,35.965578309659335,0.6897439151239543,0.7658826588443713,0.6698219466526978,0.5689619635056653
AWS,LC09_L2SP_116034_20230616_20230618_02_T1,2023-06-16,539,34.25813690000001,34.734901861142866,35.43743993567012,34.301378964020635,0.6195646530027644,0.5347435531891547,0.5398158475292225,0.6128984711707708
AWS,LC09_L2SP_116034_20230616_20230618_02_T1,2023-06-16,499,38.77334132000002,38.38329640914287,34.1686536845361,32.96200914539966,0.5008288606907358,0.4448207582698921,0.6265790228286557,0.6800995760320043
AWS,LC09_L2SP_116034_20230616_20230618_02_T1,2023-06-16,567,36.33059636000004,35.28002722228574,32.99995316680415,32.71444709837933,0.7363842530923668,0.5820537319824814,0.6854701507527519,0.6979673623521372
AWS,LC09_L2SP_116034_20230616_20230618_02_T1,2023-06-16,400,40.21916378000003,40.03302817657144,38.40486228215846,39.4366456638205,0.5554216768052976,0.4569864425707242,0.49954581633127904,0.4377393277978023
AWS,LC09_L2SP_116034_20230616_20230618_02_T1,2023-06-16,541,,,,38.117348895338864,,,,0.42719633019991265
AWS,LC09_L2SP_116034_20230616_20230618_02_T1,2023-06-16,427,39.44327324000005,39.47589091657145,39.40526942546085,37.62860252082571,0.5087151717345088,0.3567800005594029,0.32916497045276316,0.4114269804535074
AWS,LC09_L2SP_116034_20230616_20230618_02_T1,2023-06-16,977,40.57463786000002,40.2623284897143,38.20944632515466,37.43948472927085,0.3045896240288517,0.34633885065071895,0.40085821271225414,0.42816233677772886
AWS,LC09_L2SP_116034_20230616_20230618_02_T1,2023-06-16,519,35.68459058000002,35.61216110857144,34.62173513979383,33.26336293494992,0.6597261838822424,0.5969949055031611,0.6232198699722516,0.680792582710423
AWS,LC09_L2SP_116034_20230616_20230618_02_T1,2023-06-16,549,41.621691320000004,42.18423230685716,42.73157292082476,39.81203743798336,0.4948309897465908,0.4317373062373691,0.33564066701257694,0.42745020722079785
AWS,LC09_L2SP_116034_20230616_20230618_02_T1,2023-06-16,652,39.30997046000001,39.136628017142876,35.6619023100122,34.258501943525516,0.3913459817374531,0.39366563903386953,0.5545179919892227,0.627630355749898
AWS,LC09_L2SP_116034_20230616_20230618_02_T1,2023-06-16,428,37.84022186000002,38.14784366000002,39.42070300876035,37.76975337083486,0.6658551246711873,0.5207566873726216,0.4314445882091122,0.48281623884181074
AWS,LC09_L2SP_116034_20230616_20230618_02_T1,2023-06-16,586,,,31.19512363678286,30.75660327800002,,,0.7707598169623049,0.801532636079406
AWS,LC09_L2SP_116034_20230616_20230618_02_T1,2023-06-16,500,36.16539206000002,36.25748328457144,34.455066831106016,33.049876560653296,0.5929928424766459,0.4381303305661404,0.5274236658834404,0.6150632142158592
AWS,LC09_L2SP_116034_20230616_20230618_02_T1,2023-06-16,568,33.79214684000002,34.58734105485716,34.93538421646343,33.04027666180633,0.6487267610799704,0.5797960832120012,0.602290795391367,0.6857537726651444
AWS,LC09_L2SP_116034_20230616_20230618_02_T1,2023-06-16,410,37.132691720000025,37.28562370057144,38.11163144123714,39.607074974297184,0.4112655376673877,0.4492903043392563,0.4772976539169026,0.32806403329151407
AWS,LC09_L2SP_116034_20230616_20230618_02_T1,2023-06-16,611,42.39074582000001,42.0834495457143,40.10032004680415,39.368479956095065,0.5207204916673033,0.4862871170101889,0.4621171198435368,0.4507434871891235
AWS,LC09_L2SP_116034_20230616_20230618_02_T1,2023-06-16,441,38.02365560000002,37.79197894914287,34.6834630931959,35.07121271856286,0.38648142058298823,0.42838463821772227,0.6003147839996829,0.5797188111172157
AWS,LC09_L2SP_116034_20230616_20230618_02_T1,2023-06-16,450,37.122437660000024,36.96335324342859,37.66128675113404,37.534939959256484,0.5592890079620162,0.60417399719702,0.5097337840027659,0.5047445076942985
AWS,LC09_L2SP_116034_20230616_20230618_02_T1,2023-06-16,371,42.22668086000002,42.08569567314288,39.84051920474229,38.7711278756141,0.3445374196966225,0.26304390511764303,0.4377970840271719,0.48748154755331646
AWS,LC09_L2SP_116034_20230616_20230618_02_T1,2023-06-16,445,36.77493896000002,35.70415467542859,35.093280950515485,35.80502139480678,0.31641850894732754,0.5671198830018892,0.5465041759496093,0.5583843339238099
AWS,LC09_L2SP_116034_20230616_20230618_02_T1,2023-06-16,444,38.97956186000001,38.88506174514287,40.559752050103114,40.36160704806758,0.496988739370563,0.4294984226572755,0.35446986840410194,0.3805548549278345
AWS,LC09_L2SP_116034_20230616_20230618_02_T1,2023-06-16,438,40.38095006000003,40.30871590400002,38.50633248845363,38.692606376364175,0.38646324966278583,0.3409881317631104,0.45494062215375003,0.45950178258896485
AWS,LC09_L2SP_116034_20230616_20230618_02_T1,2023-06-16,437,41.31976622,41.27308583257144,40.67213752622168,39.361662175717235,0.23869855820162367,0.2724694970913213,0.25009765930058825,0.29266230909171775
AWS,LC09_L2SP_116034_20230616_20230618_02_T1,2023-06-16,367,41.14772588000002,41.13660749310346,36.79009617190663,35.06858822657162,0.23143122927483536,0.2407489184563719,0.47792838120187087,0.5293404248128604
AWS,LC09_L2SP_116034_20230616_20230618_02_T1,2023-06-16,433,38.09429468000002,38.06961983085716,38.94636830494848,39.465065081879324,0.34852678499362866,0.48249871834933955,0.3752823211541663,0.38511245537921335
AWS,LC09_L2SP_116034_20230616_20230618_02_T1,2023-06-16,364,41.65473218000003,40.48088645428574,38.216470297525795,38.158173533627014,0.3882085706789038,0.38522175149638743,0.4630907930596786,0.4780494309154234
AWS,LC09_L2SP_116034_20230616_20230618_02_T1,2023-06-16,376,37.636280000000035,37.24577935314287,34.796721994105525,34.64749520070773,0.44139172182294123,0.5502603553935683,0.6736128726067659,0.6549989004682756
AWS,LC09_L2SP_116034_20230616_20230618_02_T1,2023-06-16,599,37.826549780000015,36.52867875714288,32.146601701342775,30.80985096586668,0.42465953520540095,0.48647313195398545,0.7031475084694174,0.7594004240123502
AWS,LC09_L2SP_116034_20230616_20230618_02_T1,2023-06-16,573,39.10261058000003,38.62431564800003,35.78553767010312,34.3325681262468,0.5599762475271782,0.42695725617179897,0.591417525415126,0.6435865961392755
AWS,LC09_L2SP_116034_20230616_20230618_02_T1,2023-06-16,506,,,,35.90023570540092,,,,0.43741322564178686
AWS,LC09_L2SP_116034_20230616_20230618_02_T1,2023-06-16,502,35.01693734000003,33.703050452000014,30.39309187330099,30.959123815348637,0.4093370041640672,0.4518738408743741,0.6822941199173894,0.616970887121702
AWS,LC09_L2SP_116034_20230616_20230618_02_T1,2023-06-16,417,41.69005172000002,41.52533570857144,40.85123515773198,39.654534862078464,0.2695223958565208,0.2241380935905568,0.24030660053484998,0.3179472849842971
AWS,LC09_L2SP_116034_20230616_20230618_02_T1,2023-06-16,565,38.46799820000001,37.98465761942859,36.31424624371136,35.56392695284522,0.45415074151803286,0.48594613020889954,0.5159784041178944,0.500654108132957
AWS,LC09_L2SP_116034_20230616_20230618_02_T1,2023-06-16,419,30.366151460000026,30.506029859428587,31.363383265360838,35.41523599122247,0.6889812282131373,0.7795687514293899,0.7555599736819562,0.548959651078351
AWS,LC09_L2SP_116034_20230616_20230618_02_T1,2023-06-16,970,32.93992052000002,33.21271106857145,33.56000729381445,33.94223169315942,0.48847958198119473,0.5555588614628997,0.5528317318405978,0.5299395468078896
AWS,LC09_L2SP_116034_20230616_20230618_02_T1,2023-06-16,510,40.67945714000003,40.6280566297143,39.43698925134022,40.106567280967276,0.28757006616105074,0.25890479603255434,0.3173735836975516,0.3231540951350294
AWS,LC09_L2SP_116034_20230616_20230618_02_T1,2023-06-16,874,39.15615956000001,38.85184896687502,34.436987874476856,32.79229420452629,0.40438216047593795,0.5209538408451436,0.6349020272207841,0.6854039486699536
AWS,LC09_L2SP_116034_20230616_20230618_02_T1,2023-06-16,415,44.04734618000001,42.8020150074286,39.6313549693182,39.72140799913083,0.3746590815257688,0.33328956644891883,0.39428586158196827,0.41740836546220983
AWS,LC09_L2SP_116034_20230616_20230618_02_T1,2023-06-16,504,40.20777038,40.118088045714295,38.43364964391754,37.96825959716497,0.30222178572423825,0.3202692352670158,0.3943095777820357,0.4102274393106643
AWS,LC09_L2SP_116034_20230616_20230618_02_T1,2023-06-16,598,40.44703178000005,40.01193411028572,39.212613661237135,38.836220177176074,0.4431606895223649,0.4286752651321005,0.3960011219345076,0.42313755600246844
AWS,LC09_L2SP_116034_20230616_20230618_02_T1,2023-06-16,571,,,,36.003614836756775,,,,0.5452956693246148
AWS,LC09_L2SP_116034_20230616_20230618_02_T1,2023-06-16,634,42.08540270000003,42.040968440000015,42.0210828459794,40.10660814237764,0.42125659451497094,0.39176063531347644,0.3217086786900421,0.4263668724796006
AWS,LC09_L2SP_116034_20230616_20230618_02_T1,2023-06-16,512,41.58865046,40.482058346857166,36.485176684415606,36.8934323176739,0.2580153833374021,0.20996741989577683,0.4872024275159166,0.4667286963599253
AWS,LC09_L2SP_116034_20230616_20230618_02_T1,2023-06-16,588,37.95073784000002,37.8561400674286,36.18540110714112,34.49554903331726,0.3497360023592741,0.3570941461807476,0.5568940030947302,0.6354158416081365
AWS,LC09_L2SP_116034_20230616_20230618_02_T1,2023-06-16,507,36.36021920000004,36.47076773257145,33.92734021640968,33.18062929646449,0.6518658239621656,0.625878500298491,0.643323227169724,0.6696417256418625
AWS,LC09_L2SP_116034_20230616_20230618_02_T1,2023-06-16,617,43.89581396,43.68864939542858,39.18152032766057,38.95103056263614,0.3358521587282272,0.3376721347791121,0.4093065450064439,0.4381967192594888
AWS,LC09_L2SP_116034_20230616_20230618_02_T1,2023-06-16,695,,,24.069215457748367,24.50496151770459,,,0.9167811981172008,0.9114873218810711
AWS,LC09_L2SP_116034_20230616_20230618_02_T1,2023-06-16,377,37.41866606000004,37.57644837371429,35.20979119010311,33.72338377904874,0.6157056326608378,0.515936741287692,0.6360798260247766,0.7016326902978
AWS,LC09_L2SP_116034_20230616_20230618_02_T1,2023-06-16,493,39.28490498000002,39.42803863657144,37.23320508055174,36.819170162842425,0.2628424674890871,0.3254427004169645,0.3687519267378442,0.49015517314560403
AWS,LC09_L2SP_116034_20230616_20230618_02_T1,2023-06-16,511,37.237511000000005,37.296561364571446,36.641255483763594,35.441167389798345,0.4759774366946976,0.4708056674334895,0.492228264167014,0.5716417923298759
AWS,LC09_L2SP_116034_20230616_20230618_02_T1,2023-06-16,637,37.52918204000002,36.682391999428596,34.897112158065454,34.44869874975543,0.406380909607647,0.40157484327261833,0.45895529273310276,0.4410240296337453
AWS,LC09_L2SP_116034_20230616_20230618_02_T1,2023-06-16,416,38.73916112000003,37.52644762400002,31.58827566948455,31.37868940894362,0.2793904564489654,0.3006102839116459,0.7031501107347742,0.7101902473109089
AWS,LC09_L2SP_116034_20230616_20230618_02_T1,2023-06-16,401,38.28684314000003,38.320697814285744,38.67619594515466,37.631850827981694,0.5018303042142893,0.5705865824605103,0.42798354776973996,0.45861518299343773
AWS,LC09_L2SP_116034_20230616_20230618_02_T1,2023-06-16,589,37.89035282000001,37.72654828057145,34.31832615711342,35.38335632515319,0.4959954839139322,0.5510492754912246,0.6517721119040817,0.5907189458916131
AWS,LC09_L2SP_116034_20230616_20230618_02_T1,2023-06-16,569,,,39.21158691135137,39.93487052908561,,,0.4852962954670167,0.40848608116451995
AWS,LC09_L2SP_116034_20230616_20230618_02_T1,2023-06-16,514,35.48520608000001,35.242526660000024,34.41947684061858,34.80978130043217,0.4691080961415743,0.43081434601881774,0.5218407177166782,0.4952666838704558
AWS,LC09_L2SP_116034_20230616_20230618_02_T1,2023-06-16,543,,,37.04336884084594,35.595547789417765,,,0.44501804055487865,0.4797946138640927
AWS,LC09_L2SP_116034_20230616_20230618_02_T1,2023-06-16,570,38.25494162000001,38.318549344571444,35.79780025731961,33.35539907519564,0.6643951316238478,0.4804271462529491,0.5420550308149967,0.6502927303244175
AWS,LC09_L2SP_116034_20230616_20230618_02_T1,2023-06-16,405,42.03982910000002,42.0041514817143,40.09885977362691,39.717219333781685,0.44606056511759623,0.420642307608833,0.39442309949198034,0.39112241114007223
AWS,LC09_L2SP_116034_20230616_20230618_02_T1,2023-06-16,509,,,,30.227239997682425,,,,0.761076572575365
AWS,LC09_L2SP_116034_20230616_20230618_02_T1,2023-06-16,424,37.89604952,38.343061430857155,34.677337167386185,34.43378219027073,0.5431885978508942,0.5157370244671755,0.6445217103955828,0.6196376539336462
AWS,LC09_L2SP_116034_20230616_20230618_02_T1,2023-06-16,402,41.94184586000002,40.71311649885716,38.36795161917527,38.72203454271706,0.40289012108594074,0.3299966062930604,0.4215678100669754,0.4196762769751607
AWS,LC09_L2SP_116034_20230616_20230618_02_T1,2023-06-16,414,38.16607310000003,38.04042017428573,38.0603454802062,35.983328845459525,0.22629650391431597,0.42520477014163405,0.4845677895545179,0.5706725660945688
AWS,LC09_L2SP_116034_20230616_20230618_02_T1,2023-06-16,421,37.44031352000002,37.42283278914288,36.84266963442773,38.40554981957448,0.3185976630357937,0.430032757795881,0.4363021476575004,0.3606495045642135
AWS,LC09_L2SP_116034_20230616_20230618_02_T1,2023-06-16,409,43.33411934000003,43.00074845600002,41.539748890927854,40.658161251505604,0.2648031212493312,0.22706468038928676,0.21159321352380625,0.23877935534285097
AWS,LC09_L2SP_116034_20230616_20230618_02_T1,2023-06-16,694,27.52805552000001,27.248949772571454,25.636723648604075,25.514003030489327,0.7119524908066822,0.7712874553957377,0.8552690943452209,0.8665341550734672
AWS,LC09_L2SP_116034_20230616_20230618_02_T1,2023-06-16,425,34.37321024000001,34.45638206000001,33.43806250439562,33.3977792763175,0.7589145082180017,0.723121445814805,0.6956971469799256,0.6843657095029978
AWS,LC09_L2SP_116034_20230616_20230618_02_T1,2023-06-16,550,38.62066976000002,38.341303592000024,36.7398621659794,36.96631833678749,0.41942208783399537,0.3969087544138545,0.48447263590066775,0.48500709151006977
AWS,LC09_L2SP_116034_20230616_20230618_02_T1,2023-06-16,650,33.48338570000002,33.54347774685717,32.00470199976987,31.23101400037073,0.5376491173889741,0.5735060579971116,0.5861977722219932,0.6615092795754147
AWS,LC09_L2SP_116034_20230616_20230618_02_T1,2023-06-16,555,37.29333866000004,35.88736054742859,31.443158536129054,30.399491862254877,0.4510457354047664,0.43377510937464986,0.5938938278039786,0.7176042943041725
ASOS,LC09_L2SP_116034_20230819_20230821_02_T1,2023-08-19,201,44.031395420000045,44.71503197257145,43.70622621610094,,0.775992608170537,0.6065871086405515,0.6488699519287499,
ASOS,LC09_L2SP_116034_20230819_20230821_02_T1,2023-08-19,98,37.365117080000026,38.59843635371431,42.60922050226279,42.87976322539231,0.7952873323550819,0.730639844913716,0.4822261209320662,0.4707314687671974
ASOS,LC09_L2SP_116034_20230819_20230821_02_T1,2023-08-19,99,,,38.12581373604242,38.30038715734883,,,0.6785415213491508,0.6785940023973659
ASOS,LC09_L2SP_116034_20230819_20230821_02_T1,2023-08-19,112,44.40509894000004,45.466703399428596,48.59322245680113,50.758360214655646,0.6136595183679155,0.6252824265628582,0.3811454952748577,0.2835499446531249
ASOS,LC09_L2SP_116034_20230819_20230821_02_T1,2023-08-19,119,42.89205542000002,42.86978946114288,43.873653601237145,45.06738589838536,0.6602787361650765,0.6133850943084552,0.5245629506606415,0.4517524621110461
AWS,LC09_L2SP_116034_20230819_20230821_02_T1,2023-08-19,577,42.74394122000001,42.3801336817143,39.890286828824756,38.431110442965796,0.4221081573067267,0.5425074813123348,0.6253546867626586,0.5178117011406516
AWS,LC09_L2SP_116034_20230819_20230821_02_T1,2023-08-19,434,44.319648440000016,43.69294633485716,43.63848830312269,43.73514084411127,0.28550774047957,0.4339191093240808,0.43519354885878775,0.4383824030348595
AWS,LC09_L2SP_116034_20230819_20230821_02_T1,2023-08-19,627,,45.8283975246154,40.72676243597348,39.60798941378556,,0.4118371118946457,0.6267244380229758,0.631641083241151
AWS,LC09_L2SP_116034_20230819_20230821_02_T1,2023-08-19,665,40.803645200000005,40.6336231194286,39.00889105567013,37.339534514923095,0.5119433375867143,0.674569773106602,0.6594800657987423,0.6232495430373503
AWS,LC09_L2SP_116034_20230819_20230821_02_T1,2023-08-19,404,45.308595560000015,45.6214257714286,43.53160931786745,,0.5083068031183732,0.38999003963608786,0.4077661734962161,
AWS,LC09_L2SP_116034_20230819_20230821_02_T1,2023-08-19,423,50.792238980000015,49.65338726857144,45.70157739456849,44.391003009965885,0.49818992745917684,0.44370098566510574,0.4659988002190366,0.5096311838983796
AWS,LC09_L2SP_116034_20230819_20230821_02_T1,2023-08-19,572,43.69301144000002,43.61735926400001,43.42196597773198,42.625217947391945,0.5978357281479146,0.4605973042233982,0.475270119597036,0.512867911186017
AWS,LC09_L2SP_116034_20230819_20230821_02_T1,2023-08-19,616,40.94720203999998,40.202073680000005,38.29374197826773,39.58511143437213,0.44903315490269313,0.4247904906722564,0.6224456635567335,0.5721800426623921
AWS,LC09_L2SP_116034_20230819_20230821_02_T1,2023-08-19,508,36.676955720000045,35.61889949085717,33.87439915554734,,0.5017810814739482,0.6650532198705071,0.775205920909499,
AWS,LC09_L2SP_116034_20230819_20230821_02_T1,2023-08-19,889,41.806264399999996,41.77143314857145,40.94220123230951,41.334972460792095,0.5081889253945031,0.6032303403433489,0.646365234924108,0.5931360132952609
AWS,LC09_L2SP_116034_20230819_20230821_02_T1,2023-08-19,540,40.11491417000002,40.97249538800001,41.59267091862833,39.94428449736085,0.6858716033128163,0.6767830016159159,0.6080857698893637,0.6840423127923915
AWS,LC09_L2SP_116034_20230819_20230821_02_T1,2023-08-19,545,38.460022820000006,39.41973773085716,39.25728675195879,39.11093865202428,0.7960852156302903,0.6718636570996646,0.627530058152029,0.5771589897353936
AWS,LC09_L2SP_116034_20230819_20230821_02_T1,2023-08-19,664,40.306892960000006,39.41817215562503,37.628421586463894,37.84599115293739,0.24170827053673485,0.2894147103236653,0.2273368576423041,0.24627862400730632
AWS,LC09_L2SP_116034_20230819_20230821_02_T1,2023-08-19,501,43.57565942000002,42.52398349485716,38.58465324944136,37.22653982049304,0.2820399166080392,0.35131796438889024,0.46936962546207067,0.5283702750791864
AWS,LC09_L2SP_116034_20230819_20230821_02_T1,2023-08-19,649,43.294242440000026,42.910903358857155,44.18754019294119,42.033621661379335,0.3731792460722385,0.49008505147144216,0.487474134214641,0.5589949001681811
AWS,LC09_L2SP_116034_20230819_20230821_02_T1,2023-08-19,567,40.669203080000024,39.7434730537143,37.02814650804125,36.49987925478725,0.7576579704220191,0.6492738021421948,0.7427450519301599,0.7520788491922207
AWS,LC09_L2SP_116034_20230819_20230821_02_T1,2023-08-19,666,28.158110540000035,27.190117368695677,,,0.5524311655539033,0.3897305708646246,,
AWS,LC09_L2SP_116034_20230819_20230821_02_T1,2023-08-19,500,42.118443560000024,42.01381959542859,40.34256225088374,39.61301769959306,0.7113057103646622,0.6119780262694106,0.7092914590860926,0.7318734308716501
AWS,LC09_L2SP_116034_20230819_20230821_02_T1,2023-08-19,427,47.85615980000002,47.66995909142859,47.246949998302775,45.214483531082486,0.5025737587525831,0.3865213960123612,0.3579090807701053,0.4403791863803987
AWS,LC09_L2SP_116034_20230819_20230821_02_T1,2023-08-19,410,43.77390458000002,43.95847766000002,45.078335337525786,46.933028543045886,0.39528670928254345,0.4965316280988393,0.5025223340610006,0.34717631376154834
AWS,LC09_L2SP_116034_20230819_20230821_02_T1,2023-08-19,441,43.15752164000003,43.053678937142884,39.597659682886615,39.43589513029072,0.5320486755793236,0.5263449789484183,0.6378984581275542,0.6461290806558498
AWS,LC09_L2SP_116034_20230819_20230821_02_T1,2023-08-19,433,42.028435700000024,42.72978085142858,43.727370265339,44.44417810900058,0.387232732155878,0.422881915734579,0.33963900329202223,0.38382335520427796
AWS,LC09_L2SP_116034_20230819_20230821_02_T1,2023-08-19,438,45.60596330000002,45.47871529828573,44.087504895547724,43.220253196324464,0.4147409024054019,0.36061586802912954,0.4346536613158776,0.4896080127008574
AWS,LC09_L2SP_116034_20230819_20230821_02_T1,2023-08-19,450,41.196717500000034,41.44652593314288,41.70457327257953,41.43867089414019,0.5649395168104429,0.6023753602339588,0.5428652814522671,0.5541730696893896
AWS,LC09_L2SP_116034_20230819_20230821_02_T1,2023-08-19,364,,,,42.0176806609429,,,,0.5302694634663481
AWS,LC09_L2SP_116034_20230819_20230821_02_T1,2023-08-19,367,46.992540080000026,46.50949920758622,41.062365446403184,38.714954046849336,0.2832885430502391,0.33987441967140225,0.5758247342767415,0.6672232205833755
AWS,LC09_L2SP_116034_20230819_20230821_02_T1,2023-08-19,371,47.23977686000003,47.162871410000015,43.18047120285716,42.23397330718706,0.4295454538431058,0.3203661994681255,0.513556004142081,0.5482536627486116
AWS,LC09_L2SP_116034_20230819_20230821_02_T1,2023-08-19,437,48.089724500000024,47.88334119714287,47.06012134371136,45.23954483603219,0.24938771079193953,0.29943537525380964,0.28002104375854037,0.33396834957692434
AWS,LC09_L2SP_116034_20230819_20230821_02_T1,2023-08-19,376,43.13587418000001,42.511092676571444,39.485518870927855,39.10771224008099,0.5608419662093058,0.6052140958763483,0.7111336161621252,0.6900279452353213
AWS,LC09_L2SP_116034_20230819_20230821_02_T1,2023-08-19,506,39.37263416000002,39.455089823428594,39.35711637536166,39.86377163164108,0.6861476148155162,0.7027756673820037,0.625131971568782,0.6024796091214765
AWS,LC09_L2SP_116034_20230819_20230821_02_T1,2023-08-19,502,,,,38.78061228769462,,,,0.7009343671455844
AWS,LC09_L2SP_116034_20230819_20230821_02_T1,2023-08-19,417,50.457273020000024,49.82878052342859,48.648561623922035,47.17177176963919,0.2693976238819167,0.2459049617408418,0.2663509841473825,0.3398101434191228
AWS,LC09_L2SP_116034_20230819_20230821_02_T1,2023-08-19,565,42.74052320000002,42.81295267142858,41.168002999793835,39.38432892743865,0.5531786403417458,0.5785102600320081,0.5937863932670046,0.6530494746827675
AWS,LC09_L2SP_116034_20230819_20230821_02_T1,2023-08-19,419,,,,39.70156431184981,,,,0.5496403013362421
AWS,LC09_L2SP_116034_20230819_20230821_02_T1,2023-08-19,415,48.143273480000005,47.509409809142866,44.92080963825177,44.72266341476925,0.3809258918835619,0.3531275189439861,0.4166172351759339,0.45774219748614065
AWS,LC09_L2SP_116034_20230819_20230821_02_T1,2023-08-19,598,44.76171236000001,44.784173634285736,43.858376005217416,43.204393363325195,0.5524031357617348,0.5113952792369603,0.49904640029993763,0.5345007274347936
AWS,LC09_L2SP_116034_20230819_20230821_02_T1,2023-08-19,571,,,,37.98682892334953,,,,0.5901747499745514
AWS,LC09_L2SP_116034_20230819_20230821_02_T1,2023-08-19,512,48.60014882000004,47.48675321942859,42.94151002268553,43.48179753879157,0.28664839316323937,0.24988627605286087,0.5139953195300558,0.4961323366158644
AWS,LC09_L2SP_116034_20230819_20230821_02_T1,2023-08-19,230,36.959512040000014,35.39155233200002,31.861534329520886,32.42252252161076,0.39887882363400023,0.46817814215973935,0.737010600624649,0.719213222373944
AWS,LC09_L2SP_116034_20230819_20230821_02_T1,2023-08-19,377,43.216767319999995,43.4629624177143,40.77859146577322,39.070579815497396,0.7259469514107572,0.6066319101331221,0.6627326821985966,0.7159106087174126
AWS,LC09_L2SP_116034_20230819_20230821_02_T1,2023-08-19,511,44.69221262000002,44.673722759428586,44.30349977293127,42.80160832123079,0.5622219255512205,0.5707756489730264,0.5368023089183888,0.6059314282051667
AWS,LC09_L2SP_116034_20230819_20230821_02_T1,2023-08-19,416,44.059878919999996,42.3623599777143,37.248988865074146,37.33853488519318,0.341472838930266,0.3764661395471053,0.6871908621454871,0.6893155861465422
AWS,LC09_L2SP_116034_20230819_20230821_02_T1,2023-08-19,401,,,43.38680313368752,42.712100281220565,,,0.47411706807251564,0.5077582544175339
AWS,LC09_L2SP_116034_20230819_20230821_02_T1,2023-08-19,514,41.072529440000004,40.348267278285725,39.71577909340208,40.248221941267545,0.5286863595616552,0.5488091746201332,0.6252449017539081,0.5985281469765338
AWS,LC09_L2SP_116034_20230819_20230821_02_T1,2023-08-19,543,,,45.25802639230771,43.08516145644695,,,0.5375603641373714,0.5511632813363896
AWS,LC09_L2SP_116034_20230819_20230821_02_T1,2023-08-19,570,45.525070160000006,45.606451588571446,43.454865888453625,40.518591627236205,0.7165227559516837,0.5176171299746734,0.6017638356245801,0.6864058125525062
AWS,LC09_L2SP_116034_20230819_20230821_02_T1,2023-08-19,421,42.57304022000002,42.08022684114287,41.25108923729986,42.45515735796543,0.3572162830365137,0.4527279456683848,0.45470729475982025,0.3985985194297394
AWS,LC09_L2SP_116034_20230819_20230821_02_T1,2023-08-19,550,,,43.355420778222246,43.34150652175531,,,0.5274239869421332,0.5049339754100459
ASOS,LC09_L2SP_116034_20240602_20240603_02_T1,2024-06-02,101,38.89866872000001,39.12705756114287,38.37315751457239,38.13634687161527,0.4686823050503271,0.4643358065012889,0.40562257059835555,0.3758160079096973
ASOS,LC09_L2SP_116034_20240602_20240603_02_T1,2024-06-02,129,35.87144234000002,35.40834945885716,35.697210961538474,34.94913709455407,0.2833142426124365,0.31344984115288554,0.3702587340338478,0.40495519122733686
ASOS,LC09_L2SP_116034_20240602_20240603_02_T1,2024-06-02,202,,,,38.67786759454843,,,,0.34172695300154704
ASOS,LC09_L2SP_116034_20240602_20240603_02_T1,2024-06-02,203,36.966348080000046,36.74684609085717,35.470606083917545,34.4457268009734,0.5093572526638925,0.5242286003878002,0.47254473180585077,0.5073458098145639
ASOS,LC09_L2SP_116034_20240602_20240603_02_T1,2024-06-02,201,36.84443870000001,37.4499816337143,34.83793175649487,32.63713137429146,0.6037992129088824,0.4570357711411912,0.5881021795353841,0.6235474481486298
ASOS,LC09_L2SP_116034_20240602_20240603_02_T1,2024-06-02,95,37.153199840000035,38.038100803571446,38.12886934057145,35.241910704312524,0.34195446224621245,0.267109669664167,0.2790926045745568,0.3843583101804362
ASOS,LC09_L2SP_116034_20240602_20240603_02_T1,2024-06-02,98,,,37.641312085000024,36.84063337568302,,,0.3773234209220284,0.42457697122518523
ASOS,LC09_L2SP_116034_20240602_20240603_02_T1,2024-06-02,108,36.675816380000015,36.578191218285724,37.256163287835065,36.94430724924708,0.6002145465498362,0.49101621675649015,0.3567754072959912,0.386052305417958
ASOS,LC09_L2SP_116034_20240602_20240603_02_T1,2024-06-02,99,32.154915259999996,32.758895670285725,32.96692796783507,33.51523176972805,0.6989825034283284,0.6770651628461072,0.5485791510065924,0.5447890850515621
ASOS,LC09_L2SP_116034_20240602_20240603_02_T1,2024-06-02,112,34.23421076000002,35.15024012000001,37.690817781335205,39.56868552140875,0.5127299432224506,0.6030993289087426,0.3533770970804296,0.2600478473496448
ASOS,LC09_L2SP_116034_20240602_20240603_02_T1,2024-06-02,232,37.001667620000035,35.724467480000015,35.07897243862071,34.331247028981736,0.3607417491285878,0.530361955685299,0.5487384359311861,0.5458327879296072
ASOS,LC09_L2SP_116034_20240602_20240603_02_T1,2024-06-02,177,36.853553420000004,36.43805239828573,35.83976685878443,35.83259087863651,0.4667545275283238,0.3767128566009125,0.36087947568046447,0.3835113203197246
ASOS,LC09_L2SP_116034_20240602_20240603_02_T1,2024-06-02,119,36.43997300000003,36.29390961200002,36.84127125649486,37.705698847838555,0.5216291462325379,0.5209360861226044,0.41753948819523135,0.3621584443234528
ASOS,LC09_L2SP_116034_20240602_20240603_02_T1,2024-06-02,239,31.140902660000034,31.05428026742859,31.068814651897206,32.323057026693085,0.5889677514552978,0.6924048024642657,0.6127112405599295,0.5587356727791437
ASOS,LC09_L2SP_116034_20240602_20240603_02_T1,2024-06-02,181,33.601877060000014,33.34210754000002,33.79685349282761,34.17031778950669,0.46694899232479786,0.3902835440889695,0.34407228869818085,0.3683558610069066
AWS,LC09_L2SP_116034_20240602_20240603_02_T1,2024-06-02,434,38.14100762000002,37.63006245885716,37.23383688981654,37.21234523229175,0.22018374505310598,0.37802234898723314,0.4063054895660604,0.4016349049977761
AWS,LC09_L2SP_116034_20240602_20240603_02_T1,2024-06-02,627,37.80376298000002,37.57410458857145,34.850687666185586,32.721984442237655,0.36005008381874704,0.3055877796234745,0.4301325031946639,0.48855889617865167
AWS,LC09_L2SP_116034_20240602_20240603_02_T1,2024-06-02,665,29.06616452000003,28.382380624210544,27.315399611630667,25.33867759415931,0.48769018677175074,0.7079234988441158,0.6941025072045991,0.7661587316118035
AWS,LC09_L2SP_116034_20240602_20240603_02_T1,2024-06-02,551,33.80695826000001,35.046722942857166,36.658476811695614,34.900539128131165,0.5878060235210388,0.456485107499555,0.32466584517098773,0.31516783571524054
AWS,LC09_L2SP_116034_20240602_20240603_02_T1,2024-06-02,572,38.25038426,37.902625139428594,37.42349748804126,36.757759711298384,0.5942418090886742,0.37674539644030264,0.41214327974486986,0.46899282389935804
AWS,LC09_L2SP_116034_20240602_20240603_02_T1,2024-06-02,590,,,37.62346037582736,35.97638259830647,,,0.426113291563254,0.5120336828052511
AWS,LC09_L2SP_116034_20240602_20240603_02_T1,2024-06-02,515,32.861306060000025,32.13119627272729,31.869122897916686,32.95902461186587,0.3709399814746845,0.3307029197069441,0.3154985503806492,0.37732223911574386
AWS,LC09_L2SP_116034_20240602_20240603_02_T1,2024-06-02,418,,,,36.62073252282813,,,,0.4410193183002392
AWS,LC09_L2SP_116034_20240602_20240603_02_T1,2024-06-02,628,38.28570380000002,37.58074531314288,36.636831023383216,35.974833760730114,0.24687973133315233,0.3722535061961023,0.4401291749371317,0.42954070309843845
AWS,LC09_L2SP_116034_20240602_20240603_02_T1,2024-06-02,692,,,,30.97873330472887,,,,0.6463402922850843
AWS,LC09_L2SP_116034_20240602_20240603_02_T1,2024-06-02,546,36.48782528,36.125059424000014,32.61404861482469,31.567667053966375,0.44542073826643497,0.5339545566843521,0.6710709356596576,0.6868025428559424
AWS,LC09_L2SP_116034_20240602_20240603_02_T1,2024-06-02,495,,,,33.86877355525537,,,,0.3070799278039407
AWS,LC09_L2SP_116034_20240602_20240603_02_T1,2024-06-02,676,34.79248736000003,34.32346991085716,31.537093153684232,32.54233374040939,0.6104157301525851,0.46920893674000214,0.6090339578962176,0.5911016645426049
AWS,LC09_L2SP_116034_20240602_20240603_02_T1,2024-06-02,632,36.91165976,36.23033444000002,33.496544881237135,32.42832651675259,0.3554895217388038,0.30858987156486917,0.5171411416696134,0.5543187859254024
AWS,LC09_L2SP_116034_20240602_20240603_02_T1,2024-06-02,649,,,36.26027446819601,34.60180178637933,,,0.4141190822299041,0.4904259750954837
AWS,LC09_L2SP_116034_20240602_20240603_02_T1,2024-06-02,631,,,35.859245159041116,35.51597420438262,,,0.320356819617089,0.3023752318868918
AWS,LC09_L2SP_116034_20240602_20240603_02_T1,2024-06-02,602,36.53225954000004,36.08121111028574,34.37011643311062,35.149732852014154,0.2535094443021501,0.23290934574074795,0.3532660058758683,0.3471847732131387
AWS,LC09_L2SP_116034_20240602_20240603_02_T1,2024-06-02,505,32.65052816,32.69190247828573,35.14783615175259,33.149711078980836,0.6012030956992644,0.678043054263886,0.5422148595163259,0.5923111333051293
AWS,LC09_L2SP_116034_20240602_20240603_02_T1,2024-06-02,533,36.07766287999999,36.27086239142859,35.738206119381466,34.91162650964789,0.637652697626322,0.5204847449071431,0.4572933348386683,0.5095814780831376
AWS,LC09_L2SP_116034_20240602_20240603_02_T1,2024-06-02,309,31.396114819999998,31.12791418400002,28.852459974123246,29.235600654285733,0.5677655871804624,0.5711168610991388,0.6676356520377715,0.6237543482822709
AWS,LC09_L2SP_116034_20240602_20240603_02_T1,2024-06-02,633,,,,28.969422574362437,,,,0.6907002093195784
AWS,LC09_L2SP_116034_20240602_20240603_02_T1,2024-06-02,576,34.41194780000001,33.585490670000006,30.971414246424,30.98824462568438,0.45591554097362463,0.4827290384140846,0.5550970427804032,0.5918343909642164
AWS,LC09_L2SP_116034_20240602_20240603_02_T1,2024-06-02,629,42.013624280000045,41.55543869900002,34.83419183076144,33.01493540486643,0.21142223509784913,0.34100119728677686,0.5274784622630689,0.5880897036907321
AWS,LC09_L2SP_116034_20240602_20240603_02_T1,2024-06-02,574,34.74235640000003,35.0436955537143,35.78244417096553,35.47634219250152,0.5037022236665227,0.4107047049150529,0.43644078301757144,0.45970293737250145
AWS,LC09_L2SP_116034_20240602_20240603_02_T1,2024-06-02,412,29.938898960000017,29.456502404000016,31.84015594515466,33.45383168357288,0.6992324522322351,0.7734379741325278,0.6858326180113391,0.5739617490513517
AWS,LC09_L2SP_116034_20240602_20240603_02_T1,2024-06-02,539,32.40784874000002,32.751766657142866,32.98131262474229,32.03318690882911,0.421681435684571,0.4203472295858001,0.504598857350104,0.5920387469967062
AWS,LC09_L2SP_116034_20240602_20240603_02_T1,2024-06-02,567,35.439632480000036,34.59886466514288,31.460325046804147,30.95168199173,0.7162143471695268,0.5763339164342839,0.6831307460795839,0.6946843980815468
AWS,LC09_L2SP_116034_20240602_20240603_02_T1,2024-06-02,652,39.32706056000003,39.12442080285717,35.105272162273266,32.361512471598964,0.41504869366842073,0.3418904396379386,0.5346260998528471,0.6384262698570857
AWS,LC09_L2SP_116034_20240602_20240603_02_T1,2024-06-02,428,37.36397774000002,37.445391721142876,37.95776919542859,36.412148265308076,0.6557239691409665,0.5014620184322649,0.4237225158285126,0.47635512548435427
AWS,LC09_L2SP_116034_20240602_20240603_02_T1,2024-06-02,500,35.39064086000004,35.72202603714287,33.71099475909093,31.779680945027145,0.5552672156624238,0.41320145924160334,0.5126471867033257,0.6042787479813563
AWS,LC09_L2SP_116034_20240602_20240603_02_T1,2024-06-02,427,38.57167814000002,38.26288444742858,37.89016664476412,36.19180946536545,0.49835963132039707,0.35508457345696626,0.33007415741722007,0.4134471250257343
AWS,LC09_L2SP_116034_20240602_20240603_02_T1,2024-06-02,410,35.032888100000015,35.290574255428595,36.550438081649496,38.11562737816205,0.34650546190645626,0.46154390293477393,0.4902466755768593,0.33027960822556307
AWS,LC09_L2SP_116034_20240602_20240603_02_T1,2024-06-02,441,36.721389980000026,36.66666910742859,33.15402247381445,33.69287584897798,0.3225654983800557,0.382837920673975,0.5880939207685515,0.5708131316317177
AWS,LC09_L2SP_116034_20240602_20240603_02_T1,2024-06-02,371,39.33047858000003,39.24473510685717,36.72883104882761,35.34645935700711,0.34592922080077626,0.24947234395722426,0.4331713325150104,0.4825113338286856
AWS,LC09_L2SP_116034_20240602_20240603_02_T1,2024-06-02,367,38.61269438000003,38.4547582834483,34.55617405766539,32.841017433065865,0.20508251023559262,0.23488707389920832,0.44524465092558063,0.4623792979641857
AWS,LC09_L2SP_116034_20240602_20240603_02_T1,2024-06-02,433,35.991073040000025,36.125645370285724,36.91218048927837,37.43306987129312,0.2998349843909501,0.4858620988286196,0.3801044200278908,0.3866776385266095
AWS,LC09_L2SP_116034_20240602_20240603_02_T1,2024-06-02,450,35.29949366000002,34.640955140000024,35.70340339340208,35.678524515444586,0.5501440652341465,0.5830302071961027,0.4879225285230066,0.4819846385462912
AWS,LC09_L2SP_116034_20240602_20240603_02_T1,2024-06-02,364,39.33275726000003,38.73545012685716,36.29903155216497,35.89144202952502,0.35605967243290665,0.35353488807707106,0.4538022761130309,0.4753214497492593
AWS,LC09_L2SP_116034_20240602_20240603_02_T1,2024-06-02,438,36.939003920000026,37.02663544228573,35.23893245340208,35.59772772895507,0.4116360430314388,0.32094124288223597,0.45320507044235886,0.4512404534964481
AWS,LC09_L2SP_116034_20240602_20240603_02_T1,2024-06-02,444,37.90174622000001,37.98817329714287,39.44252151051548,39.07895321073005,0.4864620021239663,0.42926756429684476,0.34891367165022086,0.38244297821628703
AWS,LC09_L2SP_116034_20240602_20240603_02_T1,2024-06-02,445,35.169608900000014,34.08889608114286,33.58624735113404,33.82613068080162,0.23732728076898849,0.5553760571778478,0.5236472005884069,0.5448574315284295
AWS,LC09_L2SP_116034_20240602_20240603_02_T1,2024-06-02,437,39.40681436000002,39.71378510857146,38.60624203525775,36.79246276346692,0.18929964763241033,0.26889050797606107,0.25052220618813026,0.3145646247150385
AWS,LC09_L2SP_116034_20240602_20240603_02_T1,2024-06-02,376,35.595722060000035,34.98236650914288,32.429952460437306,32.36371434088789,0.4115222177900608,0.527781262940031,0.6751157926213914,0.6572844521862842
AWS,LC09_L2SP_116034_20240602_20240603_02_T1,2024-06-02,599,36.15741668000002,35.243698552571445,30.27812307259176,28.69901612025775,0.40125191908529884,0.4754015353590411,0.7200759821759193,0.7784423908844429
AWS,LC09_L2SP_116034_20240602_20240603_02_T1,2024-06-02,506,34.91895410000001,34.828067320571456,33.67918732800469,34.558733047211696,0.5500866275003659,0.5434881048496336,0.5040066449471827,0.42306635396768577
AWS,LC09_L2SP_116034_20240602_20240603_02_T1,2024-06-02,502,,,28.775785580670405,30.110466791989865,,,0.7450453407475268,0.5668521766851105
AWS,LC09_L2SP_116034_20240602_20240603_02_T1,2024-06-02,417,40.81389926000001,40.28713354914288,39.243685146597954,38.037715505725764,0.2548195280325564,0.21754622631447118,0.2303092625355919,0.30778086942346006
AWS,LC09_L2SP_116034_20240602_20240603_02_T1,2024-06-02,565,35.616230180000024,35.61011029657144,34.19955235077984,33.27548981531868,0.4715337002675917,0.46495154140096145,0.4767665417877281,0.45489992808465674
AWS,LC09_L2SP_116034_20240602_20240603_02_T1,2024-06-02,419,28.339265599999994,28.639986254857163,29.833829103505177,34.114727903317124,0.7067639239926309,0.835096388758492,0.8080751901445455,0.5659850814909535
AWS,LC09_L2SP_116034_20240602_20240603_02_T1,2024-06-02,970,32.233529720000035,31.912593918285722,32.30832149786209,32.71716282511685,0.304779424531713,0.2547387827366842,0.2670214370988088,0.29092241991055656
AWS,LC09_L2SP_116034_20240602_20240603_02_T1,2024-06-02,510,39.607338200000015,39.4666134337143,37.81454951505157,38.62959695226796,0.2983371546401512,0.23415779555816602,0.31744910814331984,0.31190522826255684
AWS,LC09_L2SP_116034_20240602_20240603_02_T1,2024-06-02,415,41.48383118000002,40.575712094857145,38.035257468818315,38.452013583643435,0.3875780933233086,0.3485222288958582,0.40608057377122436,0.4315031207704562
AWS,LC09_L2SP_116034_20240602_20240603_02_T1,2024-06-02,504,39.963951620000024,39.679702566285734,37.435697431134045,37.034501683103365,0.27016930464063177,0.29447629468239833,0.34584499600889373,0.37315004031632615
AWS,LC09_L2SP_116034_20240602_20240603_02_T1,2024-06-02,598,40.02319730000003,39.46407433314287,38.66945387134023,38.12023220711546,0.3971616494452445,0.35682022070654595,0.35522472902559543,0.37534760966820535
AWS,LC09_L2SP_116034_20240602_20240603_02_T1,2024-06-02,571,,,,32.35606039351354,,,,0.5547905434513037
AWS,LC09_L2SP_116034_20240602_20240603_02_T1,2024-06-02,634,36.37047326000004,36.9421615194286,37.90842956494847,36.49650478008743,0.5605510228075693,0.4385587174877524,0.32316726733194506,0.40302754078155495
AWS,LC09_L2SP_116034_20240602_20240603_02_T1,2024-06-02,512,38.74713650000001,37.87020277828573,34.3586178204953,34.543914744647786,0.24366248051632486,0.20738927341209898,0.4757004889575581,0.4639156607355749
AWS,LC09_L2SP_116034_20240602_20240603_02_T1,2024-06-02,507,33.76594202000001,34.3033524217143,31.597554857373293,30.498325747726504,0.6440401495135379,0.6141601880536809,0.6487876836727944,0.6765324696897961
AWS,LC09_L2SP_116034_20240602_20240603_02_T1,2024-06-02,695,,,,19.556655929872225,,,,0.9095091625867495
AWS,LC09_L2SP_116034_20240602_20240603_02_T1,2024-06-02,377,35.69028728000003,35.795074007428596,33.22574999546394,31.52978417879922,0.6131045949757796,0.5387629590802756,0.6182833795887365,0.6970655059200027
AWS,LC09_L2SP_116034_20240602_20240603_02_T1,2024-06-02,493,36.509472740000014,35.934431565714306,33.9802608997704,33.02928035997137,0.2502517650560869,0.35443832468486003,0.3216815729082534,0.46069275481024113
AWS,LC09_L2SP_116034_20240602_20240603_02_T1,2024-06-02,511,35.72560682000003,35.75767110285716,34.99092401729143,34.07966869911739,0.45603340288790634,0.4932797957880855,0.48794581380178953,0.5611463734339739
AWS,LC09_L2SP_116034_20240602_20240603_02_T1,2024-06-02,637,,,31.72406226757814,31.764057138829703,,,0.3978609260355741,0.345382859981945
AWS,LC09_L2SP_116034_20240602_20240603_02_T1,2024-06-02,416,37.42550210000002,36.10816463942859,29.703516079790955,29.582944249622965,0.2216796988939644,0.26621631939384666,0.7068488573609608,0.712112191369119
AWS,LC09_L2SP_116034_20240602_20240603_02_T1,2024-06-02,401,34.91895410000003,35.24574936457145,35.99912672515466,35.218372521528785,0.5115762181028217,0.5814554965608119,0.42711561177135526,0.45331769008199024
AWS,LC09_L2SP_116034_20240602_20240603_02_T1,2024-06-02,589,36.61429201999999,36.459537095428594,32.148545135670126,33.610642676715365,0.4927447884121459,0.47215970988047024,0.6462685920976062,0.5723510617467024
AWS,LC09_L2SP_116034_20240602_20240603_02_T1,2024-06-02,569,,,36.38509432343982,37.38072499273396,,,0.49884052017519076,0.41719554340198683
AWS,LC09_L2SP_116034_20240602_20240603_02_T1,2024-06-02,514,35.33709188000004,34.33997406457146,33.00772886865981,33.15207262394739,0.3394525529553933,0.3572796530336763,0.5086976030156637,0.477557113576389
AWS,LC09_L2SP_116034_20240602_20240603_02_T1,2024-06-02,645,,,,31.44834276248076,,,,0.6248630021397518
AWS,LC09_L2SP_116034_20240602_20240603_02_T1,2024-06-02,570,37.948459160000006,37.86834728171431,34.62309373422682,32.03623116929806,0.627547652235175,0.4545789785585247,0.5420984994546177,0.6494205562584778
AWS,LC09_L2SP_116034_20240602_20240603_02_T1,2024-06-02,694,25.83727496000002,25.200286242285735,23.518271720618575,23.172364897383357,0.701821616318638,0.7823153304735136,0.8619473668130295,0.8724595862105647
AWS,LC09_L2SP_116034_20240602_20240603_02_T1,2024-06-02,425,33.256657040000015,33.116908850857165,31.24918618620527,31.08684220031923,0.7507731182545809,0.7140295057353181,0.7006514622476286,0.6921076243715767
AWS,LC09_L2SP_116034_20240602_20240603_02_T1,2024-06-02,326,28.96704194,28.449260738857166,26.907838226949444,26.15311779998569,0.6185680403034315,0.7084470115502418,0.7687508151602491,0.7797733496843249
AWS,LC09_L2SP_116034_20240602_20240603_02_T1,2024-06-02,550,37.51778864000003,37.09450755371431,34.92087649154641,34.98197716799142,0.4358546682908065,0.40363153605405366,0.5102371760538781,0.5035445776747437
AWS,LC09_L2SP_116034_20240602_20240603_02_T1,2024-06-02,650,30.985382750000014,30.353781482857162,27.943744251401885,27.26311825308437,0.3644370142853166,0.44932675793023824,0.532606886862723,0.6283743458814052
AWS,LC09_L2SP_116034_20240602_20240603_02_T1,2024-06-02,531,35.43165710000002,35.044574473142866,31.984228385610113,30.546548164558242,0.5172705348430863,0.5117205701896743,0.6748280243813901,0.7198585669444718
AWS,LC09_L2SP_116034_20240602_20240603_02_T1,2024-06-02,406,35.38038680000002,35.8298401537143,36.690850969690736,34.812047932705426,0.5540280184667865,0.4508546525239183,0.45338474229420866,0.5392880101344845
AWS,LC09_L2SP_116034_20240602_20240603_02_T1,2024-06-02,617,34.57031606,34.7114640097143,35.12560140309281,34.82960829774214,0.2975950526768392,0.3518683006567918,0.4293004889400971,0.4153553682325515
AWS,LC09_L2SP_116034_20240602_20240603_02_T1,2024-06-02,408,38.63548118,38.288568426285735,37.6420119373196,38.686425534793834,0.42174353130590503,0.40300913414676554,0.443532003496364,0.3569620954669011
AWS,LC09_L2SP_116034_20240602_20240603_02_T1,2024-06-02,116,24.650082680000043,24.878894704571447,25.285497687835072,25.849236266315806,0.6639804551615393,0.79129744983232,0.8444619397524775,0.8413590642543171
AWS,LC09_L2SP_116034_20240602_20240603_02_T1,2024-06-02,616,36.02867126000001,35.18051401142859,32.879981839381465,33.24504732201033,0.34914804627219703,0.362417469095089,0.5880401665861712,0.5495770192029675
AWS,LC09_L2SP_116034_20240602_20240603_02_T1,2024-06-02,423,42.178828579999994,41.020640641142876,37.56958749979384,36.55197276404239,0.3746280628430923,0.3594098435949933,0.4475015954172189,0.4753276753925515
AWS,LC09_L2SP_116034_20240602_20240603_02_T1,2024-06-02,503,37.09281482000004,35.73188946628573,31.62458576969074,31.25777856715393,0.25905854116864574,0.3708354246114878,0.5603495332076779,0.6011768633804755
AWS,LC09_L2SP_116034_20240602_20240603_02_T1,2024-06-02,409,,,,39.478765211937784,,,,0.2335574033348282
AWS,LC09_L2SP_116034_20240602_20240603_02_T1,2024-06-02,411,33.57909026000001,34.027957667428595,37.431856563298986,38.33228500274875,0.6209153645631599,0.704714304903537,0.35850598398178163,0.27646588204165284
AWS,LC09_L2SP_116034_20240602_20240603_02_T1,2024-06-02,414,37.68527162,37.34675742971431,36.95792244536084,34.256673327575065,0.2842625432674977,0.3704812135548812,0.4513205019856339,0.5714081996722482
AWS,LC09_L2SP_116034_20240602_20240603_02_T1,2024-06-02,611,37.13041304000003,36.95192729085718,35.71830094907219,35.17398023198513,0.6524677137449769,0.5646513603998122,0.4744573944965772,0.43031674216918503
AWS,LC09_L2SP_116034_20240602_20240603_02_T1,2024-06-02,577,34.58512748000002,34.52376588285717,32.08559573731905,,0.38848938448218756,0.3574628395310838,0.422613779970892,
AWS,LC09_L2SP_116034_20240602_20240603_02_T1,2024-06-02,421,38.064671839999995,37.51785374514288,36.014191511449475,36.984273397841044,0.35601611171390646,0.45799402807719714,0.4369601983652672,0.40249585149736283
AWS,LC09_L2SP_116034_20240602_20240603_02_T1,2024-06-02,424,36.13007252000002,36.84313659714287,35.218275553608265,35.16024563231035,0.5572261271414795,0.5236651711454373,0.535044686625796,0.5137854095574708
AWS,LC09_L2SP_116034_20240602_20240603_02_T1,2024-06-02,496,34.084957220000014,34.37747462685717,32.29731318371136,32.092297200718725,0.4804227554909494,0.4704528324737461,0.531437629936666,0.5652080400400332
AWS,LC09_L2SP_116034_20240602_20240603_02_T1,2024-06-02,543,,,34.6119303246154,33.067397964838726,,,0.45545812674187935,0.4929873927987603
AWS,LC09_L2SP_116034_20240602_20240603_02_T1,2024-06-02,541,36.83646332000003,36.41998572114288,37.433927854400025,37.67050005135428,0.49222051094747643,0.44929790129750236,0.4749932603210521,0.4393561061721503
AWS,LC09_L2SP_116034_20240602_20240603_02_T1,2024-06-02,540,33.45832022,33.28566138114287,33.14149756432991,32.742288574772424,0.6705686243126304,0.6737727162880232,0.611935788541515,0.6458669954842603
AWS,LC09_L2SP_116034_20240602_20240603_02_T1,2024-06-02,509,,,28.939995516933816,28.36881004504589,,,0.7404628367904005,0.7554290815644661
AWS,LC09_L2SP_116034_20240602_20240603_02_T1,2024-06-02,519,32.933084480000026,33.03126303542858,32.74983161445106,30.530420493226995,0.6819408981078415,0.6322777696858479,0.5904258365744685,0.6717594012532256
AWS,LC09_L2SP_116034_20240602_20240603_02_T1,2024-06-02,400,38.77789868000002,38.428121300000015,36.71464976006914,37.71832425612405,0.5956354057047818,0.4577954491180565,0.5031434041708865,0.4359919638949225
AWS,LC09_L2SP_116034_20240602_20240603_02_T1,2024-06-02,889,36.90140570000002,37.00739687257145,35.22470231866669,34.935314811492496,0.3899125464617512,0.4883365113988,0.57818131934936,0.5422424963562176
AWS,LC09_L2SP_116034_20240602_20240603_02_T1,2024-06-02,405,39.08096312,38.9395547497143,37.661680812978,37.42234080464631,0.4895807864106511,0.4660432933485534,0.39655652910976097,0.39005517004746754
AWS,LC09_L2SP_116034_20240602_20240603_02_T1,2024-06-02,542,,,,29.958596747272747,,,,0.7567463878837516
AWS,LC09_L2SP_116034_20240602_20240603_02_T1,2024-06-02,532,34.513349059999996,33.828735930285724,33.18294839793816,33.43269958502676,0.5330429211099463,0.6151485495152427,0.5963377377582134,0.6019253670951726
AWS,LC09_L2SP_116034_20240602_20240603_02_T1,2024-06-02,407,39.91040264000003,39.81974372857145,37.9418776117526,37.08894830515318,0.36162398598312445,0.4598914654702594,0.4657611078863082,0.48259198777989115
AWS,LC09_L2SP_116034_20240602_20240603_02_T1,2024-06-02,538,37.05977396000003,36.96540405542859,34.42979746000002,31.913599605485203,0.45151782279975716,0.45755256796353,0.5230084065016023,0.6199953878629866
AWS,LC09_L2SP_116034_20240602_20240603_02_T1,2024-06-02,516,,,,34.029883501197055,,,,0.47342604476525224
AWS,LC09_L2SP_116034_20240602_20240603_02_T1,2024-06-02,404,39.64379708000001,39.74093395314287,37.87857695604242,36.848052827165596,0.37649490652646483,0.2860567687118758,0.3056345052537374,0.36936338145720793
AWS,LC09_L2SP_116034_20240602_20240603_02_T1,2024-06-02,545,31.265090720000007,32.44463314571429,32.139661415876304,32.08568006332456,0.7626023131550297,0.6366604882239238,0.6109227417927374,0.5573582620373478
AWS,LC09_L2SP_116034_20240602_20240603_02_T1,2024-06-02,549,39.398838980000015,39.700601317142876,40.52313376930235,37.66729547491237,0.526731691213531,0.4387035297298347,0.31828828057591374,0.40747390794476573
AWS,LC09_L2SP_116034_20240602_20240603_02_T1,2024-06-02,494,29.65292462000004,29.158939348571444,29.64471040927837,30.71280177083884,0.6897973072784955,0.7061208745350731,0.7367807845605754,0.6876398630076644
AWS,LC09_L2SP_116034_20240602_20240603_02_T1,2024-06-02,403,41.373315200000036,41.93045246000002,,,0.2210852386274708,0.2588671668889269,,
AWS,LC09_L2SP_116034_20240602_20240603_02_T1,2024-06-02,413,38.855373800000024,38.64759416315792,38.65759197160002,38.68968821198159,0.4606376856139085,0.3054062169718107,0.18354448096131945,0.22794887861631383
ASOS,LC09_L2SP_116034_20240618_20240619_02_T1,2024-06-18,101,42.078566660000035,42.23491666057145,41.85874309090911,41.5036907526154,0.4459432864390494,0.44456372016662243,0.4173001482670941,0.39160095574953047
ASOS,LC09_L2SP_116034_20240618_20240619_02_T1,2024-06-18,131,46.002453620000004,46.10733800514288,45.762150761443316,45.52134347887093,0.38015333931684614,0.2890673426939281,0.24935738252713244,0.28161593571929144
ASOS,LC09_L2SP_116034_20240618_20240619_02_T1,2024-06-18,129,39.294019700000014,38.820607653714305,38.922625534538476,37.95771400696312,0.30331274181637435,0.321492849820026,0.38220263690099715,0.43041662730554825
ASOS,LC09_L2SP_116034_20240618_20240619_02_T1,2024-06-18,202,44.17552193000003,44.01190670947371,43.4203000247514,42.57046574980771,0.4532472885132063,0.33457991433149453,0.31410266386275176,0.37329723901172457
ASOS,LC09_L2SP_116034_20240618_20240619_02_T1,2024-06-18,203,41.78575628000001,41.917040800571456,40.257905255257754,39.07443042560551,0.49565783300201466,0.5077395166010336,0.504663446374356,0.5249069540242449
ASOS,LC09_L2SP_116034_20240618_20240619_02_T1,2024-06-18,201,37.41524804000003,37.79539696914287,35.567309034639194,33.620786255098785,0.5940027867184542,0.4704694801474429,0.5781225826592864,0.6292709391405723
ASOS,LC09_L2SP_116034_20240618_20240619_02_T1,2024-06-18,95,42.372516380000036,42.245268378285736,41.01634940680414,39.24930623157174,0.3827900690817761,0.3850505614345575,0.40155172322068344,0.48674518905079195
ASOS,LC09_L2SP_116034_20240618_20240619_02_T1,2024-06-18,98,37.13724908000004,38.4644499697143,41.34510968329899,41.20038993889495,0.754859679219145,0.7042539286193222,0.4189169608630249,0.4373987389686356
ASOS,LC09_L2SP_116034_20240618_20240619_02_T1,2024-06-18,108,41.26849592000002,40.95647952285716,41.57752721278352,41.26040148500431,0.5648799058902928,0.5051113168576064,0.3577699560733231,0.384151637596502
ASOS,LC09_L2SP_116034_20240618_20240619_02_T1,2024-06-18,99,36.828487940000024,36.83102704057145,36.00947866659796,36.46654672739767,0.6341367676735081,0.645814154547049,0.5753701892696514,0.5700440190099147
ASOS,LC09_L2SP_116034_20240618_20240619_02_T1,2024-06-18,112,36.23261312000003,37.16111011485716,40.049945643810865,41.76455130975038,0.4936596034384066,0.6070251039113774,0.35356656794145125,0.26113143140464595
ASOS,LC09_L2SP_116034_20240618_20240619_02_T1,2024-06-18,232,40.68857186,40.02794997542859,39.27522844751726,38.66433674313499,0.4343838363137962,0.5469658887159636,0.568194659446153,0.563570328542197
ASOS,LC09_L2SP_116034_20240618_20240619_02_T1,2024-06-18,93,44.49966415999999,43.97537244457145,42.69696204247425,40.50396396683335,0.371198500572482,0.35778833115395425,0.3758978921198402,0.4265487992409213
ASOS,LC09_L2SP_116034_20240618_20240619_02_T1,2024-06-18,177,42.92623562000002,42.19770907142859,40.647504721649504,40.73526522931579,0.4233555512741394,0.40445903057929644,0.39902367929136057,0.4083926089440294
ASOS,LC09_L2SP_116034_20240618_20240619_02_T1,2024-06-18,119,42.79635086000004,42.26450694800001,42.627309607422696,43.024691818202136,0.43523900812797245,0.4505624632316586,0.4088168026206653,0.36102548554416775
ASOS,LC09_L2SP_116034_20240618_20240619_02_T1,2024-06-18,239,38.411031200000025,37.38142591828572,36.627211556720574,37.897227320223,0.5640814077332225,0.6708848755771546,0.597205529946553,0.538501484276364
ASOS,LC09_L2SP_116034_20240618_20240619_02_T1,2024-06-18,181,37.83110714000003,37.10368737885715,37.50175174432991,38.08179064367022,0.3342209350078587,0.43665201556576955,0.447241007191865,0.43743816115698003
AWS,LC09_L2SP_116034_20240618_20240619_02_T1,2024-06-18,558,38.35292486000003,38.342084853714304,37.58956706000002,34.79342731550002,0.6260156641916849,0.5339082889822344,0.6384771191968619,0.7142112484847973
AWS,LC09_L2SP_116034_20240618_20240619_02_T1,2024-06-18,434,42.18566462000003,41.703756352571446,41.204281777938164,41.2767287281959,0.2200758866045626,0.3731701570508638,0.4042696751653843,0.39984856708470634
AWS,LC09_L2SP_116034_20240618_20240619_02_T1,2024-06-18,627,42.550253420000026,42.21304133257145,39.567567011958786,37.58283848489608,0.3802551364083236,0.29997221073440666,0.42752053959271363,0.4871581375579578
AWS,LC09_L2SP_116034_20240618_20240619_02_T1,2024-06-18,551,39.27920828000001,40.76824427857145,43.10363764315139,41.254710889651705,0.6257236139811586,0.49794613459780585,0.3534399964452692,0.38925367763706403
AWS,LC09_L2SP_116034_20240618_20240619_02_T1,2024-06-18,572,42.18680396,42.23032674800003,42.15420943938146,41.31440609866478,0.5319377246487514,0.3719363365998365,0.41446183011477183,0.4740053855771488
AWS,LC09_L2SP_116034_20240618_20240619_02_T1,2024-06-18,590,,,42.93226462750002,40.799728359274916,,,0.43089624205626914,0.5134550109413634
AWS,LC09_L2SP_116034_20240618_20240619_02_T1,2024-06-18,515,36.83646332000001,36.6426453097143,36.55307078715598,37.909136028420164,0.5246677123153435,0.42977104813563827,0.4386551328948264,0.455078334428319
AWS,LC09_L2SP_116034_20240618_20240619_02_T1,2024-06-18,418,,,,40.23855361988911,,,,0.44048617628080544
AWS,LC09_L2SP_116034_20240618_20240619_02_T1,2024-06-18,628,44.278632200000025,43.76013484228574,42.74994496690369,41.47572710161699,0.24553455789319822,0.3527010866669906,0.4126231946807175,0.427660883847373
AWS,LC09_L2SP_116034_20240618_20240619_02_T1,2024-06-18,692,39.43529786000003,38.912015274285736,34.063697071048175,33.33812699523377,0.5807196079100119,0.42517684612117795,0.6652397029609337,0.6825605398864357
AWS,LC09_L2SP_116034_20240618_20240619_02_T1,2024-06-18,546,41.118103039999994,40.23068739028574,36.76164134839163,35.729941199249346,0.4297912442904539,0.5326860706417483,0.67662752092934,0.7037340081701083
AWS,LC09_L2SP_116034_20240618_20240619_02_T1,2024-06-18,978,38.47369490000002,38.758887978285735,36.55422022061857,34.31405924199448,0.5000118490355164,0.5027785384400442,0.6073190964338303,0.67166792875741
AWS,LC09_L2SP_116034_20240618_20240619_02_T1,2024-06-18,495,,,,39.23888052152581,,,,0.3997751688668164
AWS,LC09_L2SP_116034_20240618_20240619_02_T1,2024-06-18,676,42.19705802000002,41.396720498857164,38.17367440767632,38.82972143364676,0.5513341544324792,0.44936218894827257,0.6053529503118257,0.5881397436859052
AWS,LC09_L2SP_116034_20240618_20240619_02_T1,2024-06-18,632,41.54991290000002,41.0409534457143,38.77263265835053,37.72180258535358,0.3719302105278406,0.3773415680553572,0.5424403883326434,0.5889014876845774
AWS,LC09_L2SP_116034_20240618_20240619_02_T1,2024-06-18,649,38.48508830000003,38.49931377371431,39.89557164371136,37.74116092765533,0.3862144366535893,0.46301252145069877,0.44318642918130485,0.5327641554672972
AWS,LC09_L2SP_116034_20240618_20240619_02_T1,2024-06-18,631,39.14932352000005,39.246851024000016,40.33051380723759,39.984032951400664,0.5762988781178521,0.4871971517987114,0.3161241428696914,0.2956240329289907
AWS,LC09_L2SP_116034_20240618_20240619_02_T1,2024-06-18,602,40.29322088,40.2561760537143,38.70449095153671,39.34248701321987,0.3236109913669503,0.29510223344169173,0.3989535965178553,0.3979919256862168
AWS,LC09_L2SP_116034_20240618_20240619_02_T1,2024-06-18,505,36.84671738000001,36.97136117600002,38.86049887237115,37.446270836278295,0.5759161506238892,0.6197165328179196,0.5577528625156076,0.594619784251776
AWS,LC09_L2SP_116034_20240618_20240619_02_T1,2024-06-18,533,40.869726920000026,41.35629020514288,39.80606885195878,39.08529411241914,0.6270537386785467,0.5034443154680992,0.5039630498326367,0.5385080821050161
AWS,LC09_L2SP_116034_20240618_20240619_02_T1,2024-06-18,309,34.22623538000003,33.95686285142858,31.794133259526085,32.78691773331,0.5737206506263063,0.6093616873856625,0.6956529320849326,0.6741852733529218
AWS,LC09_L2SP_116034_20240618_20240619_02_T1,2024-06-18,633,35.53875506000001,34.99808940114288,33.94784097896908,33.04331275840807,0.5166118601954319,0.5469732698280456,0.6343310905896029,0.7184177721439938
AWS,LC09_L2SP_116034_20240618_20240619_02_T1,2024-06-18,576,40.21460642000002,39.165632358285734,36.56364816123713,36.23066616309764,0.46178799966948886,0.5022993424404331,0.5843426424214136,0.6365422218103681
AWS,LC09_L2SP_116034_20240618_20240619_02_T1,2024-06-18,629,48.07377373999998,47.71163452100002,41.10538522954317,38.77568522938933,0.18385451105501677,0.3205781106548578,0.5290676599719151,0.5971369914857315
AWS,LC09_L2SP_116034_20240618_20240619_02_T1,2024-06-18,574,39.857993,39.966327957714306,39.869311753586224,39.47033531582092,0.5108969435532528,0.5012700603407527,0.5137144017849794,0.515817418981825
AWS,LC09_L2SP_116034_20240618_20240619_02_T1,2024-06-18,412,34.9645277,34.428744926857156,36.702060352577334,38.260998420589765,0.7207045672736349,0.7539121063247123,0.669741583517215,0.5635448377711452
AWS,LC09_L2SP_116034_20240618_20240619_02_T1,2024-06-18,539,37.53715742000001,38.17509016228574,38.78561956824744,37.89960910128258,0.5692736731427512,0.5430643903749561,0.5603609386884895,0.6148300691557926
AWS,LC09_L2SP_116034_20240618_20240619_02_T1,2024-06-18,499,40.88681702,40.50764466800002,35.48335024783507,34.92777979625002,0.4668315340483842,0.4161276951005905,0.6362147644154084,0.6732924446239684
AWS,LC09_L2SP_116034_20240618_20240619_02_T1,2024-06-18,567,38.76422660000003,38.10331174228574,35.54056390907218,35.036707645204714,0.6981876450779474,0.5738610964253384,0.6729575339705931,0.6900019203167868
AWS,LC09_L2SP_116034_20240618_20240619_02_T1,2024-06-18,652,41.668404260000024,41.668892548571456,37.885979477113416,35.92385263235616,0.4736545192705605,0.4088061412930684,0.5567845810401829,0.6419982569471231
AWS,LC09_L2SP_116034_20240618_20240619_02_T1,2024-06-18,586,,,32.82580231532936,32.07980160941178,,,0.7604647799846763,0.7985838016882413
AWS,LC09_L2SP_116034_20240618_20240619_02_T1,2024-06-18,428,39.83178818000001,40.376588015428595,41.15131887007145,39.67203748806036,0.6255978390243878,0.4994301364783771,0.429471737287744,0.48050636200126756
AWS,LC09_L2SP_116034_20240618_20240619_02_T1,2024-06-18,500,38.54091596000003,38.7604505017143,36.02798038361704,34.02176889367444,0.4818146896124178,0.43126717446850377,0.5465647672579551,0.636584693225588
AWS,LC09_L2SP_116034_20240618_20240619_02_T1,2024-06-18,427,42.03641108000003,41.79116000685716,41.41824374214041,39.64154778968187,0.5031268602820917,0.36745926454932626,0.3291670937407839,0.41257019083328383
AWS,LC09_L2SP_116034_20240618_20240619_02_T1,2024-06-18,977,42.93193232000002,42.120852450285724,39.446460259793824,38.716854534464616,0.222848414584762,0.2998924357517028,0.38512935634538464,0.4226381165369916
AWS,LC09_L2SP_116034_20240618_20240619_02_T1,2024-06-18,568,37.70691908000001,38.470993036571436,39.88106169855672,37.75193556785573,0.5687193542284069,0.5418130568437629,0.5331718173786137,0.6189697415281609
AWS,LC09_L2SP_116034_20240618_20240619_02_T1,2024-06-18,410,40.458425180000006,40.42483092628572,40.94278171402064,42.60978646288006,0.3920915847090006,0.45121043140850814,0.48666775232514187,0.3317306123139898
AWS,LC09_L2SP_116034_20240618_20240619_02_T1,2024-06-18,441,40.45386782000003,40.41115884628574,37.07715770432991,37.48516561410823,0.37476448500305154,0.3980832843271457,0.584070024436069,0.5700571533037289
AWS,LC09_L2SP_116034_20240618_20240619_02_T1,2024-06-18,371,43.817199500000015,43.560717789714296,41.3318390429358,40.27315029005156,0.3524816401059321,0.2612536296995928,0.4337713698250494,0.4822734824412323
AWS,LC09_L2SP_116034_20240618_20240619_02_T1,2024-06-18,367,42.19136132,42.239213600000014,38.15521612077823,36.254582056395655,0.22260343581812478,0.24566960328450854,0.46953057417012256,0.523632279964658
AWS,LC09_L2SP_116034_20240618_20240619_02_T1,2024-06-18,433,39.43187984000002,39.57335331542859,40.64796458034405,41.2753172229204,0.35003167536040597,0.4731961616051477,0.3776312313562431,0.3866524070081618
AWS,LC09_L2SP_116034_20240618_20240619_02_T1,2024-06-18,450,38.96588978000002,38.40116777085718,39.81481553773198,39.68709299245646,0.5328155703239469,0.5870497548130699,0.48812511178108015,0.48706521503870154
AWS,LC09_L2SP_116034_20240618_20240619_02_T1,2024-06-18,364,44.619294860000004,43.528197770857155,40.902893068247444,40.42722733859421,0.3899724169763683,0.3646621480471331,0.4567562794419834,0.47559983844816994
AWS,LC09_L2SP_116034_20240618_20240619_02_T1,2024-06-18,438,41.74701872000003,41.81996903257144,39.88584222824745,40.23279378302893,0.4097976325861971,0.31945358791034484,0.45398745872536617,0.4542176317272365
AWS,LC09_L2SP_116034_20240618_20240619_02_T1,2024-06-18,444,42.094517420000024,41.93227540400003,43.121669624948474,42.64609106065275,0.4882266173761381,0.418918820359186,0.35357270298859766,0.38456344086148997
AWS,LC09_L2SP_116034_20240618_20240619_02_T1,2024-06-18,445,40.12687724000002,39.25703997885716,38.544478844536094,38.77969885677069,0.27174810535495997,0.5646246282404251,0.5271077915203226,0.5477204682296818
AWS,LC09_L2SP_116034_20240618_20240619_02_T1,2024-06-18,437,43.06979246000001,43.4499739417143,42.06300742577321,40.07545709557022,0.2644387587132809,0.28056479117005817,0.25882599416641905,0.32767740481973323
AWS,LC09_L2SP_116034_20240618_20240619_02_T1,2024-06-18,376,38.99779130000004,38.589647159428594,36.15717784927837,36.1724039119483,0.38326833552089196,0.5416514176267874,0.6704834777806091,0.6580662994617447
AWS,LC09_L2SP_116034_20240618_20240619_02_T1,2024-06-18,599,40.272712760000026,39.28457945428573,34.69174386329899,33.179178658219314,0.44519713100772945,0.5027805413326025,0.7061776591523531,0.7605096902411235
AWS,LC09_L2SP_116034_20240618_20240619_02_T1,2024-06-18,573,41.50206062000001,41.05667633771431,38.034305101030945,36.46909733794271,0.5759690713499844,0.46135667206752984,0.607236992661429,0.6584570195841005
AWS,LC09_L2SP_116034_20240618_20240619_02_T1,2024-06-18,506,39.07298774000003,39.136335044000006,37.740103013801864,38.14290466047812,0.5857164056702286,0.5640419967231913,0.5191539434159587,0.4766693363742448
AWS,LC09_L2SP_116034_20240618_20240619_02_T1,2024-06-18,417,44.32534514,44.065315199428596,43.50621057835053,42.46779124046394,0.2547523547710658,0.22520781479074395,0.23603555704523993,0.31185952151032303
AWS,LC09_L2SP_116034_20240618_20240619_02_T1,2024-06-18,565,40.362720620000005,40.05099719600002,37.79222863072167,36.823814980584714,0.40812401381424745,0.45677445537534467,0.49742170404234926,0.5021315231337307
AWS,LC09_L2SP_116034_20240618_20240619_02_T1,2024-06-18,419,33.52212325999998,33.84553305714288,34.950655941855686,38.83778841989693,0.6865804929105686,0.804471876039814,0.7775983184915253,0.5515128657467637
AWS,LC09_L2SP_116034_20240618_20240619_02_T1,2024-06-18,970,33.71581106000002,33.82482962171431,34.531680296701055,35.03873624298345,0.5387879071121697,0.5865807222487528,0.5802908773849806,0.5608554440569719
AWS,LC09_L2SP_116034_20240618_20240619_02_T1,2024-06-18,510,43.396783040000024,43.273408794285736,41.81825683443301,42.52486410337851,0.30999011136230864,0.23753736367041953,0.3200576938703844,0.32905411268722284
AWS,LC09_L2SP_116034_20240618_20240619_02_T1,2024-06-18,874,42.21300878000002,41.51527696400002,36.83018324659796,34.68313494038497,0.4409393758552312,0.5174219232177696,0.6464808224613983,0.7053274436114167
AWS,LC09_L2SP_116034_20240618_20240619_02_T1,2024-06-18,415,46.480976420000026,45.257813548571455,42.695744299786504,42.86947188253523,0.38503444009628396,0.3467443723666949,0.4066514115781774,0.420964902720534
AWS,LC09_L2SP_116034_20240618_20240619_02_T1,2024-06-18,504,44.7628517,44.72177035485716,42.14440954927837,42.05543900391642,0.2629858372193904,0.3165595855570305,0.39496700514119787,0.39991784971394273
AWS,LC09_L2SP_116034_20240618_20240619_02_T1,2024-06-18,598,44.41763168000002,44.42889486971431,43.39770704082476,42.53605782419698,0.3624837879173947,0.32458029701759566,0.36870268633681713,0.4026929787586201
AWS,LC09_L2SP_116034_20240618_20240619_02_T1,2024-06-18,571,,,,37.20833375243246,,,,0.5446159956008205
AWS,LC09_L2SP_116034_20240618_20240619_02_T1,2024-06-18,634,42.26883644000005,42.32261328800002,42.510952062886616,40.81837252108965,0.40457695601742844,0.39060899174568253,0.31794971046811704,0.4281608535476429
AWS,LC09_L2SP_116034_20240618_20240619_02_T1,2024-06-18,588,41.26393856000001,41.00579666857145,37.831451682680424,35.75691650065727,0.3768894993399581,0.38535911308009724,0.5942313832365379,0.6575663148335187
AWS,LC09_L2SP_116034_20240618_20240619_02_T1,2024-06-18,512,41.90766566000002,40.90647877314288,37.508507484346815,37.91741164441127,0.24575907023676632,0.20800393644098034,0.47736478892965073,0.46247203779668633
AWS,LC09_L2SP_116034_20240618_20240619_02_T1,2024-06-18,507,38.39849846000002,38.912112932000014,36.74650653875469,36.009651557676655,0.5986811412069913,0.5934114406696261,0.619622588787048,0.6594907361378247
AWS,LC09_L2SP_116034_20240618_20240619_02_T1,2024-06-18,695,26.417199020000016,26.2238367457143,26.068768488659813,26.48977494538221,0.8590021615661091,0.8660598787534757,0.8710398258285167,0.8793798996440391
AWS,LC09_L2SP_116034_20240618_20240619_02_T1,2024-06-18,377,39.831788180000025,39.96916003142859,37.83337407422682,36.12132670739767,0.6306653655334445,0.5490024877958354,0.6162636574465705,0.6915458868402486
AWS,LC09_L2SP_116034_20240618_20240619_02_T1,2024-06-18,493,42.77698208000004,42.866566756571444,39.37604956683489,38.774595181288674,0.25545280951250776,0.3498229102080967,0.3858562639070558,0.4957852428148668
AWS,LC09_L2SP_116034_20240618_20240619_02_T1,2024-06-18,511,40.05737750000003,39.94748001885716,38.54270283856117,37.460594245738065,0.4331423328644935,0.47814099314337627,0.47831573722754045,0.5487560510063116
AWS,LC09_L2SP_116034_20240618_20240619_02_T1,2024-06-18,637,,,35.79112693136795,35.55971185235364,,,0.48841966940546305,0.45301693535687043
AWS,LC09_L2SP_116034_20240618_20240619_02_T1,2024-06-18,416,42.249467660000015,41.16097477657146,35.12496321608249,34.679105253295184,0.27317004743401957,0.28043931869746247,0.7032605061358216,0.710936765197991
AWS,LC09_L2SP_116034_20240618_20240619_02_T1,2024-06-18,401,41.160258620000015,40.78548086514289,40.69821122453611,39.837717444964234,0.425545357837092,0.537896044981767,0.42041003525869386,0.4504807413952803
AWS,LC09_L2SP_116034_20240618_20240619_02_T1,2024-06-18,589,40.76490764000001,40.531082519428594,36.33201759855672,37.39425293614087,0.5391426115333927,0.47622004023834,0.6376769417011959,0.5811544271600961
AWS,LC09_L2SP_116034_20240618_20240619_02_T1,2024-06-18,569,,,42.04397412742859,42.73238717094621,,,0.4980837678604823,0.4139314343486061
AWS,LC09_L2SP_116034_20240618_20240619_02_T1,2024-06-18,514,37.457403620000015,36.94460296228573,35.91178124041239,36.1442311590408,0.34749162210543966,0.3934457855260803,0.5269319083346438,0.4966764765955953
AWS,LC09_L2SP_116034_20240618_20240619_02_T1,2024-06-18,570,41.260520540000016,41.10618879885717,37.32911628515466,34.98904842077102,0.5609359881072364,0.43348980748410654,0.547050907914553,0.6477090193286471
AWS,LC09_L2SP_116034_20240618_20240619_02_T1,2024-06-18,694,31.734498800000022,31.054084952000014,29.09141401711342,28.66604970928144,0.682508083617896,0.764642837404075,0.8608743329662297,0.8725446738043912
AWS,LC09_L2SP_116034_20240618_20240619_02_T1,2024-06-18,425,37.09167548000001,37.21335699200002,36.161101180477345,36.20204005853745,0.7593254608898349,0.7158730494343852,0.694465779551058,0.6832184801520014
AWS,LC09_L2SP_116034_20240618_20240619_02_T1,2024-06-18,326,34.78679066000001,34.17522550057144,31.74419689340208,30.98165893805899,0.6686923955243232,0.7158249585309567,0.7862581732158719,0.796502462181555
AWS,LC09_L2SP_116034_20240618_20240619_02_T1,2024-06-18,550,42.55367144000004,42.24858874057144,40.29995120804126,40.46282262649265,0.44087181932843117,0.40500174369582226,0.5052830527823212,0.4995311009830603
AWS,LC09_L2SP_116034_20240618_20240619_02_T1,2024-06-18,650,,,31.624415324338415,31.646142656456508,,,0.6839629705115168,0.6949613646336716
AWS,LC09_L2SP_116034_20240618_20240619_02_T1,2024-06-18,552,41.293561400000044,41.19671750000003,35.57007167818183,32.797385714047536,0.4792036231698762,0.5077940531288123,0.7155172207381362,0.7875049877435959
AWS,LC09_L2SP_116034_20240618_20240619_02_T1,2024-06-18,531,38.79271010000002,37.932899030857165,34.42857589958765,33.41150169753875,0.5319787555629911,0.5340988854292199,0.6785429739704704,0.7137634318447238
AWS,LC09_L2SP_116034_20240618_20240619_02_T1,2024-06-18,406,39.08893850000002,39.43663251542858,40.16063067690723,38.60464691464646,0.5600274171469511,0.46754545340966597,0.46318729924528623,0.5374281913224612
AWS,LC09_L2SP_116034_20240618_20240619_02_T1,2024-06-18,617,38.30279390000002,39.151764962857165,40.215781037729386,39.96014902782337,0.37628193530959536,0.42152253616146546,0.44857030486516664,0.4419467091811531
AWS,LC09_L2SP_116034_20240618_20240619_02_T1,2024-06-18,408,42.590130320000014,42.03335113828573,41.56207760577321,42.469687762782726,0.3718023788014663,0.3844506797171287,0.42983450002308454,0.3524458535407345
AWS,LC09_L2SP_116034_20240618_20240619_02_T1,2024-06-18,116,31.611450080000036,31.81464323085716,31.845895712989712,32.1504313717865,0.6567923245342403,0.7741272303789568,0.8252533918624374,0.8218245750387552
AWS,LC09_L2SP_116034_20240618_20240619_02_T1,2024-06-18,616,39.90812396000001,39.25489150914287,36.94642333340208,37.308515725616964,0.3558934063273346,0.36677428773750764,0.5909779164491424,0.5542707459091991
AWS,LC09_L2SP_116034_20240618_20240619_02_T1,2024-06-18,423,43.46742212000004,43.109636807428586,40.77154008659796,39.91893676303465,0.37558833480361226,0.36901830928902307,0.45724625017022624,0.48371400088846006
AWS,LC09_L2SP_116034_20240618_20240619_02_T1,2024-06-18,503,40.49944142000002,39.10156889771431,34.36000407567012,34.10717353455484,0.3045163491574963,0.3888895970767301,0.6230019127194335,0.6435383549787154
AWS,LC09_L2SP_116034_20240618_20240619_02_T1,2024-06-18,409,45.517094780000036,45.38095992628574,44.48051854969074,43.56384432047594,0.22310129914056745,0.207928284352415,0.2078978900487927,0.23581089956250265
AWS,LC09_L2SP_116034_20240618_20240619_02_T1,2024-06-18,411,38.785874060000026,38.99268054628573,41.79553659381445,42.77585761481506,0.6051169581608195,0.6645129907721523,0.35455649860104643,0.27280437219912795
AWS,LC09_L2SP_116034_20240618_20240619_02_T1,2024-06-18,414,41.23545506000005,40.97298367657144,40.89955335340208,38.42846218890473,0.31302541421223634,0.38616610699316656,0.4559798828536534,0.5627850831508246
AWS,LC09_L2SP_116034_20240618_20240619_02_T1,2024-06-18,611,43.36374218000003,43.61052322400001,41.69659411567012,40.76129543286166,0.5623944215435024,0.5224211938179605,0.4631776617243268,0.45130166329361215
AWS,LC09_L2SP_116034_20240618_20240619_02_T1,2024-06-18,421,40.262458700000025,40.41838551714288,39.88449793882929,41.01712827496013,0.3524567869079593,0.4282430074558776,0.42715656162364146,0.388690046485279
AWS,LC09_L2SP_116034_20240618_20240619_02_T1,2024-06-18,424,39.913820660000034,40.15627221200002,38.68756585360826,38.770403760297754,0.5457878468544634,0.5157446253783651,0.5317762893396114,0.5116652109563034
AWS,LC09_L2SP_116034_20240618_20240619_02_T1,2024-06-18,496,40.104090440000014,39.99250022514287,37.53411918000002,37.44810600594739,0.42470633519148643,0.4767025941909108,0.5599526454790624,0.5731037385853547
AWS,LC09_L2SP_116034_20240618_20240619_02_T1,2024-06-18,543,,,37.64460594615387,35.92300288527376,,,0.466170813741678,0.49587559840715256
AWS,LC09_L2SP_116034_20240618_20240619_02_T1,2024-06-18,541,40.67489978000003,40.467702662857164,41.058003522060915,41.36922325221294,0.4515751135116374,0.4261199737122307,0.46202374911892663,0.4415028943226721
AWS,LC09_L2SP_116034_20240618_20240619_02_T1,2024-06-18,540,37.97922134000002,37.99881798800002,38.094106747628885,37.50133491341543,0.6855086497024326,0.6802743838178475,0.6104561024107733,0.6411053897926619
AWS,LC09_L2SP_116034_20240618_20240619_02_T1,2024-06-18,509,34.99528988000003,35.07738746514288,35.28603949593376,34.45893446973658,0.6760476690860466,0.7295545349320528,0.6623485716641138,0.7160689365382013
AWS,LC09_L2SP_116034_20240618_20240619_02_T1,2024-06-18,519,38.11708148,38.397945066285736,37.082212302061876,35.60822935811053,0.6125902499255486,0.6137751920685626,0.6262759937625307,0.6772418363616141
AWS,LC09_L2SP_116034_20240618_20240619_02_T1,2024-06-18,400,43.09827596,42.94576716285715,41.23351055131642,42.18927761780469,0.5705217208123061,0.4396340958688424,0.4933424274460227,0.4307002355531172
AWS,LC09_L2SP_116034_20240618_20240619_02_T1,2024-06-18,889,40.59058862000003,40.71526496857145,39.19310251191712,39.03706624522854,0.36384659607022235,0.5066421807644947,0.601067078051714,0.5465857337885431
AWS,LC09_L2SP_116034_20240618_20240619_02_T1,2024-06-18,402,43.54147922000002,42.988150610857154,40.401571722474245,40.88954608361502,0.33995622714520524,0.32257880770940994,0.42445895338509837,0.41497231625559
AWS,LC09_L2SP_116034_20240618_20240619_02_T1,2024-06-18,405,43.38766832000001,43.231318319428595,41.82189940757507,41.56514271795469,0.48820241021232097,0.4574180841879067,0.38655179319199273,0.38230555081528184
AWS,LC09_L2SP_116034_20240618_20240619_02_T1,2024-06-18,542,37.68071426,38.04657261028573,34.79447903068704,34.13872211160471,0.49452220776045525,0.5459901042420299,0.6074812432511489,0.679552271820613
AWS,LC09_L2SP_116034_20240618_20240619_02_T1,2024-06-18,532,38.538637280000025,38.622264836000014,37.616754609690744,37.7220990812196,0.49746755180561797,0.5861679831440989,0.5908001518373677,0.6042399695585092
AWS,LC09_L2SP_116034_20240618_20240619_02_T1,2024-06-18,407,45.339357740000025,44.31385408228573,42.03071829525775,40.960022795236206,0.365652168633449,0.44684130688394846,0.45504451175393995,0.4734253265433981
AWS,LC09_L2SP_116034_20240618_20240619_02_T1,2024-06-18,548,39.40567502000001,39.07432239542859,39.54045911647781,38.74568402325435,0.728249281904989,0.5338019384580974,0.5426682793794099,0.584322796719905
AWS,LC09_L2SP_116034_20240618_20240619_02_T1,2024-06-18,538,40.79794850000002,41.33998136685717,39.46459181835053,36.8243311266705,0.4075034171509859,0.45593710075095234,0.5004041087607611,0.6142858228691905
AWS,LC09_L2SP_116034_20240618_20240619_02_T1,2024-06-18,516,42.757613300000024,43.03404973657144,41.95969943525775,40.428166172324225,0.4852019470318456,0.4905402104989914,0.4229636211765679,0.4627959661673635
AWS,LC09_L2SP_116034_20240618_20240619_02_T1,2024-06-18,404,43.631487080000056,43.6995870594286,41.42332266510492,40.61713258128967,0.37972315591784245,0.28979252623404206,0.2990387563940064,0.3530611466356769
AWS,LC09_L2SP_116034_20240618_20240619_02_T1,2024-06-18,545,37.43803484,38.50546620971431,37.96265979979384,37.7657654956348,0.7517310456428876,0.6227501318019725,0.6037079909092248,0.5582254739176244
AWS,LC09_L2SP_116034_20240618_20240619_02_T1,2024-06-18,549,44.081526380000014,44.615714077142876,45.40701339360827,42.59654508592297,0.492076588992389,0.45479889678288354,0.3381065795542534,0.42691439907232315
AWS,LC09_L2SP_116034_20240618_20240619_02_T1,2024-06-18,494,35.01693734000003,34.50345307828574,35.27096317690724,36.549313423865996,0.7174268238547082,0.7110284237706098,0.7312767040017165,0.679064475207825
AWS,LC09_L2SP_116034_20240618_20240619_02_T1,2024-06-18,403,46.90595024,48.06820725028572,41.4253217716038,41.962512190049964,0.2693424277481844,0.2836114825200447,0.41439882202706313,0.3653588460602599
AWS,LC09_L2SP_116034_20240618_20240619_02_T1,2024-06-18,681,41.23317638000003,40.69807721085716,39.42530224885987,35.570820769600296,0.4527992119351893,0.537806584434339,0.5690815638333787,0.6879252845879649
AWS,LC09_L2SP_116034_20240618_20240619_02_T1,2024-06-18,413,42.970669880000024,43.32741351028574,43.550785386475425,43.790843120836165,0.40777089013074974,0.31112669849058905,0.2018915363589661,0.22549948710166076
ASOS,LC09_L2SP_116034_20250605_20250606_02_T1,2025-06-05,101,36.58239050000003,36.55944093714288,36.0971604068044,35.47598384481692,0.4443932324867846,0.46982276917048843,0.4273637461087103,0.39229513145612604
ASOS,LC09_L2SP_116034_20250605_20250606_02_T1,2025-06-05,131,41.718535220000014,41.65639236114287,41.29744533567012,41.18837310695878,0.43838921079069065,0.31565684567634067,0.2516756396869853,0.27549357606844765
ASOS,LC09_L2SP_116034_20250605_20250606_02_T1,2025-06-05,129,34.31396455999999,33.89963543085715,33.41015681253848,32.72024817240002,0.31054118489971394,0.31578208969019067,0.398882731655365,0.40235722400235036
ASOS,LC09_L2SP_116034_20250605_20250606_02_T1,2025-06-05,201,33.41046794000001,33.71935929028575,30.76519844329899,29.10498982190096,0.6176341285200585,0.4337553533096726,0.5905817845175728,0.6137716344883541
ASOS,LC09_L2SP_116034_20250605_20250606_02_T1,2025-06-05,203,35.894229140000014,36.2208616417143,35.330385043505174,34.10457161208705,0.5677748226723077,0.5381187350802125,0.46278925220754047,0.48537379162750777
ASOS,LC09_L2SP_116034_20250605_20250606_02_T1,2025-06-05,202,,39.06802347285717,38.558024240957465,37.49990411186106,,0.3051407439087253,0.31361910485191036,0.36368639957371834
ASOS,LC09_L2SP_116034_20250605_20250606_02_T1,2025-06-05,95,36.37161260000001,36.528190468571445,35.94001807917528,34.05214957732038,0.4107400798231997,0.3101742559241121,0.31175024050879035,0.4015977354226737
ASOS,LC09_L2SP_116034_20250605_20250606_02_T1,2025-06-05,98,32.52178274000005,33.58605651028574,36.52149649649486,36.587609022948776,0.7838631860061311,0.7101542680322492,0.41896686675662487,0.4302589925455978
ASOS,LC09_L2SP_116034_20250605_20250606_02_T1,2025-06-05,108,35.87713904000001,35.50405401885716,36.31499014268043,35.891543389768124,0.5348013544874007,0.48323534498579435,0.35787998654646597,0.3798831312586226
ASOS,LC09_L2SP_116034_20250605_20250606_02_T1,2025-06-05,99,31.958948780000014,32.40586303314288,31.972143198556722,32.20149185756658,0.6795884026242552,0.6557333900811807,0.540256259291759,0.534200826600366
ASOS,LC09_L2SP_116034_20250605_20250606_02_T1,2025-06-05,112,,,32.48164908732396,33.205584938313145,,,0.2571962184253025,0.23802015448830696
ASOS,LC09_L2SP_116034_20250605_20250606_02_T1,2025-06-05,232,36.4684565,35.667435374857156,35.47935615841381,34.46252561802599,0.47351119320811513,0.5594023255517573,0.5212366374102815,0.5241851494195985
ASOS,LC09_L2SP_116034_20250605_20250606_02_T1,2025-06-05,93,39.63354302000001,39.365733014857156,38.054817136288676,36.391046941792176,0.36180904758472093,0.35086031989611993,0.36619686667603396,0.3855694505823097
ASOS,LC09_L2SP_116034_20250605_20250606_02_T1,2025-06-05,177,35.75181163999999,34.74749970628573,32.44251913669404,32.87549278931014,0.37554967312006354,0.37042094741220316,0.3573699847501915,0.38787281745217334
ASOS,LC09_L2SP_116034_20250605_20250606_02_T1,2025-06-05,119,32.35771778000003,32.29619342000001,32.698218566557394,33.453297635876446,0.4152208935872502,0.4580605417398995,0.3821508383192027,0.3604560697119511
ASOS,LC09_L2SP_116034_20250605_20250606_02_T1,2025-06-05,239,32.37252920000003,31.986325492571456,31.64740507175522,33.07312521798728,0.5600251670010375,0.6809650229524152,0.6075269795837268,0.5471979794271301
ASOS,LC09_L2SP_116034_20250605_20250606_02_T1,2025-06-05,181,34.758307159999994,34.27073474514288,34.17055797699543,34.448865743969094,0.4689579319423312,0.3866891451419181,0.3401379469275577,0.368543093471164
AWS,LC09_L2SP_116034_20250605_20250606_02_T1,2025-06-05,434,35.944360100000004,35.60874308857145,35.330800060824764,35.33403526530205,0.2846495821282104,0.40223356586979064,0.40415412608494444,0.400109271591428
AWS,LC09_L2SP_116034_20250605_20250606_02_T1,2025-06-05,572,36.514030100000035,36.610808894857165,36.581501736494864,36.080229496355315,0.5507890967442862,0.3771572107563609,0.4170521339678931,0.46405776019516404
AWS,LC09_L2SP_116034_20250605_20250606_02_T1,2025-06-05,590,,,36.44803602153848,34.95186394069926,,,0.4408631360987302,0.5148601591315836
AWS,LC09_L2SP_116034_20250605_20250606_02_T1,2025-06-05,515,,,,29.126155731187353,,,,0.38648523134295487
AWS,LC09_L2SP_116034_20250605_20250606_02_T1,2025-06-05,418,,,,35.25583975815456,,,,0.42514060558392996
AWS,LC09_L2SP_116034_20250605_20250606_02_T1,2025-06-05,628,35.57863196000003,35.36381754114287,34.54456932515466,33.406592944523354,0.2584704296633726,0.3599509609459219,0.438719663493003,0.4298748783926491
AWS,LC09_L2SP_116034_20250605_20250606_02_T1,2025-06-05,978,34.33561202000002,34.621423597142865,32.14743320247425,29.78753572517967,0.46592062682838725,0.4608594608355972,0.5763439832486971,0.6435005479174748
AWS,LC09_L2SP_116034_20250605_20250606_02_T1,2025-06-05,676,35.34050990000001,34.72816347885716,31.598099051134035,31.88875863069366,0.5563626860568877,0.4351102171555547,0.6031708096523976,0.5955345373014123
AWS,LC09_L2SP_116034_20250605_20250606_02_T1,2025-06-05,632,37.148642480000035,36.83415208742859,34.23570638845362,33.17596357814435,0.41479309738814024,0.3291105822559124,0.5223936216355947,0.5562040056585414
AWS,LC09_L2SP_116034_20250605_20250606_02_T1,2025-06-05,505,31.577269880000017,31.51678720228574,34.09826126577321,32.46098780563737,0.5729666740422964,0.6512950486847582,0.5415059077440171,0.584012478447073
AWS,LC09_L2SP_116034_20250605_20250606_02_T1,2025-06-05,309,30.23057,30.017448314857173,27.554141686840257,28.3919466378218,0.5907713581500743,0.5605711831790585,0.6167796021221804,0.5903185738265404
AWS,LC09_L2SP_116034_20250605_20250606_02_T1,2025-06-05,633,31.155714080000035,30.93103623200002,30.134618778762903,28.790514368285162,0.4828395181527143,0.5312060585796642,0.6067824113138472,0.692665944432679
AWS,LC09_L2SP_116034_20250605_20250606_02_T1,2025-06-05,576,33.844556480000016,33.32677527885717,31.034756107628883,30.30887500962965,0.4404993701457383,0.4625277056423555,0.5367692241005231,0.5882481745190311
AWS,LC09_L2SP_116034_20250605_20250606_02_T1,2025-06-05,629,42.980923940000025,42.414045323000025,36.368067344060925,34.536115204026736,0.23724819299975222,0.34408460126125134,0.5461319967784845,0.5801693174074675
AWS,LC09_L2SP_116034_20250605_20250606_02_T1,2025-06-05,574,34.32307928000002,34.651990461714306,35.17233573782112,34.46210979389165,0.43543499871276187,0.4286495717300485,0.4368664682167064,0.45827465591992184
AWS,LC09_L2SP_116034_20250605_20250606_02_T1,2025-06-05,412,30.124611380000015,29.56578138628573,31.718340531340225,33.149370549075314,0.6867248654585262,0.7270471611501966,0.6468481450391491,0.5463762376077308
AWS,LC09_L2SP_116034_20250605_20250606_02_T1,2025-06-05,539,31.655884340000018,32.13525350685717,32.710893603711355,32.08616431304126,0.48977147215453914,0.458116758593616,0.5155506000230267,0.589826920062202
AWS,LC09_L2SP_116034_20250605_20250606_02_T1,2025-06-05,499,36.64733288,36.36353956228573,32.07841112391754,31.407155947683957,0.47471208791982594,0.39728901322463345,0.5946426050602363,0.659359266789507
AWS,LC09_L2SP_116034_20250605_20250606_02_T1,2025-06-05,567,34.483726220000015,33.687425217714306,31.110034768041256,30.481170002084188,0.7044522492795912,0.5370362181116362,0.6460398516950536,0.6696034811556533
AWS,LC09_L2SP_116034_20250605_20250606_02_T1,2025-06-05,500,33.35008292,33.6259008577143,31.537298254272535,29.677571728036966,0.538807447171218,0.4453178514883032,0.5116115938631389,0.5732043736905628
AWS,LC09_L2SP_116034_20250605_20250606_02_T1,2025-06-05,568,31.803998540000027,32.684968780571445,33.72628828969074,31.50054431720586,0.6783682969302566,0.5736220853785859,0.5305117162720274,0.6073230142972036
AWS,LC09_L2SP_116034_20250605_20250606_02_T1,2025-06-05,977,35.37924746000002,35.0067809377143,34.170255024948474,33.7400363052906,0.26366448647399215,0.275405747373088,0.3264185305355718,0.34982740565667936
AWS,LC09_L2SP_116034_20250605_20250606_02_T1,2025-06-05,428,35.40317360000004,35.87124702457144,36.5985957517526,35.443822782748924,0.6378234817779188,0.5111832480696261,0.41566541629854464,0.4603273620022093
AWS,LC09_L2SP_116034_20250605_20250606_02_T1,2025-06-05,410,34.247882840000024,34.09055626228573,34.9017152202062,36.24616418793589,0.3804930178815786,0.42718297573833025,0.4644097313515937,0.32458065041826156
AWS,LC09_L2SP_116034_20250605_20250606_02_T1,2025-06-05,441,34.00406408000001,34.10139626857144,31.43917873979383,31.662701135493865,0.30716229633114495,0.3814301608543734,0.5549757079308998,0.5419446779422923
AWS,LC09_L2SP_116034_20250605_20250606_02_T1,2025-06-05,450,33.10626416000002,32.42969151542858,33.735042805979404,33.411747304986754,0.5364982469216352,0.5541674268699636,0.4688349672559434,0.45773164705263863
AWS,LC09_L2SP_116034_20250605_20250606_02_T1,2025-06-05,445,31.706015300000008,31.25838489028573,31.36424462206187,32.03838488255943,0.2924950182339548,0.5522079846833641,0.5189348602988518,0.5301422820911836
AWS,LC09_L2SP_116034_20250605_20250606_02_T1,2025-06-05,444,34.65234854000003,34.27864502000002,35.770166368247445,35.93229444699687,0.4934276449480177,0.4465782975238198,0.36305049291774544,0.3920188318917158
AWS,LC09_L2SP_116034_20250605_20250606_02_T1,2025-06-05,433,30.90278060000003,30.638557296363658,31.412161668915687,32.037520853839304,0.3475158988413099,0.45055238029421696,0.36050110039305017,0.3757792785944252
AWS,LC09_L2SP_116034_20250605_20250606_02_T1,2025-06-05,438,35.43507512,35.57505117714288,33.75144382061858,34.05657842316062,0.41826493778383905,0.3470594119775396,0.4560258938384753,0.45638429962311766
AWS,LC09_L2SP_116034_20250605_20250606_02_T1,2025-06-05,437,33.693024259999994,34.22532390800003,33.747705133333355,31.549636044160454,0.23905804087649274,0.3025628906075487,0.28587348991096073,0.37303804727019935
AWS,LC09_L2SP_116034_20250605_20250606_02_T1,2025-06-05,364,39.023996120000014,38.33358863257145,35.91605670185569,35.22642930159902,0.40487489416322053,0.39571192033828084,0.4356275441124399,0.47088900847061005
AWS,LC09_L2SP_116034_20250605_20250606_02_T1,2025-06-05,367,36.08335958,36.21135853586208,32.906799861867725,31.172517529663143,0.2256337510314944,0.24256662802146559,0.42442395861621857,0.44033868675452204
AWS,LC09_L2SP_116034_20250605_20250606_02_T1,2025-06-05,376,33.52781996000002,33.03946628342859,30.863400937731978,30.801210005103112,0.41778206800853684,0.5430910011589459,0.6551510019761416,0.6353535622845946
AWS,LC09_L2SP_116034_20250605_20250606_02_T1,2025-06-05,599,34.57487342000002,33.787915005714304,29.886515511724156,28.224832585251793,0.38148722480979247,0.45440892863969107,0.6753430047385572,0.739677867350257
AWS,LC09_L2SP_116034_20250605_20250606_02_T1,2025-06-05,573,34.41650516000001,33.94328842914287,31.280129224948475,30.126741975156044,0.5158307255742386,0.41565031570235517,0.5905431010687904,0.6390450670041079
AWS,LC09_L2SP_116034_20250605_20250606_02_T1,2025-06-05,506,33.68049152000003,33.52628998914288,32.83096468153312,33.446087878404185,0.533572683141909,0.5222208258236963,0.470671135727117,0.40547877103542806
AWS,LC09_L2SP_116034_20250605_20250606_02_T1,2025-06-05,502,,,,27.668565452821596,,,,0.5029205833528405
AWS,LC09_L2SP_116034_20250605_20250606_02_T1,2025-06-05,565,34.03938362,33.722679652571436,32.295985911340225,31.679521232753892,0.44101886456352735,0.45314164046831684,0.47420427252383657,0.43941432035453437
AWS,LC09_L2SP_116034_20250605_20250606_02_T1,2025-06-05,419,28.268626520000016,28.46303047657145,29.423925110515487,33.40508208770113,0.6421956626459199,0.7664571426521054,0.7447080778146353,0.5317993282736658
AWS,LC09_L2SP_116034_20250605_20250606_02_T1,2025-06-05,874,35.51141090000002,35.32504742857145,31.984288328041256,29.926571059828245,0.4707315808777983,0.5448853502129035,0.6249893760318231,0.6764886666927276
AWS,LC09_L2SP_116034_20250605_20250606_02_T1,2025-06-05,504,39.354404720000026,39.10029934742859,36.959519870515486,36.813507559759536,0.28504378488336385,0.308492095549218,0.34568294023887486,0.36802048062868414
AWS,LC09_L2SP_116034_20250605_20250606_02_T1,2025-06-05,598,38.58421088000002,38.551853624000024,38.18259940288662,37.25111686585172,0.4114466756495025,0.41364274347524294,0.37556485754054875,0.3859483315976938
AWS,LC09_L2SP_116034_20250605_20250606_02_T1,2025-06-05,634,30.019792100000036,30.12471495636366,32.07956529191491,,0.3828874183947784,0.3869227675883558,0.24833481016058714,
AWS,LC09_L2SP_116034_20250605_20250606_02_T1,2025-06-05,507,34.35953816000002,34.77728530914287,32.196195732698065,31.322579876681015,0.6339088002652818,0.609218697995796,0.6363177141405836,0.6636837955376907
AWS,LC09_L2SP_116034_20250605_20250606_02_T1,2025-06-05,588,37.09851152000001,36.60739087485717,33.588929302680434,31.393974987830614,0.3264509364758279,0.3197749729187149,0.5389546048581566,0.6222993512362187
AWS,LC09_L2SP_116034_20250605_20250606_02_T1,2025-06-05,377,33.678212840000015,33.8125247497143,31.881050812164972,30.376888589722324,0.5900932551578116,0.5350854392983702,0.6093760672950345,0.6743242580976935
AWS,LC09_L2SP_116034_20250605_20250606_02_T1,2025-06-05,493,32.38278326,32.39258158400002,30.333987617731978,30.079404404151177,0.3511253166959325,0.4495901653186247,0.36639139949874067,0.4800826874543093
AWS,LC09_L2SP_116034_20250605_20250606_02_T1,2025-06-05,511,33.26463242000002,33.24064117485716,32.23481492705884,31.7681721725202,0.48113819886569703,0.49358778198888037,0.47708509927712095,0.5370985343710633
AWS,LC09_L2SP_116034_20250605_20250606_02_T1,2025-06-05,416,36.74417678000001,35.67436907257145,29.416309934226824,29.063779832127132,0.2655393936203704,0.28554311738420013,0.6841750194978301,0.6880965833315503
AWS,LC09_L2SP_116034_20250605_20250606_02_T1,2025-06-05,401,36.58352984000002,36.26998347200002,35.571036360000015,34.511588024597785,0.4322914707270629,0.5125436404615888,0.4168904700135836,0.4415070902622415
AWS,LC09_L2SP_116034_20250605_20250606_02_T1,2025-06-05,589,35.93296670000001,35.67778709257144,31.40724589773198,32.41204795647869,0.4929957407168269,0.4454945912079948,0.6159948726777885,0.5613149930600392
AWS,LC09_L2SP_116034_20250605_20250606_02_T1,2025-06-05,569,,,36.04862581892033,36.63382452646934,,,0.47985748656175775,0.4076020116617884
AWS,LC09_L2SP_116034_20250605_20250606_02_T1,2025-06-05,570,36.13576922000002,36.09273472057145,32.44421756907219,30.02399185932683,0.5399960204321835,0.4185026823743134,0.5267927698973918,0.6286680234708983
AWS,LC09_L2SP_116034_20250605_20250606_02_T1,2025-06-05,694,22.607246060000005,22.314598442857157,20.764847144329917,20.499869563738926,0.6595508355789165,0.757991854099443,0.8322280255632983,0.8431421078523871
AWS,LC09_L2SP_116034_20250605_20250606_02_T1,2025-06-05,425,31.301549600000026,31.590616434285728,31.21714734718379,31.102959265606522,0.8162112075345128,0.7099916354731041,0.6726630371247643,0.6581771009865761
AWS,LC09_L2SP_116034_20250605_20250606_02_T1,2025-06-05,326,30.11321798,29.39527101714288,26.64063103298971,25.88976810158605,0.591801398106455,0.674386702370585,0.767504714418034,0.7787722748194217
AWS,LC09_L2SP_116034_20250605_20250606_02_T1,2025-06-05,650,29.97649718000004,29.52066352228574,28.06623510206187,27.6540392895615,0.40244165094443524,0.42973216516240925,0.466834216633407,0.5312750541029984
AWS,LC09_L2SP_116034_20250605_20250606_02_T1,2025-06-05,531,33.96988388000002,33.6224828377143,30.599837532989707,29.149378877105132,0.48401603850218616,0.5388622643142641,0.6380097720279645,0.7002857820244301
AWS,LC09_L2SP_116034_20250605_20250606_02_T1,2025-06-05,406,34.60905362000002,34.85560679600002,35.72880558556703,34.08195572939596,0.4951197318508959,0.4484605074426217,0.45215783776584373,0.5263729824132254
AWS,LC09_L2SP_116034_20250605_20250606_02_T1,2025-06-05,617,33.248681660000024,33.860474687428585,33.5698502517526,33.230045802124266,0.34278738396058617,0.3155234525296282,0.4311343125679043,0.4133252781543505
AWS,LC09_L2SP_116034_20250605_20250606_02_T1,2025-06-05,534,33.38426311999999,33.81670594666668,35.87249592322583,34.95587053282419,0.5995308987971226,0.5383182961576601,0.4364795834328735,0.44587567370638725
AWS,LC09_L2SP_116034_20250605_20250606_02_T1,2025-06-05,408,37.342330280000034,36.922337003428595,36.47021445072167,37.47656821252794,0.36571999608190414,0.385923766958402,0.4239487805985839,0.34684206290774133
AWS,LC09_L2SP_116034_20250605_20250606_02_T1,2025-06-05,116,24.76059866000001,24.89432462342859,25.207580143711358,25.781497611241967,0.6448864977850112,0.7393279912341397,0.7897079316976561,0.7867234242973757
AWS,LC09_L2SP_116034_20250605_20250606_02_T1,2025-06-05,423,35.23227260000001,34.726698613142865,33.47973384165941,32.27158286763896,0.36785016562186307,0.35679643634960595,0.38239640017528564,0.4065629770600996
AWS,LC09_L2SP_116034_20250605_20250606_02_T1,2025-06-05,503,34.10546534000002,33.0591931417143,29.848088472164967,29.650756546030944,0.3431360314156442,0.40811069202211836,0.5676599259078655,0.5940595786520929
AWS,LC09_L2SP_116034_20250605_20250606_02_T1,2025-06-05,555,,,27.583029495850163,26.782367814509616,,,0.6639576566886075,0.7243064276092991
AWS,LC09_L2SP_116034_20250605_20250606_02_T1,2025-06-05,414,36.60745598000002,36.23560795657145,35.79024380989693,33.29590604721445,0.3241082516785292,0.38899523515658346,0.45713531147133873,0.5598728868650612
AWS,LC09_L2SP_116034_20250605_20250606_02_T1,2025-06-05,409,40.359302600000014,40.08927902000003,38.91103310391754,38.06139097184868,0.20156644331209772,0.1898986826509769,0.20997516380238296,0.24159403251272937
AWS,LC09_L2SP_116034_20250605_20250606_02_T1,2025-06-05,509,28.483961780000016,28.780515705714304,29.445783910748105,28.501710462871852,0.618484999668044,0.6908218770166934,0.6439775038915387,0.6844178996052676
AWS,LC09_L2SP_116034_20250605_20250606_02_T1,2025-06-05,541,35.081879719999996,34.92533440400002,35.62444752018671,36.24998499955902,0.5077030175730685,0.4442211532538849,0.4597809717809384,0.4368930446050356
AWS,LC09_L2SP_116034_20250605_20250606_02_T1,2025-06-05,543,,,28.30222498640002,27.421235753769448,,,0.4875286309283152,0.5179774222870648
AWS,LC09_L2SP_116034_20250605_20250606_02_T1,2025-06-05,400,37.38562519999999,37.230544749714305,35.985172044551746,36.769579551703984,0.5401577367191598,0.44786391209636134,0.4821863889915826,0.4202545363011945
AWS,LC09_L2SP_116034_20250605_20250606_02_T1,2025-06-05,421,34.90300334,35.05619574114287,34.53006897732854,35.41655117411276,0.33787776026809174,0.45456440693430195,0.42411672724052724,0.3898615852662175
AWS,LC09_L2SP_116034_20250605_20250606_02_T1,2025-06-05,496,35.10580586000001,35.16664661600003,32.70396751278352,32.70670799208172,0.5266067466301413,0.4874732980785018,0.5285618776001376,0.5639485971285351
AWS,LC09_L2SP_116034_20250605_20250606_02_T1,2025-06-05,889,35.294936299999996,35.65493518742858,34.002533748782305,33.68603975076489,0.41482656316969235,0.48635239645356315,0.5611561790863441,0.5175581437366878
AWS,LC09_L2SP_116034_20250605_20250606_02_T1,2025-06-05,402,38.81207888000002,38.296283385714304,35.80838711422682,36.17943500446609,0.3231460350660523,0.329657894765258,0.4204576421277855,0.4071455921396377
AWS,LC09_L2SP_116034_20250605_20250606_02_T1,2025-06-05,532,34.35725948000002,34.02561388228574,32.777296374845385,32.91215037144004,0.43616563612559006,0.5488827998013269,0.5837030105699825,0.5926483084552115
AWS,LC09_L2SP_116034_20250605_20250606_02_T1,2025-06-05,407,39.76114910000001,39.21338698057144,37.04390150515465,36.091400195614106,0.33889565854486564,0.4530615835091102,0.45470116525063997,0.46915393934701705
AWS,LC09_L2SP_116034_20250605_20250606_02_T1,2025-06-05,548,33.63377858000003,33.811645830285734,33.264311368866,32.87254811337534,0.7358363909992001,0.540206216839645,0.5729259630060851,0.5914635614852223
AWS,LC09_L2SP_116034_20250605_20250606_02_T1,2025-06-05,538,37.526903360000006,36.849191375428596,33.864770955670124,31.75397684965361,0.46363308396868746,0.4567993175770277,0.5340009024141329,0.6191967168495892
AWS,LC09_L2SP_116034_20250605_20250606_02_T1,2025-06-05,516,30.597437480000053,32.21793875157898,31.19952464956899,,0.39861404773835574,0.409072240460417,0.4335989689585161,
AWS,LC09_L2SP_116034_20250605_20250606_02_T1,2025-06-05,545,27.765038240000006,28.880614862857158,29.20271474702497,29.671320454482778,0.6992901632185853,0.5927124791386464,0.5655485396068289,0.5136906750170739
AWS,LC09_L2SP_116034_20250605_20250606_02_T1,2025-06-05,494,29.589121580000022,29.202006400571445,30.271997342061873,31.51550708383054,0.7019711046995719,0.7128725648195431,0.7274739640390562,0.6819850471167187
AWS,LC09_L2SP_116034_20250605_20250606_02_T1,2025-06-05,413,37.77414014000002,37.958094721142885,38.0060993423486,38.27411500913096,0.3827377937845291,0.29049338476074693,0.21103353553820878,0.23110856634364593
AWS,LC09_L2SP_116034_20250605_20250606_02_T1,2025-06-05,424,35.083019060000005,35.481299771428596,34.16500857958765,34.16422892881193,0.5594165669621292,0.5084079238031306,0.5247575590812944,0.5032086788520943
AWS,LC09_L2SP_116034_20250605_20250606_02_T1,2025-06-05,405,33.84341714000002,33.59074408057145,32.965826754344846,32.75689862933489,0.4687466619990981,0.43399265339562193,0.37901032103594195,0.36329447624490374
AWS,LC09_L2SP_116034_20250605_20250606_02_T1,2025-06-05,550,30.911895320000024,30.297432981714305,27.266293047899712,27.947373227175593,0.4915591636015371,0.4214453078506333,0.5720384963550472,0.504325983927532
AWS,LC09_L2SP_116034_20250605_20250606_02_T1,2025-06-05,692,34.49056226000001,34.160772158857164,30.07298087628868,29.513140355562573,0.5201201276866644,0.40305920599588674,0.6364398252522518,0.6284220917928853
AWS,LC09_L2SP_116034_20250605_20250606_02_T1,2025-06-05,558,35.31544442000003,35.229342868571436,33.09530535360827,30.138680220705094,0.5627618127521264,0.447825118223804,0.5944033437942017,0.6787493916832575
AWS,LC09_L2SP_116034_20250605_20250606_02_T1,2025-06-05,602,34.55892266000001,34.04328992857144,32.69756606639177,33.16631974014889,0.2480761772897376,0.25575060603818406,0.3473859842296176,0.3561219335382315
AWS,LC09_L2SP_116034_20250605_20250606_02_T1,2025-06-05,611,38.74485782000003,38.441500406857166,37.19144799278352,36.49642431247068,0.6265834060532753,0.5747403890637992,0.4701290396143787,0.4245496482592383
AWS,LC09_L2SP_116034_20250605_20250606_02_T1,2025-06-05,540,32.16516932000002,32.03486137657145,32.20640089917528,31.753184236942474,0.6363883682112389,0.6460538538513271,0.5930470525202598,0.6205749206707682
AWS,LC09_L2SP_116034_20250605_20250606_02_T1,2025-06-05,546,34.81641350000001,34.18801866114288,31.509746058321696,30.505209994262756,0.44500840790578716,0.5255038581239532,0.6589346592725108,0.6840590715365403
AWS,LC09_L2SP_116034_20250605_20250606_02_T1,2025-06-05,600,,,,30.340944487288976,,,,0.598794930992185
AWS,LC09_L2SP_116034_20250605_20250606_02_T1,2025-06-05,411,32.714331200000025,33.059583772571436,36.32134852123713,37.25926632031252,0.6324208257129192,0.6621978157701592,0.35298222981386757,0.27409434708494046
AWS,LC09_L2SP_116034_20250605_20250606_02_T1,2025-06-05,552,31.185336920000015,31.204380174285735,28.09718912969074,27.16467488357288,0.4725619408005295,0.4564254192602195,0.6904139089074459,0.7261282144468238
AWS,LC09_L2SP_116034_20250605_20250606_02_T1,2025-06-05,519,31.925907920000025,32.138866842285736,30.858295441649506,29.144930652802767,0.6070757177543468,0.6348804019538524,0.6181265862474133,0.6699377341753687
AWS,LC09_L2SP_116034_20250605_20250606_02_T1,2025-06-05,652,36.771520940000016,36.93630205657144,34.181658702500016,32.263540170515476,0.5216320376232045,0.4036702373968747,0.5432452246089787,0.6328981168640855
AWS,LC09_L2SP_116034_20250605_20250606_02_T1,2025-06-05,695,,,20.15370705503724,20.60796590788292,,,0.8882735853356302,0.8868980347801372
AWS,LC09_L2SP_116034_20250605_20250606_02_T1,2025-06-05,681,35.72560682000002,35.49712032114287,34.075975618762904,30.4464183381048,0.4531465718287904,0.4831687375881276,0.5146621082711803,0.6570470832400492
AWS,LC09_L2SP_116034_20250605_20250606_02_T1,2025-06-05,415,39.48998618000002,38.40312092514288,36.55756686763192,36.92259296901,0.4475396248935488,0.35973785525863516,0.41286827872065424,0.416710688676301
AWS,LC09_L2SP_116034_20250605_20250606_02_T1,2025-06-05,417,38.55003068000002,38.23143866342858,37.35821056536084,35.97912024460924,0.27793922392068876,0.22806489542586836,0.24086067716003923,0.3136033053615246
AWS,LC09_L2SP_116034_20250605_20250606_02_T1,2025-06-05,510,36.543652940000015,36.44244699542859,35.01070424969074,35.34393406491753,0.285256030544708,0.2448412466008458,0.31159256037330174,0.3081671441056121
AWS,LC09_L2SP_116034_20250605_20250606_02_T1,2025-06-05,970,30.532495100000023,30.153583168571444,31.079425283092807,31.701038406716393,0.31927884625447045,0.2844940992089273,0.28097590028947295,0.29819855652746574
AWS,LC09_L2SP_116034_20250605_20250606_02_T1,2025-06-05,533,36.17450678,36.26383103600002,35.687299938350534,34.638146746813646,0.6064389040791681,0.5082273021550443,0.445897248287196,0.48987749866975794
AWS,LC09_L2SP_116034_20250605_20250606_02_T1,2025-06-05,586,,,26.750836259088487,26.17824100239537,,,0.7533567855969334,0.7866296908075826
AWS,LC09_L2SP_116034_20250605_20250606_02_T1,2025-06-05,403,38.16379442000002,38.71650453028573,37.76680686226806,36.834978844302945,0.41000700354929115,0.4192386053540999,0.3671583411880265,0.3846216615340917
AWS,LC09_L2SP_116034_20250605_20250606_02_T1,2025-06-05,627,29.24618024000002,28.720651526857164,29.658095367296358,29.887674740485355,0.2674156460733541,0.2935568799138984,0.3137172461624695,0.3289112027065521
AWS,LC09_L2SP_116034_20250605_20250606_02_T1,2025-06-05,427,36.01955654000002,36.010409267428585,34.92413790123713,33.23544076125864,0.395866651819992,0.3207093407162228,0.3093417532398123,0.306771823909646
