도엽,zip,w,s,e,n
34702100,토지피복지도/SG05_34702100_20251113.zip,127.47500002547274,34.74999993309966,127.50000000507393,34.77499990539065
34703002,토지피복지도/SG05_34703002_20251113.zip,127.52499996199357,34.97499992155837,127.55000004243998,35.00000056938446
34703003,토지피복지도/SG05_34703003_20251113.zip,127.55000000426752,34.974999880897926,127.57499998222389,35.000000515256666
34703004,토지피복지도/SG05_34703004_20251113.zip,127.5749999643111,34.974999880897926,127.60000002970348,35.000000524658276
34703005,토지피복지도/SG05_34703005_20251113.zip,127.5999999775377,34.97499989117017,127.62500005130319,35.00000054939192
34703006,토지피복지도/SG05_34703006_20251113.zip,127.62500002871074,34.974999882479935,127.65000000517956,35.00000054707716
34703007,토지피복지도/SG05_34703007_20251113.zip,127.64999996928086,34.974999882479935,127.67500003946205,35.00000053695387
34703008,토지피복지도/SG05_34703008_20251113.zip,127.67499996425171,34.97499992409606,127.7000000293271,35.000000554245226
34703009,토지피복지도/SG05_34703009_20251113.zip,127.70000000715375,34.97499988487276,127.72500002780987,35.00000056854846
34703010,토지피복지도/SG05_34703010_20251113.zip,127.72499997179682,34.97499988487276,127.74999998972461,35.00000056209048
34703012,토지피복지도/SG05_34703012_20251113.zip,127.52499996427593,34.949999874047826,127.55000004243998,34.97500057407202
34703013,토지피복지도/SG05_34703013_20251113.zip,127.54999996366193,34.949999874047826,127.57499997497901,34.97500055913421
34703014,토지피복지도/SG05_34703014_20251113.zip,127.57499995458845,34.949999889597706,127.60000003999706,34.97500052946517
34703015,토지피복지도/SG05_34703015_20251113.zip,127.5999999776647,34.949999889597706,127.62500005130319,34.97500053461805
34703016,토지피복지도/SG05_34703016_20251113.zip,127.62499996543343,34.94999987446381,127.649999974211,34.97500053054698
34703017,토지피복지도/SG05_34703017_20251113.zip,127.64999994906512,34.94999987446381,127.67500001743475,34.9750005617747
34703018,토지피복지도/SG05_34703018_20251113.zip,127.67499996259377,34.949999897764314,127.70000003370927,34.97500058145732
34703019,토지피복지도/SG05_34703019_20251113.zip,127.70000000785676,34.94999991476794,127.72500002732778,34.97500054805069
34703020,토지피복지도/SG05_34703020_20251113.zip,127.72499999478093,34.94999992097073,127.75000003280189,34.97500054895677
34703023,토지피복지도/SG05_34703023_20251113.zip,127.54999995978393,34.9249998758796,127.57499996642994,34.95000054611568
34703024,토지피복지도/SG05_34703024_20251113.zip,127.57499994724851,34.924999876716065,127.60000003999706,34.95000055278086
34703025,토지피복지도/SG05_34703025_20251113.zip,127.59999999669856,34.92499986797797,127.62499999735344,34.95000054374064
34703026,토지피복지도/SG05_34703026_20251113.zip,127.62499996074094,34.92499986797797,127.6499999613512,34.950000544731424
34703027,토지피복지도/SG05_34703027_20251113.zip,127.64999994084741,34.92499992060951,127.67500001743475,34.950000528509435
34703028,토지피복지도/SG05_34703028_20251113.zip,127.67499997708352,34.92499989272333,127.70000003370927,34.95000054779434
34703029,토지피복지도/SG05_34703029_20251113.zip,127.6999999607304,34.92499989272333,127.72500000445005,34.95000055698129
34703030,토지피복지도/SG05_34703030_20251113.zip,127.72499998516844,34.92499990528097,127.750000031981,34.95000056326573
34703034,토지피복지도/SG05_34703034_20251113.zip,127.57499993968064,34.89999990557935,127.59999999775555,34.92500052090597
34703035,토지피복지도/SG05_34703035_20251113.zip,127.59999996000349,34.89999988344479,127.62500003997634,34.92500051539563
34703036,토지피복지도/SG05_34703036_20251113.zip,127.62499999339549,34.89999988344479,127.64999996971372,34.925000549038025
34703037,토지피복지도/SG05_34703037_20251113.zip,127.64999994580263,34.899999911685114,127.67499998195804,34.92500057497223
34703038,토지피복지도/SG05_34703038_20251113.zip,127.67499995481376,34.89999993286233,127.7000000230567,34.9250005507713
34703039,토지피복지도/SG05_34703039_20251113.zip,127.69999996032305,34.8999998712667,127.7250000353438,34.925000493469085
34703040,토지피복지도/SG05_34703040_20251113.zip,127.72500000071808,34.8999998712667,127.75000000028345,34.92500056802544
34703042,토지피복지도/SG05_34703042_20251113.zip,127.52499997072796,34.87499993116865,127.55000003069722,34.900000573780424
34703043,토지피복지도/SG05_34703043_20251113.zip,127.55000000646696,34.874999919586145,127.57500005356592,34.90000057265428
34703044,토지피복지도/SG05_34703044_20251113.zip,127.57499995120169,34.874999905129634,127.60000003820586,34.9000005666207
34703045,토지피복지도/SG05_34703045_20251113.zip,127.59999996112886,34.874999887760836,127.62500003997634,34.90000048480828
34703046,토지피복지도/SG05_34703046_20251113.zip,127.62499998293306,34.874999866855006,127.64999999545336,34.9000005364853
34703047,토지피복지도/SG05_34703047_20251113.zip,127.64999996415366,34.874999866855006,127.67499996546813,34.90000052102187
34703048,토지피복지도/SG05_34703048_20251113.zip,127.6749999545159,34.8749999053873,127.7000000230567,34.899999949552154
34703049,토지피복지도/SG05_34703049_20251113.zip,127.69999999167351,34.87499987506966,127.7250000353438,34.900000344780466
34703050,토지피복지도/SG05_34703050_20251113.zip,127.7249999844955,34.87499987545317,127.75000003557727,34.90000051816137
34703052,토지피복지도/SG05_34703052_20251113.zip,127.52499996700246,34.84999986923086,127.5500000466606,34.87500055901026
34703053,토지피복지도/SG05_34703053_20251113.zip,127.55000002366168,34.84999989634936,127.57500005413169,34.87500056813133
34703054,토지피복지도/SG05_34703054_20251113.zip,127.57500003570924,34.849999922291815,127.60000003820586,34.87500055468819
34703055,토지피복지도/SG05_34703055_20251113.zip,127.60000000774501,34.84999987983448,127.6250000450244,34.87500053786111
34703056,토지피복지도/SG05_34703056_20251113.zip,127.62499998293306,34.84999987983448,127.65000003751426,34.875000424645116
34703057,토지피복지도/SG05_34703057_20251113.zip,127.64999999545336,34.849999901447006,127.67499998669953,34.87499993304426
34703058,토지피복지도/SG05_34703058_20251113.zip,127.67499995975415,34.849999921692344,127.70000000106315,34.87499995471916
34703059,토지피복지도/SG05_34703059_20251113.zip,127.69999998410839,34.849999866470036,127.72499998753311,34.875000533097456
34703060,토지피복지도/SG05_34703060_20251113.zip,127.72499995787123,34.849999866470036,127.75000003557727,34.87500054428493
34703062,토지피복지도/SG05_34703062_20251113.zip,127.52500000057536,34.824999876789484,127.55000005286878,34.850000525161924
34703063,토지피복지도/SG05_34703063_20251113.zip,127.55000003448923,34.824999913212096,127.57500004710484,34.850000551807874
34703064,토지피복지도/SG05_34703064_20251113.zip,127.57500002965335,34.82499988708144,127.60000001203417,34.85000057683075
34703065,토지피복지도/SG05_34703065_20251113.zip,127.59999998376942,34.82499988708144,127.6250000450244,34.850000553286485
34703066,토지피복지도/SG05_34703066_20251113.zip,127.62500000538246,34.82499992504885,127.65000003751426,34.85000050975697
34703067,토지피복지도/SG05_34703067_20251113.zip,127.64999998366319,34.82499989883994,127.67500002795545,34.85000030125048
34703068,토지피복지도/SG05_34703068_20251113.zip,127.67499998456901,34.82499987285028,127.70000002458774,34.85000056911672
34703069,토지피복지도/SG05_34703069_20251113.zip,127.69999999390605,34.82499987285028,127.72499997596282,34.850000546084715
34703070,토지피복지도/SG05_34703070_20251113.zip,127.72499995191126,34.82499991080698,127.74999999482246,34.850000515739886
34703071,토지피복지도/SG05_34703071_20251113.zip,127.49999996870791,34.79999986580434,127.5250000433258,34.82500052685642
34703072,토지피복지도/SG05_34703072_20251113.zip,127.52500002175233,34.799999872455174,127.55000005275895,34.82500052192467
34703073,토지피복지도/SG05_34703073_20251113.zip,127.5499999475023,34.79999988156256,127.57500004023021,34.82500056171129
34703074,토지피복지도/SG05_34703074_20251113.zip,127.57500002235226,34.799999892380356,127.59999998928822,34.82500054244861
34703075,토지피복지도/SG05_34703075_20251113.zip,127.59999996590697,34.79999990558293,127.62500000824942,34.825000561699824
34703076,토지피복지도/SG05_34703076_20251113.zip,127.6249999755196,34.7999999203338,127.64999998480464,34.82500057718127
34703077,토지피복지도/SG05_34703077_20251113.zip,127.6499999443347,34.79999986512645,127.67500002724195,34.825000554499965
34703078,토지피복지도/SG05_34703078_20251113.zip,127.6749999770439,34.79999986512645,127.70000002458774,34.825000528146795
34703079,토지피복지도/SG05_34703079_20251113.zip,127.6999999642217,34.79999988517407,127.72500001390571,34.825000512294565
34703080,토지피복지도/SG05_34703080_20251113.zip,127.72499997224526,34.79999990642074,127.75000001426521,34.8250005659589
34703082,토지피복지도/SG05_34703082_20251113.zip,127.52500004275412,34.774999901682015,127.54999994831157,34.7999999511904
34703083,토지피복지도/SG05_34703083_20251113.zip,127.5499999430486,34.774999901682015,127.57500003399927,34.80000052908486
34703084,토지피복지도/SG05_34703084_20251113.zip,127.57500001600079,34.77499991243428,127.59999997344866,34.800000540783216
34703085,토지피복지도/SG05_34703085_20251113.zip,127.59999994776771,34.77499987812845,127.62499998064251,34.800000543043595
34703086,토지피복지도/SG05_34703086_20251113.zip,127.62499995587272,34.77499987812845,127.65000003287047,34.800000570574326
34703087,토지피복지도/SG05_34703087_20251113.zip,127.64999994631498,34.77499991011392,127.67499997784553,34.80000054396114
34703088,토지피복지도/SG05_34703088_20251113.zip,127.67499994341864,34.77499988551159,127.70000003788633,34.80000051512081
34703089,토지피복지도/SG05_34703089_20251113.zip,127.69999996422132,34.77499986504347,127.725000013645,34.80000053813908
34703090,토지피복지도/SG05_34703090_20251113.zip,127.72499996861222,34.77499986504347,127.75000001426521,34.8000005590773
34703091,토지피복지도/SG05_34703091_20251113.zip,127.49999999189804,34.74999991841144,127.52500004890061,34.775000566757726
34703093,토지피복지도/SG05_34703093_20251113.zip,127.54999994771347,34.74999990573198,127.57500002904798,34.775000563269586
34703094,토지피복지도/SG05_34703094_20251113.zip,127.57500001145615,34.74999990573198,127.59999996147063,34.77500057257061
34703095,토지피복지도/SG05_34703095_20251113.zip,127.59999994341895,34.74999990766898,127.62499996291143,34.77500053729151
34703096,토지피복지도/SG05_34703096_20251113.zip,127.62499994448069,34.749999914512806,127.65000003251536,34.77500054964633
34703097,토지피복지도/SG05_34703097_20251113.zip,127.65000001142192,34.749999926156285,127.67500004851203,34.77500056550708
34703098,토지피복지도/SG05_34703098_20251113.zip,127.67499994860098,34.749999875152966,127.70000003788633,34.775000537661704
34703099,토지피복지도/SG05_34703099_20251113.zip,127.70000001360359,34.749999875152966,127.72499997219306,34.77500051676845
34703100,토지피복지도/SG05_34703100_20251113.zip,127.72499994510802,34.74999990255394,127.74999996551253,34.775000543917365
34704001,토지피복지도/SG05_34704001_20251113.zip,127.7499999648492,34.974999956411736,127.77500004558948,35.00000064425035
34704002,토지피복지도/SG05_34704002_20251113.zip,127.7750000044321,34.974999956411736,127.79999998023426,35.00000061824831
34704011,토지피복지도/SG05_34704011_20251113.zip,127.74999998520873,34.949999911813194,127.77500001396211,34.97500062084684
34704021,토지피복지도/SG05_34704021_20251113.zip,127.74999999383725,34.92499990528097,127.77500001396211,34.95000055869229
34704022,토지피복지도/SG05_34704022_20251113.zip,127.77499994503377,34.92499989068642,127.8000000528628,34.95000063595266
34704031,토지피복지도/SG05_34704031_20251113.zip,127.7499999826868,34.89999987822509,127.77500002484918,34.92500056906045
34704032,토지피복지도/SG05_34704032_20251113.zip,127.77499994541822,34.89999987583263,127.7999999990715,34.925000551132484
34704041,토지피복지도/SG05_34704041_20251113.zip,127.7499999962493,34.87499989193463,127.77500003402982,34.90000052064599
34704042,토지피복지도/SG05_34704042_20251113.zip,127.77500001099872,34.87499989193463,127.7999999990715,34.90000051811607
34704051,토지피복지도/SG05_34704051_20251113.zip,127.74999998849893,34.84999988095488,127.77500003402982,34.875000540399775
34704052,토지피복지도/SG05_34704052_20251113.zip,127.7749999713264,34.849999893799904,127.8000000089458,34.875000001378964
34704061,토지피복지도/SG05_34704061_20251113.zip,127.7499999723252,34.824999884480135,127.7749999722209,34.85000052272768
34704062,토지피복지도/SG05_34704062_20251113.zip,127.77499994210378,34.824999884480135,127.8000000089458,34.85000001937544
34704071,토지피복지도/SG05_34704071_20251113.zip,127.74999998020886,34.79999992942601,127.77499996471357,34.82500053974756
34704072,토지피복지도/SG05_34704072_20251113.zip,127.77499994883138,34.799999889667426,127.79999997259449,34.82499994795648
34704081,토지피복지도/SG05_34704081_20251113.zip,127.74999996355771,34.77499992255255,127.77500001818834,34.80000058123467
34704091,토지피복지도/SG05_34704091_20251113.zip,127.74999993932997,34.74999988057376,127.77500001818834,34.77500056985315
34706009,토지피복지도/SG05_34706009_20251113.zip,127.45000001147464,34.724999930457,127.4750000355023,34.74999995297268
34707001,토지피복지도/SG05_34707001_20251113.zip,127.49999998598943,34.724999878631216,127.52500004530573,34.750000564904646
34707003,토지피복지도/SG05_34707003_20251113.zip,127.55000004413728,34.72499990569533,127.5750000231961,34.74999990930056
34707004,토지피복지도/SG05_34707004_20251113.zip,127.57500000782079,34.72499989132062,127.59999995503034,34.750000548382225
34707005,토지피복지도/SG05_34707005_20251113.zip,127.59999993944508,34.72499989132062,127.62499995928091,34.750000550808664
34707006,토지피복지도/SG05_34707006_20251113.zip,127.62499994204958,34.72499990379338,127.65000003030532,34.75000056162491
34707007,토지피복지도/SG05_34707007_20251113.zip,127.65000001115231,34.72499987578561,127.6750000479978,34.750000575029716
34707008,토지피복지도/SG05_34707008_20251113.zip,127.6749999477101,34.72499987578561,127.7000000397063,34.75000055104394
34707009,토지피복지도/SG05_34707009_20251113.zip,127.70000001542343,34.72499992885162,127.72499997417835,34.7500005276576
34707010,토지피복지도/SG05_34707010_20251113.zip,127.72499994665338,34.724999920236144,127.74999996924574,34.75000055993087
34707012,토지피복지도/SG05_34707012_20251113.zip,127.52500000893212,34.69999989040642,127.55000004413728,34.724999910967256
34707013,토지피복지도/SG05_34707013_20251113.zip,127.55000002453994,34.69999987247898,127.5750000186866,34.72500055849021
34707014,토지피복지도/SG05_34707014_20251113.zip,127.57500000244545,34.69999987247898,127.59999995860562,34.72500055721911
34707015,토지피복지도/SG05_34707015_20251113.zip,127.59999994204964,34.699999952777375,127.62499997174416,34.72500055093659
34707016,토지피복지도/SG05_34707016_20251113.zip,127.6249999498212,34.699999870023206,127.65000005020404,34.72500056301537
34707018,토지피복지도/SG05_34707018_20251113.zip,127.6749999477101,34.69999988667293,127.70000004055916,34.72500015086886
34707019,토지피복지도/SG05_34707019_20251113.zip,127.69999996708754,34.69999991135929,127.72500001927098,34.72500057748599
34707020,토지피복지도/SG05_34707020_20251113.zip,127.72499997137763,34.69999989492885,127.75000002175476,34.725000558322016
34707023,토지피복지도/SG05_34707023_20251113.zip,127.55000000916107,34.67499988352927,127.57500001398218,34.70000051079122
34707024,토지피복지도/SG05_34707024_20251113.zip,127.57499999783224,34.67499988352927,127.59999996788316,34.70000055253853
34707025,토지피복지도/SG05_34707025_20251113.zip,127.59999994789366,34.67499991414765,127.62499999397593,34.70000059422433
34707026,토지피복지도/SG05_34707026_20251113.zip,127.62499996576199,34.6749999155986,127.65000005020404,34.70000041339956
34707028,토지피복지도/SG05_34707028_20251113.zip,127.67499991755277,34.674999867228664,127.70000002889735,34.69999991135929
34707029,토지피복지도/SG05_34707029_20251113.zip,127.69999996708754,34.674999867228664,127.72500001927098,34.69999994397024
34707030,토지피복지도/SG05_34707030_20251113.zip,127.72499998427546,34.67499994859251,127.75000002175476,34.700000560381305
34707031,토지피복지도/SG05_34707031_20251113.zip,127.4999999632223,34.64999986874618,127.52500005019526,34.675002512555295
34707032,토지피복지도/SG05_34707032_20251113.zip,127.52499998085612,34.64999986874618,127.55000001458549,34.67500251227993
34707033,토지피복지도/SG05_34707033_20251113.zip,127.54999998888377,34.649999883029956,127.57500001036227,34.67500055557507
34707034,토지피복지도/SG05_34707034_20251113.zip,127.57499999503032,34.649999883029956,127.59999998325026,34.675000536526106
34707035,토지피복지도/SG05_34707035_20251113.zip,127.5999999596297,34.649999945261136,127.62500002668915,34.67500057514503
34707036,토지피복지도/SG05_34707036_20251113.zip,127.62499999134232,34.649999945261136,127.65000002798575,34.67500041611245
34707039,토지피복지도/SG05_34707039_20251113.zip,127.70000000515051,34.64999990267126,127.72499998427546,34.67499994859251
34707040,토지피복지도/SG05_34707040_20251113.zip,127.72499996661234,34.64999990262833,127.75000001078436,34.67500022828169
34707041,토지피복지도/SG05_34707041_20251113.zip,127.4999999632223,34.62499987231699,127.52500005019526,34.650000448093984
34707042,토지피복지도/SG05_34707042_20251113.zip,127.52500000182414,34.62499987231699,127.54999999309851,34.64999991505204
34707043,토지피복지도/SG05_34707043_20251113.zip,127.54999996463219,34.624999871014964,127.57500000796374,34.650000420552
34707044,토지피복지도/SG05_34707044_20251113.zip,127.57499999228719,34.624999871014964,127.60000000286306,34.65000055645341
34707045,토지피복지도/SG05_34707045_20251113.zip,127.59999997900205,34.624999891048816,127.62500002668915,34.65000059020047
34707046,토지피복지도/SG05_34707046_20251113.zip,127.62499996039163,34.62499988204498,127.65000002798575,34.65000058733031
34707047,토지피복지도/SG05_34707047_20251113.zip,127.64999998371202,34.62499988204498,127.67499998562326,34.649999949252845
34707049,토지피복지도/SG05_34707049_20251113.zip,127.69999999275592,34.62499992453421,127.72500000158851,34.65000033117485
34707050,토지피복지도/SG05_34707050_20251113.zip,127.72499997073947,34.62499992453421,127.75000001078436,34.6500005603507
34707051,토지피복지도/SG05_34707051_20251113.zip,127.500000000394,34.59999994061708,127.52500005413783,34.62500050638461
34707052,토지피복지도/SG05_34707052_20251113.zip,127.52500000185027,34.59999989287897,127.5500000470766,34.625000553314884
34707053,토지피복지도/SG05_34707053_20251113.zip,127.54999996797729,34.59999989287897,127.57500000463064,34.624999955055
34707054,토지피복지도/SG05_34707054_20251113.zip,127.57500000320341,34.59999990743167,127.60000002862176,34.624999891048816
34707055,토지피복지도/SG05_34707055_20251113.zip,127.60000000286306,34.599999892793306,127.62500001322498,34.62500003313053
34707056,토지피복지도/SG05_34707056_20251113.zip,127.62499996039163,34.599999892793306,127.64999998386632,34.625000539567516
34707057,토지피복지도/SG05_34707057_20251113.zip,127.64999995102727,34.599999893703014,127.67499996393569,34.62500006948224
34707059,토지피복지도/SG05_34707059_20251113.zip,127.70000000651854,34.59999989656925,127.72500000158851,34.62500056043304
34707060,토지피복지도/SG05_34707060_20251113.zip,127.72499994491905,34.59999986700417,127.75000002626692,34.62500056897532
34707062,토지피복지도/SG05_34707062_20251113.zip,127.52499998790606,34.57499990982094,127.5500000471477,34.6000005328908
34707063,토지피복지도/SG05_34707063_20251113.zip,127.55000001181969,34.57499990271393,127.57500000320341,34.60000004625272
34707064,토지피복지도/SG05_34707064_20251113.zip,127.57499999650302,34.57499990271393,127.60000002873802,34.600000226824775
34707065,토지피복지도/SG05_34707065_20251113.zip,127.59999995073784,34.574999912970995,127.62500001322498,34.600000320368586
34707066,토지피복지도/SG05_34707066_20251113.zip,127.62499996783917,34.57499989354292,127.65000005064934,34.600000332622656
34707067,토지피복지도/SG05_34707067_20251113.zip,127.64999995532251,34.57499989354292,127.67499998089967,34.60000051356056
34707068,토지피복지도/SG05_34707068_20251113.zip,127.67499995692216,34.57499994282478,127.7000000322601,34.599999940122785
34707069,토지피복지도/SG05_34707069_20251113.zip,127.69999997341789,34.57499994282478,127.72500002721088,34.599999940122785
34707070,토지피복지도/SG05_34707070_20251113.zip,127.72499994491905,34.5749998781822,127.75000003080089,34.60000051436309
34707076,토지피복지도/SG05_34707076_20251113.zip,127.62499996783917,34.549999882759906,127.65000005258658,34.575000541462046
34707077,토지피복지도/SG05_34707077_20251113.zip,127.65000003577254,34.549999882759906,127.67500001850189,34.575000564019824
34707078,토지피복지도/SG05_34707078_20251113.zip,127.67499997749587,34.549999899189764,127.7000000479907,34.57500058645775
34707079,토지피복지도/SG05_34707079_20251113.zip,127.69999997341789,34.54999989713131,127.72500002893172,34.57500058490865
34707080,토지피복지도/SG05_34707080_20251113.zip,127.72500001104561,34.549999879132805,127.75000003080089,34.57500054437652
34707086,토지피복지도/SG05_34707086_20251113.zip,127.62500001550264,34.524999909912076,127.65000005188561,34.55000030192033
34707088,토지피복지도/SG05_34707088_20251113.zip,127.67499996724285,34.5249999144755,127.7000000479907,34.54999993384776
34707089,토지피복지도/SG05_34707089_20251113.zip,127.70000002601309,34.5249999144755,127.72500002893172,34.54999993384776
34707090,토지피복지도/SG05_34707090_20251113.zip,127.72499995175792,34.5249998685514,127.75000003343088,34.55000052342101
34707099,토지피복지도/SG05_34707099_20251113.zip,127.700000038079,34.49999988411732,127.72500001277122,34.525000553577826
34707100,토지피복지도/SG05_34707100_20251113.zip,127.72499995175792,34.499999937948346,127.7500000333393,34.52500053787417
34708001,토지피복지도/SG05_34708001_20251113.zip,127.74999994061555,34.72499991767731,127.77500002298655,34.750000546873885
34708011,토지피복지도/SG05_34708011_20251113.zip,127.74999996715805,34.69999989492885,127.77500002298655,34.72500056041587
34708012,토지피복지도/SG05_34708012_20251113.zip,127.77499997246056,34.699999911520806,127.8000000256432,34.72499992176795
34708021,토지피복지도/SG05_34708021_20251113.zip,127.74999999632072,34.674999870118604,127.77499997445729,34.70000056075313
34708022,토지피복지도/SG05_34708022_20251113.zip,127.77499994962481,34.674999870118604,127.79999998516936,34.70000057075832
34708031,토지피복지도/SG05_34708031_20251113.zip,127.74999998586266,34.64999987496361,127.77499999237313,34.6750005508378
34708032,토지피복지도/SG05_34708032_20251113.zip,127.77499995660753,34.64999987496361,127.80000003139303,34.67500042876689
34708033,토지피복지도/SG05_34708033_20251113.zip,127.79999998327706,34.64999994352053,127.82500001538183,34.674999920580255
34708041,토지피복지도/SG05_34708041_20251113.zip,127.74999994671275,34.624999869584826,127.77499999237313,34.65000052952548
34708042,토지피복지도/SG05_34708042_20251113.zip,127.77499994701701,34.624999869584826,127.80000003139303,34.65000055299121
34708043,토지피복지도/SG05_34708043_20251113.zip,127.80000000280789,34.624999866309366,127.82500001637435,34.649999948477834
34708051,토지피복지도/SG05_34708051_20251113.zip,127.74999994745741,34.59999986700417,127.7749999506369,34.625000543298256
34708052,토지피복지도/SG05_34708052_20251113.zip,127.77499993057602,34.599999943458634,127.80000003508769,34.62500052831166
34708053,토지피복지도/SG05_34708053_20251113.zip,127.80000001108598,34.5999998692556,127.82500001637435,34.624999906337834
34708061,토지피복지도/SG05_34708061_20251113.zip,127.75000001155861,34.5749998781822,127.77499998492355,34.60000054604789
34708062,토지피복지도/SG05_34708062_20251113.zip,127.77499994350265,34.57499988054205,127.80000003508769,34.60000058326393
34708063,토지피복지도/SG05_34708063_20251113.zip,127.79999999247602,34.57499988054205,127.82499995745057,34.60000027151573
34708071,토지피복지도/SG05_34708071_20251113.zip,127.74999996026234,34.549999879112704,127.77499998408705,34.57500053681277
34708081,토지피복지도/SG05_34708081_20251113.zip,127.74999996035751,34.5249998685514,127.77499995455658,34.55000051125804
34708083,토지피복지도/SG05_34708083_20251113.zip,127.79999994138898,34.52499990266941,127.82499981857603,34.54975926991128
34708091,토지피복지도/SG05_34708091_20251113.zip,127.7500000143442,34.499999937948346,127.7749999983959,34.5250005347932
34708092,토지피복지도/SG05_34708092_20251113.zip,127.77499995185181,34.49999989843407,127.80000004022307,34.52499992123333
34708093,토지피복지도/SG05_34708093_20251113.zip,127.80000002040163,34.4999998661837,127.82499998755033,34.52503227598984
34709080,토지피복지도/SG05_34709080_20251113.zip,127.22500001572385,34.29999989486168,127.2499999742559,34.324999923465256
34710065,토지피복지도/SG05_34710065_20251113.zip,127.35000000485113,34.324999898831656,127.37500001282963,34.349999886383884
34710066,토지피복지도/SG05_34710066_20251113.zip,127.37499999436817,34.324999871419784,127.39999995949039,34.34999989658193
34710081,토지피복지도/SG05_34710081_20251113.zip,127.24999996190306,34.27499992562889,127.27500000573654,34.30000502107082
34710082,토지피복지도/SG05_34710082_20251113.zip,127.27499993475328,34.2749999262594,127.29999870830227,34.300005490483464
34710084,토지피복지도/SG05_34710084_20251113.zip,127.3249999625233,34.27499988899689,127.35000001584648,34.29999990000135
34710085,토지피복지도/SG05_34710085_20251113.zip,127.34999994548599,34.27499988899689,127.37500004515921,34.299999938993906
34710086,토지피복지도/SG05_34710086_20251113.zip,127.3749999932319,34.2749998761089,127.40000004747786,34.299999938993906
34710087,토지피복지도/SG05_34710087_20251113.zip,127.40000001447419,34.2749998761089,127.42500002227074,34.299999946830326
34710088,토지피복지도/SG05_34710088_20251113.zip,127.42500000786792,34.274999926910766,127.44999996701274,34.299999946830326
34710091,토지피복지도/SG05_34710091_20251113.zip,127.2499999720659,34.249999909033036,127.27500000573654,34.27500001229263
34710092,토지피복지도/SG05_34710092_20251113.zip,127.27499996677258,34.24999998760546,127.30000005104037,34.2750024896034
34710094,토지피복지도/SG05_34710094_20251113.zip,127.3249999625233,34.24999986647455,127.35000004432038,34.27500003977197
34710095,토지피복지도/SG05_34710095_20251113.zip,127.35000001569918,34.24999986647455,127.37500004512651,34.27500040352301
34710098,토지피복지도/SG05_34710098_20251113.zip,127.42500000907927,34.2499998965412,127.45000004855056,34.274999927366636
34710099,토지피복지도/SG05_34710099_20251113.zip,127.44999996701274,34.249999906844884,127.47499998872932,34.274999926910766
34711092,토지피복지도/SG05_34711092_20251113.zip,127.52499996928658,34.24999989661497,127.5499999802681,34.27499994603385
34712001,토지피복지도/SG05_34712001_20251113.zip,127.74999995398058,34.47499988382142,127.77499999873793,34.50000058401169
34712002,토지피복지도/SG05_34712002_20251113.zip,127.77499996637779,34.47499988356906,127.80000004418082,34.5000005645297
34712003,토지피복지도/SG05_34712003_20251113.zip,127.80000001126157,34.47499988356906,127.82499998755033,34.49999989843407
34712004,토지피복지도/SG05_34712004_20251113.zip,127.82499994727254,34.47499990767548,127.85000002333149,34.49999994517419
34712012,토지피복지도/SG05_34712012_20251113.zip,127.77499997134571,34.4499998944944,127.80000004418082,34.47500021157351
34712013,토지피복지도/SG05_34712013_20251113.zip,127.79999999960023,34.44999993865743,127.82499996732518,34.475000534386226
34712022,토지피복지도/SG05_34712022_20251113.zip,127.77499998400684,34.42499989452336,127.80000000586725,34.45000018715993
34712023,토지피복지도/SG05_34712023_20251113.zip,127.79999998526895,34.424999869026635,127.82500002893568,34.450000574925724
34712032,토지피복지도/SG05_34712032_20251113.zip,127.77500000909826,34.39999986781365,127.80000005180003,34.425000538017635
34712033,토지피복지도/SG05_34712033_20251113.zip,127.800000001994,34.39999986781365,127.82500003109755,34.42500048691763
34712037,토지피복지도/SG05_34712037_20251113.zip,127.89955685146849,34.39995876009944,127.92560209430592,34.424976856651895
34713010,토지피복지도/SG05_34713010_20251113.zip,127.22499996019305,34.224999880551884,127.24999999422765,34.24999993053166
34713019,토지피복지도/SG05_34713019_20251113.zip,127.19999997160994,34.199999918337056,127.22499999080489,34.22499993178463
34713020,토지피복지도/SG05_34713020_20251113.zip,127.22499995628056,34.199999918337056,127.24999999422765,34.225000518366706
34714001,토지피복지도/SG05_34714001_20251113.zip,127.2499999720659,34.224999880551884,127.27499998015227,34.25000049297668
34714002,토지피복지도/SG05_34714002_20251113.zip,127.2749999667359,34.224999918179634,127.29999862193976,34.25000010351389
34714008,토지피복지도/SG05_34714008_20251113.zip,127.42499996879414,34.22499991520584,127.45000004855056,34.24999995507219
34714009,토지피복지도/SG05_34714009_20251113.zip,127.44999999872267,34.22499991520584,127.47499999713176,34.25000006016729
34714011,토지피복지도/SG05_34714011_20251113.zip,127.24999995577615,34.19999989637815,127.27500004595429,34.22500053244085
34714025,토지피복지도/SG05_34714025_20251113.zip,127.349999648548,34.174109106472166,127.3749996075881,34.19984620785359
34714035,토지피복지도/SG05_34714035_20251113.zip,127.349999648548,34.14971912848545,127.3749995506512,34.17421555529224
34714072,토지피복지도/SG05_34714072_20251113.zip,127.27499996882557,34.04999988316951,127.29999998237788,34.07499990613448
34714073,토지피복지도/SG05_34714073_20251113.zip,127.29999995383432,34.049999925752225,127.32499997436229,34.07500042090975
34714074,토지피복지도/SG05_34714074_20251113.zip,127.32499996544439,34.049999903556625,127.35000005166633,34.07499992741001
34714076,토지피복지도/SG05_34714076_20251113.zip,127.3749999957509,34.049999918668604,127.40000002092702,34.0749999271076
34714082,토지피복지도/SG05_34714082_20251113.zip,127.27500002328519,34.02499987069267,127.29999998246089,34.05000053936268
34714083,토지피복지도/SG05_34714083_20251113.zip,127.29999995383432,34.02499987294747,127.32500002829447,34.05000056452187
34714084,토지피복지도/SG05_34714084_20251113.zip,127.32499997036537,34.024999867890195,127.35000005029593,34.050000030224275
34714085,토지피복지도/SG05_34714085_20251113.zip,127.34999996347929,34.024999867890195,127.37500004777408,34.049999928799934
34714092,토지피복지도/SG05_34714092_20251113.zip,127.27499996699709,33.9999999306249,127.29999998246089,34.02500046988007
34714093,토지피복지도/SG05_34714093_20251113.zip,127.29999995998236,33.9999998918822,127.32500003950581,34.02500053546993
34714094,토지피복지도/SG05_34714094_20251113.zip,127.32500002559087,33.9999998918822,127.35000005029593,34.02499987294747
34715002,토지피복지도/SG05_34715002_20251113.zip,127.52510499336753,34.22497721512343,127.54995987561723,34.249999909954845
34715043,토지피복지도/SG05_34715043_20251113.zip,127.54994908118455,34.12328157517861,127.57488833083383,34.14841069688494
34715051,토지피복지도/SG05_34715051_20251113.zip,127.50019979307119,34.10012245527653,127.52486656799125,34.12613830165366
34715074,토지피복지도/SG05_34715074_20251113.zip,127.57461291695398,34.04970559638298,127.6010114519837,34.07549944347789
34715075,토지피복지도/SG05_34715075_20251113.zip,127.600961153458,34.049645578418534,127.62618486220644,34.07537375305413
34715084,토지피복지도/SG05_34715084_20251113.zip,127.57454156274825,34.02406898364169,127.60106177812331,34.04976299779454
34715085,토지피복지도/SG05_34715085_20251113.zip,127.6010114519837,34.023939526505735,127.62624977460148,34.04970559638298
35715025,토지피복지도/SG05_35715025_20251113.zip,127.5999999572805,35.174999922247935,127.6249999961485,35.20000064178262
35715026,토지피복지도/SG05_35715026_20251113.zip,127.62499994797727,35.17499996371695,127.65000000478182,35.20000063290757
35715035,토지피복지도/SG05_35715035_20251113.zip,127.59999997927689,35.14999991729832,127.62500005226613,35.17500061589414
35715036,토지피복지도/SG05_35715036_20251113.zip,127.62499999613931,35.14999991729832,127.64999996861441,35.1750006185985
35715037,토지피복지도/SG05_35715037_20251113.zip,127.6499999404608,35.14999997775582,127.67500001889181,35.17500062331245
35715045,토지피복지도/SG05_35715045_20251113.zip,127.60000000340179,35.12499991868824,127.62500005157695,35.150000530683656
35715046,토지피복지도/SG05_35715046_20251113.zip,127.62500000635386,35.124999870271374,127.65000004887052,35.1500006371492
35715047,토지피복지도/SG05_35715047_20251113.zip,127.6499999466079,35.124999870271374,127.67500004802014,35.150000641722286
35715048,토지피복지도/SG05_35715048_20251113.zip,127.67500001389828,35.12500001382257,127.7000000473163,35.150000668958086
35715052,토지피복지도/SG05_35715052_20251113.zip,127.5249999963697,35.09999988451524,127.55000003593483,35.125000534027265
35715053,토지피복지도/SG05_35715053_20251113.zip,127.54999997605928,35.09999988451524,127.57500002469584,35.12500056844079
35715054,토지피복지도/SG05_35715054_20251113.zip,127.57500001183517,35.09999989931579,127.60000003524185,35.12499995862794
35715055,토지피복지도/SG05_35715055_20251113.zip,127.59999995858193,35.09999987963125,127.62500000737009,35.125000487105964
35715056,토지피복지도/SG05_35715056_20251113.zip,127.62499997192731,35.09999987963125,127.65000004887052,35.1250005548601
35715057,토지피복지도/SG05_35715057_20251113.zip,127.64999994517365,35.09999987640732,127.67500004802014,35.125000593222616
35715058,토지피복지도/SG05_35715058_20251113.zip,127.67499998568715,35.099999966537894,127.70000000285502,35.12500067329188
35715059,토지피복지도/SG05_35715059_20251113.zip,127.6999999735105,35.09999998058613,127.72500004260253,35.125000632415684
35715062,토지피복지도/SG05_35715062_20251113.zip,127.52500001020239,35.07499986821674,127.55000003536134,35.10000055557951
35715063,토지피복지도/SG05_35715063_20251113.zip,127.54999998015461,35.07499986821674,127.57500001573587,35.100000230853304
35715064,토지피복지도/SG05_35715064_20251113.zip,127.57499999733632,35.07499986735332,127.59999999631304,35.10000028092473
35715065,토지피복지도/SG05_35715065_20251113.zip,127.59999995645798,35.07499986735332,127.62499997192731,35.10000043978366
35715066,토지피복지도/SG05_35715066_20251113.zip,127.62499994271101,35.074999887882086,127.64999996579377,35.100000550067854
35715067,토지피복지도/SG05_35715067_20251113.zip,127.64999994517365,35.07499987869642,127.67500005203006,35.10000030051127
35715068,토지피복지도/SG05_35715068_20251113.zip,127.6749999849442,35.07499987869642,127.6999999860039,35.100000619607094
35715069,토지피복지도/SG05_35715069_20251113.zip,127.69999996544198,35.07499989453351,127.72500004260253,35.10000062581112
35715070,토지피복지도/SG05_35715070_20251113.zip,127.72499998162087,35.0749999846635,127.75000004163218,35.100000614759686
35715072,토지피복지도/SG05_35715072_20251113.zip,127.52500001331259,35.049999915536134,127.55000003040051,35.07500052296261
35715073,토지피복지도/SG05_35715073_20251113.zip,127.54999997966868,35.04999992892219,127.5750000073561,35.07500053832332
35715074,토지피복지도/SG05_35715074_20251113.zip,127.57499998804194,35.04999991350916,127.6000000402173,35.07500053834439
35715075,토지피복지도/SG05_35715075_20251113.zip,127.59999999536191,35.0499998836243,127.62500004054067,35.075000521897564
35715076,토지피복지도/SG05_35715076_20251113.zip,127.6249999466726,35.0499998836243,127.65000000138478,35.07500053297843
35715077,토지피복지도/SG05_35715077_20251113.zip,127.64999996321569,35.049999869798874,127.67500005203006,35.07500003175924
35715078,토지피복지도/SG05_35715078_20251113.zip,127.67500002125712,35.049999869798874,127.70000001211054,35.07500055299849
35715079,토지피복지도/SG05_35715079_20251113.zip,127.6999999799418,35.04999988572727,127.72499998151987,35.075000561861366
35715080,토지피복지도/SG05_35715080_20251113.zip,127.72499994692343,35.04999987278948,127.75000004163218,35.07500064223147
35715082,토지피복지도/SG05_35715082_20251113.zip,127.52500000663049,35.02499988883996,127.55000003040051,35.05000042323908
35715083,토지피복지도/SG05_35715083_20251113.zip,127.54999996568237,35.02499988883996,127.5749999999926,35.050000572943645
35715084,토지피복지도/SG05_35715084_20251113.zip,127.5749999796672,35.024999924920536,127.60000004003415,35.050000557573256
35715085,토지피복지도/SG05_35715085_20251113.zip,127.59999997770136,35.02499986802024,127.62500004054067,35.05000054134069
35715086,토지피복지도/SG05_35715086_20251113.zip,127.6250000220057,35.0249998650488,127.65000005132214,35.05000055036335
35715087,토지피복지도/SG05_35715087_20251113.zip,127.65000000101004,35.0249998650488,127.67500002850647,35.05000030311935
35715088,토지피복지도/SG05_35715088_20251113.zip,127.67500000984305,35.024999910371925,127.70000001211054,35.050000521065094
35715089,토지피복지도/SG05_35715089_20251113.zip,127.69999995351817,35.02499986779197,127.72499994983548,35.050000530407424
35715090,토지피복지도/SG05_35715090_20251113.zip,127.72499993073052,35.02499986779197,127.75000000309171,35.05000052141827
35715093,토지피복지도/SG05_35715093_20251113.zip,127.54999996481243,34.99999990890152,127.57499999056749,35.02500053853552
35715094,토지피복지도/SG05_35715094_20251113.zip,127.57499997198018,34.99999988031863,127.60000002970348,35.02500057348966
35715095,토지피복지도/SG05_35715095_20251113.zip,127.59999997727148,34.99999988031863,127.62500004002789,35.02500055157493
35715096,토지피복지도/SG05_35715096_20251113.zip,127.62500002110156,34.999999879651064,127.65000005054166,35.02500050801375
35715097,토지피복지도/SG05_35715097_20251113.zip,127.65000000287132,34.999999879651064,127.67500003946205,35.0250005416915
35715098,토지피복지도/SG05_35715098_20251113.zip,127.6750000138453,34.99999990687477,127.7000000293271,35.025000568607894
35715099,토지피복지도/SG05_35715099_20251113.zip,127.6999999540021,34.99999992272938,127.72499997312235,35.02500053307865
35715100,토지피복지도/SG05_35715100_20251113.zip,127.72499994006773,34.999999919466454,127.75000000226852,35.025000528599705
35716071,토지피복지도/SG05_35716071_20251113.zip,127.74999995034256,35.04999996292613,127.77500005211262,35.07500066125543
35716081,토지피복지도/SG05_35716081_20251113.zip,127.7499999486786,35.02499990154449,127.77500001156079,35.05000063738772
35716082,토지피복지도/SG05_35716082_20251113.zip,127.77499999166241,35.02500000976257,127.80000002101521,35.050000645519376
35716091,토지피복지도/SG05_35716091_20251113.zip,127.7499999709216,34.99999998966033,127.77500004424866,35.025000555669116
35716092,토지피복지도/SG05_35716092_20251113.zip,127.77500000451536,34.99999995877588,127.79999996475522,35.02500065967841
35808079,토지피복지도/SG05_35808079_20251113.zip,128.9499999097962,35.54999996149159,128.97499996003603,35.57500066916755
35808080,토지피복지도/SG05_35808080_20251113.zip,128.974999911207,35.549999914893355,129.00000002151037,35.575000658441475
35808090,토지피복지도/SG05_35808090_20251113.zip,128.97499992764293,35.524999952101886,129.00000002151037,35.55000061443911
35902002,토지피복지도/SG05_35902002_20251113.zip,129.27500000064802,35.97499988389151,129.30000008623742,36.00000067130456
35902003,토지피복지도/SG05_35902003_20251113.zip,129.29999994406927,35.97499988389151,129.32500002677747,36.00000067426745
35902004,토지피복지도/SG05_35902004_20251113.zip,129.3249998871833,35.97499992505331,129.35000003525536,36.00000067433863
35902005,토지피복지도/SG05_35902005_20251113.zip,129.34999989695615,35.97499987731034,129.374999978566,36.00000067608408
35902006,토지피복지도/SG05_35902006_20251113.zip,129.37499990264283,35.97499987731034,129.40000007545197,36.000000676154734
35902007,토지피복지도/SG05_35902007_20251113.zip,129.39999994086833,35.97499992604508,129.4250001173723,36.000000676647815
35902008,토지피복지도/SG05_35902008_20251113.zip,129.42499996464988,35.97499992604508,129.45000008019687,36.000000673064456
35902009,토지피복지도/SG05_35902009_20251113.zip,129.44999998907878,35.97499997971209,129.47500003710715,36.000000677302296
35902010,토지피복지도/SG05_35902010_20251113.zip,129.47499996722712,35.97499997971209,129.50000002936,36.00000067749042
35902013,토지피복지도/SG05_35902013_20251113.zip,129.29999992703407,35.949999892060156,129.32500000400097,35.97500065667598
35902014,토지피복지도/SG05_35902014_20251113.zip,129.32499988254605,35.94999997049836,129.35000005518378,35.9750006743169
35902015,토지피복지도/SG05_35902015_20251113.zip,129.34999998727903,35.949999944451136,129.37500008690665,35.97500055234921
35902016,토지피복지도/SG05_35902016_20251113.zip,129.37499996287667,35.949999944451136,129.40000007545197,35.975000577544755
35902017,토지피복지도/SG05_35902017_20251113.zip,129.39999991696766,35.950000041641566,129.42499997225147,35.97500060157461
35902018,토지피복지도/SG05_35902018_20251113.zip,129.4249998795718,35.950000041641566,129.4500000442365,35.97500062865745
35902019,토지피복지도/SG05_35902019_20251113.zip,129.44999997503487,35.94999986697269,129.47500003710715,35.97500065313797
35902020,토지피복지도/SG05_35902020_20251113.zip,129.47499994472943,35.94999986697269,129.50000002936,35.975000682213526
35902023,토지피복지도/SG05_35902023_20251113.zip,129.29999990594706,35.925000062593135,129.32500000400097,35.950000671353834
35902024,토지피복지도/SG05_35902024_20251113.zip,129.3249999461517,35.92499991334287,129.35000005518378,35.95000071018708
35902025,토지피복지도/SG05_35902025_20251113.zip,129.34999994790434,35.92499990913556,129.37500008690665,35.95000061013605
35902026,토지피복지도/SG05_35902026_20251113.zip,129.3749999172546,35.92499990913556,129.4000000227506,35.95000065612345
35902027,토지피복지도/SG05_35902027_20251113.zip,129.3999999060443,35.92500004895627,129.42500010073107,35.95000070424471
35902028,토지피복지도/SG05_35902028_20251113.zip,129.4249999080407,35.92499992030292,129.4500000442365,35.95000075666605
35902029,토지피복지도/SG05_35902029_20251113.zip,129.44999994782285,35.92499992030292,129.47500000500884,35.95000067589035
35902030,토지피복지도/SG05_35902030_20251113.zip,129.4749999310987,35.92499993251357,129.50000000321964,35.95000058476721
35902034,토지피복지도/SG05_35902034_20251113.zip,129.32499996566378,35.89999988053965,129.35000012322357,35.925000641892105
35902035,토지피복지도/SG05_35902035_20251113.zip,129.3499999636824,35.900000033191304,129.3749999981464,35.92500056252772
35902036,토지피복지도/SG05_35902036_20251113.zip,129.37499989710287,35.89999993157055,129.40000002350422,35.92500063234702
35902037,토지피복지도/SG05_35902037_20251113.zip,129.39999996306165,35.89999993157055,129.42500010073107,35.92500070124024
35902038,토지피복지도/SG05_35902038_20251113.zip,129.4249999996839,35.89999985381276,129.45000000162247,35.92500063862464
35902039,토지피복지도/SG05_35902039_20251113.zip,129.44999993210467,35.89999985381276,129.47500000500884,35.925000578114535
35902040,토지피복지도/SG05_35902040_20251113.zip,129.47499991634484,35.899999894152145,129.50000004565942,35.925000665846746
35902044,토지피복지도/SG05_35902044_20251113.zip,129.3249999647466,35.87499987659603,129.35000012322357,35.90000058374598
35902045,토지피복지도/SG05_35902045_20251113.zip,129.34999998801825,35.87500004829016,129.3749999981464,35.90000068503552
35902046,토지피복지도/SG05_35902046_20251113.zip,129.37499992918652,35.87499999240135,129.40000010202348,35.900000643235515
35902047,토지피복지도/SG05_35902047_20251113.zip,129.39999999848794,35.87499999240135,129.4250000334882,35.90000059816644
35902048,토지피복지도/SG05_35902048_20251113.zip,129.42499997157142,35.874999966020184,129.45000000162247,35.90000055939953
35902049,토지피복지도/SG05_35902049_20251113.zip,129.4499999074453,35.874999966020184,129.4749999891039,35.90000052482986
35902050,토지피복지도/SG05_35902050_20251113.zip,129.47499991255154,35.87499996840529,129.50000004565942,35.90000064131192
35902055,토지피복지도/SG05_35902055_20251113.zip,129.34999998505592,35.849999960282744,129.37500002203967,35.87500071480303
35902056,토지피복지도/SG05_35902056_20251113.zip,129.3749999406152,35.84999995011352,129.40000010202348,35.87500069361067
35902057,토지피복지도/SG05_35902057_20251113.zip,129.39999990946203,35.84999995011352,129.4250000334882,35.87500066961079
35902058,토지피복지도/SG05_35902058_20251113.zip,129.42499992522727,35.84999997415755,129.44999995899744,35.87500065714036
35902059,토지피복지도/SG05_35902059_20251113.zip,129.44999988992504,35.84999997415755,129.4749999891039,35.87500065129016
35902060,토지피복지도/SG05_35902060_20251113.zip,129.47499990582762,35.85000003367304,129.50000001130394,35.87500065262697
35902068,토지피복지도/SG05_35902068_20251113.zip,129.42499988946412,35.82500002047885,129.44999995899744,35.850000643459516
35902069,토지피복지도/SG05_35902069_20251113.zip,129.44999986547214,35.825000002893816,129.47499998977042,35.850000642710675
35902070,토지피복지도/SG05_35902070_20251113.zip,129.4749999053788,35.82499999541107,129.50000005600768,35.850000701607115
35903001,토지피복지도/SG05_35903001_20251113.zip,129.49999990705595,35.975000038887025,129.5249999895145,36.00000067622529
35903002,토지피복지도/SG05_35903002_20251113.zip,129.5249999217734,35.975000038887025,129.54999999720985,36.00000067551503
35903003,토지피복지도/SG05_35903003_20251113.zip,129.54999989085857,35.97500010060901,129.57499999046374,36.00000067474891
35903011,토지피복지도/SG05_35903011_20251113.zip,129.4999998720618,35.949999984799746,129.52500010285954,35.975000711612594
35903012,토지피복지도/SG05_35903012_20251113.zip,129.52499997284622,35.949999984799746,129.5499999479001,35.97500074234106
35903013,토지피복지도/SG05_35903013_20251113.zip,129.54999987381444,35.950000113901076,129.57499999046374,35.9750004854753
35903021,토지피복지도/SG05_35903021_20251113.zip,129.4999998681509,35.924999828558384,129.52500010285954,35.9500006432062
35903022,토지피복지도/SG05_35903022_20251113.zip,129.5249999609017,35.924999828558384,129.55000007789104,35.95000070546743
35903031,토지피복지도/SG05_35903031_20251113.zip,129.49999996203277,35.89999985096347,129.52499996852043,35.92500061686154
35903032,토지피복지도/SG05_35903032_20251113.zip,129.52499989255094,35.89999985096347,129.55000007789104,35.924999993791076
35903041,토지피복지도/SG05_35903041_20251113.zip,129.499999967356,35.87499996840529,129.52500000426159,35.90000062232786
35903042,토지피복지도/SG05_35903042_20251113.zip,129.52499990555117,35.87499999821353,129.5499999688995,35.900000518466555
35903051,토지피복지도/SG05_35903051_20251113.zip,129.49999988245014,35.85000000580741,129.52500000426159,35.875000661132646
35903052,토지피복지도/SG05_35903052_20251113.zip,129.52499993940518,35.849999986921226,129.5500000652173,35.87500005026511
35903061,토지피복지도/SG05_35903061_20251113.zip,129.4999998920426,35.82499999541107,129.5250000922578,35.85000067002771
35905014,토지피복지도/SG05_35905014_20251113.zip,129.07499999996352,35.699999978262724,129.10000011951618,35.725000636289295
35905015,토지피복지도/SG05_35905015_20251113.zip,129.0999999230301,35.699999978262724,129.12500005355076,35.725000618556635
35905016,토지피복지도/SG05_35905016_20251113.zip,129.12499988943932,35.69999999025545,129.15000002767232,35.725000647263144
35905017,토지피복지도/SG05_35905017_20251113.zip,129.14999995073967,35.70000001967455,129.17500006519128,35.725000605548246
35905018,토지피복지도/SG05_35905018_20251113.zip,129.17499996139043,35.69999999354421,129.20000009498,35.72500058236536
35905019,토지피복지도/SG05_35905019_20251113.zip,129.1999999628028,35.69999999354421,129.22500003535802,35.72500060151944
35905020,토지피복지도/SG05_35905020_20251113.zip,129.2249999768933,35.70000004021619,129.25000008699658,35.72500065443934
35905023,토지피복지도/SG05_35905023_20251113.zip,129.04999997862,35.675000012814856,129.07500000989188,35.700000642912336
35905024,토지피복지도/SG05_35905024_20251113.zip,129.0749998999978,35.6750000110023,129.10000011951618,35.70000060837574
35905025,토지피복지도/SG05_35905025_20251113.zip,129.09999999063177,35.6750000110023,129.12500006314198,35.70000063252348
35905026,토지피복지도/SG05_35905026_20251113.zip,129.12500000505662,35.67499992799642,129.1499999774398,35.7000006533967
35905027,토지피복지도/SG05_35905027_20251113.zip,129.1499999148906,35.67499992799642,129.17500006519128,35.700000692512006
35905028,토지피복지도/SG05_35905028_20251113.zip,129.17499998357263,35.67499992311736,129.20000005662743,35.70000067961597
35905029,토지피복지도/SG05_35905029_20251113.zip,129.1999999518797,35.67499992311736,129.22500008876113,35.70000067871441
35905030,토지피복지도/SG05_35905030_20251113.zip,129.2250000062315,35.674999997241905,129.25000008699658,35.70000070625739
35905032,토지피복지도/SG05_35905032_20251113.zip,129.02499991196922,35.64999999213071,129.0500000022402,35.67500056615594
35905033,토지피복지도/SG05_35905033_20251113.zip,129.049999921265,35.65000007756099,129.07500000186596,35.67500066961965
35905034,토지피복지도/SG05_35905034_20251113.zip,129.07499989779302,35.64999994042079,129.1000000531266,35.675000657583716
35905035,토지피복지도/SG05_35905035_20251113.zip,129.09999996810427,35.64999994042079,129.12500006314198,35.675000181994534
35905036,토지피복지도/SG05_35905036_20251113.zip,129.12499992052525,35.64999996669257,129.14999996332196,35.675000629546695
35905037,토지피복지도/SG05_35905037_20251113.zip,129.14999990636156,35.64999994014762,129.17500001099214,35.67500060513692
35905038,토지피복지도/SG05_35905038_20251113.zip,129.17499994706722,35.64999994014762,129.20000005662743,35.675000604826536
35905039,토지피복지도/SG05_35905039_20251113.zip,129.1999999755122,35.65000000002078,129.22500008876113,35.675000621967804
35905040,토지피복지도/SG05_35905040_20251113.zip,129.2249999907337,35.649999990973136,129.25000000393737,35.67500065294646
35905041,토지피복지도/SG05_35905041_20251113.zip,128.99999995544823,35.62499998174021,129.02500006036493,35.65000051446896
35905042,토지피복지도/SG05_35905042_20251113.zip,129.02500000029178,35.62500004117915,129.05000006328285,35.650000675431755
35905043,토지피복지도/SG05_35905043_20251113.zip,129.04999994117995,35.62500003815217,129.07500010679982,35.6500007346631
35905044,토지피복지도/SG05_35905044_20251113.zip,129.07499999092926,35.62500003815217,129.1000000531266,35.6500005670596
35905045,토지피복지도/SG05_35905045_20251113.zip,129.0999999476328,35.62499993983116,129.12499998416044,35.650000597666725
35905046,토지피복지도/SG05_35905046_20251113.zip,129.12499989776123,35.62499993983116,129.14999999852992,35.65000063980366
35905047,토지피복지도/SG05_35905047_20251113.zip,129.14999992728633,35.624999994854925,129.17500000347408,35.65000062722289
35905048,토지피복지도/SG05_35905048_20251113.zip,129.17499994469358,35.625000033107234,129.20000000771034,35.65000062404087
35905049,토지피복지도/SG05_35905049_20251113.zip,129.19999994931467,35.625000015892056,129.22500001324568,35.65000066391247
35905050,토지피복지도/SG05_35905050_20251113.zip,129.2249999422548,35.625000015892056,129.25000012022963,35.650000644878666
35905051,토지피복지도/SG05_35905051_20251113.zip,128.99999995261578,35.59999993218045,129.0250000514742,35.625000705944004
35905052,토지피복지도/SG05_35905052_20251113.zip,129.02499999730964,35.59999993218045,129.05000008963063,35.62500072974121
35905053,토지피복지도/SG05_35905053_20251113.zip,129.05000000871436,35.600000035497764,129.07500010679982,35.62500069374885
35905054,토지피복지도/SG05_35905054_20251113.zip,129.0750000277087,35.599999909633844,129.10000006242717,35.62500069253413
35905055,토지피복지도/SG05_35905055_20251113.zip,129.09999995028505,35.599999909633844,129.12499998416044,35.62500064101924
35905056,토지피복지도/SG05_35905056_20251113.zip,129.12499987739653,35.59999994936364,129.15000006291694,35.62500061700125
35905057,토지피복지도/SG05_35905057_20251113.zip,129.14999997452455,35.599999960430594,129.17500004934587,35.62500068260051
35905058,토지피복지도/SG05_35905058_20251113.zip,129.1749999691021,35.59999993199288,129.20000002550884,35.625000701591816
35905059,토지피복지도/SG05_35905059_20251113.zip,129.19999996839633,35.59999993199288,129.22499999051342,35.625000673371034
35905060,토지피복지도/SG05_35905060_20251113.zip,129.22499993207157,35.5999999489852,129.25000012022963,35.62500066026275
35905061,토지피복지도/SG05_35905061_20251113.zip,128.9999999296433,35.57500000810042,129.0250000384512,35.60000063233142
35905062,토지피복지도/SG05_35905062_20251113.zip,129.0249999537543,35.57500000810042,129.05000008963063,35.60000064682299
35905063,토지피복지도/SG05_35905063_20251113.zip,129.04999995800455,35.57500007022169,129.07500005223073,35.600000689001
35905064,토지피복지도/SG05_35905064_20251113.zip,129.07499998144542,35.57499995037795,129.10000006242717,35.600000623707714
35905065,토지피복지도/SG05_35905065_20251113.zip,129.09999998145366,35.57499995037795,129.12500000078896,35.60000057855915
35905066,토지피복지도/SG05_35905066_20251113.zip,129.1249998835575,35.57499992795136,129.15000006291694,35.60000063067584
35905067,토지피복지도/SG05_35905067_20251113.zip,129.14999996229022,35.57499992795136,129.17500004934587,35.600000634731785
35905068,토지피복지도/SG05_35905068_20251113.zip,129.1749999418217,35.575000009150465,129.20000009238782,35.60000056830366
35905069,토지피복지도/SG05_35905069_20251113.zip,129.19999999987007,35.575000009150465,129.22500004289057,35.600000651889424
35905070,토지피복지도/SG05_35905070_20251113.zip,129.22499996073373,35.575000019143744,129.24999997973913,35.600000660532416
35905071,토지피복지도/SG05_35905071_20251113.zip,128.99999994880872,35.549999914893355,129.0249999762309,35.575000681125786
35905072,토지피복지도/SG05_35905072_20251113.zip,129.02499992244853,35.54999999038731,129.0500000110879,35.57500069432669
35905073,토지피복지도/SG05_35905073_20251113.zip,129.04999995970311,35.55000000090117,129.0750000127105,35.57500072123229
35905074,토지피복지도/SG05_35905074_20251113.zip,129.07499995107037,35.55000000090117,129.10000000956802,35.57500066089918
35905075,토지피복지도/SG05_35905075_20251113.zip,129.09999994075446,35.54999993939548,129.12500000078896,35.575000623013835
35905076,토지피복지도/SG05_35905076_20251113.zip,129.1249999251075,35.54999993939548,129.1499999830004,35.57500061111252
35905077,토지피복지도/SG05_35905077_20251113.zip,129.14999990352004,35.549999987745515,129.17500006971463,35.57500062657105
35905078,토지피복지도/SG05_35905078_20251113.zip,129.17499994497254,35.54999998304494,129.20000009238782,35.57500066606558
35905079,토지피복지도/SG05_35905079_20251113.zip,129.2000000000093,35.54999998304494,129.22500004289057,35.57500066256288
35905080,토지피복지도/SG05_35905080_20251113.zip,129.22499994598292,35.550000005266895,129.25000006635108,35.5750006843636
35905081,토지피복지도/SG05_35905081_20251113.zip,128.99999996915977,35.524999952101886,129.02500001368352,35.55000059659619
35905082,토지피복지도/SG05_35905082_20251113.zip,129.02499993940938,35.52499993702676,129.04999999357392,35.55000066626949
35905083,토지피복지도/SG05_35905083_20251113.zip,129.0499999429418,35.52499993702676,129.0749999869025,35.55000064550646
35905084,토지피복지도/SG05_35905084_20251113.zip,129.07499993317646,35.524999939400935,129.09999997550352,35.5500006623685
35905085,토지피복지도/SG05_35905085_20251113.zip,129.09999991543256,35.524999988093874,129.124999957421,35.55000063132876
35905086,토지피복지도/SG05_35905086_20251113.zip,129.12499989460895,35.525000009142715,129.15000008304298,35.55000062969634
35905087,토지피복지도/SG05_35905087_20251113.zip,129.14999992771894,35.52499998669855,129.17500006971463,35.5500006522393
35905088,토지피복지도/SG05_35905088_20251113.zip,129.1750000035881,35.52499998669855,129.20000002458795,35.55000063435047
35905089,토지피복지도/SG05_35905089_20251113.zip,129.19999995788388,35.52499999382102,129.22499996589565,35.550000642465044
35905090,토지피복지도/SG05_35905090_20251113.zip,129.22499989695973,35.52499995306158,129.25000006635108,35.55000067962883
35905091,토지피복지도/SG05_35905091_20251113.zip,128.99999998250377,35.49999989640264,129.02500001368352,35.5250006098859
35905093,토지피복지도/SG05_35905093_20251113.zip,129.04999991727382,35.49999995457147,129.0749999722781,35.52500058459719
35905094,토지피복지도/SG05_35905094_20251113.zip,129.07499991850554,35.49999998300916,129.0999999826736,35.5250006052966
35905095,토지피복지도/SG05_35905095_20251113.zip,129.09999989559782,35.49999998300916,129.12500011754022,35.525000679844574
35905096,토지피복지도/SG05_35905096_20251113.zip,129.12499993929165,35.50000003462109,129.15000008304298,35.52500068346046
35905097,토지피복지도/SG05_35905097_20251113.zip,129.1499999148654,35.500000022308996,129.17500005166335,35.5250006466554
35905098,토지피복지도/SG05_35905098_20251113.zip,129.17499999609677,35.49999990004404,129.2000000026747,35.52500064031702
35905099,토지피복지도/SG05_35905099_20251113.zip,129.19999994641995,35.49999990004404,129.2249999410597,35.525000660799265
35905100,토지피복지도/SG05_35905100_20251113.zip,129.2249998842277,35.49999994926404,129.25000003888368,35.525000639175985
35906011,토지피복지도/SG05_35906011_20251113.zip,129.2499999347172,35.700000020150846,129.2750000142544,35.7250006109989
35906021,토지피복지도/SG05_35906021_20251113.zip,129.24999992967656,35.67499999332513,129.27499995064522,35.70000067088795
35906031,토지피복지도/SG05_35906031_20251113.zip,129.2499999116759,35.649999990973136,129.2749999793942,35.675000528763476
35906032,토지피복지도/SG05_35906032_20251113.zip,129.27499990107515,35.650000003079874,129.29999993812245,35.67500065033831
35906041,토지피복지도/SG05_35906041_20251113.zip,129.24999999245205,35.625000021996684,129.27500007373897,35.65000064591487
35906042,토지피복지도/SG05_35906042_20251113.zip,129.27499996191412,35.62499996067462,129.30000000830498,35.65000066928081
35906051,토지피복지도/SG05_35906051_20251113.zip,129.24999993805267,35.5999999489852,129.27500007373897,35.62500068398657
35906052,토지피복지도/SG05_35906052_20251113.zip,129.2750000032153,35.59999992185219,129.30000000830498,35.62500065534725
35906053,토지피복지도/SG05_35906053_20251113.zip,129.29999992619392,35.59999992185219,129.32500003507542,35.62500057726011
35906061,토지피복지도/SG05_35906061_20251113.zip,129.249999903556,35.57499997408247,129.2750000717019,35.60000061443354
35906062,토지피복지도/SG05_35906062_20251113.zip,129.27500000335132,35.57499997408247,129.2999999766903,35.60000060374382
35906071,토지피복지도/SG05_35906071_20251113.zip,129.24999996016564,35.54999999197522,129.2750000717019,35.5750006628935
35906072,토지피복지도/SG05_35906072_20251113.zip,129.27499996099522,35.549999955956295,129.30000004579946,35.57500066655086
35906073,토지피복지도/SG05_35906073_20251113.zip,129.299999951774,35.54999994737185,129.32500003364734,35.57500069606376
35906074,토지피복지도/SG05_35906074_20251113.zip,129.3249999083442,35.54999994737185,129.35000007077485,35.57500068114974
35906077,토지피복지도/SG05_35906077_20251113.zip,129.39999993176315,35.54999990227088,129.4250000708742,35.57500064726712
35906078,토지피복지도/SG05_35906078_20251113.zip,129.42500000063777,35.54999990227088,129.45000000438344,35.57500065963658
35906079,토지피복지도/SG05_35906079_20251113.zip,129.44999993600982,35.550000029026315,129.47500008110276,35.57500025015054
35906081,토지피복지도/SG05_35906081_20251113.zip,129.249999990314,35.524999906079,129.27499997862756,35.55000067249371
35906082,토지피복지도/SG05_35906082_20251113.zip,129.27499990145662,35.524999906079,129.30000004579946,35.55000062075034
35906083,토지피복지도/SG05_35906083_20251113.zip,129.29999996581148,35.52500002863335,129.32499992234025,35.55000060040541
35906084,토지피복지도/SG05_35906084_20251113.zip,129.324999840081,35.52499993788533,129.35000006930605,35.55000057699993
35906085,토지피복지도/SG05_35906085_20251113.zip,129.3499999382442,35.52499993788533,129.37500007275224,35.550000636541405
35906086,토지피복지도/SG05_35906086_20251113.zip,129.37499994405758,35.52499996218533,129.39999994110428,35.550000629636564
35906087,토지피복지도/SG05_35906087_20251113.zip,129.39999984823584,35.52499996218533,129.4250000708742,35.55000057256928
35906088,토지피복지도/SG05_35906088_20251113.zip,129.42499997470364,35.52499996051362,129.45000000438344,35.55000061580999
35906089,토지피복지도/SG05_35906089_20251113.zip,129.44999990424762,35.52499996051362,129.47500008110276,35.550000455343955
35906091,토지피복지도/SG05_35906091_20251113.zip,129.2499999781411,35.49999999838852,129.2749999479832,35.52500057839375
35906092,토지피복지도/SG05_35906092_20251113.zip,129.27499988680134,35.499999997787086,129.30000001243786,35.525000617490875
35906093,토지피복지도/SG05_35906093_20251113.zip,129.29999994981844,35.499999997787086,129.32499988534448,35.52500068336941
35906094,토지피복지도/SG05_35906094_20251113.zip,129.32499982307024,35.50000002863605,129.35000006930605,35.52500063892519
35906095,토지피복지도/SG05_35906095_20251113.zip,129.3499999055332,35.50000003835572,129.37500007275224,35.52500062074591
35906096,토지피복지도/SG05_35906096_20251113.zip,129.3749999089237,35.50000001913403,129.39999989379544,35.525000632213576
35906097,토지피복지도/SG05_35906097_20251113.zip,129.39999982849335,35.50000001913403,129.42500002144644,35.52500067468344
35906098,토지피복지도/SG05_35906098_20251113.zip,129.4249999555267,35.499999929699555,129.44999994805147,35.52500067375638
35909004,토지피복지도/SG05_35909004_20251113.zip,129.07499994946102,35.47499989792634,129.10000000630507,35.500000635797996
35909005,토지피복지도/SG05_35909005_20251113.zip,129.09999994294287,35.47499989792634,129.12500008360985,35.500000688464866
35909006,토지피복지도/SG05_35909006_20251113.zip,129.1249999460572,35.474999965683345,129.14999995103906,35.5000007046762
35909007,토지피복지도/SG05_35909007_20251113.zip,129.14999988099706,35.47499995535609,129.17500005166335,35.500000676519534
35909008,토지피복지도/SG05_35909008_20251113.zip,129.17499991609637,35.47499995535609,129.20000004932086,35.50000061074462
35909009,토지피복지도/SG05_35909009_20251113.zip,129.19999997103002,35.47499990628955,129.22499999337126,35.50000057353772
35909010,토지피복지도/SG05_35909010_20251113.zip,129.22499990881533,35.47499990628955,129.2500000970436,35.50000063708568
35909015,토지피복지도/SG05_35909015_20251113.zip,129.09999995022332,35.4499999956853,129.1250000149726,35.47500058198555
35909016,토지피복지도/SG05_35909016_20251113.zip,129.1249999284468,35.45000007267052,129.15000000615396,35.475000620125975
35909017,토지피복지도/SG05_35909017_20251113.zip,129.14999994287314,35.449999908761825,129.1749999922696,35.4750006041006
35909018,토지피복지도/SG05_35909018_20251113.zip,129.174999897671,35.44999990675259,129.20000004932086,35.475000615910375
35909019,토지피복지도/SG05_35909019_20251113.zip,129.19999994338602,35.449999955301365,129.22499999337126,35.47500059220237
35909020,토지피복지도/SG05_35909020_20251113.zip,129.2249998956967,35.45000001244256,129.2500000970436,35.47500060278
35909026,토지피복지도/SG05_35909026_20251113.zip,129.12499992363374,35.424999975469404,129.15000000615396,35.45000073605541
35909027,토지피복지도/SG05_35909027_20251113.zip,129.1499998745828,35.42499994897256,129.175000141607,35.45000063674359
35909028,토지피복지도/SG05_35909028_20251113.zip,129.1749999651775,35.42499994897256,129.19999993660971,35.45000057327433
35909029,토지피복지도/SG05_35909029_20251113.zip,129.19999986861967,35.42499995887965,129.22500003693986,35.45000064239601
35909030,토지피복지도/SG05_35909030_20251113.zip,129.2249999207848,35.424999916219114,129.25000003023197,35.45000067149844
35909039,토지피복지도/SG05_35909039_20251113.zip,129.1999998869838,35.39999996829662,129.22500011672471,35.42500067316224
35909040,토지피복지도/SG05_35909040_20251113.zip,129.22500001643039,35.39999999987266,129.2500000437382,35.425000644068824
35909049,토지피복지도/SG05_35909049_20251113.zip,129.19999988233215,35.37499994002104,129.22500011672471,35.40000060611088
35909050,토지피복지도/SG05_35909050_20251113.zip,129.2249999582604,35.374999970501186,129.25000004009567,35.40000064174788
35910001,토지피복지도/SG05_35910001_20251113.zip,129.25000000881414,35.474999986940425,129.27500001168104,35.50000066235765
35910002,토지피복지도/SG05_35910002_20251113.zip,129.2749999198198,35.474999986940425,129.30000008109783,35.500000647554536
35910003,토지피복지도/SG05_35910003_20251113.zip,129.29999998440547,35.475000003996755,129.32499996013092,35.500000660488695
35910004,토지피복지도/SG05_35910004_20251113.zip,129.3249998601132,35.47499999511382,129.3499999901032,35.500000699821776
35910005,토지피복지도/SG05_35910005_20251113.zip,129.34999988917335,35.4749999680793,129.37499999945445,35.50000071081414
35910006,토지피복지도/SG05_35910006_20251113.zip,129.3749998899534,35.4749999680793,129.3999999844457,35.50000067228225
35910007,토지피복지도/SG05_35910007_20251113.zip,129.39999987500735,35.47499997274586,129.42500002175808,35.50000067224801
35910008,토지피복지도/SG05_35910008_20251113.zip,129.4249999187615,35.47499993573295,129.45000004937887,35.500000628152776
35910011,토지피복지도/SG05_35910011_20251113.zip,129.2500000068682,35.45000001244256,129.27500001168104,35.47500064280643
35910012,토지피복지도/SG05_35910012_20251113.zip,129.27499992689133,35.44999990910657,129.30000008109783,35.47500064300316
35910013,토지피복지도/SG05_35910013_20251113.zip,129.2999999992225,35.44999990910657,129.32500009641726,35.475000665181994
35910014,토지피복지도/SG05_35910014_20251113.zip,129.3249999526973,35.44999997804177,129.3499999901032,35.475000672569905
35910015,토지피복지도/SG05_35910015_20251113.zip,129.34999992950821,35.45000007604232,129.37499999945445,35.47500063108617
35910016,토지피복지도/SG05_35910016_20251113.zip,129.37499993445456,35.44999996342812,129.3999999844457,35.47500060292863
35910017,토지피복지도/SG05_35910017_20251113.zip,129.39999993126773,35.44999996342812,129.42499994925456,35.47500063857297
35910021,토지피복지도/SG05_35910021_20251113.zip,129.24999996592638,35.424999916219114,129.27500012358348,35.45000066083403
35910022,토지피복지도/SG05_35910022_20251113.zip,129.27499995447073,35.42499993454007,129.30000004695412,35.45000060955796
35910023,토지피복지도/SG05_35910023_20251113.zip,129.29999998425498,35.42499993703756,129.32500009641726,35.45000058910214
35910024,토지피복지도/SG05_35910024_20251113.zip,129.3249999433842,35.42499993703756,129.35000000643635,35.45000067757937
35910025,토지피복지도/SG05_35910025_20251113.zip,129.34999992835841,35.42499994077754,129.37500003970052,35.450000343069036
35910026,토지피복지도/SG05_35910026_20251113.zip,129.37499995387589,35.42499753928527,129.399999978709,35.45000065053781
35910031,토지피복지도/SG05_35910031_20251113.zip,129.24999997027962,35.39999999987266,129.27500012358348,35.42500057091442
35910032,토지피복지도/SG05_35910032_20251113.zip,129.27499999171255,35.39999996640642,129.30000004695412,35.42500060588154
35910033,토지피복지도/SG05_35910033_20251113.zip,129.29999992815067,35.39999996640642,129.32500004131037,35.425000608454795
35910034,토지피복지도/SG05_35910034_20251113.zip,129.32499993062328,35.39999993940096,129.35000000643635,35.42500064869285
35910035,토지피복지도/SG05_35910035_20251113.zip,129.34999991330798,35.39999993940096,129.37500003970052,35.4250006489442
35910041,토지피복지도/SG05_35910041_20251113.zip,129.24999992814017,35.374999981025255,129.2749999999674,35.40000066568351
35910042,토지피복지도/SG05_35910042_20251113.zip,129.27499990495588,35.374999982594105,129.2999999446927,35.40000064916502
35910043,토지피복지도/SG05_35910043_20251113.zip,129.29999986133996,35.37499996932121,129.32500003926228,35.40000066958192
35910044,토지피복지도/SG05_35910044_20251113.zip,129.3249999737742,35.37499996932121,129.34999994572476,35.40000065669046
35910045,토지피복지도/SG05_35910045_20251113.zip,129.34999988994488,35.37499999598545,129.37500002677908,35.40000059134174
35910051,토지피복지도/SG05_35910051_20251113.zip,129.24999986419087,35.34999992688036,129.27499993114526,35.37500065526751
35910052,토지피복지도/SG05_35910052_20251113.zip,129.27499986633512,35.34999992688036,129.30000007996802,35.37500065601927
35910053,토지피복지도/SG05_35910053_20251113.zip,129.29999989590397,35.35000003452041,129.32500001760405,35.3750006233031
35910054,토지피복지도/SG05_35910054_20251113.zip,129.32499987730432,35.350000042984725,129.35000001588185,35.375000630376135
35910055,토지피복지도/SG05_35910055_20251113.zip,129.3499999191455,35.350000038277024,129.37500002677908,35.37500035667633
35910062,토지피복지도/SG05_35910062_20251113.zip,129.2749998722894,35.3249999869046,129.30000008093288,35.35000063004476
35910063,토지피복지도/SG05_35910063_20251113.zip,129.29999996362554,35.3249999869046,129.3249999885169,35.35000068598906
35910064,토지피복지도/SG05_35910064_20251113.zip,129.32499987612826,35.324999943642645,129.35000001588185,35.35000070442045
36602009,토지피복지도/SG05_36602009_20251113.zip,126.44999998602955,36.97500001093825,126.47499999640198,37.00000067903873
36602010,토지피복지도/SG05_36602010_20251113.zip,126.4749999467343,36.97499998536263,126.50000003759672,37.00000069466673
36602020,토지피복지도/SG05_36602020_20251113.zip,126.4749999467343,36.949999981858085,126.50000001252123,36.97500001705294
36602030,토지피복지도/SG05_36602030_20251113.zip,126.47499999580525,36.925000021821695,126.50000000142649,36.95000061042653
36602040,토지피복지도/SG05_36602040_20251113.zip,126.47499998267126,36.89999995725634,126.50000001407875,36.925000680725674
36602049,토지피복지도/SG05_36602049_20251113.zip,126.44999994630636,36.87499996840029,126.47499999397091,36.90000065519568
36602050,토지피복지도/SG05_36602050_20251113.zip,126.47499998097733,36.87499996840029,126.50000004608845,36.900000648345824
36602060,토지피복지도/SG05_36602060_20251113.zip,126.47499998097733,36.849999965174824,126.50000004350645,36.875000645345565
36603001,토지피복지도/SG05_36603001_20251113.zip,126.50000000317075,36.97499998536263,126.52499999320185,37.00000066954274
36603002,토지피복지도/SG05_36603002_20251113.zip,126.52499997353752,36.97499998650596,126.54999997842492,37.00000065007199
36603003,토지피복지도/SG05_36603003_20251113.zip,126.5499999654758,36.97499998650596,126.57499999130359,37.00000063653348
36603004,토지피복지도/SG05_36603004_20251113.zip,126.57499996726841,36.9750000151537,126.60000003122484,37.00000062820133
36603005,토지피복지도/SG05_36603005_20251113.zip,126.59999999119,36.97499997193223,126.6250000366805,37.000000622135495
36603006,토지피복지도/SG05_36603006_20251113.zip,126.62499998257388,36.97499997193223,126.64999998973761,37.00000062785582
36603007,토지피복지도/SG05_36603007_20251113.zip,126.64999995366684,36.97499998077405,126.6750000554553,37.00000062477205
36603008,토지피복지도/SG05_36603008_20251113.zip,126.67499996075678,36.9749999745337,126.69999995693769,37.00000064574388
36603009,토지피복지도/SG05_36603009_20251113.zip,126.69999994930993,36.974999959496685,126.7249999755613,37.00000067064873
36603010,토지피복지도/SG05_36603010_20251113.zip,126.72499995384382,36.974999959496685,126.75000001160409,37.000000649805436
36603011,토지피복지도/SG05_36603011_20251113.zip,126.49999998795472,36.950000006416204,126.5249999891973,36.97500059753696
36603012,토지피복지도/SG05_36603012_20251113.zip,126.52499997353752,36.94999996334727,126.55000000096955,36.97500065381797
36603013,토지피복지도/SG05_36603013_20251113.zip,126.54999996939068,36.94999996334727,126.5750000425494,36.97500066112134
36603014,토지피복지도/SG05_36603014_20251113.zip,126.57499998886293,36.949999973529174,126.6000000313786,36.975000675301885
36603015,토지피복지도/SG05_36603015_20251113.zip,126.59999999483585,36.949999972844445,126.62499998625856,36.975000651746456
36603016,토지피복지도/SG05_36603016_20251113.zip,126.62499996935354,36.94999996245879,126.64999996782707,36.97500063357042
36603017,토지피복지도/SG05_36603017_20251113.zip,126.64999995366684,36.94999996245879,126.6750000554553,36.97500066858546
36603018,토지피복지도/SG05_36603018_20251113.zip,126.67499997623223,36.95000000548342,126.70000000638557,36.97500066549553
36603019,토지피복지도/SG05_36603019_20251113.zip,126.69999995045009,36.94999998153355,126.7250000526703,36.97500062505153
36603020,토지피복지도/SG05_36603020_20251113.zip,126.72499997346704,36.94999998153355,126.75000001305708,36.97500063619476
36603021,토지피복지도/SG05_36603021_20251113.zip,126.49999998795472,36.92499999321636,126.52500001199824,36.95000066664879
36603022,토지피복지도/SG05_36603022_20251113.zip,126.52499998115793,36.92499999321636,126.54999999989883,36.950000638773346
36603023,토지피복지도/SG05_36603023_20251113.zip,126.54999994404889,36.925000002163635,126.57500004355211,36.95000062539509
36603024,토지피복지도/SG05_36603024_20251113.zip,126.57500001417618,36.925000002163635,126.60000000441867,36.950000662241216
36603025,토지피복지도/SG05_36603025_20251113.zip,126.59999999450538,36.924999958948945,126.62499999759814,36.95000066297755
36603026,토지피복지도/SG05_36603026_20251113.zip,126.62499996935354,36.924999958948945,126.65000001856572,36.95000062546891
36603027,토지피복지도/SG05_36603027_20251113.zip,126.64999996357915,36.92500001939068,126.67499997648001,36.95000064199981
36603028,토지피복지도/SG05_36603028_20251113.zip,126.67499994693839,36.92500003389258,126.70000001302068,36.95000066648958
36603029,토지피복지도/SG05_36603029_20251113.zip,126.70000000507899,36.924999988044654,126.72500005271444,36.950000654665715
36603030,토지피복지도/SG05_36603030_20251113.zip,126.72499996715004,36.924999988044654,126.75000005628544,36.95000065061165
36603031,토지피복지도/SG05_36603031_20251113.zip,126.49999998963665,36.899999965017194,126.52500001050154,36.925000664535695
36603032,토지피복지도/SG05_36603032_20251113.zip,126.52499994910545,36.89999996282352,126.55000002744619,36.9250006619671
36603033,토지피복지도/SG05_36603033_20251113.zip,126.54999994404889,36.89999996282352,126.57500002597536,36.925000663711245
36603034,토지피복지도/SG05_36603034_20251113.zip,126.57500001417618,36.90000001612886,126.60000003051383,36.92500068052109
36603035,토지피복지도/SG05_36603035_20251113.zip,126.59999999450538,36.900000020026305,126.62499999701882,36.925000659516066
36603036,토지피복지도/SG05_36603036_20251113.zip,126.62499995241522,36.899999971051066,126.65000002245172,36.92500064726434
36603037,토지피복지도/SG05_36603037_20251113.zip,126.65000000006543,36.899999971051066,126.67499996915552,36.925000689522484
36603038,토지피복지도/SG05_36603038_20251113.zip,126.67499994693839,36.899999977828,126.70000000507899,36.92500069672359
36603039,토지피복지도/SG05_36603039_20251113.zip,126.69999994656821,36.89999997983681,126.72500005364103,36.92500066883375
36603040,토지피복지도/SG05_36603040_20251113.zip,126.72499996715004,36.89999997459094,126.7500000559523,36.925000649983446
36603041,토지피복지도/SG05_36603041_20251113.zip,126.50000000816954,36.87500000732178,126.52500002094988,36.900000652056555
36603042,토지피복지도/SG05_36603042_20251113.zip,126.52499994910545,36.874999985548875,126.5500000368919,36.90000062143907
36603043,토지피복지도/SG05_36603043_20251113.zip,126.55000002414276,36.874999985548875,126.5750000521307,36.9000006471802
36603044,토지피복지도/SG05_36603044_20251113.zip,126.5750000172174,36.875000012245955,126.60000003028358,36.90000068295676
36603045,토지피복지도/SG05_36603045_20251113.zip,126.59999998928167,36.87499997625579,126.6249999600265,36.900000685223645
36603046,토지피복지도/SG05_36603046_20251113.zip,126.6249999490449,36.87499997625579,126.65000004199203,36.900000653306336
36603047,토지피복지도/SG05_36603047_20251113.zip,126.6500000011418,36.87499998675584,126.67500003939341,36.90000063197604
36603048,토지피복지도/SG05_36603048_20251113.zip,126.67499996826996,36.87499998675584,126.70000005521075,36.90000066713773
36603049,토지피복지도/SG05_36603049_20251113.zip,126.69999994656821,36.874999956157836,126.72500005364103,36.90000066814985
36603050,토지피복지도/SG05_36603050_20251113.zip,126.72499997547776,36.874999956157836,126.75000002216862,36.90000063471744
36603051,토지피복지도/SG05_36603051_20251113.zip,126.49999998348,36.849999955666206,126.5250000252392,36.875000667344736
36603052,토지피복지도/SG05_36603052_20251113.zip,126.52500000231475,36.849999955666206,126.55000004972518,36.875000656631805
36603053,토지피복지도/SG05_36603053_20251113.zip,126.55000002414276,36.849999993717496,126.5750000512644,36.87500065679011
36603054,토지피복지도/SG05_36603054_20251113.zip,126.57500000424993,36.849999974514965,126.59999999760106,36.87500067116837
36603055,토지피복지도/SG05_36603055_20251113.zip,126.59999998434267,36.849999974514965,126.6249999861071,36.8750006510669
36603056,토지피복지도/SG05_36603056_20251113.zip,126.6249999490449,36.85000000787607,126.65000004107866,36.87500064425614
36603057,토지피복지도/SG05_36603057_20251113.zip,126.65000000770824,36.849999980547544,126.67500005268906,36.875000649653536
36603058,토지피복지도/SG05_36603058_20251113.zip,126.67500003939341,36.849999980547544,126.70000005521075,36.87500066738822
36603059,토지피복지도/SG05_36603059_20251113.zip,126.69999999380073,36.85000000766388,126.72499997638792,36.87500065248763
36603060,토지피복지도/SG05_36603060_20251113.zip,126.72499995672896,36.84999997459769,126.75000004650678,36.87500064954463
36603061,토지피복지도/SG05_36603061_20251113.zip,126.49999998348,36.82499997408516,126.5250000157616,36.85000062293581
36603062,토지피복지도/SG05_36603062_20251113.zip,126.52500000273199,36.82499997408516,126.55000004742675,36.85000063171844
36603063,토지피복지도/SG05_36603063_20251113.zip,126.5499999846606,36.824999969547356,126.57500000822452,36.85000065155974
36603064,토지피복지도/SG05_36603064_20251113.zip,126.5749999884234,36.824999969547356,126.60000001559348,36.850000644061595
36603065,토지피복지도/SG05_36603065_20251113.zip,126.59999998434267,36.825000012212016,126.62499998591407,36.85000064834897
36603066,토지피복지도/SG05_36603066_20251113.zip,126.62499995114773,36.82500000696861,126.65000002360169,36.85000066605984
36603067,토지피복지도/SG05_36603067_20251113.zip,126.65000000757993,36.82499995923062,126.67500004849927,36.85000065061515
36603068,토지피복지도/SG05_36603068_20251113.zip,126.67499999562848,36.82499995923062,126.70000000070813,36.85000065238876
36603069,토지피복지도/SG05_36603069_20251113.zip,126.69999998852727,36.82499997165814,126.72499999764298,36.85000066588599
36603070,토지피복지도/SG05_36603070_20251113.zip,126.72499995672896,36.82499999687623,126.7500000461645,36.850000648408134
36603073,토지피복지도/SG05_36603073_20251113.zip,126.5499999483489,36.79999996557332,126.57500000740437,36.82500063507731
36603074,토지피복지도/SG05_36603074_20251113.zip,126.5749999884234,36.800000014813214,126.60000001507294,36.825000637783155
36603075,토지피복지도/SG05_36603075_20251113.zip,126.59999996909151,36.80000002629541,126.62499996356584,36.82500067060859
36603076,토지피복지도/SG05_36603076_20251113.zip,126.62499995114773,36.79999998901648,126.6500000199582,36.82500067287539
36603077,토지피복지도/SG05_36603077_20251113.zip,126.64999996546292,36.79999998901648,126.67500000208264,36.8250006385567
36603078,토지피복지도/SG05_36603078_20251113.zip,126.67499999249115,36.80000000887043,126.70000003728742,36.82500062248267
36603079,토지피복지도/SG05_36603079_20251113.zip,126.69999998862149,36.79999997564381,126.72500000001781,36.825000665500895
36603080,토지피복지도/SG05_36603080_20251113.zip,126.72499998641624,36.79999997564381,126.7500000220745,36.825000677800666
36603086,토지피복지도/SG05_36603086_20251113.zip,126.62499995703764,36.77499995636753,126.64999997008499,36.80000066385973
36603087,토지피복지도/SG05_36603087_20251113.zip,126.64999995619222,36.77499995636753,126.67500003978056,36.800000657885775
36603088,토지피복지도/SG05_36603088_20251113.zip,126.67499999249115,36.77499996240996,126.70000004095044,36.800000667923484
36603089,토지피복지도/SG05_36603089_20251113.zip,126.70000002856786,36.774999982282246,126.72500003449112,36.80000064891489
36603090,토지피복지도/SG05_36603090_20251113.zip,126.72499998641624,36.774999982282246,126.75000005492195,36.800000646609575
36603097,토지피복지도/SG05_36603097_20251113.zip,126.64999995627983,36.74999998669134,126.67500004227783,36.775000616086004
36603100,토지피복지도/SG05_36603100_20251113.zip,126.72500002991256,36.74999997364928,126.75000005492195,36.775000646074965
36604001,토지피복지도/SG05_36604001_20251113.zip,126.74999997308447,36.97499999558397,126.77500000544559,37.00000048829728
36604002,토지피복지도/SG05_36604002_20251113.zip,126.77499994949552,36.974999956871706,126.80000004979186,37.00000062914535
36604011,토지피복지도/SG05_36604011_20251113.zip,126.75000000115284,36.949999990843985,126.77499996432753,36.975000653948356
36604012,토지피복지도/SG05_36604012_20251113.zip,126.77499994949552,36.949999990843985,126.80000004914082,36.97500055235516
36604013,토지피복지도/SG05_36604013_20251113.zip,126.80000001243543,36.95000003096311,126.82500003369707,36.975000220241576
36604014,토지피복지도/SG05_36604014_20251113.zip,126.82499997355478,36.95000000118278,126.85000002765803,36.97500066141563
36604021,토지피복지도/SG05_36604021_20251113.zip,126.75000000115284,36.9249999710107,126.77500004606009,36.950000655395606
36604022,토지피복지도/SG05_36604022_20251113.zip,126.77499996308761,36.9249999710107,126.80000005373313,36.95000066827986
36604023,토지피복지도/SG05_36604023_20251113.zip,126.80000004792073,36.92499999285853,126.82500003369707,36.950000662998484
36604024,토지피복지도/SG05_36604024_20251113.zip,126.82499994840207,36.92499999285853,126.85000002765803,36.95000067551612
36604025,토지피복지도/SG05_36604025_20251113.zip,126.84999997036448,36.924999964264344,126.8750000296005,36.95000066925873
36604031,토지피복지도/SG05_36604031_20251113.zip,126.74999995051576,36.89999997459094,126.7750000461459,36.925000641726825
36604032,토지피복지도/SG05_36604032_20251113.zip,126.77499997349327,36.900000025795116,126.80000004792073,36.92500064308842
36604033,토지피복지도/SG05_36604033_20251113.zip,126.80000000832942,36.90000002651201,126.82500005398218,36.925000653754225
36604034,토지피복지도/SG05_36604034_20251113.zip,126.82499994840207,36.89999997591055,126.84999999687984,36.92500067478492
36604035,토지피복지도/SG05_36604035_20251113.zip,126.84999997036448,36.89999997591055,126.8750000004743,36.92500056356557
36604041,토지피복지도/SG05_36604041_20251113.zip,126.74999995084794,36.87499997543186,126.7749999783103,36.90000065793222
36604042,토지피복지도/SG05_36604042_20251113.zip,126.77499997027765,36.87499997543186,126.80000004344805,36.900000691998144
36604043,토지피복지도/SG05_36604043_20251113.zip,126.80000000832942,36.87499998138253,126.82500005398218,36.90000069232733
36604044,토지피복지도/SG05_36604044_20251113.zip,126.82500001396319,36.87499998544219,126.84999999916857,36.90000053857954
36604051,토지피복지도/SG05_36604051_20251113.zip,126.75000002216862,36.84999997459769,126.77500003657534,36.87500065871513
36604052,토지피복지도/SG05_36604052_20251113.zip,126.77499997051285,36.84999999453641,126.80000004715414,36.87500063575747
36604053,토지피복지도/SG05_36604053_20251113.zip,126.80000003914074,36.84999995772214,126.8250000531301,36.875000670794385
36604054,토지피복지도/SG05_36604054_20251113.zip,126.82500001396319,36.84999995772214,126.84999999459919,36.87500054815759
36604061,토지피복지도/SG05_36604061_20251113.zip,126.75000002198504,36.82499999687623,126.77500003657534,36.85000064461508
36604062,토지피복지도/SG05_36604062_20251113.zip,126.77499994756229,36.824999992477245,126.80000003932341,36.85000065454081
36604063,토지피복지도/SG05_36604063_20251113.zip,126.79999999749016,36.824999992477245,126.82500005293095,36.850000633326644
36604064,토지피복지도/SG05_36604064_20251113.zip,126.82499994600589,36.824999958868545,126.85000001693088,36.85000058591726
36604071,토지피복지도/SG05_36604071_20251113.zip,126.74999995025013,36.80000000400527,126.77500003980698,36.82500065971866
36604072,토지피복지도/SG05_36604072_20251113.zip,126.77499994756229,36.799999975420924,126.80000003017894,36.82500065736473
36604073,토지피복지도/SG05_36604073_20251113.zip,126.79999999749016,36.799999975420924,126.82500003008992,36.82500067078691
36604074,토지피복지도/SG05_36604074_20251113.zip,126.82499994600589,36.80000000840495,126.85000004063825,36.82500065213453
36604075,토지피복지도/SG05_36604075_20251113.zip,126.85000001634283,36.79999998892253,126.87499998230463,36.825000652897074
36604081,토지피복지도/SG05_36604081_20251113.zip,126.74999995025013,36.77499998330348,126.77500004010825,36.800000660585305
36604082,토지피복지도/SG05_36604082_20251113.zip,126.77499997707477,36.77499998330348,126.80000003234365,36.8000006466855
36604083,토지피복지도/SG05_36604083_20251113.zip,126.80000002310027,36.77499996591791,126.82500003008992,36.80000064873895
36604084,토지피복지도/SG05_36604084_20251113.zip,126.82499996873584,36.77499996169276,126.85000004253523,36.80000066752981
36604085,토지피복지도/SG05_36604085_20251113.zip,126.85000003552115,36.77499996169276,126.8749999982557,36.8000006576548
36604091,토지피복지도/SG05_36604091_20251113.zip,126.74999999982363,36.74999997364928,126.77499998612609,36.77500064643443
36604092,토지피복지도/SG05_36604092_20251113.zip,126.77499997707477,36.749999985973034,126.80000002331927,36.7750006648235
36604093,토지피복지도/SG05_36604093_20251113.zip,126.7999999791419,36.749999985973034,126.82499998635944,36.77500065678317
36608001,토지피복지도/SG05_36608001_20251113.zip,126.74999999982363,36.72499998698392,126.7749999831967,36.75000066133017
36809060,토지피복지도/SG05_36809060_20251113.zip,128.22499997456512,36.34999991724312,128.25000013451557,36.375000710530784
36809070,토지피복지도/SG05_36809070_20251113.zip,128.224999983405,36.324999964272,128.25000013451557,36.35000064007368
36809078,토지피복지도/SG05_36809078_20251113.zip,128.174999957577,36.29999991921295,128.20000005608247,36.32500063037258
36809079,토지피복지도/SG05_36809079_20251113.zip,128.1999999980535,36.29999994718787,128.2250000754915,36.32500067220477
36809080,토지피복지도/SG05_36809080_20251113.zip,128.22500003657103,36.29999994718787,128.25000003429068,36.325000696386994
36809086,토지피복지도/SG05_36809086_20251113.zip,128.12499996985437,36.274999967222996,128.1500000437088,36.30000072382038
36809087,토지피복지도/SG05_36809087_20251113.zip,128.14999993388125,36.274999963047804,128.17500000396421,36.30000053450916
36809088,토지피복지도/SG05_36809088_20251113.zip,128.1749999251756,36.274999963047804,128.20000001070008,36.30000062714218
36809089,토지피복지도/SG05_36809089_20251113.zip,128.1999999597348,36.27499994817101,128.2250000573158,36.30000064099706
36809090,토지피복지도/SG05_36809090_20251113.zip,128.22500002224277,36.274999938656144,128.25000003429068,36.30000060517029
36809096,토지피복지도/SG05_36809096_20251113.zip,128.1249999800879,36.25000004789363,128.15000004507746,36.27500066082863
36809097,토지피복지도/SG05_36809097_20251113.zip,128.14999993345805,36.24999999662488,128.17499992961334,36.2750006693275
36809098,토지피복지도/SG05_36809098_20251113.zip,128.17499985004574,36.24999996950287,128.199999978595,36.275000660439744
36809099,토지피복지도/SG05_36809099_20251113.zip,128.19999992304483,36.24999996950287,128.22500006017668,36.27500065181635
36809100,토지피복지도/SG05_36809100_20251113.zip,128.2250000301392,36.25000000036757,128.25000011246445,36.27500059951007
36810051,토지피복지도/SG05_36810051_20251113.zip,128.2500000348547,36.35000005179143,128.27500009636546,36.37500064404579
36810052,토지피복지도/SG05_36810052_20251113.zip,128.27499997546818,36.349999855725876,128.29999998182302,36.37500055796846
36810061,토지피복지도/SG05_36810061_20251113.zip,128.2500000199966,36.32499989749981,128.27500009702504,36.35000072514954
36810062,토지피복지도/SG05_36810062_20251113.zip,128.27499989337923,36.32499989749981,128.30000014253767,36.35000063561559
36810063,토지피복지도/SG05_36810063_20251113.zip,128.2999999810167,36.324999911124614,128.32500002264248,36.35000061606072
36810064,토지피복지도/SG05_36810064_20251113.zip,128.3249999683976,36.32499983755851,128.35000009761427,36.35000076936499
36810065,토지피복지도/SG05_36810065_20251113.zip,128.35000005701042,36.32499983755851,128.37500009180403,36.350000741045285
36810071,토지피복지도/SG05_36810071_20251113.zip,128.24999999595323,36.29999995581106,128.27500005507105,36.3250005844304
36810072,토지피복지도/SG05_36810072_20251113.zip,128.27499989337923,36.30000014010461,128.30000014253767,36.32500055669201
36810073,토지피복지도/SG05_36810073_20251113.zip,128.29999999652935,36.30000004620773,128.32500008843928,36.32500066982701
36810074,토지피복지도/SG05_36810074_20251113.zip,128.3249999822618,36.30000003838141,128.35000007912708,36.325000630209885
36810075,토지피복지도/SG05_36810075_20251113.zip,128.34999998820308,36.30000003838141,128.37499999104094,36.32500058360397
36810076,토지피복지도/SG05_36810076_20251113.zip,128.3749999200698,36.30000000521939,128.4000000098616,36.32500062245239
36810081,토지피복지도/SG05_36810081_20251113.zip,128.24999994999297,36.274999938656144,128.27500005507105,36.3000007039591
36810082,토지피복지도/SG05_36810082_20251113.zip,128.27499999560405,36.27499999927338,128.29999999857168,36.30000079412028
36810083,토지피복지도/SG05_36810083_20251113.zip,128.29999995712708,36.27499999927338,128.32500011245594,36.30000074728868
36810084,토지피복지도/SG05_36810084_20251113.zip,128.32500006572124,36.27500004761245,128.35000004853416,36.30000069265706
36810085,토지피복지도/SG05_36810085_20251113.zip,128.3499999746742,36.27500004761245,128.37500002120305,36.30000072989696
36810086,토지피복지도/SG05_36810086_20251113.zip,128.374999929257,36.27499999377813,128.40000002269213,36.30000071360412
36810087,토지피복지도/SG05_36810087_20251113.zip,128.39999998304555,36.27499999377813,128.4250000121196,36.30000068910778
36810088,토지피복지도/SG05_36810088_20251113.zip,128.4249999386684,36.27499992637651,128.45000000787343,36.30000070749952
36810091,토지피복지도/SG05_36810091_20251113.zip,128.2499999534432,36.25000000036757,128.27500000544887,36.27500062871617
36810092,토지피복지도/SG05_36810092_20251113.zip,128.27499996356738,36.25000002933311,128.29999999815504,36.27500066004908
36810093,토지피복지도/SG05_36810093_20251113.zip,128.29999996012353,36.25000002933311,128.32500011245594,36.27500073514419
36810094,토지피복지도/SG05_36810094_20251113.zip,128.3249999399709,36.25000004853799,128.35000013852792,36.27500075839517
36810095,토지피복지도/SG05_36810095_20251113.zip,128.35000004011619,36.25000001497199,128.37500002120305,36.27500073266067
36810096,토지피복지도/SG05_36810096_20251113.zip,128.37499992364022,36.24999988466365,128.40000002289315,36.275000707619384
36810097,토지피복지도/SG05_36810097_20251113.zip,128.39999995556641,36.24999988466365,128.42499994560657,36.2750006779327
36810098,토지피복지도/SG05_36810098_20251113.zip,128.42499989579838,36.249999935128024,128.45000002870694,36.275000644928056
36813007,토지피복지도/SG05_36813007_20251113.zip,128.1499999254601,36.22499997782426,128.17500000945904,36.25000070864459
36813008,토지피복지도/SG05_36813008_20251113.zip,128.17499985795018,36.22500005911021,128.20000002274756,36.250000635308844
36813009,토지피복지도/SG05_36813009_20251113.zip,128.19999993556738,36.22499983017642,128.22500007490805,36.25000065466115
36813010,토지피복지도/SG05_36813010_20251113.zip,128.2250000364612,36.22499983017642,128.2500001136244,36.25000066854303
36813020,토지피복지도/SG05_36813020_20251113.zip,128.22499999211644,36.19999991827019,128.25000006315673,36.22500059936727
36813030,토지피복지도/SG05_36813030_20251113.zip,128.22499998208912,36.17499994398621,128.25000001343727,36.20000065105669
36814001,토지피복지도/SG05_36814001_20251113.zip,128.2500000544683,36.22500005282377,128.27499998207665,36.250000732402995
36814002,토지피복지도/SG05_36814002_20251113.zip,128.27499994803543,36.22499996012017,128.3000000010063,36.25000072308575
36814003,토지피복지도/SG05_36814003_20251113.zip,128.2999999178847,36.22499996012017,128.32500002369807,36.25000071109626
36814004,토지피복지도/SG05_36814004_20251113.zip,128.3249999360759,36.22500000159056,128.35000013852792,36.2500007209773
36814005,토지피복지도/SG05_36814005_20251113.zip,128.35000004097174,36.22500008406344,128.37500009606788,36.25000068863069
36814006,토지피복지도/SG05_36814006_20251113.zip,128.3749999265256,36.224999945537675,128.4000000679523,36.25000060453809
36814007,토지피복지도/SG05_36814007_20251113.zip,128.3999999631509,36.224999898266766,128.42499995987075,36.25000056382151
36814008,토지피복지도/SG05_36814008_20251113.zip,128.42499990762354,36.224999898266766,128.45000002870694,36.250000604729074
36814009,토지피복지도/SG05_36814009_20251113.zip,128.44999997319212,36.22499997637074,128.47500004803766,36.25000065567443
36814010,토지피복지도/SG05_36814010_20251113.zip,128.47499993983624,36.22499997637074,128.50000002405963,36.250000698343875
36814011,토지피복지도/SG05_36814011_20251113.zip,128.24999991696083,36.19999991827019,128.27499999092143,36.22500072385147
36814012,토지피복지도/SG05_36814012_20251113.zip,128.2749999526656,36.199999943144306,128.29999999126554,36.22500068529112
36814013,토지피복지도/SG05_36814013_20251113.zip,128.2999999165985,36.200000060424,128.32500002473887,36.225000635104905
36814014,토지피복지도/SG05_36814014_20251113.zip,128.32499998630976,36.19999984727719,128.3500000900891,36.22500072184269
36814015,토지피복지도/SG05_36814015_20251113.zip,128.35000002899764,36.19999984727719,128.37500009686147,36.22500076458768
36814016,토지피복지도/SG05_36814016_20251113.zip,128.37499996823564,36.19999987858358,128.4000000672989,36.22500066970602
36814017,토지피복지도/SG05_36814017_20251113.zip,128.3999998792703,36.19999991225496,128.42500004500178,36.225000577006114
36814018,토지피복지도/SG05_36814018_20251113.zip,128.4249999499501,36.19999988390915,128.45000012023456,36.22500061777173
36814019,토지피복지도/SG05_36814019_20251113.zip,128.449999993478,36.19999988390915,128.47500000818496,36.22500065486802
36814020,토지피복지도/SG05_36814020_20251113.zip,128.47499993284245,36.200000099128026,128.5000000295197,36.22500064713628
36814021,토지피복지도/SG05_36814021_20251113.zip,128.2499999147371,36.17499996002846,128.27499999092143,36.20000058229423
36814022,토지피복지도/SG05_36814022_20251113.zip,128.2749999107428,36.17499996002846,128.30000008058556,36.20000065531451
36814023,토지피복지도/SG05_36814023_20251113.zip,128.29999998584063,36.17499998610677,128.3250000562469,36.20000072826057
36814024,토지피복지도/SG05_36814024_20251113.zip,128.32500000881242,36.17499998610677,128.3500000900891,36.200000628108846
36814025,토지피복지도/SG05_36814025_20251113.zip,128.35000003987264,36.17500002194266,128.37500010891299,36.20000051352598
36814026,토지피복지도/SG05_36814026_20251113.zip,128.37499996823564,36.17500002194266,128.40000007303217,36.200000548892795
36814027,토지피복지도/SG05_36814027_20251113.zip,128.39999987917363,36.174999979131606,128.42500006296999,36.200000672740146
36814028,토지피복지도/SG05_36814028_20251113.zip,128.42500001978507,36.174999979131606,128.45000012023456,36.20000066136788
36814029,토지피복지도/SG05_36814029_20251113.zip,128.44999996777764,36.175000006739836,128.47500000818496,36.20000065006937
36814030,토지피복지도/SG05_36814030_20251113.zip,128.47499990797706,36.17500012618879,128.5000000295197,36.200000768687495
36814031,토지피복지도/SG05_36814031_20251113.zip,128.2499999829363,36.149999965873256,128.27500008571818,36.17500065178489
36814032,토지피복지도/SG05_36814032_20251113.zip,128.27499991594462,36.149999962765335,128.3000000848499,36.17500066267798
36814033,토지피복지도/SG05_36814033_20251113.zip,128.30000005335202,36.149999874682194,128.32500005549988,36.17500067577067
36814034,토지피복지도/SG05_36814034_20251113.zip,128.32499999278104,36.149999874682194,128.35000007453965,36.175000693723604
36814035,토지피복지도/SG05_36814035_20251113.zip,128.35000003487852,36.149999880112624,128.37500010891299,36.17500071050419
36814036,토지피복지도/SG05_36814036_20251113.zip,128.37500004523864,36.15000006879204,128.40000008578397,36.17500068775508
36814037,토지피복지도/SG05_36814037_20251113.zip,128.40000004474717,36.14999991892348,128.42500006296999,36.17500066562559
36814038,토지피복지도/SG05_36814038_20251113.zip,128.42500000329406,36.14999991892348,128.44999997271933,36.17500065257511
36814039,토지피복지도/SG05_36814039_20251113.zip,128.4499998742829,36.149999940890204,128.47500009270408,36.17500071984655
36814040,토지피복지도/SG05_36814040_20251113.zip,128.47499991066374,36.14999998953044,128.50000010982393,36.17500079289404
36814042,토지피복지도/SG05_36814042_20251113.zip,128.27500002948946,36.12500003724376,128.3000000849121,36.15000062169396
36814043,토지피복지도/SG05_36814043_20251113.zip,128.29999999732414,36.12499993511613,128.32500000675995,36.15000057307813
36814044,토지피복지도/SG05_36814044_20251113.zip,128.32499996683592,36.12499992919191,128.35000007508808,36.150000529543625
36814045,토지피복지도/SG05_36814045_20251113.zip,128.34999999949443,36.12499992919191,128.37500006680793,36.15000063415772
36814046,토지피복지도/SG05_36814046_20251113.zip,128.37500003211142,36.12500001664235,128.40000008685178,36.150000728204745
36814047,토지피복지도/SG05_36814047_20251113.zip,128.40000001980002,36.12500002107665,128.42500002095878,36.15000065559712
36814048,토지피복지도/SG05_36814048_20251113.zip,128.42499992084174,36.12500004545207,128.44999994848905,36.15000058270058
36814049,토지피복지도/SG05_36814049_20251113.zip,128.44999986899398,36.12500004545207,128.47500009288822,36.15000065026519
36814050,토지피복지도/SG05_36814050_20251113.zip,128.47499999493297,36.125000086658275,128.50000010982393,36.150000673687046
36814051,토지피복지도/SG05_36814051_20251113.zip,128.25000001144497,36.09999999345185,128.2750000557638,36.12500063093732
36814052,토지피복지도/SG05_36814052_20251113.zip,128.27500001786828,36.10000001226499,128.30000000512206,36.125000699865055
36814053,토지피복지도/SG05_36814053_20251113.zip,128.29999994180955,36.10000001226499,128.32500011732537,36.12500063972413
36814054,토지피복지도/SG05_36814054_20251113.zip,128.32499998834766,36.10000005842347,128.3500000093224,36.125000585339826
36814055,토지피복지도/SG05_36814055_20251113.zip,128.349999952138,36.09999986764459,128.37500006095277,36.12500063509465
36814056,토지피복지도/SG05_36814056_20251113.zip,128.3749999742347,36.09999986764459,128.4000000317704,36.12500067299588
36814057,토지피복지도/SG05_36814057_20251113.zip,128.39999991345613,36.09999986410335,128.42499997632802,36.125000725794614
36814058,토지피복지도/SG05_36814058_20251113.zip,128.42499990994864,36.09999986410335,128.4500000750889,36.12500073427988
36814059,토지피복지도/SG05_36814059_20251113.zip,128.44999994848905,36.09999988817289,128.4750000050746,36.12500075350587
36814060,토지피복지도/SG05_36814060_20251113.zip,128.4749999488529,36.09999988817289,128.50000008084953,36.12500077322519
36814062,토지피복지도/SG05_36814062_20251113.zip,128.27499994256,36.07499988665198,128.3000000313639,36.10000067968079
36814063,토지피복지도/SG05_36814063_20251113.zip,128.29999994719796,36.07499988665198,128.32500011732537,36.100000741219674
36814064,토지피복지도/SG05_36814064_20251113.zip,128.32499993554183,36.07499990886286,128.3500000944496,36.100000767152345
36814065,토지피복지도/SG05_36814065_20251113.zip,128.34999997497263,36.074999887801596,128.37500006191763,36.10000062025029
36814066,토지피복지도/SG05_36814066_20251113.zip,128.37499997651625,36.074999887801596,128.399999953385,36.10000065807305
36814067,토지피복지도/SG05_36814067_20251113.zip,128.39999989758473,36.07499987175413,128.42499997734683,36.10000065869754
36814068,토지피복지도/SG05_36814068_20251113.zip,128.4249998628196,36.07499987175413,128.4500000750889,36.100000656780026
36814069,토지피복지도/SG05_36814069_20251113.zip,128.4500000132185,36.07500005180154,128.47499999905102,36.100000673361485
36814070,토지피복지도/SG05_36814070_20251113.zip,128.47499994299667,36.07499990082897,128.49999998821036,36.100000660336356
36814074,토지피복지도/SG05_36814074_20251113.zip,128.32499993113595,36.04999984201042,128.3500000944496,36.07500057592639
36814075,토지피복지도/SG05_36814075_20251113.zip,128.35000001220064,36.04999984201042,128.37500006191763,36.07500055000832
36814076,토지피복지도/SG05_36814076_20251113.zip,128.37499994703404,36.04999990077074,128.4000000325919,36.07500067600314
36814078,토지피복지도/SG05_36814078_20251113.zip,128.42499986332672,36.05000004754829,128.4500000454934,36.0750006155554
36814079,토지피복지도/SG05_36814079_20251113.zip,128.45000000496364,36.04999987058894,128.47500008410853,36.075000704970755
36815011,토지피복지도/SG05_36815011_20251113.zip,128.49999999216377,36.199999986980266,128.5250001349862,36.225000607237135
36815012,토지피복지도/SG05_36815012_20251113.zip,128.52499996082264,36.199999986980266,128.55000004608976,36.225000538480835
36815021,토지피복지도/SG05_36815021_20251113.zip,128.49999996246828,36.175000006983296,128.5249999658409,36.20000071498765
36815022,토지피복지도/SG05_36815022_20251113.zip,128.5249999262203,36.174999949023146,128.55000008349725,36.20000065798724
36815023,토지피복지도/SG05_36815023_20251113.zip,128.55000001555138,36.174999949023146,128.5750001140539,36.20000073563952
36815031,토지피복지도/SG05_36815031_20251113.zip,128.49999998252525,36.14999998953044,128.52499996771562,36.1750007351056
36815032,토지피복지도/SG05_36815032_20251113.zip,128.52499990947024,36.15000005189171,128.55000008349725,36.17500063101179
36815033,토지피복지도/SG05_36815033_20251113.zip,128.54999998804513,36.14999990774051,128.5750001140539,36.175000656200446
36815041,토지피복지도/SG05_36815041_20251113.zip,128.50000005469053,36.12499984428745,128.52500006703292,36.15000070503842
36815042,토지피복지도/SG05_36815042_20251113.zip,128.52499993007686,36.12499984428745,128.55000008379795,36.15000073203851
36815043,토지피복지도/SG05_36815043_20251113.zip,128.54999998709528,36.12500005634166,128.57500000802932,36.150000630468305
36815051,토지피복지도/SG05_36815051_20251113.zip,128.49999989320835,36.100000089262046,128.52500007423794,36.125000625862825
36815052,토지피복지도/SG05_36815052_20251113.zip,128.5250000238735,36.10000005589943,128.55000008379795,36.125000606732506
36815053,토지피복지도/SG05_36815053_20251113.zip,128.5500000123228,36.10000000465113,128.5750000133763,36.125000774834106
36816030,토지피복지도/SG05_36816030_20251113.zip,128.974999954635,36.17499990618783,128.99999999931242,36.200000656923905
36816040,토지피복지도/SG05_36816040_20251113.zip,128.97500001431172,36.15000000427247,128.99999999931242,36.17500066451452
36909079,토지피복지도/SG05_36909079_20251113.zip,129.19999995181436,36.300000016591305,129.22500003277776,36.32500069284128
36909080,토지피복지도/SG05_36909080_20251113.zip,129.2249999754766,36.29999998399005,129.25000004937166,36.325000661899296
36909084,토지피복지도/SG05_36909084_20251113.zip,129.07499987001927,36.274999998485484,129.09999996076505,36.3000008004032
36909089,토지피복지도/SG05_36909089_20251113.zip,129.19999996537345,36.27499991328825,129.22500009636437,36.30000066693323
36909090,토지피복지도/SG05_36909090_20251113.zip,129.22500000647094,36.274999906483224,129.25000013804427,36.300000668534615
36909093,토지피복지도/SG05_36909093_20251113.zip,129.0499999154088,36.249999858234744,129.0750000613643,36.27500070885739
36909094,토지피복지도/SG05_36909094_20251113.zip,129.0749999519251,36.25000003334176,129.1000000174469,36.27500065886835
36909095,토지피복지도/SG05_36909095_20251113.zip,129.09999988407296,36.24999991713791,129.12499998534068,36.27500073882408
36909096,토지피복지도/SG05_36909096_20251113.zip,129.12499992571438,36.249999908029835,129.1500000717395,36.27500079863815
36909098,토지피복지도/SG05_36909098_20251113.zip,129.17499994077724,36.24999998619384,129.20000004016399,36.275000591360836
36909099,토지피복지도/SG05_36909099_20251113.zip,129.1999999277106,36.24999998619384,129.22500009636437,36.275000600152715
36909100,토지피복지도/SG05_36909100_20251113.zip,129.2250000020135,36.25000000817167,129.25000013804427,36.27500060178071
36910061,토지피복지도/SG05_36910061_20251113.zip,129.24999995518843,36.32499995576215,129.27499998878523,36.350000747615766
36910062,토지피복지도/SG05_36910062_20251113.zip,129.27499992909017,36.32499996943198,129.30000009927667,36.35000067595454
36910071,토지피복지도/SG05_36910071_20251113.zip,129.2499999722689,36.29999998399005,129.27500005059895,36.32500061682959
36910072,토지피복지도/SG05_36910072_20251113.zip,129.2749999675053,36.29999988250497,129.29999995347504,36.3250006924542
36910081,토지피복지도/SG05_36910081_20251113.zip,129.250000030051,36.274999906483224,129.27500005059895,36.3000006458343
36910082,토지피복지도/SG05_36910082_20251113.zip,129.27499996590413,36.274999950569466,129.30000000499297,36.30000046553108
36910091,토지피복지도/SG05_36910091_20251113.zip,129.24999992696286,36.25000000817167,129.27499999269608,36.27500051618467
36910092,토지피복지도/SG05_36910092_20251113.zip,129.27499993480595,36.249999968774816,129.30000002887044,36.2750006602861
36910093,토지피복지도/SG05_36910093_20251113.zip,129.2999999618488,36.249999968774816,129.325000054363,36.275000769821936
36910094,토지피복지도/SG05_36910094_20251113.zip,129.3249999645932,36.249999997866375,129.35000006189608,36.27500071235264
36910095,토지피복지도/SG05_36910095_20251113.zip,129.3499999550501,36.24999987138572,129.37500010535797,36.27500062749646
36910096,토지피복지도/SG05_36910096_20251113.zip,129.37500001553278,36.24999987138572,129.40000003986492,36.275000479060694
36913003,토지피복지도/SG05_36913003_20251113.zip,129.04999990672968,36.22499996284925,129.0750000613643,36.25000060213447
36913004,토지피복지도/SG05_36913004_20251113.zip,129.07499997310293,36.22499996284925,129.1000000174469,36.25000069231452
36913005,토지피복지도/SG05_36913005_20251113.zip,129.09999995156855,36.224999858332716,129.12499997220198,36.25000063873998
36913006,토지피복지도/SG05_36913006_20251113.zip,129.12499991849762,36.224999858332716,129.1500001255965,36.250000548242575
36913007,토지피복지도/SG05_36913007_20251113.zip,129.1499999090401,36.22499998355763,129.17500001828006,36.25000062142023
36913008,토지피복지도/SG05_36913008_20251113.zip,129.1749999049298,36.22499995604736,129.20000005530602,36.250000660220365
36913009,토지피복지도/SG05_36913009_20251113.zip,129.19999993096195,36.22499995604736,129.22500002979004,36.25000068535091
36913010,토지피복지도/SG05_36913010_20251113.zip,129.2249999615615,36.22500000270469,129.24999993818443,36.25000069469989
36913012,토지피복지도/SG05_36913012_20251113.zip,129.02499996895588,36.199999887531895,129.0499999995141,36.225000693413016
36913013,토지피복지도/SG05_36913013_20251113.zip,129.04999989262942,36.199999887531895,129.0749999955577,36.225000668306926
36913014,토지피복지도/SG05_36913014_20251113.zip,129.07499991457746,36.200000069666935,129.09999998721548,36.22500062858726
36913015,토지피복지도/SG05_36913015_20251113.zip,129.09999993041197,36.199999977289195,129.12500000154984,36.225000557532894
36913016,토지피복지도/SG05_36913016_20251113.zip,129.12499993429105,36.199999977289195,129.1500001255965,36.225000659849044
36913017,토지피복지도/SG05_36913017_20251113.zip,129.1500000090234,36.199999983490514,129.1750000309576,36.2250007168312
36913018,토지피복지도/SG05_36913018_20251113.zip,129.17499990975406,36.2000001031177,129.20000005530602,36.22500061970871
36913019,토지피복지도/SG05_36913019_20251113.zip,129.19999999202125,36.19999993321037,129.2250000201078,36.22500066075214
36913020,토지피복지도/SG05_36913020_20251113.zip,129.22499996013818,36.199999893349975,129.24999999665982,36.22500068233836
36913021,토지피복지도/SG05_36913021_20251113.zip,128.99999995172286,36.17499990618783,129.02500004019205,36.20000066958244
36913022,토지피복지도/SG05_36913022_20251113.zip,129.02499990621652,36.174999885599796,129.04999999694613,36.200000594919
36913023,토지피복지도/SG05_36913023_20251113.zip,129.0499998921227,36.174999885599796,129.07500007864255,36.20000063525039
36913024,토지피복지도/SG05_36913024_20251113.zip,129.07499993600027,36.1749998254769,129.0999999826416,36.20000073653404
36913025,토지피복지도/SG05_36913025_20251113.zip,129.0999999280533,36.1749998254769,129.12500005434796,36.200000692532775
36913026,토지피복지도/SG05_36913026_20251113.zip,129.12499997399797,36.174999990230745,129.15000002012596,36.20000063281159
36913027,토지피복지도/SG05_36913027_20251113.zip,129.14999992382096,36.17499986923496,129.1750000309576,36.20000070478027
36913028,토지피복지도/SG05_36913028_20251113.zip,129.17499996434972,36.17499986923496,129.20000003304656,36.20000053000199
36913029,토지피복지도/SG05_36913029_20251113.zip,129.19999987065722,36.17499998822159,129.22500008186154,36.20000067261602
36913030,토지피복지도/SG05_36913030_20251113.zip,129.22499999543422,36.174999961256965,129.25000010255425,36.20000055726376
36913031,토지피복지도/SG05_36913031_20251113.zip,128.99999995072972,36.15000000383254,129.02499996196366,36.17500066662083
36913032,토지피복지도/SG05_36913032_20251113.zip,129.0249998843121,36.15000000383254,129.04999999706868,36.1750006542604
36913033,토지피복지도/SG05_36913033_20251113.zip,129.04999990499368,36.14999996881663,129.07500007864255,36.17500063220236
36913034,토지피복지도/SG05_36913034_20251113.zip,129.07500001704986,36.14999996881663,129.10000000934443,36.175000606457516
36913035,토지피복지도/SG05_36913035_20251113.zip,129.09999994392015,36.14999990023574,129.12500005434796,36.175000562686414
36913036,토지피복지도/SG05_36913036_20251113.zip,129.12499994374605,36.14999990023574,129.15000007291323,36.17500065114426
36913037,토지피복지도/SG05_36913037_20251113.zip,129.14999993724243,36.149999922764174,129.1750000054985,36.17500059041865
36913038,토지피복지도/SG05_36913038_20251113.zip,129.1749999514014,36.1500000775246,129.20000010041588,36.17500066716608
36913039,토지피복지도/SG05_36913039_20251113.zip,129.19999987313804,36.1499999378927,129.22500008186154,36.175000722218165
36913040,토지피복지도/SG05_36913040_20251113.zip,129.22499998695278,36.149999925920696,129.25000010255425,36.17500062945345
36913042,토지피복지도/SG05_36913042_20251113.zip,129.02499993777366,36.12500007315438,129.05000003301598,36.15000067136253
36913043,토지피복지도/SG05_36913043_20251113.zip,129.04999991257935,36.12500004354619,129.07500005578518,36.15000066887493
36913044,토지피복지도/SG05_36913044_20251113.zip,129.0750000018509,36.12500004354619,129.1000000561567,36.15000064118673
36913045,토지피복지도/SG05_36913045_20251113.zip,129.09999998008163,36.12499998592022,129.12500005967883,36.15000057376438
36913046,토지피복지도/SG05_36913046_20251113.zip,129.12499994495437,36.12499998592022,129.15000007291323,36.15000056266043
36913047,토지피복지도/SG05_36913047_20251113.zip,129.15000001265224,36.12499989967522,129.1750000054985,36.1500006500077
36913048,토지피복지도/SG05_36913048_20251113.zip,129.17499986514582,36.12499989967522,129.20000010041588,36.15000073174426
36913049,토지피복지도/SG05_36913049_20251113.zip,129.20000000116076,36.12499991592712,129.22500001169178,36.15000066537897
36913050,토지피복지도/SG05_36913050_20251113.zip,129.22499994534616,36.12500006551663,129.25000008128856,36.15000057908794
36913053,토지피복지도/SG05_36913053_20251113.zip,129.0499999538481,36.10000001365617,129.0750000534911,36.125000741632704
36913054,토지피복지도/SG05_36913054_20251113.zip,129.0749999992847,36.10000001365617,129.1000000561567,36.12500071830999
36913055,토지피복지도/SG05_36913055_20251113.zip,129.09999994101355,36.09999996783205,129.12500005967883,36.12500069033518
36913056,토지피복지도/SG05_36913056_20251113.zip,129.12499998281854,36.09999996783205,129.1500000557608,36.12500065405473
36913057,토지피복지도/SG05_36913057_20251113.zip,129.14999989027626,36.099999898834305,129.17499993968755,36.12500061349721
36913058,토지피복지도/SG05_36913058_20251113.zip,129.17499984484624,36.099999898834305,129.20000002013435,36.12500056072794
36913059,토지피복지도/SG05_36913059_20251113.zip,129.19999994282952,36.09999992635281,129.22500000111222,36.125000647216275
36913060,토지피복지도/SG05_36913060_20251113.zip,129.22499993910833,36.10000008818614,129.25000001286006,36.125000719002315
36913064,토지피복지도/SG05_36913064_20251113.zip,129.07500001111586,36.0749998791505,129.10000003297276,36.100000692166475
36913065,토지피복지도/SG05_36913065_20251113.zip,129.09999993070423,36.074999935061214,129.12500001139296,36.100000669566214
36913066,토지피복지도/SG05_36913066_20251113.zip,129.12499994989136,36.0749998917592,129.14999993317412,36.100000639360715
36913067,토지피복지도/SG05_36913067_20251113.zip,129.14999986075196,36.0749998917592,129.17500004405346,36.100000596307005
36913068,토지피복지도/SG05_36913068_20251113.zip,129.17499992681164,36.074999831631054,129.19999997694063,36.10000056457105
36913069,토지피복지도/SG05_36913069_20251113.zip,129.19999992068333,36.074999831631054,129.2250000606701,36.10000066176799
36913070,토지피복지도/SG05_36913070_20251113.zip,129.22499997301853,36.07500000594519,129.25000001286006,36.100000748837914
36913076,토지피복지도/SG05_36913076_20251113.zip,129.12499994321203,36.04999989955586,129.15000000101998,36.07500065652224
36913077,토지피복지도/SG05_36913077_20251113.zip,129.14999990994377,36.049999954096315,129.17500004405346,36.075000639135865
36913078,토지피복지도/SG05_36913078_20251113.zip,129.17499997203436,36.04999991466275,129.200000004504,36.07500061319065
36913079,토지피복지도/SG05_36913079_20251113.zip,129.19999993220154,36.04999991466275,129.2250000606701,36.0750005749439
36913080,토지피복지도/SG05_36913080_20251113.zip,129.2249999630934,36.05000010228404,129.24999996240044,36.07500065970826
36913087,토지피복지도/SG05_36913087_20251113.zip,129.1499999865884,36.02499991279162,129.17500000881745,36.0500007043335
36913088,토지피복지도/SG05_36913088_20251113.zip,129.17499995413843,36.02499989367751,129.20000007467627,36.05000068712192
36913089,토지피복지도/SG05_36913089_20251113.zip,129.1999999796394,36.02499989367751,129.22499998812535,36.05000066418603
36913090,토지피복지도/SG05_36913090_20251113.zip,129.22499991717694,36.02500009389748,129.25000000522544,36.050000776717845
36914001,토지피복지도/SG05_36914001_20251113.zip,129.24999987913594,36.22500000270469,129.27500003353526,36.25000068945343
36914002,토지피복지도/SG05_36914002_20251113.zip,129.27499995563116,36.22499999653799,129.30000002887044,36.25000065565902
36914003,토지피복지도/SG05_36914003_20251113.zip,129.29999991912436,36.22499999653799,129.325000054363,36.250000634068776
36914004,토지피복지도/SG05_36914004_20251113.zip,129.32499996605992,36.224999936410015,129.35000006189608,36.250000730299824
36914005,토지피복지도/SG05_36914005_20251113.zip,129.34999999110082,36.224999936410015,129.37500006222172,36.25000067355705
36914006,토지피복지도/SG05_36914006_20251113.zip,129.37499999877534,36.22499995705116,129.40000006360236,36.24999999733452
36914011,토지피복지도/SG05_36914011_20251113.zip,129.24999991137557,36.199999893349975,129.27500013097153,36.22500069111546
36914012,토지피복지도/SG05_36914012_20251113.zip,129.27500001673445,36.199999918523424,129.30000007666396,36.225000689618334
36914013,토지피복지도/SG05_36914013_20251113.zip,129.29999992945397,36.199999918523424,129.32500001087206,36.22500067374703
36914014,토지피복지도/SG05_36914014_20251113.zip,129.32499994514356,36.19999998455186,129.3500000881796,36.22500064438005
36914015,토지피복지도/SG05_36914015_20251113.zip,129.35000000849016,36.19999993911153,129.37500006222172,36.22500059971351
36914016,토지피복지도/SG05_36914016_20251113.zip,129.3749999537429,36.19999993911153,129.40000006360236,36.22500058447515
36914021,토지피복지도/SG05_36914021_20251113.zip,129.24999998419372,36.174999961256965,129.27500013097153,36.2000005918688
36914022,토지피복지도/SG05_36914022_20251113.zip,129.27500006635543,36.17500001887495,129.30000009981325,36.20000060416474
36914023,토지피복지도/SG05_36914023_20251113.zip,129.30000003199697,36.17500001887495,129.32500007131742,36.20000060582119
36914024,토지피복지도/SG05_36914024_20251113.zip,129.32499997504837,36.175000035752774,129.3500000881796,36.20000074013565
36914025,토지피복지도/SG05_36914025_20251113.zip,129.34999999705622,36.175000035752774,129.37499997419374,36.20000071794149
36914026,토지피복지도/SG05_36914026_20251113.zip,129.37499991301829,36.17500001090021,129.4000000163026,36.20000010997185
36914031,토지피복지도/SG05_36914031_20251113.zip,129.25000003581437,36.149999925920696,129.27500010950754,36.17500066569953
36914032,토지피복지도/SG05_36914032_20251113.zip,129.27499995919612,36.15000001567653,129.30000009981325,36.17500069543088
36914033,토지피복지도/SG05_36914033_20251113.zip,129.29999998802427,36.14999983536431,129.32500007131742,36.17500069340806
36914034,토지피복지도/SG05_36914034_20251113.zip,129.3249999901555,36.14999983536431,129.3500000316628,36.17500072298047
36914035,토지피복지도/SG05_36914035_20251113.zip,129.34999997332028,36.15000006898373,129.37500001564544,36.175000719599986
36914036,토지피복지도/SG05_36914036_20251113.zip,129.37499992569818,36.15000008806387,129.3999999766114,36.175000709067376
36914037,토지피복지도/SG05_36914037_20251113.zip,129.39999985535223,36.14999987194276,129.42500008623375,36.175000531719164
36914041,토지피복지도/SG05_36914041_20251113.zip,129.24999993077742,36.124999920176066,129.275000048429,36.15000064025792
36914042,토지피복지도/SG05_36914042_20251113.zip,129.2749999453251,36.12499990742011,129.30000000639308,36.150000676806556
36914043,토지피복지도/SG05_36914043_20251113.zip,129.29999993047088,36.12499990742011,129.32500004726748,36.150000581991584
36914044,토지피복지도/SG05_36914044_20251113.zip,129.32499997860867,36.12499999928773,129.3500000316628,36.150000610045076
36914045,토지피복지도/SG05_36914045_20251113.zip,129.3499999124419,36.12499999928773,129.37500001564544,36.15000074933746
36914046,토지피복지도/SG05_36914046_20251113.zip,129.37499993195038,36.12500006111369,129.3999999848378,36.1500007740364
36914047,토지피복지도/SG05_36914047_20251113.zip,129.39999993172637,36.12500006111369,129.42500008623375,36.150000507615935
36914051,토지피복지도/SG05_36914051_20251113.zip,129.24999991474672,36.09999997226389,129.275000048429,36.12500064258448
36914052,토지피복지도/SG05_36914052_20251113.zip,129.27499997272807,36.09999997226389,129.29999998972693,36.125000566097
36914053,토지피복지도/SG05_36914053_20251113.zip,129.2999999221136,36.09999997608899,129.32500004726748,36.1250006254125
36914054,토지피복지도/SG05_36914054_20251113.zip,129.3249999346913,36.10000010611656,129.34999992996796,36.12500066607268
36914055,토지피복지도/SG05_36914055_20251113.zip,129.34999985408373,36.09999995095135,129.3749999937546,36.12500070653896
36914056,토지피복지도/SG05_36914056_20251113.zip,129.3749999235831,36.099999930177525,129.4000000689893,36.1250007354797
36914057,토지피복지도/SG05_36914057_20251113.zip,129.39999996291695,36.099999930177525,129.42499997651407,36.1250007202243
36914058,토지피복지도/SG05_36914058_20251113.zip,129.424999902843,36.100000012463916,129.44999997398983,36.12500034463079
36914059,토지피복지도/SG05_36914059_20251113.zip,129.44999990626414,36.100000012463916,129.47533671304424,36.12500009348854
36914061,토지피복지도/SG05_36914061_20251113.zip,129.2499999299506,36.07499991995818,129.27500002285925,36.10000068942928
36914062,토지피복지도/SG05_36914062_20251113.zip,129.27499996159088,36.07499991995818,129.300000067781,36.10000062568402
36914063,토지피복지도/SG05_36914063_20251113.zip,129.29999996443036,36.07499994062782,129.32500009579746,36.10000069982654
36914064,토지피복지도/SG05_36914064_20251113.zip,129.3249999439689,36.07500009700288,129.34999993076798,36.100000763050886
36914065,토지피복지도/SG05_36914065_20251113.zip,129.34999985484478,36.074999976140525,129.3749999937546,36.10000068433145
36914066,토지피복지도/SG05_36914066_20251113.zip,129.37499989172952,36.074999976140525,129.4000000689893,36.10000059234295
36914067,토지피복지도/SG05_36914067_20251113.zip,129.40000000312648,36.074999978056574,129.42499999840797,36.100000642167906
36914068,토지피복지도/SG05_36914068_20251113.zip,129.4249999137102,36.07500010893687,129.45000008821862,36.100000680297846
36914071,토지피복지도/SG05_36914071_20251113.zip,129.24999990864782,36.05000004585225,129.27500002285925,36.07500063134211
36914072,토지피복지도/SG05_36914072_20251113.zip,129.27499990136127,36.05000004585225,129.300000067781,36.07500058208415
36914073,토지피복지도/SG05_36914073_20251113.zip,129.2999999921636,36.04999997641939,129.32500009579746,36.075000672526244
36914074,토지피복지도/SG05_36914074_20251113.zip,129.3249999439708,36.04999997641939,129.3500000294817,36.075000755704764
36914075,토지피복지도/SG05_36914075_20251113.zip,129.3499999130035,36.04999989621668,129.37499991731997,36.075000696558426
36914076,토지피복지도/SG05_36914076_20251113.zip,129.37499985477993,36.04999989621668,129.40000011968596,36.075000630041444
36914077,토지피복지도/SG05_36914077_20251113.zip,129.4000000257962,36.04999992017155,129.42499999840797,36.07500069632558
36914082,토지피복지도/SG05_36914082_20251113.zip,129.27499990553903,36.02500006611887,129.30000003037543,36.05000071484652
36914083,토지피복지도/SG05_36914083_20251113.zip,129.29999986870615,36.025000032640726,129.325000045625,36.05000068360187
36914084,토지피복지도/SG05_36914084_20251113.zip,129.32499993302176,36.025000032640726,129.3500000294817,36.05000064352795
36914085,토지피복지도/SG05_36914085_20251113.zip,129.34999996886714,36.02499999340255,129.3749999782182,36.05000060615269
36914086,토지피복지도/SG05_36914086_20251113.zip,129.37499988487767,36.02499999340255,129.40000011968596,36.05000043033041
36914087,토지피복지도/SG05_36914087_20251113.zip,129.40000004537114,36.024999947479245,129.42499999622015,36.05000020125629
36914088,토지피복지도/SG05_36914088_20251113.zip,129.42499992201962,36.024999947479245,129.45000005421528,36.05000527229155
36914092,토지피복지도/SG05_36914092_20251113.zip,129.27499997777392,35.999999983564926,129.2999999520738,36.02500074528514
36914093,토지피복지도/SG05_36914093_20251113.zip,129.29999985294424,35.99999998571721,129.32500004516783,36.02500073030383
36914094,토지피복지도/SG05_36914094_20251113.zip,129.32499997799667,35.99999998571721,129.35000002244536,36.02500070996964
36914095,토지피복지도/SG05_36914095_20251113.zip,129.34999989394666,35.99999998804885,129.3749999782182,36.02500069239758
36914096,토지피복지도/SG05_36914096_20251113.zip,129.37499990098192,35.99999998804885,129.40000008632413,36.02500066885237
36914097,토지피복지도/SG05_36914097_20251113.zip,129.39999994515236,35.9999999888578,129.4250001173723,36.02500038668689
36914099,토지피복지도/SG05_36914099_20251113.zip,129.45000001814282,35.99999998938502,129.4750000164785,36.025000193774694
36914100,토지피복지도/SG05_36914100_20251113.zip,129.474999901166,35.99999998938502,129.50000009007613,36.024999935212186
36915062,토지피복지도/SG05_36915062_20251113.zip,129.52499998080066,36.075000034348214,129.5499999956926,36.100000101163204
36915063,토지피복지도/SG05_36915063_20251113.zip,129.54999992840584,36.07499986146122,129.57500011099515,36.100000101163204
36915071,토지피복지도/SG05_36915071_20251113.zip,129.500000003905,36.04999985859772,129.52500002064227,36.07500006018506
36915072,토지피복지도/SG05_36915072_20251113.zip,129.52499988704727,36.04999985859772,129.5499999955544,36.075000540015765
36915073,토지피복지도/SG05_36915073_20251113.zip,129.54999990890502,36.05000000676912,129.57500011099515,36.075000604815784
36915074,토지피복지도/SG05_36915074_20251113.zip,129.57499995001947,36.05000000516777,129.60000002108958,36.075000107226735
36915081,토지피복지도/SG05_36915081_20251113.zip,129.4999999805619,36.0249998338797,129.52500006297763,36.05000031140033
36915082,토지피복지도/SG05_36915082_20251113.zip,129.52499989704737,36.0249998338797,129.55000000876527,36.05000066175361
36915083,토지피복지도/SG05_36915083_20251113.zip,129.5499999144112,36.02500004758147,129.57499995980245,36.050000730322346
36915084,토지피복지도/SG05_36915084_20251113.zip,129.5749998720519,36.02500004758147,129.59999996757216,36.05000029589235
36915091,토지피복지도/SG05_36915091_20251113.zip,129.49999991704968,35.99999998870172,129.52500006297763,36.02500053748027
36915092,토지피복지도/SG05_36915092_20251113.zip,129.5249999504188,35.99999998870172,129.55000000876527,36.02500065500659
36915093,토지피복지도/SG05_36915093_20251113.zip,129.54999994121277,35.999999985541095,129.574999985405,36.025000750700286
36915094,토지피복지도/SG05_36915094_20251113.zip,129.57499988278863,35.999999985541095,129.59999996757216,36.02500027785526
37607046,토지피복지도/SG05_37607046_20251113.zip,126.62499996356345,37.62499997333398,126.65000000736417,37.65000066112861
37607047,토지피복지도/SG05_37607047_20251113.zip,126.64999998808646,37.62499997333398,126.67500005120895,37.65000068358163
37607048,토지피복지도/SG05_37607048_20251113.zip,126.67500003295575,37.62500001921305,126.700000003975,37.65000067698054
37607055,토지피복지도/SG05_37607055_20251113.zip,126.59999995112807,37.5999999698043,126.62500001270732,37.62500067527347
37607056,토지피복지도/SG05_37607056_20251113.zip,126.62499996531469,37.59999997181039,126.65000005532418,37.625000660682176
37607057,토지피복지도/SG05_37607057_20251113.zip,126.64999999821492,37.59999999387688,126.67500004840174,37.62500066433749
37607058,토지피복지도/SG05_37607058_20251113.zip,126.67500000276533,37.600000007619045,126.70000000195948,37.62500068731294
37607059,토지피복지도/SG05_37607059_20251113.zip,126.69999996728889,37.59999999970046,126.72499997438914,37.62500068455398
37607063,토지피복지도/SG05_37607063_20251113.zip,126.54999999304765,37.57499995984475,126.5750000321213,37.60000066885922
37607064,토지피복지도/SG05_37607064_20251113.zip,126.57499997765005,37.57499995984475,126.60000005354676,37.60000064084276
37607065,토지피복지도/SG05_37607065_20251113.zip,126.59999998413454,37.574999994267884,126.6250000148902,37.60000063267219
37607066,토지피복지도/SG05_37607066_20251113.zip,126.62499998300221,37.574999994267884,126.65000005954865,37.600000644802975
37607067,토지피복지도/SG05_37607067_20251113.zip,126.65000004403332,37.57499999854857,126.67500001559429,37.600000676920594
37607068,토지피복지도/SG05_37607068_20251113.zip,126.67500000274045,37.574999980389315,126.69999999285271,37.60000068355632
37607069,토지피복지도/SG05_37607069_20251113.zip,126.69999996728889,37.57499995835489,126.72499998757156,37.600000665868855
37607070,토지피복지도/SG05_37607070_20251113.zip,126.72499994646039,37.57499995774447,126.75000005321628,37.6000006679422
37607072,토지피복지도/SG05_37607072_20251113.zip,126.52499997998585,37.54999999712742,126.55000002987941,37.575000444635556
37607073,토지피복지도/SG05_37607073_20251113.zip,126.54999998086073,37.54999999712742,126.5750000321213,37.575000651021305
37607074,토지피복지도/SG05_37607074_20251113.zip,126.57500000272339,37.550000006194765,126.60000006286353,37.57500064581375
37607075,토지피복지도/SG05_37607075_20251113.zip,126.60000004657692,37.550000001268145,126.62500000493888,37.57500066130782
37607076,토지피복지도/SG05_37607076_20251113.zip,126.62499998300221,37.54999998737432,126.65000004494392,37.57500065767133
37607077,토지피복지도/SG05_37607077_20251113.zip,126.64999996680028,37.54999998737432,126.67500000963821,37.575000673630484
37607078,토지피복지도/SG05_37607078_20251113.zip,126.67499995330051,37.549999996063505,126.69999999076843,37.57500065419444
37607079,토지피복지도/SG05_37607079_20251113.zip,126.69999995579009,37.54999999118631,126.72499999424672,37.575000631066004
37607084,토지피복지도/SG05_37607084_20251113.zip,126.57500000272339,37.52499995792525,126.60000004743631,37.55000068377914
37607085,토지피복지도/SG05_37607085_20251113.zip,126.5999999638964,37.52499995792525,126.62500005520126,37.550000681220325
37607086,토지피복지도/SG05_37607086_20251113.zip,126.62499999750328,37.524999961049936,126.6500000496195,37.550000656083085
37607087,토지피복지도/SG05_37607087_20251113.zip,126.64999996680028,37.524999961049936,126.67499996086033,37.550000649911865
37607088,토지피복지도/SG05_37607088_20251113.zip,126.67499994835622,37.52499996864588,126.69999998416884,37.550000673367165
37607089,토지피복지도/SG05_37607089_20251113.zip,126.6999999556714,37.52499996864588,126.72500002217386,37.550000668677605
37607095,토지피복지도/SG05_37607095_20251113.zip,126.5999999638964,37.49999996863708,126.62500005883865,37.525000635992626
37607096,토지피복지도/SG05_37607096_20251113.zip,126.62500003813611,37.49999996863708,126.65000004911633,37.52500063839102
37607097,토지피복지도/SG05_37607097_20251113.zip,126.64999994926637,37.49999998405,126.6749999961059,37.52500066406095
37607098,토지피복지도/SG05_37607098_20251113.zip,126.67499994835622,37.49999998405,126.70000005477989,37.525000667258745
37607099,토지피복지도/SG05_37607099_20251113.zip,126.69999997753675,37.49999998447042,126.72500002783393,37.52500064879655
37607100,토지피복지도/SG05_37607100_20251113.zip,126.72500001639713,37.499999970011814,126.74999999997196,37.52500065657816
37608091,토지피복지도/SG05_37608091_20251113.zip,126.74999996549381,37.49999995548275,126.7750000371026,37.525000641687335
37611004,토지피복지도/SG05_37611004_20251113.zip,126.57499999880147,37.4749999629362,126.60000003139614,37.50000066174814
37611005,토지피복지도/SG05_37611005_20251113.zip,126.60000002081888,37.475000019700744,126.62500003877031,37.50000066160878
37611006,토지피복지도/SG05_37611006_20251113.zip,126.6249999517126,37.475000019700744,126.65000001436688,37.50000063698991
37611007,토지피복지도/SG05_37611007_20251113.zip,126.64999994927429,37.47500000044401,126.67500000097074,37.500000656434054
37611008,토지피복지도/SG05_37611008_20251113.zip,126.67499997981193,37.47499998508946,126.70000005550354,37.500000645913666
37611009,토지피복지도/SG05_37611009_20251113.zip,126.69999996283228,37.47499998508946,126.72500001751486,37.50000065815023
37611010,토지피복지도/SG05_37611010_20251113.zip,126.72499996034497,37.474999996100415,126.74999999807844,37.500000650776485
37611016,토지피복지도/SG05_37611016_20251113.zip,126.62499995149264,37.449999964762824,126.65000001993626,37.47500069125558
37611017,토지피복지도/SG05_37611017_20251113.zip,126.65000000755316,37.44999996884145,126.67500001539544,37.47500068171375
37611018,토지피복지도/SG05_37611018_20251113.zip,126.6749999787972,37.449999969581896,126.70000003862944,37.47500065307194
37611019,토지피복지도/SG05_37611019_20251113.zip,126.69999996283228,37.4499999660266,126.72499996915536,37.47500065153652
37611020,토지피복지도/SG05_37611020_20251113.zip,126.72499996014396,37.4499999660266,126.75000001654762,37.47500067520945
37611026,토지피복지도/SG05_37611026_20251113.zip,126.62500001500676,37.42499997025609,126.65000005073675,37.45000062754481
37611027,토지피복지도/SG05_37611027_20251113.zip,126.6500000086985,37.42499997025609,126.67500001635325,37.450000644969684
37611028,토지피복지도/SG05_37611028_20251113.zip,126.67499998634942,37.424999984756106,126.70000003874341,37.45000064539712
37611029,토지피복지도/SG05_37611029_20251113.zip,126.69999994495626,37.42500001052179,126.72500002751839,37.45000062852572
37612001,토지피복지도/SG05_37612001_20251113.zip,126.74999996958881,37.47500000719855,126.77499999686316,37.50000062407439
37612011,토지피복지도/SG05_37612011_20251113.zip,126.74999997140185,37.44999999037761,126.77499999596148,37.47500068180503
37614077,토지피복지도/SG05_37614077_20251113.zip,126.40000001219069,37.04999999139219,126.42500005031656,37.07500019117649
37614078,토지피복지도/SG05_37614078_20251113.zip,126.42499995753562,37.04999999139219,126.45000003494638,37.07500000133856
37614079,토지피복지도/SG05_37614079_20251113.zip,126.4500000076445,37.05000003590604,126.47500001964906,37.07500065724314
37614080,토지피복지도/SG05_37614080_20251113.zip,126.47499999352243,37.04999999693908,126.50000003972283,37.07500066218457
37614087,토지피복지도/SG05_37614087_20251113.zip,126.4000000272696,37.02499996756889,126.42499998092474,37.0500004373289
37614088,토지피복지도/SG05_37614088_20251113.zip,126.42499995753562,37.02499996756889,126.45000003015384,37.05000065806998
37614089,토지피복지도/SG05_37614089_20251113.zip,126.44999994842476,37.02499998102145,126.47500001964906,37.05000069522844
37614090,토지피복지도/SG05_37614090_20251113.zip,126.47499994564582,37.024999977774165,126.5000000370758,37.05000067296012
37614097,토지피복지도/SG05_37614097_20251113.zip,126.40000004142331,36.999999994749736,126.42500000948765,37.025000252399686
37614098,토지피복지도/SG05_37614098_20251113.zip,126.42499997991993,37.000000003762345,126.44999998829788,37.02500027808592
37614099,토지피복지도/SG05_37614099_20251113.zip,126.44999994842476,37.000000003762345,126.47499999640198,37.025000671943424
37614100,토지피복지도/SG05_37614100_20251113.zip,126.47499994564582,37.00000003419829,126.50000003480866,37.02500066947604
37615071,토지피복지도/SG05_37615071_20251113.zip,126.50000000727499,37.04999999693908,126.52500004698452,37.0750006749227
37615072,토지피복지도/SG05_37615072_20251113.zip,126.52499996809101,37.04999996878665,126.55000003854938,37.075000033879675
37615081,토지피복지도/SG05_37615081_20251113.zip,126.49999997151133,37.024999959345195,126.5250000234432,37.050000657583574
37615082,토지피복지도/SG05_37615082_20251113.zip,126.52499996809956,37.024999959345195,126.55000003681162,37.05000035641794
37615083,토지피복지도/SG05_37615083_20251113.zip,126.54999998779091,37.024999978346486,126.57500001652163,37.050000628143096
37615084,토지피복지도/SG05_37615084_20251113.zip,126.57499997616641,37.024999978346486,126.6000000555188,37.05001052962566
37615091,토지피복지도/SG05_37615091_20251113.zip,126.49999997126699,36.999999989620456,126.52500002450805,37.025000625084
37615092,토지피복지도/SG05_37615092_20251113.zip,126.52499998775463,36.999999989620456,126.54999999057331,37.025000632077024
37615093,토지피복지도/SG05_37615093_20251113.zip,126.54999996547578,36.99999996201052,126.57499998312018,37.025000641898934
37615094,토지피복지도/SG05_37615094_20251113.zip,126.5749999672684,36.99999996201052,126.59999999980768,37.02500062269469
37615095,토지피복지도/SG05_37615095_20251113.zip,126.59999998672133,36.999999956279815,126.62500004173039,37.025000534045724
37615096,토지피복지도/SG05_37615096_20251113.zip,126.62500002767592,36.999999956279815,126.64999999275969,37.02500053425662
37615097,토지피복지도/SG05_37615097_20251113.zip,126.64999998168139,36.999999972881476,126.6750000563173,37.02500264916112
37615098,토지피복지도/SG05_37615098_20251113.zip,126.67499996075678,36.999999972881476,126.70000000312947,37.02500264916112
37808089,토지피복지도/SG05_37808089_20251113.zip,128.9499999545119,37.52499989043389,128.97500009192083,37.55000045819413
37808090,토지피복지도/SG05_37808090_20251113.zip,128.97499990770615,37.52499997448903,129.0000000259928,37.550000603362854
37808099,토지피복지도/SG05_37808099_20251113.zip,128.94999995979964,37.499999899452185,128.97499998249916,37.52500059332371
37808100,토지피복지도/SG05_37808100_20251113.zip,128.97499989061603,37.499999899452185,128.99999996525196,37.52500068622038
37812009,토지피복지도/SG05_37812009_20251113.zip,128.94999990439945,37.47499999602184,128.97499998669986,37.50000069628553
37812010,토지피복지도/SG05_37812010_20251113.zip,128.9749999380202,37.474999847955175,128.99999996395167,37.50000061601345
37812019,토지피복지도/SG05_37812019_20251113.zip,128.94999990261195,37.44999999555275,128.97500002633515,37.475000579141245
37812020,토지피복지도/SG05_37812020_20251113.zip,128.97499995802454,37.45000001122017,129.00000003776242,37.475000586112515
37812029,토지피복지도/SG05_37812029_20251113.zip,128.95000000565412,37.424999902678486,128.97500002638512,37.45000066526187
37812030,토지피복지도/SG05_37812030_20251113.zip,128.97499995961817,37.424999927922,129.00000003776242,37.4500007359756
37905053,토지피복지도/SG05_37905053_20251113.zip,129.04999997893796,37.599999979584126,129.07500008958903,37.625000802737084
37905054,토지피복지도/SG05_37905054_20251113.zip,129.0749998897626,37.59999999991548,129.099999975335,37.6250006927378
37905063,토지피복지도/SG05_37905063_20251113.zip,129.04999997811487,37.57499994300701,129.0749999761197,37.60000065102447
37905064,토지피복지도/SG05_37905064_20251113.zip,129.0749998753708,37.57499997254782,129.099999975335,37.60000058958852
37905065,토지피복지도/SG05_37905065_20251113.zip,129.09999991218697,37.575000013762136,129.12500018717745,37.60000060976641
37905072,토지피복지도/SG05_37905072_20251113.zip,129.02499991075186,37.549999814956024,129.05000001323236,37.57500064316378
37905073,토지피복지도/SG05_37905073_20251113.zip,129.04999990790628,37.549999814956024,129.07500000329057,37.57500062023627
37905074,토지피복지도/SG05_37905074_20251113.zip,129.074999939584,37.549999853971705,129.10000009735944,37.57500065570247
37905075,토지피복지도/SG05_37905075_20251113.zip,129.0999999470444,37.54999990584355,129.1250000882188,37.57500074873681
37905081,토지피복지도/SG05_37905081_20251113.zip,128.99999994385556,37.52499991337017,129.02500002999997,37.55000062465327
37905082,토지피복지도/SG05_37905082_20251113.zip,129.02499994454027,37.52499986164901,129.0499999972593,37.550000508116405
37905083,토지피복지도/SG05_37905083_20251113.zip,129.0499999031235,37.52499986164901,129.07500009200575,37.55000049404605
37905084,토지피복지도/SG05_37905084_20251113.zip,129.07499998858643,37.5249999123399,129.10000009735944,37.55000054206712
37905085,토지피복지도/SG05_37905085_20251113.zip,129.09999996470268,37.52499998114165,129.1250000882188,37.55000060161324
37905086,토지피복지도/SG05_37905086_20251113.zip,129.125000053286,37.524999974164814,129.1500000916487,37.549999972387106
37905091,토지피복지도/SG05_37905091_20251113.zip,128.99999990813484,37.49999994797182,129.02500002999997,37.525000656658044
37905092,토지피복지도/SG05_37905092_20251113.zip,129.0249999813837,37.49999994797182,129.0499999972593,37.52500054923048
37905093,토지피복지도/SG05_37905093_20251113.zip,129.04999989194593,37.50000008899928,129.07500009200575,37.52500054879152
37905094,토지피복지도/SG05_37905094_20251113.zip,129.0749999980008,37.499999961510625,129.10000001750433,37.52500059058983
37905095,토지피복지도/SG05_37905095_20251113.zip,129.09999994203315,37.499999961510625,129.1250000864841,37.52500068313294
37905096,토지피복지도/SG05_37905096_20251113.zip,129.1250000041634,37.49999998869751,129.1500000916487,37.52500015422434
37909001,토지피복지도/SG05_37909001_20251113.zip,128.99999990740366,37.474999847955175,129.0250000773967,37.50000063906641
37909002,토지피복지도/SG05_37909002_20251113.zip,129.02500000227323,37.47499994892117,129.05000008081035,37.50000068188976
37909003,토지피복지도/SG05_37909003_20251113.zip,129.0499999044651,37.47499994892117,129.0750001004292,37.50000069089247
37909004,토지피복지도/SG05_37909004_20251113.zip,129.07500000539648,37.47500002570874,129.10000001750433,37.50000072105562
37909005,토지피복지도/SG05_37909005_20251113.zip,129.0999998929642,37.47499987076417,129.12500004559843,37.5000006710434
37909006,토지피복지도/SG05_37909006_20251113.zip,129.1249999901614,37.47499987076417,129.14999994312117,37.50000063129427
37909007,토지피복지도/SG05_37909007_20251113.zip,129.14999984828611,37.475000048409875,129.1750001416959,37.50000006896668
37909011,토지피복지도/SG05_37909011_20251113.zip,128.9999999462204,37.45000000842604,129.0250000773967,37.47500062485055
37909012,토지피복지도/SG05_37909012_20251113.zip,129.02500001804066,37.449999991479416,129.05000008081035,37.47500066084425
37909013,토지피복지도/SG05_37909013_20251113.zip,129.0499999661708,37.44999999070381,129.0750001004292,37.47500064962672
37909014,토지피복지도/SG05_37909014_20251113.zip,129.07500000193915,37.44999999070381,129.09999996055782,37.47500068869562
37909015,토지피복지도/SG05_37909015_20251113.zip,129.0999998773576,37.44999995443341,129.12500004559843,37.47500061525305
37909016,토지피복지도/SG05_37909016_20251113.zip,129.1249999800089,37.44999995443341,129.14999997525723,37.47500064714248
37909017,토지피복지도/SG05_37909017_20251113.zip,129.14999985698918,37.449999809897676,129.17500014252678,37.47500073105975
37909021,토지피복지도/SG05_37909021_20251113.zip,128.9999999875221,37.42499994620925,129.02500005544954,37.450000731686416
37909022,토지피복지도/SG05_37909022_20251113.zip,129.02499995364622,37.42499994073879,129.04999997591364,37.45000065836584
