연도,key,산업용,산업용여름,주택용,주택용여름,일반용,일반용여름,제조업,제조업여름,인구,온열,여름온열,여름온열률10만,가구수,다자녀,소년소녀가정,한부모가정,질환자,임산부,영유아,장애인,노인,발급률_인구천명,노인비중
2020,강원특별자치도 강릉시,767.6,193.1,321.6,78.3,588.9,150.8,673.9,168.9,213321.0,8,8,3.750216809409294,3680.0,0.0,67.0,164.0,482.0,3.0,54.0,1602.0,1308.0,17.250997323282753,35.54347826086956
2020,강원특별자치도 고성군,50.4,12.8,39.0,9.2,145.5,36.3,30.2,7.6,26757.0,1,1,3.737339761557723,523.0,0.0,8.0,10.0,75.0,0.0,2.0,233.0,195.0,19.54628695294689,37.2848948374761
2020,강원특별자치도 동해시,1771.1,438.5,133.9,32.4,212.1,52.0,1691.8,418.9,90593.0,4,4,4.415352179528219,1526.0,0.0,15.0,58.0,199.0,1.0,21.0,685.0,547.0,16.844568564900158,35.84534731323722
2020,강원특별자치도 삼척시,1093.1,246.2,95.5,22.9,163.5,41.7,857.5,198.8,65243.0,3,3,4.59819444231565,1445.0,0.0,35.0,86.0,167.0,2.0,15.0,652.0,488.0,22.147969897153718,33.77162629757785
2020,강원특별자치도 속초시,63.4,16.1,129.6,31.6,264.5,68.0,42.8,10.6,82665.0,0,0,0.0,1846.0,0.0,22.0,116.0,259.0,1.0,16.0,713.0,719.0,22.3310953849876,38.94907908992416
2020,강원특별자치도 양구군,19.3,4.5,29.3,7.0,81.8,18.8,6.9,1.6,22278.0,3,2,8.977466558937069,389.0,0.0,17.0,9.0,44.0,1.0,4.0,149.0,165.0,17.461172457132598,42.41645244215938
2020,강원특별자치도 양양군,46.2,11.9,44.9,10.9,136.7,33.6,30.3,7.8,27946.0,1,1,3.5783296357260435,605.0,0.0,9.0,24.0,77.0,0.0,5.0,224.0,266.0,21.64889429614256,43.96694214876033
2020,강원특별자치도 영월군,842.7,188.1,54.3,12.9,87.5,20.7,790.1,174.9,38662.0,0,0,0.0,457.0,0.0,17.0,15.0,49.0,0.0,5.0,195.0,176.0,11.820392116289897,38.51203501094092
2020,강원특별자치도 원주시,755.1,178.5,549.4,133.6,793.5,200.9,656.0,153.6,354376.0,7,7,1.9753030679278507,4914.0,0.0,71.0,477.0,698.0,1.0,60.0,1942.0,1665.0,13.86662753685351,33.88278388278388
2020,강원특별자치도 인제군,39.1,9.6,44.2,10.4,145.9,34.0,14.0,3.6,31694.0,1,1,3.1551713258029914,379.0,0.0,12.0,8.0,52.0,0.0,4.0,147.0,156.0,11.958099324793336,41.16094986807388
2020,강원특별자치도 정선군,240.2,46.6,53.9,12.6,181.6,39.4,217.4,41.1,36870.0,3,3,8.136696501220504,446.0,0.0,10.0,15.0,45.0,0.0,5.0,215.0,156.0,12.096555465147816,34.97757847533632
2020,강원특별자치도 철원군,58.4,14.1,57.4,13.7,157.3,36.8,34.1,8.1,44699.0,8,8,17.897492113917536,626.0,0.0,16.0,17.0,84.0,0.0,2.0,261.0,246.0,14.004787579140473,39.29712460063898
2020,강원특별자치도 춘천시,235.4,62.4,426.0,106.4,811.4,210.2,135.0,37.2,282765.0,4,3,1.0609516736512652,4813.0,0.0,114.0,367.0,661.0,2.0,74.0,1898.0,1697.0,17.02120135094513,35.258674423436524
2020,강원특별자치도 태백시,104.7,25.2,60.5,13.9,94.0,20.9,25.9,6.0,42719.0,1,1,2.3408787658887147,720.0,0.0,28.0,14.0,90.0,1.0,17.0,317.0,253.0,16.854327114398746,35.138888888888886
2020,강원특별자치도 평창군,88.4,21.8,68.0,16.0,239.0,50.9,42.4,10.7,41681.0,3,3,7.197524051726206,524.0,0.0,9.0,24.0,53.0,0.0,3.0,217.0,218.0,12.571675343681774,41.603053435114504
2020,강원특별자치도 홍천군,129.4,34.7,97.3,23.7,248.2,62.5,100.6,27.6,69242.0,1,1,1.444210161462696,794.0,0.0,14.0,17.0,104.0,1.0,11.0,345.0,302.0,11.467028682013806,38.0352644836272
2020,강원특별자치도 화천군,23.2,5.3,31.8,7.7,119.7,27.4,5.7,1.3,24857.0,2,2,8.046023253007201,421.0,0.0,11.0,19.0,53.0,0.0,2.0,171.0,165.0,16.93687894758016,39.19239904988123
2020,강원특별자치도 횡성군,227.6,59.4,66.4,15.9,123.7,29.1,187.4,49.4,46472.0,0,0,0.0,697.0,0.0,17.0,32.0,89.0,0.0,3.0,287.0,269.0,14.99827853331038,38.59397417503587
2020,경기도 가평군,89.5,21.3,87.9,21.6,337.4,79.1,50.1,11.7,62377.0,1,1,1.603155009057826,978.0,0.0,15.0,38.0,134.0,0.0,7.0,353.0,431.0,15.678855988585536,44.06952965235173
2020,경기도 고양시,725.8,175.5,1520.4,394.3,2000.1,506.6,333.8,75.3,1079216.0,2,1,0.0926598567849253,8278.0,0.0,67.0,636.0,1276.0,8.0,91.0,3080.0,3120.0,7.6703829446561205,37.690263348634936
2020,경기도 과천시,44.0,11.6,85.5,22.2,200.0,50.5,1.9,0.5,63231.0,1,1,1.5815027439072606,316.0,0.0,5.0,20.0,42.0,0.0,1.0,108.0,140.0,4.997548670746943,44.303797468354425
2020,경기도 광명시,248.2,60.3,375.9,96.6,394.6,102.7,206.0,49.6,298599.0,3,3,1.004691911225423,2765.0,0.0,19.0,203.0,443.0,2.0,30.0,1138.0,930.0,9.25991044846098,33.634719710669074
2020,경기도 광주시,1123.5,263.1,558.8,140.6,709.1,173.8,968.6,222.7,382054.0,13,13,3.402660356912897,2018.0,0.0,28.0,158.0,300.0,1.0,38.0,766.0,727.0,5.281975846346327,36.02576808721506
2020,경기도 구리시,117.3,29.0,282.5,74.2,376.7,101.0,33.4,7.9,197454.0,2,2,1.0128941424331743,2056.0,0.0,16.0,164.0,361.0,0.0,25.0,716.0,774.0,10.412551784213033,37.64591439688716
2020,경기도 군포시,615.9,150.1,385.0,95.8,423.6,108.8,396.2,96.7,273791.0,3,3,1.0957263021793997,2572.0,0.0,34.0,176.0,393.0,4.0,25.0,1090.0,850.0,9.39402683068472,33.048211508553656
2020,경기도 김포시,2107.6,478.9,719.6,178.3,907.0,233.4,1990.0,449.0,473970.0,4,4,0.8439352701647783,3062.0,0.0,40.0,221.0,533.0,2.0,62.0,1073.0,1131.0,6.460324493111378,36.936642717178316
2020,경기도 남양주시,892.8,215.8,1033.5,259.1,1055.8,260.6,514.7,118.3,713321.0,12,12,1.682272076666746,5742.0,0.0,68.0,413.0,966.0,5.0,85.0,2144.0,2061.0,8.049671886850382,35.893416927899686
2020,경기도 동두천시,259.0,64.5,134.5,34.1,229.7,58.7,182.7,44.3,94353.0,6,6,6.359098279863915,1967.0,0.0,15.0,103.0,253.0,1.0,22.0,759.0,814.0,20.847243860820534,41.382816471784444
2020,경기도 부천시,1536.3,380.5,1195.1,308.5,1304.9,342.9,1363.8,339.7,818383.0,3,3,0.3665765295711176,8384.0,0.0,86.0,541.0,1400.0,4.0,84.0,3319.0,2950.0,10.244592079747502,35.18606870229007
2020,경기도 성남시,881.7,235.0,1422.4,374.7,2656.5,730.7,370.9,101.8,940064.0,9,8,0.8510058889607517,8337.0,0.0,74.0,498.0,1393.0,3.0,94.0,3366.0,2909.0,8.868545120332232,34.89264723521651
2020,경기도 수원시,698.7,179.5,1779.9,462.8,2902.3,784.9,568.9,146.2,1186078.0,11,10,0.8431148710287182,8320.0,0.0,101.0,623.0,1304.0,1.0,97.0,3108.0,3086.0,7.0147157269589355,37.09134615384615
2020,경기도 시흥시,2807.5,666.9,766.7,196.6,839.4,212.9,2662.4,630.1,500895.0,2,2,0.3992852793499635,3825.0,0.0,36.0,349.0,665.0,2.0,78.0,1511.0,1184.0,7.636330967568052,30.954248366013072
2020,경기도 안산시,5771.2,1465.2,966.0,248.5,1127.5,291.4,5460.9,1385.5,654915.0,4,4,0.6107662826473664,7605.0,0.0,81.0,704.0,1261.0,2.0,102.0,2890.0,2565.0,11.612193948833056,33.72781065088758
2020,경기도 안성시,1855.1,467.8,282.8,70.9,556.4,138.6,1786.2,449.5,187012.0,4,4,2.138900177528715,1817.0,0.0,22.0,109.0,247.0,3.0,33.0,764.0,639.0,9.715954056424188,35.16785910842047
2020,경기도 안양시,473.7,121.3,786.5,199.9,1320.5,350.2,344.3,88.4,550027.0,1,0,0.0,3863.0,0.0,32.0,248.0,660.0,1.0,37.0,1462.0,1423.0,7.0232915838677,36.8366554491328
2020,경기도 양주시,1140.5,261.3,291.3,74.3,517.6,128.7,1042.9,237.6,230359.0,8,8,3.472840218962576,2950.0,0.0,46.0,179.0,450.0,0.0,40.0,1157.0,1078.0,12.806098307424497,36.54237288135593
2020,경기도 양평군,110.5,26.9,172.4,41.8,284.2,64.8,26.5,6.4,118810.0,1,1,0.8416799932665601,1429.0,0.0,8.0,54.0,212.0,0.0,19.0,554.0,582.0,12.027607103779143,40.72778166550035
2020,경기도 여주시,510.7,122.2,157.0,39.0,342.2,85.9,460.9,109.6,111897.0,0,0,0.0,1612.0,0.0,27.0,77.0,180.0,0.0,21.0,675.0,632.0,14.40610561498521,39.20595533498759
2020,경기도 연천군,195.1,47.2,58.1,14.3,155.3,36.8,140.0,33.9,43516.0,2,2,4.596010662744738,939.0,0.0,9.0,55.0,131.0,0.0,8.0,355.0,381.0,21.57827006158654,40.57507987220447
2020,경기도 오산시,544.7,138.9,355.4,91.2,413.6,106.8,486.7,124.7,229725.0,9,9,3.917727717923604,1464.0,0.0,22.0,136.0,208.0,1.0,32.0,554.0,511.0,6.372837087822396,34.904371584699454
2020,경기도 용인시,5563.0,1457.8,1614.1,405.6,2565.0,665.7,4566.7,1188.4,1074176.0,14,14,1.3033245948522405,3774.0,0.0,51.0,225.0,577.0,2.0,62.0,1547.0,1310.0,3.5133907292659674,34.711181770005304
2020,경기도 의왕시,141.6,34.2,235.3,58.5,351.1,90.5,107.5,25.5,163795.0,0,0,0.0,846.0,0.0,4.0,53.0,125.0,0.0,13.0,344.0,307.0,5.164992826398852,36.28841607565012
2020,경기도 의정부시,255.0,63.1,657.1,165.5,705.9,183.2,58.1,13.4,461710.0,5,4,0.8663446752290399,5893.0,0.0,40.0,537.0,964.0,0.0,66.0,2073.0,2213.0,12.763422927811831,37.55302901747836
2020,경기도 이천시,5981.6,1558.0,313.7,80.1,746.9,188.6,5887.5,1533.1,218388.0,10,9,4.121105555250288,1811.0,0.0,23.0,128.0,223.0,3.0,24.0,747.0,663.0,8.29258017839808,36.609607951408066
2020,경기도 파주시,6525.6,1672.3,671.1,171.1,1043.0,257.9,6329.2,1620.6,465617.0,1,1,0.2147687906584166,4294.0,0.0,63.0,337.0,600.0,2.0,68.0,1587.0,1637.0,9.222171870872412,38.122962272938985
2020,경기도 평택시,9602.4,2483.1,867.7,221.9,1590.4,418.0,8821.0,2293.8,537307.0,9,8,1.488906714410942,4523.0,0.0,31.0,360.0,608.0,10.0,103.0,1798.0,1613.0,8.417906336600863,35.66217112535928
2020,경기도 포천시,1559.5,358.1,199.5,48.8,498.6,119.4,1430.4,323.9,147274.0,13,13,8.827084210383367,2381.0,0.0,25.0,117.0,341.0,1.0,23.0,1005.0,869.0,16.167144234555998,36.49727005459891
2020,경기도 하남시,528.4,137.1,462.3,126.0,605.5,161.9,88.2,21.0,293452.0,2,2,0.6815424669111132,2075.0,0.0,15.0,163.0,326.0,3.0,26.0,759.0,783.0,7.0710030942027995,37.734939759036145
2020,경기도 화성시,15250.5,3854.0,1343.4,344.2,2286.9,594.8,14960.3,3775.1,855248.0,21,20,2.3385029839298075,3595.0,0.0,50.0,317.0,559.0,4.0,105.0,1406.0,1154.0,4.203459113613829,32.10013908205841
2020,경상남도 거제시,1099.0,306.8,382.1,96.8,449.2,118.4,1024.0,287.1,245754.0,20,20,8.13821952033334,1695.0,0.0,24.0,115.0,237.0,0.0,41.0,737.0,541.0,6.897141043482507,31.917404129793507
2020,경상남도 거창군,131.2,33.9,83.3,20.2,112.0,26.4,113.5,29.4,61502.0,0,0,0.0,1132.0,0.0,16.0,61.0,131.0,0.0,17.0,519.0,388.0,18.40590549900816,34.275618374558306
2020,경상남도 고성군,373.1,108.4,71.1,17.3,111.5,27.1,188.5,47.4,51361.0,1,1,1.947002589513444,1032.0,0.0,8.0,32.0,116.0,0.0,14.0,483.0,379.0,20.09306672377874,36.724806201550386
2020,경상남도 김해시,3081.5,709.2,790.7,205.5,970.3,260.4,2799.5,633.0,542338.0,24,23,4.240897742736079,5920.0,0.0,59.0,499.0,927.0,7.0,101.0,2398.0,1929.0,10.915702016085909,32.58445945945946
2020,경상남도 남해군,21.2,5.5,54.2,13.1,102.8,25.6,8.3,2.2,42958.0,4,4,9.311420457190744,922.0,0.0,7.0,24.0,98.0,0.0,11.0,441.0,341.0,21.462824153824666,36.984815618221255
2020,경상남도 밀양시,503.2,115.2,147.7,36.8,211.8,52.8,440.8,99.5,104831.0,13,13,12.400911943986037,2132.0,0.0,20.0,74.0,271.0,0.0,16.0,970.0,781.0,20.337495588137095,36.632270168855534
2020,경상남도 사천시,816.6,196.1,160.4,40.6,244.4,61.5,756.5,180.5,111105.0,3,3,2.700148508167949,2099.0,0.0,18.0,83.0,265.0,0.0,23.0,920.0,790.0,18.892039062148417,37.63696998570748
2020,경상남도 산청군,83.2,21.3,43.0,10.3,68.9,16.6,68.8,17.5,34857.0,2,2,5.737728433313252,721.0,0.0,9.0,13.0,81.0,0.0,4.0,374.0,240.0,20.684511002094272,33.287101248266296
2020,경상남도 양산시,2337.1,570.2,531.0,137.2,636.6,167.6,1993.6,483.9,352229.0,10,10,2.83906208744879,3841.0,0.0,45.0,326.0,525.0,1.0,81.0,1504.0,1359.0,10.904837477890803,35.381411090861754
2020,경상남도 의령군,190.5,46.5,35.0,8.4,53.3,12.7,179.0,43.6,26800.0,1,1,3.7313432835820897,555.0,0.0,3.0,10.0,46.0,0.0,3.0,255.0,238.0,20.708955223880597,42.88288288288288
2020,경상남도 진주시,848.4,191.4,534.2,135.0,694.2,181.5,750.5,165.0,348096.0,15,15,4.309156094870381,4803.0,0.0,25.0,306.0,607.0,2.0,82.0,2099.0,1682.0,13.797917815774959,35.019779304601286
2020,경상남도 창녕군,469.3,108.8,82.7,20.1,136.1,33.5,448.8,103.4,61301.0,4,4,6.525179034599762,1287.0,0.0,16.0,45.0,137.0,0.0,9.0,616.0,464.0,20.994763543824735,36.05283605283605
2020,경상남도 창원시,6005.9,1403.5,1544.7,401.9,1987.2,530.6,5721.0,1329.7,1036738.0,30,29,2.7972351741712957,10687.0,0.0,102.0,621.0,1554.0,4.0,116.0,4411.0,3879.0,10.308293898747804,36.29643492093197
2020,경상남도 통영시,290.0,68.1,191.7,47.9,307.0,77.3,92.3,22.9,128293.0,1,1,0.7794657541720905,2478.0,0.0,36.0,178.0,364.0,3.0,34.0,995.0,868.0,19.315161388384404,35.02824858757062
2020,경상남도 하동군,143.8,41.6,55.0,13.3,81.5,19.4,39.7,10.2,44785.0,2,2,4.465780953444234,1030.0,0.0,12.0,36.0,118.0,0.0,7.0,503.0,354.0,22.998771910237803,34.368932038834956
2020,경상남도 함안군,2243.5,510.7,90.3,22.6,128.5,32.8,2147.4,486.6,64182.0,1,1,1.5580692405970522,1148.0,0.0,13.0,40.0,140.0,1.0,15.0,563.0,376.0,17.886634882054157,32.752613240418114
2020,경상남도 함양군,54.9,13.4,52.2,12.6,66.1,16.0,41.9,10.2,39080.0,4,4,10.23541453428864,832.0,0.0,9.0,21.0,72.0,0.0,10.0,398.0,322.0,21.28966223132037,38.70192307692308
2020,경상남도 합천군,72.1,17.4,56.1,13.3,92.4,21.8,52.7,12.4,44006.0,3,2,4.544834795255192,1044.0,0.0,4.0,28.0,99.0,0.0,12.0,535.0,366.0,23.724037631232104,35.05747126436782
2020,경상북도 경산시,1507.2,354.0,401.0,100.7,463.2,119.0,1429.7,333.8,263728.0,3,3,1.1375356427834735,3393.0,0.0,39.0,323.0,484.0,3.0,54.0,1316.0,1174.0,12.86552811988109,34.60064839375184
2020,경상북도 경주시,2442.0,573.9,389.6,97.6,643.5,167.5,1719.0,388.0,253502.0,7,6,2.36684523199028,3951.0,0.0,45.0,264.0,512.0,3.0,50.0,1587.0,1490.0,15.585675852655994,37.71197165274614
2020,경상북도 고령군,976.7,214.7,40.1,9.8,66.7,16.6,948.5,207.5,31361.0,3,3,9.566021491661616,623.0,0.0,5.0,25.0,74.0,0.0,7.0,260.0,252.0,19.865437964350626,40.44943820224719
2020,경상북도 구미시,7762.3,1993.8,604.0,154.5,699.3,180.6,7512.1,1928.0,416328.0,13,13,3.122537998885494,3198.0,0.0,37.0,391.0,471.0,4.0,67.0,1349.0,879.0,7.681443477258316,27.485928705440898
2020,경상북도 군위군,143.3,32.6,28.1,6.7,54.0,13.0,133.6,30.2,23256.0,1,1,4.299965600275198,505.0,0.0,7.0,13.0,50.0,0.0,2.0,233.0,200.0,21.714826281389747,39.603960396039604
2020,경상북도 김천시,1510.8,370.3,197.5,48.7,282.0,72.7,1344.0,328.9,140548.0,5,5,3.5575034863534167,2302.0,0.0,19.0,128.0,294.0,1.0,22.0,1045.0,793.0,16.37874605117113,34.448305821025194
2020,경상북도 문경시,187.2,44.3,96.6,23.2,151.2,35.8,155.9,36.4,71406.0,8,7,9.803097778898133,1199.0,0.0,17.0,29.0,147.0,0.0,11.0,554.0,441.0,16.791306052712656,36.78065054211843
2020,경상북도 봉화군,1674.3,387.6,41.2,9.9,51.2,11.6,1652.4,382.3,31494.0,2,2,6.350415952244872,418.0,0.0,2.0,4.0,40.0,0.0,5.0,212.0,155.0,13.272369340191782,37.08133971291866
2020,경상북도 상주시,153.0,39.1,131.1,31.7,165.3,40.2,125.2,31.9,97228.0,3,3,3.085530917019789,1573.0,0.0,23.0,59.0,181.0,1.0,14.0,753.0,542.0,16.178467108240426,34.45645263827082
2020,경상북도 성주군,724.4,157.5,50.4,12.3,90.1,21.6,709.3,153.8,43414.0,1,1,2.3034044317501268,738.0,0.0,5.0,27.0,85.0,0.0,6.0,335.0,280.0,16.999124706315932,37.94037940379404
2020,경상북도 안동시,271.7,69.1,233.2,57.1,361.0,87.9,173.7,43.7,158907.0,13,13,8.180885675269183,3299.0,0.0,23.0,291.0,414.0,3.0,52.0,1457.0,1059.0,20.760570648240794,32.10063655653228
2020,경상북도 영덕군,49.8,12.4,48.7,11.8,120.6,30.0,33.2,8.3,36313.0,1,1,2.753834714840415,1083.0,0.0,16.0,16.0,111.0,0.0,5.0,479.0,456.0,29.824029961721696,42.10526315789473
2020,경상북도 영양군,11.7,2.9,23.1,5.5,28.8,6.4,3.4,0.7,16692.0,0,0,0.0,430.0,0.0,4.0,8.0,48.0,0.0,6.0,199.0,165.0,25.760843517852862,38.372093023255815
2020,경상북도 영주시,1029.2,247.0,145.9,35.8,200.1,47.9,1005.4,241.3,103119.0,6,6,5.818520350274925,1851.0,0.0,10.0,164.0,211.0,0.0,27.0,802.0,637.0,17.950135280598143,34.413830361966504
2020,경상북도 영천시,911.0,205.4,135.1,33.1,191.9,46.9,878.9,197.2,102015.0,2,2,1.9604960054893887,2225.0,0.0,15.0,115.0,280.0,0.0,26.0,914.0,875.0,21.81051806106945,39.325842696629216
2020,경상북도 예천군,48.8,12.1,86.9,22.1,96.1,23.3,33.8,8.4,55613.0,11,11,19.779547947422365,786.0,0.0,2.0,27.0,59.0,0.0,11.0,411.0,276.0,14.133386078794526,35.11450381679389
2020,경상북도 울릉군,6.8,1.7,9.6,2.4,36.1,9.1,1.8,0.4,9077.0,0,0,0.0,109.0,0.0,3.0,1.0,15.0,0.0,0.0,40.0,50.0,12.008372810399912,45.87155963302752
2020,경상북도 울진군,371.8,104.8,79.1,18.9,144.6,34.8,21.3,4.9,48716.0,4,4,8.210854749979474,1176.0,0.0,11.0,12.0,150.0,0.0,7.0,510.0,486.0,24.139912964939647,41.3265306122449
2020,경상북도 의성군,77.0,17.3,67.3,16.0,82.0,19.0,61.8,13.5,51724.0,6,6,11.600030933415823,1071.0,0.0,8.0,22.0,110.0,0.0,7.0,547.0,377.0,20.706055216147245,35.20074696545285
2020,경상북도 청도군,87.7,20.0,54.7,13.1,87.7,20.9,74.8,16.8,42263.0,1,1,2.366135863521284,846.0,0.0,8.0,25.0,92.0,0.0,4.0,425.0,292.0,20.017509405390058,34.515366430260045
2020,경상북도 청송군,19.0,4.5,33.7,8.0,59.5,13.6,8.2,1.8,25044.0,8,8,31.943778949049676,510.0,0.0,7.0,9.0,52.0,0.0,4.0,261.0,177.0,20.364159080019164,34.705882352941174
2020,경상북도 칠곡군,1264.0,278.4,161.2,40.9,294.5,75.6,1167.7,254.5,114758.0,2,2,1.74279788772896,1334.0,0.0,14.0,91.0,206.0,2.0,20.0,598.0,403.0,11.624461911152164,30.20989505247376
2020,경상북도 포항시,6466.9,1470.2,752.8,194.1,998.0,260.5,6320.8,1433.9,502916.0,19,19,3.777966897056368,8117.0,0.0,77.0,645.0,1242.0,4.0,82.0,3121.0,2946.0,16.139872264950807,36.29419736355797
2020,광주광역시 광산구,1865.3,473.3,612.6,155.1,747.4,196.8,1766.9,448.3,405579.0,12,12,2.9587330704992123,4970.0,0.0,62.0,773.0,675.0,5.0,176.0,2002.0,1277.0,12.254086133650903,25.694164989939637
2020,광주광역시 남구,34.2,8.5,326.3,83.4,298.5,79.3,12.0,2.7,214579.0,9,8,3.728230628346669,3162.0,0.0,36.0,448.0,439.0,2.0,67.0,1211.0,959.0,14.735831558540212,30.328905755850727
2020,광주광역시 동구,30.6,7.7,163.0,42.6,354.7,94.1,8.0,1.9,102897.0,1,1,0.9718456320398068,1606.0,0.0,28.0,129.0,220.0,1.0,41.0,582.0,605.0,15.607840850559297,37.67123287671233
2020,광주광역시 북구,722.1,196.1,643.6,167.9,711.3,187.1,663.0,180.3,430431.0,9,9,2.090927465726214,8031.0,0.0,57.0,722.0,1202.0,8.0,186.0,3236.0,2620.0,18.658042752496915,32.6235836134977
2020,광주광역시 서구,296.5,78.2,462.1,116.2,758.6,199.1,184.1,49.7,296576.0,8,7,2.360271903323263,4788.0,0.0,58.0,520.0,702.0,6.0,105.0,1947.0,1450.0,16.14425981873112,30.28404344193818
2020,대구광역시 남구,10.8,2.7,218.1,55.8,303.0,80.9,6.0,1.5,146632.0,3,3,2.0459381308309235,4252.0,0.0,15.0,454.0,658.0,1.0,51.0,1375.0,1698.0,28.997763107643625,39.934148635936026
2020,대구광역시 달서구,1973.0,465.8,836.2,212.7,858.5,231.7,1753.1,406.1,558631.0,3,3,0.5370271252400959,10546.0,0.0,54.0,1131.0,1728.0,3.0,148.0,4350.0,3132.0,18.87829354260684,29.698463872558317
2020,대구광역시 달성군,2596.1,605.8,353.3,91.6,385.9,100.3,2422.2,561.6,259339.0,3,3,1.156787062493493,2555.0,0.0,34.0,329.0,361.0,2.0,85.0,940.0,804.0,9.851969815569582,31.467710371819962
2020,대구광역시 동구,125.6,31.9,503.8,126.4,726.3,195.7,82.9,20.5,341920.0,4,4,1.1698642957416938,6786.0,0.0,29.0,537.0,1080.0,2.0,73.0,2629.0,2436.0,19.84674777725784,35.8974358974359
2020,대구광역시 북구,695.1,161.1,632.8,162.8,760.4,204.6,587.0,133.1,440263.0,6,6,1.3628217678978247,5665.0,0.0,25.0,625.0,845.0,1.0,71.0,2184.0,1914.0,12.867308858568629,33.78640776699029
2020,대구광역시 서구,359.9,89.3,238.0,59.8,286.1,73.7,224.5,50.5,170700.0,1,1,0.5858230814294083,4133.0,0.0,9.0,411.0,596.0,4.0,43.0,1442.0,1628.0,24.212067955477448,39.3902734091459
2020,대구광역시 수성구,209.9,53.0,646.4,165.9,689.6,184.1,16.3,4.0,424314.0,3,3,0.7070235721658961,6366.0,0.0,8.0,772.0,938.0,1.0,68.0,2383.0,2196.0,15.003040201360312,34.49575871819039
2020,대구광역시 중구,27.5,6.7,126.6,34.3,479.3,133.1,21.4,5.1,76547.0,3,3,3.919160777038943,1343.0,0.0,3.0,120.0,194.0,0.0,4.0,418.0,604.0,17.54477641187767,44.973938942665676
2020,대전광역시 대덕구,2050.9,525.8,241.3,59.2,362.3,91.9,1829.2,470.9,176384.0,2,2,1.13388969521045,3353.0,0.0,16.0,353.0,472.0,3.0,64.0,1441.0,1004.0,19.00966074020319,29.94333432746794
2020,대전광역시 동구,86.6,21.3,327.0,81.7,381.6,97.4,56.1,13.5,223021.0,2,2,0.8967765367386927,5266.0,0.0,29.0,439.0,801.0,4.0,68.0,2095.0,1830.0,23.61212621232978,34.75123433345993
2020,대전광역시 서구,52.4,12.7,682.4,171.0,1011.7,265.2,20.0,4.7,477880.0,4,4,0.8370302167908261,5226.0,0.0,41.0,627.0,821.0,3.0,94.0,2054.0,1586.0,10.935799782372143,30.34825870646766
2020,대전광역시 유성구,911.6,242.1,526.1,135.6,1241.7,337.9,365.5,93.8,351047.0,8,8,2.2788971277350325,2191.0,0.0,25.0,248.0,368.0,4.0,49.0,892.0,605.0,6.241329508584321,27.612962117754453
2020,대전광역시 중구,32.6,8.2,333.7,84.1,508.5,133.3,19.1,4.7,235550.0,2,1,0.4245383145828911,4123.0,0.0,30.0,467.0,584.0,6.0,49.0,1528.0,1459.0,17.5037147102526,35.38685423235508
2020,부산광역시 강서구,3296.6,814.2,208.8,53.2,445.0,117.9,3225.5,796.1,137957.0,2,2,1.4497270888755192,1052.0,0.0,7.0,82.0,145.0,0.0,36.0,373.0,409.0,7.625564487485231,38.87832699619772
2020,부산광역시 금정구,248.2,61.6,349.6,86.8,374.7,99.5,109.9,26.3,232666.0,1,1,0.4298006584546087,4374.0,0.0,24.0,348.0,583.0,1.0,42.0,1497.0,1879.0,18.799480800804588,42.95839048925469
2020,부산광역시 기장군,715.4,156.8,139.6,36.0,318.6,83.1,459.0,106.4,174545.0,5,5,2.8645907932051906,2748.0,0.0,18.0,279.0,462.0,1.0,64.0,952.0,972.0,15.743790999455728,35.37117903930131
2020,부산광역시 남구,517.5,126.9,417.9,105.8,395.7,106.5,394.2,95.1,267731.0,3,3,1.1205276938419533,3606.0,0.0,34.0,207.0,548.0,1.0,27.0,1344.0,1445.0,13.468742879980278,40.07210205213533
2020,부산광역시 동구,76.3,19.3,133.6,33.5,280.6,75.2,31.2,7.8,88901.0,4,4,4.499386958526901,3292.0,0.0,14.0,251.0,462.0,1.0,29.0,1083.0,1452.0,37.029954668676396,44.106925880923455
2020,부산광역시 동래구,95.8,25.1,397.1,99.2,405.2,110.3,10.3,2.6,270745.0,3,3,1.1080537036695046,3213.0,0.0,29.0,307.0,486.0,0.0,27.0,1073.0,1291.0,11.867255166300394,40.18051665110489
2020,부산광역시 부산진구,254.9,67.3,557.5,141.9,784.8,216.1,30.0,7.3,359886.0,5,5,1.3893288430225128,6777.0,0.0,35.0,468.0,938.0,1.0,61.0,2443.0,2831.0,18.83096313832714,41.77364615611627
2020,부산광역시 북구,109.2,29.1,405.5,103.0,324.9,87.0,14.4,3.7,283952.0,3,3,1.0565165943539754,7850.0,0.0,37.0,594.0,1137.0,4.0,74.0,3203.0,2801.0,27.645517552262355,35.681528662420384
2020,부산광역시 사상구,799.8,182.7,296.4,74.7,397.2,105.8,752.0,170.2,212586.0,7,6,2.8223871750726763,5455.0,0.0,35.0,328.0,811.0,5.0,58.0,2355.0,1863.0,25.66020340003575,34.152153987167736
2020,부산광역시 사하구,1602.5,399.2,445.8,113.2,411.2,109.0,1482.3,367.7,311757.0,4,4,1.2830505810615318,7421.0,0.0,44.0,611.0,1123.0,2.0,69.0,2873.0,2699.0,23.80379590514407,36.369761487670125
2020,부산광역시 서구,165.3,45.3,158.2,39.0,230.6,62.2,142.0,39.2,108135.0,1,1,0.9247699634715864,2950.0,0.0,8.0,238.0,420.0,0.0,18.0,904.0,1362.0,27.280713922411802,46.16949152542373
2020,부산광역시 수영구,14.2,3.6,277.6,70.5,292.0,77.9,7.1,1.7,176894.0,3,3,1.695930896469072,2592.0,0.0,21.0,173.0,407.0,2.0,32.0,859.0,1098.0,14.65284294549278,42.36111111111111
2020,부산광역시 연제구,63.7,17.0,316.8,79.8,366.3,100.2,13.1,3.2,209157.0,1,1,0.4781097453109386,3116.0,0.0,34.0,256.0,470.0,2.0,39.0,1037.0,1278.0,14.897899663888849,41.01412066752246
2020,부산광역시 영도구,99.3,26.3,159.9,39.1,150.5,39.0,69.5,18.6,113342.0,5,5,4.411427361437067,4667.0,0.0,13.0,191.0,786.0,1.0,40.0,1827.0,1809.0,41.17626299165358,38.76151703449754
2020,부산광역시 중구,7.2,1.7,62.0,15.4,279.9,75.8,5.0,1.2,41523.0,1,1,2.408303831611396,1422.0,0.0,3.0,70.0,216.0,0.0,15.0,428.0,690.0,34.24608048551405,48.52320675105485
2020,부산광역시 해운대구,204.8,45.5,683.8,174.9,845.5,238.6,120.4,28.5,402169.0,4,4,0.9946067449256406,6809.0,0.0,40.0,596.0,1037.0,4.0,71.0,2478.0,2583.0,16.93069331549672,37.93508591569981
2020,서울특별시 강남구,247.6,56.6,932.3,258.0,3169.7,856.7,12.9,3.2,539231.0,1,1,0.1854492786950305,4747.0,0.0,9.0,341.0,809.0,2.0,44.0,2127.0,1415.0,8.803277259653099,29.808299978934066
2020,서울특별시 강동구,168.5,44.2,628.9,167.4,698.2,188.7,22.2,4.9,459970.0,3,3,0.6522164488988412,4703.0,0.0,33.0,363.0,854.0,2.0,39.0,1586.0,1826.0,10.224579863904168,38.826281097172014
2020,서울특별시 강북구,52.1,13.1,415.5,106.3,394.2,104.6,31.8,7.8,308055.0,1,1,0.3246173572900943,7050.0,0.0,36.0,611.0,1172.0,1.0,68.0,2524.0,2638.0,22.885523688951647,37.41843971631206
2020,서울특별시 강서구,312.5,77.3,828.0,216.1,1326.9,359.3,46.4,11.7,580185.0,2,2,0.3447176331687306,10925.0,0.0,18.0,597.0,1823.0,4.0,63.0,5371.0,3049.0,18.830200711841915,27.908466819221967
2020,서울특별시 관악구,37.8,9.5,677.5,176.9,740.8,198.6,21.7,5.3,495060.0,2,2,0.4039914353815699,6326.0,0.0,40.0,372.0,1140.0,2.0,70.0,2186.0,2516.0,12.778249101119057,39.77236800505849
2020,서울특별시 광진구,376.4,101.1,488.5,130.2,590.7,162.4,29.8,7.4,346682.0,1,1,0.2884487801501088,3029.0,0.0,27.0,277.0,506.0,0.0,28.0,983.0,1208.0,8.737113550746793,39.881148894024435
2020,서울특별시 구로구,347.2,84.9,608.1,157.4,787.5,209.3,99.8,24.1,404408.0,1,1,0.2472750291784534,3984.0,0.0,24.0,328.0,670.0,1.0,54.0,1338.0,1569.0,9.851437162469585,39.38253012048193
2020,서울특별시 금천구,246.1,63.2,333.4,86.3,975.1,263.6,234.9,60.3,231733.0,1,1,0.4315311155510868,3876.0,0.0,25.0,342.0,652.0,1.0,36.0,1324.0,1496.0,16.726146038760124,38.59649122807017
2020,서울특별시 노원구,70.8,18.3,691.4,178.0,582.0,157.8,32.6,8.4,523037.0,0,0,0.0,11402.0,0.0,36.0,914.0,1661.0,3.0,90.0,5284.0,3414.0,21.799604999263916,29.942115418347658
2020,서울특별시 도봉구,55.0,14.0,438.5,112.3,331.0,88.0,41.3,10.4,325257.0,2,2,0.6148983726714567,4406.0,0.0,28.0,489.0,727.0,3.0,41.0,1409.0,1709.0,13.546211149952192,38.7880163413527
2020,서울특별시 동대문구,166.6,43.4,523.1,136.5,598.6,159.3,71.6,17.9,342837.0,1,1,0.2916838030900982,4971.0,0.0,32.0,330.0,765.0,0.0,40.0,1577.0,2227.0,14.499601851608782,44.7998390665862
2020,서울특별시 동작구,53.3,14.3,544.3,142.9,565.5,153.8,14.0,4.0,391220.0,1,1,0.2556106538520525,3437.0,0.0,15.0,263.0,589.0,0.0,24.0,1131.0,1415.0,8.785338172895045,41.16962467267966
2020,서울특별시 마포구,174.0,55.3,599.4,160.4,1229.3,326.2,21.1,5.6,371890.0,0,0,0.0,3443.0,0.0,10.0,295.0,558.0,2.0,31.0,1210.0,1337.0,9.258113958428568,38.832413592796975
2020,서울특별시 서대문구,32.8,8.5,458.6,121.8,542.7,148.8,15.2,4.0,312173.0,1,1,0.3203351987519741,3314.0,0.0,19.0,236.0,517.0,1.0,20.0,1083.0,1438.0,10.615908486640421,43.391671695835846
2020,서울특별시 서초구,441.7,118.3,713.0,193.0,1922.8,518.6,8.6,2.1,425126.0,1,1,0.2352243805365938,1922.0,0.0,10.0,146.0,324.0,0.0,33.0,686.0,723.0,4.521012593913334,37.61706555671176
2020,서울특별시 성동구,881.7,227.3,454.4,117.8,701.2,187.6,221.4,55.5,293556.0,3,3,1.0219515186199566,3177.0,0.0,18.0,205.0,515.0,0.0,29.0,1107.0,1303.0,10.82246658218534,41.01353478124016
2020,서울특별시 성북구,100.1,26.7,626.5,160.8,503.4,133.8,44.4,11.4,437153.0,1,1,0.2287528622701891,4868.0,0.0,27.0,370.0,794.0,0.0,62.0,1532.0,2083.0,11.135689335312808,42.78964667214461
2020,서울특별시 송파구,209.8,55.6,967.9,254.9,1488.9,412.9,38.0,9.9,667960.0,3,3,0.449128690340739,3877.0,0.0,25.0,423.0,674.0,0.0,51.0,1211.0,1493.0,5.804239774836816,38.50915656435388
2020,서울특별시 양천구,45.5,10.9,652.4,169.5,947.3,247.1,16.8,3.8,454251.0,2,2,0.4402852167634193,4806.0,0.0,21.0,393.0,735.0,6.0,59.0,1749.0,1843.0,10.580053758824967,38.34789846025801
2020,서울특별시 영등포구,228.2,59.1,617.6,164.0,1653.0,457.0,107.5,27.0,379480.0,0,0,0.0,3538.0,0.0,11.0,149.0,540.0,0.0,23.0,1136.0,1679.0,9.323284494571519,47.456189937817975
2020,서울특별시 용산구,103.2,26.6,426.8,115.3,729.2,198.3,16.3,4.2,230040.0,2,2,0.8694140149539211,2527.0,0.0,12.0,103.0,421.0,0.0,18.0,778.0,1195.0,10.985046078942794,47.289275821131774
2020,서울특별시 은평구,186.6,48.6,662.9,170.4,518.7,137.6,13.1,3.2,479835.0,3,3,0.6252149176279346,6606.0,0.0,15.0,553.0,1022.0,2.0,80.0,2148.0,2786.0,13.767232486167119,42.17378141083863
2020,서울특별시 종로구,70.5,18.3,268.7,72.0,1171.6,319.7,64.9,16.8,149384.0,2,2,1.3388314678948214,1962.0,0.0,4.0,88.0,303.0,0.0,9.0,626.0,932.0,13.1339367000482,47.50254841997961
2020,서울특별시 중구,221.1,56.4,208.2,56.1,1713.3,475.1,201.5,51.4,125240.0,1,1,0.7984669434685404,2066.0,0.0,10.0,72.0,321.0,0.0,13.0,653.0,997.0,16.496327052060046,48.25750242013553
2020,서울특별시 중랑구,69.5,17.1,536.3,139.7,445.5,118.1,53.6,13.1,394702.0,3,3,0.7600670885883527,6743.0,0.0,44.0,519.0,1115.0,1.0,65.0,2434.0,2565.0,17.08377459450421,38.03944831677295
2020,세종특별자치시 세종시,1843.0,464.3,566.8,140.6,718.0,191.5,1619.0,407.5,355831.0,2,2,0.5620645755990906,,,,,,,,,,,
2020,울산광역시 남구,14358.2,3666.5,485.4,121.9,734.1,196.5,13390.8,3423.7,320064.0,2,2,0.624875024995001,2755.0,0.0,36.0,130.0,414.0,0.0,38.0,1154.0,983.0,8.60765346930614,35.68058076225045
2020,울산광역시 동구,973.6,258.9,217.2,53.3,216.3,57.4,944.7,251.2,156806.0,13,12,7.652768388964708,1097.0,0.0,26.0,118.0,203.0,0.0,22.0,455.0,273.0,6.9959057689119035,24.88605287146764
2020,울산광역시 북구,1687.5,433.8,315.0,79.2,308.8,82.4,1633.9,419.8,219014.0,4,4,1.8263672641931563,1224.0,0.0,28.0,91.0,219.0,2.0,45.0,483.0,356.0,5.588683828431059,29.08496732026144
2020,울산광역시 울주군,12005.7,2692.9,324.2,80.1,437.3,111.2,11589.1,2621.1,222538.0,5,4,1.7974458294763145,1714.0,0.0,36.0,99.0,270.0,0.0,27.0,695.0,587.0,7.702055379306006,34.24737456242707
2020,울산광역시 중구,27.2,7.0,318.4,78.4,320.2,86.1,11.3,2.9,217595.0,2,2,0.919138766975344,2224.0,0.0,22.0,119.0,334.0,1.0,28.0,784.0,936.0,10.220823088765826,42.086330935251794
2020,인천광역시 강화군,88.7,20.2,86.8,20.7,178.5,39.9,72.5,16.1,69203.0,1,1,1.4450240596505932,1236.0,0.0,11.0,63.0,145.0,1.0,12.0,501.0,503.0,17.86049737728133,40.6957928802589
2020,인천광역시 계양구,376.1,93.3,406.1,103.4,428.3,112.0,211.4,51.6,296750.0,2,2,0.6739679865206403,3915.0,0.0,43.0,480.0,675.0,3.0,66.0,1357.0,1291.0,13.192923336141533,32.9757343550447
2020,인천광역시 남동구,1985.0,464.4,791.7,202.1,891.0,234.4,1884.3,438.7,525354.0,2,2,0.3806956832916471,9016.0,0.0,58.0,962.0,1472.0,17.0,221.0,3365.0,2921.0,17.161761402787455,32.39795918367347
2020,인천광역시 동구,3322.1,836.7,87.9,22.2,107.3,26.2,3270.2,822.7,62542.0,0,0,0.0,1413.0,0.0,4.0,84.0,168.0,0.0,17.0,547.0,593.0,22.592817626554954,41.967445152158525
2020,인천광역시 미추홀구,418.4,99.8,590.3,150.2,601.8,152.4,329.6,77.5,404343.0,6,5,1.2365738988927717,6706.0,0.0,48.0,697.0,1082.0,10.0,129.0,2338.0,2402.0,16.584929131949856,35.818669847897404
2020,인천광역시 부평구,719.6,180.8,715.6,182.6,741.2,193.7,657.5,164.6,494962.0,3,3,0.6061071354972705,9123.0,0.0,61.0,743.0,1539.0,8.0,137.0,3568.0,3067.0,18.431717990471995,33.61832730461471
2020,인천광역시 서구,3651.6,888.6,814.4,208.1,1051.4,268.8,3244.5,790.9,542040.0,6,6,1.1069293779056897,5327.0,0.0,47.0,629.0,851.0,3.0,136.0,1979.0,1682.0,9.827687993506013,31.57499530692698
2020,인천광역시 연수구,1015.7,261.3,655.1,175.7,706.9,191.9,569.4,156.6,387450.0,2,2,0.5161956381468576,3923.0,0.0,23.0,372.0,581.0,1.0,60.0,1674.0,1212.0,10.125177442250614,30.89472342594953
2020,인천광역시 옹진군,49.9,15.4,26.3,6.5,108.2,25.0,27.9,10.9,20455.0,0,0,0.0,33.0,0.0,0.0,0.0,6.0,0.0,0.0,17.0,10.0,1.6132974822781716,30.303030303030305
2020,인천광역시 중구,923.0,235.5,222.2,56.7,1047.6,274.5,789.7,201.2,139729.0,5,5,3.578355244795282,1815.0,0.0,12.0,107.0,235.0,1.0,29.0,588.0,843.0,12.989429538606874,46.44628099173554
2020,전라남도 강진군,59.1,15.0,46.2,11.4,65.2,15.8,36.3,8.9,34597.0,1,1,2.890424025204497,903.0,0.0,10.0,31.0,103.0,1.0,10.0,430.0,318.0,26.100528947596615,35.21594684385382
2020,전라남도 고흥군,72.4,17.8,89.8,22.1,106.0,25.9,40.6,9.6,63922.0,1,1,1.5644066205688183,1744.0,0.0,8.0,35.0,167.0,0.0,15.0,894.0,625.0,27.28325146272019,35.837155963302756
2020,전라남도 곡성군,211.1,57.0,35.7,8.6,51.8,12.4,205.5,55.6,28039.0,4,4,14.265844002995824,681.0,0.0,12.0,17.0,70.0,0.0,5.0,342.0,235.0,24.287599415100395,34.50807635829663
2020,전라남도 광양시,2748.6,575.6,210.8,54.9,272.0,70.7,2628.6,557.4,151769.0,19,18,11.86012953897041,1465.0,0.0,19.0,183.0,173.0,0.0,31.0,612.0,447.0,9.652827652550917,30.51194539249147
2020,전라남도 구례군,22.9,6.2,33.9,8.2,60.6,14.6,14.9,4.0,25719.0,9,9,34.99358450950659,604.0,0.0,1.0,16.0,64.0,0.0,2.0,299.0,222.0,23.484583381935536,36.75496688741722
2020,전라남도 나주시,504.2,131.4,173.5,45.2,290.8,76.6,460.6,120.1,115613.0,4,4,3.459818532517969,1804.0,0.0,10.0,96.0,201.0,4.0,27.0,865.0,601.0,15.603781581656042,33.31485587583148
2020,전라남도 담양군,207.1,50.1,52.4,12.8,115.7,28.0,190.3,45.9,46280.0,3,3,6.48228176318064,708.0,0.0,1.0,31.0,80.0,0.0,8.0,333.0,255.0,15.29818496110631,36.016949152542374
2020,전라남도 목포시,111.3,27.3,349.1,88.6,492.9,123.9,64.7,15.6,224044.0,7,6,2.67804538394244,4354.0,0.0,32.0,530.0,564.0,3.0,77.0,1757.0,1391.0,19.43368266947564,31.94763435920992
2020,전라남도 무안군,108.6,27.1,127.5,34.0,173.9,43.3,64.7,16.2,86132.0,6,6,6.966052106069754,995.0,0.0,8.0,63.0,105.0,0.0,9.0,484.0,326.0,11.55203640923234,32.76381909547739
2020,전라남도 보성군,51.0,12.5,53.9,13.2,76.7,18.2,40.6,9.9,40482.0,5,5,12.351168420532584,1056.0,0.0,15.0,30.0,107.0,2.0,7.0,530.0,365.0,26.085667704164813,34.56439393939394
2020,전라남도 순천시,923.1,221.1,415.3,104.6,532.8,141.0,787.1,187.7,282189.0,16,16,5.66995878648707,3131.0,0.0,64.0,218.0,378.0,1.0,41.0,1472.0,957.0,11.095400600306887,30.565314595975728
2020,전라남도 신안군,29.1,7.5,42.5,10.2,65.2,15.2,19.4,5.0,38938.0,3,3,7.704555960758128,822.0,0.0,14.0,8.0,65.0,0.0,11.0,380.0,344.0,21.11048333247727,41.84914841849148
2020,전라남도 여수시,12615.7,3228.9,410.3,105.4,648.6,166.4,12147.6,3095.9,280242.0,15,15,5.352516753377438,4356.0,0.0,49.0,330.0,533.0,0.0,48.0,2004.0,1392.0,15.54370865180808,31.955922865013775
2020,전라남도 영광군,427.7,118.0,70.3,17.2,107.6,25.8,58.6,14.5,53099.0,1,1,1.8832746379404508,1120.0,0.0,8.0,52.0,121.0,2.0,19.0,567.0,351.0,21.09267594493305,31.339285714285715
2020,전라남도 영암군,761.4,185.9,77.6,19.2,130.3,32.0,741.3,180.8,53699.0,7,7,13.035624499525133,848.0,0.0,17.0,50.0,91.0,0.0,12.0,428.0,250.0,15.791727965139016,29.4811320754717
2020,전라남도 완도군,41.0,10.8,65.9,16.2,103.7,25.4,25.0,6.6,49916.0,1,1,2.003365654299223,999.0,0.0,6.0,14.0,91.0,0.0,9.0,509.0,370.0,20.013622886449234,37.03703703703704
2020,전라남도 장성군,357.0,87.4,53.2,13.0,102.7,25.4,329.4,80.3,44464.0,2,2,4.49802087081684,814.0,0.0,6.0,32.0,85.0,0.0,12.0,390.0,289.0,18.30694494422454,35.5036855036855
2020,전라남도 장흥군,64.6,16.5,50.1,12.3,69.1,16.6,41.4,10.5,37800.0,2,2,5.291005291005291,1011.0,0.0,5.0,24.0,108.0,0.0,21.0,524.0,329.0,26.746031746031747,32.54203758654797
2020,전라남도 진도군,22.3,5.5,42.3,10.3,64.7,16.2,14.3,3.4,31227.0,1,1,3.202356934703942,783.0,0.0,16.0,30.0,85.0,0.0,10.0,391.0,251.0,25.074454798731868,32.05619412515964
2020,전라남도 함평군,83.6,19.4,38.3,9.3,53.4,12.9,71.5,16.3,32050.0,2,2,6.240249609984399,738.0,0.0,12.0,14.0,64.0,0.0,11.0,414.0,223.0,23.026521060842434,30.21680216802168
2020,전라남도 해남군,96.1,23.7,91.3,22.5,137.9,33.5,79.6,19.7,68806.0,8,8,11.626893003517134,1448.0,0.0,20.0,29.0,163.0,2.0,13.0,696.0,525.0,21.044676336366013,36.25690607734807
2020,전라남도 화순군,129.8,35.2,81.3,20.0,147.8,37.7,116.7,31.8,62522.0,0,0,0.0,1012.0,0.0,15.0,83.0,115.0,0.0,12.0,469.0,318.0,16.186302421547616,31.422924901185773
2020,전북특별자치도 고창군,96.4,24.8,72.5,17.6,108.6,26.5,71.5,18.2,54529.0,1,1,1.83388655577766,1238.0,0.0,28.0,22.0,142.0,0.0,18.0,617.0,411.0,22.70351556052743,33.198707592891765
2020,전북특별자치도 군산시,4541.1,895.0,405.1,100.5,598.8,152.3,4416.8,864.4,267859.0,9,9,3.3599767041615176,5506.0,0.0,21.0,347.0,754.0,5.0,99.0,2334.0,1946.0,20.55559081457035,35.34326189611333
2020,전북특별자치도 김제시,472.8,115.8,107.2,26.4,164.6,40.2,437.9,107.6,82450.0,2,2,2.425712553062462,3012.0,0.0,14.0,109.0,372.0,2.0,38.0,1415.0,1062.0,36.53123104912068,35.2589641434263
2020,전북특별자치도 남원시,155.3,39.5,109.4,26.8,161.0,38.9,119.4,30.6,80662.0,2,2,2.47948228409908,2014.0,0.0,14.0,105.0,246.0,0.0,38.0,945.0,666.0,24.968386600877736,33.06852035749752
2020,전북특별자치도 무주군,32.2,7.5,32.1,7.7,83.1,16.5,22.9,5.3,24036.0,1,1,4.1604260276252285,474.0,0.0,7.0,7.0,50.0,0.0,5.0,239.0,166.0,19.720419370943585,35.0210970464135
2020,전북특별자치도 부안군,121.2,31.7,67.3,16.7,130.9,32.3,91.7,24.0,52140.0,2,2,3.835826620636747,1460.0,0.0,25.0,44.0,182.0,0.0,6.0,652.0,551.0,28.001534330648255,37.73972602739726
2020,전북특별자치도 순창군,88.5,22.4,34.2,8.3,45.1,11.1,81.6,20.6,27810.0,1,1,3.5958288385472854,506.0,0.0,1.0,16.0,61.0,0.0,2.0,284.0,142.0,18.19489392304926,28.063241106719367
2020,전북특별자치도 완주군,1102.1,282.0,121.8,30.1,243.8,64.5,1013.4,258.9,91609.0,6,6,6.549574823434378,1745.0,0.0,29.0,105.0,216.0,4.0,34.0,845.0,512.0,19.048346778154986,29.340974212034382
2020,전북특별자치도 익산시,1713.8,436.9,403.0,100.3,504.7,126.8,1580.1,403.1,282276.0,10,10,3.542632033895904,6234.0,0.0,21.0,599.0,966.0,4.0,86.0,2740.0,1818.0,22.08476809930706,29.162656400384986
2020,전북특별자치도 임실군,106.8,24.3,31.6,7.5,57.0,13.8,95.6,21.4,27314.0,3,3,10.98337848722267,649.0,0.0,16.0,18.0,54.0,1.0,13.0,339.0,208.0,23.760708794025042,32.04930662557781
2020,전북특별자치도 장수군,36.1,9.1,27.3,6.5,38.2,8.7,23.1,5.8,22085.0,2,2,9.05592030790129,513.0,0.0,13.0,9.0,52.0,0.0,5.0,264.0,170.0,23.22843558976681,33.13840155945419
2020,전북특별자치도 전주시,1800.3,436.4,1012.7,254.8,1302.8,339.8,1635.8,394.2,657432.0,10,10,1.5210698596965162,9754.0,0.0,103.0,1066.0,1415.0,5.0,211.0,3995.0,2959.0,14.83651541147982,30.336272298544188
2020,전북특별자치도 정읍시,935.8,232.3,151.6,37.0,195.8,48.3,837.9,206.6,108508.0,15,15,13.823865521436208,2747.0,0.0,32.0,113.0,361.0,2.0,46.0,1295.0,898.0,25.31610572492351,32.690207499089915
2020,전북특별자치도 진안군,34.2,8.5,29.5,7.0,45.1,10.3,21.5,5.2,25394.0,7,7,27.56556666929196,556.0,0.0,9.0,12.0,61.0,0.0,6.0,300.0,168.0,21.89493581160904,30.215827338129497
2020,제주특별자치도 서귀포시,172.5,44.8,258.7,69.1,686.1,187.1,55.4,13.1,182169.0,17,15,8.234112280355054,2548.0,0.0,24.0,147.0,362.0,0.0,58.0,1029.0,928.0,13.987012060229787,36.42072213500785
2020,제주특별자치도 제주시,471.3,121.2,696.1,181.7,1370.7,366.1,216.0,57.4,492466.0,49,45,9.137686662632548,5550.0,0.0,62.0,586.0,855.0,3.0,118.0,2098.0,1828.0,11.269813550580142,32.93693693693694
2020,충청남도 계룡시,55.0,14.1,62.3,16.2,125.1,33.0,26.7,7.0,42822.0,0,0,0.0,205.0,0.0,3.0,15.0,38.0,0.0,9.0,85.0,55.0,4.787258885619541,26.82926829268293
2020,충청남도 공주시,469.4,122.0,147.8,36.7,260.6,61.9,407.2,106.3,104545.0,0,0,0.0,1739.0,0.0,11.0,74.0,234.0,0.0,26.0,797.0,597.0,16.633985365153762,34.330074755606674
2020,충청남도 금산군,650.5,165.9,67.2,16.2,104.5,24.9,636.4,162.4,51413.0,2,2,3.890066714644156,787.0,0.0,2.0,30.0,89.0,0.0,8.0,362.0,296.0,15.307412522124753,37.61118170266836
2020,충청남도 논산시,585.1,147.3,164.3,40.4,255.9,63.0,514.8,129.7,116675.0,5,5,4.285408185129634,2457.0,0.0,9.0,117.0,298.0,2.0,36.0,1159.0,836.0,21.05849582172702,34.02523402523403
2020,충청남도 당진시,9304.6,2540.4,265.4,67.7,344.0,85.4,9129.4,2495.7,166249.0,6,6,3.6090442649279098,1120.0,0.0,19.0,60.0,153.0,0.0,12.0,522.0,354.0,6.736882627865431,31.607142857142854
2020,충청남도 보령시,580.5,137.4,145.4,36.5,274.4,68.1,379.2,89.2,100229.0,6,6,5.986291392710692,1788.0,0.0,6.0,40.0,249.0,1.0,10.0,851.0,631.0,17.839148350277863,35.29082774049217
2020,충청남도 부여군,143.5,36.5,88.0,21.3,109.3,26.8,121.1,31.5,65354.0,4,4,6.120512898980935,1303.0,0.0,4.0,36.0,121.0,1.0,17.0,688.0,436.0,19.937570768430394,33.46124328472755
2020,충청남도 서산시,7203.6,1859.4,274.3,69.1,416.5,103.6,6931.2,1780.7,175591.0,11,9,5.125547436941528,1414.0,0.0,21.0,74.0,196.0,0.0,17.0,674.0,432.0,8.052804528705913,30.55162659123055
2020,충청남도 서천군,650.2,148.1,73.6,18.0,118.7,29.0,594.7,135.3,51866.0,2,2,3.856090695253152,1065.0,0.0,7.0,23.0,120.0,1.0,5.0,507.0,402.0,20.53368295222304,37.74647887323944
2020,충청남도 아산시,12725.6,3238.3,478.1,121.5,604.6,151.4,12348.9,3141.3,316129.0,4,4,1.2653062515618625,3270.0,0.0,44.0,232.0,464.0,0.0,54.0,1356.0,1120.0,10.343878606518226,34.25076452599388
2020,충청남도 예산군,694.2,166.1,112.4,27.3,165.3,40.0,665.4,158.8,78084.0,2,2,2.561344193432713,1244.0,0.0,24.0,40.0,138.0,0.0,14.0,598.0,430.0,15.931560883151477,34.565916398713824
2020,충청남도 천안시,4890.6,1235.1,990.4,247.8,1347.8,345.0,4730.5,1195.1,658808.0,8,8,1.2143143374093817,5092.0,0.0,115.0,542.0,729.0,3.0,90.0,2014.0,1599.0,7.729110757610716,31.402199528672426
2020,충청남도 청양군,127.7,32.6,39.9,9.5,51.2,11.6,116.7,29.9,30948.0,1,1,3.2312265736073416,494.0,0.0,9.0,23.0,48.0,0.0,7.0,244.0,163.0,15.962259273620266,32.99595141700405
2020,충청남도 태안군,273.4,95.6,85.8,20.9,200.0,49.7,19.8,4.7,62214.0,5,5,8.03677628829524,875.0,0.0,3.0,31.0,112.0,0.0,15.0,386.0,328.0,14.064358504516669,37.48571428571428
2020,충청남도 홍성군,271.9,65.8,155.0,38.4,205.9,51.4,233.5,55.8,100102.0,3,3,2.99694311801962,1213.0,0.0,12.0,55.0,163.0,2.0,11.0,585.0,385.0,12.117640007192664,31.739488870568838
2020,충청북도 괴산군,199.7,47.1,51.2,12.4,101.6,25.2,187.7,44.2,39393.0,3,2,5.07704414489884,766.0,0.0,4.0,33.0,72.0,1.0,6.0,387.0,263.0,19.445079074962557,34.33420365535248
2020,충청북도 단양군,1506.2,338.5,39.8,9.5,76.0,17.6,1473.6,330.6,29155.0,1,1,3.429943405933802,526.0,0.0,7.0,8.0,47.0,0.0,6.0,243.0,215.0,18.041502315211797,40.874524714828894
2020,충청북도 보은군,155.2,37.6,43.7,10.4,73.0,16.5,141.4,34.2,32412.0,2,2,6.170554115759596,682.0,0.0,12.0,13.0,68.0,0.0,9.0,341.0,239.0,21.041589534740222,35.043988269794724
2020,충청북도 영동군,150.6,33.7,62.9,15.0,83.6,19.4,123.2,27.2,47475.0,5,5,10.5318588730911,857.0,0.0,11.0,26.0,84.0,0.0,13.0,412.0,311.0,18.051606108478147,36.28938156359393
2020,충청북도 옥천군,331.6,79.8,66.3,15.8,100.0,23.3,173.8,40.1,50527.0,1,1,1.979139865814317,693.0,0.0,9.0,35.0,87.0,0.0,13.0,333.0,216.0,13.715439270093219,31.16883116883117
2020,충청북도 음성군,2325.1,579.5,143.9,35.6,263.1,63.6,2269.0,565.6,93153.0,2,2,2.147005464128906,1224.0,0.0,13.0,63.0,151.0,0.0,25.0,527.0,445.0,13.139673440468906,36.3562091503268
2020,충청북도 제천시,837.6,194.3,190.6,45.9,266.8,63.6,766.5,176.8,133018.0,6,5,3.7588897743162577,2324.0,0.0,23.0,137.0,292.0,1.0,25.0,1070.0,776.0,17.471319671021966,33.3907056798623
2020,충청북도 증평군,416.0,109.1,54.3,13.6,77.4,18.6,378.9,99.7,36807.0,0,0,0.0,542.0,0.0,6.0,28.0,56.0,0.0,9.0,275.0,168.0,14.725459831010406,30.996309963099634
2020,충청북도 진천군,2163.1,548.4,129.3,32.4,231.2,57.2,2132.1,540.7,83718.0,4,4,4.777945005852983,796.0,0.0,19.0,60.0,94.0,0.0,18.0,325.0,280.0,9.508110561647435,35.175879396984925
2020,충청북도 청주시,9182.3,2406.7,1272.1,321.3,1732.4,450.6,8681.2,2282.9,844993.0,24,23,2.721916039541156,8427.0,0.0,107.0,608.0,1178.0,10.0,139.0,3628.0,2757.0,9.97286368052753,32.71626913492346
2020,충청북도 충주시,1369.2,335.5,318.0,78.5,487.1,119.4,1246.2,304.7,210186.0,6,5,2.378845403594911,3057.0,0.0,26.0,272.0,413.0,2.0,43.0,1288.0,1013.0,14.544260797579287,33.13706247955512
2021,강원특별자치도 강릉시,778.0,199.5,332.4,87.0,605.4,156.6,666.3,172.9,212965.0,9,9,4.22604653346794,4243.0,0.0,66.0,183.0,520.0,0.0,51.0,1696.0,1727.0,19.923461601671637,40.70233325477257
2021,강원특별자치도 고성군,55.7,14.5,41.8,10.8,156.7,39.1,33.1,8.8,27249.0,2,1,3.66985944438328,585.0,0.0,6.0,9.0,71.0,0.0,1.0,246.0,252.0,21.468677749642186,43.07692307692308
2021,강원특별자치도 동해시,1843.1,471.9,139.0,36.3,214.3,55.2,1758.7,453.3,90081.0,4,4,4.4404480412073575,1958.0,0.0,16.0,74.0,225.0,1.0,19.0,825.0,798.0,21.735993161710017,40.755873340143
2021,강원특별자치도 삼척시,1112.1,270.6,96.6,24.5,167.6,43.3,866.3,214.7,63429.0,3,3,4.729697772312349,1418.0,0.0,24.0,81.0,153.0,0.0,13.0,584.0,563.0,22.35570480379637,39.703808180535965
2021,강원특별자치도 속초시,68.5,17.8,136.0,35.6,358.5,110.5,46.7,12.2,82791.0,0,0,0.0,1977.0,0.0,16.0,115.0,258.0,0.0,18.0,748.0,822.0,23.879407181940067,41.578148710166914
2021,강원특별자치도 양구군,19.7,4.8,29.9,7.6,84.1,19.9,7.1,1.8,21748.0,1,1,4.598123965422108,443.0,0.0,15.0,13.0,49.0,0.0,5.0,174.0,187.0,20.369689166819935,42.21218961625282
2021,강원특별자치도 양양군,46.4,11.7,46.9,12.0,147.7,37.2,30.1,7.5,27913.0,1,1,3.582560097445634,632.0,0.0,6.0,14.0,75.0,0.0,4.0,233.0,300.0,22.64177981585641,47.46835443037975
2021,강원특별자치도 영월군,903.8,231.1,56.9,14.3,90.5,22.0,843.9,216.3,37904.0,1,1,2.6382439848037147,565.0,0.0,19.0,19.0,52.0,0.0,1.0,230.0,244.0,14.906078514140988,43.1858407079646
2021,강원특별자치도 원주시,799.1,200.0,576.1,151.9,827.1,212.5,697.8,174.7,357757.0,12,12,3.354232062545247,5710.0,0.0,79.0,537.0,724.0,3.0,64.0,2157.0,2146.0,15.960554230944467,37.5831873905429
2021,강원특별자치도 인제군,40.5,9.8,47.1,11.7,154.4,36.8,14.3,3.6,32165.0,1,1,3.10896937665164,435.0,0.0,8.0,10.0,51.0,1.0,8.0,165.0,192.0,13.524016788434633,44.13793103448276
2021,강원특별자치도 정선군,242.3,60.3,54.9,13.2,192.6,46.1,218.1,54.5,35675.0,2,2,5.606166783461808,544.0,0.0,10.0,14.0,62.0,0.0,5.0,241.0,212.0,15.248773651016117,38.970588235294116
2021,강원특별자치도 철원군,61.5,14.8,58.9,15.2,168.4,40.6,34.6,8.1,43340.0,8,7,16.151361329026305,750.0,0.0,17.0,23.0,91.0,0.0,4.0,303.0,312.0,17.305029995385325,41.6
2021,강원특별자치도 춘천시,236.1,61.8,448.5,121.2,834.7,217.5,133.7,36.5,284594.0,2,2,0.7027555043324877,5601.0,0.0,116.0,417.0,720.0,3.0,79.0,2087.0,2179.0,19.680667898831317,38.90376718443135
2021,강원특별자치도 태백시,101.4,24.5,60.7,14.1,98.4,22.6,25.4,5.8,40844.0,4,4,9.793360101850944,738.0,0.0,28.0,32.0,82.0,0.0,9.0,310.0,277.0,18.068749387914995,37.53387533875339
2021,강원특별자치도 평창군,88.1,21.7,69.6,16.7,242.0,53.6,42.8,10.7,40996.0,0,0,0.0,573.0,0.0,11.0,16.0,52.0,0.0,6.0,235.0,253.0,13.976973363254952,44.153577661431065
2021,강원특별자치도 홍천군,127.0,34.0,101.5,26.2,260.8,66.8,98.4,26.8,68365.0,0,0,0.0,899.0,0.0,14.0,23.0,104.0,1.0,8.0,378.0,371.0,13.150003656841951,41.26807563959956
2021,강원특별자치도 화천군,24.5,5.8,33.9,8.7,126.8,30.8,6.2,1.5,24195.0,2,2,8.266170696424881,466.0,0.0,10.0,22.0,59.0,0.0,3.0,183.0,189.0,19.260177722669972,40.557939914163086
2021,강원특별자치도 횡성군,253.2,66.0,69.9,17.7,127.8,31.4,211.8,55.6,46481.0,3,3,6.454250123706461,785.0,0.0,22.0,35.0,94.0,1.0,7.0,309.0,317.0,16.888621157031903,40.382165605095544
2021,경기도 가평군,89.5,21.4,92.8,24.3,361.7,85.4,48.2,11.4,62264.0,3,3,4.818193498650905,1114.0,0.0,15.0,40.0,135.0,0.0,10.0,390.0,524.0,17.891558524990362,47.03770197486535
2021,경기도 고양시,768.7,190.7,1597.0,457.0,2107.8,552.6,352.7,82.4,1079353.0,13,13,1.2044252436413294,9778.0,0.0,75.0,714.0,1375.0,3.0,101.0,3484.0,4026.0,9.059130794096093,41.17406422581305
2021,경기도 과천시,45.4,12.1,110.2,31.9,206.6,54.0,1.9,0.5,73345.0,3,3,4.090258367986911,370.0,0.0,4.0,27.0,44.0,0.0,1.0,122.0,172.0,5.044651987183857,46.48648648648649
2021,경기도 광명시,269.2,70.1,376.3,107.2,400.8,108.6,227.5,59.2,292893.0,4,4,1.3656864452206097,2965.0,0.0,14.0,216.0,434.0,3.0,24.0,1179.0,1095.0,10.123150775197768,36.930860033726816
2021,경기도 광주시,1151.2,273.0,592.9,163.7,768.5,193.3,991.8,232.3,387289.0,17,17,4.389486920620002,2299.0,0.0,32.0,181.0,305.0,0.0,39.0,849.0,893.0,5.936135547356109,38.84297520661157
2021,경기도 구리시,119.5,29.8,291.5,83.5,375.9,102.0,33.9,8.3,191948.0,5,5,2.6048721528747367,2197.0,0.0,8.0,175.0,365.0,2.0,24.0,750.0,873.0,11.445808239731594,39.736003641329084
2021,경기도 군포시,637.6,161.6,401.6,111.2,435.4,116.2,408.0,103.8,268535.0,1,1,0.3723909360046176,3009.0,0.0,32.0,198.0,419.0,4.0,33.0,1178.0,1145.0,11.205243264378945,38.05250913924892
2021,경기도 김포시,2223.8,514.5,802.4,220.9,1031.2,275.4,2109.4,485.3,486508.0,6,6,1.2332787950043989,3722.0,0.0,43.0,260.0,573.0,1.0,61.0,1253.0,1531.0,7.6504394583439534,41.13379903277808
2021,경기도 남양주시,926.0,228.5,1120.9,307.7,1140.6,293.8,541.4,128.1,733798.0,22,22,2.9981002946314925,6648.0,0.0,61.0,453.0,1020.0,3.0,95.0,2363.0,2653.0,9.05971398123189,39.90673886883273
2021,경기도 동두천시,251.0,62.6,140.9,38.8,231.0,60.9,178.5,44.4,93592.0,6,5,5.342336951876229,2280.0,0.0,11.0,135.0,299.0,0.0,21.0,800.0,1014.0,24.361056500555602,44.473684210526315
2021,경기도 부천시,1562.4,401.1,1248.6,358.1,1342.1,365.5,1390.6,359.4,806067.0,8,8,0.9924733303807252,9724.0,0.0,89.0,585.0,1459.0,7.0,77.0,3664.0,3843.0,12.063513330777713,39.520773344302754
2021,경기도 성남시,897.1,248.4,1495.8,431.5,2791.8,777.9,388.0,109.3,930948.0,7,7,0.7519216970228197,9552.0,0.0,70.0,564.0,1497.0,4.0,95.0,3646.0,3676.0,10.26050864280282,38.484087102177554
2021,경기도 수원시,730.3,191.4,1886.1,543.1,3043.2,841.4,594.2,156.7,1183714.0,15,15,1.2671979887033524,9572.0,0.0,101.0,692.0,1356.0,5.0,91.0,3442.0,3885.0,8.08641276524566,40.58712912661931
2021,경기도 시흥시,2925.7,721.8,847.1,242.5,925.9,247.6,2780.6,686.0,512030.0,9,9,1.757709509208445,4654.0,0.0,30.0,430.0,690.0,2.0,73.0,1743.0,1686.0,9.089311173173448,36.22690159003008
2021,경기도 안산시,5801.7,1498.9,1026.9,295.0,1164.9,311.6,5538.1,1433.7,652726.0,9,9,1.3788327720973272,8817.0,0.0,76.0,781.0,1339.0,1.0,111.0,3188.0,3321.0,13.507965057313482,37.66587274583191
2021,경기도 안성시,1988.9,512.0,301.5,83.2,630.5,163.3,1920.3,493.9,189534.0,2,2,1.055219643968892,2067.0,0.0,17.0,126.0,272.0,2.0,23.0,838.0,789.0,10.9056950204185,38.171262699564586
2021,경기도 안양시,482.8,125.4,829.8,233.8,1473.4,402.1,351.4,91.9,547178.0,5,5,0.9137794282664874,4639.0,0.0,42.0,306.0,667.0,1.0,41.0,1662.0,1920.0,8.478045535456468,41.38823022203061
2021,경기도 양주시,1193.0,277.7,347.1,99.2,548.8,133.6,1096.2,254.1,236368.0,5,5,2.1153455628511475,3545.0,0.0,45.0,210.0,511.0,0.0,44.0,1324.0,1411.0,14.997800040614635,39.80253878702398
2021,경기도 양평군,117.9,28.5,185.3,48.4,302.5,71.0,28.1,6.7,121230.0,1,1,0.8248783304462591,1658.0,0.0,9.0,66.0,221.0,0.0,20.0,590.0,752.0,13.676482718798978,45.35585042219542
2021,경기도 여주시,507.0,124.4,165.9,44.6,365.9,93.5,457.1,111.8,112150.0,0,0,0.0,1839.0,0.0,24.0,90.0,206.0,1.0,23.0,742.0,753.0,16.39768167632635,40.94616639477977
2021,경기도 연천군,200.9,49.0,60.8,16.2,165.6,40.4,144.1,34.6,42721.0,3,3,7.022307530254442,979.0,0.0,8.0,46.0,135.0,0.0,8.0,365.0,417.0,22.916130240396996,42.59448416751788
2021,경기도 오산시,574.8,149.7,376.6,107.6,440.8,118.8,516.7,135.4,229983.0,6,6,2.608888483061792,1722.0,0.0,28.0,153.0,226.0,1.0,34.0,634.0,646.0,7.487509946387342,37.51451800232288
2021,경기도 용인시,5715.7,1486.9,1703.2,472.6,2756.8,735.3,4702.7,1233.5,1077508.0,5,5,0.4640336777081933,4368.0,0.0,51.0,264.0,622.0,3.0,64.0,1698.0,1666.0,4.053798208458777,38.141025641025635
2021,경기도 의왕시,145.0,36.5,247.5,68.3,376.4,97.9,111.0,27.8,163356.0,0,0,0.0,1074.0,0.0,8.0,55.0,137.0,0.0,18.0,396.0,460.0,6.574597810916036,42.83054003724395
2021,경기도 의정부시,255.6,63.6,705.6,195.7,728.5,195.0,60.1,14.7,463661.0,20,20,4.313496282844578,7135.0,0.0,52.0,579.0,1028.0,2.0,64.0,2366.0,3044.0,15.388397989048032,42.662929222144356
2021,경기도 이천시,6619.1,1455.0,334.5,93.1,811.9,210.8,6526.2,1431.1,223177.0,14,14,6.2730478499128495,2053.0,0.0,21.0,140.0,248.0,1.0,31.0,792.0,820.0,9.198976597050772,39.94154895275207
2021,경기도 파주시,7003.1,1820.3,736.2,206.9,1134.5,290.3,6800.7,1769.6,483245.0,14,14,2.8970811907003693,5231.0,0.0,52.0,387.0,680.0,3.0,69.0,1871.0,2169.0,10.824736934681166,41.464347161154656
2021,경기도 평택시,11928.5,3153.3,963.6,273.3,1632.7,449.3,11087.0,2947.9,564288.0,35,35,6.2025065214925705,5166.0,0.0,37.0,467.0,656.0,8.0,109.0,1924.0,1965.0,9.154899625723035,38.03716608594657
2021,경기도 포천시,1628.0,376.0,210.2,55.6,529.1,129.4,1509.2,348.5,148939.0,12,12,8.056989774337143,2638.0,0.0,21.0,136.0,369.0,0.0,27.0,1038.0,1047.0,17.711949187251157,39.68915845337377
2021,경기도 하남시,551.1,141.9,528.1,155.8,662.4,181.2,99.7,24.7,320087.0,3,3,0.9372451864649296,2471.0,0.0,14.0,181.0,338.0,3.0,26.0,863.0,1046.0,7.719776185849472,42.331040064751114
2021,경기도 화성시,15965.7,4080.5,1481.2,419.0,2516.7,671.1,15676.0,4002.3,887015.0,18,18,2.0292779716239298,4387.0,0.0,56.0,366.0,630.0,0.0,104.0,1626.0,1605.0,4.945801367507878,36.58536585365854
2021,경상남도 거제시,1025.6,288.1,386.1,103.3,452.7,124.3,949.7,268.2,241216.0,20,19,7.876757760679226,2236.0,0.0,26.0,201.0,267.0,1.0,45.0,859.0,837.0,9.269700185725656,37.432915921288014
2021,경상남도 거창군,130.0,34.4,84.5,21.5,119.8,28.9,112.9,30.0,61073.0,0,0,0.0,1391.0,0.0,17.0,69.0,150.0,2.0,18.0,570.0,565.0,22.77602213744208,40.61826024442847
2021,경상남도 고성군,483.7,107.3,71.8,18.3,107.3,26.4,183.8,48.7,50478.0,0,0,0.0,1225.0,0.0,12.0,36.0,132.0,1.0,15.0,531.0,498.0,24.2679979396965,40.6530612244898
2021,경상남도 김해시,3275.8,798.5,814.5,228.0,1005.6,275.1,3017.2,731.1,537673.0,20,20,3.7197329975654343,6952.0,0.0,59.0,661.0,981.0,5.0,113.0,2611.0,2522.0,12.92979189953745,36.27733026467204
2021,경상남도 남해군,20.3,4.9,54.6,14.0,108.2,27.6,6.6,1.3,42266.0,5,5,11.829839587375195,1006.0,0.0,5.0,20.0,96.0,0.0,11.0,467.0,407.0,23.801637249798894,40.4572564612326
2021,경상남도 밀양시,565.5,141.1,152.6,40.3,213.5,54.2,502.0,125.3,103525.0,6,5,4.829751267809708,2506.0,0.0,20.0,92.0,281.0,0.0,15.0,1054.0,1044.0,24.206713354262256,41.66001596169194
2021,경상남도 사천시,881.0,226.9,163.9,44.1,245.5,63.8,819.4,210.8,109953.0,3,3,2.7284385146380727,2269.0,0.0,17.0,102.0,267.0,0.0,21.0,952.0,910.0,20.636089965712625,40.10577346848832
2021,경상남도 산청군,89.6,23.7,43.7,10.9,71.6,17.6,75.0,19.9,34360.0,0,0,0.0,788.0,0.0,7.0,16.0,73.0,0.0,3.0,383.0,306.0,22.933643771827708,38.83248730964467
2021,경상남도 양산시,2453.6,630.5,551.4,151.1,674.5,183.1,2115.0,536.9,354726.0,10,10,2.8190772596313773,4790.0,0.0,40.0,416.0,569.0,3.0,86.0,1764.0,1912.0,13.503380073634297,39.91649269311065
2021,경상남도 의령군,191.6,47.9,35.5,9.0,57.7,13.8,179.4,44.8,26322.0,2,0,0.0,690.0,0.0,1.0,17.0,51.0,0.0,5.0,299.0,317.0,26.21381354000456,45.94202898550724
2021,경상남도 진주시,938.4,232.5,549.8,149.4,695.8,187.6,838.1,206.0,347097.0,27,26,7.49070144656969,5754.0,0.0,29.0,435.0,645.0,3.0,71.0,2290.0,2281.0,16.57749850906231,39.64198818213417
2021,경상남도 창녕군,530.6,137.1,83.4,21.5,135.1,34.3,510.1,131.7,60129.0,3,3,4.989273062914734,1568.0,0.0,13.0,50.0,151.0,0.0,9.0,688.0,657.0,26.07726720883434,41.900510204081634
2021,경상남도 창원시,6398.5,1626.6,1579.8,439.9,2055.4,561.3,6115.4,1552.5,1032741.0,23,23,2.2270830731035174,12601.0,0.0,88.0,763.0,1670.0,3.0,122.0,4832.0,5123.0,12.201510349642358,40.65550353146576
2021,경상남도 통영시,307.6,68.6,194.2,52.0,316.6,83.0,94.9,22.6,125383.0,2,2,1.5951125750699855,2896.0,0.0,30.0,225.0,388.0,1.0,38.0,1063.0,1151.0,23.09723008701339,39.74447513812155
2021,경상남도 하동군,114.5,24.0,55.4,14.1,84.4,20.9,40.4,10.2,43449.0,2,2,4.603097884876521,1139.0,0.0,10.0,32.0,118.0,0.0,13.0,529.0,437.0,26.214642454371795,38.366988586479366
2021,경상남도 함안군,2457.9,632.7,89.8,23.5,135.8,35.9,2360.7,608.2,62547.0,1,1,1.598797704126497,1282.0,0.0,9.0,40.0,134.0,1.0,15.0,590.0,493.0,20.49658656690169,38.45553822152886
2021,경상남도 함양군,57.1,14.1,53.1,13.4,70.1,16.9,43.3,10.7,38310.0,2,2,5.220569042025581,880.0,0.0,6.0,29.0,68.0,0.0,8.0,414.0,355.0,22.970503784912555,40.340909090909086
2021,경상남도 합천군,75.5,18.8,56.9,14.2,97.5,23.2,55.4,13.8,42935.0,0,0,0.0,1135.0,0.0,4.0,17.0,104.0,0.0,13.0,571.0,426.0,26.435309188307908,37.53303964757709
2021,경상북도 경산시,1570.4,392.7,420.9,113.3,486.1,128.8,1505.2,375.7,268369.0,6,6,2.235727673464521,4048.0,0.0,43.0,381.0,521.0,2.0,63.0,1480.0,1558.0,15.083709370307302,38.48814229249012
2021,경상북도 경주시,2630.8,648.0,401.9,107.0,679.3,178.8,1836.2,441.3,251889.0,5,4,1.588001063960713,4530.0,0.0,43.0,285.0,561.0,2.0,54.0,1707.0,1878.0,17.984112049355073,41.4569536423841
2021,경상북도 고령군,1099.5,265.7,39.6,10.2,70.2,17.8,1070.2,258.3,30626.0,0,0,0.0,725.0,0.0,3.0,24.0,79.0,0.0,7.0,287.0,325.0,23.672696401750148,44.827586206896555
2021,경상북도 구미시,8204.8,2069.3,617.9,169.9,723.2,192.8,7826.5,1971.8,412581.0,19,19,4.605156320819427,3830.0,0.0,45.0,451.0,531.0,3.0,62.0,1523.0,1215.0,9.28302563617811,31.723237597911226
2021,경상북도 군위군,153.5,37.2,27.8,6.9,55.3,13.3,143.7,34.8,22945.0,2,2,8.716495968620615,552.0,0.0,5.0,14.0,49.0,0.0,1.0,244.0,239.0,24.057528873392894,43.29710144927536
2021,경상북도 김천시,1615.4,411.2,202.5,53.4,294.6,76.0,1440.7,368.5,140239.0,7,7,4.991478832564408,2733.0,0.0,22.0,144.0,303.0,2.0,28.0,1185.0,1049.0,19.48815949914075,38.38272960117087
2021,경상북도 문경시,193.5,46.0,96.9,24.8,155.2,37.8,161.3,38.0,71154.0,7,7,9.8378165668831,1254.0,0.0,12.0,26.0,132.0,0.0,13.0,563.0,508.0,17.62374567838772,40.5103668261563
2021,경상북도 봉화군,1646.7,383.3,41.7,10.2,53.7,12.1,1627.6,378.8,30762.0,1,1,3.250763929523438,577.0,0.0,0.0,6.0,61.0,0.0,4.0,270.0,236.0,18.756907873350237,40.90121317157712
2021,경상북도 상주시,155.7,39.7,133.6,34.3,171.8,42.4,128.3,32.8,95566.0,3,3,3.139191762760815,1949.0,0.0,21.0,71.0,206.0,1.0,14.0,875.0,761.0,20.39428248540276,39.045664443304254
2021,경상북도 성주군,783.7,189.0,51.0,13.1,95.8,23.6,768.1,185.1,42842.0,0,0,0.0,836.0,0.0,5.0,26.0,85.0,0.0,5.0,354.0,361.0,19.513561458381965,43.18181818181818
2021,경상북도 안동시,291.0,76.2,236.4,61.5,369.6,92.6,191.2,50.3,156972.0,16,15,9.555844354407157,3897.0,0.0,21.0,297.0,409.0,0.0,49.0,1617.0,1504.0,24.82608363274979,38.59379009494483
2021,경상북도 영덕군,52.5,13.1,48.1,12.2,123.9,31.3,31.3,7.9,35314.0,0,0,0.0,1217.0,0.0,12.0,20.0,120.0,0.0,7.0,513.0,545.0,34.462252930848955,44.7822514379622
2021,경상북도 영양군,11.9,3.1,22.8,5.6,29.8,6.8,3.4,0.7,16320.0,1,1,6.127450980392156,475.0,0.0,8.0,12.0,52.0,0.0,4.0,206.0,193.0,29.105392156862745,40.63157894736842
2021,경상북도 영주시,1131.6,282.9,149.0,38.6,205.5,50.4,1098.3,275.1,101942.0,0,0,0.0,2056.0,0.0,8.0,178.0,201.0,0.0,25.0,868.0,776.0,20.168331011751782,37.7431906614786
2021,경상북도 영천시,975.7,239.0,138.9,35.9,198.3,49.8,941.8,230.5,101888.0,3,2,1.9629396984924623,2544.0,0.0,17.0,139.0,309.0,1.0,28.0,979.0,1071.0,24.968592964824122,42.09905660377358
2021,경상북도 예천군,49.5,12.1,89.2,23.7,101.0,25.1,33.2,7.9,55739.0,14,14,25.117063456466745,1030.0,0.0,2.0,46.0,75.0,1.0,13.0,467.0,426.0,18.47898240011482,41.359223300970875
2021,경상북도 울릉군,7.4,1.9,10.0,2.6,41.3,10.7,2.1,0.6,8867.0,2,2,22.55554302469832,123.0,0.0,3.0,1.0,14.0,0.0,0.0,43.0,62.0,13.871658960189466,50.40650406504065
2021,경상북도 울진군,391.5,156.6,81.0,20.7,147.7,36.6,22.3,5.3,47858.0,7,7,14.626603702620251,1444.0,0.0,5.0,15.0,148.0,0.0,6.0,586.0,684.0,30.17259392369092,47.368421052631575
2021,경상북도 의성군,80.9,18.8,67.8,16.9,82.9,19.8,65.9,15.0,50632.0,0,0,0.0,1458.0,0.0,6.0,19.0,102.0,0.0,5.0,667.0,659.0,28.79601832832991,45.198902606310014
2021,경상북도 청도군,93.5,22.6,55.8,14.1,93.5,23.0,80.4,19.4,41891.0,3,3,7.16144279200783,949.0,0.0,10.0,25.0,95.0,0.0,6.0,451.0,362.0,22.654030698718103,38.14541622760801
2021,경상북도 청송군,18.9,4.5,34.1,8.3,60.9,14.3,8.2,1.9,24539.0,4,4,16.300582745833164,610.0,0.0,11.0,7.0,50.0,0.0,5.0,294.0,243.0,24.858388687395575,39.83606557377049
2021,경상북도 칠곡군,1391.7,346.9,165.5,45.0,312.5,77.5,1289.0,320.3,113822.0,2,2,1.7571295531619546,1607.0,0.0,15.0,117.0,222.0,2.0,19.0,668.0,564.0,14.118535959656306,35.09645301804605
2021,경상북도 포항시,7826.5,1865.2,761.7,208.6,1043.9,273.3,7675.0,1826.9,503852.0,22,22,4.366361550614069,9687.0,0.0,76.0,775.0,1356.0,1.0,101.0,3499.0,3879.0,19.22588379127204,40.04335707649427
2021,광주광역시 광산구,2064.6,523.9,635.2,175.2,791.1,216.4,1959.3,497.5,404221.0,16,16,3.958230769801668,5732.0,0.0,70.0,922.0,702.0,9.0,172.0,2209.0,1648.0,14.180361732814475,28.75087229588276
2021,광주광역시 남구,36.1,9.1,334.9,91.6,309.8,84.9,11.8,2.7,215575.0,1,1,0.4638756813174069,3678.0,0.0,36.0,499.0,447.0,2.0,66.0,1351.0,1277.0,17.061347558854226,34.71995649809679
2021,광주광역시 동구,33.4,8.7,174.6,47.9,364.6,99.7,8.1,2.0,103470.0,3,3,2.899391127863149,1788.0,0.0,28.0,127.0,229.0,2.0,38.0,612.0,752.0,17.280371122064366,42.05816554809844
2021,광주광역시 북구,735.8,199.5,660.0,183.1,737.8,201.1,672.1,182.3,427114.0,7,7,1.6389067087475475,9022.0,0.0,45.0,922.0,1204.0,8.0,189.0,3431.0,3223.0,21.123166180457677,35.723786300155176
2021,광주광역시 서구,310.0,82.5,468.0,128.0,781.7,211.6,193.4,52.5,291231.0,5,5,1.716850197952828,5324.0,0.0,54.0,604.0,711.0,7.0,99.0,2062.0,1787.0,18.28102090780171,33.56498873027799
2021,대구광역시 남구,11.1,2.8,219.7,60.3,315.8,85.6,6.1,1.5,143175.0,4,4,2.793783830976078,4977.0,0.0,16.0,501.0,709.0,3.0,49.0,1523.0,2176.0,34.76165531691986,43.72111713883866
2021,대구광역시 달서구,2063.7,520.3,834.1,229.0,880.4,240.1,1842.0,459.1,544926.0,6,6,1.1010669338589092,12087.0,0.0,54.0,1190.0,1778.0,3.0,132.0,4790.0,4140.0,22.18099338258773,34.251675353685776
2021,대구광역시 달성군,2895.6,735.0,371.5,101.9,387.4,98.7,2712.7,688.3,262451.0,0,0,0.0,3005.0,0.0,32.0,389.0,388.0,1.0,100.0,1063.0,1032.0,11.449756335468335,34.34276206322796
2021,대구광역시 동구,130.3,32.7,516.6,139.3,764.4,206.7,89.0,22.4,341436.0,12,12,3.5145678838786774,7917.0,0.0,28.0,582.0,1155.0,3.0,70.0,2894.0,3185.0,23.18736161388957,40.229885057471265
2021,대구광역시 북구,724.5,178.9,647.8,177.8,794.9,215.2,609.2,148.7,437008.0,4,4,0.9153150514407058,6806.0,0.0,29.0,712.0,899.0,2.0,58.0,2505.0,2601.0,15.574085600263611,38.21627975315898
2021,대구광역시 서구,368.0,98.9,235.0,63.7,294.6,77.7,228.0,55.4,164528.0,3,3,1.823397841096956,4908.0,0.0,15.0,434.0,655.0,2.0,63.0,1603.0,2136.0,29.830788680346203,43.52078239608802
2021,대구광역시 수성구,214.3,54.3,654.3,179.3,721.4,193.5,16.2,4.0,417097.0,2,2,0.4795047674761506,7217.0,0.0,13.0,841.0,963.0,2.0,54.0,2563.0,2781.0,17.302929534376894,38.53401690453097
2021,대구광역시 중구,26.8,6.6,130.1,36.6,489.1,134.9,20.7,5.0,74791.0,1,1,1.3370592718375205,1535.0,0.0,4.0,133.0,179.0,1.0,3.0,453.0,762.0,20.52385982270594,49.641693811074916
2021,대전광역시 대덕구,2075.6,541.8,254.5,68.9,376.8,99.2,1851.4,485.1,175046.0,8,7,3.998948847731453,3799.0,0.0,18.0,379.0,489.0,2.0,64.0,1576.0,1271.0,21.702866675045417,33.45617267702027
2021,대전광역시 동구,88.9,21.9,339.4,92.7,395.1,104.7,58.2,14.1,222222.0,3,3,1.35000135000135,5780.0,0.0,21.0,464.0,805.0,3.0,64.0,2224.0,2199.0,26.01002601002601,38.04498269896194
2021,대전광역시 서구,52.0,12.7,708.6,196.7,1034.8,281.0,20.1,4.8,473365.0,5,5,1.0562673623947694,6149.0,0.0,44.0,720.0,892.0,6.0,97.0,2321.0,2069.0,12.989976022730874,33.64774760123597
2021,대전광역시 유성구,960.0,267.5,549.3,155.1,1342.9,369.2,419.6,115.3,351277.0,9,9,2.562080637217922,2631.0,0.0,25.0,300.0,415.0,3.0,49.0,1014.0,825.0,7.489815729467059,31.356898517673887
2021,대전광역시 중구,32.5,8.3,338.6,93.4,514.8,139.5,19.0,4.8,230341.0,2,2,0.868277901025002,4776.0,0.0,39.0,506.0,639.0,2.0,51.0,1681.0,1858.0,20.734476276477046,38.902847571189284
2021,부산광역시 강서구,3442.9,887.2,234.9,65.9,536.3,146.8,3370.8,868.7,142918.0,6,5,3.4985096348955342,1304.0,0.0,10.0,129.0,153.0,3.0,40.0,420.0,549.0,9.124113127807554,42.10122699386503
2021,부산광역시 금정구,252.4,64.0,351.4,93.7,379.5,102.3,113.2,28.4,228049.0,2,2,0.8770045034181251,5105.0,0.0,19.0,366.0,615.0,1.0,49.0,1611.0,2444.0,22.385539949747642,47.87463271302644
2021,부산광역시 기장군,626.7,163.0,153.2,42.1,353.7,94.7,499.7,123.2,177125.0,2,2,1.1291460832745237,3262.0,0.0,21.0,307.0,482.0,0.0,68.0,1064.0,1320.0,18.416372618207483,40.4659717964439
2021,부산광역시 남구,540.2,138.5,423.0,115.4,410.6,113.5,415.3,105.9,262069.0,2,2,0.7631577943213429,4375.0,0.0,39.0,259.0,551.0,2.0,31.0,1523.0,1970.0,16.694076750779374,45.02857142857143
2021,부산광역시 동구,78.6,20.2,137.1,37.0,284.1,77.8,30.1,7.4,87679.0,0,0,0.0,3874.0,0.0,13.0,269.0,476.0,1.0,27.0,1196.0,1892.0,44.18389808277923,48.83840991223541
2021,부산광역시 동래구,96.4,25.5,409.5,110.1,411.0,113.1,10.2,2.6,266866.0,1,1,0.3747198968770844,4014.0,0.0,23.0,354.0,531.0,0.0,30.0,1217.0,1859.0,15.041256660646168,46.312904833084204
2021,부산광역시 부산진구,251.6,66.2,577.3,157.5,784.7,214.2,29.1,7.2,353159.0,2,2,0.5663171545960884,8105.0,0.0,37.0,546.0,1021.0,2.0,69.0,2687.0,3743.0,22.95000269000648,46.181369524984575
2021,부산광역시 북구,110.2,29.2,414.1,112.3,327.4,89.5,14.8,3.9,283211.0,3,3,1.0592808895134724,9078.0,0.0,30.0,727.0,1158.0,4.0,67.0,3474.0,3618.0,32.05383971667767,39.854593522802375
2021,부산광역시 사상구,823.3,201.8,299.5,81.3,409.9,112.1,780.6,190.7,208298.0,13,13,6.241058483518804,6200.0,0.0,34.0,386.0,851.0,4.0,55.0,2550.0,2320.0,29.765048152166607,37.41935483870968
2021,부산광역시 사하구,1604.8,412.8,452.3,123.6,415.3,113.1,1494.8,383.6,306003.0,0,0,0.0,8902.0,0.0,41.0,786.0,1177.0,0.0,84.0,3170.0,3644.0,29.09121805995366,40.93462143338576
2021,부산광역시 서구,177.6,49.4,164.1,43.8,237.0,65.6,152.6,42.9,105164.0,4,4,3.803582975162604,3462.0,0.0,10.0,241.0,430.0,0.0,16.0,1007.0,1758.0,32.92001065003233,50.77989601386482
2021,부산광역시 수영구,14.0,3.5,287.1,79.1,307.1,85.3,6.9,1.6,175095.0,0,0,0.0,3150.0,0.0,19.0,236.0,433.0,1.0,32.0,959.0,1470.0,17.99023387304035,46.666666666666664
2021,부산광역시 연제구,65.3,17.5,323.5,87.8,382.4,106.1,13.1,3.2,207144.0,3,3,1.448267871625536,3762.0,0.0,27.0,319.0,496.0,5.0,35.0,1155.0,1725.0,18.161279110184218,45.85326953748006
2021,부산광역시 영도구,114.5,30.7,164.1,43.3,155.3,42.1,83.7,22.5,110638.0,3,3,2.7115457618539742,5393.0,0.0,14.0,259.0,789.0,0.0,40.0,1983.0,2308.0,48.744554312261606,42.79621731874652
2021,부산광역시 중구,7.0,1.7,64.5,17.5,275.0,77.1,5.0,1.2,40524.0,0,0,0.0,1703.0,0.0,4.0,92.0,253.0,1.0,14.0,454.0,885.0,42.024479320896255,51.96711685261304
2021,부산광역시 해운대구,227.3,53.3,696.4,192.3,873.3,248.4,142.4,36.2,396438.0,4,4,1.0089850115276535,8119.0,0.0,42.0,741.0,1099.0,3.0,80.0,2693.0,3461.0,20.47987327148255,42.62840251262471
2021,서울특별시 강남구,273.6,62.4,982.3,296.7,3257.9,895.1,12.1,3.0,533042.0,2,2,0.375204955707055,5409.0,0.0,10.0,364.0,852.0,2.0,41.0,2280.0,1860.0,10.147418027097302,34.3871325568497
2021,서울특별시 강동구,171.4,45.2,678.9,198.2,724.2,199.8,22.1,5.5,462664.0,6,6,1.2968374457489669,5715.0,0.0,30.0,449.0,925.0,1.0,44.0,1810.0,2456.0,12.35237667075891,42.974628171478564
2021,서울특별시 강북구,52.5,13.3,428.5,121.5,396.1,108.1,32.4,8.2,299182.0,6,6,2.0054682434103657,8377.0,0.0,38.0,626.0,1254.0,3.0,64.0,2825.0,3567.0,27.99967912508105,42.58087620866659
2021,서울특별시 강서구,327.4,82.9,868.6,251.4,1392.8,386.8,45.5,12.1,574315.0,3,3,0.5223614218677903,12471.0,0.0,28.0,681.0,1892.0,1.0,74.0,5735.0,4060.0,21.714564307044046,32.55552882687836
2021,서울특별시 관악구,38.2,9.9,702.9,203.5,740.9,204.4,21.5,5.6,485699.0,4,4,0.8235553295353707,7748.0,0.0,51.0,450.0,1195.0,1.0,68.0,2497.0,3486.0,15.952266733100128,44.99225606608157
2021,서울특별시 광진구,364.6,100.1,511.1,151.4,595.3,167.6,30.0,7.8,339996.0,0,0,0.0,3723.0,0.0,30.0,323.0,531.0,1.0,33.0,1114.0,1691.0,10.950128825045,45.42035992479184
2021,서울특별시 구로구,341.2,85.1,636.4,183.0,814.4,225.2,100.9,25.3,396754.0,5,5,1.2602267399950595,4701.0,0.0,22.0,376.0,719.0,1.0,58.0,1530.0,1995.0,11.848651809433553,42.437779195915766
2021,서울특별시 금천구,240.6,64.4,356.1,102.7,1015.8,282.3,228.6,61.2,230811.0,0,0,0.0,4613.0,0.0,23.0,353.0,731.0,1.0,34.0,1524.0,1947.0,19.98604919176296,42.20680685020594
2021,서울특별시 노원구,71.2,18.6,709.4,201.1,593.1,162.4,33.6,9.0,510956.0,2,2,0.3914231362387368,13046.0,0.0,36.0,961.0,1690.0,5.0,89.0,5733.0,4532.0,25.5325311768528,34.73861720067454
2021,서울특별시 도봉구,56.4,14.9,451.1,128.1,334.7,91.5,42.9,11.4,317366.0,7,7,2.205655300189686,5428.0,0.0,30.0,558.0,765.0,1.0,53.0,1615.0,2406.0,17.103281384899454,44.32571849668386
2021,서울특별시 동대문구,171.2,45.5,548.5,158.4,605.5,164.7,76.0,19.7,337400.0,10,10,2.963841138114997,6004.0,0.0,38.0,348.0,854.0,1.0,41.0,1785.0,2937.0,17.79490219324244,48.91738840772818
2021,서울특별시 동작구,56.7,15.4,569.1,166.3,563.0,156.9,15.1,4.4,385483.0,1,1,0.2594148120669394,4260.0,0.0,19.0,273.0,619.0,1.0,29.0,1367.0,1952.0,11.051070994051619,45.821596244131456
2021,서울특별시 마포구,167.6,53.1,630.5,186.4,1258.3,342.0,20.5,5.5,368905.0,1,1,0.2710724983396809,3977.0,0.0,13.0,329.0,603.0,1.0,29.0,1338.0,1664.0,10.780553258969112,41.840583354287155
2021,서울특별시 서대문구,32.4,8.4,477.5,139.1,549.2,153.6,14.9,3.9,304819.0,1,1,0.3280635393463006,3875.0,0.0,21.0,252.0,528.0,0.0,26.0,1189.0,1859.0,12.712462149669147,47.97419354838709
2021,서울특별시 서초구,431.0,116.2,747.8,223.6,1950.6,530.7,8.0,1.9,412279.0,3,3,0.7276625780114921,2322.0,0.0,15.0,173.0,361.0,2.0,27.0,777.0,967.0,5.63210835380895,41.64513350559862
2021,서울특별시 성동구,904.3,241.2,473.0,136.9,738.3,203.3,225.8,58.9,285990.0,5,5,1.74831287807266,3897.0,0.0,18.0,227.0,541.0,1.0,25.0,1265.0,1820.0,13.62635057169831,46.70259173723377
2021,서울특별시 성북구,103.1,27.9,655.7,186.2,516.5,139.9,45.3,11.8,430528.0,3,3,0.6968187899509439,5646.0,0.0,30.0,425.0,831.0,2.0,52.0,1734.0,2572.0,13.114129626876764,45.55437477860432
2021,서울특별시 송파구,212.7,57.1,1016.0,295.8,1524.8,427.8,37.9,10.2,658338.0,4,4,0.6075906297373082,4840.0,0.0,25.0,492.0,715.0,1.0,53.0,1464.0,2090.0,7.351846619821429,43.18181818181818
2021,서울특별시 양천구,51.3,12.6,684.6,196.8,1000.0,265.7,17.0,4.1,447302.0,10,9,2.012063438124578,5672.0,0.0,22.0,424.0,805.0,2.0,65.0,1940.0,2414.0,12.680470912269563,42.55994358251058
2021,서울특별시 영등포구,230.4,60.9,662.0,194.3,1713.6,481.3,108.6,28.4,376837.0,7,7,1.8575670648052076,4080.0,0.0,13.0,161.0,585.0,0.0,23.0,1213.0,2085.0,10.826962320578923,51.10294117647059
2021,서울특별시 용산구,107.6,28.4,450.7,135.1,783.7,218.8,16.4,4.2,222953.0,8,8,3.588200203630361,2882.0,0.0,8.0,134.0,426.0,0.0,23.0,837.0,1454.0,12.926491233578377,50.45107564191533
2021,서울특별시 은평구,189.7,50.8,700.8,199.5,528.8,144.0,13.3,3.4,473307.0,5,5,1.056396799540256,7578.0,0.0,18.0,596.0,1071.0,1.0,86.0,2366.0,3440.0,16.01074989383212,45.39456320929005
2021,서울특별시 종로구,73.3,19.1,275.9,80.3,1176.6,325.6,67.6,17.7,144683.0,8,8,5.529329637898025,2148.0,0.0,5.0,89.0,277.0,0.0,6.0,655.0,1116.0,14.846250077756197,51.955307262569825
2021,서울특별시 중구,224.4,58.6,218.7,64.8,1690.7,477.7,204.9,53.3,122499.0,7,7,5.714332361896832,2376.0,0.0,11.0,85.0,325.0,0.0,16.0,723.0,1216.0,19.39607670266696,51.178451178451176
2021,서울특별시 중랑구,71.3,18.1,563.0,162.1,455.0,124.2,55.4,14.1,387350.0,13,13,3.356137859816703,8612.0,0.0,44.0,651.0,1231.0,3.0,64.0,2873.0,3746.0,22.233122499031882,43.49744542498839
2021,세종특별자치시 세종시,1963.4,506.9,620.7,168.7,1429.3,215.7,1725.1,445.8,371895.0,14,14,3.764503421664717,,,,,,,,,,,
2021,울산광역시 남구,14905.6,3896.1,489.9,133.6,737.0,201.1,13933.9,3647.5,313819.0,5,5,1.593275104439183,3252.0,0.0,36.0,166.0,474.0,2.0,34.0,1264.0,1276.0,10.362661279272448,39.23739237392374
2021,울산광역시 동구,972.4,259.9,222.3,59.7,223.4,61.2,943.5,252.3,154096.0,15,15,9.734191672723496,1330.0,0.0,32.0,127.0,234.0,1.0,23.0,517.0,396.0,8.630983283148169,29.774436090225564
2021,울산광역시 북구,1707.9,457.0,324.9,87.4,324.5,88.0,1654.1,443.1,218735.0,1,1,0.4571742062312844,1445.0,0.0,30.0,111.0,227.0,0.0,33.0,558.0,486.0,6.60616728004206,33.63321799307958
2021,울산광역시 울주군,11775.0,2746.2,332.7,87.9,453.9,117.7,11303.3,2612.0,222059.0,6,6,2.701984607694352,2067.0,0.0,33.0,123.0,284.0,0.0,23.0,801.0,803.0,9.308336973507041,38.84857281083696
2021,울산광역시 중구,29.7,7.8,320.8,85.8,322.6,87.9,11.4,3.0,212883.0,5,5,2.348707975742544,2843.0,0.0,26.0,154.0,392.0,2.0,30.0,926.0,1313.0,13.354753550072104,46.18360886387619
2021,인천광역시 강화군,113.9,28.2,92.0,23.7,188.8,44.0,97.1,23.9,69693.0,4,4,5.739457334309041,1461.0,0.0,13.0,78.0,160.0,0.0,16.0,567.0,627.0,20.963367913563772,42.91581108829568
2021,인천광역시 계양구,394.5,101.4,428.4,121.8,437.3,118.5,228.2,56.4,295696.0,14,14,4.734592283967317,5100.0,0.0,43.0,547.0,745.0,5.0,71.0,1695.0,1994.0,17.24744332016666,39.09803921568628
2021,인천광역시 남동구,2078.7,512.0,828.3,234.8,925.5,252.7,1972.0,485.1,518272.0,14,14,2.7012842677204247,10684.0,0.0,59.0,1136.0,1534.0,18.0,221.0,3809.0,3907.0,20.614657940232156,36.56870086110071
2021,인천광역시 동구,3506.9,964.8,92.2,25.9,111.5,28.5,3451.3,950.6,61486.0,1,1,1.6263864944865496,1545.0,0.0,5.0,95.0,164.0,0.0,16.0,583.0,682.0,25.12767133981719,44.14239482200647
2021,인천광역시 미추홀구,417.4,104.8,633.8,180.4,624.1,166.5,326.4,81.4,407464.0,11,11,2.6996249975457958,8547.0,0.0,60.0,962.0,1210.0,10.0,157.0,2815.0,3333.0,20.976086230930832,38.996138996138995
2021,인천광역시 부평구,706.2,184.8,748.5,213.4,775.0,210.4,648.1,169.4,486765.0,6,6,1.2326276540014176,10310.0,0.0,58.0,853.0,1543.0,2.0,139.0,3824.0,3891.0,21.180651854591023,37.74005819592629
2021,인천광역시 서구,3735.1,935.0,881.9,249.2,1131.7,298.0,3350.5,837.7,555380.0,31,31,5.58176383737261,6822.0,0.0,60.0,812.0,978.0,1.0,141.0,2389.0,2441.0,12.283481580179338,35.781295807681026
2021,인천광역시 연수구,1119.3,293.4,717.5,212.5,783.3,221.7,641.7,180.2,389644.0,6,5,1.2832226339941075,4341.0,0.0,29.0,396.0,591.0,5.0,56.0,1776.0,1488.0,11.14093890833684,34.277816171389084
2021,인천광역시 옹진군,58.3,14.9,28.0,7.2,117.1,28.1,33.4,9.4,20342.0,1,1,4.915937469275391,24.0,0.0,0.0,1.0,4.0,0.0,0.0,12.0,7.0,1.1798249926260937,29.166666666666668
2021,인천광역시 중구,997.6,257.7,243.6,67.9,1102.4,300.3,858.8,220.8,143633.0,4,4,2.7848753420175028,2294.0,0.0,13.0,150.0,267.0,2.0,31.0,714.0,1117.0,15.97126008647038,48.692240627724495
2021,전라남도 강진군,64.0,16.3,47.1,12.1,69.1,17.2,40.0,10.1,33753.0,4,4,11.850798447545404,1088.0,0.0,9.0,32.0,103.0,0.0,14.0,470.0,460.0,32.234171777323496,42.279411764705884
2021,전라남도 고흥군,81.4,21.1,91.5,23.6,111.2,28.0,48.5,12.2,62762.0,1,1,1.593320799209713,2120.0,0.0,11.0,31.0,194.0,0.0,13.0,1012.0,859.0,33.77840094324591,40.5188679245283
2021,전라남도 곡성군,225.1,61.0,36.2,9.0,50.7,12.6,220.0,59.8,27535.0,0,0,0.0,810.0,0.0,8.0,16.0,79.0,0.0,7.0,377.0,323.0,29.41710550208825,39.876543209876544
2021,전라남도 광양시,3529.1,865.7,218.5,60.8,285.3,76.4,3379.3,830.5,150531.0,7,7,4.650204941174907,1620.0,0.0,21.0,186.0,179.0,0.0,25.0,662.0,547.0,10.761902863861929,33.76543209876543
2021,전라남도 구례군,21.5,5.7,34.8,8.9,62.3,15.3,14.8,4.0,25235.0,5,5,19.813750743015653,690.0,0.0,0.0,16.0,61.0,0.0,3.0,319.0,291.0,27.3429760253616,42.173913043478265
2021,전라남도 나주시,520.7,136.1,183.7,50.8,309.0,83.1,475.8,124.5,116726.0,1,1,0.8567071603584462,2184.0,0.0,7.0,118.0,224.0,2.0,23.0,966.0,844.0,18.71048438222847,38.64468864468865
2021,전라남도 담양군,212.9,52.3,54.6,13.8,123.1,31.6,194.8,47.7,46180.0,1,1,2.1654395842356,844.0,0.0,3.0,40.0,72.0,0.0,6.0,380.0,343.0,18.27631009094846,40.639810426540286
2021,전라남도 목포시,116.1,29.2,355.0,96.1,505.9,134.1,68.3,16.6,218589.0,20,20,9.149591242011264,5257.0,0.0,39.0,582.0,601.0,3.0,69.0,2008.0,1955.0,24.049700579626602,37.1885105573521
2021,전라남도 무안군,108.7,26.9,141.3,39.5,184.3,48.2,64.6,16.0,91107.0,3,3,3.292831505811848,1204.0,0.0,4.0,67.0,102.0,0.0,11.0,531.0,489.0,13.21523044332488,40.61461794019934
2021,전라남도 보성군,53.7,13.1,54.5,13.9,79.0,19.4,43.6,10.5,39375.0,0,0,0.0,1100.0,0.0,11.0,27.0,101.0,1.0,6.0,537.0,417.0,27.936507936507937,37.90909090909091
2021,전라남도 순천시,953.9,240.1,428.6,116.1,558.0,150.5,808.4,202.9,281436.0,19,19,6.7510908341505695,3729.0,0.0,58.0,236.0,403.0,3.0,44.0,1664.0,1321.0,13.249904063446042,35.42504692947171
2021,전라남도 신안군,31.6,8.4,42.2,10.5,71.7,18.5,20.9,5.6,38217.0,4,3,7.849909726038151,944.0,0.0,15.0,7.0,60.0,0.0,15.0,392.0,455.0,24.70104927126671,48.19915254237288
2021,전라남도 여수시,13702.5,3672.7,426.2,116.5,664.5,174.3,13164.7,3534.1,276762.0,20,18,6.503783033797992,4773.0,0.0,47.0,336.0,553.0,1.0,46.0,2124.0,1666.0,17.245864677954344,34.90467211397444
2021,전라남도 영광군,420.5,88.6,71.7,18.4,109.6,26.6,64.2,15.7,51985.0,3,2,3.847263633740502,1219.0,0.0,6.0,42.0,129.0,2.0,17.0,591.0,432.0,23.44907184764836,35.438884331419196
2021,전라남도 영암군,785.8,203.6,79.3,20.7,131.4,32.8,765.9,198.5,52937.0,4,4,7.556151651963655,937.0,0.0,21.0,49.0,97.0,0.0,9.0,460.0,301.0,17.70028524472486,32.123799359658484
2021,전라남도 완도군,44.1,12.2,66.9,17.1,105.7,26.7,26.1,7.4,48631.0,0,0,0.0,1431.0,0.0,4.0,24.0,98.0,0.0,13.0,647.0,645.0,29.42567498097921,45.073375262054505
2021,전라남도 장성군,358.4,89.9,54.8,14.1,109.6,27.8,328.0,82.2,43365.0,2,2,4.612014297244322,914.0,0.0,4.0,33.0,84.0,0.0,11.0,422.0,360.0,21.07690533840655,39.38730853391685
2021,전라남도 장흥군,68.4,18.0,50.6,12.9,72.7,18.2,43.2,11.6,36547.0,0,0,0.0,1146.0,0.0,5.0,26.0,106.0,1.0,16.0,551.0,441.0,31.356882917886555,38.481675392670155
2021,전라남도 진도군,21.8,5.3,43.3,11.0,67.4,17.5,13.3,3.1,30066.0,2,2,6.652032195835829,898.0,0.0,13.0,20.0,76.0,0.0,12.0,430.0,347.0,29.867624559302868,38.641425389755014
2021,전라남도 함평군,90.3,21.7,38.9,9.9,55.9,14.0,79.0,18.7,31274.0,3,3,9.592632857965082,783.0,0.0,12.0,16.0,62.0,1.0,10.0,412.0,270.0,25.036771759288868,34.48275862068966
2021,전라남도 해남군,93.0,23.0,92.2,23.6,141.0,35.7,75.8,18.6,67166.0,4,4,5.955394098204448,1972.0,0.0,33.0,42.0,170.0,0.0,16.0,846.0,865.0,29.36009290414793,43.86409736308317
2021,전라남도 화순군,131.2,34.7,85.2,22.1,151.2,39.6,117.6,31.3,62624.0,7,6,9.580991313234543,1159.0,0.0,13.0,75.0,124.0,1.0,12.0,502.0,432.0,18.507281553398055,37.27351164797239
2021,전북특별자치도 고창군,101.9,26.3,74.4,19.1,113.5,28.8,78.6,20.4,53386.0,2,1,1.873150264114187,1594.0,0.0,26.0,22.0,141.0,0.0,17.0,695.0,693.0,29.858015209980145,43.47553324968632
2021,전북특별자치도 군산시,4744.0,1203.2,418.1,112.9,621.4,164.5,4614.3,1169.1,265304.0,9,9,3.39233483098634,6438.0,0.0,22.0,431.0,795.0,7.0,89.0,2591.0,2503.0,24.266501824322287,38.87853370611991
2021,전북특별자치도 김제시,510.8,126.4,109.6,28.7,169.0,43.0,490.1,121.3,80913.0,2,2,2.471790688764476,3506.0,0.0,18.0,133.0,376.0,4.0,41.0,1557.0,1377.0,43.33049077404125,39.27552766685682
2021,전북특별자치도 남원시,169.7,44.0,111.3,28.5,166.1,41.1,132.2,34.7,79431.0,3,3,3.776862937643993,2367.0,0.0,9.0,133.0,251.0,1.0,42.0,1043.0,888.0,29.799448578011102,37.51584283903676
2021,전북특별자치도 무주군,33.8,8.3,32.9,8.2,82.1,17.0,25.4,6.4,23748.0,0,0,0.0,621.0,0.0,7.0,12.0,48.0,0.0,6.0,287.0,261.0,26.149570490146537,42.028985507246375
2021,전북특별자치도 부안군,121.1,31.9,68.5,17.9,137.2,35.0,92.0,24.5,50795.0,2,2,3.937395412934344,1642.0,0.0,24.0,44.0,174.0,1.0,5.0,712.0,682.0,32.32601634019097,41.534713763702804
2021,전북특별자치도 순창군,89.2,22.7,34.8,8.8,47.3,11.5,82.1,20.9,26855.0,1,1,3.723701359150996,634.0,0.0,5.0,22.0,66.0,0.0,3.0,326.0,212.0,23.608266617017314,33.4384858044164
2021,전북특별자치도 완주군,1159.8,299.5,125.8,33.2,255.5,67.8,1067.0,275.6,91142.0,13,13,14.2634570231068,1935.0,0.0,33.0,116.0,234.0,1.0,32.0,906.0,613.0,21.230607184393584,31.679586563307495
2021,전북특별자치도 익산시,1769.9,461.7,411.8,111.6,520.3,137.8,1635.5,427.5,278113.0,15,14,5.033925059238511,7213.0,0.0,19.0,686.0,1004.0,3.0,84.0,2967.0,2450.0,25.93550103734813,33.966449466241514
2021,전북특별자치도 임실군,110.6,28.4,32.3,7.9,59.4,14.4,99.1,25.5,26730.0,3,2,7.482229704451926,773.0,0.0,15.0,20.0,60.0,1.0,11.0,368.0,298.0,28.918817807706695,38.55109961190168
2021,전북특별자치도 장수군,35.6,8.7,27.9,6.7,39.5,9.0,22.1,5.3,21695.0,0,0,0.0,544.0,0.0,10.0,10.0,53.0,0.0,4.0,272.0,195.0,25.07490205116386,35.845588235294116
2021,전북특별자치도 전주시,1828.7,478.1,1047.6,284.2,1351.8,365.9,1662.5,436.0,657269.0,30,30,4.56434123623661,11218.0,0.0,114.0,1314.0,1486.0,6.0,197.0,4334.0,3767.0,17.06759332936743,33.57996077732216
2021,전북특별자치도 정읍시,1085.6,284.3,154.8,40.5,204.2,52.5,989.5,259.7,106487.0,6,6,5.634490595096115,3227.0,0.0,32.0,161.0,359.0,4.0,41.0,1436.0,1194.0,30.304168583958607,37.000309885342425
2021,전북특별자치도 진안군,35.0,8.3,30.3,7.3,47.8,11.0,21.5,5.0,24987.0,7,5,20.010405410813625,590.0,0.0,8.0,15.0,55.0,1.0,5.0,302.0,204.0,23.612278384760074,34.57627118644068
2021,제주특별자치도 서귀포시,184.1,47.4,280.2,77.8,748.4,208.8,62.5,15.6,183663.0,14,14,7.622656713654901,2768.0,0.0,24.0,168.0,388.0,1.0,50.0,1048.0,1089.0,15.071081273854832,39.34248554913295
2021,제주특별자치도 제주시,490.2,128.7,733.1,201.8,1473.9,408.5,232.9,62.9,493096.0,51,48,9.734412771549556,6578.0,0.0,75.0,698.0,938.0,4.0,133.0,2348.0,2382.0,13.340201502344371,36.21161447248404
2021,충청남도 계룡시,58.5,15.0,64.7,17.8,133.0,36.0,29.4,7.7,43331.0,2,2,4.615633149477279,260.0,0.0,4.0,16.0,38.0,0.0,8.0,115.0,79.0,6.000323094320463,30.384615384615383
2021,충청남도 공주시,501.9,131.4,151.7,40.3,270.3,66.7,436.4,114.9,103145.0,4,4,3.878035774880024,1990.0,0.0,16.0,82.0,237.0,1.0,22.0,856.0,776.0,19.293227980028117,38.994974874371856
2021,충청남도 금산군,635.5,159.0,68.1,17.1,108.8,26.6,620.3,155.2,50477.0,1,0,0.0,1066.0,0.0,4.0,32.0,99.0,0.0,5.0,445.0,481.0,21.11852923113497,45.1219512195122
2021,충청남도 논산시,604.7,153.8,168.5,45.2,269.1,69.9,530.4,134.6,114483.0,4,4,3.493968536813325,2781.0,0.0,9.0,145.0,290.0,2.0,33.0,1262.0,1040.0,24.291816252194646,37.396619920891766
2021,충청남도 당진시,5936.3,1417.7,281.9,77.8,362.3,94.2,5760.0,1380.1,167092.0,13,13,7.780145069781916,1415.0,0.0,22.0,76.0,165.0,1.0,14.0,607.0,530.0,8.468388672108778,37.455830388692576
2021,충청남도 보령시,595.9,136.2,150.8,40.6,280.7,72.5,424.0,104.5,98408.0,3,3,3.0485326396227945,2317.0,0.0,6.0,71.0,271.0,1.0,15.0,996.0,957.0,23.544833753353384,41.3034095813552
2021,충청남도 부여군,153.1,37.4,89.9,23.3,113.6,28.9,126.5,32.0,63774.0,7,6,9.408222786715587,1594.0,0.0,9.0,44.0,125.0,1.0,16.0,770.0,629.0,24.99451187004108,39.46047678795483
2021,충청남도 서산시,8059.2,1995.3,292.6,80.1,439.4,113.1,7972.4,1974.6,176645.0,10,10,5.661071640861615,1709.0,0.0,29.0,88.0,216.0,0.0,15.0,748.0,613.0,9.6747714342325,35.86892919836161
2021,충청남도 서천군,712.1,170.2,74.3,19.4,117.7,29.8,625.2,152.1,50745.0,1,1,1.9706375012316488,1322.0,0.0,11.0,30.0,119.0,1.0,5.0,598.0,558.0,26.05182776628239,42.208774583963695
2021,충청남도 아산시,12434.7,3194.2,511.2,142.1,643.0,166.0,12121.5,3114.2,324580.0,7,7,2.156633187503852,4122.0,0.0,43.0,292.0,520.0,0.0,54.0,1570.0,1643.0,12.699488569844107,39.8592916060165
2021,충청남도 예산군,758.4,192.1,116.1,30.6,177.1,44.4,723.4,183.1,76801.0,12,12,15.624796552128227,1460.0,0.0,24.0,54.0,148.0,0.0,14.0,665.0,555.0,19.010169138422675,38.013698630136986
2021,충청남도 천안시,5223.9,1365.2,1041.8,287.9,1430.1,382.9,5058.4,1323.6,658486.0,11,11,1.6704986894178464,5844.0,0.0,127.0,574.0,759.0,1.0,86.0,2194.0,2103.0,8.87490394632536,35.98562628336756
2021,충청남도 청양군,128.4,32.4,40.7,10.2,54.5,12.8,117.8,29.8,30440.0,2,2,6.570302233902759,579.0,0.0,11.0,28.0,56.0,0.0,7.0,258.0,219.0,19.021024967148488,37.82383419689119
2021,충청남도 태안군,256.9,61.1,87.8,22.9,216.0,55.3,20.8,5.3,61526.0,3,3,4.875987387445957,1058.0,0.0,5.0,38.0,123.0,0.0,13.0,439.0,440.0,17.195982186392744,41.58790170132325
2021,충청남도 홍성군,298.8,75.0,159.5,42.8,216.3,56.0,257.2,64.2,99324.0,3,3,3.0204180258547786,1395.0,0.0,14.0,67.0,170.0,2.0,10.0,644.0,488.0,14.044943820224718,34.982078853046595
2021,충청북도 괴산군,224.1,55.2,52.8,13.4,108.4,26.8,211.4,52.2,38122.0,2,2,5.246314464088978,877.0,0.0,6.0,27.0,69.0,0.0,9.0,418.0,348.0,23.00508892503017,39.68072976054732
2021,충청북도 단양군,1605.0,385.0,39.9,9.8,79.8,18.6,1579.0,378.7,28331.0,2,2,7.059404892167589,677.0,0.0,9.0,15.0,53.0,0.0,9.0,284.0,307.0,23.896085559987295,45.347119645494836
2021,충청북도 보은군,169.2,41.9,44.8,11.1,75.3,17.4,154.9,38.3,31878.0,2,2,6.273919317397578,747.0,0.0,10.0,18.0,70.0,0.0,6.0,346.0,297.0,23.433088650479956,39.75903614457831
2021,충청북도 영동군,158.8,39.0,63.8,16.1,85.5,20.5,132.3,32.6,45773.0,2,2,4.369388067201188,1016.0,0.0,13.0,24.0,82.0,0.0,19.0,449.0,429.0,22.196491381382035,42.2244094488189
2021,충청북도 옥천군,353.3,86.9,69.2,17.7,104.7,25.8,191.2,46.6,50093.0,1,1,1.9962869063541813,944.0,0.0,10.0,35.0,89.0,0.0,15.0,437.0,358.0,18.844948395983472,37.92372881355932
2021,충청북도 음성군,2425.7,609.5,149.6,39.8,285.4,71.0,2368.1,595.7,92197.0,0,0,0.0,1374.0,0.0,13.0,81.0,164.0,0.0,23.0,541.0,552.0,14.90287102617222,40.174672489082965
2021,충청북도 제천시,923.2,239.3,195.1,49.8,281.2,68.8,841.6,219.9,131591.0,4,4,3.039721561504966,2928.0,0.0,30.0,160.0,316.0,1.0,28.0,1227.0,1166.0,22.25076183021635,39.8224043715847
2021,충청북도 증평군,400.2,102.3,56.5,15.5,83.0,20.5,360.8,91.8,36426.0,3,3,8.235875473562839,645.0,0.0,7.0,35.0,54.0,0.0,8.0,300.0,241.0,17.707132268160105,37.36434108527132
2021,충청북도 진천군,2314.4,608.7,139.2,37.9,259.1,66.3,2281.0,600.5,85176.0,4,3,3.522118906734291,964.0,0.0,18.0,71.0,106.0,1.0,17.0,368.0,383.0,11.317742086972856,39.73029045643153
2021,충청북도 청주시,9645.8,2561.2,1331.4,370.5,1846.0,499.2,9131.5,2425.9,848482.0,26,26,3.064296001565148,9729.0,0.0,115.0,725.0,1253.0,14.0,149.0,3953.0,3520.0,11.466359922779741,36.18049131462637
2021,충청북도 충주시,1498.1,387.0,329.9,88.5,502.6,127.5,1370.3,354.0,209358.0,8,8,3.8212057814843474,3856.0,0.0,32.0,318.0,454.0,2.0,38.0,1525.0,1487.0,18.418211866754554,38.56327800829876
2022,강원특별자치도 강릉시,909.1,238.9,336.8,88.7,637.0,168.3,689.5,176.2,211381.0,22,21,9.934667732672285,6154.0,0.0,67.0,468.0,573.0,1.0,103.0,2144.0,2798.0,29.11330725088821,45.46636334091648
2022,강원특별자치도 고성군,59.2,15.5,42.5,10.7,171.5,44.3,35.3,9.4,27274.0,0,0,0.0,863.0,0.0,6.0,42.0,81.0,0.0,7.0,315.0,412.0,31.64185671335338,47.740440324449594
2022,강원특별자치도 동해시,1987.7,494.2,141.2,37.2,232.1,60.1,1909.2,478.2,89426.0,1,0,0.0,2795.0,0.0,17.0,188.0,245.0,0.0,45.0,1070.0,1230.0,31.2548923131975,44.00715563506261
2022,강원특별자치도 삼척시,1048.3,254.3,98.5,25.2,177.5,46.3,807.9,201.7,63455.0,1,1,1.575919943266882,1873.0,0.0,24.0,125.0,167.0,0.0,21.0,714.0,822.0,29.5169805373887,43.88681260010678
2022,강원특별자치도 속초시,71.5,18.5,138.7,36.2,302.8,81.9,49.2,12.7,82806.0,4,3,3.622925874936599,2750.0,0.0,12.0,220.0,258.0,0.0,35.0,935.0,1290.0,33.21015385358549,46.909090909090914
2022,강원특별자치도 양구군,20.1,4.9,29.9,7.5,88.0,20.0,7.8,2.0,21383.0,2,2,9.353224524154705,557.0,0.0,13.0,36.0,53.0,0.0,5.0,211.0,239.0,26.048730299770845,42.908438061041295
2022,강원특별자치도 양양군,47.1,11.9,47.6,12.2,159.8,40.1,31.0,7.8,27866.0,1,1,3.588602598148281,878.0,0.0,10.0,48.0,87.0,0.0,8.0,295.0,430.0,31.507930811741907,48.9749430523918
2022,강원특별자치도 영월군,888.0,224.6,58.2,14.7,95.4,23.4,824.9,209.3,37728.0,1,1,2.650551314673452,841.0,0.0,19.0,52.0,64.0,0.0,6.0,322.0,378.0,22.291136556403732,44.946492271105825
2022,강원특별자치도 원주시,809.8,201.4,592.9,155.4,883.1,227.5,709.3,176.3,360807.0,4,4,1.1086259412927133,8314.0,0.0,79.0,948.0,779.0,5.0,148.0,2841.0,3514.0,23.042790189769043,42.266057252826556
2022,강원특별자치도 인제군,39.2,9.4,48.0,11.9,161.5,38.1,13.7,3.4,32206.0,1,1,3.1050114885425075,624.0,0.0,8.0,43.0,53.0,0.0,12.0,196.0,312.0,19.375271688505247,50.0
2022,강원특별자치도 정선군,268.6,65.7,54.4,13.0,212.6,50.6,243.0,59.5,34931.0,2,2,5.7255732730239615,812.0,0.0,11.0,48.0,58.0,0.0,8.0,311.0,376.0,23.245827488477282,46.30541871921182
2022,강원특별자치도 철원군,63.3,15.2,58.9,14.9,175.8,41.9,35.9,8.7,42256.0,12,12,28.398333964407424,1003.0,0.0,14.0,54.0,91.0,0.0,15.0,375.0,454.0,23.73627413858387,45.2642073778664
2022,강원특별자치도 춘천시,241.1,63.0,463.0,125.4,879.0,229.7,135.1,37.1,286664.0,4,4,1.3953618173192308,7754.0,0.0,111.0,683.0,789.0,5.0,166.0,2544.0,3456.0,27.04908882873329,44.57054423523343
2022,강원특별자치도 태백시,99.4,24.3,60.5,13.9,102.7,23.6,26.2,6.2,39428.0,1,0,0.0,1057.0,0.0,25.0,72.0,87.0,0.0,14.0,416.0,443.0,26.80835954144263,41.91106906338695
2022,강원특별자치도 평창군,88.1,23.1,70.1,16.8,258.5,56.8,42.9,10.9,40990.0,1,1,2.4396194193705782,756.0,0.0,9.0,41.0,55.0,0.0,10.0,287.0,354.0,18.44352281044157,46.82539682539682
2022,강원특별자치도 홍천군,123.6,32.7,103.3,26.4,279.7,72.0,93.8,25.3,67977.0,2,2,2.942171616870412,1350.0,0.0,21.0,76.0,121.0,1.0,15.0,499.0,617.0,19.85965841387528,45.7037037037037
2022,강원특별자치도 화천군,24.0,5.4,34.2,8.7,130.8,30.9,6.4,1.5,23388.0,1,1,4.275696938600992,683.0,0.0,11.0,34.0,53.0,0.0,4.0,237.0,344.0,29.203010090644774,50.366032210834554
2022,강원특별자치도 횡성군,267.3,69.7,71.6,18.1,138.6,33.6,227.0,59.7,46532.0,2,1,2.1490587122840195,1024.0,0.0,22.0,58.0,96.0,2.0,18.0,379.0,449.0,22.00636121378836,43.84765625
2022,경기도 가평군,93.4,22.3,96.1,25.1,402.4,95.4,51.1,11.9,62150.0,10,10,16.090104585679807,1565.0,0.0,14.0,127.0,157.0,1.0,13.0,495.0,758.0,25.181013676588897,48.43450479233227
2022,경기도 고양시,779.2,193.3,1597.2,449.1,2556.0,699.8,351.8,81.1,1076535.0,18,17,1.5791404831240974,16308.0,0.0,70.0,2057.0,1619.0,5.0,307.0,4942.0,7308.0,15.148601763992811,44.81236203090508
2022,경기도 과천시,46.2,12.0,126.4,37.0,233.4,60.8,1.7,0.4,78137.0,0,0,0.0,539.0,0.0,3.0,49.0,42.0,1.0,15.0,164.0,265.0,6.8981404456275515,49.16512059369202
2022,경기도 광명시,266.4,70.3,372.2,103.3,551.4,162.3,224.4,59.3,287945.0,5,5,1.7364427234367674,4272.0,0.0,18.0,506.0,449.0,3.0,69.0,1488.0,1739.0,14.83616662904374,40.70692883895131
2022,경기도 광주시,1147.1,270.6,609.7,166.8,848.0,212.8,982.8,228.2,391462.0,17,16,4.087242184426586,3935.0,0.0,29.0,638.0,339.0,4.0,110.0,1239.0,1576.0,10.052061247324135,40.050825921219825
2022,경기도 구리시,118.0,29.9,291.1,82.4,390.2,105.4,33.3,8.1,188701.0,6,6,3.1796333882703323,3407.0,0.0,16.0,464.0,387.0,3.0,57.0,1031.0,1449.0,18.055018256395037,42.530085118872904
2022,경기도 군포시,624.0,157.6,400.3,108.5,471.5,126.5,394.7,99.9,266213.0,1,1,0.3756390559439246,4600.0,0.0,35.0,587.0,481.0,4.0,79.0,1528.0,1886.0,17.27939657342053,41.0
2022,경기도 김포시,2230.7,506.6,810.2,217.5,1149.3,305.7,2120.3,478.1,484267.0,4,4,0.8259906208765,6492.0,0.0,52.0,800.0,664.0,8.0,146.0,1885.0,2937.0,13.405827776825594,45.240295748613676
2022,경기도 남양주시,952.2,232.9,1151.8,311.8,1239.8,319.0,537.9,125.6,737353.0,13,13,1.7630632817659926,10811.0,0.0,64.0,1452.0,1145.0,8.0,238.0,3261.0,4643.0,14.661905491670883,42.94699842752752
2022,경기도 동두천시,233.0,58.1,141.3,38.6,241.2,62.5,177.2,42.2,91546.0,11,11,12.015817184803268,3612.0,0.0,16.0,500.0,317.0,1.0,67.0,1085.0,1626.0,39.455574246826735,45.01661129568107
2022,경기도 부천시,1566.3,399.6,1233.7,345.3,1431.0,388.8,1391.5,357.4,790128.0,13,13,1.6453030395075228,13879.0,0.0,93.0,1555.0,1511.0,7.0,176.0,4661.0,5876.0,17.565508373326853,42.33734418906261
2022,경기도 성남시,898.1,238.1,1494.7,423.6,3006.6,838.9,381.6,106.4,922518.0,19,18,1.9511814403621397,14759.0,0.0,87.0,1738.0,1582.0,3.0,231.0,4920.0,6198.0,15.998603821280453,41.99471508909818
2022,경기도 수원시,698.0,182.1,1923.5,545.4,3231.0,891.5,565.6,147.6,1190964.0,15,14,1.1755183196133552,14122.0,0.0,105.0,1666.0,1458.0,5.0,198.0,4515.0,6175.0,11.857621221128431,43.726101118821695
2022,경기도 시흥시,2902.6,712.2,862.1,243.3,1025.6,273.8,2753.7,675.2,512912.0,15,15,2.924478273076083,7489.0,0.0,36.0,1219.0,783.0,5.0,177.0,2341.0,2928.0,14.600945191377859,39.09734276939511
2022,경기도 안산시,5757.8,1480.3,1023.4,290.4,1251.7,334.6,5487.8,1412.5,641660.0,13,13,2.025995075273509,13759.0,0.0,86.0,2439.0,1496.0,10.0,258.0,4299.0,5171.0,21.44282018514478,37.58267315938658
2022,경기도 안성시,2071.7,529.8,307.5,84.0,718.7,187.0,2005.0,512.0,188842.0,12,11,5.824975376240455,2914.0,0.0,18.0,304.0,295.0,2.0,43.0,1050.0,1202.0,15.430889314876987,41.249142072752235
2022,경기도 안양시,465.3,119.2,837.5,230.8,1628.4,441.3,332.3,86.0,548228.0,13,13,2.371276184361251,6882.0,0.0,48.0,797.0,679.0,0.0,100.0,2220.0,3038.0,12.553171308287792,44.14414414414414
2022,경기도 양주시,1150.5,261.3,373.1,102.5,654.7,196.0,1054.8,237.5,243432.0,6,6,2.4647540175490485,5538.0,0.0,52.0,766.0,546.0,3.0,131.0,1706.0,2334.0,22.749679581977716,42.145178764897075
2022,경기도 양평군,121.7,29.8,191.6,49.1,329.0,77.1,28.2,6.6,122323.0,6,6,4.905046475315354,2333.0,0.0,16.0,210.0,225.0,0.0,47.0,724.0,1111.0,19.07245571151787,47.62108872696099
2022,경기도 여주시,515.7,124.9,170.9,45.6,406.5,104.2,461.1,111.9,113150.0,11,10,8.837825894829871,2640.0,0.0,25.0,287.0,221.0,1.0,47.0,926.0,1133.0,23.33186036235086,42.916666666666664
2022,경기도 연천군,209.6,50.8,60.7,15.9,172.7,40.9,147.2,35.2,42062.0,7,7,16.642099757500834,1299.0,0.0,8.0,91.0,138.0,0.0,17.0,435.0,610.0,30.882982264276546,46.95919938414165
2022,경기도 오산시,563.7,145.8,378.1,106.5,481.8,128.0,505.7,131.3,229849.0,6,6,2.610409442721091,2760.0,0.0,28.0,452.0,234.0,2.0,79.0,870.0,1095.0,12.007883436517018,39.67391304347826
2022,경기도 용인시,5749.1,1492.5,1712.1,467.6,3022.2,803.7,4687.7,1220.1,1074971.0,15,15,1.395386480193419,8446.0,0.0,69.0,1033.0,725.0,3.0,212.0,2741.0,3663.0,7.856956141142412,43.369642434288416
2022,경기도 의왕시,147.0,36.4,246.5,66.9,427.1,112.9,113.5,27.9,160221.0,5,5,3.1206895475624297,1858.0,0.0,11.0,174.0,143.0,0.0,31.0,658.0,841.0,11.596482358741987,45.26372443487621
2022,경기도 의정부시,252.1,62.4,718.6,195.6,774.8,205.8,56.3,13.6,463724.0,8,7,1.509518592956155,11097.0,0.0,54.0,1603.0,1137.0,4.0,181.0,3236.0,4882.0,23.930182608620644,43.9938722177165
2022,경기도 이천시,7277.2,1921.1,342.0,94.9,900.9,233.7,7184.3,1897.3,222721.0,17,17,7.632868027711801,2956.0,0.0,29.0,396.0,272.0,1.0,51.0,1004.0,1203.0,13.272210523480048,40.69688768606225
2022,경기도 파주시,7133.5,1851.4,774.1,215.4,1270.2,323.0,6901.5,1794.3,495315.0,31,29,5.85486003856132,9154.0,0.0,58.0,1332.0,828.0,5.0,217.0,2687.0,4027.0,18.481168549307004,43.99169761852742
2022,경기도 평택시,14176.5,3716.2,1020.1,286.9,1735.2,465.6,13323.4,3499.5,578529.0,22,22,3.802748003989428,8112.0,0.0,48.0,1305.0,762.0,11.0,208.0,2607.0,3171.0,14.02176900380102,39.09023668639053
2022,경기도 포천시,1613.7,367.3,212.7,56.0,575.3,138.7,1506.0,341.0,146701.0,8,8,5.453268893872571,3697.0,0.0,22.0,409.0,405.0,0.0,35.0,1282.0,1544.0,25.200918875808615,41.763592101704084
2022,경기도 하남시,560.4,144.8,559.3,162.9,735.4,202.9,101.1,25.3,326059.0,3,3,0.9200788814294344,4094.0,0.0,18.0,482.0,388.0,3.0,81.0,1272.0,1850.0,12.556009801907017,45.18808011724475
2022,경기도 화성시,16242.3,4159.1,1543.3,429.4,2798.1,753.6,15946.3,4081.2,910814.0,23,21,2.305629909070348,7474.0,0.0,62.0,1050.0,669.0,5.0,183.0,2401.0,3104.0,8.2058466382818,41.53063955044153
2022,경상남도 거제시,974.8,267.7,380.7,103.7,477.1,131.8,900.1,248.4,236662.0,23,22,9.295957948466588,3802.0,0.0,26.0,461.0,342.0,3.0,119.0,1223.0,1628.0,16.065105509122716,42.81956864807996
2022,경상남도 거창군,126.6,33.3,85.5,22.2,127.8,32.2,110.1,29.1,60387.0,1,1,1.6559855598059183,1962.0,0.0,18.0,94.0,159.0,2.0,36.0,732.0,921.0,32.49043668339212,46.94189602446483
2022,경상남도 고성군,427.1,107.2,71.8,18.5,109.2,27.8,187.9,49.8,50448.0,4,4,7.92895654931811,1746.0,0.0,10.0,99.0,132.0,1.0,26.0,671.0,807.0,34.609895337773544,46.21993127147766
2022,경상남도 김해시,3264.2,796.5,828.3,236.7,1080.6,304.1,3013.8,730.6,535129.0,28,28,5.232383219747014,10533.0,0.0,70.0,1415.0,1039.0,6.0,246.0,3439.0,4318.0,19.683104447712605,40.99496819519605
2022,경상남도 남해군,20.0,5.0,54.3,14.1,115.5,30.0,6.1,1.4,41579.0,2,2,4.810120493518363,1386.0,0.0,7.0,45.0,102.0,1.0,18.0,574.0,639.0,33.33413502008226,46.103896103896105
2022,경상남도 밀양시,574.4,141.8,156.1,42.3,236.6,61.4,511.1,125.6,102945.0,16,16,15.542279858176697,3500.0,0.0,18.0,204.0,290.0,2.0,35.0,1340.0,1611.0,33.99873718976152,46.02857142857143
2022,경상남도 사천시,881.6,223.7,164.5,45.2,262.1,69.6,818.7,207.2,109369.0,4,4,3.6573434885570864,3164.0,0.0,22.0,295.0,287.0,0.0,47.0,1153.0,1360.0,28.929586994486556,42.983565107458915
2022,경상남도 산청군,92.0,25.2,44.0,11.1,75.8,18.8,77.1,21.3,34028.0,1,1,2.9387563183260843,1097.0,0.0,7.0,49.0,77.0,0.0,9.0,457.0,498.0,32.23815681203714,45.39653600729262
2022,경상남도 양산시,2420.2,615.0,565.5,157.6,721.9,200.7,2056.8,516.0,353792.0,8,7,1.9785636758321272,7262.0,0.0,49.0,776.0,636.0,5.0,174.0,2333.0,3289.0,20.52618487698987,45.2905535665106
2022,경상남도 의령군,195.2,49.2,35.9,9.3,56.1,13.5,183.2,46.2,26061.0,1,1,3.837151298875715,997.0,0.0,4.0,46.0,54.0,0.0,5.0,392.0,496.0,38.25639844979087,49.74924774322969
2022,경상남도 진주시,922.1,225.3,557.7,154.9,752.1,207.0,818.1,197.7,343782.0,15,13,3.781466161695493,8121.0,0.0,33.0,898.0,712.0,7.0,133.0,2846.0,3492.0,23.62252823009931,42.99963058736609
2022,경상남도 창녕군,544.5,137.7,84.3,22.2,141.8,37.1,524.2,132.5,58372.0,3,3,5.139450421434935,2092.0,0.0,14.0,147.0,162.0,1.0,23.0,806.0,939.0,35.839100938806276,44.88527724665392
2022,경상남도 창원시,6394.8,1607.5,1597.2,454.1,2164.8,604.7,6113.4,1533.2,1021487.0,33,32,3.132687934354524,20275.0,0.0,100.0,1793.0,1976.0,12.0,328.0,6695.0,9371.0,19.848514959074368,46.21948212083847
2022,경상남도 통영시,343.2,83.3,191.6,51.7,332.8,88.0,115.9,30.2,122681.0,3,3,2.4453664381607583,4206.0,0.0,34.0,438.0,422.0,2.0,94.0,1375.0,1841.0,34.28403746301383,43.77080361388493
2022,경상남도 하동군,141.9,29.3,55.2,14.0,89.0,22.5,40.2,10.1,42465.0,2,2,4.709760979630284,1575.0,0.0,11.0,96.0,126.0,0.0,25.0,656.0,661.0,37.089367714588484,41.96825396825397
2022,경상남도 함안군,2492.0,596.5,90.1,24.4,141.0,37.7,2392.7,571.3,61456.0,1,1,1.6271804217651655,1854.0,0.0,10.0,166.0,149.0,1.0,31.0,742.0,755.0,30.167925019526162,40.722761596548004
2022,경상남도 함양군,59.1,14.6,53.2,13.5,76.5,19.1,43.2,10.2,37708.0,4,3,7.955871433117641,1374.0,0.0,6.0,99.0,78.0,1.0,18.0,513.0,659.0,36.43789116367879,47.962154294032025
2022,경상남도 합천군,76.5,18.8,57.0,14.4,105.6,25.2,55.6,13.4,42142.0,3,3,7.118788856722509,1405.0,0.0,4.0,40.0,105.0,0.0,18.0,656.0,582.0,33.339661145650425,41.42348754448398
2022,경상북도 경산시,1614.6,405.7,436.6,122.2,513.4,140.5,1548.4,388.2,267725.0,8,7,2.614623214118965,5767.0,0.0,48.0,715.0,573.0,6.0,146.0,1871.0,2408.0,21.540760108320104,41.754811860586095
2022,경상북도 경주시,2579.5,624.3,410.2,112.6,742.0,202.5,1874.0,443.0,249607.0,10,8,3.205038320239417,6227.0,0.0,39.0,547.0,595.0,3.0,87.0,2089.0,2867.0,24.947217025163557,46.0414324714951
2022,경상북도 고령군,1102.7,265.4,39.5,10.5,74.8,19.0,1072.1,257.9,30353.0,0,0,0.0,971.0,0.0,2.0,54.0,90.0,0.0,13.0,366.0,446.0,31.990248080914572,45.932028836251284
2022,경상북도 구미시,8012.9,2136.7,629.4,179.5,779.0,214.6,7623.0,2037.7,408110.0,14,12,2.9403837200754697,5584.0,0.0,44.0,919.0,592.0,4.0,151.0,1953.0,1921.0,13.682585577417854,34.40186246418338
2022,경상북도 군위군,148.1,35.8,27.9,7.0,61.4,15.2,138.1,33.3,23340.0,1,1,4.284490145672665,656.0,0.0,5.0,23.0,47.0,1.0,10.0,270.0,300.0,28.10625535561268,45.73170731707317
2022,경상북도 김천시,1630.8,410.2,205.5,55.3,313.3,83.5,1451.0,366.0,139324.0,5,5,3.588757141626712,3694.0,0.0,21.0,331.0,330.0,3.0,65.0,1466.0,1478.0,26.513737762338145,40.010828370330266
2022,경상북도 문경시,199.3,47.1,97.2,24.9,163.2,39.8,169.3,39.3,70373.0,11,9,12.788995779631392,1645.0,0.0,10.0,78.0,141.0,0.0,13.0,705.0,698.0,23.375442286104047,42.43161094224924
2022,경상북도 봉화군,1591.4,393.6,40.7,10.0,56.6,13.0,1573.2,389.2,30139.0,4,4,13.27184047247752,827.0,0.0,1.0,26.0,63.0,0.0,9.0,357.0,371.0,27.439530176847274,44.86094316807739
2022,경상북도 상주시,150.2,38.3,136.2,35.2,184.3,46.4,122.8,31.4,94823.0,3,3,3.1637893759952758,2636.0,0.0,25.0,137.0,223.0,1.0,30.0,1088.0,1132.0,27.79916265041182,42.943854324734446
2022,경상북도 성주군,802.3,190.3,51.5,13.6,101.3,25.4,786.2,186.2,42566.0,3,3,7.047878588544848,1220.0,0.0,5.0,79.0,97.0,0.0,19.0,477.0,543.0,28.66137292674905,44.50819672131148
2022,경상북도 안동시,307.4,80.2,239.4,63.9,395.7,100.8,199.2,52.5,154610.0,19,19,12.288985188538906,5204.0,0.0,23.0,417.0,404.0,2.0,93.0,1977.0,2288.0,33.658883642713924,43.96617986164489
2022,경상북도 영덕군,52.4,13.2,47.7,12.2,127.6,32.9,31.6,8.0,34650.0,2,2,5.772005772005772,1650.0,0.0,11.0,97.0,129.0,0.0,14.0,625.0,774.0,47.61904761904761,46.909090909090914
2022,경상북도 영양군,11.9,2.9,22.2,5.4,30.8,6.9,3.6,0.8,16022.0,0,0,0.0,621.0,0.0,7.0,31.0,53.0,0.0,7.0,239.0,284.0,38.759206091624016,45.73268921095008
2022,경상북도 영주시,1195.3,303.7,151.0,39.6,214.3,53.1,1161.2,295.5,100749.0,2,1,0.9925656830340748,2998.0,0.0,12.0,349.0,198.0,1.0,41.0,1113.0,1284.0,29.757119177361563,42.8285523682455
2022,경상북도 영천시,983.7,234.4,141.7,37.4,210.3,54.4,946.4,224.9,101088.0,0,0,0.0,3432.0,0.0,23.0,264.0,327.0,3.0,52.0,1180.0,1583.0,33.95061728395061,46.124708624708624
2022,경상북도 예천군,51.0,12.9,90.2,24.4,106.1,26.9,34.8,9.0,55755.0,12,12,21.522733387140168,1376.0,0.0,4.0,102.0,81.0,1.0,21.0,571.0,596.0,24.67940095058739,43.31395348837209
2022,경상북도 울릉군,7.9,2.0,10.1,2.6,44.8,11.4,2.4,0.6,8996.0,1,1,11.116051578479324,204.0,0.0,3.0,5.0,13.0,0.0,3.0,70.0,110.0,22.67674522009782,53.92156862745098
2022,경상북도 울진군,403.8,72.4,81.3,20.8,158.3,38.9,22.6,5.4,47030.0,6,5,10.631511800978098,1932.0,0.0,10.0,69.0,157.0,0.0,7.0,722.0,967.0,41.08016159897938,50.051759834368525
2022,경상북도 의성군,80.4,18.1,67.7,17.1,86.5,20.8,65.6,14.2,50186.0,4,4,7.970350296895549,2003.0,0.0,8.0,71.0,128.0,0.0,11.0,827.0,958.0,39.91152911170446,47.82825761357963
2022,경상북도 청도군,91.1,22.0,56.0,14.1,104.2,26.4,77.5,18.7,41614.0,2,2,4.806074878646609,1263.0,0.0,7.0,58.0,95.0,0.0,9.0,535.0,559.0,30.350362858653337,44.2596991290578
2022,경상북도 청송군,19.0,4.5,34.5,8.6,64.0,15.1,8.3,1.8,24295.0,4,4,16.464293064416545,813.0,0.0,10.0,16.0,61.0,0.0,5.0,354.0,367.0,33.463675653426634,45.141451414514144
2022,경상북도 칠곡군,1393.0,341.5,169.6,48.0,337.1,91.0,1293.8,316.3,112487.0,9,9,8.000924551281482,2327.0,0.0,20.0,352.0,243.0,2.0,53.0,813.0,844.0,20.686834923146677,36.26987537602063
2022,경상북도 포항시,7691.8,1974.7,772.2,219.6,1111.3,308.7,7535.7,1934.8,496650.0,22,22,4.4296788482834994,13507.0,0.0,79.0,1447.0,1445.0,2.0,208.0,4302.0,6024.0,27.1962146380751,44.59909676464056
2022,광주광역시 광산구,1999.0,504.9,647.4,179.9,841.7,234.6,1890.5,477.9,400654.0,8,7,1.7471434205074703,8524.0,0.0,70.0,1857.0,768.0,11.0,327.0,2790.0,2701.0,21.27521502343668,31.687001407789772
2022,광주광역시 남구,45.0,11.5,340.2,94.4,322.0,89.7,12.0,2.8,212379.0,8,7,3.2959944250608584,5859.0,0.0,44.0,996.0,506.0,2.0,148.0,1842.0,2321.0,27.587473337759384,39.61426864652671
2022,광주광역시 동구,35.1,9.1,183.3,51.6,374.3,103.6,8.0,2.0,105909.0,0,0,0.0,2541.0,0.0,22.0,238.0,259.0,3.0,59.0,760.0,1200.0,23.992295272356458,47.22550177095632
2022,광주광역시 북구,761.2,210.0,668.6,189.5,763.5,210.6,693.9,192.0,424707.0,4,4,0.9418257763587604,13477.0,0.0,53.0,2028.0,1354.0,13.0,340.0,4373.0,5316.0,31.73246496996753,39.44498033687022
2022,광주광역시 서구,310.9,85.0,469.0,128.3,801.7,219.3,195.4,54.0,287401.0,0,0,0.0,7477.0,0.0,57.0,1199.0,777.0,11.0,188.0,2493.0,2752.0,26.015915045528722,36.80620569747225
2022,대구광역시 남구,11.3,2.9,225.9,65.5,328.0,92.4,6.1,1.6,141519.0,6,5,3.533094496145394,7037.0,0.0,17.0,867.0,751.0,3.0,114.0,1949.0,3336.0,49.72477193875027,47.40656529771209
2022,대구광역시 달서구,2059.1,522.2,851.9,242.9,919.5,261.2,1833.1,458.0,536989.0,9,9,1.676011985347931,16007.0,0.0,58.0,1941.0,1860.0,10.0,262.0,5792.0,6084.0,29.80880427718259,38.00837133753983
2022,대구광역시 달성군,3075.4,781.3,391.0,111.9,481.3,133.0,2885.6,729.8,263162.0,4,3,1.139982216277426,4885.0,0.0,41.0,809.0,453.0,3.0,201.0,1496.0,1882.0,18.56271042171742,38.526100307062435
2022,대구광역시 동구,129.6,33.1,541.3,153.4,809.3,227.7,87.3,21.9,339530.0,3,3,0.8835743527817866,10782.0,0.0,29.0,1034.0,1226.0,4.0,144.0,3532.0,4813.0,31.75566223897741,44.63921350398813
2022,대구광역시 북구,716.3,178.0,667.2,191.4,825.4,232.1,600.6,147.0,430912.0,2,2,0.4641318877172137,10217.0,0.0,36.0,1555.0,972.0,6.0,172.0,3333.0,4143.0,23.710177484033863,40.55006361945777
2022,대구광역시 서구,364.9,99.4,238.2,68.0,308.6,84.5,227.9,56.2,159827.0,3,2,1.2513530254587772,7213.0,0.0,17.0,789.0,737.0,7.0,119.0,2110.0,3434.0,45.130046863170804,47.608484680438096
2022,대구광역시 수성구,215.1,55.5,676.3,193.6,760.1,211.7,15.0,3.7,411553.0,2,1,0.2429820703530286,9888.0,0.0,16.0,1313.0,1044.0,4.0,128.0,3161.0,4222.0,24.026067116507473,42.698220064724914
2022,대구광역시 중구,28.6,7.0,146.3,44.4,503.4,143.8,20.0,5.1,80199.0,0,0,0.0,2128.0,0.0,9.0,199.0,195.0,1.0,16.0,608.0,1100.0,26.533996683250415,51.691729323308266
2022,대전광역시 대덕구,2095.9,545.6,257.9,70.1,395.3,104.9,1872.7,489.5,172746.0,2,2,1.1577692102856216,5516.0,0.0,30.0,797.0,519.0,3.0,124.0,1942.0,2101.0,31.931274819677448,38.089195068890504
2022,대전광역시 동구,87.2,21.9,344.0,94.9,409.9,110.7,56.5,14.0,219751.0,2,2,0.910121000587028,8106.0,0.0,27.0,964.0,880.0,4.0,132.0,2730.0,3369.0,36.88720415379225,41.56180606957809
2022,대전광역시 서구,54.1,13.3,714.5,197.5,1071.8,294.4,19.3,4.5,470374.0,7,5,1.062983923431142,8765.0,0.0,51.0,1484.0,986.0,14.0,214.0,2846.0,3170.0,18.63410817774792,36.16657159155733
2022,대전광역시 유성구,899.3,247.1,562.7,159.1,1516.5,427.3,365.0,96.8,356093.0,8,7,1.965778602780734,4422.0,0.0,29.0,701.0,491.0,4.0,142.0,1445.0,1610.0,12.41810425928058,36.40886476707372
2022,대전광역시 중구,33.7,8.7,342.3,95.5,526.0,144.4,20.0,5.1,227108.0,5,5,2.201595716575374,6809.0,0.0,40.0,887.0,711.0,2.0,97.0,2152.0,2920.0,29.98133046832344,42.88441768247907
2022,부산광역시 강서구,3476.4,884.1,243.3,69.2,656.3,179.8,3401.9,864.8,143207.0,9,9,6.284608992577178,2066.0,0.0,17.0,319.0,164.0,3.0,67.0,559.0,937.0,14.426669087404946,45.35333978702808
2022,부산광역시 금정구,248.3,63.9,347.9,94.8,397.7,110.4,108.4,27.7,221256.0,2,2,0.9039302888961204,7381.0,0.0,19.0,752.0,652.0,3.0,108.0,2052.0,3795.0,33.35954731171132,51.41579731743666
2022,부산광역시 기장군,677.7,173.7,158.7,44.6,391.5,107.3,523.7,130.0,178614.0,6,6,3.3591991669186068,5578.0,0.0,23.0,811.0,541.0,3.0,153.0,1563.0,2484.0,31.229354921786644,44.53209035496594
2022,부산광역시 남구,514.1,136.1,422.5,116.8,426.1,119.7,392.6,103.0,256333.0,1,0,0.0,6371.0,0.0,38.0,660.0,573.0,3.0,74.0,1898.0,3125.0,24.854388627293403,49.05038455501491
2022,부산광역시 동구,82.5,21.3,140.5,38.7,299.3,83.1,31.0,7.9,86462.0,3,2,2.3131549119844554,5249.0,0.0,11.0,409.0,499.0,3.0,65.0,1462.0,2800.0,60.708750665032035,53.34349399885693
2022,부산광역시 동래구,98.6,25.7,427.6,117.7,442.4,125.5,10.2,2.7,273226.0,6,6,2.1959842767525783,6105.0,0.0,24.0,703.0,581.0,2.0,98.0,1621.0,3076.0,22.34414001595749,50.384930384930385
2022,부산광역시 부산진구,252.0,70.7,591.1,164.1,824.9,234.7,27.4,6.9,355917.0,4,4,1.123857528581102,11382.0,0.0,37.0,1114.0,1096.0,4.0,148.0,3301.0,5682.0,31.97936597577525,49.92092778070638
2022,부산광역시 북구,111.6,29.9,418.2,116.0,344.9,96.0,14.9,4.0,278857.0,3,3,1.075820223268557,11891.0,0.0,32.0,1166.0,1224.0,3.0,145.0,4037.0,5284.0,42.6419275829547,44.436969136321586
2022,부산광역시 사상구,790.1,194.8,300.8,83.5,428.0,118.4,747.2,183.7,203789.0,4,3,1.4721108597618124,7983.0,0.0,34.0,680.0,883.0,7.0,85.0,2903.0,3391.0,39.17286997826183,42.47776525115871
2022,부산광역시 사하구,1517.9,387.0,454.8,126.7,432.1,119.4,1405.1,358.7,301987.0,5,5,1.655700410944842,12418.0,0.0,46.0,1378.0,1309.0,2.0,158.0,3856.0,5669.0,41.1209754062261,45.65147366725721
2022,부산광역시 서구,168.1,46.5,167.8,45.3,240.7,66.9,143.1,40.0,105192.0,2,2,1.9012852688417368,4937.0,0.0,8.0,421.0,460.0,0.0,36.0,1309.0,2703.0,46.93322686135828,54.749848085882114
2022,부산광역시 수영구,13.7,3.5,291.9,81.8,325.4,91.7,6.6,1.7,174806.0,2,2,1.1441254876834892,4530.0,0.0,19.0,466.0,478.0,1.0,60.0,1228.0,2278.0,25.91444229603103,50.2869757174393
2022,부산광역시 연제구,65.0,17.9,327.2,90.6,406.4,115.3,12.5,3.1,203536.0,2,2,0.9826271519534628,5468.0,0.0,25.0,631.0,566.0,3.0,76.0,1484.0,2683.0,26.865026334407673,49.067300658376006
2022,부산광역시 영도구,103.9,28.6,162.9,43.1,164.3,44.6,73.2,20.5,108156.0,3,3,2.773771219349828,7116.0,0.0,19.0,494.0,797.0,1.0,76.0,2347.0,3382.0,65.79385332297792,47.52670039347948
2022,부산광역시 중구,6.8,1.7,64.6,17.6,282.8,80.2,4.8,1.2,39689.0,0,0,0.0,2321.0,0.0,3.0,150.0,261.0,1.0,20.0,554.0,1332.0,58.47967950817607,57.38905644118915
2022,부산광역시 해운대구,217.3,54.2,698.7,194.5,913.3,261.7,137.1,36.0,386785.0,1,1,0.2585415670204377,11425.0,0.0,41.0,1277.0,1156.0,6.0,140.0,3314.0,5491.0,29.538374032085006,48.06126914660832
2022,서울특별시 강남구,291.7,65.5,985.2,291.7,3425.9,936.7,11.8,3.0,529102.0,2,2,0.3779989491629213,7163.0,0.0,9.0,569.0,888.0,4.0,83.0,2713.0,2897.0,13.538032364270027,40.443948066452606
2022,서울특별시 강동구,165.7,44.0,678.5,194.9,761.9,207.4,21.7,5.4,460067.0,0,0,0.0,8632.0,0.0,34.0,911.0,1006.0,2.0,109.0,2551.0,4019.0,18.76248459463513,46.559314179796104
2022,서울특별시 강북구,53.4,13.9,422.5,116.9,420.0,114.4,33.2,8.5,293660.0,2,2,0.6810597289382279,11789.0,0.0,40.0,1159.0,1365.0,7.0,144.0,3568.0,5506.0,40.14506572226384,46.70455509373144
2022,서울특별시 강서구,323.2,82.6,862.4,244.5,1477.6,407.1,45.7,12.3,569166.0,3,3,0.5270870009803817,16818.0,0.0,29.0,1382.0,2003.0,4.0,172.0,6817.0,6411.0,29.548497274960205,38.11987156617909
2022,서울특별시 관악구,38.6,10.2,696.1,198.2,764.1,210.1,20.7,5.3,486752.0,11,10,2.0544342909736373,10675.0,0.0,51.0,871.0,1302.0,2.0,123.0,3195.0,5131.0,21.93108605614358,48.0655737704918
2022,서울특별시 광진구,361.6,100.7,508.5,147.3,635.3,178.1,29.8,7.7,337416.0,2,2,0.5927401190222159,5394.0,0.0,32.0,699.0,578.0,1.0,65.0,1482.0,2537.0,15.986201010029163,47.03374119391917
2022,서울특별시 구로구,346.4,87.2,631.5,177.4,891.5,246.7,98.7,24.7,395315.0,4,4,1.0118513084502234,7132.0,0.0,26.0,801.0,786.0,5.0,106.0,2119.0,3289.0,18.04130882966748,46.11609646662927
2022,서울특별시 금천구,225.9,59.4,356.9,101.1,1078.9,297.6,213.6,56.2,229642.0,2,2,0.8709208245878367,6270.0,0.0,26.0,654.0,790.0,3.0,60.0,1916.0,2821.0,27.303367850828682,44.99202551834131
2022,서울특별시 노원구,76.0,20.2,700.6,194.5,620.6,168.4,33.4,9.0,503734.0,10,10,1.9851747152266872,16711.0,0.0,38.0,1543.0,1705.0,3.0,160.0,6643.0,6619.0,33.17425466615317,39.608641014900364
2022,서울특별시 도봉구,56.1,14.7,444.2,123.3,351.4,95.6,42.6,11.1,311694.0,6,5,1.604137391159278,7837.0,0.0,33.0,1053.0,852.0,1.0,130.0,2154.0,3614.0,25.143249469030522,46.1145846624984
2022,서울특별시 동대문구,173.4,46.3,550.5,154.3,626.2,169.2,76.3,19.9,336644.0,3,3,0.8911491070685947,8124.0,0.0,35.0,686.0,922.0,4.0,77.0,2194.0,4206.0,24.132317819417544,51.7725258493353
2022,서울특별시 동작구,57.4,15.9,567.4,160.7,576.0,160.0,14.1,4.3,380596.0,1,1,0.2627457986946788,6244.0,0.0,18.0,523.0,657.0,1.0,65.0,1844.0,3136.0,16.40584767049575,50.224215246636774
2022,서울특별시 마포구,185.3,58.2,631.2,182.1,1359.6,369.0,20.1,5.4,364638.0,1,1,0.2742445932678437,5478.0,0.0,15.0,530.0,638.0,1.0,45.0,1677.0,2572.0,15.02311881921248,46.95144213216502
2022,서울특별시 서대문구,32.7,8.6,480.8,137.4,581.7,161.5,14.9,4.0,306337.0,1,1,0.3264378772397719,5742.0,0.0,26.0,535.0,592.0,0.0,75.0,1554.0,2960.0,18.7440629111077,51.54998258446535
2022,서울특별시 서초구,427.7,115.8,729.4,212.5,2030.8,552.3,7.8,1.9,404325.0,8,8,1.978606319173932,3384.0,0.0,15.0,339.0,389.0,4.0,72.0,1034.0,1531.0,8.369504730105731,45.24231678486997
2022,서울특별시 성동구,893.4,238.3,466.2,130.9,780.5,213.1,219.4,56.9,281000.0,2,2,0.7117437722419928,5364.0,0.0,16.0,425.0,561.0,1.0,42.0,1578.0,2741.0,19.088967971530252,51.09992542878449
2022,서울특별시 성북구,102.6,27.7,651.1,180.1,539.3,145.0,45.0,11.7,430397.0,3,3,0.6970308807914554,8213.0,0.0,32.0,903.0,939.0,2.0,102.0,2275.0,3960.0,19.08238207980074,48.21624254231097
2022,서울특별시 송파구,215.6,58.4,1016.0,289.6,1733.5,504.1,36.3,9.6,658801.0,9,9,1.366118144932992,7806.0,0.0,27.0,1008.0,790.0,2.0,161.0,2146.0,3672.0,11.848798043718816,47.04073789392775
2022,서울특별시 양천구,44.4,11.5,672.0,188.6,1021.0,271.0,16.5,3.9,440881.0,5,4,0.9072742985068534,8466.0,0.0,30.0,883.0,864.0,4.0,125.0,2623.0,3937.0,19.20246052789755,46.50366170564612
2022,서울특별시 영등포구,225.4,59.0,659.9,189.0,1786.0,497.9,102.4,26.1,375675.0,12,9,2.395687762028349,5962.0,0.0,13.0,404.0,641.0,1.0,46.0,1650.0,3207.0,15.870100485792241,53.79067427037907
2022,서울특별시 용산구,107.5,27.8,443.1,129.2,882.6,246.0,16.5,4.3,218650.0,4,4,1.8294077292476565,3861.0,0.0,7.0,277.0,476.0,2.0,38.0,1008.0,2053.0,17.658358106563,53.172753172753175
2022,서울특별시 은평구,194.8,52.0,698.6,196.2,555.4,150.5,13.0,3.3,466746.0,11,11,2.356742210966993,11405.0,0.0,22.0,1246.0,1192.0,4.0,174.0,3192.0,5575.0,24.435131741889595,48.88206926786497
2022,서울특별시 종로구,75.2,19.7,272.9,77.7,1220.4,335.3,68.7,18.0,141379.0,1,1,0.7073186258213737,2721.0,0.0,9.0,164.0,279.0,1.0,14.0,773.0,1481.0,19.24613980859958,54.428518926865124
2022,서울특별시 중구,225.2,58.3,219.4,63.3,1753.8,491.2,204.1,53.0,120437.0,1,1,0.8303096224582147,3270.0,0.0,8.0,211.0,340.0,0.0,25.0,916.0,1770.0,27.15112465438362,54.12844036697248
2022,서울특별시 중랑구,72.1,18.4,561.5,158.2,481.9,130.9,55.8,14.2,385318.0,6,6,1.5571553885362222,12276.0,0.0,49.0,1371.0,1340.0,11.0,160.0,3767.0,5578.0,31.8593992494511,45.43825350276963
2022,세종특별자치시 세종시,2025.6,519.3,654.1,176.6,213.5,232.8,1781.0,457.9,383591.0,26,25,6.517358332181933,,,,,,,,,,,
2022,울산광역시 남구,14435.7,3722.0,493.3,138.6,777.2,219.7,13499.7,3481.5,310638.0,7,7,2.2534268183544834,5234.0,0.0,37.0,658.0,536.0,2.0,74.0,1660.0,2267.0,16.84919423895338,43.31295376385174
2022,울산광역시 동구,999.1,275.2,219.9,58.2,233.8,64.9,970.5,267.7,151711.0,8,8,5.273183882513463,2624.0,0.0,37.0,372.0,288.0,1.0,72.0,849.0,1005.0,17.296043134644158,38.30030487804878
2022,울산광역시 북구,1742.9,462.6,331.3,91.6,351.9,99.2,1688.9,448.2,218670.0,2,2,0.9146202039603056,2813.0,0.0,29.0,462.0,253.0,1.0,78.0,871.0,1119.0,12.864133168701697,39.77959473871312
2022,울산광역시 울주군,11359.3,2764.1,338.0,91.2,491.0,130.4,10964.9,2675.4,221512.0,6,5,2.2572140561233702,3468.0,0.0,37.0,404.0,331.0,1.0,49.0,1110.0,1536.0,15.656036693271695,44.29065743944637
2022,울산광역시 중구,30.3,8.0,319.3,87.5,337.4,94.9,10.8,2.9,208132.0,3,3,1.44139296215863,4841.0,0.0,30.0,520.0,475.0,0.0,66.0,1326.0,2424.0,23.259277766033094,50.07229911175377
2022,인천광역시 강화군,115.3,27.8,94.0,23.8,205.8,47.9,97.4,23.2,69803.0,7,7,10.028222282709912,1944.0,0.0,14.0,138.0,153.0,0.0,21.0,692.0,926.0,27.84980588226867,47.63374485596708
2022,인천광역시 계양구,396.9,102.2,425.6,118.6,464.3,125.5,282.3,72.1,288856.0,6,5,1.7309662946243112,7799.0,0.0,37.0,1218.0,732.0,3.0,187.0,2266.0,3356.0,26.999612263550002,43.03115784074881
2022,인천광역시 남동구,2073.4,504.4,815.7,226.2,979.5,266.2,1956.9,474.7,506181.0,13,13,2.5682512777050106,15915.0,0.0,63.0,2351.0,1725.0,22.0,378.0,4985.0,6391.0,31.44132237282711,40.15708451146717
2022,인천광역시 동구,3418.3,819.8,91.6,25.0,112.1,28.5,3364.9,804.0,58999.0,1,1,1.6949439821013916,2087.0,0.0,8.0,199.0,191.0,0.0,30.0,697.0,962.0,35.37348090645604,46.09487302347868
2022,인천광역시 미추홀구,418.9,103.6,648.1,180.5,666.8,176.2,325.1,79.7,406004.0,6,6,1.4778179525324873,12328.0,0.0,69.0,1929.0,1303.0,14.0,324.0,3551.0,5138.0,30.36423286470084,41.677482154445165
2022,인천광역시 부평구,704.2,178.0,761.9,211.8,814.4,220.2,623.6,155.5,489118.0,4,4,0.8177985680347074,14582.0,0.0,56.0,1847.0,1633.0,7.0,266.0,4786.0,5987.0,29.812846797705255,41.057468111370184
2022,인천광역시 서구,3588.6,909.9,960.0,270.2,1255.9,331.5,3178.6,812.4,589013.0,15,13,2.207082016865502,11059.0,0.0,66.0,2038.0,1102.0,5.0,300.0,3334.0,4214.0,18.775476941935068,38.10471109503572
2022,인천광역시 연수구,1262.9,339.0,722.5,209.6,872.2,247.1,745.3,213.9,385796.0,8,8,2.073634770707835,5860.0,0.0,29.0,733.0,601.0,4.0,131.0,2158.0,2204.0,15.189374695434893,37.610921501706486
2022,인천광역시 옹진군,54.2,10.2,29.1,7.5,123.7,29.5,30.2,7.7,20613.0,1,0,0.0,27.0,0.0,0.0,0.0,3.0,0.0,0.0,13.0,11.0,1.3098530053849513,40.74074074074074
2022,인천광역시 중구,1040.9,269.3,265.7,73.4,1214.8,332.2,895.4,230.6,152931.0,8,7,4.577227638608261,3468.0,0.0,14.0,370.0,291.0,4.0,91.0,947.0,1751.0,22.67689350099064,50.49019607843137
2022,전라남도 강진군,67.6,16.6,46.8,12.1,73.4,18.4,39.7,10.0,33177.0,2,2,6.028272598486903,1281.0,0.0,15.0,67.0,93.0,1.0,20.0,529.0,556.0,38.61108599330862,43.403590944574546
2022,전라남도 고흥군,81.0,20.6,91.8,23.8,115.8,29.6,46.5,11.4,61880.0,3,3,4.848093083387201,2754.0,0.0,13.0,101.0,204.0,0.0,22.0,1190.0,1224.0,44.505494505494504,44.44444444444444
2022,전라남도 곡성군,228.7,62.6,35.7,8.9,53.1,13.3,223.3,61.4,27060.0,3,3,11.086474501108649,996.0,0.0,7.0,39.0,77.0,0.0,7.0,436.0,430.0,36.80709534368071,43.17269076305221
2022,전라남도 광양시,4417.8,1014.5,227.0,65.0,303.5,82.7,4259.0,972.7,152168.0,18,15,9.857525892434678,2572.0,0.0,22.0,464.0,197.0,1.0,54.0,905.0,929.0,16.902371063561326,36.11975116640747
2022,전라남도 구례군,23.5,6.3,34.5,8.8,64.9,16.2,14.7,4.1,24655.0,9,7,28.39180693571284,876.0,0.0,0.0,35.0,65.0,0.0,4.0,365.0,407.0,35.53031839383492,46.46118721461187
2022,전라남도 나주시,506.8,134.3,189.6,53.2,329.9,90.6,460.4,122.1,116456.0,4,4,3.4347736484165696,2984.0,0.0,15.0,334.0,236.0,4.0,51.0,1126.0,1218.0,25.623411417187604,40.81769436997319
2022,전라남도 담양군,216.6,55.0,55.5,14.3,129.3,33.7,198.3,50.2,45792.0,3,2,4.367575122292103,1215.0,0.0,11.0,89.0,80.0,0.0,16.0,469.0,550.0,26.53301886792453,45.267489711934154
2022,전라남도 목포시,119.5,29.2,358.6,98.4,522.4,141.5,72.5,16.7,216939.0,7,7,3.226713500108325,8222.0,0.0,41.0,1351.0,687.0,11.0,173.0,2638.0,3321.0,37.9000548541295,40.391632206275844
2022,전라남도 무안군,107.7,26.3,144.7,41.4,199.4,52.1,63.3,15.9,90608.0,8,8,8.829242450997704,1587.0,0.0,5.0,181.0,106.0,0.0,27.0,640.0,628.0,17.515009712166695,39.57151858853182
2022,전라남도 보성군,52.6,12.5,54.6,13.9,82.3,20.5,42.4,10.0,38471.0,2,2,5.198721114605807,1499.0,0.0,15.0,75.0,104.0,1.0,17.0,652.0,635.0,38.96441475397052,42.361574382921944
2022,전라남도 순천시,1021.2,266.8,435.5,119.5,585.8,161.5,866.1,226.5,278737.0,17,12,4.305133512953071,5542.0,0.0,60.0,626.0,435.0,2.0,112.0,2122.0,2185.0,19.882541607321595,39.42619992782389
2022,전라남도 신안군,32.9,9.1,41.3,10.3,81.4,20.4,21.5,6.1,37858.0,4,4,10.56579851022241,1201.0,0.0,21.0,35.0,66.0,1.0,15.0,462.0,601.0,31.723810026942786,50.041631973355535
2022,전라남도 여수시,13520.5,3594.6,431.9,120.1,695.3,187.7,13214.2,3450.4,274765.0,21,18,6.55105271777701,6486.0,0.0,45.0,690.0,575.0,0.0,78.0,2567.0,2531.0,23.605626626389824,39.02251002158495
2022,전라남도 영광군,410.7,102.0,72.4,18.6,112.4,27.8,84.4,22.5,52197.0,2,2,3.831637833591969,1643.0,0.0,6.0,106.0,140.0,2.0,21.0,746.0,622.0,31.476904802958025,37.85757760194765
2022,전라남도 영암군,769.5,198.8,80.1,21.1,134.6,34.1,743.5,193.6,52395.0,6,6,11.45147437732608,1157.0,0.0,17.0,103.0,98.0,0.0,12.0,504.0,423.0,22.082259757610462,36.56006914433881
2022,전라남도 완도군,47.2,12.7,66.3,17.0,107.9,27.7,27.3,7.5,47597.0,0,0,0.0,1964.0,0.0,8.0,87.0,118.0,0.0,17.0,789.0,945.0,41.26310481753052,48.116089613034625
2022,전라남도 장성군,349.4,85.6,55.0,14.2,116.0,29.9,318.7,77.7,43146.0,4,4,9.270847819033053,1266.0,0.0,4.0,82.0,92.0,0.0,17.0,518.0,553.0,29.342233347239603,43.68088467614534
2022,전라남도 장흥군,72.9,19.3,49.9,12.9,77.5,19.8,46.9,12.4,35650.0,1,1,2.805049088359046,1514.0,0.0,14.0,78.0,113.0,2.0,19.0,655.0,633.0,42.46844319775596,41.809775429326294
2022,전라남도 진도군,20.9,5.3,43.3,11.0,70.4,18.6,12.8,3.1,29507.0,4,4,13.556105330938422,1244.0,0.0,21.0,62.0,74.0,1.0,20.0,534.0,532.0,42.159487579218485,42.765273311897104
2022,전라남도 함평군,99.8,22.9,38.7,9.8,59.1,14.8,88.0,20.0,30784.0,3,2,6.496881496881497,1105.0,0.0,16.0,50.0,67.0,1.0,12.0,525.0,434.0,35.895270270270274,39.276018099547514
2022,전라남도 해남군,97.3,26.3,92.1,23.8,145.6,37.3,80.6,22.1,65831.0,2,2,3.038082362412845,2439.0,0.0,33.0,107.0,168.0,0.0,19.0,967.0,1145.0,37.049414409624646,46.945469454694546
2022,전라남도 화순군,130.2,35.1,87.0,22.9,159.8,42.2,116.8,31.7,62024.0,1,1,1.6122791177608666,1729.0,0.0,12.0,146.0,133.0,1.0,24.0,701.0,712.0,27.876305946085388,41.17987275882013
2022,전북특별자치도 고창군,107.0,28.3,74.5,19.1,120.6,30.8,84.6,22.7,52338.0,1,1,1.9106576483625664,2025.0,0.0,26.0,104.0,144.0,1.0,19.0,834.0,897.0,38.69081737934197,44.2962962962963
2022,전북특별자치도 군산시,4690.1,1182.2,418.6,112.7,658.4,175.4,4573.1,1150.3,262467.0,10,10,3.8100027813020314,9222.0,0.0,20.0,997.0,830.0,11.0,163.0,3294.0,3907.0,35.13584564916732,42.3660811103882
2022,전북특별자치도 김제시,535.3,135.8,109.0,28.7,179.2,46.2,512.3,130.3,81455.0,7,7,8.593702044073416,4477.0,0.0,20.0,316.0,385.0,2.0,61.0,1809.0,1884.0,54.962862930452395,42.08175117266026
2022,전북특별자치도 남원시,194.4,49.1,110.6,28.6,175.8,44.3,155.0,39.2,77948.0,7,6,7.697439318520039,3140.0,0.0,15.0,247.0,265.0,1.0,64.0,1259.0,1289.0,40.28326576692154,41.05095541401274
2022,전북특별자치도 무주군,33.6,8.5,32.9,8.2,90.7,18.5,25.3,6.6,23489.0,2,2,8.514623866490698,765.0,0.0,11.0,38.0,52.0,0.0,10.0,324.0,330.0,32.56843628932692,43.13725490196079
2022,전북특별자치도 부안군,122.3,32.4,67.8,17.8,144.7,37.3,92.9,24.9,50094.0,5,5,9.981235277677966,2102.0,0.0,26.0,109.0,172.0,0.0,12.0,842.0,941.0,41.961113107358166,44.76688867745005
2022,전북특별자치도 순창군,91.0,23.8,34.9,8.9,50.9,12.6,83.7,21.9,26727.0,1,1,3.7415347775657577,857.0,0.0,7.0,57.0,64.0,0.0,13.0,371.0,345.0,32.06495304373854,40.25670945157526
2022,전북특별자치도 완주군,1186.3,312.2,131.3,35.1,270.9,72.5,1091.3,287.1,92422.0,8,7,7.573954253316311,2743.0,0.0,36.0,297.0,254.0,1.0,67.0,1115.0,973.0,29.67908073835234,35.47211082756107
2022,전북특별자치도 익산시,1762.8,464.9,411.7,112.1,546.7,145.4,1628.3,430.6,273697.0,14,13,4.749778039218552,10274.0,0.0,30.0,1540.0,1069.0,2.0,185.0,3645.0,3803.0,37.5378612114857,37.015767957952114
2022,전북특별자치도 임실군,108.1,27.9,32.0,7.9,62.2,15.1,96.9,25.0,26508.0,6,6,22.634676324128566,1136.0,0.0,16.0,55.0,70.0,1.0,15.0,467.0,512.0,42.85498717368342,45.07042253521127
2022,전북특별자치도 장수군,36.3,8.7,27.3,6.5,41.4,9.5,22.0,5.2,21336.0,2,2,9.373828271466069,682.0,0.0,5.0,42.0,55.0,0.0,8.0,303.0,269.0,31.964754405699285,39.44281524926686
2022,전북특별자치도 전주시,1792.0,464.6,1057.6,289.8,1431.3,392.3,1623.3,421.9,651495.0,25,23,3.530341752430948,16723.0,0.0,131.0,2890.0,1626.0,11.0,415.0,5503.0,6147.0,25.668654402566407,36.757758775339354
2022,전북특별자치도 정읍시,1144.3,303.0,154.3,40.6,215.7,56.0,1046.4,278.5,105081.0,3,3,2.854940474491107,4432.0,0.0,31.0,383.0,389.0,0.0,64.0,1796.0,1769.0,42.17698727648195,39.914259927797836
2022,전북특별자치도 진안군,33.8,8.4,30.4,7.3,50.3,11.6,20.3,4.9,24550.0,6,6,24.43991853360489,768.0,0.0,10.0,41.0,58.0,1.0,8.0,356.0,294.0,31.283095723014256,38.28125
2022,제주특별자치도 서귀포시,190.3,49.7,290.7,83.9,827.1,233.2,63.6,15.9,184770.0,31,30,16.23640201331385,4104.0,0.0,41.0,530.0,427.0,5.0,92.0,1359.0,1650.0,22.211397954213346,40.2046783625731
2022,제주특별자치도 제주시,497.6,131.7,760.4,218.8,1620.1,455.5,235.8,63.7,493389.0,62,59,11.95811013216752,10214.0,0.0,79.0,1814.0,998.0,5.0,307.0,3117.0,3894.0,20.70171811694221,38.12414333268063
2022,충청남도 계룡시,58.2,14.9,69.2,19.3,136.7,37.2,30.1,7.8,44475.0,5,5,11.242270938729623,569.0,0.0,6.0,86.0,40.0,0.0,21.0,189.0,227.0,12.793704328274313,39.894551845342704
2022,충청남도 공주시,483.0,122.2,153.0,40.6,286.7,71.3,418.3,105.9,102571.0,5,3,2.924803306977606,2640.0,0.0,22.0,252.0,243.0,0.0,36.0,995.0,1092.0,25.73826910140293,41.36363636363637
2022,충청남도 금산군,650.7,165.5,69.8,17.8,119.4,29.7,634.4,161.3,50092.0,3,3,5.988980276291624,1540.0,0.0,5.0,111.0,113.0,1.0,18.0,592.0,700.0,30.743432084963665,45.45454545454545
2022,충청남도 논산시,613.4,157.2,168.2,45.0,283.5,73.5,537.8,138.0,112617.0,7,7,6.215757834074784,3680.0,0.0,10.0,342.0,315.0,2.0,47.0,1490.0,1474.0,32.677126899136006,40.05434782608695
2022,충청남도 당진시,5906.8,1507.0,288.3,79.5,382.0,98.4,5749.2,1473.5,168253.0,15,13,7.726459557927645,2548.0,0.0,31.0,281.0,198.0,1.0,42.0,895.0,1100.0,15.143860733538183,43.17111459968603
2022,충청남도 보령시,663.4,170.3,152.2,41.3,297.2,80.3,439.7,107.3,97157.0,2,2,2.0585238325596715,3236.0,0.0,11.0,291.0,291.0,1.0,33.0,1231.0,1378.0,33.30691561081548,42.58343634116193
2022,충청남도 부여군,162.5,42.8,89.4,23.2,121.3,31.0,125.8,32.5,62343.0,13,13,20.852381181528,2172.0,0.0,14.0,138.0,127.0,1.0,19.0,918.0,955.0,34.83951686636832,43.96869244935544
2022,충청남도 서산시,9111.5,2311.3,294.5,80.3,450.2,116.1,9009.7,2286.9,176413.0,14,14,7.935923089568229,2653.0,0.0,44.0,295.0,244.0,0.0,34.0,1004.0,1032.0,15.038574254731794,38.8993592159819
2022,충청남도 서천군,702.9,178.0,74.0,19.3,123.5,31.7,635.1,159.9,49964.0,1,0,0.0,1780.0,0.0,11.0,99.0,128.0,1.0,12.0,725.0,804.0,35.625650468337206,45.1685393258427
2022,충청남도 아산시,11912.2,3021.4,541.8,150.5,726.6,189.7,11605.3,2944.7,334539.0,21,20,5.978376213236722,5939.0,0.0,57.0,753.0,571.0,2.0,99.0,2016.0,2441.0,17.752788165206447,41.1011954874558
2022,충청남도 예산군,782.9,193.5,119.1,31.5,196.0,49.1,744.9,184.0,77385.0,18,18,23.26032176778445,2044.0,0.0,28.0,135.0,172.0,0.0,27.0,817.0,865.0,26.413387607417455,42.31898238747554
2022,충청남도 천안시,5388.3,1416.5,1061.4,290.6,1594.6,428.4,5219.4,1373.8,657559.0,11,10,1.520776082450396,8322.0,0.0,132.0,1228.0,833.0,2.0,144.0,2733.0,3250.0,12.655898558152197,39.05311223263638
2022,충청남도 청양군,132.7,34.4,40.3,10.0,59.9,13.7,122.1,31.8,30266.0,5,5,16.52018766933192,761.0,0.0,10.0,60.0,60.0,1.0,5.0,319.0,306.0,25.14372563272319,40.21024967148489
2022,충청남도 태안군,322.8,69.8,86.7,22.6,258.8,60.7,20.9,5.5,61335.0,4,3,4.8911714355588165,1607.0,0.0,8.0,145.0,139.0,0.0,20.0,581.0,714.0,26.200374989810058,44.43061605476043
2022,충청남도 홍성군,311.2,77.6,160.9,43.3,229.3,59.3,267.4,66.1,98068.0,11,11,11.216706774890891,2141.0,0.0,16.0,205.0,196.0,2.0,32.0,839.0,851.0,21.831790186401275,39.74778141055582
2022,충청북도 괴산군,250.8,61.8,53.6,13.6,116.0,28.6,237.1,58.4,37055.0,5,5,13.493455673998112,1174.0,0.0,6.0,74.0,75.0,0.0,15.0,490.0,514.0,31.682633922547566,43.781942078364565
2022,충청북도 단양군,1684.5,413.0,39.2,9.6,85.7,20.2,1656.5,406.1,27767.0,3,3,10.804192026506286,945.0,0.0,14.0,48.0,62.0,0.0,9.0,361.0,451.0,34.0332048834948,47.72486772486773
2022,충청북도 보은군,170.6,42.4,45.1,11.3,80.3,18.6,155.6,38.7,31455.0,2,2,6.358289620092195,1176.0,0.0,11.0,75.0,74.0,0.0,10.0,452.0,554.0,37.3867429661421,47.10884353741497
2022,충청북도 영동군,158.0,38.2,64.6,16.3,89.9,21.9,131.9,32.0,44956.0,2,2,4.448794376723908,1410.0,0.0,21.0,89.0,86.0,0.0,20.0,577.0,617.0,31.364000355903553,43.758865248226954
2022,충청북도 옥천군,355.4,88.4,69.8,18.0,113.9,28.1,193.3,46.9,49520.0,2,1,2.0193861066235868,1507.0,0.0,8.0,130.0,103.0,0.0,22.0,627.0,617.0,30.432148626817447,40.94226940942269
2022,충청북도 음성군,2565.9,652.5,154.9,41.3,314.0,77.9,2501.0,636.8,92058.0,7,7,7.603901887940212,1991.0,0.0,14.0,197.0,191.0,1.0,34.0,681.0,873.0,21.627669512698517,43.84731290808639
2022,충청북도 제천시,946.4,238.3,196.0,50.2,307.6,74.9,864.5,219.2,130988.0,7,5,3.817143555134821,4401.0,0.0,28.0,466.0,332.0,3.0,67.0,1600.0,1905.0,33.5984975722967,43.28561690524881
2022,충청북도 증평군,382.4,100.6,58.6,16.0,107.3,28.0,344.2,90.5,37262.0,0,0,0.0,1029.0,0.0,10.0,125.0,85.0,0.0,15.0,398.0,396.0,27.615264881112125,38.48396501457726
2022,충청북도 진천군,2338.8,613.3,143.6,39.1,293.5,74.5,2301.5,603.5,86147.0,4,4,4.643226113503662,1509.0,0.0,21.0,196.0,111.0,0.0,31.0,520.0,630.0,17.516570513192566,41.74950298210736
2022,충청북도 청주시,9913.6,2620.6,1363.7,380.4,1970.0,529.9,9393.4,2486.9,849573.0,14,14,1.647886644231867,16046.0,0.0,114.0,2360.0,1423.0,12.0,357.0,5431.0,6349.0,18.887135066674674,39.5674934563131
2022,충청북도 충주시,1554.7,399.1,335.8,90.2,545.5,138.5,1418.3,364.7,208277.0,3,3,1.4403894813157476,5416.0,0.0,26.0,685.0,480.0,3.0,86.0,1866.0,2270.0,26.003831436020302,41.91285081240768
2023,강원특별자치도 강릉시,866.7,216.8,336.5,89.5,647.9,171.6,712.9,183.7,209439.0,21,21,10.026785842178391,6702.0,0.0,65.0,587.0,575.0,0.0,115.0,2231.0,3129.0,31.99977081632361,46.68755595344673
2023,강원특별자치도 고성군,61.9,16.2,41.9,10.7,174.7,45.2,38.4,10.3,27305.0,2,2,7.324665812122322,910.0,0.0,7.0,63.0,73.0,1.0,8.0,321.0,437.0,33.32722944515656,48.02197802197802
2023,강원특별자치도 동해시,1756.6,445.3,140.2,37.0,237.5,61.1,1666.5,425.0,88625.0,4,4,4.513399153737659,2986.0,0.0,18.0,226.0,253.0,0.0,46.0,1086.0,1357.0,33.69252468265162,45.44541192230408
2023,강원특별자치도 삼척시,1134.1,288.9,96.8,24.9,182.2,46.9,812.8,203.6,62651.0,7,5,7.980718583901295,2025.0,0.0,26.0,153.0,160.0,0.0,27.0,740.0,919.0,32.32191026480024,45.382716049382715
2023,강원특별자치도 속초시,74.4,19.2,140.8,37.1,308.6,82.5,52.3,13.4,82054.0,1,1,1.218709630243498,2877.0,0.0,14.0,197.0,255.0,0.0,35.0,934.0,1442.0,35.06227606210544,50.121654501216554
2023,강원특별자치도 양구군,19.7,4.9,30.1,7.5,91.9,21.0,7.6,2.0,21056.0,4,4,18.996960486322187,605.0,0.0,14.0,42.0,54.0,0.0,6.0,214.0,275.0,28.73290273556231,45.45454545454545
2023,강원특별자치도 양양군,47.2,12.0,47.2,12.2,164.5,41.3,31.5,7.9,27710.0,2,1,3.6088054853843374,935.0,0.0,12.0,48.0,89.0,0.0,6.0,313.0,467.0,33.74233128834356,49.94652406417112
2023,강원특별자치도 영월군,812.4,211.2,58.5,14.5,99.1,23.8,746.3,194.5,37332.0,4,4,10.714668381013608,937.0,0.0,19.0,62.0,71.0,0.0,9.0,340.0,436.0,25.099110682524376,46.53148345784419
2023,강원특별자치도 원주시,839.3,210.9,608.2,157.8,913.5,233.2,736.4,185.9,361503.0,14,14,3.872720281712738,8892.0,0.0,79.0,1034.0,802.0,4.0,168.0,2953.0,3852.0,24.59730624642119,43.31983805668016
2023,강원특별자치도 인제군,38.1,9.0,48.5,12.0,164.9,38.9,13.0,3.2,32020.0,0,0,0.0,735.0,0.0,8.0,55.0,53.0,0.0,16.0,221.0,382.0,22.954403497813864,51.97278911564626
2023,강원특별자치도 정선군,258.0,60.0,54.3,13.0,223.5,53.1,232.5,53.7,34202.0,2,2,5.847611250804047,921.0,0.0,12.0,55.0,63.0,0.0,12.0,325.0,454.0,26.928249809952636,49.294245385450594
2023,강원특별자치도 철원군,61.4,14.2,58.7,14.8,177.3,42.2,34.2,7.7,41448.0,15,13,31.364601428295696,997.0,0.0,13.0,56.0,81.0,0.0,16.0,357.0,474.0,24.05423663385447,47.54262788365095
2023,강원특별자치도 춘천시,245.7,64.0,468.8,126.6,911.6,237.6,137.1,37.6,286426.0,10,9,3.142172847437034,8241.0,0.0,117.0,751.0,797.0,5.0,152.0,2624.0,3795.0,28.77182937303178,46.0502366217692
2023,강원특별자치도 태백시,91.9,21.2,60.6,14.0,104.9,23.7,24.0,5.7,38702.0,5,5,12.91922898041445,1088.0,0.0,21.0,79.0,84.0,0.0,14.0,410.0,480.0,28.11224226138184,44.11764705882353
2023,강원특별자치도 평창군,87.7,21.3,69.6,16.6,264.9,56.9,42.3,10.4,40659.0,2,2,4.918960131828132,779.0,0.0,8.0,41.0,51.0,1.0,11.0,288.0,379.0,19.159349713470572,48.65211810012837
2023,강원특별자치도 홍천군,123.6,32.7,104.2,26.5,287.4,73.2,93.2,25.4,67309.0,1,0,0.0,1482.0,0.0,21.0,87.0,120.0,1.0,16.0,522.0,715.0,22.01785793876005,48.24561403508772
2023,강원특별자치도 화천군,24.8,5.5,33.7,8.4,127.2,29.2,6.7,1.5,23007.0,3,3,13.039509714434736,727.0,0.0,7.0,37.0,51.0,0.0,3.0,243.0,386.0,31.59907854131351,53.0949105914718
2023,강원특별자치도 횡성군,267.7,69.7,72.0,18.0,145.9,35.5,226.7,59.5,46359.0,7,6,12.942470717660004,1064.0,0.0,24.0,58.0,96.0,1.0,16.0,388.0,481.0,22.95131473931707,45.20676691729324
2023,경기도 가평군,96.6,22.8,99.3,25.7,407.6,95.4,54.7,12.8,62302.0,19,19,30.496613270842023,1705.0,0.0,15.0,131.0,158.0,0.0,14.0,524.0,863.0,27.36669769830824,50.615835777126094
2023,경기도 고양시,770.6,193.3,1619.6,458.2,2339.7,607.4,337.0,78.2,1074907.0,34,32,2.977001731312569,18014.0,0.0,73.0,2210.0,1733.0,8.0,331.0,5297.0,8362.0,16.758659121207696,46.41945153769291
2023,경기도 과천시,49.2,12.7,133.5,39.1,267.4,71.3,1.6,0.4,81000.0,10,9,11.111111111111112,587.0,0.0,3.0,52.0,45.0,0.0,21.0,181.0,285.0,7.246913580246914,48.55195911413969
2023,경기도 광명시,249.0,60.9,368.1,101.8,525.1,136.6,207.3,50.0,280197.0,15,14,4.996484616180759,4667.0,0.0,19.0,551.0,440.0,3.0,74.0,1553.0,2027.0,16.656138359796856,43.43261195628884
2023,경기도 광주시,1116.1,266.0,624.0,169.5,885.6,220.1,946.1,222.2,391377.0,39,38,9.70930841618184,4375.0,0.0,29.0,733.0,354.0,5.0,127.0,1321.0,1806.0,11.178480084419881,41.28
2023,경기도 구리시,118.2,29.9,295.6,84.6,396.3,107.3,32.9,8.2,187093.0,6,6,3.206961243873368,3807.0,0.0,16.0,496.0,398.0,5.0,63.0,1101.0,1728.0,20.34816909237652,45.39007092198582
2023,경기도 군포시,576.9,146.0,399.2,107.8,481.8,128.3,357.0,90.8,261229.0,4,4,1.5312235624681791,5180.0,0.0,34.0,653.0,503.0,5.0,91.0,1675.0,2219.0,19.82934513396292,42.83783783783784
2023,경기도 김포시,2194.3,504.2,829.6,221.1,1164.3,306.1,2067.9,471.6,486172.0,11,11,2.2625737393350502,7257.0,0.0,46.0,899.0,705.0,6.0,163.0,2047.0,3391.0,14.9268160239586,46.72729778145239
2023,경기도 남양주시,951.7,232.2,1169.7,316.2,1271.6,326.0,519.9,121.7,732265.0,35,33,4.506565246188197,12360.0,0.0,66.0,1624.0,1193.0,9.0,248.0,3622.0,5598.0,16.879135285723063,45.29126213592233
2023,경기도 동두천시,227.7,55.7,140.0,38.5,246.8,63.8,162.8,39.0,88626.0,13,11,12.411707625301831,3872.0,0.0,14.0,518.0,324.0,1.0,79.0,1136.0,1800.0,43.68921084106244,46.48760330578512
2023,경기도 부천시,1597.3,412.7,1246.0,350.2,1433.7,384.9,1423.3,369.8,779968.0,16,16,2.0513662098957908,15131.0,0.0,80.0,1710.0,1604.0,4.0,186.0,4920.0,6627.0,19.399513826208256,43.79750181746084
2023,경기도 성남시,868.2,232.8,1511.5,428.8,3148.7,879.5,365.1,102.4,919747.0,15,13,1.4134321721081993,15852.0,0.0,93.0,1840.0,1566.0,5.0,229.0,5142.0,6977.0,17.235174455583984,44.01337370678779
2023,경기도 수원시,672.3,180.3,1981.8,561.7,3306.7,908.9,537.0,143.3,1197257.0,37,37,3.090397466876368,15604.0,0.0,107.0,1869.0,1510.0,3.0,198.0,4818.0,7099.0,13.033124884632121,45.49474493719559
2023,경기도 시흥시,2826.6,699.0,889.8,251.2,1081.6,287.7,2678.1,661.6,519715.0,16,16,3.078610392234205,8442.0,0.0,31.0,1404.0,819.0,5.0,194.0,2568.0,3421.0,16.243518082025727,40.523572613124855
2023,경기도 안산시,5573.3,1451.1,1035.2,292.6,1282.2,337.7,5304.0,1381.9,629308.0,26,26,4.13152224348014,15042.0,0.0,83.0,2655.0,1493.0,10.0,281.0,4609.0,5911.0,23.902445225549332,39.296636085626915
2023,경기도 안성시,2087.7,537.9,315.2,85.3,742.9,189.9,2019.8,520.0,189034.0,26,24,12.696128738745411,3342.0,0.0,22.0,384.0,322.0,2.0,68.0,1117.0,1427.0,17.679359268702985,42.698982645122676
2023,경기도 안양시,454.6,120.3,846.8,232.8,1712.3,460.8,323.8,84.4,544660.0,10,10,1.836007784673007,7833.0,0.0,44.0,921.0,724.0,1.0,115.0,2405.0,3623.0,14.381448977343664,46.25303204391676
2023,경기도 양주시,1092.9,251.4,434.6,119.8,626.3,156.4,993.5,226.8,268026.0,21,20,7.461962645414998,6227.0,0.0,52.0,918.0,552.0,4.0,159.0,1841.0,2701.0,23.23282069649959,43.3756222900273
2023,경기도 양평군,121.6,29.7,199.5,50.9,334.3,78.1,28.4,6.6,125238.0,2,2,1.5969593893227296,2715.0,0.0,25.0,249.0,226.0,0.0,53.0,822.0,1340.0,21.67872371005605,49.355432780847146
2023,경기도 여주시,536.4,128.5,178.9,47.5,423.7,106.9,463.3,112.9,114412.0,11,11,9.614376114393597,2910.0,0.0,28.0,356.0,224.0,1.0,45.0,993.0,1263.0,25.43439499353215,43.402061855670105
2023,경기도 연천군,209.4,50.9,62.2,16.2,176.1,42.2,141.6,34.0,41584.0,5,5,12.02385532897268,1422.0,0.0,7.0,105.0,132.0,0.0,19.0,472.0,687.0,34.195844555598306,48.31223628691983
2023,경기도 오산시,557.1,142.5,390.0,108.3,513.2,137.0,498.2,128.1,229656.0,11,11,4.789772529348243,3208.0,0.0,29.0,536.0,259.0,2.0,92.0,945.0,1345.0,13.968718431044692,41.926433915211966
2023,경기도 용인시,5593.5,1446.6,1730.5,470.7,3118.5,826.6,4524.1,1175.7,1075566.0,21,19,1.7665117714765992,9600.0,0.0,63.0,1154.0,727.0,4.0,245.0,3008.0,4399.0,8.925533161144923,45.82291666666667
2023,경기도 의왕시,147.6,37.7,248.1,67.0,448.8,118.1,115.1,29.5,158870.0,6,6,3.7766727513061,1960.0,0.0,13.0,167.0,147.0,0.0,37.0,675.0,921.0,12.337130987599924,46.98979591836735
2023,경기도 의정부시,243.3,60.7,737.0,200.5,797.4,209.4,54.1,13.4,464213.0,35,32,6.893387302811425,11762.0,0.0,56.0,1665.0,1134.0,6.0,196.0,3366.0,5339.0,25.337506704896246,45.39194014623364
2023,경기도 이천시,5090.0,1213.1,346.6,95.0,958.9,250.9,4973.0,1184.0,222098.0,31,30,13.507550720852956,3285.0,0.0,27.0,463.0,308.0,1.0,57.0,1053.0,1376.0,14.790768039333988,41.887366818873666
2023,경기도 파주시,6652.8,1735.3,804.8,224.5,1313.0,330.1,6449.3,1684.2,497753.0,53,50,10.04514287206707,10696.0,0.0,66.0,1571.0,859.0,7.0,249.0,3043.0,4901.0,21.488569631925877,45.820867614061335
2023,경기도 평택시,16291.1,4322.0,1077.0,301.3,1971.6,521.5,15451.4,4120.6,591022.0,46,44,7.444731329798214,8843.0,0.0,45.0,1427.0,801.0,14.0,227.0,2754.0,3575.0,14.962217988501274,40.427456745448374
2023,경기도 포천시,1578.0,362.5,212.8,55.9,583.0,140.1,1459.4,333.9,143323.0,36,35,24.42036518911829,4082.0,0.0,27.0,475.0,418.0,1.0,42.0,1324.0,1795.0,28.48112305770881,43.973542381185695
2023,경기도 하남시,556.0,144.2,580.2,168.9,751.1,207.6,96.2,24.3,329861.0,9,9,2.72842197167898,4526.0,0.0,14.0,488.0,414.0,3.0,95.0,1384.0,2128.0,13.720930937576737,47.01723376049492
2023,경기도 화성시,16012.0,4113.5,1639.5,454.5,2924.4,779.9,15696.1,4030.5,944342.0,64,60,6.353630358493003,8897.0,0.0,67.0,1262.0,719.0,7.0,198.0,2759.0,3885.0,9.421374883252042,43.66640440597954
2023,경상남도 거제시,1108.4,314.4,387.2,105.2,487.3,130.6,1030.0,294.1,234038.0,42,36,15.382117433920987,4218.0,0.0,29.0,561.0,340.0,2.0,134.0,1275.0,1877.0,18.022714260077425,44.49976292081555
2023,경상남도 거창군,119.5,30.3,85.8,21.9,127.9,31.2,102.4,25.9,60047.0,2,2,3.33072426599164,2097.0,0.0,18.0,128.0,163.0,3.0,40.0,773.0,972.0,34.92264392892235,46.3519313304721
2023,경상남도 고성군,391.6,97.4,71.9,18.5,111.6,27.5,203.5,56.2,49468.0,7,7,14.150561979461468,1846.0,0.0,12.0,95.0,133.0,1.0,33.0,686.0,886.0,37.317053448694104,47.99566630552546
2023,경상남도 김해시,3263.0,796.6,838.5,236.4,1088.9,296.1,3007.5,729.9,533659.0,39,38,7.12065195190187,11427.0,0.0,71.0,1510.0,1098.0,5.0,271.0,3619.0,4853.0,21.412549961679648,42.46958956856568
2023,경상남도 남해군,19.6,4.8,54.2,13.9,115.6,29.1,6.1,1.4,40780.0,8,8,19.617459538989703,1458.0,0.0,8.0,64.0,95.0,1.0,18.0,570.0,702.0,35.75282000980873,48.148148148148145
2023,경상남도 밀양시,613.5,154.0,156.1,41.5,235.3,60.5,549.2,138.2,102084.0,7,6,5.877512636652169,3635.0,0.0,14.0,196.0,284.0,1.0,42.0,1370.0,1728.0,35.60793072371772,47.53782668500688
2023,경상남도 사천시,898.5,230.8,166.1,44.6,270.7,69.6,833.8,213.8,109030.0,7,7,6.420251306979731,3361.0,0.0,25.0,293.0,276.0,0.0,49.0,1161.0,1557.0,30.826378061084103,46.32549836358227
2023,경상남도 산청군,93.8,25.4,43.8,11.0,76.9,18.6,78.8,21.5,33752.0,9,9,26.6650865133918,1211.0,0.0,12.0,57.0,71.0,0.0,10.0,488.0,573.0,35.87935529746385,47.316267547481424
2023,경상남도 양산시,2398.5,608.7,577.5,159.7,737.9,198.5,2059.2,525.5,355122.0,5,5,1.407966839564995,8177.0,0.0,45.0,858.0,686.0,4.0,189.0,2517.0,3878.0,23.025889694245922,47.42570624923566
2023,경상남도 의령군,191.4,48.6,35.5,8.9,56.4,13.1,179.1,45.6,25475.0,4,3,11.776251226692835,1102.0,0.0,5.0,58.0,51.0,0.0,8.0,414.0,566.0,43.258096172718346,51.36116152450091
2023,경상남도 진주시,876.3,215.7,557.6,151.9,769.6,204.3,769.6,187.7,341074.0,11,10,2.931915068284302,8628.0,0.0,31.0,882.0,727.0,7.0,133.0,2947.0,3901.0,25.296563209156957,45.213259156235516
2023,경상남도 창녕군,552.9,140.4,83.7,21.5,145.3,36.3,531.6,135.0,57083.0,3,2,3.5036700944239088,2259.0,0.0,14.0,174.0,155.0,1.0,31.0,831.0,1053.0,39.573953716518055,46.613545816733065
2023,경상남도 창원시,6276.6,1584.5,1602.0,450.4,2226.5,606.2,6003.8,1512.9,1009038.0,46,44,4.360588996648293,21623.0,0.0,91.0,1774.0,2029.0,8.0,350.0,6948.0,10423.0,21.429321789665007,48.203302039494986
2023,경상남도 통영시,360.7,88.1,192.6,51.6,336.9,86.2,150.4,39.1,120551.0,5,5,4.147622168210964,4547.0,0.0,35.0,467.0,448.0,1.0,93.0,1440.0,2063.0,37.71847599771051,45.37057400483835
2023,경상남도 하동군,194.4,49.9,55.0,13.8,89.7,22.1,36.3,9.2,41606.0,9,9,21.63149545738596,1691.0,0.0,11.0,112.0,120.0,0.0,28.0,681.0,739.0,40.64317646493294,43.701951507983445
2023,경상남도 함안군,2558.0,622.9,88.8,23.3,143.1,37.1,2455.2,597.0,60203.0,1,1,1.6610467916881215,1961.0,0.0,10.0,170.0,149.0,0.0,33.0,758.0,841.0,32.573127585004066,42.88628250892402
2023,경상남도 함양군,78.7,13.5,52.4,13.1,79.4,19.4,62.6,9.3,36945.0,8,6,16.24035728786033,1494.0,0.0,8.0,96.0,75.0,1.0,18.0,548.0,748.0,40.438489646772226,50.0669344042838
2023,경상남도 합천군,72.3,17.7,56.5,14.1,103.8,23.9,51.9,12.6,41203.0,13,13,31.551100648011065,1536.0,0.0,4.0,51.0,112.0,0.0,18.0,682.0,669.0,37.27883891949615,43.5546875
2023,경상북도 경산시,1582.2,397.1,438.7,119.3,521.1,138.6,1507.2,377.1,266205.0,3,3,1.1269510339775737,6202.0,0.0,47.0,717.0,591.0,4.0,168.0,1998.0,2677.0,23.29783437576304,43.16349564656562
2023,경상북도 경주시,2738.7,664.0,410.0,111.4,758.8,202.3,1969.6,479.8,247489.0,23,23,9.293342330366198,6644.0,0.0,40.0,555.0,579.0,4.0,98.0,2148.0,3220.0,26.845637583892618,48.464780252859725
2023,경상북도 고령군,1019.7,241.2,39.8,10.3,74.6,18.7,991.1,234.0,30139.0,1,1,3.3179601181193803,1013.0,0.0,3.0,63.0,87.0,0.0,16.0,377.0,467.0,33.61093599654932,46.10069101678184
2023,경상북도 구미시,7495.1,1964.8,629.9,174.6,775.3,204.5,7121.0,1861.7,405506.0,53,51,12.576879257027024,6197.0,0.0,45.0,998.0,641.0,6.0,167.0,2093.0,2247.0,15.282141324665973,36.259480393738905
2023,경상북도 김천시,1606.7,391.6,205.1,53.8,319.2,83.9,1433.1,349.7,137515.0,7,6,4.363160382503727,3915.0,0.0,23.0,365.0,341.0,3.0,62.0,1499.0,1622.0,28.469621495836815,41.430395913154534
2023,경상북도 문경시,206.8,49.9,97.0,24.6,168.8,40.7,176.8,42.4,68755.0,16,15,21.81659515671588,1680.0,0.0,13.0,91.0,142.0,0.0,12.0,694.0,728.0,24.43458657552178,43.333333333333336
2023,경상북도 봉화군,1824.7,375.4,39.0,9.5,57.6,12.9,1808.5,371.6,29603.0,4,4,13.51214403945546,823.0,0.0,0.0,29.0,57.0,0.0,7.0,357.0,373.0,27.801236361179612,45.32199270959903
2023,경상북도 상주시,160.8,42.2,136.0,34.8,188.3,46.4,126.5,33.3,93858.0,8,8,8.523514244923183,2810.0,0.0,23.0,156.0,220.0,2.0,33.0,1141.0,1235.0,29.93884378529268,43.95017793594306
2023,경상북도 성주군,795.5,192.8,52.0,13.4,100.0,24.5,776.4,188.0,42086.0,1,0,0.0,1316.0,0.0,8.0,89.0,106.0,0.0,23.0,502.0,588.0,31.26930570736112,44.680851063829785
2023,경상북도 안동시,295.7,74.3,239.8,63.2,402.0,99.5,194.3,49.8,152935.0,27,23,15.03906888547422,5550.0,0.0,29.0,414.0,413.0,3.0,86.0,2039.0,2566.0,36.289927093209535,46.234234234234236
2023,경상북도 영덕군,50.4,12.7,46.8,11.9,130.6,32.6,30.4,7.6,34055.0,5,5,14.682131845543973,1764.0,0.0,11.0,103.0,136.0,0.0,16.0,642.0,856.0,51.798561151079134,48.52607709750567
2023,경상북도 영양군,12.3,3.1,21.5,5.2,32.0,7.0,3.7,0.8,15661.0,0,0,0.0,711.0,0.0,9.0,41.0,56.0,0.0,8.0,281.0,316.0,45.3993997829002,44.44444444444444
2023,경상북도 영주시,1118.0,278.6,149.3,39.0,217.7,53.1,1084.2,270.5,100199.0,7,7,6.9860976656453655,3317.0,0.0,9.0,368.0,215.0,0.0,50.0,1194.0,1481.0,33.104122795636684,44.648779017184204
2023,경상북도 영천시,961.8,231.0,140.5,36.8,212.4,53.8,920.7,220.7,100212.0,1,1,0.997884484892029,3621.0,0.0,20.0,237.0,315.0,3.0,61.0,1217.0,1768.0,36.13339719794036,48.82629107981221
2023,경상북도 예천군,51.0,13.2,89.6,24.2,109.6,27.2,35.1,9.3,55325.0,4,4,7.230004518752825,1304.0,0.0,1.0,106.0,66.0,0.0,20.0,529.0,582.0,23.56981473113421,44.6319018404908
2023,경상북도 울릉군,8.1,2.1,10.1,2.6,44.5,11.2,2.6,0.7,9077.0,5,5,55.08427894678859,200.0,0.0,2.0,14.0,14.0,0.0,4.0,67.0,99.0,22.033711578715433,49.5
2023,경상북도 울진군,374.7,58.9,80.9,20.4,156.3,38.6,25.1,6.2,46669.0,11,6,12.85650003214125,1967.0,0.0,11.0,84.0,151.0,0.0,9.0,707.0,1005.0,42.147892605369734,51.093035078800206
2023,경상북도 의성군,79.8,18.3,66.3,16.5,88.6,20.9,64.8,14.6,50086.0,14,13,25.95535678632752,2010.0,0.0,12.0,75.0,118.0,0.0,15.0,816.0,974.0,40.13097472347562,48.45771144278607
2023,경상북도 청도군,85.0,20.0,54.9,13.6,104.1,25.3,71.1,16.5,41316.0,4,4,9.68147933004163,1361.0,0.0,7.0,79.0,88.0,0.0,12.0,553.0,622.0,32.941233420466645,45.70168993387215
2023,경상북도 청송군,19.8,4.7,34.7,8.6,65.8,15.1,8.4,1.9,24019.0,2,2,8.32674132978059,971.0,0.0,16.0,32.0,72.0,0.0,6.0,394.0,451.0,40.42632915608477,46.44696189495365
2023,경상북도 칠곡군,1280.0,309.1,169.2,46.6,336.6,88.1,1180.2,284.0,110581.0,13,13,11.756088297266258,2569.0,0.0,18.0,385.0,250.0,2.0,66.0,862.0,986.0,23.231839104366937,38.38069287660568
2023,경상북도 포항시,7768.9,1811.7,771.2,216.0,1137.1,304.8,7605.2,1769.5,493033.0,46,39,7.910221019688336,14512.0,0.0,70.0,1414.0,1440.0,4.0,227.0,4504.0,6853.0,29.434135240440295,47.22298787210584
2023,광주광역시 광산구,1945.0,493.5,651.1,178.1,864.1,233.6,1837.1,466.5,396741.0,26,25,6.301340169027148,9040.0,0.0,71.0,1960.0,808.0,11.0,329.0,2890.0,2971.0,22.78564605120217,32.86504424778761
2023,광주광역시 남구,48.9,12.2,337.1,92.8,323.4,88.3,11.3,2.6,209646.0,6,6,2.8619673163332475,6286.0,0.0,42.0,1014.0,518.0,4.0,154.0,1914.0,2640.0,29.983877584117987,41.998090995863826
2023,광주광역시 동구,34.7,9.0,189.3,53.3,375.8,102.2,7.3,1.8,107176.0,3,3,2.7991341345077254,2741.0,0.0,23.0,260.0,252.0,4.0,67.0,790.0,1345.0,25.574755542285587,49.06968259759212
2023,광주광역시 북구,744.4,204.2,673.7,189.8,767.3,206.3,675.4,185.3,421683.0,19,19,4.505754322559837,14253.0,0.0,56.0,2156.0,1363.0,11.0,363.0,4497.0,5807.0,33.800271768129136,40.74229986669473
2023,광주광역시 서구,311.2,83.0,469.6,127.5,803.2,215.2,203.0,55.7,283991.0,10,10,3.5212383491026125,8014.0,0.0,48.0,1321.0,803.0,10.0,182.0,2566.0,3084.0,28.219204129708334,38.48265535313202
2023,대구광역시 군위군,68.7,22.5,14.0,4.9,32.5,11.1,63.2,20.7,22988.0,4,4,17.400382808421785,,,,,,,,,,,
2023,대구광역시 남구,10.6,2.5,229.3,64.4,330.0,90.6,5.9,1.5,139187.0,8,8,5.747663215673878,7463.0,0.0,18.0,908.0,761.0,4.0,123.0,2003.0,3646.0,53.61851322321769,48.85434811737907
2023,대구광역시 달서구,1994.8,515.0,852.6,235.1,930.4,255.8,1770.5,451.5,527781.0,13,11,2.0841978017397365,16866.0,0.0,59.0,1971.0,1856.0,9.0,270.0,5919.0,6782.0,31.956436476493092,40.21107553658248
2023,대구광역시 달성군,3179.3,818.5,399.5,111.3,495.4,131.8,2993.7,768.8,262084.0,8,7,2.670899406297218,5678.0,0.0,44.0,935.0,489.0,6.0,232.0,1694.0,2278.0,21.66480975565086,40.119760479041915
2023,대구광역시 동구,129.6,32.8,556.9,153.8,817.4,225.0,85.5,21.4,342813.0,6,6,1.7502253415127196,11644.0,0.0,31.0,1126.0,1249.0,5.0,160.0,3663.0,5410.0,33.966039794290175,46.46169701133631
2023,대구광역시 북구,685.5,168.8,659.5,183.5,834.2,229.0,579.0,141.2,419624.0,4,4,0.9532343240615408,10836.0,0.0,31.0,1643.0,987.0,6.0,167.0,3447.0,4555.0,25.82311783882714,42.03580657069029
2023,대구광역시 서구,364.0,95.9,246.6,68.2,309.3,82.2,212.7,51.4,164088.0,6,6,3.6565745209887375,7819.0,0.0,19.0,831.0,775.0,7.0,136.0,2236.0,3815.0,47.65126029935156,48.79140555058192
2023,대구광역시 수성구,212.1,53.8,678.0,188.4,761.0,205.2,13.5,3.5,407331.0,8,7,1.7185041158173575,10287.0,0.0,17.0,1344.0,1052.0,3.0,123.0,3199.0,4549.0,25.254645484875937,44.220861281228736
2023,대구광역시 중구,36.4,9.3,165.6,48.2,502.5,140.3,18.7,4.5,89064.0,2,2,2.245576214856732,2264.0,0.0,13.0,222.0,192.0,0.0,28.0,629.0,1180.0,25.41992275217821,52.120141342756185
2023,대전광역시 대덕구,1932.7,491.3,257.2,68.5,401.3,103.7,1713.0,436.7,169853.0,6,6,3.5324663091025768,5910.0,0.0,32.0,854.0,534.0,6.0,133.0,1979.0,2372.0,34.79479314466039,40.135363790186126
2023,대전광역시 동구,83.6,20.8,344.3,93.0,417.9,110.0,53.0,12.9,217628.0,2,2,0.9189993934604004,8820.0,0.0,29.0,1043.0,898.0,2.0,145.0,2889.0,3814.0,40.52787325160365,43.24263038548753
2023,대전광역시 서구,52.8,13.3,715.4,193.9,1089.1,291.8,17.8,4.2,464634.0,12,12,2.5826779787962137,9181.0,0.0,53.0,1551.0,1010.0,11.0,213.0,2914.0,3429.0,19.75963876944003,37.34887267182224
2023,대전광역시 유성구,879.8,239.9,587.6,163.6,1565.6,438.6,353.7,98.1,366845.0,11,10,2.7259469258133544,4760.0,0.0,28.0,767.0,515.0,5.0,130.0,1529.0,1786.0,12.975507366871566,37.52100840336134
2023,대전광역시 중구,34.9,8.9,342.0,93.6,523.5,140.6,20.8,5.2,223256.0,10,9,4.031246640627799,7265.0,0.0,45.0,934.0,751.0,2.0,116.0,2211.0,3206.0,32.541118715734406,44.129387474191326
2023,부산광역시 강서구,3338.5,845.7,247.6,68.9,704.4,189.8,3266.8,827.3,142396.0,10,9,6.320402258490407,2233.0,0.0,14.0,355.0,167.0,3.0,80.0,577.0,1037.0,15.681620270232308,46.4397671294223
2023,부산광역시 금정구,243.8,61.8,341.5,91.8,391.6,105.4,103.5,25.7,215590.0,6,6,2.783060438795862,7870.0,0.0,23.0,741.0,673.0,3.0,116.0,2137.0,4177.0,36.504476088872394,53.07496823379923
2023,부산광역시 기장군,730.1,197.4,164.9,46.3,558.1,173.1,538.5,133.6,178729.0,12,12,6.714075499778995,6054.0,0.0,24.0,858.0,563.0,4.0,152.0,1653.0,2800.0,33.87251089638503,46.250412950115624
2023,부산광역시 남구,519.5,134.8,427.3,117.5,425.8,116.9,403.6,104.4,254185.0,6,6,2.360485473178984,6772.0,0.0,34.0,703.0,576.0,1.0,81.0,1967.0,3410.0,26.64201270728013,50.35440047253397
2023,부산광역시 동구,80.1,20.3,146.5,39.7,303.3,83.0,32.3,8.2,87792.0,3,3,3.417167851284855,5541.0,0.0,10.0,413.0,501.0,5.0,70.0,1501.0,3041.0,63.11509021323128,54.88179029056127
2023,부산광역시 동래구,98.6,25.4,433.1,117.3,458.9,126.6,9.7,2.5,270815.0,1,0,0.0,6782.0,0.0,22.0,756.0,614.0,3.0,92.0,1746.0,3549.0,25.042925982681904,52.329696254792104
2023,부산광역시 부산진구,238.9,63.4,613.0,168.9,835.2,232.1,25.3,6.2,359508.0,6,6,1.6689475616676126,12109.0,0.0,46.0,1197.0,1118.0,6.0,150.0,3392.0,6200.0,33.682143373721864,51.201585597489476
2023,부산광역시 북구,111.4,29.9,417.3,114.7,346.7,94.4,14.2,3.7,273596.0,5,4,1.4620096785040717,12451.0,0.0,32.0,1209.0,1258.0,6.0,149.0,4072.0,5725.0,45.508706267635496,45.98024255079913
2023,부산광역시 사상구,742.1,180.1,304.8,83.9,428.8,116.1,698.1,168.8,202932.0,6,6,2.956655431376028,8245.0,0.0,33.0,705.0,876.0,4.0,76.0,2918.0,3633.0,40.62937338615891,44.063068526379624
2023,부산광역시 사하구,1425.9,358.0,458.3,126.9,436.3,117.7,1311.1,326.7,297831.0,11,11,3.6933697298132167,13182.0,0.0,39.0,1487.0,1320.0,6.0,165.0,3943.0,6222.0,44.25999979854347,47.20072826581702
2023,부산광역시 서구,176.6,49.4,172.3,46.8,246.0,66.9,150.7,42.6,104089.0,4,4,3.842865240323185,5379.0,0.0,9.0,442.0,467.0,0.0,39.0,1377.0,3045.0,51.676930319246026,56.6090351366425
2023,부산광역시 수영구,13.7,3.5,299.7,83.0,330.7,90.5,6.2,1.6,174518.0,3,3,1.7190203875817969,5037.0,0.0,20.0,528.0,496.0,2.0,68.0,1297.0,2626.0,28.86235230749837,52.13420686916815
2023,부산광역시 연제구,64.7,18.0,332.2,91.2,404.1,110.8,12.0,2.9,205766.0,6,6,2.915933633350505,6079.0,0.0,29.0,702.0,577.0,2.0,69.0,1604.0,3096.0,29.543267595229533,50.92942918243132
2023,부산광역시 영도구,118.8,33.0,165.7,44.4,168.4,44.8,87.6,24.7,106548.0,11,10,9.385441303450088,7481.0,0.0,19.0,545.0,787.0,2.0,78.0,2381.0,3669.0,70.2124863911101,49.04424542173506
2023,부산광역시 중구,6.3,1.5,64.2,17.4,287.9,80.6,4.5,1.1,38619.0,1,1,2.589399000491986,2523.0,0.0,5.0,167.0,270.0,0.0,14.0,586.0,1481.0,65.33053678241279,58.699960364645264
2023,부산광역시 해운대구,157.3,37.3,704.7,194.0,924.8,263.8,85.8,19.8,380448.0,3,3,0.7885440322987636,12088.0,0.0,42.0,1291.0,1171.0,7.0,152.0,3446.0,5979.0,31.773067541424844,49.46227663798809
2023,서울특별시 강남구,279.8,62.6,1018.8,301.9,3437.7,937.9,11.5,2.9,544873.0,10,9,1.6517610525755542,7786.0,0.0,10.0,600.0,893.0,4.0,81.0,2890.0,3308.0,14.289568394836962,42.486514256357566
2023,서울특별시 강동구,161.3,42.0,690.4,197.6,780.8,212.0,19.7,4.9,459167.0,7,6,1.3067141149080836,9399.0,0.0,35.0,973.0,1044.0,2.0,127.0,2716.0,4502.0,20.46967661003513,47.898712629003086
2023,서울특별시 강북구,52.1,13.3,421.8,117.3,424.5,114.1,31.5,7.9,288113.0,8,8,2.7766883132659754,12652.0,0.0,41.0,1186.0,1394.0,10.0,153.0,3726.0,6142.0,43.913325674301404,48.54568447676257
2023,서울특별시 강서구,339.1,85.8,867.1,245.8,1548.5,420.3,47.1,12.8,563058.0,12,11,1.9536175669291616,17926.0,0.0,32.0,1483.0,2053.0,5.0,189.0,7001.0,7163.0,31.836862277065592,39.958719178846366
2023,서울특별시 관악구,36.9,9.4,698.8,200.2,776.8,211.9,19.1,4.8,481956.0,12,12,2.4898538455792645,11470.0,0.0,53.0,932.0,1314.0,2.0,131.0,3302.0,5736.0,23.798853007328468,50.008718395815166
2023,서울특별시 광진구,356.6,97.2,515.6,150.5,642.3,178.5,28.2,7.1,335554.0,4,4,1.192058506231486,5892.0,0.0,30.0,747.0,581.0,1.0,85.0,1563.0,2885.0,17.55902179678979,48.96469789545146
2023,서울특별시 구로구,326.0,82.7,637.2,179.8,909.7,252.8,88.6,22.4,392405.0,10,10,2.5483875078044367,7735.0,0.0,23.0,865.0,804.0,4.0,116.0,2242.0,3681.0,19.711777372867317,47.58888170652876
2023,서울특별시 금천구,212.1,55.8,359.4,102.1,1106.2,305.2,200.4,52.7,227481.0,3,3,1.3187914595065082,6765.0,0.0,24.0,683.0,815.0,1.0,68.0,1995.0,3179.0,29.738747411871763,46.99186991869919
2023,서울특별시 노원구,71.3,19.4,699.4,195.1,629.0,169.7,31.2,8.5,498213.0,9,9,1.8064562747258703,17779.0,0.0,35.0,1555.0,1716.0,4.0,176.0,6875.0,7418.0,35.68554012039028,41.72338151752067
2023,서울특별시 도봉구,54.0,14.1,445.5,124.8,355.1,95.1,40.7,10.6,306948.0,16,16,5.212609301901299,8470.0,0.0,36.0,1085.0,862.0,3.0,131.0,2279.0,4074.0,27.594250491940002,48.09917355371901
2023,서울특별시 동대문구,163.5,43.1,569.1,160.1,644.4,173.6,68.7,17.9,341149.0,9,8,2.3450164004584506,8484.0,0.0,30.0,694.0,929.0,7.0,78.0,2266.0,4480.0,24.86889892686187,52.8052805280528
2023,서울특별시 동작구,55.5,14.9,566.9,160.9,574.7,158.9,11.5,3.3,378769.0,5,5,1.3200657920790773,6438.0,0.0,23.0,504.0,656.0,1.0,52.0,1898.0,3304.0,16.9971671388102,51.32028580304442
2023,서울특별시 마포구,169.7,53.5,637.4,185.0,1389.7,374.5,18.9,5.0,363697.0,6,1,0.2749541513952548,5858.0,0.0,12.0,532.0,647.0,1.0,47.0,1781.0,2838.0,16.106814188734027,48.44656879481051
2023,서울특별시 서대문구,32.7,8.5,488.1,140.5,594.7,164.9,14.3,3.8,306231.0,4,4,1.3062034869102084,6197.0,0.0,30.0,568.0,597.0,1.0,79.0,1637.0,3285.0,20.236357520956403,53.00952073583992
2023,서울특별시 서초구,430.4,115.4,748.8,220.5,2060.0,558.5,7.3,1.8,407664.0,1,1,0.2453000510224106,3643.0,0.0,16.0,355.0,398.0,2.0,68.0,1072.0,1732.0,8.93628085874642,47.543233598682406
2023,서울특별시 성동구,885.1,233.3,468.1,131.6,796.7,216.5,203.2,52.8,277361.0,5,5,1.802704778249285,5617.0,0.0,13.0,435.0,555.0,0.0,40.0,1632.0,2942.0,20.25158547885247,52.37671354815738
2023,서울특별시 성북구,101.3,27.4,654.1,181.0,551.5,147.8,43.1,11.1,425602.0,3,3,0.7048839056207443,8818.0,0.0,29.0,952.0,936.0,3.0,121.0,2380.0,4397.0,20.71888759921241,49.863914719891135
2023,서울특별시 송파구,214.5,57.1,1018.7,291.1,1613.2,451.6,34.7,9.4,654166.0,18,16,2.4458623652100537,8647.0,0.0,32.0,1072.0,823.0,4.0,161.0,2354.0,4201.0,13.218357419982084,48.58332369607957
2023,서울특별시 양천구,46.0,11.9,670.1,188.2,991.0,260.3,15.6,3.8,436028.0,1,1,0.2293430697111194,9426.0,0.0,31.0,943.0,875.0,5.0,138.0,2818.0,4616.0,21.61787775097012,48.97093146615744
2023,서울특별시 영등포구,219.2,57.7,669.1,192.3,1810.0,504.4,96.2,25.1,374794.0,16,14,3.73538530499421,6240.0,0.0,13.0,400.0,639.0,1.0,41.0,1688.0,3458.0,16.649145930831335,55.41666666666667
2023,서울특별시 용산구,104.3,27.6,442.5,129.7,958.9,265.3,15.6,4.0,213151.0,4,4,1.8766039099042464,3773.0,0.0,11.0,284.0,437.0,0.0,43.0,928.0,2070.0,17.701066380171802,54.863503843095685
2023,서울특별시 은평구,196.7,52.7,703.9,198.2,558.2,149.6,12.5,3.2,466770.0,20,18,3.856288964586413,12084.0,0.0,17.0,1311.0,1227.0,6.0,182.0,3239.0,6102.0,25.888553248923454,50.49652432969215
2023,서울특별시 종로구,72.4,18.5,274.9,78.3,1247.7,344.1,65.7,16.8,139417.0,2,2,1.4345452850082845,2915.0,0.0,11.0,176.0,297.0,0.0,18.0,793.0,1620.0,20.90849752899575,55.57461406518011
2023,서울특별시 중구,215.1,55.3,226.5,66.1,1802.9,507.8,194.5,49.8,121312.0,5,5,4.121603798470061,3495.0,0.0,7.0,206.0,330.0,0.0,34.0,962.0,1956.0,28.810010551305723,55.9656652360515
2023,서울특별시 중랑구,68.7,17.4,566.6,160.0,493.3,132.4,52.7,13.4,382155.0,11,10,2.61673928118172,13230.0,0.0,46.0,1425.0,1389.0,10.0,189.0,3929.0,6242.0,34.619460690034146,47.180650037792894
2023,세종특별자치시 세종시,2057.2,524.2,672.8,178.3,919.1,248.5,1820.1,464.3,386525.0,27,27,6.985317896643166,,,,,,,,,,,
2023,울산광역시 남구,14164.9,3550.8,492.6,135.7,784.4,215.5,13232.8,3319.0,307232.0,19,19,6.18425164045412,5491.0,0.0,41.0,682.0,546.0,2.0,74.0,1638.0,2508.0,17.872487240912402,45.674740484429066
2023,울산광역시 동구,1086.1,300.0,227.5,60.8,235.8,63.5,1052.9,291.0,152287.0,26,24,15.759716850420588,2933.0,0.0,44.0,435.0,285.0,2.0,70.0,906.0,1191.0,19.259687300951494,40.60688714626662
2023,울산광역시 북구,1789.8,489.9,333.7,91.0,359.5,98.4,1735.5,475.4,216477.0,4,4,1.847771356772313,3155.0,0.0,34.0,517.0,262.0,1.0,78.0,949.0,1314.0,14.574296576541618,41.64817749603804
2023,울산광역시 울주군,10377.1,2624.4,338.9,90.6,505.0,131.0,9992.1,2499.3,218997.0,16,16,7.306036155746426,3919.0,0.0,33.0,477.0,351.0,1.0,61.0,1205.0,1791.0,17.895222308981403,45.700433784128606
2023,울산광역시 중구,30.0,8.2,318.1,86.0,337.0,91.8,10.8,2.9,208668.0,3,3,1.4376904939904538,5116.0,0.0,30.0,514.0,462.0,0.0,73.0,1358.0,2679.0,24.51741522418387,52.36512900703675
2023,인천광역시 강화군,112.2,26.9,94.6,23.5,214.6,50.0,93.8,22.2,69005.0,11,11,15.940873849721036,2103.0,0.0,16.0,155.0,148.0,0.0,25.0,704.0,1055.0,30.47605245996667,50.16642891107941
2023,인천광역시 계양구,389.0,100.4,423.7,118.1,465.2,124.6,269.9,69.2,280266.0,13,13,4.638450614773109,8491.0,0.0,40.0,1275.0,742.0,3.0,204.0,2444.0,3783.0,30.29621859233728,44.553056177128724
2023,인천광역시 남동구,2043.4,505.0,812.8,225.1,993.1,268.8,1913.3,471.2,492415.0,17,16,3.249291755937573,17416.0,0.0,61.0,2569.0,1809.0,27.0,403.0,5236.0,7311.0,35.36854076338048,41.97864033073036
2023,인천광역시 동구,3187.7,794.5,93.4,26.0,109.7,27.6,3148.8,785.0,59482.0,1,1,1.6811808614370731,2181.0,0.0,10.0,200.0,183.0,0.0,29.0,707.0,1052.0,36.66655458794257,48.234754699679044
2023,인천광역시 미추홀구,407.3,101.0,672.4,187.4,684.1,180.2,316.4,77.6,405995.0,15,14,3.448318329043461,13438.0,0.0,68.0,2081.0,1336.0,15.0,333.0,3811.0,5794.0,33.09892978977574,43.11653519869028
2023,인천광역시 부평구,691.4,178.3,790.8,221.5,818.4,218.7,605.9,154.9,494138.0,15,15,3.035589248347628,15393.0,0.0,45.0,1905.0,1636.0,7.0,277.0,4921.0,6602.0,31.151216866543354,42.88962515429091
2023,인천광역시 서구,3674.0,919.6,1066.0,302.9,1350.4,356.7,3225.7,802.6,624358.0,22,22,3.523619461911275,12669.0,0.0,68.0,2318.0,1167.0,8.0,340.0,3741.0,5027.0,20.291243164979065,39.679532717657274
2023,인천광역시 연수구,1376.9,377.0,749.2,216.8,916.9,257.5,881.5,251.0,392416.0,7,7,1.783821250917394,6321.0,0.0,27.0,781.0,631.0,4.0,145.0,2209.0,2524.0,16.107905895784068,39.93039076095555
2023,인천광역시 옹진군,66.1,13.1,29.4,7.5,126.0,29.8,32.0,7.2,20377.0,2,2,9.814987485890956,68.0,0.0,0.0,3.0,4.0,0.0,1.0,27.0,33.0,3.337095745202925,48.529411764705884
2023,인천광역시 중구,1006.1,258.1,289.1,80.3,1337.0,363.7,858.9,220.1,158958.0,10,9,5.661872947571056,3877.0,0.0,16.0,432.0,316.0,7.0,104.0,1032.0,1970.0,24.39009046414776,50.81248387928811
2023,전라남도 강진군,68.2,15.6,46.6,12.1,74.8,18.5,34.4,8.3,32722.0,1,1,3.0560479188313674,1328.0,0.0,10.0,68.0,91.0,2.0,20.0,538.0,599.0,40.58431636208056,45.105421686746986
2023,전라남도 고흥군,83.3,21.1,92.6,23.9,120.4,30.1,45.7,11.0,61113.0,3,3,4.908939178243582,3031.0,0.0,17.0,132.0,216.0,0.0,34.0,1245.0,1387.0,49.59664883085431,45.76047509072913
2023,전라남도 곡성군,224.1,59.3,35.1,8.7,54.9,13.5,218.4,58.0,26905.0,3,1,3.716781267422412,1008.0,0.0,8.0,42.0,71.0,0.0,8.0,428.0,451.0,37.465155175617916,44.742063492063494
2023,전라남도 광양시,3845.0,917.2,236.1,66.0,312.2,82.7,3712.4,890.4,152666.0,40,37,24.235913693946262,2865.0,0.0,21.0,546.0,196.0,2.0,65.0,983.0,1052.0,18.76645749544758,36.719022687609076
2023,전라남도 구례군,30.5,8.5,33.7,8.4,66.5,16.2,12.1,3.3,24314.0,8,7,28.789997532285923,979.0,0.0,4.0,51.0,66.0,0.0,5.0,387.0,466.0,40.26486797729703,47.59959141981614
2023,전라남도 나주시,506.6,135.5,192.7,53.8,331.6,89.2,460.6,123.2,117377.0,5,5,4.259778321136168,3305.0,0.0,13.0,389.0,244.0,3.0,47.0,1195.0,1414.0,28.15713470271007,42.783661119515884
2023,전라남도 담양군,211.9,53.4,55.8,14.3,126.0,32.1,194.1,48.7,45373.0,4,4,8.81581557313821,1313.0,0.0,12.0,94.0,79.0,0.0,14.0,484.0,630.0,28.937914618826174,47.98172124904798
2023,전라남도 목포시,132.4,29.7,361.2,98.4,528.1,137.4,85.9,17.3,214156.0,12,11,5.136442593249781,8922.0,0.0,39.0,1458.0,726.0,12.0,186.0,2798.0,3703.0,41.66121892452231,41.50414705223044
2023,전라남도 무안군,105.7,26.2,145.3,41.5,220.2,56.3,58.2,14.4,90296.0,9,9,9.967218924426332,1655.0,0.0,8.0,189.0,102.0,0.0,33.0,663.0,660.0,18.328608133250643,39.87915407854985
2023,전라남도 보성군,52.3,12.4,54.3,13.8,86.2,20.7,42.1,9.9,37686.0,3,3,7.960515841426525,1575.0,0.0,18.0,80.0,100.0,1.0,13.0,669.0,694.0,41.79270816748926,44.06349206349206
2023,전라남도 순천시,1077.1,277.6,443.6,120.0,585.9,156.6,912.2,236.1,278137.0,32,32,11.505121576776911,5940.0,0.0,68.0,705.0,447.0,4.0,116.0,2201.0,2399.0,21.356381926892144,40.38720538720539
2023,전라남도 신안군,33.1,8.9,41.0,10.2,88.7,21.5,21.4,5.8,38037.0,15,15,39.43528669453427,1261.0,0.0,20.0,38.0,71.0,0.0,21.0,475.0,636.0,33.15193101453848,50.43616177636796
2023,전라남도 여수시,13550.5,3453.7,435.5,120.0,713.3,187.4,13044.5,3326.6,271696.0,42,39,14.35427831105353,7115.0,0.0,42.0,802.0,570.0,1.0,82.0,2701.0,2917.0,26.18735645721689,40.997891777933944
2023,전라남도 영광군,341.7,78.3,72.5,18.6,113.2,27.4,87.2,21.1,51750.0,3,3,5.797101449275362,1739.0,0.0,9.0,127.0,134.0,4.0,24.0,765.0,676.0,33.60386473429951,38.87291546866015
2023,전라남도 영암군,806.0,210.4,83.8,22.2,136.7,34.5,785.8,205.1,52350.0,8,6,11.461318051575931,1229.0,0.0,20.0,111.0,96.0,0.0,18.0,520.0,464.0,23.47659980897803,37.75427176566314
2023,전라남도 완도군,49.2,13.6,67.6,17.4,110.7,27.6,28.3,7.8,46641.0,1,1,2.144036362856714,2039.0,0.0,8.0,95.0,121.0,0.0,16.0,801.0,998.0,43.7169014386484,48.945561549779306
2023,전라남도 장성군,299.3,73.2,55.1,14.2,119.6,30.7,268.8,65.5,42543.0,3,3,7.051688879486638,1284.0,0.0,4.0,79.0,95.0,0.0,18.0,520.0,568.0,30.18122840420281,44.23676012461059
2023,전라남도 장흥군,73.2,19.3,49.9,12.8,79.8,20.0,47.2,12.7,35046.0,1,1,2.8533926839011583,1647.0,0.0,11.0,93.0,115.0,1.0,21.0,694.0,712.0,46.99537750385208,43.2301153612629
2023,전라남도 진도군,21.0,5.2,43.5,11.1,72.1,18.8,12.6,3.0,28979.0,4,4,13.80309879567963,1340.0,0.0,23.0,72.0,69.0,0.0,20.0,544.0,612.0,46.24038096552676,45.67164179104478
2023,전라남도 함평군,102.7,24.4,39.0,10.0,63.2,15.6,90.2,21.1,30601.0,15,13,42.48227182118232,1213.0,0.0,15.0,51.0,70.0,1.0,8.0,568.0,500.0,39.63922747622627,41.22011541632317
2023,전라남도 해남군,93.7,26.0,92.5,23.9,147.7,36.8,72.3,20.6,64575.0,10,8,12.388695315524584,2528.0,0.0,35.0,139.0,175.0,0.0,18.0,968.0,1193.0,39.14827719705769,47.19145569620253
2023,전라남도 화순군,128.1,33.1,86.8,22.8,166.4,43.7,113.5,29.3,61254.0,0,0,0.0,1804.0,0.0,12.0,164.0,144.0,1.0,24.0,716.0,743.0,29.45113788487282,41.186252771618626
2023,전북특별자치도 고창군,114.1,30.3,73.4,18.7,121.2,30.1,87.5,23.2,51750.0,1,1,1.932367149758454,2236.0,0.0,29.0,125.0,150.0,0.0,28.0,911.0,993.0,43.207729468599034,44.409660107334524
2023,전북특별자치도 군산시,4636.7,1112.6,422.0,112.6,670.9,173.6,4505.0,1081.3,259980.0,30,26,10.00076928994538,9719.0,0.0,20.0,1074.0,809.0,7.0,163.0,3369.0,4277.0,37.383644895761215,44.00658503961313
2023,전북특별자치도 김제시,546.4,137.9,107.8,28.2,188.1,47.7,521.0,131.6,81430.0,15,14,17.192680830160874,4725.0,0.0,25.0,336.0,412.0,2.0,64.0,1850.0,2036.0,58.025297801792945,43.08994708994709
2023,전북특별자치도 남원시,187.4,46.5,111.4,28.8,177.9,43.7,148.2,37.0,76781.0,10,10,13.024055430379912,3496.0,0.0,19.0,304.0,275.0,1.0,66.0,1342.0,1489.0,45.53209778460817,42.59153318077803
2023,전북특별자치도 무주군,33.1,8.2,32.7,8.1,92.1,19.0,24.4,6.2,23251.0,11,10,43.00890284288848,776.0,0.0,11.0,43.0,54.0,0.0,12.0,324.0,332.0,33.374908606081455,42.78350515463917
2023,전북특별자치도 부안군,123.8,33.6,67.7,17.7,148.2,37.9,93.7,25.9,49187.0,16,16,32.52892024315368,2168.0,0.0,29.0,120.0,179.0,0.0,19.0,836.0,985.0,44.07668692947323,45.433579335793354
2023,전북특별자치도 순창군,87.0,22.4,35.7,9.2,53.3,13.2,78.7,20.3,26764.0,3,2,7.472724555372888,1038.0,0.0,12.0,76.0,70.0,0.0,17.0,421.0,442.0,38.78344044238529,42.58188824662813
2023,전북특별자치도 완주군,1156.7,306.0,144.3,38.9,270.4,71.5,1060.4,280.7,97827.0,12,12,12.26655217884633,3033.0,0.0,34.0,363.0,258.0,1.0,78.0,1168.0,1131.0,31.003710632034103,37.28981206726014
2023,전북특별자치도 익산시,1759.5,451.2,413.7,111.7,560.0,145.5,1615.4,415.0,270036.0,28,27,9.998666844420743,10876.0,0.0,28.0,1641.0,1056.0,4.0,187.0,3706.0,4254.0,40.27611133330371,39.11364472232439
2023,전북특별자치도 임실군,100.2,25.0,31.2,7.6,64.3,15.7,88.8,22.1,25956.0,8,8,30.821390044691015,1235.0,0.0,15.0,73.0,76.0,1.0,16.0,496.0,558.0,47.58052088149176,45.18218623481781
2023,전북특별자치도 장수군,37.6,9.0,26.2,6.3,43.0,9.7,20.7,5.0,20983.0,4,4,19.063051041319163,718.0,0.0,6.0,48.0,54.0,0.0,8.0,307.0,295.0,34.2181766191679,41.08635097493036
2023,전북특별자치도 전주시,1754.0,449.0,1057.3,287.2,1430.4,383.8,1584.1,406.2,642727.0,47,44,6.845830344765351,18155.0,0.0,125.0,3143.0,1664.0,14.0,444.0,5821.0,6944.0,28.246829524821578,38.248416414210965
2023,전북특별자치도 정읍시,956.2,248.6,153.9,40.3,219.8,55.7,861.2,225.5,103620.0,14,14,13.510905230650454,4706.0,0.0,33.0,440.0,387.0,1.0,68.0,1823.0,1954.0,45.415942868172166,41.52146196345091
2023,전북특별자치도 진안군,38.0,9.5,30.8,7.5,51.7,11.8,23.4,5.8,24465.0,8,7,28.61230329041488,825.0,0.0,11.0,47.0,55.0,0.0,11.0,371.0,330.0,33.72164316370325,40.0
2023,제주특별자치도 서귀포시,193.1,50.1,295.1,84.4,851.2,235.7,61.8,15.0,183598.0,36,31,16.884715519776904,4369.0,0.0,50.0,634.0,421.0,4.0,101.0,1385.0,1774.0,23.796555518033966,40.604257267109176
2023,제주특별자치도 제주시,494.7,130.0,768.1,217.0,1664.1,456.2,232.7,62.4,491654.0,62,55,11.186728878438904,10929.0,0.0,87.0,2007.0,1019.0,12.0,322.0,3263.0,4219.0,22.229047256810684,38.6037148869979
2023,충청남도 계룡시,57.5,14.9,74.3,21.3,143.5,39.2,31.5,8.6,46667.0,6,6,12.857051021064136,641.0,0.0,6.0,87.0,39.0,0.0,19.0,209.0,281.0,13.735616174170184,43.8377535101404
2023,충청남도 공주시,478.3,126.0,153.8,40.4,296.3,72.8,411.3,109.1,102104.0,12,11,10.77332915458748,2840.0,0.0,23.0,290.0,265.0,0.0,41.0,1017.0,1204.0,27.814777090025856,42.394366197183096
2023,충청남도 금산군,666.5,168.9,70.0,17.8,120.3,28.9,649.6,164.9,50093.0,2,2,3.9925738127083625,1583.0,0.0,7.0,112.0,115.0,2.0,22.0,581.0,744.0,31.60122172758669,46.999368288060644
2023,충청남도 논산시,608.3,153.4,167.5,44.3,294.9,74.8,528.9,134.1,110423.0,12,12,10.86730119630874,4076.0,0.0,9.0,416.0,332.0,3.0,58.0,1582.0,1676.0,36.91259973012868,41.118743866535816
2023,충청남도 당진시,6004.2,1433.0,298.4,82.5,399.0,101.7,5819.8,1391.6,170302.0,20,19,11.15665112564738,2869.0,0.0,29.0,330.0,201.0,1.0,40.0,969.0,1299.0,16.84654319972754,45.27710003485535
2023,충청남도 보령시,718.7,182.3,152.4,41.2,301.2,78.4,463.4,116.8,95772.0,6,6,6.264879087833605,3621.0,0.0,14.0,341.0,300.0,2.0,41.0,1302.0,1621.0,37.8085452950758,44.76663904998619
2023,충청남도 부여군,147.6,38.3,89.2,22.9,123.2,31.0,117.8,29.4,61046.0,18,18,29.48596140615274,2307.0,0.0,12.0,161.0,128.0,1.0,21.0,939.0,1045.0,37.79117386888576,45.296922410056354
2023,충청남도 서산시,8795.6,2200.6,300.0,81.5,473.3,121.3,8683.7,2172.1,176011.0,18,16,9.090340944600053,2871.0,0.0,42.0,303.0,242.0,1.0,43.0,1041.0,1199.0,16.31148053246672,41.7624521072797
2023,충청남도 서천군,684.1,174.3,73.6,19.0,125.4,31.6,615.3,160.8,49116.0,5,5,10.179982083231533,2028.0,0.0,13.0,105.0,131.0,1.0,16.0,796.0,966.0,41.2900073295871,47.633136094674555
2023,충청남도 아산시,11207.9,2903.3,582.3,160.3,755.2,196.5,10906.0,2826.9,345796.0,19,19,5.494569052273595,6750.0,0.0,43.0,920.0,619.0,2.0,112.0,2145.0,2909.0,19.520179527814086,43.096296296296295
2023,충청남도 예산군,803.1,198.3,125.3,33.3,204.1,50.7,757.3,187.7,78354.0,31,30,38.28777088597902,2206.0,0.0,31.0,151.0,167.0,0.0,28.0,866.0,963.0,28.154274191489904,43.65367180417044
2023,충청남도 천안시,5427.3,1431.5,1089.6,295.4,1645.2,434.7,5256.1,1387.7,655959.0,27,25,3.811213810619261,8902.0,0.0,129.0,1318.0,854.0,5.0,153.0,2811.0,3632.0,13.570970136853065,40.79982026510896
2023,충청남도 청양군,130.9,32.2,39.9,10.0,62.8,14.6,120.1,29.6,30168.0,7,4,13.259082471492974,829.0,0.0,19.0,69.0,63.0,2.0,5.0,326.0,345.0,27.479448422169185,41.61640530759952
2023,충청남도 태안군,391.1,86.5,86.4,22.2,239.5,60.3,20.6,5.3,60784.0,3,3,4.935509344564359,1810.0,0.0,14.0,165.0,143.0,0.0,22.0,620.0,846.0,29.7775730455383,46.74033149171271
2023,충청남도 홍성군,341.2,86.0,164.1,43.8,237.2,61.0,296.9,74.3,97524.0,19,15,15.380829334317708,2420.0,0.0,20.0,232.0,210.0,2.0,37.0,895.0,1024.0,24.814404659365902,42.31404958677686
2023,충청북도 괴산군,251.6,62.6,53.4,13.3,117.2,29.1,238.2,59.5,36590.0,6,6,16.39792292976223,1221.0,0.0,8.0,81.0,75.0,1.0,15.0,488.0,553.0,33.36977316206614,45.29074529074529
2023,충청북도 단양군,1721.5,414.6,38.9,9.8,87.0,20.2,1690.3,406.9,27701.0,3,3,10.829933937402982,997.0,0.0,14.0,55.0,69.0,0.0,10.0,370.0,479.0,35.991480451969245,48.044132397191575
2023,충청북도 보은군,171.9,41.9,45.5,11.4,80.7,18.4,156.6,38.2,31010.0,8,8,25.798129635601416,1329.0,0.0,9.0,89.0,73.0,0.0,9.0,510.0,639.0,42.857142857142854,48.081264108352144
2023,충청북도 영동군,161.8,39.9,64.3,16.1,93.9,22.9,136.4,33.7,44195.0,4,4,9.050797601538637,1497.0,0.0,20.0,101.0,94.0,1.0,23.0,570.0,688.0,33.87261002375835,45.958583834335336
2023,충청북도 옥천군,348.2,85.5,70.2,17.7,117.8,28.6,186.0,45.5,48891.0,5,5,10.22683111411098,1610.0,0.0,8.0,134.0,106.0,0.0,18.0,642.0,702.0,32.93039618743736,43.60248447204969
2023,충청북도 음성군,2592.8,661.9,157.5,41.5,338.3,83.8,2523.1,644.7,91183.0,22,19,20.837217463781627,2090.0,0.0,16.0,224.0,189.0,0.0,30.0,682.0,949.0,22.92093921015979,45.4066985645933
2023,충청북도 제천시,928.6,230.4,195.5,49.8,317.1,75.6,847.8,211.7,130194.0,18,18,13.825521913452231,4649.0,0.0,26.0,507.0,333.0,1.0,78.0,1651.0,2053.0,35.70825076424413,44.16003441600344
2023,충청북도 증평군,355.5,94.5,60.1,16.1,91.8,22.2,319.5,85.6,37484.0,3,3,8.003414790310533,1088.0,0.0,11.0,141.0,83.0,0.0,16.0,393.0,444.0,29.0257176395262,40.80882352941176
2023,충청북도 진천군,2353.4,623.4,146.4,39.5,311.3,79.8,2307.3,612.4,86254.0,20,16,18.549864354116917,1595.0,0.0,16.0,195.0,108.0,0.0,32.0,533.0,711.0,18.491896028010295,44.57680250783699
2023,충청북도 청주시,9820.9,2570.0,1389.6,382.7,2035.2,539.3,9301.8,2440.1,852189.0,53,51,5.984587925917842,17337.0,0.0,112.0,2695.0,1475.0,11.0,369.0,5632.0,7043.0,20.34407860228189,40.624098748341694
2023,충청북도 충주시,1595.3,405.1,339.8,90.3,561.0,140.7,1462.4,372.3,207778.0,9,9,4.331546169469338,5893.0,0.0,30.0,747.0,503.0,2.0,112.0,1969.0,2530.0,28.362001751869784,42.93229255048362
2024,강원특별자치도 강릉시,822.7,203.2,357.7,98.2,674.4,179.4,641.6,153.7,207731.0,27,27,12.99757859924614,7031.0,0.0,54.0,756.0,571.0,0.0,111.0,2229.0,3310.0,33.846657456036894,47.07722941260133
2024,강원특별자치도 고성군,60.9,15.6,43.3,11.1,184.2,48.4,37.0,9.6,26999.0,3,3,11.111522648987,971.0,0.0,6.0,72.0,77.0,0.0,6.0,333.0,477.0,35.964294973887924,49.12461380020597
2024,강원특별자치도 동해시,1284.4,313.6,147.7,39.7,242.7,62.9,1166.2,288.0,87675.0,12,12,13.686911890504703,3162.0,0.0,12.0,305.0,233.0,0.0,45.0,1069.0,1498.0,36.0650128314799,47.37507906388362
2024,강원특별자치도 삼척시,1134.6,278.4,102.1,26.4,183.4,47.7,748.6,176.2,61735.0,9,9,14.57844010690856,2044.0,0.0,22.0,167.0,156.0,0.0,26.0,717.0,956.0,33.109257309467885,46.771037181996086
2024,강원특별자치도 속초시,75.4,19.6,147.4,40.6,329.8,91.3,52.6,13.6,80933.0,8,8,9.884719459305844,2926.0,0.0,12.0,266.0,230.0,1.0,38.0,905.0,1474.0,36.15336142241113,50.37593984962406
2024,강원특별자치도 양구군,19.6,4.6,30.5,7.6,96.0,22.5,7.1,1.7,20621.0,3,3,14.548276029290529,602.0,0.0,10.0,36.0,53.0,0.0,5.0,216.0,282.0,29.193540565442994,46.84385382059801
2024,강원특별자치도 양양군,47.7,11.9,49.5,13.1,175.9,45.1,30.5,7.3,27489.0,6,6,21.826912583215105,949.0,0.0,11.0,49.0,92.0,0.0,11.0,302.0,484.0,34.522900069118556,51.00105374077977
2024,강원특별자치도 영월군,783.4,187.2,59.2,14.7,100.0,24.6,719.3,171.4,36721.0,1,1,2.723237384602816,986.0,0.0,19.0,82.0,71.0,0.0,11.0,337.0,466.0,26.851120612183763,47.26166328600406
2024,강원특별자치도 원주시,819.5,205.7,633.1,163.5,954.0,247.4,709.8,177.3,362164.0,10,8,2.208944014313957,9105.0,0.0,66.0,1209.0,798.0,7.0,161.0,2907.0,3957.0,25.140544062910728,43.45963756177924
2024,강원특별자치도 인제군,38.1,9.0,48.9,12.3,169.7,41.1,13.2,3.2,31535.0,6,5,15.855398763278895,717.0,0.0,11.0,48.0,49.0,0.0,14.0,215.0,380.0,22.736641826541938,52.998605299860536
2024,강원특별자치도 정선군,245.3,59.1,55.4,13.3,228.3,54.3,218.9,52.8,33515.0,5,5,14.91869312248247,915.0,0.0,13.0,56.0,60.0,0.0,11.0,295.0,480.0,27.301208414142923,52.459016393442624
2024,강원특별자치도 철원군,61.0,14.2,58.6,15.1,182.8,44.9,32.9,7.8,40497.0,10,7,17.285231004765784,1077.0,0.0,13.0,77.0,81.0,0.0,16.0,362.0,528.0,26.594562560189644,49.02506963788301
2024,강원특별자치도 춘천시,251.6,65.4,484.2,131.5,927.8,243.3,141.1,38.4,286069.0,27,25,8.739150344846871,8392.0,0.0,98.0,966.0,745.0,4.0,158.0,2602.0,3819.0,29.335579877581985,45.50762631077217
2024,강원특별자치도 태백시,80.1,17.9,61.3,14.2,109.2,24.7,22.5,4.7,37936.0,0,0,0.0,1186.0,0.0,23.0,104.0,87.0,0.0,17.0,418.0,537.0,31.263180092787856,45.27824620573356
2024,강원특별자치도 평창군,88.8,21.9,71.2,17.1,267.6,57.9,41.6,10.4,40396.0,6,5,12.377463115159916,790.0,0.0,9.0,41.0,52.0,1.0,9.0,273.0,405.0,19.556391721952668,51.26582278481012
2024,강원특별자치도 홍천군,123.0,32.9,108.0,27.9,293.7,77.0,90.3,24.6,66717.0,6,6,8.993210126354601,1522.0,0.0,23.0,80.0,124.0,0.0,18.0,523.0,754.0,22.812776353852843,49.54007884362681
2024,강원특별자치도 화천군,24.2,5.5,33.4,8.5,129.1,30.1,6.9,1.7,22922.0,1,1,4.362621062734491,782.0,0.0,8.0,59.0,46.0,0.0,5.0,252.0,412.0,34.11569671058372,52.685421994884905
2024,강원특별자치도 횡성군,277.6,73.2,73.9,18.7,147.3,35.9,235.7,62.8,46111.0,20,19,41.204918566068834,1054.0,0.0,25.0,51.0,85.0,0.0,21.0,382.0,490.0,22.857886404545553,46.48956356736243
2024,경기도 가평군,93.3,22.3,103.2,27.2,405.5,98.1,53.5,12.6,62527.0,8,6,9.595854590816767,1793.0,0.0,10.0,140.0,157.0,0.0,14.0,539.0,933.0,28.67561213555744,52.03569436698271
2024,경기도 고양시,777.2,195.0,1691.2,483.3,2386.5,633.3,323.6,76.9,1070120.0,18,17,1.5886068852091353,18570.0,0.0,61.0,2121.0,1734.0,7.0,351.0,5315.0,8981.0,17.35319403431391,48.36295099623048
2024,경기도 과천시,50.4,13.3,146.3,43.4,310.2,83.0,1.7,0.4,85512.0,3,3,3.5082795397137247,669.0,0.0,3.0,57.0,53.0,0.0,23.0,211.0,322.0,7.823463373561606,48.13153961136024
2024,경기도 광명시,267.4,72.0,387.2,107.9,458.5,121.7,224.7,60.8,278167.0,24,23,8.268414297885803,4808.0,0.0,18.0,543.0,448.0,0.0,76.0,1578.0,2145.0,17.28458084531954,44.61314475873544
2024,경기도 광주시,1098.7,264.6,668.6,180.6,911.3,229.4,922.1,218.3,397605.0,32,27,6.790659071188743,4546.0,0.0,32.0,753.0,377.0,6.0,141.0,1339.0,1898.0,11.433457828749638,41.75098988121426
2024,경기도 구리시,125.1,32.3,308.7,89.3,399.1,109.7,31.9,8.0,186882.0,6,5,2.6754850654423645,3823.0,0.0,11.0,456.0,387.0,3.0,59.0,1083.0,1824.0,20.45675881037232,47.711221553753596
2024,경기도 군포시,565.1,147.3,410.5,109.1,496.1,132.9,358.7,93.9,255931.0,6,6,2.3443818841797204,5192.0,0.0,26.0,620.0,487.0,4.0,86.0,1634.0,2335.0,20.28671790443518,44.973035439137135
2024,경기도 김포시,2150.4,501.4,871.0,228.9,1200.9,320.8,2030.6,471.7,486853.0,13,12,2.464809706420624,7378.0,0.0,42.0,893.0,674.0,6.0,167.0,2035.0,3561.0,15.154471678309468,48.26511249661154
2024,경기도 남양주시,948.6,234.2,1222.1,329.1,1303.9,338.5,507.6,121.1,732482.0,30,27,3.686097405806559,13171.0,0.0,64.0,1695.0,1251.0,9.0,259.0,3739.0,6154.0,17.98132923402896,46.72386303241971
2024,경기도 동두천시,215.7,51.9,143.0,40.2,246.9,63.8,151.8,36.6,86838.0,22,17,19.576683018954835,4014.0,0.0,17.0,541.0,331.0,0.0,84.0,1135.0,1906.0,46.224003316520424,47.48380667663179
2024,경기도 부천시,1618.3,420.6,1291.0,365.0,1468.2,399.1,1442.1,377.9,769918.0,38,33,4.2861707350652924,15816.0,0.0,76.0,1714.0,1580.0,4.0,197.0,5032.0,7213.0,20.54244737751293,45.60571573090541
2024,경기도 성남시,865.2,234.1,1574.2,446.6,3269.4,916.1,353.3,99.8,913009.0,39,34,3.723950147260323,16216.0,0.0,90.0,1731.0,1545.0,2.0,250.0,5088.0,7510.0,17.761051643521586,46.31228416378885
2024,경기도 수원시,686.5,189.1,2087.6,590.9,3441.8,948.6,540.5,149.7,1193005.0,40,34,2.8499461444000653,16007.0,0.0,103.0,1827.0,1439.0,8.0,218.0,4890.0,7522.0,13.417378803944661,46.99194102580121
2024,경기도 시흥시,2839.5,706.9,936.0,262.8,1146.0,308.4,2687.7,668.7,518132.0,29,28,5.404028317108382,8727.0,0.0,33.0,1378.0,775.0,9.0,214.0,2556.0,3762.0,16.84319825835887,43.10759711240976
2024,경기도 안산시,5436.4,1408.8,1084.1,305.3,1329.6,355.3,5160.3,1340.6,620579.0,30,27,4.350775646613887,15518.0,0.0,69.0,2659.0,1481.0,5.0,310.0,4702.0,6292.0,25.00568017931641,40.54646217296043
2024,경기도 안성시,2122.8,554.0,342.5,91.9,778.0,202.5,2049.2,534.3,193949.0,24,22,11.343188157711564,3436.0,0.0,18.0,403.0,308.0,6.0,70.0,1127.0,1504.0,17.715997504498606,43.77182770663563
2024,경기도 안양시,429.7,111.2,911.0,249.8,1785.1,483.2,302.6,78.6,556492.0,13,12,2.156365230767019,8137.0,0.0,38.0,887.0,718.0,2.0,123.0,2465.0,3904.0,14.621953235626028,47.978370406783824
2024,경기도 양주시,1062.1,247.5,499.2,138.5,660.4,169.3,958.7,222.0,289005.0,32,27,9.342398920433904,6769.0,0.0,46.0,1015.0,556.0,7.0,192.0,1917.0,3036.0,23.421740108302625,44.851529029398726
2024,경기도 양평군,126.3,31.1,209.8,52.5,338.2,80.8,27.6,6.6,126804.0,4,4,3.154474622251664,2802.0,0.0,21.0,268.0,215.0,0.0,52.0,826.0,1420.0,22.097094728872907,50.678087080656674
2024,경기도 여주시,542.9,133.8,186.4,49.4,430.7,110.2,462.6,111.4,114610.0,24,17,14.83291161329727,2982.0,0.0,27.0,332.0,233.0,2.0,50.0,994.0,1344.0,26.018672018148504,45.07042253521127
2024,경기도 연천군,215.0,52.0,64.1,16.8,180.3,44.3,140.8,33.7,40866.0,13,13,31.81128566534528,1460.0,0.0,5.0,93.0,126.0,0.0,22.0,476.0,738.0,35.72652082415701,50.54794520547945
2024,경기도 오산시,572.1,148.6,438.6,120.9,533.0,142.7,503.5,131.2,242065.0,6,6,2.478673083675872,3406.0,0.0,20.0,572.0,270.0,3.0,88.0,956.0,1497.0,14.070600871666702,43.951849677040514
2024,경기도 용인시,5460.6,1455.0,1834.5,494.9,3245.3,869.1,4416.9,1191.1,1085864.0,38,34,3.1311471786522067,10042.0,0.0,62.0,1219.0,753.0,4.0,260.0,3040.0,4704.0,9.247935284713371,46.84325831507668
2024,경기도 의왕시,146.9,37.3,256.5,69.0,479.1,127.6,113.5,28.8,154488.0,4,3,1.9418983998757184,2062.0,0.0,12.0,174.0,143.0,1.0,41.0,681.0,1010.0,13.34731500181244,48.981571290009704
2024,경기도 의정부시,225.2,56.0,771.4,209.8,817.8,217.8,48.8,12.2,461271.0,28,24,5.203015147277847,12210.0,0.0,50.0,1673.0,1116.0,9.0,212.0,3392.0,5758.0,26.470339561776047,47.158067158067155
2024,경기도 이천시,4360.8,1111.0,367.1,100.1,1011.2,265.6,4244.9,1081.5,222443.0,27,23,10.339727480747875,3290.0,0.0,26.0,446.0,294.0,0.0,56.0,1043.0,1425.0,14.790305831156745,43.31306990881459
2024,경기도 파주시,6594.8,1729.4,876.3,248.6,1351.2,344.4,6387.3,1676.1,511308.0,43,40,7.823073372605161,11505.0,0.0,57.0,1663.0,891.0,6.0,312.0,3149.0,5427.0,22.501114787955597,47.17079530638853
2024,경기도 평택시,18158.3,4792.7,1156.4,319.6,2068.6,558.8,17320.9,4584.6,598556.0,74,63,10.525330963184732,8968.0,0.0,38.0,1433.0,777.0,14.0,241.0,2683.0,3782.0,14.982725091720742,42.1721677074041
2024,경기도 포천시,1532.3,355.5,218.9,58.4,600.6,147.8,1409.0,325.5,141463.0,33,28,19.793161462714632,4271.0,0.0,24.0,470.0,436.0,1.0,51.0,1327.0,1962.0,30.191640216876497,45.937719503629125
2024,경기도 하남시,549.8,143.6,609.6,177.8,790.6,220.2,88.1,22.6,329120.0,13,13,3.949927078269324,4760.0,0.0,13.0,486.0,402.0,2.0,96.0,1449.0,2312.0,14.462809917355372,48.57142857142857
2024,경기도 화성시,15852.6,4115.0,1778.6,486.7,3113.7,838.5,15514.9,4025.7,968821.0,53,48,4.954475594562876,9477.0,0.0,65.0,1291.0,705.0,7.0,215.0,2857.0,4337.0,9.781992752015078,45.763427244908726
2024,경상남도 거제시,1204.1,340.3,414.7,111.7,500.0,135.3,1121.1,319.0,232972.0,79,68,29.188056933880468,4451.0,0.0,28.0,644.0,345.0,0.0,151.0,1281.0,2002.0,19.10530020775029,44.97865648168951
2024,경상남도 거창군,113.4,29.8,90.5,23.2,128.3,31.2,94.3,25.0,59588.0,1,0,0.0,2176.0,0.0,18.0,153.0,158.0,3.0,40.0,787.0,1017.0,36.51741961468752,46.737132352941174
2024,경상남도 고성군,355.1,93.0,74.4,18.9,118.9,29.8,170.4,42.5,48005.0,8,8,16.664930736381628,1885.0,0.0,11.0,99.0,128.0,2.0,39.0,674.0,932.0,39.266743047599206,49.44297082228117
2024,경상남도 김해시,3211.6,791.0,899.7,255.6,1128.0,313.4,2941.7,720.7,531676.0,53,48,9.028054679917844,11895.0,0.0,65.0,1569.0,1076.0,3.0,283.0,3661.0,5238.0,22.372648003671408,44.03530895334174
2024,경상남도 남해군,19.2,4.8,56.5,14.2,119.5,30.5,5.7,1.4,39832.0,0,0,0.0,1493.0,0.0,7.0,84.0,91.0,2.0,18.0,551.0,740.0,37.48242618999799,49.56463496316142
2024,경상남도 밀양시,638.7,162.6,162.9,44.2,239.2,62.4,567.3,143.9,100691.0,11,10,9.931374204248645,3700.0,0.0,11.0,231.0,285.0,0.0,47.0,1346.0,1780.0,36.746084555719975,48.10810810810811
2024,경상남도 사천시,896.1,228.1,177.5,47.7,280.5,73.1,830.1,210.8,108504.0,17,13,11.981125119811251,3426.0,0.0,24.0,304.0,262.0,0.0,50.0,1169.0,1617.0,31.57487281574873,47.19789842381786
2024,경상남도 산청군,96.4,26.0,45.3,11.3,79.5,19.6,80.9,22.0,33259.0,8,4,12.026819808172224,1221.0,0.0,13.0,67.0,66.0,1.0,9.0,467.0,598.0,36.71186746444571,48.976248976248975
2024,경상남도 양산시,2340.6,600.7,624.0,175.0,754.7,206.1,2013.7,514.6,359531.0,30,26,7.231643446601266,8837.0,0.0,41.0,977.0,696.0,4.0,198.0,2625.0,4296.0,24.57924351446746,48.613782958017424
2024,경상남도 의령군,186.8,47.1,36.5,9.2,57.0,13.7,174.4,43.9,25150.0,8,8,31.809145129224653,1097.0,0.0,4.0,56.0,51.0,0.0,7.0,408.0,571.0,43.618290258449306,52.05104831358249
2024,경상남도 진주시,865.3,216.6,590.6,162.0,787.7,211.1,758.9,188.7,338785.0,27,23,6.788966453650546,9071.0,0.0,27.0,994.0,717.0,6.0,133.0,2983.0,4211.0,26.77509334828874,46.42266563774666
2024,경상남도 창녕군,545.4,139.1,86.9,22.5,146.6,37.3,523.8,133.7,56085.0,8,7,12.481055540697158,2311.0,0.0,13.0,154.0,161.0,1.0,33.0,835.0,1114.0,41.20531336364447,48.20424058848983
2024,경상남도 창원시,6110.9,1559.3,1690.7,480.0,2288.7,626.3,5811.8,1480.3,999858.0,67,60,6.000852121001183,22511.0,0.0,82.0,2061.0,1994.0,7.0,395.0,6966.0,11006.0,22.51419701597627,48.891652969659276
2024,경상남도 통영시,398.7,103.3,200.0,53.0,357.1,94.6,188.0,52.6,118481.0,19,17,14.348292131227792,4629.0,0.0,27.0,506.0,429.0,0.0,91.0,1414.0,2162.0,39.06955545614909,46.705551955065886
2024,경상남도 하동군,198.7,50.5,57.0,14.3,94.8,23.3,36.2,9.0,40765.0,18,16,39.24935606525206,1703.0,0.0,9.0,116.0,112.0,0.0,29.0,660.0,777.0,41.77603336195265,45.625366999412805
2024,경상남도 함안군,2527.4,602.0,92.2,24.6,147.9,39.1,2424.5,575.8,58842.0,4,4,6.797865470242344,1975.0,0.0,12.0,171.0,131.0,0.0,33.0,765.0,863.0,33.56446075932158,43.69620253164557
2024,경상남도 함양군,52.4,13.4,53.0,13.3,82.2,20.6,37.2,9.1,36131.0,6,4,11.070825606819628,1560.0,0.0,8.0,97.0,86.0,0.0,24.0,553.0,792.0,43.176219866596554,50.76923076923077
2024,경상남도 합천군,68.6,16.6,57.8,14.3,102.7,24.6,48.6,11.5,40225.0,13,9,22.37414543194531,1634.0,0.0,3.0,54.0,119.0,1.0,20.0,668.0,769.0,40.62150403977626,47.06242350061199
2024,경상북도 경산시,1563.3,394.5,464.0,127.1,539.5,146.7,1486.2,373.8,266398.0,5,5,1.8768909676499077,6313.0,0.0,46.0,719.0,582.0,6.0,169.0,2021.0,2770.0,23.697625357547732,43.87771265642325
2024,경상북도 경주시,2683.5,618.7,436.0,122.1,784.1,212.7,2001.5,477.5,244769.0,24,23,9.39661476739293,6802.0,0.0,33.0,550.0,550.0,2.0,96.0,2165.0,3406.0,27.789466803394223,50.07350779182593
2024,경상북도 고령군,959.1,234.3,42.4,11.2,77.2,19.5,932.4,227.5,30062.0,4,2,6.652917304237907,1069.0,0.0,2.0,69.0,82.0,0.0,17.0,398.0,501.0,35.55984299115162,46.86623012160898
2024,경상북도 구미시,7581.0,2045.6,672.3,188.0,797.0,213.7,7195.1,1946.3,404820.0,59,49,12.10414505212193,6633.0,0.0,35.0,1143.0,643.0,9.0,188.0,2156.0,2459.0,16.385060026678524,37.07221468415498
2024,경상북도 김천시,1684.6,431.1,214.2,57.0,323.7,85.9,1507.1,387.4,135446.0,24,24,17.719238663378764,3960.0,0.0,24.0,378.0,327.0,3.0,66.0,1461.0,1701.0,29.23674379457496,42.95454545454545
2024,경상북도 문경시,202.5,49.1,99.6,25.3,170.6,41.8,171.2,41.3,67257.0,8,8,11.894672673476368,1766.0,0.0,7.0,100.0,146.0,0.0,16.0,716.0,781.0,26.25748992669908,44.2242355605889
2024,경상북도 봉화군,1246.9,280.4,38.7,9.4,60.1,13.8,1228.4,275.6,28836.0,6,4,13.871549452073795,822.0,0.0,3.0,30.0,55.0,0.0,5.0,344.0,385.0,28.506034124011652,46.83698296836983
2024,경상북도 상주시,172.0,46.4,138.1,35.4,191.0,47.9,137.4,37.6,91850.0,8,8,8.709853021230266,2854.0,0.0,21.0,166.0,223.0,1.0,35.0,1105.0,1303.0,31.072400653238976,45.6552207428171
2024,경상북도 성주군,760.9,186.3,54.8,14.2,100.6,25.2,744.4,182.1,41452.0,4,3,7.237286500048249,1325.0,0.0,9.0,85.0,99.0,0.0,22.0,484.0,626.0,31.964682041879765,47.24528301886792
2024,경상북도 안동시,302.7,75.8,249.0,66.4,411.6,104.9,200.1,52.1,153159.0,20,17,11.099576257353467,5716.0,0.0,23.0,440.0,418.0,0.0,82.0,2035.0,2718.0,37.32069287472496,47.55073477956613
2024,경상북도 영덕군,46.3,11.2,48.3,12.5,134.4,34.4,26.5,6.2,33210.0,1,0,0.0,1906.0,0.0,12.0,106.0,140.0,0.0,19.0,662.0,967.0,57.392351701294785,50.73452256033578
2024,경상북도 영양군,12.7,3.1,22.0,5.3,32.7,7.3,3.7,0.8,15328.0,2,1,6.524008350730688,673.0,0.0,9.0,35.0,48.0,0.0,7.0,258.0,316.0,43.90657620041754,46.95393759286775
2024,경상북도 영주시,1159.6,294.5,151.7,40.3,222.5,55.3,1124.3,286.1,98870.0,7,5,5.057145746940427,3440.0,0.0,9.0,352.0,217.0,0.0,60.0,1200.0,1602.0,34.79316273895014,46.56976744186046
2024,경상북도 영천시,939.8,226.6,144.4,38.3,221.3,57.3,895.9,215.4,98143.0,1,1,1.0189213698378896,3670.0,0.0,15.0,266.0,308.0,5.0,62.0,1201.0,1813.0,37.39441427305055,49.40054495912807
2024,경상북도 예천군,50.5,12.4,91.7,25.1,113.5,28.5,34.1,8.4,54609.0,11,10,18.311999853504,1375.0,0.0,4.0,114.0,65.0,0.0,19.0,549.0,624.0,25.178999798568,45.38181818181818
2024,경상북도 울릉군,8.5,2.2,10.2,2.7,47.4,12.0,2.9,0.8,9099.0,4,4,43.96087482140894,200.0,0.0,0.0,16.0,13.0,0.0,3.0,63.0,105.0,21.98043741070447,52.5
2024,경상북도 울진군,312.5,69.3,83.5,21.4,161.7,40.5,24.3,6.0,46124.0,11,10,21.680686844159226,2046.0,0.0,11.0,96.0,160.0,0.0,7.0,718.0,1054.0,44.35868528314977,51.515151515151516
2024,경상북도 의성군,76.8,17.9,66.6,16.7,90.7,21.6,60.2,13.7,48690.0,6,5,10.26904908605463,2064.0,0.0,13.0,87.0,117.0,0.0,18.0,834.0,995.0,42.39063462723352,48.207364341085274
2024,경상북도 청도군,83.4,20.5,56.5,14.0,108.1,26.7,69.4,16.8,40582.0,5,4,9.856586664038243,1392.0,0.0,9.0,77.0,93.0,0.0,16.0,548.0,649.0,34.300921590853086,46.62356321839081
2024,경상북도 청송군,20.1,4.7,34.7,8.6,67.9,15.9,8.4,1.8,23716.0,5,5,21.082813290605497,973.0,0.0,14.0,41.0,69.0,1.0,6.0,391.0,451.0,41.027154663518296,46.35149023638232
2024,경상북도 칠곡군,1237.7,304.4,174.9,48.4,346.0,92.3,1138.9,279.4,107383.0,6,6,5.587476602441727,2692.0,0.0,21.0,407.0,253.0,1.0,67.0,864.0,1079.0,25.069145022955215,40.08172362555721
2024,경상북도 포항시,8000.5,1842.3,836.4,241.5,1180.7,320.0,7834.2,1799.8,491581.0,69,65,13.222642860484845,15294.0,0.0,71.0,1545.0,1444.0,6.0,252.0,4588.0,7388.0,31.111861524346953,48.306525434811036
2024,광주광역시 광산구,1977.5,510.6,688.8,185.7,902.1,246.3,1873.8,483.4,391611.0,22,20,5.107108840150047,9321.0,0.0,62.0,1989.0,830.0,13.0,376.0,2924.0,3127.0,23.801680749519292,33.54790258555949
2024,광주광역시 남구,50.3,12.9,357.0,97.9,330.2,90.9,11.1,2.6,207597.0,4,4,1.926810117679928,6256.0,0.0,37.0,969.0,499.0,4.0,160.0,1861.0,2726.0,30.135310240514073,43.574168797953966
2024,광주광역시 동구,36.2,9.3,200.7,56.5,376.2,102.8,6.9,1.7,106203.0,6,6,5.649557922092597,2798.0,0.0,21.0,264.0,256.0,3.0,62.0,766.0,1426.0,26.34577177669181,50.964974982130094
2024,광주광역시 북구,741.3,203.1,725.1,205.2,794.3,216.3,672.7,184.4,423961.0,20,16,3.773932036201443,14244.0,0.0,50.0,2038.0,1309.0,14.0,360.0,4404.0,6069.0,33.59742995228335,42.60741364785173
2024,광주광역시 서구,309.8,84.7,493.9,132.0,817.0,220.4,205.4,57.6,279050.0,18,15,5.375380756136893,8180.0,0.0,38.0,1291.0,781.0,7.0,193.0,2623.0,3247.0,29.313743056799858,39.69437652811736
2024,대구광역시 군위군,132.6,32.4,28.6,7.1,69.9,17.4,120.2,29.2,22463.0,3,3,13.355295374616036,,,,,,,,,,,
2024,대구광역시 남구,11.2,2.9,240.8,68.9,331.3,91.1,5.7,1.5,136263.0,5,5,3.669374665169562,7586.0,0.0,17.0,851.0,713.0,5.0,111.0,2015.0,3874.0,55.67175241995259,51.06775639335618
2024,대구광역시 달서구,1945.5,498.4,909.6,253.3,943.5,262.0,1703.3,429.0,522021.0,9,9,1.724068571954002,17111.0,0.0,59.0,1948.0,1841.0,11.0,316.0,5849.0,7087.0,32.77837481633881,41.4178014142949
2024,대구광역시 달성군,3182.4,811.7,421.3,117.7,511.9,139.7,2995.7,764.1,257580.0,6,6,2.3293733985557883,6047.0,0.0,45.0,974.0,501.0,4.0,265.0,1742.0,2516.0,23.476201568444754,41.607408632379695
2024,대구광역시 동구,129.4,33.3,601.5,168.7,834.2,231.6,83.9,21.7,342339.0,7,6,1.7526486903332663,12043.0,0.0,24.0,1124.0,1244.0,9.0,185.0,3681.0,5776.0,35.1785802961392,47.96147139417089
2024,대구광역시 북구,665.2,165.7,693.5,195.0,847.5,234.9,557.7,137.3,413010.0,8,6,1.4527493281034358,11328.0,0.0,27.0,1648.0,1018.0,9.0,183.0,3520.0,4923.0,27.42790731459287,43.458686440677965
2024,대구광역시 서구,348.3,92.1,273.0,75.7,314.9,84.9,202.4,49.9,163135.0,7,6,3.6779354522328136,7824.0,0.0,17.0,806.0,756.0,6.0,128.0,2196.0,3915.0,47.960278297115885,50.03834355828221
2024,대구광역시 수성구,217.8,56.4,729.2,205.8,780.0,213.8,12.7,3.3,409107.0,11,10,2.4443483000779747,10367.0,0.0,17.0,1258.0,1051.0,4.0,144.0,3186.0,4707.0,25.340558826908364,45.40368476897849
2024,대구광역시 중구,36.2,9.4,199.8,58.5,508.2,145.3,18.0,4.5,97711.0,11,11,11.257688489525233,2238.0,0.0,10.0,216.0,179.0,0.0,40.0,626.0,1167.0,22.904278945052244,52.14477211796247
2024,대전광역시 대덕구,1909.7,497.7,271.1,72.0,411.1,106.9,1686.5,442.0,168217.0,8,6,3.566821427085253,6036.0,0.0,28.0,800.0,538.0,9.0,131.0,1986.0,2544.0,35.88222355647765,42.14711729622266
2024,대전광역시 동구,82.4,20.6,364.4,97.9,430.4,113.3,51.3,12.5,218513.0,10,8,3.661109407678262,8983.0,0.0,26.0,1035.0,898.0,3.0,158.0,2819.0,4044.0,41.10968226146728,45.01836802849827
2024,대전광역시 서구,52.2,13.1,747.5,199.6,1109.1,299.9,16.7,4.0,457951.0,17,17,3.712187548449507,9199.0,0.0,49.0,1521.0,959.0,9.0,219.0,2873.0,3569.0,20.087301916580593,38.79769540167409
2024,대전광역시 유성구,928.0,246.7,632.0,174.7,1615.2,450.6,367.3,101.8,369468.0,15,13,3.5185726504054475,4897.0,0.0,22.0,790.0,516.0,8.0,141.0,1530.0,1890.0,13.254192514642675,38.595058198897284
2024,대전광역시 중구,34.5,8.8,365.5,100.0,526.4,142.7,20.0,5.1,225008.0,19,19,8.44414420820593,7239.0,0.0,38.0,882.0,724.0,2.0,123.0,2161.0,3309.0,32.17218943326459,45.710733526730216
2024,부산광역시 강서구,3356.3,867.7,265.3,72.9,747.3,202.4,3289.0,851.1,142789.0,12,12,8.404008712155699,2364.0,0.0,12.0,375.0,168.0,1.0,79.0,580.0,1149.0,16.555897162946724,48.60406091370558
2024,부산광역시 금정구,243.7,63.0,352.5,95.2,397.4,107.6,103.2,26.4,209932.0,7,6,2.858068326886801,8097.0,0.0,20.0,753.0,655.0,5.0,112.0,2198.0,4354.0,38.56963207133739,53.773002346548104
2024,부산광역시 기장군,740.2,178.4,175.5,50.2,459.0,122.4,553.6,139.2,175626.0,19,19,10.818443738398644,6227.0,0.0,20.0,825.0,554.0,7.0,157.0,1661.0,3003.0,35.45602587316229,48.22546972860125
2024,부산광역시 남구,527.3,136.0,456.8,125.5,442.7,121.0,414.6,108.1,254498.0,9,7,2.750512774167184,6869.0,0.0,34.0,665.0,546.0,1.0,84.0,1924.0,3615.0,26.990388922506266,52.627747852671426
2024,부산광역시 동구,80.3,21.7,155.0,41.8,311.4,84.8,33.6,8.6,85911.0,5,5,5.819976487294992,5511.0,0.0,13.0,370.0,483.0,3.0,77.0,1475.0,3090.0,64.14778084296539,56.06967882416984
2024,부산광역시 동래구,98.2,25.4,459.7,125.3,467.2,129.8,9.7,2.6,274370.0,7,5,1.822356671647775,7093.0,0.0,20.0,774.0,582.0,4.0,108.0,1796.0,3809.0,25.851951743995336,53.70083180600592
2024,부산광역시 부산진구,228.0,60.9,663.1,183.3,844.8,234.7,24.0,6.1,359281.0,4,4,1.1133346878905368,12392.0,0.0,40.0,1157.0,1090.0,1.0,158.0,3390.0,6556.0,34.49110863084883,52.90510006455777
2024,부산광역시 북구,110.0,29.4,433.5,120.9,349.8,95.6,13.7,3.6,267692.0,9,6,2.2413818866458466,12751.0,0.0,24.0,1184.0,1286.0,6.0,165.0,4032.0,6054.0,47.633100727701986,47.478629127127284
2024,부산광역시 사상구,722.1,179.4,319.1,88.9,433.9,118.8,676.5,168.2,198635.0,6,6,3.020615702167292,8412.0,0.0,31.0,721.0,877.0,3.0,82.0,2856.0,3842.0,42.349032144385426,45.67284831193533
2024,부산광역시 사하구,1350.0,349.8,475.6,131.1,445.4,120.4,1234.4,322.3,292491.0,10,9,3.0770177543924424,13739.0,0.0,41.0,1472.0,1338.0,2.0,215.0,4002.0,6669.0,46.97238547510864,48.540650702380084
2024,부산광역시 서구,176.0,48.9,181.2,48.9,252.1,69.4,149.9,42.2,103188.0,4,3,2.907314804046982,5551.0,0.0,9.0,457.0,483.0,1.0,45.0,1349.0,3207.0,53.795014924216,57.773374166816794
2024,부산광역시 수영구,13.5,3.4,315.5,87.6,345.8,94.7,5.9,1.5,171918.0,9,8,4.653381263160344,5163.0,0.0,17.0,529.0,484.0,1.0,70.0,1285.0,2777.0,30.03175932712107,53.786558202595394
2024,부산광역시 연제구,63.4,17.7,367.7,101.0,411.3,115.2,12.1,3.1,212589.0,7,6,2.8223473462879074,6296.0,0.0,26.0,687.0,568.0,2.0,79.0,1597.0,3337.0,29.615831487047778,53.00190597204575
2024,부산광역시 영도구,125.4,34.3,170.6,44.8,175.1,46.5,94.1,26.0,103737.0,7,6,5.783857254402961,7554.0,0.0,19.0,508.0,736.0,4.0,74.0,2351.0,3862.0,72.81876283293329,51.12523166534287
2024,부산광역시 중구,6.2,1.5,66.0,17.9,292.5,81.1,4.5,1.1,37537.0,6,5,13.32019074513147,2585.0,0.0,3.0,171.0,270.0,0.0,15.0,590.0,1536.0,68.8653861523297,59.41972920696325
2024,부산광역시 해운대구,139.3,35.8,738.2,202.4,948.0,269.5,68.9,18.3,376404.0,8,7,1.859703935133527,12272.0,0.0,32.0,1207.0,1146.0,6.0,178.0,3399.0,6304.0,32.60326670279805,51.36897001303781
2024,서울특별시 강남구,290.0,65.3,1104.0,328.5,3438.5,945.9,11.1,2.8,557345.0,10,10,1.7942208147556715,7800.0,0.0,8.0,550.0,848.0,4.0,80.0,2881.0,3429.0,13.994922355094243,43.96153846153846
2024,서울특별시 강동구,165.0,43.8,759.8,216.2,786.5,216.1,18.6,4.7,476942.0,7,5,1.0483455011301166,9496.0,0.0,34.0,917.0,998.0,2.0,132.0,2690.0,4723.0,19.910177757463174,49.736731255265376
2024,서울특별시 강북구,49.7,12.8,433.8,120.5,424.9,114.8,28.8,7.2,283597.0,9,9,3.17351735032458,13037.0,0.0,37.0,1129.0,1398.0,7.0,157.0,3712.0,6597.0,45.970161884646174,50.602132392421574
2024,서울특별시 강서구,346.5,87.8,898.1,253.9,1591.8,435.5,48.9,13.1,556171.0,7,6,1.0788048999318556,18328.0,0.0,31.0,1472.0,1992.0,6.0,207.0,6893.0,7727.0,32.953893676585075,42.159537319947624
2024,서울특별시 관악구,35.2,9.1,722.0,206.0,783.4,214.4,17.7,4.5,477812.0,13,13,2.72073535197944,11622.0,0.0,43.0,927.0,1262.0,4.0,123.0,3270.0,5993.0,24.32337404669619,51.56599552572707
2024,서울특별시 광진구,356.2,97.2,536.4,156.2,650.0,181.5,26.3,6.7,331963.0,6,6,1.8074303461530352,6028.0,0.0,24.0,714.0,559.0,1.0,94.0,1557.0,3079.0,18.158650211017495,51.07830126078301
2024,서울특별시 구로구,312.9,80.4,659.6,186.4,919.0,245.2,83.6,21.3,388169.0,15,13,3.349056725292334,8010.0,0.0,20.0,833.0,772.0,2.0,138.0,2302.0,3943.0,20.635341822762765,49.22596754057428
2024,서울특별시 금천구,204.6,54.8,376.7,107.3,1149.4,319.2,193.1,51.8,225159.0,3,2,0.8882611843186371,6964.0,0.0,24.0,662.0,809.0,1.0,77.0,2037.0,3354.0,30.92925443797494,48.16197587593337
2024,서울특별시 노원구,68.4,18.0,718.7,201.6,637.0,173.1,28.8,7.7,491247.0,18,18,3.6641445138596263,18153.0,0.0,31.0,1494.0,1699.0,4.0,171.0,6883.0,7871.0,36.95289742227433,43.359224370627445
2024,서울특별시 도봉구,50.6,13.1,463.7,131.0,366.3,98.8,37.8,9.8,303228.0,14,14,4.616987877108974,9000.0,0.0,31.0,1110.0,884.0,1.0,132.0,2325.0,4517.0,29.680636352843404,50.1888888888889
2024,서울특별시 동대문구,160.8,42.6,604.0,169.2,660.0,178.2,62.6,16.3,338735.0,16,15,4.428240364887006,8364.0,0.0,19.0,633.0,889.0,6.0,80.0,2169.0,4568.0,24.691868274609945,54.61501673840268
2024,서울특별시 동작구,57.9,15.5,585.9,166.7,584.0,162.3,11.9,3.4,375799.0,2,2,0.5321993938248905,6364.0,0.0,21.0,467.0,637.0,3.0,57.0,1819.0,3360.0,16.934584711508016,52.79698302954117
2024,서울특별시 마포구,162.2,51.5,658.9,192.1,1432.9,389.7,17.0,4.5,361417.0,6,6,1.6601322018610083,6019.0,0.0,15.0,498.0,631.0,3.0,50.0,1802.0,3020.0,16.653892871669015,50.17444758265492
2024,서울특별시 서대문구,31.9,8.3,504.8,146.7,607.9,170.1,13.5,3.6,302853.0,1,1,0.3301931960390024,6146.0,0.0,27.0,532.0,569.0,0.0,93.0,1602.0,3323.0,20.29367382855709,54.06768630003255
2024,서울특별시 서초구,423.5,112.7,785.5,229.1,2113.2,576.1,6.7,1.7,408376.0,10,10,2.4487237251944287,3468.0,0.0,19.0,303.0,380.0,3.0,63.0,1006.0,1694.0,8.49217387897428,48.84659746251442
2024,서울특별시 성동구,878.3,231.4,483.8,134.8,807.6,220.9,193.1,51.0,273669.0,5,5,1.827024617329694,5497.0,0.0,14.0,386.0,523.0,0.0,42.0,1554.0,2978.0,20.086308642922653,54.17500454793524
2024,서울특별시 성북구,97.9,26.6,678.0,186.8,564.2,152.1,39.6,10.3,421560.0,5,5,1.1860707847044312,8951.0,0.0,31.0,918.0,921.0,2.0,131.0,2338.0,4610.0,21.233039187778726,51.50262540498268
2024,서울특별시 송파구,213.6,56.3,1062.2,299.7,1661.4,465.2,27.9,7.2,650110.0,20,19,2.922582332220701,8809.0,0.0,32.0,1035.0,800.0,5.0,169.0,2349.0,4419.0,13.550014612911662,50.164604381882164
2024,서울특별시 양천구,41.5,10.3,692.2,193.5,978.4,257.6,14.4,3.5,430976.0,8,8,1.856251856251856,9740.0,0.0,25.0,919.0,869.0,2.0,134.0,2855.0,4936.0,22.59986634986635,50.6776180698152
2024,서울특별시 영등포구,216.9,57.8,698.9,202.2,1856.9,523.1,93.2,25.0,373773.0,10,4,1.070168257204239,6253.0,0.0,14.0,368.0,596.0,0.0,39.0,1656.0,3580.0,16.729405280745265,57.25251879098033
2024,서울특별시 용산구,100.2,25.9,447.2,130.7,1023.4,283.2,13.7,3.6,203854.0,6,5,2.4527357814906745,3703.0,0.0,10.0,261.0,420.0,2.0,39.0,892.0,2079.0,18.164961197719936,56.14366729678639
2024,서울특별시 은평구,201.8,53.3,732.7,207.5,572.2,154.3,12.3,3.1,460919.0,21,19,4.122199345221177,12302.0,0.0,25.0,1233.0,1231.0,2.0,178.0,3231.0,6402.0,26.69015597100575,52.040318647374406
2024,서울특별시 종로구,67.0,17.4,283.6,81.5,1257.1,350.0,60.0,15.6,138336.0,13,12,8.674531575294933,2939.0,0.0,9.0,200.0,262.0,0.0,19.0,776.0,1673.0,21.245373583159843,56.92412385165022
2024,서울특별시 중구,203.1,52.4,238.4,70.5,1850.4,527.1,183.1,47.2,120544.0,4,3,2.488717812582957,3486.0,0.0,6.0,180.0,331.0,0.0,29.0,919.0,2021.0,28.918900982213962,57.974756167527254
2024,서울특별시 중랑구,65.5,16.7,591.0,167.5,502.6,136.1,49.6,12.6,379274.0,6,6,1.581969763284591,13855.0,0.0,46.0,1409.0,1378.0,8.0,208.0,4046.0,6760.0,36.53031845051335,48.791050162396246
2024,세종특별자치시 세종시,2135.8,550.9,719.0,185.7,1014.1,274.5,1880.3,485.4,390685.0,29,27,6.910938479849495,,,,,,,,,,,
2024,울산광역시 남구,13768.6,3540.4,522.4,147.0,908.3,241.4,12795.1,3297.1,304885.0,26,23,7.543828000721584,5713.0,0.0,40.0,684.0,534.0,1.0,80.0,1638.0,2736.0,18.738212768748873,47.890775424470505
2024,울산광역시 동구,1107.7,295.1,241.0,63.8,241.2,65.0,1073.2,286.1,150836.0,30,23,15.248349200456126,3003.0,0.0,37.0,437.0,294.0,2.0,57.0,908.0,1268.0,19.909040282160756,42.22444222444223
2024,울산광역시 북구,1713.4,461.5,354.8,98.2,374.3,103.2,1654.7,445.9,216522.0,6,6,2.771080998697592,3298.0,0.0,31.0,592.0,248.0,2.0,85.0,942.0,1398.0,15.23170855617443,42.389326864766524
2024,울산광역시 울주군,10630.7,2729.6,363.3,98.6,526.9,139.1,10090.2,2544.7,218806.0,29,25,11.42564646307688,4095.0,0.0,25.0,509.0,364.0,1.0,66.0,1196.0,1934.0,18.715208906519933,47.228327228327224
2024,울산광역시 중구,29.9,8.0,343.5,94.6,343.7,95.3,10.8,2.9,207000.0,18,16,7.729468599033816,5212.0,0.0,28.0,530.0,468.0,0.0,82.0,1331.0,2773.0,25.17874396135266,53.20414428242517
2024,인천광역시 강화군,114.7,27.9,98.3,24.6,215.0,50.7,95.9,23.2,69402.0,22,16,23.05409066021152,2130.0,0.0,14.0,154.0,146.0,2.0,33.0,703.0,1078.0,30.690758191406587,50.61032863849765
2024,인천광역시 계양구,398.3,102.4,442.6,124.3,457.7,123.5,277.0,70.7,280227.0,14,14,4.995949712197612,8963.0,0.0,38.0,1303.0,755.0,4.0,208.0,2513.0,4142.0,31.98478376459085,46.212205734687046
2024,인천광역시 남동구,1977.6,491.5,836.1,231.1,1000.8,273.2,1848.2,457.4,486225.0,24,23,4.73032032495244,18197.0,0.0,57.0,2594.0,1841.0,27.0,422.0,5340.0,7916.0,37.42506041441719,43.50167610045612
2024,인천광역시 동구,2624.5,633.1,96.5,27.2,111.2,28.3,2583.3,622.8,58296.0,7,6,10.29230135858378,2180.0,0.0,10.0,186.0,191.0,0.0,28.0,714.0,1051.0,37.3953616028544,48.211009174311926
2024,인천광역시 미추홀구,392.8,98.9,720.7,200.6,694.4,184.4,305.1,76.2,412274.0,30,25,6.063928358324803,14008.0,0.0,62.0,2196.0,1373.0,12.0,381.0,3831.0,6153.0,33.97740337736554,43.92490005711022
2024,인천광역시 부평구,676.4,168.1,841.9,235.4,835.9,227.7,591.1,145.1,493200.0,16,11,2.230332522303325,15783.0,0.0,38.0,1867.0,1621.0,6.0,307.0,4956.0,6988.0,32.00121654501216,44.275486282709245
2024,인천광역시 서구,3708.0,923.8,1153.8,328.1,1474.3,391.7,3255.8,817.7,634064.0,54,50,7.885639304549698,13215.0,0.0,59.0,2330.0,1193.0,12.0,388.0,3782.0,5451.0,20.84174468192485,41.248581157775256
2024,인천광역시 연수구,1468.2,398.0,819.3,239.4,960.8,272.5,982.1,276.3,400213.0,11,11,2.748536404364676,6234.0,0.0,26.0,726.0,621.0,2.0,143.0,2146.0,2570.0,15.576705404372172,41.225537375681746
2024,인천광역시 옹진군,61.4,12.4,29.7,7.6,128.1,30.5,35.3,7.4,19996.0,0,0,0.0,70.0,0.0,0.0,3.0,6.0,0.0,0.0,26.0,35.0,3.5007001400280053,50.0
2024,인천광역시 중구,942.5,247.8,318.3,88.7,1492.4,412.5,789.3,207.6,167113.0,27,24,14.361539796425172,4155.0,0.0,14.0,518.0,312.0,5.0,114.0,1048.0,2144.0,24.86341577256108,51.600481347773766
2024,전라남도 강진군,66.5,16.0,48.1,12.4,75.7,18.9,31.9,8.2,32189.0,5,5,15.533256702600267,1451.0,0.0,16.0,84.0,89.0,1.0,30.0,546.0,685.0,45.07751095094598,47.20882150241213
2024,전라남도 고흥군,83.0,21.1,96.1,24.6,125.2,31.5,46.5,11.3,60190.0,9,7,11.629838843661735,3021.0,0.0,14.0,142.0,198.0,0.0,38.0,1213.0,1416.0,50.19106163814587,46.871896722939425
2024,전라남도 곡성군,227.0,60.7,36.2,8.9,55.8,13.6,221.2,59.4,26566.0,3,3,11.29262967703079,1036.0,0.0,11.0,42.0,66.0,0.0,8.0,442.0,467.0,38.99721448467967,45.077220077220076
2024,전라남도 광양시,3078.4,671.8,261.6,74.8,324.4,87.3,2946.2,640.8,154692.0,74,68,43.958317172187314,2846.0,0.0,20.0,526.0,185.0,2.0,70.0,970.0,1073.0,18.397848628241924,37.70203794799719
2024,전라남도 구례군,30.6,8.4,34.4,8.5,66.0,16.1,12.5,3.5,24025.0,5,1,4.162330905306972,997.0,0.0,3.0,58.0,57.0,0.0,5.0,406.0,468.0,41.49843912591051,46.94082246740221
2024,전라남도 나주시,489.1,129.9,204.0,56.6,340.3,92.2,440.6,117.3,116654.0,8,8,6.857887427777873,3346.0,0.0,12.0,385.0,232.0,4.0,57.0,1181.0,1475.0,28.68311416668095,44.082486551105795
2024,전라남도 담양군,217.6,55.1,57.2,14.2,129.7,33.3,197.8,50.1,44623.0,9,7,15.686977567622078,1337.0,0.0,16.0,92.0,69.0,0.0,15.0,481.0,664.0,29.96212715415817,49.66342557965594
2024,전라남도 목포시,136.5,32.0,379.3,103.0,540.9,142.8,89.5,19.9,209890.0,48,40,19.05760160083853,9313.0,0.0,36.0,1468.0,739.0,7.0,203.0,2874.0,3986.0,44.37086092715232,42.8003865564265
2024,전라남도 무안군,104.1,26.3,159.9,46.3,239.5,61.4,56.9,14.4,92687.0,16,16,17.262399257716833,1731.0,0.0,13.0,209.0,103.0,0.0,35.0,659.0,712.0,18.675758196942397,41.13229347198151
2024,전라남도 보성군,51.9,12.7,54.7,13.8,88.9,21.8,40.6,9.8,37045.0,5,4,10.79767849912269,1650.0,0.0,18.0,97.0,103.0,1.0,15.0,671.0,745.0,44.54042380888109,45.151515151515156
2024,전라남도 순천시,1050.0,275.2,470.5,126.4,599.3,162.1,879.3,229.6,276329.0,36,34,12.30417364807892,5975.0,0.0,58.0,691.0,418.0,3.0,112.0,2176.0,2517.0,21.622775749197512,42.1255230125523
2024,전라남도 신안군,32.3,8.7,42.2,10.2,91.8,22.0,20.6,5.6,38173.0,15,13,34.055484242789404,1227.0,0.0,15.0,42.0,75.0,0.0,22.0,458.0,615.0,32.14313781992508,50.12224938875306
2024,전라남도 여수시,13610.4,3472.1,456.4,125.5,744.9,197.8,13068.7,3335.4,267816.0,82,76,28.37769214684709,7269.0,0.0,42.0,811.0,551.0,2.0,85.0,2688.0,3090.0,27.14176897571467,42.50928600907965
2024,전라남도 영광군,346.5,98.1,75.8,19.4,116.2,28.6,81.5,20.3,52098.0,5,5,9.597297401051865,1870.0,0.0,8.0,136.0,121.0,4.0,34.0,797.0,770.0,35.893892279933965,41.17647058823529
2024,전라남도 영암군,824.0,216.7,88.5,23.3,140.8,35.6,802.9,211.3,51391.0,15,11,21.404526084333835,1288.0,0.0,19.0,120.0,97.0,0.0,19.0,526.0,507.0,25.06275417874725,39.36335403726708
2024,전라남도 완도군,49.9,13.7,70.3,17.7,116.9,28.9,28.9,8.1,45631.0,4,4,8.76597050250926,2006.0,0.0,8.0,101.0,120.0,0.0,18.0,767.0,992.0,43.96134207008393,49.45164506480558
2024,전라남도 장성군,239.9,59.4,56.3,14.2,127.5,33.2,210.1,51.8,42026.0,13,10,23.794793699138623,1264.0,0.0,3.0,78.0,83.0,0.0,17.0,520.0,563.0,30.076619235711227,44.541139240506325
2024,전라남도 장흥군,72.8,19.3,51.9,13.3,81.6,20.3,47.6,12.6,34451.0,1,0,0.0,1633.0,0.0,10.0,88.0,112.0,1.0,22.0,676.0,724.0,47.40065600417985,44.335578689528475
2024,전라남도 진도군,21.4,5.3,44.7,11.3,75.1,19.6,12.7,3.1,28478.0,14,12,42.13779057518085,1368.0,0.0,26.0,76.0,68.0,0.0,20.0,547.0,631.0,48.03708125570616,46.12573099415205
2024,전라남도 함평군,102.1,25.5,40.2,10.2,65.3,16.2,89.6,22.4,30010.0,8,8,26.657780739753413,1215.0,0.0,11.0,50.0,72.0,1.0,8.0,562.0,511.0,40.486504498500494,42.05761316872428
2024,전라남도 해남군,102.9,28.6,95.2,24.4,154.0,38.9,79.5,22.6,63120.0,26,23,36.438529784537394,2393.0,0.0,33.0,124.0,155.0,1.0,20.0,937.0,1123.0,37.911913814955646,46.928541579607185
2024,전라남도 화순군,131.1,35.1,90.2,23.4,172.9,45.5,116.8,31.5,60735.0,6,5,8.232485387338437,2048.0,0.0,9.0,188.0,167.0,0.0,27.0,782.0,875.0,33.720260146538244,42.724609375
2024,전북특별자치도 고창군,112.7,30.3,75.5,19.1,126.3,32.1,85.7,23.3,50982.0,2,2,3.922953199168334,2208.0,0.0,25.0,125.0,148.0,0.0,22.0,888.0,1000.0,43.309403318818404,45.289855072463766
2024,전북특별자치도 군산시,4848.2,1208.0,449.7,119.1,693.9,182.6,4708.8,1172.3,258047.0,43,36,13.95094692052223,10087.0,0.0,19.0,1097.0,776.0,7.0,178.0,3435.0,4575.0,39.089778218696594,45.3554079508278
2024,전북특별자치도 김제시,529.1,134.5,112.4,29.3,197.0,50.8,503.6,127.9,80635.0,9,9,11.161406337198487,4743.0,0.0,25.0,348.0,383.0,3.0,65.0,1795.0,2124.0,58.820611397036025,44.78178368121442
2024,전북특별자치도 남원시,182.1,47.2,114.5,29.5,182.0,45.6,142.7,37.3,75647.0,17,12,15.863153859373142,3674.0,0.0,21.0,332.0,277.0,2.0,64.0,1338.0,1640.0,48.56768939944743,44.63799673380512
2024,전북특별자치도 무주군,33.8,8.7,33.5,8.3,94.5,19.3,24.6,6.5,23032.0,4,4,17.36714136853074,792.0,0.0,12.0,42.0,58.0,0.0,10.0,324.0,346.0,34.38693990969086,43.686868686868685
2024,전북특별자치도 부안군,122.3,33.7,69.9,18.0,149.1,37.8,92.2,25.6,48066.0,5,5,10.402363416968337,2188.0,0.0,25.0,122.0,172.0,0.0,20.0,812.0,1037.0,45.52074231265343,47.39488117001828
2024,전북특별자치도 순창군,80.4,20.6,36.9,9.4,55.5,13.9,72.5,18.7,26822.0,19,18,67.10908955335172,1054.0,0.0,11.0,83.0,64.0,0.0,14.0,408.0,474.0,39.296100216240404,44.97153700189753
2024,전북특별자치도 완주군,1190.0,319.0,156.3,41.7,277.5,74.1,1086.0,291.1,99279.0,16,16,16.11619778603733,3156.0,0.0,35.0,398.0,254.0,2.0,79.0,1154.0,1234.0,31.789200132958634,39.10012674271229
2024,전북특별자치도 익산시,1698.8,444.5,439.4,118.0,576.5,152.1,1559.2,409.8,268001.0,26,20,7.462658721422682,11216.0,0.0,31.0,1630.0,1075.0,4.0,209.0,3668.0,4599.0,41.8505901097384,41.00392296718972
2024,전북특별자치도 임실군,87.7,22.1,31.5,7.6,66.3,16.3,77.7,19.6,25577.0,8,6,23.45857606443289,1214.0,0.0,14.0,74.0,68.0,1.0,17.0,470.0,570.0,47.46451890370255,46.952224052718286
2024,전북특별자치도 장수군,36.8,8.8,25.8,6.1,46.3,11.0,20.0,4.8,20663.0,5,5,24.197841552533514,695.0,0.0,5.0,53.0,42.0,0.0,7.0,292.0,296.0,33.63499975802158,42.589928057553955
2024,전북특별자치도 전주시,1686.5,428.7,1105.1,299.9,1468.5,397.9,1515.0,384.2,635651.0,36,33,5.191528055489568,18539.0,0.0,124.0,3115.0,1638.0,15.0,460.0,5774.0,7413.0,29.16537533961246,39.985975511084746
2024,전북특별자치도 정읍시,826.5,217.5,159.7,41.5,226.6,58.4,731.0,192.6,102127.0,19,16,15.666767847875684,4716.0,0.0,30.0,439.0,367.0,2.0,69.0,1789.0,2020.0,46.17779823161358,42.832909245122984
2024,전북특별자치도 진안군,38.9,9.6,30.6,7.3,53.3,12.2,23.8,5.9,24161.0,18,16,66.22242456851951,860.0,0.0,11.0,47.0,55.0,0.0,13.0,373.0,361.0,35.594553205579246,41.97674418604651
2024,제주특별자치도 서귀포시,192.2,49.3,312.3,88.3,874.2,241.5,60.7,14.8,182020.0,26,24,13.185364245687287,4645.0,0.0,47.0,670.0,426.0,5.0,121.0,1418.0,1958.0,25.51917371717394,42.15285252960172
2024,제주특별자치도 제주시,493.2,129.4,818.0,234.0,1724.4,478.9,234.8,62.8,488348.0,97,84,17.200848575196378,11444.0,0.0,84.0,2093.0,1023.0,8.0,336.0,3332.0,4568.0,23.434108463636587,39.91611324711639
2024,충청남도 계룡시,60.9,15.9,79.0,22.4,151.9,41.9,34.4,9.2,46540.0,2,1,2.1486892995272884,703.0,0.0,6.0,98.0,41.0,0.0,22.0,215.0,321.0,15.105285775676837,45.66145092460882
2024,충청남도 공주시,468.5,122.8,159.7,41.8,304.6,75.5,397.6,104.9,101285.0,8,6,5.923878165572395,2964.0,0.0,26.0,298.0,268.0,0.0,51.0,1033.0,1288.0,29.26395813792763,43.45479082321187
2024,충청남도 금산군,663.4,165.2,72.4,18.5,122.9,30.3,646.4,161.1,49615.0,5,4,8.062078000604656,1643.0,0.0,4.0,118.0,121.0,0.0,17.0,576.0,807.0,33.11498538748362,49.117468046256846
2024,충청남도 논산시,600.0,155.8,172.7,45.3,302.2,77.4,524.8,137.1,108529.0,9,7,6.449888969768449,4144.0,0.0,10.0,424.0,310.0,3.0,65.0,1540.0,1792.0,38.18334270102922,43.24324324324324
2024,충청남도 당진시,5605.7,1449.5,322.6,90.7,412.9,105.9,5431.0,1411.5,171931.0,49,44,25.59166177129197,3004.0,0.0,32.0,354.0,191.0,1.0,43.0,966.0,1417.0,17.472125445672972,47.17043941411451
2024,충청남도 보령시,769.5,179.9,157.4,42.5,309.5,80.9,474.2,117.0,93780.0,1,1,1.0663254425250586,3522.0,0.0,12.0,338.0,283.0,0.0,36.0,1250.0,1603.0,37.555982085732566,45.51391254968768
2024,충청남도 부여군,136.9,33.1,91.3,23.1,126.6,32.0,112.9,27.5,59550.0,9,8,13.434089000839633,2370.0,0.0,9.0,162.0,127.0,1.0,18.0,952.0,1101.0,39.7984886649874,46.45569620253164
2024,충청남도 서산시,8733.0,2250.1,314.5,85.3,491.6,126.9,8620.3,2221.5,174445.0,25,22,12.611424804379604,2976.0,0.0,40.0,332.0,230.0,1.0,48.0,1041.0,1284.0,17.0598182808335,43.145161290322584
2024,충청남도 서천군,717.1,180.0,75.3,19.3,128.0,32.5,665.2,170.2,48204.0,6,5,10.372583188117169,2066.0,0.0,10.0,111.0,133.0,1.0,18.0,773.0,1020.0,42.85951373330014,49.37076476282672
2024,충청남도 아산시,11398.2,2949.3,640.3,176.7,765.7,199.7,11087.3,2869.1,355014.0,36,29,8.16869193890945,6798.0,0.0,34.0,880.0,623.0,1.0,118.0,2100.0,3042.0,19.148540620933257,44.74845542806708
2024,충청남도 예산군,816.5,201.1,134.0,35.9,205.5,50.4,771.2,190.1,78772.0,31,28,35.54562534910882,2266.0,0.0,26.0,152.0,171.0,0.0,26.0,861.0,1030.0,28.766566800385924,45.45454545454545
2024,충청남도 천안시,5683.3,1488.0,1162.3,313.6,1632.9,429.9,5504.4,1442.5,659920.0,25,25,3.788337980361256,9116.0,0.0,123.0,1364.0,860.0,10.0,152.0,2822.0,3785.0,13.813795611589283,41.52040368582712
2024,충청남도 청양군,134.4,33.3,40.7,10.0,63.5,14.7,122.4,30.3,29658.0,20,17,57.32011598894059,813.0,0.0,19.0,63.0,52.0,1.0,6.0,322.0,350.0,27.412502528828647,43.05043050430504
2024,충청남도 태안군,447.5,106.6,90.2,22.9,246.9,63.5,20.4,5.5,60133.0,6,5,8.314901967305804,1809.0,0.0,13.0,147.0,143.0,0.0,21.0,617.0,868.0,30.083315317712405,47.98231066887783
2024,충청남도 홍성군,352.4,86.7,178.5,46.9,243.3,62.8,304.3,74.0,99198.0,12,12,12.097018085042038,2506.0,0.0,20.0,247.0,212.0,1.0,40.0,891.0,1095.0,25.262606100929457,43.6951316839585
2024,충청북도 괴산군,241.7,59.8,53.5,13.3,118.2,30.4,227.8,56.4,36252.0,7,6,16.550810989738498,1197.0,0.0,6.0,77.0,67.0,0.0,17.0,464.0,566.0,33.0188679245283,47.28487886382623
2024,충청북도 단양군,1480.9,318.4,41.0,10.0,88.0,20.9,1450.1,310.7,27352.0,8,6,21.93623866627669,926.0,0.0,12.0,46.0,66.0,0.0,7.0,344.0,451.0,33.85492834162036,48.704103671706264
2024,충청북도 보은군,171.6,42.8,46.9,11.7,82.1,19.5,156.8,39.2,30527.0,10,9,29.482097815048974,1307.0,0.0,9.0,80.0,69.0,0.0,9.0,477.0,663.0,42.81455760474334,50.726855394032135
2024,충청북도 영동군,160.7,38.2,65.2,16.2,96.1,23.4,135.5,32.2,43551.0,11,9,20.665426741062205,1478.0,0.0,20.0,103.0,97.0,1.0,23.0,537.0,697.0,33.93722302587771,47.158322056833555
2024,충청북도 옥천군,352.1,88.5,73.0,18.1,120.4,29.7,186.0,45.7,48204.0,13,11,22.81968301385777,1628.0,0.0,7.0,132.0,98.0,1.0,18.0,624.0,748.0,33.773130860509504,45.94594594594595
2024,충청북도 음성군,2555.7,652.4,165.6,43.7,362.0,90.4,2481.2,634.4,91236.0,19,17,18.632995747292732,2088.0,0.0,16.0,223.0,174.0,2.0,33.0,671.0,969.0,22.88570301196896,46.40804597701149
2024,충청북도 제천시,905.9,229.3,200.2,51.2,320.4,78.2,824.6,210.3,128569.0,18,16,12.444679510612978,4728.0,0.0,20.0,508.0,315.0,1.0,76.0,1650.0,2158.0,36.77402795386135,45.642978003384094
2024,충청북도 증평군,343.8,88.7,63.1,16.7,93.1,23.2,308.0,79.5,37171.0,9,6,16.14161577573915,1155.0,0.0,10.0,147.0,81.0,0.0,15.0,413.0,489.0,31.072610368297866,42.33766233766234
2024,충청북도 진천군,2430.0,641.6,157.2,42.2,323.7,84.1,2382.0,629.8,86537.0,13,12,13.866900863214578,1571.0,0.0,14.0,195.0,110.0,0.0,26.0,506.0,720.0,18.154084380091753,45.83068109484405
2024,충청북도 청주시,7925.2,1859.2,1480.1,406.1,2112.6,567.0,7389.1,1725.0,854537.0,82,75,8.776682577816993,17457.0,0.0,106.0,2661.0,1418.0,15.0,392.0,5511.0,7354.0,20.428606368126832,42.126367646216416
2024,충청북도 충주시,1646.1,421.9,355.9,95.0,572.8,145.5,1511.5,387.7,207241.0,6,6,2.895180007816986,5863.0,0.0,21.0,726.0,493.0,1.0,106.0,1923.0,2593.0,28.29073397638498,44.22650520211496
