연도,key,산업용,산업용여름,주택용,주택용여름,일반용,일반용여름,제조업,제조업여름,인구,온열,여름온열,여름온열률10만
2020,강원특별자치도 강릉시,767.6,193.1,321.6,78.3,588.9,150.8,673.9,168.9,213321.0,8,8,3.750216809409294
2020,강원특별자치도 고성군,50.4,12.8,39.0,9.2,145.5,36.3,30.2,7.6,26757.0,1,1,3.737339761557723
2020,강원특별자치도 동해시,1771.1,438.5,133.9,32.4,212.1,52.0,1691.8,418.9,90593.0,4,4,4.415352179528219
2020,강원특별자치도 삼척시,1093.1,246.2,95.5,22.9,163.5,41.7,857.5,198.8,65243.0,3,3,4.59819444231565
2020,강원특별자치도 속초시,63.4,16.1,129.6,31.6,264.5,68.0,42.8,10.6,82665.0,0,0,0.0
2020,강원특별자치도 양구군,19.3,4.5,29.3,7.0,81.8,18.8,6.9,1.6,22278.0,3,2,8.977466558937069
2020,강원특별자치도 양양군,46.2,11.9,44.9,10.9,136.7,33.6,30.3,7.8,27946.0,1,1,3.5783296357260435
2020,강원특별자치도 영월군,842.7,188.1,54.3,12.9,87.5,20.7,790.1,174.9,38662.0,0,0,0.0
2020,강원특별자치도 원주시,755.1,178.5,549.4,133.6,793.5,200.9,656.0,153.6,354376.0,7,7,1.9753030679278507
2020,강원특별자치도 인제군,39.1,9.6,44.2,10.4,145.9,34.0,14.0,3.6,31694.0,1,1,3.1551713258029914
2020,강원특별자치도 정선군,240.2,46.6,53.9,12.6,181.6,39.4,217.4,41.1,36870.0,3,3,8.136696501220504
2020,강원특별자치도 철원군,58.4,14.1,57.4,13.7,157.3,36.8,34.1,8.1,44699.0,8,8,17.897492113917536
2020,강원특별자치도 춘천시,235.4,62.4,426.0,106.4,811.4,210.2,135.0,37.2,282765.0,4,3,1.0609516736512652
2020,강원특별자치도 태백시,104.7,25.2,60.5,13.9,94.0,20.9,25.9,6.0,42719.0,1,1,2.3408787658887147
2020,강원특별자치도 평창군,88.4,21.8,68.0,16.0,239.0,50.9,42.4,10.7,41681.0,3,3,7.197524051726206
2020,강원특별자치도 홍천군,129.4,34.7,97.3,23.7,248.2,62.5,100.6,27.6,69242.0,1,1,1.444210161462696
2020,강원특별자치도 화천군,23.2,5.3,31.8,7.7,119.7,27.4,5.7,1.3,24857.0,2,2,8.046023253007201
2020,강원특별자치도 횡성군,227.6,59.4,66.4,15.9,123.7,29.1,187.4,49.4,46472.0,0,0,0.0
2020,경기도 가평군,89.5,21.3,87.9,21.6,337.4,79.1,50.1,11.7,62377.0,1,1,1.603155009057826
2020,경기도 고양시,725.8,175.5,1520.4,394.3,2000.1,506.6,333.8,75.3,1079216.0,2,1,0.09265985678492535
2020,경기도 과천시,44.0,11.6,85.5,22.2,200.0,50.5,1.9,0.5,63231.0,1,1,1.5815027439072606
2020,경기도 광명시,248.2,60.3,375.9,96.6,394.6,102.7,206.0,49.6,298599.0,3,3,1.0046919112254227
2020,경기도 광주시,1123.5,263.1,558.8,140.6,709.1,173.8,968.6,222.7,382054.0,13,13,3.402660356912897
2020,경기도 구리시,117.3,29.0,282.5,74.2,376.7,101.0,33.4,7.9,197454.0,2,2,1.0128941424331743
2020,경기도 군포시,615.9,150.1,385.0,95.8,423.6,108.8,396.2,96.7,273791.0,3,3,1.0957263021793997
2020,경기도 김포시,2107.6,478.9,719.6,178.3,907.0,233.4,1990.0,449.0,473970.0,4,4,0.8439352701647783
2020,경기도 남양주시,892.8,215.8,1033.5,259.1,1055.8,260.6,514.7,118.3,713321.0,12,12,1.682272076666746
2020,경기도 동두천시,259.0,64.5,134.5,34.1,229.7,58.7,182.7,44.3,94353.0,6,6,6.359098279863915
2020,경기도 부천시,1536.3,380.5,1195.1,308.5,1304.9,342.9,1363.8,339.7,818383.0,3,3,0.36657652957111764
2020,경기도 성남시,881.7,235.0,1422.4,374.7,2656.5,730.7,370.9,101.8,940064.0,9,8,0.8510058889607517
2020,경기도 수원시,698.7,179.5,1779.9,462.8,2902.3,784.9,568.9,146.2,1186078.0,11,10,0.8431148710287182
2020,경기도 시흥시,2807.5,666.9,766.7,196.6,839.4,212.9,2662.4,630.1,500895.0,2,2,0.39928527934996355
2020,경기도 안산시,5771.2,1465.2,966.0,248.5,1127.5,291.4,5460.9,1385.5,654915.0,4,4,0.6107662826473664
2020,경기도 안성시,1855.1,467.8,282.8,70.9,556.4,138.6,1786.2,449.5,187012.0,4,4,2.138900177528715
2020,경기도 안양시,473.7,121.3,786.5,199.9,1320.5,350.2,344.3,88.4,550027.0,1,0,0.0
2020,경기도 양주시,1140.5,261.3,291.3,74.3,517.6,128.7,1042.9,237.6,230359.0,8,8,3.4728402189625758
2020,경기도 양평군,110.5,26.9,172.4,41.8,284.2,64.8,26.5,6.4,118810.0,1,1,0.8416799932665601
2020,경기도 여주시,510.7,122.2,157.0,39.0,342.2,85.9,460.9,109.6,111897.0,0,0,0.0
2020,경기도 연천군,195.1,47.2,58.1,14.3,155.3,36.8,140.0,33.9,43516.0,2,2,4.596010662744738
2020,경기도 오산시,544.7,138.9,355.4,91.2,413.6,106.8,486.7,124.7,229725.0,9,9,3.917727717923604
2020,경기도 용인시,5563.0,1457.8,1614.1,405.6,2565.0,665.7,4566.7,1188.4,1074176.0,14,14,1.3033245948522403
2020,경기도 의왕시,141.6,34.2,235.3,58.5,351.1,90.5,107.5,25.5,163795.0,0,0,0.0
2020,경기도 의정부시,255.0,63.1,657.1,165.5,705.9,183.2,58.1,13.4,461710.0,5,4,0.8663446752290399
2020,경기도 이천시,5981.6,1558.0,313.7,80.1,746.9,188.6,5887.5,1533.1,218388.0,10,9,4.121105555250288
2020,경기도 파주시,6525.6,1672.3,671.1,171.1,1043.0,257.9,6329.2,1620.6,465617.0,1,1,0.21476879065841667
2020,경기도 평택시,9602.4,2483.1,867.7,221.9,1590.4,418.0,8821.0,2293.8,537307.0,9,8,1.488906714410942
2020,경기도 포천시,1559.5,358.1,199.5,48.8,498.6,119.4,1430.4,323.9,147274.0,13,13,8.827084210383367
2020,경기도 하남시,528.4,137.1,462.3,126.0,605.5,161.9,88.2,21.0,293452.0,2,2,0.6815424669111132
2020,경기도 화성시,15250.5,3854.0,1343.4,344.2,2286.9,594.8,14960.3,3775.1,855248.0,21,20,2.3385029839298075
2020,경상남도 거제시,1099.0,306.8,382.1,96.8,449.2,118.4,1024.0,287.1,245754.0,20,20,8.13821952033334
2020,경상남도 거창군,131.2,33.9,83.3,20.2,112.0,26.4,113.5,29.4,61502.0,0,0,0.0
2020,경상남도 고성군,373.1,108.4,71.1,17.3,111.5,27.1,188.5,47.4,51361.0,1,1,1.947002589513444
2020,경상남도 김해시,3081.5,709.2,790.7,205.5,970.3,260.4,2799.5,633.0,542338.0,24,23,4.240897742736079
2020,경상남도 남해군,21.2,5.5,54.2,13.1,102.8,25.6,8.3,2.2,42958.0,4,4,9.311420457190744
2020,경상남도 밀양시,503.2,115.2,147.7,36.8,211.8,52.8,440.8,99.5,104831.0,13,13,12.400911943986035
2020,경상남도 사천시,816.6,196.1,160.4,40.6,244.4,61.5,756.5,180.5,111105.0,3,3,2.7001485081679495
2020,경상남도 산청군,83.2,21.3,43.0,10.3,68.9,16.6,68.8,17.5,34857.0,2,2,5.737728433313252
2020,경상남도 양산시,2337.1,570.2,531.0,137.2,636.6,167.6,1993.6,483.9,352229.0,10,10,2.8390620874487906
2020,경상남도 의령군,190.5,46.5,35.0,8.4,53.3,12.7,179.0,43.6,26800.0,1,1,3.7313432835820897
2020,경상남도 진주시,848.4,191.4,534.2,135.0,694.2,181.5,750.5,165.0,348096.0,15,15,4.309156094870381
2020,경상남도 창녕군,469.3,108.8,82.7,20.1,136.1,33.5,448.8,103.4,61301.0,4,4,6.525179034599762
2020,경상남도 창원시,6005.9,1403.5,1544.7,401.9,1987.2,530.6,5721.0,1329.7,1036738.0,30,29,2.7972351741712953
2020,경상남도 통영시,290.0,68.1,191.7,47.9,307.0,77.3,92.3,22.9,128293.0,1,1,0.7794657541720905
2020,경상남도 하동군,143.8,41.6,55.0,13.3,81.5,19.4,39.7,10.2,44785.0,2,2,4.465780953444234
2020,경상남도 함안군,2243.5,510.7,90.3,22.6,128.5,32.8,2147.4,486.6,64182.0,1,1,1.5580692405970522
2020,경상남도 함양군,54.9,13.4,52.2,12.6,66.1,16.0,41.9,10.2,39080.0,4,4,10.235414534288639
2020,경상남도 합천군,72.1,17.4,56.1,13.3,92.4,21.8,52.7,12.4,44006.0,3,2,4.544834795255192
2020,경상북도 경산시,1507.2,354.0,401.0,100.7,463.2,119.0,1429.7,333.8,263728.0,3,3,1.1375356427834737
2020,경상북도 경주시,2442.0,573.9,389.6,97.6,643.5,167.5,1719.0,388.0,253502.0,7,6,2.36684523199028
2020,경상북도 고령군,976.7,214.7,40.1,9.8,66.7,16.6,948.5,207.5,31361.0,3,3,9.566021491661617
2020,경상북도 구미시,7762.3,1993.8,604.0,154.5,699.3,180.6,7512.1,1928.0,416328.0,13,13,3.122537998885494
2020,경상북도 군위군,143.3,32.6,28.1,6.7,54.0,13.0,133.6,30.2,23256.0,1,1,4.299965600275198
2020,경상북도 김천시,1510.8,370.3,197.5,48.7,282.0,72.7,1344.0,328.9,140548.0,5,5,3.5575034863534167
2020,경상북도 문경시,187.2,44.3,96.6,23.2,151.2,35.8,155.9,36.4,71406.0,8,7,9.803097778898131
2020,경상북도 봉화군,1674.3,387.6,41.2,9.9,51.2,11.6,1652.4,382.3,31494.0,2,2,6.350415952244872
2020,경상북도 상주시,153.0,39.1,131.1,31.7,165.3,40.2,125.2,31.9,97228.0,3,3,3.085530917019789
2020,경상북도 성주군,724.4,157.5,50.4,12.3,90.1,21.6,709.3,153.8,43414.0,1,1,2.3034044317501268
2020,경상북도 안동시,271.7,69.1,233.2,57.1,361.0,87.9,173.7,43.7,158907.0,13,13,8.180885675269183
2020,경상북도 영덕군,49.8,12.4,48.7,11.8,120.6,30.0,33.2,8.3,36313.0,1,1,2.753834714840415
2020,경상북도 영양군,11.7,2.9,23.1,5.5,28.8,6.4,3.4,0.7,16692.0,0,0,0.0
2020,경상북도 영주시,1029.2,247.0,145.9,35.8,200.1,47.9,1005.4,241.3,103119.0,6,6,5.818520350274925
2020,경상북도 영천시,911.0,205.4,135.1,33.1,191.9,46.9,878.9,197.2,102015.0,2,2,1.9604960054893887
2020,경상북도 예천군,48.8,12.1,86.9,22.1,96.1,23.3,33.8,8.4,55613.0,11,11,19.779547947422365
2020,경상북도 울릉군,6.8,1.7,9.6,2.4,36.1,9.1,1.8,0.4,9077.0,0,0,0.0
2020,경상북도 울진군,371.8,104.8,79.1,18.9,144.6,34.8,21.3,4.9,48716.0,4,4,8.210854749979474
2020,경상북도 의성군,77.0,17.3,67.3,16.0,82.0,19.0,61.8,13.5,51724.0,6,6,11.600030933415823
2020,경상북도 청도군,87.7,20.0,54.7,13.1,87.7,20.9,74.8,16.8,42263.0,1,1,2.3661358635212837
2020,경상북도 청송군,19.0,4.5,33.7,8.0,59.5,13.6,8.2,1.8,25044.0,8,8,31.943778949049673
2020,경상북도 칠곡군,1264.0,278.4,161.2,40.9,294.5,75.6,1167.7,254.5,114758.0,2,2,1.74279788772896
2020,경상북도 포항시,6466.9,1470.2,752.8,194.1,998.0,260.5,6320.8,1433.9,502916.0,19,19,3.7779668970563676
2020,광주광역시 광산구,1865.3,473.3,612.6,155.1,747.4,196.8,1766.9,448.3,405579.0,12,12,2.9587330704992123
2020,광주광역시 남구,34.2,8.5,326.3,83.4,298.5,79.3,12.0,2.7,214579.0,9,8,3.7282306283466693
2020,광주광역시 동구,30.6,7.7,163.0,42.6,354.7,94.1,8.0,1.9,102897.0,1,1,0.9718456320398068
2020,광주광역시 북구,722.1,196.1,643.6,167.9,711.3,187.1,663.0,180.3,430431.0,9,9,2.090927465726214
2020,광주광역시 서구,296.5,78.2,462.1,116.2,758.6,199.1,184.1,49.7,296576.0,8,7,2.360271903323263
2020,대구광역시 남구,10.8,2.7,218.1,55.8,303.0,80.9,6.0,1.5,146632.0,3,3,2.0459381308309235
2020,대구광역시 달서구,1973.0,465.8,836.2,212.7,858.5,231.7,1753.1,406.1,558631.0,3,3,0.5370271252400959
2020,대구광역시 달성군,2596.1,605.8,353.3,91.6,385.9,100.3,2422.2,561.6,259339.0,3,3,1.156787062493493
2020,대구광역시 동구,125.6,31.9,503.8,126.4,726.3,195.7,82.9,20.5,341920.0,4,4,1.1698642957416938
2020,대구광역시 북구,695.1,161.1,632.8,162.8,760.4,204.6,587.0,133.1,440263.0,6,6,1.3628217678978247
2020,대구광역시 서구,359.9,89.3,238.0,59.8,286.1,73.7,224.5,50.5,170700.0,1,1,0.5858230814294083
2020,대구광역시 수성구,209.9,53.0,646.4,165.9,689.6,184.1,16.3,4.0,424314.0,3,3,0.7070235721658961
2020,대구광역시 중구,27.5,6.7,126.6,34.3,479.3,133.1,21.4,5.1,76547.0,3,3,3.919160777038943
2020,대전광역시 대덕구,2050.9,525.8,241.3,59.2,362.3,91.9,1829.2,470.9,176384.0,2,2,1.13388969521045
2020,대전광역시 동구,86.6,21.3,327.0,81.7,381.6,97.4,56.1,13.5,223021.0,2,2,0.8967765367386927
2020,대전광역시 서구,52.4,12.7,682.4,171.0,1011.7,265.2,20.0,4.7,477880.0,4,4,0.8370302167908261
2020,대전광역시 유성구,911.6,242.1,526.1,135.6,1241.7,337.9,365.5,93.8,351047.0,8,8,2.2788971277350325
2020,대전광역시 중구,32.6,8.2,333.7,84.1,508.5,133.3,19.1,4.7,235550.0,2,1,0.4245383145828911
2020,부산광역시 강서구,3296.6,814.2,208.8,53.2,445.0,117.9,3225.5,796.1,137957.0,2,2,1.4497270888755192
2020,부산광역시 금정구,248.2,61.6,349.6,86.8,374.7,99.5,109.9,26.3,232666.0,1,1,0.42980065845460874
2020,부산광역시 기장군,715.4,156.8,139.6,36.0,318.6,83.1,459.0,106.4,174545.0,5,5,2.8645907932051906
2020,부산광역시 남구,517.5,126.9,417.9,105.8,395.7,106.5,394.2,95.1,267731.0,3,3,1.1205276938419533
2020,부산광역시 동구,76.3,19.3,133.6,33.5,280.6,75.2,31.2,7.8,88901.0,4,4,4.499386958526901
2020,부산광역시 동래구,95.8,25.1,397.1,99.2,405.2,110.3,10.3,2.6,270745.0,3,3,1.1080537036695046
2020,부산광역시 부산진구,254.9,67.3,557.5,141.9,784.8,216.1,30.0,7.3,359886.0,5,5,1.3893288430225128
2020,부산광역시 북구,109.2,29.1,405.5,103.0,324.9,87.0,14.4,3.7,283952.0,3,3,1.0565165943539754
2020,부산광역시 사상구,799.8,182.7,296.4,74.7,397.2,105.8,752.0,170.2,212586.0,7,6,2.8223871750726763
2020,부산광역시 사하구,1602.5,399.2,445.8,113.2,411.2,109.0,1482.3,367.7,311757.0,4,4,1.2830505810615318
2020,부산광역시 서구,165.3,45.3,158.2,39.0,230.6,62.2,142.0,39.2,108135.0,1,1,0.9247699634715864
2020,부산광역시 수영구,14.2,3.6,277.6,70.5,292.0,77.9,7.1,1.7,176894.0,3,3,1.695930896469072
2020,부산광역시 연제구,63.7,17.0,316.8,79.8,366.3,100.2,13.1,3.2,209157.0,1,1,0.47810974531093864
2020,부산광역시 영도구,99.3,26.3,159.9,39.1,150.5,39.0,69.5,18.6,113342.0,5,5,4.411427361437067
2020,부산광역시 중구,7.2,1.7,62.0,15.4,279.9,75.8,5.0,1.2,41523.0,1,1,2.408303831611396
2020,부산광역시 해운대구,204.8,45.5,683.8,174.9,845.5,238.6,120.4,28.5,402169.0,4,4,0.9946067449256406
2020,서울특별시 강남구,247.6,56.6,932.3,258.0,3169.7,856.7,12.9,3.2,539231.0,1,1,0.18544927869503053
2020,서울특별시 강동구,168.5,44.2,628.9,167.4,698.2,188.7,22.2,4.9,459970.0,3,3,0.6522164488988412
2020,서울특별시 강북구,52.1,13.1,415.5,106.3,394.2,104.6,31.8,7.8,308055.0,1,1,0.3246173572900943
2020,서울특별시 강서구,312.5,77.3,828.0,216.1,1326.9,359.3,46.4,11.7,580185.0,2,2,0.34471763316873066
2020,서울특별시 관악구,37.8,9.5,677.5,176.9,740.8,198.6,21.7,5.3,495060.0,2,2,0.40399143538156995
2020,서울특별시 광진구,376.4,101.1,488.5,130.2,590.7,162.4,29.8,7.4,346682.0,1,1,0.2884487801501088
2020,서울특별시 구로구,347.2,84.9,608.1,157.4,787.5,209.3,99.8,24.1,404408.0,1,1,0.24727502917845343
2020,서울특별시 금천구,246.1,63.2,333.4,86.3,975.1,263.6,234.9,60.3,231733.0,1,1,0.4315311155510868
2020,서울특별시 노원구,70.8,18.3,691.4,178.0,582.0,157.8,32.6,8.4,523037.0,0,0,0.0
2020,서울특별시 도봉구,55.0,14.0,438.5,112.3,331.0,88.0,41.3,10.4,325257.0,2,2,0.6148983726714567
2020,서울특별시 동대문구,166.6,43.4,523.1,136.5,598.6,159.3,71.6,17.9,342837.0,1,1,0.2916838030900982
2020,서울특별시 동작구,53.3,14.3,544.3,142.9,565.5,153.8,14.0,4.0,391220.0,1,1,0.25561065385205256
2020,서울특별시 마포구,174.0,55.3,599.4,160.4,1229.3,326.2,21.1,5.6,371890.0,0,0,0.0
2020,서울특별시 서대문구,32.8,8.5,458.6,121.8,542.7,148.8,15.2,4.0,312173.0,1,1,0.3203351987519741
2020,서울특별시 서초구,441.7,118.3,713.0,193.0,1922.8,518.6,8.6,2.1,425126.0,1,1,0.23522438053659386
2020,서울특별시 성동구,881.7,227.3,454.4,117.8,701.2,187.6,221.4,55.5,293556.0,3,3,1.0219515186199566
2020,서울특별시 성북구,100.1,26.7,626.5,160.8,503.4,133.8,44.4,11.4,437153.0,1,1,0.22875286227018918
2020,서울특별시 송파구,209.8,55.6,967.9,254.9,1488.9,412.9,38.0,9.9,667960.0,3,3,0.449128690340739
2020,서울특별시 양천구,45.5,10.9,652.4,169.5,947.3,247.1,16.8,3.8,454251.0,2,2,0.44028521676341936
2020,서울특별시 영등포구,228.2,59.1,617.6,164.0,1653.0,457.0,107.5,27.0,379480.0,0,0,0.0
2020,서울특별시 용산구,103.2,26.6,426.8,115.3,729.2,198.3,16.3,4.2,230040.0,2,2,0.8694140149539211
2020,서울특별시 은평구,186.6,48.6,662.9,170.4,518.7,137.6,13.1,3.2,479835.0,3,3,0.6252149176279346
2020,서울특별시 종로구,70.5,18.3,268.7,72.0,1171.6,319.7,64.9,16.8,149384.0,2,2,1.3388314678948214
2020,서울특별시 중구,221.1,56.4,208.2,56.1,1713.3,475.1,201.5,51.4,125240.0,1,1,0.7984669434685404
2020,서울특별시 중랑구,69.5,17.1,536.3,139.7,445.5,118.1,53.6,13.1,394702.0,3,3,0.7600670885883527
2020,세종특별자치시 세종시,1843.0,464.3,566.8,140.6,718.0,191.5,1619.0,407.5,355831.0,2,2,0.5620645755990906
2020,울산광역시 남구,14358.2,3666.5,485.4,121.9,734.1,196.5,13390.8,3423.7,320064.0,2,2,0.624875024995001
2020,울산광역시 동구,973.6,258.9,217.2,53.3,216.3,57.4,944.7,251.2,156806.0,13,12,7.6527683889647085
2020,울산광역시 북구,1687.5,433.8,315.0,79.2,308.8,82.4,1633.9,419.8,219014.0,4,4,1.8263672641931565
2020,울산광역시 울주군,12005.7,2692.9,324.2,80.1,437.3,111.2,11589.1,2621.1,222538.0,5,4,1.7974458294763143
2020,울산광역시 중구,27.2,7.0,318.4,78.4,320.2,86.1,11.3,2.9,217595.0,2,2,0.9191387669753441
2020,인천광역시 강화군,88.7,20.2,86.8,20.7,178.5,39.9,72.5,16.1,69203.0,1,1,1.4450240596505932
2020,인천광역시 계양구,376.1,93.3,406.1,103.4,428.3,112.0,211.4,51.6,296750.0,2,2,0.6739679865206403
2020,인천광역시 남동구,1985.0,464.4,791.7,202.1,891.0,234.4,1884.3,438.7,525354.0,2,2,0.38069568329164716
2020,인천광역시 동구,3322.1,836.7,87.9,22.2,107.3,26.2,3270.2,822.7,62542.0,0,0,0.0
2020,인천광역시 미추홀구,418.4,99.8,590.3,150.2,601.8,152.4,329.6,77.5,404343.0,6,5,1.2365738988927717
2020,인천광역시 부평구,719.6,180.8,715.6,182.6,741.2,193.7,657.5,164.6,494962.0,3,3,0.6061071354972705
2020,인천광역시 서구,3651.6,888.6,814.4,208.1,1051.4,268.8,3244.5,790.9,542040.0,6,6,1.1069293779056897
2020,인천광역시 연수구,1015.7,261.3,655.1,175.7,706.9,191.9,569.4,156.6,387450.0,2,2,0.5161956381468576
2020,인천광역시 옹진군,49.9,15.4,26.3,6.5,108.2,25.0,27.9,10.9,20455.0,0,0,0.0
2020,인천광역시 중구,923.0,235.5,222.2,56.7,1047.6,274.5,789.7,201.2,139729.0,5,5,3.578355244795282
2020,전라남도 강진군,59.1,15.0,46.2,11.4,65.2,15.8,36.3,8.9,34597.0,1,1,2.8904240252044975
2020,전라남도 고흥군,72.4,17.8,89.8,22.1,106.0,25.9,40.6,9.6,63922.0,1,1,1.5644066205688183
2020,전라남도 곡성군,211.1,57.0,35.7,8.6,51.8,12.4,205.5,55.6,28039.0,4,4,14.265844002995825
2020,전라남도 광양시,2748.6,575.6,210.8,54.9,272.0,70.7,2628.6,557.4,151769.0,19,18,11.86012953897041
2020,전라남도 구례군,22.9,6.2,33.9,8.2,60.6,14.6,14.9,4.0,25719.0,9,9,34.99358450950659
2020,전라남도 나주시,504.2,131.4,173.5,45.2,290.8,76.6,460.6,120.1,115613.0,4,4,3.459818532517969
2020,전라남도 담양군,207.1,50.1,52.4,12.8,115.7,28.0,190.3,45.9,46280.0,3,3,6.48228176318064
2020,전라남도 목포시,111.3,27.3,349.1,88.6,492.9,123.9,64.7,15.6,224044.0,7,6,2.67804538394244
2020,전라남도 무안군,108.6,27.1,127.5,34.0,173.9,43.3,64.7,16.2,86132.0,6,6,6.966052106069754
2020,전라남도 보성군,51.0,12.5,53.9,13.2,76.7,18.2,40.6,9.9,40482.0,5,5,12.351168420532584
2020,전라남도 순천시,923.1,221.1,415.3,104.6,532.8,141.0,787.1,187.7,282189.0,16,16,5.66995878648707
2020,전라남도 신안군,29.1,7.5,42.5,10.2,65.2,15.2,19.4,5.0,38938.0,3,3,7.704555960758128
2020,전라남도 여수시,12615.7,3228.9,410.3,105.4,648.6,166.4,12147.6,3095.9,280242.0,15,15,5.352516753377438
2020,전라남도 영광군,427.7,118.0,70.3,17.2,107.6,25.8,58.6,14.5,53099.0,1,1,1.8832746379404508
2020,전라남도 영암군,761.4,185.9,77.6,19.2,130.3,32.0,741.3,180.8,53699.0,7,7,13.035624499525131
2020,전라남도 완도군,41.0,10.8,65.9,16.2,103.7,25.4,25.0,6.6,49916.0,1,1,2.003365654299223
2020,전라남도 장성군,357.0,87.4,53.2,13.0,102.7,25.4,329.4,80.3,44464.0,2,2,4.49802087081684
2020,전라남도 장흥군,64.6,16.5,50.1,12.3,69.1,16.6,41.4,10.5,37800.0,2,2,5.291005291005291
2020,전라남도 진도군,22.3,5.5,42.3,10.3,64.7,16.2,14.3,3.4,31227.0,1,1,3.202356934703942
2020,전라남도 함평군,83.6,19.4,38.3,9.3,53.4,12.9,71.5,16.3,32050.0,2,2,6.2402496099843985
2020,전라남도 해남군,96.1,23.7,91.3,22.5,137.9,33.5,79.6,19.7,68806.0,8,8,11.626893003517134
2020,전라남도 화순군,129.8,35.2,81.3,20.0,147.8,37.7,116.7,31.8,62522.0,0,0,0.0
2020,전북특별자치도 고창군,96.4,24.8,72.5,17.6,108.6,26.5,71.5,18.2,54529.0,1,1,1.8338865557776596
2020,전북특별자치도 군산시,4541.1,895.0,405.1,100.5,598.8,152.3,4416.8,864.4,267859.0,9,9,3.3599767041615176
2020,전북특별자치도 김제시,472.8,115.8,107.2,26.4,164.6,40.2,437.9,107.6,82450.0,2,2,2.425712553062462
2020,전북특별자치도 남원시,155.3,39.5,109.4,26.8,161.0,38.9,119.4,30.6,80662.0,2,2,2.4794822840990802
2020,전북특별자치도 무주군,32.2,7.5,32.1,7.7,83.1,16.5,22.9,5.3,24036.0,1,1,4.1604260276252285
2020,전북특별자치도 부안군,121.2,31.7,67.3,16.7,130.9,32.3,91.7,24.0,52140.0,2,2,3.835826620636747
2020,전북특별자치도 순창군,88.5,22.4,34.2,8.3,45.1,11.1,81.6,20.6,27810.0,1,1,3.5958288385472854
2020,전북특별자치도 완주군,1102.1,282.0,121.8,30.1,243.8,64.5,1013.4,258.9,91609.0,6,6,6.549574823434378
2020,전북특별자치도 익산시,1713.8,436.9,403.0,100.3,504.7,126.8,1580.1,403.1,282276.0,10,10,3.5426320338959036
2020,전북특별자치도 임실군,106.8,24.3,31.6,7.5,57.0,13.8,95.6,21.4,27314.0,3,3,10.98337848722267
2020,전북특별자치도 장수군,36.1,9.1,27.3,6.5,38.2,8.7,23.1,5.8,22085.0,2,2,9.05592030790129
2020,전북특별자치도 전주시,1800.3,436.4,1012.7,254.8,1302.8,339.8,1635.8,394.2,657432.0,10,10,1.5210698596965162
2020,전북특별자치도 정읍시,935.8,232.3,151.6,37.0,195.8,48.3,837.9,206.6,108508.0,15,15,13.823865521436208
2020,전북특별자치도 진안군,34.2,8.5,29.5,7.0,45.1,10.3,21.5,5.2,25394.0,7,7,27.56556666929196
2020,제주특별자치도 서귀포시,172.5,44.8,258.7,69.1,686.1,187.1,55.4,13.1,182169.0,17,15,8.234112280355054
2020,제주특별자치도 제주시,471.3,121.2,696.1,181.7,1370.7,366.1,216.0,57.4,492466.0,49,45,9.137686662632547
2020,충청남도 계룡시,55.0,14.1,62.3,16.2,125.1,33.0,26.7,7.0,42822.0,0,0,0.0
2020,충청남도 공주시,469.4,122.0,147.8,36.7,260.6,61.9,407.2,106.3,104545.0,0,0,0.0
2020,충청남도 금산군,650.5,165.9,67.2,16.2,104.5,24.9,636.4,162.4,51413.0,2,2,3.8900667146441563
2020,충청남도 논산시,585.1,147.3,164.3,40.4,255.9,63.0,514.8,129.7,116675.0,5,5,4.285408185129634
2020,충청남도 당진시,9304.6,2540.4,265.4,67.7,344.0,85.4,9129.4,2495.7,166249.0,6,6,3.6090442649279098
2020,충청남도 보령시,580.5,137.4,145.4,36.5,274.4,68.1,379.2,89.2,100229.0,6,6,5.986291392710692
2020,충청남도 부여군,143.5,36.5,88.0,21.3,109.3,26.8,121.1,31.5,65354.0,4,4,6.120512898980935
2020,충청남도 서산시,7203.6,1859.4,274.3,69.1,416.5,103.6,6931.2,1780.7,175591.0,11,9,5.125547436941528
2020,충청남도 서천군,650.2,148.1,73.6,18.0,118.7,29.0,594.7,135.3,51866.0,2,2,3.8560906952531524
2020,충청남도 아산시,12725.6,3238.3,478.1,121.5,604.6,151.4,12348.9,3141.3,316129.0,4,4,1.2653062515618623
2020,충청남도 예산군,694.2,166.1,112.4,27.3,165.3,40.0,665.4,158.8,78084.0,2,2,2.5613441934327135
2020,충청남도 천안시,4890.6,1235.1,990.4,247.8,1347.8,345.0,4730.5,1195.1,658808.0,8,8,1.2143143374093817
2020,충청남도 청양군,127.7,32.6,39.9,9.5,51.2,11.6,116.7,29.9,30948.0,1,1,3.2312265736073416
2020,충청남도 태안군,273.4,95.6,85.8,20.9,200.0,49.7,19.8,4.7,62214.0,5,5,8.03677628829524
2020,충청남도 홍성군,271.9,65.8,155.0,38.4,205.9,51.4,233.5,55.8,100102.0,3,3,2.9969431180196198
2020,충청북도 괴산군,199.7,47.1,51.2,12.4,101.6,25.2,187.7,44.2,39393.0,3,2,5.0770441448988395
2020,충청북도 단양군,1506.2,338.5,39.8,9.5,76.0,17.6,1473.6,330.6,29155.0,1,1,3.429943405933802
2020,충청북도 보은군,155.2,37.6,43.7,10.4,73.0,16.5,141.4,34.2,32412.0,2,2,6.170554115759596
2020,충청북도 영동군,150.6,33.7,62.9,15.0,83.6,19.4,123.2,27.2,47475.0,5,5,10.531858873091101
2020,충청북도 옥천군,331.6,79.8,66.3,15.8,100.0,23.3,173.8,40.1,50527.0,1,1,1.979139865814317
2020,충청북도 음성군,2325.1,579.5,143.9,35.6,263.1,63.6,2269.0,565.6,93153.0,2,2,2.147005464128906
2020,충청북도 제천시,837.6,194.3,190.6,45.9,266.8,63.6,766.5,176.8,133018.0,6,5,3.7588897743162577
2020,충청북도 증평군,416.0,109.1,54.3,13.6,77.4,18.6,378.9,99.7,36807.0,0,0,0.0
2020,충청북도 진천군,2163.1,548.4,129.3,32.4,231.2,57.2,2132.1,540.7,83718.0,4,4,4.777945005852983
2020,충청북도 청주시,9182.3,2406.7,1272.1,321.3,1732.4,450.6,8681.2,2282.9,844993.0,24,23,2.721916039541156
2020,충청북도 충주시,1369.2,335.5,318.0,78.5,487.1,119.4,1246.2,304.7,210186.0,6,5,2.378845403594911
2021,강원특별자치도 강릉시,778.0,199.5,332.4,87.0,605.4,156.6,666.3,172.9,212965.0,9,9,4.22604653346794
2021,강원특별자치도 고성군,55.7,14.5,41.8,10.8,156.7,39.1,33.1,8.8,27249.0,2,1,3.66985944438328
2021,강원특별자치도 동해시,1843.1,471.9,139.0,36.3,214.3,55.2,1758.7,453.3,90081.0,4,4,4.4404480412073575
2021,강원특별자치도 삼척시,1112.1,270.6,96.6,24.5,167.6,43.3,866.3,214.7,63429.0,3,3,4.729697772312349
2021,강원특별자치도 속초시,68.5,17.8,136.0,35.6,358.5,110.5,46.7,12.2,82791.0,0,0,0.0
2021,강원특별자치도 양구군,19.7,4.8,29.9,7.6,84.1,19.9,7.1,1.8,21748.0,1,1,4.598123965422108
2021,강원특별자치도 양양군,46.4,11.7,46.9,12.0,147.7,37.2,30.1,7.5,27913.0,1,1,3.5825600974456346
2021,강원특별자치도 영월군,903.8,231.1,56.9,14.3,90.5,22.0,843.9,216.3,37904.0,1,1,2.6382439848037147
2021,강원특별자치도 원주시,799.1,200.0,576.1,151.9,827.1,212.5,697.8,174.7,357757.0,12,12,3.354232062545247
2021,강원특별자치도 인제군,40.5,9.8,47.1,11.7,154.4,36.8,14.3,3.6,32165.0,1,1,3.1089693766516397
2021,강원특별자치도 정선군,242.3,60.3,54.9,13.2,192.6,46.1,218.1,54.5,35675.0,2,2,5.606166783461808
2021,강원특별자치도 철원군,61.5,14.8,58.9,15.2,168.4,40.6,34.6,8.1,43340.0,8,7,16.151361329026305
2021,강원특별자치도 춘천시,236.1,61.8,448.5,121.2,834.7,217.5,133.7,36.5,284594.0,2,2,0.7027555043324877
2021,강원특별자치도 태백시,101.4,24.5,60.7,14.1,98.4,22.6,25.4,5.8,40844.0,4,4,9.793360101850945
2021,강원특별자치도 평창군,88.1,21.7,69.6,16.7,242.0,53.6,42.8,10.7,40996.0,0,0,0.0
2021,강원특별자치도 홍천군,127.0,34.0,101.5,26.2,260.8,66.8,98.4,26.8,68365.0,0,0,0.0
2021,강원특별자치도 화천군,24.5,5.8,33.9,8.7,126.8,30.8,6.2,1.5,24195.0,2,2,8.266170696424881
2021,강원특별자치도 횡성군,253.2,66.0,69.9,17.7,127.8,31.4,211.8,55.6,46481.0,3,3,6.454250123706461
2021,경기도 가평군,89.5,21.4,92.8,24.3,361.7,85.4,48.2,11.4,62264.0,3,3,4.818193498650905
2021,경기도 고양시,768.7,190.7,1597.0,457.0,2107.8,552.6,352.7,82.4,1079353.0,13,13,1.2044252436413294
2021,경기도 과천시,45.4,12.1,110.2,31.9,206.6,54.0,1.9,0.5,73345.0,3,3,4.090258367986911
2021,경기도 광명시,269.2,70.1,376.3,107.2,400.8,108.6,227.5,59.2,292893.0,4,4,1.3656864452206097
2021,경기도 광주시,1151.2,273.0,592.9,163.7,768.5,193.3,991.8,232.3,387289.0,17,17,4.389486920620002
2021,경기도 구리시,119.5,29.8,291.5,83.5,375.9,102.0,33.9,8.3,191948.0,5,5,2.6048721528747367
2021,경기도 군포시,637.6,161.6,401.6,111.2,435.4,116.2,408.0,103.8,268535.0,1,1,0.37239093600461765
2021,경기도 김포시,2223.8,514.5,802.4,220.9,1031.2,275.4,2109.4,485.3,486508.0,6,6,1.2332787950043989
2021,경기도 남양주시,926.0,228.5,1120.9,307.7,1140.6,293.8,541.4,128.1,733798.0,22,22,2.9981002946314925
2021,경기도 동두천시,251.0,62.6,140.9,38.8,231.0,60.9,178.5,44.4,93592.0,6,5,5.342336951876229
2021,경기도 부천시,1562.4,401.1,1248.6,358.1,1342.1,365.5,1390.6,359.4,806067.0,8,8,0.9924733303807253
2021,경기도 성남시,897.1,248.4,1495.8,431.5,2791.8,777.9,388.0,109.3,930948.0,7,7,0.7519216970228197
2021,경기도 수원시,730.3,191.4,1886.1,543.1,3043.2,841.4,594.2,156.7,1183714.0,15,15,1.2671979887033524
2021,경기도 시흥시,2925.7,721.8,847.1,242.5,925.9,247.6,2780.6,686.0,512030.0,9,9,1.757709509208445
2021,경기도 안산시,5801.7,1498.9,1026.9,295.0,1164.9,311.6,5538.1,1433.7,652726.0,9,9,1.3788327720973272
2021,경기도 안성시,1988.9,512.0,301.5,83.2,630.5,163.3,1920.3,493.9,189534.0,2,2,1.0552196439688921
2021,경기도 안양시,482.8,125.4,829.8,233.8,1473.4,402.1,351.4,91.9,547178.0,5,5,0.9137794282664874
2021,경기도 양주시,1193.0,277.7,347.1,99.2,548.8,133.6,1096.2,254.1,236368.0,5,5,2.1153455628511475
2021,경기도 양평군,117.9,28.5,185.3,48.4,302.5,71.0,28.1,6.7,121230.0,1,1,0.8248783304462591
2021,경기도 여주시,507.0,124.4,165.9,44.6,365.9,93.5,457.1,111.8,112150.0,0,0,0.0
2021,경기도 연천군,200.9,49.0,60.8,16.2,165.6,40.4,144.1,34.6,42721.0,3,3,7.022307530254442
2021,경기도 오산시,574.8,149.7,376.6,107.6,440.8,118.8,516.7,135.4,229983.0,6,6,2.6088884830617918
2021,경기도 용인시,5715.7,1486.9,1703.2,472.6,2756.8,735.3,4702.7,1233.5,1077508.0,5,5,0.46403367770819337
2021,경기도 의왕시,145.0,36.5,247.5,68.3,376.4,97.9,111.0,27.8,163356.0,0,0,0.0
2021,경기도 의정부시,255.6,63.6,705.6,195.7,728.5,195.0,60.1,14.7,463661.0,20,20,4.313496282844578
2021,경기도 이천시,6619.1,1455.0,334.5,93.1,811.9,210.8,6526.2,1431.1,223177.0,14,14,6.2730478499128495
2021,경기도 파주시,7003.1,1820.3,736.2,206.9,1134.5,290.3,6800.7,1769.6,483245.0,14,14,2.8970811907003693
2021,경기도 평택시,11928.5,3153.3,963.6,273.3,1632.7,449.3,11087.0,2947.9,564288.0,35,35,6.2025065214925705
2021,경기도 포천시,1628.0,376.0,210.2,55.6,529.1,129.4,1509.2,348.5,148939.0,12,12,8.056989774337143
2021,경기도 하남시,551.1,141.9,528.1,155.8,662.4,181.2,99.7,24.7,320087.0,3,3,0.9372451864649297
2021,경기도 화성시,15965.7,4080.5,1481.2,419.0,2516.7,671.1,15676.0,4002.3,887015.0,18,18,2.0292779716239298
2021,경상남도 거제시,1025.6,288.1,386.1,103.3,452.7,124.3,949.7,268.2,241216.0,20,19,7.876757760679226
2021,경상남도 거창군,130.0,34.4,84.5,21.5,119.8,28.9,112.9,30.0,61073.0,0,0,0.0
2021,경상남도 고성군,483.7,107.3,71.8,18.3,107.3,26.4,183.8,48.7,50478.0,0,0,0.0
2021,경상남도 김해시,3275.8,798.5,814.5,228.0,1005.6,275.1,3017.2,731.1,537673.0,20,20,3.7197329975654347
2021,경상남도 남해군,20.3,4.9,54.6,14.0,108.2,27.6,6.6,1.3,42266.0,5,5,11.829839587375195
2021,경상남도 밀양시,565.5,141.1,152.6,40.3,213.5,54.2,502.0,125.3,103525.0,6,5,4.829751267809708
2021,경상남도 사천시,881.0,226.9,163.9,44.1,245.5,63.8,819.4,210.8,109953.0,3,3,2.7284385146380727
2021,경상남도 산청군,89.6,23.7,43.7,10.9,71.6,17.6,75.0,19.9,34360.0,0,0,0.0
2021,경상남도 양산시,2453.6,630.5,551.4,151.1,674.5,183.1,2115.0,536.9,354726.0,10,10,2.8190772596313773
2021,경상남도 의령군,191.6,47.9,35.5,9.0,57.7,13.8,179.4,44.8,26322.0,2,0,0.0
2021,경상남도 진주시,938.4,232.5,549.8,149.4,695.8,187.6,838.1,206.0,347097.0,27,26,7.49070144656969
2021,경상남도 창녕군,530.6,137.1,83.4,21.5,135.1,34.3,510.1,131.7,60129.0,3,3,4.989273062914734
2021,경상남도 창원시,6398.5,1626.6,1579.8,439.9,2055.4,561.3,6115.4,1552.5,1032741.0,23,23,2.2270830731035174
2021,경상남도 통영시,307.6,68.6,194.2,52.0,316.6,83.0,94.9,22.6,125383.0,2,2,1.5951125750699855
2021,경상남도 하동군,114.5,24.0,55.4,14.1,84.4,20.9,40.4,10.2,43449.0,2,2,4.603097884876521
2021,경상남도 함안군,2457.9,632.7,89.8,23.5,135.8,35.9,2360.7,608.2,62547.0,1,1,1.598797704126497
2021,경상남도 함양군,57.1,14.1,53.1,13.4,70.1,16.9,43.3,10.7,38310.0,2,2,5.220569042025581
2021,경상남도 합천군,75.5,18.8,56.9,14.2,97.5,23.2,55.4,13.8,42935.0,0,0,0.0
2021,경상북도 경산시,1570.4,392.7,420.9,113.3,486.1,128.8,1505.2,375.7,268369.0,6,6,2.235727673464521
2021,경상북도 경주시,2630.8,648.0,401.9,107.0,679.3,178.8,1836.2,441.3,251889.0,5,4,1.588001063960713
2021,경상북도 고령군,1099.5,265.7,39.6,10.2,70.2,17.8,1070.2,258.3,30626.0,0,0,0.0
2021,경상북도 구미시,8204.8,2069.3,617.9,169.9,723.2,192.8,7826.5,1971.8,412581.0,19,19,4.605156320819427
2021,경상북도 군위군,153.5,37.2,27.8,6.9,55.3,13.3,143.7,34.8,22945.0,2,2,8.716495968620615
2021,경상북도 김천시,1615.4,411.2,202.5,53.4,294.6,76.0,1440.7,368.5,140239.0,7,7,4.9914788325644075
2021,경상북도 문경시,193.5,46.0,96.9,24.8,155.2,37.8,161.3,38.0,71154.0,7,7,9.837816566883099
2021,경상북도 봉화군,1646.7,383.3,41.7,10.2,53.7,12.1,1627.6,378.8,30762.0,1,1,3.250763929523438
2021,경상북도 상주시,155.7,39.7,133.6,34.3,171.8,42.4,128.3,32.8,95566.0,3,3,3.139191762760815
2021,경상북도 성주군,783.7,189.0,51.0,13.1,95.8,23.6,768.1,185.1,42842.0,0,0,0.0
2021,경상북도 안동시,291.0,76.2,236.4,61.5,369.6,92.6,191.2,50.3,156972.0,16,15,9.555844354407157
2021,경상북도 영덕군,52.5,13.1,48.1,12.2,123.9,31.3,31.3,7.9,35314.0,0,0,0.0
2021,경상북도 영양군,11.9,3.1,22.8,5.6,29.8,6.8,3.4,0.7,16320.0,1,1,6.127450980392156
2021,경상북도 영주시,1131.6,282.9,149.0,38.6,205.5,50.4,1098.3,275.1,101942.0,0,0,0.0
2021,경상북도 영천시,975.7,239.0,138.9,35.9,198.3,49.8,941.8,230.5,101888.0,3,2,1.9629396984924623
2021,경상북도 예천군,49.5,12.1,89.2,23.7,101.0,25.1,33.2,7.9,55739.0,14,14,25.117063456466745
2021,경상북도 울릉군,7.4,1.9,10.0,2.6,41.3,10.7,2.1,0.6,8867.0,2,2,22.55554302469832
2021,경상북도 울진군,391.5,156.6,81.0,20.7,147.7,36.6,22.3,5.3,47858.0,7,7,14.626603702620251
2021,경상북도 의성군,80.9,18.8,67.8,16.9,82.9,19.8,65.9,15.0,50632.0,0,0,0.0
2021,경상북도 청도군,93.5,22.6,55.8,14.1,93.5,23.0,80.4,19.4,41891.0,3,3,7.16144279200783
2021,경상북도 청송군,18.9,4.5,34.1,8.3,60.9,14.3,8.2,1.9,24539.0,4,4,16.300582745833164
2021,경상북도 칠곡군,1391.7,346.9,165.5,45.0,312.5,77.5,1289.0,320.3,113822.0,2,2,1.7571295531619546
2021,경상북도 포항시,7826.5,1865.2,761.7,208.6,1043.9,273.3,7675.0,1826.9,503852.0,22,22,4.366361550614069
2021,광주광역시 광산구,2064.6,523.9,635.2,175.2,791.1,216.4,1959.3,497.5,404221.0,16,16,3.9582307698016677
2021,광주광역시 남구,36.1,9.1,334.9,91.6,309.8,84.9,11.8,2.7,215575.0,1,1,0.4638756813174069
2021,광주광역시 동구,33.4,8.7,174.6,47.9,364.6,99.7,8.1,2.0,103470.0,3,3,2.899391127863149
2021,광주광역시 북구,735.8,199.5,660.0,183.1,737.8,201.1,672.1,182.3,427114.0,7,7,1.6389067087475475
2021,광주광역시 서구,310.0,82.5,468.0,128.0,781.7,211.6,193.4,52.5,291231.0,5,5,1.716850197952828
2021,대구광역시 남구,11.1,2.8,219.7,60.3,315.8,85.6,6.1,1.5,143175.0,4,4,2.793783830976078
2021,대구광역시 달서구,2063.7,520.3,834.1,229.0,880.4,240.1,1842.0,459.1,544926.0,6,6,1.1010669338589092
2021,대구광역시 달성군,2895.6,735.0,371.5,101.9,387.4,98.7,2712.7,688.3,262451.0,0,0,0.0
2021,대구광역시 동구,130.3,32.7,516.6,139.3,764.4,206.7,89.0,22.4,341436.0,12,12,3.5145678838786774
2021,대구광역시 북구,724.5,178.9,647.8,177.8,794.9,215.2,609.2,148.7,437008.0,4,4,0.9153150514407058
2021,대구광역시 서구,368.0,98.9,235.0,63.7,294.6,77.7,228.0,55.4,164528.0,3,3,1.8233978410969562
2021,대구광역시 수성구,214.3,54.3,654.3,179.3,721.4,193.5,16.2,4.0,417097.0,2,2,0.4795047674761506
2021,대구광역시 중구,26.8,6.6,130.1,36.6,489.1,134.9,20.7,5.0,74791.0,1,1,1.3370592718375205
2021,대전광역시 대덕구,2075.6,541.8,254.5,68.9,376.8,99.2,1851.4,485.1,175046.0,8,7,3.9989488477314534
2021,대전광역시 동구,88.9,21.9,339.4,92.7,395.1,104.7,58.2,14.1,222222.0,3,3,1.35000135000135
2021,대전광역시 서구,52.0,12.7,708.6,196.7,1034.8,281.0,20.1,4.8,473365.0,5,5,1.0562673623947694
2021,대전광역시 유성구,960.0,267.5,549.3,155.1,1342.9,369.2,419.6,115.3,351277.0,9,9,2.562080637217922
2021,대전광역시 중구,32.5,8.3,338.6,93.4,514.8,139.5,19.0,4.8,230341.0,2,2,0.868277901025002
2021,부산광역시 강서구,3442.9,887.2,234.9,65.9,536.3,146.8,3370.8,868.7,142918.0,6,5,3.4985096348955342
2021,부산광역시 금정구,252.4,64.0,351.4,93.7,379.5,102.3,113.2,28.4,228049.0,2,2,0.8770045034181251
2021,부산광역시 기장군,626.7,163.0,153.2,42.1,353.7,94.7,499.7,123.2,177125.0,2,2,1.1291460832745237
2021,부산광역시 남구,540.2,138.5,423.0,115.4,410.6,113.5,415.3,105.9,262069.0,2,2,0.7631577943213429
2021,부산광역시 동구,78.6,20.2,137.1,37.0,284.1,77.8,30.1,7.4,87679.0,0,0,0.0
2021,부산광역시 동래구,96.4,25.5,409.5,110.1,411.0,113.1,10.2,2.6,266866.0,1,1,0.3747198968770844
2021,부산광역시 부산진구,251.6,66.2,577.3,157.5,784.7,214.2,29.1,7.2,353159.0,2,2,0.5663171545960884
2021,부산광역시 북구,110.2,29.2,414.1,112.3,327.4,89.5,14.8,3.9,283211.0,3,3,1.0592808895134724
2021,부산광역시 사상구,823.3,201.8,299.5,81.3,409.9,112.1,780.6,190.7,208298.0,13,13,6.241058483518804
2021,부산광역시 사하구,1604.8,412.8,452.3,123.6,415.3,113.1,1494.8,383.6,306003.0,0,0,0.0
2021,부산광역시 서구,177.6,49.4,164.1,43.8,237.0,65.6,152.6,42.9,105164.0,4,4,3.8035829751626036
2021,부산광역시 수영구,14.0,3.5,287.1,79.1,307.1,85.3,6.9,1.6,175095.0,0,0,0.0
2021,부산광역시 연제구,65.3,17.5,323.5,87.8,382.4,106.1,13.1,3.2,207144.0,3,3,1.448267871625536
2021,부산광역시 영도구,114.5,30.7,164.1,43.3,155.3,42.1,83.7,22.5,110638.0,3,3,2.7115457618539742
2021,부산광역시 중구,7.0,1.7,64.5,17.5,275.0,77.1,5.0,1.2,40524.0,0,0,0.0
2021,부산광역시 해운대구,227.3,53.3,696.4,192.3,873.3,248.4,142.4,36.2,396438.0,4,4,1.0089850115276537
2021,서울특별시 강남구,273.6,62.4,982.3,296.7,3257.9,895.1,12.1,3.0,533042.0,2,2,0.375204955707055
2021,서울특별시 강동구,171.4,45.2,678.9,198.2,724.2,199.8,22.1,5.5,462664.0,6,6,1.2968374457489669
2021,서울특별시 강북구,52.5,13.3,428.5,121.5,396.1,108.1,32.4,8.2,299182.0,6,6,2.0054682434103657
2021,서울특별시 강서구,327.4,82.9,868.6,251.4,1392.8,386.8,45.5,12.1,574315.0,3,3,0.5223614218677903
2021,서울특별시 관악구,38.2,9.9,702.9,203.5,740.9,204.4,21.5,5.6,485699.0,4,4,0.8235553295353707
2021,서울특별시 광진구,364.6,100.1,511.1,151.4,595.3,167.6,30.0,7.8,339996.0,0,0,0.0
2021,서울특별시 구로구,341.2,85.1,636.4,183.0,814.4,225.2,100.9,25.3,396754.0,5,5,1.2602267399950597
2021,서울특별시 금천구,240.6,64.4,356.1,102.7,1015.8,282.3,228.6,61.2,230811.0,0,0,0.0
2021,서울특별시 노원구,71.2,18.6,709.4,201.1,593.1,162.4,33.6,9.0,510956.0,2,2,0.3914231362387368
2021,서울특별시 도봉구,56.4,14.9,451.1,128.1,334.7,91.5,42.9,11.4,317366.0,7,7,2.205655300189686
2021,서울특별시 동대문구,171.2,45.5,548.5,158.4,605.5,164.7,76.0,19.7,337400.0,10,10,2.963841138114997
2021,서울특별시 동작구,56.7,15.4,569.1,166.3,563.0,156.9,15.1,4.4,385483.0,1,1,0.2594148120669394
2021,서울특별시 마포구,167.6,53.1,630.5,186.4,1258.3,342.0,20.5,5.5,368905.0,1,1,0.27107249833968095
2021,서울특별시 서대문구,32.4,8.4,477.5,139.1,549.2,153.6,14.9,3.9,304819.0,1,1,0.3280635393463006
2021,서울특별시 서초구,431.0,116.2,747.8,223.6,1950.6,530.7,8.0,1.9,412279.0,3,3,0.7276625780114921
2021,서울특별시 성동구,904.3,241.2,473.0,136.9,738.3,203.3,225.8,58.9,285990.0,5,5,1.74831287807266
2021,서울특별시 성북구,103.1,27.9,655.7,186.2,516.5,139.9,45.3,11.8,430528.0,3,3,0.6968187899509439
2021,서울특별시 송파구,212.7,57.1,1016.0,295.8,1524.8,427.8,37.9,10.2,658338.0,4,4,0.6075906297373082
2021,서울특별시 양천구,51.3,12.6,684.6,196.8,1000.0,265.7,17.0,4.1,447302.0,10,9,2.012063438124578
2021,서울특별시 영등포구,230.4,60.9,662.0,194.3,1713.6,481.3,108.6,28.4,376837.0,7,7,1.8575670648052074
2021,서울특별시 용산구,107.6,28.4,450.7,135.1,783.7,218.8,16.4,4.2,222953.0,8,8,3.5882002036303615
2021,서울특별시 은평구,189.7,50.8,700.8,199.5,528.8,144.0,13.3,3.4,473307.0,5,5,1.0563967995402561
2021,서울특별시 종로구,73.3,19.1,275.9,80.3,1176.6,325.6,67.6,17.7,144683.0,8,8,5.529329637898025
2021,서울특별시 중구,224.4,58.6,218.7,64.8,1690.7,477.7,204.9,53.3,122499.0,7,7,5.714332361896832
2021,서울특별시 중랑구,71.3,18.1,563.0,162.1,455.0,124.2,55.4,14.1,387350.0,13,13,3.356137859816703
2021,세종특별자치시 세종시,1963.4,506.9,620.7,168.7,1429.3,215.7,1725.1,445.8,371895.0,14,14,3.7645034216647173
2021,울산광역시 남구,14905.6,3896.1,489.9,133.6,737.0,201.1,13933.9,3647.5,313819.0,5,5,1.593275104439183
2021,울산광역시 동구,972.4,259.9,222.3,59.7,223.4,61.2,943.5,252.3,154096.0,15,15,9.734191672723496
2021,울산광역시 북구,1707.9,457.0,324.9,87.4,324.5,88.0,1654.1,443.1,218735.0,1,1,0.4571742062312844
2021,울산광역시 울주군,11775.0,2746.2,332.7,87.9,453.9,117.7,11303.3,2612.0,222059.0,6,6,2.7019846076943517
2021,울산광역시 중구,29.7,7.8,320.8,85.8,322.6,87.9,11.4,3.0,212883.0,5,5,2.348707975742544
2021,인천광역시 강화군,113.9,28.2,92.0,23.7,188.8,44.0,97.1,23.9,69693.0,4,4,5.739457334309041
2021,인천광역시 계양구,394.5,101.4,428.4,121.8,437.3,118.5,228.2,56.4,295696.0,14,14,4.734592283967317
2021,인천광역시 남동구,2078.7,512.0,828.3,234.8,925.5,252.7,1972.0,485.1,518272.0,14,14,2.7012842677204247
2021,인천광역시 동구,3506.9,964.8,92.2,25.9,111.5,28.5,3451.3,950.6,61486.0,1,1,1.6263864944865496
2021,인천광역시 미추홀구,417.4,104.8,633.8,180.4,624.1,166.5,326.4,81.4,407464.0,11,11,2.6996249975457953
2021,인천광역시 부평구,706.2,184.8,748.5,213.4,775.0,210.4,648.1,169.4,486765.0,6,6,1.2326276540014176
2021,인천광역시 서구,3735.1,935.0,881.9,249.2,1131.7,298.0,3350.5,837.7,555380.0,31,31,5.58176383737261
2021,인천광역시 연수구,1119.3,293.4,717.5,212.5,783.3,221.7,641.7,180.2,389644.0,6,5,1.2832226339941075
2021,인천광역시 옹진군,58.3,14.9,28.0,7.2,117.1,28.1,33.4,9.4,20342.0,1,1,4.915937469275391
2021,인천광역시 중구,997.6,257.7,243.6,67.9,1102.4,300.3,858.8,220.8,143633.0,4,4,2.7848753420175028
2021,전라남도 강진군,64.0,16.3,47.1,12.1,69.1,17.2,40.0,10.1,33753.0,4,4,11.850798447545403
2021,전라남도 고흥군,81.4,21.1,91.5,23.6,111.2,28.0,48.5,12.2,62762.0,1,1,1.593320799209713
2021,전라남도 곡성군,225.1,61.0,36.2,9.0,50.7,12.6,220.0,59.8,27535.0,0,0,0.0
2021,전라남도 광양시,3529.1,865.7,218.5,60.8,285.3,76.4,3379.3,830.5,150531.0,7,7,4.650204941174907
2021,전라남도 구례군,21.5,5.7,34.8,8.9,62.3,15.3,14.8,4.0,25235.0,5,5,19.813750743015653
2021,전라남도 나주시,520.7,136.1,183.7,50.8,309.0,83.1,475.8,124.5,116726.0,1,1,0.8567071603584462
2021,전라남도 담양군,212.9,52.3,54.6,13.8,123.1,31.6,194.8,47.7,46180.0,1,1,2.1654395842355996
2021,전라남도 목포시,116.1,29.2,355.0,96.1,505.9,134.1,68.3,16.6,218589.0,20,20,9.149591242011264
2021,전라남도 무안군,108.7,26.9,141.3,39.5,184.3,48.2,64.6,16.0,91107.0,3,3,3.2928315058118476
2021,전라남도 보성군,53.7,13.1,54.5,13.9,79.0,19.4,43.6,10.5,39375.0,0,0,0.0
2021,전라남도 순천시,953.9,240.1,428.6,116.1,558.0,150.5,808.4,202.9,281436.0,19,19,6.7510908341505695
2021,전라남도 신안군,31.6,8.4,42.2,10.5,71.7,18.5,20.9,5.6,38217.0,4,3,7.849909726038151
2021,전라남도 여수시,13702.5,3672.7,426.2,116.5,664.5,174.3,13164.7,3534.1,276762.0,20,18,6.503783033797992
2021,전라남도 영광군,420.5,88.6,71.7,18.4,109.6,26.6,64.2,15.7,51985.0,3,2,3.847263633740502
2021,전라남도 영암군,785.8,203.6,79.3,20.7,131.4,32.8,765.9,198.5,52937.0,4,4,7.556151651963655
2021,전라남도 완도군,44.1,12.2,66.9,17.1,105.7,26.7,26.1,7.4,48631.0,0,0,0.0
2021,전라남도 장성군,358.4,89.9,54.8,14.1,109.6,27.8,328.0,82.2,43365.0,2,2,4.612014297244322
2021,전라남도 장흥군,68.4,18.0,50.6,12.9,72.7,18.2,43.2,11.6,36547.0,0,0,0.0
2021,전라남도 진도군,21.8,5.3,43.3,11.0,67.4,17.5,13.3,3.1,30066.0,2,2,6.652032195835829
2021,전라남도 함평군,90.3,21.7,38.9,9.9,55.9,14.0,79.0,18.7,31274.0,3,3,9.592632857965082
2021,전라남도 해남군,93.0,23.0,92.2,23.6,141.0,35.7,75.8,18.6,67166.0,4,4,5.955394098204448
2021,전라남도 화순군,131.2,34.7,85.2,22.1,151.2,39.6,117.6,31.3,62624.0,7,6,9.580991313234543
2021,전북특별자치도 고창군,101.9,26.3,74.4,19.1,113.5,28.8,78.6,20.4,53386.0,2,1,1.873150264114187
2021,전북특별자치도 군산시,4744.0,1203.2,418.1,112.9,621.4,164.5,4614.3,1169.1,265304.0,9,9,3.39233483098634
2021,전북특별자치도 김제시,510.8,126.4,109.6,28.7,169.0,43.0,490.1,121.3,80913.0,2,2,2.4717906887644756
2021,전북특별자치도 남원시,169.7,44.0,111.3,28.5,166.1,41.1,132.2,34.7,79431.0,3,3,3.776862937643993
2021,전북특별자치도 무주군,33.8,8.3,32.9,8.2,82.1,17.0,25.4,6.4,23748.0,0,0,0.0
2021,전북특별자치도 부안군,121.1,31.9,68.5,17.9,137.2,35.0,92.0,24.5,50795.0,2,2,3.937395412934344
2021,전북특별자치도 순창군,89.2,22.7,34.8,8.8,47.3,11.5,82.1,20.9,26855.0,1,1,3.7237013591509958
2021,전북특별자치도 완주군,1159.8,299.5,125.8,33.2,255.5,67.8,1067.0,275.6,91142.0,13,13,14.2634570231068
2021,전북특별자치도 익산시,1769.9,461.7,411.8,111.6,520.3,137.8,1635.5,427.5,278113.0,15,14,5.033925059238511
2021,전북특별자치도 임실군,110.6,28.4,32.3,7.9,59.4,14.4,99.1,25.5,26730.0,3,2,7.482229704451926
2021,전북특별자치도 장수군,35.6,8.7,27.9,6.7,39.5,9.0,22.1,5.3,21695.0,0,0,0.0
2021,전북특별자치도 전주시,1828.7,478.1,1047.6,284.2,1351.8,365.9,1662.5,436.0,657269.0,30,30,4.56434123623661
2021,전북특별자치도 정읍시,1085.6,284.3,154.8,40.5,204.2,52.5,989.5,259.7,106487.0,6,6,5.634490595096115
2021,전북특별자치도 진안군,35.0,8.3,30.3,7.3,47.8,11.0,21.5,5.0,24987.0,7,5,20.010405410813622
2021,제주특별자치도 서귀포시,184.1,47.4,280.2,77.8,748.4,208.8,62.5,15.6,183663.0,14,14,7.6226567136549015
2021,제주특별자치도 제주시,490.2,128.7,733.1,201.8,1473.9,408.5,232.9,62.9,493096.0,51,48,9.734412771549556
2021,충청남도 계룡시,58.5,15.0,64.7,17.8,133.0,36.0,29.4,7.7,43331.0,2,2,4.615633149477279
2021,충청남도 공주시,501.9,131.4,151.7,40.3,270.3,66.7,436.4,114.9,103145.0,4,4,3.8780357748800234
2021,충청남도 금산군,635.5,159.0,68.1,17.1,108.8,26.6,620.3,155.2,50477.0,1,0,0.0
2021,충청남도 논산시,604.7,153.8,168.5,45.2,269.1,69.9,530.4,134.6,114483.0,4,4,3.4939685368133255
2021,충청남도 당진시,5936.3,1417.7,281.9,77.8,362.3,94.2,5760.0,1380.1,167092.0,13,13,7.780145069781916
2021,충청남도 보령시,595.9,136.2,150.8,40.6,280.7,72.5,424.0,104.5,98408.0,3,3,3.0485326396227945
2021,충청남도 부여군,153.1,37.4,89.9,23.3,113.6,28.9,126.5,32.0,63774.0,7,6,9.408222786715589
2021,충청남도 서산시,8059.2,1995.3,292.6,80.1,439.4,113.1,7972.4,1974.6,176645.0,10,10,5.661071640861615
2021,충청남도 서천군,712.1,170.2,74.3,19.4,117.7,29.8,625.2,152.1,50745.0,1,1,1.9706375012316486
2021,충청남도 아산시,12434.7,3194.2,511.2,142.1,643.0,166.0,12121.5,3114.2,324580.0,7,7,2.1566331875038514
2021,충청남도 예산군,758.4,192.1,116.1,30.6,177.1,44.4,723.4,183.1,76801.0,12,12,15.624796552128227
2021,충청남도 천안시,5223.9,1365.2,1041.8,287.9,1430.1,382.9,5058.4,1323.6,658486.0,11,11,1.6704986894178464
2021,충청남도 청양군,128.4,32.4,40.7,10.2,54.5,12.8,117.8,29.8,30440.0,2,2,6.570302233902759
2021,충청남도 태안군,256.9,61.1,87.8,22.9,216.0,55.3,20.8,5.3,61526.0,3,3,4.875987387445957
2021,충청남도 홍성군,298.8,75.0,159.5,42.8,216.3,56.0,257.2,64.2,99324.0,3,3,3.0204180258547786
2021,충청북도 괴산군,224.1,55.2,52.8,13.4,108.4,26.8,211.4,52.2,38122.0,2,2,5.246314464088978
2021,충청북도 단양군,1605.0,385.0,39.9,9.8,79.8,18.6,1579.0,378.7,28331.0,2,2,7.059404892167589
2021,충청북도 보은군,169.2,41.9,44.8,11.1,75.3,17.4,154.9,38.3,31878.0,2,2,6.273919317397578
2021,충청북도 영동군,158.8,39.0,63.8,16.1,85.5,20.5,132.3,32.6,45773.0,2,2,4.369388067201188
2021,충청북도 옥천군,353.3,86.9,69.2,17.7,104.7,25.8,191.2,46.6,50093.0,1,1,1.9962869063541813
2021,충청북도 음성군,2425.7,609.5,149.6,39.8,285.4,71.0,2368.1,595.7,92197.0,0,0,0.0
2021,충청북도 제천시,923.2,239.3,195.1,49.8,281.2,68.8,841.6,219.9,131591.0,4,4,3.039721561504966
2021,충청북도 증평군,400.2,102.3,56.5,15.5,83.0,20.5,360.8,91.8,36426.0,3,3,8.235875473562839
2021,충청북도 진천군,2314.4,608.7,139.2,37.9,259.1,66.3,2281.0,600.5,85176.0,4,3,3.522118906734291
2021,충청북도 청주시,9645.8,2561.2,1331.4,370.5,1846.0,499.2,9131.5,2425.9,848482.0,26,26,3.064296001565148
2021,충청북도 충주시,1498.1,387.0,329.9,88.5,502.6,127.5,1370.3,354.0,209358.0,8,8,3.8212057814843474
2022,강원특별자치도 강릉시,909.1,238.9,336.8,88.7,637.0,168.3,689.5,176.2,211381.0,22,21,9.934667732672283
2022,강원특별자치도 고성군,59.2,15.5,42.5,10.7,171.5,44.3,35.3,9.4,27274.0,0,0,0.0
2022,강원특별자치도 동해시,1987.7,494.2,141.2,37.2,232.1,60.1,1909.2,478.2,89426.0,1,0,0.0
2022,강원특별자치도 삼척시,1048.3,254.3,98.5,25.2,177.5,46.3,807.9,201.7,63455.0,1,1,1.575919943266882
2022,강원특별자치도 속초시,71.5,18.5,138.7,36.2,302.8,81.9,49.2,12.7,82806.0,4,3,3.622925874936599
2022,강원특별자치도 양구군,20.1,4.9,29.9,7.5,88.0,20.0,7.8,2.0,21383.0,2,2,9.353224524154703
2022,강원특별자치도 양양군,47.1,11.9,47.6,12.2,159.8,40.1,31.0,7.8,27866.0,1,1,3.588602598148281
2022,강원특별자치도 영월군,888.0,224.6,58.2,14.7,95.4,23.4,824.9,209.3,37728.0,1,1,2.650551314673452
2022,강원특별자치도 원주시,809.8,201.4,592.9,155.4,883.1,227.5,709.3,176.3,360807.0,4,4,1.1086259412927133
2022,강원특별자치도 인제군,39.2,9.4,48.0,11.9,161.5,38.1,13.7,3.4,32206.0,1,1,3.1050114885425075
2022,강원특별자치도 정선군,268.6,65.7,54.4,13.0,212.6,50.6,243.0,59.5,34931.0,2,2,5.7255732730239615
2022,강원특별자치도 철원군,63.3,15.2,58.9,14.9,175.8,41.9,35.9,8.7,42256.0,12,12,28.398333964407424
2022,강원특별자치도 춘천시,241.1,63.0,463.0,125.4,879.0,229.7,135.1,37.1,286664.0,4,4,1.3953618173192308
2022,강원특별자치도 태백시,99.4,24.3,60.5,13.9,102.7,23.6,26.2,6.2,39428.0,1,0,0.0
2022,강원특별자치도 평창군,88.1,23.1,70.1,16.8,258.5,56.8,42.9,10.9,40990.0,1,1,2.4396194193705782
2022,강원특별자치도 홍천군,123.6,32.7,103.3,26.4,279.7,72.0,93.8,25.3,67977.0,2,2,2.942171616870412
2022,강원특별자치도 화천군,24.0,5.4,34.2,8.7,130.8,30.9,6.4,1.5,23388.0,1,1,4.275696938600992
2022,강원특별자치도 횡성군,267.3,69.7,71.6,18.1,138.6,33.6,227.0,59.7,46532.0,2,1,2.1490587122840195
2022,경기도 가평군,93.4,22.3,96.1,25.1,402.4,95.4,51.1,11.9,62150.0,10,10,16.090104585679807
2022,경기도 고양시,779.2,193.3,1597.2,449.1,2556.0,699.8,351.8,81.1,1076535.0,18,17,1.5791404831240974
2022,경기도 과천시,46.2,12.0,126.4,37.0,233.4,60.8,1.7,0.4,78137.0,0,0,0.0
2022,경기도 광명시,266.4,70.3,372.2,103.3,551.4,162.3,224.4,59.3,287945.0,5,5,1.7364427234367674
2022,경기도 광주시,1147.1,270.6,609.7,166.8,848.0,212.8,982.8,228.2,391462.0,17,16,4.087242184426586
2022,경기도 구리시,118.0,29.9,291.1,82.4,390.2,105.4,33.3,8.1,188701.0,6,6,3.1796333882703323
2022,경기도 군포시,624.0,157.6,400.3,108.5,471.5,126.5,394.7,99.9,266213.0,1,1,0.3756390559439246
2022,경기도 김포시,2230.7,506.6,810.2,217.5,1149.3,305.7,2120.3,478.1,484267.0,4,4,0.8259906208765
2022,경기도 남양주시,952.2,232.9,1151.8,311.8,1239.8,319.0,537.9,125.6,737353.0,13,13,1.7630632817659926
2022,경기도 동두천시,233.0,58.1,141.3,38.6,241.2,62.5,177.2,42.2,91546.0,11,11,12.015817184803268
2022,경기도 부천시,1566.3,399.6,1233.7,345.3,1431.0,388.8,1391.5,357.4,790128.0,13,13,1.6453030395075228
2022,경기도 성남시,898.1,238.1,1494.7,423.6,3006.6,838.9,381.6,106.4,922518.0,19,18,1.9511814403621395
2022,경기도 수원시,698.0,182.1,1923.5,545.4,3231.0,891.5,565.6,147.6,1190964.0,15,14,1.1755183196133552
2022,경기도 시흥시,2902.6,712.2,862.1,243.3,1025.6,273.8,2753.7,675.2,512912.0,15,15,2.924478273076083
2022,경기도 안산시,5757.8,1480.3,1023.4,290.4,1251.7,334.6,5487.8,1412.5,641660.0,13,13,2.025995075273509
2022,경기도 안성시,2071.7,529.8,307.5,84.0,718.7,187.0,2005.0,512.0,188842.0,12,11,5.824975376240455
2022,경기도 안양시,465.3,119.2,837.5,230.8,1628.4,441.3,332.3,86.0,548228.0,13,13,2.371276184361251
2022,경기도 양주시,1150.5,261.3,373.1,102.5,654.7,196.0,1054.8,237.5,243432.0,6,6,2.4647540175490485
2022,경기도 양평군,121.7,29.8,191.6,49.1,329.0,77.1,28.2,6.6,122323.0,6,6,4.905046475315354
2022,경기도 여주시,515.7,124.9,170.9,45.6,406.5,104.2,461.1,111.9,113150.0,11,10,8.837825894829871
2022,경기도 연천군,209.6,50.8,60.7,15.9,172.7,40.9,147.2,35.2,42062.0,7,7,16.642099757500834
2022,경기도 오산시,563.7,145.8,378.1,106.5,481.8,128.0,505.7,131.3,229849.0,6,6,2.610409442721091
2022,경기도 용인시,5749.1,1492.5,1712.1,467.6,3022.2,803.7,4687.7,1220.1,1074971.0,15,15,1.395386480193419
2022,경기도 의왕시,147.0,36.4,246.5,66.9,427.1,112.9,113.5,27.9,160221.0,5,5,3.1206895475624297
2022,경기도 의정부시,252.1,62.4,718.6,195.6,774.8,205.8,56.3,13.6,463724.0,8,7,1.509518592956155
2022,경기도 이천시,7277.2,1921.1,342.0,94.9,900.9,233.7,7184.3,1897.3,222721.0,17,17,7.632868027711801
2022,경기도 파주시,7133.5,1851.4,774.1,215.4,1270.2,323.0,6901.5,1794.3,495315.0,31,29,5.85486003856132
2022,경기도 평택시,14176.5,3716.2,1020.1,286.9,1735.2,465.6,13323.4,3499.5,578529.0,22,22,3.802748003989428
2022,경기도 포천시,1613.7,367.3,212.7,56.0,575.3,138.7,1506.0,341.0,146701.0,8,8,5.453268893872571
2022,경기도 하남시,560.4,144.8,559.3,162.9,735.4,202.9,101.1,25.3,326059.0,3,3,0.9200788814294345
2022,경기도 화성시,16242.3,4159.1,1543.3,429.4,2798.1,753.6,15946.3,4081.2,910814.0,23,21,2.305629909070348
2022,경상남도 거제시,974.8,267.7,380.7,103.7,477.1,131.8,900.1,248.4,236662.0,23,22,9.295957948466588
2022,경상남도 거창군,126.6,33.3,85.5,22.2,127.8,32.2,110.1,29.1,60387.0,1,1,1.6559855598059183
2022,경상남도 고성군,427.1,107.2,71.8,18.5,109.2,27.8,187.9,49.8,50448.0,4,4,7.92895654931811
2022,경상남도 김해시,3264.2,796.5,828.3,236.7,1080.6,304.1,3013.8,730.6,535129.0,28,28,5.232383219747014
2022,경상남도 남해군,20.0,5.0,54.3,14.1,115.5,30.0,6.1,1.4,41579.0,2,2,4.810120493518363
2022,경상남도 밀양시,574.4,141.8,156.1,42.3,236.6,61.4,511.1,125.6,102945.0,16,16,15.542279858176697
2022,경상남도 사천시,881.6,223.7,164.5,45.2,262.1,69.6,818.7,207.2,109369.0,4,4,3.6573434885570864
2022,경상남도 산청군,92.0,25.2,44.0,11.1,75.8,18.8,77.1,21.3,34028.0,1,1,2.9387563183260843
2022,경상남도 양산시,2420.2,615.0,565.5,157.6,721.9,200.7,2056.8,516.0,353792.0,8,7,1.9785636758321272
2022,경상남도 의령군,195.2,49.2,35.9,9.3,56.1,13.5,183.2,46.2,26061.0,1,1,3.837151298875715
2022,경상남도 진주시,922.1,225.3,557.7,154.9,752.1,207.0,818.1,197.7,343782.0,15,13,3.781466161695493
2022,경상남도 창녕군,544.5,137.7,84.3,22.2,141.8,37.1,524.2,132.5,58372.0,3,3,5.139450421434935
2022,경상남도 창원시,6394.8,1607.5,1597.2,454.1,2164.8,604.7,6113.4,1533.2,1021487.0,33,32,3.132687934354524
2022,경상남도 통영시,343.2,83.3,191.6,51.7,332.8,88.0,115.9,30.2,122681.0,3,3,2.4453664381607583
2022,경상남도 하동군,141.9,29.3,55.2,14.0,89.0,22.5,40.2,10.1,42465.0,2,2,4.709760979630284
2022,경상남도 함안군,2492.0,596.5,90.1,24.4,141.0,37.7,2392.7,571.3,61456.0,1,1,1.6271804217651655
2022,경상남도 함양군,59.1,14.6,53.2,13.5,76.5,19.1,43.2,10.2,37708.0,4,3,7.955871433117641
2022,경상남도 합천군,76.5,18.8,57.0,14.4,105.6,25.2,55.6,13.4,42142.0,3,3,7.118788856722509
2022,경상북도 경산시,1614.6,405.7,436.6,122.2,513.4,140.5,1548.4,388.2,267725.0,8,7,2.614623214118965
2022,경상북도 경주시,2579.5,624.3,410.2,112.6,742.0,202.5,1874.0,443.0,249607.0,10,8,3.205038320239417
2022,경상북도 고령군,1102.7,265.4,39.5,10.5,74.8,19.0,1072.1,257.9,30353.0,0,0,0.0
2022,경상북도 구미시,8012.9,2136.7,629.4,179.5,779.0,214.6,7623.0,2037.7,408110.0,14,12,2.9403837200754697
2022,경상북도 군위군,148.1,35.8,27.9,7.0,61.4,15.2,138.1,33.3,23340.0,1,1,4.284490145672665
2022,경상북도 김천시,1630.8,410.2,205.5,55.3,313.3,83.5,1451.0,366.0,139324.0,5,5,3.588757141626712
2022,경상북도 문경시,199.3,47.1,97.2,24.9,163.2,39.8,169.3,39.3,70373.0,11,9,12.788995779631392
2022,경상북도 봉화군,1591.4,393.6,40.7,10.0,56.6,13.0,1573.2,389.2,30139.0,4,4,13.271840472477521
2022,경상북도 상주시,150.2,38.3,136.2,35.2,184.3,46.4,122.8,31.4,94823.0,3,3,3.1637893759952753
2022,경상북도 성주군,802.3,190.3,51.5,13.6,101.3,25.4,786.2,186.2,42566.0,3,3,7.047878588544848
2022,경상북도 안동시,307.4,80.2,239.4,63.9,395.7,100.8,199.2,52.5,154610.0,19,19,12.288985188538906
2022,경상북도 영덕군,52.4,13.2,47.7,12.2,127.6,32.9,31.6,8.0,34650.0,2,2,5.772005772005772
2022,경상북도 영양군,11.9,2.9,22.2,5.4,30.8,6.9,3.6,0.8,16022.0,0,0,0.0
2022,경상북도 영주시,1195.3,303.7,151.0,39.6,214.3,53.1,1161.2,295.5,100749.0,2,1,0.9925656830340749
2022,경상북도 영천시,983.7,234.4,141.7,37.4,210.3,54.4,946.4,224.9,101088.0,0,0,0.0
2022,경상북도 예천군,51.0,12.9,90.2,24.4,106.1,26.9,34.8,9.0,55755.0,12,12,21.522733387140168
2022,경상북도 울릉군,7.9,2.0,10.1,2.6,44.8,11.4,2.4,0.6,8996.0,1,1,11.116051578479324
2022,경상북도 울진군,403.8,72.4,81.3,20.8,158.3,38.9,22.6,5.4,47030.0,6,5,10.631511800978098
2022,경상북도 의성군,80.4,18.1,67.7,17.1,86.5,20.8,65.6,14.2,50186.0,4,4,7.970350296895549
2022,경상북도 청도군,91.1,22.0,56.0,14.1,104.2,26.4,77.5,18.7,41614.0,2,2,4.806074878646609
2022,경상북도 청송군,19.0,4.5,34.5,8.6,64.0,15.1,8.3,1.8,24295.0,4,4,16.464293064416545
2022,경상북도 칠곡군,1393.0,341.5,169.6,48.0,337.1,91.0,1293.8,316.3,112487.0,9,9,8.000924551281482
2022,경상북도 포항시,7691.8,1974.7,772.2,219.6,1111.3,308.7,7535.7,1934.8,496650.0,22,22,4.4296788482834994
2022,광주광역시 광산구,1999.0,504.9,647.4,179.9,841.7,234.6,1890.5,477.9,400654.0,8,7,1.7471434205074703
2022,광주광역시 남구,45.0,11.5,340.2,94.4,322.0,89.7,12.0,2.8,212379.0,8,7,3.2959944250608584
2022,광주광역시 동구,35.1,9.1,183.3,51.6,374.3,103.6,8.0,2.0,105909.0,0,0,0.0
2022,광주광역시 북구,761.2,210.0,668.6,189.5,763.5,210.6,693.9,192.0,424707.0,4,4,0.9418257763587603
2022,광주광역시 서구,310.9,85.0,469.0,128.3,801.7,219.3,195.4,54.0,287401.0,0,0,0.0
2022,대구광역시 남구,11.3,2.9,225.9,65.5,328.0,92.4,6.1,1.6,141519.0,6,5,3.533094496145394
2022,대구광역시 달서구,2059.1,522.2,851.9,242.9,919.5,261.2,1833.1,458.0,536989.0,9,9,1.676011985347931
2022,대구광역시 달성군,3075.4,781.3,391.0,111.9,481.3,133.0,2885.6,729.8,263162.0,4,3,1.139982216277426
2022,대구광역시 동구,129.6,33.1,541.3,153.4,809.3,227.7,87.3,21.9,339530.0,3,3,0.8835743527817866
2022,대구광역시 북구,716.3,178.0,667.2,191.4,825.4,232.1,600.6,147.0,430912.0,2,2,0.4641318877172137
2022,대구광역시 서구,364.9,99.4,238.2,68.0,308.6,84.5,227.9,56.2,159827.0,3,2,1.2513530254587772
2022,대구광역시 수성구,215.1,55.5,676.3,193.6,760.1,211.7,15.0,3.7,411553.0,2,1,0.24298207035302866
2022,대구광역시 중구,28.6,7.0,146.3,44.4,503.4,143.8,20.0,5.1,80199.0,0,0,0.0
2022,대전광역시 대덕구,2095.9,545.6,257.9,70.1,395.3,104.9,1872.7,489.5,172746.0,2,2,1.1577692102856216
2022,대전광역시 동구,87.2,21.9,344.0,94.9,409.9,110.7,56.5,14.0,219751.0,2,2,0.9101210005870279
2022,대전광역시 서구,54.1,13.3,714.5,197.5,1071.8,294.4,19.3,4.5,470374.0,7,5,1.062983923431142
2022,대전광역시 유성구,899.3,247.1,562.7,159.1,1516.5,427.3,365.0,96.8,356093.0,8,7,1.965778602780734
2022,대전광역시 중구,33.7,8.7,342.3,95.5,526.0,144.4,20.0,5.1,227108.0,5,5,2.201595716575374
2022,부산광역시 강서구,3476.4,884.1,243.3,69.2,656.3,179.8,3401.9,864.8,143207.0,9,9,6.284608992577178
2022,부산광역시 금정구,248.3,63.9,347.9,94.8,397.7,110.4,108.4,27.7,221256.0,2,2,0.9039302888961204
2022,부산광역시 기장군,677.7,173.7,158.7,44.6,391.5,107.3,523.7,130.0,178614.0,6,6,3.3591991669186068
2022,부산광역시 남구,514.1,136.1,422.5,116.8,426.1,119.7,392.6,103.0,256333.0,1,0,0.0
2022,부산광역시 동구,82.5,21.3,140.5,38.7,299.3,83.1,31.0,7.9,86462.0,3,2,2.3131549119844554
2022,부산광역시 동래구,98.6,25.7,427.6,117.7,442.4,125.5,10.2,2.7,273226.0,6,6,2.1959842767525783
2022,부산광역시 부산진구,252.0,70.7,591.1,164.1,824.9,234.7,27.4,6.9,355917.0,4,4,1.1238575285811019
2022,부산광역시 북구,111.6,29.9,418.2,116.0,344.9,96.0,14.9,4.0,278857.0,3,3,1.075820223268557
2022,부산광역시 사상구,790.1,194.8,300.8,83.5,428.0,118.4,747.2,183.7,203789.0,4,3,1.4721108597618124
2022,부산광역시 사하구,1517.9,387.0,454.8,126.7,432.1,119.4,1405.1,358.7,301987.0,5,5,1.6557004109448419
2022,부산광역시 서구,168.1,46.5,167.8,45.3,240.7,66.9,143.1,40.0,105192.0,2,2,1.9012852688417368
2022,부산광역시 수영구,13.7,3.5,291.9,81.8,325.4,91.7,6.6,1.7,174806.0,2,2,1.1441254876834892
2022,부산광역시 연제구,65.0,17.9,327.2,90.6,406.4,115.3,12.5,3.1,203536.0,2,2,0.9826271519534627
2022,부산광역시 영도구,103.9,28.6,162.9,43.1,164.3,44.6,73.2,20.5,108156.0,3,3,2.773771219349828
2022,부산광역시 중구,6.8,1.7,64.6,17.6,282.8,80.2,4.8,1.2,39689.0,0,0,0.0
2022,부산광역시 해운대구,217.3,54.2,698.7,194.5,913.3,261.7,137.1,36.0,386785.0,1,1,0.2585415670204377
2022,서울특별시 강남구,291.7,65.5,985.2,291.7,3425.9,936.7,11.8,3.0,529102.0,2,2,0.3779989491629213
2022,서울특별시 강동구,165.7,44.0,678.5,194.9,761.9,207.4,21.7,5.4,460067.0,0,0,0.0
2022,서울특별시 강북구,53.4,13.9,422.5,116.9,420.0,114.4,33.2,8.5,293660.0,2,2,0.6810597289382279
2022,서울특별시 강서구,323.2,82.6,862.4,244.5,1477.6,407.1,45.7,12.3,569166.0,3,3,0.5270870009803817
2022,서울특별시 관악구,38.6,10.2,696.1,198.2,764.1,210.1,20.7,5.3,486752.0,11,10,2.0544342909736373
2022,서울특별시 광진구,361.6,100.7,508.5,147.3,635.3,178.1,29.8,7.7,337416.0,2,2,0.5927401190222159
2022,서울특별시 구로구,346.4,87.2,631.5,177.4,891.5,246.7,98.7,24.7,395315.0,4,4,1.0118513084502234
2022,서울특별시 금천구,225.9,59.4,356.9,101.1,1078.9,297.6,213.6,56.2,229642.0,2,2,0.8709208245878367
2022,서울특별시 노원구,76.0,20.2,700.6,194.5,620.6,168.4,33.4,9.0,503734.0,10,10,1.9851747152266872
2022,서울특별시 도봉구,56.1,14.7,444.2,123.3,351.4,95.6,42.6,11.1,311694.0,6,5,1.604137391159278
2022,서울특별시 동대문구,173.4,46.3,550.5,154.3,626.2,169.2,76.3,19.9,336644.0,3,3,0.8911491070685947
2022,서울특별시 동작구,57.4,15.9,567.4,160.7,576.0,160.0,14.1,4.3,380596.0,1,1,0.26274579869467884
2022,서울특별시 마포구,185.3,58.2,631.2,182.1,1359.6,369.0,20.1,5.4,364638.0,1,1,0.27424459326784373
2022,서울특별시 서대문구,32.7,8.6,480.8,137.4,581.7,161.5,14.9,4.0,306337.0,1,1,0.3264378772397719
2022,서울특별시 서초구,427.7,115.8,729.4,212.5,2030.8,552.3,7.8,1.9,404325.0,8,8,1.978606319173932
2022,서울특별시 성동구,893.4,238.3,466.2,130.9,780.5,213.1,219.4,56.9,281000.0,2,2,0.7117437722419928
2022,서울특별시 성북구,102.6,27.7,651.1,180.1,539.3,145.0,45.0,11.7,430397.0,3,3,0.6970308807914554
2022,서울특별시 송파구,215.6,58.4,1016.0,289.6,1733.5,504.1,36.3,9.6,658801.0,9,9,1.366118144932992
2022,서울특별시 양천구,44.4,11.5,672.0,188.6,1021.0,271.0,16.5,3.9,440881.0,5,4,0.9072742985068534
2022,서울특별시 영등포구,225.4,59.0,659.9,189.0,1786.0,497.9,102.4,26.1,375675.0,12,9,2.395687762028349
2022,서울특별시 용산구,107.5,27.8,443.1,129.2,882.6,246.0,16.5,4.3,218650.0,4,4,1.8294077292476563
2022,서울특별시 은평구,194.8,52.0,698.6,196.2,555.4,150.5,13.0,3.3,466746.0,11,11,2.356742210966993
2022,서울특별시 종로구,75.2,19.7,272.9,77.7,1220.4,335.3,68.7,18.0,141379.0,1,1,0.7073186258213737
2022,서울특별시 중구,225.2,58.3,219.4,63.3,1753.8,491.2,204.1,53.0,120437.0,1,1,0.8303096224582147
2022,서울특별시 중랑구,72.1,18.4,561.5,158.2,481.9,130.9,55.8,14.2,385318.0,6,6,1.5571553885362222
2022,세종특별자치시 세종시,2025.6,519.3,654.1,176.6,213.5,232.8,1781.0,457.9,383591.0,26,25,6.517358332181933
2022,울산광역시 남구,14435.7,3722.0,493.3,138.6,777.2,219.7,13499.7,3481.5,310638.0,7,7,2.2534268183544834
2022,울산광역시 동구,999.1,275.2,219.9,58.2,233.8,64.9,970.5,267.7,151711.0,8,8,5.273183882513463
2022,울산광역시 북구,1742.9,462.6,331.3,91.6,351.9,99.2,1688.9,448.2,218670.0,2,2,0.9146202039603055
2022,울산광역시 울주군,11359.3,2764.1,338.0,91.2,491.0,130.4,10964.9,2675.4,221512.0,6,5,2.2572140561233702
2022,울산광역시 중구,30.3,8.0,319.3,87.5,337.4,94.9,10.8,2.9,208132.0,3,3,1.44139296215863
2022,인천광역시 강화군,115.3,27.8,94.0,23.8,205.8,47.9,97.4,23.2,69803.0,7,7,10.028222282709912
2022,인천광역시 계양구,396.9,102.2,425.6,118.6,464.3,125.5,282.3,72.1,288856.0,6,5,1.7309662946243112
2022,인천광역시 남동구,2073.4,504.4,815.7,226.2,979.5,266.2,1956.9,474.7,506181.0,13,13,2.5682512777050106
2022,인천광역시 동구,3418.3,819.8,91.6,25.0,112.1,28.5,3364.9,804.0,58999.0,1,1,1.6949439821013916
2022,인천광역시 미추홀구,418.9,103.6,648.1,180.5,666.8,176.2,325.1,79.7,406004.0,6,6,1.4778179525324873
2022,인천광역시 부평구,704.2,178.0,761.9,211.8,814.4,220.2,623.6,155.5,489118.0,4,4,0.8177985680347074
2022,인천광역시 서구,3588.6,909.9,960.0,270.2,1255.9,331.5,3178.6,812.4,589013.0,15,13,2.207082016865502
2022,인천광역시 연수구,1262.9,339.0,722.5,209.6,872.2,247.1,745.3,213.9,385796.0,8,8,2.073634770707835
2022,인천광역시 옹진군,54.2,10.2,29.1,7.5,123.7,29.5,30.2,7.7,20613.0,1,0,0.0
2022,인천광역시 중구,1040.9,269.3,265.7,73.4,1214.8,332.2,895.4,230.6,152931.0,8,7,4.577227638608261
2022,전라남도 강진군,67.6,16.6,46.8,12.1,73.4,18.4,39.7,10.0,33177.0,2,2,6.028272598486903
2022,전라남도 고흥군,81.0,20.6,91.8,23.8,115.8,29.6,46.5,11.4,61880.0,3,3,4.848093083387201
2022,전라남도 곡성군,228.7,62.6,35.7,8.9,53.1,13.3,223.3,61.4,27060.0,3,3,11.086474501108647
2022,전라남도 광양시,4417.8,1014.5,227.0,65.0,303.5,82.7,4259.0,972.7,152168.0,18,15,9.857525892434678
2022,전라남도 구례군,23.5,6.3,34.5,8.8,64.9,16.2,14.7,4.1,24655.0,9,7,28.391806935712836
2022,전라남도 나주시,506.8,134.3,189.6,53.2,329.9,90.6,460.4,122.1,116456.0,4,4,3.4347736484165696
2022,전라남도 담양군,216.6,55.0,55.5,14.3,129.3,33.7,198.3,50.2,45792.0,3,2,4.367575122292103
2022,전라남도 목포시,119.5,29.2,358.6,98.4,522.4,141.5,72.5,16.7,216939.0,7,7,3.226713500108325
2022,전라남도 무안군,107.7,26.3,144.7,41.4,199.4,52.1,63.3,15.9,90608.0,8,8,8.829242450997704
2022,전라남도 보성군,52.6,12.5,54.6,13.9,82.3,20.5,42.4,10.0,38471.0,2,2,5.198721114605807
2022,전라남도 순천시,1021.2,266.8,435.5,119.5,585.8,161.5,866.1,226.5,278737.0,17,12,4.305133512953071
2022,전라남도 신안군,32.9,9.1,41.3,10.3,81.4,20.4,21.5,6.1,37858.0,4,4,10.56579851022241
2022,전라남도 여수시,13520.5,3594.6,431.9,120.1,695.3,187.7,13214.2,3450.4,274765.0,21,18,6.55105271777701
2022,전라남도 영광군,410.7,102.0,72.4,18.6,112.4,27.8,84.4,22.5,52197.0,2,2,3.831637833591969
2022,전라남도 영암군,769.5,198.8,80.1,21.1,134.6,34.1,743.5,193.6,52395.0,6,6,11.45147437732608
2022,전라남도 완도군,47.2,12.7,66.3,17.0,107.9,27.7,27.3,7.5,47597.0,0,0,0.0
2022,전라남도 장성군,349.4,85.6,55.0,14.2,116.0,29.9,318.7,77.7,43146.0,4,4,9.270847819033051
2022,전라남도 장흥군,72.9,19.3,49.9,12.9,77.5,19.8,46.9,12.4,35650.0,1,1,2.805049088359046
2022,전라남도 진도군,20.9,5.3,43.3,11.0,70.4,18.6,12.8,3.1,29507.0,4,4,13.556105330938422
2022,전라남도 함평군,99.8,22.9,38.7,9.8,59.1,14.8,88.0,20.0,30784.0,3,2,6.496881496881497
2022,전라남도 해남군,97.3,26.3,92.1,23.8,145.6,37.3,80.6,22.1,65831.0,2,2,3.038082362412845
2022,전라남도 화순군,130.2,35.1,87.0,22.9,159.8,42.2,116.8,31.7,62024.0,1,1,1.6122791177608666
2022,전북특별자치도 고창군,107.0,28.3,74.5,19.1,120.6,30.8,84.6,22.7,52338.0,1,1,1.9106576483625664
2022,전북특별자치도 군산시,4690.1,1182.2,418.6,112.7,658.4,175.4,4573.1,1150.3,262467.0,10,10,3.8100027813020305
2022,전북특별자치도 김제시,535.3,135.8,109.0,28.7,179.2,46.2,512.3,130.3,81455.0,7,7,8.593702044073416
2022,전북특별자치도 남원시,194.4,49.1,110.6,28.6,175.8,44.3,155.0,39.2,77948.0,7,6,7.697439318520039
2022,전북특별자치도 무주군,33.6,8.5,32.9,8.2,90.7,18.5,25.3,6.6,23489.0,2,2,8.514623866490698
2022,전북특별자치도 부안군,122.3,32.4,67.8,17.8,144.7,37.3,92.9,24.9,50094.0,5,5,9.981235277677966
2022,전북특별자치도 순창군,91.0,23.8,34.9,8.9,50.9,12.6,83.7,21.9,26727.0,1,1,3.7415347775657577
2022,전북특별자치도 완주군,1186.3,312.2,131.3,35.1,270.9,72.5,1091.3,287.1,92422.0,8,7,7.573954253316311
2022,전북특별자치도 익산시,1762.8,464.9,411.7,112.1,546.7,145.4,1628.3,430.6,273697.0,14,13,4.749778039218552
2022,전북특별자치도 임실군,108.1,27.9,32.0,7.9,62.2,15.1,96.9,25.0,26508.0,6,6,22.634676324128566
2022,전북특별자치도 장수군,36.3,8.7,27.3,6.5,41.4,9.5,22.0,5.2,21336.0,2,2,9.373828271466067
2022,전북특별자치도 전주시,1792.0,464.6,1057.6,289.8,1431.3,392.3,1623.3,421.9,651495.0,25,23,3.5303417524309477
2022,전북특별자치도 정읍시,1144.3,303.0,154.3,40.6,215.7,56.0,1046.4,278.5,105081.0,3,3,2.854940474491107
2022,전북특별자치도 진안군,33.8,8.4,30.4,7.3,50.3,11.6,20.3,4.9,24550.0,6,6,24.43991853360489
2022,제주특별자치도 서귀포시,190.3,49.7,290.7,83.9,827.1,233.2,63.6,15.9,184770.0,31,30,16.23640201331385
2022,제주특별자치도 제주시,497.6,131.7,760.4,218.8,1620.1,455.5,235.8,63.7,493389.0,62,59,11.95811013216752
2022,충청남도 계룡시,58.2,14.9,69.2,19.3,136.7,37.2,30.1,7.8,44475.0,5,5,11.242270938729623
2022,충청남도 공주시,483.0,122.2,153.0,40.6,286.7,71.3,418.3,105.9,102571.0,5,3,2.924803306977606
2022,충청남도 금산군,650.7,165.5,69.8,17.8,119.4,29.7,634.4,161.3,50092.0,3,3,5.988980276291624
2022,충청남도 논산시,613.4,157.2,168.2,45.0,283.5,73.5,537.8,138.0,112617.0,7,7,6.215757834074784
2022,충청남도 당진시,5906.8,1507.0,288.3,79.5,382.0,98.4,5749.2,1473.5,168253.0,15,13,7.726459557927645
2022,충청남도 보령시,663.4,170.3,152.2,41.3,297.2,80.3,439.7,107.3,97157.0,2,2,2.0585238325596715
2022,충청남도 부여군,162.5,42.8,89.4,23.2,121.3,31.0,125.8,32.5,62343.0,13,13,20.852381181528
2022,충청남도 서산시,9111.5,2311.3,294.5,80.3,450.2,116.1,9009.7,2286.9,176413.0,14,14,7.935923089568229
2022,충청남도 서천군,702.9,178.0,74.0,19.3,123.5,31.7,635.1,159.9,49964.0,1,0,0.0
2022,충청남도 아산시,11912.2,3021.4,541.8,150.5,726.6,189.7,11605.3,2944.7,334539.0,21,20,5.978376213236722
2022,충청남도 예산군,782.9,193.5,119.1,31.5,196.0,49.1,744.9,184.0,77385.0,18,18,23.260321767784454
2022,충청남도 천안시,5388.3,1416.5,1061.4,290.6,1594.6,428.4,5219.4,1373.8,657559.0,11,10,1.520776082450396
2022,충청남도 청양군,132.7,34.4,40.3,10.0,59.9,13.7,122.1,31.8,30266.0,5,5,16.52018766933192
2022,충청남도 태안군,322.8,69.8,86.7,22.6,258.8,60.7,20.9,5.5,61335.0,4,3,4.8911714355588165
2022,충청남도 홍성군,311.2,77.6,160.9,43.3,229.3,59.3,267.4,66.1,98068.0,11,11,11.216706774890893
2022,충청북도 괴산군,250.8,61.8,53.6,13.6,116.0,28.6,237.1,58.4,37055.0,5,5,13.493455673998112
2022,충청북도 단양군,1684.5,413.0,39.2,9.6,85.7,20.2,1656.5,406.1,27767.0,3,3,10.804192026506286
2022,충청북도 보은군,170.6,42.4,45.1,11.3,80.3,18.6,155.6,38.7,31455.0,2,2,6.358289620092195
2022,충청북도 영동군,158.0,38.2,64.6,16.3,89.9,21.9,131.9,32.0,44956.0,2,2,4.4487943767239075
2022,충청북도 옥천군,355.4,88.4,69.8,18.0,113.9,28.1,193.3,46.9,49520.0,2,1,2.0193861066235868
2022,충청북도 음성군,2565.9,652.5,154.9,41.3,314.0,77.9,2501.0,636.8,92058.0,7,7,7.603901887940212
2022,충청북도 제천시,946.4,238.3,196.0,50.2,307.6,74.9,864.5,219.2,130988.0,7,5,3.8171435551348214
2022,충청북도 증평군,382.4,100.6,58.6,16.0,107.3,28.0,344.2,90.5,37262.0,0,0,0.0
2022,충청북도 진천군,2338.8,613.3,143.6,39.1,293.5,74.5,2301.5,603.5,86147.0,4,4,4.643226113503662
2022,충청북도 청주시,9913.6,2620.6,1363.7,380.4,1970.0,529.9,9393.4,2486.9,849573.0,14,14,1.647886644231867
2022,충청북도 충주시,1554.7,399.1,335.8,90.2,545.5,138.5,1418.3,364.7,208277.0,3,3,1.4403894813157476
2023,강원특별자치도 강릉시,866.7,216.8,336.5,89.5,647.9,171.6,712.9,183.7,209439.0,21,21,10.026785842178391
2023,강원특별자치도 고성군,61.9,16.2,41.9,10.7,174.7,45.2,38.4,10.3,27305.0,2,2,7.324665812122322
2023,강원특별자치도 동해시,1756.6,445.3,140.2,37.0,237.5,61.1,1666.5,425.0,88625.0,4,4,4.513399153737659
2023,강원특별자치도 삼척시,1134.1,288.9,96.8,24.9,182.2,46.9,812.8,203.6,62651.0,7,5,7.980718583901295
2023,강원특별자치도 속초시,74.4,19.2,140.8,37.1,308.6,82.5,52.3,13.4,82054.0,1,1,1.218709630243498
2023,강원특별자치도 양구군,19.7,4.9,30.1,7.5,91.9,21.0,7.6,2.0,21056.0,4,4,18.996960486322187
2023,강원특별자치도 양양군,47.2,12.0,47.2,12.2,164.5,41.3,31.5,7.9,27710.0,2,1,3.6088054853843374
2023,강원특별자치도 영월군,812.4,211.2,58.5,14.5,99.1,23.8,746.3,194.5,37332.0,4,4,10.714668381013608
2023,강원특별자치도 원주시,839.3,210.9,608.2,157.8,913.5,233.2,736.4,185.9,361503.0,14,14,3.872720281712738
2023,강원특별자치도 인제군,38.1,9.0,48.5,12.0,164.9,38.9,13.0,3.2,32020.0,0,0,0.0
2023,강원특별자치도 정선군,258.0,60.0,54.3,13.0,223.5,53.1,232.5,53.7,34202.0,2,2,5.8476112508040465
2023,강원특별자치도 철원군,61.4,14.2,58.7,14.8,177.3,42.2,34.2,7.7,41448.0,15,13,31.364601428295696
2023,강원특별자치도 춘천시,245.7,64.0,468.8,126.6,911.6,237.6,137.1,37.6,286426.0,10,9,3.142172847437034
2023,강원특별자치도 태백시,91.9,21.2,60.6,14.0,104.9,23.7,24.0,5.7,38702.0,5,5,12.91922898041445
2023,강원특별자치도 평창군,87.7,21.3,69.6,16.6,264.9,56.9,42.3,10.4,40659.0,2,2,4.918960131828132
2023,강원특별자치도 홍천군,123.6,32.7,104.2,26.5,287.4,73.2,93.2,25.4,67309.0,1,0,0.0
2023,강원특별자치도 화천군,24.8,5.5,33.7,8.4,127.2,29.2,6.7,1.5,23007.0,3,3,13.039509714434736
2023,강원특별자치도 횡성군,267.7,69.7,72.0,18.0,145.9,35.5,226.7,59.5,46359.0,7,6,12.942470717660003
2023,경기도 가평군,96.6,22.8,99.3,25.7,407.6,95.4,54.7,12.8,62302.0,19,19,30.496613270842026
2023,경기도 고양시,770.6,193.3,1619.6,458.2,2339.7,607.4,337.0,78.2,1074907.0,34,32,2.977001731312569
2023,경기도 과천시,49.2,12.7,133.5,39.1,267.4,71.3,1.6,0.4,81000.0,10,9,11.111111111111112
2023,경기도 광명시,249.0,60.9,368.1,101.8,525.1,136.6,207.3,50.0,280197.0,15,14,4.996484616180759
2023,경기도 광주시,1116.1,266.0,624.0,169.5,885.6,220.1,946.1,222.2,391377.0,39,38,9.70930841618184
2023,경기도 구리시,118.2,29.9,295.6,84.6,396.3,107.3,32.9,8.2,187093.0,6,6,3.206961243873368
2023,경기도 군포시,576.9,146.0,399.2,107.8,481.8,128.3,357.0,90.8,261229.0,4,4,1.5312235624681791
2023,경기도 김포시,2194.3,504.2,829.6,221.1,1164.3,306.1,2067.9,471.6,486172.0,11,11,2.2625737393350502
2023,경기도 남양주시,951.7,232.2,1169.7,316.2,1271.6,326.0,519.9,121.7,732265.0,35,33,4.506565246188197
2023,경기도 동두천시,227.7,55.7,140.0,38.5,246.8,63.8,162.8,39.0,88626.0,13,11,12.411707625301831
2023,경기도 부천시,1597.3,412.7,1246.0,350.2,1433.7,384.9,1423.3,369.8,779968.0,16,16,2.0513662098957908
2023,경기도 성남시,868.2,232.8,1511.5,428.8,3148.7,879.5,365.1,102.4,919747.0,15,13,1.4134321721081993
2023,경기도 수원시,672.3,180.3,1981.8,561.7,3306.7,908.9,537.0,143.3,1197257.0,37,37,3.090397466876368
2023,경기도 시흥시,2826.6,699.0,889.8,251.2,1081.6,287.7,2678.1,661.6,519715.0,16,16,3.078610392234205
2023,경기도 안산시,5573.3,1451.1,1035.2,292.6,1282.2,337.7,5304.0,1381.9,629308.0,26,26,4.1315222434801395
2023,경기도 안성시,2087.7,537.9,315.2,85.3,742.9,189.9,2019.8,520.0,189034.0,26,24,12.696128738745411
2023,경기도 안양시,454.6,120.3,846.8,232.8,1712.3,460.8,323.8,84.4,544660.0,10,10,1.836007784673007
2023,경기도 양주시,1092.9,251.4,434.6,119.8,626.3,156.4,993.5,226.8,268026.0,21,20,7.461962645414998
2023,경기도 양평군,121.6,29.7,199.5,50.9,334.3,78.1,28.4,6.6,125238.0,2,2,1.5969593893227296
2023,경기도 여주시,536.4,128.5,178.9,47.5,423.7,106.9,463.3,112.9,114412.0,11,11,9.614376114393595
2023,경기도 연천군,209.4,50.9,62.2,16.2,176.1,42.2,141.6,34.0,41584.0,5,5,12.023855328972681
2023,경기도 오산시,557.1,142.5,390.0,108.3,513.2,137.0,498.2,128.1,229656.0,11,11,4.789772529348243
2023,경기도 용인시,5593.5,1446.6,1730.5,470.7,3118.5,826.6,4524.1,1175.7,1075566.0,21,19,1.7665117714765992
2023,경기도 의왕시,147.6,37.7,248.1,67.0,448.8,118.1,115.1,29.5,158870.0,6,6,3.7766727513060996
2023,경기도 의정부시,243.3,60.7,737.0,200.5,797.4,209.4,54.1,13.4,464213.0,35,32,6.893387302811425
2023,경기도 이천시,5090.0,1213.1,346.6,95.0,958.9,250.9,4973.0,1184.0,222098.0,31,30,13.507550720852956
2023,경기도 파주시,6652.8,1735.3,804.8,224.5,1313.0,330.1,6449.3,1684.2,497753.0,53,50,10.04514287206707
2023,경기도 평택시,16291.1,4322.0,1077.0,301.3,1971.6,521.5,15451.4,4120.6,591022.0,46,44,7.444731329798214
2023,경기도 포천시,1578.0,362.5,212.8,55.9,583.0,140.1,1459.4,333.9,143323.0,36,35,24.420365189118286
2023,경기도 하남시,556.0,144.2,580.2,168.9,751.1,207.6,96.2,24.3,329861.0,9,9,2.72842197167898
2023,경기도 화성시,16012.0,4113.5,1639.5,454.5,2924.4,779.9,15696.1,4030.5,944342.0,64,60,6.353630358493003
2023,경상남도 거제시,1108.4,314.4,387.2,105.2,487.3,130.6,1030.0,294.1,234038.0,42,36,15.382117433920987
2023,경상남도 거창군,119.5,30.3,85.8,21.9,127.9,31.2,102.4,25.9,60047.0,2,2,3.33072426599164
2023,경상남도 고성군,391.6,97.4,71.9,18.5,111.6,27.5,203.5,56.2,49468.0,7,7,14.150561979461468
2023,경상남도 김해시,3263.0,796.6,838.5,236.4,1088.9,296.1,3007.5,729.9,533659.0,39,38,7.12065195190187
2023,경상남도 남해군,19.6,4.8,54.2,13.9,115.6,29.1,6.1,1.4,40780.0,8,8,19.617459538989703
2023,경상남도 밀양시,613.5,154.0,156.1,41.5,235.3,60.5,549.2,138.2,102084.0,7,6,5.877512636652169
2023,경상남도 사천시,898.5,230.8,166.1,44.6,270.7,69.6,833.8,213.8,109030.0,7,7,6.420251306979731
2023,경상남도 산청군,93.8,25.4,43.8,11.0,76.9,18.6,78.8,21.5,33752.0,9,9,26.665086513391802
2023,경상남도 양산시,2398.5,608.7,577.5,159.7,737.9,198.5,2059.2,525.5,355122.0,5,5,1.4079668395649947
2023,경상남도 의령군,191.4,48.6,35.5,8.9,56.4,13.1,179.1,45.6,25475.0,4,3,11.776251226692835
2023,경상남도 진주시,876.3,215.7,557.6,151.9,769.6,204.3,769.6,187.7,341074.0,11,10,2.931915068284302
2023,경상남도 창녕군,552.9,140.4,83.7,21.5,145.3,36.3,531.6,135.0,57083.0,3,2,3.5036700944239088
2023,경상남도 창원시,6276.6,1584.5,1602.0,450.4,2226.5,606.2,6003.8,1512.9,1009038.0,46,44,4.360588996648293
2023,경상남도 통영시,360.7,88.1,192.6,51.6,336.9,86.2,150.4,39.1,120551.0,5,5,4.147622168210964
2023,경상남도 하동군,194.4,49.9,55.0,13.8,89.7,22.1,36.3,9.2,41606.0,9,9,21.631495457385956
2023,경상남도 함안군,2558.0,622.9,88.8,23.3,143.1,37.1,2455.2,597.0,60203.0,1,1,1.6610467916881217
2023,경상남도 함양군,78.7,13.5,52.4,13.1,79.4,19.4,62.6,9.3,36945.0,8,6,16.24035728786033
2023,경상남도 합천군,72.3,17.7,56.5,14.1,103.8,23.9,51.9,12.6,41203.0,13,13,31.551100648011065
2023,경상북도 경산시,1582.2,397.1,438.7,119.3,521.1,138.6,1507.2,377.1,266205.0,3,3,1.1269510339775737
2023,경상북도 경주시,2738.7,664.0,410.0,111.4,758.8,202.3,1969.6,479.8,247489.0,23,23,9.293342330366198
2023,경상북도 고령군,1019.7,241.2,39.8,10.3,74.6,18.7,991.1,234.0,30139.0,1,1,3.3179601181193803
2023,경상북도 구미시,7495.1,1964.8,629.9,174.6,775.3,204.5,7121.0,1861.7,405506.0,53,51,12.576879257027024
2023,경상북도 김천시,1606.7,391.6,205.1,53.8,319.2,83.9,1433.1,349.7,137515.0,7,6,4.363160382503727
2023,경상북도 문경시,206.8,49.9,97.0,24.6,168.8,40.7,176.8,42.4,68755.0,16,15,21.816595156715877
2023,경상북도 봉화군,1824.7,375.4,39.0,9.5,57.6,12.9,1808.5,371.6,29603.0,4,4,13.51214403945546
2023,경상북도 상주시,160.8,42.2,136.0,34.8,188.3,46.4,126.5,33.3,93858.0,8,8,8.523514244923183
2023,경상북도 성주군,795.5,192.8,52.0,13.4,100.0,24.5,776.4,188.0,42086.0,1,0,0.0
2023,경상북도 안동시,295.7,74.3,239.8,63.2,402.0,99.5,194.3,49.8,152935.0,27,23,15.03906888547422
2023,경상북도 영덕군,50.4,12.7,46.8,11.9,130.6,32.6,30.4,7.6,34055.0,5,5,14.682131845543973
2023,경상북도 영양군,12.3,3.1,21.5,5.2,32.0,7.0,3.7,0.8,15661.0,0,0,0.0
2023,경상북도 영주시,1118.0,278.6,149.3,39.0,217.7,53.1,1084.2,270.5,100199.0,7,7,6.9860976656453655
2023,경상북도 영천시,961.8,231.0,140.5,36.8,212.4,53.8,920.7,220.7,100212.0,1,1,0.997884484892029
2023,경상북도 예천군,51.0,13.2,89.6,24.2,109.6,27.2,35.1,9.3,55325.0,4,4,7.230004518752825
2023,경상북도 울릉군,8.1,2.1,10.1,2.6,44.5,11.2,2.6,0.7,9077.0,5,5,55.08427894678859
2023,경상북도 울진군,374.7,58.9,80.9,20.4,156.3,38.6,25.1,6.2,46669.0,11,6,12.85650003214125
2023,경상북도 의성군,79.8,18.3,66.3,16.5,88.6,20.9,64.8,14.6,50086.0,14,13,25.955356786327517
2023,경상북도 청도군,85.0,20.0,54.9,13.6,104.1,25.3,71.1,16.5,41316.0,4,4,9.68147933004163
2023,경상북도 청송군,19.8,4.7,34.7,8.6,65.8,15.1,8.4,1.9,24019.0,2,2,8.32674132978059
2023,경상북도 칠곡군,1280.0,309.1,169.2,46.6,336.6,88.1,1180.2,284.0,110581.0,13,13,11.756088297266258
2023,경상북도 포항시,7768.9,1811.7,771.2,216.0,1137.1,304.8,7605.2,1769.5,493033.0,46,39,7.910221019688336
2023,광주광역시 광산구,1945.0,493.5,651.1,178.1,864.1,233.6,1837.1,466.5,396741.0,26,25,6.301340169027148
2023,광주광역시 남구,48.9,12.2,337.1,92.8,323.4,88.3,11.3,2.6,209646.0,6,6,2.8619673163332475
2023,광주광역시 동구,34.7,9.0,189.3,53.3,375.8,102.2,7.3,1.8,107176.0,3,3,2.7991341345077254
2023,광주광역시 북구,744.4,204.2,673.7,189.8,767.3,206.3,675.4,185.3,421683.0,19,19,4.505754322559837
2023,광주광역시 서구,311.2,83.0,469.6,127.5,803.2,215.2,203.0,55.7,283991.0,10,10,3.5212383491026125
2023,대구광역시 군위군,68.7,22.5,14.0,4.9,32.5,11.1,63.2,20.7,22988.0,4,4,17.400382808421785
2023,대구광역시 남구,10.6,2.5,229.3,64.4,330.0,90.6,5.9,1.5,139187.0,8,8,5.747663215673878
2023,대구광역시 달서구,1994.8,515.0,852.6,235.1,930.4,255.8,1770.5,451.5,527781.0,13,11,2.0841978017397365
2023,대구광역시 달성군,3179.3,818.5,399.5,111.3,495.4,131.8,2993.7,768.8,262084.0,8,7,2.670899406297218
2023,대구광역시 동구,129.6,32.8,556.9,153.8,817.4,225.0,85.5,21.4,342813.0,6,6,1.7502253415127196
2023,대구광역시 북구,685.5,168.8,659.5,183.5,834.2,229.0,579.0,141.2,419624.0,4,4,0.9532343240615408
2023,대구광역시 서구,364.0,95.9,246.6,68.2,309.3,82.2,212.7,51.4,164088.0,6,6,3.6565745209887375
2023,대구광역시 수성구,212.1,53.8,678.0,188.4,761.0,205.2,13.5,3.5,407331.0,8,7,1.7185041158173575
2023,대구광역시 중구,36.4,9.3,165.6,48.2,502.5,140.3,18.7,4.5,89064.0,2,2,2.245576214856732
2023,대전광역시 대덕구,1932.7,491.3,257.2,68.5,401.3,103.7,1713.0,436.7,169853.0,6,6,3.5324663091025768
2023,대전광역시 동구,83.6,20.8,344.3,93.0,417.9,110.0,53.0,12.9,217628.0,2,2,0.9189993934604004
2023,대전광역시 서구,52.8,13.3,715.4,193.9,1089.1,291.8,17.8,4.2,464634.0,12,12,2.5826779787962137
2023,대전광역시 유성구,879.8,239.9,587.6,163.6,1565.6,438.6,353.7,98.1,366845.0,11,10,2.7259469258133544
2023,대전광역시 중구,34.9,8.9,342.0,93.6,523.5,140.6,20.8,5.2,223256.0,10,9,4.031246640627799
2023,부산광역시 강서구,3338.5,845.7,247.6,68.9,704.4,189.8,3266.8,827.3,142396.0,10,9,6.3204022584904065
2023,부산광역시 금정구,243.8,61.8,341.5,91.8,391.6,105.4,103.5,25.7,215590.0,6,6,2.7830604387958626
2023,부산광역시 기장군,730.1,197.4,164.9,46.3,558.1,173.1,538.5,133.6,178729.0,12,12,6.714075499778995
2023,부산광역시 남구,519.5,134.8,427.3,117.5,425.8,116.9,403.6,104.4,254185.0,6,6,2.3604854731789837
2023,부산광역시 동구,80.1,20.3,146.5,39.7,303.3,83.0,32.3,8.2,87792.0,3,3,3.417167851284855
2023,부산광역시 동래구,98.6,25.4,433.1,117.3,458.9,126.6,9.7,2.5,270815.0,1,0,0.0
2023,부산광역시 부산진구,238.9,63.4,613.0,168.9,835.2,232.1,25.3,6.2,359508.0,6,6,1.6689475616676126
2023,부산광역시 북구,111.4,29.9,417.3,114.7,346.7,94.4,14.2,3.7,273596.0,5,4,1.4620096785040717
2023,부산광역시 사상구,742.1,180.1,304.8,83.9,428.8,116.1,698.1,168.8,202932.0,6,6,2.9566554313760274
2023,부산광역시 사하구,1425.9,358.0,458.3,126.9,436.3,117.7,1311.1,326.7,297831.0,11,11,3.6933697298132167
2023,부산광역시 서구,176.6,49.4,172.3,46.8,246.0,66.9,150.7,42.6,104089.0,4,4,3.842865240323185
2023,부산광역시 수영구,13.7,3.5,299.7,83.0,330.7,90.5,6.2,1.6,174518.0,3,3,1.7190203875817969
2023,부산광역시 연제구,64.7,18.0,332.2,91.2,404.1,110.8,12.0,2.9,205766.0,6,6,2.915933633350505
2023,부산광역시 영도구,118.8,33.0,165.7,44.4,168.4,44.8,87.6,24.7,106548.0,11,10,9.385441303450088
2023,부산광역시 중구,6.3,1.5,64.2,17.4,287.9,80.6,4.5,1.1,38619.0,1,1,2.589399000491986
2023,부산광역시 해운대구,157.3,37.3,704.7,194.0,924.8,263.8,85.8,19.8,380448.0,3,3,0.7885440322987636
2023,서울특별시 강남구,279.8,62.6,1018.8,301.9,3437.7,937.9,11.5,2.9,544873.0,10,9,1.6517610525755542
2023,서울특별시 강동구,161.3,42.0,690.4,197.6,780.8,212.0,19.7,4.9,459167.0,7,6,1.3067141149080836
2023,서울특별시 강북구,52.1,13.3,421.8,117.3,424.5,114.1,31.5,7.9,288113.0,8,8,2.7766883132659754
2023,서울특별시 강서구,339.1,85.8,867.1,245.8,1548.5,420.3,47.1,12.8,563058.0,12,11,1.9536175669291618
2023,서울특별시 관악구,36.9,9.4,698.8,200.2,776.8,211.9,19.1,4.8,481956.0,12,12,2.4898538455792645
2023,서울특별시 광진구,356.6,97.2,515.6,150.5,642.3,178.5,28.2,7.1,335554.0,4,4,1.192058506231486
2023,서울특별시 구로구,326.0,82.7,637.2,179.8,909.7,252.8,88.6,22.4,392405.0,10,10,2.5483875078044367
2023,서울특별시 금천구,212.1,55.8,359.4,102.1,1106.2,305.2,200.4,52.7,227481.0,3,3,1.3187914595065082
2023,서울특별시 노원구,71.3,19.4,699.4,195.1,629.0,169.7,31.2,8.5,498213.0,9,9,1.8064562747258703
2023,서울특별시 도봉구,54.0,14.1,445.5,124.8,355.1,95.1,40.7,10.6,306948.0,16,16,5.212609301901299
2023,서울특별시 동대문구,163.5,43.1,569.1,160.1,644.4,173.6,68.7,17.9,341149.0,9,8,2.3450164004584506
2023,서울특별시 동작구,55.5,14.9,566.9,160.9,574.7,158.9,11.5,3.3,378769.0,5,5,1.3200657920790773
2023,서울특별시 마포구,169.7,53.5,637.4,185.0,1389.7,374.5,18.9,5.0,363697.0,6,1,0.27495415139525486
2023,서울특별시 서대문구,32.7,8.5,488.1,140.5,594.7,164.9,14.3,3.8,306231.0,4,4,1.3062034869102084
2023,서울특별시 서초구,430.4,115.4,748.8,220.5,2060.0,558.5,7.3,1.8,407664.0,1,1,0.24530005102241062
2023,서울특별시 성동구,885.1,233.3,468.1,131.6,796.7,216.5,203.2,52.8,277361.0,5,5,1.8027047782492853
2023,서울특별시 성북구,101.3,27.4,654.1,181.0,551.5,147.8,43.1,11.1,425602.0,3,3,0.7048839056207443
2023,서울특별시 송파구,214.5,57.1,1018.7,291.1,1613.2,451.6,34.7,9.4,654166.0,18,16,2.4458623652100537
2023,서울특별시 양천구,46.0,11.9,670.1,188.2,991.0,260.3,15.6,3.8,436028.0,1,1,0.22934306971111948
2023,서울특별시 영등포구,219.2,57.7,669.1,192.3,1810.0,504.4,96.2,25.1,374794.0,16,14,3.73538530499421
2023,서울특별시 용산구,104.3,27.6,442.5,129.7,958.9,265.3,15.6,4.0,213151.0,4,4,1.8766039099042464
2023,서울특별시 은평구,196.7,52.7,703.9,198.2,558.2,149.6,12.5,3.2,466770.0,20,18,3.856288964586413
2023,서울특별시 종로구,72.4,18.5,274.9,78.3,1247.7,344.1,65.7,16.8,139417.0,2,2,1.4345452850082845
2023,서울특별시 중구,215.1,55.3,226.5,66.1,1802.9,507.8,194.5,49.8,121312.0,5,5,4.121603798470061
2023,서울특별시 중랑구,68.7,17.4,566.6,160.0,493.3,132.4,52.7,13.4,382155.0,11,10,2.6167392811817196
2023,세종특별자치시 세종시,2057.2,524.2,672.8,178.3,919.1,248.5,1820.1,464.3,386525.0,27,27,6.985317896643166
2023,울산광역시 남구,14164.9,3550.8,492.6,135.7,784.4,215.5,13232.8,3319.0,307232.0,19,19,6.18425164045412
2023,울산광역시 동구,1086.1,300.0,227.5,60.8,235.8,63.5,1052.9,291.0,152287.0,26,24,15.759716850420588
2023,울산광역시 북구,1789.8,489.9,333.7,91.0,359.5,98.4,1735.5,475.4,216477.0,4,4,1.847771356772313
2023,울산광역시 울주군,10377.1,2624.4,338.9,90.6,505.0,131.0,9992.1,2499.3,218997.0,16,16,7.306036155746426
2023,울산광역시 중구,30.0,8.2,318.1,86.0,337.0,91.8,10.8,2.9,208668.0,3,3,1.4376904939904538
2023,인천광역시 강화군,112.2,26.9,94.6,23.5,214.6,50.0,93.8,22.2,69005.0,11,11,15.940873849721035
2023,인천광역시 계양구,389.0,100.4,423.7,118.1,465.2,124.6,269.9,69.2,280266.0,13,13,4.638450614773109
2023,인천광역시 남동구,2043.4,505.0,812.8,225.1,993.1,268.8,1913.3,471.2,492415.0,17,16,3.249291755937573
2023,인천광역시 동구,3187.7,794.5,93.4,26.0,109.7,27.6,3148.8,785.0,59482.0,1,1,1.6811808614370733
2023,인천광역시 미추홀구,407.3,101.0,672.4,187.4,684.1,180.2,316.4,77.6,405995.0,15,14,3.448318329043461
2023,인천광역시 부평구,691.4,178.3,790.8,221.5,818.4,218.7,605.9,154.9,494138.0,15,15,3.0355892483476277
2023,인천광역시 서구,3674.0,919.6,1066.0,302.9,1350.4,356.7,3225.7,802.6,624358.0,22,22,3.523619461911275
2023,인천광역시 연수구,1376.9,377.0,749.2,216.8,916.9,257.5,881.5,251.0,392416.0,7,7,1.7838212509173939
2023,인천광역시 옹진군,66.1,13.1,29.4,7.5,126.0,29.8,32.0,7.2,20377.0,2,2,9.814987485890956
2023,인천광역시 중구,1006.1,258.1,289.1,80.3,1337.0,363.7,858.9,220.1,158958.0,10,9,5.661872947571056
2023,전라남도 강진군,68.2,15.6,46.6,12.1,74.8,18.5,34.4,8.3,32722.0,1,1,3.0560479188313674
2023,전라남도 고흥군,83.3,21.1,92.6,23.9,120.4,30.1,45.7,11.0,61113.0,3,3,4.908939178243582
2023,전라남도 곡성군,224.1,59.3,35.1,8.7,54.9,13.5,218.4,58.0,26905.0,3,1,3.7167812674224123
2023,전라남도 광양시,3845.0,917.2,236.1,66.0,312.2,82.7,3712.4,890.4,152666.0,40,37,24.235913693946262
2023,전라남도 구례군,30.5,8.5,33.7,8.4,66.5,16.2,12.1,3.3,24314.0,8,7,28.789997532285923
2023,전라남도 나주시,506.6,135.5,192.7,53.8,331.6,89.2,460.6,123.2,117377.0,5,5,4.259778321136168
2023,전라남도 담양군,211.9,53.4,55.8,14.3,126.0,32.1,194.1,48.7,45373.0,4,4,8.81581557313821
2023,전라남도 목포시,132.4,29.7,361.2,98.4,528.1,137.4,85.9,17.3,214156.0,12,11,5.136442593249781
2023,전라남도 무안군,105.7,26.2,145.3,41.5,220.2,56.3,58.2,14.4,90296.0,9,9,9.967218924426332
2023,전라남도 보성군,52.3,12.4,54.3,13.8,86.2,20.7,42.1,9.9,37686.0,3,3,7.960515841426525
2023,전라남도 순천시,1077.1,277.6,443.6,120.0,585.9,156.6,912.2,236.1,278137.0,32,32,11.505121576776911
2023,전라남도 신안군,33.1,8.9,41.0,10.2,88.7,21.5,21.4,5.8,38037.0,15,15,39.43528669453427
2023,전라남도 여수시,13550.5,3453.7,435.5,120.0,713.3,187.4,13044.5,3326.6,271696.0,42,39,14.35427831105353
2023,전라남도 영광군,341.7,78.3,72.5,18.6,113.2,27.4,87.2,21.1,51750.0,3,3,5.797101449275362
2023,전라남도 영암군,806.0,210.4,83.8,22.2,136.7,34.5,785.8,205.1,52350.0,8,6,11.461318051575931
2023,전라남도 완도군,49.2,13.6,67.6,17.4,110.7,27.6,28.3,7.8,46641.0,1,1,2.144036362856714
2023,전라남도 장성군,299.3,73.2,55.1,14.2,119.6,30.7,268.8,65.5,42543.0,3,3,7.051688879486638
2023,전라남도 장흥군,73.2,19.3,49.9,12.8,79.8,20.0,47.2,12.7,35046.0,1,1,2.8533926839011583
2023,전라남도 진도군,21.0,5.2,43.5,11.1,72.1,18.8,12.6,3.0,28979.0,4,4,13.80309879567963
2023,전라남도 함평군,102.7,24.4,39.0,10.0,63.2,15.6,90.2,21.1,30601.0,15,13,42.482271821182316
2023,전라남도 해남군,93.7,26.0,92.5,23.9,147.7,36.8,72.3,20.6,64575.0,10,8,12.388695315524584
2023,전라남도 화순군,128.1,33.1,86.8,22.8,166.4,43.7,113.5,29.3,61254.0,0,0,0.0
2023,전북특별자치도 고창군,114.1,30.3,73.4,18.7,121.2,30.1,87.5,23.2,51750.0,1,1,1.932367149758454
2023,전북특별자치도 군산시,4636.7,1112.6,422.0,112.6,670.9,173.6,4505.0,1081.3,259980.0,30,26,10.00076928994538
2023,전북특별자치도 김제시,546.4,137.9,107.8,28.2,188.1,47.7,521.0,131.6,81430.0,15,14,17.192680830160874
2023,전북특별자치도 남원시,187.4,46.5,111.4,28.8,177.9,43.7,148.2,37.0,76781.0,10,10,13.024055430379912
2023,전북특별자치도 무주군,33.1,8.2,32.7,8.1,92.1,19.0,24.4,6.2,23251.0,11,10,43.008902842888475
2023,전북특별자치도 부안군,123.8,33.6,67.7,17.7,148.2,37.9,93.7,25.9,49187.0,16,16,32.52892024315368
2023,전북특별자치도 순창군,87.0,22.4,35.7,9.2,53.3,13.2,78.7,20.3,26764.0,3,2,7.4727245553728885
2023,전북특별자치도 완주군,1156.7,306.0,144.3,38.9,270.4,71.5,1060.4,280.7,97827.0,12,12,12.26655217884633
2023,전북특별자치도 익산시,1759.5,451.2,413.7,111.7,560.0,145.5,1615.4,415.0,270036.0,28,27,9.998666844420745
2023,전북특별자치도 임실군,100.2,25.0,31.2,7.6,64.3,15.7,88.8,22.1,25956.0,8,8,30.821390044691018
2023,전북특별자치도 장수군,37.6,9.0,26.2,6.3,43.0,9.7,20.7,5.0,20983.0,4,4,19.063051041319163
2023,전북특별자치도 전주시,1754.0,449.0,1057.3,287.2,1430.4,383.8,1584.1,406.2,642727.0,47,44,6.845830344765351
2023,전북특별자치도 정읍시,956.2,248.6,153.9,40.3,219.8,55.7,861.2,225.5,103620.0,14,14,13.510905230650454
2023,전북특별자치도 진안군,38.0,9.5,30.8,7.5,51.7,11.8,23.4,5.8,24465.0,8,7,28.612303290414882
2023,제주특별자치도 서귀포시,193.1,50.1,295.1,84.4,851.2,235.7,61.8,15.0,183598.0,36,31,16.884715519776904
2023,제주특별자치도 제주시,494.7,130.0,768.1,217.0,1664.1,456.2,232.7,62.4,491654.0,62,55,11.186728878438903
2023,충청남도 계룡시,57.5,14.9,74.3,21.3,143.5,39.2,31.5,8.6,46667.0,6,6,12.857051021064137
2023,충청남도 공주시,478.3,126.0,153.8,40.4,296.3,72.8,411.3,109.1,102104.0,12,11,10.77332915458748
2023,충청남도 금산군,666.5,168.9,70.0,17.8,120.3,28.9,649.6,164.9,50093.0,2,2,3.9925738127083625
2023,충청남도 논산시,608.3,153.4,167.5,44.3,294.9,74.8,528.9,134.1,110423.0,12,12,10.867301196308741
2023,충청남도 당진시,6004.2,1433.0,298.4,82.5,399.0,101.7,5819.8,1391.6,170302.0,20,19,11.15665112564738
2023,충청남도 보령시,718.7,182.3,152.4,41.2,301.2,78.4,463.4,116.8,95772.0,6,6,6.264879087833605
2023,충청남도 부여군,147.6,38.3,89.2,22.9,123.2,31.0,117.8,29.4,61046.0,18,18,29.48596140615274
2023,충청남도 서산시,8795.6,2200.6,300.0,81.5,473.3,121.3,8683.7,2172.1,176011.0,18,16,9.090340944600053
2023,충청남도 서천군,684.1,174.3,73.6,19.0,125.4,31.6,615.3,160.8,49116.0,5,5,10.179982083231533
2023,충청남도 아산시,11207.9,2903.3,582.3,160.3,755.2,196.5,10906.0,2826.9,345796.0,19,19,5.494569052273595
2023,충청남도 예산군,803.1,198.3,125.3,33.3,204.1,50.7,757.3,187.7,78354.0,31,30,38.28777088597902
2023,충청남도 천안시,5427.3,1431.5,1089.6,295.4,1645.2,434.7,5256.1,1387.7,655959.0,27,25,3.811213810619261
2023,충청남도 청양군,130.9,32.2,39.9,10.0,62.8,14.6,120.1,29.6,30168.0,7,4,13.259082471492974
2023,충청남도 태안군,391.1,86.5,86.4,22.2,239.5,60.3,20.6,5.3,60784.0,3,3,4.935509344564359
2023,충청남도 홍성군,341.2,86.0,164.1,43.8,237.2,61.0,296.9,74.3,97524.0,19,15,15.380829334317708
2023,충청북도 괴산군,251.6,62.6,53.4,13.3,117.2,29.1,238.2,59.5,36590.0,6,6,16.39792292976223
2023,충청북도 단양군,1721.5,414.6,38.9,9.8,87.0,20.2,1690.3,406.9,27701.0,3,3,10.829933937402982
2023,충청북도 보은군,171.9,41.9,45.5,11.4,80.7,18.4,156.6,38.2,31010.0,8,8,25.798129635601416
2023,충청북도 영동군,161.8,39.9,64.3,16.1,93.9,22.9,136.4,33.7,44195.0,4,4,9.050797601538635
2023,충청북도 옥천군,348.2,85.5,70.2,17.7,117.8,28.6,186.0,45.5,48891.0,5,5,10.226831114110981
2023,충청북도 음성군,2592.8,661.9,157.5,41.5,338.3,83.8,2523.1,644.7,91183.0,22,19,20.837217463781627
2023,충청북도 제천시,928.6,230.4,195.5,49.8,317.1,75.6,847.8,211.7,130194.0,18,18,13.825521913452231
2023,충청북도 증평군,355.5,94.5,60.1,16.1,91.8,22.2,319.5,85.6,37484.0,3,3,8.003414790310533
2023,충청북도 진천군,2353.4,623.4,146.4,39.5,311.3,79.8,2307.3,612.4,86254.0,20,16,18.549864354116913
2023,충청북도 청주시,9820.9,2570.0,1389.6,382.7,2035.2,539.3,9301.8,2440.1,852189.0,53,51,5.984587925917842
2023,충청북도 충주시,1595.3,405.1,339.8,90.3,561.0,140.7,1462.4,372.3,207778.0,9,9,4.331546169469338
2024,강원특별자치도 강릉시,822.7,203.2,357.7,98.2,674.4,179.4,641.6,153.7,207731.0,27,27,12.997578599246141
2024,강원특별자치도 고성군,60.9,15.6,43.3,11.1,184.2,48.4,37.0,9.6,26999.0,3,3,11.111522648987
2024,강원특별자치도 동해시,1284.4,313.6,147.7,39.7,242.7,62.9,1166.2,288.0,87675.0,12,12,13.686911890504705
2024,강원특별자치도 삼척시,1134.6,278.4,102.1,26.4,183.4,47.7,748.6,176.2,61735.0,9,9,14.57844010690856
2024,강원특별자치도 속초시,75.4,19.6,147.4,40.6,329.8,91.3,52.6,13.6,80933.0,8,8,9.884719459305845
2024,강원특별자치도 양구군,19.6,4.6,30.5,7.6,96.0,22.5,7.1,1.7,20621.0,3,3,14.548276029290529
2024,강원특별자치도 양양군,47.7,11.9,49.5,13.1,175.9,45.1,30.5,7.3,27489.0,6,6,21.826912583215105
2024,강원특별자치도 영월군,783.4,187.2,59.2,14.7,100.0,24.6,719.3,171.4,36721.0,1,1,2.723237384602816
2024,강원특별자치도 원주시,819.5,205.7,633.1,163.5,954.0,247.4,709.8,177.3,362164.0,10,8,2.208944014313957
2024,강원특별자치도 인제군,38.1,9.0,48.9,12.3,169.7,41.1,13.2,3.2,31535.0,6,5,15.855398763278897
2024,강원특별자치도 정선군,245.3,59.1,55.4,13.3,228.3,54.3,218.9,52.8,33515.0,5,5,14.91869312248247
2024,강원특별자치도 철원군,61.0,14.2,58.6,15.1,182.8,44.9,32.9,7.8,40497.0,10,7,17.285231004765784
2024,강원특별자치도 춘천시,251.6,65.4,484.2,131.5,927.8,243.3,141.1,38.4,286069.0,27,25,8.739150344846871
2024,강원특별자치도 태백시,80.1,17.9,61.3,14.2,109.2,24.7,22.5,4.7,37936.0,0,0,0.0
2024,강원특별자치도 평창군,88.8,21.9,71.2,17.1,267.6,57.9,41.6,10.4,40396.0,6,5,12.377463115159916
2024,강원특별자치도 홍천군,123.0,32.9,108.0,27.9,293.7,77.0,90.3,24.6,66717.0,6,6,8.993210126354601
2024,강원특별자치도 화천군,24.2,5.5,33.4,8.5,129.1,30.1,6.9,1.7,22922.0,1,1,4.362621062734491
2024,강원특별자치도 횡성군,277.6,73.2,73.9,18.7,147.3,35.9,235.7,62.8,46111.0,20,19,41.204918566068834
2024,경기도 가평군,93.3,22.3,103.2,27.2,405.5,98.1,53.5,12.6,62527.0,8,6,9.595854590816767
2024,경기도 고양시,777.2,195.0,1691.2,483.3,2386.5,633.3,323.6,76.9,1070120.0,18,17,1.5886068852091353
2024,경기도 과천시,50.4,13.3,146.3,43.4,310.2,83.0,1.7,0.4,85512.0,3,3,3.5082795397137247
2024,경기도 광명시,267.4,72.0,387.2,107.9,458.5,121.7,224.7,60.8,278167.0,24,23,8.268414297885803
2024,경기도 광주시,1098.7,264.6,668.6,180.6,911.3,229.4,922.1,218.3,397605.0,32,27,6.790659071188743
2024,경기도 구리시,125.1,32.3,308.7,89.3,399.1,109.7,31.9,8.0,186882.0,6,5,2.6754850654423645
2024,경기도 군포시,565.1,147.3,410.5,109.1,496.1,132.9,358.7,93.9,255931.0,6,6,2.3443818841797204
2024,경기도 김포시,2150.4,501.4,871.0,228.9,1200.9,320.8,2030.6,471.7,486853.0,13,12,2.464809706420624
2024,경기도 남양주시,948.6,234.2,1222.1,329.1,1303.9,338.5,507.6,121.1,732482.0,30,27,3.686097405806559
2024,경기도 동두천시,215.7,51.9,143.0,40.2,246.9,63.8,151.8,36.6,86838.0,22,17,19.576683018954835
2024,경기도 부천시,1618.3,420.6,1291.0,365.0,1468.2,399.1,1442.1,377.9,769918.0,38,33,4.2861707350652924
2024,경기도 성남시,865.2,234.1,1574.2,446.6,3269.4,916.1,353.3,99.8,913009.0,39,34,3.723950147260323
2024,경기도 수원시,686.5,189.1,2087.6,590.9,3441.8,948.6,540.5,149.7,1193005.0,40,34,2.8499461444000653
2024,경기도 시흥시,2839.5,706.9,936.0,262.8,1146.0,308.4,2687.7,668.7,518132.0,29,28,5.404028317108382
2024,경기도 안산시,5436.4,1408.8,1084.1,305.3,1329.6,355.3,5160.3,1340.6,620579.0,30,27,4.350775646613887
2024,경기도 안성시,2122.8,554.0,342.5,91.9,778.0,202.5,2049.2,534.3,193949.0,24,22,11.343188157711564
2024,경기도 안양시,429.7,111.2,911.0,249.8,1785.1,483.2,302.6,78.6,556492.0,13,12,2.156365230767019
2024,경기도 양주시,1062.1,247.5,499.2,138.5,660.4,169.3,958.7,222.0,289005.0,32,27,9.342398920433903
2024,경기도 양평군,126.3,31.1,209.8,52.5,338.2,80.8,27.6,6.6,126804.0,4,4,3.154474622251664
2024,경기도 여주시,542.9,133.8,186.4,49.4,430.7,110.2,462.6,111.4,114610.0,24,17,14.83291161329727
2024,경기도 연천군,215.0,52.0,64.1,16.8,180.3,44.3,140.8,33.7,40866.0,13,13,31.811285665345277
2024,경기도 오산시,572.1,148.6,438.6,120.9,533.0,142.7,503.5,131.2,242065.0,6,6,2.478673083675872
2024,경기도 용인시,5460.6,1455.0,1834.5,494.9,3245.3,869.1,4416.9,1191.1,1085864.0,38,34,3.1311471786522067
2024,경기도 의왕시,146.9,37.3,256.5,69.0,479.1,127.6,113.5,28.8,154488.0,4,3,1.9418983998757184
2024,경기도 의정부시,225.2,56.0,771.4,209.8,817.8,217.8,48.8,12.2,461271.0,28,24,5.203015147277847
2024,경기도 이천시,4360.8,1111.0,367.1,100.1,1011.2,265.6,4244.9,1081.5,222443.0,27,23,10.339727480747877
2024,경기도 파주시,6594.8,1729.4,876.3,248.6,1351.2,344.4,6387.3,1676.1,511308.0,43,40,7.823073372605161
2024,경기도 평택시,18158.3,4792.7,1156.4,319.6,2068.6,558.8,17320.9,4584.6,598556.0,74,63,10.525330963184732
2024,경기도 포천시,1532.3,355.5,218.9,58.4,600.6,147.8,1409.0,325.5,141463.0,33,28,19.793161462714632
2024,경기도 하남시,549.8,143.6,609.6,177.8,790.6,220.2,88.1,22.6,329120.0,13,13,3.949927078269324
2024,경기도 화성시,15852.6,4115.0,1778.6,486.7,3113.7,838.5,15514.9,4025.7,968821.0,53,48,4.954475594562876
2024,경상남도 거제시,1204.1,340.3,414.7,111.7,500.0,135.3,1121.1,319.0,232972.0,79,68,29.188056933880468
2024,경상남도 거창군,113.4,29.8,90.5,23.2,128.3,31.2,94.3,25.0,59588.0,1,0,0.0
2024,경상남도 고성군,355.1,93.0,74.4,18.9,118.9,29.8,170.4,42.5,48005.0,8,8,16.664930736381628
2024,경상남도 김해시,3211.6,791.0,899.7,255.6,1128.0,313.4,2941.7,720.7,531676.0,53,48,9.028054679917844
2024,경상남도 남해군,19.2,4.8,56.5,14.2,119.5,30.5,5.7,1.4,39832.0,0,0,0.0
2024,경상남도 밀양시,638.7,162.6,162.9,44.2,239.2,62.4,567.3,143.9,100691.0,11,10,9.931374204248643
2024,경상남도 사천시,896.1,228.1,177.5,47.7,280.5,73.1,830.1,210.8,108504.0,17,13,11.981125119811251
2024,경상남도 산청군,96.4,26.0,45.3,11.3,79.5,19.6,80.9,22.0,33259.0,8,4,12.026819808172224
2024,경상남도 양산시,2340.6,600.7,624.0,175.0,754.7,206.1,2013.7,514.6,359531.0,30,26,7.231643446601266
2024,경상남도 의령군,186.8,47.1,36.5,9.2,57.0,13.7,174.4,43.9,25150.0,8,8,31.809145129224653
2024,경상남도 진주시,865.3,216.6,590.6,162.0,787.7,211.1,758.9,188.7,338785.0,27,23,6.788966453650546
2024,경상남도 창녕군,545.4,139.1,86.9,22.5,146.6,37.3,523.8,133.7,56085.0,8,7,12.481055540697158
2024,경상남도 창원시,6110.9,1559.3,1690.7,480.0,2288.7,626.3,5811.8,1480.3,999858.0,67,60,6.0008521210011825
2024,경상남도 통영시,398.7,103.3,200.0,53.0,357.1,94.6,188.0,52.6,118481.0,19,17,14.348292131227792
2024,경상남도 하동군,198.7,50.5,57.0,14.3,94.8,23.3,36.2,9.0,40765.0,18,16,39.24935606525206
2024,경상남도 함안군,2527.4,602.0,92.2,24.6,147.9,39.1,2424.5,575.8,58842.0,4,4,6.7978654702423436
2024,경상남도 함양군,52.4,13.4,53.0,13.3,82.2,20.6,37.2,9.1,36131.0,6,4,11.070825606819628
2024,경상남도 합천군,68.6,16.6,57.8,14.3,102.7,24.6,48.6,11.5,40225.0,13,9,22.37414543194531
2024,경상북도 경산시,1563.3,394.5,464.0,127.1,539.5,146.7,1486.2,373.8,266398.0,5,5,1.8768909676499073
2024,경상북도 경주시,2683.5,618.7,436.0,122.1,784.1,212.7,2001.5,477.5,244769.0,24,23,9.39661476739293
2024,경상북도 고령군,959.1,234.3,42.4,11.2,77.2,19.5,932.4,227.5,30062.0,4,2,6.652917304237907
2024,경상북도 구미시,7581.0,2045.6,672.3,188.0,797.0,213.7,7195.1,1946.3,404820.0,59,49,12.10414505212193
2024,경상북도 김천시,1684.6,431.1,214.2,57.0,323.7,85.9,1507.1,387.4,135446.0,24,24,17.719238663378764
2024,경상북도 문경시,202.5,49.1,99.6,25.3,170.6,41.8,171.2,41.3,67257.0,8,8,11.894672673476368
2024,경상북도 봉화군,1246.9,280.4,38.7,9.4,60.1,13.8,1228.4,275.6,28836.0,6,4,13.871549452073797
2024,경상북도 상주시,172.0,46.4,138.1,35.4,191.0,47.9,137.4,37.6,91850.0,8,8,8.709853021230266
2024,경상북도 성주군,760.9,186.3,54.8,14.2,100.6,25.2,744.4,182.1,41452.0,4,3,7.237286500048249
2024,경상북도 안동시,302.7,75.8,249.0,66.4,411.6,104.9,200.1,52.1,153159.0,20,17,11.099576257353469
2024,경상북도 영덕군,46.3,11.2,48.3,12.5,134.4,34.4,26.5,6.2,33210.0,1,0,0.0
2024,경상북도 영양군,12.7,3.1,22.0,5.3,32.7,7.3,3.7,0.8,15328.0,2,1,6.524008350730688
2024,경상북도 영주시,1159.6,294.5,151.7,40.3,222.5,55.3,1124.3,286.1,98870.0,7,5,5.057145746940427
2024,경상북도 영천시,939.8,226.6,144.4,38.3,221.3,57.3,895.9,215.4,98143.0,1,1,1.0189213698378896
2024,경상북도 예천군,50.5,12.4,91.7,25.1,113.5,28.5,34.1,8.4,54609.0,11,10,18.311999853504002
2024,경상북도 울릉군,8.5,2.2,10.2,2.7,47.4,12.0,2.9,0.8,9099.0,4,4,43.96087482140894
2024,경상북도 울진군,312.5,69.3,83.5,21.4,161.7,40.5,24.3,6.0,46124.0,11,10,21.680686844159222
2024,경상북도 의성군,76.8,17.9,66.6,16.7,90.7,21.6,60.2,13.7,48690.0,6,5,10.26904908605463
2024,경상북도 청도군,83.4,20.5,56.5,14.0,108.1,26.7,69.4,16.8,40582.0,5,4,9.856586664038243
2024,경상북도 청송군,20.1,4.7,34.7,8.6,67.9,15.9,8.4,1.8,23716.0,5,5,21.082813290605497
2024,경상북도 칠곡군,1237.7,304.4,174.9,48.4,346.0,92.3,1138.9,279.4,107383.0,6,6,5.587476602441727
2024,경상북도 포항시,8000.5,1842.3,836.4,241.5,1180.7,320.0,7834.2,1799.8,491581.0,69,65,13.222642860484843
2024,광주광역시 광산구,1977.5,510.6,688.8,185.7,902.1,246.3,1873.8,483.4,391611.0,22,20,5.107108840150047
2024,광주광역시 남구,50.3,12.9,357.0,97.9,330.2,90.9,11.1,2.6,207597.0,4,4,1.926810117679928
2024,광주광역시 동구,36.2,9.3,200.7,56.5,376.2,102.8,6.9,1.7,106203.0,6,6,5.649557922092597
2024,광주광역시 북구,741.3,203.1,725.1,205.2,794.3,216.3,672.7,184.4,423961.0,20,16,3.773932036201443
2024,광주광역시 서구,309.8,84.7,493.9,132.0,817.0,220.4,205.4,57.6,279050.0,18,15,5.375380756136893
2024,대구광역시 군위군,132.6,32.4,28.6,7.1,69.9,17.4,120.2,29.2,22463.0,3,3,13.355295374616036
2024,대구광역시 남구,11.2,2.9,240.8,68.9,331.3,91.1,5.7,1.5,136263.0,5,5,3.669374665169562
2024,대구광역시 달서구,1945.5,498.4,909.6,253.3,943.5,262.0,1703.3,429.0,522021.0,9,9,1.7240685719540019
2024,대구광역시 달성군,3182.4,811.7,421.3,117.7,511.9,139.7,2995.7,764.1,257580.0,6,6,2.3293733985557883
2024,대구광역시 동구,129.4,33.3,601.5,168.7,834.2,231.6,83.9,21.7,342339.0,7,6,1.7526486903332663
2024,대구광역시 북구,665.2,165.7,693.5,195.0,847.5,234.9,557.7,137.3,413010.0,8,6,1.4527493281034358
2024,대구광역시 서구,348.3,92.1,273.0,75.7,314.9,84.9,202.4,49.9,163135.0,7,6,3.6779354522328136
2024,대구광역시 수성구,217.8,56.4,729.2,205.8,780.0,213.8,12.7,3.3,409107.0,11,10,2.4443483000779747
2024,대구광역시 중구,36.2,9.4,199.8,58.5,508.2,145.3,18.0,4.5,97711.0,11,11,11.257688489525233
2024,대전광역시 대덕구,1909.7,497.7,271.1,72.0,411.1,106.9,1686.5,442.0,168217.0,8,6,3.566821427085253
2024,대전광역시 동구,82.4,20.6,364.4,97.9,430.4,113.3,51.3,12.5,218513.0,10,8,3.661109407678262
2024,대전광역시 서구,52.2,13.1,747.5,199.6,1109.1,299.9,16.7,4.0,457951.0,17,17,3.712187548449507
2024,대전광역시 유성구,928.0,246.7,632.0,174.7,1615.2,450.6,367.3,101.8,369468.0,15,13,3.5185726504054475
2024,대전광역시 중구,34.5,8.8,365.5,100.0,526.4,142.7,20.0,5.1,225008.0,19,19,8.44414420820593
2024,부산광역시 강서구,3356.3,867.7,265.3,72.9,747.3,202.4,3289.0,851.1,142789.0,12,12,8.404008712155699
2024,부산광역시 금정구,243.7,63.0,352.5,95.2,397.4,107.6,103.2,26.4,209932.0,7,6,2.8580683268868015
2024,부산광역시 기장군,740.2,178.4,175.5,50.2,459.0,122.4,553.6,139.2,175626.0,19,19,10.818443738398644
2024,부산광역시 남구,527.3,136.0,456.8,125.5,442.7,121.0,414.6,108.1,254498.0,9,7,2.7505127741671838
2024,부산광역시 동구,80.3,21.7,155.0,41.8,311.4,84.8,33.6,8.6,85911.0,5,5,5.8199764872949915
2024,부산광역시 동래구,98.2,25.4,459.7,125.3,467.2,129.8,9.7,2.6,274370.0,7,5,1.822356671647775
2024,부산광역시 부산진구,228.0,60.9,663.1,183.3,844.8,234.7,24.0,6.1,359281.0,4,4,1.1133346878905368
2024,부산광역시 북구,110.0,29.4,433.5,120.9,349.8,95.6,13.7,3.6,267692.0,9,6,2.2413818866458466
2024,부산광역시 사상구,722.1,179.4,319.1,88.9,433.9,118.8,676.5,168.2,198635.0,6,6,3.0206157021672917
2024,부산광역시 사하구,1350.0,349.8,475.6,131.1,445.4,120.4,1234.4,322.3,292491.0,10,9,3.0770177543924424
2024,부산광역시 서구,176.0,48.9,181.2,48.9,252.1,69.4,149.9,42.2,103188.0,4,3,2.907314804046982
2024,부산광역시 수영구,13.5,3.4,315.5,87.6,345.8,94.7,5.9,1.5,171918.0,9,8,4.653381263160344
2024,부산광역시 연제구,63.4,17.7,367.7,101.0,411.3,115.2,12.1,3.1,212589.0,7,6,2.8223473462879074
2024,부산광역시 영도구,125.4,34.3,170.6,44.8,175.1,46.5,94.1,26.0,103737.0,7,6,5.783857254402961
2024,부산광역시 중구,6.2,1.5,66.0,17.9,292.5,81.1,4.5,1.1,37537.0,6,5,13.32019074513147
2024,부산광역시 해운대구,139.3,35.8,738.2,202.4,948.0,269.5,68.9,18.3,376404.0,8,7,1.859703935133527
2024,서울특별시 강남구,290.0,65.3,1104.0,328.5,3438.5,945.9,11.1,2.8,557345.0,10,10,1.7942208147556717
2024,서울특별시 강동구,165.0,43.8,759.8,216.2,786.5,216.1,18.6,4.7,476942.0,7,5,1.0483455011301166
2024,서울특별시 강북구,49.7,12.8,433.8,120.5,424.9,114.8,28.8,7.2,283597.0,9,9,3.17351735032458
2024,서울특별시 강서구,346.5,87.8,898.1,253.9,1591.8,435.5,48.9,13.1,556171.0,7,6,1.0788048999318556
2024,서울특별시 관악구,35.2,9.1,722.0,206.0,783.4,214.4,17.7,4.5,477812.0,13,13,2.7207353519794397
2024,서울특별시 광진구,356.2,97.2,536.4,156.2,650.0,181.5,26.3,6.7,331963.0,6,6,1.8074303461530352
2024,서울특별시 구로구,312.9,80.4,659.6,186.4,919.0,245.2,83.6,21.3,388169.0,15,13,3.349056725292334
2024,서울특별시 금천구,204.6,54.8,376.7,107.3,1149.4,319.2,193.1,51.8,225159.0,3,2,0.8882611843186371
2024,서울특별시 노원구,68.4,18.0,718.7,201.6,637.0,173.1,28.8,7.7,491247.0,18,18,3.6641445138596267
2024,서울특별시 도봉구,50.6,13.1,463.7,131.0,366.3,98.8,37.8,9.8,303228.0,14,14,4.616987877108974
2024,서울특별시 동대문구,160.8,42.6,604.0,169.2,660.0,178.2,62.6,16.3,338735.0,16,15,4.428240364887006
2024,서울특별시 동작구,57.9,15.5,585.9,166.7,584.0,162.3,11.9,3.4,375799.0,2,2,0.5321993938248905
2024,서울특별시 마포구,162.2,51.5,658.9,192.1,1432.9,389.7,17.0,4.5,361417.0,6,6,1.6601322018610083
2024,서울특별시 서대문구,31.9,8.3,504.8,146.7,607.9,170.1,13.5,3.6,302853.0,1,1,0.33019319603900243
2024,서울특별시 서초구,423.5,112.7,785.5,229.1,2113.2,576.1,6.7,1.7,408376.0,10,10,2.4487237251944287
2024,서울특별시 성동구,878.3,231.4,483.8,134.8,807.6,220.9,193.1,51.0,273669.0,5,5,1.827024617329694
2024,서울특별시 성북구,97.9,26.6,678.0,186.8,564.2,152.1,39.6,10.3,421560.0,5,5,1.1860707847044312
2024,서울특별시 송파구,213.6,56.3,1062.2,299.7,1661.4,465.2,27.9,7.2,650110.0,20,19,2.922582332220701
2024,서울특별시 양천구,41.5,10.3,692.2,193.5,978.4,257.6,14.4,3.5,430976.0,8,8,1.8562518562518562
2024,서울특별시 영등포구,216.9,57.8,698.9,202.2,1856.9,523.1,93.2,25.0,373773.0,10,4,1.070168257204239
2024,서울특별시 용산구,100.2,25.9,447.2,130.7,1023.4,283.2,13.7,3.6,203854.0,6,5,2.4527357814906745
2024,서울특별시 은평구,201.8,53.3,732.7,207.5,572.2,154.3,12.3,3.1,460919.0,21,19,4.122199345221177
2024,서울특별시 종로구,67.0,17.4,283.6,81.5,1257.1,350.0,60.0,15.6,138336.0,13,12,8.674531575294933
2024,서울특별시 중구,203.1,52.4,238.4,70.5,1850.4,527.1,183.1,47.2,120544.0,4,3,2.488717812582957
2024,서울특별시 중랑구,65.5,16.7,591.0,167.5,502.6,136.1,49.6,12.6,379274.0,6,6,1.581969763284591
2024,세종특별자치시 세종시,2135.8,550.9,719.0,185.7,1014.1,274.5,1880.3,485.4,390685.0,29,27,6.910938479849495
2024,울산광역시 남구,13768.6,3540.4,522.4,147.0,908.3,241.4,12795.1,3297.1,304885.0,26,23,7.543828000721584
2024,울산광역시 동구,1107.7,295.1,241.0,63.8,241.2,65.0,1073.2,286.1,150836.0,30,23,15.248349200456126
2024,울산광역시 북구,1713.4,461.5,354.8,98.2,374.3,103.2,1654.7,445.9,216522.0,6,6,2.771080998697592
2024,울산광역시 울주군,10630.7,2729.6,363.3,98.6,526.9,139.1,10090.2,2544.7,218806.0,29,25,11.42564646307688
2024,울산광역시 중구,29.9,8.0,343.5,94.6,343.7,95.3,10.8,2.9,207000.0,18,16,7.729468599033816
2024,인천광역시 강화군,114.7,27.9,98.3,24.6,215.0,50.7,95.9,23.2,69402.0,22,16,23.05409066021152
2024,인천광역시 계양구,398.3,102.4,442.6,124.3,457.7,123.5,277.0,70.7,280227.0,14,14,4.9959497121976115
2024,인천광역시 남동구,1977.6,491.5,836.1,231.1,1000.8,273.2,1848.2,457.4,486225.0,24,23,4.73032032495244
2024,인천광역시 동구,2624.5,633.1,96.5,27.2,111.2,28.3,2583.3,622.8,58296.0,7,6,10.29230135858378
2024,인천광역시 미추홀구,392.8,98.9,720.7,200.6,694.4,184.4,305.1,76.2,412274.0,30,25,6.063928358324803
2024,인천광역시 부평구,676.4,168.1,841.9,235.4,835.9,227.7,591.1,145.1,493200.0,16,11,2.2303325223033252
2024,인천광역시 서구,3708.0,923.8,1153.8,328.1,1474.3,391.7,3255.8,817.7,634064.0,54,50,7.885639304549698
2024,인천광역시 연수구,1468.2,398.0,819.3,239.4,960.8,272.5,982.1,276.3,400213.0,11,11,2.748536404364676
2024,인천광역시 옹진군,61.4,12.4,29.7,7.6,128.1,30.5,35.3,7.4,19996.0,0,0,0.0
2024,인천광역시 중구,942.5,247.8,318.3,88.7,1492.4,412.5,789.3,207.6,167113.0,27,24,14.361539796425173
2024,전라남도 강진군,66.5,16.0,48.1,12.4,75.7,18.9,31.9,8.2,32189.0,5,5,15.533256702600267
2024,전라남도 고흥군,83.0,21.1,96.1,24.6,125.2,31.5,46.5,11.3,60190.0,9,7,11.629838843661737
2024,전라남도 곡성군,227.0,60.7,36.2,8.9,55.8,13.6,221.2,59.4,26566.0,3,3,11.29262967703079
2024,전라남도 광양시,3078.4,671.8,261.6,74.8,324.4,87.3,2946.2,640.8,154692.0,74,68,43.958317172187314
2024,전라남도 구례군,30.6,8.4,34.4,8.5,66.0,16.1,12.5,3.5,24025.0,5,1,4.162330905306972
2024,전라남도 나주시,489.1,129.9,204.0,56.6,340.3,92.2,440.6,117.3,116654.0,8,8,6.857887427777873
2024,전라남도 담양군,217.6,55.1,57.2,14.2,129.7,33.3,197.8,50.1,44623.0,9,7,15.686977567622078
2024,전라남도 목포시,136.5,32.0,379.3,103.0,540.9,142.8,89.5,19.9,209890.0,48,40,19.057601600838534
2024,전라남도 무안군,104.1,26.3,159.9,46.3,239.5,61.4,56.9,14.4,92687.0,16,16,17.262399257716833
2024,전라남도 보성군,51.9,12.7,54.7,13.8,88.9,21.8,40.6,9.8,37045.0,5,4,10.79767849912269
2024,전라남도 순천시,1050.0,275.2,470.5,126.4,599.3,162.1,879.3,229.6,276329.0,36,34,12.30417364807892
2024,전라남도 신안군,32.3,8.7,42.2,10.2,91.8,22.0,20.6,5.6,38173.0,15,13,34.055484242789404
2024,전라남도 여수시,13610.4,3472.1,456.4,125.5,744.9,197.8,13068.7,3335.4,267816.0,82,76,28.37769214684709
2024,전라남도 영광군,346.5,98.1,75.8,19.4,116.2,28.6,81.5,20.3,52098.0,5,5,9.597297401051863
2024,전라남도 영암군,824.0,216.7,88.5,23.3,140.8,35.6,802.9,211.3,51391.0,15,11,21.404526084333835
2024,전라남도 완도군,49.9,13.7,70.3,17.7,116.9,28.9,28.9,8.1,45631.0,4,4,8.76597050250926
2024,전라남도 장성군,239.9,59.4,56.3,14.2,127.5,33.2,210.1,51.8,42026.0,13,10,23.794793699138626
2024,전라남도 장흥군,72.8,19.3,51.9,13.3,81.6,20.3,47.6,12.6,34451.0,1,0,0.0
2024,전라남도 진도군,21.4,5.3,44.7,11.3,75.1,19.6,12.7,3.1,28478.0,14,12,42.137790575180844
2024,전라남도 함평군,102.1,25.5,40.2,10.2,65.3,16.2,89.6,22.4,30010.0,8,8,26.657780739753413
2024,전라남도 해남군,102.9,28.6,95.2,24.4,154.0,38.9,79.5,22.6,63120.0,26,23,36.438529784537394
2024,전라남도 화순군,131.1,35.1,90.2,23.4,172.9,45.5,116.8,31.5,60735.0,6,5,8.232485387338437
2024,전북특별자치도 고창군,112.7,30.3,75.5,19.1,126.3,32.1,85.7,23.3,50982.0,2,2,3.922953199168334
2024,전북특별자치도 군산시,4848.2,1208.0,449.7,119.1,693.9,182.6,4708.8,1172.3,258047.0,43,36,13.95094692052223
2024,전북특별자치도 김제시,529.1,134.5,112.4,29.3,197.0,50.8,503.6,127.9,80635.0,9,9,11.161406337198487
2024,전북특별자치도 남원시,182.1,47.2,114.5,29.5,182.0,45.6,142.7,37.3,75647.0,17,12,15.863153859373142
2024,전북특별자치도 무주군,33.8,8.7,33.5,8.3,94.5,19.3,24.6,6.5,23032.0,4,4,17.36714136853074
2024,전북특별자치도 부안군,122.3,33.7,69.9,18.0,149.1,37.8,92.2,25.6,48066.0,5,5,10.402363416968335
2024,전북특별자치도 순창군,80.4,20.6,36.9,9.4,55.5,13.9,72.5,18.7,26822.0,19,18,67.10908955335172
2024,전북특별자치도 완주군,1190.0,319.0,156.3,41.7,277.5,74.1,1086.0,291.1,99279.0,16,16,16.11619778603733
2024,전북특별자치도 익산시,1698.8,444.5,439.4,118.0,576.5,152.1,1559.2,409.8,268001.0,26,20,7.462658721422682
2024,전북특별자치도 임실군,87.7,22.1,31.5,7.6,66.3,16.3,77.7,19.6,25577.0,8,6,23.45857606443289
2024,전북특별자치도 장수군,36.8,8.8,25.8,6.1,46.3,11.0,20.0,4.8,20663.0,5,5,24.197841552533514
2024,전북특별자치도 전주시,1686.5,428.7,1105.1,299.9,1468.5,397.9,1515.0,384.2,635651.0,36,33,5.191528055489568
2024,전북특별자치도 정읍시,826.5,217.5,159.7,41.5,226.6,58.4,731.0,192.6,102127.0,19,16,15.666767847875683
2024,전북특별자치도 진안군,38.9,9.6,30.6,7.3,53.3,12.2,23.8,5.9,24161.0,18,16,66.22242456851951
2024,제주특별자치도 서귀포시,192.2,49.3,312.3,88.3,874.2,241.5,60.7,14.8,182020.0,26,24,13.185364245687289
2024,제주특별자치도 제주시,493.2,129.4,818.0,234.0,1724.4,478.9,234.8,62.8,488348.0,97,84,17.200848575196378
2024,충청남도 계룡시,60.9,15.9,79.0,22.4,151.9,41.9,34.4,9.2,46540.0,2,1,2.1486892995272884
2024,충청남도 공주시,468.5,122.8,159.7,41.8,304.6,75.5,397.6,104.9,101285.0,8,6,5.923878165572395
2024,충청남도 금산군,663.4,165.2,72.4,18.5,122.9,30.3,646.4,161.1,49615.0,5,4,8.062078000604656
2024,충청남도 논산시,600.0,155.8,172.7,45.3,302.2,77.4,524.8,137.1,108529.0,9,7,6.449888969768449
2024,충청남도 당진시,5605.7,1449.5,322.6,90.7,412.9,105.9,5431.0,1411.5,171931.0,49,44,25.591661771291975
2024,충청남도 보령시,769.5,179.9,157.4,42.5,309.5,80.9,474.2,117.0,93780.0,1,1,1.0663254425250586
2024,충청남도 부여군,136.9,33.1,91.3,23.1,126.6,32.0,112.9,27.5,59550.0,9,8,13.434089000839633
2024,충청남도 서산시,8733.0,2250.1,314.5,85.3,491.6,126.9,8620.3,2221.5,174445.0,25,22,12.611424804379604
2024,충청남도 서천군,717.1,180.0,75.3,19.3,128.0,32.5,665.2,170.2,48204.0,6,5,10.372583188117169
2024,충청남도 아산시,11398.2,2949.3,640.3,176.7,765.7,199.7,11087.3,2869.1,355014.0,36,29,8.16869193890945
2024,충청남도 예산군,816.5,201.1,134.0,35.9,205.5,50.4,771.2,190.1,78772.0,31,28,35.54562534910882
2024,충청남도 천안시,5683.3,1488.0,1162.3,313.6,1632.9,429.9,5504.4,1442.5,659920.0,25,25,3.788337980361256
2024,충청남도 청양군,134.4,33.3,40.7,10.0,63.5,14.7,122.4,30.3,29658.0,20,17,57.32011598894059
2024,충청남도 태안군,447.5,106.6,90.2,22.9,246.9,63.5,20.4,5.5,60133.0,6,5,8.314901967305804
2024,충청남도 홍성군,352.4,86.7,178.5,46.9,243.3,62.8,304.3,74.0,99198.0,12,12,12.097018085042038
2024,충청북도 괴산군,241.7,59.8,53.5,13.3,118.2,30.4,227.8,56.4,36252.0,7,6,16.550810989738498
2024,충청북도 단양군,1480.9,318.4,41.0,10.0,88.0,20.9,1450.1,310.7,27352.0,8,6,21.93623866627669
2024,충청북도 보은군,171.6,42.8,46.9,11.7,82.1,19.5,156.8,39.2,30527.0,10,9,29.482097815048974
2024,충청북도 영동군,160.7,38.2,65.2,16.2,96.1,23.4,135.5,32.2,43551.0,11,9,20.665426741062205
2024,충청북도 옥천군,352.1,88.5,73.0,18.1,120.4,29.7,186.0,45.7,48204.0,13,11,22.81968301385777
2024,충청북도 음성군,2555.7,652.4,165.6,43.7,362.0,90.4,2481.2,634.4,91236.0,19,17,18.632995747292735
2024,충청북도 제천시,905.9,229.3,200.2,51.2,320.4,78.2,824.6,210.3,128569.0,18,16,12.444679510612978
2024,충청북도 증평군,343.8,88.7,63.1,16.7,93.1,23.2,308.0,79.5,37171.0,9,6,16.14161577573915
2024,충청북도 진천군,2430.0,641.6,157.2,42.2,323.7,84.1,2382.0,629.8,86537.0,13,12,13.866900863214578
2024,충청북도 청주시,7925.2,1859.2,1480.1,406.1,2112.6,567.0,7389.1,1725.0,854537.0,82,75,8.776682577816993
2024,충청북도 충주시,1646.1,421.9,355.9,95.0,572.8,145.5,1511.5,387.7,207241.0,6,6,2.895180007816986
2025,강원특별자치도 강릉시,789.2,186.9,365.5,101.5,690.2,186.3,639.0,153.1,206237.0,26,25,12.121976173043635
2025,강원특별자치도 고성군,59.1,15.1,43.3,11.1,196.6,51.9,33.7,8.6,26845.0,1,1,3.7250884708511824
2025,강원특별자치도 동해시,1158.8,276.5,149.2,40.3,247.3,64.3,1035.2,251.7,86333.0,10,10,11.5830563052367
2025,강원특별자치도 삼척시,974.9,211.4,101.4,26.6,181.7,47.6,634.6,140.4,60518.0,2,1,1.652400938563733
2025,강원특별자치도 속초시,75.5,19.2,147.9,40.8,337.2,92.8,52.0,13.2,79636.0,19,19,23.858556431764526
2025,강원특별자치도 양구군,19.8,4.9,30.6,7.8,101.4,22.9,7.6,2.1,20410.0,8,7,34.296913277805
2025,강원특별자치도 양양군,44.4,11.1,49.3,13.0,188.7,48.4,27.3,6.7,27292.0,4,4,14.656309541257512
2025,강원특별자치도 영월군,704.7,162.4,59.7,15.1,105.9,26.3,640.5,146.1,36054.0,9,8,22.18893881400122
2025,강원특별자치도 원주시,803.6,201.1,656.0,176.9,982.8,254.2,692.4,173.2,363194.0,11,11,3.0286843945659894
2025,강원특별자치도 인제군,38.7,9.0,49.2,12.4,178.7,42.7,12.9,3.1,30863.0,1,1,3.2401257168778153
2025,강원특별자치도 정선군,190.3,49.2,56.0,13.4,226.8,56.8,162.8,42.6,34879.0,4,2,5.734109349465294
2025,강원특별자치도 철원군,60.0,13.9,59.0,15.2,187.8,45.5,32.0,7.4,39979.0,11,6,15.007879136546686
2025,강원특별자치도 춘천시,252.1,66.9,495.4,137.4,971.1,255.1,141.0,38.9,285234.0,32,31,10.868269561132264
2025,강원특별자치도 태백시,77.1,17.8,61.5,14.3,118.0,25.5,25.7,5.7,37088.0,6,6,16.17773943054357
2025,강원특별자치도 평창군,87.2,21.3,72.2,17.4,272.5,59.4,40.2,10.1,39831.0,5,5,12.553036579548591
2025,강원특별자치도 홍천군,119.4,31.5,109.3,28.5,301.3,78.5,86.0,23.0,66109.0,14,14,21.17714683326022
2025,강원특별자치도 화천군,24.5,5.7,33.5,8.5,135.5,31.4,6.6,1.6,22371.0,3,3,13.410218586562962
2025,강원특별자치도 횡성군,270.2,70.8,74.7,19.1,151.7,37.4,227.8,60.4,45627.0,6,6,13.15010848839503
2025,경기도 가평군,92.5,22.7,105.1,28.2,420.1,100.6,52.7,13.0,62125.0,17,17,27.364185110663986
2025,경기도 고양시,844.9,213.5,1712.9,503.0,2425.6,646.3,320.8,75.1,1060081.0,47,44,4.150626225731807
2025,경기도 과천시,49.8,13.2,145.3,43.5,351.6,96.1,1.6,0.4,79908.0,0,0,0.0
2025,경기도 광명시,285.1,78.4,424.6,122.5,463.1,121.7,241.1,66.8,293947.0,17,16,5.443158120341422
2025,경기도 광주시,1082.6,260.1,685.3,191.9,947.5,240.8,901.5,213.6,397346.0,36,35,8.80844402611326
2025,경기도 구리시,129.2,33.2,311.9,92.3,407.4,112.7,30.0,7.6,186090.0,5,5,2.686871943683164
2025,경기도 군포시,559.9,144.0,409.3,113.6,506.2,135.4,363.4,94.4,251367.0,5,5,1.9891234728504537
2025,경기도 김포시,2122.7,498.2,882.2,241.4,1225.2,325.1,1986.3,460.6,484792.0,13,13,2.6815624020198356
2025,경기도 남양주시,939.7,232.7,1238.8,346.1,1339.2,348.7,491.9,117.4,729754.0,39,38,5.207234218654506
2025,경기도 동두천시,212.9,53.6,146.2,41.8,248.4,63.9,146.7,35.7,86438.0,29,28,32.39316041555797
2025,경기도 부천시,1583.0,414.3,1299.1,378.9,1478.7,401.4,1410.5,372.0,758796.0,46,45,5.9304477092657315
2025,경기도 성남시,870.8,236.5,1582.4,464.8,3371.9,949.7,349.4,100.3,905794.0,56,53,5.851220034577398
2025,경기도 수원시,671.6,182.0,2112.5,618.0,3536.8,979.3,524.7,143.8,1186515.0,43,41,3.4554978234577733
2025,경기도 시흥시,2807.0,702.6,946.5,275.5,1165.7,313.0,2656.5,664.6,515032.0,31,31,6.019043476910173
2025,경기도 안산시,5290.8,1386.5,1096.1,320.5,1381.4,371.2,5015.1,1318.1,612508.0,53,53,8.652948206390773
2025,경기도 안성시,2126.0,557.1,357.2,99.2,801.6,209.5,2052.1,537.5,196592.0,30,29,14.751363229429478
2025,경기도 안양시,427.4,112.6,951.1,272.3,1874.3,508.1,292.0,77.4,563279.0,22,22,3.9057021476035856
2025,경기도 양주시,1017.1,237.6,528.8,150.0,712.5,182.3,912.4,211.6,296224.0,44,41,13.840877174030464
2025,경기도 양평군,125.4,31.0,214.4,55.7,349.4,83.9,27.1,6.6,126933.0,20,20,15.756343897961917
2025,경기도 여주시,522.4,127.6,186.6,51.1,451.2,117.9,452.1,109.7,114002.0,22,22,19.297907054262208
2025,경기도 연천군,210.5,52.9,66.0,17.6,179.8,44.1,137.3,34.1,42340.0,15,15,35.42749173358526
2025,경기도 오산시,586.7,153.5,463.1,134.3,551.1,150.2,513.7,135.4,249410.0,8,8,3.2075698648811195
2025,경기도 용인시,5249.3,1397.3,1880.8,528.3,3401.2,916.6,4260.8,1145.7,1091186.0,60,58,5.315317461917584
2025,경기도 의왕시,143.5,36.7,274.2,77.6,533.3,143.0,107.9,27.2,160370.0,6,6,3.741348132443724
2025,경기도 의정부시,237.5,59.6,786.7,221.7,836.5,223.0,47.1,11.9,461572.0,34,34,7.366131394452004
2025,경기도 이천시,4386.5,1126.4,379.3,106.8,1043.4,276.7,4270.2,1097.4,222967.0,35,32,14.35189960846224
2025,경기도 파주시,6129.6,1600.4,937.2,275.4,1369.3,349.7,5916.6,1545.7,526005.0,80,77,14.638644119352477
2025,경기도 평택시,19358.6,5124.7,1199.0,345.8,2114.2,576.1,18570.9,4934.8,610402.0,72,69,11.304025871474865
2025,경기도 포천시,1479.4,343.6,223.1,60.5,622.5,152.9,1367.7,316.7,140452.0,29,26,18.511662347278786
2025,경기도 하남시,542.1,141.9,614.4,183.5,857.6,238.1,74.8,19.1,327939.0,6,6,1.8296085552496042
2025,경기도 화성시,15759.5,4110.5,1851.2,527.0,3226.9,871.0,15421.3,4022.4,989969.0,58,58,5.858769314998753
2025,경상남도 거제시,1197.2,336.9,418.7,114.6,505.7,136.6,1112.1,315.0,231178.0,69,66,28.549429443978237
2025,경상남도 거창군,105.4,27.9,90.9,23.5,130.1,31.5,87.0,23.2,58980.0,2,2,3.39097999321804
2025,경상남도 고성군,343.1,77.4,74.1,19.1,120.6,30.3,161.1,44.9,47099.0,11,10,21.231873288180218
2025,경상남도 김해시,3162.0,775.7,924.5,268.3,1142.2,315.6,2892.4,704.7,533035.0,41,40,7.50419766056638
2025,경상남도 남해군,18.8,4.7,54.7,14.1,128.7,33.7,5.4,1.3,40770.0,2,2,4.905567819475104
2025,경상남도 밀양시,669.4,170.4,161.1,44.0,242.0,62.2,593.2,150.9,99252.0,9,8,8.060290976504252
2025,경상남도 사천시,904.7,230.6,179.5,49.3,280.8,73.0,838.5,213.3,107935.0,13,12,11.117802381062678
2025,경상남도 산청군,95.4,25.9,45.1,11.3,80.4,19.7,79.2,21.7,32745.0,24,22,67.1858298976943
2025,경상남도 양산시,2324.1,589.7,641.5,182.3,765.6,210.0,1973.1,501.8,361155.0,12,11,3.045783666292866
2025,경상남도 의령군,189.7,47.4,36.2,9.3,57.4,13.7,177.0,44.1,24636.0,10,10,40.591005033284624
2025,경상남도 진주시,862.0,215.2,592.3,165.7,799.3,213.6,755.3,186.8,335939.0,46,44,13.097615936226518
2025,경상남도 창녕군,536.1,137.3,85.6,22.6,148.0,37.3,516.0,132.2,54900.0,9,8,14.571948998178506
2025,경상남도 창원시,5966.5,1512.5,1699.4,490.3,2329.0,635.4,5646.8,1429.7,990898.0,81,79,7.972566298448478
2025,경상남도 통영시,377.9,99.3,197.8,53.7,337.1,86.5,165.5,43.0,116667.0,11,11,9.428544489872886
2025,경상남도 하동군,203.2,40.5,56.1,14.3,98.0,24.1,30.2,7.0,39974.0,16,16,40.02601691099214
2025,경상남도 함안군,2543.7,619.0,90.8,24.4,150.7,39.5,2441.2,593.0,57558.0,6,5,8.686889745995343
2025,경상남도 함양군,52.3,13.3,52.6,13.3,82.6,20.1,37.4,9.1,35472.0,5,5,14.095624718087505
2025,경상남도 합천군,66.6,16.2,56.4,14.2,101.5,24.0,46.9,11.2,39190.0,15,14,35.72339882623118
2025,경상북도 경산시,1493.9,376.5,467.0,128.9,555.6,149.2,1423.9,358.4,263853.0,5,4,1.515995649092487
2025,경상북도 경주시,2668.2,682.6,444.5,124.9,800.8,215.6,2027.0,494.8,244055.0,29,27,11.063080043432834
2025,경상북도 고령군,945.2,231.9,42.1,11.3,77.9,19.6,917.6,225.1,29667.0,1,1,3.370748643273671
2025,경상북도 구미시,7336.5,1974.0,683.6,194.4,798.4,212.7,6931.6,1873.9,403883.0,55,52,12.875015784274158
2025,경상북도 김천시,1677.1,441.6,214.4,57.9,334.0,90.3,1503.6,397.9,133791.0,28,26,19.433295214177335
2025,경상북도 문경시,197.1,49.2,99.6,26.0,175.5,43.3,164.0,40.9,65348.0,19,18,27.544836873354964
2025,경상북도 봉화군,992.5,283.7,38.2,9.3,62.2,13.9,976.2,279.5,28315.0,12,12,42.38036376478898
2025,경상북도 상주시,185.2,48.9,137.2,36.0,197.7,49.6,148.7,39.4,89888.0,24,24,26.6998932004272
2025,경상북도 성주군,728.1,174.8,54.5,14.4,103.1,25.7,712.0,170.7,40720.0,6,5,12.278978388998034
2025,경상북도 안동시,302.4,78.8,253.7,69.2,427.8,108.9,196.1,51.9,152610.0,32,28,18.347421532009697
2025,경상북도 영덕군,43.5,11.5,48.0,12.4,136.7,35.1,23.4,6.2,32698.0,7,7,21.408037188818888
2025,경상북도 영양군,12.2,3.2,21.8,5.4,33.8,7.5,3.7,0.8,15941.0,2,2,12.546264349789851
2025,경상북도 영주시,1188.7,303.5,152.0,41.2,227.3,56.9,1149.9,294.0,97162.0,18,18,18.525761100018528
2025,경상북도 영천시,932.8,228.4,143.3,38.3,229.7,59.4,885.1,216.3,95185.0,5,4,4.202342806114409
2025,경상북도 예천군,49.5,12.2,91.4,25.5,120.9,30.2,33.6,8.4,53887.0,14,13,24.124556943233063
2025,경상북도 울릉군,9.0,2.4,10.2,2.7,47.7,12.2,3.1,0.8,8696.0,10,10,114.99540018399263
2025,경상북도 울진군,242.6,73.5,85.6,22.3,174.7,44.1,24.4,5.9,45896.0,22,21,45.75562140491546
2025,경상북도 의성군,78.1,18.7,65.8,16.7,93.7,22.6,57.4,13.5,47902.0,9,8,16.70076405995574
2025,경상북도 청도군,82.5,20.2,56.1,14.1,111.5,27.3,68.5,16.6,40117.0,5,4,9.970835306727821
2025,경상북도 청송군,19.7,4.7,34.5,8.5,69.4,16.2,7.5,1.6,23363.0,5,5,21.40136112656765
2025,경상북도 칠곡군,1202.6,296.6,172.4,48.4,351.3,93.6,1105.6,271.6,104842.0,13,12,11.445794624291791
2025,경상북도 포항시,7301.3,1802.0,856.7,249.3,1203.9,326.7,7124.8,1755.7,488707.0,115,111,22.7129957213627
2025,광주광역시 광산구,1901.4,469.6,692.1,195.4,921.7,251.5,1792.5,441.5,387604.0,27,26,6.707877111691313
2025,광주광역시 남구,49.0,12.4,364.8,103.8,332.1,91.9,11.4,2.7,207596.0,9,9,4.335343648239851
2025,광주광역시 동구,35.8,9.0,202.1,58.9,371.4,101.8,6.8,1.7,104888.0,5,4,3.813591640607124
2025,광주광역시 북구,747.2,205.1,729.9,211.5,806.6,220.1,679.3,186.7,416862.0,11,11,2.6387629479300108
2025,광주광역시 서구,313.9,84.7,496.9,139.5,822.0,221.7,211.5,58.7,275063.0,20,19,6.907508461697865
2025,대구광역시 군위군,124.7,31.6,28.3,7.1,71.1,17.5,111.4,28.3,22452.0,2,2,8.907892392659896
2025,대구광역시 남구,11.0,2.8,248.2,71.6,324.7,89.6,5.3,1.4,135542.0,14,13,9.591123046730903
2025,대구광역시 달서구,1852.0,475.4,912.2,258.2,948.4,261.7,1626.0,412.0,517059.0,45,44,8.509667175312682
2025,대구광역시 달성군,3178.0,824.8,421.0,120.3,522.2,141.7,2983.1,772.1,254659.0,21,21,8.246321551565034
2025,대구광역시 동구,130.2,33.5,606.6,170.6,845.7,233.8,84.8,21.8,339281.0,20,19,5.600077811607488
2025,대구광역시 북구,650.1,162.9,698.5,198.8,850.0,234.9,544.7,135.8,409854.0,8,7,1.7079252611905704
2025,대구광역시 서구,337.4,88.4,280.6,79.4,314.3,85.0,188.1,45.7,163956.0,8,8,4.879357876503452
2025,대구광역시 수성구,220.2,56.5,742.7,211.4,790.5,214.7,12.3,3.2,409222.0,8,8,1.9549291093831709
2025,대구광역시 중구,36.8,9.6,217.1,63.2,515.3,146.5,17.3,4.3,101007.0,14,12,11.880364727197124
2025,대전광역시 대덕구,1885.7,491.9,270.4,75.5,419.8,110.6,1656.5,433.9,165535.0,4,4,2.4164074062887004
2025,대전광역시 동구,83.1,20.8,375.1,105.0,447.1,119.3,50.6,12.4,218664.0,5,5,2.286613251381114
2025,대전광역시 서구,52.9,13.4,768.3,216.1,1116.2,304.7,17.2,4.2,463351.0,18,16,3.4531057448888642
2025,대전광역시 유성구,970.8,262.6,638.1,182.6,1668.6,465.6,389.0,108.4,367534.0,15,14,3.809171396387817
2025,대전광역시 중구,36.1,9.5,376.0,107.8,540.1,146.9,20.6,5.4,225645.0,10,9,3.9885661104832812
2025,부산광역시 강서구,3434.3,873.2,284.7,80.0,862.4,233.9,3366.7,856.4,150299.0,12,12,7.984085057119476
2025,부산광역시 금정구,239.5,61.7,354.2,97.9,402.9,108.0,103.2,26.7,206588.0,7,6,2.9043313261176835
2025,부산광역시 기장군,746.2,192.5,178.1,51.4,480.8,129.5,562.7,142.5,174898.0,17,16,9.148189230294228
2025,부산광역시 남구,527.5,137.9,459.4,128.7,449.9,122.8,400.2,104.2,250668.0,27,27,10.771219302024988
2025,부산광역시 동구,63.9,16.2,154.7,42.6,321.3,88.3,32.6,8.3,83851.0,6,6,7.1555497251076305
2025,부산광역시 동래구,96.3,24.8,473.0,130.1,468.3,130.0,9.3,2.4,273277.0,4,4,1.463716302506248
2025,부산광역시 부산진구,225.2,60.6,682.6,191.5,853.2,238.1,22.5,5.7,365378.0,8,8,2.1895133259254798
2025,부산광역시 북구,110.8,30.4,433.2,123.1,354.6,96.6,13.6,3.5,262862.0,7,7,2.6629942707580403
2025,부산광역시 사상구,688.5,170.4,318.4,89.7,432.2,117.6,644.4,159.4,194124.0,8,8,4.121077249593044
2025,부산광역시 사하구,1266.5,318.9,475.4,133.7,452.0,122.2,1145.5,288.7,286222.0,12,11,3.8431706856915264
2025,부산광역시 서구,172.0,49.9,183.4,50.3,264.3,73.2,144.8,42.6,101892.0,6,6,5.888587916617595
2025,부산광역시 수영구,13.6,3.4,317.1,89.5,355.7,97.8,5.8,1.5,169112.0,17,16,9.461185486541464
2025,부산광역시 연제구,61.9,17.3,376.1,105.1,417.6,115.9,11.8,2.9,211727.0,1,1,0.47230631898624176
2025,부산광역시 영도구,113.0,28.6,169.5,45.3,179.5,47.9,82.8,20.8,101580.0,9,8,7.875566056310297
2025,부산광역시 중구,6.1,1.5,65.2,18.0,293.7,81.2,4.5,1.1,36518.0,9,9,24.64538036037023
2025,부산광역시 해운대구,149.7,37.7,737.8,205.1,967.3,274.5,71.5,19.2,372604.0,21,20,5.36762890360812
2025,서울특별시 강남구,288.7,67.8,1118.9,341.4,3470.4,957.9,10.8,2.8,556330.0,9,8,1.4379954343644958
2025,서울특별시 강동구,184.0,49.9,819.8,243.0,839.7,234.4,27.2,7.4,499127.0,15,15,3.0052471615440557
2025,서울특별시 강북구,47.9,12.3,436.8,125.6,427.3,115.5,27.3,6.8,278928.0,12,12,4.302185510239202
2025,서울특별시 강서구,342.6,88.5,900.4,263.2,1651.6,460.3,51.5,14.4,549711.0,13,12,2.182965230821286
2025,서울특별시 관악구,34.2,8.9,733.1,216.5,780.6,214.8,15.9,4.1,477605.0,19,19,3.978182807968928
2025,서울특별시 광진구,354.9,98.9,546.4,165.1,672.4,190.4,25.0,6.4,331167.0,12,12,3.623549447861653
2025,서울특별시 구로구,317.3,80.6,660.9,193.9,927.9,261.2,83.5,20.9,383829.0,13,13,3.3869249066641656
2025,서울특별시 금천구,194.2,51.0,378.6,111.6,1237.6,343.5,182.8,48.1,223290.0,11,9,4.030632809351069
2025,서울특별시 노원구,63.8,18.0,718.4,207.6,646.1,175.7,27.0,7.2,483541.0,12,12,2.481692348735681
2025,서울특별시 도봉구,47.9,12.6,466.8,135.5,376.2,101.7,35.6,9.3,299899.0,18,18,6.0020206802957
2025,서울특별시 동대문구,156.8,41.7,625.8,181.3,665.7,180.7,59.0,15.1,346241.0,15,15,4.332242570926032
2025,서울특별시 동작구,56.8,15.5,588.9,173.4,595.6,167.2,11.7,3.5,371924.0,12,11,2.9575934868413976
2025,서울특별시 마포구,195.2,64.5,662.9,198.8,1439.6,393.0,15.7,4.3,357616.0,32,22,6.151850029081474
2025,서울특별시 서대문구,31.2,8.1,509.3,152.1,610.4,171.0,13.0,3.5,300147.0,7,7,2.3321905599589536
2025,서울특별시 서초구,420.4,114.6,812.9,245.3,2158.0,591.5,6.2,1.5,414428.0,7,7,1.689075062495777
2025,서울특별시 성동구,856.6,228.7,491.4,142.7,830.5,228.6,181.6,47.4,274606.0,16,15,5.462371543229208
2025,서울특별시 성북구,96.1,26.3,691.1,199.2,570.4,154.5,37.0,9.6,422559.0,12,12,2.8398401170014127
2025,서울특별시 송파구,208.0,54.9,1078.2,318.3,1672.6,472.5,27.1,7.0,643350.0,15,13,2.0206730395585604
2025,서울특별시 양천구,35.1,8.7,692.0,200.6,964.0,255.7,13.7,3.3,425088.0,12,11,2.5876994881059923
2025,서울특별시 영등포구,214.0,57.7,704.4,210.0,1878.8,528.4,91.2,24.9,371362.0,43,23,6.193417743333997
2025,서울특별시 용산구,101.0,26.8,447.3,135.3,1081.4,300.4,12.4,3.2,201894.0,12,12,5.943713037534548
2025,서울특별시 은평구,219.6,58.5,736.7,216.4,581.9,157.6,11.0,2.7,455137.0,17,15,3.295710961754373
2025,서울특별시 종로구,62.4,16.3,285.8,84.4,1273.1,355.3,55.2,14.4,137048.0,15,15,10.94507034031872
2025,서울특별시 중구,192.3,49.5,239.6,72.5,1879.8,535.5,173.9,44.9,117805.0,12,6,5.093162429438479
2025,서울특별시 중랑구,62.9,15.7,598.4,175.3,507.2,137.3,46.9,11.7,376916.0,17,16,4.24497766080506
2025,세종특별자치시 세종시,2175.5,567.2,730.5,199.3,1105.2,299.5,1905.6,497.3,391965.0,33,32,8.163994234179071
2025,울산광역시 남구,11885.6,3119.2,531.1,150.3,936.5,246.6,10883.8,2861.6,304128.0,47,42,13.809974747474747
2025,울산광역시 동구,1136.1,306.3,243.5,66.3,242.0,65.6,1104.0,298.1,149257.0,40,36,24.119471783567942
2025,울산광역시 북구,1701.3,468.5,361.5,101.4,380.4,104.6,1641.8,452.8,215220.0,16,15,6.9696124895455815
2025,울산광역시 울주군,10589.4,2661.1,368.7,100.9,549.9,144.7,10008.2,2513.7,219174.0,64,59,26.919251371056788
2025,울산광역시 중구,29.0,7.9,346.2,96.1,347.7,95.7,10.5,2.9,204169.0,21,20,9.79580641527362
2025,인천광역시 강화군,118.9,28.9,101.9,26.0,220.2,52.0,99.5,23.8,69698.0,10,10,14.347613991793164
2025,인천광역시 계양구,397.1,101.4,451.3,130.0,458.2,123.6,277.9,70.0,277721.0,34,32,11.522355169396624
2025,인천광역시 남동구,1933.5,487.9,840.0,240.7,1017.0,276.9,1803.2,451.3,480147.0,28,27,5.623277871151959
2025,인천광역시 동구,2547.5,628.4,96.3,27.6,112.7,28.7,2508.2,619.0,56477.0,10,10,17.706322927917558
2025,인천광역시 미추홀구,387.7,97.7,750.7,215.7,703.2,188.7,297.3,74.4,417578.0,33,33,7.90271518135534
2025,인천광역시 부평구,668.6,173.6,856.0,246.3,911.9,250.1,583.5,150.4,490442.0,25,24,4.893545006341219
2025,인천광역시 서구,3634.7,926.4,1217.4,357.3,1571.2,421.9,3146.4,799.3,654358.0,80,78,11.92008044526085
2025,인천광역시 연수구,1605.1,435.0,852.6,255.1,984.8,279.7,1104.5,311.0,409437.0,26,25,6.105945481233987
2025,인천광역시 옹진군,75.7,11.2,29.8,7.8,130.8,31.0,27.4,6.4,19636.0,2,2,10.185373803218578
2025,인천광역시 중구,914.3,239.0,342.0,97.4,1529.0,424.8,770.5,201.8,176467.0,32,30,17.000345673695367
2025,전라남도 강진군,67.3,15.7,46.9,12.3,76.8,19.4,31.2,8.1,31799.0,7,7,22.01327085757414
2025,전라남도 고흥군,81.0,20.4,93.7,24.5,128.5,32.5,44.9,10.9,59455.0,15,14,23.54722058699857
2025,전라남도 곡성군,230.8,62.3,36.1,9.2,59.5,14.8,222.6,59.9,27287.0,11,9,32.98273903323927
2025,전라남도 광양시,3246.2,770.2,268.5,78.2,327.6,88.5,3112.5,735.6,155259.0,49,46,29.62791206950966
2025,전라남도 구례군,28.6,8.0,33.9,8.7,67.4,16.5,8.8,2.4,23803.0,7,2,8.402302230811243
2025,전라남도 나주시,389.3,98.1,208.0,59.3,347.0,94.1,338.6,84.6,117076.0,15,14,11.958044347261609
2025,전라남도 담양군,216.2,54.0,56.5,14.5,130.9,33.5,196.6,49.1,44177.0,9,9,20.372592072798064
2025,전라남도 목포시,137.6,29.9,376.6,105.9,545.3,144.2,92.0,18.1,202003.0,27,26,12.87109597382217
2025,전라남도 무안군,104.6,26.5,168.5,50.0,241.4,62.6,56.5,14.1,95592.0,21,20,20.922252908193155
2025,전라남도 보성군,52.9,12.6,53.5,13.7,90.9,22.6,40.3,9.5,36858.0,4,3,8.139345596614032
2025,전라남도 순천시,1046.3,269.0,476.8,132.7,605.9,164.0,872.9,223.4,275492.0,37,33,11.978569250649747
2025,전라남도 신안군,33.3,8.7,40.6,10.1,96.4,23.7,19.5,5.2,41858.0,14,13,31.05738449041999
2025,전라남도 여수시,13081.1,3361.6,450.2,126.3,757.2,201.9,12564.6,3229.8,263284.0,38,35,13.293629692651281
2025,전라남도 영광군,325.7,98.1,76.0,20.1,118.1,29.6,84.4,20.7,53526.0,24,22,41.10152075626798
2025,전라남도 영암군,799.0,199.7,88.4,24.0,142.8,36.7,777.9,194.4,50069.0,15,14,27.961413249715395
2025,전라남도 완도군,48.8,13.6,68.8,17.8,120.1,30.8,28.1,8.0,44613.0,16,13,29.13948848990205
2025,전라남도 장성군,234.8,56.3,58.3,15.3,135.6,35.2,203.3,48.1,42958.0,3,3,6.9835653428930575
2025,전라남도 장흥군,71.7,19.4,52.7,13.9,83.1,20.9,48.0,13.1,34201.0,3,3,8.77167334288471
2025,전라남도 진도군,21.3,5.2,43.9,11.3,75.9,20.0,12.5,2.9,27964.0,13,11,39.33628951509083
2025,전라남도 함평군,109.6,27.1,39.7,10.3,65.9,16.5,97.5,24.0,29458.0,17,15,50.919953832575196
2025,전라남도 해남군,101.4,25.7,94.0,24.6,159.7,40.4,80.8,20.2,62188.0,30,28,45.02476361999099
2025,전라남도 화순군,124.3,33.2,90.0,24.1,175.1,46.9,109.8,29.5,60215.0,6,5,8.303578842481109
2025,전북특별자치도 고창군,107.9,28.8,75.1,19.7,128.9,32.8,81.5,21.8,50396.0,7,7,13.889991269148345
2025,전북특별자치도 군산시,4841.2,1196.6,455.0,124.7,706.2,186.5,4701.0,1159.5,256291.0,40,39,15.217077462727914
2025,전북특별자치도 김제시,531.9,137.4,112.8,30.7,201.6,51.5,507.5,131.3,81676.0,6,5,6.121749351094569
2025,전북특별자치도 남원시,160.9,41.2,114.3,30.4,187.5,46.9,120.9,31.2,74272.0,18,18,24.235243429556224
2025,전북특별자치도 무주군,32.4,8.4,33.2,8.3,96.0,20.0,22.9,6.2,22787.0,1,1,4.3884671084390225
2025,전북특별자치도 부안군,118.9,32.5,67.8,18.1,151.4,38.5,91.3,25.5,47220.0,6,5,10.588733587462938
2025,전북특별자치도 순창군,83.0,21.1,36.1,9.3,57.3,14.4,74.9,19.1,27714.0,14,13,46.90770007938226
2025,전북특별자치도 완주군,1174.6,316.4,157.4,43.4,280.9,75.4,1070.0,288.8,100444.0,21,20,19.911592529170484
2025,전북특별자치도 익산시,1660.2,442.4,449.2,126.0,585.1,155.6,1520.0,407.1,267066.0,36,34,12.730935424202258
2025,전북특별자치도 임실군,97.6,24.8,31.4,7.8,70.2,17.2,88.0,22.3,25259.0,8,8,31.671879330139753
2025,전북특별자치도 장수군,38.0,9.4,25.5,6.1,48.5,11.0,20.3,5.1,20922.0,6,6,28.677946659019213
2025,전북특별자치도 전주시,1671.6,429.4,1102.5,311.0,1496.0,405.5,1502.9,386.3,625437.0,47,45,7.194969277481185
2025,전북특별자치도 정읍시,883.1,230.2,158.0,42.7,230.9,59.2,788.1,205.7,101123.0,26,24,23.73347309711935
2025,전북특별자치도 진안군,37.8,9.6,30.5,7.4,55.7,12.7,22.0,5.6,24249.0,12,11,45.36269536888119
2025,제주특별자치도 서귀포시,192.7,49.3,315.5,89.3,887.5,245.3,61.5,14.9,179610.0,22,20,11.13523745893881
2025,제주특별자치도 제주시,487.0,126.9,820.5,231.7,1763.4,485.1,232.2,61.6,485182.0,85,74,15.252008524636118
2025,충청남도 계룡시,60.5,15.9,78.9,22.7,154.6,42.8,32.9,9.0,45846.0,1,1,2.1812153732059505
2025,충청남도 공주시,465.1,122.1,157.6,42.4,319.5,79.7,392.9,104.4,99979.0,12,12,12.002520529311155
2025,충청남도 금산군,660.9,162.5,71.2,18.5,126.6,31.2,643.5,158.2,48898.0,4,4,8.180293672542843
2025,충청남도 논산시,594.9,152.9,171.9,46.4,305.5,78.9,522.8,134.8,106777.0,10,9,8.428781479157497
2025,충청남도 당진시,5432.7,1377.7,329.8,94.8,423.5,109.2,5208.6,1317.8,172564.0,41,40,23.179805753227786
2025,충청남도 보령시,750.0,168.4,156.3,43.4,318.5,83.1,460.6,114.3,92117.0,7,7,7.5990316662505295
2025,충청남도 부여군,145.8,34.6,89.1,23.4,129.1,33.3,110.5,25.9,58377.0,9,8,13.704027271014269
2025,충청남도 서산시,8449.3,2249.6,313.5,87.3,500.5,128.8,8329.0,2220.2,172438.0,14,13,7.538941532608821
2025,충청남도 서천군,697.4,175.3,73.4,19.4,129.9,33.0,662.4,170.2,47225.0,4,4,8.470089994706195
2025,충청남도 아산시,11399.0,2957.7,665.3,189.8,806.0,210.5,11086.4,2877.3,359378.0,31,31,8.626014948049129
2025,충청남도 예산군,827.7,209.7,137.1,37.8,210.4,51.8,773.6,196.4,78815.0,20,19,24.107086214553068
2025,충청남도 천안시,5783.7,1550.9,1189.3,334.7,1682.6,445.7,5593.9,1501.9,664322.0,49,48,7.225411773206367
2025,충청남도 청양군,132.4,33.2,40.2,10.2,66.3,15.3,119.5,30.0,29986.0,12,11,36.68378576669112
2025,충청남도 태안군,438.9,91.9,90.1,23.4,248.5,63.7,21.3,6.0,59474.0,2,2,3.3628140027575077
2025,충청남도 홍성군,359.8,92.9,186.3,50.6,249.2,64.3,312.6,80.2,100557.0,11,10,9.944608530485198
2025,충청북도 괴산군,228.9,56.4,53.2,13.5,121.5,30.5,214.5,52.9,38293.0,7,7,18.28010341315645
2025,충청북도 단양군,1358.9,332.1,41.2,10.2,90.1,21.4,1327.8,324.5,26812.0,11,11,41.02640608682679
2025,충청북도 보은군,174.2,44.7,46.5,11.8,85.8,20.1,159.1,41.0,30529.0,11,10,32.75574044351273
2025,충청북도 영동군,154.5,37.4,64.5,16.4,101.2,24.8,130.2,31.5,43032.0,2,2,4.647704034207101
2025,충청북도 옥천군,348.9,87.2,75.0,19.4,121.2,29.9,183.6,45.1,49601.0,24,23,46.37003286224068
2025,충청북도 음성군,2557.9,657.9,177.9,48.4,370.2,93.7,2464.2,635.4,94280.0,10,10,10.606703436571912
2025,충청북도 제천시,868.1,211.3,203.7,53.3,329.7,80.5,786.0,191.9,128003.0,21,21,16.405865487527638
2025,충청북도 증평군,345.8,98.9,63.1,17.5,94.6,23.8,310.5,89.5,36680.0,4,4,10.905125408942203
2025,충청북도 진천군,2424.8,643.5,161.6,44.7,327.5,86.2,2374.3,630.9,86580.0,19,19,21.945021945021942
2025,충청북도 청주시,7279.4,1914.0,1516.9,433.1,2197.3,594.4,6741.6,1763.9,856152.0,94,90,10.51215204776722
2025,충청북도 충주시,1595.7,405.4,362.8,99.8,581.8,148.4,1452.2,369.2,206540.0,12,12,5.810012588360608
