scene,date,path,row,지점,LST_30m,LST_100m,LST_500m,LST_1000m,지점명,Tavg,Tmax,Tmin,net,scene_id
LC08_L2SP_114034_20200820_20200905_02_T1,2020-08-20,114,034,130,,,,36.774542134219054,울진,25.5,30.0,22.4,ASOS,LC08_L2SP_114034_20200820_20200905_02_T1
LC08_L2SP_114034_20200820_20200905_02_T1,2020-08-20,114,034,272,36.934446560000005,37.24929503085716,37.75639227670106,37.32654130432295,영주,26.0,32.8,20.2,ASOS,LC08_L2SP_114034_20200820_20200905_02_T1
LC08_L2SP_114034_20200820_20200905_02_T1,2020-08-20,114,034,216,43.74428174,43.558081031428586,41.82592290907218,38.3784283971486,태백,23.3,31.7,17.0,ASOS,LC08_L2SP_114034_20200820_20200905_02_T1
LC08_L2SP_114034_20200820_20200905_02_T1,2020-08-20,114,034,271,37.30587140000002,37.071362675428595,35.848671201030946,34.886660295484496,봉화,25.0,31.6,18.9,ASOS,LC08_L2SP_114034_20200820_20200905_02_T1
LC08_L2SP_114034_20200820_20200905_02_T1,2020-08-20,114,034,106,38.25152360000002,38.740723643428595,40.527024410721666,40.128425933596546,동해,24.1,26.9,21.6,ASOS,LC08_L2SP_114034_20200820_20200905_02_T1
LC08_L2SP_114034_20200820_20200905_02_T1,2020-08-20,114,034,217,40.37183534000002,39.69864816285717,36.08597463657145,33.72400356373283,정선군,26.1,33.0,20.9,ASOS,LC08_L2SP_114034_20200820_20200905_02_T1
LC08_L2SP_114034_20210620_20210629_02_T1,2021-06-20,114,034,272,33.86278592000002,34.13645538800003,34.78929642494847,34.21856497649587,영주,21.8,29.1,14.0,ASOS,LC08_L2SP_114034_20210620_20210629_02_T1
LC08_L2SP_114034_20210620_20210629_02_T1,2021-06-20,114,034,216,40.64299826000001,40.4798122194286,38.175504955876306,34.577361180143164,태백,20.1,27.8,11.4,ASOS,LC08_L2SP_114034_20210620_20210629_02_T1
LC08_L2SP_114034_20210620_20210629_02_T1,2021-06-20,114,034,106,32.91599438000003,32.72373889314289,34.04686162314723,34.070428966510484,동해,21.1,25.9,18.0,ASOS,LC08_L2SP_114034_20210620_20210629_02_T1
LC08_L2SP_114034_20210620_20210629_02_T1,2021-06-20,114,034,217,38.97842252000002,38.48066115028573,33.384810802736865,30.857578410192854,정선군,21.7,29.2,12.7,ASOS,LC08_L2SP_114034_20210620_20210629_02_T1
LC08_L2SP_114034_20210620_20210629_02_T1,2021-06-20,114,034,271,37.49158382000004,37.85330799371432,34.50477856082477,32.518952819061,봉화,18.8,26.7,11.1,ASOS,LC08_L2SP_114034_20210620_20210629_02_T1
LC08_L2SP_114034_20210807_20210811_02_T1,2021-08-07,114,034,272,40.09041836000002,40.69016693600002,41.67056533070969,41.329464911338924,영주,27.0,33.0,22.0,ASOS,LC08_L2SP_114034_20210807_20210811_02_T1
LC08_L2SP_114034_20210807_20210811_02_T1,2021-08-07,114,034,216,39.871665080000035,39.57891980514288,37.9195235650333,35.85685514132354,태백,23.4,29.5,19.9,ASOS,LC08_L2SP_114034_20210807_20210811_02_T1
LC08_L2SP_114034_20210807_20210811_02_T1,2021-08-07,114,034,217,,,,33.75355140783731,정선군,25.8,33.7,21.2,ASOS,LC08_L2SP_114034_20210807_20210811_02_T1
LC08_L2SP_114034_20210807_20210811_02_T1,2021-08-07,114,034,271,39.72582956000002,39.6005998177143,39.00511674721651,37.98789147929003,봉화,24.3,30.9,19.4,ASOS,LC08_L2SP_114034_20210807_20210811_02_T1
LC08_L2SP_114034_20220826_20220927_02_T1,2022-08-26,114,034,272,31.44054908000002,31.98241918400002,33.01012109113404,32.61460943088464,영주,22.8,28.1,16.4,ASOS,LC08_L2SP_114034_20220826_20220927_02_T1
LC08_L2SP_114034_20220826_20220927_02_T1,2022-08-26,114,034,216,,,37.023559224285734,30.615052113511275,태백,19.5,24.8,13.3,ASOS,LC08_L2SP_114034_20220826_20220927_02_T1
LC08_L2SP_114034_20220826_20220927_02_T1,2022-08-26,114,034,106,32.52178274000003,32.81885750685717,35.37590382989693,35.1151120188581,동해,23.4,27.3,19.7,ASOS,LC08_L2SP_114034_20220826_20220927_02_T1
LC08_L2SP_114034_20220826_20220927_02_T1,2022-08-26,114,034,271,31.274205440000003,31.413270025142868,30.579615226804144,29.392569284185534,봉화,20.3,26.5,14.9,ASOS,LC08_L2SP_114034_20220826_20220927_02_T1
LC08_L2SP_114034_20220826_20220927_02_T1,2022-08-26,114,034,130,,,31.344477484295318,31.453192559588807,울진,23.4,27.9,18.8,ASOS,LC08_L2SP_114034_20220826_20220927_02_T1
LC08_L2SP_114034_20230728_20230805_02_T1,2023-07-28,114,034,272,36.06513014000003,36.504557301714314,37.609644501649505,37.93242688918921,영주,26.9,32.9,22.3,ASOS,LC08_L2SP_114034_20230728_20230805_02_T1
LC08_L2SP_114034_20230728_20230805_02_T1,2023-07-28,114,034,106,40.719334040000035,40.9110686857143,42.2158209759863,41.05094919769913,동해,27.4,31.4,24.8,ASOS,LC08_L2SP_114034_20230728_20230805_02_T1
LC08_L2SP_114034_20240612_20240628_02_T1,2024-06-12,114,034,272,38.989815920000034,39.37374094742861,40.65849093484538,40.42058526204983,영주,26.0,32.7,17.2,ASOS,LC08_L2SP_114034_20240612_20240628_02_T1
LC08_L2SP_114034_20240612_20240628_02_T1,2024-06-12,114,034,216,38.76308726000002,38.55839669085715,36.90955726659796,33.51886702432295,태백,23.2,31.9,14.8,ASOS,LC08_L2SP_114034_20240612_20240628_02_T1
LC08_L2SP_114034_20240612_20240628_02_T1,2024-06-12,114,034,106,35.09099444000003,35.384032688000026,37.10189635533982,37.19984131417871,동해,25.7,33.9,21.2,ASOS,LC08_L2SP_114034_20240612_20240628_02_T1
LC08_L2SP_114034_20240612_20240628_02_T1,2024-06-12,114,034,271,42.04780448,41.377774902285736,38.116877886597955,35.68170357789867,봉화,23.3,32.1,15.4,ASOS,LC08_L2SP_114034_20240612_20240628_02_T1
LC08_L2SP_114034_20240612_20240628_02_T1,2024-06-12,114,034,217,34.834642940000016,34.42669411485716,30.61070901078127,27.693615476043576,정선군,25.1,35.9,15.1,ASOS,LC08_L2SP_114034_20240612_20240628_02_T1
LC08_L2SP_114034_20240628_20240709_02_T1,2024-06-28,114,034,272,35.60939414000003,35.71802207085717,36.34845385051548,35.64200709360883,영주,22.6,30.9,13.7,ASOS,LC08_L2SP_114034_20240628_20240709_02_T1
LC08_L2SP_114034_20240628_20240709_02_T1,2024-06-28,114,034,106,31.19217296000001,30.805936700000018,30.99340272750371,30.673488794755535,동해,22.4,26.5,18.4,ASOS,LC08_L2SP_114034_20240628_20240709_02_T1
LC08_L2SP_114034_20240628_20240709_02_T1,2024-06-28,114,034,271,,,32.35932682005573,32.23443570120484,봉화,22.2,30.6,14.5,ASOS,LC08_L2SP_114034_20240628_20240709_02_T1
LC08_L2SP_114034_20240628_20240709_02_T1,2024-06-28,114,034,130,32.176562720000014,32.38734062000002,32.39594164913297,32.17205495480002,울진,20.9,24.2,16.0,ASOS,LC08_L2SP_114034_20240628_20240709_02_T1
LC08_L2SP_114035_20200820_20200905_02_T1,2020-08-20,114,035,138,42.16971386000002,42.81451519485715,42.81876953722135,42.95252895338704,포항,27.8,33.0,25.4,ASOS,LC08_L2SP_114035_20200820_20200905_02_T1
LC08_L2SP_114035_20200820_20200905_02_T1,2020-08-20,114,035,277,35.61964820000001,36.29488618914287,38.53354744494847,37.47456357882111,영덕,26.5,31.7,23.1,ASOS,LC08_L2SP_114035_20200820_20200905_02_T1
LC08_L2SP_114035_20200820_20200905_02_T1,2020-08-20,114,035,281,,44.55577665500002,41.8914352438182,40.52898376315219,영천,27.4,34.4,21.7,ASOS,LC08_L2SP_114035_20200820_20200905_02_T1
LC08_L2SP_114035_20200820_20200905_02_T1,2020-08-20,114,035,272,36.935585900000014,37.2578889097143,37.779641077113425,37.35884076156887,영주,26.0,32.8,20.2,ASOS,LC08_L2SP_114035_20200820_20200905_02_T1
LC08_L2SP_114035_20200820_20200905_02_T1,2020-08-20,114,035,288,45.13085852000004,44.72050080457145,43.09586421839417,43.296172607944726,밀양,29.2,36.2,23.6,ASOS,LC08_L2SP_114035_20200820_20200905_02_T1
LC08_L2SP_114035_20200820_20200905_02_T1,2020-08-20,114,035,279,41.749297400000025,41.93725594742859,39.79229106000002,38.89405372164417,구미,28.5,34.9,23.3,ASOS,LC08_L2SP_114035_20200820_20200905_02_T1
LC08_L2SP_114035_20200820_20200905_02_T1,2020-08-20,114,035,278,43.503881000000014,42.93502481428573,39.14259080587668,39.33419265739214,의성,27.3,35.1,21.6,ASOS,LC08_L2SP_114035_20200820_20200905_02_T1
LC08_L2SP_114035_20200820_20200905_02_T1,2020-08-20,114,035,285,,,42.716579117637814,40.55442114914745,합천,28.3,34.8,21.9,ASOS,LC08_L2SP_114035_20200820_20200905_02_T1
LC08_L2SP_114035_20200820_20200905_02_T1,2020-08-20,114,035,136,42.20503340000002,42.525643676000016,41.06550312325867,40.243385791475696,안동,27.4,34.9,21.7,ASOS,LC08_L2SP_114035_20200820_20200905_02_T1
LC08_L2SP_114035_20200820_20200905_02_T1,2020-08-20,114,035,271,37.30587140000002,37.07185096400003,35.85639991979383,34.91725780584824,봉화,25.0,31.6,18.9,ASOS,LC08_L2SP_114035_20200820_20200905_02_T1
LC08_L2SP_114035_20200820_20200905_02_T1,2020-08-20,114,035,253,41.520290060000036,42.07964089485715,46.07938060391755,45.22499261191638,김해시,29.1,35.8,25.2,ASOS,LC08_L2SP_114035_20200820_20200905_02_T1
LC08_L2SP_114035_20200820_20200905_02_T1,2020-08-20,114,035,257,43.49818429999999,43.485911980571444,45.54830896516375,45.7909394048605,양산시,30.2,37.8,25.2,ASOS,LC08_L2SP_114035_20200820_20200905_02_T1
LC08_L2SP_114035_20200820_20200905_02_T1,2020-08-20,114,035,283,40.5871706,40.13068589085716,37.06509487768423,37.12123240504486,경주시,28.1,35.6,22.7,ASOS,LC08_L2SP_114035_20200820_20200905_02_T1
LC08_L2SP_114035_20200820_20200905_02_T1,2020-08-20,114,035,276,39.54353516000003,38.24120443485716,35.790697166233784,34.618033426838466,청송군,26.2,34.9,20.9,ASOS,LC08_L2SP_114035_20200820_20200905_02_T1
LC08_L2SP_114035_20200820_20200905_02_T1,2020-08-20,114,035,143,44.13621470000002,43.74558384285716,44.30220918741938,45.02524645868789,대구,29.6,36.3,24.4,ASOS,LC08_L2SP_114035_20200820_20200905_02_T1
LC08_L2SP_114035_20200820_20200905_02_T1,2020-08-20,114,035,152,42.21984482000001,42.2023966417143,39.32460569340208,39.16180705625722,울산,27.9,34.2,24.0,ASOS,LC08_L2SP_114035_20200820_20200905_02_T1
LC08_L2SP_114035_20210807_20210811_02_T1,2021-08-07,114,035,281,,49.53651539900002,46.65983726354548,44.980232034316565,영천,28.1,34.9,23.0,ASOS,LC08_L2SP_114035_20210807_20210811_02_T1
LC08_L2SP_114035_20210807_20210811_02_T1,2021-08-07,114,035,272,40.07674628000001,40.68909270114287,41.95594713161878,41.53299911052757,영주,27.0,33.0,22.0,ASOS,LC08_L2SP_114035_20210807_20210811_02_T1
LC08_L2SP_114035_20210807_20210811_02_T1,2021-08-07,114,035,136,44.847162860000026,44.95722310400002,43.633013934826906,42.530641367897786,안동,27.4,34.9,22.2,ASOS,LC08_L2SP_114035_20210807_20210811_02_T1
LC08_L2SP_114035_20210807_20210811_02_T1,2021-08-07,114,035,257,41.529404780000014,41.27533196000001,42.008544911633486,41.45818581522761,양산시,30.6,36.6,26.7,ASOS,LC08_L2SP_114035_20210807_20210811_02_T1
LC08_L2SP_114035_20210807_20210811_02_T1,2021-08-07,114,035,152,41.56244564000002,41.014878836000015,38.14260896041239,37.950782603956284,울산,29.0,33.7,25.6,ASOS,LC08_L2SP_114035_20210807_20210811_02_T1
LC08_L2SP_114035_20210807_20210811_02_T1,2021-08-07,114,035,276,44.07469034000002,43.26735401600001,41.156063594275636,39.96637296518263,청송군,27.1,34.6,21.5,ASOS,LC08_L2SP_114035_20210807_20210811_02_T1
LC08_L2SP_114035_20210807_20210811_02_T1,2021-08-07,114,035,271,39.75317372000003,39.616127394285726,39.0024191346392,38.10861937113449,봉화,24.3,30.9,19.4,ASOS,LC08_L2SP_114035_20210807_20210811_02_T1
LC08_L2SP_114035_20220826_20220924_02_T1,2022-08-26,114,035,138,39.25870016000001,39.812224084571454,39.68062295894233,39.331735911630766,포항,24.4,27.8,21.9,ASOS,LC08_L2SP_114035_20220826_20220924_02_T1
LC08_L2SP_114035_20220826_20220924_02_T1,2022-08-26,114,035,277,32.60267588000003,33.13702634000003,35.63781891113404,34.65293044167766,영덕,23.2,28.6,18.5,ASOS,LC08_L2SP_114035_20220826_20220924_02_T1
LC08_L2SP_114035_20220826_20220924_02_T1,2022-08-26,114,035,281,,37.39622106200001,35.54937163727274,34.44158037071669,영천,23.2,28.7,18.5,ASOS,LC08_L2SP_114035_20220826_20220924_02_T1
LC08_L2SP_114035_20220826_20220924_02_T1,2022-08-26,114,035,272,31.455360500000022,31.983786392000013,33.00349647505156,32.604913135385075,영주,22.8,28.1,16.4,ASOS,LC08_L2SP_114035_20220826_20220924_02_T1
LC08_L2SP_114035_20220826_20220924_02_T1,2022-08-26,114,035,278,36.97318412000004,36.44210926250002,,,의성,22.6,29.5,17.1,ASOS,LC08_L2SP_114035_20220826_20220924_02_T1
LC08_L2SP_114035_20220826_20220924_02_T1,2022-08-26,114,035,285,,,37.26144432826501,35.59060419438508,합천,23.6,29.2,18.7,ASOS,LC08_L2SP_114035_20220826_20220924_02_T1
LC08_L2SP_114035_20220826_20220924_02_T1,2022-08-26,114,035,288,40.96429214000002,40.5152619697143,38.439891747769806,38.61375640764288,밀양,24.8,29.8,20.6,ASOS,LC08_L2SP_114035_20220826_20220924_02_T1
LC08_L2SP_114035_20220826_20220924_02_T1,2022-08-26,114,035,136,34.05647372000004,34.38392003600002,33.933202236985764,33.52814166152516,안동,22.8,28.9,16.7,ASOS,LC08_L2SP_114035_20220826_20220924_02_T1
LC08_L2SP_114035_20220826_20220924_02_T1,2022-08-26,114,035,253,35.820172040000024,36.6836615497143,40.80270945340208,40.06921540904614,김해시,24.8,29.6,21.5,ASOS,LC08_L2SP_114035_20220826_20220924_02_T1
LC08_L2SP_114035_20220826_20220924_02_T1,2022-08-26,114,035,257,38.99095526000004,39.04834544342859,41.139525722688056,41.23138135337884,양산시,25.7,31.4,22.0,ASOS,LC08_L2SP_114035_20220826_20220924_02_T1
LC08_L2SP_114035_20220826_20220924_02_T1,2022-08-26,114,035,152,36.58466918000003,36.71579093771431,34.55159721278353,34.15818004320539,울산,23.8,28.7,20.7,ASOS,LC08_L2SP_114035_20220826_20220924_02_T1
LC08_L2SP_114035_20220826_20220924_02_T1,2022-08-26,114,035,283,36.690627800000016,35.962556987428584,32.17113993797911,32.049966293699356,경주시,23.9,31.0,19.0,ASOS,LC08_L2SP_114035_20220826_20220924_02_T1
LC08_L2SP_114035_20220826_20220924_02_T1,2022-08-26,114,035,271,31.27876280000002,31.410633266857168,30.57145974494847,29.385407392293175,봉화,20.3,26.5,14.9,ASOS,LC08_L2SP_114035_20220826_20220924_02_T1
LC08_L2SP_114035_20220826_20220924_02_T1,2022-08-26,114,035,276,31.45763918000004,30.870781422285738,29.869315071793686,28.970639388797252,청송군,22.2,29.7,17.1,ASOS,LC08_L2SP_114035_20220826_20220924_02_T1
LC08_L2SP_114035_20240612_20240628_02_T1,2024-06-12,114,035,138,,,45.065237754351166,43.9659945804781,포항,26.6,32.5,23.7,ASOS,LC08_L2SP_114035_20240612_20240628_02_T1
LC08_L2SP_114035_20240612_20240628_02_T1,2024-06-12,114,035,277,39.77254250000002,40.017012311428594,42.13659861010311,40.65288830527342,영덕,25.9,33.2,20.0,ASOS,LC08_L2SP_114035_20240612_20240628_02_T1
LC08_L2SP_114035_20240612_20240628_02_T1,2024-06-12,114,035,281,,45.98040739100003,43.588803260545475,42.08823494841505,영천,25.7,33.4,18.5,ASOS,LC08_L2SP_114035_20240612_20240628_02_T1
LC08_L2SP_114035_20240612_20240628_02_T1,2024-06-12,114,035,272,39.00804536000002,39.369834638857164,40.65355379484538,40.41857437424565,영주,26.0,32.7,17.2,ASOS,LC08_L2SP_114035_20240612_20240628_02_T1
LC08_L2SP_114035_20240612_20240628_02_T1,2024-06-12,114,035,278,45.11832578,44.87538593942858,41.82876602058044,42.125534733657354,의성,25.1,34.1,17.4,ASOS,LC08_L2SP_114035_20240612_20240628_02_T1
LC08_L2SP_114035_20240612_20240628_02_T1,2024-06-12,114,035,279,44.61131948000004,44.89716360971431,42.1474517045361,40.906293438763264,구미,26.8,34.0,20.4,ASOS,LC08_L2SP_114035_20240612_20240628_02_T1
LC08_L2SP_114035_20240612_20240628_02_T1,2024-06-12,114,035,288,42.95357978000002,42.51324114628573,41.4419029202404,41.44373596335331,밀양,26.1,33.4,19.6,ASOS,LC08_L2SP_114035_20240612_20240628_02_T1
LC08_L2SP_114035_20240612_20240628_02_T1,2024-06-12,114,035,136,39.115143320000016,39.242806367000014,37.640612276537695,37.14262094483667,안동,25.8,33.3,18.0,ASOS,LC08_L2SP_114035_20240612_20240628_02_T1
LC08_L2SP_114035_20240612_20240628_02_T1,2024-06-12,114,035,253,37.097372180000015,37.75779874914288,42.30246458865981,41.518144460652756,김해시,25.4,31.6,19.2,ASOS,LC08_L2SP_114035_20240612_20240628_02_T1
LC08_L2SP_114035_20240612_20240628_02_T1,2024-06-12,114,035,257,39.699624740000026,39.6280416354286,40.81266625646628,41.03752026147296,양산시,25.9,32.7,19.9,ASOS,LC08_L2SP_114035_20240612_20240628_02_T1
LC08_L2SP_114035_20240612_20240628_02_T1,2024-06-12,114,035,152,39.82723082000001,39.56983763771431,37.45189876762888,37.17817894009599,울산,25.0,31.0,20.1,ASOS,LC08_L2SP_114035_20240612_20240628_02_T1
LC08_L2SP_114035_20240612_20240628_02_T1,2024-06-12,114,035,143,43.59274952000002,43.245283372571436,43.57614770857145,44.08943958960856,대구,27.9,33.9,21.8,ASOS,LC08_L2SP_114035_20240612_20240628_02_T1
LC08_L2SP_114035_20240612_20240628_02_T1,2024-06-12,114,035,283,42.47163896000003,41.50560885028574,37.29562793851165,37.21365982955846,경주시,26.8,34.9,19.6,ASOS,LC08_L2SP_114035_20240612_20240628_02_T1
LC08_L2SP_114035_20240612_20240628_02_T1,2024-06-12,114,035,271,42.10477148000003,41.421916189142884,38.11574246185568,35.67959972934442,봉화,23.3,32.1,15.4,ASOS,LC08_L2SP_114035_20240612_20240628_02_T1
LC08_L2SP_114035_20240612_20240628_02_T1,2024-06-12,114,035,276,39.04336490000003,38.854885511428584,37.09992175202799,35.24749743204142,청송군,24.2,33.9,15.7,ASOS,LC08_L2SP_114035_20240612_20240628_02_T1
LC08_L2SP_114035_20240628_20240709_02_T1,2024-06-28,114,035,138,42.44201612000003,42.60220732400001,42.93740850258066,42.87150912105822,포항,24.7,29.4,19.0,ASOS,LC08_L2SP_114035_20240628_20240709_02_T1
LC08_L2SP_114035_20240628_20240709_02_T1,2024-06-28,114,035,277,34.860847760000034,35.18842428628573,37.132503787628885,35.860648645033514,영덕,22.1,27.8,16.4,ASOS,LC08_L2SP_114035_20240628_20240709_02_T1
LC08_L2SP_114035_20240628_20240709_02_T1,2024-06-28,114,035,281,,43.108586987000024,40.759915259272745,39.801612028076114,영천,24.2,32.6,17.2,ASOS,LC08_L2SP_114035_20240628_20240709_02_T1
LC08_L2SP_114035_20240628_20240709_02_T1,2024-06-28,114,035,272,35.58432866000002,35.70308044057145,36.344190134845384,36.171503065454566,영주,22.6,30.9,13.7,ASOS,LC08_L2SP_114035_20240628_20240709_02_T1
LC08_L2SP_114035_20240628_20240709_02_T1,2024-06-28,114,035,278,43.96645304000001,43.463938994857145,39.962659172566596,40.37486247873847,의성,24.6,33.4,16.0,ASOS,LC08_L2SP_114035_20240628_20240709_02_T1
LC08_L2SP_114035_20240628_20240709_02_T1,2024-06-28,114,035,279,41.91678038000001,41.79711712742858,39.2604620259794,38.23711240049243,구미,26.1,32.8,17.6,ASOS,LC08_L2SP_114035_20240628_20240709_02_T1
LC08_L2SP_114035_20240628_20240709_02_T1,2024-06-28,114,035,285,,,39.5039871416495,37.53813677792847,합천,24.9,33.3,16.0,ASOS,LC08_L2SP_114035_20240628_20240709_02_T1
LC08_L2SP_114035_20240628_20240709_02_T1,2024-06-28,114,035,288,41.98628012000003,41.81879714000003,41.18318069783643,42.05325784790421,밀양,25.0,33.4,17.6,ASOS,LC08_L2SP_114035_20240628_20240709_02_T1
LC08_L2SP_114035_20240628_20240709_02_T1,2024-06-28,114,035,136,40.60369102999999,41.13826935800002,40.18306921034625,39.50180225353671,안동,24.5,32.7,17.2,ASOS,LC08_L2SP_114035_20240628_20240709_02_T1
LC08_L2SP_114035_20240628_20240709_02_T1,2024-06-28,114,035,253,36.38756336000002,37.076831507428594,42.11057140002296,41.774396444844534,김해시,23.8,29.7,18.7,ASOS,LC08_L2SP_114035_20240628_20240709_02_T1
LC08_L2SP_114035_20240628_20240709_02_T1,2024-06-28,114,035,257,41.81082175999999,41.83159030057144,43.348585678297894,43.42855376581168,양산시,25.3,31.3,20.2,ASOS,LC08_L2SP_114035_20240628_20240709_02_T1
LC08_L2SP_114035_20240628_20240709_02_T1,2024-06-28,114,035,152,36.86950418,36.79606557885716,34.58410168247425,34.18305198848371,울산,23.1,27.8,18.5,ASOS,LC08_L2SP_114035_20240628_20240709_02_T1
LC08_L2SP_114035_20240628_20240709_02_T1,2024-06-28,114,035,143,37.5679196,37.36013653657145,37.76136893348839,38.38149918347279,대구,26.0,34.1,18.2,ASOS,LC08_L2SP_114035_20240628_20240709_02_T1
LC08_L2SP_114035_20240628_20240709_02_T1,2024-06-28,114,035,283,41.4245855,40.564188484571446,36.031064272835486,35.86827695626089,경주시,24.3,33.3,16.8,ASOS,LC08_L2SP_114035_20240628_20240709_02_T1
LC08_L2SP_114035_20240628_20240709_02_T1,2024-06-28,114,035,276,37.00850366000001,36.41764193600002,34.34791502203988,32.816709319064685,청송군,23.5,33.0,15.1,ASOS,LC08_L2SP_114035_20240628_20240709_02_T1
LC08_L2SP_114035_20240831_20240906_02_T1,2024-08-31,114,035,138,45.21744836000003,45.25273534742859,43.95615536889954,43.956258690453275,포항,26.2,29.9,23.5,ASOS,LC08_L2SP_114035_20240831_20240906_02_T1
LC08_L2SP_114035_20240831_20240906_02_T1,2024-08-31,114,035,277,36.54707096000004,37.06219505750002,38.79752184579163,37.84752910558935,영덕,24.7,30.7,20.2,ASOS,LC08_L2SP_114035_20240831_20240906_02_T1
LC08_L2SP_114035_20240831_20240906_02_T1,2024-08-31,114,035,281,,44.97892753100001,42.28067003954547,40.92312459432513,영천,25.9,32.7,21.6,ASOS,LC08_L2SP_114035_20240831_20240906_02_T1
LC08_L2SP_114035_20240831_20240906_02_T1,2024-08-31,114,035,272,36.92305316000003,36.95319684114288,38.32289091793817,37.65864544063795,영주,24.9,31.1,19.2,ASOS,LC08_L2SP_114035_20240831_20240906_02_T1
LC08_L2SP_114035_20240831_20240906_02_T1,2024-08-31,114,035,278,45.92269981999999,45.24824309257145,41.51587926558254,41.698544871238454,의성,26.1,34.3,19.6,ASOS,LC08_L2SP_114035_20240831_20240906_02_T1
LC08_L2SP_114035_20240831_20240906_02_T1,2024-08-31,114,035,279,41.94298520000001,41.93022459200002,39.49803986515466,38.72383484360826,구미,27.6,32.8,23.2,ASOS,LC08_L2SP_114035_20240831_20240906_02_T1
LC08_L2SP_114035_20240831_20240906_02_T1,2024-08-31,114,035,285,45.111489740000025,45.642877916000025,41.80277774506026,39.54840166019177,합천,27.0,34.3,20.3,ASOS,LC08_L2SP_114035_20240831_20240906_02_T1
LC08_L2SP_114035_20240831_20240906_02_T1,2024-08-31,114,035,288,43.33639802000001,43.226142460571445,40.91259818649822,41.427189268049005,밀양,27.8,34.3,21.7,ASOS,LC08_L2SP_114035_20240831_20240906_02_T1
LC08_L2SP_114035_20240831_20240906_02_T1,2024-08-31,114,035,136,44.38573015999998,44.75350911200001,42.81367068435846,41.57068918287719,안동,26.1,33.1,20.9,ASOS,LC08_L2SP_114035_20240831_20240906_02_T1
LC08_L2SP_114035_20240831_20240906_02_T1,2024-08-31,114,035,253,38.441793380000036,39.26123926057144,43.647336043298985,42.90120670334672,김해시,27.7,34.3,23.9,ASOS,LC08_L2SP_114035_20240831_20240906_02_T1
LC08_L2SP_114035_20240831_20240906_02_T1,2024-08-31,114,035,257,40.27499144000001,40.412916685142875,42.30668675129792,42.83692550846452,양산시,27.8,34.7,22.5,ASOS,LC08_L2SP_114035_20240831_20240906_02_T1
LC08_L2SP_114035_20240831_20240906_02_T1,2024-08-31,114,035,152,38.41900658000001,38.650780888571454,36.76218696556703,36.371896888291765,울산,25.5,30.1,22.1,ASOS,LC08_L2SP_114035_20240831_20240906_02_T1
LC08_L2SP_114035_20240831_20240906_02_T1,2024-08-31,114,035,143,42.74735924,42.690392240000016,43.659870637894755,44.12078829790267,대구,27.6,33.3,24.3,ASOS,LC08_L2SP_114035_20240831_20240906_02_T1
LC08_L2SP_114035_20240831_20240906_02_T1,2024-08-31,114,035,271,36.473013860000016,36.656172586896574,37.25939110010473,,봉화,23.6,30.6,18.8,ASOS,LC08_L2SP_114035_20240831_20240906_02_T1
LC08_L2SP_114035_20240831_20240906_02_T1,2024-08-31,114,035,276,38.41330988000001,37.87137467085716,35.942795013678044,34.70540726496285,청송군,24.4,32.5,19.6,ASOS,LC08_L2SP_114035_20240831_20240906_02_T1
LC08_L2SP_114035_20250802_20250808_02_T1,2025-08-02,114,035,138,49.35894926000003,50.224684897142865,49.797476857923336,50.02121517691907,포항,29.7,34.2,25.4,ASOS,LC08_L2SP_114035_20250802_20250808_02_T1
LC08_L2SP_114035_20250802_20250808_02_T1,2025-08-02,114,035,277,47.878946600000006,48.98106816000003,53.52979183240345,51.908429119874235,영덕,27.5,35.5,22.3,ASOS,LC08_L2SP_114035_20250802_20250808_02_T1
LC08_L2SP_114035_20250802_20250808_02_T1,2025-08-02,114,035,281,,49.15472256500001,45.550782992272744,44.01606157897865,영천,29.1,36.7,22.6,ASOS,LC08_L2SP_114035_20250802_20250808_02_T1
LC08_L2SP_114035_20250802_20250808_02_T1,2025-08-02,114,035,278,53.13244334000001,52.09485135565218,48.98156877909093,50.65910969569002,의성,29.5,37.5,22.8,ASOS,LC08_L2SP_114035_20250802_20250808_02_T1
LC08_L2SP_114035_20250802_20250808_02_T1,2025-08-02,114,035,285,50.369543840000006,50.8512812064286,44.5581286422397,42.03067482721314,합천,29.4,36.9,24.0,ASOS,LC08_L2SP_114035_20250802_20250808_02_T1
LC08_L2SP_114035_20250802_20250808_02_T1,2025-08-02,114,035,288,49.471743920000016,49.369496293142866,47.35522357407231,47.81622183956289,밀양,30.9,38.7,27.0,ASOS,LC08_L2SP_114035_20250802_20250808_02_T1
LC08_L2SP_114035_20250802_20250808_02_T1,2025-08-02,114,035,136,52.89489095000002,53.514748877000024,51.36404611266804,50.34286756896554,안동,29.9,35.7,24.6,ASOS,LC08_L2SP_114035_20250802_20250808_02_T1
LC08_L2SP_114035_20250802_20250808_02_T1,2025-08-02,114,035,253,41.31748754000002,41.99653418000002,47.251240734639204,46.33965748774121,김해시,29.9,35.4,26.0,ASOS,LC08_L2SP_114035_20250802_20250808_02_T1
LC08_L2SP_114035_20250802_20250808_02_T1,2025-08-02,114,035,257,45.257325259999995,45.1364250097143,47.4359991967494,47.57025705045266,양산시,30.3,37.7,27.0,ASOS,LC08_L2SP_114035_20250802_20250808_02_T1
LC08_L2SP_114035_20250802_20250808_02_T1,2025-08-02,114,035,152,43.54717592000001,43.12155104857145,40.7996242303093,40.941655795974455,울산,28.5,34.1,24.1,ASOS,LC08_L2SP_114035_20250802_20250808_02_T1
LC08_L2SP_114035_20250802_20250808_02_T1,2025-08-02,114,035,143,45.633307460000026,45.13516819739132,,,대구,30.9,37.3,25.2,ASOS,LC08_L2SP_114035_20250802_20250808_02_T1
LC08_L2SP_114035_20250802_20250808_02_T1,2025-08-02,114,035,283,46.362485060000004,45.4590860977143,40.337801513541685,39.71989384450074,경주시,29.4,37.6,24.1,ASOS,LC08_L2SP_114035_20250802_20250808_02_T1
LC08_L2SP_114035_20250802_20250808_02_T1,2025-08-02,114,035,296,47.91426614000002,47.60023148342859,47.33315072300443,46.66984647619731,북부산,30.5,36.0,27.0,ASOS,LC08_L2SP_114035_20250802_20250808_02_T1
LC08_L2SP_114036_20200820_20200905_02_T1,2020-08-20,114,036,159,39.49112552000005,40.19826502914289,42.17414021574915,41.883976600261605,부산,29.4,33.2,26.5,ASOS,LC08_L2SP_114036_20200820_20200905_02_T1
LC08_L2SP_114036_20200820_20200905_02_T1,2020-08-20,114,036,162,39.88305848000001,40.77719269739132,40.08451450727275,39.986938274242895,통영,27.5,33.9,24.7,ASOS,LC08_L2SP_114036_20200820_20200905_02_T1
LC08_L2SP_114036_20200820_20200905_02_T1,2020-08-20,114,036,294,44.64208166000001,44.520204832571444,41.3746111503093,39.12599238731077,거제,28.6,34.5,24.1,ASOS,LC08_L2SP_114036_20200820_20200905_02_T1
LC08_L2SP_114036_20200820_20200905_02_T1,2020-08-20,114,036,288,45.084145580000005,44.697746557142885,43.08995129328469,43.29833440683501,밀양,29.2,36.2,23.6,ASOS,LC08_L2SP_114036_20200820_20200905_02_T1
LC08_L2SP_114036_20200820_20200905_02_T1,2020-08-20,114,036,285,,,42.72103779464569,40.57531081294619,합천,28.3,34.8,21.9,ASOS,LC08_L2SP_114036_20200820_20200905_02_T1
LC08_L2SP_114036_20200820_20200905_02_T1,2020-08-20,114,036,192,42.35200826000001,42.45142381314287,40.45586641225002,38.51531463937685,진주,28.4,35.7,22.6,ASOS,LC08_L2SP_114036_20200820_20200905_02_T1
LC08_L2SP_114036_20200820_20200905_02_T1,2020-08-20,114,036,253,41.50433930000005,42.05708196285716,46.081197283505176,45.22768218537384,김해시,29.1,35.8,25.2,ASOS,LC08_L2SP_114036_20200820_20200905_02_T1
LC08_L2SP_114036_20200820_20200905_02_T1,2020-08-20,114,036,257,43.492487600000004,43.478197021142876,45.55362971166248,45.793994394833504,양산시,30.2,37.8,25.2,ASOS,LC08_L2SP_114036_20200820_20200905_02_T1
LC08_L2SP_114036_20200820_20200905_02_T1,2020-08-20,114,036,263,38.267474360000016,38.967155713333355,,38.093639289514236,의령군,28.6,36.2,22.8,ASOS,LC08_L2SP_114036_20200820_20200905_02_T1
LC08_L2SP_114036_20200820_20200905_02_T1,2020-08-20,114,036,255,39.07070906000001,40.162717621142875,44.35566098061857,43.984522796061924,북창원,30.2,36.9,25.7,ASOS,LC08_L2SP_114036_20200820_20200905_02_T1
LC08_L2SP_114036_20200820_20200905_02_T1,2020-08-20,114,036,155,42.00906692000001,41.816843985714314,40.51865750494847,40.57108099425646,창원,28.9,35.8,24.9,ASOS,LC08_L2SP_114036_20200820_20200905_02_T1
LC08_L2SP_114036_20220709_20220721_02_T1,2022-07-09,114,036,162,35.69256596,36.621177596521754,36.326875110567535,36.537972027621265,통영,27.3,32.6,22.7,ASOS,LC08_L2SP_114036_20220709_20220721_02_T1
LC08_L2SP_114036_20220709_20220721_02_T1,2022-07-09,114,036,295,38.10796675999999,37.90526189771429,35.37065889354168,32.97831572158577,남해,27.0,32.3,22.7,ASOS,LC08_L2SP_114036_20220709_20220721_02_T1
LC08_L2SP_114036_20220709_20220721_02_T1,2022-07-09,114,036,294,38.56826012000001,38.30917420400002,35.23629356969074,33.559196346627786,거제,26.6,30.7,22.9,ASOS,LC08_L2SP_114036_20220709_20220721_02_T1
LC08_L2SP_114036_20220709_20220721_02_T1,2022-07-09,114,036,155,36.85925012000001,36.65211810800001,35.70143002520002,34.43784651216297,창원,27.6,33.4,23.4,ASOS,LC08_L2SP_114036_20220709_20220721_02_T1
LC08_L2SP_114036_20220709_20220721_02_T1,2022-07-09,114,036,255,33.22475552000001,33.90139326971429,36.19541330147099,36.57614502523168,북창원,28.1,33.3,23.6,ASOS,LC08_L2SP_114036_20220709_20220721_02_T1
LC08_L2SP_114036_20230813_20230818_02_T1,2023-08-13,114,036,159,39.789632600000004,40.4598900457143,42.834262300618576,43.08225173947436,부산,26.9,31.0,23.5,ASOS,LC08_L2SP_114036_20230813_20230818_02_T1
LC08_L2SP_114036_20230813_20230818_02_T1,2023-08-13,114,036,295,43.295381780000035,43.10377734457145,40.48891037296598,38.429715849745975,남해,26.5,30.9,23.7,ASOS,LC08_L2SP_114036_20230813_20230818_02_T1
LC08_L2SP_114036_20240612_20240628_02_T1,2024-06-12,114,036,159,36.23830982000002,36.95602891485716,39.472348351640534,39.43766307215192,부산,23.8,28.7,20.7,ASOS,LC08_L2SP_114036_20240612_20240628_02_T1
LC08_L2SP_114036_20240612_20240628_02_T1,2024-06-12,114,036,162,,,37.37648356645671,38.19388018710061,통영,21.8,28.5,17.7,ASOS,LC08_L2SP_114036_20240612_20240628_02_T1
LC08_L2SP_114036_20240612_20240628_02_T1,2024-06-12,114,036,295,42.73995353000001,41.950840649473705,39.9996543691648,37.11020639484538,남해,24.2,30.0,18.2,ASOS,LC08_L2SP_114036_20240612_20240628_02_T1
LC08_L2SP_114036_20240612_20240628_02_T1,2024-06-12,114,036,294,44.23419794000002,44.055647085714305,40.318654394226826,37.610367353064866,거제,23.3,29.0,17.8,ASOS,LC08_L2SP_114036_20240612_20240628_02_T1
LC08_L2SP_114036_20240612_20240628_02_T1,2024-06-12,114,036,288,42.94332572000002,42.4915611337143,41.424459515288476,41.42104308302126,밀양,26.1,33.4,19.6,ASOS,LC08_L2SP_114036_20240612_20240628_02_T1
LC08_L2SP_114036_20240612_20240628_02_T1,2024-06-12,114,036,192,40.55071172000002,40.31281752800002,37.09432999423379,35.81099124610456,진주,24.3,32.2,17.2,ASOS,LC08_L2SP_114036_20240612_20240628_02_T1
LC08_L2SP_114036_20240612_20240628_02_T1,2024-06-12,114,036,253,37.04154452000002,37.707309710857174,42.29379620804126,41.51002654083598,김해시,25.4,31.6,19.2,ASOS,LC08_L2SP_114036_20240612_20240628_02_T1
LC08_L2SP_114036_20240612_20240628_02_T1,2024-06-12,114,036,257,39.68139530000004,39.61183045485717,40.809147583116584,41.026736463975176,양산시,25.9,32.7,19.9,ASOS,LC08_L2SP_114036_20240612_20240628_02_T1
LC08_L2SP_114036_20240612_20240628_02_T1,2024-06-12,114,036,263,40.37069600000003,40.28600506000002,,37.886105943649305,의령군,26.3,34.3,18.9,ASOS,LC08_L2SP_114036_20240612_20240628_02_T1
LC08_L2SP_114036_20240612_20240628_02_T1,2024-06-12,114,036,155,39.70987880000001,38.90430031485716,37.76535902811646,37.03200462796815,창원,25.0,32.3,18.6,ASOS,LC08_L2SP_114036_20240612_20240628_02_T1
LC08_L2SP_114036_20240612_20240628_02_T1,2024-06-12,114,036,255,39.07298774000003,39.46221883657146,42.44923585525775,41.601473017774616,북창원,26.0,32.7,20.1,ASOS,LC08_L2SP_114036_20240612_20240628_02_T1
LC08_L2SP_114036_20240730_20240801_02_T1,2024-07-30,114,036,159,42.456827540000006,43.43503231142858,46.69433694831426,46.24212246609274,부산,29.4,32.3,26.1,ASOS,LC08_L2SP_114036_20240730_20240801_02_T1
LC08_L2SP_114036_20240730_20240801_02_T1,2024-07-30,114,036,295,45.44759504000001,45.23505930114287,41.67854716487807,38.516765816389785,남해,29.6,34.1,24.6,ASOS,LC08_L2SP_114036_20240730_20240801_02_T1
LC08_L2SP_114036_20240730_20240801_02_T1,2024-07-30,114,036,294,47.25800630000001,47.02766430457144,43.17039892268043,40.70488908812373,거제,28.6,31.7,25.6,ASOS,LC08_L2SP_114036_20240730_20240801_02_T1
LC08_L2SP_114036_20240730_20240801_02_T1,2024-07-30,114,036,285,,,43.17161444663074,41.007173091561846,합천,29.6,36.2,24.0,ASOS,LC08_L2SP_114036_20240730_20240801_02_T1
LC08_L2SP_114036_20240730_20240801_02_T1,2024-07-30,114,036,288,50.94604988000003,50.73611834685717,48.53514850745765,49.267810608469404,밀양,30.3,36.0,24.3,ASOS,LC08_L2SP_114036_20240730_20240801_02_T1
LC08_L2SP_114036_20240730_20240801_02_T1,2024-07-30,114,036,253,42.46366358,43.4677476457143,48.957952478350535,47.807259209742284,김해시,30.5,35.7,25.4,ASOS,LC08_L2SP_114036_20240730_20240801_02_T1
LC08_L2SP_114036_20240730_20240801_02_T1,2024-07-30,114,036,257,45.56038970000003,45.693659927428584,47.428325569738504,47.52765100612587,양산시,31.5,37.7,25.6,ASOS,LC08_L2SP_114036_20240730_20240801_02_T1
LC08_L2SP_114036_20240730_20240801_02_T1,2024-07-30,114,036,263,41.86664942000001,42.55949473333336,,40.91782893684835,의령군,29.8,36.3,23.9,ASOS,LC08_L2SP_114036_20240730_20240801_02_T1
LC08_L2SP_114036_20240730_20240801_02_T1,2024-07-30,114,036,155,46.25082974000003,46.248746375428595,44.1566719216495,44.315937100553214,창원,30.3,37.3,24.8,ASOS,LC08_L2SP_114036_20240730_20240801_02_T1
LC08_L2SP_114036_20240730_20240801_02_T1,2024-07-30,114,036,255,45.63558614000002,46.7593009057143,49.99910956020621,48.84216602315157,북창원,31.1,36.6,26.0,ASOS,LC08_L2SP_114036_20240730_20240801_02_T1
LC08_L2SP_114036_20240815_20240822_02_T1,2024-08-15,114,036,295,46.96063856000001,46.833520768571454,43.07029382265428,39.37674453017875,남해,28.9,33.6,25.7,ASOS,LC08_L2SP_114036_20240815_20240822_02_T1
LC08_L2SP_114036_20240831_20240906_02_T1,2024-08-31,114,036,159,39.425043800000026,40.2848874217143,42.60391084635322,42.37650424050885,부산,27.7,31.8,25.3,ASOS,LC08_L2SP_114036_20240831_20240906_02_T1
LC08_L2SP_114036_20240831_20240906_02_T1,2024-08-31,114,036,162,40.00382852000001,40.10910353600002,40.06316610781643,39.35919352173266,통영,27.7,33.3,23.8,ASOS,LC08_L2SP_114036_20240831_20240906_02_T1
LC08_L2SP_114036_20240831_20240906_02_T1,2024-08-31,114,036,295,43.83087158000001,43.51921326114288,40.30389260988401,36.619680312448295,남해,26.9,33.5,22.6,ASOS,LC08_L2SP_114036_20240831_20240906_02_T1
LC08_L2SP_114036_20240831_20240906_02_T1,2024-08-31,114,036,294,43.55629064000001,43.42966113714287,39.76583957876291,37.49440280556703,거제,26.9,32.4,22.8,ASOS,LC08_L2SP_114036_20240831_20240906_02_T1
LC08_L2SP_114036_20240831_20240906_02_T1,2024-08-31,114,036,285,45.13769456000002,45.66397198228573,41.81039244347828,39.56320702656313,합천,27.0,34.3,20.3,ASOS,LC08_L2SP_114036_20240831_20240906_02_T1
LC08_L2SP_114036_20240831_20240906_02_T1,2024-08-31,114,036,288,43.30791452000002,43.204071817142875,40.90483257667872,41.42486905847626,밀양,27.8,34.3,21.7,ASOS,LC08_L2SP_114036_20240831_20240906_02_T1
LC08_L2SP_114036_20240831_20240906_02_T1,2024-08-31,114,036,192,43.87758452000003,43.5997808754286,41.077721310487824,38.92118471327625,진주,26.8,34.5,21.0,ASOS,LC08_L2SP_114036_20240831_20240906_02_T1
LC08_L2SP_114036_20240831_20240906_02_T1,2024-08-31,114,036,253,38.40761318,39.24385618742859,43.646874042886616,42.90232612938111,김해시,27.7,34.3,23.9,ASOS,LC08_L2SP_114036_20240831_20240906_02_T1
LC08_L2SP_114036_20240831_20240906_02_T1,2024-08-31,114,036,257,40.26587672000003,40.40295559828574,42.31117791972808,42.838599495687575,양산시,27.8,34.7,22.5,ASOS,LC08_L2SP_114036_20240831_20240906_02_T1
LC08_L2SP_114036_20240831_20240906_02_T1,2024-08-31,114,036,263,38.55117002000001,39.464414326666684,,38.18395965805689,의령군,27.3,35.7,21.1,ASOS,LC08_L2SP_114036_20240831_20240906_02_T1
LC08_L2SP_114036_20240831_20240906_02_T1,2024-08-31,114,036,155,39.59366612000002,39.44083179714286,37.75918730685474,37.72901312899647,창원,27.7,33.7,24.6,ASOS,LC08_L2SP_114036_20240831_20240906_02_T1
LC08_L2SP_114036_20240831_20240906_02_T1,2024-08-31,114,036,255,39.363519440000005,39.75118801314287,42.54220225821103,41.783645699344284,북창원,29.1,34.9,25.4,ASOS,LC08_L2SP_114036_20240831_20240906_02_T1
LC08_L2SP_114036_20250802_20250808_02_T1,2025-08-02,114,036,159,40.86744824000002,41.66859957542859,44.06671196173686,43.818814215945174,부산,29.7,32.2,27.4,ASOS,LC08_L2SP_114036_20250802_20250808_02_T1
LC08_L2SP_114036_20250802_20250808_02_T1,2025-08-02,114,036,285,50.37865856000002,50.8692258114286,44.57947470003986,42.10600776139856,합천,29.4,36.9,24.0,ASOS,LC08_L2SP_114036_20250802_20250808_02_T1
LC08_L2SP_114036_20250802_20250808_02_T1,2025-08-02,114,036,288,49.458071840000024,49.3632461994286,47.35578363518074,47.82197038700811,밀양,30.9,38.7,27.0,ASOS,LC08_L2SP_114036_20250802_20250808_02_T1
LC08_L2SP_114036_20250802_20250808_02_T1,2025-08-02,114,036,253,41.357364440000005,42.01899545428574,47.253323651752595,46.34458734309764,김해시,29.9,35.4,26.0,ASOS,LC08_L2SP_114036_20250802_20250808_02_T1
LC08_L2SP_114036_20250802_20250808_02_T1,2025-08-02,114,036,257,45.2584646,45.13935474114287,47.43886168248141,47.57624825525315,양산시,30.3,37.7,27.0,ASOS,LC08_L2SP_114036_20250802_20250808_02_T1
LC08_L2SP_114036_20250802_20250808_02_T1,2025-08-02,114,036,263,40.77744038000003,41.68258271333335,,40.6173529855332,의령군,28.7,35.9,23.3,ASOS,LC08_L2SP_114036_20250802_20250808_02_T1
LC08_L2SP_114036_20250802_20250808_02_T1,2025-08-02,114,036,155,45.834970640000016,45.75635618000002,43.961010831752596,44.156495917542394,창원,29.5,35.4,25.4,ASOS,LC08_L2SP_114036_20250802_20250808_02_T1
LC08_L2SP_114036_20250802_20250808_02_T1,2025-08-02,114,036,255,45.76319222000001,46.61935740114287,49.819215213195896,48.983779146243926,북창원,30.7,37.0,26.3,ASOS,LC08_L2SP_114036_20250802_20250808_02_T1
LC08_L2SP_114036_20250802_20250808_02_T1,2025-08-02,114,036,296,47.91882350000003,47.604333107428594,47.3366643871576,46.66630563083523,북부산,30.5,36.0,27.0,ASOS,LC08_L2SP_114036_20250802_20250808_02_T1
LC08_L2SP_115034_20200608_20200824_02_T1,2020-06-08,115,034,101,39.541256480000015,39.38321374571431,38.003913379271644,37.69101322340002,춘천,25.6,32.6,18.8,ASOS,LC08_L2SP_115034_20200608_20200824_02_T1
LC08_L2SP_115034_20200608_20200824_02_T1,2020-06-08,115,034,114,42.37935242000001,41.808152449142874,41.27369929752579,40.1888341121214,원주,25.4,31.1,19.7,ASOS,LC08_L2SP_115034_20200608_20200824_02_T1
LC08_L2SP_115034_20200608_20200824_02_T1,2020-06-08,115,034,212,40.03800872000003,40.331763124571445,37.774978005154665,35.35633006504581,홍천,24.8,32.3,17.8,ASOS,LC08_L2SP_115034_20200608_20200824_02_T1
LC08_L2SP_115034_20200608_20200824_02_T1,2020-06-08,115,034,127,40.72844876000001,40.70100694228574,39.15200547154641,38.66984860621244,충주,24.9,31.7,18.3,ASOS,LC08_L2SP_115034_20200608_20200824_02_T1
LC08_L2SP_115034_20200608_20200824_02_T1,2020-06-08,115,034,221,40.297778240000035,39.830388419428594,37.88599513814435,36.66236469046634,제천,23.7,31.3,16.8,ASOS,LC08_L2SP_115034_20200608_20200824_02_T1
LC08_L2SP_115034_20200608_20200824_02_T1,2020-06-08,115,034,203,36.069687500000015,36.30538227043479,35.64992303225436,35.566453747096126,이천,25.0,32.0,18.6,ASOS,LC08_L2SP_115034_20200608_20200824_02_T1
LC08_L2SP_115034_20200608_20200824_02_T1,2020-06-08,115,034,202,41.020689470000036,40.87308497473686,40.39720442636105,38.72370136540214,양평,25.0,31.6,18.0,ASOS,LC08_L2SP_115034_20200608_20200824_02_T1
LC08_L2SP_115034_20200608_20200824_02_T1,2020-06-08,115,034,272,37.02787244000003,37.76619731257146,37.95558492907219,37.35264370440884,영주,25.1,32.0,16.5,ASOS,LC08_L2SP_115034_20200608_20200824_02_T1
LC08_L2SP_115034_20200608_20200824_02_T1,2020-06-08,115,034,273,36.80456179999999,36.991771638285734,33.99407234226806,33.4364137746121,문경,25.8,32.4,17.6,ASOS,LC08_L2SP_115034_20200608_20200824_02_T1
LC08_L2SP_115034_20200608_20200824_02_T1,2020-06-08,115,034,136,42.59810570000002,42.59109875900002,40.97747692590634,40.022128875226734,안동,25.2,33.2,17.2,ASOS,LC08_L2SP_115034_20200608_20200824_02_T1
LC08_L2SP_115034_20200608_20200824_02_T1,2020-06-08,115,034,216,41.12607842000002,41.079918873714306,39.2546556987629,36.16491649237334,태백,23.7,32.8,14.0,ASOS,LC08_L2SP_115034_20200608_20200824_02_T1
LC08_L2SP_115034_20200608_20200824_02_T1,2020-06-08,115,034,95,,,,38.6382851016638,철원,23.5,30.2,17.6,ASOS,LC08_L2SP_115034_20200608_20200824_02_T1
LC08_L2SP_115034_20200608_20200824_02_T1,2020-06-08,115,034,271,39.45238796000001,39.27286052857145,36.55455693278353,34.51176513929003,봉화,22.4,30.7,13.5,ASOS,LC08_L2SP_115034_20200608_20200824_02_T1
LC08_L2SP_115034_20200608_20200824_02_T1,2020-06-08,115,034,106,36.24172784000001,35.86685242742859,36.98685830210334,36.54912304500561,동해,21.1,24.7,16.3,ASOS,LC08_L2SP_115034_20200608_20200824_02_T1
LC08_L2SP_115034_20200608_20200824_02_T1,2020-06-08,115,034,121,37.795787600000004,37.83944059828573,37.636745915670126,37.74141821669252,영월,24.5,32.2,16.7,ASOS,LC08_L2SP_115034_20200608_20200824_02_T1
LC08_L2SP_115034_20200608_20200824_02_T1,2020-06-08,115,034,217,38.992094599999994,38.347749001142866,33.76747973062939,31.44446960670741,정선군,23.7,33.0,15.5,ASOS,LC08_L2SP_115034_20200608_20200824_02_T1
LC08_L2SP_115034_20200608_20200824_02_T1,2020-06-08,115,034,232,37.46993636000002,36.7205761657143,36.44769301068967,35.58515016682423,천안,23.8,31.1,16.6,ASOS,LC08_L2SP_115034_20200608_20200824_02_T1
LC08_L2SP_115034_20200608_20200824_02_T1,2020-06-08,115,034,93,40.97568553999999,40.37336531085715,38.73317860618558,37.104880539367564,북춘천,24.8,32.4,17.8,ASOS,LC08_L2SP_115034_20200608_20200824_02_T1
LC08_L2SP_115034_20230617_20230623_02_T1,2023-06-17,115,034,101,39.81128006,40.169944292000025,39.69106598659796,39.214606435545505,춘천,24.0,31.4,16.5,ASOS,LC08_L2SP_115034_20230617_20230623_02_T1
LC08_L2SP_115034_20230617_20230623_02_T1,2023-06-17,115,034,114,45.53874224000003,44.793255801714295,44.481227211340226,43.60231860605212,원주,24.7,31.1,17.7,ASOS,LC08_L2SP_115034_20230617_20230623_02_T1
LC08_L2SP_115034_20230617_20230623_02_T1,2023-06-17,115,034,212,43.549454600000026,43.78406098228573,40.975625363591575,37.89191503875404,홍천,23.8,31.8,16.3,ASOS,LC08_L2SP_115034_20230617_20230623_02_T1
LC08_L2SP_115034_20230617_20230623_02_T1,2023-06-17,115,034,127,34.73210234000002,35.062445834857165,33.027003682474245,32.77563017095335,충주,23.7,31.4,15.6,ASOS,LC08_L2SP_115034_20230617_20230623_02_T1
LC08_L2SP_115034_20230617_20230623_02_T1,2023-06-17,115,034,202,44.229640580000044,43.99767095600002,43.41006280009436,42.403810359434246,양평,24.4,31.2,16.7,ASOS,LC08_L2SP_115034_20230617_20230623_02_T1
LC08_L2SP_115034_20230617_20230623_02_T1,2023-06-17,115,034,221,40.61679344000004,39.995136983428594,37.696696377981674,36.537221065528385,제천,23.1,31.5,14.9,ASOS,LC08_L2SP_115034_20230617_20230623_02_T1
LC08_L2SP_115034_20230617_20230623_02_T1,2023-06-17,115,034,203,35.41456700000001,35.61968075257145,35.16766693216497,34.79796682540512,이천,24.2,32.1,15.7,ASOS,LC08_L2SP_115034_20230617_20230623_02_T1
LC08_L2SP_115034_20230617_20230623_02_T1,2023-06-17,115,034,272,31.908817820000007,32.22675878514288,33.051164737938166,32.777757504328676,영주,24.5,31.5,15.8,ASOS,LC08_L2SP_115034_20230617_20230623_02_T1
LC08_L2SP_115034_20230617_20230623_02_T1,2023-06-17,115,034,216,42.334918159999994,42.26040532400001,40.627748331134036,37.169509069699416,태백,23.8,32.8,15.0,ASOS,LC08_L2SP_115034_20230617_20230623_02_T1
LC08_L2SP_115034_20230617_20230623_02_T1,2023-06-17,115,034,95,40.48804802000001,40.43756347172416,41.92474882689657,39.867371495963326,철원,23.0,30.3,15.1,ASOS,LC08_L2SP_115034_20230617_20230623_02_T1
LC08_L2SP_115034_20230617_20230623_02_T1,2023-06-17,115,034,106,38.48508830000003,38.35067873257145,39.59302200894088,39.19775695738773,동해,26.1,31.7,21.7,ASOS,LC08_L2SP_115034_20230617_20230623_02_T1
LC08_L2SP_115034_20230617_20230623_02_T1,2023-06-17,115,034,121,36.18362150000004,36.647821168571454,36.63889549958765,36.957024279856874,영월,23.4,32.0,16.4,ASOS,LC08_L2SP_115034_20230617_20230623_02_T1
LC08_L2SP_115034_20230617_20230623_02_T1,2023-06-17,115,034,217,38.35406420000004,37.78787732514287,33.4558056766316,31.263260236250016,정선군,24.1,34.2,16.4,ASOS,LC08_L2SP_115034_20230617_20230623_02_T1
LC08_L2SP_115034_20230617_20230623_02_T1,2023-06-17,115,034,232,41.05999670000002,40.139670400571454,38.94514200572416,38.18142102936579,천안,23.0,30.9,14.5,ASOS,LC08_L2SP_115034_20230617_20230623_02_T1
LC08_L2SP_115034_20230617_20230623_02_T1,2023-06-17,115,034,93,41.438257580000005,41.02571884228574,39.940976887628885,38.21074090349844,북춘천,24.0,32.2,16.1,ASOS,LC08_L2SP_115034_20230617_20230623_02_T1
LC08_L2SP_115034_20230617_20230623_02_T1,2023-06-17,115,034,271,38.10796676000001,37.596175232000014,35.53505122618559,33.93070173929003,봉화,23.3,31.9,15.4,ASOS,LC08_L2SP_115034_20230617_20230623_02_T1
LC08_L2SP_115034_20230617_20230623_02_T1,2023-06-17,115,034,273,35.73586088000002,35.8619695417143,33.317155602474244,33.14307857409678,문경,25.8,32.3,16.9,ASOS,LC08_L2SP_115034_20230617_20230623_02_T1
LC08_L2SP_115034_20240603_20240611_02_T1,2024-06-03,115,034,101,38.46571952000003,38.74619247542859,38.57329509559721,37.683966292237784,춘천,19.2,26.2,12.0,ASOS,LC08_L2SP_115034_20240603_20240611_02_T1
LC08_L2SP_115034_20240603_20240611_02_T1,2024-06-03,115,034,114,41.470159100000046,40.96771016000002,40.717521275670116,39.62953722711711,원주,20.2,27.2,13.8,ASOS,LC08_L2SP_115034_20240603_20240611_02_T1
LC08_L2SP_115034_20240603_20240611_02_T1,2024-06-03,115,034,212,41.428003520000004,41.86274311142859,38.632522116749136,35.46350829579507,홍천,18.9,27.6,11.4,ASOS,LC08_L2SP_115034_20240603_20240611_02_T1
LC08_L2SP_115034_20240603_20240611_02_T1,2024-06-03,115,034,127,39.948000860000015,39.92775316057144,38.09883246371136,37.059892688817655,충주,20.4,26.7,13.2,ASOS,LC08_L2SP_115034_20240603_20240611_02_T1
LC08_L2SP_115034_20240603_20240611_02_T1,2024-06-03,115,034,202,41.09645558000002,41.14665356000002,40.676400664217134,39.47583135443611,양평,20.2,27.4,13.5,ASOS,LC08_L2SP_115034_20240603_20240611_02_T1
LC08_L2SP_115034_20240603_20240611_02_T1,2024-06-03,115,034,221,40.820735300000024,40.09250172457144,37.29214568861081,35.49391848697007,제천,18.3,25.2,12.4,ASOS,LC08_L2SP_115034_20240603_20240611_02_T1
LC08_L2SP_115034_20240603_20240611_02_T1,2024-06-03,115,034,203,38.50331774,38.215227482857166,36.87746781422682,35.608421150815936,이천,19.9,27.3,12.8,ASOS,LC08_L2SP_115034_20240603_20240611_02_T1
LC08_L2SP_115034_20240603_20240611_02_T1,2024-06-03,115,034,272,34.313964560000024,34.26594951714287,34.74293194288662,34.340807384305776,영주,18.2,24.6,13.1,ASOS,LC08_L2SP_115034_20240603_20240611_02_T1
LC08_L2SP_115034_20240603_20240611_02_T1,2024-06-03,115,034,216,,,33.47918087121078,28.981290946942693,태백,13.5,20.3,7.4,ASOS,LC08_L2SP_115034_20240603_20240611_02_T1
LC08_L2SP_115034_20240603_20240611_02_T1,2024-06-03,115,034,95,37.741099280000036,37.90536530000002,37.119878064747724,35.2464157595473,철원,18.6,26.4,10.4,ASOS,LC08_L2SP_115034_20240603_20240611_02_T1
LC08_L2SP_115034_20240603_20240611_02_T1,2024-06-03,115,034,106,31.69006454000002,31.752142293714314,33.633197499044705,33.204426454883965,동해,16.7,21.7,11.7,ASOS,LC08_L2SP_115034_20240603_20240611_02_T1
LC08_L2SP_115034_20240603_20240611_02_T1,2024-06-03,115,034,121,34.39143968,34.68861210457145,34.818034416701046,35.088660962084184,영월,19.3,28.5,11.7,ASOS,LC08_L2SP_115034_20240603_20240611_02_T1
LC08_L2SP_115034_20240603_20240611_02_T1,2024-06-03,115,034,232,37.01989706000003,36.206212984571444,35.4322621288276,34.6034801635243,천안,19.6,26.4,10.8,ASOS,LC08_L2SP_115034_20240603_20240611_02_T1
LC08_L2SP_115034_20240603_20240611_02_T1,2024-06-03,115,034,93,41.017841120000035,40.67424872857145,39.479970950721665,37.50407828759692,북춘천,18.8,27.3,11.1,ASOS,LC08_L2SP_115034_20240603_20240611_02_T1
LC08_L2SP_115034_20240603_20240611_02_T1,2024-06-03,115,034,271,34.27294832000001,34.40744222818183,33.02195767901439,30.312093361914346,봉화,16.4,22.3,9.8,ASOS,LC08_L2SP_115034_20240603_20240611_02_T1
LC08_L2SP_115034_20240619_20240706_02_T1,2024-06-19,115,034,101,41.13405380000004,41.39398608285717,41.28125574494848,40.44215540480002,춘천,26.6,35.5,17.8,ASOS,LC08_L2SP_115034_20240619_20240706_02_T1
LC08_L2SP_115034_20240619_20240706_02_T1,2024-06-19,115,034,114,46.95380252000001,46.34142354628573,45.908146807010326,44.875796728090485,원주,27.6,35.6,19.5,ASOS,LC08_L2SP_115034_20240619_20240706_02_T1
LC08_L2SP_115034_20240619_20240706_02_T1,2024-06-19,115,034,212,41.02581650000002,41.66098227371431,38.75915219540418,35.94964809165854,홍천,26.2,35.5,17.3,ASOS,LC08_L2SP_115034_20240619_20240706_02_T1
LC08_L2SP_115034_20240619_20240706_02_T1,2024-06-19,115,034,202,,,,36.77596817791824,양평,26.1,35.0,17.7,ASOS,LC08_L2SP_115034_20240619_20240706_02_T1
LC08_L2SP_115034_20240619_20240706_02_T1,2024-06-19,115,034,272,,,,30.786557845450176,영주,25.6,33.7,16.7,ASOS,LC08_L2SP_115034_20240619_20240706_02_T1
LC08_L2SP_115034_20240619_20240706_02_T1,2024-06-19,115,034,216,45.800790440000014,45.7940520577143,43.84471984659796,39.982089403962235,태백,24.4,33.7,15.9,ASOS,LC08_L2SP_115034_20240619_20240706_02_T1
LC08_L2SP_115034_20240619_20240706_02_T1,2024-06-19,115,034,95,42.315549380000014,42.5551363057143,42.60406353340148,40.87047740159365,철원,25.5,34.3,16.6,ASOS,LC08_L2SP_115034_20240619_20240706_02_T1
LC08_L2SP_115034_20240619_20240706_02_T1,2024-06-19,115,034,106,31.37788537999999,31.173813309714298,32.559758321019125,31.463701818359922,동해,25.9,29.6,22.5,ASOS,LC08_L2SP_115034_20240619_20240706_02_T1
LC08_L2SP_115034_20240619_20240706_02_T1,2024-06-19,115,034,93,44.06671496000001,43.63650017600003,42.27192557835053,39.95113666116534,북춘천,26.5,36.0,17.4,ASOS,LC08_L2SP_115034_20240619_20240706_02_T1
LC08_L2SP_115034_20240619_20240706_02_T1,2024-06-19,115,034,217,43.31816858000002,42.850453233714305,38.15295636868717,35.38827610184682,정선군,26.1,37.4,15.2,ASOS,LC08_L2SP_115034_20240619_20240706_02_T1
LC08_L2SP_115034_20250622_20250630_02_T1,2025-06-22,115,034,101,36.76582424000003,37.14333641085716,37.06381742188813,36.380385120093145,춘천,23.5,30.2,17.1,ASOS,LC08_L2SP_115034_20250622_20250630_02_T1
LC08_L2SP_115034_20250622_20250630_02_T1,2025-06-22,115,034,114,39.48201080000003,39.07393176457145,39.25645671731961,38.15038589188092,원주,23.6,29.4,18.7,ASOS,LC08_L2SP_115034_20250622_20250630_02_T1
LC08_L2SP_115034_20250622_20250630_02_T1,2025-06-22,115,034,212,41.09873425999999,41.55346113028573,38.282111528000016,35.044741656719594,홍천,23.3,29.9,17.3,ASOS,LC08_L2SP_115034_20250622_20250630_02_T1
LC08_L2SP_115034_20250622_20250630_02_T1,2025-06-22,115,034,127,35.86916366000003,36.264709955428586,33.98480101195878,33.717415529928445,충주,22.4,28.7,18.0,ASOS,LC08_L2SP_115034_20250622_20250630_02_T1
LC08_L2SP_115034_20250622_20250630_02_T1,2025-06-22,115,034,221,33.49819712000002,33.04893908171431,31.36143276785716,30.74937298001733,제천,21.5,28.1,16.9,ASOS,LC08_L2SP_115034_20250622_20250630_02_T1
LC08_L2SP_115034_20250622_20250630_02_T1,2025-06-22,115,034,203,35.398616240000024,35.79907797371431,35.18511723587631,34.809660309229905,이천,23.8,29.9,18.2,ASOS,LC08_L2SP_115034_20250622_20250630_02_T1
LC08_L2SP_115034_20250622_20250630_02_T1,2025-06-22,115,034,202,39.29971640000002,39.485368854736855,39.06502177603308,37.7567878705322,양평,23.1,29.9,17.8,ASOS,LC08_L2SP_115034_20250622_20250630_02_T1
LC08_L2SP_115034_20250622_20250630_02_T1,2025-06-22,115,034,272,28.65144476000002,28.528461145142874,29.388170976907233,29.11350285678957,영주,21.4,27.4,16.7,ASOS,LC08_L2SP_115034_20250622_20250630_02_T1
LC08_L2SP_115034_20250622_20250630_02_T1,2025-06-22,115,034,216,36.792029060000026,36.35348081771431,34.35298793381445,30.72138938707703,태백,20.1,26.1,15.3,ASOS,LC08_L2SP_115034_20250622_20250630_02_T1
LC08_L2SP_115034_20250622_20250630_02_T1,2025-06-22,115,034,95,37.17598664000002,37.09821854685717,36.139461308041255,33.8461857394618,철원,22.4,28.2,15.4,ASOS,LC08_L2SP_115034_20250622_20250630_02_T1
LC08_L2SP_115034_20250622_20250630_02_T1,2025-06-22,115,034,106,35.48520607999999,35.67036510628572,37.59398111791927,37.33795875746952,동해,25.9,30.8,20.4,ASOS,LC08_L2SP_115034_20250622_20250630_02_T1
LC08_L2SP_115034_20250622_20250630_02_T1,2025-06-22,115,034,121,29.44328606000001,29.841762086857162,29.966603851473373,29.476286159965948,영월,22.1,28.6,17.2,ASOS,LC08_L2SP_115034_20250622_20250630_02_T1
LC08_L2SP_115034_20250622_20250630_02_T1,2025-06-22,115,034,232,29.945735000000013,30.40349649333335,34.010977405645534,32.848604370760185,천안,21.9,28.9,17.4,ASOS,LC08_L2SP_115034_20250622_20250630_02_T1
LC08_L2SP_115034_20250622_20250630_02_T1,2025-06-22,115,034,93,37.53260006000003,37.114429727428586,36.68842350989693,34.90528495644332,북춘천,23.3,30.5,17.1,ASOS,LC08_L2SP_115034_20250622_20250630_02_T1
LC08_L2SP_115034_20250622_20250630_02_T1,2025-06-22,115,034,273,27.945053960000013,28.474554086857154,27.13660805195878,27.19328820244491,문경,22.1,28.6,16.4,ASOS,LC08_L2SP_115034_20250622_20250630_02_T1
LC08_L2SP_115035_20200608_20200824_02_T1,2020-06-08,115,035,135,39.676837940000006,39.48301992971431,38.46266561896909,37.26572931722876,추풍령,24.9,32.0,17.6,ASOS,LC08_L2SP_115035_20200608_20200824_02_T1
LC08_L2SP_115035_20200608_20200824_02_T1,2020-06-08,115,035,131,42.40099988000001,42.51792871657144,42.54009724144332,41.93175685309244,청주,26.2,32.6,20.3,ASOS,LC08_L2SP_115035_20200608_20200824_02_T1
LC08_L2SP_115035_20200608_20200824_02_T1,2020-06-08,115,035,133,37.523485340000015,36.40885274171431,38.1945379659346,40.101415452316864,대전,26.2,32.7,19.4,ASOS,LC08_L2SP_115035_20200608_20200824_02_T1
LC08_L2SP_115035_20200608_20200824_02_T1,2020-06-08,115,035,244,42.977505920000034,42.5415618834286,42.383169796288676,40.90881903556257,임실,23.5,31.8,16.5,ASOS,LC08_L2SP_115035_20200608_20200824_02_T1
LC08_L2SP_115035_20200608_20200824_02_T1,2020-06-08,115,035,238,42.09679610000003,42.38858107400002,43.00848057151354,,금산,24.4,31.8,17.2,ASOS,LC08_L2SP_115035_20200608_20200824_02_T1
LC08_L2SP_115035_20200608_20200824_02_T1,2020-06-08,115,035,226,39.001209320000044,39.48565668800003,39.486356736082485,36.41551127560838,보은,24.1,31.7,17.4,ASOS,LC08_L2SP_115035_20200608_20200824_02_T1
LC08_L2SP_115035_20200608_20200824_02_T1,2020-06-08,115,035,243,43.32728330000001,42.81334330228574,39.66380796226806,39.56655717217772,부안,24.0,32.4,17.4,ASOS,LC08_L2SP_115035_20200608_20200824_02_T1
LC08_L2SP_115035_20200608_20200824_02_T1,2020-06-08,115,035,289,40.20777038000002,39.95158164285718,38.31276214618559,37.23257243964904,산청,24.3,32.3,16.8,ASOS,LC08_L2SP_115035_20200608_20200824_02_T1
LC08_L2SP_115035_20200608_20200824_02_T1,2020-06-08,115,035,279,42.76900670000001,42.903969661142874,40.62132730845363,39.35197208395078,구미,26.5,34.0,18.7,ASOS,LC08_L2SP_115035_20200608_20200824_02_T1
LC08_L2SP_115035_20200608_20200824_02_T1,2020-06-08,115,035,278,43.77618326000002,43.50544352342858,40.61445138679566,41.08803140094097,의성,24.7,34.6,14.7,ASOS,LC08_L2SP_115035_20200608_20200824_02_T1
LC08_L2SP_115035_20200608_20200824_02_T1,2020-06-08,115,035,273,36.81253718000003,37.00368587942859,33.908410418350535,33.346776126722034,문경,25.8,32.4,17.6,ASOS,LC08_L2SP_115035_20200608_20200824_02_T1
LC08_L2SP_115035_20200608_20200824_02_T1,2020-06-08,115,035,285,,,,39.633749558233376,합천,24.7,33.7,16.0,ASOS,LC08_L2SP_115035_20200608_20200824_02_T1
LC08_L2SP_115035_20200608_20200824_02_T1,2020-06-08,115,035,136,42.61006877,42.60032741300002,40.95938439234218,39.99763776159936,안동,25.2,33.2,17.2,ASOS,LC08_L2SP_115035_20200608_20200824_02_T1
LC08_L2SP_115035_20200608_20200824_02_T1,2020-06-08,115,035,248,38.67194006000002,38.7918962857143,37.6234225577066,37.91545413769333,장수,22.9,31.6,16.6,ASOS,LC08_L2SP_115035_20200608_20200824_02_T1
LC08_L2SP_115035_20200608_20200824_02_T1,2020-06-08,115,035,137,36.826209260000006,37.17566111428573,41.72387954680414,41.10410217250502,상주,26.8,33.7,19.4,ASOS,LC08_L2SP_115035_20200608_20200824_02_T1
LC08_L2SP_115035_20200608_20200824_02_T1,2020-06-08,115,035,140,39.56632196000002,38.99961424400002,37.02908819914636,36.11480536400002,군산,24.6,32.8,16.4,ASOS,LC08_L2SP_115035_20200608_20200824_02_T1
LC08_L2SP_115035_20200608_20200824_02_T1,2020-06-08,115,035,192,,,,36.6907911880666,진주,23.1,32.2,14.1,ASOS,LC08_L2SP_115035_20200608_20200824_02_T1
LC08_L2SP_115035_20200608_20200824_02_T1,2020-06-08,115,035,254,43.6292084,43.804862075428574,38.04816511340208,37.222192373100505,순창군,24.7,33.4,18.2,ASOS,LC08_L2SP_115035_20200608_20200824_02_T1
LC08_L2SP_115035_20200608_20200824_02_T1,2020-06-08,115,035,263,38.82916898,38.95487616000001,,37.16654793706163,의령군,24.1,33.7,14.5,ASOS,LC08_L2SP_115035_20200608_20200824_02_T1
LC08_L2SP_115035_20200608_20200824_02_T1,2020-06-08,115,035,264,38.393941100000006,37.91190262228572,35.74001105319589,35.03425694970031,함양군,23.7,33.2,16.3,ASOS,LC08_L2SP_115035_20200608_20200824_02_T1
LC08_L2SP_115035_20200608_20200824_02_T1,2020-06-08,115,035,155,39.74747702000002,39.65228516300002,35.76060964815886,33.49787293451054,창원,23.0,29.6,16.1,ASOS,LC08_L2SP_115035_20200608_20200824_02_T1
LC08_L2SP_115035_20200608_20200824_02_T1,2020-06-08,115,035,251,42.574179560000026,42.2927300274286,40.556561115051565,39.0123326445577,고창군,24.1,32.5,16.0,ASOS,LC08_L2SP_115035_20200608_20200824_02_T1
LC08_L2SP_115035_20200608_20200824_02_T1,2020-06-08,115,035,284,41.788034960000005,41.83852399828573,39.683298115257756,38.844306578070444,거창,23.9,32.5,16.4,ASOS,LC08_L2SP_115035_20200608_20200824_02_T1
LC08_L2SP_115035_20200608_20200824_02_T1,2020-06-08,115,035,146,39.329339240000024,39.309286856000014,41.014262574433005,42.641157874020635,전주,25.7,32.8,18.7,ASOS,LC08_L2SP_115035_20200608_20200824_02_T1
LC08_L2SP_115035_20200608_20200824_02_T1,2020-06-08,115,035,232,36.79430774000004,36.04654262171431,36.23086875117243,35.45036197640348,천안,23.8,31.1,16.6,ASOS,LC08_L2SP_115035_20200608_20200824_02_T1
LC08_L2SP_115035_20200608_20200824_02_T1,2020-06-08,115,035,245,42.54455672,42.24331522400002,40.19207802701033,38.92724811635273,정읍,24.5,32.7,17.1,ASOS,LC08_L2SP_115035_20200608_20200824_02_T1
LC08_L2SP_115035_20200608_20200824_02_T1,2020-06-08,115,035,143,44.21824718000003,43.420871942857154,42.743880036284494,43.1294237011944,대구,26.9,35.6,17.4,ASOS,LC08_L2SP_115035_20200608_20200824_02_T1
LC08_L2SP_115035_20200608_20200824_02_T1,2020-06-08,115,035,247,41.879182160000006,41.96479542285715,41.83276677958765,39.386222738413984,남원,24.7,32.3,18.2,ASOS,LC08_L2SP_115035_20200608_20200824_02_T1
LC08_L2SP_115035_20200608_20200824_02_T1,2020-06-08,115,035,239,34.28434172000002,34.06848561885716,33.9051020074827,34.92456968747974,세종,24.8,31.5,17.2,ASOS,LC08_L2SP_115035_20200608_20200824_02_T1
LC08_L2SP_115035_20230617_20230623_02_T1,2023-06-17,115,035,135,33.99722804000002,33.458515535428596,32.52957801814435,31.698012521042102,추풍령,24.6,30.6,17.8,ASOS,LC08_L2SP_115035_20230617_20230623_02_T1
LC08_L2SP_115035_20230617_20230623_02_T1,2023-06-17,115,035,131,44.98274432000005,44.946383097714296,44.34819849938146,44.21916602362442,청주,25.7,33.0,20.2,ASOS,LC08_L2SP_115035_20230617_20230623_02_T1
LC08_L2SP_115035_20230617_20230623_02_T1,2023-06-17,115,035,133,36.261096620000025,36.327113234857165,38.503941760141366,40.72191184660445,대전,25.0,32.5,18.8,ASOS,LC08_L2SP_115035_20230617_20230623_02_T1
LC08_L2SP_115035_20230617_20230623_02_T1,2023-06-17,115,035,226,35.60255810000003,35.89468487600002,35.996761909484555,33.12986640517609,보은,23.2,30.5,15.6,ASOS,LC08_L2SP_115035_20230617_20230623_02_T1
LC08_L2SP_115035_20230617_20230623_02_T1,2023-06-17,115,035,238,39.81014072000003,39.75174954500002,39.19043213891894,,금산,24.4,32.5,16.8,ASOS,LC08_L2SP_115035_20230617_20230623_02_T1
LC08_L2SP_115035_20230617_20230623_02_T1,2023-06-17,115,035,243,38.720931680000014,38.40429569000002,35.51828610481252,36.529672646119494,부안,22.7,29.5,17.7,ASOS,LC08_L2SP_115035_20230617_20230623_02_T1
LC08_L2SP_115035_20230617_20230623_02_T1,2023-06-17,115,035,289,32.48988122000001,32.514946700000024,33.29814773603401,,산청,24.5,32.1,17.8,ASOS,LC08_L2SP_115035_20230617_20230623_02_T1
LC08_L2SP_115035_20230617_20230623_02_T1,2023-06-17,115,035,278,37.245486380000024,37.077515111428596,33.0179164024184,33.365891485236176,의성,24.5,33.4,15.7,ASOS,LC08_L2SP_115035_20230617_20230623_02_T1
LC08_L2SP_115035_20230617_20230623_02_T1,2023-06-17,115,035,279,37.75021399999999,37.72938035428573,35.46217261876291,34.83140665926916,구미,26.5,33.3,19.0,ASOS,LC08_L2SP_115035_20230617_20230623_02_T1
LC08_L2SP_115035_20230617_20230623_02_T1,2023-06-17,115,035,285,45.50114402000003,45.68343842000002,42.6749796184502,39.95960926239486,합천,25.3,33.5,17.3,ASOS,LC08_L2SP_115035_20230617_20230623_02_T1
LC08_L2SP_115035_20230617_20230623_02_T1,2023-06-17,115,035,137,37.87895942000004,38.10506958114287,41.737281474020634,40.30669072959635,상주,26.9,33.4,20.8,ASOS,LC08_L2SP_115035_20230617_20230623_02_T1
LC08_L2SP_115035_20230617_20230623_02_T1,2023-06-17,115,035,140,36.504915380000035,36.043710548000014,35.133936986804144,34.20182631302859,군산,22.5,27.9,18.2,ASOS,LC08_L2SP_115035_20230617_20230623_02_T1
LC08_L2SP_115035_20230617_20230623_02_T1,2023-06-17,115,035,264,34.11116204000001,33.28947003200002,29.725576142474242,29.20277601426104,함양군,25.6,34.0,17.9,ASOS,LC08_L2SP_115035_20230617_20230623_02_T1
LC08_L2SP_115035_20230617_20230623_02_T1,2023-06-17,115,035,251,36.01955654000002,35.744096680571445,34.09992525030929,32.63505443207478,고창군,22.0,31.1,16.5,ASOS,LC08_L2SP_115035_20230617_20230623_02_T1
LC08_L2SP_115035_20230617_20230623_02_T1,2023-06-17,115,035,284,39.468338720000055,39.97960940685717,38.90929081422683,38.35752201372461,거창,24.6,33.1,16.4,ASOS,LC08_L2SP_115035_20230617_20230623_02_T1
LC08_L2SP_115035_20230617_20230623_02_T1,2023-06-17,115,035,146,35.595722060000014,35.44282263200002,36.65542963298971,38.42360145047812,전주,24.2,30.9,19.1,ASOS,LC08_L2SP_115035_20230617_20230623_02_T1
LC08_L2SP_115035_20230617_20230623_02_T1,2023-06-17,115,035,232,40.44817112000002,39.439366931428594,38.73161397468967,38.053872361807144,천안,23.0,30.9,14.5,ASOS,LC08_L2SP_115035_20230617_20230623_02_T1
LC08_L2SP_115035_20230617_20230623_02_T1,2023-06-17,115,035,245,39.23135600000004,38.629784480000026,37.34021995608249,36.35729338270829,정읍,23.0,30.8,17.3,ASOS,LC08_L2SP_115035_20230617_20230623_02_T1
LC08_L2SP_115035_20230617_20230623_02_T1,2023-06-17,115,035,143,39.79760798000003,39.46475793714288,39.553432749850316,39.92409032739727,대구,27.6,34.2,20.4,ASOS,LC08_L2SP_115035_20230617_20230623_02_T1
LC08_L2SP_115035_20230617_20230623_02_T1,2023-06-17,115,035,247,39.32478188000001,39.11026043428573,38.25491421319589,35.51340352183225,남원,24.8,32.4,18.4,ASOS,LC08_L2SP_115035_20230617_20230623_02_T1
LC08_L2SP_115035_20230617_20230623_02_T1,2023-06-17,115,035,239,36.163113380000006,36.04175739371431,36.016250348983846,37.458981720552735,세종,24.1,31.6,17.3,ASOS,LC08_L2SP_115035_20230617_20230623_02_T1
LC08_L2SP_115035_20230617_20230623_02_T1,2023-06-17,115,035,273,35.746114940000005,35.88355189657144,33.253642291546406,33.07595014866878,문경,25.8,32.3,16.9,ASOS,LC08_L2SP_115035_20230617_20230623_02_T1
LC08_L2SP_115035_20230617_20230623_02_T1,2023-06-17,115,035,181,36.59720192000001,35.6528843754286,36.1125752331959,36.729788086779294,서청주,23.9,31.8,16.7,ASOS,LC08_L2SP_115035_20230617_20230623_02_T1
LC08_L2SP_115035_20240603_20240611_02_T1,2024-06-03,115,035,135,32.83168322000002,32.73053514666669,32.78593567496185,32.61246080000002,추풍령,18.3,24.9,11.1,ASOS,LC08_L2SP_115035_20240603_20240611_02_T1
LC08_L2SP_115035_20240603_20240611_02_T1,2024-06-03,115,035,131,40.378671380000014,40.387135048571444,40.76332275534405,40.895050636627396,청주,22.3,27.7,15.8,ASOS,LC08_L2SP_115035_20240603_20240611_02_T1
LC08_L2SP_115035_20240603_20240611_02_T1,2024-06-03,115,035,133,33.99494936000002,33.433319845142876,34.925719943696706,37.23096229501465,대전,20.8,27.5,13.5,ASOS,LC08_L2SP_115035_20240603_20240611_02_T1
LC08_L2SP_115035_20240603_20240611_02_T1,2024-06-03,115,035,244,39.901287919999994,39.65147948685716,39.22639928371136,37.512594215640235,임실,18.3,27.4,9.7,ASOS,LC08_L2SP_115035_20240603_20240611_02_T1
LC08_L2SP_115035_20240603_20240611_02_T1,2024-06-03,115,035,226,,,,32.730253048176706,보은,18.6,24.6,11.1,ASOS,LC08_L2SP_115035_20240603_20240611_02_T1
LC08_L2SP_115035_20240603_20240611_02_T1,2024-06-03,115,035,238,41.977165400000025,42.27664091900002,42.97031884010813,,금산,18.8,26.7,10.6,ASOS,LC08_L2SP_115035_20240603_20240611_02_T1
LC08_L2SP_115035_20240603_20240611_02_T1,2024-06-03,115,035,243,42.766728020000016,42.331011851428585,38.42173159938146,38.3752929310343,부안,20.2,27.4,13.2,ASOS,LC08_L2SP_115035_20240603_20240611_02_T1
LC08_L2SP_115035_20240603_20240611_02_T1,2024-06-03,115,035,289,40.377532040000006,40.0258991634286,37.352357255051565,36.26983367112348,산청,18.4,26.9,12.2,ASOS,LC08_L2SP_115035_20240603_20240611_02_T1
LC08_L2SP_115035_20240603_20240611_02_T1,2024-06-03,115,035,248,36.463899140000024,36.71862301142859,35.635113468041254,35.068834160977616,장수,16.6,25.8,8.7,ASOS,LC08_L2SP_115035_20240603_20240611_02_T1
LC08_L2SP_115035_20240603_20240611_02_T1,2024-06-03,115,035,140,37.84363988000003,37.28884640514288,35.86405424865981,34.754844770172724,군산,19.7,25.5,13.4,ASOS,LC08_L2SP_115035_20240603_20240611_02_T1
LC08_L2SP_115035_20240603_20240611_02_T1,2024-06-03,115,035,254,41.54421620000003,41.4518971074286,35.23547503387617,34.6308793263152,순창군,19.7,29.1,10.9,ASOS,LC08_L2SP_115035_20240603_20240611_02_T1
LC08_L2SP_115035_20240603_20240611_02_T1,2024-06-03,115,035,264,38.05213910000001,37.16853210114288,33.9196744350402,32.92344662735228,함양군,19.1,26.9,10.6,ASOS,LC08_L2SP_115035_20240603_20240611_02_T1
LC08_L2SP_115035_20240603_20240611_02_T1,2024-06-03,115,035,251,42.22782020000002,42.011573468000016,40.037761492376596,37.84540510094635,고창군,19.6,28.9,11.3,ASOS,LC08_L2SP_115035_20240603_20240611_02_T1
LC08_L2SP_115035_20240603_20240611_02_T1,2024-06-03,115,035,284,37.71489446000002,37.6612152697143,36.738448757938166,36.51909988574866,거창,17.6,24.0,10.6,ASOS,LC08_L2SP_115035_20240603_20240611_02_T1
LC08_L2SP_115035_20240603_20240611_02_T1,2024-06-03,115,035,146,37.25232242000002,37.36765618057145,39.304344234639196,41.481736138253666,전주,20.7,27.8,13.9,ASOS,LC08_L2SP_115035_20240603_20240611_02_T1
LC08_L2SP_115035_20240603_20240611_02_T1,2024-06-03,115,035,232,36.467317160000015,35.53794124571431,35.218125140206915,34.47503502429321,천안,19.6,26.4,10.8,ASOS,LC08_L2SP_115035_20240603_20240611_02_T1
LC08_L2SP_115035_20240603_20240611_02_T1,2024-06-03,115,035,245,40.51653152,40.36926368685716,38.78941736824744,38.199646282610956,정읍,20.7,29.4,11.6,ASOS,LC08_L2SP_115035_20240603_20240611_02_T1
LC08_L2SP_115035_20240603_20240611_02_T1,2024-06-03,115,035,247,41.81082175999999,41.847215534857156,41.001639783505176,38.170853821582135,남원,19.8,28.4,11.8,ASOS,LC08_L2SP_115035_20240603_20240611_02_T1
LC08_L2SP_115035_20240603_20240611_02_T1,2024-06-03,115,035,239,32.90118296000001,32.16982433771431,32.19633671561203,33.682447461153515,세종,20.4,26.8,12.3,ASOS,LC08_L2SP_115035_20240603_20240611_02_T1
LC08_L2SP_115035_20240603_20240611_02_T1,2024-06-03,115,035,181,33.32729612000001,32.87950294742859,33.63753787695855,34.252568028390264,서청주,19.7,26.2,11.9,ASOS,LC08_L2SP_115035_20240603_20240611_02_T1
LC08_L2SP_115035_20240806_20240814_02_T1,2024-08-06,115,035,226,45.17757146,45.49355927085717,46.13277213888327,44.33812496578316,보은,,32.6,24.7,ASOS,LC08_L2SP_115035_20240806_20240814_02_T1
LC08_L2SP_115035_20240806_20240814_02_T1,2024-08-06,115,035,238,48.09769987999999,48.674148953000014,49.425083328054065,,금산,27.9,33.6,23.7,ASOS,LC08_L2SP_115035_20240806_20240814_02_T1
LC08_L2SP_115035_20240806_20240814_02_T1,2024-08-06,115,035,136,49.731513440000015,50.60823557000001,48.78235504297354,47.82168979281797,안동,26.8,33.7,22.2,ASOS,LC08_L2SP_115035_20240806_20240814_02_T1
LC08_L2SP_115035_20240806_20240814_02_T1,2024-08-06,115,035,284,46.146010460000014,46.0394658937143,45.4374114546392,45.40543334273826,거창,26.3,34.4,23.1,ASOS,LC08_L2SP_115035_20240806_20240814_02_T1
LC08_L2SP_115035_20240806_20240814_02_T1,2024-08-06,115,035,239,,,34.62944821145909,,세종,28.2,33.2,23.3,ASOS,LC08_L2SP_115035_20240806_20240814_02_T1
LC08_L2SP_115036_20200608_20200824_02_T1,2020-06-08,115,036,156,39.06273368000001,39.58165422114288,43.650536953827775,44.19667982447196,광주,26.0,33.7,19.5,ASOS,LC08_L2SP_115036_20200608_20200824_02_T1
LC08_L2SP_115036_20200608_20200824_02_T1,2020-06-08,115,036,162,35.69370530000003,36.20081517636365,36.65092598788421,36.27189809726564,통영,22.7,29.3,17.0,ASOS,LC08_L2SP_115036_20200608_20200824_02_T1
LC08_L2SP_115036_20200608_20200824_02_T1,2020-06-08,115,036,261,36.51858746000005,36.517741093142874,34.32156799051548,34.08876204889533,해남,22.6,30.4,13.5,ASOS,LC08_L2SP_115036_20200608_20200824_02_T1
LC08_L2SP_115036_20200608_20200824_02_T1,2020-06-08,115,036,260,37.016479040000014,37.017943905714304,36.974186425979404,36.09431133489266,장흥,22.1,30.1,14.2,ASOS,LC08_L2SP_115036_20200608_20200824_02_T1
LC08_L2SP_115036_20200608_20200824_02_T1,2020-06-08,115,036,295,40.772883020000016,40.18283511028573,37.62717587851165,34.63991687048389,남해,22.7,30.5,15.8,ASOS,LC08_L2SP_115036_20200608_20200824_02_T1
LC08_L2SP_115036_20200608_20200824_02_T1,2020-06-08,115,036,289,40.1827049,39.92843676457145,38.31045214412373,37.243441180896355,산청,24.3,32.3,16.8,ASOS,LC08_L2SP_115036_20200608_20200824_02_T1
LC08_L2SP_115036_20200608_20200824_02_T1,2020-06-08,115,036,192,,,,36.987498800725476,진주,23.1,32.2,14.1,ASOS,LC08_L2SP_115036_20200608_20200824_02_T1
LC08_L2SP_115036_20200608_20200824_02_T1,2020-06-08,115,036,254,43.64288048000001,43.821854517714314,38.047738350309295,37.22312687327228,순창군,24.7,33.4,18.2,ASOS,LC08_L2SP_115036_20200608_20200824_02_T1
LC08_L2SP_115036_20200608_20200824_02_T1,2020-06-08,115,036,259,38.82005426000003,37.44578235200002,36.39926205276245,37.863572439763686,강진군,22.9,31.0,15.0,ASOS,LC08_L2SP_115036_20200608_20200824_02_T1
LC08_L2SP_115036_20200608_20200824_02_T1,2020-06-08,115,036,258,38.71181696000002,38.0174706114286,34.24947335864002,33.22721830067074,보성군,22.9,30.2,16.1,ASOS,LC08_L2SP_115036_20200608_20200824_02_T1
LC08_L2SP_115036_20200608_20200824_02_T1,2020-06-08,115,036,263,38.851955780000026,39.03956710000002,,37.203822174123246,의령군,24.1,33.7,14.5,ASOS,LC08_L2SP_115036_20200608_20200824_02_T1
LC08_L2SP_115036_20200608_20200824_02_T1,2020-06-08,115,036,155,39.762858110000025,39.65929210400001,35.82599764343068,33.50272916133335,창원,23.0,29.6,16.1,ASOS,LC08_L2SP_115036_20200608_20200824_02_T1
LC08_L2SP_115036_20200608_20200824_02_T1,2020-06-08,115,036,251,42.543417380000015,42.28013218228573,40.55544526659796,39.03177905493847,고창군,24.1,32.5,16.0,ASOS,LC08_L2SP_115036_20200608_20200824_02_T1
LC08_L2SP_115036_20200608_20200824_02_T1,2020-06-08,115,036,172,42.90800618000003,42.284526779428596,38.442975787835074,38.87187580093904,고창,24.0,32.4,16.8,ASOS,LC08_L2SP_115036_20200608_20200824_02_T1
LC08_L2SP_115036_20200608_20200824_02_T1,2020-06-08,115,036,174,37.94731982000002,37.979091129714305,36.860072324123735,34.263412795054464,순천,21.9,30.2,13.7,ASOS,LC08_L2SP_115036_20200608_20200824_02_T1
LC08_L2SP_115036_20200608_20200824_02_T1,2020-06-08,115,036,245,42.54227804000001,42.238725311428595,40.18824498969074,38.954288930747225,정읍,24.5,32.7,17.1,ASOS,LC08_L2SP_115036_20200608_20200824_02_T1
LC08_L2SP_115036_20200608_20200824_02_T1,2020-06-08,115,036,247,41.888296880000006,41.96948299314288,41.833033017113415,39.38838725608934,남원,24.7,32.3,18.2,ASOS,LC08_L2SP_115036_20200608_20200824_02_T1
LC08_L2SP_115036_20200608_20200824_02_T1,2020-06-08,115,036,266,34.378906940000014,34.880802486285724,40.13081598927837,40.52435217887896,광양시,24.4,31.7,17.7,ASOS,LC08_L2SP_115036_20200608_20200824_02_T1
LC08_L2SP_115036_20200608_20200824_02_T1,2020-06-08,115,036,262,35.76776240000002,35.122114698285735,34.193362876082496,33.054802936511045,고흥,21.1,29.6,12.8,ASOS,LC08_L2SP_115036_20200608_20200824_02_T1
LC08_L2SP_115036_20200608_20200824_02_T1,2020-06-08,115,036,165,39.9548369,40.38176387428574,40.44981273242255,40.85698441874948,목포,24.6,31.1,18.8,ASOS,LC08_L2SP_115036_20200608_20200824_02_T1
LC08_L2SP_115036_20210729_20210804_02_T1,2021-07-29,115,036,261,,,,31.690100380165582,해남,26.6,31.8,22.6,ASOS,LC08_L2SP_115036_20210729_20210804_02_T1
LC08_L2SP_115036_20210729_20210804_02_T1,2021-07-29,115,036,260,37.53032138000001,37.078687004000024,38.05029109835053,36.62797956317645,장흥,26.2,31.1,21.8,ASOS,LC08_L2SP_115036_20210729_20210804_02_T1
LC08_L2SP_115036_20210729_20210804_02_T1,2021-07-29,115,036,263,35.39633756000003,36.55821117333335,,35.02399885974108,의령군,28.7,34.9,23.2,ASOS,LC08_L2SP_115036_20210729_20210804_02_T1
LC08_L2SP_115036_20210729_20210804_02_T1,2021-07-29,115,036,155,41.36647916000002,40.91985788000001,37.338776034565235,37.96661022823966,창원,27.6,32.9,23.5,ASOS,LC08_L2SP_115036_20210729_20210804_02_T1
LC08_L2SP_115036_20210729_20210804_02_T1,2021-07-29,115,036,262,31.832482040000002,31.341784578285733,30.592520045566058,30.064454908965274,고흥,26.2,31.7,21.8,ASOS,LC08_L2SP_115036_20210729_20210804_02_T1
LC08_L2SP_115036_20230820_20230825_02_T1,2023-08-20,115,036,260,39.42447413000002,38.83030832000001,39.547311950893636,38.79600996133258,장흥,27.3,32.6,22.7,ASOS,LC08_L2SP_115036_20230820_20230825_02_T1
LC08_L2SP_115036_20230820_20230825_02_T1,2023-08-20,115,036,172,42.27795116000001,41.51244489028573,39.89971790164951,40.66777572476383,고창,27.7,33.5,23.4,ASOS,LC08_L2SP_115036_20230820_20230825_02_T1
LC08_L2SP_115036_20230820_20230825_02_T1,2023-08-20,115,036,259,47.65677530000005,47.74352790285717,44.70970225365774,43.15173214307694,강진군,28.2,33.9,23.2,ASOS,LC08_L2SP_115036_20230820_20230825_02_T1
LC08_L2SP_115036_20240603_20240611_02_T1,2024-06-03,115,036,156,36.85925012000001,37.24558403771429,42.2644439844737,43.19702448993363,광주,21.7,29.5,15.0,ASOS,LC08_L2SP_115036_20240603_20240611_02_T1
LC08_L2SP_115036_20240603_20240611_02_T1,2024-06-03,115,036,260,33.298812620000014,32.727742859428595,32.49835252893316,31.397456532973465,장흥,18.9,24.5,12.0,ASOS,LC08_L2SP_115036_20240603_20240611_02_T1
LC08_L2SP_115036_20240603_20240611_02_T1,2024-06-03,115,036,289,40.359302600000014,40.00304725828574,37.334906627637814,36.148838479219016,산청,18.4,26.9,12.2,ASOS,LC08_L2SP_115036_20240603_20240611_02_T1
LC08_L2SP_115036_20240603_20240611_02_T1,2024-06-03,115,036,254,41.54649488000003,41.47357712000002,35.23194334119268,34.6288451636963,순창군,19.7,29.1,10.9,ASOS,LC08_L2SP_115036_20240603_20240611_02_T1
LC08_L2SP_115036_20240603_20240611_02_T1,2024-06-03,115,036,258,,,33.240246487002985,32.61210118931176,보성군,19.8,25.0,13.7,ASOS,LC08_L2SP_115036_20240603_20240611_02_T1
LC08_L2SP_115036_20240603_20240611_02_T1,2024-06-03,115,036,251,42.19136132000002,41.99194426742858,40.032440212101044,37.84947920289013,고창군,19.6,28.9,11.3,ASOS,LC08_L2SP_115036_20240603_20240611_02_T1
LC08_L2SP_115036_20240603_20240611_02_T1,2024-06-03,115,036,172,41.81310044000001,41.16009585714289,37.257388202242794,37.59245870098447,고창,20.5,28.5,12.7,ASOS,LC08_L2SP_115036_20240603_20240611_02_T1
LC08_L2SP_115036_20240603_20240611_02_T1,2024-06-03,115,036,174,36.66784100000001,36.8948951857143,35.16610865958765,31.574189162117513,순천,17.2,24.6,8.8,ASOS,LC08_L2SP_115036_20240603_20240611_02_T1
LC08_L2SP_115036_20240603_20240611_02_T1,2024-06-03,115,036,245,40.51197416,40.36867774057144,38.78261656556703,38.22014363873463,정읍,20.7,29.4,11.6,ASOS,LC08_L2SP_115036_20240603_20240611_02_T1
LC08_L2SP_115036_20240603_20240611_02_T1,2024-06-03,115,036,266,28.094307500000014,28.573188378285735,34.39608543706898,35.428538755142874,광양시,19.5,25.6,15.0,ASOS,LC08_L2SP_115036_20240603_20240611_02_T1
LC08_L2SP_115036_20240603_20240611_02_T1,2024-06-03,115,036,247,41.8347479,41.87289951371431,41.002223156907235,38.16782080641446,남원,19.8,28.4,11.8,ASOS,LC08_L2SP_115036_20240603_20240611_02_T1
LC08_L2SP_115036_20240603_20240611_02_T1,2024-06-03,115,036,259,40.672621100000036,40.16691690285715,38.28558856965868,36.09687952631158,강진군,19.5,25.9,12.3,ASOS,LC08_L2SP_115036_20240603_20240611_02_T1
LC08_L2SP_115036_20240806_20240814_02_T1,2024-08-06,115,036,259,46.829614460000016,47.0541635130435,44.34394002867926,41.171665868331516,강진군,29.1,35.6,23.9,ASOS,LC08_L2SP_115036_20240806_20240814_02_T1
LC08_L2SP_115036_20250724_20250730_02_T1,2025-07-24,115,036,156,39.72127220000002,40.14484625942858,44.83911410816527,45.19765686712381,광주,29.8,34.6,25.0,ASOS,LC08_L2SP_115036_20250724_20250730_02_T1
LC08_L2SP_115036_20250724_20250730_02_T1,2025-07-24,115,036,168,43.306775180000024,43.56921401085716,43.98451510792922,42.50839665849626,여수,28.4,31.7,24.9,ASOS,LC08_L2SP_115036_20250724_20250730_02_T1
LC08_L2SP_115036_20250724_20250730_02_T1,2025-07-24,115,036,162,41.544216200000015,42.886408256521754,42.113691878096965,42.44413692818032,통영,28.5,34.0,23.5,ASOS,LC08_L2SP_115036_20250724_20250730_02_T1
LC08_L2SP_115036_20250724_20250730_02_T1,2025-07-24,115,036,170,39.136790780000034,39.75568026800002,39.98320076930002,39.19202796466089,완도,28.9,35.5,23.6,ASOS,LC08_L2SP_115036_20250724_20250730_02_T1
LC08_L2SP_115036_20250724_20250730_02_T1,2025-07-24,115,036,261,42.11502554000001,41.363614533714305,37.644286702061876,37.27798545822504,해남,27.9,34.3,22.2,ASOS,LC08_L2SP_115036_20250724_20250730_02_T1
LC08_L2SP_115036_20250724_20250730_02_T1,2025-07-24,115,036,295,41.84272328000001,41.45931909371431,38.2716903149826,35.34687599090545,남해,27.6,33.9,23.1,ASOS,LC08_L2SP_115036_20250724_20250730_02_T1
LC08_L2SP_115036_20250724_20250730_02_T1,2025-07-24,115,036,289,41.520290060000015,41.06321940457144,39.90682185714287,38.546863314800014,산청,28.0,35.2,23.3,ASOS,LC08_L2SP_115036_20250724_20250730_02_T1
LC08_L2SP_115036_20250724_20250730_02_T1,2025-07-24,115,036,192,41.61257660000003,41.1530645017143,38.22957991160002,37.381231130356525,진주,27.5,35.0,22.2,ASOS,LC08_L2SP_115036_20250724_20250730_02_T1
LC08_L2SP_115036_20250724_20250730_02_T1,2025-07-24,115,036,254,,,,36.562764901557394,순창군,28.9,35.7,24.1,ASOS,LC08_L2SP_115036_20250724_20250730_02_T1
LC08_L2SP_115036_20250724_20250730_02_T1,2025-07-24,115,036,258,41.15000456000001,40.42258479885716,35.95392898989692,35.654505403865805,보성군,28.0,34.4,22.8,ASOS,LC08_L2SP_115036_20250724_20250730_02_T1
LC08_L2SP_115036_20250724_20250730_02_T1,2025-07-24,115,036,263,38.133032240000034,39.10463607333335,,37.39798812150833,의령군,27.0,33.8,21.4,ASOS,LC08_L2SP_115036_20250724_20250730_02_T1
LC08_L2SP_115036_20250724_20250730_02_T1,2025-07-24,115,036,174,39.754313059999994,39.815837420000015,39.10489317525775,36.64140374158168,순천,26.7,33.4,20.6,ASOS,LC08_L2SP_115036_20250724_20250730_02_T1
LC08_L2SP_115036_20250724_20250730_02_T1,2025-07-24,115,036,266,36.76012754000002,37.099488097142874,43.2528190131959,43.28294604722851,광양시,29.0,34.5,23.7,ASOS,LC08_L2SP_115036_20250724_20250730_02_T1
LC08_L2SP_115036_20250724_20250730_02_T1,2025-07-24,115,036,247,46.044609200000004,46.23097267142858,46.8783018503605,44.51008194202178,남원,28.6,36.0,22.8,ASOS,LC08_L2SP_115036_20250724_20250730_02_T1
LC08_L2SP_115036_20250724_20250730_02_T1,2025-07-24,115,036,262,38.94424232000002,38.89971040228575,37.93821293051548,36.52995967751297,고흥,27.8,35.0,21.1,ASOS,LC08_L2SP_115036_20250724_20250730_02_T1
LC08_L2SP_115036_20250724_20250730_02_T1,2025-07-24,115,036,259,47.54853800000001,46.913600094285734,44.45514767958765,41.276392169852876,강진군,28.3,34.6,22.9,ASOS,LC08_L2SP_115036_20250724_20250730_02_T1
LC08_L2SP_115036_20250825_20250902_02_T1,2025-08-25,115,036,289,42.63342524000003,42.41021817636365,41.98318928317721,40.655617439872046,산청,28.3,34.1,23.9,ASOS,LC08_L2SP_115036_20250825_20250902_02_T1
LC08_L2SP_115036_20250825_20250902_02_T1,2025-08-25,115,036,251,47.24775224000001,46.96666603612904,47.55583020838712,45.696275222480395,고창군,29.1,34.3,25.2,ASOS,LC08_L2SP_115036_20250825_20250902_02_T1
LC08_L2SP_115036_20250825_20250902_02_T1,2025-08-25,115,036,172,41.834747900000025,41.786570094285736,40.45684400158806,41.17862377357637,고창,29.7,34.1,23.8,ASOS,LC08_L2SP_115036_20250825_20250902_02_T1
LC08_L2SP_116034_20200717_20200911_02_T1,2020-07-17,116,034,101,39.88533716000003,39.88663926285716,,,춘천,25.4,32.5,20.8,ASOS,LC08_L2SP_116034_20200717_20200911_02_T1
LC08_L2SP_116034_20200717_20200911_02_T1,2020-07-17,116,034,129,34.56917672000003,34.33714199085716,35.43291101050281,35.773110734593814,서산,23.3,29.8,17.6,ASOS,LC08_L2SP_116034_20200717_20200911_02_T1
LC08_L2SP_116034_20200717_20200911_02_T1,2020-07-17,116,034,202,,,,39.032131230008886,양평,24.6,31.6,19.6,ASOS,LC08_L2SP_116034_20200717_20200911_02_T1
LC08_L2SP_116034_20200717_20200911_02_T1,2020-07-17,116,034,95,40.309171640000024,40.4810817697143,39.19859312329899,36.46640854655916,철원,24.7,30.6,20.3,ASOS,LC08_L2SP_116034_20200717_20200911_02_T1
LC08_L2SP_116034_20200717_20200911_02_T1,2020-07-17,116,034,112,34.97592110000003,35.65102887885717,37.970829205591116,39.756220431913576,인천,24.3,27.7,21.3,ASOS,LC08_L2SP_116034_20200717_20200911_02_T1
LC08_L2SP_116034_20200717_20200911_02_T1,2020-07-17,116,034,99,,,,34.947272727904995,파주,24.0,30.5,18.8,ASOS,LC08_L2SP_116034_20200717_20200911_02_T1
LC08_L2SP_116034_20200717_20200911_02_T1,2020-07-17,116,034,93,40.627047500000025,40.0490440417143,38.411101674639184,36.69973826139737,북춘천,24.8,32.7,20.0,ASOS,LC08_L2SP_116034_20200717_20200911_02_T1
LC08_L2SP_116034_20200717_20200911_02_T1,2020-07-17,116,034,177,38.31076928000001,37.88182404628572,36.507675471267625,36.560580771412106,홍성,23.5,29.6,17.8,ASOS,LC08_L2SP_116034_20200717_20200911_02_T1
LC08_L2SP_116034_20230624_20230630_02_T1,2023-06-24,116,034,101,39.66088718000001,39.8194507554286,38.34324405283021,39.16463018537099,춘천,25.2,31.6,18.1,ASOS,LC08_L2SP_116034_20230624_20230630_02_T1
LC08_L2SP_116034_20230624_20230630_02_T1,2023-06-24,116,034,129,39.00804536000002,38.41669534742859,38.28435196404764,37.81774041625362,서산,24.8,31.0,20.0,ASOS,LC08_L2SP_116034_20230624_20230630_02_T1
LC08_L2SP_116034_20230624_20230630_02_T1,2023-06-24,116,034,202,,,,39.73910300155846,양평,25.2,31.4,19.0,ASOS,LC08_L2SP_116034_20230624_20230630_02_T1
LC08_L2SP_116034_20230624_20230630_02_T1,2023-06-24,116,034,95,40.95289874,40.72288227028574,39.597616615051564,37.28414630961925,철원,24.3,30.0,17.9,ASOS,LC08_L2SP_116034_20230624_20230630_02_T1
LC08_L2SP_116034_20230624_20230630_02_T1,2023-06-24,116,034,98,34.94174090000001,36.042929286285734,39.40432817134022,39.45468455746533,동두천,24.9,30.7,19.1,ASOS,LC08_L2SP_116034_20230624_20230630_02_T1
LC08_L2SP_116034_20230624_20230630_02_T1,2023-06-24,116,034,112,35.58546800000003,36.49537747657145,38.92907305095776,40.32080264847152,인천,24.6,28.8,21.4,ASOS,LC08_L2SP_116034_20230624_20230630_02_T1
LC08_L2SP_116034_20230624_20230630_02_T1,2023-06-24,116,034,232,37.902885559999994,37.36123296636365,,,천안,25.3,31.5,19.1,ASOS,LC08_L2SP_116034_20230624_20230630_02_T1
LC08_L2SP_116034_20230624_20230630_02_T1,2023-06-24,116,034,93,41.981722760000004,41.26371069200001,39.974045154433014,38.049875371968525,북춘천,24.9,31.6,17.5,ASOS,LC08_L2SP_116034_20230624_20230630_02_T1
LC08_L2SP_116034_20230624_20230630_02_T1,2023-06-24,116,034,177,41.01784111999999,40.37932243142859,39.33301566701033,39.277400927311795,홍성,25.3,30.8,20.4,ASOS,LC08_L2SP_116034_20230624_20230630_02_T1
LC08_L2SP_116034_20230624_20230630_02_T1,2023-06-24,116,034,119,,,39.56857696540261,39.44413941502278,수원,24.9,30.7,20.2,ASOS,LC08_L2SP_116034_20230624_20230630_02_T1
LC08_L2SP_116034_20230624_20230630_02_T1,2023-06-24,116,034,239,35.179862960000015,34.847501205714295,34.73339560930717,36.1924281581116,세종,26.2,32.2,20.7,ASOS,LC08_L2SP_116034_20230624_20230630_02_T1
LC08_L2SP_116034_20230624_20230630_02_T1,2023-06-24,116,034,181,35.75978702000001,35.34955951485716,35.98117728833924,36.506705936670066,서청주,26.2,32.9,20.3,ASOS,LC08_L2SP_116034_20230624_20230630_02_T1
LC08_L2SP_116034_20240626_20240709_02_T1,2024-06-26,116,034,101,39.69506738000001,39.959784890857165,39.79631956747665,39.10337014000002,춘천,23.4,30.1,15.4,ASOS,LC08_L2SP_116034_20240626_20240709_02_T1
LC08_L2SP_116034_20240626_20240709_02_T1,2024-06-26,116,034,129,37.08483944000002,36.79606557885717,36.921304711307705,36.28040072601705,서산,23.3,29.3,16.9,ASOS,LC08_L2SP_116034_20240626_20240709_02_T1
LC08_L2SP_116034_20240626_20240709_02_T1,2024-06-26,116,034,202,,,,38.337516116116525,양평,23.3,29.8,16.6,ASOS,LC08_L2SP_116034_20240626_20240709_02_T1
LC08_L2SP_116034_20240626_20240709_02_T1,2024-06-26,116,034,203,35.84751620000001,36.09293003600002,35.10685906432992,34.512351872947384,이천,23.6,30.5,15.9,ASOS,LC08_L2SP_116034_20240626_20240709_02_T1
LC08_L2SP_116034_20240626_20240709_02_T1,2024-06-26,116,034,201,38.34153146000002,39.007622176571445,37.10929805505157,35.86876628595634,강화,22.6,27.8,16.0,ASOS,LC08_L2SP_116034_20240626_20240709_02_T1
LC08_L2SP_116034_20240626_20240709_02_T1,2024-06-26,116,034,95,39.54752285000001,40.11842213789476,39.80451128730629,36.564228350440224,철원,23.1,30.0,15.2,ASOS,LC08_L2SP_116034_20240626_20240709_02_T1
LC08_L2SP_116034_20240626_20240709_02_T1,2024-06-26,116,034,98,35.773459100000046,37.164332819428594,40.51863401340208,40.308029364397385,동두천,23.7,31.0,16.3,ASOS,LC08_L2SP_116034_20240626_20240709_02_T1
LC08_L2SP_116034_20240626_20240709_02_T1,2024-06-26,116,034,108,36.95153665999999,36.417755870000015,,,서울,24.9,31.6,18.9,ASOS,LC08_L2SP_116034_20240626_20240709_02_T1
LC08_L2SP_116034_20240626_20240709_02_T1,2024-06-26,116,034,99,34.65006986000001,35.16889274342859,34.77651310845363,35.29432830407674,파주,22.9,30.3,15.6,ASOS,LC08_L2SP_116034_20240626_20240709_02_T1
LC08_L2SP_116034_20240626_20240709_02_T1,2024-06-26,116,034,112,36.72366866000001,37.534260241142874,40.07530269343535,41.623340606532274,인천,23.8,29.0,19.6,ASOS,LC08_L2SP_116034_20240626_20240709_02_T1
LC08_L2SP_116034_20240626_20240709_02_T1,2024-06-26,116,034,232,32.97068270000002,33.06629961846156,34.01483796387502,,천안,22.5,29.3,15.3,ASOS,LC08_L2SP_116034_20240626_20240709_02_T1
LC08_L2SP_116034_20240626_20240709_02_T1,2024-06-26,116,034,93,41.02467716000001,40.664971245714305,39.80666397113404,37.62124685998854,북춘천,23.3,30.9,15.4,ASOS,LC08_L2SP_116034_20240626_20240709_02_T1
LC08_L2SP_116034_20240626_20240709_02_T1,2024-06-26,116,034,177,38.49989972000003,38.29481852000003,37.497182638556716,37.524282094948475,홍성,23.4,29.2,17.8,ASOS,LC08_L2SP_116034_20240626_20240709_02_T1
LC08_L2SP_116034_20240626_20240709_02_T1,2024-06-26,116,034,119,,,,39.482305907737725,수원,22.9,29.4,16.7,ASOS,LC08_L2SP_116034_20240626_20240709_02_T1
LC08_L2SP_116034_20240813_20240822_02_T1,2024-08-13,116,034,93,44.08836242000003,43.257783560000014,42.59331486868854,40.523239539614565,북춘천,29.7,35.6,24.6,ASOS,LC08_L2SP_116034_20240813_20240822_02_T1
LC08_L2SP_116034_20240813_20240822_02_T1,2024-08-13,116,034,239,38.71751366000001,38.73408291885716,38.93594763452231,39.886536758014664,세종,28.8,34.6,24.7,ASOS,LC08_L2SP_116034_20240813_20240822_02_T1
LC08_L2SP_116034_20240829_20240905_02_T1,2024-08-29,116,034,131,41.854116680000004,41.07757508857144,,,청주,28.3,33.8,23.6,ASOS,LC08_L2SP_116034_20240829_20240905_02_T1
LC08_L2SP_116034_20240829_20240905_02_T1,2024-08-29,116,034,129,35.21062514000005,34.72845645200003,35.52556076774195,36.20394924352708,서산,27.5,32.3,22.8,ASOS,LC08_L2SP_116034_20240829_20240905_02_T1
LC08_L2SP_116034_20240829_20240905_02_T1,2024-08-29,116,034,202,44.96793290000005,44.765130380000016,43.168104355769245,42.21875311288009,양평,26.6,32.4,20.7,ASOS,LC08_L2SP_116034_20240829_20240905_02_T1
LC08_L2SP_116034_20240829_20240905_02_T1,2024-08-29,116,034,203,,,37.38024842928369,36.528257078399115,이천,26.6,32.9,20.3,ASOS,LC08_L2SP_116034_20240829_20240905_02_T1
LC08_L2SP_116034_20240829_20240905_02_T1,2024-08-29,116,034,201,38.91461948,39.45821487028572,37.304086042474246,35.56181299159796,강화,26.2,31.1,21.6,ASOS,LC08_L2SP_116034_20240829_20240905_02_T1
LC08_L2SP_116034_20240829_20240905_02_T1,2024-08-29,116,034,95,,,40.085295518750016,36.961754212443275,철원,25.2,31.3,20.4,ASOS,LC08_L2SP_116034_20240829_20240905_02_T1
LC08_L2SP_116034_20240829_20240905_02_T1,2024-08-29,116,034,98,37.41866606000002,38.564060838285734,41.787044399793835,41.60939225729592,동두천,25.9,31.8,20.2,ASOS,LC08_L2SP_116034_20240829_20240905_02_T1
LC08_L2SP_116034_20240829_20240905_02_T1,2024-08-29,116,034,108,41.38698728000001,41.491155508571445,42.531953505360846,42.00968674448525,서울,28.4,33.5,23.4,ASOS,LC08_L2SP_116034_20240829_20240905_02_T1
LC08_L2SP_116034_20240829_20240905_02_T1,2024-08-29,116,034,99,34.13622752000001,35.0212342794286,35.484101977319604,35.71271050945863,파주,25.3,31.5,20.0,ASOS,LC08_L2SP_116034_20240829_20240905_02_T1
LC08_L2SP_116034_20240829_20240905_02_T1,2024-08-29,116,034,112,40.866308900000014,42.10161388057145,44.94256792728792,47.048293410734786,인천,28.8,33.0,23.9,ASOS,LC08_L2SP_116034_20240829_20240905_02_T1
LC08_L2SP_116034_20240829_20240905_02_T1,2024-08-29,116,034,119,39.68253464000003,39.58438863714287,40.63090402886599,41.38921475004296,수원,28.0,32.5,23.1,ASOS,LC08_L2SP_116034_20240829_20240905_02_T1
LC09_L2SP_114034_20220701_20230409_02_T1,2022-07-01,114,034,272,,,37.392471322654885,37.52114185882854,영주,25.7,32.4,20.6,ASOS,LC09_L2SP_114034_20220701_20230409_02_T1
LC09_L2SP_114034_20220701_20230409_02_T1,2022-07-01,114,034,216,45.342775760000016,44.847065202285734,42.94761684247425,38.745631188204996,태백,25.1,31.7,19.8,ASOS,LC09_L2SP_114034_20220701_20230409_02_T1
LC09_L2SP_114034_20220701_20230409_02_T1,2022-07-01,114,034,106,,,40.975232052697386,39.31350652366847,동해,25.8,30.3,21.7,ASOS,LC09_L2SP_114034_20220701_20230409_02_T1
LC09_L2SP_114034_20220701_20230409_02_T1,2022-07-01,114,034,217,41.38698728000001,41.265077900000016,40.14746578400002,,정선군,25.8,32.6,20.5,ASOS,LC09_L2SP_114034_20220701_20230409_02_T1
LC09_L2SP_114034_20220701_20230409_02_T1,2022-07-01,114,034,271,37.14522446000003,37.180934630857166,36.71474970288662,35.50936021847125,봉화,24.8,31.1,19.5,ASOS,LC09_L2SP_114034_20220701_20230409_02_T1
LC09_L2SP_114034_20230602_20230604_02_T1,2023-06-02,114,034,272,34.52246378000001,34.63402144228573,35.07922909051548,34.72091508454053,영주,21.9,27.2,17.1,ASOS,LC09_L2SP_114034_20230602_20230604_02_T1
LC09_L2SP_114034_20230602_20230604_02_T1,2023-06-02,114,034,216,39.43871588000002,39.093463307428586,36.71352814247425,32.785372457560854,태백,19.8,25.7,13.5,ASOS,LC09_L2SP_114034_20230602_20230604_02_T1
LC09_L2SP_114034_20230602_20230604_02_T1,2023-06-02,114,034,271,36.18134282000002,36.5039713554286,33.68821240824744,31.503143304071017,봉화,20.3,26.6,14.2,ASOS,LC09_L2SP_114034_20230602_20230604_02_T1
LC09_L2SP_114034_20230805_20230808_02_T1,2023-08-05,114,034,106,42.443155460000035,42.58267578114288,44.61296012960002,43.756776057292754,동해,28.5,33.5,25.7,ASOS,LC09_L2SP_114034_20230805_20230808_02_T1
LC09_L2SP_114034_20240604_20240605_02_T1,2024-06-04,114,034,272,34.04508032000001,34.40227968628574,35.115723207835075,34.51739073247067,영주,17.8,25.9,9.4,ASOS,LC09_L2SP_114034_20240604_20240605_02_T1
LC09_L2SP_114034_20240604_20240605_02_T1,2024-06-04,114,034,216,35.80080326000003,35.78110895428573,33.86647409278352,30.01352556691098,태백,14.4,23.8,5.6,ASOS,LC09_L2SP_114034_20240604_20240605_02_T1
LC09_L2SP_114034_20240604_20240605_02_T1,2024-06-04,114,034,106,32.91713372000002,32.86465897485715,34.4270998474227,34.15872026975002,동해,17.2,21.9,12.4,ASOS,LC09_L2SP_114034_20240604_20240605_02_T1
LC09_L2SP_114034_20240604_20240605_02_T1,2024-06-04,114,034,271,34.92920816000001,34.526109668000025,32.36158213938146,29.872150858202136,봉화,16.0,24.7,6.3,ASOS,LC09_L2SP_114034_20240604_20240605_02_T1
LC09_L2SP_114034_20240604_20240605_02_T1,2024-06-04,114,034,217,39.14020880000002,38.69296902114287,34.60336170044758,31.30408625136703,정선군,17.5,29.3,5.6,ASOS,LC09_L2SP_114034_20240604_20240605_02_T1
LC09_L2SP_114034_20240807_20240808_02_T1,2024-08-07,114,034,272,38.65257128000002,38.915726267428596,40.613363674226825,40.46912179085651,영주,26.9,33.6,21.8,ASOS,LC09_L2SP_114034_20240807_20240808_02_T1
LC09_L2SP_114034_20240807_20240808_02_T1,2024-08-07,114,034,271,,,38.77466038687325,37.856537958876295,봉화,26.1,33.1,21.2,ASOS,LC09_L2SP_114034_20240807_20240808_02_T1
LC09_L2SP_114034_20250623_20250624_02_T1,2025-06-23,114,034,272,35.853212899999995,36.61530114971431,38.145658946185584,38.07436356900661,영주,23.2,30.1,16.0,ASOS,LC09_L2SP_114034_20250623_20250624_02_T1
LC09_L2SP_114034_20250623_20250624_02_T1,2025-06-23,114,034,216,42.8601539,42.24718898000002,39.685421705436916,35.19791816809597,태백,20.5,27.4,13.7,ASOS,LC09_L2SP_114034_20250623_20250624_02_T1
LC09_L2SP_114034_20250623_20250624_02_T1,2025-06-23,114,034,106,35.37582944000002,35.52924970914286,37.60471078750001,36.890239919235825,동해,23.5,29.2,19.7,ASOS,LC09_L2SP_114034_20250623_20250624_02_T1
LC09_L2SP_114034_20250623_20250624_02_T1,2025-06-23,114,034,271,36.67809506000001,36.31295286628573,35.62974474755762,33.58284870071179,봉화,21.6,29.7,14.8,ASOS,LC09_L2SP_114034_20250623_20250624_02_T1
LC09_L2SP_114034_20250623_20250624_02_T1,2025-06-23,114,034,217,,,35.34815937576746,32.24713932536799,정선군,22.7,32.8,15.3,ASOS,LC09_L2SP_114034_20250623_20250624_02_T1
LC09_L2SP_114034_20250709_20250711_02_T1,2025-07-09,114,034,272,40.37297468000005,40.52942233828574,41.44784752471055,40.049405298075335,영주,27.3,34.6,21.3,ASOS,LC09_L2SP_114034_20250709_20250711_02_T1
LC09_L2SP_114034_20250709_20250711_02_T1,2025-07-09,114,034,106,40.28638484000002,40.67092836628573,42.318913281350014,41.585225058806124,동해,25.8,28.8,22.3,ASOS,LC09_L2SP_114034_20250709_20250711_02_T1
LC09_L2SP_114034_20250709_20250711_02_T1,2025-07-09,114,034,271,44.04734618000001,43.7056418377143,40.45612795260467,38.21684522396531,봉화,26.3,33.8,20.1,ASOS,LC09_L2SP_114034_20250709_20250711_02_T1
LC09_L2SP_114034_20250725_20250727_02_T1,2025-07-25,114,034,272,40.133713280000016,40.19719079428573,42.17965078412373,42.14998204380763,영주,27.5,33.8,21.4,ASOS,LC09_L2SP_114034_20250725_20250727_02_T1
LC09_L2SP_114034_20250725_20250727_02_T1,2025-07-25,114,034,216,45.68913511999998,45.40342120057145,43.69281959237116,39.896138872980266,태백,25.8,33.6,18.6,ASOS,LC09_L2SP_114034_20250725_20250727_02_T1
LC09_L2SP_114034_20250725_20250727_02_T1,2025-07-25,114,034,106,43.105112,42.81783555714287,44.800532140412386,44.56118737723171,동해,28.0,33.3,23.9,ASOS,LC09_L2SP_114034_20250725_20250727_02_T1
LC09_L2SP_114034_20250725_20250727_02_T1,2025-07-25,114,034,271,39.56518262000001,40.24611730914286,39.47705016845363,37.94759095159795,봉화,26.4,33.8,19.3,ASOS,LC09_L2SP_114034_20250725_20250727_02_T1
LC09_L2SP_114034_20250725_20250727_02_T1,2025-07-25,114,034,217,47.31269462000004,46.88147070628573,42.11889451555246,38.840336688312725,정선군,27.7,37.9,20.7,ASOS,LC09_L2SP_114034_20250725_20250727_02_T1
LC09_L2SP_114035_20220701_20230409_02_T1,2022-07-01,114,035,138,48.46001000000001,48.52963995028574,47.549591661632014,47.77530073371964,포항,29.9,34.9,25.2,ASOS,LC09_L2SP_114035_20220701_20230409_02_T1
LC09_L2SP_114035_20220701_20230409_02_T1,2022-07-01,114,035,277,40.022057960000005,40.06711071885717,41.41099564041239,40.100539013169225,영덕,26.8,32.2,21.6,ASOS,LC09_L2SP_114035_20220701_20230409_02_T1
LC09_L2SP_114035_20220701_20230409_02_T1,2022-07-01,114,035,281,,45.32722376900002,43.61121718563638,42.33593673483942,영천,28.0,34.5,21.3,ASOS,LC09_L2SP_114035_20220701_20230409_02_T1
LC09_L2SP_114035_20220701_20230409_02_T1,2022-07-01,114,035,278,46.62567260000001,46.253433945714306,42.46591057339784,42.82155547195326,의성,28.0,35.6,21.1,ASOS,LC09_L2SP_114035_20220701_20230409_02_T1
LC09_L2SP_114035_20220701_20230409_02_T1,2022-07-01,114,035,279,42.41011460000002,42.73551010400003,40.367888760206206,39.60870912643002,구미,27.3,34.4,22.2,ASOS,LC09_L2SP_114035_20220701_20230409_02_T1
LC09_L2SP_114035_20220701_20230409_02_T1,2022-07-01,114,035,136,44.83861781000002,44.94320922200001,43.49261809709253,41.35942797867023,안동,28.1,34.7,22.6,ASOS,LC09_L2SP_114035_20220701_20230409_02_T1
LC09_L2SP_114035_20220701_20230409_02_T1,2022-07-01,114,035,253,39.73722296000002,40.14367436685715,44.102003177938165,43.367291323584325,김해시,27.4,32.7,22.8,ASOS,LC09_L2SP_114035_20220701_20230409_02_T1
LC09_L2SP_114035_20220701_20230409_02_T1,2022-07-01,114,035,257,41.57156036,41.8571766217143,43.5419429714573,43.593981358843635,양산시,27.7,33.4,22.6,ASOS,LC09_L2SP_114035_20220701_20230409_02_T1
LC09_L2SP_114035_20220701_20230409_02_T1,2022-07-01,114,035,143,42.93990770000001,42.571542801714294,42.57398424457144,43.55953110051951,대구,29.8,36.2,24.0,ASOS,LC09_L2SP_114035_20220701_20230409_02_T1
LC09_L2SP_114035_20220701_20230409_02_T1,2022-07-01,114,035,152,42.95357978000002,42.89049289657145,40.7619046373196,40.303048507562394,울산,27.4,32.2,22.8,ASOS,LC09_L2SP_114035_20220701_20230409_02_T1
LC09_L2SP_114035_20220701_20230409_02_T1,2022-07-01,114,035,283,44.15330480000002,43.38737534685716,39.15785058042107,38.7635893867091,경주시,28.4,35.6,21.5,ASOS,LC09_L2SP_114035_20220701_20230409_02_T1
LC09_L2SP_114035_20220701_20230409_02_T1,2022-07-01,114,035,271,37.14522446000003,37.180446342285734,37.17330159038311,36.06468669666185,봉화,24.8,31.1,19.5,ASOS,LC09_L2SP_114035_20220701_20230409_02_T1
LC09_L2SP_114035_20230602_20230604_02_T1,2023-06-02,114,035,138,39.18008570000001,39.15030009714288,38.12506410540542,38.638508502299814,포항,21.9,26.9,19.0,ASOS,LC09_L2SP_114035_20230602_20230604_02_T1
LC09_L2SP_114035_20230602_20230604_02_T1,2023-06-02,114,035,277,31.14659936000002,31.646476646857167,33.916706849484555,32.73790692787348,영덕,20.8,26.7,16.8,ASOS,LC09_L2SP_114035_20230602_20230604_02_T1
LC09_L2SP_114035_20230602_20230604_02_T1,2023-06-02,114,035,281,,38.93620997300002,37.26038066109093,36.22467380019205,영천,22.6,30.0,18.1,ASOS,LC09_L2SP_114035_20230602_20230604_02_T1
LC09_L2SP_114035_20230602_20230604_02_T1,2023-06-02,114,035,272,34.519045760000004,34.635583965714304,35.07636312185569,34.717939362004024,영주,21.9,27.2,17.1,ASOS,LC09_L2SP_114035_20230602_20230604_02_T1
LC09_L2SP_114035_20230602_20230604_02_T1,2023-06-02,114,035,279,37.74337796,37.66619581314287,35.2493235474227,34.310628204823004,구미,23.1,29.6,18.3,ASOS,LC09_L2SP_114035_20230602_20230604_02_T1
LC09_L2SP_114035_20230602_20230604_02_T1,2023-06-02,114,035,285,,,36.16959600216921,34.99075298073726,합천,22.8,31.8,17.4,ASOS,LC09_L2SP_114035_20230602_20230604_02_T1
LC09_L2SP_114035_20230602_20230604_02_T1,2023-06-02,114,035,288,38.76764462,38.427144722857165,36.9282017000731,36.63937502830771,밀양,23.9,31.7,17.2,ASOS,LC09_L2SP_114035_20230602_20230604_02_T1
LC09_L2SP_114035_20230602_20230604_02_T1,2023-06-02,114,035,136,,,,34.36851758337502,안동,22.8,28.7,17.8,ASOS,LC09_L2SP_114035_20230602_20230604_02_T1
LC09_L2SP_114035_20230602_20230604_02_T1,2023-06-02,114,035,253,35.32114111999999,35.88716523200001,39.13462172721651,38.613476145537426,김해시,23.0,32.8,17.7,ASOS,LC09_L2SP_114035_20230602_20230604_02_T1
LC09_L2SP_114035_20230602_20230604_02_T1,2023-06-02,114,035,257,36.55162832,36.14761835600002,37.99746382587788,38.50007210888023,양산시,24.5,33.5,18.6,ASOS,LC09_L2SP_114035_20230602_20230604_02_T1
LC09_L2SP_114035_20230602_20230604_02_T1,2023-06-02,114,035,263,34.637537120000026,34.98288373333335,,32.69287323521831,의령군,23.1,31.7,17.3,ASOS,LC09_L2SP_114035_20230602_20230604_02_T1
LC09_L2SP_114035_20230602_20230604_02_T1,2023-06-02,114,035,143,37.18965872000001,36.948899901714306,37.39038654663757,37.909171248462165,대구,23.7,30.3,18.5,ASOS,LC09_L2SP_114035_20230602_20230604_02_T1
LC09_L2SP_114035_20230602_20230604_02_T1,2023-06-02,114,035,152,34.53271784000003,34.91703349828574,33.78414013793817,33.145799914049924,울산,21.7,27.8,17.6,ASOS,LC09_L2SP_114035_20230602_20230604_02_T1
LC09_L2SP_114035_20230602_20230604_02_T1,2023-06-02,114,035,283,35.51255024000002,34.90443565314288,32.48541902840002,32.56314137747389,경주시,23.1,30.8,18.5,ASOS,LC09_L2SP_114035_20230602_20230604_02_T1
LC09_L2SP_114035_20230602_20230604_02_T1,2023-06-02,114,035,271,36.19501490000001,36.51686217371431,33.685647914433005,31.501304638288023,봉화,20.3,26.6,14.2,ASOS,LC09_L2SP_114035_20230602_20230604_02_T1
LC09_L2SP_114035_20230602_20230604_02_T1,2023-06-02,114,035,276,32.71091318,32.24970834800003,30.745005746250015,29.38042101112071,청송군,21.3,29.0,14.8,ASOS,LC09_L2SP_114035_20230602_20230604_02_T1
LC09_L2SP_114035_20230805_20230808_02_T1,2023-08-05,114,035,138,47.62145576,48.117915026857155,47.64099496228574,47.92704760459354,포항,31.1,34.3,27.6,ASOS,LC09_L2SP_114035_20230805_20230808_02_T1
LC09_L2SP_114035_20230805_20230808_02_T1,2023-08-05,114,035,277,41.50775732000002,42.1398468757143,46.63257603164512,45.219234739391034,영덕,28.2,33.1,24.1,ASOS,LC09_L2SP_114035_20230805_20230808_02_T1
LC09_L2SP_114035_20230805_20230808_02_T1,2023-08-05,114,035,288,51.33228614000001,51.11981550628573,49.307641672509114,50.01512808482451,밀양,30.8,37.8,25.1,ASOS,LC09_L2SP_114035_20230805_20230808_02_T1
LC09_L2SP_114035_20230805_20230808_02_T1,2023-08-05,114,035,136,49.451235800000006,49.613933552000006,49.02881378945206,48.71544826840156,안동,29.9,35.6,25.1,ASOS,LC09_L2SP_114035_20230805_20230808_02_T1
LC09_L2SP_114035_20230805_20230808_02_T1,2023-08-05,114,035,263,,,,41.12929224941852,의령군,30.5,37.6,23.4,ASOS,LC09_L2SP_114035_20230805_20230808_02_T1
LC09_L2SP_114035_20230805_20230808_02_T1,2023-08-05,114,035,283,46.84328653999999,46.20704653142858,41.525046142093046,41.322910878213676,경주시,30.1,37.3,24.5,ASOS,LC09_L2SP_114035_20230805_20230808_02_T1
LC09_L2SP_114035_20230821_20230823_02_T1,2023-08-21,114,035,288,45.03173594000003,44.8076114857143,,,밀양,29.0,34.5,24.8,ASOS,LC09_L2SP_114035_20230821_20230823_02_T1
LC09_L2SP_114035_20230821_20230823_02_T1,2023-08-21,114,035,253,39.161856260000036,40.021309250857165,44.0615663960825,43.12197561862071,김해시,28.3,33.1,24.4,ASOS,LC09_L2SP_114035_20230821_20230823_02_T1
LC09_L2SP_114035_20230821_20230823_02_T1,2023-08-21,114,035,152,38.79384944000001,38.64042917085715,36.76116508329899,36.49935656191085,울산,27.8,31.4,24.2,ASOS,LC09_L2SP_114035_20230821_20230823_02_T1
LC09_L2SP_114035_20240807_20240808_02_T1,2024-08-07,114,035,277,44.76057302,45.27636851428572,47.425168228866,45.665775225130275,영덕,27.6,34.7,23.2,ASOS,LC09_L2SP_114035_20240807_20240808_02_T1
LC09_L2SP_114035_20240807_20240808_02_T1,2024-08-07,114,035,272,38.638899200000026,38.9054722074286,40.60297258020621,40.461876498762194,영주,26.9,33.6,21.8,ASOS,LC09_L2SP_114035_20240807_20240808_02_T1
LC09_L2SP_114035_20240807_20240808_02_T1,2024-08-07,114,035,285,,,,41.04078593065695,합천,29.7,35.8,24.2,ASOS,LC09_L2SP_114035_20240807_20240808_02_T1
LC09_L2SP_114035_20240807_20240808_02_T1,2024-08-07,114,035,257,44.53783205000002,45.58706366000003,,,양산시,29.4,36.7,24.6,ASOS,LC09_L2SP_114035_20240807_20240808_02_T1
LC09_L2SP_114035_20240823_20240824_02_T1,2024-08-23,114,035,138,48.56027192000003,48.31850397200001,46.38976925473686,46.564847107885186,포항,31.1,36.3,27.1,ASOS,LC09_L2SP_114035_20240823_20240824_02_T1
LC09_L2SP_114035_20240823_20240824_02_T1,2024-08-23,114,035,277,40.58147390000001,40.99495666228573,42.718668231340224,41.33980855771545,영덕,29.8,35.8,26.1,ASOS,LC09_L2SP_114035_20240823_20240824_02_T1
LC09_L2SP_114035_20240823_20240824_02_T1,2024-08-23,114,035,281,,44.68839583100002,41.912329169689464,41.26756662243985,영천,29.1,35.5,23.6,ASOS,LC09_L2SP_114035_20240823_20240824_02_T1
LC09_L2SP_114035_20240823_20240824_02_T1,2024-08-23,114,035,285,,,,41.23779267137933,합천,28.5,35.1,22.9,ASOS,LC09_L2SP_114035_20240823_20240824_02_T1
LC09_L2SP_114035_20240823_20240824_02_T1,2024-08-23,114,035,288,44.26154210000001,44.360143838857155,42.36894224850964,42.82985867934927,밀양,28.8,34.4,23.9,ASOS,LC09_L2SP_114035_20240823_20240824_02_T1
LC09_L2SP_114035_20240823_20240824_02_T1,2024-08-23,114,035,136,41.24969681000002,41.630464238000016,40.430978771538484,40.99471992073191,안동,27.6,33.0,23.5,ASOS,LC09_L2SP_114035_20240823_20240824_02_T1
LC09_L2SP_114035_20240823_20240824_02_T1,2024-08-23,114,035,253,39.22338062000002,40.118283361142886,44.65118463422683,43.934831460927846,김해시,29.4,34.2,26.0,ASOS,LC09_L2SP_114035_20240823_20240824_02_T1
LC09_L2SP_114035_20240823_20240824_02_T1,2024-08-23,114,035,263,38.04302438000002,38.97981504666669,,37.47658267299573,의령군,29.2,35.1,23.5,ASOS,LC09_L2SP_114035_20240823_20240824_02_T1
LC09_L2SP_114035_20240823_20240824_02_T1,2024-08-23,114,035,152,41.57725706000002,41.94360369885716,39.4829332472936,38.94798877962735,울산,29.5,33.7,25.6,ASOS,LC09_L2SP_114035_20240823_20240824_02_T1
LC09_L2SP_114035_20240823_20240824_02_T1,2024-08-23,114,035,143,46.55389418000002,46.27501630057145,46.34787411038125,46.70431141643707,대구,30.3,35.4,25.1,ASOS,LC09_L2SP_114035_20240823_20240824_02_T1
LC09_L2SP_114035_20240823_20240824_02_T1,2024-08-23,114,035,283,43.33753736,42.460017692000015,38.16284101395835,38.02718794823531,경주시,30.3,36.4,24.8,ASOS,LC09_L2SP_114035_20240823_20240824_02_T1
LC09_L2SP_114035_20250623_20250624_02_T1,2025-06-23,114,035,138,,,41.181726329757296,41.29101856551558,포항,23.9,28.4,21.0,ASOS,LC09_L2SP_114035_20250623_20250624_02_T1
LC09_L2SP_114035_20250623_20250624_02_T1,2025-06-23,114,035,277,34.76172518000004,35.18246716571431,38.31141921278352,37.36664258568143,영덕,23.5,28.7,18.2,ASOS,LC09_L2SP_114035_20250623_20250624_02_T1
LC09_L2SP_114035_20250623_20250624_02_T1,2025-06-23,114,035,281,,42.32500590200003,40.0797707098182,38.797045462329486,영천,23.5,30.8,15.9,ASOS,LC09_L2SP_114035_20250623_20250624_02_T1
LC09_L2SP_114035_20250623_20250624_02_T1,2025-06-23,114,035,272,35.85549158000001,36.621551243428584,38.144496114639196,38.07627953899229,영주,23.2,30.1,16.0,ASOS,LC09_L2SP_114035_20250623_20250624_02_T1
LC09_L2SP_114035_20250623_20250624_02_T1,2025-06-23,114,035,288,42.26655776000003,42.24019017714289,41.216075205006085,41.142328988302815,밀양,24.7,32.5,17.6,ASOS,LC09_L2SP_114035_20250623_20250624_02_T1
LC09_L2SP_114035_20250623_20250624_02_T1,2025-06-23,114,035,285,42.078566660000014,42.28901903428572,38.52932547037917,36.42382347549938,합천,24.5,31.8,17.1,ASOS,LC09_L2SP_114035_20250623_20250624_02_T1
LC09_L2SP_114035_20250623_20250624_02_T1,2025-06-23,114,035,278,41.985140780000016,41.51107768228573,36.937743551208804,37.39358134910193,의성,23.7,31.8,16.5,ASOS,LC09_L2SP_114035_20250623_20250624_02_T1
LC09_L2SP_114035_20250623_20250624_02_T1,2025-06-23,114,035,279,40.109787140000016,40.07531396685716,37.60236212226806,36.8227597683691,구미,25.0,32.4,17.5,ASOS,LC09_L2SP_114035_20250623_20250624_02_T1
LC09_L2SP_114035_20250623_20250624_02_T1,2025-06-23,114,035,136,41.08904987,41.35035749900002,40.097082686843194,39.2104040727865,안동,24.3,32.2,17.0,ASOS,LC09_L2SP_114035_20250623_20250624_02_T1
LC09_L2SP_114035_20250623_20250624_02_T1,2025-06-23,114,035,253,36.473013860000016,37.45906380114288,41.9496842059794,41.34155426274837,김해시,24.2,30.1,18.7,ASOS,LC09_L2SP_114035_20250623_20250624_02_T1
LC09_L2SP_114035_20250623_20250624_02_T1,2025-06-23,114,035,257,39.41478974,39.10664709885715,41.02092134572866,41.28273494104194,양산시,24.6,32.1,17.5,ASOS,LC09_L2SP_114035_20250623_20250624_02_T1
LC09_L2SP_114035_20250623_20250624_02_T1,2025-06-23,114,035,263,,,,34.96753228412315,의령군,22.6,30.6,16.2,ASOS,LC09_L2SP_114035_20250623_20250624_02_T1
LC09_L2SP_114035_20250623_20250624_02_T1,2025-06-23,114,035,152,37.97808200000001,37.90379703200002,36.15939780041239,35.78074453418428,울산,24.0,29.6,19.1,ASOS,LC09_L2SP_114035_20250623_20250624_02_T1
LC09_L2SP_114035_20250623_20250624_02_T1,2025-06-23,114,035,143,38.922594860000004,38.623827359428596,39.405962375663734,40.035650054423634,대구,24.9,31.7,17.8,ASOS,LC09_L2SP_114035_20250623_20250624_02_T1
LC09_L2SP_114035_20250623_20250624_02_T1,2025-06-23,114,035,283,40.01522192000002,39.435265307428594,35.7222378181163,35.3920345965074,경주시,24.4,31.8,17.0,ASOS,LC09_L2SP_114035_20250623_20250624_02_T1
LC09_L2SP_114035_20250623_20250624_02_T1,2025-06-23,114,035,271,36.68379176,36.475791001250016,36.61738089733335,34.31763941768101,봉화,21.6,29.7,14.8,ASOS,LC09_L2SP_114035_20250623_20250624_02_T1
LC09_L2SP_114035_20250623_20250624_02_T1,2025-06-23,114,035,276,36.38756336000002,35.76851110914288,34.47615311881519,33.13213094970645,청송군,22.9,31.3,15.5,ASOS,LC09_L2SP_114035_20250623_20250624_02_T1
LC09_L2SP_114035_20250623_20250624_02_T1,2025-06-23,114,035,296,41.94982124000003,41.79760541600002,41.811406826486504,40.6485641246461,북부산,24.3,30.5,17.4,ASOS,LC09_L2SP_114035_20250623_20250624_02_T1
LC09_L2SP_114035_20250709_20250711_02_T1,2025-07-09,114,035,138,47.14521163999999,47.08157136285715,45.48206007500002,45.47803769783374,포항,25.8,28.0,24.4,ASOS,LC09_L2SP_114035_20250709_20250711_02_T1
LC09_L2SP_114035_20250709_20250711_02_T1,2025-07-09,114,035,277,36.80114378000002,37.44265730514287,40.523782577319615,39.38394761249461,영덕,24.9,30.5,20.4,ASOS,LC09_L2SP_114035_20250709_20250711_02_T1
LC09_L2SP_114035_20250709_20250711_02_T1,2025-07-09,114,035,281,,50.07194823200002,46.61294306490911,45.20038092318266,영천,26.6,32.7,21.3,ASOS,LC09_L2SP_114035_20250709_20250711_02_T1
LC09_L2SP_114035_20250709_20250711_02_T1,2025-07-09,114,035,272,40.32056504000002,40.51535962742859,41.341012109344284,40.00398597537269,영주,27.3,34.6,21.3,ASOS,LC09_L2SP_114035_20250709_20250711_02_T1
LC09_L2SP_114035_20250709_20250711_02_T1,2025-07-09,114,035,288,50.15876594,49.948411223428586,47.657433248159826,48.2840111270099,밀양,29.8,36.5,23.7,ASOS,LC09_L2SP_114035_20250709_20250711_02_T1
LC09_L2SP_114035_20250709_20250711_02_T1,2025-07-09,114,035,285,47.67158672000003,48.184419930285735,44.93246509887458,42.28725703714016,합천,28.8,35.4,22.1,ASOS,LC09_L2SP_114035_20250709_20250711_02_T1
LC09_L2SP_114035_20250709_20250711_02_T1,2025-07-09,114,035,278,49.223367800000005,48.93638433028574,43.95315844386942,44.374852381612925,의성,27.8,35.9,21.3,ASOS,LC09_L2SP_114035_20250709_20250711_02_T1
LC09_L2SP_114035_20250709_20250711_02_T1,2025-07-09,114,035,279,48.128462060000004,47.983830985142866,44.76569809237116,43.424277241912414,구미,29.3,36.9,22.7,ASOS,LC09_L2SP_114035_20250709_20250711_02_T1
LC09_L2SP_114035_20250709_20250711_02_T1,2025-07-09,114,035,136,48.712943480000035,48.93699469100003,47.24456626480654,46.250368556207775,안동,29.0,35.5,22.5,ASOS,LC09_L2SP_114035_20250709_20250711_02_T1
LC09_L2SP_114035_20250709_20250711_02_T1,2025-07-09,114,035,143,47.318391320000025,46.83078635257145,47.26560134638486,47.502013674563436,대구,28.1,33.6,23.7,ASOS,LC09_L2SP_114035_20250709_20250711_02_T1
LC09_L2SP_114035_20250709_20250711_02_T1,2025-07-09,114,035,271,44.12026394000001,43.74206816514288,40.491864441470995,38.24574471399489,봉화,26.3,33.8,20.1,ASOS,LC09_L2SP_114035_20250709_20250711_02_T1
LC09_L2SP_114035_20250709_20250711_02_T1,2025-07-09,114,035,276,43.985821820000034,43.170575221142876,40.790193250093694,40.006188769376465,청송군,26.4,34.3,19.7,ASOS,LC09_L2SP_114035_20250709_20250711_02_T1
LC09_L2SP_114035_20250725_20250727_02_T1,2025-07-25,114,035,277,39.45010928000003,39.707535014857164,42.150853976295444,41.713822696965,영덕,26.6,32.0,21.1,ASOS,LC09_L2SP_114035_20250725_20250727_02_T1
LC09_L2SP_114035_20250725_20250727_02_T1,2025-07-25,114,035,281,,47.86134379700002,46.51552870825318,44.76653290483375,영천,27.6,33.9,21.5,ASOS,LC09_L2SP_114035_20250725_20250727_02_T1
LC09_L2SP_114035_20250725_20250727_02_T1,2025-07-25,114,035,272,40.161057440000015,40.18517889542859,42.16631150103095,42.1289161593072,영주,27.5,33.8,21.4,ASOS,LC09_L2SP_114035_20250725_20250727_02_T1
LC09_L2SP_114035_20250725_20250727_02_T1,2025-07-25,114,035,285,47.30357990000001,48.11215322171431,43.34204810216042,40.83179747331,합천,28.3,34.7,22.5,ASOS,LC09_L2SP_114035_20250725_20250727_02_T1
LC09_L2SP_114035_20250725_20250727_02_T1,2025-07-25,114,035,278,49.71328400000002,49.206993856571444,44.047308937651344,44.64919210886499,의성,28.2,35.7,21.0,ASOS,LC09_L2SP_114035_20250725_20250727_02_T1
LC09_L2SP_114035_20250725_20250727_02_T1,2025-07-25,114,035,279,45.65951228000002,46.023840659428586,43.50178633711342,42.26184024656744,구미,29.5,35.9,23.0,ASOS,LC09_L2SP_114035_20250725_20250727_02_T1
LC09_L2SP_114035_20250725_20250727_02_T1,2025-07-25,114,035,136,46.96975328000002,47.50774962800002,45.69172009914462,44.66751392670241,안동,29.1,35.8,23.3,ASOS,LC09_L2SP_114035_20250725_20250727_02_T1
LC09_L2SP_114035_20250725_20250727_02_T1,2025-07-25,114,035,152,41.645617460000004,41.728463754285734,39.29571500659795,38.890175060575835,울산,28.2,32.3,23.9,ASOS,LC09_L2SP_114035_20250725_20250727_02_T1
LC09_L2SP_114035_20250725_20250727_02_T1,2025-07-25,114,035,143,45.5319062,45.47871529828573,46.256476248810586,46.84569342406363,대구,29.3,35.2,23.4,ASOS,LC09_L2SP_114035_20250725_20250727_02_T1
LC09_L2SP_114035_20250725_20250727_02_T1,2025-07-25,114,035,271,39.56632196000002,40.24494541657144,39.46738339711342,37.938878524329915,봉화,26.4,33.8,19.3,ASOS,LC09_L2SP_114035_20250725_20250727_02_T1
LC09_L2SP_114035_20250725_20250727_02_T1,2025-07-25,114,035,276,41.508896660000026,40.83880197714287,39.28077806722552,38.58795607645322,청송군,27.6,35.4,19.8,ASOS,LC09_L2SP_114035_20250725_20250727_02_T1
LC09_L2SP_114036_20230602_20230604_02_T1,2023-06-02,114,036,159,36.49921868000005,36.91003213142859,39.02623856657246,38.96376803138537,부산,23.0,27.8,19.3,ASOS,LC09_L2SP_114036_20230602_20230604_02_T1
LC09_L2SP_114036_20230602_20230604_02_T1,2023-06-02,114,036,295,36.709996580000016,36.590203117142856,34.93116665077285,32.30052796552421,남해,23.3,30.6,17.7,ASOS,LC09_L2SP_114036_20230602_20230604_02_T1
LC09_L2SP_114036_20230602_20230604_02_T1,2023-06-02,114,036,294,38.38938374000001,38.14344906285716,34.98246741092785,32.90969580250885,거제,22.8,30.3,17.5,ASOS,LC09_L2SP_114036_20230602_20230604_02_T1
LC09_L2SP_114036_20230602_20230604_02_T1,2023-06-02,114,036,285,,,36.175831077792225,34.97128166889832,합천,22.8,31.8,17.4,ASOS,LC09_L2SP_114036_20230602_20230604_02_T1
LC09_L2SP_114036_20230602_20230604_02_T1,2023-06-02,114,036,288,38.78131670000001,38.437496440571444,36.93984628221683,36.646646182769246,밀양,23.9,31.7,17.2,ASOS,LC09_L2SP_114036_20230602_20230604_02_T1
LC09_L2SP_114036_20230602_20230604_02_T1,2023-06-02,114,036,192,,,33.62668660130437,31.695984953324004,진주,22.7,32.2,16.7,ASOS,LC09_L2SP_114036_20230602_20230604_02_T1
LC09_L2SP_114036_20230602_20230604_02_T1,2023-06-02,114,036,253,35.327977160000025,35.89263406400003,39.144633041237135,38.6235352539811,김해시,23.0,32.8,17.7,ASOS,LC09_L2SP_114036_20230602_20230604_02_T1
LC09_L2SP_114036_20230602_20230604_02_T1,2023-06-02,114,036,257,36.53339888000003,36.12515708171431,38.01251442030536,38.51237636520566,양산시,24.5,33.5,18.6,ASOS,LC09_L2SP_114036_20230602_20230604_02_T1
LC09_L2SP_114036_20230602_20230604_02_T1,2023-06-02,114,036,263,34.67171732000005,35.00946833333335,,32.67185549720215,의령군,23.1,31.7,17.3,ASOS,LC09_L2SP_114036_20230602_20230604_02_T1
LC09_L2SP_114036_20230602_20230604_02_T1,2023-06-02,114,036,155,34.966806380000016,34.47728081085717,32.80228354969074,32.98384480595811,창원,22.7,31.2,17.6,ASOS,LC09_L2SP_114036_20230602_20230604_02_T1
LC09_L2SP_114036_20230602_20230604_02_T1,2023-06-02,114,036,255,33.551746100000024,34.08030220228573,36.52216600556703,36.533087081273685,북창원,24.0,31.5,18.3,ASOS,LC09_L2SP_114036_20230602_20230604_02_T1
LC09_L2SP_114036_20230805_20230808_02_T1,2023-08-05,114,036,295,45.85206074000001,45.46006267485717,41.14119274610274,37.7867649786831,남해,29.1,34.6,24.1,ASOS,LC09_L2SP_114036_20230805_20230808_02_T1
LC09_L2SP_114036_20230805_20230808_02_T1,2023-08-05,114,036,288,51.3197534,51.11532325142859,49.308565573672745,50.01930518459186,밀양,30.8,37.8,25.1,ASOS,LC09_L2SP_114036_20230805_20230808_02_T1
LC09_L2SP_114036_20230805_20230808_02_T1,2023-08-05,114,036,192,47.581578860000036,47.26780462400002,44.06165647950209,42.191386269051115,진주,29.4,36.7,23.2,ASOS,LC09_L2SP_114036_20230805_20230808_02_T1
LC09_L2SP_114036_20230805_20230808_02_T1,2023-08-05,114,036,263,42.07628798000004,42.87053455333336,,41.96946540549765,의령군,30.5,37.6,23.4,ASOS,LC09_L2SP_114036_20230805_20230808_02_T1
LC09_L2SP_114036_20230805_20230808_02_T1,2023-08-05,114,036,155,45.51139808000001,45.277540406857156,43.194024889290695,43.91109609694119,창원,29.7,35.1,25.8,ASOS,LC09_L2SP_114036_20230805_20230808_02_T1
LC09_L2SP_114036_20230805_20230808_02_T1,2023-08-05,114,036,255,44.43358244000001,45.338185847428605,49.14772189559635,48.90072285292231,북창원,30.7,36.1,26.4,ASOS,LC09_L2SP_114036_20230805_20230808_02_T1
LC09_L2SP_114036_20230821_20230823_02_T1,2023-08-21,114,036,288,45.014645840000014,44.76985529000002,,,밀양,29.0,34.5,24.8,ASOS,LC09_L2SP_114036_20230821_20230823_02_T1
LC09_L2SP_114036_20230821_20230823_02_T1,2023-08-21,114,036,253,39.18920042,40.03293051885715,44.061170955051566,43.28358716955716,김해시,28.3,33.1,24.4,ASOS,LC09_L2SP_114036_20230821_20230823_02_T1
LC09_L2SP_114036_20230821_20230823_02_T1,2023-08-21,114,036,255,38.38596572000002,39.091323993125016,42.76478649163268,,북창원,29.1,34.0,25.4,ASOS,LC09_L2SP_114036_20230821_20230823_02_T1
LC09_L2SP_114036_20240604_20240605_02_T1,2024-06-04,114,036,162,34.12255544000002,34.7575622069231,33.947565978050555,33.74021657330104,통영,19.4,25.1,15.2,ASOS,LC09_L2SP_114036_20240604_20240605_02_T1
LC09_L2SP_114036_20240604_20240605_02_T1,2024-06-04,114,036,295,38.30735126000002,38.00428682000002,35.80242462846156,32.27557025157079,남해,19.2,25.0,15.8,ASOS,LC09_L2SP_114036_20240604_20240605_02_T1
LC09_L2SP_114036_20240604_20240605_02_T1,2024-06-04,114,036,285,,,37.50202356720324,34.87960723466449,합천,20.8,27.9,14.3,ASOS,LC09_L2SP_114036_20240604_20240605_02_T1
LC09_L2SP_114036_20240604_20240605_02_T1,2024-06-04,114,036,288,40.37525336000002,40.042110344000015,38.9840446450182,39.12332314423808,밀양,20.5,27.3,13.7,ASOS,LC09_L2SP_114036_20240604_20240605_02_T1
LC09_L2SP_114036_20240604_20240605_02_T1,2024-06-04,114,036,253,32.88295352000002,33.34542790228575,34.98836292492362,36.6820455353769,김해시,19.6,27.9,13.9,ASOS,LC09_L2SP_114036_20240604_20240605_02_T1
LC09_L2SP_114036_20240604_20240605_02_T1,2024-06-04,114,036,263,37.00166762000001,37.25206923333335,,35.26483834103736,의령군,21.4,28.7,14.0,ASOS,LC09_L2SP_114036_20240604_20240605_02_T1
LC09_L2SP_114036_20240604_20240605_02_T1,2024-06-04,114,036,155,36.639357499999996,36.20924037371431,34.723081780330595,33.8507816577568,창원,19.4,25.6,14.7,ASOS,LC09_L2SP_114036_20240604_20240605_02_T1
LC09_L2SP_114036_20240604_20240605_02_T1,2024-06-04,114,036,255,35.38722284000003,35.67407609942859,38.594331821237134,37.764717366532736,북창원,20.5,27.2,14.8,ASOS,LC09_L2SP_114036_20240604_20240605_02_T1
LC09_L2SP_114036_20240807_20240808_02_T1,2024-08-07,114,036,295,45.678881060000016,45.44932032628574,41.779861777916686,38.81218606370698,남해,28.9,34.5,24.6,ASOS,LC09_L2SP_114036_20240807_20240808_02_T1
LC09_L2SP_114036_20240807_20240808_02_T1,2024-08-07,114,036,285,,,,41.04614498683214,합천,29.7,35.8,24.2,ASOS,LC09_L2SP_114036_20240807_20240808_02_T1
LC09_L2SP_114036_20240807_20240808_02_T1,2024-08-07,114,036,192,44.17552193,43.79730487076924,,,진주,29.0,35.9,23.8,ASOS,LC09_L2SP_114036_20240807_20240808_02_T1
LC09_L2SP_114036_20240807_20240808_02_T1,2024-08-07,114,036,257,44.53441403000005,45.57741278000002,,,양산시,29.4,36.7,24.6,ASOS,LC09_L2SP_114036_20240807_20240808_02_T1
LC09_L2SP_114036_20240807_20240808_02_T1,2024-08-07,114,036,263,41.498642600000004,42.16781496000002,,40.99125157026069,의령군,30.4,37.0,25.0,ASOS,LC09_L2SP_114036_20240807_20240808_02_T1
LC09_L2SP_114036_20250725_20250727_02_T1,2025-07-25,114,036,295,43.310193200000015,42.803382215428584,39.23737541945814,36.21537049913428,남해,28.0,32.9,23.9,ASOS,LC09_L2SP_114036_20250725_20250727_02_T1
LC09_L2SP_114036_20250725_20250727_02_T1,2025-07-25,114,036,285,47.3320634,48.1169384497143,43.36927825173773,40.83273505045994,합천,28.3,34.7,22.5,ASOS,LC09_L2SP_114036_20250725_20250727_02_T1
LC09_L2SP_114036_20250725_20250727_02_T1,2025-07-25,114,036,192,44.522450960000036,44.18445761085716,40.761874771711476,39.41840936399352,진주,27.6,33.7,22.1,ASOS,LC09_L2SP_114036_20250725_20250727_02_T1
LC09_L2SP_114036_20250725_20250727_02_T1,2025-07-25,114,036,155,,41.7780438246154,,,창원,28.9,33.1,25.1,ASOS,LC09_L2SP_114036_20250725_20250727_02_T1
LC09_L2SP_115034_20230609_20230611_02_T1,2023-06-09,115,034,101,35.60027942000003,35.507276723428596,34.88798049608249,33.97401841923936,춘천,20.8,27.2,15.9,ASOS,LC09_L2SP_115034_20230609_20230611_02_T1
LC09_L2SP_115034_20230609_20230611_02_T1,2023-06-09,115,034,114,38.75397254000003,38.312689881714306,38.303673821046175,37.05107530098615,원주,21.8,27.5,16.8,ASOS,LC09_L2SP_115034_20230609_20230611_02_T1
LC09_L2SP_115034_20230609_20230611_02_T1,2023-06-09,115,034,212,38.902086739999994,38.98262180171431,35.722930975704244,32.96310730106385,홍천,20.7,27.6,15.1,ASOS,LC09_L2SP_115034_20230609_20230611_02_T1
LC09_L2SP_115034_20230609_20230611_02_T1,2023-06-09,115,034,202,39.59822348000002,39.53028626342859,37.79622243686392,36.9979563593351,양평,22.0,27.8,17.4,ASOS,LC09_L2SP_115034_20230609_20230611_02_T1
LC09_L2SP_115034_20230609_20230611_02_T1,2023-06-09,115,034,221,,,,34.94321529639559,제천,21.4,27.3,16.1,ASOS,LC09_L2SP_115034_20230609_20230611_02_T1
LC09_L2SP_115034_20230609_20230611_02_T1,2023-06-09,115,034,203,33.80354024,34.11075992000002,34.05140972725412,34.533318358555974,이천,22.5,28.2,18.4,ASOS,LC09_L2SP_115034_20230609_20230611_02_T1
LC09_L2SP_115034_20230609_20230611_02_T1,2023-06-09,115,034,272,33.00030554000002,33.364861787428595,34.48778242701033,34.13690042535931,영주,21.3,27.4,15.7,ASOS,LC09_L2SP_115034_20230609_20230611_02_T1
LC09_L2SP_115034_20230609_20230611_02_T1,2023-06-09,115,034,136,40.268725070000045,40.28786598200002,37.7504909955046,35.918088684774666,안동,23.3,29.6,17.7,ASOS,LC09_L2SP_115034_20230609_20230611_02_T1
LC09_L2SP_115034_20230609_20230611_02_T1,2023-06-09,115,034,216,37.11560162000003,36.973607303428594,35.35749428804125,31.62020730883483,태백,17.8,24.7,11.9,ASOS,LC09_L2SP_115034_20230609_20230611_02_T1
LC09_L2SP_115034_20230609_20230611_02_T1,2023-06-09,115,034,106,30.39691364000002,30.395188353714307,31.884983465709297,32.063602009901764,동해,19.3,23.9,15.2,ASOS,LC09_L2SP_115034_20230609_20230611_02_T1
LC09_L2SP_115034_20230609_20230611_02_T1,2023-06-09,115,034,121,35.04086348000002,35.282761638285734,35.106092286257,35.431704934885516,영월,21.2,27.7,15.7,ASOS,LC09_L2SP_115034_20230609_20230611_02_T1
LC09_L2SP_115034_20230609_20230611_02_T1,2023-06-09,115,034,217,,,28.931450366573056,27.087575825142878,정선군,20.3,28.3,14.3,ASOS,LC09_L2SP_115034_20230609_20230611_02_T1
LC09_L2SP_115034_20230609_20230611_02_T1,2023-06-09,115,034,232,38.375711660000015,37.435332976571445,36.53965346372416,35.58247591075988,천안,22.4,28.6,17.6,ASOS,LC09_L2SP_115034_20230609_20230611_02_T1
LC09_L2SP_115034_20230609_20230611_02_T1,2023-06-09,115,034,93,36.07880222000002,35.578566854857165,35.04742543349059,33.71220659531753,북춘천,20.7,27.4,16.1,ASOS,LC09_L2SP_115034_20230609_20230611_02_T1
LC09_L2SP_115034_20230609_20230611_02_T1,2023-06-09,115,034,119,,,,38.89117708212292,수원,22.7,28.1,18.1,ASOS,LC09_L2SP_115034_20230609_20230611_02_T1
LC09_L2SP_115034_20230609_20230611_02_T1,2023-06-09,115,034,271,34.413087139999995,34.488023159428586,31.812691677517584,30.07334626970569,봉화,19.9,26.7,13.7,ASOS,LC09_L2SP_115034_20230609_20230611_02_T1
LC09_L2SP_115034_20230609_20230611_02_T1,2023-06-09,115,034,273,,,33.170223379191036,32.27340124321852,문경,22.1,28.4,16.4,ASOS,LC09_L2SP_115034_20230609_20230611_02_T1
LC09_L2SP_115034_20240611_20240612_02_T1,2024-06-11,115,034,101,36.24172784000003,36.37037560228573,36.09969639735539,35.705594954127264,춘천,25.2,31.2,19.4,ASOS,LC09_L2SP_115034_20240611_20240612_02_T1
LC09_L2SP_115034_20240611_20240612_02_T1,2024-06-11,115,034,114,38.98525856000001,38.71621155714288,37.92345632412373,37.72164093029629,원주,25.2,30.7,20.3,ASOS,LC09_L2SP_115034_20240611_20240612_02_T1
LC09_L2SP_115034_20240611_20240612_02_T1,2024-06-11,115,034,212,37.88123810000002,38.33446755200002,35.461405228247436,32.56563281507589,홍천,24.3,30.7,18.9,ASOS,LC09_L2SP_115034_20240611_20240612_02_T1
LC09_L2SP_115034_20240611_20240612_02_T1,2024-06-11,115,034,127,40.42310564000004,40.59573192628573,39.042084610721666,38.29241426144291,충주,24.6,31.5,17.7,ASOS,LC09_L2SP_115034_20240611_20240612_02_T1
LC09_L2SP_115034_20240611_20240612_02_T1,2024-06-11,115,034,221,,,34.00899860082761,31.848994854090925,제천,23.0,30.1,17.2,ASOS,LC09_L2SP_115034_20240611_20240612_02_T1
LC09_L2SP_115034_20240611_20240612_02_T1,2024-06-11,115,034,203,38.76650528000001,38.85420190742859,37.34696986041239,36.279283656850865,이천,25.4,31.8,20.1,ASOS,LC09_L2SP_115034_20240611_20240612_02_T1
LC09_L2SP_115034_20240611_20240612_02_T1,2024-06-11,115,034,272,36.869504180000014,37.2517364737143,37.44270574247425,36.81610263248785,영주,25.2,31.9,16.9,ASOS,LC09_L2SP_115034_20240611_20240612_02_T1
LC09_L2SP_115034_20240611_20240612_02_T1,2024-06-11,115,034,136,40.79339114000004,41.087853563000024,39.560571889694515,38.846861154971165,안동,25.7,32.6,17.8,ASOS,LC09_L2SP_115034_20240611_20240612_02_T1
LC09_L2SP_115034_20240611_20240612_02_T1,2024-06-11,115,034,216,35.71421342000002,35.62339174571431,34.11334283855672,30.954565282817082,태백,24.1,32.7,16.8,ASOS,LC09_L2SP_115034_20240611_20240612_02_T1
LC09_L2SP_115034_20240611_20240612_02_T1,2024-06-11,115,034,95,37.99631144000002,38.29110752685717,37.654113998969095,35.89419815308332,철원,24.3,30.6,19.2,ASOS,LC09_L2SP_115034_20240611_20240612_02_T1
LC09_L2SP_115034_20240611_20240612_02_T1,2024-06-11,115,034,106,37.53715742000001,37.46814596857145,38.7802225569587,38.09505040791292,동해,25.8,30.9,21.9,ASOS,LC09_L2SP_115034_20240611_20240612_02_T1
LC09_L2SP_115034_20240611_20240612_02_T1,2024-06-11,115,034,121,30.187275080000024,30.71863070342858,30.821315832371152,30.430364716913896,영월,24.1,31.3,18.7,ASOS,LC09_L2SP_115034_20240611_20240612_02_T1
LC09_L2SP_115034_20240611_20240612_02_T1,2024-06-11,115,034,232,39.30541310000003,38.132413741142884,37.302013359034504,36.50900645150219,천안,23.6,31.1,16.6,ASOS,LC09_L2SP_115034_20240611_20240612_02_T1
LC09_L2SP_115034_20240611_20240612_02_T1,2024-06-11,115,034,93,38.18885990000001,37.827233384000024,36.34879839319589,35.067903994240716,북춘천,25.2,31.8,19.5,ASOS,LC09_L2SP_115034_20240611_20240612_02_T1
LC09_L2SP_115034_20240611_20240612_02_T1,2024-06-11,115,034,271,37.442592200000014,36.99255290000001,34.56368361340208,32.51623053688522,봉화,22.7,30.5,15.5,ASOS,LC09_L2SP_115034_20240611_20240612_02_T1
LC09_L2SP_115034_20240611_20240612_02_T1,2024-06-11,115,034,273,39.10261058000003,38.849026048571446,34.894444586597956,34.49595398350417,문경,25.5,32.3,18.2,ASOS,LC09_L2SP_115034_20240611_20240612_02_T1
LC09_L2SP_115034_20240611_20240612_02_T1,2024-06-11,115,034,217,37.04382320000004,36.557487782857166,32.45591902220672,29.535489293419374,정선군,24.9,33.8,17.6,ASOS,LC09_L2SP_115034_20240611_20240612_02_T1
LC09_L2SP_115034_20240814_20240815_02_T1,2024-08-14,115,034,101,44.79133520000001,45.447953118285746,45.511037876288675,44.29587465360467,춘천,30.2,35.3,25.9,ASOS,LC09_L2SP_115034_20240814_20240815_02_T1
LC09_L2SP_115034_20240814_20240815_02_T1,2024-08-14,115,034,114,48.906631280000035,48.33061352857146,48.141033952577345,46.839549517847146,원주,29.0,34.7,24.5,ASOS,LC09_L2SP_115034_20240814_20240815_02_T1
LC09_L2SP_115034_20240814_20240815_02_T1,2024-08-14,115,034,212,47.95300370000001,48.192525520571444,44.684827063419824,41.279696075053025,홍천,28.5,35.6,23.9,ASOS,LC09_L2SP_115034_20240814_20240815_02_T1
LC09_L2SP_115034_20240814_20240815_02_T1,2024-08-14,115,034,202,43.097136620000015,43.25522004500002,40.981510255730356,,양평,29.3,33.8,25.1,ASOS,LC09_L2SP_115034_20240814_20240815_02_T1
LC09_L2SP_115034_20240814_20240815_02_T1,2024-08-14,115,034,221,43.95164162000001,43.025455857714306,39.83269886352942,38.62202907646755,제천,27.6,33.5,21.9,ASOS,LC09_L2SP_115034_20240814_20240815_02_T1
LC09_L2SP_115034_20240814_20240815_02_T1,2024-08-14,115,034,272,38.099991380000006,37.90067198514288,39.36543791628868,39.02644995762383,영주,27.4,33.7,22.6,ASOS,LC09_L2SP_115034_20240814_20240815_02_T1
LC09_L2SP_115034_20240814_20240815_02_T1,2024-08-14,115,034,136,48.690726350000034,48.87324861800002,47.084218662606936,46.49784391193736,안동,28.5,35.3,22.5,ASOS,LC09_L2SP_115034_20240814_20240815_02_T1
LC09_L2SP_115034_20240814_20240815_02_T1,2024-08-14,115,034,95,45.57634046000002,45.94561683028573,45.246977233814455,42.72615081568281,철원,28.6,35.7,23.9,ASOS,LC09_L2SP_115034_20240814_20240815_02_T1
LC09_L2SP_115034_20240814_20240815_02_T1,2024-08-14,115,034,121,40.42766300000002,41.005503695428594,40.48964738960971,39.68207609298383,영월,28.1,35.7,21.9,ASOS,LC09_L2SP_115034_20240814_20240815_02_T1
LC09_L2SP_115034_20240814_20240815_02_T1,2024-08-14,115,034,93,44.11798526000001,43.522045334857154,42.667546711134044,40.559687139311364,북춘천,29.8,35.7,24.9,ASOS,LC09_L2SP_115034_20240814_20240815_02_T1
LC09_L2SP_115034_20240814_20240815_02_T1,2024-08-14,115,034,271,38.37457232000003,38.433687789714305,36.75677363291913,35.615856390220834,봉화,25.9,32.5,21.4,ASOS,LC09_L2SP_115034_20240814_20240815_02_T1
LC09_L2SP_115034_20240814_20240815_02_T1,2024-08-14,115,034,273,37.59640310000003,37.681430416571445,35.191808411340226,35.180737773162726,문경,27.2,33.3,22.5,ASOS,LC09_L2SP_115034_20240814_20240815_02_T1
LC09_L2SP_115035_20220622_20230410_02_T1,2022-06-22,115,035,131,44.79931058000003,45.12353419142859,45.091482772989714,45.08981781664473,청주,27.4,34.4,22.2,ASOS,LC09_L2SP_115035_20220622_20230410_02_T1
LC09_L2SP_115035_20220622_20230410_02_T1,2022-06-22,115,035,133,41.230897700000035,40.10324407314287,41.292979861875025,43.437023900379224,대전,27.5,33.9,22.1,ASOS,LC09_L2SP_115035_20220622_20230410_02_T1
LC09_L2SP_115035_20220622_20230410_02_T1,2022-06-22,115,035,238,50.43106820000003,50.64549198800002,51.064402671621636,,금산,25.9,32.6,19.6,ASOS,LC09_L2SP_115035_20220622_20230410_02_T1
LC09_L2SP_115035_20220622_20230410_02_T1,2022-06-22,115,035,243,47.20331798000003,46.50353535200002,42.4662723121437,42.00232112475249,부안,24.0,30.5,19.9,ASOS,LC09_L2SP_115035_20220622_20230410_02_T1
LC09_L2SP_115035_20220622_20230410_02_T1,2022-06-22,115,035,289,41.60232254000001,41.265273215428586,39.842057071644994,38.98883584258066,산청,26.7,32.6,21.5,ASOS,LC09_L2SP_115035_20220622_20230410_02_T1
LC09_L2SP_115035_20220622_20230410_02_T1,2022-06-22,115,035,279,48.19340444000003,48.153267119428584,45.70368421773198,44.58444599495564,구미,29.3,36.5,23.1,ASOS,LC09_L2SP_115035_20220622_20230410_02_T1
LC09_L2SP_115035_20220622_20230410_02_T1,2022-06-22,115,035,248,37.90972160000003,38.29765059371431,36.68537011174314,36.31220348712478,장수,24.9,31.2,18.7,ASOS,LC09_L2SP_115035_20220622_20230410_02_T1
LC09_L2SP_115035_20220622_20230410_02_T1,2022-06-22,115,035,140,42.64140062000001,41.95297883942859,40.51190169314489,39.35963499600753,군산,24.2,30.1,20.3,ASOS,LC09_L2SP_115035_20220622_20230410_02_T1
LC09_L2SP_115035_20220622_20230410_02_T1,2022-06-22,115,035,192,,,40.09422117029026,38.15127696460594,진주,26.1,32.2,21.1,ASOS,LC09_L2SP_115035_20220622_20230410_02_T1
LC09_L2SP_115035_20220622_20230410_02_T1,2022-06-22,115,035,254,40.18726226000001,40.440846791428584,36.02996437595094,35.727595553768374,순창군,27.0,33.5,20.9,ASOS,LC09_L2SP_115035_20220622_20230410_02_T1
LC09_L2SP_115035_20220622_20230410_02_T1,2022-06-22,115,035,172,44.25128804000004,44.0180488657143,39.39499303887326,39.05186811280372,고창,24.6,31.2,19.6,ASOS,LC09_L2SP_115035_20220622_20230410_02_T1
LC09_L2SP_115035_20220622_20230410_02_T1,2022-06-22,115,035,251,45.2014976,44.80858806285716,42.90984635113403,40.96056490318926,고창군,25.0,32.2,19.0,ASOS,LC09_L2SP_115035_20220622_20230410_02_T1
LC09_L2SP_115035_20220622_20230410_02_T1,2022-06-22,115,035,146,43.36943888000002,43.6489027057143,46.06854317051548,48.01630051163471,전주,26.1,32.3,21.1,ASOS,LC09_L2SP_115035_20220622_20230410_02_T1
LC09_L2SP_115035_20220622_20230410_02_T1,2022-06-22,115,035,232,39.973066340000024,39.31983388914287,39.0423159214483,38.31158087822134,천안,25.0,32.3,19.6,ASOS,LC09_L2SP_115035_20220622_20230410_02_T1
LC09_L2SP_115035_20220622_20230410_02_T1,2022-06-22,115,035,245,44.623852220000025,44.52791979200003,42.81146375484538,42.01227390278846,정읍,25.0,31.6,20.1,ASOS,LC09_L2SP_115035_20220622_20230410_02_T1
LC09_L2SP_115035_20220622_20230410_02_T1,2022-06-22,115,035,143,43.61325764000003,43.41589139942858,43.10169240632599,43.3112984355876,대구,29.9,37.1,23.6,ASOS,LC09_L2SP_115035_20220622_20230410_02_T1
LC09_L2SP_115035_20220622_20230410_02_T1,2022-06-22,115,035,273,42.427204700000004,42.22710404342858,38.61826970701033,38.23288219709707,문경,27.7,34.6,21.7,ASOS,LC09_L2SP_115035_20220622_20230410_02_T1
LC09_L2SP_115035_20230609_20230611_02_T1,2023-06-09,115,035,135,35.47039466000003,35.018206890285725,34.342681519852775,33.60707802887796,추풍령,21.3,27.7,15.6,ASOS,LC09_L2SP_115035_20230609_20230611_02_T1
LC09_L2SP_115035_20230609_20230611_02_T1,2023-06-09,115,035,131,42.99003866,42.97486916171431,43.00448470544829,43.361345127013,청주,24.8,29.9,20.0,ASOS,LC09_L2SP_115035_20230609_20230611_02_T1
LC09_L2SP_115035_20230609_20230611_02_T1,2023-06-09,115,035,133,33.55630346000002,33.78762203257145,35.39124475045938,37.26150398394048,대전,23.2,29.2,18.4,ASOS,LC09_L2SP_115035_20230609_20230611_02_T1
LC09_L2SP_115035_20230609_20230611_02_T1,2023-06-09,115,035,244,38.89411136000001,38.84599865942859,39.26013314432992,37.23962691714288,임실,22.6,28.7,17.1,ASOS,LC09_L2SP_115035_20230609_20230611_02_T1
LC09_L2SP_115035_20230609_20230611_02_T1,2023-06-09,115,035,226,37.61121452000003,38.07118235428573,37.9675812787629,35.06678584523679,보은,22.1,28.1,16.3,ASOS,LC09_L2SP_115035_20230609_20230611_02_T1
LC09_L2SP_115035_20230609_20230611_02_T1,2023-06-09,115,035,238,41.788034960000026,41.91176728400002,42.22458077924326,,금산,22.1,28.5,16.4,ASOS,LC09_L2SP_115035_20230609_20230611_02_T1
LC09_L2SP_115035_20230609_20230611_02_T1,2023-06-09,115,035,243,41.08620152000003,40.44133508000002,37.1760013153396,36.60334211012472,부안,24.2,30.0,19.5,ASOS,LC09_L2SP_115035_20230609_20230611_02_T1
LC09_L2SP_115035_20230609_20230611_02_T1,2023-06-09,115,035,289,40.49146604,40.22756234342859,38.74460332824744,37.670901481935125,산청,22.8,30.9,16.1,ASOS,LC09_L2SP_115035_20230609_20230611_02_T1
LC09_L2SP_115035_20230609_20230611_02_T1,2023-06-09,115,035,279,,,37.37220224682218,35.60908652372275,구미,23.4,30.0,17.2,ASOS,LC09_L2SP_115035_20230609_20230611_02_T1
LC09_L2SP_115035_20230609_20230611_02_T1,2023-06-09,115,035,285,,,41.085025866374515,38.18992204172899,합천,23.8,31.3,16.7,ASOS,LC09_L2SP_115035_20230609_20230611_02_T1
LC09_L2SP_115035_20230609_20230611_02_T1,2023-06-09,115,035,136,40.27556111000001,40.30734869600002,37.614834074198136,35.78231902707377,안동,23.3,29.6,17.7,ASOS,LC09_L2SP_115035_20230609_20230611_02_T1
LC09_L2SP_115035_20230609_20230611_02_T1,2023-06-09,115,035,248,37.554247520000025,37.50369337657144,36.09815925422682,35.28028750033277,장수,21.4,27.7,16.7,ASOS,LC09_L2SP_115035_20230609_20230611_02_T1
LC09_L2SP_115035_20230609_20230611_02_T1,2023-06-09,115,035,137,35.69028728000003,35.43745145771431,39.01592285855672,37.94352082401376,상주,23.3,30.1,17.5,ASOS,LC09_L2SP_115035_20230609_20230611_02_T1
LC09_L2SP_115035_20230609_20230611_02_T1,2023-06-09,115,035,140,36.94356128000002,36.36607866285716,34.933957367628885,33.88262421480603,군산,23.0,28.7,19.3,ASOS,LC09_L2SP_115035_20230609_20230611_02_T1
LC09_L2SP_115035_20230609_20230611_02_T1,2023-06-09,115,035,192,36.80456180000001,36.42389202971431,33.66327465277474,32.56289072685265,진주,22.5,28.9,17.2,ASOS,LC09_L2SP_115035_20230609_20230611_02_T1
LC09_L2SP_115035_20230609_20230611_02_T1,2023-06-09,115,035,254,41.55674894000001,41.19661984228573,34.94775462170111,33.55620470209943,순창군,24.2,31.3,18.4,ASOS,LC09_L2SP_115035_20230609_20230611_02_T1
LC09_L2SP_115035_20230609_20230611_02_T1,2023-06-09,115,035,264,39.520748360000006,38.51991955142859,34.36840621876291,33.49114111493643,함양군,23.3,31.5,15.4,ASOS,LC09_L2SP_115035_20230609_20230611_02_T1
LC09_L2SP_115035_20230609_20230611_02_T1,2023-06-09,115,035,263,36.37616996000003,36.74708842666669,,35.14603609014456,의령군,23.8,30.3,17.2,ASOS,LC09_L2SP_115035_20230609_20230611_02_T1
LC09_L2SP_115035_20230609_20230611_02_T1,2023-06-09,115,035,172,38.51585048000002,38.1788011554286,35.69451069551726,36.0341702233058,고창,24.1,30.4,18.7,ASOS,LC09_L2SP_115035_20230609_20230611_02_T1
LC09_L2SP_115035_20230609_20230611_02_T1,2023-06-09,115,035,251,38.98297988000004,38.62724537942859,37.24108954556703,35.60947194858539,고창군,23.8,30.2,18.2,ASOS,LC09_L2SP_115035_20230609_20230611_02_T1
LC09_L2SP_115035_20230609_20230611_02_T1,2023-06-09,115,035,284,38.93057024000001,39.212703376571454,38.27092370206188,37.62236785294019,거창,22.1,30.4,15.1,ASOS,LC09_L2SP_115035_20230609_20230611_02_T1
LC09_L2SP_115035_20230609_20230611_02_T1,2023-06-09,115,035,146,35.80991798,35.84468412628573,37.753792813951634,39.493979653451795,전주,24.5,30.2,19.2,ASOS,LC09_L2SP_115035_20230609_20230611_02_T1
LC09_L2SP_115035_20230609_20230611_02_T1,2023-06-09,115,035,232,37.80148430000003,36.780440344571446,36.004749408607296,36.40446208013554,천안,22.4,28.6,17.6,ASOS,LC09_L2SP_115035_20230609_20230611_02_T1
LC09_L2SP_115035_20230609_20230611_02_T1,2023-06-09,115,035,245,38.48736698000005,38.20936802000002,36.966782673608265,36.79361200217579,정읍,24.3,29.8,19.2,ASOS,LC09_L2SP_115035_20230609_20230611_02_T1
LC09_L2SP_115035_20230609_20230611_02_T1,2023-06-09,115,035,143,40.02433664,39.06140445000002,39.95524973777331,40.03255856570494,대구,24.6,31.0,18.6,ASOS,LC09_L2SP_115035_20230609_20230611_02_T1
LC09_L2SP_115035_20230609_20230611_02_T1,2023-06-09,115,035,247,,,41.91880178967744,37.87095408239568,남원,23.6,30.2,17.3,ASOS,LC09_L2SP_115035_20230609_20230611_02_T1
LC09_L2SP_115035_20230609_20230611_02_T1,2023-06-09,115,035,239,34.114580060000016,33.74152759142859,33.937253498152444,35.45526529261041,세종,23.1,29.5,18.6,ASOS,LC09_L2SP_115035_20230609_20230611_02_T1
LC09_L2SP_115035_20230609_20230611_02_T1,2023-06-09,115,035,273,,,33.386951589863784,32.59930019294045,문경,22.1,28.4,16.4,ASOS,LC09_L2SP_115035_20230609_20230611_02_T1
LC09_L2SP_115035_20230609_20230611_02_T1,2023-06-09,115,035,181,36.82848794,36.27291320342859,36.70657394728747,36.72810715433964,서청주,23.3,30.2,18.7,ASOS,LC09_L2SP_115035_20230609_20230611_02_T1
LC09_L2SP_115035_20240611_20240612_02_T1,2024-06-11,115,035,135,37.38904322,36.59498834514287,35.79069797979383,34.798864141276866,추풍령,25.5,31.2,20.1,ASOS,LC09_L2SP_115035_20240611_20240612_02_T1
LC09_L2SP_115035_20240611_20240612_02_T1,2024-06-11,115,035,131,43.08460388000001,43.162762604000015,43.150732583092804,43.0820407727226,청주,26.4,32.5,21.2,ASOS,LC09_L2SP_115035_20240611_20240612_02_T1
LC09_L2SP_115035_20240611_20240612_02_T1,2024-06-11,115,035,133,35.87827838000002,35.43510767257145,36.8501460480374,38.86977477671496,대전,25.8,32.2,21.5,ASOS,LC09_L2SP_115035_20240611_20240612_02_T1
LC09_L2SP_115035_20240611_20240612_02_T1,2024-06-11,115,035,244,39.89673056000004,39.646694258857174,39.25062298329899,37.60903141017466,임실,23.0,30.8,16.3,ASOS,LC09_L2SP_115035_20240611_20240612_02_T1
LC09_L2SP_115035_20240611_20240612_02_T1,2024-06-11,115,035,226,40.48235132,40.437819402285726,38.96876357917528,36.29242243570571,보은,23.8,30.9,16.4,ASOS,LC09_L2SP_115035_20240611_20240612_02_T1
LC09_L2SP_115035_20240611_20240612_02_T1,2024-06-11,115,035,238,42.807744260000014,42.80933933600001,42.718364576648675,,금산,24.4,31.3,17.2,ASOS,LC09_L2SP_115035_20240611_20240612_02_T1
LC09_L2SP_115035_20240611_20240612_02_T1,2024-06-11,115,035,243,38.989815920000034,38.24435246000002,35.36745086569669,35.61743407861492,부안,23.4,28.7,19.0,ASOS,LC09_L2SP_115035_20240611_20240612_02_T1
LC09_L2SP_115035_20240611_20240612_02_T1,2024-06-11,115,035,289,41.57383904000003,41.57377393485715,40.50248357525775,39.32818174187194,산청,25.2,34.2,17.7,ASOS,LC09_L2SP_115035_20240611_20240612_02_T1
LC09_L2SP_115035_20240611_20240612_02_T1,2024-06-11,115,035,278,42.49442576000001,42.46812328228573,39.04307558754536,39.05688768475548,의성,25.1,34.0,16.4,ASOS,LC09_L2SP_115035_20240611_20240612_02_T1
LC09_L2SP_115035_20240611_20240612_02_T1,2024-06-11,115,035,279,42.9114242,42.91988786857145,40.78582686206187,39.84604477110222,구미,26.8,34.0,19.1,ASOS,LC09_L2SP_115035_20240611_20240612_02_T1
LC09_L2SP_115035_20240611_20240612_02_T1,2024-06-11,115,035,285,,,41.00979785186531,38.92072560409428,합천,25.9,34.2,18.0,ASOS,LC09_L2SP_115035_20240611_20240612_02_T1
LC09_L2SP_115035_20240611_20240612_02_T1,2024-06-11,115,035,136,40.78313708000002,41.08546094900002,39.53409093637477,38.81960998314924,안동,25.7,32.6,17.8,ASOS,LC09_L2SP_115035_20240611_20240612_02_T1
LC09_L2SP_115035_20240611_20240612_02_T1,2024-06-11,115,035,248,35.59002536000003,36.052792715428595,35.25687607958765,34.860089415826565,장수,22.2,29.8,15.4,ASOS,LC09_L2SP_115035_20240611_20240612_02_T1
LC09_L2SP_115035_20240611_20240612_02_T1,2024-06-11,115,035,137,35.46583730000003,36.58219518457144,41.24702464659795,40.34763064392788,상주,26.4,32.6,19.6,ASOS,LC09_L2SP_115035_20240611_20240612_02_T1
LC09_L2SP_115035_20240611_20240612_02_T1,2024-06-11,115,035,140,38.31988400000002,37.76942001714288,36.40089995304852,35.28426971359672,군산,22.9,28.1,19.4,ASOS,LC09_L2SP_115035_20240611_20240612_02_T1
LC09_L2SP_115035_20240611_20240612_02_T1,2024-06-11,115,035,192,,,,34.43823119517243,진주,23.8,31.6,17.5,ASOS,LC09_L2SP_115035_20240611_20240612_02_T1
LC09_L2SP_115035_20240611_20240612_02_T1,2024-06-11,115,035,254,41.939567180000004,41.8011210937143,36.214845680412395,35.60331809490411,순창군,24.2,32.4,17.3,ASOS,LC09_L2SP_115035_20240611_20240612_02_T1
LC09_L2SP_115035_20240611_20240612_02_T1,2024-06-11,115,035,264,39.82723082000001,38.98789531828572,35.728100839175276,34.94478133082782,함양군,25.8,33.6,17.8,ASOS,LC09_L2SP_115035_20240611_20240612_02_T1
LC09_L2SP_115035_20240611_20240612_02_T1,2024-06-11,115,035,263,39.57885470000002,39.829636093333356,,37.782267387002385,의령군,26.1,34.3,18.7,ASOS,LC09_L2SP_115035_20240611_20240612_02_T1
LC09_L2SP_115035_20240611_20240612_02_T1,2024-06-11,115,035,251,34.317382580000015,34.53011363428574,33.53760161073173,32.03137850634301,고창군,23.0,30.5,17.1,ASOS,LC09_L2SP_115035_20240611_20240612_02_T1
LC09_L2SP_115035_20240611_20240612_02_T1,2024-06-11,115,035,172,39.718993520000026,39.45811721257145,35.5326834039954,34.90633124968583,고창,23.9,30.3,18.9,ASOS,LC09_L2SP_115035_20240611_20240612_02_T1
LC09_L2SP_115035_20240611_20240612_02_T1,2024-06-11,115,035,284,38.89183267999999,38.880862463428585,38.13899909278352,37.974053048474104,거창,24.3,32.8,16.7,ASOS,LC09_L2SP_115035_20240611_20240612_02_T1
LC09_L2SP_115035_20240611_20240612_02_T1,2024-06-11,115,035,146,35.78599184000003,35.77886282685716,37.57988071237115,39.51681008597769,전주,24.8,30.7,20.1,ASOS,LC09_L2SP_115035_20240611_20240612_02_T1
LC09_L2SP_115035_20240611_20240612_02_T1,2024-06-11,115,035,232,38.690169500000025,37.47400543142859,37.07694263517243,36.367680113774966,천안,23.6,31.1,16.6,ASOS,LC09_L2SP_115035_20240611_20240612_02_T1
LC09_L2SP_115035_20240611_20240612_02_T1,2024-06-11,115,035,245,35.200371080000004,34.9788508314286,32.460762775312524,33.07355737766103,정읍,24.2,31.3,18.7,ASOS,LC09_L2SP_115035_20240611_20240612_02_T1
LC09_L2SP_115035_20240611_20240612_02_T1,2024-06-11,115,035,247,42.79065416000003,42.79439770571431,42.018252114639196,39.32972195644332,남원,24.6,32.2,17.6,ASOS,LC09_L2SP_115035_20240611_20240612_02_T1
LC09_L2SP_115035_20240611_20240612_02_T1,2024-06-11,115,035,239,35.16163352000001,34.822012542285734,34.684580284411105,36.07551938753381,세종,24.5,31.4,19.5,ASOS,LC09_L2SP_115035_20240611_20240612_02_T1
LC09_L2SP_115035_20240611_20240612_02_T1,2024-06-11,115,035,273,39.11172530000001,38.86289344400002,34.80737316989693,34.404515832665346,문경,25.5,32.3,18.2,ASOS,LC09_L2SP_115035_20240611_20240612_02_T1
LC09_L2SP_115035_20240611_20240612_02_T1,2024-06-11,115,035,181,35.457861920000006,35.15160732800002,35.91084157855672,36.39290224265676,서청주,23.7,31.0,17.0,ASOS,LC09_L2SP_115035_20240611_20240612_02_T1
LC09_L2SP_115035_20240814_20240815_02_T1,2024-08-14,115,035,135,41.76524816000002,41.83969589085717,41.27190219422681,40.187318362628126,추풍령,26.7,32.5,20.7,ASOS,LC09_L2SP_115035_20240814_20240815_02_T1
LC09_L2SP_115035_20240814_20240815_02_T1,2024-08-14,115,035,131,47.95528238000003,47.11786748000002,48.01713559495457,47.445961344936734,청주,30.8,35.2,26.7,ASOS,LC09_L2SP_115035_20240814_20240815_02_T1
LC09_L2SP_115035_20240814_20240815_02_T1,2024-08-14,115,035,133,,,42.6296984269159,44.41930740808851,대전,29.5,34.6,24.6,ASOS,LC09_L2SP_115035_20240814_20240815_02_T1
LC09_L2SP_115035_20240814_20240815_02_T1,2024-08-14,115,035,244,46.66441016000001,46.17882345200001,46.14499249298971,44.25963439067012,임실,28.0,33.4,23.0,ASOS,LC09_L2SP_115035_20240814_20240815_02_T1
LC09_L2SP_115035_20240814_20240815_02_T1,2024-08-14,115,035,226,40.80250586000002,41.07337580685716,41.795446624738695,39.37453784518134,보은,27.1,32.9,22.4,ASOS,LC09_L2SP_115035_20240814_20240815_02_T1
LC09_L2SP_115035_20240814_20240815_02_T1,2024-08-14,115,035,238,51.85182518000003,52.01406719600002,51.948829203459475,,금산,28.6,35.8,22.9,ASOS,LC09_L2SP_115035_20240814_20240815_02_T1
LC09_L2SP_115035_20240814_20240815_02_T1,2024-08-14,115,035,243,,,,46.01172127154365,부안,29.7,36.0,25.6,ASOS,LC09_L2SP_115035_20240814_20240815_02_T1
LC09_L2SP_115035_20240814_20240815_02_T1,2024-08-14,115,035,289,40.374114020000015,40.3614510697143,39.69359524309281,38.79597629717642,산청,28.2,34.7,22.5,ASOS,LC09_L2SP_115035_20240814_20240815_02_T1
LC09_L2SP_115035_20240814_20240815_02_T1,2024-08-14,115,035,278,51.145434380000005,50.66189848400001,46.04187864149941,46.67768494247235,의성,27.6,36.0,20.8,ASOS,LC09_L2SP_115035_20240814_20240815_02_T1
LC09_L2SP_115035_20240814_20240815_02_T1,2024-08-14,115,035,279,51.094164080000006,51.510251048000015,48.35757119670105,46.88234669011167,구미,28.6,35.1,22.4,ASOS,LC09_L2SP_115035_20240814_20240815_02_T1
LC09_L2SP_115035_20240814_20240815_02_T1,2024-08-14,115,035,285,44.056460900000026,44.89560108628573,41.3018348426316,38.43941855921916,합천,27.8,35.4,21.6,ASOS,LC09_L2SP_115035_20240814_20240815_02_T1
LC09_L2SP_115035_20240814_20240815_02_T1,2024-08-14,115,035,136,48.712943480000035,48.88555349000003,47.06080766207741,46.47562959976094,안동,28.5,35.3,22.5,ASOS,LC09_L2SP_115035_20240814_20240815_02_T1
LC09_L2SP_115035_20240814_20240815_02_T1,2024-08-14,115,035,248,40.737563480000006,41.45365494628574,40.520282336907236,40.23368026563278,장수,26.1,32.9,19.9,ASOS,LC09_L2SP_115035_20240814_20240815_02_T1
LC09_L2SP_115035_20240814_20240815_02_T1,2024-08-14,115,035,137,39.76684580000002,41.30365269714288,47.11513463010311,45.36992323462355,상주,28.2,34.5,23.0,ASOS,LC09_L2SP_115035_20240814_20240815_02_T1
LC09_L2SP_115035_20240814_20240815_02_T1,2024-08-14,115,035,254,48.531788420000034,47.68822108400001,40.45859353608249,39.713254743028926,순창군,28.7,35.3,24.2,ASOS,LC09_L2SP_115035_20240814_20240815_02_T1
LC09_L2SP_115035_20240814_20240815_02_T1,2024-08-14,115,035,264,42.78381812,41.79682415428574,36.82269727381445,35.9144479821664,함양군,27.7,34.6,21.6,ASOS,LC09_L2SP_115035_20240814_20240815_02_T1
LC09_L2SP_115035_20240814_20240815_02_T1,2024-08-14,115,035,263,39.66316586000003,41.21368100666669,,40.46654095260665,의령군,28.3,36.3,23.4,ASOS,LC09_L2SP_115035_20240814_20240815_02_T1
LC09_L2SP_115035_20240814_20240815_02_T1,2024-08-14,115,035,284,45.70508588000001,45.22070361714288,43.16959629484538,42.9828477382594,거창,26.0,32.8,19.2,ASOS,LC09_L2SP_115035_20240814_20240815_02_T1
LC09_L2SP_115035_20240814_20240815_02_T1,2024-08-14,115,035,146,41.67524030000002,42.10766865885715,45.75584328123713,49.249003604041356,전주,30.6,35.8,26.6,ASOS,LC09_L2SP_115035_20240814_20240815_02_T1
LC09_L2SP_115035_20240814_20240815_02_T1,2024-08-14,115,035,247,48.95904092000001,48.60493404800001,48.0079230202062,44.85701733485389,남원,28.7,34.6,22.8,ASOS,LC09_L2SP_115035_20240814_20240815_02_T1
LC09_L2SP_115035_20250801_20250802_02_T1,2025-08-01,115,035,133,43.666806620000024,42.56499973485715,43.89138349985474,46.23797744279487,대전,30.4,35.8,25.1,ASOS,LC09_L2SP_115035_20250801_20250802_02_T1
LC09_L2SP_115035_20250801_20250802_02_T1,2025-08-01,115,035,244,47.94844634000001,47.42151786628574,47.20126246969074,44.74845737439131,임실,27.5,34.2,20.3,ASOS,LC09_L2SP_115035_20250801_20250802_02_T1
LC09_L2SP_115035_20250801_20250802_02_T1,2025-08-01,115,035,226,42.37935242,42.72701388285716,44.7651042083308,43.140708509263625,보은,27.9,34.2,22.0,ASOS,LC09_L2SP_115035_20250801_20250802_02_T1
LC09_L2SP_115035_20250801_20250802_02_T1,2025-08-01,115,035,238,51.602309720000015,51.71157242600002,51.98106944616218,,금산,28.7,35.6,21.8,ASOS,LC09_L2SP_115035_20250801_20250802_02_T1
LC09_L2SP_115035_20250801_20250802_02_T1,2025-08-01,115,035,243,47.33548142000003,46.40598104000002,42.47311492318184,41.9850208494737,부안,28.7,34.5,23.8,ASOS,LC09_L2SP_115035_20250801_20250802_02_T1
LC09_L2SP_115035_20250801_20250802_02_T1,2025-08-01,115,035,289,44.04278882000002,44.094710171428595,43.19180755195878,42.40942135079367,산청,28.1,36.0,20.7,ASOS,LC09_L2SP_115035_20250801_20250802_02_T1
LC09_L2SP_115035_20250801_20250802_02_T1,2025-08-01,115,035,278,48.016806740000014,47.59876661771429,43.38471319992746,43.73360200407751,의성,28.7,37.2,20.7,ASOS,LC09_L2SP_115035_20250801_20250802_02_T1
LC09_L2SP_115035_20250801_20250802_02_T1,2025-08-01,115,035,285,49.59023528000004,50.414043205142875,46.873215351166095,44.09982236552215,합천,28.8,37.0,21.4,ASOS,LC09_L2SP_115035_20250801_20250802_02_T1
LC09_L2SP_115035_20250801_20250802_02_T1,2025-08-01,115,035,279,44.10431318000002,44.36209699314287,41.724274987835074,40.752512873323816,구미,29.9,37.4,23.5,ASOS,LC09_L2SP_115035_20250801_20250802_02_T1
LC09_L2SP_115035_20250801_20250802_02_T1,2025-08-01,115,035,136,46.176772640000024,46.31742416300002,44.187171739511214,43.16121533707339,안동,29.1,35.7,22.2,ASOS,LC09_L2SP_115035_20250801_20250802_02_T1
LC09_L2SP_115035_20250801_20250802_02_T1,2025-08-01,115,035,248,42.15376310000001,42.307769315428594,40.88433083134022,40.44641770068906,장수,26.2,33.4,18.1,ASOS,LC09_L2SP_115035_20250801_20250802_02_T1
LC09_L2SP_115035_20250801_20250802_02_T1,2025-08-01,115,035,137,38.29595786000001,39.670327425714305,45.38203013402063,43.76570935598055,상주,29.1,35.2,23.3,ASOS,LC09_L2SP_115035_20250801_20250802_02_T1
LC09_L2SP_115035_20250801_20250802_02_T1,2025-08-01,115,035,140,,43.25685137272729,40.89362788121549,39.27126072756457,군산,29.0,34.0,24.1,ASOS,LC09_L2SP_115035_20250801_20250802_02_T1
LC09_L2SP_115035_20250801_20250802_02_T1,2025-08-01,115,035,192,46.566426920000005,46.3217943457143,43.06811478586744,40.735125676634915,진주,27.6,35.7,20.2,ASOS,LC09_L2SP_115035_20250801_20250802_02_T1
LC09_L2SP_115035_20250801_20250802_02_T1,2025-08-01,115,035,254,49.46604722000001,48.682474273142866,41.06155462645237,40.24303896327984,순창군,28.8,36.6,21.8,ASOS,LC09_L2SP_115035_20250801_20250802_02_T1
LC09_L2SP_115035_20250801_20250802_02_T1,2025-08-01,115,035,263,41.70828116000001,43.11460650000003,,41.75260797334521,의령군,27.8,35.8,20.0,ASOS,LC09_L2SP_115035_20250801_20250802_02_T1
LC09_L2SP_115035_20250801_20250802_02_T1,2025-08-01,115,035,264,44.57372126000001,43.25290067428572,37.044800337749734,36.09235769798787,함양군,28.0,36.2,20.2,ASOS,LC09_L2SP_115035_20250801_20250802_02_T1
LC09_L2SP_115035_20250801_20250802_02_T1,2025-08-01,115,035,155,46.52199266000002,46.493509160000016,44.709367321752595,43.530626805440015,창원,28.7,34.3,24.4,ASOS,LC09_L2SP_115035_20250801_20250802_02_T1
LC09_L2SP_115035_20250801_20250802_02_T1,2025-08-01,115,035,251,49.44553910000002,48.995076616571446,46.77416266474229,44.346459878904604,고창군,28.8,35.6,22.8,ASOS,LC09_L2SP_115035_20250801_20250802_02_T1
LC09_L2SP_115035_20250801_20250802_02_T1,2025-08-01,115,035,284,43.41273380000001,43.29098718285715,42.241793754845375,41.93548049495565,거창,27.7,35.9,20.3,ASOS,LC09_L2SP_115035_20250801_20250802_02_T1
LC09_L2SP_115035_20250801_20250802_02_T1,2025-08-01,115,035,146,42.29731994000002,42.25327631085716,45.36762590082476,48.214609114018394,전주,30.5,36.6,24.8,ASOS,LC09_L2SP_115035_20250801_20250802_02_T1
LC09_L2SP_115035_20250801_20250802_02_T1,2025-08-01,115,035,245,49.630112180000005,49.4452786794286,47.92334562268043,46.32451662789008,정읍,30.1,37.2,23.5,ASOS,LC09_L2SP_115035_20250801_20250802_02_T1
LC09_L2SP_115035_20250801_20250802_02_T1,2025-08-01,115,035,247,48.49305086000002,48.78823757771431,48.27636875134022,45.088354055880856,남원,28.7,35.9,21.3,ASOS,LC09_L2SP_115035_20250801_20250802_02_T1
LC09_L2SP_115035_20250801_20250802_02_T1,2025-08-01,115,035,143,46.79315558000002,45.93506979714288,45.82883919184212,46.221595865797006,대구,30.4,37.2,23.6,ASOS,LC09_L2SP_115035_20250801_20250802_02_T1
LC09_L2SP_115035_20250801_20250802_02_T1,2025-08-01,115,035,239,41.43142154000001,41.30658242857144,41.93420859822173,43.506522803983195,세종,29.4,35.6,24.1,ASOS,LC09_L2SP_115035_20250801_20250802_02_T1
LC09_L2SP_115035_20250801_20250802_02_T1,2025-08-01,115,035,273,39.66316586000003,39.636537856571444,36.557575596494864,36.13785415022618,문경,28.2,34.9,21.9,ASOS,LC09_L2SP_115035_20250801_20250802_02_T1
LC09_L2SP_115035_20250801_20250802_02_T1,2025-08-01,115,035,181,43.63718378000002,42.872621534857174,43.53694926680414,43.89014661602636,서청주,29.3,35.8,23.4,ASOS,LC09_L2SP_115035_20250801_20250802_02_T1
LC09_L2SP_115036_20230727_20230802_02_T1,2023-07-27,115,036,156,,,45.960070172000016,47.48932937943288,광주,28.2,34.0,23.8,ASOS,LC09_L2SP_115036_20230727_20230802_02_T1
LC09_L2SP_115036_20230727_20230802_02_T1,2023-07-27,115,036,168,43.10397266000001,43.360421817714304,43.6876494945361,43.45799072543808,여수,27.3,30.7,24.6,ASOS,LC09_L2SP_115036_20230727_20230802_02_T1
LC09_L2SP_115036_20230727_20230802_02_T1,2023-07-27,115,036,261,38.65598930000002,38.250872548571444,36.66385705290409,36.32272224051427,해남,28.3,32.1,25.7,ASOS,LC09_L2SP_115036_20230727_20230802_02_T1
LC09_L2SP_115036_20230727_20230802_02_T1,2023-07-27,115,036,247,42.502401139999996,42.83228889885716,43.907646875774994,41.97917808178358,남원,27.6,33.9,22.7,ASOS,LC09_L2SP_115036_20230727_20230802_02_T1
LC09_L2SP_115036_20240729_20240730_02_T1,2024-07-29,115,036,170,,,37.70245373320667,36.914357423096796,완도,28.9,32.5,25.4,ASOS,LC09_L2SP_115036_20240729_20240730_02_T1
LC09_L2SP_115036_20240729_20240730_02_T1,2024-07-29,115,036,289,43.37399624000002,42.663755256551745,40.12162605115387,40.03284194558141,산청,28.8,34.5,23.1,ASOS,LC09_L2SP_115036_20240729_20240730_02_T1
LC09_L2SP_115036_20240729_20240730_02_T1,2024-07-29,115,036,192,46.09701884000001,45.68799578000001,42.55176872585368,40.60381898097128,진주,29.4,34.9,25.2,ASOS,LC09_L2SP_115036_20240729_20240730_02_T1
LC09_L2SP_115036_20240729_20240730_02_T1,2024-07-29,115,036,266,36.50719406000002,36.95720080742859,41.91283383791334,41.881821332036594,광양시,28.9,34.0,25.1,ASOS,LC09_L2SP_115036_20240729_20240730_02_T1
LC09_L2SP_115036_20240814_20240815_02_T1,2024-08-14,115,036,168,46.91848298000002,47.25305830914288,47.534808156258755,46.483597319340674,여수,28.9,32.5,26.1,ASOS,LC09_L2SP_115036_20240814_20240815_02_T1
LC09_L2SP_115036_20240814_20240815_02_T1,2024-08-14,115,036,261,43.325004620000016,42.86656675657146,38.56378834422537,37.84053071722894,해남,28.2,34.4,22.8,ASOS,LC09_L2SP_115036_20240814_20240815_02_T1
LC09_L2SP_115036_20240814_20240815_02_T1,2024-08-14,115,036,295,46.51515662000003,46.43341711314287,42.755549740139884,38.792335127341794,남해,28.5,33.3,24.7,ASOS,LC09_L2SP_115036_20240814_20240815_02_T1
LC09_L2SP_115036_20240814_20240815_02_T1,2024-08-14,115,036,289,40.388925440000015,40.35891196914287,37.51185416469567,37.51979886804239,산청,28.2,34.7,22.5,ASOS,LC09_L2SP_115036_20240814_20240815_02_T1
LC09_L2SP_115036_20240814_20240815_02_T1,2024-08-14,115,036,254,48.53292776000003,47.72474506914289,40.45318264989693,39.709471729768126,순창군,28.7,35.3,24.2,ASOS,LC09_L2SP_115036_20240814_20240815_02_T1
LC09_L2SP_115036_20240814_20240815_02_T1,2024-08-14,115,036,263,39.700764080000035,41.21520012666669,,40.491414742701444,의령군,28.3,36.3,23.4,ASOS,LC09_L2SP_115036_20240814_20240815_02_T1
LC09_L2SP_115036_20240814_20240815_02_T1,2024-08-14,115,036,174,39.77140316000001,40.14152589714287,40.027852541443316,37.5097771642221,순천,26.5,32.3,21.5,ASOS,LC09_L2SP_115036_20240814_20240815_02_T1
LC09_L2SP_115036_20240814_20240815_02_T1,2024-08-14,115,036,266,39.887615840000024,40.51067205714287,47.75961345958765,48.004678782917644,광양시,29.6,34.6,25.3,ASOS,LC09_L2SP_115036_20240814_20240815_02_T1
LC09_L2SP_115036_20240814_20240815_02_T1,2024-08-14,115,036,247,48.95334422000004,48.59946521600002,48.004348389896926,44.85480884342122,남원,28.7,34.6,22.8,ASOS,LC09_L2SP_115036_20240814_20240815_02_T1
LC09_L2SP_115036_20240814_20240815_02_T1,2024-08-14,115,036,259,46.36818176000003,46.77284560608698,44.33408601406252,40.760684140654355,강진군,28.5,34.2,23.8,ASOS,LC09_L2SP_115036_20240814_20240815_02_T1
LC09_L2SP_115036_20240830_20240831_02_T1,2024-08-30,115,036,156,,,46.5976823042282,47.074088688331095,광주,28.1,33.2,23.9,ASOS,LC09_L2SP_115036_20240830_20240831_02_T1
LC09_L2SP_115036_20240830_20240831_02_T1,2024-08-30,115,036,168,47.23521950000001,47.74632742400002,47.91370876503599,47.519752287798426,여수,30.5,34.2,26.4,ASOS,LC09_L2SP_115036_20240830_20240831_02_T1
LC09_L2SP_115036_20240830_20240831_02_T1,2024-08-30,115,036,261,41.19329948000001,40.572587048000024,36.63936990339038,35.75778583389177,해남,27.7,33.3,22.7,ASOS,LC09_L2SP_115036_20240830_20240831_02_T1
LC09_L2SP_115036_20240830_20240831_02_T1,2024-08-30,115,036,260,39.035389520000024,38.72334057028573,39.54788501134022,38.62437709994849,장흥,27.6,33.5,22.4,ASOS,LC09_L2SP_115036_20240830_20240831_02_T1
LC09_L2SP_115036_20240830_20240831_02_T1,2024-08-30,115,036,295,45.89991302000001,45.57666598571431,41.89648770364271,38.63538899572694,남해,29.4,34.6,25.7,ASOS,LC09_L2SP_115036_20240830_20240831_02_T1
LC09_L2SP_115036_20240830_20240831_02_T1,2024-08-30,115,036,252,42.756473959999994,42.58462893542858,40.45146793361704,39.439189821507895,영광군,27.0,31.7,23.2,ASOS,LC09_L2SP_115036_20240830_20240831_02_T1
LC09_L2SP_115036_20240830_20240831_02_T1,2024-08-30,115,036,251,43.99379720000002,43.404563104571444,41.40774206123713,39.244518133467764,고창군,27.2,33.5,22.2,ASOS,LC09_L2SP_115036_20240830_20240831_02_T1
LC09_L2SP_115036_20240830_20240831_02_T1,2024-08-30,115,036,172,40.89479240000001,39.819743728571446,36.88308558588237,37.571821422428954,고창,27.1,32.6,23.2,ASOS,LC09_L2SP_115036_20240830_20240831_02_T1
LC09_L2SP_115036_20240830_20240831_02_T1,2024-08-30,115,036,174,38.35748222000001,38.53046658457145,38.38414120989693,36.081929051802994,순천,26.3,31.7,20.7,ASOS,LC09_L2SP_115036_20240830_20240831_02_T1
LC09_L2SP_115036_20240830_20240831_02_T1,2024-08-30,115,036,268,40.754653580000024,41.75707746457144,39.53778840806938,38.330057596963975,진도군,27.5,31.5,23.8,ASOS,LC09_L2SP_115036_20240830_20240831_02_T1
LC09_L2SP_115036_20240830_20240831_02_T1,2024-08-30,115,036,245,40.92555458000004,41.125036737714304,40.55910755492435,39.44589263620113,정읍,27.4,33.2,22.8,ASOS,LC09_L2SP_115036_20240830_20240831_02_T1
LC09_L2SP_115036_20240830_20240831_02_T1,2024-08-30,115,036,262,42.52290926000003,41.56850041828573,39.982094924329914,38.59749937131807,고흥,28.5,35.5,22.4,ASOS,LC09_L2SP_115036_20240830_20240831_02_T1
LC09_L2SP_115036_20240830_20240831_02_T1,2024-08-30,115,036,266,41.04404594000001,41.24085878685716,47.26109636777525,47.31492166227776,광양시,29.7,35.7,24.8,ASOS,LC09_L2SP_115036_20240830_20240831_02_T1
LC09_L2SP_115036_20240830_20240831_02_T1,2024-08-30,115,036,165,,,,40.51484934087374,목포,27.4,30.5,24.7,ASOS,LC09_L2SP_115036_20240830_20240831_02_T1
LC09_L2SP_115036_20240830_20240831_02_T1,2024-08-30,115,036,259,47.50752176000003,46.774340193714316,43.684887280206205,40.8128030795891,강진군,28.6,34.7,24.0,ASOS,LC09_L2SP_115036_20240830_20240831_02_T1
LC09_L2SP_115036_20250801_20250802_02_T1,2025-08-01,115,036,156,41.99425550000001,42.494979153714304,47.96084415815792,48.77284959214848,광주,29.8,34.7,24.5,ASOS,LC09_L2SP_115036_20250801_20250802_02_T1
LC09_L2SP_115036_20250801_20250802_02_T1,2025-08-01,115,036,168,45.456709760000024,45.91700312000003,46.75711100545457,45.830787962281896,여수,28.9,32.8,25.6,ASOS,LC09_L2SP_115036_20250801_20250802_02_T1
LC09_L2SP_115036_20250801_20250802_02_T1,2025-08-01,115,036,260,40.05509882000001,39.77872748857145,40.879691250927856,39.50823812628688,장흥,28.2,34.4,22.6,ASOS,LC09_L2SP_115036_20250801_20250802_02_T1
LC09_L2SP_115036_20250801_20250802_02_T1,2025-08-01,115,036,295,44.35382864000002,44.248228098285736,40.6547656723131,36.999634422255575,남해,28.0,34.3,23.3,ASOS,LC09_L2SP_115036_20250801_20250802_02_T1
LC09_L2SP_115036_20250801_20250802_02_T1,2025-08-01,115,036,289,44.03253476000001,44.099300084000014,43.20000218639177,42.32633575793625,산청,28.1,36.0,20.7,ASOS,LC09_L2SP_115036_20250801_20250802_02_T1
LC09_L2SP_115036_20250801_20250802_02_T1,2025-08-01,115,036,192,46.55503352000003,46.29952838685717,43.052779494442895,40.74081778252201,진주,27.6,35.7,20.2,ASOS,LC09_L2SP_115036_20250801_20250802_02_T1
LC09_L2SP_115036_20250801_20250802_02_T1,2025-08-01,115,036,254,49.53212894000001,48.6993690577143,41.051704763995424,40.23773946438075,순창군,28.8,36.6,21.8,ASOS,LC09_L2SP_115036_20250801_20250802_02_T1
LC09_L2SP_115036_20250801_20250802_02_T1,2025-08-01,115,036,263,41.723092580000014,43.12574671333336,,41.7867772909199,의령군,27.8,35.8,20.0,ASOS,LC09_L2SP_115036_20250801_20250802_02_T1
LC09_L2SP_115036_20250801_20250802_02_T1,2025-08-01,115,036,155,46.54250078000001,46.47597146214288,44.60981254888515,43.50893794944084,창원,28.7,34.3,24.4,ASOS,LC09_L2SP_115036_20250801_20250802_02_T1
LC09_L2SP_115036_20250801_20250802_02_T1,2025-08-01,115,036,251,49.44895712000001,48.99068201942859,46.7681135915464,44.36472446141829,고창군,28.8,35.6,22.8,ASOS,LC09_L2SP_115036_20250801_20250802_02_T1
LC09_L2SP_115036_20250801_20250802_02_T1,2025-08-01,115,036,174,41.96349332000002,42.22183052685716,41.25362185587631,38.3181793984523,순천,26.8,34.3,20.1,ASOS,LC09_L2SP_115036_20250801_20250802_02_T1
LC09_L2SP_115036_20250801_20250802_02_T1,2025-08-01,115,036,245,49.64378426000002,49.458071840000024,47.92354530082476,46.35661059295165,정읍,30.1,37.2,23.5,ASOS,LC09_L2SP_115036_20250801_20250802_02_T1
LC09_L2SP_115036_20250801_20250802_02_T1,2025-08-01,115,036,266,39.66544454000003,39.747574677714304,46.61090821697249,46.952992388772856,광양시,29.6,35.4,23.6,ASOS,LC09_L2SP_115036_20250801_20250802_02_T1
LC09_L2SP_115036_20250801_20250802_02_T1,2025-08-01,115,036,247,48.49191152000003,48.780815591428585,48.2750179874227,45.08751399252938,남원,28.7,35.9,21.3,ASOS,LC09_L2SP_115036_20250801_20250802_02_T1
LC09_L2SP_115036_20250801_20250802_02_T1,2025-08-01,115,036,262,,,,38.148509427245166,고흥,29.1,35.4,23.0,ASOS,LC09_L2SP_115036_20250801_20250802_02_T1
LC09_L2SP_115036_20250801_20250802_02_T1,2025-08-01,115,036,259,,,,44.52097725822189,강진군,29.0,34.8,23.4,ASOS,LC09_L2SP_115036_20250801_20250802_02_T1
LC09_L2SP_115036_20250817_20250819_02_T1,2025-08-17,115,036,168,43.192841179999995,43.32262828228573,43.618156631184426,42.05689694234429,여수,28.6,33.4,25.5,ASOS,LC09_L2SP_115036_20250817_20250819_02_T1
LC09_L2SP_115036_20250817_20250819_02_T1,2025-08-17,115,036,162,37.447149560000014,38.78790505739132,38.49608633201495,38.14410571071636,통영,27.4,31.9,23.7,ASOS,LC09_L2SP_115036_20250817_20250819_02_T1
LC09_L2SP_115036_20250817_20250819_02_T1,2025-08-17,115,036,260,35.235690620000014,35.227346630000014,35.588121615867365,,장흥,27.1,33.9,21.7,ASOS,LC09_L2SP_115036_20250817_20250819_02_T1
LC09_L2SP_115036_20250817_20250819_02_T1,2025-08-17,115,036,295,42.99801404000002,42.974478530857155,39.093711303642706,35.90908180011493,남해,27.9,33.2,23.1,ASOS,LC09_L2SP_115036_20250817_20250819_02_T1
LC09_L2SP_115036_20250817_20250819_02_T1,2025-08-17,115,036,289,39.25186411999999,38.77208204947371,36.012034335685414,36.25187638082065,산청,26.9,33.5,20.5,ASOS,LC09_L2SP_115036_20250817_20250819_02_T1
LC09_L2SP_115036_20250817_20250819_02_T1,2025-08-17,115,036,192,41.567003000000035,41.299160442285746,38.35891724203105,36.424670255252394,진주,28.1,34.2,22.2,ASOS,LC09_L2SP_115036_20250817_20250819_02_T1
LC09_L2SP_115036_20250817_20250819_02_T1,2025-08-17,115,036,263,35.39178020000003,36.28135155333335,,35.481595695130345,의령군,27.3,34.3,21.6,ASOS,LC09_L2SP_115036_20250817_20250819_02_T1
LC09_L2SP_115036_20250817_20250819_02_T1,2025-08-17,115,036,172,,,,33.22987219236365,고창,27.4,32.8,21.9,ASOS,LC09_L2SP_115036_20250817_20250819_02_T1
LC09_L2SP_115036_20250817_20250819_02_T1,2025-08-17,115,036,266,35.58660734000002,36.37955542742859,42.8758579987629,42.916757393144195,광양시,28.7,33.5,23.8,ASOS,LC09_L2SP_115036_20250817_20250819_02_T1
LC09_L2SP_115036_20250817_20250819_02_T1,2025-08-17,115,036,262,39.799886660000006,38.54902155028575,36.71748646804126,35.39688503082523,고흥,28.2,35.6,22.3,ASOS,LC09_L2SP_115036_20250817_20250819_02_T1
LC09_L2SP_115036_20250817_20250819_02_T1,2025-08-17,115,036,165,39.28832300000001,39.79415740742858,39.246850603579354,40.02691340645325,목포,28.1,32.1,24.4,ASOS,LC09_L2SP_115036_20250817_20250819_02_T1
LC09_L2SP_115036_20250817_20250819_02_T1,2025-08-17,115,036,259,39.15615955999999,,39.550229738322166,37.480149127352085,강진군,28.2,35.3,22.6,ASOS,LC09_L2SP_115036_20250817_20250819_02_T1
LC09_L2SP_116034_20230616_20230618_02_T1,2023-06-16,116,034,101,41.12038172000001,41.393204821142874,40.37734939770995,39.993986172376026,춘천,23.5,30.1,16.3,ASOS,LC09_L2SP_116034_20230616_20230618_02_T1
LC09_L2SP_116034_20230616_20230618_02_T1,2023-06-16,116,034,131,44.275214180000035,44.0932453057143,43.48156011567012,43.51530342984829,청주,25.0,31.6,18.7,ASOS,LC09_L2SP_116034_20230616_20230618_02_T1
LC09_L2SP_116034_20230616_20230618_02_T1,2023-06-16,116,034,129,39.58910876000001,38.932621052000016,38.06495101602651,37.390548829068585,서산,21.8,29.0,15.5,ASOS,LC09_L2SP_116034_20230616_20230618_02_T1
LC09_L2SP_116034_20230616_20230618_02_T1,2023-06-16,116,034,202,44.01829301000001,43.98168421684213,43.27983432619471,42.48980103542418,양평,23.6,30.6,17.2,ASOS,LC09_L2SP_116034_20230616_20230618_02_T1
LC09_L2SP_116034_20230616_20230618_02_T1,2023-06-16,116,034,203,36.866086160000044,36.96227900857145,36.60166922907218,36.42322701786432,이천,23.7,30.6,16.9,ASOS,LC09_L2SP_116034_20230616_20230618_02_T1
LC09_L2SP_116034_20230616_20230618_02_T1,2023-06-16,116,034,201,36.696324500000024,37.083276916571435,34.82205147113404,33.170163970341484,강화,20.5,24.7,15.9,ASOS,LC09_L2SP_116034_20230616_20230618_02_T1
LC09_L2SP_116034_20230616_20230618_02_T1,2023-06-16,116,034,95,40.39120412,40.35275953314287,39.44355513855672,37.18615519238615,철원,22.6,28.8,16.2,ASOS,LC09_L2SP_116034_20230616_20230618_02_T1
LC09_L2SP_116034_20230616_20230618_02_T1,2023-06-16,116,034,98,35.752950980000016,36.77936610971431,39.93849069896909,39.6546175110881,동두천,22.7,29.0,16.7,ASOS,LC09_L2SP_116034_20230616_20230618_02_T1
LC09_L2SP_116034_20230616_20230618_02_T1,2023-06-16,116,034,108,37.42322342000002,37.379179790857165,38.55708597443301,38.33579561863157,서울,23.7,28.9,19.1,ASOS,LC09_L2SP_116034_20230616_20230618_02_T1
LC09_L2SP_116034_20230616_20230618_02_T1,2023-06-16,116,034,112,36.25539992000002,36.97429090742858,39.773656486119634,41.4961675098832,인천,21.7,25.7,18.4,ASOS,LC09_L2SP_116034_20230616_20230618_02_T1
LC09_L2SP_116034_20230616_20230618_02_T1,2023-06-16,116,034,99,33.22931288000001,34.06936453828574,33.82396222432992,34.18991349478959,파주,21.6,28.1,16.7,ASOS,LC09_L2SP_116034_20230616_20230618_02_T1
LC09_L2SP_116034_20230616_20230618_02_T1,2023-06-16,116,034,232,40.698825920000026,39.722476645142876,38.8161962190345,38.11332857306938,천안,22.4,29.8,14.6,ASOS,LC09_L2SP_116034_20230616_20230618_02_T1
LC09_L2SP_116034_20230616_20230618_02_T1,2023-06-16,116,034,93,42.16173848000002,41.65316965657146,40.617451203299,38.8145773178875,북춘천,23.4,30.7,16.5,ASOS,LC09_L2SP_116034_20230616_20230618_02_T1
LC09_L2SP_116034_20230616_20230618_02_T1,2023-06-16,116,034,177,42.706343000000025,41.24808545771431,39.16002391938146,39.31548118525775,홍성,22.8,29.5,16.0,ASOS,LC09_L2SP_116034_20230616_20230618_02_T1
LC09_L2SP_116034_20230616_20230618_02_T1,2023-06-16,116,034,119,40.27840946000001,39.70704672628573,39.583216297113424,40.3405626913198,수원,22.1,28.4,16.9,ASOS,LC09_L2SP_116034_20230616_20230618_02_T1
LC09_L2SP_116034_20230616_20230618_02_T1,2023-06-16,116,034,239,36.517448120000005,36.08794949257144,35.58585216545036,37.125964514520895,세종,23.6,31.3,16.3,ASOS,LC09_L2SP_116034_20230616_20230618_02_T1
LC09_L2SP_116034_20230616_20230618_02_T1,2023-06-16,116,034,181,36.37389128000003,35.90318109714287,36.45050895855672,36.93245719994849,서청주,23.4,30.8,16.1,ASOS,LC09_L2SP_116034_20230616_20230618_02_T1
LC09_L2SP_116034_20230819_20230821_02_T1,2023-08-19,116,034,201,44.031395420000045,44.71503197257145,43.70622621610094,,강화,25.7,29.7,22.2,ASOS,LC09_L2SP_116034_20230819_20230821_02_T1
LC09_L2SP_116034_20230819_20230821_02_T1,2023-08-19,116,034,98,37.365117080000026,38.59843635371431,42.60922050226279,42.87976322539231,동두천,27.9,32.9,24.7,ASOS,LC09_L2SP_116034_20230819_20230821_02_T1
LC09_L2SP_116034_20230819_20230821_02_T1,2023-08-19,116,034,99,,,38.12581373604242,38.30038715734883,파주,26.9,32.5,23.6,ASOS,LC09_L2SP_116034_20230819_20230821_02_T1
LC09_L2SP_116034_20230819_20230821_02_T1,2023-08-19,116,034,112,44.40509894000004,45.466703399428596,48.59322245680113,50.758360214655646,인천,27.5,30.8,25.5,ASOS,LC09_L2SP_116034_20230819_20230821_02_T1
LC09_L2SP_116034_20230819_20230821_02_T1,2023-08-19,116,034,119,42.89205542000002,42.86978946114288,43.873653601237145,45.06738589838536,수원,27.7,32.9,24.3,ASOS,LC09_L2SP_116034_20230819_20230821_02_T1
LC09_L2SP_116034_20240602_20240603_02_T1,2024-06-02,116,034,101,38.89866872000001,39.12705756114287,38.37315751457239,38.13634687161527,춘천,19.1,24.7,12.4,ASOS,LC09_L2SP_116034_20240602_20240603_02_T1
LC09_L2SP_116034_20240602_20240603_02_T1,2024-06-02,116,034,129,35.87144234000002,35.40834945885716,35.697210961538474,34.94913709455407,서산,19.3,25.4,12.0,ASOS,LC09_L2SP_116034_20240602_20240603_02_T1
LC09_L2SP_116034_20240602_20240603_02_T1,2024-06-02,116,034,202,,,,38.67786759454843,양평,19.1,26.5,13.6,ASOS,LC09_L2SP_116034_20240602_20240603_02_T1
LC09_L2SP_116034_20240602_20240603_02_T1,2024-06-02,116,034,203,36.966348080000046,36.74684609085717,35.470606083917545,34.4457268009734,이천,19.6,27.2,13.0,ASOS,LC09_L2SP_116034_20240602_20240603_02_T1
LC09_L2SP_116034_20240602_20240603_02_T1,2024-06-02,116,034,201,36.84443870000001,37.4499816337143,34.83793175649487,32.63713137429146,강화,18.3,23.4,13.3,ASOS,LC09_L2SP_116034_20240602_20240603_02_T1
LC09_L2SP_116034_20240602_20240603_02_T1,2024-06-02,116,034,95,37.153199840000035,38.038100803571446,38.12886934057145,35.241910704312524,철원,17.5,24.6,11.6,ASOS,LC09_L2SP_116034_20240602_20240603_02_T1
LC09_L2SP_116034_20240602_20240603_02_T1,2024-06-02,116,034,98,,,37.641312085000024,36.84063337568302,동두천,18.8,25.5,12.1,ASOS,LC09_L2SP_116034_20240602_20240603_02_T1
LC09_L2SP_116034_20240602_20240603_02_T1,2024-06-02,116,034,108,36.675816380000015,36.578191218285724,37.256163287835065,36.94430724924708,서울,20.4,25.8,15.7,ASOS,LC09_L2SP_116034_20240602_20240603_02_T1
LC09_L2SP_116034_20240602_20240603_02_T1,2024-06-02,116,034,99,32.154915259999996,32.758895670285725,32.96692796783507,33.51523176972805,파주,18.3,26.2,11.0,ASOS,LC09_L2SP_116034_20240602_20240603_02_T1
LC09_L2SP_116034_20240602_20240603_02_T1,2024-06-02,116,034,112,34.23421076000002,35.15024012000001,37.690817781335205,39.56868552140875,인천,19.2,22.7,16.0,ASOS,LC09_L2SP_116034_20240602_20240603_02_T1
LC09_L2SP_116034_20240602_20240603_02_T1,2024-06-02,116,034,232,37.001667620000035,35.724467480000015,35.07897243862071,34.331247028981736,천안,19.3,25.5,12.1,ASOS,LC09_L2SP_116034_20240602_20240603_02_T1
LC09_L2SP_116034_20240602_20240603_02_T1,2024-06-02,116,034,177,36.853553420000004,36.43805239828573,35.83976685878443,35.83259087863651,홍성,19.7,25.4,13.1,ASOS,LC09_L2SP_116034_20240602_20240603_02_T1
LC09_L2SP_116034_20240602_20240603_02_T1,2024-06-02,116,034,119,36.43997300000003,36.29390961200002,36.84127125649486,37.705698847838555,수원,19.2,25.1,12.8,ASOS,LC09_L2SP_116034_20240602_20240603_02_T1
LC09_L2SP_116034_20240602_20240603_02_T1,2024-06-02,116,034,239,31.140902660000034,31.05428026742859,31.068814651897206,32.323057026693085,세종,19.5,25.9,12.7,ASOS,LC09_L2SP_116034_20240602_20240603_02_T1
LC09_L2SP_116034_20240602_20240603_02_T1,2024-06-02,116,034,181,33.601877060000014,33.34210754000002,33.79685349282761,34.17031778950669,서청주,18.9,25.3,11.7,ASOS,LC09_L2SP_116034_20240602_20240603_02_T1
LC09_L2SP_116034_20240618_20240619_02_T1,2024-06-18,116,034,101,42.078566660000035,42.23491666057145,41.85874309090911,41.5036907526154,춘천,24.8,33.3,14.5,ASOS,LC09_L2SP_116034_20240618_20240619_02_T1
LC09_L2SP_116034_20240618_20240619_02_T1,2024-06-18,116,034,131,46.002453620000004,46.10733800514288,45.762150761443316,45.52134347887093,청주,26.6,34.4,19.2,ASOS,LC09_L2SP_116034_20240618_20240619_02_T1
LC09_L2SP_116034_20240618_20240619_02_T1,2024-06-18,116,034,129,39.294019700000014,38.820607653714305,38.922625534538476,37.95771400696312,서산,23.1,29.6,16.3,ASOS,LC09_L2SP_116034_20240618_20240619_02_T1
LC09_L2SP_116034_20240618_20240619_02_T1,2024-06-18,116,034,202,44.17552193000003,44.01190670947371,43.4203000247514,42.57046574980771,양평,24.2,33.0,15.4,ASOS,LC09_L2SP_116034_20240618_20240619_02_T1
LC09_L2SP_116034_20240618_20240619_02_T1,2024-06-18,116,034,203,41.78575628000001,41.917040800571456,40.257905255257754,39.07443042560551,이천,24.8,34.2,14.6,ASOS,LC09_L2SP_116034_20240618_20240619_02_T1
LC09_L2SP_116034_20240618_20240619_02_T1,2024-06-18,116,034,201,37.41524804000003,37.79539696914287,35.567309034639194,33.620786255098785,강화,21.5,25.5,17.6,ASOS,LC09_L2SP_116034_20240618_20240619_02_T1
LC09_L2SP_116034_20240618_20240619_02_T1,2024-06-18,116,034,95,42.372516380000036,42.245268378285736,41.01634940680414,39.24930623157174,철원,24.4,32.9,14.6,ASOS,LC09_L2SP_116034_20240618_20240619_02_T1
LC09_L2SP_116034_20240618_20240619_02_T1,2024-06-18,116,034,98,37.13724908000004,38.4644499697143,41.34510968329899,41.20038993889495,동두천,24.3,32.9,16.2,ASOS,LC09_L2SP_116034_20240618_20240619_02_T1
LC09_L2SP_116034_20240618_20240619_02_T1,2024-06-18,116,034,108,41.26849592000002,40.95647952285716,41.57752721278352,41.26040148500431,서울,26.0,32.9,20.4,ASOS,LC09_L2SP_116034_20240618_20240619_02_T1
LC09_L2SP_116034_20240618_20240619_02_T1,2024-06-18,116,034,99,36.828487940000024,36.83102704057145,36.00947866659796,36.46654672739767,파주,23.5,31.0,16.6,ASOS,LC09_L2SP_116034_20240618_20240619_02_T1
LC09_L2SP_116034_20240618_20240619_02_T1,2024-06-18,116,034,112,36.23261312000003,37.16111011485716,40.049945643810865,41.76455130975038,인천,22.8,26.5,20.3,ASOS,LC09_L2SP_116034_20240618_20240619_02_T1
LC09_L2SP_116034_20240618_20240619_02_T1,2024-06-18,116,034,232,40.68857186,40.02794997542859,39.27522844751726,38.66433674313499,천안,23.8,32.5,13.5,ASOS,LC09_L2SP_116034_20240618_20240619_02_T1
LC09_L2SP_116034_20240618_20240619_02_T1,2024-06-18,116,034,93,44.49966415999999,43.97537244457145,42.69696204247425,40.50396396683335,북춘천,24.4,34.1,14.3,ASOS,LC09_L2SP_116034_20240618_20240619_02_T1
LC09_L2SP_116034_20240618_20240619_02_T1,2024-06-18,116,034,177,42.92623562000002,42.19770907142859,40.647504721649504,40.73526522931579,홍성,24.0,31.7,15.6,ASOS,LC09_L2SP_116034_20240618_20240619_02_T1
LC09_L2SP_116034_20240618_20240619_02_T1,2024-06-18,116,034,119,42.79635086000004,42.26450694800001,42.627309607422696,43.024691818202136,수원,23.9,30.7,17.1,ASOS,LC09_L2SP_116034_20240618_20240619_02_T1
LC09_L2SP_116034_20240618_20240619_02_T1,2024-06-18,116,034,239,38.411031200000025,37.38142591828572,36.627211556720574,37.897227320223,세종,24.6,33.7,14.8,ASOS,LC09_L2SP_116034_20240618_20240619_02_T1
LC09_L2SP_116034_20240618_20240619_02_T1,2024-06-18,116,034,181,37.83110714000003,37.10368737885715,37.50175174432991,38.08179064367022,서청주,23.9,32.4,14.5,ASOS,LC09_L2SP_116034_20240618_20240619_02_T1
LC09_L2SP_116034_20250605_20250606_02_T1,2025-06-05,116,034,101,36.58239050000003,36.55944093714288,36.0971604068044,35.47598384481692,춘천,,,10.3,ASOS,LC09_L2SP_116034_20250605_20250606_02_T1
LC09_L2SP_116034_20250605_20250606_02_T1,2025-06-05,116,034,131,41.718535220000014,41.65639236114287,41.29744533567012,41.18837310695878,청주,22.3,29.2,15.1,ASOS,LC09_L2SP_116034_20250605_20250606_02_T1
LC09_L2SP_116034_20250605_20250606_02_T1,2025-06-05,116,034,129,34.31396455999999,33.89963543085715,33.41015681253848,32.72024817240002,서산,19.1,25.6,11.3,ASOS,LC09_L2SP_116034_20250605_20250606_02_T1
LC09_L2SP_116034_20250605_20250606_02_T1,2025-06-05,116,034,201,33.41046794000001,33.71935929028575,30.76519844329899,29.10498982190096,강화,19.0,23.4,11.7,ASOS,LC09_L2SP_116034_20250605_20250606_02_T1
LC09_L2SP_116034_20250605_20250606_02_T1,2025-06-05,116,034,203,35.894229140000014,36.2208616417143,35.330385043505174,34.10457161208705,이천,20.8,28.9,13.1,ASOS,LC09_L2SP_116034_20250605_20250606_02_T1
LC09_L2SP_116034_20250605_20250606_02_T1,2025-06-05,116,034,202,,39.06802347285717,38.558024240957465,37.49990411186106,양평,19.9,28.1,12.1,ASOS,LC09_L2SP_116034_20250605_20250606_02_T1
LC09_L2SP_116034_20250605_20250606_02_T1,2025-06-05,116,034,95,36.37161260000001,36.528190468571445,35.94001807917528,34.05214957732038,철원,19.3,26.5,10.2,ASOS,LC09_L2SP_116034_20250605_20250606_02_T1
LC09_L2SP_116034_20250605_20250606_02_T1,2025-06-05,116,034,98,32.52178274000005,33.58605651028574,36.52149649649486,36.587609022948776,동두천,19.9,27.4,11.6,ASOS,LC09_L2SP_116034_20250605_20250606_02_T1
LC09_L2SP_116034_20250605_20250606_02_T1,2025-06-05,116,034,108,35.87713904000001,35.50405401885716,36.31499014268043,35.891543389768124,서울,21.7,27.1,15.6,ASOS,LC09_L2SP_116034_20250605_20250606_02_T1
LC09_L2SP_116034_20250605_20250606_02_T1,2025-06-05,116,034,99,31.958948780000014,32.40586303314288,31.972143198556722,32.20149185756658,파주,18.8,26.7,10.6,ASOS,LC09_L2SP_116034_20250605_20250606_02_T1
LC09_L2SP_116034_20250605_20250606_02_T1,2025-06-05,116,034,112,,,32.48164908732396,33.205584938313145,인천,19.8,23.5,15.7,ASOS,LC09_L2SP_116034_20250605_20250606_02_T1
LC09_L2SP_116034_20250605_20250606_02_T1,2025-06-05,116,034,232,36.4684565,35.667435374857156,35.47935615841381,34.46252561802599,천안,19.3,27.2,10.5,ASOS,LC09_L2SP_116034_20250605_20250606_02_T1
LC09_L2SP_116034_20250605_20250606_02_T1,2025-06-05,116,034,93,39.63354302000001,39.365733014857156,38.054817136288676,36.391046941792176,북춘천,19.5,28.5,10.0,ASOS,LC09_L2SP_116034_20250605_20250606_02_T1
LC09_L2SP_116034_20250605_20250606_02_T1,2025-06-05,116,034,177,35.75181163999999,34.74749970628573,32.44251913669404,32.87549278931014,홍성,20.5,27.2,12.9,ASOS,LC09_L2SP_116034_20250605_20250606_02_T1
LC09_L2SP_116034_20250605_20250606_02_T1,2025-06-05,116,034,119,32.35771778000003,32.29619342000001,32.698218566557394,33.453297635876446,수원,20.3,26.7,12.8,ASOS,LC09_L2SP_116034_20250605_20250606_02_T1
LC09_L2SP_116034_20250605_20250606_02_T1,2025-06-05,116,034,239,32.37252920000003,31.986325492571456,31.64740507175522,33.07312521798728,세종,20.2,27.3,11.7,ASOS,LC09_L2SP_116034_20250605_20250606_02_T1
LC09_L2SP_116034_20250605_20250606_02_T1,2025-06-05,116,034,181,34.758307159999994,34.27073474514288,34.17055797699543,34.448865743969094,서청주,20.6,28.7,11.6,ASOS,LC09_L2SP_116034_20250605_20250606_02_T1
LC08_L2SP_114034_20200820_20200905_02_T1,2020-08-20,114,034,837,37.10876558000003,36.9201885337143,36.33765556969074,37.46476317580306,이산,25.9,32.6,20.5,AWS,LC08_L2SP_114034_20200820_20200905_02_T1
LC08_L2SP_114034_20200820_20200905_02_T1,2020-08-20,114,034,814,37.37423180000002,37.332499403428585,36.68683783051548,35.25110303206188,부석,25.8,32.0,19.8,AWS,LC08_L2SP_114034_20200820_20200905_02_T1
LC08_L2SP_114034_20200820_20200905_02_T1,2020-08-20,114,034,530,33.892408760000045,33.40617100057144,32.92184841742859,32.116466617530335,태하,25.6,30.4,21.7,AWS,LC08_L2SP_114034_20200820_20200905_02_T1
LC08_L2SP_114034_20200820_20200905_02_T1,2020-08-20,114,034,802,32.99119082000002,32.53670809400002,31.924073037585437,32.46850888173274,온정,26.2,32.4,21.1,AWS,LC08_L2SP_114034_20200820_20200905_02_T1
LC08_L2SP_114034_20200820_20200905_02_T1,2020-08-20,114,034,876,39.50137958000001,39.38379969200002,39.5445374659794,39.07798654898587,삼척,26.1,29.4,22.7,AWS,LC08_L2SP_114034_20200820_20200905_02_T1
LC08_L2SP_114034_20200820_20200905_02_T1,2020-08-20,114,034,817,33.567696860000034,33.972390428000026,34.15117597402063,32.91588739359292,수비,24.1,31.8,18.6,AWS,LC08_L2SP_114034_20200820_20200905_02_T1
LC08_L2SP_114034_20200820_20200905_02_T1,2020-08-20,114,034,831,31.613728760000015,31.585245260000022,31.518118166185584,31.237090615900392,석포,23.1,31.3,15.0,AWS,LC08_L2SP_114034_20200820_20200905_02_T1
LC08_L2SP_114034_20200820_20200905_02_T1,2020-08-20,114,034,851,37.097372180000015,36.625652867428585,33.82042674659795,33.49952306709738,소곡,25.1,30.7,18.7,AWS,LC08_L2SP_114034_20200820_20200905_02_T1
LC08_L2SP_114034_20200820_20200905_02_T1,2020-08-20,114,034,580,34.848315019999994,34.78285179885715,35.67920710061858,36.16079001360437,옥계,25.4,30.0,22.4,AWS,LC08_L2SP_114034_20200820_20200905_02_T1
LC08_L2SP_114034_20200820_20200905_02_T1,2020-08-20,114,034,581,37.808320340000044,37.55301052228573,33.7802366259794,31.670892445376488,상동,25.2,32.8,19.1,AWS,LC08_L2SP_114034_20200820_20200905_02_T1
LC08_L2SP_114034_20200820_20200905_02_T1,2020-08-20,114,034,529,36.27818672000003,37.00710389942859,37.85702614618558,36.59573868517608,원덕,26.0,31.6,21.5,AWS,LC08_L2SP_114034_20200820_20200905_02_T1
LC08_L2SP_114034_20200820_20200905_02_T1,2020-08-20,114,034,310,,,34.190270321586425,33.93443280329374,궁촌,25.6,30.5,21.6,AWS,LC08_L2SP_114034_20200820_20200905_02_T1
LC08_L2SP_114034_20200820_20200905_02_T1,2020-08-20,114,034,527,37.33777292000002,37.30212785428572,35.377481678762905,33.51743998363638,신동,25.8,33.4,20.5,AWS,LC08_L2SP_114034_20200820_20200905_02_T1
LC08_L2SP_114034_20200820_20200905_02_T1,2020-08-20,114,034,843,38.673079400000006,37.96278229142859,34.41080569125153,33.15423871063417,금강송,26.3,33.0,22.4,AWS,LC08_L2SP_114034_20200820_20200905_02_T1
LC08_L2SP_114034_20200820_20200905_02_T1,2020-08-20,114,034,563,,,,31.312236954454562,북평,25.4,32.8,20.0,AWS,LC08_L2SP_114034_20200820_20200905_02_T1
LC08_L2SP_114034_20200820_20200905_02_T1,2020-08-20,114,034,497,34.131670160000034,33.624826622857164,31.45605509189439,30.79917775819551,삽당령,21.9,29.7,16.9,AWS,LC08_L2SP_114034_20200820_20200905_02_T1
LC08_L2SP_114034_20200820_20200905_02_T1,2020-08-20,114,034,674,36.098171000000015,35.59389911600001,33.53643915156509,32.65109858253635,사북,23.6,31.4,16.9,AWS,LC08_L2SP_114034_20200820_20200905_02_T1
LC08_L2SP_114034_20200820_20200905_02_T1,2020-08-20,114,034,878,32.663060900000026,32.39297221485715,30.838010491340224,30.470552905891804,도계,24.1,30.7,20.3,AWS,LC08_L2SP_114034_20200820_20200905_02_T1
LC08_L2SP_114034_20200820_20200905_02_T1,2020-08-20,114,034,579,35.62306622000002,35.36469646057145,33.576936868247444,32.61342543421877,하장,23.7,32.7,17.4,AWS,LC08_L2SP_114034_20200820_20200905_02_T1
LC08_L2SP_114034_20200820_20200905_02_T1,2020-08-20,114,034,696,39.17780702000001,38.84052982742859,36.153282167835066,35.08896235062126,신기,26.2,31.7,21.6,AWS,LC08_L2SP_114034_20200820_20200905_02_T1
LC08_L2SP_114034_20210620_20210629_02_T1,2021-06-20,114,034,837,33.48110702,33.53390729085716,33.413529671546414,34.689685165187534,이산,21.5,28.8,14.5,AWS,LC08_L2SP_114034_20210620_20210629_02_T1
LC08_L2SP_114034_20210620_20210629_02_T1,2021-06-20,114,034,814,36.70429988000003,36.471060705714315,34.58795429608249,32.26350548467222,부석,20.3,28.2,12.8,AWS,LC08_L2SP_114034_20210620_20210629_02_T1
LC08_L2SP_114034_20210620_20210629_02_T1,2021-06-20,114,034,581,38.0407457,37.3358197657143,33.156340306391776,30.302169674417428,상동,20.0,29.2,13.5,AWS,LC08_L2SP_114034_20210620_20210629_02_T1
LC08_L2SP_114034_20210620_20210629_02_T1,2021-06-20,114,034,580,29.519621840000013,29.842641006285728,31.740634008866,31.99315996691671,옥계,20.7,26.8,16.0,AWS,LC08_L2SP_114034_20210620_20210629_02_T1
LC08_L2SP_114034_20210620_20210629_02_T1,2021-06-20,114,034,310,,,28.500740548720948,28.587062288212994,궁촌,20.8,28.0,16.1,AWS,LC08_L2SP_114034_20210620_20210629_02_T1
LC08_L2SP_114034_20210620_20210629_02_T1,2021-06-20,114,034,817,29.45809748000003,29.678087757714312,29.306905887422698,28.051412800492436,수비,20.2,28.6,12.2,AWS,LC08_L2SP_114034_20210620_20210629_02_T1
LC08_L2SP_114034_20210620_20210629_02_T1,2021-06-20,114,034,529,31.55676176000001,32.16259766685716,32.84459329768491,31.674366000305362,원덕,22.0,30.1,14.9,AWS,LC08_L2SP_114034_20210620_20210629_02_T1
LC08_L2SP_114034_20210620_20210629_02_T1,2021-06-20,114,034,527,39.59594480000002,38.98232882857145,35.2926067216495,32.76066446872604,신동,20.6,29.0,13.1,AWS,LC08_L2SP_114034_20210620_20210629_02_T1
LC08_L2SP_114034_20210620_20210629_02_T1,2021-06-20,114,034,843,34.77653660000002,33.92531940971431,30.75800551066831,29.59574531371709,금강송,22.1,31.7,13.3,AWS,LC08_L2SP_114034_20210620_20210629_02_T1
LC08_L2SP_114034_20210620_20210629_02_T1,2021-06-20,114,034,563,,,,29.203606088632643,북평,21.3,28.4,13.0,AWS,LC08_L2SP_114034_20210620_20210629_02_T1
LC08_L2SP_114034_20210620_20210629_02_T1,2021-06-20,114,034,878,29.309983280000022,28.849462052000018,27.51950459711342,27.1955173033782,도계,20.3,27.2,11.4,AWS,LC08_L2SP_114034_20210620_20210629_02_T1
LC08_L2SP_114034_20210620_20210629_02_T1,2021-06-20,114,034,674,33.771638720000034,33.02179023714289,31.22126767805512,29.958377099485592,사북,19.8,26.6,11.9,AWS,LC08_L2SP_114034_20210620_20210629_02_T1
LC08_L2SP_114034_20210620_20210629_02_T1,2021-06-20,114,034,696,36.953815340000006,36.32506242285716,31.643022718350533,30.133103426063574,신기,22.2,32.0,16.8,AWS,LC08_L2SP_114034_20210620_20210629_02_T1
LC08_L2SP_114034_20210620_20210629_02_T1,2021-06-20,114,034,497,29.697358880000024,29.485116114285738,27.24465810284732,26.629534369444784,삽당령,18.8,26.3,12.4,AWS,LC08_L2SP_114034_20210620_20210629_02_T1
LC08_L2SP_114034_20210620_20210629_02_T1,2021-06-20,114,034,851,31.46219654000002,30.634156780571455,28.160690209820917,27.210832149898383,소곡,20.6,29.9,13.6,AWS,LC08_L2SP_114034_20210620_20210629_02_T1
LC08_L2SP_114034_20210620_20210629_02_T1,2021-06-20,114,034,579,31.709433320000016,31.654679894857164,30.5858091645361,29.539982597447935,하장,19.1,28.0,9.9,AWS,LC08_L2SP_114034_20210620_20210629_02_T1
LC08_L2SP_114034_20210620_20210629_02_T1,2021-06-20,114,034,678,,,27.134525757727292,27.394023377004455,강릉성산,20.9,27.9,15.3,AWS,LC08_L2SP_114034_20210620_20210629_02_T1
LC08_L2SP_114034_20210620_20210629_02_T1,2021-06-20,114,034,802,30.911895320000024,30.42152338400002,28.535024455398652,28.80980986975117,온정,20.9,30.4,13.8,AWS,LC08_L2SP_114034_20210620_20210629_02_T1
LC08_L2SP_114034_20210620_20210629_02_T1,2021-06-20,114,034,835,36.42288290000001,35.9132398417143,34.24266173605506,31.785501193178312,봉화읍,21.5,30.0,14.0,AWS,LC08_L2SP_114034_20210620_20210629_02_T1
LC08_L2SP_114034_20210620_20210629_02_T1,2021-06-20,114,034,677,32.23125104,32.075486985714306,28.20234512185569,26.630679957669642,달방댐,22.2,31.2,15.4,AWS,LC08_L2SP_114034_20210620_20210629_02_T1
LC08_L2SP_114034_20210620_20210629_02_T1,2021-06-20,114,034,876,36.180203480000046,36.00992097885717,35.1312981030928,33.953932141465806,삼척,22.0,27.8,17.6,AWS,LC08_L2SP_114034_20210620_20210629_02_T1
LC08_L2SP_114034_20210807_20210811_02_T1,2021-08-07,114,034,814,40.25448332,40.287231206857165,39.32827037463919,37.65004569310622,부석,25.3,32.7,21.1,AWS,LC08_L2SP_114034_20210807_20210811_02_T1
LC08_L2SP_114034_20210807_20210811_02_T1,2021-08-07,114,034,581,37.857311960000025,37.501154276000015,34.87031746724037,33.223534658258636,상동,25.2,31.6,20.7,AWS,LC08_L2SP_114034_20210807_20210811_02_T1
LC08_L2SP_114034_20210807_20210811_02_T1,2021-08-07,114,034,817,34.95313430000002,35.33205673225809,35.61281910719514,,수비,24.9,32.6,20.8,AWS,LC08_L2SP_114034_20210807_20210811_02_T1
LC08_L2SP_114034_20210807_20210811_02_T1,2021-08-07,114,034,831,34.9075607,34.6862683194286,34.591351652222244,34.08068741568702,석포,23.7,31.9,19.4,AWS,LC08_L2SP_114034_20210807_20210811_02_T1
LC08_L2SP_114034_20210807_20210811_02_T1,2021-08-07,114,034,674,37.442592200000036,36.6658878457143,34.05693082047906,,사북,23.3,30.5,19.3,AWS,LC08_L2SP_114034_20210807_20210811_02_T1
LC08_L2SP_114034_20210807_20210811_02_T1,2021-08-07,114,034,851,37.57019828,36.87902580714289,34.035859614883734,33.298845026377265,소곡,26.4,31.6,22.6,AWS,LC08_L2SP_114034_20210807_20210811_02_T1
LC08_L2SP_114034_20210807_20210811_02_T1,2021-08-07,114,034,835,,,,36.18466321195991,봉화읍,26.5,34.7,21.7,AWS,LC08_L2SP_114034_20210807_20210811_02_T1
LC08_L2SP_114034_20210807_20210811_02_T1,2021-08-07,114,034,876,,,38.412022614640904,38.0072214343143,삼척,26.3,31.4,24.2,AWS,LC08_L2SP_114034_20210807_20210811_02_T1
LC08_L2SP_114034_20220810_20220818_02_T2,2022-08-10,114,034,563,,,,10.407063443607507,북평,22.0,25.0,19.1,AWS,LC08_L2SP_114034_20220810_20220818_02_T2
LC08_L2SP_114034_20220810_20220818_02_T2,2022-08-10,114,034,497,13.270354760000032,13.239169396571448,12.013616607214745,10.51593759575421,삽당령,19.9,25.1,17.7,AWS,LC08_L2SP_114034_20220810_20220818_02_T2
LC08_L2SP_114034_20220810_20220818_02_T2,2022-08-10,114,034,677,4.890509059999999,5.752826677142882,6.986227628218203,,달방댐,22.0,24.2,20.6,AWS,LC08_L2SP_114034_20220810_20220818_02_T2
LC08_L2SP_114034_20220826_20220927_02_T1,2022-08-26,114,034,837,32.267709920000016,32.07431509314287,31.332993034845376,32.06189318845121,이산,21.6,27.7,15.4,AWS,LC08_L2SP_114034_20220826_20220927_02_T1
LC08_L2SP_114034_20220826_20220927_02_T1,2022-08-26,114,034,529,31.171664840000005,32.00605235085716,32.86629409835053,31.554057417618115,원덕,22.9,28.8,17.0,AWS,LC08_L2SP_114034_20220826_20220927_02_T1
LC08_L2SP_114034_20220826_20220927_02_T1,2022-08-26,114,034,852,32.38164392000002,32.102245199428594,34.69769863311007,34.416630816299055,죽변,24.4,28.5,20.7,AWS,LC08_L2SP_114034_20220826_20220927_02_T1
LC08_L2SP_114034_20220826_20220927_02_T1,2022-08-26,114,034,310,30.763781120000033,30.932110466857154,31.08575046585716,30.27924186192773,궁촌,23.9,27.7,19.0,AWS,LC08_L2SP_114034_20220826_20220927_02_T1
LC08_L2SP_114034_20220826_20220927_02_T1,2022-08-26,114,034,817,,,22.488956964853955,22.147591011451635,수비,19.3,26.0,13.6,AWS,LC08_L2SP_114034_20220826_20220927_02_T1
LC08_L2SP_114034_20220826_20220927_02_T1,2022-08-26,114,034,831,25.732455680000026,25.58954989142859,25.23004197731961,25.019156725043555,석포,18.3,25.5,12.0,AWS,LC08_L2SP_114034_20220826_20220927_02_T1
LC08_L2SP_114034_20220826_20220927_02_T1,2022-08-26,114,034,674,29.570892140000012,28.75942163942859,27.191411018573763,26.23204145413526,사북,19.0,24.9,13.3,AWS,LC08_L2SP_114034_20220826_20220927_02_T1
LC08_L2SP_114034_20220826_20220927_02_T1,2022-08-26,114,034,878,25.141138220000016,24.44568508400001,22.970875120394105,23.75545508723046,도계,19.0,23.6,14.1,AWS,LC08_L2SP_114034_20220826_20220927_02_T1
LC08_L2SP_114034_20220826_20220927_02_T1,2022-08-26,114,034,579,28.749428000000005,28.79946130228573,27.707644476907234,26.77143485895835,하장,18.9,25.8,12.1,AWS,LC08_L2SP_114034_20220826_20220927_02_T1
LC08_L2SP_114034_20220826_20220927_02_T1,2022-08-26,114,034,835,32.247201800000006,32.012888390857164,31.252376365022954,29.634594486536603,봉화읍,21.6,28.6,15.1,AWS,LC08_L2SP_114034_20220826_20220927_02_T1
LC08_L2SP_114034_20220826_20220927_02_T1,2022-08-26,114,034,876,35.46469796,35.50503059600002,35.38476014288661,34.264982725342136,삼척,24.1,29.0,20.5,AWS,LC08_L2SP_114034_20220826_20220927_02_T1
LC08_L2SP_114034_20220826_20220927_02_T1,2022-08-26,114,034,696,32.21302160000001,32.02187290057145,30.161191632989713,29.023488669121193,신기,22.8,28.8,18.2,AWS,LC08_L2SP_114034_20220826_20220927_02_T1
LC08_L2SP_114034_20220826_20220927_02_T1,2022-08-26,114,034,802,,,,28.211125775135155,온정,22.4,27.7,16.4,AWS,LC08_L2SP_114034_20220826_20220927_02_T1
LC08_L2SP_114034_20220826_20220927_02_T1,2022-08-26,114,034,851,33.18943598000002,32.33349866685716,30.084871514020634,29.94794511794692,소곡,21.7,28.1,14.6,AWS,LC08_L2SP_114034_20220826_20220927_02_T1
LC08_L2SP_114034_20220826_20220927_02_T1,2022-08-26,114,034,843,33.73517984,32.98868427200002,29.677666156427723,28.366012856995145,금강송,22.5,29.0,16.1,AWS,LC08_L2SP_114034_20220826_20220927_02_T1
LC08_L2SP_114034_20220826_20220927_02_T1,2022-08-26,114,034,814,30.203225840000016,30.207978515428593,30.226267131752596,29.217280401063984,부석,21.7,28.0,15.5,AWS,LC08_L2SP_114034_20220826_20220927_02_T1
LC08_L2SP_114034_20220826_20220927_02_T1,2022-08-26,114,034,677,32.369111180000026,32.30625216457145,29.565600362229983,28.025713029500988,달방댐,23.3,29.0,17.8,AWS,LC08_L2SP_114034_20220826_20220927_02_T1
LC08_L2SP_114034_20220826_20220927_02_T1,2022-08-26,114,034,581,30.187275080000024,30.053972300000012,27.63438352256486,25.35838999248989,상동,20.2,26.3,14.9,AWS,LC08_L2SP_114034_20220826_20220927_02_T1
LC08_L2SP_114034_20230728_20230805_02_T1,2023-07-28,114,034,580,36.73848008000001,37.0288815697143,38.53075195092786,38.99397632128831,옥계,28.1,32.8,24.9,AWS,LC08_L2SP_114034_20230728_20230805_02_T1
LC08_L2SP_114034_20230728_20230805_02_T1,2023-07-28,114,034,527,40.947202040000036,40.836543642500025,41.52687653028573,,신동,26.5,32.3,21.4,AWS,LC08_L2SP_114034_20230728_20230805_02_T1
LC08_L2SP_114034_20230728_20230805_02_T1,2023-07-28,114,034,563,,,,35.71020447041891,북평,26.7,33.3,22.4,AWS,LC08_L2SP_114034_20230728_20230805_02_T1
LC08_L2SP_114034_20230728_20230805_02_T1,2023-07-28,114,034,878,34.65462722000001,33.31798608457145,31.464068033195893,30.98610216387079,도계,26.2,31.8,21.9,AWS,LC08_L2SP_114034_20230728_20230805_02_T1
LC08_L2SP_114034_20230728_20230805_02_T1,2023-07-28,114,034,674,36.959512040000014,36.43541564000001,35.390461519444464,,사북,25.0,30.5,20.4,AWS,LC08_L2SP_114034_20230728_20230805_02_T1
LC08_L2SP_114034_20230728_20230805_02_T1,2023-07-28,114,034,579,,,,34.669767113871714,하장,24.8,32.7,18.8,AWS,LC08_L2SP_114034_20230728_20230805_02_T1
LC08_L2SP_114034_20230728_20230805_02_T1,2023-07-28,114,034,876,45.142251920000014,44.99071970000002,44.42734543443301,42.797772913020076,삼척,30.4,35.3,26.0,AWS,LC08_L2SP_114034_20230728_20230805_02_T1
LC08_L2SP_114034_20230728_20230805_02_T1,2023-07-28,114,034,696,43.797830720000015,43.035514602285744,39.527764501855685,38.0255307977269,신기,29.5,37.1,23.2,AWS,LC08_L2SP_114034_20230728_20230805_02_T1
LC08_L2SP_114034_20230728_20230805_02_T1,2023-07-28,114,034,802,35.81675402000004,35.51277810800002,,,온정,27.6,34.5,22.8,AWS,LC08_L2SP_114034_20230728_20230805_02_T1
LC08_L2SP_114034_20230728_20230805_02_T1,2023-07-28,114,034,851,39.227937980000014,38.363178920000024,36.75233617711342,36.53712851723834,소곡,28.3,36.1,22.1,AWS,LC08_L2SP_114034_20230728_20230805_02_T1
LC08_L2SP_114034_20230728_20230805_02_T1,2023-07-28,114,034,497,35.44646852000002,35.08930170628574,32.49298660824342,31.952894924256814,삽당령,24.5,31.5,18.4,AWS,LC08_L2SP_114034_20230728_20230805_02_T1
LC08_L2SP_114034_20230728_20230805_02_T1,2023-07-28,114,034,814,36.771520940000016,36.85495318057145,37.72370567716705,,부석,26.4,32.6,21.4,AWS,LC08_L2SP_114034_20230728_20230805_02_T1
LC08_L2SP_114034_20240612_20240628_02_T1,2024-06-12,114,034,837,38.34608882000001,38.208489100571455,37.41439059855672,38.243781111142304,이산,24.4,33.3,16.9,AWS,LC08_L2SP_114034_20240612_20240628_02_T1
LC08_L2SP_114034_20240612_20240628_02_T1,2024-06-12,114,034,831,29.677990100000006,29.284917800000013,28.78677172824744,28.234284209499016,석포,20.9,30.7,12.5,AWS,LC08_L2SP_114034_20240612_20240628_02_T1
LC08_L2SP_114034_20240612_20240628_02_T1,2024-06-12,114,034,529,38.284564460000034,39.024614618857164,39.21018620144332,37.26121729598055,원덕,27.0,33.4,20.7,AWS,LC08_L2SP_114034_20240612_20240628_02_T1
LC08_L2SP_114034_20240612_20240628_02_T1,2024-06-12,114,034,563,,,,25.01923580607339,북평,24.0,33.3,15.7,AWS,LC08_L2SP_114034_20240612_20240628_02_T1
LC08_L2SP_114034_20240612_20240628_02_T1,2024-06-12,114,034,579,,,27.020921443551416,26.61216327969367,하장,21.4,31.5,13.3,AWS,LC08_L2SP_114034_20240612_20240628_02_T1
LC08_L2SP_114034_20240612_20240628_02_T1,2024-06-12,114,034,678,,,26.29210130127323,26.128222394641643,강릉성산,24.3,31.7,20.3,AWS,LC08_L2SP_114034_20240612_20240628_02_T1
LC08_L2SP_114034_20240612_20240628_02_T1,2024-06-12,114,034,835,39.22224128000001,38.203313241714305,36.60069572178901,34.87429547132793,봉화읍,24.8,34.4,16.6,AWS,LC08_L2SP_114034_20240612_20240628_02_T1
LC08_L2SP_114034_20240612_20240628_02_T1,2024-06-12,114,034,696,43.6121183,42.281206417142876,36.51911993505156,34.852337121786455,신기,27.7,35.0,20.7,AWS,LC08_L2SP_114034_20240612_20240628_02_T1
LC08_L2SP_114034_20240612_20240628_02_T1,2024-06-12,114,034,802,35.99904842000003,35.787017246000026,35.26614914902052,35.69469966174276,온정,25.7,31.8,18.4,AWS,LC08_L2SP_114034_20240612_20240628_02_T1
LC08_L2SP_114034_20240612_20240628_02_T1,2024-06-12,114,034,851,38.88613598000003,38.122354996571445,36.06014601690723,35.861679504174084,소곡,23.6,31.6,15.3,AWS,LC08_L2SP_114034_20240612_20240628_02_T1
LC08_L2SP_114034_20240612_20240628_02_T1,2024-06-12,114,034,843,40.14168866,39.22373869828573,36.18087905462942,34.527559130790266,금강송,25.9,32.3,20.8,AWS,LC08_L2SP_114034_20240612_20240628_02_T1
LC08_L2SP_114034_20240612_20240628_02_T1,2024-06-12,114,034,581,35.36557538000002,34.65863118628573,31.715043884329912,28.117569998341118,상동,23.1,31.7,15.3,AWS,LC08_L2SP_114034_20240612_20240628_02_T1
LC08_L2SP_114034_20240612_20240628_02_T1,2024-06-12,114,034,530,30.78542858000003,30.006217677714307,29.414479998509957,28.484300284074294,태하,25.2,30.2,20.7,AWS,LC08_L2SP_114034_20240612_20240628_02_T1
LC08_L2SP_114034_20240612_20240628_02_T1,2024-06-12,114,034,497,27.057508100000025,26.784001394857164,24.55671293259656,23.641022850987113,삽당령,21.2,31.3,13.0,AWS,LC08_L2SP_114034_20240612_20240628_02_T1
LC08_L2SP_114034_20240612_20240628_02_T1,2024-06-12,114,034,677,36.63480014000002,36.23746345314287,30.976939496701053,28.959751860125984,달방댐,27.0,34.3,18.6,AWS,LC08_L2SP_114034_20240612_20240628_02_T1
LC08_L2SP_114034_20240612_20240628_02_T1,2024-06-12,114,034,876,41.463323060000015,41.40765816285717,40.636831729072185,39.16177243223592,삼척,28.0,34.2,23.6,AWS,LC08_L2SP_114034_20240612_20240628_02_T1
LC08_L2SP_114034_20240612_20240628_02_T1,2024-06-12,114,034,580,32.675593640000024,32.06249850971431,33.45466336927837,33.1912019080733,옥계,26.5,34.4,21.2,AWS,LC08_L2SP_114034_20240612_20240628_02_T1
LC08_L2SP_114034_20240612_20240628_02_T1,2024-06-12,114,034,527,36.037785980000024,35.648587436000014,30.87343965855672,28.159597585823093,신동,23.6,32.2,15.6,AWS,LC08_L2SP_114034_20240612_20240628_02_T1
LC08_L2SP_114034_20240612_20240628_02_T1,2024-06-12,114,034,310,33.15411644000002,33.40481052758623,32.451247236363656,32.17746451630727,궁촌,24.6,32.5,19.2,AWS,LC08_L2SP_114034_20240612_20240628_02_T1
LC08_L2SP_114034_20240612_20240628_02_T1,2024-06-12,114,034,817,33.54035270000001,33.977175656000014,33.83514028515466,32.444608682359025,수비,22.2,31.3,15.1,AWS,LC08_L2SP_114034_20240612_20240628_02_T1
LC08_L2SP_114034_20240612_20240628_02_T1,2024-06-12,114,034,878,30.00498068,29.07397713714287,27.359210030309296,27.215762197675375,도계,23.5,31.0,18.9,AWS,LC08_L2SP_114034_20240612_20240628_02_T1
LC08_L2SP_114034_20240612_20240628_02_T1,2024-06-12,114,034,814,40.130295260000004,40.246312624571445,37.83956018144332,35.10409244659607,부석,24.5,33.7,16.3,AWS,LC08_L2SP_114034_20240612_20240628_02_T1
LC08_L2SP_114034_20240628_20240709_02_T1,2024-06-28,114,034,831,25.024925540000027,24.98107932645162,25.414896012981668,24.81262978424769,석포,19.0,28.9,10.2,AWS,LC08_L2SP_114034_20240628_20240709_02_T1
LC08_L2SP_114034_20240628_20240709_02_T1,2024-06-28,114,034,529,35.38380482000002,36.16304827485716,35.742955860909106,33.10873810753956,원덕,23.7,30.2,16.7,AWS,LC08_L2SP_114034_20240628_20240709_02_T1
LC08_L2SP_114034_20240628_20240709_02_T1,2024-06-28,114,034,678,,,29.732408898709693,29.842995534780574,강릉성산,22.5,27.9,18.2,AWS,LC08_L2SP_114034_20240628_20240709_02_T1
LC08_L2SP_114034_20240628_20240709_02_T1,2024-06-28,114,034,835,37.11560162000004,36.66383703371431,35.47843682889657,33.726757153484506,봉화읍,22.9,32.9,14.9,AWS,LC08_L2SP_114034_20240628_20240709_02_T1
LC08_L2SP_114034_20240628_20240709_02_T1,2024-06-28,114,034,802,33.26007506000004,32.82974634200003,31.611919830660607,31.693098754682048,온정,21.8,29.1,14.2,AWS,LC08_L2SP_114034_20240628_20240709_02_T1
LC08_L2SP_114034_20240628_20240709_02_T1,2024-06-28,114,034,851,35.81561467999999,35.26869892742859,32.814115458556714,32.42217872116807,소곡,20.9,27.7,12.8,AWS,LC08_L2SP_114034_20240628_20240709_02_T1
LC08_L2SP_114034_20240628_20240709_02_T1,2024-06-28,114,034,843,37.958713220000014,37.3843556497143,34.37875308751826,32.83170953527003,금강송,23.1,30.2,16.0,AWS,LC08_L2SP_114034_20240628_20240709_02_T1
LC08_L2SP_114034_20240628_20240709_02_T1,2024-06-28,114,034,530,30.81505142000003,30.057878608571446,29.307277836907232,28.634500450661356,태하,21.9,25.8,17.7,AWS,LC08_L2SP_114034_20240628_20240709_02_T1
LC08_L2SP_114034_20240628_20240709_02_T1,2024-06-28,114,034,677,35.58774668000003,35.57641838514288,31.69885373428573,30.037054987762946,달방댐,22.8,30.5,15.0,AWS,LC08_L2SP_114034_20240628_20240709_02_T1
LC08_L2SP_114034_20240628_20240709_02_T1,2024-06-28,114,034,852,31.742474180000006,31.561319120000014,34.05483044115386,33.67503878463579,죽변,20.8,23.7,17.1,AWS,LC08_L2SP_114034_20240628_20240709_02_T1
LC08_L2SP_114034_20240628_20240709_02_T1,2024-06-28,114,034,876,31.322057720000014,31.40262533428574,31.565551513608266,30.79923667625539,삼척,23.5,29.0,20.0,AWS,LC08_L2SP_114034_20240628_20240709_02_T1
LC08_L2SP_114034_20240628_20240709_02_T1,2024-06-28,114,034,580,29.207442680000042,29.48443251028574,31.032876783917544,31.127175782084187,옥계,22.6,27.0,19.1,AWS,LC08_L2SP_114034_20240628_20240709_02_T1
LC08_L2SP_114034_20240628_20240709_02_T1,2024-06-28,114,034,527,36.945839960000036,36.66159090628574,33.8372153717526,31.72813669673635,신동,21.6,30.4,14.0,AWS,LC08_L2SP_114034_20240628_20240709_02_T1
LC08_L2SP_114034_20240628_20240709_02_T1,2024-06-28,114,034,817,32.348603060000016,32.66631615714288,32.18670715278353,31.058413204523355,수비,21.0,30.2,12.0,AWS,LC08_L2SP_114034_20240628_20240709_02_T1
LC08_L2SP_114034_20240815_20240822_02_T1,2024-08-15,114,034,831,32.91485504000002,32.74297746285716,31.946627463917547,31.205254005336407,석포,23.3,30.9,18.6,AWS,LC08_L2SP_114034_20240815_20240822_02_T1
LC08_L2SP_114034_20240815_20240822_02_T1,2024-08-15,114,034,529,39.09805322000002,40.51731278171431,41.34207535855672,39.21152581564181,원덕,26.8,31.6,21.7,AWS,LC08_L2SP_114034_20240815_20240822_02_T1
LC08_L2SP_114034_20240815_20240822_02_T1,2024-08-15,114,034,674,37.75363202000002,37.3515426577143,35.6793795305997,34.09392745587383,사북,22.8,29.3,18.4,AWS,LC08_L2SP_114034_20240815_20240822_02_T1
LC08_L2SP_114034_20240815_20240822_02_T1,2024-08-15,114,034,581,41.67979766000002,41.01628747454547,38.4772025997138,34.50955630132745,상동,24.8,32.4,20.3,AWS,LC08_L2SP_114034_20240815_20240822_02_T1
LC08_L2SP_114034_20240815_20240822_02_T1,2024-08-15,114,034,876,44.425607060000004,44.22137222685715,43.48051474185569,41.74636589484372,삼척,27.5,32.2,23.9,AWS,LC08_L2SP_114034_20240815_20240822_02_T1
LC08_L2SP_114034_20240815_20240822_02_T1,2024-08-15,114,034,580,36.051458059999995,35.95025211542858,37.924975444123724,38.08797892259484,옥계,26.3,30.5,22.5,AWS,LC08_L2SP_114034_20240815_20240822_02_T1
LC08_L2SP_114034_20240815_20240822_02_T1,2024-08-15,114,034,878,,,,29.33393021087593,도계,22.3,26.6,19.3,AWS,LC08_L2SP_114034_20240815_20240822_02_T1
LC08_L2SP_114034_20240815_20240822_02_T1,2024-08-15,114,034,814,38.17689683000003,38.73591400100001,39.207955155705285,37.18878935560027,부석,26.7,33.4,21.2,AWS,LC08_L2SP_114034_20240815_20240822_02_T1
LC08_L2SP_114035_20200820_20200905_02_T1,2020-08-20,114,035,859,31.584105920000013,31.653019713714315,31.596838338144348,31.277325007065574,토함산,26.0,33.9,20.4,AWS,LC08_L2SP_114035_20200820_20200905_02_T1
LC08_L2SP_114035_20200820_20200905_02_T1,2020-08-20,114,035,853,34.84831502000003,33.574142269142875,30.19827695422682,30.175906469533373,팔공산,26.0,32.3,20.5,AWS,LC08_L2SP_114035_20200820_20200905_02_T1
LC08_L2SP_114035_20200820_20200905_02_T1,2020-08-20,114,035,919,39.85685366000001,40.1851788954286,37.89366121278352,38.32043165298026,창녕,29.0,35.8,23.2,AWS,LC08_L2SP_114035_20200820_20200905_02_T1
LC08_L2SP_114035_20200820_20200905_02_T1,2020-08-20,114,035,673,39.64379708000001,39.41182745600002,40.26070074927837,38.57023480203838,진영,29.2,36.8,23.8,AWS,LC08_L2SP_114035_20200820_20200905_02_T1
LC08_L2SP_114035_20200820_20200905_02_T1,2020-08-20,114,035,813,38.67194006000002,39.108209622285734,39.1756689337602,39.3610171117778,청도,28.8,36.2,22.4,AWS,LC08_L2SP_114035_20200820_20200905_02_T1
LC08_L2SP_114035_20200820_20200905_02_T1,2020-08-20,114,035,837,37.16801125999999,36.98005271257144,36.38781002123714,37.509576128542825,이산,25.9,32.6,20.5,AWS,LC08_L2SP_114035_20200820_20200905_02_T1
LC08_L2SP_114035_20200820_20200905_02_T1,2020-08-20,114,035,954,36.381866660000036,36.95485702228573,40.941305092363656,42.87294094316149,온산,27.0,30.4,23.9,AWS,LC08_L2SP_114035_20200820_20200905_02_T1
LC08_L2SP_114035_20200820_20200905_02_T1,2020-08-20,114,035,816,34.70247950000004,35.18715473600002,36.89770284500002,35.45816169716395,구룡포,27.3,32.4,23.4,AWS,LC08_L2SP_114035_20200820_20200905_02_T1
LC08_L2SP_114035_20200820_20200905_02_T1,2020-08-20,114,035,312,37.868705360000014,37.47068506914288,33.50588668618559,31.843320937280296,주왕산,26.2,34.5,20.9,AWS,LC08_L2SP_114035_20200820_20200905_02_T1
LC08_L2SP_114035_20200820_20200905_02_T1,2020-08-20,114,035,829,39.43074050000001,39.97052723942859,39.37574678989692,37.80832919784258,외동,27.6,34.6,22.1,AWS,LC08_L2SP_114035_20200820_20200905_02_T1
LC08_L2SP_114035_20200820_20200905_02_T1,2020-08-20,114,035,944,40.576916540000035,40.8236650314286,39.57489522478776,37.749697865253026,길곡,28.9,36.8,23.8,AWS,LC08_L2SP_114035_20200820_20200905_02_T1
LC08_L2SP_114035_20200820_20200905_02_T1,2020-08-20,114,035,820,38.01226220000001,37.022045529714305,35.167917952707334,34.65933669618282,하회,27.2,34.2,21.2,AWS,LC08_L2SP_114035_20200820_20200905_02_T1
LC08_L2SP_114035_20200820_20200905_02_T1,2020-08-20,114,035,814,37.375371140000006,37.3330853497143,36.708672800344445,35.573915465954116,부석,25.8,32.0,19.8,AWS,LC08_L2SP_114035_20200820_20200905_02_T1
LC08_L2SP_114035_20200820_20200905_02_T1,2020-08-20,114,035,808,44.59195070000002,43.936211701142874,42.30669111660518,40.63335811621361,호미곶,27.4,32.5,24.4,AWS,LC08_L2SP_114035_20200820_20200905_02_T1
LC08_L2SP_114035_20200820_20200905_02_T1,2020-08-20,114,035,840,39.87736178000002,39.80587633314288,43.57293048536084,42.38574263130437,하양,28.2,36.2,22.3,AWS,LC08_L2SP_114035_20200820_20200905_02_T1
LC08_L2SP_114035_20200820_20200905_02_T1,2020-08-20,114,035,827,46.389829220000045,45.7121290727273,43.11499106462994,44.493838229305574,경산,29.5,37.8,23.9,AWS,LC08_L2SP_114035_20200820_20200905_02_T1
LC08_L2SP_114035_20200820_20200905_02_T1,2020-08-20,114,035,803,36.452505740000014,36.15406376514287,35.354949370515484,34.3912613863359,옥산,26.7,34.8,20.5,AWS,LC08_L2SP_114035_20200820_20200905_02_T1
LC08_L2SP_114035_20200820_20200905_02_T1,2020-08-20,114,035,927,38.79954614000004,39.141120272000016,40.47823638412373,38.17962105465598,송백,28.2,36.5,21.5,AWS,LC08_L2SP_114035_20200820_20200905_02_T1
LC08_L2SP_114035_20200820_20200905_02_T1,2020-08-20,114,035,949,43.101693980000015,42.2941090727273,40.41758111638062,38.86677334862387,정자,26.0,29.7,23.2,AWS,LC08_L2SP_114035_20200820_20200905_02_T1
LC08_L2SP_114035_20200820_20200905_02_T1,2020-08-20,114,035,850,39.27123290000001,39.06480520727275,36.06813848242555,34.38126067062737,감포,26.4,31.9,22.4,AWS,LC08_L2SP_114035_20200820_20200905_02_T1
LC08_L2SP_114035_20200820_20200905_02_T1,2020-08-20,114,035,812,38.64459590000001,38.17841052457146,34.29009323360827,33.3947644229774,고령,27.9,35.3,22.5,AWS,LC08_L2SP_114035_20200820_20200905_02_T1
LC08_L2SP_114035_20200820_20200905_02_T1,2020-08-20,114,035,830,39.2427494,39.831560312,38.12740601463919,37.99129873541371,기계,27.6,35.5,21.9,AWS,LC08_L2SP_114035_20200820_20200905_02_T1
LC08_L2SP_114035_20200820_20200905_02_T1,2020-08-20,114,035,905,43.47881552000001,43.31755008114287,40.17702386103094,37.6992835775494,양산상북,28.1,36.3,22.7,AWS,LC08_L2SP_114035_20200820_20200905_02_T1
LC08_L2SP_114035_20200820_20200905_02_T1,2020-08-20,114,035,854,,,,34.42701466856486,삼동,26.6,33.5,21.9,AWS,LC08_L2SP_114035_20200820_20200905_02_T1
LC08_L2SP_114035_20200820_20200905_02_T1,2020-08-20,114,035,925,41.57839640000001,42.05307799657145,41.03896303472834,38.71560579724553,생림,28.3,36.1,23.0,AWS,LC08_L2SP_114035_20200820_20200905_02_T1
LC08_L2SP_114035_20200820_20200905_02_T1,2020-08-20,114,035,922,38.624087780000046,38.99326649257144,36.11186158436197,33.82208785150927,단장,28.2,36.5,22.1,AWS,LC08_L2SP_114035_20200820_20200905_02_T1
LC08_L2SP_114035_20200820_20200905_02_T1,2020-08-20,114,035,842,32.927387780000025,32.86163158571431,34.58719865134022,33.48061710053824,산내,26.4,34.9,21.5,AWS,LC08_L2SP_114035_20200820_20200905_02_T1
LC08_L2SP_114035_20200820_20200905_02_T1,2020-08-20,114,035,805,34.68766808,35.3157699457143,34.8180892303093,32.96131975848843,죽장,25.0,33.4,20.0,AWS,LC08_L2SP_114035_20200820_20200905_02_T1
LC08_L2SP_114035_20200820_20200905_02_T1,2020-08-20,114,035,900,37.78439420000001,38.29794356685716,36.676626838350536,36.72470790294576,두서,26.8,34.8,21.3,AWS,LC08_L2SP_114035_20200820_20200905_02_T1
LC08_L2SP_114035_20200820_20200905_02_T1,2020-08-20,114,035,935,37.40955134000001,36.630731068571436,35.35614311667466,34.82001687681699,청덕,29.0,36.5,23.2,AWS,LC08_L2SP_114035_20200820_20200905_02_T1
LC08_L2SP_114035_20200820_20200905_02_T1,2020-08-20,114,035,801,36.64733288,36.621258270285736,34.68273429240859,33.8084342495954,영양,25.9,34.4,21.0,AWS,LC08_L2SP_114035_20200820_20200905_02_T1
LC08_L2SP_114035_20200820_20200905_02_T1,2020-08-20,114,035,802,33.00714158000002,32.54969657000002,31.969005596628726,32.50299938124425,온정,26.2,32.4,21.1,AWS,LC08_L2SP_114035_20200820_20200905_02_T1
LC08_L2SP_114035_20200820_20200905_02_T1,2020-08-20,114,035,815,40.184983580000015,39.56817745657143,37.936632101176485,37.076642058912924,예천,27.1,34.0,21.2,AWS,LC08_L2SP_114035_20200820_20200905_02_T1
LC08_L2SP_114035_20200820_20200905_02_T1,2020-08-20,114,035,817,33.58022960000002,33.98020304514288,34.15819603113404,32.922821287014045,수비,24.1,31.8,18.6,AWS,LC08_L2SP_114035_20200820_20200905_02_T1
LC08_L2SP_114035_20200820_20200905_02_T1,2020-08-20,114,035,825,40.19865566000001,39.688687076000015,37.348821777319614,37.5883021414429,칠곡,28.5,34.9,22.8,AWS,LC08_L2SP_114035_20200820_20200905_02_T1
LC08_L2SP_114035_20200820_20200905_02_T1,2020-08-20,114,035,844,39.45124862,39.005376049142875,36.3775993613303,34.644262326693706,영덕읍,28.1,32.6,23.1,AWS,LC08_L2SP_114035_20200820_20200905_02_T1
LC08_L2SP_114035_20200820_20200905_02_T1,2020-08-20,114,035,843,38.622948439999995,37.95623922457143,34.434179465929546,33.18520986226343,금강송,26.3,33.0,22.4,AWS,LC08_L2SP_114035_20200820_20200905_02_T1
LC08_L2SP_114035_20200820_20200905_02_T1,2020-08-20,114,035,943,36.57327578000002,35.708158641714306,34.059217465583146,33.357282227826104,매곡,25.8,31.9,21.4,AWS,LC08_L2SP_114035_20200820_20200905_02_T1
LC08_L2SP_114035_20200820_20200905_02_T1,2020-08-20,114,035,848,43.62123302,42.40630594914287,37.16342365203542,36.20910914616073,청도금천,28.2,36.4,22.0,AWS,LC08_L2SP_114035_20200820_20200905_02_T1
LC08_L2SP_114035_20200820_20200905_02_T1,2020-08-20,114,035,810,43.568823380000005,42.66340166827588,41.04777841784002,40.59995826414302,성주,28.4,35.4,22.6,AWS,LC08_L2SP_114035_20200820_20200905_02_T1
LC08_L2SP_114035_20200820_20200905_02_T1,2020-08-20,114,035,826,41.31406952000001,41.0956417657143,40.40614242401839,39.521432420910934,신녕,28.3,36.1,23.2,AWS,LC08_L2SP_114035_20200820_20200905_02_T1
LC08_L2SP_114035_20200820_20200905_02_T1,2020-08-20,114,035,811,41.88943621999999,42.096828652571446,43.51901347113403,42.0220281639719,황성,27.6,34.6,22.1,AWS,LC08_L2SP_114035_20200820_20200905_02_T1
LC08_L2SP_114035_20200820_20200905_02_T1,2020-08-20,114,035,972,38.84853776,39.46697151200002,,35.58324967908058,안동옥동,27.2,34.2,20.9,AWS,LC08_L2SP_114035_20200820_20200905_02_T1
LC08_L2SP_114035_20200820_20200905_02_T1,2020-08-20,114,035,836,34.71843026000001,34.98514975400001,34.97158095230218,33.05892687917468,현서,25.7,34.6,19.5,AWS,LC08_L2SP_114035_20200820_20200905_02_T1
LC08_L2SP_114035_20200820_20200905_02_T1,2020-08-20,114,035,841,39.26211818000004,39.231746630857174,37.29459937298971,36.11956298943301,화북,26.9,35.7,21.1,AWS,LC08_L2SP_114035_20200820_20200905_02_T1
LC08_L2SP_114035_20200820_20200905_02_T1,2020-08-20,114,035,824,36.86266814000002,36.59420708342858,36.136162095862076,35.735926023127206,가산,27.5,34.9,21.5,AWS,LC08_L2SP_114035_20200820_20200905_02_T1
LC08_L2SP_114035_20200820_20200905_02_T1,2020-08-20,114,035,819,38.01340154000002,37.08894106400002,34.085430966185584,32.85097632668768,예안,26.0,33.9,20.1,AWS,LC08_L2SP_114035_20200820_20200905_02_T1
LC08_L2SP_114035_20200820_20200905_02_T1,2020-08-20,114,035,839,42.68469554000003,42.47437337600002,39.66637781500586,36.95147431626522,길안,28.0,36.6,22.0,AWS,LC08_L2SP_114035_20200820_20200905_02_T1
LC08_L2SP_114035_20200820_20200905_02_T1,2020-08-20,114,035,915,36.45934178000001,35.96597500742859,35.52699147260622,34.55782068147404,삼가,27.8,35.9,21.1,AWS,LC08_L2SP_114035_20200820_20200905_02_T1
LC08_L2SP_114035_20200820_20200905_02_T1,2020-08-20,114,035,832,41.51345402000004,40.93147914800002,38.533708481988455,38.11670790371252,단북,27.5,34.5,21.5,AWS,LC08_L2SP_114035_20200820_20200905_02_T1
LC08_L2SP_114035_20210807_20210811_02_T1,2021-08-07,114,035,919,43.085743220000005,43.4301494257143,40.82854232391754,41.27780987742515,창녕,28.3,36.3,22.4,AWS,LC08_L2SP_114035_20210807_20210811_02_T1
LC08_L2SP_114035_20210807_20210811_02_T1,2021-08-07,114,035,820,38.29253984000004,37.398027729714315,35.936014191644354,35.76484207738977,하회,27.0,34.4,21.6,AWS,LC08_L2SP_114035_20210807_20210811_02_T1
LC08_L2SP_114035_20210807_20210811_02_T1,2021-08-07,114,035,814,40.25448332,40.28918436114288,39.34009445298971,37.69728845734802,부석,25.3,32.7,21.1,AWS,LC08_L2SP_114035_20210807_20210811_02_T1
LC08_L2SP_114035_20210807_20210811_02_T1,2021-08-07,114,035,812,43.895813960000034,42.18003302514287,37.32944125154641,36.50949850806758,고령,27.6,36.1,22.3,AWS,LC08_L2SP_114035_20210807_20210811_02_T1
LC08_L2SP_114035_20210807_20210811_02_T1,2021-08-07,114,035,801,43.99835456000002,43.8492963354286,40.54476574703926,39.391842627539106,영양,27.5,35.6,22.2,AWS,LC08_L2SP_114035_20210807_20210811_02_T1
LC08_L2SP_114035_20210807_20210811_02_T1,2021-08-07,114,035,817,34.95883100000001,35.34032613548389,35.480456210827604,,수비,24.9,32.6,20.8,AWS,LC08_L2SP_114035_20210807_20210811_02_T1
LC08_L2SP_114035_20210807_20210811_02_T1,2021-08-07,114,035,972,38.328998720000016,39.13177768400002,,36.21372566167496,안동옥동,27.1,33.9,21.6,AWS,LC08_L2SP_114035_20210807_20210811_02_T1
LC08_L2SP_114035_20210807_20210811_02_T1,2021-08-07,114,035,819,41.91336236000003,41.18997911771431,37.91564538494848,36.53299507154883,예안,27.8,35.3,22.0,AWS,LC08_L2SP_114035_20210807_20210811_02_T1
LC08_L2SP_114035_20210807_20210811_02_T1,2021-08-07,114,035,839,47.20901468000002,46.72062845085716,43.39615375337211,40.722274434212714,길안,28.8,35.9,22.7,AWS,LC08_L2SP_114035_20210807_20210811_02_T1
LC08_L2SP_114035_20210807_20210811_02_T1,2021-08-07,114,035,805,38.07606524000005,39.020293265000014,38.9585724487103,36.415185482305645,죽장,26.2,33.9,20.8,AWS,LC08_L2SP_114035_20210807_20210811_02_T1
LC08_L2SP_114035_20210807_20210811_02_T1,2021-08-07,114,035,935,42.032993060000024,41.53197643314288,39.599306257021304,39.03048782465186,청덕,27.9,36.6,21.3,AWS,LC08_L2SP_114035_20210807_20210811_02_T1
LC08_L2SP_114035_20210807_20210811_02_T1,2021-08-07,114,035,944,46.380714500000046,46.05528644342859,43.578364849257966,41.01494990837211,길곡,29.2,37.9,24.0,AWS,LC08_L2SP_114035_20210807_20210811_02_T1
LC08_L2SP_114035_20210807_20210811_02_T1,2021-08-07,114,035,915,34.79818406000002,34.69564346000003,35.16156696061857,34.67688789477243,삼가,27.5,37.3,21.6,AWS,LC08_L2SP_114035_20210807_20210811_02_T1
LC08_L2SP_114035_20210807_20210811_02_T1,2021-08-07,114,035,815,45.681159740000034,45.08466642114286,42.80826297327984,41.21826865326215,예천,27.5,34.6,22.6,AWS,LC08_L2SP_114035_20210807_20210811_02_T1
LC08_L2SP_114035_20210807_20210811_02_T1,2021-08-07,114,035,826,46.20411680000001,46.29708694400002,45.9590216659794,45.12618308353852,신녕,28.1,35.9,23.1,AWS,LC08_L2SP_114035_20210807_20210811_02_T1
LC08_L2SP_114035_20210807_20210811_02_T1,2021-08-07,114,035,832,42.275672480000026,42.2194867417143,41.1828333002821,41.82754182240954,단북,28.1,35.6,22.6,AWS,LC08_L2SP_114035_20210807_20210811_02_T1
LC08_L2SP_114035_20210807_20210811_02_T1,2021-08-07,114,035,841,43.43893862000002,43.23131831942858,41.20554640618559,40.13514120927223,화북,27.6,35.5,21.8,AWS,LC08_L2SP_114035_20210807_20210811_02_T1
LC08_L2SP_114035_20210807_20210811_02_T1,2021-08-07,114,035,905,,,,35.01257531714478,양산상북,29.2,34.8,24.3,AWS,LC08_L2SP_114035_20210807_20210811_02_T1
LC08_L2SP_114035_20210807_20210811_02_T1,2021-08-07,114,035,673,40.93922666000003,40.61897159000002,40.784994699565246,37.85557620027828,진영,28.9,36.2,24.8,AWS,LC08_L2SP_114035_20210807_20210811_02_T1
LC08_L2SP_114035_20220826_20220924_02_T1,2022-08-26,114,035,919,33.419582660000025,33.5391808074286,31.765401929278365,31.983825729075313,창녕,24.0,29.3,19.8,AWS,LC08_L2SP_114035_20220826_20220924_02_T1
LC08_L2SP_114035_20220826_20220924_02_T1,2022-08-26,114,035,837,32.24606246000002,32.059275805142875,31.318671022061874,32.05141993678788,이산,21.6,27.7,15.4,AWS,LC08_L2SP_114035_20220826_20220924_02_T1
LC08_L2SP_114035_20220826_20220924_02_T1,2022-08-26,114,035,816,32.151497240000005,32.623932709142885,35.16458344971086,33.50404059557237,구룡포,22.6,28.4,18.4,AWS,LC08_L2SP_114035_20220826_20220924_02_T1
LC08_L2SP_114035_20220826_20220924_02_T1,2022-08-26,114,035,829,33.63719660000002,34.28743421428573,34.04818511938146,32.67724119871722,외동,23.3,29.6,18.1,AWS,LC08_L2SP_114035_20220826_20220924_02_T1
LC08_L2SP_114035_20220826_20220924_02_T1,2022-08-26,114,035,808,39.86824706000002,39.015044162857166,37.85500787447686,36.24383450200001,호미곶,24.4,29.2,21.8,AWS,LC08_L2SP_114035_20220826_20220924_02_T1
LC08_L2SP_114035_20220826_20220924_02_T1,2022-08-26,114,035,827,,,37.609993798571445,37.383968630118034,경산,24.5,29.6,20.5,AWS,LC08_L2SP_114035_20220826_20220924_02_T1
LC08_L2SP_114035_20220826_20220924_02_T1,2022-08-26,114,035,949,41.64447812000003,40.55402616363639,38.08498793640451,36.2669330328812,정자,24.3,27.8,21.1,AWS,LC08_L2SP_114035_20220826_20220924_02_T1
LC08_L2SP_114035_20220826_20220924_02_T1,2022-08-26,114,035,850,37.62944396,38.03183813272729,35.359006592592614,33.37479638693398,감포,23.0,27.9,18.4,AWS,LC08_L2SP_114035_20220826_20220924_02_T1
LC08_L2SP_114035_20220826_20220924_02_T1,2022-08-26,114,035,812,35.24822336000003,33.7975831194286,,,고령,22.8,29.3,17.4,AWS,LC08_L2SP_114035_20220826_20220924_02_T1
LC08_L2SP_114035_20220826_20220924_02_T1,2022-08-26,114,035,801,,30.679207035384632,28.666948818414117,28.522491954516873,영양,21.2,28.9,15.6,AWS,LC08_L2SP_114035_20220826_20220924_02_T1
LC08_L2SP_114035_20220826_20220924_02_T1,2022-08-26,114,035,817,,,,21.902923260974653,수비,19.3,26.0,13.6,AWS,LC08_L2SP_114035_20220826_20220924_02_T1
LC08_L2SP_114035_20220826_20220924_02_T1,2022-08-26,114,035,811,36.02981060000002,36.558757333142886,38.36878067500002,37.321557220937336,황성,23.4,30.1,18.1,AWS,LC08_L2SP_114035_20220826_20220924_02_T1
LC08_L2SP_114035_20220826_20220924_02_T1,2022-08-26,114,035,972,30.535913120000032,31.308157772000015,,28.29877464957856,안동옥동,22.5,29.2,16.5,AWS,LC08_L2SP_114035_20220826_20220924_02_T1
LC08_L2SP_114035_20220826_20220924_02_T1,2022-08-26,114,035,898,,,39.67725977176472,38.99458702714773,장생포,25.7,30.4,23.3,AWS,LC08_L2SP_114035_20220826_20220924_02_T1
LC08_L2SP_114035_20220826_20220924_02_T1,2022-08-26,114,035,830,33.50503316000004,34.166631621714295,32.91705541484538,32.5817179604409,기계,23.1,30.1,17.7,AWS,LC08_L2SP_114035_20220826_20220924_02_T1
LC08_L2SP_114035_20220826_20220924_02_T1,2022-08-26,114,035,805,29.765719280000003,30.248408809142873,29.514759089896923,27.815685866063575,죽장,21.2,27.3,15.9,AWS,LC08_L2SP_114035_20220826_20220924_02_T1
LC08_L2SP_114035_20220826_20220924_02_T1,2022-08-26,114,035,842,,,28.742677947924548,28.242330525785434,산내,21.9,28.5,17.5,AWS,LC08_L2SP_114035_20220826_20220924_02_T1
LC08_L2SP_114035_20220826_20220924_02_T1,2022-08-26,114,035,927,32.500135280000016,32.738289892571444,34.03939145051548,31.84503535277732,송백,22.4,29.0,17.4,AWS,LC08_L2SP_114035_20220826_20220924_02_T1
LC08_L2SP_114035_20220826_20220924_02_T1,2022-08-26,114,035,854,,,,29.942200227844545,삼동,22.5,28.6,18.2,AWS,LC08_L2SP_114035_20220826_20220924_02_T1
LC08_L2SP_114035_20220826_20220924_02_T1,2022-08-26,114,035,900,31.798301840000004,32.49355966057144,31.953827622886617,31.763799247038225,두서,22.8,28.9,18.0,AWS,LC08_L2SP_114035_20220826_20220924_02_T1
LC08_L2SP_114035_20220826_20220924_02_T1,2022-08-26,114,035,925,35.9101799,36.638836658857166,35.91722736391754,33.850826714789704,생림,24.3,29.3,19.6,AWS,LC08_L2SP_114035_20220826_20220924_02_T1
LC08_L2SP_114035_20220826_20220924_02_T1,2022-08-26,114,035,922,34.069006460000026,34.04241100914287,31.514940665137633,29.227972933339522,단장,23.5,29.9,19.0,AWS,LC08_L2SP_114035_20220826_20220924_02_T1
LC08_L2SP_114035_20220826_20220924_02_T1,2022-08-26,114,035,944,38.52382585999999,38.00819312857145,35.57753690530038,33.68558179082282,길곡,25.0,30.5,20.5,AWS,LC08_L2SP_114035_20220826_20220924_02_T1
LC08_L2SP_114035_20220826_20220924_02_T1,2022-08-26,114,035,915,29.72242436000003,29.76998366685717,30.073288816697264,29.285838676698212,삼가,22.8,29.8,17.8,AWS,LC08_L2SP_114035_20220826_20220924_02_T1
LC08_L2SP_114035_20220826_20220924_02_T1,2022-08-26,114,035,901,33.88899074,33.167690862285724,34.046074726289774,,울기,24.8,28.8,22.4,AWS,LC08_L2SP_114035_20220826_20220924_02_T1
LC08_L2SP_114035_20220826_20220924_02_T1,2022-08-26,114,035,954,33.851392520000026,34.35286488285716,38.02849863029327,38.83712122619291,온산,24.1,28.4,21.4,AWS,LC08_L2SP_114035_20220826_20220924_02_T1
LC08_L2SP_114035_20220826_20220924_02_T1,2022-08-26,114,035,835,32.206185560000016,31.986227834857164,31.228946884772746,29.91404820027315,봉화읍,21.6,28.6,15.1,AWS,LC08_L2SP_114035_20220826_20220924_02_T1
LC08_L2SP_114035_20220826_20220924_02_T1,2022-08-26,114,035,826,34.69564346000002,34.778945490285736,33.94877281030929,33.169307205095926,신녕,23.3,29.3,19.4,AWS,LC08_L2SP_114035_20220826_20220924_02_T1
LC08_L2SP_114035_20220826_20220924_02_T1,2022-08-26,114,035,312,32.86928144000001,32.487895513142874,29.11328088389107,27.540594950755054,주왕산,21.6,28.1,17.2,AWS,LC08_L2SP_114035_20220826_20220924_02_T1
LC08_L2SP_114035_20220826_20220924_02_T1,2022-08-26,114,035,815,35.36785406000001,34.56048518342858,33.22341757944956,32.065785987259495,예천,22.5,29.6,16.4,AWS,LC08_L2SP_114035_20220826_20220924_02_T1
LC08_L2SP_114035_20220826_20220924_02_T1,2022-08-26,114,035,905,38.56712078,38.54199019485717,35.2700156845361,32.933605712556556,양산상북,23.7,30.0,19.4,AWS,LC08_L2SP_114035_20220826_20220924_02_T1
LC08_L2SP_114035_20220826_20220924_02_T1,2022-08-26,114,035,673,35.36899340000002,35.25258540457145,36.349475732783525,34.4426307187289,진영,24.6,29.7,20.4,AWS,LC08_L2SP_114035_20220826_20220924_02_T1
LC08_L2SP_114035_20220826_20220924_02_T1,2022-08-26,114,035,843,33.75113060000001,32.99454373485715,29.667669590036468,28.353129978360997,금강송,22.5,29.0,16.1,AWS,LC08_L2SP_114035_20220826_20220924_02_T1
LC08_L2SP_114035_20220826_20220924_02_T1,2022-08-26,114,035,859,26.16654422000003,26.064068725142878,26.299533779381463,26.591071828399677,토함산,20.5,25.8,17.6,AWS,LC08_L2SP_114035_20220826_20220924_02_T1
LC08_L2SP_114035_20220826_20220924_02_T1,2022-08-26,114,035,935,,,,29.90625640585368,청덕,23.5,29.7,18.6,AWS,LC08_L2SP_114035_20220826_20220924_02_T1
LC08_L2SP_114035_20220826_20220924_02_T1,2022-08-26,114,035,839,33.10854284000002,33.11231893828574,31.792864872032922,30.113590391693545,길안,21.9,29.2,16.9,AWS,LC08_L2SP_114035_20220826_20220924_02_T1
LC08_L2SP_114035_20220826_20220924_02_T1,2022-08-26,114,035,814,30.20094716,30.20563473028573,30.22436040123713,29.227016585077042,부석,21.7,28.0,15.5,AWS,LC08_L2SP_114035_20220826_20220924_02_T1
LC08_L2SP_114035_20220826_20220924_02_T1,2022-08-26,114,035,943,30.856067660000008,30.331808497142877,28.90269851210282,28.24021829782145,매곡,20.7,25.3,17.8,AWS,LC08_L2SP_114035_20220826_20220924_02_T1
LC08_L2SP_114035_20240612_20240628_02_T1,2024-06-12,114,035,919,39.77254250000002,40.08429847657145,37.47031526894497,37.06726384804126,창녕,26.6,34.2,19.8,AWS,LC08_L2SP_114035_20240612_20240628_02_T1
LC08_L2SP_114035_20240612_20240628_02_T1,2024-06-12,114,035,837,38.36773628000003,38.22938785142859,37.41574919298971,38.25443832723735,이산,24.4,33.3,16.9,AWS,LC08_L2SP_114035_20240612_20240628_02_T1
LC08_L2SP_114035_20240612_20240628_02_T1,2024-06-12,114,035,820,,,,31.60444687311739,하회,24.2,33.2,16.1,AWS,LC08_L2SP_114035_20240612_20240628_02_T1
LC08_L2SP_114035_20240612_20240628_02_T1,2024-06-12,114,035,840,39.76342778000001,40.17619438571429,43.68861852082476,42.460033151875926,하양,26.8,34.9,20.4,AWS,LC08_L2SP_114035_20240612_20240628_02_T1
LC08_L2SP_114035_20240612_20240628_02_T1,2024-06-12,114,035,827,47.16458042000003,46.61241482545456,44.17580357484802,45.37279546862686,경산,27.8,34.2,21.3,AWS,LC08_L2SP_114035_20240612_20240628_02_T1
LC08_L2SP_114035_20240612_20240628_02_T1,2024-06-12,114,035,812,37.72856654000003,37.07077672914287,32.76277076865981,31.46669894316609,고령,25.7,33.2,18.3,AWS,LC08_L2SP_114035_20240612_20240628_02_T1
LC08_L2SP_114035_20240612_20240628_02_T1,2024-06-12,114,035,825,42.35314760000002,41.634224060000015,38.6208043380046,38.26476834175799,칠곡,27.1,33.8,20.3,AWS,LC08_L2SP_114035_20240612_20240628_02_T1
LC08_L2SP_114035_20240612_20240628_02_T1,2024-06-12,114,035,801,37.397018600000024,37.243240252571454,33.22519473622556,32.2857070483453,영양,23.6,33.1,15.5,AWS,LC08_L2SP_114035_20240612_20240628_02_T1
LC08_L2SP_114035_20240612_20240628_02_T1,2024-06-12,114,035,810,42.194779340000004,40.80046290551726,39.64743148627909,39.87925996946681,성주,26.3,34.7,19.0,AWS,LC08_L2SP_114035_20240612_20240628_02_T1
LC08_L2SP_114035_20240612_20240628_02_T1,2024-06-12,114,035,972,34.94857694000001,35.61714165200001,,31.307053617500017,안동옥동,24.5,33.6,17.0,AWS,LC08_L2SP_114035_20240612_20240628_02_T1
LC08_L2SP_114035_20240612_20240628_02_T1,2024-06-12,114,035,830,39.712157479999995,40.11222858285716,38.500346059381464,38.32054222734614,기계,26.2,35.0,19.6,AWS,LC08_L2SP_114035_20240612_20240628_02_T1
LC08_L2SP_114035_20240612_20240628_02_T1,2024-06-12,114,035,805,35.83042610000003,36.68434515371431,35.28685129278353,32.617611573844854,죽장,23.0,32.2,15.1,AWS,LC08_L2SP_114035_20240612_20240628_02_T1
LC08_L2SP_114035_20240612_20240628_02_T1,2024-06-12,114,035,927,37.59298508000003,37.92635596400002,39.229226099793834,36.67349986334385,송백,24.7,33.9,17.4,AWS,LC08_L2SP_114035_20240612_20240628_02_T1
LC08_L2SP_114035_20240612_20240628_02_T1,2024-06-12,114,035,842,35.17872362000003,34.597399799428594,35.52312926639178,33.76808403138851,산내,24.6,33.4,17.7,AWS,LC08_L2SP_114035_20240612_20240628_02_T1
LC08_L2SP_114035_20240612_20240628_02_T1,2024-06-12,114,035,915,36.62796410000001,36.87721913942858,36.0514189074227,34.2195630833563,삼가,24.7,33.4,17.0,AWS,LC08_L2SP_114035_20240612_20240628_02_T1
LC08_L2SP_114035_20240612_20240628_02_T1,2024-06-12,114,035,824,39.55834658000001,39.67286652628574,38.00540266845363,36.65551045365254,가산,26.3,34.4,19.1,AWS,LC08_L2SP_114035_20240612_20240628_02_T1
LC08_L2SP_114035_20240612_20240628_02_T1,2024-06-12,114,035,925,39.51619100000003,39.89542845714287,39.78998073166669,36.6729176361154,생림,24.9,33.4,17.8,AWS,LC08_L2SP_114035_20240612_20240628_02_T1
LC08_L2SP_114035_20240612_20240628_02_T1,2024-06-12,114,035,835,39.21768392000001,38.21229775142859,37.53037133691656,35.60966949220717,봉화읍,24.8,34.4,16.6,AWS,LC08_L2SP_114035_20240612_20240628_02_T1
LC08_L2SP_114035_20240612_20240628_02_T1,2024-06-12,114,035,836,37.594124420000014,37.84871808114287,36.309587087010335,34.58645665563701,현서,23.3,32.7,15.6,AWS,LC08_L2SP_114035_20240612_20240628_02_T1
LC08_L2SP_114035_20240612_20240628_02_T1,2024-06-12,114,035,832,44.16811622,43.40300058114287,40.73064130432992,40.54301103470913,단북,26.4,35.1,18.9,AWS,LC08_L2SP_114035_20240612_20240628_02_T1
LC08_L2SP_114035_20240612_20240628_02_T1,2024-06-12,114,035,826,42.28592653999999,42.37378593028573,41.93075001958765,41.01546254371348,신녕,26.2,34.6,18.7,AWS,LC08_L2SP_114035_20240612_20240628_02_T1
LC08_L2SP_114035_20240612_20240628_02_T1,2024-06-12,114,035,803,39.07868444000002,38.48368853942858,38.339726526185586,36.61228667722304,옥산,24.7,33.7,17.2,AWS,LC08_L2SP_114035_20240612_20240628_02_T1
LC08_L2SP_114035_20240612_20240628_02_T1,2024-06-12,114,035,853,32.60381522000004,31.765912031428588,28.562762035336945,28.619852515533296,팔공산,23.1,29.7,18.5,AWS,LC08_L2SP_114035_20240612_20240628_02_T1
LC08_L2SP_114035_20240612_20240628_02_T1,2024-06-12,114,035,905,39.46833872000002,39.26455962285716,36.84086015443301,34.81607362245063,양산상북,24.8,33.3,17.3,AWS,LC08_L2SP_114035_20240612_20240628_02_T1
LC08_L2SP_114035_20240612_20240628_02_T1,2024-06-12,114,035,673,38.4053345,38.59081905200001,40.012864934845375,38.522731858751804,진영,24.3,32.3,17.7,AWS,LC08_L2SP_114035_20240612_20240628_02_T1
LC08_L2SP_114035_20240612_20240628_02_T1,2024-06-12,114,035,802,35.980818980000016,35.775054176000005,35.268648430159466,35.69534972989863,온정,25.7,31.8,18.4,AWS,LC08_L2SP_114035_20240612_20240628_02_T1
LC08_L2SP_114035_20240612_20240628_02_T1,2024-06-12,114,035,843,40.12801658000003,39.21426590000002,36.177830662551656,34.5255905735805,금강송,25.9,32.3,20.8,AWS,LC08_L2SP_114035_20240612_20240628_02_T1
LC08_L2SP_114035_20240612_20240628_02_T1,2024-06-12,114,035,859,29.45354012000003,29.128372484000025,29.3239098517526,29.472938256026353,토함산,24.2,31.4,20.6,AWS,LC08_L2SP_114035_20240612_20240628_02_T1
LC08_L2SP_114035_20240612_20240628_02_T1,2024-06-12,114,035,935,,,,32.63074525129694,청덕,25.3,33.8,18.3,AWS,LC08_L2SP_114035_20240612_20240628_02_T1
LC08_L2SP_114035_20240612_20240628_02_T1,2024-06-12,114,035,819,42.497843780000004,41.24906203485715,34.6958862059794,32.8935817062468,예안,23.6,33.4,15.7,AWS,LC08_L2SP_114035_20240612_20240628_02_T1
LC08_L2SP_114035_20240612_20240628_02_T1,2024-06-12,114,035,839,41.682076340000016,41.271620966857164,38.884357846861946,36.793812790619114,길안,25.2,34.3,16.9,AWS,LC08_L2SP_114035_20240612_20240628_02_T1
LC08_L2SP_114035_20240612_20240628_02_T1,2024-06-12,114,035,841,36.13121186000003,36.38170389714287,36.44150778103094,35.40766048536084,화북,24.4,33.6,16.6,AWS,LC08_L2SP_114035_20240612_20240628_02_T1
LC08_L2SP_114035_20240612_20240628_02_T1,2024-06-12,114,035,844,43.54831526000004,43.055632091428585,39.555327916288675,36.7883900473276,영덕읍,25.3,33.4,18.4,AWS,LC08_L2SP_114035_20240612_20240628_02_T1
LC08_L2SP_114035_20240612_20240628_02_T1,2024-06-12,114,035,943,33.302230640000026,32.84024454628573,31.36314139319361,30.57884303876925,매곡,24.0,29.7,20.2,AWS,LC08_L2SP_114035_20240612_20240628_02_T1
LC08_L2SP_114035_20240612_20240628_02_T1,2024-06-12,114,035,900,36.61201334000001,37.34929653028573,36.902888671215614,35.89138680764086,두서,24.6,32.3,18.2,AWS,LC08_L2SP_114035_20240612_20240628_02_T1
LC08_L2SP_114035_20240612_20240628_02_T1,2024-06-12,114,035,811,45.48519326000002,45.060447308000015,43.91827860179312,42.31183040226417,황성,27.0,35.3,19.6,AWS,LC08_L2SP_114035_20240612_20240628_02_T1
LC08_L2SP_114035_20240612_20240628_02_T1,2024-06-12,114,035,813,38.82575096000003,38.856545692571444,38.54409798322211,37.85465943406252,청도,25.3,33.6,18.5,AWS,LC08_L2SP_114035_20240612_20240628_02_T1
LC08_L2SP_114035_20240612_20240628_02_T1,2024-06-12,114,035,944,41.78005958000002,41.36761850000001,39.13107213947732,36.653580136685775,길곡,25.1,33.6,18.7,AWS,LC08_L2SP_114035_20240612_20240628_02_T1
LC08_L2SP_114035_20240612_20240628_02_T1,2024-06-12,114,035,922,,,,30.558412717950155,단장,24.7,32.9,17.5,AWS,LC08_L2SP_114035_20240612_20240628_02_T1
LC08_L2SP_114035_20240612_20240628_02_T1,2024-06-12,114,035,848,40.28980286000003,39.234969335428595,35.740641277880314,34.87704325258522,청도금천,25.6,34.0,18.2,AWS,LC08_L2SP_114035_20240612_20240628_02_T1
LC08_L2SP_114035_20240612_20240628_02_T1,2024-06-12,114,035,829,37.99061474000001,39.345029579428584,39.1066511259794,37.25468414227407,외동,25.3,33.5,19.1,AWS,LC08_L2SP_114035_20240612_20240628_02_T1
LC08_L2SP_114035_20240612_20240628_02_T1,2024-06-12,114,035,312,41.8860182,41.417912222857154,35.753185895463936,32.96594626823936,주왕산,23.8,32.5,15.6,AWS,LC08_L2SP_114035_20240612_20240628_02_T1
LC08_L2SP_114035_20240612_20240628_02_T1,2024-06-12,114,035,854,,,,33.62756052123677,삼동,24.3,32.7,18.7,AWS,LC08_L2SP_114035_20240612_20240628_02_T1
LC08_L2SP_114035_20240612_20240628_02_T1,2024-06-12,114,035,817,33.535795340000014,33.979812414285725,33.83732108371136,32.446026578431166,수비,22.2,31.3,15.1,AWS,LC08_L2SP_114035_20240612_20240628_02_T1
LC08_L2SP_114035_20240612_20240628_02_T1,2024-06-12,114,035,814,40.175868860000016,40.26994579142859,37.84946186824744,35.10937163866593,부석,24.5,33.7,16.3,AWS,LC08_L2SP_114035_20240612_20240628_02_T1
LC08_L2SP_114035_20240612_20240628_02_T1,2024-06-12,114,035,816,,,35.91623440925622,33.98799646461541,구룡포,24.6,31.1,20.0,AWS,LC08_L2SP_114035_20240612_20240628_02_T1
LC08_L2SP_114035_20240612_20240628_02_T1,2024-06-12,114,035,995,39.09463520000003,38.63789007028573,33.854927997731984,33.002755715290625,오천,26.2,33.3,20.6,AWS,LC08_L2SP_114035_20240612_20240628_02_T1
LC08_L2SP_114035_20240628_20240709_02_T1,2024-06-28,114,035,919,36.04348267999999,36.43404843200002,34.91745806295873,34.802438966340226,창녕,25.2,32.7,17.1,AWS,LC08_L2SP_114035_20240628_20240709_02_T1
LC08_L2SP_114035_20240628_20240709_02_T1,2024-06-28,114,035,820,35.88055706000002,34.94476828914287,33.107702456203164,32.87131013679669,하회,22.9,33.3,15.5,AWS,LC08_L2SP_114035_20240628_20240709_02_T1
LC08_L2SP_114035_20240628_20240709_02_T1,2024-06-28,114,035,840,37.79806628000002,37.876648187428586,40.95152839979384,39.78219533393588,하양,25.8,34.9,16.9,AWS,LC08_L2SP_114035_20240628_20240709_02_T1
LC08_L2SP_114035_20240628_20240709_02_T1,2024-06-28,114,035,827,40.083582320000005,39.31804941636366,37.3588919904348,38.339373760093366,경산,25.4,33.5,17.5,AWS,LC08_L2SP_114035_20240628_20240709_02_T1
LC08_L2SP_114035_20240628_20240709_02_T1,2024-06-28,114,035,812,37.33207622000001,36.6200863777143,32.50768781216497,30.851337523136934,고령,24.7,32.2,16.0,AWS,LC08_L2SP_114035_20240628_20240709_02_T1
LC08_L2SP_114035_20240628_20240709_02_T1,2024-06-28,114,035,825,41.357364440000026,40.14260013200002,36.52653934845363,35.91433149448041,칠곡,26.0,33.3,17.6,AWS,LC08_L2SP_114035_20240628_20240709_02_T1
LC08_L2SP_114035_20240628_20240709_02_T1,2024-06-28,114,035,801,34.20344858000004,34.36917372114288,31.04531512783946,30.035703368145597,영양,22.7,32.5,15.1,AWS,LC08_L2SP_114035_20240628_20240709_02_T1
LC08_L2SP_114035_20240628_20240709_02_T1,2024-06-28,114,035,810,42.28934456000002,41.37445454000001,39.243250891409595,38.81422140560232,성주,26.0,34.4,16.7,AWS,LC08_L2SP_114035_20240628_20240709_02_T1
LC08_L2SP_114035_20240628_20240709_02_T1,2024-06-28,114,035,972,37.48474778000002,37.829739932000024,,34.1966249974761,안동옥동,23.9,32.7,16.1,AWS,LC08_L2SP_114035_20240628_20240709_02_T1
LC08_L2SP_114035_20240628_20240709_02_T1,2024-06-28,114,035,830,36.03892532,36.44440014971432,35.434519153402086,35.08423309477815,기계,24.6,33.2,16.1,AWS,LC08_L2SP_114035_20240628_20240709_02_T1
LC08_L2SP_114035_20240628_20240709_02_T1,2024-06-28,114,035,805,33.86506460000004,34.368099486285736,33.48682721154641,31.12957808357288,죽장,22.9,31.1,15.1,AWS,LC08_L2SP_114035_20240628_20240709_02_T1
LC08_L2SP_114035_20240628_20240709_02_T1,2024-06-28,114,035,927,,,39.35226436242813,34.051195037235516,송백,24.4,33.6,16.0,AWS,LC08_L2SP_114035_20240628_20240709_02_T1
LC08_L2SP_114035_20240628_20240709_02_T1,2024-06-28,114,035,842,34.75147112000002,34.365169754857156,35.74129525773198,33.98391051556257,산내,23.5,33.1,15.6,AWS,LC08_L2SP_114035_20240628_20240709_02_T1
LC08_L2SP_114035_20240628_20240709_02_T1,2024-06-28,114,035,915,,,,32.09936391000882,삼가,24.1,33.2,14.8,AWS,LC08_L2SP_114035_20240628_20240709_02_T1
LC08_L2SP_114035_20240628_20240709_02_T1,2024-06-28,114,035,824,37.628304620000016,37.44783316400002,35.864092813050476,34.46534284163513,가산,26.0,32.8,16.9,AWS,LC08_L2SP_114035_20240628_20240709_02_T1
LC08_L2SP_114035_20240628_20240709_02_T1,2024-06-28,114,035,925,39.638100380000026,39.956220384285736,,36.01861516676926,생림,24.5,32.3,17.9,AWS,LC08_L2SP_114035_20240628_20240709_02_T1
LC08_L2SP_114035_20240628_20240709_02_T1,2024-06-28,114,035,835,37.09623284000003,36.661200275428584,35.47974903427588,33.76753819515227,봉화읍,22.9,32.9,14.9,AWS,LC08_L2SP_114035_20240628_20240709_02_T1
LC08_L2SP_114035_20240628_20240709_02_T1,2024-06-28,114,035,836,36.45478442000003,36.611980787428585,35.60256984577322,33.803922846876624,현서,22.9,31.6,13.7,AWS,LC08_L2SP_114035_20240628_20240709_02_T1
LC08_L2SP_114035_20240628_20240709_02_T1,2024-06-28,114,035,832,41.28444668000001,40.829231521142866,38.644294425154655,38.244015959353014,단북,25.1,34.3,16.4,AWS,LC08_L2SP_114035_20240628_20240709_02_T1
LC08_L2SP_114035_20240628_20240709_02_T1,2024-06-28,114,035,849,,,37.23109337766751,34.730382786853745,지보,24.1,34.3,15.6,AWS,LC08_L2SP_114035_20240628_20240709_02_T1
LC08_L2SP_114035_20240628_20240709_02_T1,2024-06-28,114,035,826,36.75557018000001,36.45924412228574,35.86818502965598,35.082036464969924,신녕,24.4,32.9,16.8,AWS,LC08_L2SP_114035_20240628_20240709_02_T1
LC08_L2SP_114035_20240628_20240709_02_T1,2024-06-28,114,035,803,35.249362700000006,34.867521037142865,34.856865942886614,33.782220682835074,옥산,23.8,33.4,14.7,AWS,LC08_L2SP_114035_20240628_20240709_02_T1
LC08_L2SP_114035_20240628_20240709_02_T1,2024-06-28,114,035,853,,,26.94191905873686,27.544702674927258,팔공산,22.6,29.3,16.3,AWS,LC08_L2SP_114035_20240628_20240709_02_T1
LC08_L2SP_114035_20240628_20240709_02_T1,2024-06-28,114,035,905,40.83098935999999,40.806493550000006,40.14823514397792,38.28686202883197,양산상북,24.4,32.2,17.5,AWS,LC08_L2SP_114035_20240628_20240709_02_T1
LC08_L2SP_114035_20240628_20240709_02_T1,2024-06-28,114,035,673,37.59298508000003,37.357304462857165,37.915069842061875,36.35877194790154,진영,23.9,31.1,17.1,AWS,LC08_L2SP_114035_20240628_20240709_02_T1
LC08_L2SP_114035_20240628_20240709_02_T1,2024-06-28,114,035,802,33.24298496,32.806389872000025,31.60632953826881,31.69284988502306,온정,21.8,29.1,14.2,AWS,LC08_L2SP_114035_20240628_20240709_02_T1
LC08_L2SP_114035_20240628_20240709_02_T1,2024-06-28,114,035,843,37.965549260000024,37.40017619942859,34.382254271021914,32.8317595713468,금강송,23.1,30.2,16.0,AWS,LC08_L2SP_114035_20240628_20240709_02_T1
LC08_L2SP_114035_20240628_20240709_02_T1,2024-06-28,114,035,859,28.867919360000013,28.820164737714304,28.878987793608268,29.111178072253093,토함산,22.1,28.3,17.8,AWS,LC08_L2SP_114035_20240628_20240709_02_T1
LC08_L2SP_114035_20240628_20240709_02_T1,2024-06-28,114,035,935,35.25961676000001,34.98500326742859,32.20985961146069,31.61037146823248,청덕,24.9,32.8,15.9,AWS,LC08_L2SP_114035_20240628_20240709_02_T1
LC08_L2SP_114035_20240628_20240709_02_T1,2024-06-28,114,035,819,37.24206836000004,36.0636327217143,31.015923717938165,29.420008362004026,예안,23.3,32.9,15.8,AWS,LC08_L2SP_114035_20240628_20240709_02_T1
LC08_L2SP_114035_20240628_20240709_02_T1,2024-06-28,114,035,839,40.05737750000003,39.996113560571445,37.74012551882355,35.4707535537403,길안,24.1,33.5,15.1,AWS,LC08_L2SP_114035_20240628_20240709_02_T1
LC08_L2SP_114035_20240628_20240709_02_T1,2024-06-28,114,035,841,34.37207090000002,34.702088869142884,33.93516728969074,32.929377953394464,화북,23.6,32.4,16.1,AWS,LC08_L2SP_114035_20240628_20240709_02_T1
LC08_L2SP_114035_20240628_20240709_02_T1,2024-06-28,114,035,844,38.077204580000036,37.424785943428596,34.22865794909301,31.8374929620642,영덕읍,22.4,28.0,15.5,AWS,LC08_L2SP_114035_20240628_20240709_02_T1
LC08_L2SP_114035_20240628_20240709_02_T1,2024-06-28,114,035,943,,,,29.31620862299884,매곡,21.2,26.2,17.6,AWS,LC08_L2SP_114035_20240628_20240709_02_T1
LC08_L2SP_114035_20240628_20240709_02_T1,2024-06-28,114,035,900,,,36.316281575384636,34.67763616404308,두서,23.0,29.7,16.8,AWS,LC08_L2SP_114035_20240628_20240709_02_T1
LC08_L2SP_114035_20240628_20240709_02_T1,2024-06-28,114,035,811,40.82757134000002,40.88225966000001,40.85673660846952,39.752755962000016,황성,24.4,33.0,16.9,AWS,LC08_L2SP_114035_20240628_20240709_02_T1
LC08_L2SP_114035_20240628_20240709_02_T1,2024-06-28,114,035,813,35.96145020000002,36.01558512628574,35.606524633067416,35.67832146460243,청도,24.0,32.7,16.7,AWS,LC08_L2SP_114035_20240628_20240709_02_T1
LC08_L2SP_114035_20240628_20240709_02_T1,2024-06-28,114,035,944,39.22565930000002,39.16367920400001,37.45905827985868,35.14280713334483,길곡,24.2,33.0,17.2,AWS,LC08_L2SP_114035_20240628_20240709_02_T1
LC08_L2SP_114035_20240628_20240709_02_T1,2024-06-28,114,035,848,40.825292660000024,40.208468685161314,35.69727018804689,34.30681486241073,청도금천,24.9,33.1,16.7,AWS,LC08_L2SP_114035_20240628_20240709_02_T1
LC08_L2SP_114035_20240628_20240709_02_T1,2024-06-28,114,035,829,36.937864579999996,38.28261130571431,38.13507991979384,36.26625133972782,외동,23.3,30.8,16.7,AWS,LC08_L2SP_114035_20240628_20240709_02_T1
LC08_L2SP_114035_20240628_20240709_02_T1,2024-06-28,114,035,312,38.825750960000015,38.24120443485716,32.80485978927837,30.551326990896094,주왕산,22.8,32.2,14.2,AWS,LC08_L2SP_114035_20240628_20240709_02_T1
LC08_L2SP_114035_20240628_20240709_02_T1,2024-06-28,114,035,817,32.33265230000003,32.656159754857164,32.185775321443316,31.059510141374194,수비,21.0,30.2,12.0,AWS,LC08_L2SP_114035_20240628_20240709_02_T1
LC08_L2SP_114035_20240628_20240709_02_T1,2024-06-28,114,035,815,37.889213480000045,37.54392835485716,37.7340856805195,36.19310723229649,예천,24.2,33.0,15.8,AWS,LC08_L2SP_114035_20240628_20240709_02_T1
LC08_L2SP_114035_20240628_20240709_02_T1,2024-06-28,114,035,995,40.12687724000002,39.37579175942859,34.29988137793816,33.27942937874889,오천,23.5,30.0,15.8,AWS,LC08_L2SP_114035_20240628_20240709_02_T1
LC08_L2SP_114035_20240831_20240906_02_T1,2024-08-31,114,035,919,41.645617460000004,41.64760316685716,38.409326109747724,38.64576558324744,창녕,27.2,34.3,20.7,AWS,LC08_L2SP_114035_20240831_20240906_02_T1
LC08_L2SP_114035_20240831_20240906_02_T1,2024-08-31,114,035,837,38.81549690000001,38.53095487314287,37.523751577525786,38.44283160479819,이산,24.7,32.4,18.8,AWS,LC08_L2SP_114035_20240831_20240906_02_T1
LC08_L2SP_114035_20240831_20240906_02_T1,2024-08-31,114,035,820,38.662825340000005,37.68367654400003,36.41372875176613,35.74695068038997,하회,27.0,35.1,20.4,AWS,LC08_L2SP_114035_20240831_20240906_02_T1
LC08_L2SP_114035_20240831_20240906_02_T1,2024-08-31,114,035,840,38.76194792000001,39.43350746857144,43.46178806412373,42.2357385629851,하양,26.5,34.9,20.7,AWS,LC08_L2SP_114035_20240831_20240906_02_T1
LC08_L2SP_114035_20240831_20240906_02_T1,2024-08-31,114,035,827,45.29606282000001,44.60655496727275,42.369705649717,43.45316169589667,경산,27.0,33.8,22.4,AWS,LC08_L2SP_114035_20240831_20240906_02_T1
LC08_L2SP_114035_20240831_20240906_02_T1,2024-08-31,114,035,812,39.390863600000024,38.26952517200002,34.7071934703093,33.58826271351848,고령,26.3,33.9,19.3,AWS,LC08_L2SP_114035_20240831_20240906_02_T1
LC08_L2SP_114035_20240831_20240906_02_T1,2024-08-31,114,035,801,,,33.57409186516131,33.74546470839261,영양,24.3,32.4,20.4,AWS,LC08_L2SP_114035_20240831_20240906_02_T1
LC08_L2SP_114035_20240831_20240906_02_T1,2024-08-31,114,035,825,40.611096740000015,39.57755259714287,36.69171232639177,36.89860654155991,칠곡,27.2,33.2,21.4,AWS,LC08_L2SP_114035_20240831_20240906_02_T1
LC08_L2SP_114035_20240831_20240906_02_T1,2024-08-31,114,035,810,41.99539484000002,40.901471289655184,39.55384012349541,38.90006056433103,성주,27.5,33.9,20.6,AWS,LC08_L2SP_114035_20240831_20240906_02_T1
LC08_L2SP_114035_20240831_20240906_02_T1,2024-08-31,114,035,972,43.46628278000003,43.90265000000002,,38.87202976286258,안동옥동,25.9,33.4,19.1,AWS,LC08_L2SP_114035_20240831_20240906_02_T1
LC08_L2SP_114035_20240831_20240906_02_T1,2024-08-31,114,035,805,37.182822679999994,37.50984581257144,36.61936674307181,34.38391660080404,죽장,23.7,31.5,18.7,AWS,LC08_L2SP_114035_20240831_20240906_02_T1
LC08_L2SP_114035_20240831_20240906_02_T1,2024-08-31,114,035,927,33.85481054000002,34.41810023600002,36.42393610432992,34.69067900630947,송백,25.4,34.3,19.0,AWS,LC08_L2SP_114035_20240831_20240906_02_T1
LC08_L2SP_114035_20240831_20240906_02_T1,2024-08-31,114,035,842,30.03346418000001,29.94176358628573,31.89023136610356,31.16616254317136,산내,24.3,30.5,19.8,AWS,LC08_L2SP_114035_20240831_20240906_02_T1
LC08_L2SP_114035_20240831_20240906_02_T1,2024-08-31,114,035,824,34.67513534,34.076298236000014,,,가산,26.3,33.0,21.1,AWS,LC08_L2SP_114035_20240831_20240906_02_T1
LC08_L2SP_114035_20240831_20240906_02_T1,2024-08-31,114,035,915,34.951994960000036,34.94652612800003,34.97320471483947,34.173048204182464,삼가,25.9,34.3,19.3,AWS,LC08_L2SP_114035_20240831_20240906_02_T1
LC08_L2SP_114035_20240831_20240906_02_T1,2024-08-31,114,035,925,39.725829560000044,40.194847009142876,39.077408065979405,36.62890376185569,생림,27.0,34.7,21.5,AWS,LC08_L2SP_114035_20240831_20240906_02_T1
LC08_L2SP_114035_20240831_20240906_02_T1,2024-08-31,114,035,835,37.45740362,37.0698978097143,37.04775047045457,35.651703901335694,봉화읍,25.1,32.8,18.1,AWS,LC08_L2SP_114035_20240831_20240906_02_T1
LC08_L2SP_114035_20240831_20240906_02_T1,2024-08-31,114,035,832,40.78313708000004,40.511062688000024,38.438580005783464,38.98385499292923,단북,27.5,34.5,21.0,AWS,LC08_L2SP_114035_20240831_20240906_02_T1
LC08_L2SP_114035_20240831_20240906_02_T1,2024-08-31,114,035,803,35.59914008000004,35.22875100363638,34.91908907407667,34.52296369448981,옥산,25.1,33.0,19.1,AWS,LC08_L2SP_114035_20240831_20240906_02_T1
LC08_L2SP_114035_20240831_20240906_02_T1,2024-08-31,114,035,826,43.39678304000004,43.16461810057145,41.869298287393825,40.88135295839405,신녕,26.8,34.0,21.7,AWS,LC08_L2SP_114035_20240831_20240906_02_T1
LC08_L2SP_114035_20240831_20240906_02_T1,2024-08-31,114,035,849,37.39360058000002,36.96227900857145,37.254291794639194,36.06466000641018,지보,26.8,34.3,20.0,AWS,LC08_L2SP_114035_20240831_20240906_02_T1
LC08_L2SP_114035_20240831_20240906_02_T1,2024-08-31,114,035,853,31.93844066000001,31.245201098857166,28.340819834793763,28.308306982068984,팔공산,23.0,29.4,19.6,AWS,LC08_L2SP_114035_20240831_20240906_02_T1
LC08_L2SP_114035_20240831_20240906_02_T1,2024-08-31,114,035,905,38.46571952000003,38.347553685714296,36.26423427165261,34.79470350057707,양산상북,25.8,33.0,19.6,AWS,LC08_L2SP_114035_20240831_20240906_02_T1
LC08_L2SP_114035_20240831_20240906_02_T1,2024-08-31,114,035,673,38.364318260000026,38.0988194874286,38.83309206824743,37.071883647042675,진영,26.8,34.1,21.0,AWS,LC08_L2SP_114035_20240831_20240906_02_T1
LC08_L2SP_114035_20240831_20240906_02_T1,2024-08-31,114,035,802,31.06456688000001,30.653265140000016,29.976590865782512,30.348024747377067,온정,23.5,29.4,18.0,AWS,LC08_L2SP_114035_20240831_20240906_02_T1
LC08_L2SP_114035_20240831_20240906_02_T1,2024-08-31,114,035,819,,,,32.401957704414734,예안,25.3,32.9,20.0,AWS,LC08_L2SP_114035_20240831_20240906_02_T1
LC08_L2SP_114035_20240831_20240906_02_T1,2024-08-31,114,035,839,42.02615702000003,41.86108293028574,39.956656400151154,37.852776666268795,길안,25.7,34.3,20.2,AWS,LC08_L2SP_114035_20240831_20240906_02_T1
LC08_L2SP_114035_20240831_20240906_02_T1,2024-08-31,114,035,841,37.13155238000002,37.15769209485717,36.96901416250297,36.70348143826385,화북,25.6,33.5,19.9,AWS,LC08_L2SP_114035_20240831_20240906_02_T1
LC08_L2SP_114035_20240831_20240906_02_T1,2024-08-31,114,035,935,36.098171,35.8633367497143,34.30930583523134,34.37088253102461,청덕,26.9,34.9,20.2,AWS,LC08_L2SP_114035_20240831_20240906_02_T1
LC08_L2SP_114035_20240831_20240906_02_T1,2024-08-31,114,035,900,33.97899860000001,34.51556263485717,34.53725170845363,34.357649591094045,두서,24.3,31.0,19.2,AWS,LC08_L2SP_114035_20240831_20240906_02_T1
LC08_L2SP_114035_20240831_20240906_02_T1,2024-08-31,114,035,806,,,,34.149820360187995,선산,27.0,33.3,21.1,AWS,LC08_L2SP_114035_20240831_20240906_02_T1
LC08_L2SP_114035_20240831_20240906_02_T1,2024-08-31,114,035,813,37.12471634,36.99802173200002,37.3771066304887,37.69585053612027,청도,26.3,33.6,20.5,AWS,LC08_L2SP_114035_20240831_20240906_02_T1
LC08_L2SP_114035_20240831_20240906_02_T1,2024-08-31,114,035,922,36.74303744000002,36.5538744474286,33.88370225974656,31.931214537268495,단장,25.7,32.4,19.7,AWS,LC08_L2SP_114035_20240831_20240906_02_T1
LC08_L2SP_114035_20240831_20240906_02_T1,2024-08-31,114,035,944,43.56654470000003,43.52575632800002,41.86918173399295,38.68834444611113,길곡,26.8,34.3,21.4,AWS,LC08_L2SP_114035_20240831_20240906_02_T1
LC08_L2SP_114035_20240831_20240906_02_T1,2024-08-31,114,035,848,39.56518262000001,38.817775580000024,35.04172341387549,34.534660706286516,청도금천,25.8,33.2,20.2,AWS,LC08_L2SP_114035_20240831_20240906_02_T1
LC08_L2SP_114035_20240831_20240906_02_T1,2024-08-31,114,035,829,35.55584516000001,36.349574509142876,36.03558168989693,34.432192816280676,외동,24.7,31.2,20.3,AWS,LC08_L2SP_114035_20240831_20240906_02_T1
LC08_L2SP_114035_20240831_20240906_02_T1,2024-08-31,114,035,954,36.29755550000002,37.27917829142858,40.94141651589207,41.42188094425351,온산,27.0,31.5,23.8,AWS,LC08_L2SP_114035_20240831_20240906_02_T1
LC08_L2SP_114035_20240831_20240906_02_T1,2024-08-31,114,035,854,,,,32.34572089054091,삼동,25.0,31.2,20.0,AWS,LC08_L2SP_114035_20240831_20240906_02_T1
LC08_L2SP_114035_20240831_20240906_02_T1,2024-08-31,114,035,817,31.351680560000016,31.572354441714314,31.47107242927837,30.532175221160372,수비,22.3,29.8,17.0,AWS,LC08_L2SP_114035_20240831_20240906_02_T1
LC08_L2SP_114035_20240831_20240906_02_T1,2024-08-31,114,035,814,34.53613586000002,34.8845134794286,35.01078946136002,33.44416820322198,부석,24.3,32.2,18.1,AWS,LC08_L2SP_114035_20240831_20240906_02_T1
LC08_L2SP_114035_20240831_20240906_02_T1,2024-08-31,114,035,808,44.54068040000002,42.871000416800015,43.10114324163144,41.116300407353776,호미곶,26.6,30.8,23.1,AWS,LC08_L2SP_114035_20240831_20240906_02_T1
LC08_L2SP_114035_20240831_20240906_02_T1,2024-08-31,114,035,815,42.28478720000002,41.84506706514288,40.59476751411767,39.21384194381011,예천,27.0,34.2,20.0,AWS,LC08_L2SP_114035_20240831_20240906_02_T1
LC08_L2SP_114035_20240831_20240906_02_T1,2024-08-31,114,035,816,,,36.17493177190478,34.72459087443072,구룡포,25.2,30.3,22.0,AWS,LC08_L2SP_114035_20240831_20240906_02_T1
LC08_L2SP_114035_20250802_20250808_02_T1,2025-08-02,114,035,919,43.13929220000002,43.61159745885716,40.92442698577321,41.0760006270255,창녕,30.0,37.3,24.7,AWS,LC08_L2SP_114035_20250802_20250808_02_T1
LC08_L2SP_114035_20250802_20250808_02_T1,2025-08-02,114,035,827,50.97111536000002,50.123757129090926,47.21166538938777,48.63953543203841,경산,30.6,38.3,24.8,AWS,LC08_L2SP_114035_20250802_20250808_02_T1
LC08_L2SP_114035_20250802_20250808_02_T1,2025-08-02,114,035,949,43.268037619999994,42.661111202000015,40.76981082320002,39.52721209598427,정자,28.1,32.6,24.9,AWS,LC08_L2SP_114035_20250802_20250808_02_T1
LC08_L2SP_114035_20250802_20250808_02_T1,2025-08-02,114,035,812,44.916662600000016,43.281709700000015,37.983124851958785,36.34559598474666,고령,28.2,37.0,22.9,AWS,LC08_L2SP_114035_20250802_20250808_02_T1
LC08_L2SP_114035_20250802_20250808_02_T1,2025-08-02,114,035,801,44.569163900000014,44.92441011200001,41.08604070406701,40.184776108943545,영양,27.4,36.2,21.2,AWS,LC08_L2SP_114035_20250802_20250808_02_T1
LC08_L2SP_114035_20250802_20250808_02_T1,2025-08-02,114,035,830,45.318849620000016,45.71778138285716,43.91853028536084,43.301990800062995,기계,29.1,37.3,21.7,AWS,LC08_L2SP_114035_20250802_20250808_02_T1
LC08_L2SP_114035_20250802_20250808_02_T1,2025-08-02,114,035,805,40.00154984000003,40.64260762914287,39.86152456247426,37.34797413915261,죽장,26.2,36.0,19.0,AWS,LC08_L2SP_114035_20250802_20250808_02_T1
LC08_L2SP_114035_20250802_20250808_02_T1,2025-08-02,114,035,927,,,43.58842737858066,39.31726421377559,송백,29.3,36.8,24.6,AWS,LC08_L2SP_114035_20250802_20250808_02_T1
LC08_L2SP_114035_20250802_20250808_02_T1,2025-08-02,114,035,915,38.73802178000003,38.61259672228573,38.58121158057605,37.387912431628195,삼가,29.2,36.5,23.8,AWS,LC08_L2SP_114035_20250802_20250808_02_T1
LC08_L2SP_114035_20250802_20250808_02_T1,2025-08-02,114,035,803,46.42173074000002,45.855478760000025,43.54860785315177,42.85629861662393,옥산,28.9,37.3,21.9,AWS,LC08_L2SP_114035_20250802_20250808_02_T1
LC08_L2SP_114035_20250802_20250808_02_T1,2025-08-02,114,035,905,43.80124874000003,43.47448602800002,41.19828751835053,38.38263707279132,양산상북,27.7,36.8,24.1,AWS,LC08_L2SP_114035_20250802_20250808_02_T1
LC08_L2SP_114035_20250802_20250808_02_T1,2025-08-02,114,035,673,43.96189568,43.585522849142876,44.50207204350517,42.483929537215715,진영,29.3,36.5,24.1,AWS,LC08_L2SP_114035_20250802_20250808_02_T1
LC08_L2SP_114035_20250802_20250808_02_T1,2025-08-02,114,035,859,32.682429680000006,32.6661208417143,32.83184374556703,32.92758381302034,토함산,26.9,32.4,22.3,AWS,LC08_L2SP_114035_20250802_20250808_02_T1
LC08_L2SP_114035_20250802_20250808_02_T1,2025-08-02,114,035,844,50.827558520000004,50.513165785142874,48.933830575463936,48.489244727644355,영덕읍,27.9,37.3,21.4,AWS,LC08_L2SP_114035_20250802_20250808_02_T1
LC08_L2SP_114035_20250802_20250808_02_T1,2025-08-02,114,035,841,42.94332572000004,42.27739776628575,40.86800420659796,39.900469162200594,화북,28.7,37.8,21.1,AWS,LC08_L2SP_114035_20250802_20250808_02_T1
LC08_L2SP_114035_20250802_20250808_02_T1,2025-08-02,114,035,935,42.84762116000004,42.15806003942859,40.99078380560002,39.18464604777974,청덕,29.3,37.5,23.7,AWS,LC08_L2SP_114035_20250802_20250808_02_T1
LC08_L2SP_114035_20250802_20250808_02_T1,2025-08-02,114,035,900,38.31988400000002,38.880276517142875,38.284544883711355,38.10859823690587,두서,27.6,34.7,23.2,AWS,LC08_L2SP_114035_20250802_20250808_02_T1
LC08_L2SP_114035_20250802_20250808_02_T1,2025-08-02,114,035,811,48.325567880000015,48.28129638285717,46.91972196308403,45.53727446000002,황성,29.1,37.6,23.9,AWS,LC08_L2SP_114035_20250802_20250808_02_T1
LC08_L2SP_114035_20250802_20250808_02_T1,2025-08-02,114,035,813,43.032194240000024,43.240888775428594,43.53655325000001,43.149067171068346,청도,29.1,36.7,23.9,AWS,LC08_L2SP_114035_20250802_20250808_02_T1
LC08_L2SP_114035_20250802_20250808_02_T1,2025-08-02,114,035,944,46.942409120000036,46.40636592628573,45.39824691683872,43.05487573351895,길곡,29.2,36.6,24.5,AWS,LC08_L2SP_114035_20250802_20250808_02_T1
LC08_L2SP_114035_20250802_20250808_02_T1,2025-08-02,114,035,829,43.39336502000001,43.72019283714286,43.033086918762905,40.962671154810515,외동,28.7,35.9,22.8,AWS,LC08_L2SP_114035_20250802_20250808_02_T1
LC08_L2SP_114035_20250802_20250808_02_T1,2025-08-02,114,035,312,44.53783205000002,44.13826551200002,38.88205221738719,34.674674524140144,주왕산,26.9,36.0,18.7,AWS,LC08_L2SP_114035_20250802_20250808_02_T1
LC08_L2SP_114035_20250802_20250808_02_T1,2025-08-02,114,035,954,37.17028994000003,36.86995991600002,39.98622571700002,43.49217967027029,온산,28.9,33.6,25.6,AWS,LC08_L2SP_114035_20250802_20250808_02_T1
LC08_L2SP_114035_20250802_20250808_02_T1,2025-08-02,114,035,854,,,,36.65555988102475,삼동,27.4,36.2,23.5,AWS,LC08_L2SP_114035_20250802_20250808_02_T1
LC08_L2SP_114035_20250802_20250808_02_T1,2025-08-02,114,035,816,,,37.68414356059408,35.5777994568685,구룡포,27.8,31.4,23.8,AWS,LC08_L2SP_114035_20250802_20250808_02_T1
LC08_L2SP_114035_20250802_20250808_02_T1,2025-08-02,114,035,995,42.80090822000002,42.34019167657146,37.13127831195879,36.28919185713856,오천,27.9,35.9,21.7,AWS,LC08_L2SP_114035_20250802_20250808_02_T1
LC08_L2SP_114035_20250802_20250808_02_T1,2025-08-02,114,035,925,43.918600760000025,44.33485049085716,43.18842132655175,40.34934723605896,생림,29.9,37.0,25.1,AWS,LC08_L2SP_114035_20250802_20250808_02_T1
LC08_L2SP_114035_20250802_20250808_02_T1,2025-08-02,114,035,840,43.35120944000001,43.5053458657143,47.4657929430928,46.16931874238704,하양,29.6,37.1,23.4,AWS,LC08_L2SP_114035_20250802_20250808_02_T1
LC08_L2SP_114035_20250802_20250808_02_T1,2025-08-02,114,035,836,42.950161760000015,43.532299394857155,41.83791534350517,39.95895844103385,현서,25.7,34.7,19.9,AWS,LC08_L2SP_114035_20250802_20250808_02_T1
LC08_L2SP_114036_20200820_20200905_02_T1,2020-08-20,114,036,919,39.81469808000001,40.15529563485715,37.89756864000002,38.323796832132864,창녕,29.0,35.8,23.2,AWS,LC08_L2SP_114036_20200820_20200905_02_T1
LC08_L2SP_114036_20200820_20200905_02_T1,2020-08-20,114,036,673,39.63012500000002,39.39258888628575,40.26069291876291,38.57116636660752,진영,29.2,36.8,23.8,AWS,LC08_L2SP_114036_20200820_20200905_02_T1
LC08_L2SP_114036_20200820_20200905_02_T1,2020-08-20,114,036,954,36.377309300000036,36.90817663485716,41.75579986004126,42.722652108431554,온산,27.0,30.4,23.9,AWS,LC08_L2SP_114036_20200820_20200905_02_T1
LC08_L2SP_114036_20200820_20200905_02_T1,2020-08-20,114,036,936,34.75033178000003,35.115181000571454,37.00279129896909,35.6086951403951,신포,27.7,34.6,22.0,AWS,LC08_L2SP_114036_20200820_20200905_02_T1
LC08_L2SP_114036_20200820_20200905_02_T1,2020-08-20,114,036,944,40.545015020000015,40.80686790457144,39.57897830764152,37.749347929091556,길곡,28.9,36.8,23.8,AWS,LC08_L2SP_114036_20200820_20200905_02_T1
LC08_L2SP_114036_20200820_20200905_02_T1,2020-08-20,114,036,908,37.64311604000002,37.88602332800002,38.87445676618558,37.37770240994841,진해,27.8,34.2,23.1,AWS,LC08_L2SP_114036_20200820_20200905_02_T1
LC08_L2SP_114036_20200820_20200905_02_T1,2020-08-20,114,036,905,43.52438912,43.34831226114287,40.187043005567034,37.70020829237907,양산상북,28.1,36.3,22.7,AWS,LC08_L2SP_114036_20200820_20200905_02_T1
LC08_L2SP_114036_20200820_20200905_02_T1,2020-08-20,114,036,925,41.57725706000002,42.05366394285717,41.04039346621967,38.71706017137727,생림,28.3,36.1,23.0,AWS,LC08_L2SP_114036_20200820_20200905_02_T1
LC08_L2SP_114036_20200820_20200905_02_T1,2020-08-20,114,036,922,38.59902230000002,38.98320774800003,36.11675466635733,33.824696142893025,단장,28.2,36.5,22.1,AWS,LC08_L2SP_114036_20200820_20200905_02_T1
LC08_L2SP_114036_20200820_20200905_02_T1,2020-08-20,114,036,907,,,36.00323443955557,36.31643175281252,삼천포,27.4,33.6,23.6,AWS,LC08_L2SP_114036_20200820_20200905_02_T1
LC08_L2SP_114036_20200820_20200905_02_T1,2020-08-20,114,036,918,37.497280520000025,38.06346739485716,39.01394173814435,38.10359042882911,고성,28.3,34.6,22.9,AWS,LC08_L2SP_114036_20200820_20200905_02_T1
LC08_L2SP_114036_20200820_20200905_02_T1,2020-08-20,114,036,917,39.420486440000026,38.252239756571456,37.15233790452176,35.84060511848443,사천,28.5,36.1,23.2,AWS,LC08_L2SP_114036_20200820_20200905_02_T1
LC08_L2SP_114036_20200820_20200905_02_T1,2020-08-20,114,036,930,38.456604800000015,37.826870219375024,34.7145253100501,33.32160074225147,사량도,27.4,33.6,23.6,AWS,LC08_L2SP_114036_20200820_20200905_02_T1
LC08_L2SP_114036_20200820_20200905_02_T1,2020-08-20,114,036,953,36.819373220000024,36.77477619714287,35.822471435272746,34.92858905069343,장목,27.3,34.0,23.3,AWS,LC08_L2SP_114036_20200820_20200905_02_T1
LC08_L2SP_114036_20200820_20200905_02_T1,2020-08-20,114,036,913,38.065811180000026,38.06871131818184,37.425644720085366,34.709118420866965,상주면,26.7,33.0,23.4,AWS,LC08_L2SP_114036_20200820_20200905_02_T1
LC08_L2SP_114036_20200820_20200905_02_T1,2020-08-20,114,036,935,37.39018256000001,36.61901214285716,35.35128928443116,34.82128519546771,청덕,29.0,36.5,23.2,AWS,LC08_L2SP_114036_20200820_20200905_02_T1
LC08_L2SP_114036_20200820_20200905_02_T1,2020-08-20,114,036,926,38.82916898000002,39.624916588571445,38.312491993402084,38.94773962396909,진북,28.3,34.4,22.5,AWS,LC08_L2SP_114036_20200820_20200905_02_T1
LC08_L2SP_114036_20200820_20200905_02_T1,2020-08-20,114,036,929,33.96190850000003,34.198858667428595,34.77683415958765,33.43017464048098,개천,27.4,34.7,22.0,AWS,LC08_L2SP_114036_20200820_20200905_02_T1
LC08_L2SP_114036_20200820_20200905_02_T1,2020-08-20,114,036,899,43.30221781999999,43.27126032457144,42.806182072164965,43.28074700186048,마산회원,29.6,36.0,25.7,AWS,LC08_L2SP_114036_20200820_20200905_02_T1
LC08_L2SP_114036_20200820_20200905_02_T1,2020-08-20,114,036,920,38.49762104000001,38.7597668977143,37.8848871202062,36.91219273496709,함안,27.7,35.1,22.5,AWS,LC08_L2SP_114036_20200820_20200905_02_T1
LC08_L2SP_114036_20200820_20200905_02_T1,2020-08-20,114,036,915,36.44453036000001,35.952498242857175,35.5314454940758,34.56242507555557,삼가,27.8,35.9,21.1,AWS,LC08_L2SP_114036_20200820_20200905_02_T1
LC08_L2SP_114036_20220709_20220721_02_T1,2022-07-09,114,036,919,36.16994942000002,36.486099993714305,34.841694319175275,35.01438434424279,창녕,28.8,34.6,23.3,AWS,LC08_L2SP_114036_20220709_20220721_02_T1
LC08_L2SP_114036_20220709_20220721_02_T1,2022-07-09,114,036,913,36.70543922000004,36.39255892769232,35.74300579951301,33.24254401576008,상주면,26.9,30.7,23.7,AWS,LC08_L2SP_114036_20220709_20220721_02_T1
LC08_L2SP_114036_20220709_20220721_02_T1,2022-07-09,114,036,907,,,30.55285168216751,30.943621556923095,삼천포,26.7,32.2,22.2,AWS,LC08_L2SP_114036_20220709_20220721_02_T1
LC08_L2SP_114036_20220709_20220721_02_T1,2022-07-09,114,036,929,30.551863880000024,30.806424988571443,31.380054432783524,29.897828885206206,개천,26.4,32.5,21.0,AWS,LC08_L2SP_114036_20220709_20220721_02_T1
LC08_L2SP_114036_20220709_20220721_02_T1,2022-07-09,114,036,926,33.82974506000003,34.10901357028573,33.303032972252495,33.187910397774885,진북,27.3,32.2,22.0,AWS,LC08_L2SP_114036_20220709_20220721_02_T1
LC08_L2SP_114036_20220709_20220721_02_T1,2022-07-09,114,036,925,35.14910077999999,35.53090989028575,36.04642464709792,34.907963284341825,생림,28.0,33.3,23.8,AWS,LC08_L2SP_114036_20220709_20220721_02_T1
LC08_L2SP_114036_20220709_20220721_02_T1,2022-07-09,114,036,922,,,,29.071674467640474,단장,27.3,33.6,22.9,AWS,LC08_L2SP_114036_20220709_20220721_02_T1
LC08_L2SP_114036_20220709_20220721_02_T1,2022-07-09,114,036,944,38.03732768000001,37.62869525085716,36.251697065000016,34.22868665004853,길곡,28.0,34.2,22.7,AWS,LC08_L2SP_114036_20220709_20220721_02_T1
LC08_L2SP_114036_20220709_20220721_02_T1,2022-07-09,114,036,920,35.12631398,35.50786266971431,34.55803781175259,33.83506078401376,함안,27.4,33.6,22.8,AWS,LC08_L2SP_114036_20220709_20220721_02_T1
LC08_L2SP_114036_20220709_20220721_02_T1,2022-07-09,114,036,917,35.22657590000002,34.616443053714306,33.43807464356523,32.07225260314308,사천,28.2,34.6,22.7,AWS,LC08_L2SP_114036_20220709_20220721_02_T1
LC08_L2SP_114036_20220709_20220721_02_T1,2022-07-09,114,036,915,32.83168322000002,33.066224497142876,32.87780887134023,32.06604021643861,삼가,27.5,34.8,20.2,AWS,LC08_L2SP_114036_20220709_20220721_02_T1
LC08_L2SP_114036_20220709_20220721_02_T1,2022-07-09,114,036,930,,,30.737383255681088,29.626503682099464,사량도,26.9,32.9,22.0,AWS,LC08_L2SP_114036_20220709_20220721_02_T1
LC08_L2SP_114036_20220709_20220721_02_T1,2022-07-09,114,036,905,37.89718886000003,37.82332707542859,35.61983755509862,34.18509721240677,양산상북,27.0,32.9,21.7,AWS,LC08_L2SP_114036_20220709_20220721_02_T1
LC08_L2SP_114036_20220709_20220721_02_T1,2022-07-09,114,036,918,32.75192942000001,33.10069767028573,33.467141295670125,32.84200861674657,고성,26.7,32.9,21.7,AWS,LC08_L2SP_114036_20220709_20220721_02_T1
LC08_L2SP_114036_20220709_20220721_02_T1,2022-07-09,114,036,673,34.48543523000001,34.51021587500002,34.53284443333335,32.561116296213115,진영,28.0,33.4,23.1,AWS,LC08_L2SP_114036_20220709_20220721_02_T1
LC08_L2SP_114036_20230813_20230818_02_T1,2023-08-13,114,036,905,38.87075489000003,38.809130000000025,37.11407397432655,36.00880096465013,양산상북,26.5,33.0,20.5,AWS,LC08_L2SP_114036_20230813_20230818_02_T1
LC08_L2SP_114036_20230813_20230818_02_T1,2023-08-13,114,036,936,35.79168854000002,35.955525632000025,37.78999781238206,36.328433244216235,신포,26.1,31.8,21.3,AWS,LC08_L2SP_114036_20230813_20230818_02_T1
LC08_L2SP_114036_20230813_20230818_02_T1,2023-08-13,114,036,944,45.43734098000001,45.14755798914288,42.489703599777485,40.127433173276614,길곡,26.9,32.2,22.0,AWS,LC08_L2SP_114036_20230813_20230818_02_T1
LC08_L2SP_114036_20230813_20230818_02_T1,2023-08-13,114,036,953,39.58683008000005,39.43526530742859,38.81107565584073,37.853219100153865,장목,26.2,29.6,23.1,AWS,LC08_L2SP_114036_20230813_20230818_02_T1
LC08_L2SP_114036_20240612_20240628_02_T1,2024-06-12,114,036,919,39.74519834000002,40.064180987428585,37.4558631591514,37.054972875206204,창녕,26.6,34.2,19.8,AWS,LC08_L2SP_114036_20240612_20240628_02_T1
LC08_L2SP_114036_20240612_20240628_02_T1,2024-06-12,114,036,907,,,33.374787145853674,33.71432589680002,삼천포,22.3,28.1,17.4,AWS,LC08_L2SP_114036_20240612_20240628_02_T1
LC08_L2SP_114036_20240612_20240628_02_T1,2024-06-12,114,036,929,35.235690620000035,35.18735005142859,35.55649509278352,33.140370969934175,개천,23.4,31.2,16.9,AWS,LC08_L2SP_114036_20240612_20240628_02_T1
LC08_L2SP_114036_20240612_20240628_02_T1,2024-06-12,114,036,915,36.63821816000003,36.89811789028573,36.03537418123713,34.20642243388986,삼가,24.7,33.4,17.0,AWS,LC08_L2SP_114036_20240612_20240628_02_T1
LC08_L2SP_114036_20240612_20240628_02_T1,2024-06-12,114,036,917,39.429601160000004,38.52021252457144,38.28275112090118,36.65305630226015,사천,23.6,31.0,16.3,AWS,LC08_L2SP_114036_20240612_20240628_02_T1
LC08_L2SP_114036_20240612_20240628_02_T1,2024-06-12,114,036,920,39.64721510000002,40.33498582914287,39.6278071674227,38.46840951054682,함안,25.2,33.4,18.4,AWS,LC08_L2SP_114036_20240612_20240628_02_T1
LC08_L2SP_114036_20240612_20240628_02_T1,2024-06-12,114,036,899,41.75727278000003,41.66928317942859,41.20681886494848,41.65441118846068,마산회원,25.4,31.3,19.8,AWS,LC08_L2SP_114036_20240612_20240628_02_T1
LC08_L2SP_114036_20240612_20240628_02_T1,2024-06-12,114,036,925,39.479732120000016,39.602064683428594,39.51089550727629,36.31427222891673,생림,24.9,33.4,17.8,AWS,LC08_L2SP_114036_20240612_20240628_02_T1
LC08_L2SP_114036_20240612_20240628_02_T1,2024-06-12,114,036,926,36.030949940000006,36.057089654857165,34.15218219525775,34.98909217048384,진북,23.7,30.3,17.2,AWS,LC08_L2SP_114036_20240612_20240628_02_T1
LC08_L2SP_114036_20240612_20240628_02_T1,2024-06-12,114,036,930,,,,28.487438639154952,사량도,21.2,29.0,15.7,AWS,LC08_L2SP_114036_20240612_20240628_02_T1
LC08_L2SP_114036_20240612_20240628_02_T1,2024-06-12,114,036,905,39.54011714000003,39.30625946685718,36.84188595195878,34.79706853099916,양산상북,24.8,33.3,17.3,AWS,LC08_L2SP_114036_20240612_20240628_02_T1
LC08_L2SP_114036_20240612_20240628_02_T1,2024-06-12,114,036,918,36.56416106,36.81940577257145,37.97593252350518,37.071044496582225,고성,23.1,28.6,17.6,AWS,LC08_L2SP_114036_20240612_20240628_02_T1
LC08_L2SP_114036_20240612_20240628_02_T1,2024-06-12,114,036,673,38.384826380000014,38.560838133714306,40.00411041855672,38.51240636575438,진영,24.3,32.3,17.7,AWS,LC08_L2SP_114036_20240612_20240628_02_T1
LC08_L2SP_114036_20240612_20240628_02_T1,2024-06-12,114,036,935,,,,32.62215270917868,청덕,25.3,33.8,18.3,AWS,LC08_L2SP_114036_20240612_20240628_02_T1
LC08_L2SP_114036_20240612_20240628_02_T1,2024-06-12,114,036,936,37.39360058000002,37.301248934857156,37.99394398025976,35.70520453529889,신포,24.9,32.5,18.7,AWS,LC08_L2SP_114036_20240612_20240628_02_T1
LC08_L2SP_114036_20240612_20240628_02_T1,2024-06-12,114,036,944,41.73676466000003,41.3493565074286,39.01049715526503,36.467466718210325,길곡,25.1,33.6,18.7,AWS,LC08_L2SP_114036_20240612_20240628_02_T1
LC08_L2SP_114036_20240612_20240628_02_T1,2024-06-12,114,036,922,,,,30.54172405461743,단장,24.7,32.9,17.5,AWS,LC08_L2SP_114036_20240612_20240628_02_T1
LC08_L2SP_114036_20240612_20240628_02_T1,2024-06-12,114,036,908,37.573616300000026,37.357304462857165,37.589296907216514,35.0143985245606,진해,23.3,30.3,17.0,AWS,LC08_L2SP_114036_20240612_20240628_02_T1
LC08_L2SP_114036_20240612_20240628_02_T1,2024-06-12,114,036,913,37.78895156000002,37.7893459469231,36.54067636845661,32.659108191769036,상주면,22.5,28.5,16.6,AWS,LC08_L2SP_114036_20240612_20240628_02_T1
LC08_L2SP_114036_20240730_20240801_02_T1,2024-07-30,114,036,919,43.75453580000002,44.58182685028574,42.161888736995444,41.98397524013675,창녕,29.4,35.2,24.1,AWS,LC08_L2SP_114036_20240730_20240801_02_T1
LC08_L2SP_114036_20240730_20240801_02_T1,2024-07-30,114,036,907,,,,36.37067005509093,삼천포,28.5,33.9,24.5,AWS,LC08_L2SP_114036_20240730_20240801_02_T1
LC08_L2SP_114036_20240730_20240801_02_T1,2024-07-30,114,036,929,,,,34.386937342248146,개천,27.6,34.9,21.7,AWS,LC08_L2SP_114036_20240730_20240801_02_T1
LC08_L2SP_114036_20240730_20240801_02_T1,2024-07-30,114,036,915,36.433136960000034,36.45924412228573,37.02836746358623,36.387325219262316,삼가,28.4,34.8,22.9,AWS,LC08_L2SP_114036_20240730_20240801_02_T1
LC08_L2SP_114036_20240730_20240801_02_T1,2024-07-30,114,036,917,41.86778876000002,40.89358795485717,39.49612070497818,37.80524821276931,사천,29.4,35.2,24.7,AWS,LC08_L2SP_114036_20240730_20240801_02_T1
LC08_L2SP_114036_20240730_20240801_02_T1,2024-07-30,114,036,920,40.54387568000004,41.23109301542859,40.49875233463919,39.565678084488994,함안,28.7,34.6,23.6,AWS,LC08_L2SP_114036_20240730_20240801_02_T1
LC08_L2SP_114036_20240730_20240801_02_T1,2024-07-30,114,036,899,48.79611530000002,48.778178833142874,48.38597906165329,48.881300586239966,마산회원,30.3,36.4,25.5,AWS,LC08_L2SP_114036_20240730_20240801_02_T1
LC08_L2SP_114036_20240730_20240801_02_T1,2024-07-30,114,036,925,44.54523776000002,44.69540277200002,43.221457798762906,40.786371170672666,생림,29.6,35.8,23.7,AWS,LC08_L2SP_114036_20240730_20240801_02_T1
LC08_L2SP_114036_20240730_20240801_02_T1,2024-07-30,114,036,926,39.572018660000026,39.9704295817143,39.451009789278366,40.81791320733468,진북,28.7,35.1,22.9,AWS,LC08_L2SP_114036_20240730_20240801_02_T1
LC08_L2SP_114036_20240730_20240801_02_T1,2024-07-30,114,036,905,45.14566994000004,44.86591314114288,41.931650528866,39.24192612655026,양산상북,29.3,35.4,23.7,AWS,LC08_L2SP_114036_20240730_20240801_02_T1
LC08_L2SP_114036_20240730_20240801_02_T1,2024-07-30,114,036,918,38.42128526000001,38.29599041257145,38.87523896720875,38.939098187684074,고성,28.2,34.6,23.2,AWS,LC08_L2SP_114036_20240730_20240801_02_T1
LC08_L2SP_114036_20240730_20240801_02_T1,2024-07-30,114,036,673,43.263480259999994,43.28629961257144,44.784898516288685,42.61844061944462,진영,29.3,35.5,24.0,AWS,LC08_L2SP_114036_20240730_20240801_02_T1
LC08_L2SP_114036_20240730_20240801_02_T1,2024-07-30,114,036,935,,,38.2480196625574,37.70319668486809,청덕,29.1,35.5,23.4,AWS,LC08_L2SP_114036_20240730_20240801_02_T1
LC08_L2SP_114036_20240730_20240801_02_T1,2024-07-30,114,036,936,37.29219932000003,37.7897328217143,39.559724750721664,37.907537185462374,신포,28.5,34.9,23.2,AWS,LC08_L2SP_114036_20240730_20240801_02_T1
LC08_L2SP_114036_20240730_20240801_02_T1,2024-07-30,114,036,944,46.52655002000002,46.0450323834286,43.09518404084807,40.46044297355995,길곡,29.8,35.8,24.9,AWS,LC08_L2SP_114036_20240730_20240801_02_T1
LC08_L2SP_114036_20240730_20240801_02_T1,2024-07-30,114,036,922,41.42116748000001,41.0354846137143,37.048430961536695,34.35715253319151,단장,28.4,35.7,22.4,AWS,LC08_L2SP_114036_20240730_20240801_02_T1
LC08_L2SP_114036_20240730_20240801_02_T1,2024-07-30,114,036,953,38.29709720000002,38.515036665714305,37.630044148035736,36.42123563744757,장목,28.8,33.7,25.1,AWS,LC08_L2SP_114036_20240730_20240801_02_T1
LC08_L2SP_114036_20240730_20240801_02_T1,2024-07-30,114,036,908,40.81731728000002,40.39641253142859,41.71276780234484,39.305691779430276,진해,28.2,33.4,23.8,AWS,LC08_L2SP_114036_20240730_20240801_02_T1
LC08_L2SP_114036_20240831_20240906_02_T1,2024-08-31,114,036,919,41.58978980000003,41.604145484000014,38.41428851034405,38.64799630134022,창녕,27.2,34.3,20.7,AWS,LC08_L2SP_114036_20240831_20240906_02_T1
LC08_L2SP_114036_20240831_20240906_02_T1,2024-08-31,114,036,907,,,37.89119437795456,37.22252725691632,삼천포,26.8,33.4,22.2,AWS,LC08_L2SP_114036_20240831_20240906_02_T1
LC08_L2SP_114036_20240831_20240906_02_T1,2024-08-31,114,036,931,34.00520342000001,33.85060374615386,34.61066658863743,34.3573174616794,욕지도,26.8,32.1,23.9,AWS,LC08_L2SP_114036_20240831_20240906_02_T1
LC08_L2SP_114036_20240831_20240906_02_T1,2024-08-31,114,036,306,39.482580470000016,38.37873091100001,35.039488503772745,33.14054746297991,소리도,27.9,31.5,25.0,AWS,LC08_L2SP_114036_20240831_20240906_02_T1
LC08_L2SP_114036_20240831_20240906_02_T1,2024-08-31,114,036,929,32.383922600000005,32.64619866800001,33.56422402639178,32.19016238846839,개천,25.4,33.0,20.1,AWS,LC08_L2SP_114036_20240831_20240906_02_T1
LC08_L2SP_114036_20240831_20240906_02_T1,2024-08-31,114,036,915,34.937183540000014,34.93929945714287,34.96142290061858,34.17310703413083,삼가,25.9,34.3,19.3,AWS,LC08_L2SP_114036_20240831_20240906_02_T1
LC08_L2SP_114036_20240831_20240906_02_T1,2024-08-31,114,036,917,38.91575882000003,38.39169497257145,37.52796486718025,35.73426726157784,사천,26.1,34.6,20.5,AWS,LC08_L2SP_114036_20240831_20240906_02_T1
LC08_L2SP_114036_20240831_20240906_02_T1,2024-08-31,114,036,920,37.7786975,38.35145999428573,37.84147474247425,36.9946851260464,함안,25.9,33.8,20.1,AWS,LC08_L2SP_114036_20240831_20240906_02_T1
LC08_L2SP_114036_20240831_20240906_02_T1,2024-08-31,114,036,925,39.720132860000014,40.189378177142885,39.07782308329899,36.62990097800002,생림,27.0,34.7,21.5,AWS,LC08_L2SP_114036_20240831_20240906_02_T1
LC08_L2SP_114036_20240831_20240906_02_T1,2024-08-31,114,036,926,36.16653140000002,36.52770218000003,35.79355220268043,36.68460426957345,진북,26.2,33.4,21.1,AWS,LC08_L2SP_114036_20240831_20240906_02_T1
LC08_L2SP_114036_20240831_20240906_02_T1,2024-08-31,114,036,899,41.961214640000016,42.01753058857144,41.55926727427588,41.79361798806787,마산회원,27.9,34.1,24.8,AWS,LC08_L2SP_114036_20240831_20240906_02_T1
LC08_L2SP_114036_20240831_20240906_02_T1,2024-08-31,114,036,905,38.51585048000002,38.38056199314287,36.788430165548974,34.95878696753625,양산상북,25.8,33.0,19.6,AWS,LC08_L2SP_114036_20240831_20240906_02_T1
LC08_L2SP_114036_20240831_20240906_02_T1,2024-08-31,114,036,918,37.458542960000024,38.02352538971431,38.833835967216515,37.71462740110755,고성,26.6,33.3,21.1,AWS,LC08_L2SP_114036_20240831_20240906_02_T1
LC08_L2SP_114036_20240831_20240906_02_T1,2024-08-31,114,036,673,38.346088820000034,38.07694415942858,38.83504578185568,37.06999996868596,진영,26.8,34.1,21.0,AWS,LC08_L2SP_114036_20240831_20240906_02_T1
LC08_L2SP_114036_20240831_20240906_02_T1,2024-08-31,114,036,947,34.18977650000003,35.2160614194286,33.86935594669606,32.739978149295794,명사,27.4,32.2,24.4,AWS,LC08_L2SP_114036_20240831_20240906_02_T1
LC08_L2SP_114036_20240831_20240906_02_T1,2024-08-31,114,036,936,35.77118042000003,35.915192996000016,37.52957356577321,35.955755783246516,신포,26.0,33.7,20.2,AWS,LC08_L2SP_114036_20240831_20240906_02_T1
LC08_L2SP_114036_20240831_20240906_02_T1,2024-08-31,114,036,935,36.06854816000001,35.846734938285735,34.295225450745576,34.36773660656718,청덕,26.9,34.9,20.2,AWS,LC08_L2SP_114036_20240831_20240906_02_T1
LC08_L2SP_114036_20240831_20240906_02_T1,2024-08-31,114,036,922,36.721389980000005,36.5360030857143,33.88786582202533,31.931722531745653,단장,25.7,32.4,19.7,AWS,LC08_L2SP_114036_20240831_20240906_02_T1
LC08_L2SP_114036_20240831_20240906_02_T1,2024-08-31,114,036,944,43.559708660000034,43.524682093142886,41.86561878028271,38.68762582085079,길곡,26.8,34.3,21.4,AWS,LC08_L2SP_114036_20240831_20240906_02_T1
LC08_L2SP_114036_20240831_20240906_02_T1,2024-08-31,114,036,908,38.72207102000002,38.956644849714316,41.03900308804125,38.33565434815837,진해,26.3,32.9,20.8,AWS,LC08_L2SP_114036_20240831_20240906_02_T1
LC08_L2SP_114036_20240831_20240906_02_T1,2024-08-31,114,036,953,36.26451464000004,36.46647079314288,34.83218976648651,33.89042803077326,장목,26.6,33.0,23.0,AWS,LC08_L2SP_114036_20240831_20240906_02_T1
LC08_L2SP_114036_20240831_20240906_02_T1,2024-08-31,114,036,913,38.24468756000001,37.902722797142864,37.65898849484538,34.36249103331023,상주면,26.9,31.2,22.8,AWS,LC08_L2SP_114036_20240831_20240906_02_T1
LC08_L2SP_114036_20250802_20250808_02_T1,2025-08-02,114,036,919,43.116505400000015,43.596167540000025,40.93187772123713,41.08666371432581,창녕,30.0,37.3,24.7,AWS,LC08_L2SP_114036_20250802_20250808_02_T1
LC08_L2SP_114036_20250802_20250808_02_T1,2025-08-02,114,036,926,39.763427779999994,40.08019685257143,39.03357693363638,39.36367909273888,진북,28.8,34.2,24.1,AWS,LC08_L2SP_114036_20250802_20250808_02_T1
LC08_L2SP_114036_20250802_20250808_02_T1,2025-08-02,114,036,920,42.13553366000002,42.364606105142876,41.7603814946392,40.167978612476404,함안,29.1,37.0,23.5,AWS,LC08_L2SP_114036_20250802_20250808_02_T1
LC08_L2SP_114036_20250802_20250808_02_T1,2025-08-02,114,036,915,38.75283320000002,38.627343037142886,38.59623826758066,37.407494015606254,삼가,29.2,36.5,23.8,AWS,LC08_L2SP_114036_20250802_20250808_02_T1
LC08_L2SP_114036_20250802_20250808_02_T1,2025-08-02,114,036,899,47.79121742000003,48.00404613200002,47.45826390247424,47.882925611497576,마산회원,30.3,35.8,26.2,AWS,LC08_L2SP_114036_20250802_20250808_02_T1
LC08_L2SP_114036_20250802_20250808_02_T1,2025-08-02,114,036,905,43.8001094,43.474193054857146,41.19895702742269,38.38743482602922,양산상북,27.7,36.8,24.1,AWS,LC08_L2SP_114036_20250802_20250808_02_T1
LC08_L2SP_114036_20250802_20250808_02_T1,2025-08-02,114,036,673,43.967592380000006,43.58298374857143,44.51982773731961,42.50148176996851,진영,29.3,36.5,24.1,AWS,LC08_L2SP_114036_20250802_20250808_02_T1
LC08_L2SP_114036_20250802_20250808_02_T1,2025-08-02,114,036,935,42.83736710000003,42.15229823428573,41.00084082680002,39.20104099103149,청덕,29.3,37.5,23.7,AWS,LC08_L2SP_114036_20250802_20250808_02_T1
LC08_L2SP_114036_20250802_20250808_02_T1,2025-08-02,114,036,944,46.91962232000003,46.38488122914287,45.50425988395272,43.13406436692668,길곡,29.2,36.6,24.5,AWS,LC08_L2SP_114036_20250802_20250808_02_T1
LC08_L2SP_114036_20250802_20250808_02_T1,2025-08-02,114,036,908,42.04210778000004,41.82280110628574,42.540594479175276,40.10442392423771,진해,28.4,33.7,24.0,AWS,LC08_L2SP_114036_20250802_20250808_02_T1
LC08_L2SP_114036_20250802_20250808_02_T1,2025-08-02,114,036,925,,,43.951461724210546,40.38085620764387,생림,29.9,37.0,25.1,AWS,LC08_L2SP_114036_20250802_20250808_02_T1
LC08_L2SP_115034_20200608_20200824_02_T1,2020-06-08,115,034,542,36.80570114000002,37.432110272000024,32.39032013113404,31.96634566044204,청평,23.5,30.7,16.6,AWS,LC08_L2SP_115034_20200608_20200824_02_T1
LC08_L2SP_115034_20200608_20200824_02_T1,2020-06-08,115,034,558,34.48258688000002,35.008050488000016,34.482312811958785,32.099757569756676,팔봉,23.7,32.9,15.9,AWS,LC08_L2SP_115034_20200608_20200824_02_T1
LC08_L2SP_115034_20200608_20200824_02_T1,2020-06-08,115,034,588,37.28992064000003,37.14450830342859,35.213953109072186,33.283414019316304,남산,23.9,32.0,16.2,AWS,LC08_L2SP_115034_20200608_20200824_02_T1
LC08_L2SP_115034_20200608_20200824_02_T1,2020-06-08,115,034,682,25.334826020000037,25.326655324571444,25.49183960082476,25.031699994054073,임남,19.3,26.0,14.3,AWS,LC08_L2SP_115034_20200608_20200824_02_T1
LC08_L2SP_115034_20200608_20200824_02_T1,2020-06-08,115,034,446,,38.804559236000024,,,남촌,22.9,31.1,16.7,AWS,LC08_L2SP_115034_20200608_20200824_02_T1
LC08_L2SP_115034_20200608_20200824_02_T1,2020-06-08,115,034,444,40.181565560000024,39.677651754285726,39.79810913298971,39.66646123704554,하남,24.5,32.4,17.8,AWS,LC08_L2SP_115034_20200608_20200824_02_T1
LC08_L2SP_115034_20200608_20200824_02_T1,2020-06-08,115,034,371,40.04598410000002,39.96310525314287,38.50482119896909,37.18626842513601,기흥구갈,25.0,32.5,18.3,AWS,LC08_L2SP_115034_20200608_20200824_02_T1
LC08_L2SP_115034_20200608_20200824_02_T1,2020-06-08,115,034,364,39.33047858000001,39.00654794171431,37.64695299257734,37.26091397731,분당구,24.7,31.0,19.3,AWS,LC08_L2SP_115034_20200608_20200824_02_T1
LC08_L2SP_115034_20200608_20200824_02_T1,2020-06-08,115,034,623,40.879980980000006,40.507937641142874,40.47087961484539,37.32683290751792,증평,25.0,31.7,18.0,AWS,LC08_L2SP_115034_20200608_20200824_02_T1
LC08_L2SP_115034_20200608_20200824_02_T1,2020-06-08,115,034,551,37.53715742000003,38.48634971214288,39.28227856099257,37.76692522450731,평택,24.0,31.8,17.9,AWS,LC08_L2SP_115034_20200608_20200824_02_T1
LC08_L2SP_115034_20200608_20200824_02_T1,2020-06-08,115,034,572,39.785075240000005,39.68185103600002,39.40353728927837,38.37428821890067,성남,25.3,32.3,19.0,AWS,LC08_L2SP_115034_20200608_20200824_02_T1
LC08_L2SP_115034_20200608_20200824_02_T1,2020-06-08,115,034,837,36.447948380000035,36.133946276,35.69354477443301,36.81504972967651,이산,23.8,32.2,15.6,AWS,LC08_L2SP_115034_20200608_20200824_02_T1
LC08_L2SP_115034_20200608_20200824_02_T1,2020-06-08,115,034,550,40.530203600000014,40.52356287542859,37.662860684742284,37.96763582111654,오산,24.3,32.1,18.0,AWS,LC08_L2SP_115034_20200608_20200824_02_T1
LC08_L2SP_115034_20200608_20200824_02_T1,2020-06-08,115,034,675,,,28.843939477547192,28.76797486805972,남이섬,23.9,31.4,17.1,AWS,LC08_L2SP_115034_20200608_20200824_02_T1
LC08_L2SP_115034_20200608_20200824_02_T1,2020-06-08,115,034,640,37.245486380000024,36.64098512857144,33.67715180515466,32.94653019241914,청천,23.4,33.3,15.1,AWS,LC08_L2SP_115034_20200608_20200824_02_T1
LC08_L2SP_115034_20200608_20200824_02_T1,2020-06-08,115,034,587,37.33663358000003,36.804952430857156,32.3037390133808,30.87322112308501,방산,21.9,30.0,14.1,AWS,LC08_L2SP_115034_20200608_20200824_02_T1
LC08_L2SP_115034_20200608_20200824_02_T1,2020-06-08,115,034,522,33.98127728000001,32.938781180000014,31.06243640682929,31.395405984601485,화촌,23.6,32.5,15.8,AWS,LC08_L2SP_115034_20200608_20200824_02_T1
LC08_L2SP_115034_20200608_20200824_02_T1,2020-06-08,115,034,820,36.98343818000001,35.590188122857164,33.322401733676664,33.23350707958606,하회,23.8,32.5,15.2,AWS,LC08_L2SP_115034_20200608_20200824_02_T1
LC08_L2SP_115034_20200608_20200824_02_T1,2020-06-08,115,034,814,36.86836484000003,37.2258571794286,36.35718487525775,34.13274459056401,부석,23.5,31.7,14.6,AWS,LC08_L2SP_115034_20200608_20200824_02_T1
LC08_L2SP_115034_20200608_20200824_02_T1,2020-06-08,115,034,879,,,34.197876739178106,33.03428078492622,스키점프,21.2,28.5,13.6,AWS,LC08_L2SP_115034_20200608_20200824_02_T1
LC08_L2SP_115034_20200608_20200824_02_T1,2020-06-08,115,034,877,33.99039200000002,33.71750379371431,33.42585179092085,34.11862477518899,문막,24.9,32.6,17.6,AWS,LC08_L2SP_115034_20200608_20200824_02_T1
LC08_L2SP_115034_20200608_20200824_02_T1,2020-06-08,115,034,876,40.220303120000004,39.23848501314287,37.42034570556702,36.9361225936968,삼척,24.6,28.8,17.7,AWS,LC08_L2SP_115034_20200608_20200824_02_T1
LC08_L2SP_115034_20200608_20200824_02_T1,2020-06-08,115,034,681,,,,27.644759176846865,간동,23.3,31.7,16.2,AWS,LC08_L2SP_115034_20200608_20200824_02_T1
LC08_L2SP_115034_20200608_20200824_02_T1,2020-06-08,115,034,695,,,24.311285358046533,24.459182807392715,광덕산,19.7,26.3,14.3,AWS,LC08_L2SP_115034_20200608_20200824_02_T1
LC08_L2SP_115034_20200608_20200824_02_T1,2020-06-08,115,034,818,34.26497294000003,33.688499452571456,31.479795623505172,31.95391780944176,마성,24.9,33.6,16.6,AWS,LC08_L2SP_115034_20200608_20200824_02_T1
LC08_L2SP_115034_20200608_20200824_02_T1,2020-06-08,115,034,815,38.92715222,38.32274862628572,37.15378712865981,35.92230811104035,예천,24.7,32.7,17.2,AWS,LC08_L2SP_115034_20200608_20200824_02_T1
LC08_L2SP_115034_20200608_20200824_02_T1,2020-06-08,115,034,849,35.94663878000002,35.981404926285734,36.14751107793816,34.71706259535072,지보,25.4,34.8,17.2,AWS,LC08_L2SP_115034_20200608_20200824_02_T1
LC08_L2SP_115034_20200608_20200824_02_T1,2020-06-08,115,034,831,29.139082280000025,29.115384008000017,29.21304149855672,28.614416373089057,석포,20.9,30.3,11.5,AWS,LC08_L2SP_115034_20200608_20200824_02_T1
LC08_L2SP_115034_20200608_20200824_02_T1,2020-06-08,115,034,580,33.02764970000002,33.3593929554286,34.99884493402064,35.282460641162345,옥계,25.0,29.0,17.7,AWS,LC08_L2SP_115034_20200608_20200824_02_T1
LC08_L2SP_115034_20200608_20200824_02_T1,2020-06-08,115,034,617,41.34483170000001,41.36527471485716,37.60320781793816,37.297986697503596,직산,24.0,32.2,18.2,AWS,LC08_L2SP_115034_20200608_20200824_02_T1
LC08_L2SP_115034_20200608_20200824_02_T1,2020-06-08,115,034,619,38.24240888000003,38.22196586514288,35.8391218874227,35.56133897724021,음성,24.8,31.7,17.4,AWS,LC08_L2SP_115034_20200608_20200824_02_T1
LC08_L2SP_115034_20200608_20200824_02_T1,2020-06-08,115,034,620,32.13440714000003,32.61533883028573,33.947938860412386,34.31824970583842,엄정,24.7,32.1,17.9,AWS,LC08_L2SP_115034_20200608_20200824_02_T1
LC08_L2SP_115034_20200608_20200824_02_T1,2020-06-08,115,034,621,36.46845650000002,36.316887527096796,33.80700201065602,30.777012421815666,수산,24.4,32.8,17.1,AWS,LC08_L2SP_115034_20200608_20200824_02_T1
LC08_L2SP_115034_20200608_20200824_02_T1,2020-06-08,115,034,622,41.621691320000025,41.086266625142876,36.833346774845374,34.131188721168066,수안보,23.8,31.4,16.7,AWS,LC08_L2SP_115034_20200608_20200824_02_T1
LC08_L2SP_115034_20200608_20200824_02_T1,2020-06-08,115,034,552,,,,26.770242763959583,김화,21.7,30.2,13.8,AWS,LC08_L2SP_115034_20200608_20200824_02_T1
LC08_L2SP_115034_20200608_20200824_02_T1,2020-06-08,115,034,536,37.81629572000001,38.04403350971432,36.354831805360845,35.543373047862765,횡성,23.9,31.5,16.8,AWS,LC08_L2SP_115034_20200608_20200824_02_T1
LC08_L2SP_115034_20200608_20200824_02_T1,2020-06-08,115,034,535,37.54171478000003,37.55974890457146,37.7220887204367,35.72278926297299,서석,22.8,30.9,14.8,AWS,LC08_L2SP_115034_20200608_20200824_02_T1
LC08_L2SP_115034_20200608_20200824_02_T1,2020-06-08,115,034,597,36.47187452000001,37.30046767314286,35.1374724645361,33.10520832158605,대화,21.8,29.9,13.5,AWS,LC08_L2SP_115034_20200608_20200824_02_T1
LC08_L2SP_115034_20200608_20200824_02_T1,2020-06-08,115,034,527,39.20401184,38.78447429942858,34.596356439175274,31.91419421313486,신동,23.6,32.5,15.7,AWS,LC08_L2SP_115034_20200608_20200824_02_T1
LC08_L2SP_115034_20200608_20200824_02_T1,2020-06-08,115,034,525,40.462982540000006,40.52239098285717,38.32150041084527,34.77467047789749,봉평,21.9,29.2,13.8,AWS,LC08_L2SP_115034_20200608_20200824_02_T1
LC08_L2SP_115034_20200608_20200824_02_T1,2020-06-08,115,034,583,34.37321024000001,33.95246825428573,31.669689538762903,30.147382474384198,안흥,21.1,27.7,14.3,AWS,LC08_L2SP_115034_20200608_20200824_02_T1
LC08_L2SP_115034_20200608_20200824_02_T1,2020-06-08,115,034,521,,,36.66717378376714,,강현,22.6,28.6,16.8,AWS,LC08_L2SP_115034_20200608_20200824_02_T1
LC08_L2SP_115034_20200608_20200824_02_T1,2020-06-08,115,034,520,,,,29.681319627572833,설악동,24.8,31.9,15.0,AWS,LC08_L2SP_115034_20200608_20200824_02_T1
LC08_L2SP_115034_20200608_20200824_02_T1,2020-06-08,115,034,519,35.97512228000003,36.15113403371431,34.71035699855672,33.20003709346695,사내,21.9,31.2,13.5,AWS,LC08_L2SP_115034_20200608_20200824_02_T1
LC08_L2SP_115034_20200608_20200824_02_T1,2020-06-08,115,034,581,37.30815008000002,36.71696283028573,33.11984227381445,30.258450722925872,상동,23.0,31.4,15.2,AWS,LC08_L2SP_115034_20200608_20200824_02_T1
LC08_L2SP_115034_20200608_20200824_02_T1,2020-06-08,115,034,322,31.747031540000023,31.137191666857156,29.815888275629757,28.843251324186067,상서,21.7,30.7,14.1,AWS,LC08_L2SP_115034_20200608_20200824_02_T1
LC08_L2SP_115034_20200608_20200824_02_T1,2020-06-08,115,034,569,36.82848794,37.264366871428585,38.62265434650098,39.09772987246887,구리,25.4,33.1,19.5,AWS,LC08_L2SP_115034_20200608_20200824_02_T1
LC08_L2SP_115034_20200608_20200824_02_T1,2020-06-08,115,034,323,33.435533420000034,33.22179323600002,31.519692099793833,30.495556298433648,마현,22.4,30.3,15.4,AWS,LC08_L2SP_115034_20200608_20200824_02_T1
LC08_L2SP_115034_20200608_20200824_02_T1,2020-06-08,115,034,660,34.48600490000001,34.59671619542859,31.578444457319605,29.625417370964808,면온,22.0,29.5,13.7,AWS,LC08_L2SP_115034_20200608_20200824_02_T1
LC08_L2SP_115034_20200608_20200824_02_T1,2020-06-08,115,034,560,41.423446160000026,41.31625054228573,39.594598758258364,36.74988747263865,진부,22.5,30.8,12.7,AWS,LC08_L2SP_115034_20200608_20200824_02_T1
LC08_L2SP_115034_20200608_20200824_02_T1,2020-06-08,115,034,561,39.08324180000002,39.0017627137143,36.59881892144332,33.477011201969674,청일,23.6,31.4,16.0,AWS,LC08_L2SP_115034_20200608_20200824_02_T1
LC08_L2SP_115034_20200608_20200824_02_T1,2020-06-08,115,034,573,36.82051256000003,36.65338765828574,34.471749446597954,33.22051585744062,청운,23.1,30.6,15.5,AWS,LC08_L2SP_115034_20200608_20200824_02_T1
LC08_L2SP_115034_20200608_20200824_02_T1,2020-06-08,115,034,318,,,,28.222846538312673,평창용산,22.1,29.4,13.2,AWS,LC08_L2SP_115034_20200608_20200824_02_T1
LC08_L2SP_115034_20200608_20200824_02_T1,2020-06-08,115,034,638,39.06045500000001,39.43008944857145,35.49424641010311,34.8072900993143,영춘,24.5,34.1,16.9,AWS,LC08_L2SP_115034_20200608_20200824_02_T1
LC08_L2SP_115034_20200608_20200824_02_T1,2020-06-08,115,034,555,40.41513026000001,39.901776208571455,34.325251750339,32.95695238450406,화천,24.0,32.8,16.4,AWS,LC08_L2SP_115034_20200608_20200824_02_T1
LC08_L2SP_115034_20200608_20200824_02_T1,2020-06-08,115,034,639,38.249244920000024,38.48124709657145,34.40642447782611,31.84083940290025,덕산,23.5,30.8,16.3,AWS,LC08_L2SP_115034_20200608_20200824_02_T1
LC08_L2SP_115034_20200608_20200824_02_T1,2020-06-08,115,034,325,36.296416160000014,36.58864059371431,35.6315662445361,34.66245549369026,백운,23.3,31.5,15.6,AWS,LC08_L2SP_115034_20200608_20200824_02_T1
LC08_L2SP_115034_20200608_20200824_02_T1,2020-06-08,115,034,324,,,28.693988506309164,30.183055373683338,송계,24.2,31.3,17.0,AWS,LC08_L2SP_115034_20200608_20200824_02_T1
LC08_L2SP_115034_20200608_20200824_02_T1,2020-06-08,115,034,574,36.36819458000004,36.39137201085717,36.478466976965535,35.88750013194032,대신,25.0,32.1,18.0,AWS,LC08_L2SP_115034_20200608_20200824_02_T1
LC08_L2SP_115034_20200608_20200824_02_T1,2020-06-08,115,034,586,,,,28.67214569138463,북산,22.8,30.9,15.6,AWS,LC08_L2SP_115034_20200608_20200824_02_T1
LC08_L2SP_115034_20200608_20200824_02_T1,2020-06-08,115,034,563,,,,30.101213863390278,북평,23.5,32.8,14.8,AWS,LC08_L2SP_115034_20200608_20200824_02_T1
LC08_L2SP_115034_20200608_20200824_02_T1,2020-06-08,115,034,630,34.82211020000002,34.722889962285734,33.84586417608249,32.59330576257088,노은,24.2,31.4,17.7,AWS,LC08_L2SP_115034_20200608_20200824_02_T1
LC08_L2SP_115034_20200608_20200824_02_T1,2020-06-08,115,034,549,39.51391232000001,40.21750359885716,41.200480062680434,38.54197993128869,용인,23.9,31.1,17.8,AWS,LC08_L2SP_115034_20200608_20200824_02_T1
LC08_L2SP_115034_20200608_20200824_02_T1,2020-06-08,115,034,873,28.75626404,27.997691468000014,25.945778497525794,25.716978530558276,원주백운산,19.7,24.2,15.4,AWS,LC08_L2SP_115034_20200608_20200824_02_T1
LC08_L2SP_115034_20200608_20200824_02_T1,2020-06-08,115,034,546,36.525423500000024,36.22818597028574,33.59970195636366,32.89325543431637,경기광주,24.3,31.3,18.1,AWS,LC08_L2SP_115034_20200608_20200824_02_T1
LC08_L2SP_115034_20200608_20200824_02_T1,2020-06-08,115,034,539,35.65154972000001,36.05582010457145,35.6079220030928,34.58681675622676,포천이동,23.2,31.4,16.4,AWS,LC08_L2SP_115034_20200608_20200824_02_T1
LC08_L2SP_115034_20200608_20200824_02_T1,2020-06-08,115,034,562,39.77140316000001,39.32422848628573,37.10029431456245,34.45558533291817,영월주천,23.8,32.5,16.1,AWS,LC08_L2SP_115034_20200608_20200824_02_T1
LC08_L2SP_115034_20200608_20200824_02_T1,2020-06-08,115,034,680,,,28.29055546400002,27.028692343490892,평화,23.4,31.5,16.5,AWS,LC08_L2SP_115034_20200608_20200824_02_T1
LC08_L2SP_115034_20200608_20200824_02_T1,2020-06-08,115,034,557,,,,29.86912185608199,기린,23.8,32.4,15.0,AWS,LC08_L2SP_115034_20200608_20200824_02_T1
LC08_L2SP_115034_20200608_20200824_02_T1,2020-06-08,115,034,497,32.10934166000004,31.829194230285736,29.06456342681977,28.452101115454038,삽당령,20.9,30.5,11.2,AWS,LC08_L2SP_115034_20200608_20200824_02_T1
LC08_L2SP_115034_20200608_20200824_02_T1,2020-06-08,115,034,498,30.80251868000001,29.62427835714287,27.06512719154641,26.889124542347567,구룡령,20.2,28.4,14.5,AWS,LC08_L2SP_115034_20200608_20200824_02_T1
LC08_L2SP_115034_20200608_20200824_02_T1,2020-06-08,115,034,878,31.463335880000027,30.832108967428574,28.940743153814456,28.669659521986848,도계,23.9,31.8,17.4,AWS,LC08_L2SP_115034_20200608_20200824_02_T1
LC08_L2SP_115034_20200608_20200824_02_T1,2020-06-08,115,034,559,35.64927104000001,36.01636638800003,33.58766075917527,30.5641800953558,내면,21.8,30.3,13.3,AWS,LC08_L2SP_115034_20200608_20200824_02_T1
LC08_L2SP_115034_20200608_20200824_02_T1,2020-06-08,115,034,593,33.09601009999998,31.578213904571438,30.840328323917543,30.32730111024392,양양영덕,27.0,33.6,20.8,AWS,LC08_L2SP_115034_20200608_20200824_02_T1
LC08_L2SP_115034_20200608_20200824_02_T1,2020-06-08,115,034,674,36.25881794000005,35.425732532000026,32.52835287244734,31.073595113086593,사북,22.5,30.5,14.6,AWS,LC08_L2SP_115034_20200608_20200824_02_T1
LC08_L2SP_115034_20200608_20200824_02_T1,2020-06-08,115,034,594,37.6761569,37.69510249657144,35.6266291045361,33.34485232846266,서화,22.8,31.4,14.3,AWS,LC08_L2SP_115034_20200608_20200824_02_T1
LC08_L2SP_115034_20200608_20200824_02_T1,2020-06-08,115,034,579,36.53453822,36.124375820000026,32.96994271628868,31.704793872135433,하장,21.1,30.7,12.5,AWS,LC08_L2SP_115034_20200608_20200824_02_T1
LC08_L2SP_115034_20200608_20200824_02_T1,2020-06-08,115,034,696,45.77800364000003,44.83817835028573,38.32378751195879,36.32925054928144,신기,26.8,34.3,18.5,AWS,LC08_L2SP_115034_20200608_20200824_02_T1
LC08_L2SP_115034_20200608_20200824_02_T1,2020-06-08,115,034,534,35.86346696000002,36.219982722285735,36.76729637690724,35.86856349235043,장호원,24.6,31.6,17.6,AWS,LC08_L2SP_115034_20200608_20200824_02_T1
LC08_L2SP_115034_20200608_20200824_02_T1,2020-06-08,115,034,533,38.48622764,38.12079247314286,37.10162023463919,35.59289964115662,백사,24.0,31.0,17.6,AWS,LC08_L2SP_115034_20200608_20200824_02_T1
LC08_L2SP_115034_20200608_20200824_02_T1,2020-06-08,115,034,531,35.24252666000003,34.88402519085717,32.70200988391755,31.303959490608868,가평북면,23.7,33.1,15.2,AWS,LC08_L2SP_115034_20200608_20200824_02_T1
LC08_L2SP_115034_20200608_20200824_02_T1,2020-06-08,115,034,600,,,,34.0142564663248,금왕,24.9,32.8,17.4,AWS,LC08_L2SP_115034_20200608_20200824_02_T1
LC08_L2SP_115034_20200608_20200824_02_T1,2020-06-08,115,034,601,42.08084534000002,41.97797921428573,37.823617405602185,33.65521401394665,단양,25.7,33.6,18.7,AWS,LC08_L2SP_115034_20200608_20200824_02_T1
LC08_L2SP_115034_20200608_20200824_02_T1,2020-06-08,115,034,603,39.957115580000014,40.38234982057145,37.69071382824744,35.61704595135416,괴산,24.6,32.8,17.4,AWS,LC08_L2SP_115034_20200608_20200824_02_T1
LC08_L2SP_115034_20200608_20200824_02_T1,2020-06-08,115,034,516,38.421285260000026,38.60165905828573,37.67285242247425,36.76261681451715,안성,24.7,32.2,18.4,AWS,LC08_L2SP_115034_20200608_20200824_02_T1
LC08_L2SP_115034_20200608_20200824_02_T1,2020-06-08,115,034,576,34.91211805999999,34.466440804571455,32.942132640618574,32.538691811170935,백암,23.6,30.7,16.9,AWS,LC08_L2SP_115034_20200608_20200824_02_T1
LC08_L2SP_115034_20200608_20200824_02_T1,2020-06-08,115,034,548,,,,35.61604377712857,여주,24.4,30.5,17.9,AWS,LC08_L2SP_115034_20200608_20200824_02_T1
LC08_L2SP_115034_20200608_20200824_02_T1,2020-06-08,115,034,978,36.17450678,36.3726217297143,34.11102807959622,31.994853883314303,춘천신북,24.6,32.2,17.4,AWS,LC08_L2SP_115034_20200608_20200824_02_T1
LC08_L2SP_115034_20200608_20200824_02_T1,2020-06-08,115,034,495,,,,36.013341730916096,공도,24.3,32.1,18.4,AWS,LC08_L2SP_115034_20200608_20200824_02_T1
LC08_L2SP_115034_20200608_20200824_02_T1,2020-06-08,115,034,972,41.900829620000025,42.456143936000025,,35.423960569592104,안동옥동,24.7,33.5,15.5,AWS,LC08_L2SP_115034_20200608_20200824_02_T1
LC08_L2SP_115034_20200608_20200824_02_T1,2020-06-08,115,034,526,37.20105212000002,37.195192657142876,33.69585499134022,33.132212930214735,평창,23.5,32.0,15.9,AWS,LC08_L2SP_115034_20200608_20200824_02_T1
LC08_L2SP_115034_20200608_20200824_02_T1,2020-06-08,115,034,678,,,30.95998649387099,30.90855576906146,강릉성산,25.2,29.8,19.5,AWS,LC08_L2SP_115034_20200608_20200824_02_T1
LC08_L2SP_115034_20200608_20200824_02_T1,2020-06-08,115,034,428,39.25072478000002,39.412901690857154,39.27089618783506,37.33177278752579,하남덕풍,25.5,32.7,19.5,AWS,LC08_L2SP_115034_20200608_20200824_02_T1
LC08_L2SP_115034_20200608_20200824_02_T1,2020-06-08,115,034,839,43.914043400000025,43.84001885257145,41.63852896004595,38.744247972586024,길안,25.0,35.4,14.3,AWS,LC08_L2SP_115034_20200608_20200824_02_T1
LC08_L2SP_115034_20200608_20200824_02_T1,2020-06-08,115,034,591,36.56643974000004,34.71224527142859,29.214787703505174,28.172940878328106,치악산,23.1,31.4,16.6,AWS,LC08_L2SP_115034_20200608_20200824_02_T1
LC08_L2SP_115034_20200608_20200824_02_T1,2020-06-08,115,034,838,37.14066710000003,37.11999621714289,34.07513383835054,30.729518521303596,동로,24.0,31.4,16.2,AWS,LC08_L2SP_115034_20200608_20200824_02_T1
LC08_L2SP_115034_20200608_20200824_02_T1,2020-06-08,115,034,596,35.06023226000002,34.975335153714305,31.988916162680432,30.982836114715166,오색,27.1,32.3,20.9,AWS,LC08_L2SP_115034_20200608_20200824_02_T1
LC08_L2SP_115034_20200608_20200824_02_T1,2020-06-08,115,034,819,41.99995220000003,41.0313829897143,34.55138578886599,33.077895474680815,예안,23.3,33.6,13.4,AWS,LC08_L2SP_115034_20200608_20200824_02_T1
LC08_L2SP_115034_20200608_20200824_02_T1,2020-06-08,115,034,582,39.47745344000003,38.53398226228573,36.18989765814435,33.080527731709154,신림,22.9,31.5,15.3,AWS,LC08_L2SP_115034_20200608_20200824_02_T1
LC08_L2SP_115034_20200608_20200824_02_T1,2020-06-08,115,034,592,,,31.565400337910464,30.34355771813349,부론,23.8,31.3,16.4,AWS,LC08_L2SP_115034_20200608_20200824_02_T1
LC08_L2SP_115034_20200608_20200824_02_T1,2020-06-08,115,034,676,36.15513800000002,35.73794424457145,33.101252630103104,33.61937912290297,위성센터,23.8,32.5,16.5,AWS,LC08_L2SP_115034_20200608_20200824_02_T1
LC08_L2SP_115034_20200608_20200824_02_T1,2020-06-08,115,034,602,38.071507880000034,37.86248781885717,36.49825944185569,36.9113521740796,진천,24.7,32.2,18.1,AWS,LC08_L2SP_115034_20200608_20200824_02_T1
LC08_L2SP_115034_20200608_20200824_02_T1,2020-06-08,115,034,505,34.52018510000001,34.72386653942859,36.93134959113404,35.47260647349558,가평조종,23.4,31.1,15.8,AWS,LC08_L2SP_115034_20200608_20200824_02_T1
LC08_L2SP_115034_20200608_20200824_02_T1,2020-06-08,115,034,568,34.88021654000003,35.73872550628574,36.66889420432991,34.54081782002292,일동,23.1,31.3,15.4,AWS,LC08_L2SP_115034_20200608_20200824_02_T1
LC08_L2SP_115034_20230617_20230623_02_T1,2023-06-17,115,034,542,37.294478000000026,37.690707899428595,33.071084688785625,32.68888689662471,청평,22.5,31.5,14.3,AWS,LC08_L2SP_115034_20230617_20230623_02_T1
LC08_L2SP_115034_20230617_20230623_02_T1,2023-06-17,115,034,558,36.59720192000003,36.768330788000014,36.45433025010311,34.061568856330766,팔봉,23.3,32.9,14.8,AWS,LC08_L2SP_115034_20230617_20230623_02_T1
LC08_L2SP_115034_20230617_20230623_02_T1,2023-06-17,115,034,623,38.77675934000001,38.44364887657145,38.68747580268043,35.534956824846766,증평,23.7,31.7,15.9,AWS,LC08_L2SP_115034_20230617_20230623_02_T1
LC08_L2SP_115034_20230617_20230623_02_T1,2023-06-17,115,034,551,38.78815274000002,40.24846109428573,42.087781743697285,40.150259997243246,평택,23.2,30.9,17.1,AWS,LC08_L2SP_115034_20230617_20230623_02_T1
LC08_L2SP_115034_20230617_20230623_02_T1,2023-06-17,115,034,572,38.18772056,38.220696314857165,38.25469887402063,37.55161646680414,성남,24.0,31.3,16.5,AWS,LC08_L2SP_115034_20230617_20230623_02_T1
LC08_L2SP_115034_20230617_20230623_02_T1,2023-06-17,115,034,837,33.76822070000001,33.55392712228573,33.1141025059794,33.98324315523048,이산,24.2,33.1,15.9,AWS,LC08_L2SP_115034_20230617_20230623_02_T1
LC08_L2SP_115034_20230617_20230623_02_T1,2023-06-17,115,034,675,,,29.080381752556985,29.46254285134289,남이섬,22.4,31.4,14.8,AWS,LC08_L2SP_115034_20230617_20230623_02_T1
LC08_L2SP_115034_20230617_20230623_02_T1,2023-06-17,115,034,587,36.05487608000002,35.733256674285734,32.8114994672598,31.749175281407837,방산,22.5,32.1,14.4,AWS,LC08_L2SP_115034_20230617_20230623_02_T1
LC08_L2SP_115034_20230617_20230623_02_T1,2023-06-17,115,034,820,33.51870524000003,33.0914201874286,31.51693294468935,31.171516968921388,하회,24.5,32.7,16.4,AWS,LC08_L2SP_115034_20230617_20230623_02_T1
LC08_L2SP_115034_20230617_20230623_02_T1,2023-06-17,115,034,561,37.626025940000034,37.404570796571456,36.10170647773198,33.62069427288293,청일,23.1,31.6,15.2,AWS,LC08_L2SP_115034_20230617_20230623_02_T1
LC08_L2SP_115034_20230617_20230623_02_T1,2023-06-17,115,034,597,37.638558679999996,38.05360396571431,35.84133792329899,34.1151074899399,대화,21.3,29.5,12.9,AWS,LC08_L2SP_115034_20230617_20230623_02_T1
LC08_L2SP_115034_20230617_20230623_02_T1,2023-06-17,115,034,525,39.854574979999995,39.236531858857155,36.323375086240226,33.98000842749596,봉평,21.4,30.2,13.6,AWS,LC08_L2SP_115034_20230617_20230623_02_T1
LC08_L2SP_115034_20230617_20230623_02_T1,2023-06-17,115,034,547,38.714095640000004,38.89931977142859,37.981378647010324,36.197101117261475,양동,23.0,32.2,13.6,AWS,LC08_L2SP_115034_20230617_20230623_02_T1
LC08_L2SP_115034_20230617_20230623_02_T1,2023-06-17,115,034,527,38.51812916,38.1971608057143,34.798156653195896,32.73742428120815,신동,22.9,31.9,14.6,AWS,LC08_L2SP_115034_20230617_20230623_02_T1
LC08_L2SP_115034_20230617_20230623_02_T1,2023-06-17,115,034,583,37.64083736000001,36.919700245142884,33.86129029154642,32.04921817264611,안흥,20.5,27.7,12.5,AWS,LC08_L2SP_115034_20230617_20230623_02_T1
LC08_L2SP_115034_20230617_20230623_02_T1,2023-06-17,115,034,520,,,,31.93872383576701,설악동,26.5,34.3,18.2,AWS,LC08_L2SP_115034_20230617_20230623_02_T1
LC08_L2SP_115034_20230617_20230623_02_T1,2023-06-17,115,034,580,34.06444910000001,34.40354923657144,36.09568481134023,36.70095655477814,옥계,26.1,32.8,22.7,AWS,LC08_L2SP_115034_20230617_20230623_02_T1
LC08_L2SP_115034_20230617_20230623_02_T1,2023-06-17,115,034,619,33.11537888000004,33.24767253028573,32.5603832659794,33.19882680473792,음성,22.6,30.4,13.6,AWS,LC08_L2SP_115034_20230617_20230623_02_T1
LC08_L2SP_115034_20230617_20230623_02_T1,2023-06-17,115,034,560,39.84546026,40.15246356114288,38.57288362455735,35.7503247119567,진부,22.6,31.7,13.3,AWS,LC08_L2SP_115034_20230617_20230623_02_T1
LC08_L2SP_115034_20230617_20230623_02_T1,2023-06-17,115,034,535,38.460022820000006,38.100089037714305,37.404013849082986,35.3351308656401,서석,21.9,31.5,13.5,AWS,LC08_L2SP_115034_20230617_20230623_02_T1
LC08_L2SP_115034_20230617_20230623_02_T1,2023-06-17,115,034,831,30.60313418,30.578589541142875,30.52664178969074,30.28067127779561,석포,20.5,31.2,11.5,AWS,LC08_L2SP_115034_20230617_20230623_02_T1
LC08_L2SP_115034_20230617_20230623_02_T1,2023-06-17,115,034,325,37.501837880000004,37.29402226400001,34.89453463752579,33.77241502380763,백운,22.5,31.3,13.5,AWS,LC08_L2SP_115034_20230617_20230623_02_T1
LC08_L2SP_115034_20230617_20230623_02_T1,2023-06-17,115,034,563,,,,30.395141711223896,북평,23.3,32.8,15.9,AWS,LC08_L2SP_115034_20230617_20230623_02_T1
LC08_L2SP_115034_20230617_20230623_02_T1,2023-06-17,115,034,546,36.90596306000003,36.36070748857146,33.30510289223778,32.45526218573728,경기광주,23.3,30.7,15.1,AWS,LC08_L2SP_115034_20230617_20230623_02_T1
LC08_L2SP_115034_20230617_20230623_02_T1,2023-06-17,115,034,674,34.38802166000003,34.11077140914287,32.673987115202614,31.6248291051694,사북,22.0,30.4,14.1,AWS,LC08_L2SP_115034_20230617_20230623_02_T1
LC08_L2SP_115034_20230617_20230623_02_T1,2023-06-17,115,034,594,38.61953042000001,38.564158496000005,36.49394482783507,34.451531941571574,서화,22.6,31.3,14.6,AWS,LC08_L2SP_115034_20230617_20230623_02_T1
LC08_L2SP_115034_20230617_20230623_02_T1,2023-06-17,115,034,559,34.91553608000002,35.05629339885716,32.58064080948455,30.776121356579814,내면,21.5,30.0,13.0,AWS,LC08_L2SP_115034_20230617_20230623_02_T1
LC08_L2SP_115034_20230617_20230623_02_T1,2023-06-17,115,034,498,31.58638460000003,30.8806448514286,28.75093145896909,28.491769830649893,구룡령,20.0,28.1,14.2,AWS,LC08_L2SP_115034_20230617_20230623_02_T1
LC08_L2SP_115034_20230617_20230623_02_T1,2023-06-17,115,034,878,31.906539140000024,31.4622941977143,30.399897066391773,30.370934209046688,도계,25.0,32.5,20.0,AWS,LC08_L2SP_115034_20230617_20230623_02_T1
LC08_L2SP_115034_20230617_20230623_02_T1,2023-06-17,115,034,534,35.30405102,35.358226637000016,37.80440400031811,36.40285235608393,장호원,23.7,31.8,15.2,AWS,LC08_L2SP_115034_20230617_20230623_02_T1
LC08_L2SP_115034_20230617_20230623_02_T1,2023-06-17,115,034,531,35.49546014000001,35.2952618257143,32.73797544144332,31.799622453509496,가평북면,23.2,32.8,14.4,AWS,LC08_L2SP_115034_20230617_20230623_02_T1
LC08_L2SP_115034_20230617_20230623_02_T1,2023-06-17,115,034,548,34.21826000000002,34.443100610857165,34.252663369690744,33.99185181096719,여주,23.7,31.3,15.6,AWS,LC08_L2SP_115034_20230617_20230623_02_T1
LC08_L2SP_115034_20230617_20230623_02_T1,2023-06-17,115,034,601,42.60152372000001,42.78131157200002,38.21570002018434,33.355248524993975,단양,24.4,32.5,17.0,AWS,LC08_L2SP_115034_20230617_20230623_02_T1
LC08_L2SP_115034_20230617_20230623_02_T1,2023-06-17,115,034,600,39.71671484000003,39.66183120457145,36.76150430889512,33.11866543769233,금왕,23.7,33.2,14.1,AWS,LC08_L2SP_115034_20230617_20230623_02_T1
LC08_L2SP_115034_20230617_20230623_02_T1,2023-06-17,115,034,516,37.97466398,37.897742253714306,36.58122375319589,35.43944272150278,안성,23.2,31.6,15.5,AWS,LC08_L2SP_115034_20230617_20230623_02_T1
LC08_L2SP_115034_20230617_20230623_02_T1,2023-06-17,115,034,978,36.18020348000001,36.53707732057146,34.60516576907219,32.72307589762704,춘천신북,23.8,32.9,15.0,AWS,LC08_L2SP_115034_20230617_20230623_02_T1
LC08_L2SP_115034_20230617_20230623_02_T1,2023-06-17,115,034,495,,,,37.32993941064181,공도,23.6,31.4,17.0,AWS,LC08_L2SP_115034_20230617_20230623_02_T1
LC08_L2SP_115034_20230617_20230623_02_T1,2023-06-17,115,034,526,39.3965603,38.8274436937143,34.56910762803807,34.334448431656,평창,23.5,32.8,15.2,AWS,LC08_L2SP_115034_20230617_20230623_02_T1
LC08_L2SP_115034_20230617_20230623_02_T1,2023-06-17,115,034,596,35.43849314000001,35.2740701017143,33.04567163134023,32.063344354686535,오색,27.3,32.8,23.2,AWS,LC08_L2SP_115034_20230617_20230623_02_T1
LC08_L2SP_115034_20230617_20230623_02_T1,2023-06-17,115,034,582,38.99665196000003,38.661816210285735,36.8073651245361,34.41922039123713,신림,21.9,30.5,12.9,AWS,LC08_L2SP_115034_20230617_20230623_02_T1
LC08_L2SP_115034_20230617_20230623_02_T1,2023-06-17,115,034,591,37.38220718000002,35.80073815485716,30.375035179793837,29.40440465547096,치악산,22.3,30.5,14.4,AWS,LC08_L2SP_115034_20230617_20230623_02_T1
LC08_L2SP_115034_20230617_20230623_02_T1,2023-06-17,115,034,592,32.563938320000034,33.168472124000004,32.04302983486678,30.70983726940399,부론,22.7,31.4,13.9,AWS,LC08_L2SP_115034_20230617_20230623_02_T1
LC08_L2SP_115034_20230617_20230623_02_T1,2023-06-17,115,034,676,36.33287504000001,36.19771676342858,33.10517180309281,33.46963011841399,위성센터,23.6,31.7,15.0,AWS,LC08_L2SP_115034_20230617_20230623_02_T1
LC08_L2SP_115034_20230617_20230623_02_T1,2023-06-17,115,034,602,36.65302958000001,36.60182438514287,35.19413015917527,35.45562702278534,진천,24.2,32.3,16.5,AWS,LC08_L2SP_115034_20230617_20230623_02_T1
LC08_L2SP_115034_20230617_20230623_02_T1,2023-06-17,115,034,505,35.74839362000002,35.838922321142874,38.073430271546414,36.46203177054683,가평조종,22.8,31.0,13.9,AWS,LC08_L2SP_115034_20230617_20230623_02_T1
LC08_L2SP_115034_20230617_20230623_02_T1,2023-06-17,115,034,533,35.38266548000005,36.24709376387099,35.81290668347828,34.9689674507097,백사,23.1,30.1,15.9,AWS,LC08_L2SP_115034_20230617_20230623_02_T1
LC08_L2SP_115034_20230617_20230623_02_T1,2023-06-17,115,034,681,33.724925780000035,33.40363190000002,31.90050181257734,30.422625278757533,간동,22.5,30.6,15.5,AWS,LC08_L2SP_115034_20230617_20230623_02_T1
LC08_L2SP_115034_20230617_20230623_02_T1,2023-06-17,115,034,682,28.08063542000002,28.02650049371431,27.838836932989707,27.263298411125124,임남,19.2,24.5,15.2,AWS,LC08_L2SP_115034_20230617_20230623_02_T1
LC08_L2SP_115034_20230617_20230623_02_T1,2023-06-17,115,034,680,,,31.088050466446298,29.975552934982282,평화,23.1,32.5,16.4,AWS,LC08_L2SP_115034_20230617_20230623_02_T1
LC08_L2SP_115034_20230617_20230623_02_T1,2023-06-17,115,034,574,34.95427364000002,35.24213602914288,35.69487999882761,35.72565817146847,대신,22.9,31.1,15.3,AWS,LC08_L2SP_115034_20230617_20230623_02_T1
LC08_L2SP_115034_20230617_20230623_02_T1,2023-06-17,115,034,539,34.53271784,35.0067809377143,35.74869509484538,34.637755395618576,포천이동,22.6,29.8,14.5,AWS,LC08_L2SP_115034_20230617_20230623_02_T1
LC08_L2SP_115034_20230617_20230623_02_T1,2023-06-17,115,034,620,30.50970830000004,30.932696413142875,31.92295190041239,32.3314479129349,엄정,23.1,31.5,14.7,AWS,LC08_L2SP_115034_20230617_20230623_02_T1
LC08_L2SP_115034_20230617_20230623_02_T1,2023-06-17,115,034,639,31.04747678000003,31.288463466285723,28.262916468359393,26.606439031433677,덕산,22.0,30.1,13.3,AWS,LC08_L2SP_115034_20230617_20230623_02_T1
LC08_L2SP_115034_20230617_20230623_02_T1,2023-06-17,115,034,579,33.06069056000001,32.68672661942859,31.880240353814454,31.463701813854183,하장,21.8,31.6,13.4,AWS,LC08_L2SP_115034_20230617_20230623_02_T1
LC08_L2SP_115034_20230617_20230623_02_T1,2023-06-17,115,034,678,,,32.4495020303226,32.11941185621878,강릉성산,24.8,31.2,20.2,AWS,LC08_L2SP_115034_20230617_20230623_02_T1
LC08_L2SP_115034_20230617_20230623_02_T1,2023-06-17,115,034,977,39.52416638000002,38.598826984571446,36.48613780391754,35.8708528568152,오창가곡,24.5,32.6,16.6,AWS,LC08_L2SP_115034_20230617_20230623_02_T1
LC08_L2SP_115034_20230617_20230623_02_T1,2023-06-17,115,034,519,35.97626162,36.181993871428595,35.50354906247424,34.118749594274284,사내,21.7,30.2,12.9,AWS,LC08_L2SP_115034_20230617_20230623_02_T1
LC08_L2SP_115034_20230617_20230623_02_T1,2023-06-17,115,034,552,37.01533969999999,36.44947835085717,31.735086088659816,30.35903229743489,김화,21.2,29.2,12.1,AWS,LC08_L2SP_115034_20230617_20230623_02_T1
LC08_L2SP_115034_20230617_20230623_02_T1,2023-06-17,115,034,549,37.49955920000002,37.86785899314288,38.25983201784617,35.60571974913666,용인,22.4,30.6,15.1,AWS,LC08_L2SP_115034_20230617_20230623_02_T1
LC08_L2SP_115034_20230617_20230623_02_T1,2023-06-17,115,034,428,36.47073518000004,36.94255215028573,37.925906139669834,36.767583643884635,하남덕풍,24.3,32.5,16.1,AWS,LC08_L2SP_115034_20230617_20230623_02_T1
LC08_L2SP_115034_20230617_20230623_02_T1,2023-06-17,115,034,586,,,31.5439816030027,31.138752486953507,북산,22.7,31.4,14.7,AWS,LC08_L2SP_115034_20230617_20230623_02_T1
LC08_L2SP_115034_20230617_20230623_02_T1,2023-06-17,115,034,568,34.66943864000003,35.40698225085716,37.088273121030944,35.044393052900105,일동,21.9,30.0,13.4,AWS,LC08_L2SP_115034_20230617_20230623_02_T1
LC08_L2SP_115034_20230617_20230623_02_T1,2023-06-17,115,034,835,36.58011182000001,36.31939827542859,35.48992396556703,33.71774420245903,봉화읍,24.4,33.9,15.3,AWS,LC08_L2SP_115034_20230617_20230623_02_T1
LC08_L2SP_115034_20230617_20230623_02_T1,2023-06-17,115,034,849,33.97444124000001,34.080399860000014,34.15843094659796,32.98249855191013,지보,24.9,33.7,16.5,AWS,LC08_L2SP_115034_20230617_20230623_02_T1
LC08_L2SP_115034_20230617_20230623_02_T1,2023-06-17,115,034,350,31.445106440000018,30.763064963428587,28.894938553608267,28.355910140755817,조침령,22.8,29.6,18.1,AWS,LC08_L2SP_115034_20230617_20230623_02_T1
LC08_L2SP_115034_20230617_20230623_02_T1,2023-06-17,115,034,876,43.336398020000026,43.2722369017143,42.513504810927856,41.062348117709725,삼척,27.7,33.8,23.1,AWS,LC08_L2SP_115034_20230617_20230623_02_T1
LC08_L2SP_115034_20230617_20230623_02_T1,2023-06-17,115,034,371,37.27852724000002,37.002123356000034,35.15537302288662,34.519089080912565,기흥구갈,24.2,31.6,16.8,AWS,LC08_L2SP_115034_20230617_20230623_02_T1
LC08_L2SP_115034_20230617_20230623_02_T1,2023-06-17,115,034,444,37.7786975,37.82410833714287,39.40587078288661,39.13954894176355,하남,23.6,32.0,15.3,AWS,LC08_L2SP_115034_20230617_20230623_02_T1
LC08_L2SP_115034_20230617_20230623_02_T1,2023-06-17,115,034,573,39.60961688,39.54405600114287,36.76635279979383,35.336983588880635,청운,22.8,31.7,14.1,AWS,LC08_L2SP_115034_20230617_20230623_02_T1
LC08_L2SP_115034_20230617_20230623_02_T1,2023-06-17,115,034,696,45.36442322000003,44.520986094285725,39.277924075463936,37.7334119152362,신기,27.0,35.4,20.0,AWS,LC08_L2SP_115034_20230617_20230623_02_T1
LC08_L2SP_115034_20230617_20230623_02_T1,2023-06-17,115,034,318,,,,28.964141287791577,평창용산,21.9,29.4,15.6,AWS,LC08_L2SP_115034_20230617_20230623_02_T1
LC08_L2SP_115034_20230617_20230623_02_T1,2023-06-17,115,034,660,33.530098640000006,33.71379280057146,32.07062759154641,30.946837798150604,면온,20.9,29.2,12.1,AWS,LC08_L2SP_115034_20230617_20230623_02_T1
LC08_L2SP_115034_20230617_20230623_02_T1,2023-06-17,115,034,622,34.82894623999999,34.62220485885715,30.534887322474248,28.339990367672506,수안보,22.6,30.9,13.7,AWS,LC08_L2SP_115034_20230617_20230623_02_T1
LC08_L2SP_115034_20230617_20230623_02_T1,2023-06-17,115,034,621,32.33948834,32.36305843625002,30.098027438197587,27.96066270118936,수산,23.1,32.4,15.1,AWS,LC08_L2SP_115034_20230617_20230623_02_T1
LC08_L2SP_115034_20230617_20230623_02_T1,2023-06-17,115,034,630,31.93274396,31.753509501714298,31.262746127768615,30.443711507396493,노은,22.9,30.9,14.2,AWS,LC08_L2SP_115034_20230617_20230623_02_T1
LC08_L2SP_115034_20230617_20230623_02_T1,2023-06-17,115,034,603,38.47027688000001,38.46825862057144,34.79354839484538,33.506434202089295,괴산,23.0,31.5,14.0,AWS,LC08_L2SP_115034_20230617_20230623_02_T1
LC08_L2SP_115034_20230617_20230623_02_T1,2023-06-17,115,034,322,33.932285660000026,34.26184789314288,30.91639786639177,29.41910223932438,상서,21.2,29.7,14.2,AWS,LC08_L2SP_115034_20230617_20230623_02_T1
LC08_L2SP_115034_20230617_20230623_02_T1,2023-06-17,115,034,323,35.06251094000002,35.126216322285735,34.10262286288661,33.06974428470085,마현,22.0,29.2,14.2,AWS,LC08_L2SP_115034_20230617_20230623_02_T1
LC08_L2SP_115034_20230617_20230623_02_T1,2023-06-17,115,034,877,35.51596826000002,35.05584245000002,34.50437988149679,34.495874987878594,문막,23.6,31.6,14.9,AWS,LC08_L2SP_115034_20230617_20230623_02_T1
LC08_L2SP_115034_20230617_20230623_02_T1,2023-06-17,115,034,838,,,27.351369249399312,23.821649799476244,동로,24.6,30.7,19.2,AWS,LC08_L2SP_115034_20230617_20230623_02_T1
LC08_L2SP_115034_20230617_20230623_02_T1,2023-06-17,115,034,593,,,,31.45016033828834,양양영덕,27.3,33.1,23.8,AWS,LC08_L2SP_115034_20230617_20230623_02_T1
LC08_L2SP_115034_20230617_20230623_02_T1,2023-06-17,115,034,497,31.802859200000057,31.654289264000024,29.68426104828934,29.387880463198403,삽당령,20.8,31.2,12.0,AWS,LC08_L2SP_115034_20230617_20230623_02_T1
LC08_L2SP_115034_20230617_20230623_02_T1,2023-06-17,115,034,522,33.32046008000001,33.03546231714287,32.3175514009511,33.06740448551511,화촌,22.8,31.6,14.7,AWS,LC08_L2SP_115034_20230617_20230623_02_T1
LC08_L2SP_115034_20230617_20230623_02_T1,2023-06-17,115,034,677,41.64333878000004,41.48939766971429,37.116667791376166,35.07070959123921,달방댐,27.7,34.4,19.9,AWS,LC08_L2SP_115034_20230617_20230623_02_T1
LC08_L2SP_115034_20230617_20230623_02_T1,2023-06-17,115,034,588,38.27431040000001,38.00584934342859,35.724154259381464,33.919639410031515,남산,22.8,31.7,14.3,AWS,LC08_L2SP_115034_20230617_20230623_02_T1
LC08_L2SP_115034_20230617_20230623_02_T1,2023-06-17,115,034,814,38.84967710000001,38.61122951428573,37.29713646000002,35.30726844048671,부석,24.2,33.0,14.6,AWS,LC08_L2SP_115034_20230617_20230623_02_T1
LC08_L2SP_115034_20230617_20230623_02_T1,2023-06-17,115,034,818,,,28.040484347272745,29.07031905895399,마성,23.9,31.2,15.5,AWS,LC08_L2SP_115034_20230617_20230623_02_T1
LC08_L2SP_115034_20230617_20230623_02_T1,2023-06-17,115,034,581,34.53385718000004,34.492710729714304,32.2210439630928,29.59897557991309,상동,22.1,30.7,14.2,AWS,LC08_L2SP_115034_20230617_20230623_02_T1
LC08_L2SP_115034_20230617_20230623_02_T1,2023-06-17,115,034,819,,,27.319352745459074,26.356801860913258,예안,23.6,33.3,15.0,AWS,LC08_L2SP_115034_20230617_20230623_02_T1
LC08_L2SP_115034_20230617_20230623_02_T1,2023-06-17,115,034,617,45.465824480000016,45.05546676457145,40.08906368082476,39.825324629094574,직산,23.8,31.3,17.3,AWS,LC08_L2SP_115034_20230617_20230623_02_T1
LC08_L2SP_115034_20230617_20230623_02_T1,2023-06-17,115,034,695,,,25.81309737944829,26.112679431471236,광덕산,18.7,25.1,14.3,AWS,LC08_L2SP_115034_20230617_20230623_02_T1
LC08_L2SP_115034_20230617_20230623_02_T1,2023-06-17,115,034,349,33.85481054000004,33.94944086514289,34.57638470948456,33.29017183673635,시동,22.7,30.8,14.8,AWS,LC08_L2SP_115034_20230617_20230623_02_T1
LC08_L2SP_115034_20230617_20230623_02_T1,2023-06-17,115,034,640,32.852191340000026,32.99737580857144,31.901222220000015,31.20871997351276,청천,22.1,30.2,13.4,AWS,LC08_L2SP_115034_20230617_20230623_02_T1
LC08_L2SP_115034_20230617_20230623_02_T1,2023-06-17,115,034,557,,,,29.454329825037522,기린,22.7,31.9,14.9,AWS,LC08_L2SP_115034_20230617_20230623_02_T1
LC08_L2SP_115034_20230617_20230623_02_T1,2023-06-17,115,034,536,39.07412708000002,38.91074572400002,37.037175740413815,36.102667809037655,횡성,23.7,32.0,15.9,AWS,LC08_L2SP_115034_20230617_20230623_02_T1
LC08_L2SP_115034_20230617_20230623_02_T1,2023-06-17,115,034,569,,,37.98096271761365,38.55037826236317,구리,24.2,32.2,16.6,AWS,LC08_L2SP_115034_20230617_20230623_02_T1
LC08_L2SP_115034_20230617_20230623_02_T1,2023-06-17,115,034,326,34.27294832000001,33.69621441200001,31.156916064123735,30.463881259639297,용문산,21.5,30.6,13.4,AWS,LC08_L2SP_115034_20230617_20230623_02_T1
LC08_L2SP_115034_20230617_20230623_02_T1,2023-06-17,115,034,638,37.37992850000003,37.762681634857174,34.72317023198608,34.623024579394155,영춘,22.9,31.3,16.3,AWS,LC08_L2SP_115034_20230617_20230623_02_T1
LC08_L2SP_115034_20230617_20230623_02_T1,2023-06-17,115,034,550,37.67387822000004,37.19314184514288,35.811965659793835,35.97545365437962,오산,23.2,31.7,14.2,AWS,LC08_L2SP_115034_20230617_20230623_02_T1
LC08_L2SP_115034_20230617_20230623_02_T1,2023-06-17,115,034,347,31.13064860000003,31.49256808914288,31.74816037917053,31.665281278834694,귀래,22.2,30.3,14.2,AWS,LC08_L2SP_115034_20230617_20230623_02_T1
LC08_L2SP_115034_20230617_20230623_02_T1,2023-06-17,115,034,555,36.89798768000001,35.37299736628574,31.530582591182,30.20481420332804,화천,22.9,31.9,16.4,AWS,LC08_L2SP_115034_20230617_20230623_02_T1
LC08_L2SP_115034_20240603_20240611_02_T1,2024-06-03,115,034,558,37.48816580000001,37.29988172685716,35.18218470783506,31.568109836010393,팔봉,18.7,27.8,11.3,AWS,LC08_L2SP_115034_20240603_20240611_02_T1
LC08_L2SP_115034_20240603_20240611_02_T1,2024-06-03,115,034,623,41.24798780000001,40.420729302285714,40.601747104536095,37.430796063521704,증평,20.2,26.7,12.3,AWS,LC08_L2SP_115034_20240603_20240611_02_T1
LC08_L2SP_115034_20240603_20240611_02_T1,2024-06-03,115,034,551,37.055216600000016,37.589729822857144,39.26716887704717,37.53590282000002,평택,21.6,28.6,13.4,AWS,LC08_L2SP_115034_20240603_20240611_02_T1
LC08_L2SP_115034_20240603_20240611_02_T1,2024-06-03,115,034,572,40.08244298000002,40.11886930742859,40.177364488453634,39.35353503468197,성남,21.0,27.7,13.8,AWS,LC08_L2SP_115034_20240603_20240611_02_T1
LC08_L2SP_115034_20240603_20240611_02_T1,2024-06-03,115,034,837,33.07208396000002,32.905968188000024,32.15591365072167,33.444560071921,이산,17.7,25.4,12.2,AWS,LC08_L2SP_115034_20240603_20240611_02_T1
LC08_L2SP_115034_20240603_20240611_02_T1,2024-06-03,115,034,831,,,,20.89160672742908,석포,13.6,20.6,7.0,AWS,LC08_L2SP_115034_20240603_20240611_02_T1
LC08_L2SP_115034_20240603_20240611_02_T1,2024-06-03,115,034,583,33.951654440000006,33.17687068742859,30.751142668041254,28.60979380826493,안흥,14.4,22.2,7.8,AWS,LC08_L2SP_115034_20240603_20240611_02_T1
LC08_L2SP_115034_20240603_20240611_02_T1,2024-06-03,115,034,561,38.71523498000003,38.41728129371431,35.63314127818809,32.43088905293816,청일,17.4,26.5,9.6,AWS,LC08_L2SP_115034_20240603_20240611_02_T1
LC08_L2SP_115034_20240603_20240611_02_T1,2024-06-03,115,034,597,34.48486556,34.447592865714306,31.65037165711342,29.6244288450343,대화,14.0,21.8,7.5,AWS,LC08_L2SP_115034_20240603_20240611_02_T1
LC08_L2SP_115034_20240603_20240611_02_T1,2024-06-03,115,034,563,,,,26.66013754796776,북평,15.3,22.0,9.8,AWS,LC08_L2SP_115034_20240603_20240611_02_T1
LC08_L2SP_115034_20240603_20240611_02_T1,2024-06-03,115,034,546,38.131892900000025,37.48474778000002,34.151301864615405,33.20827938069707,경기광주,19.9,26.5,13.3,AWS,LC08_L2SP_115034_20240603_20240611_02_T1
LC08_L2SP_115034_20240603_20240611_02_T1,2024-06-03,115,034,559,30.334249940000024,30.181806248000015,28.41515750007616,25.3130608215255,내면,13.6,21.3,6.7,AWS,LC08_L2SP_115034_20240603_20240611_02_T1
LC08_L2SP_115034_20240603_20240611_02_T1,2024-06-03,115,034,978,35.611672820000024,35.93745895485716,33.548884046597955,31.19349450214577,춘천신북,18.8,27.7,10.6,AWS,LC08_L2SP_115034_20240603_20240611_02_T1
LC08_L2SP_115034_20240603_20240611_02_T1,2024-06-03,115,034,495,,,,35.365320585577045,공도,21.5,27.7,13.8,AWS,LC08_L2SP_115034_20240603_20240611_02_T1
LC08_L2SP_115034_20240603_20240611_02_T1,2024-06-03,115,034,526,35.59002536000003,35.21039727200002,30.978391345454565,30.309925632764106,평창,17.0,25.6,10.5,AWS,LC08_L2SP_115034_20240603_20240611_02_T1
LC08_L2SP_115034_20240603_20240611_02_T1,2024-06-03,115,034,591,35.10694520000002,32.875401323428584,26.586655289896925,25.430315954829677,치악산,16.8,26.1,9.8,AWS,LC08_L2SP_115034_20240603_20240611_02_T1
LC08_L2SP_115034_20240603_20240611_02_T1,2024-06-03,115,034,582,35.72788550000001,35.396435217714306,33.923864735344054,30.482694705389928,신림,16.6,25.8,9.4,AWS,LC08_L2SP_115034_20240603_20240611_02_T1
LC08_L2SP_115034_20240603_20240611_02_T1,2024-06-03,115,034,592,31.658163020000018,32.10454857448278,31.957174748040906,30.283509025310213,부론,18.8,27.1,12.3,AWS,LC08_L2SP_115034_20240603_20240611_02_T1
LC08_L2SP_115034_20240603_20240611_02_T1,2024-06-03,115,034,676,37.33207622,36.64625864514288,34.81593554157896,35.423301179527456,위성센터,19.9,27.1,11.2,AWS,LC08_L2SP_115034_20240603_20240611_02_T1
LC08_L2SP_115034_20240603_20240611_02_T1,2024-06-03,115,034,602,37.096232840000006,36.78063566000001,35.63608440637953,36.31868166752168,진천,20.7,27.0,12.6,AWS,LC08_L2SP_115034_20240603_20240611_02_T1
LC08_L2SP_115034_20240603_20240611_02_T1,2024-06-03,115,034,505,31.727662760000026,31.857514967428596,34.47682362061858,32.65746012381445,가평조종,18.5,26.6,12.6,AWS,LC08_L2SP_115034_20240603_20240611_02_T1
LC08_L2SP_115034_20240603_20240611_02_T1,2024-06-03,115,034,533,36.97774148000002,37.700961959428604,36.90483155051548,36.23820283359292,백사,20.6,27.1,13.5,AWS,LC08_L2SP_115034_20240603_20240611_02_T1
LC08_L2SP_115034_20240603_20240611_02_T1,2024-06-03,115,034,576,,,,32.00993825138649,백암,18.8,26.7,10.2,AWS,LC08_L2SP_115034_20240603_20240611_02_T1
LC08_L2SP_115034_20240603_20240611_02_T1,2024-06-03,115,034,574,36.343129100000034,36.66520424171431,37.071508378050474,36.44904901419863,대신,19.9,27.6,12.1,AWS,LC08_L2SP_115034_20240603_20240611_02_T1
LC08_L2SP_115034_20240603_20240611_02_T1,2024-06-03,115,034,539,34.11230138000004,34.26116428914288,34.77191268061857,33.94197983814435,포천이동,18.8,27.4,9.0,AWS,LC08_L2SP_115034_20240603_20240611_02_T1
LC08_L2SP_115034_20240603_20240611_02_T1,2024-06-03,115,034,620,31.353959240000034,31.559951912000024,31.90381491534406,31.736283178711357,엄정,19.4,27.0,12.2,AWS,LC08_L2SP_115034_20240603_20240611_02_T1
LC08_L2SP_115034_20240603_20240611_02_T1,2024-06-03,115,034,428,39.06159434000002,39.487609842285735,40.30738885978419,38.192032766853615,하남덕풍,21.5,29.5,13.8,AWS,LC08_L2SP_115034_20240603_20240611_02_T1
LC08_L2SP_115034_20240603_20240611_02_T1,2024-06-03,115,034,977,38.627505799999994,38.08807713885716,36.110228464913114,35.346534661546464,오창가곡,20.9,27.7,12.7,AWS,LC08_L2SP_115034_20240603_20240611_02_T1
LC08_L2SP_115034_20240603_20240611_02_T1,2024-06-03,115,034,568,34.069006460000004,34.744277001714295,36.14791043422682,33.665332067998875,일동,17.9,28.0,9.2,AWS,LC08_L2SP_115034_20240603_20240611_02_T1
LC08_L2SP_115034_20240603_20240611_02_T1,2024-06-03,115,034,835,34.53157850000002,34.547301392000016,33.294243405595395,31.882833686917774,봉화읍,18.1,25.9,12.1,AWS,LC08_L2SP_115034_20240603_20240611_02_T1
LC08_L2SP_115034_20240603_20240611_02_T1,2024-06-03,115,034,371,41.20469288000002,41.10599348342859,38.56030130017444,37.17367096558178,기흥구갈,21.5,28.5,13.3,AWS,LC08_L2SP_115034_20240603_20240611_02_T1
LC08_L2SP_115034_20240603_20240611_02_T1,2024-06-03,115,034,364,,,,37.854078164369604,분당구,21.9,27.9,14.9,AWS,LC08_L2SP_115034_20240603_20240611_02_T1
LC08_L2SP_115034_20240603_20240611_02_T1,2024-06-03,115,034,444,39.982181059999995,40.01437555314288,41.37867518783507,40.888398005107376,하남,20.9,27.5,12.6,AWS,LC08_L2SP_115034_20240603_20240611_02_T1
LC08_L2SP_115034_20240603_20240611_02_T1,2024-06-03,115,034,573,37.18282268000004,36.52662794514288,33.57328784804126,32.24617227590363,청운,17.8,27.0,10.4,AWS,LC08_L2SP_115034_20240603_20240611_02_T1
LC08_L2SP_115034_20240603_20240611_02_T1,2024-06-03,115,034,696,36.812537180000014,35.55493368800003,29.641980111908147,27.54930382867116,신기,17.0,22.5,12.5,AWS,LC08_L2SP_115034_20240603_20240611_02_T1
LC08_L2SP_115034_20240603_20240611_02_T1,2024-06-03,115,034,660,31.642212260000026,31.565811374857166,27.642178965292754,25.339774923645273,면온,14.0,22.0,7.8,AWS,LC08_L2SP_115034_20240603_20240611_02_T1
LC08_L2SP_115034_20240603_20240611_02_T1,2024-06-03,115,034,621,31.22749250000002,31.573428676571453,28.710297795581756,26.93887964099587,수산,19.1,27.1,12.6,AWS,LC08_L2SP_115034_20240603_20240611_02_T1
LC08_L2SP_115034_20240603_20240611_02_T1,2024-06-03,115,034,630,,,,30.346910456448615,노은,19.3,26.3,12.7,AWS,LC08_L2SP_115034_20240603_20240611_02_T1
LC08_L2SP_115034_20240603_20240611_02_T1,2024-06-03,115,034,323,33.77847476000003,34.002957292571445,32.85665081855672,31.826580767783522,마현,16.5,25.1,7.8,AWS,LC08_L2SP_115034_20240603_20240611_02_T1
LC08_L2SP_115034_20240603_20240611_02_T1,2024-06-03,115,034,877,32.918273060000026,33.23159156000002,32.53823774983228,32.67496378947694,문막,19.3,27.6,12.4,AWS,LC08_L2SP_115034_20240603_20240611_02_T1
LC08_L2SP_115034_20240603_20240611_02_T1,2024-06-03,115,034,588,40.07788562000004,39.06983014057145,35.81380583092785,33.43633157773835,남산,17.9,26.6,10.0,AWS,LC08_L2SP_115034_20240603_20240611_02_T1
LC08_L2SP_115034_20240603_20240611_02_T1,2024-06-03,115,034,581,,,30.10470598252562,27.126252408043495,상동,15.7,23.4,9.2,AWS,LC08_L2SP_115034_20240603_20240611_02_T1
LC08_L2SP_115034_20240603_20240611_02_T1,2024-06-03,115,034,522,31.86324422000003,31.249302722857173,30.099842781227846,31.319194326594875,화촌,17.7,26.8,10.6,AWS,LC08_L2SP_115034_20240603_20240611_02_T1
LC08_L2SP_115034_20240603_20240611_02_T1,2024-06-03,115,034,839,,,35.847581181368845,34.216731933111305,길안,18.3,25.5,13.1,AWS,LC08_L2SP_115034_20240603_20240611_02_T1
LC08_L2SP_115034_20240603_20240611_02_T1,2024-06-03,115,034,593,27.941635940000026,28.491367490000016,25.664568849147845,24.029350928756543,양양영덕,15.9,22.4,9.7,AWS,LC08_L2SP_115034_20240603_20240611_02_T1
LC08_L2SP_115034_20240603_20240611_02_T1,2024-06-03,115,034,695,,,21.32000306924284,21.825089150000018,광덕산,14.3,21.8,11.0,AWS,LC08_L2SP_115034_20240603_20240611_02_T1
LC08_L2SP_115034_20240603_20240611_02_T1,2024-06-03,115,034,536,37.244347040000015,37.17780958400002,35.52278067313366,34.74917765617649,횡성,19.1,27.5,11.2,AWS,LC08_L2SP_115034_20240603_20240611_02_T1
LC08_L2SP_115034_20240603_20240611_02_T1,2024-06-03,115,034,569,37.97010662,38.417769582285736,39.25924873111113,40.18821961868615,구리,21.4,28.0,13.7,AWS,LC08_L2SP_115034_20240603_20240611_02_T1
LC08_L2SP_115034_20240603_20240611_02_T1,2024-06-03,115,034,324,28.17975800000003,28.039308450909118,27.0783119265649,26.685292300866163,송계,18.8,26.6,13.0,AWS,LC08_L2SP_115034_20240603_20240611_02_T1
LC08_L2SP_115034_20240603_20240611_02_T1,2024-06-03,115,034,326,29.781670040000012,29.33667638857145,27.42040550865981,27.07098414697969,용문산,17.5,26.0,10.3,AWS,LC08_L2SP_115034_20240603_20240611_02_T1
LC08_L2SP_115034_20240603_20240611_02_T1,2024-06-03,115,034,638,37.69210766000001,37.81278004228573,33.670493811500016,33.51690608846072,영춘,18.0,25.8,11.6,AWS,LC08_L2SP_115034_20240603_20240611_02_T1
LC08_L2SP_115034_20240603_20240611_02_T1,2024-06-03,115,034,550,39.20287250000001,38.760743474857165,38.166125712834415,37.734738286847474,오산,20.4,28.2,11.1,AWS,LC08_L2SP_115034_20240603_20240611_02_T1
LC08_L2SP_115034_20240603_20240611_02_T1,2024-06-03,115,034,601,38.58193220000002,37.967079230857166,34.5971896230435,31.17727643117777,단양,19.0,27.7,12.4,AWS,LC08_L2SP_115034_20240603_20240611_02_T1
LC08_L2SP_115034_20240603_20240611_02_T1,2024-06-03,115,034,552,35.73586088,36.0089444017143,31.107630799793835,29.55241284759807,김화,16.9,25.3,9.0,AWS,LC08_L2SP_115034_20240603_20240611_02_T1
LC08_L2SP_115034_20240603_20240611_02_T1,2024-06-03,115,034,531,36.496940000000016,36.25933878114287,32.65278726371136,31.329040064217196,가평북면,17.2,27.2,8.8,AWS,LC08_L2SP_115034_20240603_20240611_02_T1
LC08_L2SP_115034_20240603_20240611_02_T1,2024-06-03,115,034,534,32.70293780000001,33.45558580400002,35.78168795701836,35.78783334880422,장호원,19.8,27.1,11.9,AWS,LC08_L2SP_115034_20240603_20240611_02_T1
LC08_L2SP_115034_20240603_20240611_02_T1,2024-06-03,115,034,617,35.47495202000001,35.58862559942858,36.373373873302775,36.132025440900506,직산,20.7,26.9,12.3,AWS,LC08_L2SP_115034_20240603_20240611_02_T1
LC08_L2SP_115034_20240603_20240611_02_T1,2024-06-03,115,034,547,35.76434438000001,36.59889465371431,34.63103387690723,33.019433609728345,양동,18.8,28.9,11.1,AWS,LC08_L2SP_115034_20240603_20240611_02_T1
LC08_L2SP_115034_20240603_20240611_02_T1,2024-06-03,115,034,876,34.63297976000001,34.49808190400001,34.153392009896926,32.78278352279863,삼척,17.2,22.1,12.9,AWS,LC08_L2SP_115034_20240603_20240611_02_T1
LC08_L2SP_115034_20240603_20240611_02_T1,2024-06-03,115,034,619,35.382665480000014,35.75541955000003,33.557806103644275,32.983345942728825,음성,19.5,26.5,11.5,AWS,LC08_L2SP_115034_20240603_20240611_02_T1
LC08_L2SP_115034_20240603_20240611_02_T1,2024-06-03,115,034,535,37.30017469999999,37.434747030285735,37.10958650183408,34.212094893126725,서석,15.5,24.7,8.4,AWS,LC08_L2SP_115034_20240603_20240611_02_T1
LC08_L2SP_115034_20240603_20240611_02_T1,2024-06-03,115,034,555,34.61588965999999,34.38330714965519,29.879595591898756,28.405053609121833,화천,17.4,26.5,9.4,AWS,LC08_L2SP_115034_20240603_20240611_02_T1
LC08_L2SP_115034_20240603_20240611_02_T1,2024-06-03,115,034,675,29.217696740000008,29.305646437419362,28.00876097782822,27.806834670742177,남이섬,17.9,26.5,11.4,AWS,LC08_L2SP_115034_20240603_20240611_02_T1
LC08_L2SP_115034_20240603_20240611_02_T1,2024-06-03,115,034,600,38.92373420000001,38.97041458742861,36.43268373417382,32.89596827048012,금왕,19.7,27.3,10.8,AWS,LC08_L2SP_115034_20240603_20240611_02_T1
LC08_L2SP_115034_20240603_20240611_02_T1,2024-06-03,115,034,580,25.87259450000003,26.48897744000002,28.908007683917543,28.726120710143906,옥계,15.4,21.4,10.3,AWS,LC08_L2SP_115034_20240603_20240611_02_T1
LC08_L2SP_115034_20240603_20240611_02_T1,2024-06-03,115,034,541,38.726628380000044,38.22430965028573,39.17421931106385,39.61076067925638,남양주,21.2,28.3,13.6,AWS,LC08_L2SP_115034_20240603_20240611_02_T1
LC08_L2SP_115034_20240603_20240611_02_T1,2024-06-03,115,034,527,36.77038160000003,36.19127135428573,31.507480410927855,28.347209993083325,신동,16.1,24.3,9.2,AWS,LC08_L2SP_115034_20240603_20240611_02_T1
LC08_L2SP_115034_20240603_20240611_02_T1,2024-06-03,115,034,519,32.547987560000024,32.9409296497143,32.095614766391776,30.53657363059263,사내,15.2,25.7,6.2,AWS,LC08_L2SP_115034_20240603_20240611_02_T1
LC08_L2SP_115034_20240603_20240611_02_T1,2024-06-03,115,034,325,37.70805842000001,37.51951392628573,34.86722179958765,33.088167953224435,백운,17.9,26.5,10.2,AWS,LC08_L2SP_115034_20240603_20240611_02_T1
LC08_L2SP_115034_20240603_20240611_02_T1,2024-06-03,115,034,347,,,31.34041708473686,29.028941663953507,귀래,17.4,26.6,10.6,AWS,LC08_L2SP_115034_20240603_20240611_02_T1
LC08_L2SP_115034_20240603_20240611_02_T1,2024-06-03,115,034,349,31.62512216000003,31.361413778857163,31.810646647628882,30.4040399784827,시동,17.3,26.1,9.6,AWS,LC08_L2SP_115034_20240603_20240611_02_T1
LC08_L2SP_115034_20240603_20240611_02_T1,2024-06-03,115,034,814,33.97899860000003,34.183819379428584,32.93447849600002,29.95210222732603,부석,17.4,25.0,10.7,AWS,LC08_L2SP_115034_20240603_20240611_02_T1
LC08_L2SP_115034_20240603_20240611_02_T1,2024-06-03,115,034,815,,,,29.671922882926847,예천,18.9,26.6,13.1,AWS,LC08_L2SP_115034_20240603_20240611_02_T1
LC08_L2SP_115034_20240603_20240611_02_T1,2024-06-03,115,034,542,34.02457220000002,34.48060117314287,32.23445050099469,30.66085199556175,청평,19.5,27.7,12.9,AWS,LC08_L2SP_115034_20240603_20240611_02_T1
LC08_L2SP_115034_20240603_20240611_02_T1,2024-06-03,115,034,548,35.119477940000024,34.82230551542859,33.78766406075211,33.77599804021461,여주,19.9,27.1,12.8,AWS,LC08_L2SP_115034_20240603_20240611_02_T1
LC08_L2SP_115034_20240603_20240611_02_T1,2024-06-03,115,034,549,41.07708680000002,41.300429992571445,41.74596160041239,38.778334764274604,용인,20.1,27.8,11.7,AWS,LC08_L2SP_115034_20240603_20240611_02_T1
LC08_L2SP_115034_20240603_20240611_02_T1,2024-06-03,115,034,681,37.65337010000004,37.1192149554286,36.0121058045361,31.726856579641016,간동,16.4,25.1,8.3,AWS,LC08_L2SP_115034_20240603_20240611_02_T1
LC08_L2SP_115034_20240619_20240706_02_T1,2024-06-19,115,034,558,37.97922134,38.94512123942859,38.12885074474229,35.44351330573401,팔봉,25.3,36.1,15.4,AWS,LC08_L2SP_115034_20240619_20240706_02_T1
LC08_L2SP_115034_20240619_20240706_02_T1,2024-06-19,115,034,587,40.65894902000002,39.77296568342859,36.393864194021376,35.31987536061836,방산,23.9,34.6,15.6,AWS,LC08_L2SP_115034_20240619_20240706_02_T1
LC08_L2SP_115034_20240619_20240706_02_T1,2024-06-19,115,034,831,30.5609786,30.494994537714312,30.501564563917544,29.9668113221987,석포,21.4,32.5,13.2,AWS,LC08_L2SP_115034_20240619_20240706_02_T1
LC08_L2SP_115034_20240619_20240706_02_T1,2024-06-19,115,034,583,33.20310806000001,32.45293405142859,30.422985341237133,28.853582522739007,안흥,22.3,31.5,13.0,AWS,LC08_L2SP_115034_20240619_20240706_02_T1
LC08_L2SP_115034_20240619_20240706_02_T1,2024-06-19,115,034,560,42.721154420000026,42.45933408800001,40.77188589079827,37.51808652330728,진부,23.9,35.0,13.6,AWS,LC08_L2SP_115034_20240619_20240706_02_T1
LC08_L2SP_115034_20240619_20240706_02_T1,2024-06-19,115,034,597,36.555046340000025,36.4553378137143,33.96213558494847,32.526155809390225,대화,23.1,32.7,13.6,AWS,LC08_L2SP_115034_20240619_20240706_02_T1
LC08_L2SP_115034_20240619_20240706_02_T1,2024-06-19,115,034,563,,,,29.491760449123866,북평,24.6,35.0,15.8,AWS,LC08_L2SP_115034_20240619_20240706_02_T1
LC08_L2SP_115034_20240619_20240706_02_T1,2024-06-19,115,034,546,35.006683280000026,34.43177231600002,31.746501707062954,30.785461161662216,경기광주,26.0,34.6,17.1,AWS,LC08_L2SP_115034_20240619_20240706_02_T1
LC08_L2SP_115034_20240619_20240706_02_T1,2024-06-19,115,034,594,42.46594226000002,42.39732143942859,40.26916162123713,37.616740531137225,서화,24.2,34.3,15.2,AWS,LC08_L2SP_115034_20240619_20240706_02_T1
LC08_L2SP_115034_20240619_20240706_02_T1,2024-06-19,115,034,674,37.44031352000004,36.78014737142859,35.17119695899516,33.79497160265999,사북,24.1,31.9,15.3,AWS,LC08_L2SP_115034_20240619_20240706_02_T1
LC08_L2SP_115034_20240619_20240706_02_T1,2024-06-19,115,034,559,36.030949940000006,36.27525698857145,34.51042436247425,32.2123343260908,내면,22.2,32.7,13.3,AWS,LC08_L2SP_115034_20240619_20240706_02_T1
LC08_L2SP_115034_20240619_20240706_02_T1,2024-06-19,115,034,978,36.76468490000002,37.28074081485717,35.585518898350536,33.491119023620655,춘천신북,26.3,36.3,16.3,AWS,LC08_L2SP_115034_20240619_20240706_02_T1
LC08_L2SP_115034_20240619_20240706_02_T1,2024-06-19,115,034,526,39.67114124000002,39.09619772342859,35.17715850588237,35.1954725062995,평창,25.1,35.5,15.6,AWS,LC08_L2SP_115034_20240619_20240706_02_T1
LC08_L2SP_115034_20240619_20240706_02_T1,2024-06-19,115,034,591,36.52200548,35.18168590400002,29.793603745567033,28.839746381523064,치악산,24.3,35.0,15.6,AWS,LC08_L2SP_115034_20240619_20240706_02_T1
LC08_L2SP_115034_20240619_20240706_02_T1,2024-06-19,115,034,582,38.77675933999999,38.51572026971431,36.950299438556726,33.983766671033514,신림,23.9,35.0,13.1,AWS,LC08_L2SP_115034_20240619_20240706_02_T1
LC08_L2SP_115034_20240619_20240706_02_T1,2024-06-19,115,034,596,39.08779916000001,38.984574956000024,36.29522200639177,35.1829877459147,오색,27.9,34.3,22.4,AWS,LC08_L2SP_115034_20240619_20240706_02_T1
LC08_L2SP_115034_20240619_20240706_02_T1,2024-06-19,115,034,505,36.462759800000015,37.10026935885717,39.479195729690744,38.19286520865981,가평조종,25.7,35.1,15.4,AWS,LC08_L2SP_115034_20240619_20240706_02_T1
LC08_L2SP_115034_20240619_20240706_02_T1,2024-06-19,115,034,682,29.936620280000017,30.077214836000017,30.24768359154641,29.568696635407978,임남,22.1,28.3,17.5,AWS,LC08_L2SP_115034_20240619_20240706_02_T1
LC08_L2SP_115034_20240619_20240706_02_T1,2024-06-19,115,034,680,,,33.6732530357097,32.556483073478276,평화,25.5,36.6,17.4,AWS,LC08_L2SP_115034_20240619_20240706_02_T1
LC08_L2SP_115034_20240619_20240706_02_T1,2024-06-19,115,034,576,35.02035536000002,34.45599142914288,31.789245848866003,31.290746582307495,백암,26.0,35.7,15.6,AWS,LC08_L2SP_115034_20240619_20240706_02_T1
LC08_L2SP_115034_20240619_20240706_02_T1,2024-06-19,115,034,574,40.08130364000002,39.74650044285716,39.48770750000002,39.05662983642071,대신,25.8,35.6,16.4,AWS,LC08_L2SP_115034_20240619_20240706_02_T1
LC08_L2SP_115034_20240619_20240706_02_T1,2024-06-19,115,034,539,39.13565143999998,39.48897705028573,40.11421138123713,39.349433766206715,포천이동,25.8,35.5,15.6,AWS,LC08_L2SP_115034_20240619_20240706_02_T1
LC08_L2SP_115034_20240619_20240706_02_T1,2024-06-19,115,034,579,34.55436530000003,34.190264788571454,32.84137348288662,32.29625473864585,하장,22.6,32.2,13.1,AWS,LC08_L2SP_115034_20240619_20240706_02_T1
LC08_L2SP_115034_20240619_20240706_02_T1,2024-06-19,115,034,678,,,28.864960751290344,28.819211998021625,강릉성산,26.3,31.4,22.0,AWS,LC08_L2SP_115034_20240619_20240706_02_T1
LC08_L2SP_115034_20240619_20240706_02_T1,2024-06-19,115,034,586,,,33.63072404916892,33.09792710579072,북산,24.6,34.5,15.4,AWS,LC08_L2SP_115034_20240619_20240706_02_T1
LC08_L2SP_115034_20240619_20240706_02_T1,2024-06-19,115,034,568,39.289462340000036,40.29533679714287,42.094830640618575,40.068445048107655,일동,25.2,35.5,14.5,AWS,LC08_L2SP_115034_20240619_20240706_02_T1
LC08_L2SP_115034_20240619_20240706_02_T1,2024-06-19,115,034,350,31.86324422000003,31.454188607428595,29.365348939587644,28.925640157520775,조침령,22.2,32.5,15.2,AWS,LC08_L2SP_115034_20240619_20240706_02_T1
LC08_L2SP_115034_20240619_20240706_02_T1,2024-06-19,115,034,364,,,32.40598909610579,32.245964547968775,분당구,28.4,36.3,20.1,AWS,LC08_L2SP_115034_20240619_20240706_02_T1
LC08_L2SP_115034_20240619_20240706_02_T1,2024-06-19,115,034,444,32.07744014000002,32.04345525542859,33.160696504933945,32.69741374762974,하남,26.7,35.1,17.6,AWS,LC08_L2SP_115034_20240619_20240706_02_T1
LC08_L2SP_115034_20240619_20240706_02_T1,2024-06-19,115,034,573,37.231814299999996,36.56246832628574,33.32406603237115,31.806184585428017,청운,25.1,35.1,14.9,AWS,LC08_L2SP_115034_20240619_20240706_02_T1
LC08_L2SP_115034_20240619_20240706_02_T1,2024-06-19,115,034,696,44.246730680000006,43.09059355314287,38.59194742927838,37.39200230745493,신기,28.0,35.2,21.6,AWS,LC08_L2SP_115034_20240619_20240706_02_T1
LC08_L2SP_115034_20240619_20240706_02_T1,2024-06-19,115,034,660,,,26.97688664876925,24.750286216994283,면온,22.8,33.2,12.5,AWS,LC08_L2SP_115034_20240619_20240706_02_T1
LC08_L2SP_115034_20240619_20240706_02_T1,2024-06-19,115,034,322,32.880674840000005,33.56310694742859,31.750864577319607,31.008373900561143,상서,22.9,33.2,14.7,AWS,LC08_L2SP_115034_20240619_20240706_02_T1
LC08_L2SP_115034_20240619_20240706_02_T1,2024-06-19,115,034,323,39.59024810000003,39.90949116800002,38.939148569690744,37.88515223684514,마현,24.3,33.8,15.7,AWS,LC08_L2SP_115034_20240619_20240706_02_T1
LC08_L2SP_115034_20240619_20240706_02_T1,2024-06-19,115,034,877,32.313283520000006,31.623917714857168,31.37789950404961,32.14756236708611,문막,25.6,35.5,16.4,AWS,LC08_L2SP_115034_20240619_20240706_02_T1
LC08_L2SP_115034_20240619_20240706_02_T1,2024-06-19,115,034,588,41.05202132000003,40.72356587428573,37.76507631835054,35.82449226854282,남산,25.2,34.9,15.9,AWS,LC08_L2SP_115034_20240619_20240706_02_T1
LC08_L2SP_115034_20240619_20240706_02_T1,2024-06-19,115,034,581,,,,27.366832913473704,상동,23.9,34.0,14.3,AWS,LC08_L2SP_115034_20240619_20240706_02_T1
LC08_L2SP_115034_20240619_20240706_02_T1,2024-06-19,115,034,522,35.51141090000002,35.226022506285744,34.88698747485716,35.7307202158585,화촌,24.7,35.3,15.0,AWS,LC08_L2SP_115034_20240619_20240706_02_T1
LC08_L2SP_115034_20240619_20240706_02_T1,2024-06-19,115,034,497,28.91918966000003,28.570551620000014,26.469085426934573,25.497395802174683,삽당령,21.5,31.7,12.2,AWS,LC08_L2SP_115034_20240619_20240706_02_T1
LC08_L2SP_115034_20240619_20240706_02_T1,2024-06-19,115,034,839,39.87280442000002,39.75265287885716,37.30844372432992,34.738584476793605,길안,26.3,37.7,15.7,AWS,LC08_L2SP_115034_20240619_20240706_02_T1
LC08_L2SP_115034_20240619_20240706_02_T1,2024-06-19,115,034,593,35.42709974000002,34.173662977142875,34.244291356470605,34.18192209110002,양양영덕,28.0,34.9,23.3,AWS,LC08_L2SP_115034_20240619_20240706_02_T1
LC08_L2SP_115034_20240619_20240706_02_T1,2024-06-19,115,034,677,,,,27.558177149400944,달방댐,26.8,33.3,19.1,AWS,LC08_L2SP_115034_20240619_20240706_02_T1
LC08_L2SP_115034_20240619_20240706_02_T1,2024-06-19,115,034,695,28.8690587,29.060012084000018,28.84517562783507,29.239435529859737,광덕산,23.3,30.3,17.1,AWS,LC08_L2SP_115034_20240619_20240706_02_T1
LC08_L2SP_115034_20240619_20240706_02_T1,2024-06-19,115,034,557,,,,27.992784914932695,기린,24.8,35.3,15.9,AWS,LC08_L2SP_115034_20240619_20240706_02_T1
LC08_L2SP_115034_20240619_20240706_02_T1,2024-06-19,115,034,536,36.062851460000026,35.72075648685716,33.99094405134022,32.88006511251299,횡성,25.5,36.2,16.7,AWS,LC08_L2SP_115034_20240619_20240706_02_T1
LC08_L2SP_115034_20240619_20240706_02_T1,2024-06-19,115,034,326,33.62922122000001,33.25187181200002,31.1461804274227,30.386001678831967,용문산,23.3,33.3,14.7,AWS,LC08_L2SP_115034_20240619_20240706_02_T1
LC08_L2SP_115034_20240619_20240706_02_T1,2024-06-19,115,034,638,,30.85521315500002,29.404453073045698,,영춘,25.0,35.7,15.1,AWS,LC08_L2SP_115034_20240619_20240706_02_T1
LC08_L2SP_115034_20240619_20240706_02_T1,2024-06-19,115,034,550,35.92954868,35.37358331257144,33.64494009080002,34.57560202749812,오산,26.0,35.6,16.9,AWS,LC08_L2SP_115034_20240619_20240706_02_T1
LC08_L2SP_115034_20240619_20240706_02_T1,2024-06-19,115,034,552,43.73858504000003,43.51716244914287,38.142092146391775,36.33631165215004,김화,24.2,34.4,15.0,AWS,LC08_L2SP_115034_20240619_20240706_02_T1
LC08_L2SP_115034_20240619_20240706_02_T1,2024-06-19,115,034,318,38.734603760000006,37.77637812928573,33.495659779027044,32.90177802319598,평창용산,23.6,30.6,15.1,AWS,LC08_L2SP_115034_20240619_20240706_02_T1
LC08_L2SP_115034_20240619_20240706_02_T1,2024-06-19,115,034,531,40.78199774000003,39.710367088571445,36.196369579175276,35.177579371872504,가평북면,25.0,35.6,14.8,AWS,LC08_L2SP_115034_20240619_20240706_02_T1
LC08_L2SP_115034_20240619_20240706_02_T1,2024-06-19,115,034,547,43.35007010000004,43.47487665885717,41.72344886845363,39.66328573866823,양동,25.4,36.4,15.0,AWS,LC08_L2SP_115034_20240619_20240706_02_T1
LC08_L2SP_115034_20240619_20240706_02_T1,2024-06-19,115,034,520,,,,30.993266319106816,설악동,26.3,32.3,20.3,AWS,LC08_L2SP_115034_20240619_20240706_02_T1
LC08_L2SP_115034_20240619_20240706_02_T1,2024-06-19,115,034,535,31.47586862000001,31.87206596685717,33.052603581776786,30.33106754000002,서석,24.3,35.2,14.2,AWS,LC08_L2SP_115034_20240619_20240706_02_T1
LC08_L2SP_115034_20240619_20240706_02_T1,2024-06-19,115,034,555,,,29.34915468120999,28.348850165473703,화천,25.6,35.6,17.2,AWS,LC08_L2SP_115034_20240619_20240706_02_T1
LC08_L2SP_115034_20240619_20240706_02_T1,2024-06-19,115,034,675,,,29.781787808317326,29.908141647083514,남이섬,24.4,34.3,16.1,AWS,LC08_L2SP_115034_20240619_20240706_02_T1
LC08_L2SP_115034_20240619_20240706_02_T1,2024-06-19,115,034,580,30.746691019999997,30.358176080000014,32.44958930268043,32.61622596940168,옥계,26.0,31.8,22.6,AWS,LC08_L2SP_115034_20240619_20240706_02_T1
LC08_L2SP_115034_20240619_20240706_02_T1,2024-06-19,115,034,541,,,,39.5419754391107,남양주,27.6,37.0,18.6,AWS,LC08_L2SP_115034_20240619_20240706_02_T1
LC08_L2SP_115034_20240619_20240706_02_T1,2024-06-19,115,034,527,39.283765640000034,39.034673363428595,35.43065479402063,33.28780280541084,신동,24.1,34.7,15.0,AWS,LC08_L2SP_115034_20240619_20240706_02_T1
LC08_L2SP_115034_20240619_20240706_02_T1,2024-06-19,115,034,519,39.676837940000006,39.76319991200001,38.62691068082476,37.16719385775553,사내,23.7,35.2,13.7,AWS,LC08_L2SP_115034_20240619_20240706_02_T1
LC08_L2SP_115034_20240619_20240706_02_T1,2024-06-19,115,034,878,34.83350360000001,33.95364014685716,32.269045022886615,32.285331690254814,도계,25.6,31.6,19.7,AWS,LC08_L2SP_115034_20240619_20240706_02_T1
LC08_L2SP_115034_20240619_20240706_02_T1,2024-06-19,115,034,349,,,26.403389116612924,24.807008213786762,시동,25.2,34.6,16.0,AWS,LC08_L2SP_115034_20240619_20240706_02_T1
LC08_L2SP_115034_20240619_20240706_02_T1,2024-06-19,115,034,814,31.5749912,31.306725458857162,30.247041489278367,29.198595439462384,부석,25.6,35.4,15.7,AWS,LC08_L2SP_115034_20240619_20240706_02_T1
LC08_L2SP_115034_20240619_20240706_02_T1,2024-06-19,115,034,542,39.96964832000001,40.184983580000015,36.88228579386775,35.16441770252797,청평,25.2,34.6,16.3,AWS,LC08_L2SP_115034_20240619_20240706_02_T1
LC08_L2SP_115034_20240619_20240706_02_T1,2024-06-19,115,034,498,30.63731438000004,29.4661705177143,26.957637705773212,26.661869757119973,구룡령,22.2,30.0,16.3,AWS,LC08_L2SP_115034_20240619_20240706_02_T1
LC08_L2SP_115034_20240619_20240706_02_T1,2024-06-19,115,034,549,34.67513534000002,35.31811373085716,36.26284574760565,34.20188069279547,용인,27.1,35.8,17.7,AWS,LC08_L2SP_115034_20240619_20240706_02_T1
LC08_L2SP_115034_20240619_20240706_02_T1,2024-06-19,115,034,681,38.71067762000001,38.56826012000001,37.42527501505157,34.041359348286235,간동,25.0,35.5,15.1,AWS,LC08_L2SP_115034_20240619_20240706_02_T1
LC08_L2SP_115034_20250622_20250630_02_T1,2025-06-22,115,034,623,35.42709974000004,35.07260223714289,35.056187798762906,32.82953490898769,증평,22.4,28.7,18.2,AWS,LC08_L2SP_115034_20250622_20250630_02_T1
LC08_L2SP_115034_20250622_20250630_02_T1,2025-06-22,115,034,572,38.03390966000003,38.084561461142876,37.64139332659796,36.91338869538419,성남,23.0,29.1,16.6,AWS,LC08_L2SP_115034_20250622_20250630_02_T1
LC08_L2SP_115034_20250622_20250630_02_T1,2025-06-22,115,034,551,36.300973520000035,37.74134342428574,39.71269039709679,37.977718048877655,평택,23.0,28.8,18.3,AWS,LC08_L2SP_115034_20250622_20250630_02_T1
LC08_L2SP_115034_20250622_20250630_02_T1,2025-06-22,115,034,597,30.47438876000003,30.744705313142873,29.859015956494865,28.53394563369026,대화,19.7,25.9,15.0,AWS,LC08_L2SP_115034_20250622_20250630_02_T1
LC08_L2SP_115034_20250622_20250630_02_T1,2025-06-22,115,034,583,30.753527060000028,30.213349689714303,27.88493517752579,26.588391939598463,안흥,19.6,24.7,16.0,AWS,LC08_L2SP_115034_20250622_20250630_02_T1
LC08_L2SP_115034_20250622_20250630_02_T1,2025-06-22,115,034,831,,,24.04094209884339,23.5688678032784,석포,18.5,26.4,13.8,AWS,LC08_L2SP_115034_20250622_20250630_02_T1
LC08_L2SP_115034_20250622_20250630_02_T1,2025-06-22,115,034,674,29.18237720000002,27.03532095263159,26.30819266550002,,사북,19.4,25.2,14.7,AWS,LC08_L2SP_115034_20250622_20250630_02_T1
LC08_L2SP_115034_20250622_20250630_02_T1,2025-06-22,115,034,978,32.54001218000002,32.944445327428596,31.86800908865981,30.1393931725513,춘천신북,23.1,31.2,16.4,AWS,LC08_L2SP_115034_20250622_20250630_02_T1
LC08_L2SP_115034_20250622_20250630_02_T1,2025-06-22,115,034,592,31.842736100000025,31.450477614285735,30.163476037689257,29.14916082211656,부론,22.0,29.2,17.3,AWS,LC08_L2SP_115034_20250622_20250630_02_T1
LC08_L2SP_115034_20250622_20250630_02_T1,2025-06-22,115,034,596,32.623184000000016,32.31592027828574,29.76186275113404,28.73741029517322,오색,24.1,29.2,19.0,AWS,LC08_L2SP_115034_20250622_20250630_02_T1
LC08_L2SP_115034_20250622_20250630_02_T1,2025-06-22,115,034,591,32.568495680000034,30.966974270857165,26.0762035630928,25.195456980246224,치악산,21.5,28.1,16.3,AWS,LC08_L2SP_115034_20250622_20250630_02_T1
LC08_L2SP_115034_20250622_20250630_02_T1,2025-06-22,115,034,582,31.99996502000001,31.85497586685716,30.596277234678915,28.268643174153073,신림,20.8,27.6,15.6,AWS,LC08_L2SP_115034_20250622_20250630_02_T1
LC08_L2SP_115034_20250622_20250630_02_T1,2025-06-22,115,034,676,35.04542084,34.54788733828574,32.00472597340208,32.46423448404471,위성센터,22.6,28.8,17.8,AWS,LC08_L2SP_115034_20250622_20250630_02_T1
LC08_L2SP_115034_20250622_20250630_02_T1,2025-06-22,115,034,505,32.35771778000001,32.44170341428573,35.0432870245361,33.47475436607575,가평조종,22.2,29.0,16.1,AWS,LC08_L2SP_115034_20250622_20250630_02_T1
LC08_L2SP_115034_20250622_20250630_02_T1,2025-06-22,115,034,680,,,28.3711011275639,27.307324108064208,평화,22.3,29.6,15.9,AWS,LC08_L2SP_115034_20250622_20250630_02_T1
LC08_L2SP_115034_20250622_20250630_02_T1,2025-06-22,115,034,576,34.561201340000004,33.69728864685715,31.958541593195896,31.532684273375345,백암,22.6,29.2,17.0,AWS,LC08_L2SP_115034_20250622_20250630_02_T1
LC08_L2SP_115034_20250622_20250630_02_T1,2025-06-22,115,034,574,32.88181418000003,33.50832096971431,34.355376241030946,34.23637199579616,대신,23.2,29.7,18.3,AWS,LC08_L2SP_115034_20250622_20250630_02_T1
LC08_L2SP_115034_20250622_20250630_02_T1,2025-06-22,115,034,539,33.12335426000002,33.40392487314288,33.24785554061857,32.162504323339085,포천이동,22.2,29.3,16.4,AWS,LC08_L2SP_115034_20250622_20250630_02_T1
LC08_L2SP_115034_20250622_20250630_02_T1,2025-06-22,115,034,620,28.14671714000002,28.760691189714304,29.90917823855672,29.9054480681834,엄정,22.3,28.7,17.7,AWS,LC08_L2SP_115034_20250622_20250630_02_T1
LC08_L2SP_115034_20250622_20250630_02_T1,2025-06-22,115,034,568,32.075161460000025,32.77549748171432,34.03627490536085,31.840718036278293,일동,22.0,29.3,16.6,AWS,LC08_L2SP_115034_20250622_20250630_02_T1
LC08_L2SP_115034_20250622_20250630_02_T1,2025-06-22,115,034,977,35.68459058000002,35.51723781028574,34.340979838350535,33.50219821784732,오창가곡,23.1,29.7,18.4,AWS,LC08_L2SP_115034_20250622_20250630_02_T1
LC08_L2SP_115034_20250622_20250630_02_T1,2025-06-22,115,034,428,35.986515680000004,36.50436198628573,38.017433672340445,36.220723453325526,하남덕풍,23.8,30.9,17.2,AWS,LC08_L2SP_115034_20250622_20250630_02_T1
LC08_L2SP_115034_20250622_20250630_02_T1,2025-06-22,115,034,350,28.989828740000007,27.98812101200001,25.867081817113423,25.242246572092778,조침령,19.3,26.5,14.7,AWS,LC08_L2SP_115034_20250622_20250630_02_T1
LC08_L2SP_115034_20250622_20250630_02_T1,2025-06-22,115,034,444,38.99209460000003,38.81670134514287,38.952593564742294,38.55150565723449,하남,23.1,30.3,16.4,AWS,LC08_L2SP_115034_20250622_20250630_02_T1
LC08_L2SP_115034_20250622_20250630_02_T1,2025-06-22,115,034,364,39.58569074000002,39.050005624571455,37.442733149278375,37.0320108306942,분당구,23.7,29.8,17.4,AWS,LC08_L2SP_115034_20250622_20250630_02_T1
LC08_L2SP_115034_20250622_20250630_02_T1,2025-06-22,115,034,371,40.71705536000002,40.260765966285724,37.611206680504615,36.57241442329899,기흥구갈,22.8,29.7,17.1,AWS,LC08_L2SP_115034_20250622_20250630_02_T1
LC08_L2SP_115034_20250622_20250630_02_T1,2025-06-22,115,034,573,34.71159422000003,34.22981616285716,32.173176022061874,31.04473080405849,청운,22.5,29.9,17.7,AWS,LC08_L2SP_115034_20250622_20250630_02_T1
LC08_L2SP_115034_20250622_20250630_02_T1,2025-06-22,115,034,696,35.55812384000003,35.39116170114287,32.59816941835054,31.205800027426303,신기,25.3,31.8,19.0,AWS,LC08_L2SP_115034_20250622_20250630_02_T1
LC08_L2SP_115034_20250622_20250630_02_T1,2025-06-22,115,034,660,28.123930340000033,28.405314767428592,26.666095869278372,25.531868235276285,면온,19.1,25.2,13.4,AWS,LC08_L2SP_115034_20250622_20250630_02_T1
LC08_L2SP_115034_20250622_20250630_02_T1,2025-06-22,115,034,622,,31.45010200769232,27.106512240219804,,수안보,21.2,27.8,17.0,AWS,LC08_L2SP_115034_20250622_20250630_02_T1
LC08_L2SP_115034_20250622_20250630_02_T1,2025-06-22,115,034,630,31.759564280000024,31.855659470857166,31.30903557278352,30.416225665015766,노은,22.1,28.2,17.7,AWS,LC08_L2SP_115034_20250622_20250630_02_T1
LC08_L2SP_115034_20250622_20250630_02_T1,2025-06-22,115,034,621,29.31226196000002,29.659825765142866,27.745464350702857,25.942864356344035,수산,21.9,28.9,17.4,AWS,LC08_L2SP_115034_20250622_20250630_02_T1
LC08_L2SP_115034_20250622_20250630_02_T1,2025-06-22,115,034,603,35.99904842000003,35.886969916571445,32.25998438378877,30.721567120676045,괴산,21.9,28.9,17.2,AWS,LC08_L2SP_115034_20250622_20250630_02_T1
LC08_L2SP_115034_20250622_20250630_02_T1,2025-06-22,115,034,322,28.179757999999993,28.857274669142875,26.966928612371152,26.271191930334975,상서,19.6,26.7,13.0,AWS,LC08_L2SP_115034_20250622_20250630_02_T1
LC08_L2SP_115034_20250622_20250630_02_T1,2025-06-22,115,034,323,32.42835686000001,32.3394557874286,30.796818064742286,30.067133585141733,마현,21.6,27.5,14.7,AWS,LC08_L2SP_115034_20250622_20250630_02_T1
LC08_L2SP_115034_20250622_20250630_02_T1,2025-06-22,115,034,877,31.21154173999999,31.102236308750015,31.59134985292061,31.527897669370347,문막,23.0,29.6,18.8,AWS,LC08_L2SP_115034_20250622_20250630_02_T1
LC08_L2SP_115034_20250622_20250630_02_T1,2025-06-22,115,034,818,28.273183880000033,27.74469767000002,25.373111867351543,25.015139680028074,마성,21.3,27.7,16.0,AWS,LC08_L2SP_115034_20250622_20250630_02_T1
LC08_L2SP_115034_20250622_20250630_02_T1,2025-06-22,115,034,838,27.490457300000003,27.605107456571446,26.225488425154655,24.440558934680812,동로,20.1,26.1,15.3,AWS,LC08_L2SP_115034_20250622_20250630_02_T1
LC08_L2SP_115034_20250622_20250630_02_T1,2025-06-22,115,034,677,34.39941506,34.043485244000024,30.394131925711026,28.7318423785608,달방댐,26.4,32.1,21.9,AWS,LC08_L2SP_115034_20250622_20250630_02_T1
LC08_L2SP_115034_20250622_20250630_02_T1,2025-06-22,115,034,593,31.221795800000013,32.16089679500002,30.732535400477474,29.659726920193286,양양영덕,24.7,30.8,19.0,AWS,LC08_L2SP_115034_20250622_20250630_02_T1
LC08_L2SP_115034_20250622_20250630_02_T1,2025-06-22,115,034,588,36.49921867999999,36.078769667428595,33.332605209484555,31.775336294417425,남산,22.7,29.7,17.0,AWS,LC08_L2SP_115034_20250622_20250630_02_T1
LC08_L2SP_115034_20250622_20250630_02_T1,2025-06-22,115,034,497,26.747607619999997,26.298837870285734,23.673847507324933,22.37162381493629,삽당령,19.2,26.9,12.1,AWS,LC08_L2SP_115034_20250622_20250630_02_T1
LC08_L2SP_115034_20250622_20250630_02_T1,2025-06-22,115,034,581,29.40910586000001,28.96196373885716,26.783049737268986,24.656831277760112,상동,20.5,26.2,16.5,AWS,LC08_L2SP_115034_20250622_20250630_02_T1
LC08_L2SP_115034_20250622_20250630_02_T1,2025-06-22,115,034,522,29.82154694000002,29.711096065142875,29.53236644074382,30.09328785503133,화촌,23.0,30.0,17.9,AWS,LC08_L2SP_115034_20250622_20250630_02_T1
LC08_L2SP_115034_20250622_20250630_02_T1,2025-06-22,115,034,557,,,,25.998468246042204,기린,21.5,28.7,15.4,AWS,LC08_L2SP_115034_20250622_20250630_02_T1
LC08_L2SP_115034_20250622_20250630_02_T1,2025-06-22,115,034,536,33.84113846,33.683714224571446,32.291564197958735,31.54400913588744,횡성,22.9,29.7,18.5,AWS,LC08_L2SP_115034_20250622_20250630_02_T1
LC08_L2SP_115034_20250622_20250630_02_T1,2025-06-22,115,034,569,36.00930248000001,36.27522443600002,37.257411472000015,37.86943053954272,구리,23.3,30.2,16.7,AWS,LC08_L2SP_115034_20250622_20250630_02_T1
LC08_L2SP_115034_20250622_20250630_02_T1,2025-06-22,115,034,326,30.06536569999999,29.82545324857144,27.88784812927837,27.48067195788722,용문산,20.8,28.7,15.9,AWS,LC08_L2SP_115034_20250622_20250630_02_T1
LC08_L2SP_115034_20250622_20250630_02_T1,2025-06-22,115,034,318,,28.835603534545474,,,평창용산,19.1,24.2,14.3,AWS,LC08_L2SP_115034_20250622_20250630_02_T1
LC08_L2SP_115034_20250622_20250630_02_T1,2025-06-22,115,034,531,32.86358474,32.753817469142874,30.478026537887505,29.736870850511806,가평북면,22.2,30.4,15.5,AWS,LC08_L2SP_115034_20250622_20250630_02_T1
LC08_L2SP_115034_20250622_20250630_02_T1,2025-06-22,115,034,617,34.48144754000001,34.577770598857164,34.95790985928901,34.3479867541089,직산,22.8,28.7,16.8,AWS,LC08_L2SP_115034_20250622_20250630_02_T1
LC08_L2SP_115034_20250622_20250630_02_T1,2025-06-22,115,034,534,33.54377072000002,33.90393237028572,34.438426688041254,34.03639921479384,장호원,23.2,29.7,17.9,AWS,LC08_L2SP_115034_20250622_20250630_02_T1
LC08_L2SP_115034_20250622_20250630_02_T1,2025-06-22,115,034,547,33.712393040000016,33.82121628628573,33.435141894226824,32.2577301029807,양동,23.0,30.2,17.9,AWS,LC08_L2SP_115034_20250622_20250630_02_T1
LC08_L2SP_115034_20250622_20250630_02_T1,2025-06-22,115,034,520,,,,28.33500468963109,설악동,26.0,31.9,20.9,AWS,LC08_L2SP_115034_20250622_20250630_02_T1
LC08_L2SP_115034_20250622_20250630_02_T1,2025-06-22,115,034,876,38.63206316000001,38.519431262857154,38.06780013092785,36.808399611176654,삼척,26.8,32.5,21.7,AWS,LC08_L2SP_115034_20250622_20250630_02_T1
LC08_L2SP_115034_20250622_20250630_02_T1,2025-06-22,115,034,619,31.94413736000003,32.41094123428573,32.018394138144345,31.707718068427617,음성,22.1,28.3,17.7,AWS,LC08_L2SP_115034_20250622_20250630_02_T1
LC08_L2SP_115034_20250622_20250630_02_T1,2025-06-22,115,034,535,32.16175130000001,32.44893008514288,32.73471493790395,30.950053589831146,서석,21.7,28.3,16.8,AWS,LC08_L2SP_115034_20250622_20250630_02_T1
LC08_L2SP_115034_20250622_20250630_02_T1,2025-06-22,115,034,555,33.84911384000001,33.48053735000003,29.52239078145456,28.538020939145593,화천,22.4,30.1,16.6,AWS,LC08_L2SP_115034_20250622_20250630_02_T1
LC08_L2SP_115034_20250622_20250630_02_T1,2025-06-22,115,034,580,34.267251620000025,33.98039836057144,34.98407658185569,34.725042541843706,옥계,26.0,30.9,21.0,AWS,LC08_L2SP_115034_20250622_20250630_02_T1
LC08_L2SP_115034_20250622_20250630_02_T1,2025-06-22,115,034,541,36.54593162000001,36.35816838800001,36.78163477353848,37.27133701164422,남양주,23.7,31.2,17.3,AWS,LC08_L2SP_115034_20250622_20250630_02_T1
LC08_L2SP_115034_20250622_20250630_02_T1,2025-06-22,115,034,325,32.78724896000002,32.37832355771431,30.6929071245361,29.755378369253286,백운,21.4,28.1,16.7,AWS,LC08_L2SP_115034_20250622_20250630_02_T1
LC08_L2SP_115034_20250622_20250630_02_T1,2025-06-22,115,034,347,28.19798744000002,28.54076601714288,29.303040048679843,28.68884596102391,귀래,21.9,28.3,17.6,AWS,LC08_L2SP_115034_20250622_20250630_02_T1
LC08_L2SP_115034_20250622_20250630_02_T1,2025-06-22,115,034,814,,,29.169520092740232,27.021657919868822,부석,21.1,27.8,16.6,AWS,LC08_L2SP_115034_20250622_20250630_02_T1
LC08_L2SP_115034_20250622_20250630_02_T1,2025-06-22,115,034,542,34.17154706000002,34.740858981714304,32.94115573401176,31.387702373857156,청평,23.0,30.3,18.1,AWS,LC08_L2SP_115034_20250622_20250630_02_T1
LC08_L2SP_115034_20250622_20250630_02_T1,2025-06-22,115,034,548,33.96988388000002,33.88742821657145,33.677140059381465,33.197962600939036,여주,23.4,29.5,17.7,AWS,LC08_L2SP_115034_20250622_20250630_02_T1
LC08_L2SP_115034_20250622_20250630_02_T1,2025-06-22,115,034,516,36.67011968000003,36.7561235737143,35.50577684412373,34.67704003816796,안성,23.3,29.4,18.5,AWS,LC08_L2SP_115034_20250622_20250630_02_T1
LC08_L2SP_115034_20250622_20250630_02_T1,2025-06-22,115,034,498,26.95610684,26.307627064571445,24.252531325154656,24.031283086676233,구룡령,17.3,24.5,12.4,AWS,LC08_L2SP_115034_20250622_20250630_02_T1
LC08_L2SP_115034_20250622_20250630_02_T1,2025-06-22,115,034,549,37.73426324000002,38.69306667885717,40.34193843195878,37.448604120693865,용인,,29.3,17.6,AWS,LC08_L2SP_115034_20250622_20250630_02_T1
LC08_L2SP_115034_20250622_20250630_02_T1,2025-06-22,115,034,560,34.53955388000001,35.07562962628573,33.96445375001735,31.615440265816012,진부,19.6,26.3,13.8,AWS,LC08_L2SP_115034_20250622_20250630_02_T1
LC08_L2SP_115034_20250622_20250630_02_T1,2025-06-22,115,034,526,,,27.67798581082709,,평창,21.3,28.0,16.4,AWS,LC08_L2SP_115034_20250622_20250630_02_T1
LC08_L2SP_115034_20250622_20250630_02_T1,2025-06-22,115,034,550,38.05669646000005,37.69334465771431,35.890944238762906,36.04645840093367,오산,22.3,29.1,16.0,AWS,LC08_L2SP_115034_20250622_20250630_02_T1
LC08_L2SP_115034_20250622_20250630_02_T1,2025-06-22,115,034,559,,,,25.07527576147484,내면,19.5,26.4,14.0,AWS,LC08_L2SP_115034_20250622_20250630_02_T1
LC08_L2SP_115034_20250622_20250630_02_T1,2025-06-22,115,034,558,34.01659682000002,33.9403586977143,32.743131835876305,30.68473998275824,팔봉,22.4,29.6,16.1,AWS,LC08_L2SP_115034_20250622_20250630_02_T1
LC08_L2SP_115034_20250622_20250630_02_T1,2025-06-22,115,034,675,,,,28.04894597516833,남이섬,22.3,29.9,16.9,AWS,LC08_L2SP_115034_20250622_20250630_02_T1
LC08_L2SP_115034_20250622_20250630_02_T1,2025-06-22,115,034,602,33.83088440000002,33.703929371428586,33.14796165484538,33.682583246443315,진천,22.4,28.4,17.3,AWS,LC08_L2SP_115034_20250622_20250630_02_T1
LC08_L2SP_115034_20250622_20250630_02_T1,2025-06-22,115,034,349,29.679129440000015,29.622813491428587,30.09969467979384,28.92499236787291,시동,21.6,28.0,16.6,AWS,LC08_L2SP_115034_20250622_20250630_02_T1
LC08_L2SP_115034_20250622_20250630_02_T1,2025-06-22,115,034,546,35.66636113999999,35.22563187542859,33.0138620925175,32.37734517694371,경기광주,22.2,28.5,16.8,AWS,LC08_L2SP_115034_20250622_20250630_02_T1
LC08_L2SP_115034_20250622_20250630_02_T1,2025-06-22,115,034,601,31.59720833000003,31.276085351000024,27.505025909836082,27.10897497626762,단양,21.6,27.9,17.2,AWS,LC08_L2SP_115034_20250622_20250630_02_T1
LC08_L2SP_115034_20250622_20250630_02_T1,2025-06-22,115,034,600,33.844556480000016,34.16692459485716,33.1567357474227,30.65159641299172,금왕,21.7,28.0,16.6,AWS,LC08_L2SP_115034_20250622_20250630_02_T1
LC08_L2SP_115034_20250622_20250630_02_T1,2025-06-22,115,034,552,31.790326460000035,31.784076366285735,29.315836590309296,28.730403011686246,김화,20.7,27.8,13.9,AWS,LC08_L2SP_115034_20250622_20250630_02_T1
LC08_L2SP_115034_20250622_20250630_02_T1,2025-06-22,115,034,519,32.254037840000024,32.703621404000025,31.930915534639194,30.55765615017465,사내,20.4,27.6,13.3,AWS,LC08_L2SP_115034_20250622_20250630_02_T1
LC08_L2SP_115034_20250622_20250630_02_T1,2025-06-22,115,034,695,,,22.936748963456242,23.344263566040002,광덕산,17.2,23.3,11.7,AWS,LC08_L2SP_115034_20250622_20250630_02_T1
LC08_L2SP_115034_20250622_20250630_02_T1,2025-06-22,115,034,682,25.03404026000004,24.82830800857145,23.71512742884275,23.92562891488212,임남,16.9,22.0,12.0,AWS,LC08_L2SP_115034_20250622_20250630_02_T1
LC08_L2SP_115034_20250622_20250630_02_T1,2025-06-22,115,034,587,31.774375700000046,31.34520259828573,29.289439852681788,28.234907059505964,방산,21.0,28.4,14.1,AWS,LC08_L2SP_115034_20250622_20250630_02_T1
LC08_L2SP_115034_20250622_20250630_02_T1,2025-06-22,115,034,495,,,,34.87707976136041,공도,23.4,29.0,18.2,AWS,LC08_L2SP_115034_20250622_20250630_02_T1
LC08_L2SP_115034_20250622_20250630_02_T1,2025-06-22,115,034,638,30.012956060000022,30.125129261818202,28.60786967442625,,영춘,21.1,27.0,16.9,AWS,LC08_L2SP_115034_20250622_20250630_02_T1
LC08_L2SP_115034_20250622_20250630_02_T1,2025-06-22,115,034,533,35.89195046000001,36.58112094971431,35.93786860268043,35.07835112563414,백사,23.4,30.1,17.3,AWS,LC08_L2SP_115034_20250622_20250630_02_T1
LC08_L2SP_115034_20250622_20250630_02_T1,2025-06-22,115,034,594,35.31088706000003,35.53911313828574,33.84189410474229,31.24007841576493,서화,21.3,28.8,14.9,AWS,LC08_L2SP_115034_20250622_20250630_02_T1
LC08_L2SP_115034_20250622_20250630_02_T1,2025-06-22,115,034,586,,,28.518493251045594,28.061644211976763,북산,21.4,29.1,14.5,AWS,LC08_L2SP_115034_20250622_20250630_02_T1
LC08_L2SP_115034_20250622_20250630_02_T1,2025-06-22,115,034,344,27.234105800000027,27.679229661714306,30.730856636469124,30.731980942911076,칠성,21.8,28.2,17.4,AWS,LC08_L2SP_115034_20250622_20250630_02_T1
LC08_L2SP_115034_20250622_20250630_02_T1,2025-06-22,115,034,333,36.99141355999999,35.37358331257144,32.475449580000024,33.052213844305776,동해심곡,25.8,32.0,20.0,AWS,LC08_L2SP_115034_20250622_20250630_02_T1
LC08_L2SP_115034_20250622_20250630_02_T1,2025-06-22,115,034,346,37.27055186000003,37.59148766171431,35.9917917006154,35.943982607831344,강릉구정,27.0,33.6,22.4,AWS,LC08_L2SP_115034_20250622_20250630_02_T1
LC08_L2SP_115034_20250622_20250630_02_T1,2025-06-22,115,034,340,,,29.69547260108763,29.200831980813327,공근,22.8,30.9,17.6,AWS,LC08_L2SP_115034_20250622_20250630_02_T1
LC08_L2SP_115034_20250622_20250630_02_T1,2025-06-22,115,034,339,33.430976060000035,32.345022277142874,29.916664211340226,28.322373816266836,서원,22.3,30.5,17.0,AWS,LC08_L2SP_115034_20250622_20250630_02_T1
LC08_L2SP_115034_20250622_20250630_02_T1,2025-06-22,115,034,345,34.399415060000024,34.27659420800003,35.930100731340225,36.00792046351562,학성,23.4,29.5,18.4,AWS,LC08_L2SP_115034_20250622_20250630_02_T1
LC08_L2SP_115034_20250622_20250630_02_T1,2025-06-22,115,034,337,39.28832300000001,38.77295068914287,33.393491382474245,31.665166063172077,우항,22.5,28.7,18.3,AWS,LC08_L2SP_115034_20250622_20250630_02_T1
LC08_L2SP_115034_20250622_20250630_02_T1,2025-06-22,115,034,336,33.57567224000002,32.80235335314287,30.839860942281124,29.282014153042365,매일,22.5,29.6,18.0,AWS,LC08_L2SP_115034_20250622_20250630_02_T1
LC08_L2SP_115034_20250622_20250630_02_T1,2025-06-22,115,034,335,35.79738524000002,34.966448301714294,33.46024652680414,31.34660522922418,강림,20.7,28.3,14.9,AWS,LC08_L2SP_115034_20250622_20250630_02_T1
LC08_L2SP_115034_20250622_20250630_02_T1,2025-06-22,115,034,338,30.22829132000004,29.999576953142878,27.900592293195896,27.946269393104714,둔내,20.6,26.7,15.8,AWS,LC08_L2SP_115034_20250622_20250630_02_T1
LC08_L2SP_115034_20250622_20250630_02_T1,2025-06-22,115,034,332,33.45262352000001,33.17462456000002,30.849591823711354,30.661291729957078,등봉,24.4,31.8,17.2,AWS,LC08_L2SP_115034_20250622_20250630_02_T1
LC08_L2SP_115034_20250622_20250630_02_T1,2025-06-22,115,034,525,,,28.92477868610991,27.10867464733619,봉평,19.1,25.2,14.0,AWS,LC08_L2SP_115034_20250622_20250630_02_T1
LC08_L2SP_115035_20200608_20200824_02_T1,2020-06-08,115,035,625,37.45512494000002,37.260135037142874,31.554322554433007,30.32711642559979,속리산,23.4,31.9,15.5,AWS,LC08_L2SP_115035_20200608_20200824_02_T1
LC08_L2SP_115035_20200608_20200824_02_T1,2020-06-08,115,035,327,34.73438102000002,35.30268381200001,31.98529063402064,31.11364558954482,청주금천,23.9,32.2,16.8,AWS,LC08_L2SP_115035_20200608_20200824_02_T1
LC08_L2SP_115035_20200608_20200824_02_T1,2020-06-08,115,035,853,,,,29.295260639740277,팔공산,23.5,30.8,16.8,AWS,LC08_L2SP_115035_20200608_20200824_02_T1
LC08_L2SP_115035_20200608_20200824_02_T1,2020-06-08,115,035,659,,,,27.944975238885604,계룡산,21.3,27.8,15.6,AWS,LC08_L2SP_115035_20200608_20200824_02_T1
LC08_L2SP_115035_20200608_20200824_02_T1,2020-06-08,115,035,919,45.10693238000001,44.43280117828573,43.25763086494847,41.86598695233898,창녕,25.1,33.9,15.9,AWS,LC08_L2SP_115035_20200608_20200824_02_T1
LC08_L2SP_115035_20200608_20200824_02_T1,2020-06-08,115,035,763,43.24752950000002,43.08658097000002,40.67587089530203,37.689805588930724,여산,24.2,32.1,16.4,AWS,LC08_L2SP_115035_20200608_20200824_02_T1
LC08_L2SP_115035_20200608_20200824_02_T1,2020-06-08,115,035,623,40.885677680000015,40.520144855428576,40.475609246185584,37.31084072290297,증평,25.0,31.7,18.0,AWS,LC08_L2SP_115035_20200608_20200824_02_T1
LC08_L2SP_115035_20200608_20200824_02_T1,2020-06-08,115,035,551,37.496141179999995,38.462423572142875,39.37168878078186,38.50925601304151,평택,24.0,31.8,17.9,AWS,LC08_L2SP_115035_20200608_20200824_02_T1
LC08_L2SP_115035_20200608_20200824_02_T1,2020-06-08,115,035,936,34.597660220000044,35.10600117542859,36.15404172783507,34.213827892379065,신포,23.4,32.1,14.3,AWS,LC08_L2SP_115035_20200608_20200824_02_T1
LC08_L2SP_115035_20200608_20200824_02_T1,2020-06-08,115,035,317,39.624428300000034,40.40910803428575,39.783419085979396,37.46949348277859,구이,23.8,33.2,15.3,AWS,LC08_L2SP_115035_20200608_20200824_02_T1
LC08_L2SP_115035_20200608_20200824_02_T1,2020-06-08,115,035,706,38.33925278000004,38.580076703428595,39.151809708659805,39.244541748497014,담양,25.6,33.9,18.0,AWS,LC08_L2SP_115035_20200608_20200824_02_T1
LC08_L2SP_115035_20200608_20200824_02_T1,2020-06-08,115,035,640,37.248904400000036,36.46139259200002,33.65393432680414,32.90394536207846,청천,23.4,33.3,15.1,AWS,LC08_L2SP_115035_20200608_20200824_02_T1
LC08_L2SP_115035_20200608_20200824_02_T1,2020-06-08,115,035,703,41.54991290000002,40.70276478114287,38.78512624577321,36.7236059319212,진안,23.3,31.1,15.6,AWS,LC08_L2SP_115035_20200608_20200824_02_T1
LC08_L2SP_115035_20200608_20200824_02_T1,2020-06-08,115,035,888,33.92317094,32.83018580171431,30.750357489625824,28.55279244293422,청남대,25.1,32.2,18.5,AWS,LC08_L2SP_115035_20200608_20200824_02_T1
LC08_L2SP_115035_20200608_20200824_02_T1,2020-06-08,115,035,644,,,,39.689615168960025,연무,24.5,32.1,16.2,AWS,LC08_L2SP_115035_20200608_20200824_02_T1
LC08_L2SP_115035_20200608_20200824_02_T1,2020-06-08,115,035,944,43.305635840000015,43.92742250685716,42.67686929530662,38.53651445311323,길곡,24.3,33.5,15.3,AWS,LC08_L2SP_115035_20200608_20200824_02_T1
LC08_L2SP_115035_20200608_20200824_02_T1,2020-06-08,115,035,733,38.00314748000003,37.178102557142886,34.38311640992368,32.356795637016184,함라,23.5,31.6,16.5,AWS,LC08_L2SP_115035_20200608_20200824_02_T1
LC08_L2SP_115035_20200608_20200824_02_T1,2020-06-08,115,035,820,37.036987160000024,35.629837154857164,33.31237158370815,33.21721795909549,하회,23.8,32.5,15.2,AWS,LC08_L2SP_115035_20200608_20200824_02_T1
LC08_L2SP_115035_20200608_20200824_02_T1,2020-06-08,115,035,827,47.113310120000016,46.285320669090936,43.71328770702705,44.56056300865557,경산,26.4,35.3,16.7,AWS,LC08_L2SP_115035_20200608_20200824_02_T1
LC08_L2SP_115035_20200608_20200824_02_T1,2020-06-08,115,035,803,37.91200028000001,37.50828328914288,37.275958830927856,36.042999936455786,옥산,24.1,34.6,13.5,AWS,LC08_L2SP_115035_20200608_20200824_02_T1
LC08_L2SP_115035_20200608_20200824_02_T1,2020-06-08,115,035,812,40.21916378000003,39.483508218285735,34.8615799131959,32.95678131681651,고령,25.0,34.3,15.3,AWS,LC08_L2SP_115035_20200608_20200824_02_T1
LC08_L2SP_115035_20200608_20200824_02_T1,2020-06-08,115,035,832,47.210154020000026,46.59406405314288,41.37917242556703,38.97468451931293,단북,25.9,33.9,17.6,AWS,LC08_L2SP_115035_20200608_20200824_02_T1
LC08_L2SP_115035_20200608_20200824_02_T1,2020-06-08,115,035,615,,,38.623270894716995,39.221401466988375,논산,25.5,33.4,17.2,AWS,LC08_L2SP_115035_20200608_20200824_02_T1
LC08_L2SP_115035_20200608_20200824_02_T1,2020-06-08,115,035,902,34.630701079999994,34.66009605200001,34.38136572185569,32.265313815894665,시천,22.9,32.2,15.4,AWS,LC08_L2SP_115035_20200608_20200824_02_T1
LC08_L2SP_115035_20200608_20200824_02_T1,2020-06-08,115,035,906,34.85173304,34.70521391600002,33.22735916639177,31.51654041595765,화개,23.6,33.1,16.1,AWS,LC08_L2SP_115035_20200608_20200824_02_T1
LC08_L2SP_115035_20200608_20200824_02_T1,2020-06-08,115,035,914,28.618403900000033,29.263080450000018,30.67073143716983,29.40365402621776,서하,22.8,30.8,16.6,AWS,LC08_L2SP_115035_20200608_20200824_02_T1
LC08_L2SP_115035_20200608_20200824_02_T1,2020-06-08,115,035,951,,,35.102559400849444,33.342778915789495,내장산,24.1,33.0,16.2,AWS,LC08_L2SP_115035_20200608_20200824_02_T1
LC08_L2SP_115035_20200608_20200824_02_T1,2020-06-08,115,035,690,42.60266306000003,41.562445640000014,37.10107992907218,35.895742280068724,풍산,23.9,33.0,17.5,AWS,LC08_L2SP_115035_20200608_20200824_02_T1
LC08_L2SP_115035_20200608_20200824_02_T1,2020-06-08,115,035,935,38.79271010000002,38.54189253714287,36.97907399529413,35.565105675484645,청덕,24.9,34.4,15.3,AWS,LC08_L2SP_115035_20200608_20200824_02_T1
LC08_L2SP_115035_20200608_20200824_02_T1,2020-06-08,115,035,701,41.39154464000004,40.823860346857174,40.36328441711342,37.60263473203552,무주,24.9,33.7,18.6,AWS,LC08_L2SP_115035_20200608_20200824_02_T1
LC08_L2SP_115035_20200608_20200824_02_T1,2020-06-08,115,035,818,34.267251620000025,33.690159633714316,31.417656568041256,31.90294694091041,마성,24.9,33.6,16.6,AWS,LC08_L2SP_115035_20200608_20200824_02_T1
LC08_L2SP_115035_20200608_20200824_02_T1,2020-06-08,115,035,759,31.83248204000002,31.07097973657145,28.840563454226825,28.791861410860676,뱀사골,21.6,32.2,14.2,AWS,LC08_L2SP_115035_20200608_20200824_02_T1
LC08_L2SP_115035_20200608_20200824_02_T1,2020-06-08,115,035,815,38.89980806000002,38.31405708971431,37.078430163092804,35.86635789746704,예천,24.7,32.7,17.2,AWS,LC08_L2SP_115035_20200608_20200824_02_T1
LC08_L2SP_115035_20200608_20200824_02_T1,2020-06-08,115,035,768,42.37365572000001,41.36800913085716,39.34005530041239,37.95696227210542,곡성,23.8,32.3,16.6,AWS,LC08_L2SP_115035_20200608_20200824_02_T1
LC08_L2SP_115035_20200608_20200824_02_T1,2020-06-08,115,035,791,30.70567478000002,30.283565586285736,27.014733909278373,26.19981568789581,피아골,21.6,30.6,15.9,AWS,LC08_L2SP_115035_20200608_20200824_02_T1
LC08_L2SP_115035_20200608_20200824_02_T1,2020-06-08,115,035,945,37.42208408000001,37.546955744000016,34.3618300224463,31.95350312101697,대병,24.2,32.2,16.7,AWS,LC08_L2SP_115035_20200608_20200824_02_T1
LC08_L2SP_115035_20200608_20200824_02_T1,2020-06-08,115,035,821,39.520748360000006,38.74306742857144,36.837366055846665,35.97458604531206,공성,24.6,32.6,17.0,AWS,LC08_L2SP_115035_20200608_20200824_02_T1
LC08_L2SP_115035_20200608_20200824_02_T1,2020-06-08,115,035,822,38.68333346000001,37.91170730685716,36.55133076041239,35.56236056695679,김천,26.0,35.1,17.2,AWS,LC08_L2SP_115035_20200608_20200824_02_T1
LC08_L2SP_115035_20200608_20200824_02_T1,2020-06-08,115,035,946,38.81435756000002,38.08739353485716,34.530364498138944,31.98181641155407,북상,23.7,32.5,16.6,AWS,LC08_L2SP_115035_20200608_20200824_02_T1
LC08_L2SP_115035_20200608_20200824_02_T1,2020-06-08,115,035,738,37.55424752000001,38.444332480571454,38.67348432222998,39.16504582285552,줄포,23.3,31.7,16.5,AWS,LC08_L2SP_115035_20200608_20200824_02_T1
LC08_L2SP_115035_20200608_20200824_02_T1,2020-06-08,115,035,849,35.92157330000001,35.9590413097143,36.108851823092806,34.65537482013744,지보,25.4,34.8,17.2,AWS,LC08_L2SP_115035_20200608_20200824_02_T1
LC08_L2SP_115035_20200608_20200824_02_T1,2020-06-08,115,035,825,41.814239780000015,40.933334644571445,38.545348031752596,38.18465709556258,칠곡,26.6,33.7,18.2,AWS,LC08_L2SP_115035_20200608_20200824_02_T1
LC08_L2SP_115035_20200608_20200824_02_T1,2020-06-08,115,035,617,41.34938906,41.18324073542859,37.562344272989705,37.268265677904395,직산,24.0,32.2,18.2,AWS,LC08_L2SP_115035_20200608_20200824_02_T1
LC08_L2SP_115035_20200608_20200824_02_T1,2020-06-08,115,035,619,38.25380228000002,38.23016911314287,35.84004588824744,35.562327296793605,음성,24.8,31.7,17.4,AWS,LC08_L2SP_115035_20200608_20200824_02_T1
LC08_L2SP_115035_20200608_20200824_02_T1,2020-06-08,115,035,622,41.58523244000003,41.06790697485716,36.76454003546394,34.04660813808189,수안보,23.8,31.4,16.7,AWS,LC08_L2SP_115035_20200608_20200824_02_T1
LC08_L2SP_115035_20200608_20200824_02_T1,2020-06-08,115,035,604,41.95437860000002,41.915380619428596,39.58661082556703,37.832128403538526,옥천,25.4,32.5,17.4,AWS,LC08_L2SP_115035_20200608_20200824_02_T1
LC08_L2SP_115035_20200608_20200824_02_T1,2020-06-08,115,035,605,42.224402180000006,40.84466144000002,37.18334340927837,36.37035485736045,영동,25.5,34.5,18.5,AWS,LC08_L2SP_115035_20200608_20200824_02_T1
LC08_L2SP_115035_20200608_20200824_02_T1,2020-06-08,115,035,315,,,25.846865383814446,25.70670773344428,성삼재,19.7,24.2,15.2,AWS,LC08_L2SP_115035_20200608_20200824_02_T1
LC08_L2SP_115035_20200608_20200824_02_T1,2020-06-08,115,035,311,,,27.851585395792526,27.43016002537917,가야산,20.3,27.9,15.0,AWS,LC08_L2SP_115035_20200608_20200824_02_T1
LC08_L2SP_115035_20200608_20200824_02_T1,2020-06-08,115,035,633,35.24936270000003,34.80287163028572,33.40521757938146,31.95606079936446,정안,24.0,32.9,15.8,AWS,LC08_L2SP_115035_20200608_20200824_02_T1
LC08_L2SP_115035_20200608_20200824_02_T1,2020-06-08,115,035,647,36.6621443,35.701127286285725,35.030809098144346,35.02842728870887,가곡,25.5,34.2,18.4,AWS,LC08_L2SP_115035_20200608_20200824_02_T1
LC08_L2SP_115035_20200608_20200824_02_T1,2020-06-08,115,035,735,30.772895840000007,30.021647596571444,29.569210257142878,28.68346141330528,덕유산,21.6,29.2,15.4,AWS,LC08_L2SP_115035_20200608_20200824_02_T1
LC08_L2SP_115035_20200608_20200824_02_T1,2020-06-08,115,035,636,39.211987220000026,39.029399846857174,37.788591356288684,36.013167363956505,계룡,22.7,31.6,14.0,AWS,LC08_L2SP_115035_20200608_20200824_02_T1
LC08_L2SP_115035_20200608_20200824_02_T1,2020-06-08,115,035,948,34.50309500000001,34.360286869142875,33.76291161051548,32.00236014557116,삼장,22.8,31.7,15.3,AWS,LC08_L2SP_115035_20200608_20200824_02_T1
LC08_L2SP_115035_20200608_20200824_02_T1,2020-06-08,115,035,926,,,31.3113637168317,33.63165538332571,진북,22.4,29.9,14.1,AWS,LC08_L2SP_115035_20200608_20200824_02_T1
LC08_L2SP_115035_20200608_20200824_02_T1,2020-06-08,115,035,626,37.569058940000026,36.53883515942858,33.928362571752594,32.12986706743775,옥천청산,24.5,33.1,17.2,AWS,LC08_L2SP_115035_20200608_20200824_02_T1
LC08_L2SP_115035_20200608_20200824_02_T1,2020-06-08,115,035,641,38.932848920000005,38.664452968571446,34.91813189587631,34.12089160566278,가덕,24.4,32.5,17.2,AWS,LC08_L2SP_115035_20200608_20200824_02_T1
LC08_L2SP_115035_20200608_20200824_02_T1,2020-06-08,115,035,603,39.95483690000001,40.38527955200002,37.703109534226826,35.62834312882338,괴산,24.6,32.8,17.4,AWS,LC08_L2SP_115035_20200608_20200824_02_T1
LC08_L2SP_115035_20200608_20200824_02_T1,2020-06-08,115,035,516,38.495342360000016,38.67119135085716,37.54009386329899,36.50437469632401,안성,24.7,32.2,18.4,AWS,LC08_L2SP_115035_20200608_20200824_02_T1
LC08_L2SP_115035_20200608_20200824_02_T1,2020-06-08,115,035,736,38.446350740000014,38.40351155600001,39.465394446185584,39.61978319809908,진봉,24.2,32.5,16.8,AWS,LC08_L2SP_115035_20200608_20200824_02_T1
LC08_L2SP_115035_20200608_20200824_02_T1,2020-06-08,115,035,929,34.748053100000014,34.90580286114289,35.36416197195879,32.643470717730025,개천,22.0,29.9,13.7,AWS,LC08_L2SP_115035_20200608_20200824_02_T1
LC08_L2SP_115035_20200608_20200824_02_T1,2020-06-08,115,035,635,35.819032700000015,35.81753528171431,34.79476604000002,34.12973070519326,양화,23.9,32.3,15.5,AWS,LC08_L2SP_115035_20200608_20200824_02_T1
LC08_L2SP_115035_20200608_20200824_02_T1,2020-06-08,115,035,810,41.47699514000001,40.49071957586209,39.72587247020781,39.27225154116877,성주,26.0,35.0,16.5,AWS,LC08_L2SP_115035_20200608_20200824_02_T1
LC08_L2SP_115035_20200608_20200824_02_T1,2020-06-08,115,035,795,41.73676466000003,41.28177736914288,39.8130818373624,37.581363223700535,옥과,24.9,33.5,17.3,AWS,LC08_L2SP_115035_20200608_20200824_02_T1
LC08_L2SP_115035_20200608_20200824_02_T1,2020-06-08,115,035,806,40.358163260000005,40.203831518857164,38.50968733002295,38.005513427116284,선산,26.4,35.0,18.5,AWS,LC08_L2SP_115035_20200608_20200824_02_T1
LC08_L2SP_115035_20200608_20200824_02_T1,2020-06-08,115,035,809,38.42014592000002,38.298529513142874,35.72532492144332,33.93091212414545,대덕,25.0,34.0,16.3,AWS,LC08_L2SP_115035_20200608_20200824_02_T1
LC08_L2SP_115035_20200608_20200824_02_T1,2020-06-08,115,035,834,37.99175408,38.206633604000025,36.99436957958765,36.51879849721159,화서,24.1,30.8,17.2,AWS,LC08_L2SP_115035_20200608_20200824_02_T1
LC08_L2SP_115035_20200608_20200824_02_T1,2020-06-08,115,035,702,40.78085840000002,40.98694872971431,40.313038573604814,40.22299057993726,익산,24.7,33.2,16.1,AWS,LC08_L2SP_115035_20200608_20200824_02_T1
LC08_L2SP_115035_20200608_20200824_02_T1,2020-06-08,115,035,977,41.00530838000003,41.3444736217143,42.35721946804126,41.83256464955872,오창가곡,25.5,32.6,18.7,AWS,LC08_L2SP_115035_20200608_20200824_02_T1
LC08_L2SP_115035_20200608_20200824_02_T1,2020-06-08,115,035,624,35.99790908,36.41236841942859,35.51814514329899,34.49784646866878,상당,23.7,31.2,17.3,AWS,LC08_L2SP_115035_20200608_20200824_02_T1
LC08_L2SP_115035_20200608_20200824_02_T1,2020-06-08,115,035,826,45.54785696000001,45.23125065028572,44.96106553793816,43.78876166492988,신녕,25.1,35.9,14.8,AWS,LC08_L2SP_115035_20200608_20200824_02_T1
LC08_L2SP_115035_20200608_20200824_02_T1,2020-06-08,115,035,495,,,,36.01247550752608,공도,24.3,32.1,18.4,AWS,LC08_L2SP_115035_20200608_20200824_02_T1
LC08_L2SP_115035_20200608_20200824_02_T1,2020-06-08,115,035,493,40.247647280000045,38.42099228685717,34.92245624462281,33.057372653079334,송악,23.8,32.8,16.3,AWS,LC08_L2SP_115035_20200608_20200824_02_T1
LC08_L2SP_115035_20200608_20200824_02_T1,2020-06-08,115,035,972,41.97260804000001,42.476879924000016,,35.37901512673609,안동옥동,24.7,33.5,15.5,AWS,LC08_L2SP_115035_20200608_20200824_02_T1
LC08_L2SP_115035_20200608_20200824_02_T1,2020-06-08,115,035,836,38.06353249999999,38.46601249314288,37.51164951587631,35.74111430400231,현서,22.6,33.8,11.4,AWS,LC08_L2SP_115035_20200608_20200824_02_T1
LC08_L2SP_115035_20200608_20200824_02_T1,2020-06-08,115,035,761,40.6954079,40.43469435542859,39.01599694867751,38.09562701924384,태인,24.5,33.3,16.9,AWS,LC08_L2SP_115035_20200608_20200824_02_T1
LC08_L2SP_115035_20200608_20200824_02_T1,2020-06-08,115,035,899,41.60004386000003,41.42142790057145,40.78998878103095,41.075695922102945,마산회원,23.8,29.1,17.3,AWS,LC08_L2SP_115035_20200608_20200824_02_T1
LC08_L2SP_115035_20200608_20200824_02_T1,2020-06-08,115,035,824,39.448969940000005,39.567884483428585,38.47008503237115,37.03451005011746,가산,26.2,34.5,17.1,AWS,LC08_L2SP_115035_20200608_20200824_02_T1
LC08_L2SP_115035_20200608_20200824_02_T1,2020-06-08,115,035,839,43.89125660000004,43.813651269714306,41.623895439288184,38.7047447552007,길안,25.0,35.4,14.3,AWS,LC08_L2SP_115035_20200608_20200824_02_T1
LC08_L2SP_115035_20200608_20200824_02_T1,2020-06-08,115,035,838,37.152060500000026,37.14050433714288,33.97611305505156,30.695159535559586,동로,24.0,31.4,16.2,AWS,LC08_L2SP_115035_20200608_20200824_02_T1
LC08_L2SP_115035_20200608_20200824_02_T1,2020-06-08,115,035,833,37.72628786000001,36.552897870285726,34.176300182886614,32.78079291745207,은척,25.1,34.4,17.1,AWS,LC08_L2SP_115035_20200608_20200824_02_T1
LC08_L2SP_115035_20200608_20200824_02_T1,2020-06-08,115,035,912,35.86688498000003,36.229943809142874,36.80764310783506,35.98473875473142,백천,24.2,32.3,16.9,AWS,LC08_L2SP_115035_20200608_20200824_02_T1
LC08_L2SP_115035_20200608_20200824_02_T1,2020-06-08,115,035,819,42.00450956000003,41.036754164000016,34.520122455876304,33.023930291462946,예안,23.3,33.6,13.4,AWS,LC08_L2SP_115035_20200608_20200824_02_T1
LC08_L2SP_115035_20200608_20200824_02_T1,2020-06-08,115,035,757,39.19945448000001,39.01846218285716,36.71269457100374,37.42255369086652,진안주천,23.4,33.3,14.9,AWS,LC08_L2SP_115035_20200608_20200824_02_T1
LC08_L2SP_115035_20200608_20200824_02_T1,2020-06-08,115,035,676,36.173367440000014,35.749467854857166,33.10862897567012,33.84440533571701,위성센터,23.8,32.5,16.5,AWS,LC08_L2SP_115035_20200608_20200824_02_T1
LC08_L2SP_115035_20200608_20200824_02_T1,2020-06-08,115,035,632,37.989475400000025,37.542463489142875,35.83518313814435,34.666631877704,유구,24.5,32.7,16.3,AWS,LC08_L2SP_115035_20200608_20200824_02_T1
LC08_L2SP_115035_20200608_20200824_02_T1,2020-06-08,115,035,760,40.76376830000004,39.77745793828573,37.749589537313,35.24287851500002,복흥,22.3,32.2,13.3,AWS,LC08_L2SP_115035_20200608_20200824_02_T1
LC08_L2SP_115035_20200608_20200824_02_T1,2020-06-08,115,035,762,38.37685100000001,37.86590583885717,33.1208289187629,31.513186979215593,강진면,23.9,33.3,16.6,AWS,LC08_L2SP_115035_20200608_20200824_02_T1
LC08_L2SP_115035_20200608_20200824_02_T1,2020-06-08,115,035,758,38.88043928000004,38.31835402914286,35.36402102268043,32.90777045231035,동향,23.8,32.6,17.5,AWS,LC08_L2SP_115035_20200608_20200824_02_T1
LC08_L2SP_115035_20200608_20200824_02_T1,2020-06-08,115,035,920,38.847398420000026,39.25225475085716,38.33341121546394,37.354028330317796,함안,23.1,32.5,14.0,AWS,LC08_L2SP_115035_20200608_20200824_02_T1
LC08_L2SP_115035_20200608_20200824_02_T1,2020-06-08,115,035,764,41.016701780000005,39.19395309542859,35.89034911958765,35.07349759594619,신덕,22.8,32.2,14.9,AWS,LC08_L2SP_115035_20200608_20200824_02_T1
LC08_L2SP_115035_20200608_20200824_02_T1,2020-06-08,115,035,864,46.251969080000016,46.246304932571455,45.35752062061858,43.10051256302893,완산,25.8,33.7,18.0,AWS,LC08_L2SP_115035_20200608_20200824_02_T1
LC08_L2SP_115035_20200608_20200824_02_T1,2020-06-08,115,035,915,38.20481066000002,37.969227700571444,36.254037410309294,33.58846624863443,삼가,23.3,33.6,14.1,AWS,LC08_L2SP_115035_20200608_20200824_02_T1
LC08_L2SP_115035_20200608_20200824_02_T1,2020-06-08,115,035,602,38.11480280000003,37.89149216000003,36.408596124536096,36.82706025858576,진천,24.7,32.2,18.1,AWS,LC08_L2SP_115035_20200608_20200824_02_T1
LC08_L2SP_115035_20230617_20230623_02_T1,2023-06-17,115,035,919,41.35508576000003,40.95726078457145,37.770127000824765,37.27277965622103,창녕,26.0,33.8,18.4,AWS,LC08_L2SP_115035_20230617_20230623_02_T1
LC08_L2SP_115035_20230617_20230623_02_T1,2023-06-17,115,035,763,39.64493642000002,39.716714840000016,36.91607183503358,33.85976571833122,여산,23.9,31.5,17.9,AWS,LC08_L2SP_115035_20230617_20230623_02_T1
LC08_L2SP_115035_20230617_20230623_02_T1,2023-06-17,115,035,623,38.809800200000005,38.482028358285746,38.70545466618558,35.525426315915226,증평,23.7,31.7,15.9,AWS,LC08_L2SP_115035_20230617_20230623_02_T1
LC08_L2SP_115035_20230617_20230623_02_T1,2023-06-17,115,035,551,38.807521520000044,40.279711562857166,42.11422263042184,40.09411349842217,평택,23.2,30.9,17.1,AWS,LC08_L2SP_115035_20230617_20230623_02_T1
LC08_L2SP_115035_20230617_20230623_02_T1,2023-06-17,115,035,888,31.57271252000002,30.831327705714298,29.269341750121377,27.840757224014617,청남대,24.2,31.7,17.8,AWS,LC08_L2SP_115035_20230617_20230623_02_T1
LC08_L2SP_115035_20230617_20230623_02_T1,2023-06-17,115,035,733,37.64539472000001,36.76852610342859,32.94550850435116,30.633182915018665,함라,22.7,30.5,17.6,AWS,LC08_L2SP_115035_20230617_20230623_02_T1
LC08_L2SP_115035_20230617_20230623_02_T1,2023-06-17,115,035,820,33.624663860000034,33.17149951314288,31.516880848239452,31.173173524653627,하회,24.5,32.7,16.4,AWS,LC08_L2SP_115035_20230617_20230623_02_T1
LC08_L2SP_115035_20230617_20230623_02_T1,2023-06-17,115,035,827,43.30221782000001,42.493907878181844,39.36770279173254,40.79872699206149,경산,27.0,34.0,19.4,AWS,LC08_L2SP_115035_20230617_20230623_02_T1
LC08_L2SP_115035_20230617_20230623_02_T1,2023-06-17,115,035,812,37.558804880000025,36.937669264571454,32.11370325711342,30.56512236620672,고령,24.8,32.5,17.0,AWS,LC08_L2SP_115035_20230617_20230623_02_T1
LC08_L2SP_115035_20230617_20230623_02_T1,2023-06-17,115,035,615,,,36.82943112004719,36.966113008186376,논산,24.7,32.0,18.7,AWS,LC08_L2SP_115035_20230617_20230623_02_T1
LC08_L2SP_115035_20230617_20230623_02_T1,2023-06-17,115,035,604,41.09987360000002,40.279320932000026,37.368746523917544,35.46749167517322,옥천,25.4,32.3,18.0,AWS,LC08_L2SP_115035_20230617_20230623_02_T1
LC08_L2SP_115035_20230617_20230623_02_T1,2023-06-17,115,035,619,33.14272304000002,33.27228227428573,32.56552791463919,33.20719898535931,음성,22.6,30.4,13.6,AWS,LC08_L2SP_115035_20230617_20230623_02_T1
LC08_L2SP_115035_20230617_20230623_02_T1,2023-06-17,115,035,311,29.48885966000002,28.981104650857162,27.93701593587631,27.116020205519632,가야산,20.2,27.5,14.3,AWS,LC08_L2SP_115035_20230617_20230623_02_T1
LC08_L2SP_115035_20230617_20230623_02_T1,2023-06-17,115,035,825,36.65189024,36.07652354000002,34.15542402865981,33.60219801922132,칠곡,26.3,33.5,18.8,AWS,LC08_L2SP_115035_20230617_20230623_02_T1
LC08_L2SP_115035_20230617_20230623_02_T1,2023-06-17,115,035,822,35.13087134000002,34.55345382800002,32.915250481030945,32.26635008362442,김천,24.1,33.0,15.1,AWS,LC08_L2SP_115035_20230617_20230623_02_T1
LC08_L2SP_115035_20230617_20230623_02_T1,2023-06-17,115,035,821,39.75317372000003,38.86836227600002,36.214140934020634,34.75383786807903,공성,25.2,32.5,16.7,AWS,LC08_L2SP_115035_20230617_20230623_02_T1
LC08_L2SP_115035_20230617_20230623_02_T1,2023-06-17,115,035,647,33.69188492000003,33.29650138742859,33.210446981103466,33.50959248268736,가곡,24.4,32.1,16.6,AWS,LC08_L2SP_115035_20230617_20230623_02_T1
LC08_L2SP_115035_20230617_20230623_02_T1,2023-06-17,115,035,600,39.73152626000003,39.66886256000003,36.07094821298971,32.65478608853137,금왕,23.7,33.2,14.1,AWS,LC08_L2SP_115035_20230617_20230623_02_T1
LC08_L2SP_115035_20230617_20230623_02_T1,2023-06-17,115,035,516,38.03277032000002,37.966395626857164,36.4558846074227,35.18769868405819,안성,23.2,31.6,15.5,AWS,LC08_L2SP_115035_20230617_20230623_02_T1
LC08_L2SP_115035_20230617_20230623_02_T1,2023-06-17,115,035,810,40.309171640000024,38.69013021241381,36.745276982366434,36.689966463002484,성주,25.6,34.6,17.1,AWS,LC08_L2SP_115035_20230617_20230623_02_T1
LC08_L2SP_115035_20230617_20230623_02_T1,2023-06-17,115,035,809,34.414226480000025,34.28675061028573,32.493812138762905,30.892340292321805,대덕,24.0,32.4,16.5,AWS,LC08_L2SP_115035_20230617_20230623_02_T1
LC08_L2SP_115035_20230617_20230623_02_T1,2023-06-17,115,035,834,32.851052,33.53322368685716,32.329942941649506,32.21259137112513,화서,23.3,29.7,15.9,AWS,LC08_L2SP_115035_20230617_20230623_02_T1
LC08_L2SP_115035_20230617_20230623_02_T1,2023-06-17,115,035,495,,,,37.355099262742755,공도,23.6,31.4,17.0,AWS,LC08_L2SP_115035_20230617_20230623_02_T1
LC08_L2SP_115035_20230617_20230623_02_T1,2023-06-17,115,035,833,35.919294619999995,35.14525957657145,33.14468458412372,32.124899049247084,은척,23.8,33.2,15.0,AWS,LC08_L2SP_115035_20230617_20230623_02_T1
LC08_L2SP_115035_20230617_20230623_02_T1,2023-06-17,115,035,757,39.316806500000006,39.064849597142874,35.81151540515466,34.77865923285962,진안주천,23.1,33.5,14.0,AWS,LC08_L2SP_115035_20230617_20230623_02_T1
LC08_L2SP_115035_20230617_20230623_02_T1,2023-06-17,115,035,676,36.36933392000003,36.22154524571431,33.117798509278366,33.47888313791585,위성센터,23.6,31.7,15.0,AWS,LC08_L2SP_115035_20230617_20230623_02_T1
LC08_L2SP_115035_20230617_20230623_02_T1,2023-06-17,115,035,632,36.01955654000002,35.953572477714296,34.27901305422682,33.467441137383354,유구,23.0,31.9,14.8,AWS,LC08_L2SP_115035_20230617_20230623_02_T1
LC08_L2SP_115035_20230617_20230623_02_T1,2023-06-17,115,035,602,36.661004960000035,36.6112971834286,35.109940372164964,35.412280817904396,진천,24.2,32.3,16.5,AWS,LC08_L2SP_115035_20230617_20230623_02_T1
LC08_L2SP_115035_20230617_20230623_02_T1,2023-06-17,115,035,701,39.85799300000004,39.90538954400003,37.22531105690724,34.69868443459103,무주,24.1,32.5,15.8,AWS,LC08_L2SP_115035_20230617_20230623_02_T1
LC08_L2SP_115035_20230617_20230623_02_T1,2023-06-17,115,035,633,35.909040560000015,35.339598428000016,34.45541499134023,33.244162136656186,정안,23.0,32.9,15.3,AWS,LC08_L2SP_115035_20230617_20230623_02_T1
LC08_L2SP_115035_20230617_20230623_02_T1,2023-06-17,115,035,626,33.805818920000014,33.30997815200002,30.96129804206188,29.37976516094585,옥천청산,23.1,32.1,15.1,AWS,LC08_L2SP_115035_20230617_20230623_02_T1
LC08_L2SP_115035_20230617_20230623_02_T1,2023-06-17,115,035,945,36.20754764000001,35.5980983977143,32.8966725830928,31.380729652774136,대병,25.1,33.1,18.0,AWS,LC08_L2SP_115035_20230617_20230623_02_T1
LC08_L2SP_115035_20230617_20230623_02_T1,2023-06-17,115,035,314,24.57374690000002,24.044800166857158,21.684196642886615,21.5601994497395,설천봉,18.1,25.2,12.6,AWS,LC08_L2SP_115035_20230617_20230623_02_T1
LC08_L2SP_115035_20230617_20230623_02_T1,2023-06-17,115,035,315,,,,20.360845567376956,성삼재,18.8,25.0,15.1,AWS,LC08_L2SP_115035_20230617_20230623_02_T1
LC08_L2SP_115035_20230617_20230623_02_T1,2023-06-17,115,035,824,29.928644900000034,29.941470613142876,29.276467142994207,29.112053174514692,가산,25.5,33.1,17.9,AWS,LC08_L2SP_115035_20230617_20230623_02_T1
LC08_L2SP_115035_20230617_20230623_02_T1,2023-06-17,115,035,764,33.66568010000001,32.130468278857165,29.510651984536103,28.736776053400423,신덕,21.8,30.2,14.9,AWS,LC08_L2SP_115035_20230617_20230623_02_T1
LC08_L2SP_115035_20230617_20230623_02_T1,2023-06-17,115,035,761,38.719792340000005,39.09727195828574,37.18806912536084,35.334111136139065,태인,23.2,31.4,17.6,AWS,LC08_L2SP_115035_20230617_20230623_02_T1
LC08_L2SP_115035_20230617_20230623_02_T1,2023-06-17,115,035,759,26.699755340000024,26.260631652258088,23.832406602051297,23.43656165827924,뱀사골,22.9,31.3,15.1,AWS,LC08_L2SP_115035_20230617_20230623_02_T1
LC08_L2SP_115035_20230617_20230623_02_T1,2023-06-17,115,035,864,42.45227018000003,42.73394758057145,41.86227999237116,39.39686723356429,완산,24.6,32.3,18.0,AWS,LC08_L2SP_115035_20230617_20230623_02_T1
LC08_L2SP_115035_20230617_20230623_02_T1,2023-06-17,115,035,737,34.35612014000001,34.67764859000002,36.40577774927346,37.340240628541814,김제,23.1,30.4,18.9,AWS,LC08_L2SP_115035_20230617_20230623_02_T1
LC08_L2SP_115035_20230617_20230623_02_T1,2023-06-17,115,035,736,35.891950460000054,36.1654897177143,36.50459041360827,36.36474492072719,진봉,23.1,30.1,17.9,AWS,LC08_L2SP_115035_20230617_20230623_02_T1
LC08_L2SP_115035_20230617_20230623_02_T1,2023-06-17,115,035,791,,,,22.01102499901301,피아골,23.0,31.4,16.0,AWS,LC08_L2SP_115035_20230617_20230623_02_T1
LC08_L2SP_115035_20230617_20230623_02_T1,2023-06-17,115,035,899,35.22201854000002,35.53061691714287,35.615151039960885,37.73482873964863,마산회원,24.5,30.2,19.2,AWS,LC08_L2SP_115035_20230617_20230623_02_T1
LC08_L2SP_115035_20230617_20230623_02_T1,2023-06-17,115,035,912,34.347005420000016,34.99096038800002,34.65580962783507,34.01962174320214,백천,25.4,33.2,18.0,AWS,LC08_L2SP_115035_20230617_20230623_02_T1
LC08_L2SP_115035_20230617_20230623_02_T1,2023-06-17,115,035,920,36.675816380000036,36.95964225028574,36.10412610701033,34.99064412574293,함안,24.3,32.3,17.3,AWS,LC08_L2SP_115035_20230617_20230623_02_T1
LC08_L2SP_115035_20230617_20230623_02_T1,2023-06-17,115,035,977,39.59594480000002,38.65859350571431,36.44662893814435,35.831822468319515,오창가곡,24.5,32.6,16.6,AWS,LC08_L2SP_115035_20230617_20230623_02_T1
LC08_L2SP_115035_20230617_20230623_02_T1,2023-06-17,115,035,951,,,31.58292706531794,29.731476491637856,내장산,22.5,31.7,16.1,AWS,LC08_L2SP_115035_20230617_20230623_02_T1
LC08_L2SP_115035_20230617_20230623_02_T1,2023-06-17,115,035,738,35.78371316000001,35.95044743085715,34.04638156621055,33.8903386712879,줄포,22.0,28.8,16.8,AWS,LC08_L2SP_115035_20230617_20230623_02_T1
LC08_L2SP_115035_20230617_20230623_02_T1,2023-06-17,115,035,803,29.62444112000003,29.341559274285736,29.158791687422696,28.141520144803913,옥산,24.2,32.5,15.9,AWS,LC08_L2SP_115035_20230617_20230623_02_T1
LC08_L2SP_115035_20230617_20230623_02_T1,2023-06-17,115,035,849,33.91975292000003,34.03137568742859,34.134469569278366,32.92847525768682,지보,24.9,33.7,16.5,AWS,LC08_L2SP_115035_20230617_20230623_02_T1
LC08_L2SP_115035_20230617_20230623_02_T1,2023-06-17,115,035,815,32.47620914000004,31.61298005085716,31.07702779914042,30.624858511132548,예천,24.6,33.8,16.2,AWS,LC08_L2SP_115035_20230617_20230623_02_T1
LC08_L2SP_115035_20230617_20230623_02_T1,2023-06-17,115,035,826,35.32911650000003,35.66626348228574,34.600616239587644,33.69041283235764,신녕,26.0,34.2,17.8,AWS,LC08_L2SP_115035_20230617_20230623_02_T1
LC08_L2SP_115035_20230617_20230623_02_T1,2023-06-17,115,035,836,29.386319060000023,29.34644216000002,28.38983898412373,26.488961908252065,현서,22.5,31.5,14.1,AWS,LC08_L2SP_115035_20230617_20230623_02_T1
LC08_L2SP_115035_20230617_20230623_02_T1,2023-06-17,115,035,832,39.89900924000002,39.09307267657145,36.8038492230928,36.51604392340683,단북,25.9,33.9,17.2,AWS,LC08_L2SP_115035_20230617_20230623_02_T1
LC08_L2SP_115035_20230617_20230623_02_T1,2023-06-17,115,035,853,30.053972300000037,29.0471212657143,26.137794482474245,26.36452745900947,팔공산,23.5,29.6,18.4,AWS,LC08_L2SP_115035_20230617_20230623_02_T1
LC08_L2SP_115035_20230617_20230623_02_T1,2023-06-17,115,035,946,39.15957758000002,38.427730669142875,34.78067894268043,30.941966654846855,북상,23.9,33.3,15.3,AWS,LC08_L2SP_115035_20230617_20230623_02_T1
LC08_L2SP_115035_20230617_20230623_02_T1,2023-06-17,115,035,641,34.74007772000002,34.2602853697143,34.78363496226806,34.029256842326,가덕,23.6,32.0,16.4,AWS,LC08_L2SP_115035_20230617_20230623_02_T1
LC08_L2SP_115035_20230617_20230623_02_T1,2023-06-17,115,035,735,30.811633400000023,29.868422642857162,29.436978579793834,27.680677500933314,덕유산,21.6,29.5,14.1,AWS,LC08_L2SP_115035_20230617_20230623_02_T1
LC08_L2SP_115035_20230617_20230623_02_T1,2023-06-17,115,035,622,34.76970056000001,34.5829464577143,30.481377495051568,28.277055939874057,수안보,22.6,30.9,13.7,AWS,LC08_L2SP_115035_20230617_20230623_02_T1
LC08_L2SP_115035_20230617_20230623_02_T1,2023-06-17,115,035,603,38.48850632000002,38.49062223714288,34.81526241422682,33.23106152063558,괴산,23.0,31.5,14.0,AWS,LC08_L2SP_115035_20230617_20230623_02_T1
LC08_L2SP_115035_20230617_20230623_02_T1,2023-06-17,115,035,659,27.28651544,27.68596804400001,27.11977244371136,27.088787598419717,계룡산,21.6,28.8,16.8,AWS,LC08_L2SP_115035_20230617_20230623_02_T1
LC08_L2SP_115035_20230617_20230623_02_T1,2023-06-17,115,035,838,28.497633860000008,28.56186008342859,26.487352608041256,24.17975940850517,동로,24.6,30.7,19.2,AWS,LC08_L2SP_115035_20230617_20230623_02_T1
LC08_L2SP_115035_20230617_20230623_02_T1,2023-06-17,115,035,935,38.31190862000002,38.12567535885716,34.799799779094094,33.70406359427085,청덕,25.2,33.0,17.5,AWS,LC08_L2SP_115035_20230617_20230623_02_T1
LC08_L2SP_115035_20230617_20230623_02_T1,2023-06-17,115,035,758,38.162655080000036,37.88182404628573,34.3334899503093,32.4678409179192,동향,23.0,33.1,14.6,AWS,LC08_L2SP_115035_20230617_20230623_02_T1
LC08_L2SP_115035_20230617_20230623_02_T1,2023-06-17,115,035,635,32.42835686000003,32.68819148514288,31.604637531546413,31.31560146000002,양화,23.7,30.7,17.9,AWS,LC08_L2SP_115035_20230617_20230623_02_T1
LC08_L2SP_115035_20230617_20230623_02_T1,2023-06-17,115,035,818,31.52713892000001,30.835331672000017,29.10302667154641,29.313259086361313,마성,23.9,31.2,15.5,AWS,LC08_L2SP_115035_20230617_20230623_02_T1
LC08_L2SP_115035_20230617_20230623_02_T1,2023-06-17,115,035,819,33.566557520000025,32.68721490800002,27.88201048000002,26.414550127890088,예안,23.6,33.3,15.0,AWS,LC08_L2SP_115035_20230617_20230623_02_T1
LC08_L2SP_115035_20230617_20230623_02_T1,2023-06-17,115,035,617,45.470381840000016,44.87782738228573,40.0545820059794,39.815581803031534,직산,23.8,31.3,17.3,AWS,LC08_L2SP_115035_20230617_20230623_02_T1
LC08_L2SP_115035_20230617_20230623_02_T1,2023-06-17,115,035,702,,,,35.42453207019451,익산,23.5,30.2,19.0,AWS,LC08_L2SP_115035_20230617_20230623_02_T1
LC08_L2SP_115035_20230617_20230623_02_T1,2023-06-17,115,035,493,39.54239582,39.53819653828574,36.70131091111368,36.349019334408496,송악,23.2,31.1,15.8,AWS,LC08_L2SP_115035_20230617_20230623_02_T1
LC08_L2SP_115035_20230617_20230623_02_T1,2023-06-17,115,035,640,32.88523220000004,33.02794267314288,31.896339893608268,31.17959390271402,청천,22.1,30.2,13.4,AWS,LC08_L2SP_115035_20230617_20230623_02_T1
LC08_L2SP_115035_20230617_20230623_02_T1,2023-06-17,115,035,644,,,,35.96384790752002,연무,23.8,31.6,17.7,AWS,LC08_L2SP_115035_20230617_20230623_02_T1
LC08_L2SP_115035_20230617_20230623_02_T1,2023-06-17,115,035,806,38.947660340000006,39.15469469428573,36.91651859484538,36.3806128314973,선산,25.6,33.2,18.3,AWS,LC08_L2SP_115035_20230617_20230623_02_T1
LC08_L2SP_115035_20230617_20230623_02_T1,2023-06-17,115,035,636,38.33355608000003,37.66629347085717,35.542388419175275,33.91314292140282,계룡,22.9,31.4,14.9,AWS,LC08_L2SP_115035_20230617_20230623_02_T1
LC08_L2SP_115035_20230617_20230623_02_T1,2023-06-17,115,035,872,,,,14.104816695380933,지리산,20.5,25.6,16.2,AWS,LC08_L2SP_115035_20230617_20230623_02_T1
LC08_L2SP_115035_20230617_20230623_02_T1,2023-06-17,115,035,944,42.00678824000003,41.70004535942859,38.97216218890461,36.258510803746304,길곡,24.8,33.1,17.4,AWS,LC08_L2SP_115035_20230617_20230623_02_T1
LC08_L2SP_115035_20230617_20230623_02_T1,2023-06-17,115,035,327,38.97500450000001,38.502731793714304,40.732407085567026,40.12696041540798,청주금천,24.6,31.9,17.9,AWS,LC08_L2SP_115035_20230617_20230623_02_T1
LC08_L2SP_115035_20230617_20230623_02_T1,2023-06-17,115,035,624,31.57271252000004,31.97294638571431,31.5758956245361,31.02621693051549,상당,22.4,30.0,14.2,AWS,LC08_L2SP_115035_20230617_20230623_02_T1
LC08_L2SP_115035_20230617_20230623_02_T1,2023-06-17,115,035,605,34.29117776000002,34.01653171485716,32.574544753195894,32.67347804903523,영동,23.0,31.6,14.9,AWS,LC08_L2SP_115035_20230617_20230623_02_T1
LC08_L2SP_115035_20230617_20230623_02_T1,2023-06-17,115,035,625,33.728343800000026,32.01083757885716,28.131036532783526,27.159877130334976,속리산,21.8,30.0,13.2,AWS,LC08_L2SP_115035_20230617_20230623_02_T1
LC08_L2SP_115035_20240603_20240611_02_T1,2024-06-03,115,035,763,42.246049640000045,41.57863097000003,38.321755499765125,35.08015646200089,여산,20.5,28.1,12.2,AWS,LC08_L2SP_115035_20240603_20240611_02_T1
LC08_L2SP_115035_20240603_20240611_02_T1,2024-06-03,115,035,623,41.225201000000006,40.423170745142876,40.61154307938146,37.471349004376066,증평,20.2,26.7,12.3,AWS,LC08_L2SP_115035_20240603_20240611_02_T1
LC08_L2SP_115035_20240603_20240611_02_T1,2024-06-03,115,035,551,37.01306102000003,37.557502777142886,39.27110850555833,37.48251423260963,평택,21.6,28.6,13.4,AWS,LC08_L2SP_115035_20240603_20240611_02_T1
LC08_L2SP_115035_20240603_20240611_02_T1,2024-06-03,115,035,733,37.80604166000003,36.740791312571446,32.71880158748093,30.39708031510155,함라,20.1,27.5,13.6,AWS,LC08_L2SP_115035_20240603_20240611_02_T1
LC08_L2SP_115035_20240603_20240611_02_T1,2024-06-03,115,035,827,,,,36.34140298434943,경산,19.7,26.7,16.0,AWS,LC08_L2SP_115035_20240603_20240611_02_T1
LC08_L2SP_115035_20240603_20240611_02_T1,2024-06-03,115,035,812,34.77653660000001,33.63761090545456,30.457471525379326,28.4900430545648,고령,19.7,26.4,13.0,AWS,LC08_L2SP_115035_20240603_20240611_02_T1
LC08_L2SP_115035_20240603_20240611_02_T1,2024-06-03,115,035,615,,,36.20195598553193,36.36784313547886,논산,20.8,28.3,12.6,AWS,LC08_L2SP_115035_20240603_20240611_02_T1
LC08_L2SP_115035_20240603_20240611_02_T1,2024-06-03,115,035,834,,,31.11323643732525,30.837944641868145,화서,20.0,26.2,13.4,AWS,LC08_L2SP_115035_20240603_20240611_02_T1
LC08_L2SP_115035_20240603_20240611_02_T1,2024-06-03,115,035,809,33.425279360000026,33.265250918857156,30.358321971097578,,대덕,18.7,25.7,10.0,AWS,LC08_L2SP_115035_20240603_20240611_02_T1
LC08_L2SP_115035_20240603_20240611_02_T1,2024-06-03,115,035,495,,,,35.37143700103869,공도,21.5,27.7,13.8,AWS,LC08_L2SP_115035_20240603_20240611_02_T1
LC08_L2SP_115035_20240603_20240611_02_T1,2024-06-03,115,035,757,37.046101880000016,36.15308718800001,34.6671664985366,34.68185551491527,진안주천,17.2,27.0,7.6,AWS,LC08_L2SP_115035_20240603_20240611_02_T1
LC08_L2SP_115035_20240603_20240611_02_T1,2024-06-03,115,035,676,37.350305660000004,36.65993072514287,34.84171214725583,35.4714692752055,위성센터,19.9,27.1,11.2,AWS,LC08_L2SP_115035_20240603_20240611_02_T1
LC08_L2SP_115035_20240603_20240611_02_T1,2024-06-03,115,035,632,36.99824960000001,36.34820730114288,34.04442255670105,33.007202266494865,유구,19.0,27.0,10.4,AWS,LC08_L2SP_115035_20240603_20240611_02_T1
LC08_L2SP_115035_20240603_20240611_02_T1,2024-06-03,115,035,602,37.17256862000003,36.83014812114287,35.55364190668991,36.24070588654548,진천,20.7,27.0,12.6,AWS,LC08_L2SP_115035_20240603_20240611_02_T1
LC08_L2SP_115035_20240603_20240611_02_T1,2024-06-03,115,035,701,39.02627480000001,38.97402792285717,36.126458737113424,33.59811602017817,무주,18.3,26.4,10.4,AWS,LC08_L2SP_115035_20240603_20240611_02_T1
LC08_L2SP_115035_20240603_20240611_02_T1,2024-06-03,115,035,633,33.53921336000002,33.34640447942858,31.86284486371136,30.346575855046048,정안,19.0,27.6,10.2,AWS,LC08_L2SP_115035_20240603_20240611_02_T1
LC08_L2SP_115035_20240603_20240611_02_T1,2024-06-03,115,035,626,32.282521339999995,31.819037828000013,29.025901606799554,26.97992356117444,옥천청산,18.6,26.7,10.8,AWS,LC08_L2SP_115035_20240603_20240611_02_T1
LC08_L2SP_115035_20240603_20240611_02_T1,2024-06-03,115,035,945,34.15673564000004,34.202862633714304,31.6286867341079,29.365729828742182,대병,18.5,25.7,12.0,AWS,LC08_L2SP_115035_20240603_20240611_02_T1
LC08_L2SP_115035_20240603_20240611_02_T1,2024-06-03,115,035,703,37.71717314,37.390410428000024,36.74528051562502,34.27816267408869,진안,18.3,,,AWS,LC08_L2SP_115035_20240603_20240611_02_T1
LC08_L2SP_115035_20240603_20240611_02_T1,2024-06-03,115,035,761,39.64949378000002,40.289672649714305,38.972359556854215,36.843086656940386,태인,20.5,28.8,11.7,AWS,LC08_L2SP_115035_20240603_20240611_02_T1
LC08_L2SP_115035_20240603_20240611_02_T1,2024-06-03,115,035,914,33.250960340000006,33.1699369897143,30.98831723567012,27.878414999163653,서하,17.2,24.9,10.1,AWS,LC08_L2SP_115035_20240603_20240611_02_T1
LC08_L2SP_115035_20240603_20240611_02_T1,2024-06-03,115,035,737,38.18999924000002,37.99141898000001,39.1534143074769,39.85932247613093,김제,20.7,28.4,14.1,AWS,LC08_L2SP_115035_20240603_20240611_02_T1
LC08_L2SP_115035_20240603_20240611_02_T1,2024-06-03,115,035,736,41.032652540000036,41.47816703257144,41.35784601670105,41.10381689165045,진봉,20.2,28.0,12.3,AWS,LC08_L2SP_115035_20240603_20240611_02_T1
LC08_L2SP_115035_20240603_20240611_02_T1,2024-06-03,115,035,759,30.29551238000003,29.187650716571447,26.555301905979398,26.342526398924875,뱀사골,17.4,25.7,8.9,AWS,LC08_L2SP_115035_20240603_20240611_02_T1
LC08_L2SP_115035_20240603_20240611_02_T1,2024-06-03,115,035,912,36.60289862000002,36.56031985657145,36.67412498865981,35.890533592672256,백천,19.0,27.0,11.5,AWS,LC08_L2SP_115035_20240603_20240611_02_T1
LC08_L2SP_115035_20240603_20240611_02_T1,2024-06-03,115,035,706,36.65758694000001,36.293616638857166,36.742274383751464,37.35376678486674,담양,20.9,30.1,11.6,AWS,LC08_L2SP_115035_20240603_20240611_02_T1
LC08_L2SP_115035_20240603_20240611_02_T1,2024-06-03,115,035,951,,,32.32318894196002,30.861478238094897,내장산,19.5,27.8,9.3,AWS,LC08_L2SP_115035_20240603_20240611_02_T1
LC08_L2SP_115035_20240603_20240611_02_T1,2024-06-03,115,035,791,,,,22.82274442176993,피아골,17.1,25.8,10.6,AWS,LC08_L2SP_115035_20240603_20240611_02_T1
LC08_L2SP_115035_20240603_20240611_02_T1,2024-06-03,115,035,977,38.632063159999994,38.07782307885716,36.06073252523756,35.30571464058894,오창가곡,20.9,27.7,12.7,AWS,LC08_L2SP_115035_20240603_20240611_02_T1
LC08_L2SP_115035_20240603_20240611_02_T1,2024-06-03,115,035,764,37.20560948000002,35.38559521142858,32.63027061649486,32.055927878179745,신덕,18.6,26.5,8.2,AWS,LC08_L2SP_115035_20240603_20240611_02_T1
LC08_L2SP_115035_20240603_20240611_02_T1,2024-06-03,115,035,864,44.48485274000001,44.97782888171431,44.173131665154656,41.68285623176641,완산,20.6,29.1,12.7,AWS,LC08_L2SP_115035_20240603_20240611_02_T1
LC08_L2SP_115035_20240603_20240611_02_T1,2024-06-03,115,035,738,40.72503074000002,40.77034391942859,38.143922758896565,36.965758296177434,줄포,19.6,27.3,11.8,AWS,LC08_L2SP_115035_20240603_20240611_02_T1
LC08_L2SP_115035_20240603_20240611_02_T1,2024-06-03,115,035,709,35.804221280000014,35.6329622017143,36.52511906626149,36.09922022077596,구례,19.3,28.3,11.6,AWS,LC08_L2SP_115035_20240603_20240611_02_T1
LC08_L2SP_115035_20240603_20240611_02_T1,2024-06-03,115,035,641,33.131329640000025,32.7666106297143,33.43296501092786,32.90054012137617,가덕,19.8,27.1,11.8,AWS,LC08_L2SP_115035_20240603_20240611_02_T1
LC08_L2SP_115035_20240603_20240611_02_T1,2024-06-03,115,035,735,,,26.55605504799033,24.56416761516607,덕유산,15.4,23.3,8.0,AWS,LC08_L2SP_115035_20240603_20240611_02_T1
LC08_L2SP_115035_20240603_20240611_02_T1,2024-06-03,115,035,906,34.11799808000001,33.92922571828572,32.536179142680425,30.330738394794803,화개,18.4,27.2,10.8,AWS,LC08_L2SP_115035_20240603_20240611_02_T1
LC08_L2SP_115035_20240603_20240611_02_T1,2024-06-03,115,035,768,43.36716020000002,42.40894270742859,37.06265950494847,35.746369469928325,곡성,19.5,29.2,10.1,AWS,LC08_L2SP_115035_20240603_20240611_02_T1
LC08_L2SP_115035_20240603_20240611_02_T1,2024-06-03,115,035,758,40.54045766000004,39.701675552000026,35.332240875670124,32.454688527609775,동향,17.3,28.2,8.8,AWS,LC08_L2SP_115035_20240603_20240611_02_T1
LC08_L2SP_115035_20240603_20240611_02_T1,2024-06-03,115,035,760,42.54683540000002,41.39496266000003,36.56034759896909,33.62782191607789,복흥,18.0,27.0,6.9,AWS,LC08_L2SP_115035_20240603_20240611_02_T1
LC08_L2SP_115035_20240603_20240611_02_T1,2024-06-03,115,035,936,,,33.47943288775512,29.71602493782315,신포,18.9,26.6,12.8,AWS,LC08_L2SP_115035_20240603_20240611_02_T1
LC08_L2SP_115035_20240603_20240611_02_T1,2024-06-03,115,035,839,,,,34.19976407030511,길안,18.3,25.5,13.1,AWS,LC08_L2SP_115035_20240603_20240611_02_T1
LC08_L2SP_115035_20240603_20240611_02_T1,2024-06-03,115,035,635,34.100907980000024,34.20794083485716,33.438798218413815,32.91558620420902,양화,19.8,27.8,11.5,AWS,LC08_L2SP_115035_20240603_20240611_02_T1
LC08_L2SP_115035_20240603_20240611_02_T1,2024-06-03,115,035,379,35.97398294000002,35.46713940285716,32.32864307608249,31.126384935074903,번암,17.5,26.0,8.6,AWS,LC08_L2SP_115035_20240603_20240611_02_T1
LC08_L2SP_115035_20240603_20240611_02_T1,2024-06-03,115,035,702,36.55162832000002,35.50815564285717,35.43731823678615,35.91981210131471,익산,20.7,27.4,13.5,AWS,LC08_L2SP_115035_20240603_20240611_02_T1
LC08_L2SP_115035_20240603_20240611_02_T1,2024-06-03,115,035,493,36.34768646000001,36.33551179828573,34.45017782392654,33.76211669655688,송악,20.1,27.4,12.5,AWS,LC08_L2SP_115035_20240603_20240611_02_T1
LC08_L2SP_115035_20240603_20240611_02_T1,2024-06-03,115,035,317,37.55994422000001,38.13876149257145,37.36932598206187,35.175463359804674,구이,19.5,27.5,10.0,AWS,LC08_L2SP_115035_20240603_20240611_02_T1
LC08_L2SP_115035_20240603_20240611_02_T1,2024-06-03,115,035,690,39.932050100000005,39.21768392000002,35.10388738371136,33.53919998669913,풍산,19.0,29.1,9.8,AWS,LC08_L2SP_115035_20240603_20240611_02_T1
LC08_L2SP_115035_20240603_20240611_02_T1,2024-06-03,115,035,644,,,,37.791840390080026,연무,20.0,27.2,11.8,AWS,LC08_L2SP_115035_20240603_20240611_02_T1
LC08_L2SP_115035_20240603_20240611_02_T1,2024-06-03,115,035,636,35.947778120000045,36.04156207828574,34.83770858680414,33.340770862267405,계룡,17.9,26.7,8.5,AWS,LC08_L2SP_115035_20240603_20240611_02_T1
LC08_L2SP_115035_20240603_20240611_02_T1,2024-06-03,115,035,795,39.86027168000002,39.44112477028574,38.49151752629164,35.98404825687663,옥과,19.3,29.1,10.3,AWS,LC08_L2SP_115035_20240603_20240611_02_T1
LC08_L2SP_115035_20240603_20240611_02_T1,2024-06-03,115,035,614,36.89229098000004,36.93993610727275,35.163415447760016,34.69408105977294,서천,18.7,24.8,12.0,AWS,LC08_L2SP_115035_20240603_20240611_02_T1
LC08_L2SP_115035_20240603_20240611_02_T1,2024-06-03,115,035,327,36.920774480000034,37.08825746000002,39.421956840154586,38.67767224117649,청주금천,20.7,26.8,13.6,AWS,LC08_L2SP_115035_20240603_20240611_02_T1
LC08_L2SP_115035_20240603_20240611_02_T1,2024-06-03,115,035,624,,,31.450383228608263,32.73505644373283,상당,17.9,25.6,9.5,AWS,LC08_L2SP_115035_20240603_20240611_02_T1
LC08_L2SP_115035_20240603_20240611_02_T1,2024-06-03,115,035,605,32.100226940000006,31.44871977542859,30.072076451752597,30.262246457131425,영동,18.6,26.6,9.8,AWS,LC08_L2SP_115035_20240603_20240611_02_T1
LC08_L2SP_115035_20240603_20240611_02_T1,2024-06-03,115,035,617,35.474952020000025,35.59233659257144,36.36239857972479,36.128971081760845,직산,20.7,26.9,12.3,AWS,LC08_L2SP_115035_20240603_20240611_02_T1
LC08_L2SP_115035_20240603_20240611_02_T1,2024-06-03,115,035,604,38.183163200000024,37.68807114114288,35.36699040892204,33.377319446497715,옥천,19.3,26.9,11.5,AWS,LC08_L2SP_115035_20240603_20240611_02_T1
LC08_L2SP_115035_20240603_20240611_02_T1,2024-06-03,115,035,619,,,33.43204470109787,32.9158483958416,음성,19.5,26.5,11.5,AWS,LC08_L2SP_115035_20240603_20240611_02_T1
LC08_L2SP_115035_20240603_20240611_02_T1,2024-06-03,115,035,315,27.025606580000005,25.459079185142873,22.204757565154658,22.045337141007746,성삼재,14.7,22.7,10.4,AWS,LC08_L2SP_115035_20240603_20240611_02_T1
LC08_L2SP_115035_20240603_20240611_02_T1,2024-06-03,115,035,948,29.897882720000023,30.51520968457145,31.112015888453627,29.120274936114306,삼장,17.9,24.5,10.2,AWS,LC08_L2SP_115035_20240603_20240611_02_T1
LC08_L2SP_115035_20240603_20240611_02_T1,2024-06-03,115,035,600,38.93626694000002,38.970219272000016,36.549844042720224,33.855708334900896,금왕,19.7,27.3,10.8,AWS,LC08_L2SP_115035_20240603_20240611_02_T1
LC08_L2SP_115035_20240603_20240611_02_T1,2024-06-03,115,035,888,29.902440080000037,28.75785911600002,26.984364579101733,25.607507887842267,청남대,20.3,27.6,13.4,AWS,LC08_L2SP_115035_20240603_20240611_02_T1
LC08_L2SP_115035_20240603_20240611_02_T1,2024-06-03,115,035,815,,,,30.467345763254514,예천,18.9,26.6,13.1,AWS,LC08_L2SP_115035_20240603_20240611_02_T1
LC08_L2SP_115035_20240603_20240611_02_T1,2024-06-03,115,035,822,36.54137426000002,36.233166513714295,34.81376367136365,33.756363230870136,김천,21.0,28.1,12.6,AWS,LC08_L2SP_115035_20240603_20240611_02_T1
LC08_L2SP_115035_20240603_20240611_02_T1,2024-06-03,115,035,996,,,,28.58960025487605,화동,17.2,23.1,11.8,AWS,LC08_L2SP_115035_20240603_20240611_02_T1
LC08_L2SP_115035_20240603_20240611_02_T1,2024-06-03,115,035,647,33.460598900000015,33.59494336228573,32.686278378350536,31.968260674502467,가곡,18.5,26.8,10.0,AWS,LC08_L2SP_115035_20240603_20240611_02_T1
LC08_L2SP_115035_20240603_20240611_02_T1,2024-06-03,115,035,762,35.13656804000001,35.48911238857144,32.552752428659815,30.963269344626415,강진면,19.6,27.7,9.6,AWS,LC08_L2SP_115035_20240603_20240611_02_T1
LC08_L2SP_115035_20240806_20240814_02_T1,2024-08-06,115,035,820,41.05543934,39.9184756777143,37.17783079069345,35.92358355351553,하회,26.1,34.5,22.0,AWS,LC08_L2SP_115035_20240806_20240814_02_T1
LC08_L2SP_115035_20240806_20240814_02_T1,2024-08-06,115,035,827,48.290248340000026,47.59815107818183,45.13532823846156,46.02357572120874,경산,28.7,36.1,23.3,AWS,LC08_L2SP_115035_20240806_20240814_02_T1
LC08_L2SP_115035_20240806_20240814_02_T1,2024-08-06,115,035,615,,,42.92544560594342,42.890527453211334,논산,28.9,34.7,24.0,AWS,LC08_L2SP_115035_20240806_20240814_02_T1
LC08_L2SP_115035_20240806_20240814_02_T1,2024-08-06,115,035,825,,,,41.18775646640544,칠곡,28.6,34.8,23.6,AWS,LC08_L2SP_115035_20240806_20240814_02_T1
LC08_L2SP_115035_20240806_20240814_02_T1,2024-08-06,115,035,701,50.83553390000005,51.13280398228573,47.35389096185568,44.22457162915403,무주,28.0,34.0,22.9,AWS,LC08_L2SP_115035_20240806_20240814_02_T1
LC08_L2SP_115035_20240806_20240814_02_T1,2024-08-06,115,035,761,42.32808212000001,41.802195328571436,38.49436838139334,37.18970741378425,태인,29.1,34.3,24.4,AWS,LC08_L2SP_115035_20240806_20240814_02_T1
LC08_L2SP_115035_20240806_20240814_02_T1,2024-08-06,115,035,736,37.20105212000002,36.602999150000024,35.64714826968423,,진봉,29.2,34.1,25.1,AWS,LC08_L2SP_115035_20240806_20240814_02_T1
LC08_L2SP_115035_20240806_20240814_02_T1,2024-08-06,115,035,912,37.311568100000024,37.824947583125024,38.73631491161656,38.73463397951469,백천,26.5,34.5,23.8,AWS,LC08_L2SP_115035_20240806_20240814_02_T1
LC08_L2SP_115035_20240806_20240814_02_T1,2024-08-06,115,035,824,42.84762116000002,42.75826435142859,40.91321760288662,39.79405426108913,가산,27.5,34.5,22.4,AWS,LC08_L2SP_115035_20240806_20240814_02_T1
LC08_L2SP_115035_20240806_20240814_02_T1,2024-08-06,115,035,738,,,41.362824226200395,40.27873732762592,줄포,29.0,33.8,24.4,AWS,LC08_L2SP_115035_20240806_20240814_02_T1
LC08_L2SP_115035_20240806_20240814_02_T1,2024-08-06,115,035,709,36.95153666000002,36.81647604114287,37.802067673402085,37.980160461255245,구례,28.2,35.1,23.4,AWS,LC08_L2SP_115035_20240806_20240814_02_T1
LC08_L2SP_115035_20240806_20240814_02_T1,2024-08-06,115,035,641,42.36909836000001,42.45318165200002,43.15590463855671,42.144608776397604,가덕,28.0,33.7,23.7,AWS,LC08_L2SP_115035_20240806_20240814_02_T1
LC08_L2SP_115035_20240806_20240814_02_T1,2024-08-06,115,035,735,36.236031140000044,35.44838912171431,35.41049862712448,34.4990016499117,덕유산,24.8,30.6,20.2,AWS,LC08_L2SP_115035_20240806_20240814_02_T1
LC08_L2SP_115035_20240806_20240814_02_T1,2024-08-06,115,035,935,38.96133242000002,38.2183525297143,36.274728723157914,,청덕,27.5,34.8,23.7,AWS,LC08_L2SP_115035_20240806_20240814_02_T1
LC08_L2SP_115035_20240806_20240814_02_T1,2024-08-06,115,035,818,42.54569606000003,41.673091830285735,38.7837637360825,38.479696902673936,마성,26.8,33.0,21.7,AWS,LC08_L2SP_115035_20240806_20240814_02_T1
LC08_L2SP_115035_20240806_20240814_02_T1,2024-08-06,115,035,640,42.821416340000006,42.802112665142886,42.18671782432991,41.51793407579733,청천,26.2,32.7,21.4,AWS,LC08_L2SP_115035_20240806_20240814_02_T1
LC08_L2SP_115035_20240806_20240814_02_T1,2024-08-06,115,035,644,,,,42.71436824288001,연무,28.5,34.1,23.1,AWS,LC08_L2SP_115035_20240806_20240814_02_T1
LC08_L2SP_115035_20240806_20240814_02_T1,2024-08-06,115,035,795,,,,37.60342963764802,옥과,27.9,34.2,23.5,AWS,LC08_L2SP_115035_20240806_20240814_02_T1
LC08_L2SP_115035_20240806_20240814_02_T1,2024-08-06,115,035,327,45.846364040000026,45.75284050228573,49.92071826989693,48.64305639111373,청주금천,27.8,32.5,23.4,AWS,LC08_L2SP_115035_20240806_20240814_02_T1
LC08_L2SP_115035_20240806_20240814_02_T1,2024-08-06,115,035,311,37.00280696000001,36.23420819600002,36.12142167414288,34.404610639502096,가야산,24.2,30.0,20.3,AWS,LC08_L2SP_115035_20240806_20240814_02_T1
LC08_L2SP_115035_20240806_20240814_02_T1,2024-08-06,115,035,625,43.16435768000002,41.544281305142874,38.254217297319606,37.3548003938105,속리산,26.3,32.0,21.2,AWS,LC08_L2SP_115035_20240806_20240814_02_T1
LC08_L2SP_115035_20240806_20240814_02_T1,2024-08-06,115,035,888,40.76035028000003,40.20334323028574,38.35038267955324,37.455841362789656,청남대,28.7,34.1,24.1,AWS,LC08_L2SP_115035_20240806_20240814_02_T1
LC08_L2SP_115035_20240806_20240814_02_T1,2024-08-06,115,035,996,41.69062139000005,41.13239657818184,42.73435069607957,40.56779582697839,화동,25.9,31.3,22.1,AWS,LC08_L2SP_115035_20240806_20240814_02_T1
LC08_L2SP_115035_20240806_20240814_02_T1,2024-08-06,115,035,647,40.95062006000003,41.32962964914287,41.01035930024293,40.18271052637039,가곡,27.8,34.5,24.2,AWS,LC08_L2SP_115035_20240806_20240814_02_T1
LC08_L2SP_115036_20200608_20200824_02_T1,2020-06-08,115,036,722,43.310193200000015,42.03423005771431,41.267701122680435,40.70890743180076,조선대,25.0,33.1,17.6,AWS,LC08_L2SP_115036_20200608_20200824_02_T1
LC08_L2SP_115036_20200608_20200824_02_T1,2020-06-08,115,036,783,,,39.79036555121021,40.141494729787254,과기원,25.2,34.0,17.5,AWS,LC08_L2SP_115036_20200608_20200824_02_T1
LC08_L2SP_115036_20200608_20200824_02_T1,2020-06-08,115,036,708,38.613833720000024,38.57598781739133,,40.4861157048908,광산,24.6,34.0,16.5,AWS,LC08_L2SP_115036_20200608_20200824_02_T1
LC08_L2SP_115036_20200608_20200824_02_T1,2020-06-08,115,036,755,37.45512494000002,36.729072386857155,34.15967991381446,32.645867727729765,백아면,22.0,31.8,14.3,AWS,LC08_L2SP_115036_20200608_20200824_02_T1
LC08_L2SP_115036_20200608_20200824_02_T1,2020-06-08,115,036,730,40.856054840000034,39.91925693942859,38.77101381114288,39.15602646489428,장성,24.3,32.8,16.6,AWS,LC08_L2SP_115036_20200608_20200824_02_T1
LC08_L2SP_115036_20200608_20200824_02_T1,2020-06-08,115,036,936,34.59310286000002,35.1038527057143,36.15762418865981,34.213884647363315,신포,23.4,32.1,14.3,AWS,LC08_L2SP_115036_20200608_20200824_02_T1
LC08_L2SP_115036_20200608_20200824_02_T1,2020-06-08,115,036,732,41.94298520000001,41.23343680057143,37.254601100000016,36.46826014080162,보성,21.0,29.9,12.7,AWS,LC08_L2SP_115036_20200608_20200824_02_T1
LC08_L2SP_115036_20200608_20200824_02_T1,2020-06-08,115,036,706,38.34267080000003,38.578514180000006,39.173492405979395,39.265319943939325,담양,25.6,33.9,18.0,AWS,LC08_L2SP_115036_20200608_20200824_02_T1
LC08_L2SP_115036_20200608_20200824_02_T1,2020-06-08,115,036,748,,,,35.4503403102085,벌교,22.4,30.3,14.4,AWS,LC08_L2SP_115036_20200608_20200824_02_T1
LC08_L2SP_115036_20200608_20200824_02_T1,2020-06-08,115,036,699,43.655413220000035,42.91969255314289,40.33635527443302,39.87472169469799,무안,23.7,31.9,16.5,AWS,LC08_L2SP_115036_20200608_20200824_02_T1
LC08_L2SP_115036_20200608_20200824_02_T1,2020-06-08,115,036,710,40.16219678000001,40.057442605142874,38.810848339930416,37.98065365314287,나주,24.4,32.6,16.1,AWS,LC08_L2SP_115036_20200608_20200824_02_T1
LC08_L2SP_115036_20200608_20200824_02_T1,2020-06-08,115,036,316,30.75124838000001,30.700173395428582,28.339931193814447,28.446779763217883,무등산,21.2,26.3,15.9,AWS,LC08_L2SP_115036_20200608_20200824_02_T1
LC08_L2SP_115036_20200608_20200824_02_T1,2020-06-08,115,036,774,38.54433398000001,38.085831011428596,37.7073195672622,36.758568425856915,전남도청,23.7,32.1,16.4,AWS,LC08_L2SP_115036_20200608_20200824_02_T1
LC08_L2SP_115036_20200608_20200824_02_T1,2020-06-08,115,036,766,36.78519302000001,36.830196950000015,37.49411076085605,37.87784852399447,여수산단,24.5,31.6,18.2,AWS,LC08_L2SP_115036_20200608_20200824_02_T1
LC08_L2SP_115036_20200608_20200824_02_T1,2020-06-08,115,036,773,38.30051522,37.60164406400002,32.85194850831799,31.736839281469837,학산,23.4,31.4,14.3,AWS,LC08_L2SP_115036_20200608_20200824_02_T1
LC08_L2SP_115036_20200608_20200824_02_T1,2020-06-08,115,036,790,,,27.043583309248135,,나로도,22.5,26.0,18.5,AWS,LC08_L2SP_115036_20200608_20200824_02_T1
LC08_L2SP_115036_20200608_20200824_02_T1,2020-06-08,115,036,711,40.444753100000035,39.95734344800002,36.66585925476466,35.50677749696937,이양,22.4,31.0,13.5,AWS,LC08_L2SP_115036_20200608_20200824_02_T1
LC08_L2SP_115036_20200608_20200824_02_T1,2020-06-08,115,036,741,42.79862954,43.06090560800002,43.21313396082476,42.00543415187054,화순,24.1,32.9,16.2,AWS,LC08_L2SP_115036_20200608_20200824_02_T1
LC08_L2SP_115036_20200608_20200824_02_T1,2020-06-08,115,036,688,39.48087146000004,39.126178641714304,37.8120789874227,37.18943026030585,봉산,25.2,33.2,18.2,AWS,LC08_L2SP_115036_20200608_20200824_02_T1
LC08_L2SP_115036_20200608_20200824_02_T1,2020-06-08,115,036,784,38.15240101999999,38.310932042857154,36.7380728931959,37.898244953094576,시종,24.6,32.6,16.1,AWS,LC08_L2SP_115036_20200608_20200824_02_T1
LC08_L2SP_115036_20200608_20200824_02_T1,2020-06-08,115,036,918,35.99904842000001,35.69341232685716,36.05743665855672,35.41358427820751,고성,22.8,30.2,14.2,AWS,LC08_L2SP_115036_20200608_20200824_02_T1
LC08_L2SP_115036_20200608_20200824_02_T1,2020-06-08,115,036,902,34.63981580000001,34.663318756571435,34.379960144329914,32.27623621476097,시천,22.9,32.2,15.4,AWS,LC08_L2SP_115036_20200608_20200824_02_T1
LC08_L2SP_115036_20200608_20200824_02_T1,2020-06-08,115,036,712,43.45033202000004,43.49733793314288,43.69965171711342,42.33491131026054,순천시,24.4,30.8,17.2,AWS,LC08_L2SP_115036_20200608_20200824_02_T1
LC08_L2SP_115036_20200608_20200824_02_T1,2020-06-08,115,036,713,41.78917430000001,42.944595270285724,43.602937020618576,41.28542433040713,광양읍,24.2,33.0,16.2,AWS,LC08_L2SP_115036_20200608_20200824_02_T1
LC08_L2SP_115036_20200608_20200824_02_T1,2020-06-08,115,036,906,34.88249522000001,34.72474545885717,33.57924277007876,31.998697474845166,화개,23.6,33.1,16.1,AWS,LC08_L2SP_115036_20200608_20200824_02_T1
LC08_L2SP_115036_20200608_20200824_02_T1,2020-06-08,115,036,907,,,32.3965581782898,31.8019404210689,삼천포,22.3,28.9,15.9,AWS,LC08_L2SP_115036_20200608_20200824_02_T1
LC08_L2SP_115036_20200608_20200824_02_T1,2020-06-08,115,036,717,,,30.859057445310363,31.89773857625002,의신,21.4,31.2,12.8,AWS,LC08_L2SP_115036_20200608_20200824_02_T1
LC08_L2SP_115036_20200608_20200824_02_T1,2020-06-08,115,036,913,35.57293526000003,35.577248475714306,35.095637556774214,31.34043705969468,상주면,20.8,27.9,14.3,AWS,LC08_L2SP_115036_20200608_20200824_02_T1
LC08_L2SP_115036_20200608_20200824_02_T1,2020-06-08,115,036,930,,,,27.801674759032274,사량도,20.8,28.7,13.7,AWS,LC08_L2SP_115036_20200608_20200824_02_T1
LC08_L2SP_115036_20200608_20200824_02_T1,2020-06-08,115,036,951,,,35.103239045752915,33.367368660282196,내장산,24.1,33.0,16.2,AWS,LC08_L2SP_115036_20200608_20200824_02_T1
LC08_L2SP_115036_20200608_20200824_02_T1,2020-06-08,115,036,690,42.575318900000035,41.54096094285717,37.10064533546394,35.89926793883197,풍산,23.9,33.0,17.5,AWS,LC08_L2SP_115036_20200608_20200824_02_T1
LC08_L2SP_115036_20200608_20200824_02_T1,2020-06-08,115,036,933,34.15331762000002,34.278547362285735,33.001077744280636,33.832680767602604,금남,20.7,30.0,12.4,AWS,LC08_L2SP_115036_20200608_20200824_02_T1
LC08_L2SP_115036_20200608_20200824_02_T1,2020-06-08,115,036,720,32.03756324000002,32.19902399428573,30.45107492787732,29.43883504353739,보길도,19.9,27.9,11.4,AWS,LC08_L2SP_115036_20200608_20200824_02_T1
LC08_L2SP_115036_20200608_20200824_02_T1,2020-06-08,115,036,759,31.81994930000002,31.060237388000015,29.009969953898324,28.673399841800016,뱀사골,21.6,32.2,14.2,AWS,LC08_L2SP_115036_20200608_20200824_02_T1
LC08_L2SP_115036_20200608_20200824_02_T1,2020-06-08,115,036,765,39.445551920000035,38.928226454857146,38.33463669113404,36.6831511462697,복내,21.4,31.3,12.7,AWS,LC08_L2SP_115036_20200608_20200824_02_T1
LC08_L2SP_115036_20200608_20200824_02_T1,2020-06-08,115,036,768,42.356565620000026,41.36029417142859,39.34509423711342,37.96984813896879,곡성,23.8,32.3,16.6,AWS,LC08_L2SP_115036_20200608_20200824_02_T1
LC08_L2SP_115036_20200608_20200824_02_T1,2020-06-08,115,036,791,30.73415828000003,30.29967910914288,27.105376041030947,26.271490383269416,피아골,21.6,30.6,15.9,AWS,LC08_L2SP_115036_20200608_20200824_02_T1
LC08_L2SP_115036_20200608_20200824_02_T1,2020-06-08,115,036,785,35.24936270000003,35.04682060057145,33.6759602916514,33.89478058741826,북일,22.0,31.0,13.8,AWS,LC08_L2SP_115036_20200608_20200824_02_T1
LC08_L2SP_115036_20200608_20200824_02_T1,2020-06-08,115,036,778,37.06547066000002,36.01538981085716,32.781591412577335,31.637208362221603,유치,21.2,31.7,11.4,AWS,LC08_L2SP_115036_20200608_20200824_02_T1
LC08_L2SP_115036_20200608_20200824_02_T1,2020-06-08,115,036,746,37.97922134000002,37.26658044628573,35.285673506931424,34.8682341563547,땅끝,22.9,31.3,14.4,AWS,LC08_L2SP_115036_20200608_20200824_02_T1
LC08_L2SP_115036_20200608_20200824_02_T1,2020-06-08,115,036,857,,,33.48079679007231,33.01850344117649,완도읍,20.7,28.0,12.3,AWS,LC08_L2SP_115036_20200608_20200824_02_T1
LC08_L2SP_115036_20200608_20200824_02_T1,2020-06-08,115,036,738,38.28114644000001,38.64335890228573,38.7178907934495,39.22121041726488,줄포,23.3,31.7,16.5,AWS,LC08_L2SP_115036_20200608_20200824_02_T1
LC08_L2SP_115036_20200608_20200824_02_T1,2020-06-08,115,036,744,39.42846182000003,38.82324441200002,36.87273605059098,36.41874246878604,산이,23.1,31.2,15.4,AWS,LC08_L2SP_115036_20200608_20200824_02_T1
LC08_L2SP_115036_20200608_20200824_02_T1,2020-06-08,115,036,745,35.77459844000001,35.39272422457145,33.97863145029818,34.20280256247425,성전,21.8,30.7,13.3,AWS,LC08_L2SP_115036_20200608_20200824_02_T1
LC08_L2SP_115036_20200608_20200824_02_T1,2020-06-08,115,036,917,38.537497940000016,37.201735724000024,37.05229889886959,35.3336778944901,사천,22.3,31.8,13.4,AWS,LC08_L2SP_115036_20200608_20200824_02_T1
LC08_L2SP_115036_20200608_20200824_02_T1,2020-06-08,115,036,315,,,25.814391394137004,25.714695720011292,성삼재,19.7,24.2,15.2,AWS,LC08_L2SP_115036_20200608_20200824_02_T1
LC08_L2SP_115036_20200608_20200824_02_T1,2020-06-08,115,036,304,40.733006120000006,40.67141665485716,36.41698839791669,33.65628835334925,신지도,20.4,28.7,13.3,AWS,LC08_L2SP_115036_20200608_20200824_02_T1
LC08_L2SP_115036_20200608_20200824_02_T1,2020-06-08,115,036,776,34.31966126000003,34.20481578800002,33.696555822474245,32.755899985651325,현산,22.0,31.9,12.1,AWS,LC08_L2SP_115036_20200608_20200824_02_T1
LC08_L2SP_115036_20200608_20200824_02_T1,2020-06-08,115,036,948,34.484865560000024,34.34671244685717,33.758181979175276,32.0497730637103,삼장,22.8,31.7,15.3,AWS,LC08_L2SP_115036_20200608_20200824_02_T1
LC08_L2SP_115036_20200608_20200824_02_T1,2020-06-08,115,036,777,36.466177820000006,36.63483269257145,34.529707006804145,33.60189618883065,관산,20.7,29.7,12.3,AWS,LC08_L2SP_115036_20200608_20200824_02_T1
LC08_L2SP_115036_20200608_20200824_02_T1,2020-06-08,115,036,775,39.66544453999999,39.97755859485716,40.4180314659794,40.0974554794543,월야,23.7,33.4,15.3,AWS,LC08_L2SP_115036_20200608_20200824_02_T1
LC08_L2SP_115036_20200608_20200824_02_T1,2020-06-08,115,036,932,39.00576668,39.56026718171431,38.4158810342529,37.30417689986713,하동,23.4,31.1,16.4,AWS,LC08_L2SP_115036_20200608_20200824_02_T1
LC08_L2SP_115036_20200608_20200824_02_T1,2020-06-08,115,036,926,,,30.76586111400547,34.08884977280366,진북,22.4,29.9,14.1,AWS,LC08_L2SP_115036_20200608_20200824_02_T1
LC08_L2SP_115036_20200608_20200824_02_T1,2020-06-08,115,036,794,39.60961688000003,39.50928985485716,37.95241748556703,35.14875176946466,황전,22.9,33.0,14.0,AWS,LC08_L2SP_115036_20200608_20200824_02_T1
LC08_L2SP_115036_20200608_20200824_02_T1,2020-06-08,115,036,856,34.37662826,33.645920689142876,29.804472501030943,28.745986409838775,광양백운산,22.7,31.2,15.9,AWS,LC08_L2SP_115036_20200608_20200824_02_T1
LC08_L2SP_115036_20200608_20200824_02_T1,2020-06-08,115,036,731,35.61395150000002,36.32242566457145,36.13452416804126,36.220182881176484,영암,23.9,31.9,15.1,AWS,LC08_L2SP_115036_20200608_20200824_02_T1
LC08_L2SP_115036_20200608_20200824_02_T1,2020-06-08,115,036,929,34.75147112000004,34.900822317714315,35.3783391202062,32.64682701939813,개천,22.0,29.9,13.7,AWS,LC08_L2SP_115036_20200608_20200824_02_T1
LC08_L2SP_115036_20200608_20200824_02_T1,2020-06-08,115,036,795,41.72992862000001,41.27367177885716,39.81090637738534,37.578850204406216,옥과,24.9,33.5,17.3,AWS,LC08_L2SP_115036_20200608_20200824_02_T1
LC08_L2SP_115036_20200608_20200824_02_T1,2020-06-08,115,036,689,42.04096844000003,41.908056290857154,38.96494228762888,37.37143277349199,광주남구,24.2,32.6,16.6,AWS,LC08_L2SP_115036_20200608_20200824_02_T1
LC08_L2SP_115036_20200608_20200824_02_T1,2020-06-08,115,036,973,39.52872374000003,39.901092604571446,37.7719988086797,36.87701187904327,화순능주,23.2,31.2,15.2,AWS,LC08_L2SP_115036_20200608_20200824_02_T1
LC08_L2SP_115036_20200608_20200824_02_T1,2020-06-08,115,036,687,41.03607056000002,41.12825944228573,37.83571704237866,36.69879234330882,석곡,23.2,32.3,16.6,AWS,LC08_L2SP_115036_20200608_20200824_02_T1
LC08_L2SP_115036_20200608_20200824_02_T1,2020-06-08,115,036,964,36.05373674,36.31724980571429,34.04936579204548,32.5728013612128,마량,21.3,28.6,13.9,AWS,LC08_L2SP_115036_20200608_20200824_02_T1
LC08_L2SP_115036_20200608_20200824_02_T1,2020-06-08,115,036,747,,,32.854362082526336,29.28172352635661,청산도,21.3,27.1,15.1,AWS,LC08_L2SP_115036_20200608_20200824_02_T1
LC08_L2SP_115036_20200608_20200824_02_T1,2020-06-08,115,036,899,41.58865046000005,41.413712941142876,40.78923313628868,41.074012970705226,마산회원,23.8,29.1,17.3,AWS,LC08_L2SP_115036_20200608_20200824_02_T1
LC08_L2SP_115036_20200608_20200824_02_T1,2020-06-08,115,036,787,37.726287860000035,37.06394068914289,35.93582483814435,34.17026048723784,도화,21.0,28.8,13.3,AWS,LC08_L2SP_115036_20200608_20200824_02_T1
LC08_L2SP_115036_20200608_20200824_02_T1,2020-06-08,115,036,770,43.19853788,42.302984087428584,35.389889130515485,33.656214964433005,다도,23.2,33.5,13.8,AWS,LC08_L2SP_115036_20200608_20200824_02_T1
LC08_L2SP_115036_20200608_20200824_02_T1,2020-06-08,115,036,760,40.772883020000016,39.802165340000016,37.79125163605635,35.33553703060663,복흥,22.3,32.2,13.3,AWS,LC08_L2SP_115036_20200608_20200824_02_T1
LC08_L2SP_115036_20200608_20200824_02_T1,2020-06-08,115,036,762,38.391662420000024,37.86961683200003,33.119818782268055,31.515923939404544,강진면,23.9,33.3,16.6,AWS,LC08_L2SP_115036_20200608_20200824_02_T1
LC08_L2SP_115036_20200608_20200824_02_T1,2020-06-08,115,036,754,41.11696370000001,40.76887905371431,40.9580903717526,40.35716499047294,함평,23.9,32.5,16.3,AWS,LC08_L2SP_115036_20200608_20200824_02_T1
LC08_L2SP_115036_20200608_20200824_02_T1,2020-06-08,115,036,882,42.52518793999999,42.29575741657145,40.34384124721652,37.530779986367044,상무대,23.6,32.5,16.0,AWS,LC08_L2SP_115036_20200608_20200824_02_T1
LC08_L2SP_115036_20200608_20200824_02_T1,2020-06-08,115,036,920,38.84853776,39.288192789714294,38.35092807855671,37.3697308688062,함안,23.1,32.5,14.0,AWS,LC08_L2SP_115036_20200608_20200824_02_T1
LC08_L2SP_115036_20200608_20200824_02_T1,2020-06-08,115,036,788,37.27852724000002,38.40380452914288,39.59396473017163,38.88441810846668,풍암,24.8,32.5,16.7,AWS,LC08_L2SP_115036_20200608_20200824_02_T1
LC08_L2SP_115036_20200608_20200824_02_T1,2020-06-08,115,036,749,38.04872108000001,37.525615410434796,35.368600900095714,36.26029223959499,도양,21.8,29.3,15.3,AWS,LC08_L2SP_115036_20200608_20200824_02_T1
LC08_L2SP_115036_20200608_20200824_02_T1,2020-06-08,115,036,175,27.155491340000026,26.83888503028574,27.07491925113404,27.55495961936259,진도(레),21.1,26.5,17.4,AWS,LC08_L2SP_115036_20200608_20200824_02_T1
LC08_L2SP_115036_20210729_20210804_02_T1,2021-07-29,115,036,711,,,39.39156281139728,37.74825763728291,이양,26.6,32.9,21.2,AWS,LC08_L2SP_115036_20210729_20210804_02_T1
LC08_L2SP_115036_20210729_20210804_02_T1,2021-07-29,115,036,720,25.276719680000003,25.6265377507143,24.839994552146614,24.453678490506892,보길도,26.6,30.8,23.0,AWS,LC08_L2SP_115036_20210729_20210804_02_T1
LC08_L2SP_115036_20210729_20210804_02_T1,2021-07-29,115,036,687,45.67090568000003,45.55879462400002,40.60811478394246,38.94603655017522,석곡,27.4,34.1,22.2,AWS,LC08_L2SP_115036_20210729_20210804_02_T1
LC08_L2SP_115036_20210729_20210804_02_T1,2021-07-29,115,036,306,39.64835444000001,39.19033976000002,35.44014760712768,32.86892037546628,소리도,26.6,29.8,23.9,AWS,LC08_L2SP_115036_20210729_20210804_02_T1
LC08_L2SP_115036_20210729_20210804_02_T1,2021-07-29,115,036,964,37.46651834000003,37.69402826171431,35.35918396048782,34.555190090916774,마량,26.3,30.6,22.3,AWS,LC08_L2SP_115036_20210729_20210804_02_T1
LC08_L2SP_115036_20210729_20210804_02_T1,2021-07-29,115,036,790,35.64927104000001,34.78900423485717,31.6126769434232,31.224610611407865,나로도,25.9,29.2,23.7,AWS,LC08_L2SP_115036_20210729_20210804_02_T1
LC08_L2SP_115036_20210729_20210804_02_T1,2021-07-29,115,036,926,34.45752140000002,34.65296703885716,33.44413524123713,34.43159638850002,진북,26.9,32.0,21.8,AWS,LC08_L2SP_115036_20210729_20210804_02_T1
LC08_L2SP_115036_20210729_20210804_02_T1,2021-07-29,115,036,973,43.25094752000003,43.19528262285716,38.64648394914287,37.39755008503544,화순능주,27.2,32.8,22.3,AWS,LC08_L2SP_115036_20210729_20210804_02_T1
LC08_L2SP_115036_20210729_20210804_02_T1,2021-07-29,115,036,899,,,,43.08832997085245,마산회원,28.2,33.3,24.0,AWS,LC08_L2SP_115036_20210729_20210804_02_T1
LC08_L2SP_115036_20210729_20210804_02_T1,2021-07-29,115,036,688,42.69836762000002,42.28628461828574,38.90822586412373,38.01390535884118,봉산,28.4,34.7,23.2,AWS,LC08_L2SP_115036_20210729_20210804_02_T1
LC08_L2SP_115036_20210729_20210804_02_T1,2021-07-29,115,036,795,40.881120320000015,40.447487516000024,38.59325904061857,36.170158491954595,옥과,28.6,35.6,22.9,AWS,LC08_L2SP_115036_20210729_20210804_02_T1
LC08_L2SP_115036_20210729_20210804_02_T1,2021-07-29,115,036,689,48.808648040000016,48.80200731542859,44.254945280854116,42.30284558313956,광주남구,27.8,34.5,22.4,AWS,LC08_L2SP_115036_20210729_20210804_02_T1
LC08_L2SP_115036_20210729_20210804_02_T1,2021-07-29,115,036,304,38.700423560000026,38.425875172571445,35.814804520568885,34.004190983231354,신지도,26.5,30.3,23.4,AWS,LC08_L2SP_115036_20210729_20210804_02_T1
LC08_L2SP_115036_20210729_20210804_02_T1,2021-07-29,115,036,706,38.09429468000002,38.04168972457145,38.02024350634592,38.35574998841286,담양,28.8,34.8,23.9,AWS,LC08_L2SP_115036_20210729_20210804_02_T1
LC08_L2SP_115036_20210729_20210804_02_T1,2021-07-29,115,036,708,44.46092660000002,43.37075811578949,,43.36234330760154,광산,28.3,35.3,22.6,AWS,LC08_L2SP_115036_20210729_20210804_02_T1
LC08_L2SP_115036_20210729_20210804_02_T1,2021-07-29,115,036,713,44.254706060000025,45.53584506114287,45.65201598643112,42.67641497964288,광양읍,28.5,34.1,23.6,AWS,LC08_L2SP_115036_20210729_20210804_02_T1
LC08_L2SP_115036_20210729_20210804_02_T1,2021-07-29,115,036,717,34.413087140000016,34.474647104375016,32.59917419684915,33.45844218717973,의신,26.9,32.5,22.3,AWS,LC08_L2SP_115036_20210729_20210804_02_T1
LC08_L2SP_115036_20210729_20210804_02_T1,2021-07-29,115,036,746,39.49796156000002,38.15604690800002,35.83699674080002,35.17059457685305,땅끝,27.1,31.7,23.3,AWS,LC08_L2SP_115036_20210729_20210804_02_T1
LC08_L2SP_115036_20210729_20210804_02_T1,2021-07-29,115,036,755,36.83076662000002,35.97720564457145,32.71442251074165,31.92556233819907,백아면,26.2,33.6,19.9,AWS,LC08_L2SP_115036_20210729_20210804_02_T1
LC08_L2SP_115036_20210729_20210804_02_T1,2021-07-29,115,036,768,40.21232774,39.951552920000026,39.92176589873017,39.632537092178005,곡성,28.0,34.4,22.2,AWS,LC08_L2SP_115036_20210729_20210804_02_T1
LC08_L2SP_115036_20210729_20210804_02_T1,2021-07-29,115,036,767,34.186358480000024,33.30095983769234,32.39137213076925,32.137818981366614,포두,26.2,29.6,22.7,AWS,LC08_L2SP_115036_20210729_20210804_02_T1
LC08_L2SP_115036_20210729_20210804_02_T1,2021-07-29,115,036,730,41.06113604000001,40.43225291257144,38.76276866434984,38.38462915398218,장성,28.2,34.3,23.7,AWS,LC08_L2SP_115036_20210729_20210804_02_T1
LC08_L2SP_115036_20210729_20210804_02_T1,2021-07-29,115,036,788,42.23351690000002,42.83372856258066,44.61384527213054,43.709639661680775,풍암,28.4,34.7,23.1,AWS,LC08_L2SP_115036_20210729_20210804_02_T1
LC08_L2SP_115036_20210729_20210804_02_T1,2021-07-29,115,036,709,39.27123290000003,38.652734042857155,39.70018853711342,40.443184423756364,구례,27.4,34.1,22.6,AWS,LC08_L2SP_115036_20210729_20210804_02_T1
LC08_L2SP_115036_20210729_20210804_02_T1,2021-07-29,115,036,906,39.58910876000002,39.65943711090911,38.535994011200025,35.65832906157152,화개,27.0,33.9,22.1,AWS,LC08_L2SP_115036_20210729_20210804_02_T1
LC08_L2SP_115036_20230820_20230825_02_T1,2023-08-20,115,036,748,41.017841120000035,40.60315391257145,38.98817417224098,38.418267353049025,벌교,28.2,33.2,24.0,AWS,LC08_L2SP_115036_20230820_20230825_02_T1
LC08_L2SP_115036_20230820_20230825_02_T1,2023-08-20,115,036,687,46.56870560000002,46.40597529542859,42.93411939477389,41.51113244978766,석곡,28.4,35.2,24.8,AWS,LC08_L2SP_115036_20230820_20230825_02_T1
LC08_L2SP_115036_20230820_20230825_02_T1,2023-08-20,115,036,784,41.65017482000002,41.78666775200002,39.24843826948455,39.980053074268554,시종,27.8,34.0,23.4,AWS,LC08_L2SP_115036_20230820_20230825_02_T1
LC08_L2SP_115036_20230820_20230825_02_T1,2023-08-20,115,036,746,41.78233826000002,40.51789872800003,38.45230914454759,37.88492661079139,땅끝,27.4,32.6,22.9,AWS,LC08_L2SP_115036_20230820_20230825_02_T1
LC08_L2SP_115036_20230820_20230825_02_T1,2023-08-20,115,036,754,44.61131948,43.874101394857156,44.09975291722294,44.73663477775419,함평,28.0,34.1,23.5,AWS,LC08_L2SP_115036_20230820_20230825_02_T1
LC08_L2SP_115036_20230820_20230825_02_T1,2023-08-20,115,036,706,40.07674628000001,40.28381318685716,40.01512795381445,40.196707378567666,담양,28.4,34.0,24.5,AWS,LC08_L2SP_115036_20230820_20230825_02_T1
LC08_L2SP_115036_20230820_20230825_02_T1,2023-08-20,115,036,688,41.164815980000036,40.840175288750025,38.420224495172434,38.190546538212885,봉산,28.0,34.1,24.5,AWS,LC08_L2SP_115036_20230820_20230825_02_T1
LC08_L2SP_115036_20230820_20230825_02_T1,2023-08-20,115,036,710,41.86323140000002,41.78149189314287,39.74011289175184,38.734416704179125,나주,27.9,34.0,23.1,AWS,LC08_L2SP_115036_20230820_20230825_02_T1
LC08_L2SP_115036_20230820_20230825_02_T1,2023-08-20,115,036,932,43.30335716000002,44.219321414857156,42.28108961321826,40.763230601275524,하동,28.9,33.5,25.5,AWS,LC08_L2SP_115036_20230820_20230825_02_T1
LC08_L2SP_115036_20230820_20230825_02_T1,2023-08-20,115,036,882,45.32226764000001,45.4652385337143,44.16159222018413,41.32142549324982,상무대,27.0,33.7,23.4,AWS,LC08_L2SP_115036_20230820_20230825_02_T1
LC08_L2SP_115036_20230820_20230825_02_T1,2023-08-20,115,036,933,37.50525590000003,37.40974665542859,36.53719216418551,37.25441408090715,금남,27.9,32.5,23.6,AWS,LC08_L2SP_115036_20230820_20230825_02_T1
LC08_L2SP_115036_20230820_20230825_02_T1,2023-08-20,115,036,964,42.75704363,42.721620513636374,39.498575956157055,38.880327389222906,마량,27.7,32.9,23.4,AWS,LC08_L2SP_115036_20230820_20230825_02_T1
LC08_L2SP_115036_20230820_20230825_02_T1,2023-08-20,115,036,785,44.02911674000003,43.37663299828573,41.218364960000024,39.700057005893115,북일,27.8,33.2,23.3,AWS,LC08_L2SP_115036_20230820_20230825_02_T1
LC08_L2SP_115036_20230820_20230825_02_T1,2023-08-20,115,036,712,38.42356394000001,37.85994871828573,36.53422857358887,37.149998204888206,순천시,28.8,33.0,25.5,AWS,LC08_L2SP_115036_20230820_20230825_02_T1
LC08_L2SP_115036_20230820_20230825_02_T1,2023-08-20,115,036,690,,,39.19081552835167,,풍산,27.5,33.5,24.4,AWS,LC08_L2SP_115036_20230820_20230825_02_T1
LC08_L2SP_115036_20230820_20230825_02_T1,2023-08-20,115,036,775,42.15718112000002,41.89587349100002,43.52349006734598,42.238748563265325,월야,27.5,34.2,23.0,AWS,LC08_L2SP_115036_20230820_20230825_02_T1
LC08_L2SP_115036_20230820_20230825_02_T1,2023-08-20,115,036,857,40.7637683,39.63546362171431,38.37408819150162,39.650529983140046,완도읍,26.5,30.4,22.8,AWS,LC08_L2SP_115036_20230820_20230825_02_T1
LC08_L2SP_115036_20230820_20230825_02_T1,2023-08-20,115,036,717,,,,37.85357943468752,의신,27.3,33.4,21.3,AWS,LC08_L2SP_115036_20230820_20230825_02_T1
LC08_L2SP_115036_20240603_20240611_02_T1,2024-06-03,115,036,748,,,,32.41359039546241,벌교,19.0,25.2,12.1,AWS,LC08_L2SP_115036_20240603_20240611_02_T1
LC08_L2SP_115036_20240603_20240611_02_T1,2024-06-03,115,036,711,39.45352730000002,38.748633918285734,35.22034096006898,33.860759699954095,이양,17.9,28.0,9.5,AWS,LC08_L2SP_115036_20240603_20240611_02_T1
LC08_L2SP_115036_20240603_20240611_02_T1,2024-06-03,115,036,907,,,30.305923475131987,,삼천포,18.7,24.3,14.5,AWS,LC08_L2SP_115036_20240603_20240611_02_T1
LC08_L2SP_115036_20240603_20240611_02_T1,2024-06-03,115,036,687,42.225541520000014,42.283159571428584,37.53552741532848,36.044732202390996,석곡,18.8,29.4,10.0,AWS,LC08_L2SP_115036_20240603_20240611_02_T1
LC08_L2SP_115036_20240603_20240611_02_T1,2024-06-03,115,036,175,23.24983382000001,23.060117433714304,22.95350753855672,23.22983128909034,진도(레),17.1,21.5,14.2,AWS,LC08_L2SP_115036_20240603_20240611_02_T1
LC08_L2SP_115036_20240603_20240611_02_T1,2024-06-03,115,036,778,32.67673298000002,31.35545665828574,28.983157140824762,27.811094583544246,유치,17.9,27.1,8.7,AWS,LC08_L2SP_115036_20240603_20240611_02_T1
LC08_L2SP_115036_20240603_20240611_02_T1,2024-06-03,115,036,773,34.053055700000016,33.38546756514287,29.168867288832136,28.261121393905835,학산,20.0,27.4,11.3,AWS,LC08_L2SP_115036_20240603_20240611_02_T1
LC08_L2SP_115036_20240603_20240611_02_T1,2024-06-03,115,036,783,,,38.831350853333355,39.48990030010052,과기원,21.1,30.9,11.8,AWS,LC08_L2SP_115036_20240603_20240611_02_T1
LC08_L2SP_115036_20240603_20240611_02_T1,2024-06-03,115,036,708,37.392461240000046,36.49208281368423,,37.98437647988759,광산,20.1,30.0,12.2,AWS,LC08_L2SP_115036_20240603_20240611_02_T1
LC08_L2SP_115036_20240603_20240611_02_T1,2024-06-03,115,036,754,36.311227580000036,35.78442931657145,36.72584162804126,36.81385720684258,함평,19.8,28.4,12.7,AWS,LC08_L2SP_115036_20240603_20240611_02_T1
LC08_L2SP_115036_20240603_20240611_02_T1,2024-06-03,115,036,741,39.851156960000026,40.24533604742858,42.180057970927855,40.97454228025231,화순,20.5,29.9,11.0,AWS,LC08_L2SP_115036_20240603_20240611_02_T1
LC08_L2SP_115036_20240603_20240611_02_T1,2024-06-03,115,036,759,30.287537000000025,29.181693596000013,26.58294362556703,26.342612868181835,뱀사골,17.4,25.7,8.9,AWS,LC08_L2SP_115036_20240603_20240611_02_T1
LC08_L2SP_115036_20240603_20240611_02_T1,2024-06-03,115,036,713,38.15581904000002,39.223836356000014,40.11632907130234,38.18758497720642,광양읍,19.5,26.6,13.4,AWS,LC08_L2SP_115036_20240603_20240611_02_T1
LC08_L2SP_115036_20240603_20240611_02_T1,2024-06-03,115,036,710,36.65302958000001,36.710126790285734,35.60155420601401,34.53252273324178,나주,20.0,28.4,12.1,AWS,LC08_L2SP_115036_20240603_20240611_02_T1
LC08_L2SP_115036_20240603_20240611_02_T1,2024-06-03,115,036,706,36.66214430000002,36.297620605142875,36.751997451001166,37.367662226448864,담양,20.9,30.1,11.6,AWS,LC08_L2SP_115036_20240603_20240611_02_T1
LC08_L2SP_115036_20240603_20240611_02_T1,2024-06-03,115,036,951,,,32.324549313920016,30.883818910986466,내장산,19.5,27.8,9.3,AWS,LC08_L2SP_115036_20240603_20240611_02_T1
LC08_L2SP_115036_20240603_20240611_02_T1,2024-06-03,115,036,791,,,,22.836411163893825,피아골,17.1,25.8,10.6,AWS,LC08_L2SP_115036_20240603_20240611_02_T1
LC08_L2SP_115036_20240603_20240611_02_T1,2024-06-03,115,036,882,40.71477668000002,40.65305700457145,38.56815440804126,35.350186459484554,상무대,18.9,27.8,11.0,AWS,LC08_L2SP_115036_20240603_20240611_02_T1
LC08_L2SP_115036_20240603_20240611_02_T1,2024-06-03,115,036,973,36.99141356000001,37.63475002914288,35.683502196720205,34.603645021456444,화순능주,20.9,30.0,12.1,AWS,LC08_L2SP_115036_20240603_20240611_02_T1
LC08_L2SP_115036_20240603_20240611_02_T1,2024-06-03,115,036,788,37.02217574000002,37.68230933600001,37.84300747101324,37.23334232742006,풍암,20.9,29.6,11.9,AWS,LC08_L2SP_115036_20240603_20240611_02_T1
LC08_L2SP_115036_20240603_20240611_02_T1,2024-06-03,115,036,765,36.19159688,36.3952783194286,36.629534118350534,34.929253185463935,복내,18.2,26.8,8.7,AWS,LC08_L2SP_115036_20240603_20240611_02_T1
LC08_L2SP_115036_20240603_20240611_02_T1,2024-06-03,115,036,738,40.714776680000035,40.76194535600003,38.12686801772416,36.97758223171872,줄포,19.6,27.3,11.8,AWS,LC08_L2SP_115036_20240603_20240611_02_T1
LC08_L2SP_115036_20240603_20240611_02_T1,2024-06-03,115,036,709,35.820172040000024,35.64077481885716,36.51917672873855,36.09232802874927,구례,19.3,28.3,11.6,AWS,LC08_L2SP_115036_20240603_20240611_02_T1
LC08_L2SP_115036_20240603_20240611_02_T1,2024-06-03,115,036,906,34.09065392000002,33.903639397142875,33.01175748316207,30.75543557997799,화개,18.4,27.2,10.8,AWS,LC08_L2SP_115036_20240603_20240611_02_T1
LC08_L2SP_115036_20240603_20240611_02_T1,2024-06-03,115,036,720,,,24.610920456909106,23.704048052739964,보길도,17.9,23.1,11.6,AWS,LC08_L2SP_115036_20240603_20240611_02_T1
LC08_L2SP_115036_20240603_20240611_02_T1,2024-06-03,115,036,768,43.37285690000002,42.41148180800002,37.105621628041256,35.76801072188129,곡성,19.5,29.2,10.1,AWS,LC08_L2SP_115036_20240603_20240611_02_T1
LC08_L2SP_115036_20240603_20240611_02_T1,2024-06-03,115,036,760,42.54569606000003,41.393888425142876,36.549099063505174,33.6661931781048,복흥,18.0,27.0,6.9,AWS,LC08_L2SP_115036_20240603_20240611_02_T1
LC08_L2SP_115036_20240603_20240611_02_T1,2024-06-03,115,036,774,,,28.562957174346522,27.365483869708758,전남도청,20.2,27.4,13.7,AWS,LC08_L2SP_115036_20240603_20240611_02_T1
LC08_L2SP_115036_20240603_20240611_02_T1,2024-06-03,115,036,777,,,29.010616774625742,29.0069143926118,관산,19.0,24.9,10.9,AWS,LC08_L2SP_115036_20240603_20240611_02_T1
LC08_L2SP_115036_20240603_20240611_02_T1,2024-06-03,115,036,964,32.99688752000003,33.14283697400002,31.0610050230565,,마량,19.2,23.5,13.6,AWS,LC08_L2SP_115036_20240603_20240611_02_T1
LC08_L2SP_115036_20240603_20240611_02_T1,2024-06-03,115,036,689,40.86289088000001,40.660088360000024,37.17793252309281,35.53265549042158,광주남구,20.5,28.8,11.8,AWS,LC08_L2SP_115036_20240603_20240611_02_T1
LC08_L2SP_115036_20240603_20240611_02_T1,2024-06-03,115,036,722,43.01852216000003,41.648872717142886,40.71965900639177,39.9738462317664,조선대,20.4,29.1,13.0,AWS,LC08_L2SP_115036_20240603_20240611_02_T1
LC08_L2SP_115036_20240603_20240611_02_T1,2024-06-03,115,036,690,39.89217320000002,39.19873832342859,35.10079824536084,33.52883730940168,풍산,19.0,29.1,9.8,AWS,LC08_L2SP_115036_20240603_20240611_02_T1
LC08_L2SP_115036_20240603_20240611_02_T1,2024-06-03,115,036,795,39.851156960000026,39.44024585085716,38.493687635430554,35.982183828032234,옥과,19.3,29.1,10.3,AWS,LC08_L2SP_115036_20240603_20240611_02_T1
LC08_L2SP_115036_20240603_20240611_02_T1,2024-06-03,115,036,775,39.063873019999996,38.80381052685717,38.95004864721651,38.42501680520176,월야,19.6,29.2,11.0,AWS,LC08_L2SP_115036_20240603_20240611_02_T1
LC08_L2SP_115036_20240603_20240611_02_T1,2024-06-03,115,036,794,40.33993382000002,39.77306334114288,37.08457681690369,33.77898374350517,황전,18.5,27.7,8.9,AWS,LC08_L2SP_115036_20240603_20240611_02_T1
LC08_L2SP_115036_20240603_20240611_02_T1,2024-06-03,115,036,732,37.86756602000003,37.12087513657144,33.109349383092805,32.522593830221176,보성,17.7,23.7,10.5,AWS,LC08_L2SP_115036_20240603_20240611_02_T1
LC08_L2SP_115036_20240603_20240611_02_T1,2024-06-03,115,036,770,33.02992838000002,32.57803358342859,31.106922138144345,29.487870936375284,다도,20.5,28.2,11.4,AWS,LC08_L2SP_115036_20240603_20240611_02_T1
LC08_L2SP_115036_20240603_20240611_02_T1,2024-06-03,115,036,755,35.590025360000006,34.74017537771431,32.0362751202062,30.54356819313486,백아면,17.9,28.5,6.1,AWS,LC08_L2SP_115036_20240603_20240611_02_T1
LC08_L2SP_115036_20240603_20240611_02_T1,2024-06-03,115,036,745,29.302007900000017,29.187553058857166,30.470571383711356,31.063654233758964,성전,19.0,25.9,12.3,AWS,LC08_L2SP_115036_20240603_20240611_02_T1
LC08_L2SP_115036_20240603_20240611_02_T1,2024-06-03,115,036,730,39.263257520000025,38.69453154457145,36.91089060267149,37.21188701245272,장성,19.8,29.1,11.1,AWS,LC08_L2SP_115036_20240603_20240611_02_T1
LC08_L2SP_115036_20240603_20240611_02_T1,2024-06-03,115,036,744,32.217578960000004,32.29772563586208,32.38782856004285,33.093328966567185,산이,19.6,26.9,12.6,AWS,LC08_L2SP_115036_20240603_20240611_02_T1
LC08_L2SP_115036_20240603_20240611_02_T1,2024-06-03,115,036,731,32.03984191999999,32.61738964228573,32.71095624783507,32.960524365981215,영암,20.6,28.3,12.8,AWS,LC08_L2SP_115036_20240603_20240611_02_T1
LC08_L2SP_115036_20240603_20240611_02_T1,2024-06-03,115,036,699,36.83190596000001,36.824874604571455,36.71012186824744,36.016889708096215,무안,20.1,28.1,13.0,AWS,LC08_L2SP_115036_20240603_20240611_02_T1
LC08_L2SP_115036_20240603_20240611_02_T1,2024-06-03,115,036,315,27.04953272000002,25.466403513714308,22.1998869845361,22.04724626125396,성삼재,14.7,22.7,10.4,AWS,LC08_L2SP_115036_20240603_20240611_02_T1
LC08_L2SP_115036_20240603_20240611_02_T1,2024-06-03,115,036,688,39.166413620000036,38.802443318857165,35.54056152215846,34.8927147646024,봉산,21.1,29.3,12.2,AWS,LC08_L2SP_115036_20240603_20240611_02_T1
LC08_L2SP_115036_20240603_20240611_02_T1,2024-06-03,115,036,316,28.433830819999987,27.7872390937143,25.02104551958765,25.116001959358734,무등산,16.3,23.8,11.8,AWS,LC08_L2SP_115036_20240603_20240611_02_T1
LC08_L2SP_115036_20240603_20240611_02_T1,2024-06-03,115,036,948,29.897882720000023,30.50153760457145,31.147957954433007,29.16474825920002,삼장,17.9,24.5,10.2,AWS,LC08_L2SP_115036_20240603_20240611_02_T1
LC08_L2SP_115036_20240603_20240611_02_T1,2024-06-03,115,036,304,35.986515680000025,35.8024959937143,32.152539614893634,,신지도,18.5,23.3,13.3,AWS,LC08_L2SP_115036_20240603_20240611_02_T1
LC08_L2SP_115036_20240806_20240814_02_T1,2024-08-06,115,036,175,33.50047580000004,33.24132477885717,33.37228801471833,33.860356162968074,진도(레),26.3,30.7,23.3,AWS,LC08_L2SP_115036_20240806_20240814_02_T1
LC08_L2SP_115036_20240806_20240814_02_T1,2024-08-06,115,036,784,37.473354380000025,37.57283503828573,36.54652673917528,37.196248495556844,시종,28.8,33.8,24.1,AWS,LC08_L2SP_115036_20240806_20240814_02_T1
LC08_L2SP_115036_20240806_20240814_02_T1,2024-08-06,115,036,783,,,40.28837232392061,40.79108827289387,과기원,29.2,34.2,24.2,AWS,LC08_L2SP_115036_20240806_20240814_02_T1
LC08_L2SP_115036_20240806_20240814_02_T1,2024-08-06,115,036,754,,,43.532759781224506,43.449180171235156,함평,29.0,33.9,24.2,AWS,LC08_L2SP_115036_20240806_20240814_02_T1
LC08_L2SP_115036_20240806_20240814_02_T1,2024-08-06,115,036,710,40.38095006000003,39.63810038000002,37.22643241763159,36.08999634060518,나주,28.6,33.7,23.9,AWS,LC08_L2SP_115036_20240806_20240814_02_T1
LC08_L2SP_115036_20240806_20240814_02_T1,2024-08-06,115,036,767,37.79578760000002,37.29074567931037,35.28642800290324,34.68918433157101,포두,28.0,31.7,24.7,AWS,LC08_L2SP_115036_20240806_20240814_02_T1
LC08_L2SP_115036_20240806_20240814_02_T1,2024-08-06,115,036,738,,,41.34673359039371,40.332979429075564,줄포,29.0,33.8,24.4,AWS,LC08_L2SP_115036_20240806_20240814_02_T1
LC08_L2SP_115036_20240806_20240814_02_T1,2024-08-06,115,036,709,36.94470062000003,36.81051892057145,37.18183981587985,38.01644828830959,구례,28.2,35.1,23.4,AWS,LC08_L2SP_115036_20240806_20240814_02_T1
LC08_L2SP_115036_20240806_20240814_02_T1,2024-08-06,115,036,720,37.13269171999999,37.49367873548389,35.20311492219426,34.15994666902657,보길도,27.7,32.9,23.4,AWS,LC08_L2SP_115036_20240806_20240814_02_T1
LC08_L2SP_115036_20240806_20240814_02_T1,2024-08-06,115,036,712,41.32546292000003,40.424440295428596,38.99551656235296,39.70666207103707,순천시,28.4,33.8,24.6,AWS,LC08_L2SP_115036_20240806_20240814_02_T1
LC08_L2SP_115036_20240806_20240814_02_T1,2024-08-06,115,036,795,,,,37.45369508312231,옥과,27.9,34.2,23.5,AWS,LC08_L2SP_115036_20240806_20240814_02_T1
LC08_L2SP_115036_20240806_20240814_02_T1,2024-08-06,115,036,857,39.491125520000026,38.574134841875015,37.51274018517243,,완도읍,27.2,32.9,23.6,AWS,LC08_L2SP_115036_20240806_20240814_02_T1
LC08_L2SP_115036_20240806_20240814_02_T1,2024-08-06,115,036,717,38.85993116000001,38.778041097500015,36.797274492000014,37.73112472750763,의신,28.1,34.4,23.3,AWS,LC08_L2SP_115036_20240806_20240814_02_T1
LC08_L2SP_115036_20240806_20240814_02_T1,2024-08-06,115,036,776,41.05771802,39.77003595200002,41.00492378503964,38.5789285784733,현산,27.6,32.9,23.2,AWS,LC08_L2SP_115036_20240806_20240814_02_T1
LC08_L2SP_115036_20240806_20240814_02_T1,2024-08-06,115,036,688,39.489986179999995,39.47384010457144,37.2303294561733,36.451900713660564,봉산,28.8,34.6,24.1,AWS,LC08_L2SP_115036_20240806_20240814_02_T1
LC08_L2SP_115036_20250724_20250730_02_T1,2025-07-24,115,036,711,39.90926330000002,39.3396339907143,36.19495851627988,36.27825432573139,이양,26.8,34.0,21.4,AWS,LC08_L2SP_115036_20250724_20250730_02_T1
LC08_L2SP_115036_20250724_20250730_02_T1,2025-07-24,115,036,907,,,36.84601270150291,35.89893268822812,삼천포,26.9,32.7,22.2,AWS,LC08_L2SP_115036_20250724_20250730_02_T1
LC08_L2SP_115036_20250724_20250730_02_T1,2025-07-24,115,036,687,43.46970079999998,43.57067887657144,39.99264150168736,38.92262540254821,석곡,28.4,36.2,23.2,AWS,LC08_L2SP_115036_20250724_20250730_02_T1
LC08_L2SP_115036_20250724_20250730_02_T1,2025-07-24,115,036,787,38.88043928000002,38.58642445485716,37.53105235440862,36.204948323915765,도화,26.6,32.0,21.1,AWS,LC08_L2SP_115036_20250724_20250730_02_T1
LC08_L2SP_115036_20250724_20250730_02_T1,2025-07-24,115,036,778,37.689828980000016,36.89645770914288,35.25285119463919,34.56790168992272,유치,26.6,34.3,20.3,AWS,LC08_L2SP_115036_20250724_20250730_02_T1
LC08_L2SP_115036_20250724_20250730_02_T1,2025-07-24,115,036,784,39.308831120000036,39.54444663200002,37.412961529484555,38.27871086834815,시종,28.4,34.6,23.0,AWS,LC08_L2SP_115036_20250724_20250730_02_T1
LC08_L2SP_115036_20250724_20250730_02_T1,2025-07-24,115,036,929,34.99301120000001,35.13637272457144,35.32668512494847,33.41873727958443,개천,26.0,33.1,19.6,AWS,LC08_L2SP_115036_20250724_20250730_02_T1
LC08_L2SP_115036_20250724_20250730_02_T1,2025-07-24,115,036,783,,,40.84168828160523,41.8870587367407,과기원,29.4,34.6,24.5,AWS,LC08_L2SP_115036_20250724_20250730_02_T1
LC08_L2SP_115036_20250724_20250730_02_T1,2025-07-24,115,036,749,,,,37.619813761345725,도양,27.5,32.3,23.1,AWS,LC08_L2SP_115036_20250724_20250730_02_T1
LC08_L2SP_115036_20250724_20250730_02_T1,2025-07-24,115,036,754,39.88191914,39.36368220285715,39.75055716675863,40.526523360040215,함평,28.4,34.8,22.5,AWS,LC08_L2SP_115036_20250724_20250730_02_T1
LC08_L2SP_115036_20250724_20250730_02_T1,2025-07-24,115,036,741,39.881919140000015,40.99329648114287,44.31475436783507,42.80010309184099,화순,28.2,34.8,22.9,AWS,LC08_L2SP_115036_20250724_20250730_02_T1
LC08_L2SP_115036_20250724_20250730_02_T1,2025-07-24,115,036,926,36.18362150000004,36.44606033085716,35.12202285752579,36.052998599026644,진북,26.4,32.0,20.5,AWS,LC08_L2SP_115036_20250724_20250730_02_T1
LC08_L2SP_115036_20250724_20250730_02_T1,2025-07-24,115,036,920,37.63058330000003,38.02733404057145,37.54553607154641,36.57909773237906,함안,27.1,35.6,20.9,AWS,LC08_L2SP_115036_20250724_20250730_02_T1
LC08_L2SP_115036_20250724_20250730_02_T1,2025-07-24,115,036,932,42.51151586000001,42.967154202285734,40.865794496492555,39.55524506802967,하동,28.7,35.9,22.8,AWS,LC08_L2SP_115036_20250724_20250730_02_T1
LC08_L2SP_115036_20250724_20250730_02_T1,2025-07-24,115,036,917,40.210049059999996,39.52423148514288,38.3767023904348,36.395364359481555,사천,28.0,35.6,21.9,AWS,LC08_L2SP_115036_20250724_20250730_02_T1
LC08_L2SP_115036_20250724_20250730_02_T1,2025-07-24,115,036,899,42.295041260000026,42.53119138538463,40.68908432464438,42.21530611731443,마산회원,28.4,34.0,23.4,AWS,LC08_L2SP_115036_20250724_20250730_02_T1
LC08_L2SP_115036_20250724_20250730_02_T1,2025-07-24,115,036,738,40.89479240000001,40.913135774000025,39.22882919706668,38.61065558447658,줄포,28.7,35.3,23.4,AWS,LC08_L2SP_115036_20250724_20250730_02_T1
LC08_L2SP_115036_20250724_20250730_02_T1,2025-07-24,115,036,709,37.43461682000001,37.174000933142885,38.704554156907236,38.51357703593752,구례,28.0,36.1,23.2,AWS,LC08_L2SP_115036_20250724_20250730_02_T1
LC08_L2SP_115036_20250724_20250730_02_T1,2025-07-24,115,036,906,37.73426324000002,37.59099937314287,36.51359058422505,34.410535135958746,화개,26.9,35.8,21.2,AWS,LC08_L2SP_115036_20250724_20250730_02_T1
LC08_L2SP_115036_20250724_20250730_02_T1,2025-07-24,115,036,933,37.285363280000034,37.03415508628573,35.813494505089196,36.18591248388771,금남,27.6,35.4,21.2,AWS,LC08_L2SP_115036_20250724_20250730_02_T1
LC08_L2SP_115036_20250724_20250730_02_T1,2025-07-24,115,036,918,38.80524284000003,39.22510590628573,39.817634523298985,38.60971865746352,고성,27.4,34.0,21.4,AWS,LC08_L2SP_115036_20250724_20250730_02_T1
LC08_L2SP_115036_20250724_20250730_02_T1,2025-07-24,115,036,720,36.985716860000025,36.93249340571431,34.85765408880311,34.079232819344625,보길도,26.4,33.4,21.2,AWS,LC08_L2SP_115036_20250724_20250730_02_T1
LC08_L2SP_115036_20250724_20250730_02_T1,2025-07-24,115,036,768,42.363401660000044,42.40191135200003,40.1981505917526,39.52764849605054,곡성,28.0,35.3,23.1,AWS,LC08_L2SP_115036_20250724_20250730_02_T1
LC08_L2SP_115036_20250724_20250730_02_T1,2025-07-24,115,036,786,36.84102068000002,36.85378128800002,36.80521790268968,34.75720794938071,돌산,27.0,31.7,22.5,AWS,LC08_L2SP_115036_20250724_20250730_02_T1
LC08_L2SP_115036_20250724_20250730_02_T1,2025-07-24,115,036,964,40.30461428000003,40.31672383657144,37.801071803213055,36.89167856831091,마량,27.0,32.7,22.6,AWS,LC08_L2SP_115036_20250724_20250730_02_T1
LC08_L2SP_115036_20250724_20250730_02_T1,2025-07-24,115,036,766,41.373315200000036,41.14534667000002,42.24859090226564,42.110351306001924,여수산단,28.7,33.9,24.6,AWS,LC08_L2SP_115036_20250724_20250730_02_T1
LC08_L2SP_115036_20250724_20250730_02_T1,2025-07-24,115,036,774,40.344491180000034,39.89406124914288,40.40429790868454,39.39238504179915,전남도청,28.1,34.1,23.0,AWS,LC08_L2SP_115036_20250724_20250730_02_T1
LC08_L2SP_115036_20250724_20250730_02_T1,2025-07-24,115,036,777,38.396219780000024,38.959574581142874,37.39452849608249,37.287725159226824,관산,26.9,33.8,21.4,AWS,LC08_L2SP_115036_20250724_20250730_02_T1
LC08_L2SP_115036_20250724_20250730_02_T1,2025-07-24,115,036,689,42.80546558000003,42.70474792400002,40.779584554583344,,광주남구,28.7,35.0,23.1,AWS,LC08_L2SP_115036_20250724_20250730_02_T1
LC08_L2SP_115036_20250724_20250730_02_T1,2025-07-24,115,036,785,42.70292498000001,41.75053439771431,39.413724789896925,37.678143324448925,북일,27.7,34.4,22.4,AWS,LC08_L2SP_115036_20250724_20250730_02_T1
LC08_L2SP_115036_20250724_20250730_02_T1,2025-07-24,115,036,936,35.69826266000003,36.05757794342858,37.51910808185569,35.485637613587194,신포,27.3,34.4,21.8,AWS,LC08_L2SP_115036_20250724_20250730_02_T1
LC08_L2SP_115036_20250724_20250730_02_T1,2025-07-24,115,036,690,43.016243480000036,42.18540419942859,37.664344567422695,36.24452582690283,풍산,28.3,34.9,24.0,AWS,LC08_L2SP_115036_20250724_20250730_02_T1
LC08_L2SP_115036_20250724_20250730_02_T1,2025-07-24,115,036,795,42.43518008000001,42.29678587437502,41.89360005796055,39.24945836600856,옥과,28.3,35.2,23.3,AWS,LC08_L2SP_115036_20250724_20250730_02_T1
LC08_L2SP_115036_20250724_20250730_02_T1,2025-07-24,115,036,794,42.403278560000025,42.10102793428574,40.29679717800231,37.2278026084265,황전,27.3,35.7,21.9,AWS,LC08_L2SP_115036_20250724_20250730_02_T1
LC08_L2SP_115036_20250724_20250730_02_T1,2025-07-24,115,036,872,31.060009520000012,30.436888197714307,28.82842831206397,28.591368963134105,지리산,22.0,29.3,17.5,AWS,LC08_L2SP_115036_20250724_20250730_02_T1
LC08_L2SP_115036_20250724_20250730_02_T1,2025-07-24,115,036,857,,,,39.10767053595163,완도읍,26.6,32.4,21.0,AWS,LC08_L2SP_115036_20250724_20250730_02_T1
LC08_L2SP_115036_20250724_20250730_02_T1,2025-07-24,115,036,717,36.300973520000014,36.37431853250001,35.148938017142875,36.088992842360824,의신,26.9,32.5,21.6,AWS,LC08_L2SP_115036_20250724_20250730_02_T1
LC08_L2SP_115036_20250724_20250730_02_T1,2025-07-24,115,036,732,44.41991036000002,43.42087194285716,38.70158247628868,38.05420665734295,보성,26.5,33.8,21.2,AWS,LC08_L2SP_115036_20250724_20250730_02_T1
LC08_L2SP_115036_20250724_20250730_02_T1,2025-07-24,115,036,913,39.18350372000001,39.17075187615386,38.01360291172095,34.71600355026143,상주면,26.6,31.2,21.9,AWS,LC08_L2SP_115036_20250724_20250730_02_T1
LC08_L2SP_115036_20250724_20250730_02_T1,2025-07-24,115,036,776,36.28274408000004,36.62067232400001,38.00160943701045,36.95324686930528,현산,26.8,33.0,21.1,AWS,LC08_L2SP_115036_20250724_20250730_02_T1
LC08_L2SP_115036_20250724_20250730_02_T1,2025-07-24,115,036,770,35.39519822000002,35.64546238914288,35.085610960618574,34.26360699676227,다도,27.4,34.3,21.5,AWS,LC08_L2SP_115036_20250724_20250730_02_T1
LC08_L2SP_115036_20250724_20250730_02_T1,2025-07-24,115,036,745,34.25699756000002,34.12375988514287,35.07194671113404,36.360990505773216,성전,27.8,34.9,22.5,AWS,LC08_L2SP_115036_20250724_20250730_02_T1
LC08_L2SP_115036_20250724_20250730_02_T1,2025-07-24,115,036,744,40.41399092,40.10148623428573,39.218615751340224,38.519763936781295,산이,28.7,35.0,23.2,AWS,LC08_L2SP_115036_20250724_20250730_02_T1
LC08_L2SP_115036_20250724_20250730_02_T1,2025-07-24,115,036,699,,,38.976179781324944,39.40502717517665,무안,28.0,34.6,22.6,AWS,LC08_L2SP_115036_20250724_20250730_02_T1
LC08_L2SP_115036_20250724_20250730_02_T1,2025-07-24,115,036,856,35.83612280000002,35.50288212628573,32.34598694480839,31.755302668595117,광양백운산,25.6,33.0,20.5,AWS,LC08_L2SP_115036_20250724_20250730_02_T1
LC08_L2SP_115036_20250724_20250730_02_T1,2025-07-24,115,036,688,40.149664040000005,40.06388801428574,37.7828904887351,36.89821716517744,봉산,29.3,35.7,24.1,AWS,LC08_L2SP_115036_20250724_20250730_02_T1
LC08_L2SP_115036_20250724_20250730_02_T1,2025-07-24,115,036,948,,,35.28833852501903,34.2971734357447,삼장,26.4,34.7,20.7,AWS,LC08_L2SP_115036_20250724_20250730_02_T1
LC08_L2SP_115036_20250724_20250730_02_T1,2025-07-24,115,036,304,43.73744570000002,43.68952831485716,40.53107008404207,38.55369013632226,신지도,26.8,31.9,22.5,AWS,LC08_L2SP_115036_20250724_20250730_02_T1
LC08_L2SP_115036_20250724_20250730_02_T1,2025-07-24,115,036,706,39.32250320000001,39.44835144114287,39.54700407835053,39.886674060109655,담양,29.4,35.6,24.5,AWS,LC08_L2SP_115036_20250724_20250730_02_T1
LC08_L2SP_115036_20250724_20250730_02_T1,2025-07-24,115,036,791,35.71535276000005,34.92875242400003,31.29099406515466,30.46938649311196,피아골,25.1,33.4,20.7,AWS,LC08_L2SP_115036_20250724_20250730_02_T1
LC08_L2SP_115036_20250724_20250730_02_T1,2025-07-24,115,036,902,37.548550820000024,37.53705384363638,36.46851150262071,35.65499929508546,시천,26.7,34.4,20.4,AWS,LC08_L2SP_115036_20250724_20250730_02_T1
LC08_L2SP_115036_20250724_20250730_02_T1,2025-07-24,115,036,759,33.74543390000002,33.18355551548389,31.147772541782196,30.78288279054405,뱀사골,24.2,32.1,18.1,AWS,LC08_L2SP_115036_20250724_20250730_02_T1
LC08_L2SP_115036_20250724_20250730_02_T1,2025-07-24,115,036,930,,,,32.564874403213345,사량도,27.2,32.8,22.3,AWS,LC08_L2SP_115036_20250724_20250730_02_T1
LC08_L2SP_115036_20250724_20250730_02_T1,2025-07-24,115,036,712,38.57509616000001,38.07196361600002,35.91678728352944,36.367050317736194,순천시,28.6,33.9,23.5,AWS,LC08_L2SP_115036_20250724_20250730_02_T1
LC08_L2SP_115036_20250724_20250730_02_T1,2025-07-24,115,036,315,33.151837760000014,31.614249601142877,29.012558105509985,28.928627632799746,성삼재,23.7,28.9,18.7,AWS,LC08_L2SP_115036_20250724_20250730_02_T1
LC08_L2SP_115036_20250724_20250730_02_T1,2025-07-24,115,036,713,44.8027286,46.032825169142875,47.12862269298971,45.10947083476137,광양읍,29.2,36.0,23.0,AWS,LC08_L2SP_115036_20250724_20250730_02_T1
LC08_L2SP_115036_20250724_20250730_02_T1,2025-07-24,115,036,747,,,39.06075882400002,35.403753091896576,청산도,26.9,32.1,22.7,AWS,LC08_L2SP_115036_20250724_20250730_02_T1
LC08_L2SP_115036_20250724_20250730_02_T1,2025-07-24,115,036,790,36.30097351999999,35.526021260000014,32.09463205336172,31.899064489044605,나로도,26.6,29.4,24.2,AWS,LC08_L2SP_115036_20250724_20250730_02_T1
LC08_L2SP_115036_20250724_20250730_02_T1,2025-07-24,115,036,767,33.825187700000015,33.49946305333336,32.99652898643358,32.878610029283294,포두,26.6,31.1,21.9,AWS,LC08_L2SP_115036_20250724_20250730_02_T1
LC08_L2SP_115036_20250724_20250730_02_T1,2025-07-24,115,036,765,36.869504180000014,37.15837569885716,37.72710818480002,36.88374288363638,복내,27.3,34.4,21.9,AWS,LC08_L2SP_115036_20250724_20250730_02_T1
LC08_L2SP_115036_20250724_20250730_02_T1,2025-07-24,115,036,746,40.23055718000003,38.781446910285744,37.1968459354809,36.368601837622755,땅끝,27.4,34.6,22.3,AWS,LC08_L2SP_115036_20250724_20250730_02_T1
LC08_L2SP_115036_20250724_20250730_02_T1,2025-07-24,115,036,175,31.968063500000028,31.93349266914288,32.07140672783507,32.36505892984548,진도(레),25.7,29.0,23.3,AWS,LC08_L2SP_115036_20250724_20250730_02_T1
LC08_L2SP_115036_20250724_20250730_02_T1,2025-07-24,115,036,748,38.94310298000005,38.82910387485716,37.52185888098205,36.84361703120645,벌교,28.0,34.8,22.5,AWS,LC08_L2SP_115036_20250724_20250730_02_T1
LC08_L2SP_115036_20250724_20250730_02_T1,2025-07-24,115,036,973,39.05589764000001,39.96066381028574,38.42398494323327,37.04673178903684,화순능주,27.8,34.6,22.9,AWS,LC08_L2SP_115036_20250724_20250730_02_T1
LC08_L2SP_115036_20250825_20250902_02_T1,2025-08-25,115,036,917,40.77060434,39.76612964342859,38.630057194361726,37.271990806432704,사천,29.2,34.2,24.7,AWS,LC08_L2SP_115036_20250825_20250902_02_T1
LC08_L2SP_115036_20250825_20250902_02_T1,2025-08-25,115,036,689,42.95585846000004,42.296387752727306,,,광주남구,28.6,34.2,24.4,AWS,LC08_L2SP_115036_20250825_20250902_02_T1
LC08_L2SP_115036_20250825_20250902_02_T1,2025-08-25,115,036,690,42.28820522000003,41.317031804000024,38.01914840980116,37.09789990940032,풍산,28.0,34.0,23.5,AWS,LC08_L2SP_115036_20250825_20250902_02_T1
LC08_L2SP_115036_20250825_20250902_02_T1,2025-08-25,115,036,731,36.43769432000001,37.41775458800002,37.43284712350517,37.51468435130437,영암,28.9,33.8,24.6,AWS,LC08_L2SP_115036_20250825_20250902_02_T1
LC08_L2SP_115036_20250825_20250902_02_T1,2025-08-25,115,036,759,,35.21673614545457,33.18106506493452,33.277202914271,뱀사골,25.0,32.0,20.1,AWS,LC08_L2SP_115036_20250825_20250902_02_T1
LC08_L2SP_116034_20200717_20200911_02_T1,2020-07-17,116,034,542,35.525082980000015,38.00896411052634,34.917529925000025,32.466190744416814,청평,24.1,31.2,18.9,AWS,LC08_L2SP_116034_20200717_20200911_02_T1
LC08_L2SP_116034_20200717_20200911_02_T1,2020-07-17,116,034,558,34.12939148,34.427963665142876,33.541822605389925,31.833341965558365,팔봉,23.6,32.8,19.0,AWS,LC08_L2SP_116034_20200717_20200911_02_T1
LC08_L2SP_116034_20200717_20200911_02_T1,2020-07-17,116,034,577,,35.24452050500002,,31.013970526835006,장봉도,23.0,27.3,20.5,AWS,LC08_L2SP_116034_20200717_20200911_02_T1
LC08_L2SP_116034_20200717_20200911_02_T1,2020-07-17,116,034,588,37.40043662000003,37.043920857714305,34.976081625567026,33.89772139969264,남산,24.1,31.9,18.1,AWS,LC08_L2SP_116034_20200717_20200911_02_T1
LC08_L2SP_116034_20200717_20200911_02_T1,2020-07-17,116,034,543,,,35.980334373846176,34.65510538860106,영종도,23.4,28.3,19.5,AWS,LC08_L2SP_116034_20200717_20200911_02_T1
LC08_L2SP_116034_20200717_20200911_02_T1,2020-07-17,116,034,450,,,39.723372769776695,38.19156072852025,주교,26.0,31.9,20.8,AWS,LC08_L2SP_116034_20200717_20200911_02_T1
LC08_L2SP_116034_20200717_20200911_02_T1,2020-07-17,116,034,555,44.50080350000002,42.975425386086975,36.3936922234483,34.32583476843262,화천,25.4,33.1,20.7,AWS,LC08_L2SP_116034_20200717_20200911_02_T1
LC08_L2SP_116034_20200717_20200911_02_T1,2020-07-17,116,034,569,,,,39.75187944729957,구리,26.1,32.9,20.6,AWS,LC08_L2SP_116034_20200717_20200911_02_T1
LC08_L2SP_116034_20200717_20200911_02_T1,2020-07-17,116,034,573,36.457063100000006,36.228088312571444,35.08969457443301,34.28028089426685,청운,22.8,30.7,18.1,AWS,LC08_L2SP_116034_20200717_20200911_02_T1
LC08_L2SP_116034_20200717_20200911_02_T1,2020-07-17,116,034,574,,,,35.23846942587015,대신,24.4,31.8,19.2,AWS,LC08_L2SP_116034_20200717_20200911_02_T1
LC08_L2SP_116034_20200717_20200911_02_T1,2020-07-17,116,034,499,37.821992420000036,37.64392985428574,33.8472187142112,32.499138971662695,중면,25.2,31.9,20.3,AWS,LC08_L2SP_116034_20200717_20200911_02_T1
LC08_L2SP_116034_20200717_20200911_02_T1,2020-07-17,116,034,634,37.33093688,37.58474927942859,40.62449107044778,40.60028611303397,아산,23.8,30.5,18.1,AWS,LC08_L2SP_116034_20200717_20200911_02_T1
LC08_L2SP_116034_20200717_20200911_02_T1,2020-07-17,116,034,628,40.62932618000002,39.74259413428573,37.35399383278352,36.02392047640426,예산,23.8,30.0,18.7,AWS,LC08_L2SP_116034_20200717_20200911_02_T1
LC08_L2SP_116034_20200717_20200911_02_T1,2020-07-17,116,034,549,,,43.6773018541606,,용인,23.8,30.1,18.4,AWS,LC08_L2SP_116034_20200717_20200911_02_T1
LC08_L2SP_116034_20200717_20200911_02_T1,2020-07-17,116,034,652,,,34.587819327252774,36.027696861636116,연천청산,25.4,31.1,20.0,AWS,LC08_L2SP_116034_20200717_20200911_02_T1
LC08_L2SP_116034_20200717_20200911_02_T1,2020-07-17,116,034,512,39.022856780000005,38.25722030000002,35.103881462402846,36.15288197310954,인천연수,24.7,29.8,20.8,AWS,LC08_L2SP_116034_20200717_20200911_02_T1
LC08_L2SP_116034_20200717_20200911_02_T1,2020-07-17,116,034,516,37.07572472000002,37.075073668571456,36.35153534715738,36.016907636286355,안성,24.4,31.3,19.1,AWS,LC08_L2SP_116034_20200717_20200911_02_T1
LC08_L2SP_116034_20200717_20200911_02_T1,2020-07-17,116,034,506,34.91439674000003,34.93383062514288,35.26779234772256,34.63269629439906,파주금촌,24.8,30.1,19.6,AWS,LC08_L2SP_116034_20200717_20200911_02_T1
LC08_L2SP_116034_20200717_20200911_02_T1,2020-07-17,116,034,514,33.18487862000003,32.62881559485716,32.39216321434848,33.238736265816755,대부도,22.7,27.4,18.2,AWS,LC08_L2SP_116034_20200717_20200911_02_T1
LC08_L2SP_116034_20200717_20200911_02_T1,2020-07-17,116,034,531,32.589003800000036,32.63096406457145,31.88246952755557,31.191861985079136,가평북면,24.0,32.5,17.7,AWS,LC08_L2SP_116034_20200717_20200911_02_T1
LC08_L2SP_116034_20200717_20200911_02_T1,2020-07-17,116,034,978,36.44111234000002,36.526920918285725,34.78553567983363,34.0390355973045,춘천신북,24.3,32.0,19.3,AWS,LC08_L2SP_116034_20200717_20200911_02_T1
LC08_L2SP_116034_20200717_20200911_02_T1,2020-07-17,116,034,970,31.296992240000026,31.636222586857166,32.26619080000002,32.943173820074456,철원장흥,24.6,29.4,20.3,AWS,LC08_L2SP_116034_20200717_20200911_02_T1
LC08_L2SP_116034_20200717_20200911_02_T1,2020-07-17,116,034,541,40.06535287999998,39.35782274000002,40.10938264059174,39.79621474213485,남양주,25.2,32.4,20.3,AWS,LC08_L2SP_116034_20200717_20200911_02_T1
LC08_L2SP_116034_20200717_20200911_02_T1,2020-07-17,116,034,502,35.65838576000001,34.48997631371431,31.91642257132532,31.723515986622363,교동,24.3,29.4,19.7,AWS,LC08_L2SP_116034_20200717_20200911_02_T1
LC08_L2SP_116034_20200717_20200911_02_T1,2020-07-17,116,034,501,,,34.59468802869567,34.23345456088498,대연평,23.4,27.5,20.5,AWS,LC08_L2SP_116034_20200717_20200911_02_T1
LC08_L2SP_116034_20200717_20200911_02_T1,2020-07-17,116,034,632,36.85013540000002,36.45391316000001,35.78771597398232,35.56080901819097,유구,24.0,30.7,17.4,AWS,LC08_L2SP_116034_20200717_20200911_02_T1
LC08_L2SP_116034_20200717_20200911_02_T1,2020-07-17,116,034,533,,,,36.524810728258906,백사,23.3,29.8,18.8,AWS,LC08_L2SP_116034_20200717_20200911_02_T1
LC08_L2SP_116034_20230624_20230630_02_T1,2023-06-24,116,034,558,34.07584250000002,34.108232308571445,33.90432893542934,32.497323961086394,팔봉,24.2,32.5,17.1,AWS,LC08_L2SP_116034_20230624_20230630_02_T1
LC08_L2SP_116034_20230624_20230630_02_T1,2023-06-24,116,034,627,42.437458760000005,42.09692631028574,39.75160370164951,37.91412307171923,태안,24.1,30.8,19.5,AWS,LC08_L2SP_116034_20230624_20230630_02_T1
LC08_L2SP_116034_20230624_20230630_02_T1,2023-06-24,116,034,551,38.89752938000004,39.86722979214288,41.05988644129034,39.135708423959535,평택,25.8,32.6,20.9,AWS,LC08_L2SP_116034_20230624_20230630_02_T1
LC08_L2SP_116034_20230624_20230630_02_T1,2023-06-24,116,034,608,,,36.16165922236844,37.33595420556846,홍북,24.7,32.2,18.7,AWS,LC08_L2SP_116034_20230624_20230630_02_T1
LC08_L2SP_116034_20230624_20230630_02_T1,2023-06-24,116,034,515,34.839200300000016,34.70091697657144,34.78337655525775,35.85157558984485,운평,24.4,29.9,19.8,AWS,LC08_L2SP_116034_20230624_20230630_02_T1
LC08_L2SP_116034_20230624_20230630_02_T1,2023-06-24,116,034,538,37.359420379999996,37.14392235714287,35.854297426391774,34.118536273816225,신서,24.6,31.2,18.1,AWS,LC08_L2SP_116034_20230624_20230630_02_T1
LC08_L2SP_116034_20230624_20230630_02_T1,2023-06-24,116,034,651,,,31.770642740487823,32.16259924688241,외촌,23.5,29.5,16.7,AWS,LC08_L2SP_116034_20230624_20230630_02_T1
LC08_L2SP_116034_20230624_20230630_02_T1,2023-06-24,116,034,628,41.03493122000001,40.13371328000002,38.408225244046534,37.393941408205144,예산,25.3,31.1,20.2,AWS,LC08_L2SP_116034_20230624_20230630_02_T1
LC08_L2SP_116034_20230624_20230630_02_T1,2023-06-24,116,034,545,35.12973199999999,35.57016829142858,35.20296707918369,34.96803392174718,안산,23.3,30.1,17.2,AWS,LC08_L2SP_116034_20230624_20230630_02_T1
LC08_L2SP_116034_20230624_20230630_02_T1,2023-06-24,116,034,546,36.40807147999999,35.63439260000002,34.578868460580665,,경기광주,24.6,30.7,18.9,AWS,LC08_L2SP_116034_20230624_20230630_02_T1
LC08_L2SP_116034_20230624_20230630_02_T1,2023-06-24,116,034,534,36.935585900000014,37.09733962742859,37.54277973010311,36.76697329028411,장호원,25.1,31.6,18.1,AWS,LC08_L2SP_116034_20230624_20230630_02_T1
LC08_L2SP_116034_20230624_20230630_02_T1,2023-06-24,116,034,531,35.20834646000001,34.993694804000015,32.623737276618726,32.241430929584105,가평북면,24.2,31.9,16.8,AWS,LC08_L2SP_116034_20230624_20230630_02_T1
LC08_L2SP_116034_20230624_20230630_02_T1,2023-06-24,116,034,548,36.31692428,36.05181613828573,36.22578493751726,35.973590329594614,여주,24.8,30.7,18.5,AWS,LC08_L2SP_116034_20230624_20230630_02_T1
LC08_L2SP_116034_20230624_20230630_02_T1,2023-06-24,116,034,978,35.87258168000002,35.86138359542859,34.06510294804126,32.40289384405197,춘천신북,24.8,32.4,17.2,AWS,LC08_L2SP_116034_20230624_20230630_02_T1
LC08_L2SP_116034_20230624_20230630_02_T1,2023-06-24,116,034,495,,,,36.65379018163468,공도,26.0,32.2,20.9,AWS,LC08_L2SP_116034_20230624_20230630_02_T1
LC08_L2SP_116034_20230624_20230630_02_T1,2023-06-24,116,034,676,37.60209980000002,37.28210802285717,34.66625443238263,36.05639419396029,위성센터,25.2,31.8,18.8,AWS,LC08_L2SP_116034_20230624_20230630_02_T1
LC08_L2SP_116034_20230624_20230630_02_T1,2023-06-24,116,034,631,,36.745140836923085,38.68423948805463,38.97705208745285,송도,23.8,28.4,20.5,AWS,LC08_L2SP_116034_20230624_20230630_02_T1
LC08_L2SP_116034_20230624_20230630_02_T1,2023-06-24,116,034,602,,,,37.81058225379266,진천,26.3,33.3,20.0,AWS,LC08_L2SP_116034_20230624_20230630_02_T1
LC08_L2SP_116034_20230624_20230630_02_T1,2023-06-24,116,034,505,33.86962196000002,33.858228560000015,36.30535077814435,34.70800723975954,가평조종,23.9,30.7,17.2,AWS,LC08_L2SP_116034_20230624_20230630_02_T1
LC08_L2SP_116034_20230624_20230630_02_T1,2023-06-24,116,034,574,34.697922140000024,34.87894698971431,35.05945689934623,35.300967846256526,대신,24.9,31.8,18.0,AWS,LC08_L2SP_116034_20230624_20230630_02_T1
LC08_L2SP_116034_20230624_20230630_02_T1,2023-06-24,116,034,539,35.296075640000005,35.57368396914287,35.71206394350517,34.68386777930148,포천이동,24.1,31.6,16.9,AWS,LC08_L2SP_116034_20230624_20230630_02_T1
LC08_L2SP_116034_20230624_20230630_02_T1,2023-06-24,116,034,499,38.720931680000014,38.42734003828574,34.41773552974229,33.34696816832866,중면,24.7,31.4,17.7,AWS,LC08_L2SP_116034_20230624_20230630_02_T1
LC08_L2SP_116034_20230624_20230630_02_T1,2023-06-24,116,034,541,37.80490232000002,37.082983943428594,36.56449546025524,37.513083103916735,남양주,25.8,32.4,18.7,AWS,LC08_L2SP_116034_20230624_20230630_02_T1
LC08_L2SP_116034_20230624_20230630_02_T1,2023-06-24,116,034,977,39.308831120000015,38.92695690457145,37.20558990371136,36.52124052758623,오창가곡,26.6,32.8,20.7,AWS,LC08_L2SP_116034_20230624_20230630_02_T1
LC08_L2SP_116034_20230624_20230630_02_T1,2023-06-24,116,034,519,35.122895960000015,35.672806549142884,34.85421139814435,33.27157185844835,사내,22.3,30.9,15.6,AWS,LC08_L2SP_116034_20230624_20230630_02_T1
LC08_L2SP_116034_20230624_20230630_02_T1,2023-06-24,116,034,549,,39.99935880153847,,,용인,24.3,30.2,18.5,AWS,LC08_L2SP_116034_20230624_20230630_02_T1
LC08_L2SP_116034_20230624_20230630_02_T1,2023-06-24,116,034,652,40.47095792000001,40.360181519428586,36.808058266360675,35.08003702062782,연천청산,24.8,30.8,18.5,AWS,LC08_L2SP_116034_20230624_20230630_02_T1
LC08_L2SP_116034_20230624_20230630_02_T1,2023-06-24,116,034,428,37.23181430000002,37.41746161485717,38.44471798503939,37.743178189409726,하남덕풍,26.1,32.6,19.8,AWS,LC08_L2SP_116034_20230624_20230630_02_T1
LC08_L2SP_116034_20230624_20230630_02_T1,2023-06-24,116,034,586,,,30.69513970316356,30.316391745617995,북산,22.8,30.2,15.0,AWS,LC08_L2SP_116034_20230624_20230630_02_T1
LC08_L2SP_116034_20230624_20230630_02_T1,2023-06-24,116,034,500,34.41422647999999,34.33460289028573,33.251817781443314,32.137732825644015,양도,24.4,31.3,19.5,AWS,LC08_L2SP_116034_20230624_20230630_02_T1
LC08_L2SP_116034_20230624_20230630_02_T1,2023-06-24,116,034,568,34.49284094000001,35.34330942114286,36.814385181649506,34.57285114138356,일동,23.8,30.9,16.7,AWS,LC08_L2SP_116034_20230624_20230630_02_T1
LC08_L2SP_116034_20230624_20230630_02_T1,2023-06-24,116,034,444,38.48053094000003,38.53700965142859,39.963528772164956,39.4090240717442,하남,24.6,30.7,18.2,AWS,LC08_L2SP_116034_20230624_20230630_02_T1
LC08_L2SP_116034_20230624_20230630_02_T1,2023-06-24,116,034,367,41.169373340000014,40.963231375172434,36.720340884752495,36.25348582880002,신현동,25.7,31.9,19.9,AWS,LC08_L2SP_116034_20230624_20230630_02_T1
LC08_L2SP_116034_20230624_20230630_02_T1,2023-06-24,116,034,599,35.64243500000001,34.97621407314287,31.72100629809274,30.848300955909114,광릉,24.1,31.2,16.8,AWS,LC08_L2SP_116034_20230624_20230630_02_T1
LC08_L2SP_116034_20230624_20230630_02_T1,2023-06-24,116,034,573,37.64767340000003,37.22031732363639,34.68738783911292,33.27845617684213,청운,24.2,31.6,16.7,AWS,LC08_L2SP_116034_20230624_20230630_02_T1
LC08_L2SP_116034_20230624_20230630_02_T1,2023-06-24,116,034,502,,,,31.03561388818899,교동,24.1,28.8,20.0,AWS,LC08_L2SP_116034_20230624_20230630_02_T1
LC08_L2SP_116034_20230624_20230630_02_T1,2023-06-24,116,034,565,,,,34.85000466733455,시흥,25.0,30.6,18.9,AWS,LC08_L2SP_116034_20230624_20230630_02_T1
LC08_L2SP_116034_20230624_20230630_02_T1,2023-06-24,116,034,970,33.983555960000025,33.703538740571446,33.79160653443301,34.21192170773549,철원장흥,23.7,29.0,17.7,AWS,LC08_L2SP_116034_20230624_20230630_02_T1
LC08_L2SP_116034_20230624_20230630_02_T1,2023-06-24,116,034,874,39.1572989,38.73222742228574,34.62713428020621,32.587699789765644,동송,24.0,30.4,17.1,AWS,LC08_L2SP_116034_20230624_20230630_02_T1
LC08_L2SP_116034_20230624_20230630_02_T1,2023-06-24,116,034,571,,,,35.574612571351366,화성,24.8,30.8,20.3,AWS,LC08_L2SP_116034_20230624_20230630_02_T1
LC08_L2SP_116034_20230624_20230630_02_T1,2023-06-24,116,034,634,,,41.77890849422682,38.62862956673594,아산,25.2,31.1,20.1,AWS,LC08_L2SP_116034_20230624_20230630_02_T1
LC08_L2SP_116034_20230624_20230630_02_T1,2023-06-24,116,034,512,40.95973478000002,39.94904254228574,36.40331165888504,36.924540112233316,인천연수,25.3,29.9,21.0,AWS,LC08_L2SP_116034_20230624_20230630_02_T1
LC08_L2SP_116034_20230624_20230630_02_T1,2023-06-24,116,034,588,36.7589882,36.58717572800002,34.93208978969074,33.23958559624248,남산,24.1,31.9,16.4,AWS,LC08_L2SP_116034_20230624_20230630_02_T1
LC08_L2SP_116034_20230624_20230630_02_T1,2023-06-24,116,034,507,36.30211286,36.71248241272729,35.333399270863325,,창수,24.6,30.9,18.7,AWS,LC08_L2SP_116034_20230624_20230630_02_T1
LC08_L2SP_116034_20230624_20230630_02_T1,2023-06-24,116,034,511,35.24138732000002,35.148091650285735,34.332327118762905,33.63614699864409,경서동,24.4,29.8,19.6,AWS,LC08_L2SP_116034_20230624_20230630_02_T1
LC08_L2SP_116034_20230624_20230630_02_T1,2023-06-24,116,034,637,,,,34.504994888366966,신평,24.3,29.7,20.6,AWS,LC08_L2SP_116034_20230624_20230630_02_T1
LC08_L2SP_116034_20230624_20230630_02_T1,2023-06-24,116,034,569,,,,38.91564009885716,구리,25.8,31.4,20.0,AWS,LC08_L2SP_116034_20230624_20230630_02_T1
LC08_L2SP_116034_20230624_20230630_02_T1,2023-06-24,116,034,514,35.447607860000026,35.192330594857175,34.472391548866,34.96803661780532,대부도,22.7,27.9,18.1,AWS,LC08_L2SP_116034_20230624_20230630_02_T1
LC08_L2SP_116034_20230624_20230630_02_T1,2023-06-24,116,034,543,,,35.52819307027029,34.30512435212082,영종도,23.8,29.0,20.1,AWS,LC08_L2SP_116034_20230624_20230630_02_T1
LC08_L2SP_116034_20230624_20230630_02_T1,2023-06-24,116,034,326,32.059210699999994,31.681242793142875,29.596662366391765,29.256823658310232,용문산,22.6,30.2,16.2,AWS,LC08_L2SP_116034_20230624_20230630_02_T1
LC08_L2SP_116034_20230624_20230630_02_T1,2023-06-24,116,034,550,39.33047858000003,38.89140949657145,37.29250079484538,37.437920066191666,오산,25.2,31.4,18.9,AWS,LC08_L2SP_116034_20230624_20230630_02_T1
LC08_L2SP_116034_20230624_20230630_02_T1,2023-06-24,116,034,650,,,,32.69408438269665,양지,23.9,29.6,18.2,AWS,LC08_L2SP_116034_20230624_20230630_02_T1
LC08_L2SP_116034_20230624_20230630_02_T1,2023-06-24,116,034,555,38.41900658000001,36.86374237485715,32.23100402342859,31.112525335053782,화천,23.6,30.8,17.3,AWS,LC08_L2SP_116034_20230624_20230630_02_T1
LC08_L2SP_116034_20240626_20240709_02_T1,2024-06-26,116,034,558,33.60643442000003,33.97873817942858,33.74505412000001,31.658596835518452,팔봉,22.7,31.4,14.7,AWS,LC08_L2SP_116034_20240626_20240709_02_T1
LC08_L2SP_116034_20240626_20240709_02_T1,2024-06-26,116,034,434,38.06011448,37.67654753085716,37.84607796307342,38.185332015071445,안양,24.0,29.6,18.9,AWS,LC08_L2SP_116034_20240626_20240709_02_T1
LC08_L2SP_116034_20240626_20240709_02_T1,2024-06-26,116,034,627,42.52860596000003,42.35103168285716,39.93957131010311,37.6546133729088,태안,23.2,29.8,17.3,AWS,LC08_L2SP_116034_20240626_20240709_02_T1
LC08_L2SP_116034_20240626_20240709_02_T1,2024-06-26,116,034,665,,,,29.13025162029014,무의도,22.4,26.4,18.6,AWS,LC08_L2SP_116034_20240626_20240709_02_T1
LC08_L2SP_116034_20240626_20240709_02_T1,2024-06-26,116,034,551,36.71569328,37.33386661142858,38.42867794897144,36.50746421733439,평택,23.4,30.7,17.6,AWS,LC08_L2SP_116034_20240626_20240709_02_T1
LC08_L2SP_116034_20240626_20240709_02_T1,2024-06-26,116,034,572,39.34756868000003,39.21358229600002,38.65913716721651,37.78336974045834,성남,23.8,30.5,16.9,AWS,LC08_L2SP_116034_20240626_20240709_02_T1
LC08_L2SP_116034_20240626_20240709_02_T1,2024-06-26,116,034,590,,,,37.716400839477075,과천,23.6,31.8,15.5,AWS,LC08_L2SP_116034_20240626_20240709_02_T1
LC08_L2SP_116034_20240626_20240709_02_T1,2024-06-26,116,034,508,,,27.819586333538485,,왕산,21.7,25.3,19.0,AWS,LC08_L2SP_116034_20240626_20240709_02_T1
LC08_L2SP_116034_20240626_20240709_02_T1,2024-06-26,116,034,515,33.70099964000004,33.15499535942859,32.87808144720282,33.81509962907832,운평,22.3,27.7,17.0,AWS,LC08_L2SP_116034_20240626_20240709_02_T1
LC08_L2SP_116034_20240626_20240709_02_T1,2024-06-26,116,034,628,39.51277298000002,39.118658997714306,37.24892797255174,36.130764110181,예산,23.7,29.8,17.3,AWS,LC08_L2SP_116034_20240626_20240709_02_T1
LC08_L2SP_116034_20240626_20240709_02_T1,2024-06-26,116,034,546,38.17063046000004,37.41843819200003,34.55270807818184,33.507902382627364,경기광주,22.7,30.0,15.5,AWS,LC08_L2SP_116034_20240626_20240709_02_T1
LC08_L2SP_116034_20240626_20240709_02_T1,2024-06-26,116,034,967,25.245957500000014,25.244525186857167,,,도리도,21.5,24.2,19.1,AWS,LC08_L2SP_116034_20240626_20240709_02_T1
LC08_L2SP_116034_20240626_20240709_02_T1,2024-06-26,116,034,978,35.084158400000014,35.315476972571446,33.488158399175276,31.577962704092506,춘천신북,23.3,31.4,15.1,AWS,LC08_L2SP_116034_20240626_20240709_02_T1
LC08_L2SP_116034_20240626_20240709_02_T1,2024-06-26,116,034,495,,,,35.13855735388921,공도,23.5,30.9,17.2,AWS,LC08_L2SP_116034_20240626_20240709_02_T1
LC08_L2SP_116034_20240626_20240709_02_T1,2024-06-26,116,034,676,35.960310860000014,35.654153925714304,32.86240233216497,33.6697811500252,위성센터,23.2,30.7,15.6,AWS,LC08_L2SP_116034_20240626_20240709_02_T1
LC08_L2SP_116034_20240626_20240709_02_T1,2024-06-26,116,034,632,35.36443604000002,34.84115345428574,32.764180261443315,31.696299462843783,유구,22.8,30.0,16.0,AWS,LC08_L2SP_116034_20240626_20240709_02_T1
LC08_L2SP_116034_20240626_20240709_02_T1,2024-06-26,116,034,649,36.80456180000002,36.883469233142876,38.59906536783507,36.72683291346123,부평,23.3,31.2,17.0,AWS,LC08_L2SP_116034_20240626_20240709_02_T1
LC08_L2SP_116034_20240626_20240709_02_T1,2024-06-26,116,034,631,37.441452860000005,37.56900940347828,37.98667734940453,37.86123888520002,송도,22.9,26.8,18.7,AWS,LC08_L2SP_116034_20240626_20240709_02_T1
LC08_L2SP_116034_20240626_20240709_02_T1,2024-06-26,116,034,505,35.098969820000036,34.63822072400002,36.33996165649486,34.822332390876305,가평조종,23.0,30.6,15.0,AWS,LC08_L2SP_116034_20240626_20240709_02_T1
LC08_L2SP_116034_20240626_20240709_02_T1,2024-06-26,116,034,309,33.268050440000025,32.943175777142876,31.121884861516605,32.00268377994228,판문점,22.3,31.8,13.0,AWS,LC08_L2SP_116034_20240626_20240709_02_T1
LC08_L2SP_116034_20240626_20240709_02_T1,2024-06-26,116,034,576,33.53693468000002,33.056361068000015,31.677637511958785,31.301848878284215,백암,22.4,30.5,14.8,AWS,LC08_L2SP_116034_20240626_20240709_02_T1
LC08_L2SP_116034_20240626_20240709_02_T1,2024-06-26,116,034,574,33.65086868000003,33.86838496228573,34.64631396675864,34.57944884352321,대신,22.6,30.1,15.3,AWS,LC08_L2SP_116034_20240626_20240709_02_T1
LC08_L2SP_116034_20240626_20240709_02_T1,2024-06-26,116,034,539,,,,36.31680617768295,포천이동,22.7,31.0,14.6,AWS,LC08_L2SP_116034_20240626_20240709_02_T1
LC08_L2SP_116034_20240626_20240709_02_T1,2024-06-26,116,034,499,39.24047072000002,38.81191611714288,33.5874924030928,32.5443105546121,중면,23.1,31.8,14.8,AWS,LC08_L2SP_116034_20240626_20240709_02_T1
LC08_L2SP_116034_20240626_20240709_02_T1,2024-06-26,116,034,567,38.280007100000034,37.30984281371431,34.86887795360826,34.28395552516463,적성,23.5,32.4,15.0,AWS,LC08_L2SP_116034_20240626_20240709_02_T1
LC08_L2SP_116034_20240626_20240709_02_T1,2024-06-26,116,034,666,21.07141574000002,,,,안도,20.8,24.2,17.6,AWS,LC08_L2SP_116034_20240626_20240709_02_T1
LC08_L2SP_116034_20240626_20240709_02_T1,2024-06-26,116,034,652,42.814580300000024,42.74752200285716,38.667578687385344,36.35250368092838,연천청산,23.3,31.0,15.4,AWS,LC08_L2SP_116034_20240626_20240709_02_T1
LC08_L2SP_116034_20240626_20240709_02_T1,2024-06-26,116,034,428,36.80684048000004,37.20095446228574,38.74699765569894,36.857825861002674,하남덕풍,24.4,32.1,17.1,AWS,LC08_L2SP_116034_20240626_20240709_02_T1
LC08_L2SP_116034_20240626_20240709_02_T1,2024-06-26,116,034,500,37.65223076000003,37.77254506400001,35.59860646506331,34.20705694482637,양도,23.6,31.1,16.4,AWS,LC08_L2SP_116034_20240626_20240709_02_T1
LC08_L2SP_116034_20240626_20240709_02_T1,2024-06-26,116,034,427,41.81537912000001,41.29007827485715,40.89801877986177,39.113873321743135,양촌,24.9,32.5,18.6,AWS,LC08_L2SP_116034_20240626_20240709_02_T1
LC08_L2SP_116034_20240626_20240709_02_T1,2024-06-26,116,034,568,,,40.479203562046536,37.225938925499,일동,22.4,31.6,13.6,AWS,LC08_L2SP_116034_20240626_20240709_02_T1
LC08_L2SP_116034_20240626_20240709_02_T1,2024-06-26,116,034,441,38.59104692,38.568943724000015,35.33351724969074,35.86191630945321,김포,24.1,31.2,17.8,AWS,LC08_L2SP_116034_20240626_20240709_02_T1
LC08_L2SP_116034_20240626_20240709_02_T1,2024-06-26,116,034,371,41.61029792000003,41.15413873657144,38.59685467951836,37.542573119788045,기흥구갈,24.0,31.5,16.7,AWS,LC08_L2SP_116034_20240626_20240709_02_T1
LC08_L2SP_116034_20240626_20240709_02_T1,2024-06-26,116,034,367,41.65245350000006,41.53474789172417,36.798799073557966,35.02992098487635,신현동,23.8,30.3,17.2,AWS,LC08_L2SP_116034_20240626_20240709_02_T1
LC08_L2SP_116034_20240626_20240709_02_T1,2024-06-26,116,034,433,37.949598500000036,38.23983722685716,39.394516535463936,39.7942911255345,부천,23.6,29.4,18.1,AWS,LC08_L2SP_116034_20240626_20240709_02_T1
LC08_L2SP_116034_20240626_20240709_02_T1,2024-06-26,116,034,450,36.524284160000015,36.134141591428595,37.67050326783507,37.80423649340489,주교,23.5,30.8,16.9,AWS,LC08_L2SP_116034_20240626_20240709_02_T1
LC08_L2SP_116034_20240626_20240709_02_T1,2024-06-26,116,034,364,41.85297734000002,40.52473476800001,38.08818724204365,37.6817130552411,분당구,24.5,31.9,17.8,AWS,LC08_L2SP_116034_20240626_20240709_02_T1
LC08_L2SP_116034_20240626_20240709_02_T1,2024-06-26,116,034,438,40.08700034000001,39.912127926285734,37.94373344391755,38.29996142008708,군포,24.4,30.4,18.0,AWS,LC08_L2SP_116034_20240626_20240709_02_T1
LC08_L2SP_116034_20240626_20240709_02_T1,2024-06-26,116,034,444,39.28490498000002,39.09561177714287,40.10549993278352,39.80155277758376,하남,23.5,31.2,16.1,AWS,LC08_L2SP_116034_20240626_20240709_02_T1
LC08_L2SP_116034_20240626_20240709_02_T1,2024-06-26,116,034,445,36.64619354000001,35.608547773142874,34.70535465800002,35.651285057450444,의왕,22.4,28.7,15.5,AWS,LC08_L2SP_116034_20240626_20240709_02_T1
LC08_L2SP_116034_20240626_20240709_02_T1,2024-06-26,116,034,437,42.40555724000001,42.328863381714314,40.77146569670105,38.8302779506621,광명,25.4,31.0,19.7,AWS,LC08_L2SP_116034_20240626_20240709_02_T1
LC08_L2SP_116034_20240626_20240709_02_T1,2024-06-26,116,034,376,39.18920042000002,38.50820062571431,35.297387845379326,34.85043754513679,광명노온,23.0,29.8,16.5,AWS,LC08_L2SP_116034_20240626_20240709_02_T1
LC08_L2SP_116034_20240626_20240709_02_T1,2024-06-26,116,034,573,37.406133320000016,37.112769546285726,34.460794555463934,33.1389078188991,청운,21.8,29.8,14.1,AWS,LC08_L2SP_116034_20240626_20240709_02_T1
LC08_L2SP_116034_20240626_20240709_02_T1,2024-06-26,116,034,506,35.447607859999984,35.52807781657145,35.438721008000016,35.85556087087752,파주금촌,23.8,30.5,16.7,AWS,LC08_L2SP_116034_20240626_20240709_02_T1
LC08_L2SP_116034_20240626_20240709_02_T1,2024-06-26,116,034,502,38.096573360000015,36.68161073771431,33.87104333334428,33.80873272144682,교동,23.3,29.4,16.4,AWS,LC08_L2SP_116034_20240626_20240709_02_T1
LC08_L2SP_116034_20240626_20240709_02_T1,2024-06-26,116,034,656,33.11423954000001,32.20586003428574,31.49786702637746,31.21023103925167,볼음도,23.0,27.8,18.4,AWS,LC08_L2SP_116034_20240626_20240709_02_T1
LC08_L2SP_116034_20240626_20240709_02_T1,2024-06-26,116,034,565,37.58387036000001,37.68855942971431,36.15439018577322,35.1186751485591,시흥,22.7,29.3,15.7,AWS,LC08_L2SP_116034_20240626_20240709_02_T1
LC08_L2SP_116034_20240626_20240709_02_T1,2024-06-26,116,034,970,,,32.185219121926366,32.58196956060978,철원장흥,22.4,30.1,15.7,AWS,LC08_L2SP_116034_20240626_20240709_02_T1
LC08_L2SP_116034_20240626_20240709_02_T1,2024-06-26,116,034,874,37.44942824000003,36.73610374228574,32.95080318137933,31.31848268043943,동송,22.6,30.6,14.5,AWS,LC08_L2SP_116034_20240626_20240709_02_T1
LC08_L2SP_116034_20240626_20240709_02_T1,2024-06-26,116,034,504,40.84807946000003,40.70344838514287,39.156269187216516,39.23153589578949,포천,23.8,31.9,15.6,AWS,LC08_L2SP_116034_20240626_20240709_02_T1
LC08_L2SP_116034_20240626_20240709_02_T1,2024-06-26,116,034,598,43.111948040000016,42.99137331542858,41.228196172164964,40.31268264737116,양주,23.3,31.3,15.4,AWS,LC08_L2SP_116034_20240626_20240709_02_T1
LC08_L2SP_116034_20240626_20240709_02_T1,2024-06-26,116,034,571,,,,35.708841857567585,화성,23.2,29.8,16.9,AWS,LC08_L2SP_116034_20240626_20240709_02_T1
LC08_L2SP_116034_20240626_20240709_02_T1,2024-06-26,116,034,634,38.047581740000034,37.950575077142865,38.696149388554936,38.07579857794382,아산,23.5,30.2,17.5,AWS,LC08_L2SP_116034_20240626_20240709_02_T1
LC08_L2SP_116034_20240626_20240709_02_T1,2024-06-26,116,034,588,39.06387302000002,37.83768275942858,34.68142715917528,32.93280885122431,남산,22.3,30.1,14.2,AWS,LC08_L2SP_116034_20240626_20240709_02_T1
LC08_L2SP_116034_20240626_20240709_02_T1,2024-06-26,116,034,512,39.81355874000002,38.92168338800001,35.934112813721775,36.07558400440419,인천연수,23.9,29.5,18.0,AWS,LC08_L2SP_116034_20240626_20240709_02_T1
LC08_L2SP_116034_20240626_20240709_02_T1,2024-06-26,116,034,507,36.83646332000001,37.5627762937143,35.04294179331036,34.144495122651314,창수,23.3,31.7,15.6,AWS,LC08_L2SP_116034_20240626_20240709_02_T1
LC08_L2SP_116034_20240626_20240709_02_T1,2024-06-26,116,034,695,23.780766260000007,23.906223870285736,23.900877452686935,24.0362341902041,광덕산,18.5,25.3,12.4,AWS,LC08_L2SP_116034_20240626_20240709_02_T1
LC08_L2SP_116034_20240626_20240709_02_T1,2024-06-26,116,034,377,37.40613332000004,37.88641395885717,35.9698405973196,34.293928745845996,안양만안,21.7,29.6,14.0,AWS,LC08_L2SP_116034_20240626_20240709_02_T1
LC08_L2SP_116034_20240626_20240709_02_T1,2024-06-26,116,034,493,35.96372888000002,35.60796182685717,33.39189316305491,32.301364677863326,송악,23.0,30.2,16.8,AWS,LC08_L2SP_116034_20240626_20240709_02_T1
LC08_L2SP_116034_20240626_20240709_02_T1,2024-06-26,116,034,511,38.769923300000016,38.62070231257144,37.81246439649337,37.08248904140216,경서동,23.5,30.0,16.8,AWS,LC08_L2SP_116034_20240626_20240709_02_T1
LC08_L2SP_116034_20240626_20240709_02_T1,2024-06-26,116,034,637,34.39143968000002,34.16321360171431,32.81293421629231,32.55218542405918,신평,22.6,28.6,17.6,AWS,LC08_L2SP_116034_20240626_20240709_02_T1
LC08_L2SP_116034_20240626_20240709_02_T1,2024-06-26,116,034,589,38.18658122000003,38.09413191714287,34.57551160701033,35.90560688345264,고양고봉,22.9,30.2,16.0,AWS,LC08_L2SP_116034_20240626_20240709_02_T1
LC08_L2SP_116034_20240626_20240709_02_T1,2024-06-26,116,034,569,,,38.858827799157915,39.59661073002772,구리,24.1,31.7,16.7,AWS,LC08_L2SP_116034_20240626_20240709_02_T1
LC08_L2SP_116034_20240626_20240709_02_T1,2024-06-26,116,034,514,35.22201854000002,34.34720073542859,33.418725218556716,33.97586906313302,대부도,21.7,27.8,14.7,AWS,LC08_L2SP_116034_20240626_20240709_02_T1
LC08_L2SP_116034_20240626_20240709_02_T1,2024-06-26,116,034,570,41.74701872000001,41.59262187371431,37.89538392618559,35.28392246148449,금곡,22.9,30.1,16.6,AWS,LC08_L2SP_116034_20240626_20240709_02_T1
LC08_L2SP_116034_20240626_20240709_02_T1,2024-06-26,116,034,694,,,27.22403803018959,26.777884382415216,원효봉,20.3,25.0,14.5,AWS,LC08_L2SP_116034_20240626_20240709_02_T1
LC08_L2SP_116034_20240626_20240709_02_T1,2024-06-26,116,034,550,,,35.225913792981146,35.960249429015114,오산,22.7,30.0,15.5,AWS,LC08_L2SP_116034_20240626_20240709_02_T1
LC08_L2SP_116034_20240626_20240709_02_T1,2024-06-26,116,034,650,31.78462975999999,31.891695167428587,30.647990466169745,29.982842330627562,양지,22.2,29.5,15.3,AWS,LC08_L2SP_116034_20240626_20240709_02_T1
LC08_L2SP_116034_20240626_20240709_02_T1,2024-06-26,116,034,552,36.46162046000003,36.14244249714287,32.14821625402064,30.208977617099542,김화,21.7,29.8,13.9,AWS,LC08_L2SP_116034_20240626_20240709_02_T1
LC08_L2SP_116034_20240626_20240709_02_T1,2024-06-26,116,034,531,35.45102588000001,34.956096584000015,32.109333829484555,31.083881907604088,가평북면,22.1,30.7,13.8,AWS,LC08_L2SP_116034_20240626_20240709_02_T1
LC08_L2SP_116034_20240626_20240709_02_T1,2024-06-26,116,034,617,33.37628774000003,33.63205329371431,34.73134669525775,34.20961628113371,직산,23.1,30.0,16.3,AWS,LC08_L2SP_116034_20240626_20240709_02_T1
LC08_L2SP_116034_20240626_20240709_02_T1,2024-06-26,116,034,116,29.479744940000007,29.304539766666675,29.517156042116802,30.03765411647849,관악(레),21.1,26.5,16.7,AWS,LC08_L2SP_116034_20240626_20240709_02_T1
LC08_L2SP_116034_20240626_20240709_02_T1,2024-06-26,116,034,616,37.9154183,36.96345090114288,34.3855198103093,34.651379464952775,당진,22.9,29.9,17.0,AWS,LC08_L2SP_116034_20240626_20240709_02_T1
LC08_L2SP_116034_20240626_20240709_02_T1,2024-06-26,116,034,503,38.50445707999999,37.568733414285724,33.00557547690723,32.83412792463787,도라산,23.0,31.0,15.1,AWS,LC08_L2SP_116034_20240626_20240709_02_T1
LC08_L2SP_116034_20240626_20240709_02_T1,2024-06-26,116,034,555,35.62420556000001,35.76159424896554,31.488528219285733,30.047525046037,화천,22.5,30.6,15.9,AWS,LC08_L2SP_116034_20240626_20240709_02_T1
LC08_L2SP_116034_20240626_20240709_02_T1,2024-06-26,116,034,577,38.609276360000024,38.326557277142875,35.2333401705512,31.95625519583817,장봉도,22.1,26.1,18.0,AWS,LC08_L2SP_116034_20240626_20240709_02_T1
LC08_L2SP_116034_20240626_20240709_02_T1,2024-06-26,116,034,543,,,38.24684251076925,36.40880500441134,영종도,22.9,28.6,17.2,AWS,LC08_L2SP_116034_20240626_20240709_02_T1
LC08_L2SP_116034_20240626_20240709_02_T1,2024-06-26,116,034,541,38.314187300000036,37.997255464571445,38.64241506920002,38.84305620405886,남양주,24.0,32.3,16.8,AWS,LC08_L2SP_116034_20240626_20240709_02_T1
LC08_L2SP_116034_20240626_20240709_02_T1,2024-06-26,116,034,540,35.92043396000005,35.90562254000002,36.24576055546394,35.49976569052965,고양,24.2,33.9,16.4,AWS,LC08_L2SP_116034_20240626_20240709_02_T1
LC08_L2SP_116034_20240626_20240709_02_T1,2024-06-26,116,034,519,34.46663612000003,34.69691301028573,33.7636985773196,32.19656004514173,사내,20.1,29.4,12.5,AWS,LC08_L2SP_116034_20240626_20240709_02_T1
LC08_L2SP_116034_20240626_20240709_02_T1,2024-06-26,116,034,542,35.94436010000002,36.36744587085715,34.285020123692966,32.38436606618463,청평,22.5,30.2,15.2,AWS,LC08_L2SP_116034_20240626_20240709_02_T1
LC08_L2SP_116034_20240626_20240709_02_T1,2024-06-26,116,034,532,36.16767074000003,35.74624515028574,34.95697125257734,35.39379728518754,의정부,24.0,31.2,16.5,AWS,LC08_L2SP_116034_20240626_20240709_02_T1
LC08_L2SP_116034_20240626_20240709_02_T1,2024-06-26,116,034,548,33.99608870000003,34.11204095942859,34.52199829089496,33.82414356947077,여주,23.2,30.6,16.2,AWS,LC08_L2SP_116034_20240626_20240709_02_T1
LC08_L2SP_116034_20240626_20240709_02_T1,2024-06-26,116,034,538,38.471416220000016,38.34901855142859,36.4205650674227,34.11141352329232,신서,23.0,31.3,14.9,AWS,LC08_L2SP_116034_20240626_20240709_02_T1
LC08_L2SP_116034_20240626_20240709_02_T1,2024-06-26,116,034,516,37.64881274000002,37.70818863028574,36.57317006804126,35.247953329313944,안성,23.7,30.9,16.8,AWS,LC08_L2SP_116034_20240626_20240709_02_T1
LC08_L2SP_116034_20240626_20240709_02_T1,2024-06-26,116,034,545,35.27784620000002,36.086679942285734,35.707025006804145,35.55934233763374,안산,21.8,29.8,14.7,AWS,LC08_L2SP_116034_20240626_20240709_02_T1
LC08_L2SP_116034_20240626_20240709_02_T1,2024-06-26,116,034,549,39.99243512000002,40.746515437142875,41.950291070927854,38.73186894908147,용인,23.5,31.3,16.1,AWS,LC08_L2SP_116034_20240626_20240709_02_T1
LC08_L2SP_116034_20240626_20240709_02_T1,2024-06-26,116,034,681,36.07538420000003,35.94585751828573,34.95174046824744,31.913812826606936,간동,21.7,30.6,13.6,AWS,LC08_L2SP_116034_20240626_20240709_02_T1
LC08_L2SP_116034_20240813_20240822_02_T1,2024-08-13,116,034,627,49.24615460000003,48.92466540457145,46.04157096000001,43.40526028033838,태안,29.9,36.2,26.4,AWS,LC08_L2SP_116034_20240813_20240822_02_T1
LC08_L2SP_116034_20240813_20240822_02_T1,2024-08-13,116,034,632,,,42.129577661931044,40.78394020243559,유구,30.2,37.1,25.3,AWS,LC08_L2SP_116034_20240813_20240822_02_T1
LC08_L2SP_116034_20240813_20240822_02_T1,2024-08-13,116,034,602,,,40.328794330057164,41.82388489697556,진천,29.5,35.7,25.5,AWS,LC08_L2SP_116034_20240813_20240822_02_T1
LC08_L2SP_116034_20240813_20240822_02_T1,2024-08-13,116,034,505,37.36283840000002,37.289432351428594,39.78189996597939,38.92387206614957,가평조종,28.9,35.6,24.7,AWS,LC08_L2SP_116034_20240813_20240822_02_T1
LC08_L2SP_116034_20240813_20240822_02_T1,2024-08-13,116,034,574,39.07184840000002,39.44766783714288,40.185477921735554,40.320826387856094,대신,29.4,35.2,25.4,AWS,LC08_L2SP_116034_20240813_20240822_02_T1
LC08_L2SP_116034_20240813_20240822_02_T1,2024-08-13,116,034,499,41.868928100000005,41.658540830857156,37.25290836628573,36.26397990595746,중면,29.1,36.2,24.4,AWS,LC08_L2SP_116034_20240813_20240822_02_T1
LC08_L2SP_116034_20240813_20240822_02_T1,2024-08-13,116,034,428,41.68093700000003,42.131323055652196,43.96146393010528,42.175629632523254,하남덕풍,30.5,37.3,26.5,AWS,LC08_L2SP_116034_20240813_20240822_02_T1
LC08_L2SP_116034_20240813_20240822_02_T1,2024-08-13,116,034,500,40.3991795,40.63958024000001,39.39504679804735,38.05108751040996,양도,29.8,37.1,25.2,AWS,LC08_L2SP_116034_20240813_20240822_02_T1
LC08_L2SP_116034_20240813_20240822_02_T1,2024-08-13,116,034,502,43.08346454000002,41.97885813371431,38.55238936983148,38.4491754942012,교동,29.7,34.8,25.3,AWS,LC08_L2SP_116034_20240813_20240822_02_T1
LC08_L2SP_116034_20240813_20240822_02_T1,2024-08-13,116,034,656,38.45546546000003,37.87420674457145,37.21662616274196,36.98009347908554,볼음도,29.5,33.1,26.5,AWS,LC08_L2SP_116034_20240813_20240822_02_T1
LC08_L2SP_116034_20240813_20240822_02_T1,2024-08-13,116,034,970,35.16733022000002,35.14789633485717,35.708955228866,36.19757017900374,철원장흥,28.0,33.5,23.8,AWS,LC08_L2SP_116034_20240813_20240822_02_T1
LC08_L2SP_116034_20240813_20240822_02_T1,2024-08-13,116,034,874,39.78279656000001,39.16249295000002,36.18877759479594,,동송,28.4,34.3,23.8,AWS,LC08_L2SP_116034_20240813_20240822_02_T1
LC08_L2SP_116034_20240813_20240822_02_T1,2024-08-13,116,034,507,40.571219840000005,41.04798480114288,38.02961945558623,37.36284574310042,창수,29.4,35.9,24.9,AWS,LC08_L2SP_116034_20240813_20240822_02_T1
LC08_L2SP_116034_20240813_20240822_02_T1,2024-08-13,116,034,230,38.99779130000002,38.26986697400001,34.47751909568002,34.99916813010959,덕적북리,28.3,32.2,25.3,AWS,LC08_L2SP_116034_20240813_20240822_02_T1
LC08_L2SP_116034_20240813_20240822_02_T1,2024-08-13,116,034,552,36.30780956000003,36.73600608457145,34.44907618907219,33.91204095600926,김화,27.7,34.3,23.1,AWS,LC08_L2SP_116034_20240813_20240822_02_T1
LC08_L2SP_116034_20240813_20240822_02_T1,2024-08-13,116,034,617,40.11548384,40.42795597314288,42.09250497752578,41.824074499583354,직산,29.5,35.0,26.1,AWS,LC08_L2SP_116034_20240813_20240822_02_T1
LC08_L2SP_116034_20240813_20240822_02_T1,2024-08-13,116,034,503,42.108189500000016,41.06351237771431,36.66228133402063,36.79243091138278,도라산,29.9,36.0,25.3,AWS,LC08_L2SP_116034_20240813_20240822_02_T1
LC08_L2SP_116034_20240813_20240822_02_T1,2024-08-13,116,034,651,,,,33.070454562267095,외촌,27.9,34.0,23.1,AWS,LC08_L2SP_116034_20240813_20240822_02_T1
LC08_L2SP_116034_20240813_20240822_02_T1,2024-08-13,116,034,543,,,45.27308011538463,42.90416885216775,영종도,29.5,35.2,26.1,AWS,LC08_L2SP_116034_20240813_20240822_02_T1
LC08_L2SP_116034_20240813_20240822_02_T1,2024-08-13,116,034,538,,,39.12382153961041,,신서,29.5,35.8,24.8,AWS,LC08_L2SP_116034_20240813_20240822_02_T1
LC08_L2SP_116034_20240813_20240822_02_T1,2024-08-13,116,034,681,37.87782008000001,37.6284999354286,36.347263612164966,33.68725928236079,간동,28.2,34.7,22.6,AWS,LC08_L2SP_116034_20240813_20240822_02_T1
LC08_L2SP_116034_20240829_20240905_02_T1,2024-08-29,116,034,434,41.36761850000003,41.167420185714306,41.7881896035963,41.82286316781936,안양,27.9,32.7,24.0,AWS,LC08_L2SP_116034_20240829_20240905_02_T1
LC08_L2SP_116034_20240829_20240905_02_T1,2024-08-29,116,034,627,42.22212350000003,41.89487249942859,39.95653612185569,38.33013450844142,태안,28.1,32.4,24.6,AWS,LC08_L2SP_116034_20240829_20240905_02_T1
LC08_L2SP_116034_20240829_20240905_02_T1,2024-08-29,116,034,665,38.73802178,38.39940993200002,36.74369911855672,34.90660623403775,무의도,28.0,31.7,23.2,AWS,LC08_L2SP_116034_20240829_20240905_02_T1
LC08_L2SP_116034_20240829_20240905_02_T1,2024-08-29,116,034,572,42.230098880000014,42.167728153142875,42.047197615051566,41.08377883055891,성남,27.4,33.2,21.4,AWS,LC08_L2SP_116034_20240829_20240905_02_T1
LC08_L2SP_116034_20240829_20240905_02_T1,2024-08-29,116,034,551,,,,40.86619742795921,평택,27.7,33.5,22.6,AWS,LC08_L2SP_116034_20240829_20240905_02_T1
LC08_L2SP_116034_20240829_20240905_02_T1,2024-08-29,116,034,508,34.03710494000003,33.74230885314289,32.423681183923094,34.445631194767465,왕산,26.4,31.7,22.1,AWS,LC08_L2SP_116034_20240829_20240905_02_T1
LC08_L2SP_116034_20240829_20240905_02_T1,2024-08-29,116,034,692,38.11594214000004,37.46464178000002,34.03992394642986,34.0757878321166,백학,25.6,33.3,18.6,AWS,LC08_L2SP_116034_20240829_20240905_02_T1
LC08_L2SP_116034_20240829_20240905_02_T1,2024-08-29,116,034,546,40.39576148,39.66095228514287,36.09898366672152,34.842581650734736,경기광주,26.3,31.9,21.7,AWS,LC08_L2SP_116034_20240829_20240905_02_T1
LC08_L2SP_116034_20240829_20240905_02_T1,2024-08-29,116,034,967,29.991308600000025,30.35807250363638,,,도리도,27.9,31.0,24.6,AWS,LC08_L2SP_116034_20240829_20240905_02_T1
LC08_L2SP_116034_20240829_20240905_02_T1,2024-08-29,116,034,501,,,35.33753664909093,35.640061308465334,대연평,27.9,31.7,24.4,AWS,LC08_L2SP_116034_20240829_20240905_02_T1
LC08_L2SP_116034_20240829_20240905_02_T1,2024-08-29,116,034,632,,,35.7257340559391,34.93000546088451,유구,27.4,34.4,21.4,AWS,LC08_L2SP_116034_20240829_20240905_02_T1
LC08_L2SP_116034_20240829_20240905_02_T1,2024-08-29,116,034,649,39.48201080000001,39.41749160342858,41.278213589690736,39.51897362511882,부평,28.5,33.5,22.9,AWS,LC08_L2SP_116034_20240829_20240905_02_T1
LC08_L2SP_116034_20240829_20240905_02_T1,2024-08-29,116,034,631,43.865051780000044,43.64089477314289,44.592881428450724,44.15478779647,송도,28.8,33.6,24.3,AWS,LC08_L2SP_116034_20240829_20240905_02_T1
LC08_L2SP_116034_20240829_20240905_02_T1,2024-08-29,116,034,309,34.25813690000001,33.72180073314287,31.81024554255571,32.46282363230324,판문점,25.8,32.6,20.0,AWS,LC08_L2SP_116034_20240829_20240905_02_T1
LC08_L2SP_116034_20240829_20240905_02_T1,2024-08-29,116,034,539,,,33.279921627741956,33.26820131505804,포천이동,24.7,31.2,17.4,AWS,LC08_L2SP_116034_20240829_20240905_02_T1
LC08_L2SP_116034_20240829_20240905_02_T1,2024-08-29,116,034,499,39.44213390000001,39.27325115942858,34.78060116588237,33.23300921791388,중면,26.7,32.6,20.9,AWS,LC08_L2SP_116034_20240829_20240905_02_T1
LC08_L2SP_116034_20240829_20240905_02_T1,2024-08-29,116,034,567,38.54547332000002,38.12792148628573,35.1329385960825,34.30597254491843,적성,25.3,32.4,18.8,AWS,LC08_L2SP_116034_20240829_20240905_02_T1
LC08_L2SP_116034_20240829_20240905_02_T1,2024-08-29,116,034,568,34.70020082000004,35.53178880971431,37.15330555195879,35.087423116306915,일동,24.1,32.0,17.0,AWS,LC08_L2SP_116034_20240829_20240905_02_T1
LC08_L2SP_116034_20240829_20240905_02_T1,2024-08-29,116,034,666,28.268626520000016,27.700035894736864,,,안도,26.6,28.2,25.3,AWS,LC08_L2SP_116034_20240829_20240905_02_T1
LC08_L2SP_116034_20240829_20240905_02_T1,2024-08-29,116,034,652,43.24183280000003,42.801429061142876,38.47082292313367,36.59519014488648,연천청산,25.6,32.7,19.0,AWS,LC08_L2SP_116034_20240829_20240905_02_T1
LC08_L2SP_116034_20240829_20240905_02_T1,2024-08-29,116,034,427,42.52974530000002,42.42154055257145,42.14332852459244,40.41709073418507,양촌,28.7,35.0,23.1,AWS,LC08_L2SP_116034_20240829_20240905_02_T1
LC08_L2SP_116034_20240829_20240905_02_T1,2024-08-29,116,034,500,35.65382840000003,35.61831354457145,34.81916911302328,34.39054453328118,양도,26.3,31.3,22.1,AWS,LC08_L2SP_116034_20240829_20240905_02_T1
LC08_L2SP_116034_20240829_20240905_02_T1,2024-08-29,116,034,428,40.249925960000006,40.472194917714305,41.478926709247325,39.565735668328934,하남덕풍,28.1,34.9,22.3,AWS,LC08_L2SP_116034_20240829_20240905_02_T1
LC08_L2SP_116034_20240829_20240905_02_T1,2024-08-29,116,034,441,41.37103652000002,41.32650460228573,37.54239211958764,37.819459321105086,김포,27.5,33.7,21.7,AWS,LC08_L2SP_116034_20240829_20240905_02_T1
LC08_L2SP_116034_20240829_20240905_02_T1,2024-08-29,116,034,438,43.89125660000002,43.556909138857165,41.04463714391755,41.25795710654453,군포,28.4,34.3,23.9,AWS,LC08_L2SP_116034_20240829_20240905_02_T1
LC08_L2SP_116034_20240829_20240905_02_T1,2024-08-29,116,034,444,41.93842784000001,42.07846900228574,42.737637655051564,42.06996875402064,하남,27.3,33.1,21.2,AWS,LC08_L2SP_116034_20240829_20240905_02_T1
LC08_L2SP_116034_20240829_20240905_02_T1,2024-08-29,116,034,445,39.510494300000026,38.999711901714306,38.05644588350518,38.40163138360357,의왕,26.2,32.1,21.0,AWS,LC08_L2SP_116034_20240829_20240905_02_T1
LC08_L2SP_116034_20240829_20240905_02_T1,2024-08-29,116,034,371,43.509577700000044,43.3419645097143,40.85315148737933,39.894050760298526,기흥구갈,27.9,34.2,22.4,AWS,LC08_L2SP_116034_20240829_20240905_02_T1
LC08_L2SP_116034_20240829_20240905_02_T1,2024-08-29,116,034,367,45.25048922,44.88664688413793,39.183184527470836,37.11641128746135,신현동,29.1,35.0,24.5,AWS,LC08_L2SP_116034_20240829_20240905_02_T1
LC08_L2SP_116034_20240829_20240905_02_T1,2024-08-29,116,034,450,38.15923706000001,38.294232573714304,39.1709318274227,38.90495326573156,주교,27.4,33.5,20.7,AWS,LC08_L2SP_116034_20240829_20240905_02_T1
LC08_L2SP_116034_20240829_20240905_02_T1,2024-08-29,116,034,433,40.20207367999999,40.49426556114287,41.47078163960558,42.01789557052299,부천,27.5,33.2,22.4,AWS,LC08_L2SP_116034_20240829_20240905_02_T1
LC08_L2SP_116034_20240829_20240905_02_T1,2024-08-29,116,034,437,45.01806386000002,45.00810277314288,42.987139948817465,41.01189815640627,광명,29.5,35.2,25.5,AWS,LC08_L2SP_116034_20240829_20240905_02_T1
LC08_L2SP_116034_20240829_20240905_02_T1,2024-08-29,116,034,376,41.063414720000004,40.326001319428585,37.64631480556702,37.27750564934182,광명노온,28.2,33.6,23.4,AWS,LC08_L2SP_116034_20240829_20240905_02_T1
LC08_L2SP_116034_20240829_20240905_02_T1,2024-08-29,116,034,599,39.613034900000024,38.852444068571444,34.65215469880051,33.426026268623524,광릉,25.4,33.4,18.4,AWS,LC08_L2SP_116034_20240829_20240905_02_T1
LC08_L2SP_116034_20240829_20240905_02_T1,2024-08-29,116,034,573,36.88203692000004,36.37701632685717,34.580158018297894,33.59754996661055,청운,25.0,32.2,18.6,AWS,LC08_L2SP_116034_20240829_20240905_02_T1
LC08_L2SP_116034_20240829_20240905_02_T1,2024-08-29,116,034,506,38.16379442000001,38.21962208000002,37.50800543646102,37.664448869162584,파주금촌,27.2,33.2,21.3,AWS,LC08_L2SP_116034_20240829_20240905_02_T1
LC08_L2SP_116034_20240829_20240905_02_T1,2024-08-29,116,034,502,38.004286820000004,36.73717797714286,34.0827219894068,34.06098170057084,교동,27.1,32.4,22.5,AWS,LC08_L2SP_116034_20240829_20240905_02_T1
LC08_L2SP_116034_20240829_20240905_02_T1,2024-08-29,116,034,656,34.68311072000006,34.465854858285745,33.75901865832118,33.55713267397382,볼음도,27.3,32.4,23.2,AWS,LC08_L2SP_116034_20240829_20240905_02_T1
LC08_L2SP_116034_20240829_20240905_02_T1,2024-08-29,116,034,654,42.01533329,41.81144839700002,37.844715923333354,,자월도,27.9,30.6,23.5,AWS,LC08_L2SP_116034_20240829_20240905_02_T1
LC08_L2SP_116034_20240829_20240905_02_T1,2024-08-29,116,034,565,40.58489192,40.80755150857144,39.43864540536085,37.94705694600059,시흥,28.3,34.0,21.7,AWS,LC08_L2SP_116034_20240829_20240905_02_T1
LC08_L2SP_116034_20240829_20240905_02_T1,2024-08-29,116,034,874,38.17974518000002,37.98465761942859,34.639012093598744,32.6912403960095,동송,25.4,31.0,20.1,AWS,LC08_L2SP_116034_20240829_20240905_02_T1
LC08_L2SP_116034_20240829_20240905_02_T1,2024-08-29,116,034,504,40.48918736000002,40.589774805714306,39.38141999835053,39.380536413306615,포천,26.5,32.6,20.1,AWS,LC08_L2SP_116034_20240829_20240905_02_T1
LC08_L2SP_116034_20240829_20240905_02_T1,2024-08-29,116,034,598,41.92931312000004,42.45484183314287,41.6834537510448,41.14940950947401,양주,26.2,33.5,19.9,AWS,LC08_L2SP_116034_20240829_20240905_02_T1
LC08_L2SP_116034_20240829_20240905_02_T1,2024-08-29,116,034,571,,,,36.65309026027029,화성,28.5,34.3,23.2,AWS,LC08_L2SP_116034_20240829_20240905_02_T1
LC08_L2SP_116034_20240829_20240905_02_T1,2024-08-29,116,034,634,38.47027688000003,40.02136444869568,42.600147232307705,42.497484470844746,아산,28.7,34.3,23.6,AWS,LC08_L2SP_116034_20240829_20240905_02_T1
LC08_L2SP_116034_20240829_20240905_02_T1,2024-08-29,116,034,512,45.79053638000005,44.8500925914286,41.045128108817224,41.720921879964585,인천연수,29.0,34.1,23.1,AWS,LC08_L2SP_116034_20240829_20240905_02_T1
LC08_L2SP_116034_20240829_20240905_02_T1,2024-08-29,116,034,507,37.39815794000001,37.78484993600001,35.12441770823531,34.56981237299737,창수,25.9,32.8,19.4,AWS,LC08_L2SP_116034_20240829_20240905_02_T1
LC08_L2SP_116034_20240829_20240905_02_T1,2024-08-29,116,034,377,40.73072744000001,40.921029772571444,38.752410352164965,37.21351766731751,안양만안,27.0,33.4,19.3,AWS,LC08_L2SP_116034_20240829_20240905_02_T1
LC08_L2SP_116034_20240829_20240905_02_T1,2024-08-29,116,034,511,40.505138120000005,40.48283960857145,40.258454295965784,38.99723033637401,경서동,27.4,32.4,21.6,AWS,LC08_L2SP_116034_20240829_20240905_02_T1
LC08_L2SP_116034_20240829_20240905_02_T1,2024-08-29,116,034,637,34.890470600000015,35.57223412769233,32.42993254297874,31.683400311015994,신평,27.9,32.6,23.7,AWS,LC08_L2SP_116034_20240829_20240905_02_T1
LC08_L2SP_116034_20240829_20240905_02_T1,2024-08-29,116,034,589,38.57851418000001,38.956254218857154,36.25776473567012,37.456192194646455,고양고봉,25.7,31.2,20.2,AWS,LC08_L2SP_116034_20240829_20240905_02_T1
LC08_L2SP_116034_20240829_20240905_02_T1,2024-08-29,116,034,514,38.30507258,37.84344456457145,36.977189428659806,37.3691358548076,대부도,27.8,32.5,21.6,AWS,LC08_L2SP_116034_20240829_20240905_02_T1
LC08_L2SP_116034_20240829_20240905_02_T1,2024-08-29,116,034,570,41.22861902000002,41.08724320228573,38.94993510474228,36.679580856380916,금곡,26.5,32.0,21.6,AWS,LC08_L2SP_116034_20240829_20240905_02_T1
LC08_L2SP_116034_20240829_20240905_02_T1,2024-08-29,116,034,694,28.735755920000013,28.667818703428594,27.90069408989693,27.704820327560295,원효봉,22.2,27.3,18.6,AWS,LC08_L2SP_116034_20240829_20240905_02_T1
LC08_L2SP_116034_20240829_20240905_02_T1,2024-08-29,116,034,326,31.876916300000023,31.841889733142878,30.939912904329915,30.558069285315806,용문산,25.2,30.6,18.6,AWS,LC08_L2SP_116034_20240829_20240905_02_T1
LC08_L2SP_116034_20240829_20240905_02_T1,2024-08-29,116,034,550,40.94948072000002,40.54202018342858,39.34402130832571,39.72107478440555,오산,27.9,33.6,22.0,AWS,LC08_L2SP_116034_20240829_20240905_02_T1
LC08_L2SP_116034_20240829_20240905_02_T1,2024-08-29,116,034,552,,,,29.78129262097693,김화,24.5,29.4,20.0,AWS,LC08_L2SP_116034_20240829_20240905_02_T1
LC08_L2SP_116034_20240829_20240905_02_T1,2024-08-29,116,034,617,34.97250308,35.090864229714306,37.041554470567704,36.63258420495247,직산,26.9,32.8,20.6,AWS,LC08_L2SP_116034_20240829_20240905_02_T1
LC08_L2SP_116034_20240829_20240905_02_T1,2024-08-29,116,034,116,30.758084420000007,31.063264777142876,31.58350875922254,32.333306549825345,관악(레),23.7,29.7,19.4,AWS,LC08_L2SP_116034_20240829_20240905_02_T1
LC08_L2SP_116034_20240829_20240905_02_T1,2024-08-29,116,034,616,36.75557018000003,36.24273696971431,34.27400515606898,34.403777999251,당진,27.8,33.2,22.8,AWS,LC08_L2SP_116034_20240829_20240905_02_T1
LC08_L2SP_116034_20240829_20240905_02_T1,2024-08-29,116,034,503,38.522686520000015,37.74236883028574,33.8398620859794,33.93512275040964,도라산,26.8,32.9,21.5,AWS,LC08_L2SP_116034_20240829_20240905_02_T1
LC08_L2SP_116034_20240829_20240905_02_T1,2024-08-29,116,034,651,,,,29.65187292153848,외촌,23.4,30.8,17.2,AWS,LC08_L2SP_116034_20240829_20240905_02_T1
LC08_L2SP_116034_20240829_20240905_02_T1,2024-08-29,116,034,577,39.667723220000006,39.61602973657145,37.51376393173287,35.431056554215985,장봉도,28.3,32.7,24.5,AWS,LC08_L2SP_116034_20240829_20240905_02_T1
LC08_L2SP_116034_20240829_20240905_02_T1,2024-08-29,116,034,540,37.42550210000004,37.49685733657145,38.11393361278352,37.62014560174637,고양,27.0,35.2,20.0,AWS,LC08_L2SP_116034_20240829_20240905_02_T1
LC08_L2SP_116034_20240829_20240905_02_T1,2024-08-29,116,034,543,,,41.02552264307695,38.87847375937432,영종도,27.1,33.0,21.6,AWS,LC08_L2SP_116034_20240829_20240905_02_T1
LC08_L2SP_116034_20240829_20240905_02_T1,2024-08-29,116,034,541,40.278409460000034,39.884588450857166,39.95518031808513,40.04470569047019,남양주,27.7,33.7,21.2,AWS,LC08_L2SP_116034_20240829_20240905_02_T1
LC08_L2SP_116034_20240829_20240905_02_T1,2024-08-29,116,034,532,37.37309246000001,37.328495437142884,37.20812187076925,37.43605210850435,의정부,26.7,33.1,20.5,AWS,LC08_L2SP_116034_20240829_20240905_02_T1
LC08_L2SP_116034_20240829_20240905_02_T1,2024-08-29,116,034,538,36.62796410000002,36.826046497142876,35.86013507567012,34.184736070277715,신서,25.8,32.0,20.2,AWS,LC08_L2SP_116034_20240829_20240905_02_T1
LC08_L2SP_116034_20240829_20240905_02_T1,2024-08-29,116,034,545,38.54433398000001,38.80381052685716,38.806119857731986,38.47250691550975,안산,27.5,33.9,20.5,AWS,LC08_L2SP_116034_20240829_20240905_02_T1
LC08_L2SP_116034_20240829_20240905_02_T1,2024-08-29,116,034,549,42.89091608000001,43.15416872514288,43.7582944474227,41.07060974871171,용인,27.5,33.8,21.3,AWS,LC08_L2SP_116034_20240829_20240905_02_T1
LC09_L2SP_114034_20220701_20230409_02_T1,2022-07-01,114,034,837,36.812537180000014,36.680145872000026,36.38374206845363,37.00014086456295,이산,26.6,32.9,22.0,AWS,LC09_L2SP_114034_20220701_20230409_02_T1
LC09_L2SP_114034_20220701_20230409_02_T1,2022-07-01,114,034,527,40.39690082000004,40.28264129428573,38.010873685800334,36.60447357497985,신동,25.5,31.8,20.8,AWS,LC09_L2SP_114034_20220701_20230409_02_T1
LC09_L2SP_114034_20220701_20230409_02_T1,2022-07-01,114,034,529,39.68253464000001,40.072774866285734,40.94140798300233,39.72122807753875,원덕,27.9,34.1,20.7,AWS,LC09_L2SP_114034_20220701_20230409_02_T1
LC09_L2SP_114034_20220701_20230409_02_T1,2022-07-01,114,034,817,33.02878904000003,33.14571787657144,32.26997771953617,29.808709609735203,수비,25.9,32.8,20.0,AWS,LC09_L2SP_114034_20220701_20230409_02_T1
LC09_L2SP_114034_20220701_20230409_02_T1,2022-07-01,114,034,831,32.89548626000002,32.78051649636365,32.99994543772023,32.66539620819883,석포,22.6,30.0,18.3,AWS,LC09_L2SP_114034_20220701_20230409_02_T1
LC09_L2SP_114034_20220701_20230409_02_T1,2022-07-01,114,034,674,36.90710240000002,36.48590467828573,34.86918137656404,34.10550965560855,사북,24.2,29.4,20.4,AWS,LC09_L2SP_114034_20220701_20230409_02_T1
LC09_L2SP_114034_20220701_20230409_02_T1,2022-07-01,114,034,878,32.58786446000001,31.940426366857174,30.65927897587631,30.447250092184387,도계,24.7,30.2,21.1,AWS,LC09_L2SP_114034_20220701_20230409_02_T1
LC09_L2SP_114034_20220701_20230409_02_T1,2022-07-01,114,034,678,,,34.600729087419374,34.63059953180285,강릉성산,24.9,30.3,21.6,AWS,LC09_L2SP_114034_20220701_20230409_02_T1
LC09_L2SP_114034_20220701_20230409_02_T1,2022-07-01,114,034,835,38.871324560000005,38.4070272337143,37.33567747780257,36.00433213861445,봉화읍,26.6,33.9,20.8,AWS,LC09_L2SP_114034_20220701_20230409_02_T1
LC09_L2SP_114034_20220701_20230409_02_T1,2022-07-01,114,034,876,42.63798260000002,42.6167583234286,42.099047373195894,40.876727027569444,삼척,27.3,32.3,21.7,AWS,LC09_L2SP_114034_20220701_20230409_02_T1
LC09_L2SP_114034_20220701_20230409_02_T1,2022-07-01,114,034,696,44.228501240000014,43.616773317714305,40.822430606597955,39.46330677090754,신기,28.2,34.9,22.2,AWS,LC09_L2SP_114034_20220701_20230409_02_T1
LC09_L2SP_114034_20220701_20230409_02_T1,2022-07-01,114,034,802,36.007023800000034,35.86141614800001,34.93446884833715,34.37488984767744,온정,26.5,33.2,21.5,AWS,LC09_L2SP_114034_20220701_20230409_02_T1
LC09_L2SP_114034_20220701_20230409_02_T1,2022-07-01,114,034,851,39.82723082000001,39.31514631885716,37.310189929278366,37.20208153799029,소곡,26.0,31.2,19.8,AWS,LC09_L2SP_114034_20220701_20230409_02_T1
LC09_L2SP_114034_20220701_20230409_02_T1,2022-07-01,114,034,843,40.99049696000001,40.37111918342859,37.457781554167696,36.125108332253674,금강송,27.6,35.4,21.5,AWS,LC09_L2SP_114034_20220701_20230409_02_T1
LC09_L2SP_114034_20220701_20230409_02_T1,2022-07-01,114,034,497,33.38768114000002,33.16134311085716,31.108260161121738,30.513456680254617,삽당령,23.2,30.1,17.9,AWS,LC09_L2SP_114034_20220701_20230409_02_T1
LC09_L2SP_114034_20220701_20230409_02_T1,2022-07-01,114,034,814,36.47643188000003,36.71666985714287,36.28937890004775,34.937982643940046,부석,24.7,32.1,19.1,AWS,LC09_L2SP_114034_20220701_20230409_02_T1
LC09_L2SP_114034_20220701_20230409_02_T1,2022-07-01,114,034,581,39.47973212000003,38.731641476000014,36.0086537076313,33.84605303195773,상동,24.6,30.8,19.6,AWS,LC09_L2SP_114034_20220701_20230409_02_T1
LC09_L2SP_114034_20230602_20230604_02_T1,2023-06-02,114,034,837,34.98503582000001,34.64837712628574,34.10136606515466,35.017160445800194,이산,22.0,28.2,16.5,AWS,LC09_L2SP_114034_20230602_20230604_02_T1
LC09_L2SP_114034_20230602_20230604_02_T1,2023-06-02,114,034,529,32.71205252000004,33.12716291085716,32.06486166961011,29.96204890015466,원덕,20.4,25.7,15.2,AWS,LC09_L2SP_114034_20230602_20230604_02_T1
LC09_L2SP_114034_20230602_20230604_02_T1,2023-06-02,114,034,817,30.22829132000002,30.63591461942859,30.065498818762908,28.96156801962212,수비,18.5,27.8,13.0,AWS,LC09_L2SP_114034_20230602_20230604_02_T1
LC09_L2SP_114034_20230602_20230604_02_T1,2023-06-02,114,034,310,,,26.600830773636385,26.75745301094209,궁촌,19.8,24.9,14.9,AWS,LC09_L2SP_114034_20230602_20230604_02_T1
LC09_L2SP_114034_20230602_20230604_02_T1,2023-06-02,114,034,831,28.274323220000024,28.28636767142859,27.64388842000002,27.062034473083326,석포,18.6,27.0,12.4,AWS,LC09_L2SP_114034_20230602_20230604_02_T1
LC09_L2SP_114034_20230602_20230604_02_T1,2023-06-02,114,034,563,,,,28.745886254203878,북평,19.7,26.7,14.2,AWS,LC09_L2SP_114034_20230602_20230604_02_T1
LC09_L2SP_114034_20230602_20230604_02_T1,2023-06-02,114,034,674,32.11275968000003,31.56542074400002,29.315308817374408,27.663069454303653,사북,18.7,24.5,13.5,AWS,LC09_L2SP_114034_20230602_20230604_02_T1
LC09_L2SP_114034_20230602_20230604_02_T1,2023-06-02,114,034,878,27.438047660000013,26.960078253714304,25.343048061237134,25.110047578683098,도계,18.3,24.6,13.8,AWS,LC09_L2SP_114034_20230602_20230604_02_T1
LC09_L2SP_114034_20230602_20230604_02_T1,2023-06-02,114,034,579,31.199009000000046,30.85544916114287,29.278774924895124,28.98933188496243,하장,17.7,25.6,12.2,AWS,LC09_L2SP_114034_20230602_20230604_02_T1
LC09_L2SP_114034_20230602_20230604_02_T1,2023-06-02,114,034,835,36.00816314000004,35.48266697942859,34.05765221257734,32.044234461190996,봉화읍,22.2,28.9,16.1,AWS,LC09_L2SP_114034_20230602_20230604_02_T1
LC09_L2SP_114034_20230602_20230604_02_T1,2023-06-02,114,034,876,35.285821580000025,35.128267134285736,34.25217787773198,32.75264831646724,삼척,19.8,25.5,16.6,AWS,LC09_L2SP_114034_20230602_20230604_02_T1
LC09_L2SP_114034_20230602_20230604_02_T1,2023-06-02,114,034,802,30.255635480000006,29.644265636000018,27.837289005968127,28.2236934705991,온정,20.1,26.9,15.8,AWS,LC09_L2SP_114034_20230602_20230604_02_T1
LC09_L2SP_114034_20230602_20230604_02_T1,2023-06-02,114,034,851,31.306106960000022,30.528491133714304,28.22304900474229,27.898645202917915,소곡,19.2,25.5,13.7,AWS,LC09_L2SP_114034_20230602_20230604_02_T1
LC09_L2SP_114034_20230602_20230604_02_T1,2023-06-02,114,034,843,31.81653128000003,31.283873553714304,28.804418113584468,27.341280195297262,금강송,20.4,26.8,15.7,AWS,LC09_L2SP_114034_20230602_20230604_02_T1
LC09_L2SP_114034_20230602_20230604_02_T1,2023-06-02,114,034,814,34.61475032000004,34.78177756400001,33.76717532618559,31.88097395519613,부석,20.4,27.3,15.2,AWS,LC09_L2SP_114034_20230602_20230604_02_T1
LC09_L2SP_114034_20230602_20230604_02_T1,2023-06-02,114,034,581,35.00554394000002,34.45511250971431,31.703427314639193,27.798670273632442,상동,20.5,26.2,16.2,AWS,LC09_L2SP_114034_20230602_20230604_02_T1
LC09_L2SP_114034_20230602_20230604_02_T1,2023-06-02,114,034,638,36.909381080000024,37.188649590285735,33.4101181891163,32.406430850843805,영춘,21.5,26.5,17.9,AWS,LC09_L2SP_114034_20230602_20230604_02_T1
LC09_L2SP_114034_20230805_20230808_02_T1,2023-08-05,114,034,580,37.72400918000002,38.31573680240001,41.00878648238283,42.25764746432407,옥계,30.1,34.7,25.8,AWS,LC09_L2SP_114034_20230805_20230808_02_T1
LC09_L2SP_114034_20230805_20230808_02_T1,2023-08-05,114,034,529,41.12721776000001,42.676598087857165,,,원덕,30.2,36.4,23.6,AWS,LC09_L2SP_114034_20230805_20230808_02_T1
LC09_L2SP_114034_20230805_20230808_02_T1,2023-08-05,114,034,678,,,35.29512006451615,35.28887879617828,강릉성산,27.0,33.5,22.5,AWS,LC09_L2SP_114034_20230805_20230808_02_T1
LC09_L2SP_114034_20230805_20230808_02_T1,2023-08-05,114,034,876,48.747123680000016,48.75776837085716,47.72347171546394,46.137530990567036,삼척,31.1,36.0,26.2,AWS,LC09_L2SP_114034_20230805_20230808_02_T1
LC09_L2SP_114034_20230805_20230808_02_T1,2023-08-05,114,034,696,49.565169800000014,48.72075609714287,44.07726385570873,42.68769749624163,신기,30.6,36.6,23.9,AWS,LC09_L2SP_114034_20230805_20230808_02_T1
LC09_L2SP_114034_20230805_20230808_02_T1,2023-08-05,114,034,851,43.98240380000001,42.465388866285736,39.865749125567035,39.536678244603515,소곡,29.2,34.7,23.0,AWS,LC09_L2SP_114034_20230805_20230808_02_T1
LC09_L2SP_114034_20230805_20230808_02_T1,2023-08-05,114,034,843,45.862314800000014,44.358093026857155,40.67753147543137,39.05764185432586,금강송,29.7,36.7,25.3,AWS,LC09_L2SP_114034_20230805_20230808_02_T1
LC09_L2SP_114034_20230805_20230808_02_T1,2023-08-05,114,034,677,45.1160471,45.1911133297143,40.89058349793816,39.03488628142817,달방댐,30.0,36.7,23.2,AWS,LC09_L2SP_114034_20230805_20230808_02_T1
LC09_L2SP_114034_20240604_20240605_02_T1,2024-06-04,114,034,837,32.20732490000004,32.10527258857145,31.706371588453624,32.73492510483254,이산,17.7,25.7,8.9,AWS,LC09_L2SP_114034_20240604_20240605_02_T1
LC09_L2SP_114034_20240604_20240605_02_T1,2024-06-04,114,034,831,23.69189774,23.377993293714304,22.90663407298971,22.310334969298612,석포,14.2,23.7,5.8,AWS,LC09_L2SP_114034_20240604_20240605_02_T1
LC09_L2SP_114034_20240604_20240605_02_T1,2024-06-04,114,034,529,31.613728760000033,31.680852162285742,30.757962768312304,28.411498646359227,원덕,17.3,22.8,9.6,AWS,LC09_L2SP_114034_20240604_20240605_02_T1
LC09_L2SP_114034_20240604_20240605_02_T1,2024-06-04,114,034,563,,,,27.363375010536934,북평,16.6,26.2,6.7,AWS,LC09_L2SP_114034_20240604_20240605_02_T1
LC09_L2SP_114034_20240604_20240605_02_T1,2024-06-04,114,034,674,30.24766010000002,29.736877701714306,28.489145130696944,26.66609906485573,사북,14.8,22.2,6.1,AWS,LC09_L2SP_114034_20240604_20240605_02_T1
LC09_L2SP_114034_20240604_20240605_02_T1,2024-06-04,114,034,579,31.369910000000022,31.16941871257144,28.985208735876306,27.74295462640627,하장,13.7,24.0,3.4,AWS,LC09_L2SP_114034_20240604_20240605_02_T1
LC09_L2SP_114034_20240604_20240605_02_T1,2024-06-04,114,034,678,,,23.518351286164403,23.49309903273587,강릉성산,16.2,22.2,9.3,AWS,LC09_L2SP_114034_20240604_20240605_02_T1
LC09_L2SP_114034_20240604_20240605_02_T1,2024-06-04,114,034,835,33.724925780000014,33.3763853977143,32.1413638005754,30.347511527555845,봉화읍,18.0,26.8,8.3,AWS,LC09_L2SP_114034_20240604_20240605_02_T1
LC09_L2SP_114034_20240604_20240605_02_T1,2024-06-04,114,034,696,40.33879448000001,39.2165120274286,31.861282675876307,29.712977590724325,신기,17.9,25.3,11.3,AWS,LC09_L2SP_114034_20240604_20240605_02_T1
LC09_L2SP_114034_20240604_20240605_02_T1,2024-06-04,114,034,802,26.96750024000003,26.542526420000016,,,온정,15.9,21.9,10.0,AWS,LC09_L2SP_114034_20240604_20240605_02_T1
LC09_L2SP_114034_20240604_20240605_02_T1,2024-06-04,114,034,851,31.826785340000015,30.722732327428588,27.9286842674227,27.597020879292053,소곡,15.4,21.6,8.2,AWS,LC09_L2SP_114034_20240604_20240605_02_T1
LC09_L2SP_114034_20240604_20240605_02_T1,2024-06-04,114,034,843,31.331172440000028,30.390110152571456,27.000316558540167,25.109531727534176,금강송,15.7,22.8,8.4,AWS,LC09_L2SP_114034_20240604_20240605_02_T1
LC09_L2SP_114034_20240604_20240605_02_T1,2024-06-04,114,034,581,36.490103960000035,35.92007588171431,32.0204457331959,27.768568465256244,상동,16.6,26.5,5.4,AWS,LC09_L2SP_114034_20240604_20240605_02_T1
LC09_L2SP_114034_20240604_20240605_02_T1,2024-06-04,114,034,497,26.683804580000015,26.21631710171431,23.41006769250998,22.52653839395351,삽당령,12.9,22.4,4.1,AWS,LC09_L2SP_114034_20240604_20240605_02_T1
LC09_L2SP_114034_20240604_20240605_02_T1,2024-06-04,114,034,677,32.921691080000016,33.13474766000002,29.85497786960593,26.27658222952146,달방댐,16.1,24.4,9.0,AWS,LC09_L2SP_114034_20240604_20240605_02_T1
LC09_L2SP_114034_20240604_20240605_02_T1,2024-06-04,114,034,318,30.616806260000033,30.008195246428592,25.666851251081095,25.186200123145518,평창용산,13.9,21.2,4.4,AWS,LC09_L2SP_114034_20240604_20240605_02_T1
LC09_L2SP_114034_20240604_20240605_02_T1,2024-06-04,114,034,876,35.12517464000003,35.20600267485716,34.63994500350517,33.11789991030634,삼척,18.0,23.6,12.8,AWS,LC09_L2SP_114034_20240604_20240605_02_T1
LC09_L2SP_114034_20240604_20240605_02_T1,2024-06-04,114,034,580,27.320695640000014,27.704620667428586,29.9457819830928,29.741549811159476,옥계,17.2,23.7,11.1,AWS,LC09_L2SP_114034_20240604_20240605_02_T1
LC09_L2SP_114034_20240604_20240605_02_T1,2024-06-04,114,034,527,38.82916898,38.18339106800002,32.758017645773215,29.708589843320947,신동,17.4,27.3,6.7,AWS,LC09_L2SP_114034_20240604_20240605_02_T1
LC09_L2SP_114034_20240604_20240605_02_T1,2024-06-04,114,034,310,29.649506600000034,29.531115770000014,27.867323069795937,27.16251218052682,궁촌,16.3,20.3,12.1,AWS,LC09_L2SP_114034_20240604_20240605_02_T1
LC09_L2SP_114034_20240604_20240605_02_T1,2024-06-04,114,034,817,25.39862906,25.66005876114287,25.125821731752595,23.501839323389657,수비,14.1,23.8,7.4,AWS,LC09_L2SP_114034_20240604_20240605_02_T1
LC09_L2SP_114034_20240604_20240605_02_T1,2024-06-04,114,034,878,23.886724880000013,22.90650184914287,21.108230908453624,20.94853337081594,도계,15.4,21.4,9.8,AWS,LC09_L2SP_114034_20240604_20240605_02_T1
LC09_L2SP_114034_20240604_20240605_02_T1,2024-06-04,114,034,814,34.47233282000004,34.10432600000002,32.316584082268065,29.51201406268539,부석,17.0,26.3,7.2,AWS,LC09_L2SP_114034_20240604_20240605_02_T1
LC09_L2SP_114034_20240807_20240808_02_T1,2024-08-07,114,034,837,39.92977142000003,39.95001911942859,39.25440945404257,39.22552541750883,이산,26.9,33.5,21.9,AWS,LC09_L2SP_114034_20240807_20240808_02_T1
LC09_L2SP_114034_20240807_20240808_02_T1,2024-08-07,114,034,529,39.736083620000024,41.061949854285736,42.72928302158622,41.00851191679658,원덕,28.4,34.4,23.6,AWS,LC09_L2SP_114034_20240807_20240808_02_T1
LC09_L2SP_114034_20240807_20240808_02_T1,2024-08-07,114,034,563,,,,33.001850583549505,북평,25.2,31.6,21.9,AWS,LC09_L2SP_114034_20240807_20240808_02_T1
LC09_L2SP_114034_20240807_20240808_02_T1,2024-08-07,114,034,835,,,39.52805216422289,38.48442775639795,봉화읍,27.4,34.4,21.9,AWS,LC09_L2SP_114034_20240807_20240808_02_T1
LC09_L2SP_114034_20240807_20240808_02_T1,2024-08-07,114,034,851,43.983543140000016,42.3125545434286,39.7320391587629,39.46820139903237,소곡,26.8,33.4,21.5,AWS,LC09_L2SP_114034_20240807_20240808_02_T1
LC09_L2SP_114034_20240807_20240808_02_T1,2024-08-07,114,034,817,,,35.44799190719103,34.925276872970315,수비,25.8,33.9,20.9,AWS,LC09_L2SP_114034_20240807_20240808_02_T1
LC09_L2SP_114034_20240823_20240824_02_T1,2024-08-23,114,034,529,,,39.040835089373566,37.02910182461292,원덕,29.2,34.8,23.6,AWS,LC09_L2SP_114034_20240823_20240824_02_T1
LC09_L2SP_114034_20240823_20240824_02_T1,2024-08-23,114,034,802,34.130530820000025,33.862558052000026,33.03836312943054,33.33345695666361,온정,27.3,32.9,23.2,AWS,LC09_L2SP_114034_20240823_20240824_02_T1
LC09_L2SP_114034_20240823_20240824_02_T1,2024-08-23,114,034,851,41.21152892000001,39.90187386628573,37.58702214247425,37.11778936346381,소곡,29.1,35.2,23.0,AWS,LC09_L2SP_114034_20240823_20240824_02_T1
LC09_L2SP_114034_20240823_20240824_02_T1,2024-08-23,114,034,843,38.196835280000016,37.354765362285725,33.892570731786165,33.01539765605022,금강송,27.9,33.0,24.8,AWS,LC09_L2SP_114034_20240823_20240824_02_T1
LC09_L2SP_114034_20240823_20240824_02_T1,2024-08-23,114,034,876,44.15216546000001,44.17693796685716,43.38836132061857,42.09829809736702,삼척,31.6,36.4,28.8,AWS,LC09_L2SP_114034_20240823_20240824_02_T1
LC09_L2SP_114034_20240823_20240824_02_T1,2024-08-23,114,034,817,31.99882568000002,32.30781468800002,32.312402202428395,31.432036858440696,수비,25.6,31.8,22.1,AWS,LC09_L2SP_114034_20240823_20240824_02_T1
LC09_L2SP_114034_20250623_20250624_02_T1,2025-06-23,114,034,678,,,29.498409289354857,29.489233926650932,강릉성산,22.2,28.2,17.6,AWS,LC09_L2SP_114034_20250623_20250624_02_T1
LC09_L2SP_114034_20250623_20250624_02_T1,2025-06-23,114,034,835,37.28308460000002,37.11648053942859,36.278218776459575,34.752927636290295,봉화읍,23.2,31.9,15.8,AWS,LC09_L2SP_114034_20250623_20250624_02_T1
LC09_L2SP_114034_20250623_20250624_02_T1,2025-06-23,114,034,802,34.622725700000025,34.235464034000024,32.873488433485214,32.509679483926284,온정,23.1,29.2,17.3,AWS,LC09_L2SP_114034_20250623_20250624_02_T1
LC09_L2SP_114034_20250623_20250624_02_T1,2025-06-23,114,034,851,38.228736800000014,36.924192500000025,34.411203901030945,34.12322834535931,소곡,22.8,29.9,15.7,AWS,LC09_L2SP_114034_20250623_20250624_02_T1
LC09_L2SP_114034_20250623_20250624_02_T1,2025-06-23,114,034,677,38.35634288000002,38.102530480571446,33.68253997745122,31.665974841122,달방댐,23.8,31.9,16.8,AWS,LC09_L2SP_114034_20250623_20250624_02_T1
LC09_L2SP_114034_20250623_20250624_02_T1,2025-06-23,114,034,530,30.06650504,29.63150502800001,29.16419679488609,28.715450137057946,태하,22.9,27.0,19.4,AWS,LC09_L2SP_114034_20250623_20250624_02_T1
LC09_L2SP_114034_20250623_20250624_02_T1,2025-06-23,114,034,497,32.04325994000004,31.536123429714305,28.77522022546381,28.082718385153395,삽당령,18.9,26.9,11.2,AWS,LC09_L2SP_114034_20250623_20250624_02_T1
LC09_L2SP_114034_20250623_20250624_02_T1,2025-06-23,114,034,876,41.66042888000002,41.862157165142875,41.04311019340208,39.527810767580895,삼척,25.0,30.9,21.4,AWS,LC09_L2SP_114034_20250623_20250624_02_T1
LC09_L2SP_114034_20250623_20250624_02_T1,2025-06-23,114,034,310,,,33.2218333238889,33.470757776444735,궁촌,22.4,28.1,17.0,AWS,LC09_L2SP_114034_20250623_20250624_02_T1
LC09_L2SP_114034_20250623_20250624_02_T1,2025-06-23,114,034,580,33.93000698000001,33.255875778285734,35.055443899793836,35.02226643731465,옥계,23.9,30.9,18.2,AWS,LC09_L2SP_114034_20250623_20250624_02_T1
LC09_L2SP_114034_20250623_20250624_02_T1,2025-06-23,114,034,814,35.70623804000004,35.871344682285745,35.11422757938146,33.22989902199257,부석,22.5,30.6,15.4,AWS,LC09_L2SP_114034_20250623_20250624_02_T1
LC09_L2SP_114034_20250623_20250624_02_T1,2025-06-23,114,034,527,37.03470848000003,36.96559937085716,33.95293031247936,31.919342425618748,신동,21.7,29.3,14.6,AWS,LC09_L2SP_114034_20250623_20250624_02_T1
LC09_L2SP_114034_20250623_20250624_02_T1,2025-06-23,114,034,529,35.84523752000001,36.39918462800002,37.256032174117664,35.49646780405508,원덕,24.3,29.7,18.9,AWS,LC09_L2SP_114034_20250623_20250624_02_T1
LC09_L2SP_114034_20250623_20250624_02_T1,2025-06-23,114,034,837,35.73244286000003,35.67993556228573,35.75380059092786,36.871854619175515,이산,22.8,30.4,16.2,AWS,LC09_L2SP_114034_20250623_20250624_02_T1
LC09_L2SP_114034_20250623_20250624_02_T1,2025-06-23,114,034,333,39.30199508000002,37.87977323428573,33.72183272639177,34.241780700658474,동해심곡,23.7,30.9,19.1,AWS,LC09_L2SP_114034_20250623_20250624_02_T1
LC09_L2SP_114034_20250623_20250624_02_T1,2025-06-23,114,034,346,40.82871068000003,41.19896362742858,38.723888121230786,38.49189563811611,강릉구정,25.1,30.8,18.7,AWS,LC09_L2SP_114034_20250623_20250624_02_T1
LC09_L2SP_114034_20250709_20250711_02_T1,2025-07-09,114,034,579,35.84637686000002,35.81655870457144,34.26581132226417,33.8949119847379,하장,23.6,30.6,17.4,AWS,LC09_L2SP_114034_20250709_20250711_02_T1
LC09_L2SP_114034_20250709_20250711_02_T1,2025-07-09,114,034,835,42.55025342000001,42.26606947142859,40.640120782996455,39.032930602981814,봉화읍,27.9,35.5,21.3,AWS,LC09_L2SP_114034_20250709_20250711_02_T1
LC09_L2SP_114034_20250709_20250711_02_T1,2025-07-09,114,034,802,36.52200548000004,36.192964088000025,35.76539807485195,36.084474768092186,온정,24.3,30.2,18.2,AWS,LC09_L2SP_114034_20250709_20250711_02_T1
LC09_L2SP_114034_20250709_20250711_02_T1,2025-07-09,114,034,851,39.27920828000001,38.05106486514287,35.65555502865981,35.492273797343486,소곡,24.5,30.5,18.6,AWS,LC09_L2SP_114034_20250709_20250711_02_T1
LC09_L2SP_114034_20250709_20250711_02_T1,2025-07-09,114,034,843,40.74212084000002,39.57100953028574,36.44544958449577,34.901919577560996,금강송,25.0,31.7,19.0,AWS,LC09_L2SP_114034_20250709_20250711_02_T1
LC09_L2SP_114034_20250709_20250711_02_T1,2025-07-09,114,034,581,41.03948858000001,41.03743776800002,38.15543926000001,35.00791949922056,상동,25.5,34.5,19.3,AWS,LC09_L2SP_114034_20250709_20250711_02_T1
LC09_L2SP_114034_20250709_20250711_02_T1,2025-07-09,114,034,876,44.116845920000024,44.03396707314288,42.63766937938147,41.14384827509878,삼척,26.2,31.1,22.8,AWS,LC09_L2SP_114034_20250709_20250711_02_T1
LC09_L2SP_114034_20250709_20250711_02_T1,2025-07-09,114,034,310,,,34.78499509236751,35.62077652523264,궁촌,24.8,28.8,20.2,AWS,LC09_L2SP_114034_20250709_20250711_02_T1
LC09_L2SP_114034_20250709_20250711_02_T1,2025-07-09,114,034,580,33.44920550000004,33.62107829000002,34.887340909908,34.506134503301475,옥계,25.3,30.7,21.1,AWS,LC09_L2SP_114034_20250709_20250711_02_T1
LC09_L2SP_114034_20250709_20250711_02_T1,2025-07-09,114,034,878,33.147280400000035,32.58906890514288,30.708227528041256,30.715878830801547,도계,23.1,29.8,18.3,AWS,LC09_L2SP_114034_20250709_20250711_02_T1
LC09_L2SP_114034_20250709_20250711_02_T1,2025-07-09,114,034,817,34.433595260000004,34.388119317714306,34.145510596082495,33.00120774854282,수비,24.5,32.3,17.2,AWS,LC09_L2SP_114034_20250709_20250711_02_T1
LC09_L2SP_114034_20250709_20250711_02_T1,2025-07-09,114,034,814,40.95973478000002,40.814896182500014,38.71140904814817,35.853103858147975,부석,26.8,35.7,20.1,AWS,LC09_L2SP_114034_20250709_20250711_02_T1
LC09_L2SP_114034_20250709_20250711_02_T1,2025-07-09,114,034,527,44.9736296,44.39266385771431,40.03015079773198,37.238252485607816,신동,25.9,33.2,19.7,AWS,LC09_L2SP_114034_20250709_20250711_02_T1
LC09_L2SP_114034_20250709_20250711_02_T1,2025-07-09,114,034,529,40.29094220000004,40.79456303257145,41.21162288618559,39.22769921765247,원덕,25.3,31.4,20.0,AWS,LC09_L2SP_114034_20250709_20250711_02_T1
LC09_L2SP_114034_20250709_20250711_02_T1,2025-07-09,114,034,837,41.819936480000024,41.43890863142859,40.42944672081969,41.757969943510496,이산,27.3,34.6,21.4,AWS,LC09_L2SP_114034_20250709_20250711_02_T1
LC09_L2SP_114034_20250709_20250711_02_T1,2025-07-09,114,034,333,41.70030578000003,40.231078021142885,36.16558390762888,37.04539781662551,동해심곡,26.1,32.1,21.2,AWS,LC09_L2SP_114034_20250709_20250711_02_T1
LC09_L2SP_114034_20250709_20250711_02_T1,2025-07-09,114,034,346,,41.13989291750001,,,강릉구정,26.1,31.5,22.2,AWS,LC09_L2SP_114034_20250709_20250711_02_T1
LC09_L2SP_114034_20250709_20250711_02_T1,2025-07-09,114,034,332,39.16413494000002,38.40263263657145,34.86959444577322,34.35846601268253,등봉,25.1,31.7,19.6,AWS,LC09_L2SP_114034_20250709_20250711_02_T1
LC09_L2SP_114034_20250725_20250727_02_T1,2025-07-25,114,034,831,33.05841188000003,32.98028570857145,32.69253887546394,32.23793051452621,석포,23.9,32.1,16.8,AWS,LC09_L2SP_114034_20250725_20250727_02_T1
LC09_L2SP_114034_20250725_20250727_02_T1,2025-07-25,114,034,563,,,,33.93193208637823,북평,26.1,35.7,20.3,AWS,LC09_L2SP_114034_20250725_20250727_02_T1
LC09_L2SP_114034_20250725_20250727_02_T1,2025-07-25,114,034,674,38.735743100000015,38.38681208685716,36.92925028324151,35.59059431523214,사북,26.0,33.0,19.1,AWS,LC09_L2SP_114034_20250725_20250727_02_T1
LC09_L2SP_114034_20250725_20250727_02_T1,2025-07-25,114,034,579,38.334695420000024,38.257024984571444,37.2588256630928,36.09890682375002,하장,25.0,34.4,18.0,AWS,LC09_L2SP_114034_20250725_20250727_02_T1
LC09_L2SP_114034_20250725_20250727_02_T1,2025-07-25,114,034,678,,,34.41190492161292,34.34359547769752,강릉성산,27.9,32.9,22.3,AWS,LC09_L2SP_114034_20250725_20250727_02_T1
LC09_L2SP_114034_20250725_20250727_02_T1,2025-07-25,114,034,835,41.44965098,41.18617046685716,39.6687019010106,38.091110488329996,봉화읍,28.4,35.5,21.3,AWS,LC09_L2SP_114034_20250725_20250727_02_T1
LC09_L2SP_114034_20250725_20250727_02_T1,2025-07-25,114,034,696,50.154208580000024,49.6126640017143,44.418814087835074,42.40375119202406,신기,30.2,38.1,22.5,AWS,LC09_L2SP_114034_20250725_20250727_02_T1
LC09_L2SP_114034_20250725_20250727_02_T1,2025-07-25,114,034,802,36.28160474000001,36.188520662000016,35.95366946806381,35.763097406497714,온정,26.2,33.1,19.5,AWS,LC09_L2SP_114034_20250725_20250727_02_T1
LC09_L2SP_114034_20250725_20250727_02_T1,2025-07-25,114,034,851,41.73106796000002,40.674737017142874,38.30389017216497,38.27957980672777,소곡,27.1,33.0,20.3,AWS,LC09_L2SP_114034_20250725_20250727_02_T1
LC09_L2SP_114034_20250725_20250727_02_T1,2025-07-25,114,034,843,42.71203970000003,41.79672649657146,38.10693540119078,36.62163492735612,금강송,28.8,36.2,22.2,AWS,LC09_L2SP_114034_20250725_20250727_02_T1
LC09_L2SP_114034_20250725_20250727_02_T1,2025-07-25,114,034,677,43.26689828000002,43.3768283137143,39.11828994370542,36.78394195415101,달방댐,29.3,37.4,21.3,AWS,LC09_L2SP_114034_20250725_20250727_02_T1
LC09_L2SP_114034_20250725_20250727_02_T1,2025-07-25,114,034,530,35.444189840000014,34.30402122909093,34.25988952742462,33.36447782452348,태하,27.9,31.0,25.2,AWS,LC09_L2SP_114034_20250725_20250727_02_T1
LC09_L2SP_114034_20250725_20250727_02_T1,2025-07-25,114,034,497,37.066610000000026,36.75915096285716,34.08101204268659,33.30755272184501,삽당령,24.4,33.3,18.6,AWS,LC09_L2SP_114034_20250725_20250727_02_T1
LC09_L2SP_114034_20250725_20250727_02_T1,2025-07-25,114,034,581,41.49978194000001,40.84993495657145,38.22265248948456,35.387042463527074,상동,26.7,34.2,20.0,AWS,LC09_L2SP_114034_20250725_20250727_02_T1
LC09_L2SP_114034_20250725_20250727_02_T1,2025-07-25,114,034,876,49.960520780000024,49.852023059428596,49.13465197505157,47.57174654824507,삼척,30.6,35.7,25.6,AWS,LC09_L2SP_114034_20250725_20250727_02_T1
LC09_L2SP_114034_20250725_20250727_02_T1,2025-07-25,114,034,310,40.41513026000001,40.84964605250003,40.274460048221364,39.909188589180346,궁촌,27.8,32.6,22.5,AWS,LC09_L2SP_114034_20250725_20250727_02_T1
LC09_L2SP_114034_20250725_20250727_02_T1,2025-07-25,114,034,580,36.18590018000003,36.61178547200002,38.621108268865996,38.9253634594618,옥계,28.9,33.1,24.4,AWS,LC09_L2SP_114034_20250725_20250727_02_T1
LC09_L2SP_114034_20250725_20250727_02_T1,2025-07-25,114,034,878,35.81447534000002,34.498374877142865,32.68397620680414,32.43658959449758,도계,26.9,34.5,21.5,AWS,LC09_L2SP_114034_20250725_20250727_02_T1
LC09_L2SP_114034_20250725_20250727_02_T1,2025-07-25,114,034,817,35.820172040000024,36.05386695028572,35.5570314830928,34.41322380861153,수비,25.5,33.4,18.3,AWS,LC09_L2SP_114034_20250725_20250727_02_T1
LC09_L2SP_114034_20250725_20250727_02_T1,2025-07-25,114,034,814,40.61793278000001,40.87386109657144,39.89253340371136,37.77181404238152,부석,27.6,34.4,20.7,AWS,LC09_L2SP_114034_20250725_20250727_02_T1
LC09_L2SP_114034_20250725_20250727_02_T1,2025-07-25,114,034,527,43.50843835999999,43.19928658914287,39.96054534577321,37.53223995941027,신동,26.6,34.1,20.1,AWS,LC09_L2SP_114034_20250725_20250727_02_T1
LC09_L2SP_114034_20250725_20250727_02_T1,2025-07-25,114,034,529,42.19933670000004,42.95348212228574,44.33212885669348,42.460081724800936,원덕,29.0,35.5,22.1,AWS,LC09_L2SP_114034_20250725_20250727_02_T1
LC09_L2SP_114034_20250725_20250727_02_T1,2025-07-25,114,034,837,40.22941784000003,40.002070681142875,38.93409005670106,40.154492453976545,이산,27.5,33.7,21.7,AWS,LC09_L2SP_114034_20250725_20250727_02_T1
LC09_L2SP_114034_20250725_20250727_02_T1,2025-07-25,114,034,333,44.496246140000004,43.23815435942859,40.43191105463919,41.14029130324078,동해심곡,29.7,36.6,23.2,AWS,LC09_L2SP_114034_20250725_20250727_02_T1
LC09_L2SP_114034_20250725_20250727_02_T1,2025-07-25,114,034,346,44.98958035999999,45.232617858285735,42.109983230153865,42.18183167059148,강릉구정,30.1,36.6,23.8,AWS,LC09_L2SP_114034_20250725_20250727_02_T1
LC09_L2SP_114034_20250725_20250727_02_T1,2025-07-25,114,034,332,44.695630640000026,44.017462919428596,40.98972956948456,40.823571092144306,등봉,29.9,36.7,22.5,AWS,LC09_L2SP_114034_20250725_20250727_02_T1
LC09_L2SP_114035_20220701_20230409_02_T1,2022-07-01,114,035,837,36.81367652,36.68747020057145,36.798016025129996,38.10362161949202,이산,26.6,32.9,22.0,AWS,LC09_L2SP_114035_20220701_20230409_02_T1
LC09_L2SP_114035_20220701_20230409_02_T1,2022-07-01,114,035,816,,,36.8260135451534,35.348983514614915,구룡포,24.7,29.4,20.8,AWS,LC09_L2SP_114035_20220701_20230409_02_T1
LC09_L2SP_114035_20220701_20230409_02_T1,2022-07-01,114,035,829,41.70030578000003,42.49693230800002,42.19765313917528,40.42113255556853,외동,27.7,34.3,21.1,AWS,LC09_L2SP_114035_20220701_20230409_02_T1
LC09_L2SP_114035_20220701_20230409_02_T1,2022-07-01,114,035,840,42.31327070000003,42.351812944571456,45.80658893670104,44.58337850709473,하양,29.0,36.6,22.1,AWS,LC09_L2SP_114035_20220701_20230409_02_T1
LC09_L2SP_114035_20220701_20230409_02_T1,2022-07-01,114,035,801,41.64447812000003,41.425334209142875,36.982479369225366,35.614923885204284,영양,27.8,35.3,21.9,AWS,LC09_L2SP_114035_20220701_20230409_02_T1
LC09_L2SP_114035_20220701_20230409_02_T1,2022-07-01,114,035,817,,32.76814310461539,31.683856994619585,29.380506530609996,수비,25.9,32.8,20.0,AWS,LC09_L2SP_114035_20220701_20230409_02_T1
LC09_L2SP_114035_20220701_20230409_02_T1,2022-07-01,114,035,825,42.89091608000001,42.16255229428573,40.04750464774438,39.78997976731304,칠곡,28.5,34.5,23.0,AWS,LC09_L2SP_114035_20220701_20230409_02_T1
LC09_L2SP_114035_20220701_20230409_02_T1,2022-07-01,114,035,806,39.60278084000004,40.174729520000014,38.58507637270032,38.28613817869307,선산,26.7,34.9,22.7,AWS,LC09_L2SP_114035_20220701_20230409_02_T1
LC09_L2SP_114035_20220701_20230409_02_T1,2022-07-01,114,035,848,42.76444934000002,41.69008427257144,37.215939038433746,36.27374116217881,청도금천,27.4,34.7,21.2,AWS,LC09_L2SP_114035_20220701_20230409_02_T1
LC09_L2SP_114035_20220701_20230409_02_T1,2022-07-01,114,035,811,43.94138756000001,43.82097559828573,45.72084607423489,44.73150535946676,황성,28.2,35.8,21.0,AWS,LC09_L2SP_114035_20220701_20230409_02_T1
LC09_L2SP_114035_20220701_20230409_02_T1,2022-07-01,114,035,972,40.42766300000005,40.924870976,,36.87748617445575,안동옥동,27.3,34.6,21.5,AWS,LC09_L2SP_114035_20220701_20230409_02_T1
LC09_L2SP_114035_20220701_20230409_02_T1,2022-07-01,114,035,830,41.59662584000002,42.384723594285745,40.814635328453626,40.71600082629833,기계,28.8,36.0,22.9,AWS,LC09_L2SP_114035_20220701_20230409_02_T1
LC09_L2SP_114035_20220701_20230409_02_T1,2022-07-01,114,035,805,38.16151574000003,38.57216642857145,37.13937114969074,34.933441951354155,죽장,26.1,33.5,19.3,AWS,LC09_L2SP_114035_20220701_20230409_02_T1
LC09_L2SP_114035_20220701_20230409_02_T1,2022-07-01,114,035,842,36.45022706000003,36.26939752571431,36.920511555384635,35.51755928907478,산내,26.3,32.8,20.9,AWS,LC09_L2SP_114035_20220701_20230409_02_T1
LC09_L2SP_114035_20220701_20230409_02_T1,2022-07-01,114,035,927,38.04302438000002,38.49491917657145,40.205256784536104,38.215462989776064,송백,26.1,33.0,20.1,AWS,LC09_L2SP_114035_20220701_20230409_02_T1
LC09_L2SP_114035_20220701_20230409_02_T1,2022-07-01,114,035,854,,,,36.003462859257965,삼동,27.1,32.7,21.5,AWS,LC09_L2SP_114035_20220701_20230409_02_T1
LC09_L2SP_114035_20220701_20230409_02_T1,2022-07-01,114,035,900,37.67729624000003,38.34511224285718,37.98369246555047,37.41318139110857,두서,26.8,33.4,21.0,AWS,LC09_L2SP_114035_20220701_20230409_02_T1
LC09_L2SP_114035_20220701_20230409_02_T1,2022-07-01,114,035,925,40.11890186000003,40.29475085085716,39.30242724344829,37.18970794017283,생림,27.0,33.9,21.5,AWS,LC09_L2SP_114035_20220701_20230409_02_T1
LC09_L2SP_114035_20220701_20230409_02_T1,2022-07-01,114,035,954,,,,43.536159667209716,온산,26.9,31.4,21.2,AWS,LC09_L2SP_114035_20220701_20230409_02_T1
LC09_L2SP_114035_20220701_20230409_02_T1,2022-07-01,114,035,832,39.998131820000026,39.446788917714315,38.116050146797704,38.319121474822005,단북,28.2,35.3,22.8,AWS,LC09_L2SP_114035_20220701_20230409_02_T1
LC09_L2SP_114035_20220701_20230409_02_T1,2022-07-01,114,035,836,39.642657740000026,39.843941140000034,39.33453031573966,39.266860652034524,현서,26.1,34.2,18.6,AWS,LC09_L2SP_114035_20220701_20230409_02_T1
LC09_L2SP_114035_20220701_20230409_02_T1,2022-07-01,114,035,815,41.90880500000003,40.891439485142875,39.336875608256896,38.49780953240962,예천,27.5,34.3,21.7,AWS,LC09_L2SP_114035_20220701_20230409_02_T1
LC09_L2SP_114035_20220701_20230409_02_T1,2022-07-01,114,035,826,41.579535740000004,41.69262337314288,41.94661855917528,40.5307574503636,신녕,28.2,35.8,21.3,AWS,LC09_L2SP_114035_20220701_20230409_02_T1
LC09_L2SP_114035_20220701_20230409_02_T1,2022-07-01,114,035,312,,,,35.86490109907119,주왕산,27.6,36.0,19.8,AWS,LC09_L2SP_114035_20220701_20230409_02_T1
LC09_L2SP_114035_20220701_20230409_02_T1,2022-07-01,114,035,905,,,,36.093573577964854,양산상북,26.4,33.4,21.3,AWS,LC09_L2SP_114035_20220701_20230409_02_T1
LC09_L2SP_114035_20220701_20230409_02_T1,2022-07-01,114,035,802,36.007023800000034,35.85503584400001,34.93483478669705,34.37864494430417,온정,26.5,33.2,21.5,AWS,LC09_L2SP_114035_20220701_20230409_02_T1
LC09_L2SP_114035_20220701_20230409_02_T1,2022-07-01,114,035,843,41.013283760000014,40.386939733142874,37.46120372729042,36.12736255812685,금강송,27.6,35.4,21.5,AWS,LC09_L2SP_114035_20220701_20230409_02_T1
LC09_L2SP_114035_20220701_20230409_02_T1,2022-07-01,114,035,859,32.430635540000026,32.01240010228574,31.951110434020638,32.05359228273692,토함산,26.0,31.3,21.0,AWS,LC09_L2SP_114035_20220701_20230409_02_T1
LC09_L2SP_114035_20220701_20230409_02_T1,2022-07-01,114,035,819,38.76194792000001,38.06073297885715,34.696969140654225,33.778104929508004,예안,26.8,34.4,22.0,AWS,LC09_L2SP_114035_20220701_20230409_02_T1
LC09_L2SP_114035_20220701_20230409_02_T1,2022-07-01,114,035,814,36.47643188000003,36.7172558034286,36.90451317423011,34.92640967501328,부석,24.7,32.1,19.1,AWS,LC09_L2SP_114035_20220701_20230409_02_T1
LC09_L2SP_114035_20220701_20230409_02_T1,2022-07-01,114,035,844,42.01020626,41.828953542285724,39.00668782071103,37.285262644290235,영덕읍,26.8,32.6,20.9,AWS,LC09_L2SP_114035_20220701_20230409_02_T1
LC09_L2SP_114035_20220701_20230409_02_T1,2022-07-01,114,035,841,41.08961954000002,40.94202618114287,40.00369931649486,38.74777272938145,화북,27.1,34.8,19.8,AWS,LC09_L2SP_114035_20220701_20230409_02_T1
LC09_L2SP_114035_20220701_20230409_02_T1,2022-07-01,114,035,943,35.74041824000002,35.237741432000014,34.092613697188675,33.46661523384617,매곡,25.2,30.2,21.0,AWS,LC09_L2SP_114035_20220701_20230409_02_T1
LC09_L2SP_114035_20230602_20230604_02_T1,2023-06-02,114,035,919,33.75568796000001,34.27962159714287,33.67299380144331,33.22859170028631,창녕,23.0,30.6,17.6,AWS,LC09_L2SP_114035_20230602_20230604_02_T1
LC09_L2SP_114035_20230602_20230604_02_T1,2023-06-02,114,035,837,34.98845384000001,34.65189280400002,34.099412351546405,35.01935725510452,이산,22.0,28.2,16.5,AWS,LC09_L2SP_114035_20230602_20230604_02_T1
LC09_L2SP_114035_20230602_20230604_02_T1,2023-06-02,114,035,816,31.577269880000017,31.929000414285735,32.92905691310002,31.56445620684934,구룡포,21.6,27.7,17.7,AWS,LC09_L2SP_114035_20230602_20230604_02_T1
LC09_L2SP_114035_20230602_20230604_02_T1,2023-06-02,114,035,820,,,30.185022471853568,29.738003295700132,하회,21.9,28.3,16.7,AWS,LC09_L2SP_114035_20230602_20230604_02_T1
LC09_L2SP_114035_20230602_20230604_02_T1,2023-06-02,114,035,808,36.32603900000004,,,,호미곶,21.8,26.9,18.4,AWS,LC09_L2SP_114035_20230602_20230604_02_T1
LC09_L2SP_114035_20230602_20230604_02_T1,2023-06-02,114,035,840,35.74839362000002,35.93824021657145,39.266464116082496,37.89864293849855,하양,23.2,31.2,17.6,AWS,LC09_L2SP_114035_20230602_20230604_02_T1
LC09_L2SP_114035_20230602_20230604_02_T1,2023-06-02,114,035,827,40.67717846000003,39.776374825454575,36.94432774509092,38.2668430634301,경산,23.7,30.8,18.6,AWS,LC09_L2SP_114035_20230602_20230604_02_T1
LC09_L2SP_114035_20230602_20230604_02_T1,2023-06-02,114,035,812,36.762406220000024,36.083847868571446,31.692123965567028,30.060724186057847,고령,22.5,30.0,16.4,AWS,LC09_L2SP_114035_20230602_20230604_02_T1
LC09_L2SP_114035_20230602_20230604_02_T1,2023-06-02,114,035,850,,,,30.959919615918,감포,21.1,28.2,17.3,AWS,LC09_L2SP_114035_20230602_20230604_02_T1
LC09_L2SP_114035_20230602_20230604_02_T1,2023-06-02,114,035,817,30.233988020000027,30.633961465142875,30.062221748041257,28.961585633237924,수비,18.5,27.8,13.0,AWS,LC09_L2SP_114035_20230602_20230604_02_T1
LC09_L2SP_114035_20230602_20230604_02_T1,2023-06-02,114,035,825,37.03470848000003,36.40973166114287,34.21439955587631,34.278516285126095,칠곡,23.7,29.9,18.2,AWS,LC09_L2SP_114035_20230602_20230604_02_T1
LC09_L2SP_114035_20230602_20230604_02_T1,2023-06-02,114,035,801,34.43017724000001,34.538609855428575,31.465298076666684,30.68296452480622,영양,20.5,29.3,13.9,AWS,LC09_L2SP_114035_20230602_20230604_02_T1
LC09_L2SP_114035_20230602_20230604_02_T1,2023-06-02,114,035,810,38.11366346000002,36.81776242896553,35.07418483741119,35.409201438226624,성주,23.5,29.5,17.4,AWS,LC09_L2SP_114035_20230602_20230604_02_T1
LC09_L2SP_114035_20230602_20230604_02_T1,2023-06-02,114,035,972,35.382665480000014,35.794422956000034,,31.3318733428796,안동옥동,22.7,28.6,17.6,AWS,LC09_L2SP_114035_20230602_20230604_02_T1
LC09_L2SP_114035_20230602_20230604_02_T1,2023-06-02,114,035,830,36.04348268000003,36.363637220000015,35.22921869896909,34.92831149648442,기계,22.7,31.4,16.5,AWS,LC09_L2SP_114035_20230602_20230604_02_T1
LC09_L2SP_114035_20230602_20230604_02_T1,2023-06-02,114,035,805,31.39497548000001,31.938668528000015,30.934231865360843,28.776832502943048,죽장,20.4,29.0,13.8,AWS,LC09_L2SP_114035_20230602_20230604_02_T1
LC09_L2SP_114035_20230602_20230604_02_T1,2023-06-02,114,035,842,,,,28.14273469236198,산내,21.7,29.5,15.9,AWS,LC09_L2SP_114035_20230602_20230604_02_T1
LC09_L2SP_114035_20230602_20230604_02_T1,2023-06-02,114,035,927,32.97182204000004,33.199624934857155,34.42276219114756,31.889672751609456,송백,22.1,30.8,15.7,AWS,LC09_L2SP_114035_20230602_20230604_02_T1
LC09_L2SP_114035_20230602_20230604_02_T1,2023-06-02,114,035,824,34.81185614000003,34.97719065028573,33.722137153467756,32.64831122337425,가산,22.9,29.0,18.3,AWS,LC09_L2SP_114035_20230602_20230604_02_T1
LC09_L2SP_114035_20230602_20230604_02_T1,2023-06-02,114,035,854,,,,30.84468231187281,삼동,22.3,30.1,17.2,AWS,LC09_L2SP_114035_20230602_20230604_02_T1
LC09_L2SP_114035_20230602_20230604_02_T1,2023-06-02,114,035,915,32.36569316000001,33.205875028571455,31.9657703979747,30.30509908409355,삼가,22.1,31.7,15.8,AWS,LC09_L2SP_114035_20230602_20230604_02_T1
LC09_L2SP_114035_20230602_20230604_02_T1,2023-06-02,114,035,920,33.06296924000001,33.45080057600002,32.865913567007055,31.640896668508308,함안,22.4,30.8,17.1,AWS,LC09_L2SP_114035_20230602_20230604_02_T1
LC09_L2SP_114035_20230602_20230604_02_T1,2023-06-02,114,035,925,34.465496780000024,35.14750570400002,35.02967667486537,32.73981226615149,생림,23.0,31.1,17.1,AWS,LC09_L2SP_114035_20230602_20230604_02_T1
LC09_L2SP_114035_20230602_20230604_02_T1,2023-06-02,114,035,835,35.98423700000003,35.477588778285735,34.11904212974547,32.67144922855897,봉화읍,22.2,28.9,16.1,AWS,LC09_L2SP_114035_20230602_20230604_02_T1
LC09_L2SP_114035_20230602_20230604_02_T1,2023-06-02,114,035,803,31.170525500000014,30.904473333714297,31.074758295876308,30.01212791439355,옥산,21.4,28.9,15.8,AWS,LC09_L2SP_114035_20230602_20230604_02_T1
LC09_L2SP_114035_20230602_20230604_02_T1,2023-06-02,114,035,849,32.82940454000002,32.93507018685717,32.97078449670105,31.856481243887796,지보,22.6,29.3,17.1,AWS,LC09_L2SP_114035_20230602_20230604_02_T1
LC09_L2SP_114035_20230602_20230604_02_T1,2023-06-02,114,035,815,36.74531612000002,36.33082422800002,34.82490177876291,33.72358309322836,예천,22.7,29.0,17.6,AWS,LC09_L2SP_114035_20230602_20230604_02_T1
LC09_L2SP_114035_20230602_20230604_02_T1,2023-06-02,114,035,826,35.92727000000002,36.016268730285724,35.29108841433489,34.40028424721652,신녕,22.8,30.1,16.8,AWS,LC09_L2SP_114035_20230602_20230604_02_T1
LC09_L2SP_114035_20230602_20230604_02_T1,2023-06-02,114,035,836,32.18112007999999,32.443754226285726,31.200680815051566,29.61205450777557,현서,20.4,27.9,13.9,AWS,LC09_L2SP_114035_20230602_20230604_02_T1
LC09_L2SP_114035_20230602_20230604_02_T1,2023-06-02,114,035,832,36.122097140000015,36.2584598617143,35.40652883203216,35.083231849939864,단북,23.5,30.3,18.3,AWS,LC09_L2SP_114035_20230602_20230604_02_T1
LC09_L2SP_114035_20230602_20230604_02_T1,2023-06-02,114,035,853,27.327531680000032,26.794157797142873,24.512668368695667,24.4757356051163,팔공산,19.5,25.9,15.6,AWS,LC09_L2SP_114035_20230602_20230604_02_T1
LC09_L2SP_114035_20230602_20230604_02_T1,2023-06-02,114,035,905,36.265653980000025,36.409243372571446,34.333811001443316,32.549817745153184,양산상북,23.0,31.8,17.1,AWS,LC09_L2SP_114035_20230602_20230604_02_T1
LC09_L2SP_114035_20230602_20230604_02_T1,2023-06-02,114,035,673,32.910297680000006,33.22452765200002,35.0285617402062,34.057319415670115,진영,23.3,32.0,17.6,AWS,LC09_L2SP_114035_20230602_20230604_02_T1
LC09_L2SP_114035_20230602_20230604_02_T1,2023-06-02,114,035,802,30.239684720000014,29.629454216000017,27.831558566970408,28.19867525178979,온정,20.1,26.9,15.8,AWS,LC09_L2SP_114035_20230602_20230604_02_T1
LC09_L2SP_114035_20230602_20230604_02_T1,2023-06-02,114,035,843,31.83248204000002,31.295104190857156,28.804289366780086,27.366389835463725,금강송,20.4,26.8,15.7,AWS,LC09_L2SP_114035_20230602_20230604_02_T1
LC09_L2SP_114035_20230602_20230604_02_T1,2023-06-02,114,035,859,25.236842780000018,25.040322906285727,25.25783214361196,25.708508096963634,토함산,19.4,26.8,15.8,AWS,LC09_L2SP_114035_20230602_20230604_02_T1
LC09_L2SP_114035_20230602_20230604_02_T1,2023-06-02,114,035,841,33.43211540000001,33.483320594857155,32.8209123459794,31.797561741958223,화북,22.1,29.7,15.5,AWS,LC09_L2SP_114035_20230602_20230604_02_T1
LC09_L2SP_114035_20230602_20230604_02_T1,2023-06-02,114,035,844,35.417985020000025,35.281882718857155,32.66171013608249,30.288728528491287,영덕읍,21.5,28.1,16.4,AWS,LC09_L2SP_114035_20230602_20230604_02_T1
LC09_L2SP_114035_20230602_20230604_02_T1,2023-06-02,114,035,935,33.49477910000002,33.24825847657145,31.074291482000017,30.583504859187393,청덕,22.4,31.3,16.5,AWS,LC09_L2SP_114035_20230602_20230604_02_T1
LC09_L2SP_114035_20230602_20230604_02_T1,2023-06-02,114,035,936,32.566216999999995,32.59444007942858,33.682979011423505,32.54399606797555,신포,22.6,31.7,16.7,AWS,LC09_L2SP_114035_20230602_20230604_02_T1
LC09_L2SP_114035_20230602_20230604_02_T1,2023-06-02,114,035,839,37.295617340000014,37.34294877885716,35.42627862944829,33.01039941413554,길안,22.1,29.4,16.6,AWS,LC09_L2SP_114035_20230602_20230604_02_T1
LC09_L2SP_114035_20230602_20230604_02_T1,2023-06-02,114,035,814,34.63981579999999,34.79134802000002,33.77209680515466,31.882239199931313,부석,20.4,27.3,15.2,AWS,LC09_L2SP_114035_20230602_20230604_02_T1
LC09_L2SP_114035_20230602_20230604_02_T1,2023-06-02,114,035,819,36.57213644000001,35.737455956000005,30.813828422167852,29.780343333455168,예안,21.7,29.6,15.0,AWS,LC09_L2SP_114035_20230602_20230604_02_T1
LC09_L2SP_114035_20230602_20230604_02_T1,2023-06-02,114,035,943,,,,26.70388645596383,매곡,19.5,25.7,15.8,AWS,LC09_L2SP_114035_20230602_20230604_02_T1
LC09_L2SP_114035_20230602_20230604_02_T1,2023-06-02,114,035,900,33.60415574000001,34.18401469485716,33.12821309484538,32.12254171369511,두서,22.1,29.7,17.1,AWS,LC09_L2SP_114035_20230602_20230604_02_T1
LC09_L2SP_114035_20230602_20230604_02_T1,2023-06-02,114,035,806,36.345407779999995,36.04566370228573,34.48704201053318,34.028899330673596,선산,23.1,28.9,18.4,AWS,LC09_L2SP_114035_20230602_20230604_02_T1
LC09_L2SP_114035_20230602_20230604_02_T1,2023-06-02,114,035,811,34.80274142000004,34.82638272500002,36.64968868455386,35.467608259929094,황성,22.1,30.5,17.5,AWS,LC09_L2SP_114035_20230602_20230604_02_T1
LC09_L2SP_114035_20230602_20230604_02_T1,2023-06-02,114,035,813,35.06137160000001,35.094282249714304,34.49602392132869,34.16040856796047,청도,22.6,29.8,17.2,AWS,LC09_L2SP_114035_20230602_20230604_02_T1
LC09_L2SP_114035_20230602_20230604_02_T1,2023-06-02,114,035,944,35.90220452000003,36.67370046285717,34.101230054911674,31.966352155286906,길곡,22.5,31.2,17.2,AWS,LC09_L2SP_114035_20230602_20230604_02_T1
LC09_L2SP_114035_20230602_20230604_02_T1,2023-06-02,114,035,922,34.403972420000024,34.205499392000014,30.788521074285736,28.50772850306368,단장,22.3,30.5,16.1,AWS,LC09_L2SP_114035_20230602_20230604_02_T1
LC09_L2SP_114035_20230602_20230604_02_T1,2023-06-02,114,035,848,35.60939414000003,34.65208811942858,31.276646882857165,30.247593635222664,청도금천,22.7,30.9,17.0,AWS,LC09_L2SP_114035_20230602_20230604_02_T1
LC09_L2SP_114035_20230602_20230604_02_T1,2023-06-02,114,035,829,31.513466839999996,32.2395519457143,32.37344145505157,31.375711551769303,외동,22.0,29.5,17.5,AWS,LC09_L2SP_114035_20230602_20230604_02_T1
LC09_L2SP_114035_20230602_20230604_02_T1,2023-06-02,114,035,312,34.25016152000003,33.48800816514287,29.676106861030945,28.077236331631436,주왕산,20.2,28.2,15.1,AWS,LC09_L2SP_114035_20230602_20230604_02_T1
LC09_L2SP_114035_20230602_20230604_02_T1,2023-06-02,114,035,638,36.92533184000001,37.18748361636366,34.17659185937393,33.0133011943942,영춘,21.5,26.5,17.9,AWS,LC09_L2SP_114035_20230602_20230604_02_T1
LC09_L2SP_114035_20230805_20230808_02_T1,2023-08-05,114,035,919,44.07241166000002,44.69745358400003,42.17131911567012,42.36296959945869,창녕,30.4,36.4,24.3,AWS,LC09_L2SP_114035_20230805_20230808_02_T1
LC09_L2SP_114035_20230805_20230808_02_T1,2023-08-05,114,035,820,42.77128538000003,41.55648851942859,39.9013292004348,39.399741971250776,하회,28.9,36.9,24.4,AWS,LC09_L2SP_114035_20230805_20230808_02_T1
LC09_L2SP_114035_20230805_20230808_02_T1,2023-08-05,114,035,827,54.135062540000014,53.51236144181819,49.24751639688656,49.78366589888351,경산,31.4,37.7,25.6,AWS,LC09_L2SP_114035_20230805_20230808_02_T1
LC09_L2SP_114035_20230805_20230808_02_T1,2023-08-05,114,035,825,44.8539989,44.30203749885717,41.579390875463936,41.95022841396723,칠곡,30.2,36.5,24.6,AWS,LC09_L2SP_114035_20230805_20230808_02_T1
LC09_L2SP_114035_20230805_20230808_02_T1,2023-08-05,114,035,830,44.37205808000001,45.60010383714287,42.87981639087821,41.91536228256047,기계,30.4,37.3,24.4,AWS,LC09_L2SP_114035_20230805_20230808_02_T1
LC09_L2SP_114035_20230805_20230808_02_T1,2023-08-05,114,035,927,43.208791940000005,44.36571032857143,46.15758547497708,43.20796790344138,송백,29.3,37.8,23.0,AWS,LC09_L2SP_114035_20230805_20230808_02_T1
LC09_L2SP_114035_20230805_20230808_02_T1,2023-08-05,114,035,915,39.03652886000003,38.958305030857176,38.80508343692663,37.95437018156807,삼가,29.0,36.9,22.3,AWS,LC09_L2SP_114035_20230805_20230808_02_T1
LC09_L2SP_114035_20230805_20230808_02_T1,2023-08-05,114,035,854,,,,36.40179595131834,삼동,27.8,33.0,22.7,AWS,LC09_L2SP_114035_20230805_20230808_02_T1
LC09_L2SP_114035_20230805_20230808_02_T1,2023-08-05,114,035,925,44.491688780000025,44.95819968114289,44.2732886823192,41.86787454653021,생림,29.3,35.9,23.9,AWS,LC09_L2SP_114035_20230805_20230808_02_T1
LC09_L2SP_114035_20230805_20230808_02_T1,2023-08-05,114,035,836,42.3189674,42.35484033371431,43.492609672142876,,현서,28.0,35.1,22.0,AWS,LC09_L2SP_114035_20230805_20230808_02_T1
LC09_L2SP_114035_20230805_20230808_02_T1,2023-08-05,114,035,673,43.63604444000001,43.38327372285716,44.47589071505156,42.38212950009162,진영,29.9,36.0,24.7,AWS,LC09_L2SP_114035_20230805_20230808_02_T1
LC09_L2SP_114035_20230805_20230808_02_T1,2023-08-05,114,035,843,45.85206074000001,44.34598347028574,40.66769688082626,39.027676666696955,금강송,29.7,36.7,25.3,AWS,LC09_L2SP_114035_20230805_20230808_02_T1
LC09_L2SP_114035_20230805_20230808_02_T1,2023-08-05,114,035,844,44.92121996000001,43.969415324,41.256037569896925,39.13522863290175,영덕읍,28.8,34.0,23.9,AWS,LC09_L2SP_114035_20230805_20230808_02_T1
LC09_L2SP_114035_20230805_20230808_02_T1,2023-08-05,114,035,900,38.66054666,39.534192572000016,39.22788926712591,39.106761261136064,두서,28.3,34.0,23.1,AWS,LC09_L2SP_114035_20230805_20230808_02_T1
LC09_L2SP_114035_20230805_20230808_02_T1,2023-08-05,114,035,811,45.942068600000006,46.64562732628573,48.6182627508756,47.45562990842201,황성,29.9,37.6,24.3,AWS,LC09_L2SP_114035_20230805_20230808_02_T1
LC09_L2SP_114035_20230805_20230808_02_T1,2023-08-05,114,035,813,43.379692940000005,43.47331413542858,43.71415419236844,42.86522749774895,청도,29.6,36.9,23.8,AWS,LC09_L2SP_114035_20230805_20230808_02_T1
LC09_L2SP_114035_20230805_20230808_02_T1,2023-08-05,114,035,944,46.96405658000003,46.52228563314288,43.94842110351418,41.82602485636005,길곡,29.8,36.9,23.9,AWS,LC09_L2SP_114035_20230805_20230808_02_T1
LC09_L2SP_114035_20230805_20230808_02_T1,2023-08-05,114,035,848,49.299703580000006,48.12855971771431,42.344107874531666,40.990199835858114,청도금천,29.5,37.0,23.5,AWS,LC09_L2SP_114035_20230805_20230808_02_T1
LC09_L2SP_114035_20230805_20230808_02_T1,2023-08-05,114,035,829,45.57861914000002,46.12979927942858,44.808828571546414,42.60522629819244,외동,29.0,36.0,22.7,AWS,LC09_L2SP_114035_20230805_20230808_02_T1
LC09_L2SP_114035_20230821_20230823_02_T1,2023-08-21,114,035,827,48.24239606,47.62518450909093,45.451314650000015,,경산,29.6,34.7,25.2,AWS,LC09_L2SP_114035_20230821_20230823_02_T1
LC09_L2SP_114035_20230821_20230823_02_T1,2023-08-21,114,035,842,34.724126960000035,34.701405265142874,35.30186626408604,34.70883847000576,산내,27.5,33.1,23.1,AWS,LC09_L2SP_114035_20230821_20230823_02_T1
LC09_L2SP_114035_20230821_20230823_02_T1,2023-08-21,114,035,927,37.397018600000024,38.067764334285734,40.29719091825354,38.908557340240684,송백,27.3,33.0,23.3,AWS,LC09_L2SP_114035_20230821_20230823_02_T1
LC09_L2SP_114035_20230821_20230823_02_T1,2023-08-21,114,035,905,,,39.788893875810494,37.415507583097266,양산상북,27.7,33.7,23.2,AWS,LC09_L2SP_114035_20230821_20230823_02_T1
LC09_L2SP_114035_20230821_20230823_02_T1,2023-08-21,114,035,811,,,,42.8105218992133,황성,28.7,34.6,24.9,AWS,LC09_L2SP_114035_20230821_20230823_02_T1
LC09_L2SP_114035_20230821_20230823_02_T1,2023-08-21,114,035,848,43.148406920000035,42.14370435542859,37.57727572109151,36.59663874598911,청도금천,28.0,33.9,24.1,AWS,LC09_L2SP_114035_20230821_20230823_02_T1
LC09_L2SP_114035_20240807_20240808_02_T1,2024-08-07,114,035,919,,,,38.88776350225998,창녕,29.7,35.4,24.8,AWS,LC09_L2SP_114035_20240807_20240808_02_T1
LC09_L2SP_114035_20240807_20240808_02_T1,2024-08-07,114,035,837,39.921796040000004,39.93917911314288,39.262761833116905,39.40707888141595,이산,26.9,33.5,21.9,AWS,LC09_L2SP_114035_20240807_20240808_02_T1
LC09_L2SP_114035_20240807_20240808_02_T1,2024-08-07,114,035,812,42.878383340000006,41.81948074400001,37.49208692764797,36.88179834279897,고령,28.4,35.1,23.8,AWS,LC09_L2SP_114035_20240807_20240808_02_T1
LC09_L2SP_114035_20240807_20240808_02_T1,2024-08-07,114,035,825,44.35041062000001,43.64304324285716,40.429732540876735,41.10216196106216,칠곡,30.0,35.5,25.5,AWS,LC09_L2SP_114035_20240807_20240808_02_T1
LC09_L2SP_114035_20240807_20240808_02_T1,2024-08-07,114,035,801,37.20788816000002,37.38748069657144,35.46272292485851,34.76398805869404,영양,27.2,34.6,23.1,AWS,LC09_L2SP_114035_20240807_20240808_02_T1
LC09_L2SP_114035_20240807_20240808_02_T1,2024-08-07,114,035,830,42.25744304000002,42.712560541142885,41.251362752164965,41.322264835886095,기계,29.6,36.6,23.7,AWS,LC09_L2SP_114035_20240807_20240808_02_T1
LC09_L2SP_114035_20240807_20240808_02_T1,2024-08-07,114,035,927,,,42.3140738413115,38.9727049420419,송백,29.6,37.5,24.3,AWS,LC09_L2SP_114035_20240807_20240808_02_T1
LC09_L2SP_114035_20240807_20240808_02_T1,2024-08-07,114,035,835,,,39.770819067974706,39.307042073719025,봉화읍,27.4,34.4,21.9,AWS,LC09_L2SP_114035_20240807_20240808_02_T1
LC09_L2SP_114035_20240807_20240808_02_T1,2024-08-07,114,035,836,,,,37.45618200818382,현서,27.0,33.7,22.9,AWS,LC09_L2SP_114035_20240807_20240808_02_T1
LC09_L2SP_114035_20240807_20240808_02_T1,2024-08-07,114,035,849,38.79157076000001,39.17970592000001,,,지보,28.1,37.0,23.5,AWS,LC09_L2SP_114035_20240807_20240808_02_T1
LC09_L2SP_114035_20240807_20240808_02_T1,2024-08-07,114,035,826,48.926000060000014,48.44770512800002,46.71671408804125,45.06871946453611,신녕,30.0,36.6,24.4,AWS,LC09_L2SP_114035_20240807_20240808_02_T1
LC09_L2SP_114035_20240807_20240808_02_T1,2024-08-07,114,035,673,40.38550742000003,40.458327522285735,42.23183416118933,39.78334254075249,진영,29.3,35.5,24.8,AWS,LC09_L2SP_114035_20240807_20240808_02_T1
LC09_L2SP_114035_20240807_20240808_02_T1,2024-08-07,114,035,935,40.25220464000002,39.361045444571445,37.28112570864232,36.74741961978876,청덕,29.4,35.6,24.3,AWS,LC09_L2SP_114035_20240807_20240808_02_T1
LC09_L2SP_114035_20240807_20240808_02_T1,2024-08-07,114,035,811,42.842494130000034,43.52268011000002,44.94539507299568,44.271678821355415,황성,29.3,35.9,25.1,AWS,LC09_L2SP_114035_20240807_20240808_02_T1
LC09_L2SP_114035_20240807_20240808_02_T1,2024-08-07,114,035,944,44.46434462000002,43.70212616000003,41.97906331611401,,길곡,29.5,37.1,24.8,AWS,LC09_L2SP_114035_20240807_20240808_02_T1
LC09_L2SP_114035_20240807_20240808_02_T1,2024-08-07,114,035,829,46.18816604000002,46.51671914342859,45.42709475051549,43.05611373661809,외동,28.4,36.5,23.1,AWS,LC09_L2SP_114035_20240807_20240808_02_T1
LC09_L2SP_114035_20240807_20240808_02_T1,2024-08-07,114,035,817,,,35.44100398739625,34.906322359911655,수비,25.8,33.9,20.9,AWS,LC09_L2SP_114035_20240807_20240808_02_T1
LC09_L2SP_114035_20240807_20240808_02_T1,2024-08-07,114,035,815,42.52632728000001,42.16938833428574,41.81100238707319,41.889543928638346,예천,27.7,35.2,23.2,AWS,LC09_L2SP_114035_20240807_20240808_02_T1
LC09_L2SP_114035_20240823_20240824_02_T1,2024-08-23,114,035,919,40.241950580000015,40.237425772571456,37.5315938387629,37.60523274036647,창녕,28.8,34.7,23.4,AWS,LC09_L2SP_114035_20240823_20240824_02_T1
LC09_L2SP_114035_20240823_20240824_02_T1,2024-08-23,114,035,840,42.20731208000003,42.77828418285715,46.07015625670105,44.35796073935317,하양,29.4,35.6,23.6,AWS,LC09_L2SP_114035_20240823_20240824_02_T1
LC09_L2SP_114035_20240823_20240824_02_T1,2024-08-23,114,035,827,45.97169144000001,45.30942417090911,42.56241295886616,43.735351849200484,경산,29.5,35.1,24.0,AWS,LC09_L2SP_114035_20240823_20240824_02_T1
LC09_L2SP_114035_20240823_20240824_02_T1,2024-08-23,114,035,812,40.309171640000024,38.36249531600003,34.50030733649486,33.750707478146296,고령,26.9,33.7,22.3,AWS,LC09_L2SP_114035_20240823_20240824_02_T1
LC09_L2SP_114035_20240823_20240824_02_T1,2024-08-23,114,035,825,42.783818120000035,41.86166887657145,38.63455717917527,38.62567794505174,칠곡,28.3,34.8,23.1,AWS,LC09_L2SP_114035_20240823_20240824_02_T1
LC09_L2SP_114035_20240823_20240824_02_T1,2024-08-23,114,035,810,43.71124088000003,42.41435765931037,41.34040194608002,40.74823138261732,성주,28.7,35.5,22.7,AWS,LC09_L2SP_114035_20240823_20240824_02_T1
LC09_L2SP_114035_20240823_20240824_02_T1,2024-08-23,114,035,830,36.98229884,37.282693969142876,36.60457043505156,36.84135077220729,기계,29.7,36.6,24.2,AWS,LC09_L2SP_114035_20240823_20240824_02_T1
LC09_L2SP_114035_20240823_20240824_02_T1,2024-08-23,114,035,805,,,32.09409263882355,30.87993448745861,죽장,26.5,33.5,21.2,AWS,LC09_L2SP_114035_20240823_20240824_02_T1
LC09_L2SP_114035_20240823_20240824_02_T1,2024-08-23,114,035,927,,,36.12694793162979,33.37538431470307,송백,27.6,34.2,23.0,AWS,LC09_L2SP_114035_20240823_20240824_02_T1
LC09_L2SP_114035_20240823_20240824_02_T1,2024-08-23,114,035,842,33.52212326000002,33.506758446285744,35.7574691874227,34.36371302000002,산내,27.5,34.1,22.5,AWS,LC09_L2SP_114035_20240823_20240824_02_T1
LC09_L2SP_114035_20240823_20240824_02_T1,2024-08-23,114,035,915,34.62842240000001,34.60697025542859,35.023417091546406,34.24578238626293,삼가,27.1,33.8,21.9,AWS,LC09_L2SP_114035_20240823_20240824_02_T1
LC09_L2SP_114035_20240823_20240824_02_T1,2024-08-23,114,035,836,37.96440992000004,38.10516723885717,37.22027995072167,35.478560703603904,현서,26.3,32.6,21.9,AWS,LC09_L2SP_114035_20240823_20240824_02_T1
LC09_L2SP_114035_20240823_20240824_02_T1,2024-08-23,114,035,853,32.35999646000005,31.591690669142878,29.173433676165818,29.142116259053676,팔공산,24.9,30.5,20.5,AWS,LC09_L2SP_114035_20240823_20240824_02_T1
LC09_L2SP_114035_20240823_20240824_02_T1,2024-08-23,114,035,673,39.258700160000025,39.125397380000024,40.376146038762904,38.76769028492988,진영,28.9,34.2,24.5,AWS,LC09_L2SP_114035_20240823_20240824_02_T1
LC09_L2SP_114035_20240823_20240824_02_T1,2024-08-23,114,035,802,34.131670160000034,33.857317088000016,33.04985515111619,33.342161094230434,온정,27.3,32.9,23.2,AWS,LC09_L2SP_114035_20240823_20240824_02_T1
LC09_L2SP_114035_20240823_20240824_02_T1,2024-08-23,114,035,843,38.201392640000016,37.35457004685717,33.90417407610233,33.073657838976764,금강송,27.9,33.0,24.8,AWS,LC09_L2SP_114035_20240823_20240824_02_T1
LC09_L2SP_114035_20240823_20240824_02_T1,2024-08-23,114,035,859,30.53933114,30.393723488000017,30.650212542463432,30.99039173552268,토함산,26.9,31.9,22.7,AWS,LC09_L2SP_114035_20240823_20240824_02_T1
LC09_L2SP_114035_20240823_20240824_02_T1,2024-08-23,114,035,935,37.37195312,36.685614704000024,34.775227571063844,34.471790118597326,청덕,27.9,34.5,22.3,AWS,LC09_L2SP_114035_20240823_20240824_02_T1
LC09_L2SP_114035_20240823_20240824_02_T1,2024-08-23,114,035,844,45.182128820000024,44.21971204571432,41.32344264701033,39.19809074559758,영덕읍,29.9,36.9,23.7,AWS,LC09_L2SP_114035_20240823_20240824_02_T1
LC09_L2SP_114035_20240823_20240824_02_T1,2024-08-23,114,035,943,35.39178020000003,34.86400535942858,33.200687489321844,32.675663774387466,매곡,26.3,31.2,23.0,AWS,LC09_L2SP_114035_20240823_20240824_02_T1
LC09_L2SP_114035_20240823_20240824_02_T1,2024-08-23,114,035,811,42.194779340000025,42.45786922228573,44.45700118692752,43.510506606013166,황성,29.5,35.3,24.2,AWS,LC09_L2SP_114035_20240823_20240824_02_T1
LC09_L2SP_114035_20240823_20240824_02_T1,2024-08-23,114,035,813,,,37.65644598583092,38.17429305036651,청도,27.9,33.9,22.7,AWS,LC09_L2SP_114035_20240823_20240824_02_T1
LC09_L2SP_114035_20240823_20240824_02_T1,2024-08-23,114,035,944,43.44577466000006,42.90641110400003,41.19907267279154,38.691073408929356,길곡,28.6,35.0,24.6,AWS,LC09_L2SP_114035_20240823_20240824_02_T1
LC09_L2SP_114035_20240823_20240824_02_T1,2024-08-23,114,035,848,41.52370808000003,40.509207191428594,35.86596662030228,34.80836043772729,청도금천,28.9,35.3,23.5,AWS,LC09_L2SP_114035_20240823_20240824_02_T1
LC09_L2SP_114035_20240823_20240824_02_T1,2024-08-23,114,035,829,40.35588458000001,41.382364814857155,40.823937980824766,39.20810859218661,외동,28.5,34.9,23.6,AWS,LC09_L2SP_114035_20240823_20240824_02_T1
LC09_L2SP_114035_20240823_20240824_02_T1,2024-08-23,114,035,808,46.70656574000003,46.01881868545457,44.985327599061236,43.817634066993975,호미곶,30.6,35.4,26.5,AWS,LC09_L2SP_114035_20240823_20240824_02_T1
LC09_L2SP_114035_20240823_20240824_02_T1,2024-08-23,114,035,817,31.99996502000003,32.31347883542859,32.31623395860467,31.433725517666176,수비,25.6,31.8,22.1,AWS,LC09_L2SP_114035_20240823_20240824_02_T1
LC09_L2SP_114035_20240823_20240824_02_T1,2024-08-23,114,035,816,,,,38.19756346300859,구룡포,28.5,33.4,24.7,AWS,LC09_L2SP_114035_20240823_20240824_02_T1
LC09_L2SP_114035_20240823_20240824_02_T1,2024-08-23,114,035,995,40.297778240000014,39.70714438400002,35.49254327298971,34.7356309057555,오천,28.5,35.0,24.0,AWS,LC09_L2SP_114035_20240823_20240824_02_T1
LC09_L2SP_114035_20250623_20250624_02_T1,2025-06-23,114,035,919,37.16231456000003,37.572932696000024,35.98354154159539,35.7066202236709,창녕,24.4,32.1,17.8,AWS,LC09_L2SP_114035_20250623_20250624_02_T1
LC09_L2SP_114035_20250623_20250624_02_T1,2025-06-23,114,035,820,34.693364780000024,33.8063368018182,31.846373751807246,32.56848209846359,하회,23.4,31.0,16.4,AWS,LC09_L2SP_114035_20250623_20250624_02_T1
LC09_L2SP_114035_20250623_20250624_02_T1,2025-06-23,114,035,827,43.27373432000002,42.57656181636366,40.210591602857164,41.63019024019374,경산,24.6,32.3,17.6,AWS,LC09_L2SP_114035_20250623_20250624_02_T1
LC09_L2SP_114035_20250623_20250624_02_T1,2025-06-23,114,035,949,40.13940998000002,39.18246795636366,37.298820151333345,35.679234976724835,정자,21.8,25.1,17.3,AWS,LC09_L2SP_114035_20250623_20250624_02_T1
LC09_L2SP_114035_20250623_20250624_02_T1,2025-06-23,114,035,812,37.908582260000024,37.23347448114287,32.434382441649504,30.91037467783569,고령,23.5,31.9,16.6,AWS,LC09_L2SP_114035_20250623_20250624_02_T1
LC09_L2SP_114035_20250623_20250624_02_T1,2025-06-23,114,035,850,,,,31.987531483746718,감포,21.9,26.0,17.7,AWS,LC09_L2SP_114035_20250623_20250624_02_T1
LC09_L2SP_114035_20250623_20250624_02_T1,2025-06-23,114,035,825,38.861070500000004,38.146671767428586,35.080532871340225,34.90613743926468,칠곡,24.7,31.4,17.7,AWS,LC09_L2SP_114035_20250623_20250624_02_T1
LC09_L2SP_114035_20250623_20250624_02_T1,2025-06-23,114,035,801,34.44612800000001,34.83158299828573,32.37166854748203,31.72857403368148,영양,22.9,31.1,16.1,AWS,LC09_L2SP_114035_20250623_20250624_02_T1
LC09_L2SP_114035_20250623_20250624_02_T1,2025-06-23,114,035,972,36.14146592000003,36.85469276000002,,33.47409020111166,안동옥동,23.0,30.4,15.9,AWS,LC09_L2SP_114035_20250623_20250624_02_T1
LC09_L2SP_114035_20250623_20250624_02_T1,2025-06-23,114,035,830,38.55230936000002,38.771778796571446,37.55356234989693,37.243461792716886,기계,23.9,32.3,15.9,AWS,LC09_L2SP_114035_20250623_20250624_02_T1
LC09_L2SP_114035_20250623_20250624_02_T1,2025-06-23,114,035,805,32.39417666000001,33.1084126297143,32.63043505731961,30.754050372899734,죽장,21.7,29.9,14.3,AWS,LC09_L2SP_114035_20250623_20250624_02_T1
LC09_L2SP_114035_20250623_20250624_02_T1,2025-06-23,114,035,927,35.93068802000003,36.18853693828573,37.10427869463919,34.656209364540004,송백,22.2,31.7,14.9,AWS,LC09_L2SP_114035_20250623_20250624_02_T1
LC09_L2SP_114035_20250623_20250624_02_T1,2025-06-23,114,035,842,32.729142620000026,32.685457069142885,33.68060924743975,32.22394013901463,산내,22.2,30.3,15.3,AWS,LC09_L2SP_114035_20250623_20250624_02_T1
LC09_L2SP_114035_20250623_20250624_02_T1,2025-06-23,114,035,824,35.81105732000003,35.701420259428595,34.446617731078305,33.630213016526916,가산,23.6,31.8,16.8,AWS,LC09_L2SP_114035_20250623_20250624_02_T1
LC09_L2SP_114035_20250623_20250624_02_T1,2025-06-23,114,035,915,33.46971361999999,33.7776609457143,33.233389272941196,31.884311124586006,삼가,23.7,31.6,16.2,AWS,LC09_L2SP_114035_20250623_20250624_02_T1
LC09_L2SP_114035_20250623_20250624_02_T1,2025-06-23,114,035,835,37.27624856000002,37.10896089542859,36.27813468925061,34.753700635234544,봉화읍,23.2,31.9,15.8,AWS,LC09_L2SP_114035_20250623_20250624_02_T1
LC09_L2SP_114035_20250623_20250624_02_T1,2025-06-23,114,035,826,38.50217840000003,38.49433323028573,37.98069031683124,36.89278637367032,신녕,24.0,32.6,16.6,AWS,LC09_L2SP_114035_20250623_20250624_02_T1
LC09_L2SP_114035_20250623_20250624_02_T1,2025-06-23,114,035,803,34.32763664000004,33.84260332571431,33.379881946597955,32.79157438292859,옥산,23.0,31.5,15.7,AWS,LC09_L2SP_114035_20250623_20250624_02_T1
LC09_L2SP_114035_20250623_20250624_02_T1,2025-06-23,114,035,849,33.94253972000001,33.97239042800003,34.54832940717559,33.1304437090724,지보,23.9,31.9,17.0,AWS,LC09_L2SP_114035_20250623_20250624_02_T1
LC09_L2SP_114035_20250623_20250624_02_T1,2025-06-23,114,035,905,37.96554925999999,38.37782757714288,36.221407652371155,34.20382531567136,양산상북,23.6,31.7,15.8,AWS,LC09_L2SP_114035_20250623_20250624_02_T1
LC09_L2SP_114035_20250623_20250624_02_T1,2025-06-23,114,035,673,36.69404582000002,36.67760677142859,38.24572901855672,36.85720635546394,진영,23.4,31.4,16.6,AWS,LC09_L2SP_114035_20250623_20250624_02_T1
LC09_L2SP_114035_20250623_20250624_02_T1,2025-06-23,114,035,802,34.59993890000002,34.21336083800002,32.87052199699318,32.51284548401845,온정,23.1,29.2,17.3,AWS,LC09_L2SP_114035_20250623_20250624_02_T1
LC09_L2SP_114035_20250623_20250624_02_T1,2025-06-23,114,035,859,28.47598640000003,28.436662893714303,28.37338707113404,28.428089759782438,토함산,22.1,27.1,17.6,AWS,LC09_L2SP_114035_20250623_20250624_02_T1
LC09_L2SP_114035_20250623_20250624_02_T1,2025-06-23,114,035,819,39.29629838000002,38.24608732057144,33.4080522259794,31.674627510460944,예안,23.0,32.7,15.2,AWS,LC09_L2SP_114035_20250623_20250624_02_T1
LC09_L2SP_114035_20250623_20250624_02_T1,2025-06-23,114,035,844,40.35474524,39.864763934857166,37.35827312791668,37.1674048050262,영덕읍,24.2,30.1,18.2,AWS,LC09_L2SP_114035_20250623_20250624_02_T1
LC09_L2SP_114035_20250623_20250624_02_T1,2025-06-23,114,035,839,37.86300866000001,38.6381066156522,37.87714442488373,35.710606819586225,길안,24.4,32.9,17.0,AWS,LC09_L2SP_114035_20250623_20250624_02_T1
LC09_L2SP_114035_20250623_20250624_02_T1,2025-06-23,114,035,841,33.368312360000026,33.58341975200002,33.13201089484538,32.75685695747158,화북,22.7,31.4,14.7,AWS,LC09_L2SP_114035_20250623_20250624_02_T1
LC09_L2SP_114035_20250623_20250624_02_T1,2025-06-23,114,035,935,36.31464560000003,35.709037561142885,33.73070883584354,32.89670792519181,청덕,24.5,32.4,17.5,AWS,LC09_L2SP_114035_20250623_20250624_02_T1
LC09_L2SP_114035_20250623_20250624_02_T1,2025-06-23,114,035,900,35.73244286000003,36.39176264171431,35.36228308027588,34.572226207078806,두서,23.0,29.2,16.0,AWS,LC09_L2SP_114035_20250623_20250624_02_T1
LC09_L2SP_114035_20250623_20250624_02_T1,2025-06-23,114,035,806,37.93250840000002,37.24808407520002,35.67579314455698,35.94202370013218,선산,24.5,31.4,17.5,AWS,LC09_L2SP_114035_20250623_20250624_02_T1
LC09_L2SP_114035_20250623_20250624_02_T1,2025-06-23,114,035,811,38.25608096,38.51923594742859,40.40362226742198,39.914674651783805,황성,24.3,32.0,16.9,AWS,LC09_L2SP_114035_20250623_20250624_02_T1
LC09_L2SP_114035_20250623_20250624_02_T1,2025-06-23,114,035,813,37.594124420000014,37.50213085314289,36.813939133829805,36.64557195206391,청도,23.0,32.1,16.4,AWS,LC09_L2SP_114035_20250623_20250624_02_T1
LC09_L2SP_114035_20250623_20250624_02_T1,2025-06-23,114,035,922,35.38836218,35.180318696000015,32.14534480400002,29.94698276448235,단장,21.8,30.6,14.6,AWS,LC09_L2SP_114035_20250623_20250624_02_T1
LC09_L2SP_114035_20250623_20250624_02_T1,2025-06-23,114,035,944,39.587969420000015,39.33926777428573,37.840463701037756,35.285891383800646,길곡,23.7,31.7,18.0,AWS,LC09_L2SP_114035_20250623_20250624_02_T1
LC09_L2SP_114035_20250623_20250624_02_T1,2025-06-23,114,035,848,38.83030832000003,37.93973507085717,33.760428944593926,32.638874141740914,청도금천,23.0,32.2,16.0,AWS,LC09_L2SP_114035_20250623_20250624_02_T1
LC09_L2SP_114035_20250623_20250624_02_T1,2025-06-23,114,035,829,37.43689550000001,38.00038051142858,37.96363469896909,36.28993886262393,외동,23.7,31.5,17.0,AWS,LC09_L2SP_114035_20250623_20250624_02_T1
LC09_L2SP_114035_20250623_20250624_02_T1,2025-06-23,114,035,954,33.37742708000002,34.23382012914287,37.25968171244446,39.6038712407536,온산,23.9,28.2,19.9,AWS,LC09_L2SP_114035_20250623_20250624_02_T1
LC09_L2SP_114035_20250623_20250624_02_T1,2025-06-23,114,035,854,,,,31.4619308281979,삼동,23.3,30.6,16.2,AWS,LC09_L2SP_114035_20250623_20250624_02_T1
LC09_L2SP_114035_20250623_20250624_02_T1,2025-06-23,114,035,814,35.695983980000015,35.86978215885715,35.12362028268043,33.278307138888266,부석,22.5,30.6,15.4,AWS,LC09_L2SP_114035_20250623_20250624_02_T1
LC09_L2SP_114035_20250623_20250624_02_T1,2025-06-23,114,035,815,38.515850480000005,37.9224496554286,37.87237098732525,36.428710915203304,예천,24.3,31.5,16.8,AWS,LC09_L2SP_114035_20250623_20250624_02_T1
LC09_L2SP_114035_20250623_20250624_02_T1,2025-06-23,114,035,816,32.82484718000003,32.82618183542859,34.453655183750016,33.070228801344555,구룡포,23.0,28.0,18.2,AWS,LC09_L2SP_114035_20250623_20250624_02_T1
LC09_L2SP_114035_20250623_20250624_02_T1,2025-06-23,114,035,995,,,31.446135275451525,30.382448789624487,오천,23.8,30.4,17.6,AWS,LC09_L2SP_114035_20250623_20250624_02_T1
LC09_L2SP_114035_20250623_20250624_02_T1,2025-06-23,114,035,832,37.644255380000004,37.153395155428576,35.93008237772677,35.708037418639435,단북,23.9,31.3,16.8,AWS,LC09_L2SP_114035_20250623_20250624_02_T1
LC09_L2SP_114035_20250623_20250624_02_T1,2025-06-23,114,035,925,36.234891800000014,36.64264530971429,36.200358011724155,33.9981967484183,생림,23.2,31.9,16.5,AWS,LC09_L2SP_114035_20250623_20250624_02_T1
LC09_L2SP_114035_20250623_20250624_02_T1,2025-06-23,114,035,810,39.72469021999999,38.297057912413806,36.46235509235523,36.391888092911486,성주,24.0,31.7,16.1,AWS,LC09_L2SP_114035_20250623_20250624_02_T1
LC09_L2SP_114035_20250623_20250624_02_T1,2025-06-23,114,035,840,36.48554660000002,37.00749453028573,41.47715229034485,39.97912731877553,하양,24.2,32.1,16.6,AWS,LC09_L2SP_114035_20250623_20250624_02_T1
LC09_L2SP_114035_20250623_20250624_02_T1,2025-06-23,114,035,836,34.34358740000001,34.48235901200002,33.5246541104358,31.363179273865136,현서,20.8,30.1,13.5,AWS,LC09_L2SP_114035_20250623_20250624_02_T1
LC09_L2SP_114035_20250623_20250624_02_T1,2025-06-23,114,035,943,32.17428404000001,31.99736081428574,30.378978927473074,29.64802637929921,매곡,22.1,26.5,18.1,AWS,LC09_L2SP_114035_20250623_20250624_02_T1
LC09_L2SP_114035_20250623_20250624_02_T1,2025-06-23,114,035,837,35.73130352000004,35.68813881028573,35.755860016494864,36.87983847980534,이산,22.8,30.4,16.2,AWS,LC09_L2SP_114035_20250623_20250624_02_T1
LC09_L2SP_114035_20250709_20250711_02_T1,2025-07-09,114,035,919,,,,41.91892456356415,창녕,29.4,34.7,23.9,AWS,LC09_L2SP_114035_20250709_20250711_02_T1
LC09_L2SP_114035_20250709_20250711_02_T1,2025-07-09,114,035,820,42.017042300000014,40.85022792971429,39.05327184924733,38.42743467565833,하회,28.9,37.4,21.3,AWS,LC09_L2SP_114035_20250709_20250711_02_T1
LC09_L2SP_114035_20250709_20250711_02_T1,2025-07-09,114,035,827,49.537825640000015,48.73345160000002,45.6096185327445,47.4115165163756,경산,28.2,34.8,23.3,AWS,LC09_L2SP_114035_20250709_20250711_02_T1
LC09_L2SP_114035_20250709_20250711_02_T1,2025-07-09,114,035,812,43.041308960000016,41.776706665142875,36.27724314288662,34.73437482261668,고령,27.3,34.0,21.8,AWS,LC09_L2SP_114035_20250709_20250711_02_T1
LC09_L2SP_114035_20250709_20250711_02_T1,2025-07-09,114,035,825,45.15136664000003,44.031134999428595,40.143066830721665,40.0526074718981,칠곡,28.3,35.5,22.5,AWS,LC09_L2SP_114035_20250709_20250711_02_T1
LC09_L2SP_114035_20250709_20250711_02_T1,2025-07-09,114,035,801,42.01020626000002,42.54644476914287,38.911604053639586,37.66181581954967,영양,26.2,34.1,19.0,AWS,LC09_L2SP_114035_20250709_20250711_02_T1
LC09_L2SP_114035_20250709_20250711_02_T1,2025-07-09,114,035,972,43.60983962,44.834630120000014,,41.06163793891381,안동옥동,27.8,34.4,22.1,AWS,LC09_L2SP_114035_20250709_20250711_02_T1
LC09_L2SP_114035_20250709_20250711_02_T1,2025-07-09,114,035,830,43.26120158,43.66569983257144,41.34819490639177,40.88983351479532,기계,26.6,33.3,20.8,AWS,LC09_L2SP_114035_20250709_20250711_02_T1
LC09_L2SP_114035_20250709_20250711_02_T1,2025-07-09,114,035,805,39.30427376000002,40.11203326742859,38.443535669690746,35.12560356416263,죽장,24.8,32.6,18.5,AWS,LC09_L2SP_114035_20250709_20250711_02_T1
LC09_L2SP_114035_20250709_20250711_02_T1,2025-07-09,114,035,927,47.66019332000002,47.11633750914287,45.76629310412373,42.325015796526245,송백,27.5,36.4,20.5,AWS,LC09_L2SP_114035_20250709_20250711_02_T1
LC09_L2SP_114035_20250709_20250711_02_T1,2025-07-09,114,035,842,35.936384720000035,35.794781034285734,36.79434297731961,34.992077678362456,산내,25.5,30.8,19.5,AWS,LC09_L2SP_114035_20250709_20250711_02_T1
LC09_L2SP_114035_20250709_20250711_02_T1,2025-07-09,114,035,824,41.98741946000001,41.59896962514288,39.28781793175259,38.00032019260534,가산,27.3,35.8,21.2,AWS,LC09_L2SP_114035_20250709_20250711_02_T1
LC09_L2SP_114035_20250709_20250711_02_T1,2025-07-09,114,035,915,36.86380748000003,36.87936760914289,36.32806550956424,34.98231237614792,삼가,27.6,34.7,21.1,AWS,LC09_L2SP_114035_20250709_20250711_02_T1
LC09_L2SP_114035_20250709_20250711_02_T1,2025-07-09,114,035,835,42.52176992000003,42.24897937142859,40.606314257397614,39.026691954707495,봉화읍,27.9,35.5,21.3,AWS,LC09_L2SP_114035_20250709_20250711_02_T1
LC09_L2SP_114035_20250709_20250711_02_T1,2025-07-09,114,035,826,48.406461020000016,47.691053157714315,46.41107947889909,44.8897711081696,신녕,27.8,36.3,21.9,AWS,LC09_L2SP_114035_20250709_20250711_02_T1
LC09_L2SP_114035_20250709_20250711_02_T1,2025-07-09,114,035,803,43.20195590000001,42.73043190285716,41.65693647010311,40.65201803500002,옥산,27.7,35.8,20.2,AWS,LC09_L2SP_114035_20250709_20250711_02_T1
LC09_L2SP_114035_20250709_20250711_02_T1,2025-07-09,114,035,853,35.09441246000002,33.879517941714305,30.32696120962335,30.6355829962538,팔공산,24.6,31.0,20.0,AWS,LC09_L2SP_114035_20250709_20250711_02_T1
LC09_L2SP_114035_20250709_20250711_02_T1,2025-07-09,114,035,673,42.66988412000003,42.53208908514288,43.84896790123713,41.65007337862011,진영,28.6,35.1,21.9,AWS,LC09_L2SP_114035_20250709_20250711_02_T1
LC09_L2SP_114035_20250709_20250711_02_T1,2025-07-09,114,035,802,36.47984990000001,36.157872416000025,35.76116253298408,36.08699654229495,온정,24.3,30.2,18.2,AWS,LC09_L2SP_114035_20250709_20250711_02_T1
LC09_L2SP_114035_20250709_20250711_02_T1,2025-07-09,114,035,843,40.73984216000002,39.59952558285716,36.45057869105713,34.901204850126845,금강송,25.0,31.7,19.0,AWS,LC09_L2SP_114035_20250709_20250711_02_T1
LC09_L2SP_114035_20250709_20250711_02_T1,2025-07-09,114,035,819,45.78370034000002,44.94335570857145,39.4690473816495,37.41351244648728,예안,27.3,36.0,20.3,AWS,LC09_L2SP_114035_20250709_20250711_02_T1
LC09_L2SP_114035_20250709_20250711_02_T1,2025-07-09,114,035,844,44.38686950000001,43.88103509257145,43.15299951731961,43.03603618518029,영덕읍,26.5,32.5,21.4,AWS,LC09_L2SP_114035_20250709_20250711_02_T1
LC09_L2SP_114035_20250709_20250711_02_T1,2025-07-09,114,035,839,47.71602098000002,47.762050316000014,44.611777321016184,42.20921393165806,길안,28.5,36.2,21.9,AWS,LC09_L2SP_114035_20250709_20250711_02_T1
LC09_L2SP_114035_20250709_20250711_02_T1,2025-07-09,114,035,841,40.505138120000026,40.5665322697143,40.06575223628868,39.16903517962169,화북,26.1,34.3,19.7,AWS,LC09_L2SP_114035_20250709_20250711_02_T1
LC09_L2SP_114035_20250709_20250711_02_T1,2025-07-09,114,035,935,44.62385222000004,43.854667509714304,41.86647144026037,39.42125831539003,청덕,28.5,35.2,21.9,AWS,LC09_L2SP_114035_20250709_20250711_02_T1
LC09_L2SP_114035_20250709_20250711_02_T1,2025-07-09,114,035,900,,,,36.83976876595492,두서,26.5,30.5,21.4,AWS,LC09_L2SP_114035_20250709_20250711_02_T1
LC09_L2SP_114035_20250709_20250711_02_T1,2025-07-09,114,035,811,41.60004386000003,41.694967158285735,42.70067769398395,41.635222073500316,황성,26.5,31.2,22.7,AWS,LC09_L2SP_114035_20250709_20250711_02_T1
LC09_L2SP_114035_20250709_20250711_02_T1,2025-07-09,114,035,813,43.042448300000025,43.52302191200003,43.17681267680002,42.299472889981416,청도,27.5,33.6,21.5,AWS,LC09_L2SP_114035_20250709_20250711_02_T1
LC09_L2SP_114035_20250709_20250711_02_T1,2025-07-09,114,035,922,46.06967468000001,45.32080277428573,40.248442594259494,36.93840032642396,단장,27.0,33.4,19.5,AWS,LC09_L2SP_114035_20250709_20250711_02_T1
LC09_L2SP_114035_20250709_20250711_02_T1,2025-07-09,114,035,944,47.05178576000001,47.243194880000026,45.459982846289776,42.34799493387154,길곡,29.0,35.4,22.2,AWS,LC09_L2SP_114035_20250709_20250711_02_T1
LC09_L2SP_114035_20250709_20250711_02_T1,2025-07-09,114,035,848,44.81640068000005,43.8068152297143,39.29276941303373,37.994806104416575,청도금천,27.6,33.0,22.1,AWS,LC09_L2SP_114035_20250709_20250711_02_T1
LC09_L2SP_114035_20250709_20250711_02_T1,2025-07-09,114,035,312,43.80580610000004,43.56901869542859,37.8156927703093,35.228104044259965,주왕산,25.3,32.7,18.9,AWS,LC09_L2SP_114035_20250709_20250711_02_T1
LC09_L2SP_114035_20250709_20250711_02_T1,2025-07-09,114,035,854,,,,33.75581952152455,삼동,27.0,32.4,23.1,AWS,LC09_L2SP_114035_20250709_20250711_02_T1
LC09_L2SP_114035_20250709_20250711_02_T1,2025-07-09,114,035,817,34.42106252000004,34.37893949257145,34.14096498185569,33.00198764030921,수비,24.5,32.3,17.2,AWS,LC09_L2SP_114035_20250709_20250711_02_T1
LC09_L2SP_114035_20250709_20250711_02_T1,2025-07-09,114,035,814,41.05828769000004,40.82244431000002,38.68582145507309,35.90190102499189,부석,26.8,35.7,20.1,AWS,LC09_L2SP_114035_20250709_20250711_02_T1
LC09_L2SP_114035_20250709_20250711_02_T1,2025-07-09,114,035,815,44.71044206000003,44.14939849142859,42.81723484474229,41.59294036617228,예천,28.8,36.4,23.1,AWS,LC09_L2SP_114035_20250709_20250711_02_T1
LC09_L2SP_114035_20250709_20250711_02_T1,2025-07-09,114,035,832,44.38459082000001,44.1123862177143,41.783227023505184,41.50026724466344,단북,28.1,36.4,21.5,AWS,LC09_L2SP_114035_20250709_20250711_02_T1
LC09_L2SP_114035_20250709_20250711_02_T1,2025-07-09,114,035,810,46.75783604000001,45.45014873310347,43.28636732192002,42.51723074289182,성주,27.9,35.1,22.0,AWS,LC09_L2SP_114035_20250709_20250711_02_T1
LC09_L2SP_114035_20250709_20250711_02_T1,2025-07-09,114,035,840,44.60220476000003,44.722844589714306,48.672295274226826,47.28773799414015,하양,27.4,34.5,21.8,AWS,LC09_L2SP_114035_20250709_20250711_02_T1
LC09_L2SP_114035_20250709_20250711_02_T1,2025-07-09,114,035,836,41.955517940000014,41.948388926857156,40.12907369958765,37.95147532861725,현서,25.0,32.0,19.0,AWS,LC09_L2SP_114035_20250709_20250711_02_T1
LC09_L2SP_114035_20250709_20250711_02_T1,2025-07-09,114,035,837,41.79373166000001,41.44994395314287,40.71241979257412,41.952575027534266,이산,27.3,34.6,21.4,AWS,LC09_L2SP_114035_20250709_20250711_02_T1
LC09_L2SP_114035_20250725_20250727_02_T1,2025-07-25,114,035,919,40.82757134000002,41.319863877714305,39.18745421505157,39.53418200383054,창녕,28.5,35.2,22.8,AWS,LC09_L2SP_114035_20250725_20250727_02_T1
LC09_L2SP_114035_20250725_20250727_02_T1,2025-07-25,114,035,820,38.10910610000002,37.78211552000002,36.661432726642616,36.17615447720286,하회,27.7,35.5,20.8,AWS,LC09_L2SP_114035_20250725_20250727_02_T1
LC09_L2SP_114035_20250725_20250727_02_T1,2025-07-25,114,035,827,50.02774184000001,48.96515192545457,46.47355610307694,47.999738436069585,경산,29.2,35.7,23.4,AWS,LC09_L2SP_114035_20250725_20250727_02_T1
LC09_L2SP_114035_20250725_20250727_02_T1,2025-07-25,114,035,812,44.411934980000034,42.27886263200002,37.003159333195896,35.69184063862771,고령,27.6,34.7,21.7,AWS,LC09_L2SP_114035_20250725_20250727_02_T1
LC09_L2SP_114035_20250725_20250727_02_T1,2025-07-25,114,035,825,45.63672548000003,44.39080836114287,40.28100527587631,40.06930811528201,칠곡,28.9,35.7,22.8,AWS,LC09_L2SP_114035_20250725_20250727_02_T1
LC09_L2SP_114035_20250725_20250727_02_T1,2025-07-25,114,035,801,39.26439686000003,39.51309850571431,37.70314467876779,36.64163552161227,영양,27.0,35.8,20.0,AWS,LC09_L2SP_114035_20250725_20250727_02_T1
LC09_L2SP_114035_20250725_20250727_02_T1,2025-07-25,114,035,972,42.341754200000025,43.075489160000004,,38.60635778343967,안동옥동,28.9,36.2,22.8,AWS,LC09_L2SP_114035_20250725_20250727_02_T1
LC09_L2SP_114035_20250725_20250727_02_T1,2025-07-25,114,035,830,40.68857186,41.11224357714287,39.372148668041255,38.857247693014614,기계,27.8,35.3,21.1,AWS,LC09_L2SP_114035_20250725_20250727_02_T1
LC09_L2SP_114035_20250725_20250727_02_T1,2025-07-25,114,035,805,36.43997300000003,36.90915321200002,35.49428824742859,33.508117438340356,죽장,25.8,32.9,19.2,AWS,LC09_L2SP_114035_20250725_20250727_02_T1
LC09_L2SP_114035_20250725_20250727_02_T1,2025-07-25,114,035,927,,,41.75229344222224,38.27815207003375,송백,27.0,34.1,20.7,AWS,LC09_L2SP_114035_20250725_20250727_02_T1
LC09_L2SP_114035_20250725_20250727_02_T1,2025-07-25,114,035,824,40.41513025999999,40.409889296000024,38.40578866989693,37.247760566243954,가산,28.5,35.9,21.7,AWS,LC09_L2SP_114035_20250725_20250727_02_T1
LC09_L2SP_114035_20250725_20250727_02_T1,2025-07-25,114,035,835,41.35166774,41.12884538857145,39.637023964770876,38.05183869032541,봉화읍,28.4,35.5,21.3,AWS,LC09_L2SP_114035_20250725_20250727_02_T1
LC09_L2SP_114035_20250725_20250727_02_T1,2025-07-25,114,035,826,,44.335371332000015,44.39536489986241,42.869757799934305,신녕,28.4,36.0,21.8,AWS,LC09_L2SP_114035_20250725_20250727_02_T1
LC09_L2SP_114035_20250725_20250727_02_T1,2025-07-25,114,035,803,41.865510080000014,41.47074504628574,40.74119683917528,39.671246951958786,옥산,27.6,35.4,19.8,AWS,LC09_L2SP_114035_20250725_20250727_02_T1
LC09_L2SP_114035_20250725_20250727_02_T1,2025-07-25,114,035,853,,,,31.669069024095084,팔공산,26.6,31.9,21.7,AWS,LC09_L2SP_114035_20250725_20250727_02_T1
LC09_L2SP_114035_20250725_20250727_02_T1,2025-07-25,114,035,802,36.25881794000001,36.16459452200001,35.91820459084285,35.73944061277421,온정,26.2,33.1,19.5,AWS,LC09_L2SP_114035_20250725_20250727_02_T1
LC09_L2SP_114035_20250725_20250727_02_T1,2025-07-25,114,035,843,42.69950696000003,41.81410956971431,38.09343359922237,36.599296082497574,금강송,28.8,36.2,22.2,AWS,LC09_L2SP_114035_20250725_20250727_02_T1
LC09_L2SP_114035_20250725_20250727_02_T1,2025-07-25,114,035,859,30.170184980000005,30.09459790914288,30.258705623974173,30.48344309095408,토함산,25.6,29.7,22.2,AWS,LC09_L2SP_114035_20250725_20250727_02_T1
LC09_L2SP_114035_20250725_20250727_02_T1,2025-07-25,114,035,819,43.375135580000006,42.58531253942859,37.95148565422683,36.234444283687395,예안,27.8,36.4,20.2,AWS,LC09_L2SP_114035_20250725_20250727_02_T1
LC09_L2SP_114035_20250725_20250727_02_T1,2025-07-25,114,035,844,42.361122980000026,41.96635794628573,40.041508960412386,39.888928106712946,영덕읍,26.8,32.8,20.7,AWS,LC09_L2SP_114035_20250725_20250727_02_T1
LC09_L2SP_114035_20250725_20250727_02_T1,2025-07-25,114,035,839,44.353828639999996,44.35067104057145,42.4869797431604,40.31755094977353,길안,28.9,36.8,21.3,AWS,LC09_L2SP_114035_20250725_20250727_02_T1
LC09_L2SP_114035_20250725_20250727_02_T1,2025-07-25,114,035,935,41.617133960000025,41.27582024857145,39.97845676580646,38.29333741153961,청덕,28.0,34.4,22.6,AWS,LC09_L2SP_114035_20250725_20250727_02_T1
LC09_L2SP_114035_20250725_20250727_02_T1,2025-07-25,114,035,811,45.19067387000001,44.29778187615387,45.31081298516131,44.39228899256314,황성,27.9,34.2,21.9,AWS,LC09_L2SP_114035_20250725_20250727_02_T1
LC09_L2SP_114035_20250725_20250727_02_T1,2025-07-25,114,035,813,40.12687724000002,40.162229332571435,40.53683858000002,41.47759166660927,청도,27.4,34.1,21.4,AWS,LC09_L2SP_114035_20250725_20250727_02_T1
LC09_L2SP_114035_20250725_20250727_02_T1,2025-07-25,114,035,848,45.96143738000001,44.599698212000014,39.1457837384733,37.86084161561961,청도금천,27.4,35.3,20.8,AWS,LC09_L2SP_114035_20250725_20250727_02_T1
LC09_L2SP_114035_20250725_20250727_02_T1,2025-07-25,114,035,829,39.22451996000001,39.86903964434784,40.63258794765716,38.76674976670409,외동,27.2,33.1,21.4,AWS,LC09_L2SP_114035_20250725_20250727_02_T1
LC09_L2SP_114035_20250725_20250727_02_T1,2025-07-25,114,035,312,42.58443362000003,42.16089211314288,37.6465183989691,35.496521849619256,주왕산,26.5,33.9,18.8,AWS,LC09_L2SP_114035_20250725_20250727_02_T1
LC09_L2SP_114035_20250725_20250727_02_T1,2025-07-25,114,035,954,,,,46.12035431479117,온산,28.5,32.6,25.1,AWS,LC09_L2SP_114035_20250725_20250727_02_T1
LC09_L2SP_114035_20250725_20250727_02_T1,2025-07-25,114,035,817,35.79168854000002,36.038241716000016,35.55205910577322,34.41071484689381,수비,25.5,33.4,18.3,AWS,LC09_L2SP_114035_20250725_20250727_02_T1
LC09_L2SP_114035_20250725_20250727_02_T1,2025-07-25,114,035,814,40.61907212000002,40.877083801142874,39.88911929896909,37.75271245450767,부석,27.6,34.4,20.7,AWS,LC09_L2SP_114035_20250725_20250727_02_T1
LC09_L2SP_114035_20250725_20250727_02_T1,2025-07-25,114,035,815,43.80694544000005,42.665489522857165,40.36090135129034,39.244407685958926,예천,29.1,35.9,22.7,AWS,LC09_L2SP_114035_20250725_20250727_02_T1
LC09_L2SP_114035_20250725_20250727_02_T1,2025-07-25,114,035,816,,,,35.3818459002725,구룡포,26.9,30.9,23.6,AWS,LC09_L2SP_114035_20250725_20250727_02_T1
LC09_L2SP_114035_20250725_20250727_02_T1,2025-07-25,114,035,995,40.316007680000006,39.90420329000002,35.01755066695329,34.4628584245578,오천,27.3,33.2,21.5,AWS,LC09_L2SP_114035_20250725_20250727_02_T1
LC09_L2SP_114035_20250725_20250727_02_T1,2025-07-25,114,035,810,46.741885279999984,45.75517755241382,43.61668023566267,42.83797465086958,성주,28.8,35.3,22.5,AWS,LC09_L2SP_114035_20250725_20250727_02_T1
LC09_L2SP_114035_20250725_20250727_02_T1,2025-07-25,114,035,840,41.54763422000002,42.17622437428573,46.793400142699255,44.95109598666669,하양,28.1,35.4,21.9,AWS,LC09_L2SP_114035_20250725_20250727_02_T1
LC09_L2SP_114035_20250725_20250727_02_T1,2025-07-25,114,035,836,38.2458269,38.68691424285716,39.053747537554884,37.399552315838946,현서,25.3,33.0,18.5,AWS,LC09_L2SP_114035_20250725_20250727_02_T1
LC09_L2SP_114035_20250725_20250727_02_T1,2025-07-25,114,035,837,40.19068028000002,39.95958957542859,38.90037968762888,40.12845268008018,이산,27.5,33.7,21.7,AWS,LC09_L2SP_114035_20250725_20250727_02_T1
LC09_L2SP_114036_20230602_20230604_02_T1,2023-06-02,114,036,919,33.76822070000003,34.28782484514287,33.682132012989705,33.23771066060122,창녕,23.0,30.6,17.6,AWS,LC09_L2SP_114036_20230602_20230604_02_T1
LC09_L2SP_114036_20230602_20230604_02_T1,2023-06-02,114,036,907,,,30.58363625566752,30.97759258783833,삼천포,22.3,28.7,17.7,AWS,LC09_L2SP_114036_20230602_20230604_02_T1
LC09_L2SP_114036_20230602_20230604_02_T1,2023-06-02,114,036,929,32.07857948000003,32.086131676571455,30.866493991340228,28.417613080328376,개천,22.0,30.4,16.9,AWS,LC09_L2SP_114036_20230602_20230604_02_T1
LC09_L2SP_114036_20230602_20230604_02_T1,2023-06-02,114,036,899,36.68037374000003,36.86637913314288,36.399880760824765,36.86133150603213,마산회원,23.1,31.6,17.7,AWS,LC09_L2SP_114036_20230602_20230604_02_T1
LC09_L2SP_114036_20230602_20230604_02_T1,2023-06-02,114,036,915,32.39873402000003,33.225894860000025,31.973251495834308,30.3124596923708,삼가,22.1,31.7,15.8,AWS,LC09_L2SP_114036_20230602_20230604_02_T1
LC09_L2SP_114036_20230602_20230604_02_T1,2023-06-02,114,036,917,34.200030560000016,33.455488146285745,33.41817212731497,32.053832124774445,사천,21.9,30.4,16.1,AWS,LC09_L2SP_114036_20230602_20230604_02_T1
LC09_L2SP_114036_20230602_20230604_02_T1,2023-06-02,114,036,920,33.07550198000001,33.46710941428573,33.14842365525775,32.16241294894444,함안,22.4,30.8,17.1,AWS,LC09_L2SP_114036_20230602_20230604_02_T1
LC09_L2SP_114036_20230602_20230604_02_T1,2023-06-02,114,036,925,34.45524272000002,35.13549380514287,35.02275225416818,32.76176225536973,생림,23.0,31.1,17.1,AWS,LC09_L2SP_114036_20230602_20230604_02_T1
LC09_L2SP_114036_20230602_20230604_02_T1,2023-06-02,114,036,926,33.48908240000003,33.38497927657145,31.99637864391754,32.66566445335816,진북,22.9,31.1,17.8,AWS,LC09_L2SP_114036_20230602_20230604_02_T1
LC09_L2SP_114036_20230602_20230604_02_T1,2023-06-02,114,036,930,,,30.47144732666668,28.36800389967489,사량도,22.2,29.0,18.3,AWS,LC09_L2SP_114036_20230602_20230604_02_T1
LC09_L2SP_114036_20230602_20230604_02_T1,2023-06-02,114,036,905,36.29869484000002,36.41949743257145,34.33986007463919,32.555088130415136,양산상북,23.0,31.8,17.1,AWS,LC09_L2SP_114036_20230602_20230604_02_T1
LC09_L2SP_114036_20230602_20230604_02_T1,2023-06-02,114,036,918,34.220538680000026,34.24163274628574,35.36001571402063,35.203544389582625,고성,23.5,31.1,18.1,AWS,LC09_L2SP_114036_20230602_20230604_02_T1
LC09_L2SP_114036_20230602_20230604_02_T1,2023-06-02,114,036,673,32.92055174000003,33.23155900742859,35.035319475051566,34.062905509639194,진영,23.3,32.0,17.6,AWS,LC09_L2SP_114036_20230602_20230604_02_T1
LC09_L2SP_114036_20230602_20230604_02_T1,2023-06-02,114,036,935,33.51414788000003,33.257731274857164,31.081722659600022,30.590914777629298,청덕,22.4,31.3,16.5,AWS,LC09_L2SP_114036_20230602_20230604_02_T1
LC09_L2SP_114036_20230602_20230604_02_T1,2023-06-02,114,036,936,32.56849567999999,32.59512368342859,33.007513529484555,31.034760040748196,신포,22.6,31.7,16.7,AWS,LC09_L2SP_114036_20230602_20230604_02_T1
LC09_L2SP_114036_20230602_20230604_02_T1,2023-06-02,114,036,944,35.91815528000001,36.69713831428572,34.111290869964684,31.975032664113446,길곡,22.5,31.2,17.2,AWS,LC09_L2SP_114036_20230602_20230604_02_T1
LC09_L2SP_114036_20230602_20230604_02_T1,2023-06-02,114,036,922,34.417644500000016,34.2124330897143,30.792476286376168,28.098600713190027,단장,22.3,30.5,16.1,AWS,LC09_L2SP_114036_20230602_20230604_02_T1
LC09_L2SP_114036_20230602_20230604_02_T1,2023-06-02,114,036,908,36.81367652000002,36.62389502857146,36.85925012000002,34.235570076467546,진해,22.8,31.3,17.8,AWS,LC09_L2SP_114036_20230602_20230604_02_T1
LC09_L2SP_114036_20230602_20230604_02_T1,2023-06-02,114,036,953,,,29.77931640342107,28.155926489568124,장목,22.1,30.3,17.5,AWS,LC09_L2SP_114036_20230602_20230604_02_T1
LC09_L2SP_114036_20230602_20230604_02_T1,2023-06-02,114,036,913,33.75682730000002,33.70666378742859,32.917274920256425,30.253820216943836,상주면,22.4,29.2,17.5,AWS,LC09_L2SP_114036_20230602_20230604_02_T1
LC09_L2SP_114036_20230805_20230808_02_T1,2023-08-05,114,036,919,44.06899364000003,44.69481682571431,42.17824520659796,42.359679350420336,창녕,30.4,36.4,24.3,AWS,LC09_L2SP_114036_20230805_20230808_02_T1
LC09_L2SP_114036_20230805_20230808_02_T1,2023-08-05,114,036,929,37.30815008,37.62146858000002,38.800501462886615,36.82803550747559,개천,28.0,34.3,22.1,AWS,LC09_L2SP_114036_20230805_20230808_02_T1
LC09_L2SP_114036_20230805_20230808_02_T1,2023-08-05,114,036,917,43.82631422000001,42.64293059085716,41.23788234956523,39.18177650321735,사천,29.1,35.9,22.5,AWS,LC09_L2SP_114036_20230805_20230808_02_T1
LC09_L2SP_114036_20230805_20230808_02_T1,2023-08-05,114,036,920,42.33719684000001,42.82838259028574,41.87976161814434,40.6529117900945,함안,29.4,36.1,24.9,AWS,LC09_L2SP_114036_20230805_20230808_02_T1
LC09_L2SP_114036_20230805_20230808_02_T1,2023-08-05,114,036,915,39.039946880000024,38.96387152057145,38.81495336165139,37.96667093074097,삼가,29.0,36.9,22.3,AWS,LC09_L2SP_114036_20230805_20230808_02_T1
LC09_L2SP_114036_20230805_20230808_02_T1,2023-08-05,114,036,925,44.507639540000014,44.97431320400002,44.281592391067754,41.87931745662502,생림,29.3,35.9,23.9,AWS,LC09_L2SP_114036_20230805_20230808_02_T1
LC09_L2SP_114036_20230805_20230808_02_T1,2023-08-05,114,036,918,,,,41.83967840628823,고성,29.1,34.9,23.5,AWS,LC09_L2SP_114036_20230805_20230808_02_T1
LC09_L2SP_114036_20230805_20230808_02_T1,2023-08-05,114,036,673,43.62465104,43.37292200514287,44.48975855793817,42.39411947978244,진영,29.9,36.0,24.7,AWS,LC09_L2SP_114036_20230805_20230808_02_T1
LC09_L2SP_114036_20230805_20230808_02_T1,2023-08-05,114,036,944,46.93215505999999,46.50294940571429,43.95569648806606,41.83958873864288,길곡,29.8,36.9,23.9,AWS,LC09_L2SP_114036_20230805_20230808_02_T1
LC09_L2SP_114036_20230805_20230808_02_T1,2023-08-05,114,036,908,39.921796040000004,39.89142449085717,41.84544272656936,38.60603117938565,진해,28.4,33.4,23.5,AWS,LC09_L2SP_114036_20230805_20230808_02_T1
LC09_L2SP_114036_20230821_20230823_02_T1,2023-08-21,114,036,899,44.61473750000001,44.648136438285725,43.89187577782157,44.952482694917215,마산회원,29.0,32.7,26.3,AWS,LC09_L2SP_114036_20230821_20230823_02_T1
LC09_L2SP_114036_20230821_20230823_02_T1,2023-08-21,114,036,905,,,39.856578442805215,37.437963977858324,양산상북,27.7,33.7,23.2,AWS,LC09_L2SP_114036_20230821_20230823_02_T1
LC09_L2SP_114036_20230821_20230823_02_T1,2023-08-21,114,036,918,36.73961942000002,37.74383369600002,38.806024910860444,37.868195970427486,고성,27.6,31.7,24.1,AWS,LC09_L2SP_114036_20230821_20230823_02_T1
LC09_L2SP_114036_20240604_20240605_02_T1,2024-06-04,114,036,919,38.09885204000002,38.15721880057144,40.042868353877566,39.14003042123152,창녕,20.9,28.0,14.0,AWS,LC09_L2SP_114036_20240604_20240605_02_T1
LC09_L2SP_114036_20240604_20240605_02_T1,2024-06-04,114,036,931,27.24663854000001,27.307403340000015,29.109667752164196,,욕지도,18.2,22.2,16.0,AWS,LC09_L2SP_114036_20240604_20240605_02_T1
LC09_L2SP_114036_20240604_20240605_02_T1,2024-06-04,114,036,929,31.661581039999987,31.45916915085716,30.73774092940369,27.595139212765975,개천,18.1,24.3,13.2,AWS,LC09_L2SP_114036_20240604_20240605_02_T1
LC09_L2SP_114036_20240604_20240605_02_T1,2024-06-04,114,036,915,32.92852712000001,33.26417668400003,32.51920154558622,30.45244924567974,삼가,20.0,27.3,13.8,AWS,LC09_L2SP_114036_20240604_20240605_02_T1
LC09_L2SP_114036_20240604_20240605_02_T1,2024-06-04,114,036,917,33.97216256000004,33.13604976285716,33.42738415816862,31.603304208834547,사천,19.0,25.9,13.5,AWS,LC09_L2SP_114036_20240604_20240605_02_T1
LC09_L2SP_114036_20240604_20240605_02_T1,2024-06-04,114,036,920,33.933425000000035,34.85309289741937,35.630609805103205,34.70882934036366,함안,19.4,27.2,13.6,AWS,LC09_L2SP_114036_20240604_20240605_02_T1
LC09_L2SP_114036_20240604_20240605_02_T1,2024-06-04,114,036,899,38.37229364000003,38.38681208685716,37.63521113463919,37.98569760745162,마산회원,19.5,26.0,14.9,AWS,LC09_L2SP_114036_20240604_20240605_02_T1
LC09_L2SP_114036_20240604_20240605_02_T1,2024-06-04,114,036,926,33.24412430000003,33.254801543428584,31.55080665298971,32.58593274562114,진북,18.8,25.4,13.6,AWS,LC09_L2SP_114036_20240604_20240605_02_T1
LC09_L2SP_114036_20240604_20240605_02_T1,2024-06-04,114,036,930,,,28.36564304727274,25.641688591251654,사량도,18.1,24.3,13.8,AWS,LC09_L2SP_114036_20240604_20240605_02_T1
LC09_L2SP_114036_20240604_20240605_02_T1,2024-06-04,114,036,905,31.348262540000007,31.08914407142859,31.01301575676058,29.1307732146702,양산상북,18.1,25.4,11.8,AWS,LC09_L2SP_114036_20240604_20240605_02_T1
LC09_L2SP_114036_20240604_20240605_02_T1,2024-06-04,114,036,918,33.56769686000001,33.620432025714294,34.60840999284213,34.173592504173875,고성,19.3,24.5,14.0,AWS,LC09_L2SP_114036_20240604_20240605_02_T1
LC09_L2SP_114036_20240604_20240605_02_T1,2024-06-04,114,036,673,,,,34.555559608157914,진영,19.1,26.3,12.2,AWS,LC09_L2SP_114036_20240604_20240605_02_T1
LC09_L2SP_114036_20240604_20240605_02_T1,2024-06-04,114,036,935,,,34.46042153818183,31.97883940394721,청덕,20.2,27.6,13.0,AWS,LC09_L2SP_114036_20240604_20240605_02_T1
LC09_L2SP_114036_20240604_20240605_02_T1,2024-06-04,114,036,936,32.05807136000002,32.16113280114288,32.49657370920426,30.430916115654618,신포,19.9,27.2,14.1,AWS,LC09_L2SP_114036_20240604_20240605_02_T1
LC09_L2SP_114036_20240604_20240605_02_T1,2024-06-04,114,036,944,39.69051002000001,39.66056165428573,37.778198283886944,35.500500370590274,길곡,20.1,27.1,12.7,AWS,LC09_L2SP_114036_20240604_20240605_02_T1
LC09_L2SP_114036_20240604_20240605_02_T1,2024-06-04,114,036,913,33.74201588000003,34.02952019085717,34.02677899735018,29.89087729139825,상주면,17.9,21.9,14.4,AWS,LC09_L2SP_114036_20240604_20240605_02_T1
LC09_L2SP_114036_20240807_20240808_02_T1,2024-08-07,114,036,673,40.36385996000001,40.43918661028573,42.251020538222235,39.77294467340241,진영,29.3,35.5,24.8,AWS,LC09_L2SP_114036_20240807_20240808_02_T1
LC09_L2SP_114036_20240807_20240808_02_T1,2024-08-07,114,036,935,40.2396719,39.350498411428596,37.285526042857164,36.712372917714305,청덕,29.4,35.6,24.3,AWS,LC09_L2SP_114036_20240807_20240808_02_T1
LC09_L2SP_114036_20240807_20240808_02_T1,2024-08-07,114,036,944,44.40054158000004,43.63162949750002,41.910820755384634,,길곡,29.5,37.1,24.8,AWS,LC09_L2SP_114036_20240807_20240808_02_T1
LC09_L2SP_114036_20250725_20250727_02_T1,2025-07-25,114,036,919,40.79794850000002,41.30228548914287,39.18213337979383,39.52697705643289,창녕,28.5,35.2,22.8,AWS,LC09_L2SP_114036_20250725_20250727_02_T1
LC09_L2SP_114036_20250725_20250727_02_T1,2025-07-25,114,036,936,36.792029060000004,36.90358672228573,38.970137834639196,37.14850844000002,신포,27.2,33.4,21.9,AWS,LC09_L2SP_114036_20250725_20250727_02_T1
LC09_L2SP_114036_20250725_20250727_02_T1,2025-07-25,114,036,935,41.609158580000006,41.26361303428574,39.967373723655925,38.28156400794232,청덕,28.0,34.4,22.6,AWS,LC09_L2SP_114036_20250725_20250727_02_T1
LC09_L2SP_114036_20250725_20250727_02_T1,2025-07-25,114,036,922,39.389724260000015,39.49112552000002,,,단장,26.3,32.0,20.5,AWS,LC09_L2SP_114036_20250725_20250727_02_T1
LC09_L2SP_115034_20230609_20230611_02_T1,2023-06-09,115,034,542,33.468574280000006,34.05559480057145,31.64636680308494,30.013987462526334,청평,20.1,27.5,14.7,AWS,LC09_L2SP_115034_20230609_20230611_02_T1
LC09_L2SP_115034_20230609_20230611_02_T1,2023-06-09,115,034,558,31.32547574000002,31.336218088571442,30.85675674536084,29.07383382491398,팔봉,20.4,28.9,14.4,AWS,LC09_L2SP_115034_20230609_20230611_02_T1
LC09_L2SP_115034_20230609_20230611_02_T1,2023-06-09,115,034,623,39.76228844000004,39.57013061085716,39.81023750859225,38.299148893500984,증평,23.2,28.9,19.5,AWS,LC09_L2SP_115034_20230609_20230611_02_T1
LC09_L2SP_115034_20230609_20230611_02_T1,2023-06-09,115,034,551,37.42094474000002,37.94947642785717,38.854869154367265,37.27738518647814,평택,23.0,29.3,18.9,AWS,LC09_L2SP_115034_20230609_20230611_02_T1
LC09_L2SP_115034_20230609_20230611_02_T1,2023-06-09,115,034,572,36.52086614000001,36.36471145485715,36.43691909896909,35.71157814519348,성남,22.5,28.5,17.4,AWS,LC09_L2SP_115034_20230609_20230611_02_T1
LC09_L2SP_115034_20230609_20230611_02_T1,2023-06-09,115,034,837,36.86152880000001,36.3903954337143,35.16014180680414,36.35719748635559,이산,21.3,28.7,15.9,AWS,LC09_L2SP_115034_20230609_20230611_02_T1
LC09_L2SP_115034_20230609_20230611_02_T1,2023-06-09,115,034,561,34.04621966000004,33.530391613142875,31.540988695229377,,청일,19.7,26.8,14.7,AWS,LC09_L2SP_115034_20230609_20230611_02_T1
LC09_L2SP_115034_20230609_20230611_02_T1,2023-06-09,115,034,597,30.948354200000022,31.22068901257145,29.477693344948474,28.13443653564846,대화,17.5,23.6,12.4,AWS,LC09_L2SP_115034_20230609_20230611_02_T1
LC09_L2SP_115034_20230609_20230611_02_T1,2023-06-09,115,034,525,33.18943598000002,32.985363909714295,32.06639420887437,29.347857355801125,봉평,17.7,24.8,13.0,AWS,LC09_L2SP_115034_20230609_20230611_02_T1
LC09_L2SP_115034_20230609_20230611_02_T1,2023-06-09,115,034,547,32.872699460000035,33.06261116171431,32.40879248515024,30.699726523790268,양동,21.2,28.5,15.3,AWS,LC09_L2SP_115034_20230609_20230611_02_T1
LC09_L2SP_115034_20230609_20230611_02_T1,2023-06-09,115,034,527,32.16972668000003,31.6748950417143,29.390077931418375,27.41816965188172,신동,18.9,25.9,13.6,AWS,LC09_L2SP_115034_20230609_20230611_02_T1
LC09_L2SP_115034_20230609_20230611_02_T1,2023-06-09,115,034,583,,30.268575127142878,28.279776860800016,26.469678583393524,안흥,17.3,23.1,12.6,AWS,LC09_L2SP_115034_20230609_20230611_02_T1
LC09_L2SP_115034_20230609_20230611_02_T1,2023-06-09,115,034,520,,,,24.201626750452068,설악동,19.5,25.4,13.9,AWS,LC09_L2SP_115034_20230609_20230611_02_T1
LC09_L2SP_115034_20230609_20230611_02_T1,2023-06-09,115,034,580,27.755923519999993,28.12298631542859,29.659780236288682,29.915369778711728,옥계,19.3,24.9,14.4,AWS,LC09_L2SP_115034_20230609_20230611_02_T1
LC09_L2SP_115034_20230609_20230611_02_T1,2023-06-09,115,034,619,38.61269438000003,38.05399459657144,35.67910317322619,35.902506081203114,음성,22.0,28.0,15.5,AWS,LC09_L2SP_115034_20230609_20230611_02_T1
LC09_L2SP_115034_20230609_20230611_02_T1,2023-06-09,115,034,535,32.71660988000004,32.62500694400003,32.772627778422034,31.226752384736017,서석,18.6,26.1,13.6,AWS,LC09_L2SP_115034_20230609_20230611_02_T1
LC09_L2SP_115034_20230609_20230611_02_T1,2023-06-09,115,034,831,24.62843522000003,24.589730212571453,24.3619862703093,23.94216210484972,석포,17.3,25.2,10.6,AWS,LC09_L2SP_115034_20230609_20230611_02_T1
LC09_L2SP_115034_20230609_20230611_02_T1,2023-06-09,115,034,325,35.55926318000004,35.14369705314288,33.001254990000014,31.910010367756364,백운,20.9,27.4,14.7,AWS,LC09_L2SP_115034_20230609_20230611_02_T1
LC09_L2SP_115034_20230609_20230611_02_T1,2023-06-09,115,034,563,,,,26.58315044209901,북평,19.8,26.7,14.1,AWS,LC09_L2SP_115034_20230609_20230611_02_T1
LC09_L2SP_115034_20230609_20230611_02_T1,2023-06-09,115,034,674,29.98561189999998,27.773925092000013,26.67871780505355,25.972164895454565,사북,18.3,23.8,12.8,AWS,LC09_L2SP_115034_20230609_20230611_02_T1
LC09_L2SP_115034_20230609_20230611_02_T1,2023-06-09,115,034,559,31.392696800000028,30.67723056758623,26.998116100650705,24.930902538950978,내면,17.2,24.3,12.2,AWS,LC09_L2SP_115034_20230609_20230611_02_T1
LC09_L2SP_115034_20230609_20230611_02_T1,2023-06-09,115,034,878,26.421756380000016,25.865237618857158,24.442977291752598,24.457457241975398,도계,18.7,24.8,12.6,AWS,LC09_L2SP_115034_20230609_20230611_02_T1
LC09_L2SP_115034_20230609_20230611_02_T1,2023-06-09,115,034,531,30.596298140000005,30.2188185217143,27.90191956556703,26.89604533224973,가평북면,20.3,28.0,15.7,AWS,LC09_L2SP_115034_20230609_20230611_02_T1
LC09_L2SP_115034_20230609_20230611_02_T1,2023-06-09,115,034,548,33.154116439999996,32.89926032375002,32.63275074076089,31.519682687230784,여주,21.8,27.3,17.3,AWS,LC09_L2SP_115034_20230609_20230611_02_T1
LC09_L2SP_115034_20230609_20230611_02_T1,2023-06-09,115,034,601,,,37.8992081780488,34.027741891097484,단양,22.8,29.1,17.4,AWS,LC09_L2SP_115034_20230609_20230611_02_T1
LC09_L2SP_115034_20230609_20230611_02_T1,2023-06-09,115,034,600,42.290483900000005,42.1655796834286,37.07390412515466,33.25120428019438,금왕,23.5,30.6,17.8,AWS,LC09_L2SP_115034_20230609_20230611_02_T1
LC09_L2SP_115034_20230609_20230611_02_T1,2023-06-09,115,034,516,37.614632540000024,37.668246625142885,36.419429642680434,35.42248044219531,안성,22.3,28.4,18.6,AWS,LC09_L2SP_115034_20230609_20230611_02_T1
LC09_L2SP_115034_20230609_20230611_02_T1,2023-06-09,115,034,978,31.16255012000003,31.413953629142874,29.783721635051563,27.962380228482242,춘천신북,21.0,28.1,15.8,AWS,LC09_L2SP_115034_20230609_20230611_02_T1
LC09_L2SP_115034_20230609_20230611_02_T1,2023-06-09,115,034,495,,,,35.68950327871289,공도,23.5,28.8,19.2,AWS,LC09_L2SP_115034_20230609_20230611_02_T1
LC09_L2SP_115034_20230609_20230611_02_T1,2023-06-09,115,034,526,35.83498346000001,35.20492844000002,31.699854577890928,31.050248472559385,평창,21.1,27.9,15.2,AWS,LC09_L2SP_115034_20230609_20230611_02_T1
LC09_L2SP_115034_20230609_20230611_02_T1,2023-06-09,115,034,596,30.909616640000024,30.617945600000017,28.200430560824763,27.013168431640445,오색,19.5,26.7,13.6,AWS,LC09_L2SP_115034_20230609_20230611_02_T1
LC09_L2SP_115034_20230609_20230611_02_T1,2023-06-09,115,034,582,35.91359792000001,35.482862294857156,33.45863379981653,30.494924294654844,신림,20.4,26.9,13.8,AWS,LC09_L2SP_115034_20230609_20230611_02_T1
LC09_L2SP_115034_20230609_20230611_02_T1,2023-06-09,115,034,591,31.01899328,30.229248365600018,24.983426528813578,24.135301506467616,치악산,19.2,26.6,14.8,AWS,LC09_L2SP_115034_20230609_20230611_02_T1
LC09_L2SP_115034_20230609_20230611_02_T1,2023-06-09,115,034,676,,,,36.93254712434416,위성센터,22.0,28.5,18.0,AWS,LC09_L2SP_115034_20230609_20230611_02_T1
LC09_L2SP_115034_20230609_20230611_02_T1,2023-06-09,115,034,602,39.31110980000003,38.84306892800002,37.25088779233947,37.549661709202084,진천,23.3,29.3,18.8,AWS,LC09_L2SP_115034_20230609_20230611_02_T1
LC09_L2SP_115034_20230609_20230611_02_T1,2023-06-09,115,034,505,,,34.11323166678901,32.75817264086574,가평조종,19.9,27.2,14.5,AWS,LC09_L2SP_115034_20230609_20230611_02_T1
LC09_L2SP_115034_20230609_20230611_02_T1,2023-06-09,115,034,533,36.466177820000006,37.08776917142858,36.460708988000015,34.89591128000002,백사,21.6,27.6,17.9,AWS,LC09_L2SP_115034_20230609_20230611_02_T1
LC09_L2SP_115034_20230609_20230611_02_T1,2023-06-09,115,034,682,16.786358000000025,16.836879590857162,16.929734158296217,16.60695843828851,임남,14.9,20.3,9.0,AWS,LC09_L2SP_115034_20230609_20230611_02_T1
LC09_L2SP_115034_20230609_20230611_02_T1,2023-06-09,115,034,576,31.625122160000046,30.84539041657145,30.292635423902453,31.082577809155406,백암,21.0,27.8,15.2,AWS,LC09_L2SP_115034_20230609_20230611_02_T1
LC09_L2SP_115034_20230609_20230611_02_T1,2023-06-09,115,034,620,31.39383614000002,31.590055806666687,32.413522188163284,33.433221628401604,엄정,22.3,28.6,16.8,AWS,LC09_L2SP_115034_20230609_20230611_02_T1
LC09_L2SP_115034_20230609_20230611_02_T1,2023-06-09,115,034,639,,,,27.758836699273626,덕산,21.1,27.7,14.7,AWS,LC09_L2SP_115034_20230609_20230611_02_T1
LC09_L2SP_115034_20230609_20230611_02_T1,2023-06-09,115,034,579,28.830321140000024,28.645381843571442,27.767968336367733,,하장,17.0,24.9,10.8,AWS,LC09_L2SP_115034_20230609_20230611_02_T1
LC09_L2SP_115034_20230609_20230611_02_T1,2023-06-09,115,034,541,33.989252660000034,33.81486853485716,34.04741576896873,34.873957594609024,남양주,21.7,29.2,15.4,AWS,LC09_L2SP_115034_20230609_20230611_02_T1
LC09_L2SP_115034_20230609_20230611_02_T1,2023-06-09,115,034,977,39.03197150000002,38.34862792057144,36.73489370391754,36.125725794285735,오창가곡,23.7,30.0,19.8,AWS,LC09_L2SP_115034_20230609_20230611_02_T1
LC09_L2SP_115034_20230609_20230611_02_T1,2023-06-09,115,034,549,37.63058330000003,38.30087329828573,39.31545965134022,36.23849822879877,용인,21.5,27.2,17.9,AWS,LC09_L2SP_115034_20230609_20230611_02_T1
LC09_L2SP_115034_20230609_20230611_02_T1,2023-06-09,115,034,428,34.58968484000002,35.12982965771431,36.46520999354841,34.59786895916939,하남덕풍,22.3,29.5,16.8,AWS,LC09_L2SP_115034_20230609_20230611_02_T1
LC09_L2SP_115034_20230609_20230611_02_T1,2023-06-09,115,034,586,,,,25.7973754988119,북산,19.2,26.3,13.8,AWS,LC09_L2SP_115034_20230609_20230611_02_T1
LC09_L2SP_115034_20230609_20230611_02_T1,2023-06-09,115,034,815,36.8330453,36.25474886857145,34.78666537175259,33.809448802116016,예천,22.6,29.5,17.0,AWS,LC09_L2SP_115034_20230609_20230611_02_T1
LC09_L2SP_115034_20230609_20230611_02_T1,2023-06-09,115,034,350,,,,23.13104645500002,조침령,16.4,23.6,11.2,AWS,LC09_L2SP_115034_20230609_20230611_02_T1
LC09_L2SP_115034_20230609_20230611_02_T1,2023-06-09,115,034,876,37.000528280000026,37.04372554228573,36.21668193628868,34.68700593851705,삼척,20.7,26.1,15.1,AWS,LC09_L2SP_115034_20230609_20230611_02_T1
LC09_L2SP_115034_20230609_20230611_02_T1,2023-06-09,115,034,371,38.12847488000002,37.736021078857156,35.61985570865981,34.60158870868024,기흥구갈,23.0,29.6,18.1,AWS,LC09_L2SP_115034_20230609_20230611_02_T1
LC09_L2SP_115034_20230609_20230611_02_T1,2023-06-09,115,034,444,36.28844078000001,36.39029777600002,37.91504243525775,37.367923516117976,하남,21.3,28.8,16.0,AWS,LC09_L2SP_115034_20230609_20230611_02_T1
LC09_L2SP_115034_20230609_20230611_02_T1,2023-06-09,115,034,364,38.358621559999996,37.63172264000002,35.844642342388084,35.78789822861974,분당구,24.6,30.6,19.4,AWS,LC09_L2SP_115034_20230609_20230611_02_T1
LC09_L2SP_115034_20230609_20230611_02_T1,2023-06-09,115,034,573,,,33.095256665483895,31.51774344054056,청운,20.0,27.5,14.0,AWS,LC09_L2SP_115034_20230609_20230611_02_T1
LC09_L2SP_115034_20230609_20230611_02_T1,2023-06-09,115,034,696,38.71865300000004,38.20907504685717,34.17565025010311,32.28703987407757,신기,21.1,27.4,15.3,AWS,LC09_L2SP_115034_20230609_20230611_02_T1
LC09_L2SP_115034_20230609_20230611_02_T1,2023-06-09,115,034,660,27.831119960000006,28.208534473142876,26.20862541010311,24.646888744334404,면온,17.4,24.1,11.9,AWS,LC09_L2SP_115034_20230609_20230611_02_T1
LC09_L2SP_115034_20230609_20230611_02_T1,2023-06-09,115,034,622,39.390863600000024,39.22168788628573,33.973142708152444,31.992099576315805,수안보,21.5,27.7,14.5,AWS,LC09_L2SP_115034_20230609_20230611_02_T1
LC09_L2SP_115034_20230609_20230611_02_T1,2023-06-09,115,034,621,35.52280430000002,35.22074898971431,32.242883909634486,29.509438069268313,수산,22.2,28.8,15.3,AWS,LC09_L2SP_115034_20230609_20230611_02_T1
LC09_L2SP_115034_20230609_20230611_02_T1,2023-06-09,115,034,603,40.67034242000003,40.63118167657145,36.436004408763026,34.79961020325767,괴산,22.3,28.9,14.8,AWS,LC09_L2SP_115034_20230609_20230611_02_T1
LC09_L2SP_115034_20230609_20230611_02_T1,2023-06-09,115,034,877,31.988571620000016,31.93110615875002,30.995258967653086,31.200897606390885,문막,21.6,28.3,16.9,AWS,LC09_L2SP_115034_20230609_20230611_02_T1
LC09_L2SP_115034_20230609_20230611_02_T1,2023-06-09,115,034,838,,,,28.90670845198589,동로,19.9,27.0,14.2,AWS,LC09_L2SP_115034_20230609_20230611_02_T1
LC09_L2SP_115034_20230609_20230611_02_T1,2023-06-09,115,034,839,37.71603380000003,37.72605999200002,37.48138307400348,35.992211746329275,길안,22.0,29.5,15.8,AWS,LC09_L2SP_115034_20230609_20230611_02_T1
LC09_L2SP_115034_20230609_20230611_02_T1,2023-06-09,115,034,593,27.710349920000017,28.561875107692337,27.81115546794287,26.897151079407536,양양영덕,19.8,26.8,14.6,AWS,LC09_L2SP_115034_20230609_20230611_02_T1
LC09_L2SP_115034_20230609_20230611_02_T1,2023-06-09,115,034,497,26.678107880000045,26.53253278057144,24.235905774305415,23.722056643094295,삽당령,16.5,24.2,9.2,AWS,LC09_L2SP_115034_20230609_20230611_02_T1
LC09_L2SP_115034_20230609_20230611_02_T1,2023-06-09,115,034,522,28.389396560000005,28.08988035028573,27.27922272883723,27.919729600915257,화촌,19.2,27.1,14.7,AWS,LC09_L2SP_115034_20230609_20230611_02_T1
LC09_L2SP_115034_20230609_20230611_02_T1,2023-06-09,115,034,677,35.25278072000003,35.142525160571445,30.788047737186062,28.824310220371405,달방댐,19.8,27.3,13.4,AWS,LC09_L2SP_115034_20230609_20230611_02_T1
LC09_L2SP_115034_20230609_20230611_02_T1,2023-06-09,115,034,588,32.70977384000005,32.84034220400002,31.381865008632097,30.16023237766566,남산,20.1,27.7,15.0,AWS,LC09_L2SP_115034_20230609_20230611_02_T1
LC09_L2SP_115034_20230609_20230611_02_T1,2023-06-09,115,034,814,32.67673298000003,32.97188714514288,32.259339098969086,30.40629499222324,부석,20.0,27.4,13.1,AWS,LC09_L2SP_115034_20230609_20230611_02_T1
LC09_L2SP_115034_20230609_20230611_02_T1,2023-06-09,115,034,818,31.267369400000046,30.29538216971431,28.166070258969093,28.627427391708206,마성,21.2,28.2,15.2,AWS,LC09_L2SP_115034_20230609_20230611_02_T1
LC09_L2SP_115034_20230609_20230611_02_T1,2023-06-09,115,034,581,32.50469264000001,32.1397457617143,28.720489907628625,25.892314122750246,상동,18.9,25.6,13.9,AWS,LC09_L2SP_115034_20230609_20230611_02_T1
LC09_L2SP_115034_20230609_20230611_02_T1,2023-06-09,115,034,617,42.601523720000046,42.54009701771432,38.28683922474229,37.87072156740403,직산,23.9,29.8,19.3,AWS,LC09_L2SP_115034_20230609_20230611_02_T1
LC09_L2SP_115034_20230609_20230611_02_T1,2023-06-09,115,034,349,28.17975800000001,28.357169514285733,28.70872106536084,28.482920891394787,시동,19.4,26.4,13.8,AWS,LC09_L2SP_115034_20230609_20230611_02_T1
LC09_L2SP_115034_20230609_20230611_02_T1,2023-06-09,115,034,569,34.53271784000003,34.919767914285735,34.971180973945685,35.408030643143675,구리,22.2,28.8,16.5,AWS,LC09_L2SP_115034_20230609_20230611_02_T1
LC09_L2SP_115034_20230609_20230611_02_T1,2023-06-09,115,034,324,30.991649119999995,30.218942030000015,28.11643960462688,29.514206964059216,송계,22.2,28.3,16.0,AWS,LC09_L2SP_115034_20230609_20230611_02_T1
LC09_L2SP_115034_20230609_20230611_02_T1,2023-06-09,115,034,550,36.443391020000014,35.74126460685717,34.063713031546406,34.30509058506144,오산,22.4,28.3,18.3,AWS,LC09_L2SP_115034_20230609_20230611_02_T1
LC09_L2SP_115034_20230609_20230611_02_T1,2023-06-09,115,034,347,28.30736408000003,28.70844431257145,29.244401322715422,28.48087258313519,귀래,20.8,27.2,15.4,AWS,LC09_L2SP_115034_20230609_20230611_02_T1
LC09_L2SP_115034_20240611_20240612_02_T1,2024-06-11,115,034,558,30.543888500000037,30.542260871428596,29.906636063436142,28.44554636565497,팔봉,24.2,31.7,18.0,AWS,LC09_L2SP_115034_20240611_20240612_02_T1
LC09_L2SP_115034_20240611_20240612_02_T1,2024-06-11,115,034,623,39.11742200000001,38.59804572285716,38.786085483917546,35.90980479521903,증평,24.4,31.8,18.0,AWS,LC09_L2SP_115034_20240611_20240612_02_T1
LC09_L2SP_115034_20240611_20240612_02_T1,2024-06-11,115,034,551,37.46423966000001,38.01673817857144,39.47160124694791,38.05611373117597,평택,24.7,32.3,20.8,AWS,LC09_L2SP_115034_20240611_20240612_02_T1
LC09_L2SP_115034_20240611_20240612_02_T1,2024-06-11,115,034,572,38.78929208000002,38.622557809142876,38.54352743690723,37.806823508834825,성남,24.7,30.7,19.8,AWS,LC09_L2SP_115034_20240611_20240612_02_T1
LC09_L2SP_115034_20240611_20240612_02_T1,2024-06-11,115,034,837,33.76936004000002,33.56525541714287,33.184087737938164,34.35864508444319,이산,23.8,33.2,16.9,AWS,LC09_L2SP_115034_20240611_20240612_02_T1
LC09_L2SP_115034_20240611_20240612_02_T1,2024-06-11,115,034,587,31.09646840000001,30.52800284514288,28.2020460853381,27.1152234943211,방산,23.0,30.7,16.8,AWS,LC09_L2SP_115034_20240611_20240612_02_T1
LC09_L2SP_115034_20240611_20240612_02_T1,2024-06-11,115,034,820,34.77995462000001,33.92639364457144,31.756113315228934,32.096933408456074,하회,24.2,32.2,15.6,AWS,LC09_L2SP_115034_20240611_20240612_02_T1
LC09_L2SP_115034_20240611_20240612_02_T1,2024-06-11,115,034,831,25.112654720000005,25.073428871428586,24.92479282350517,24.540526968239355,석포,21.1,29.8,15.2,AWS,LC09_L2SP_115034_20240611_20240612_02_T1
LC09_L2SP_115034_20240611_20240612_02_T1,2024-06-11,115,034,560,35.889671780000015,36.03404243428573,36.91418648209,34.507158531089274,진부,23.3,31.4,17.1,AWS,LC09_L2SP_115034_20240611_20240612_02_T1
LC09_L2SP_115034_20240611_20240612_02_T1,2024-06-11,115,034,597,33.24982100000002,33.40363190000002,31.86389023752579,30.609134877961655,대화,21.6,28.7,16.3,AWS,LC09_L2SP_115034_20240611_20240612_02_T1
LC09_L2SP_115034_20240611_20240612_02_T1,2024-06-11,115,034,563,,,,26.121098551175713,북평,24.2,32.4,17.3,AWS,LC09_L2SP_115034_20240611_20240612_02_T1
LC09_L2SP_115034_20240611_20240612_02_T1,2024-06-11,115,034,546,36.72708668000001,36.30465196057145,33.52683996825177,32.73211467849868,경기광주,24.1,30.7,18.8,AWS,LC09_L2SP_115034_20240611_20240612_02_T1
LC09_L2SP_115034_20240611_20240612_02_T1,2024-06-11,115,034,594,37.075724720000004,37.126929914857165,35.12952057608249,32.89700070478101,서화,22.9,30.9,15.9,AWS,LC09_L2SP_115034_20240611_20240612_02_T1
LC09_L2SP_115034_20240611_20240612_02_T1,2024-06-11,115,034,559,31.941858680000013,31.97206746628573,30.00236137257734,27.73727237406737,내면,22.3,29.6,17.3,AWS,LC09_L2SP_115034_20240611_20240612_02_T1
LC09_L2SP_115034_20240611_20240612_02_T1,2024-06-11,115,034,495,,,,36.41516438710918,공도,24.9,32.4,20.4,AWS,LC09_L2SP_115034_20240611_20240612_02_T1
LC09_L2SP_115034_20240611_20240612_02_T1,2024-06-11,115,034,972,37.19079806000002,37.82062521200001,,33.62260903017634,안동옥동,24.7,33.0,16.4,AWS,LC09_L2SP_115034_20240611_20240612_02_T1
LC09_L2SP_115034_20240611_20240612_02_T1,2024-06-11,115,034,591,32.67559364000001,30.16657164457144,25.30272873711342,24.56438950351562,치악산,22.4,30.0,17.0,AWS,LC09_L2SP_115034_20240611_20240612_02_T1
LC09_L2SP_115034_20240611_20240612_02_T1,2024-06-11,115,034,582,34.304849839999996,33.941432932571445,32.57727368783507,30.682520563133284,신림,22.1,31.0,14.4,AWS,LC09_L2SP_115034_20240611_20240612_02_T1
LC09_L2SP_115034_20240611_20240612_02_T1,2024-06-11,115,034,596,36.01841720000002,35.732670728000016,32.86694794639177,31.848925981242505,오색,27.1,33.1,22.7,AWS,LC09_L2SP_115034_20240611_20240612_02_T1
LC09_L2SP_115034_20240611_20240612_02_T1,2024-06-11,115,034,592,,,,28.43244328639565,부론,23.2,30.8,16.9,AWS,LC09_L2SP_115034_20240611_20240612_02_T1
LC09_L2SP_115034_20240611_20240612_02_T1,2024-06-11,115,034,676,38.058975139999994,37.567854494857166,34.47066883546394,34.9150607997661,위성센터,24.1,31.6,16.9,AWS,LC09_L2SP_115034_20240611_20240612_02_T1
LC09_L2SP_115034_20240611_20240612_02_T1,2024-06-11,115,034,602,37.45512494000002,37.035717609714304,35.85973571938146,36.572555252642445,진천,24.7,32.2,18.2,AWS,LC09_L2SP_115034_20240611_20240612_02_T1
LC09_L2SP_115034_20240611_20240612_02_T1,2024-06-11,115,034,505,31.610310740000028,31.921871401142887,33.99171727395836,32.71914600067209,가평조종,24.3,31.4,18.8,AWS,LC09_L2SP_115034_20240611_20240612_02_T1
LC09_L2SP_115034_20240611_20240612_02_T1,2024-06-11,115,034,533,37.345748300000004,37.918836320000004,36.859453713402075,36.10325513758375,백사,24.7,30.4,20.3,AWS,LC09_L2SP_115034_20240611_20240612_02_T1
LC09_L2SP_115034_20240611_20240612_02_T1,2024-06-11,115,034,682,22.71092600000003,22.711967682285735,22.639394241237135,22.237808602774887,임남,18.8,25.0,14.5,AWS,LC09_L2SP_115034_20240611_20240612_02_T1
LC09_L2SP_115034_20240611_20240612_02_T1,2024-06-11,115,034,576,37.46879702000001,36.206310642285736,33.96938664226806,33.40638843087319,백암,23.4,30.5,17.3,AWS,LC09_L2SP_115034_20240611_20240612_02_T1
LC09_L2SP_115034_20240611_20240612_02_T1,2024-06-11,115,034,539,,,,31.77141687310028,포천이동,24.1,32.1,18.6,AWS,LC09_L2SP_115034_20240611_20240612_02_T1
LC09_L2SP_115034_20240611_20240612_02_T1,2024-06-11,115,034,620,32.75762612,33.08722090571431,33.859919951340224,33.9615527221833,엄정,23.9,31.0,16.5,AWS,LC09_L2SP_115034_20240611_20240612_02_T1
LC09_L2SP_115034_20240611_20240612_02_T1,2024-06-11,115,034,639,36.53681690000004,36.29488618914287,32.12199411326089,30.043002517714637,덕산,22.1,30.0,15.1,AWS,LC09_L2SP_115034_20240611_20240612_02_T1
LC09_L2SP_115034_20240611_20240612_02_T1,2024-06-11,115,034,579,30.08701316000001,29.96764288057145,28.359444838350537,27.73652803671877,하장,22.4,30.8,16.1,AWS,LC09_L2SP_115034_20240611_20240612_02_T1
LC09_L2SP_115034_20240611_20240612_02_T1,2024-06-11,115,034,678,,,26.160088975454567,26.175743052349013,강릉성산,25.2,30.6,20.3,AWS,LC09_L2SP_115034_20240611_20240612_02_T1
LC09_L2SP_115034_20240611_20240612_02_T1,2024-06-11,115,034,586,,,,26.543471290092782,북산,23.1,30.9,17.2,AWS,LC09_L2SP_115034_20240611_20240612_02_T1
LC09_L2SP_115034_20240611_20240612_02_T1,2024-06-11,115,034,428,34.29459578000003,34.733339337714305,35.583858829072184,35.00103030985479,하남덕풍,25.5,32.8,20.3,AWS,LC09_L2SP_115034_20240611_20240612_02_T1
LC09_L2SP_115034_20240611_20240612_02_T1,2024-06-11,115,034,977,39.525305720000006,38.77236474285716,36.45202024804126,35.64157193282567,오창가곡,25.1,32.1,18.6,AWS,LC09_L2SP_115034_20240611_20240612_02_T1
LC09_L2SP_115034_20240611_20240612_02_T1,2024-06-11,115,034,568,33.65998340000002,34.2138002977143,35.67413684185569,33.50383282470085,일동,23.7,31.8,17.9,AWS,LC09_L2SP_115034_20240611_20240612_02_T1
LC09_L2SP_115034_20240611_20240612_02_T1,2024-06-11,115,034,835,37.33891226000001,36.58219518457145,35.191456496647554,33.59008028901471,봉화읍,24.6,33.8,16.7,AWS,LC09_L2SP_115034_20240611_20240612_02_T1
LC09_L2SP_115034_20240611_20240612_02_T1,2024-06-11,115,034,849,35.57293526000001,35.28324992685715,35.27626443587631,33.806303620612674,지보,25.0,33.9,17.2,AWS,LC09_L2SP_115034_20240611_20240612_02_T1
LC09_L2SP_115034_20240611_20240612_02_T1,2024-06-11,115,034,350,31.792605140000017,30.769901003428593,28.555517030309296,27.786400294188397,조침령,22.6,29.7,17.0,AWS,LC09_L2SP_115034_20240611_20240612_02_T1
LC09_L2SP_115034_20240611_20240612_02_T1,2024-06-11,115,034,371,39.79874732000002,39.4127063754286,37.4534687859794,36.500430431531655,기흥구갈,24.5,31.5,19.1,AWS,LC09_L2SP_115034_20240611_20240612_02_T1
LC09_L2SP_115034_20240611_20240612_02_T1,2024-06-11,115,034,364,40.043705420000016,39.63116668228573,37.72024270206188,37.27933032881326,분당구,25.4,31.8,21.0,AWS,LC09_L2SP_115034_20240611_20240612_02_T1
LC09_L2SP_115034_20240611_20240612_02_T1,2024-06-11,115,034,444,32.04781730000002,32.042576336000025,34.03438638822787,35.62764368127031,하남,24.4,31.7,19.2,AWS,LC09_L2SP_115034_20240611_20240612_02_T1
LC09_L2SP_115034_20240611_20240612_02_T1,2024-06-11,115,034,599,35.71991012000001,34.73255807600001,30.58608836530037,29.28868501067221,광릉,23.6,31.6,17.4,AWS,LC09_L2SP_115034_20240611_20240612_02_T1
LC09_L2SP_115034_20240611_20240612_02_T1,2024-06-11,115,034,573,33.74030686999998,32.78155226000002,31.98800975369865,30.754017743996926,청운,23.5,30.6,17.7,AWS,LC09_L2SP_115034_20240611_20240612_02_T1
LC09_L2SP_115034_20240611_20240612_02_T1,2024-06-11,115,034,696,41.66270756000002,40.44983130114287,34.593114605773216,32.84554546181508,신기,28.1,34.8,20.8,AWS,LC09_L2SP_115034_20240611_20240612_02_T1
LC09_L2SP_115034_20240611_20240612_02_T1,2024-06-11,115,034,660,33.52098392000001,33.16642131200002,30.275489751958784,28.482829942095638,면온,21.6,28.7,15.2,AWS,LC09_L2SP_115034_20240611_20240612_02_T1
LC09_L2SP_115034_20240611_20240612_02_T1,2024-06-11,115,034,622,45.505701380000026,44.596377849714294,36.44929131340208,33.04895630391643,수안보,22.6,30.6,14.9,AWS,LC09_L2SP_115034_20240611_20240612_02_T1
LC09_L2SP_115034_20240611_20240612_02_T1,2024-06-11,115,034,621,30.281840300000038,30.429351320000023,28.917407007667183,27.494168127480936,수산,23.7,32.1,17.0,AWS,LC09_L2SP_115034_20240611_20240612_02_T1
LC09_L2SP_115034_20240611_20240612_02_T1,2024-06-11,115,034,630,34.905282020000016,34.988811918285734,34.398271804742286,33.19429701178359,노은,23.7,30.6,16.9,AWS,LC09_L2SP_115034_20240611_20240612_02_T1
LC09_L2SP_115034_20240611_20240612_02_T1,2024-06-11,115,034,603,40.42766300000002,40.37258404914288,36.46135030721651,34.9032737416204,괴산,23.5,31.7,15.7,AWS,LC09_L2SP_115034_20240611_20240612_02_T1
LC09_L2SP_115034_20240611_20240612_02_T1,2024-06-11,115,034,323,,,30.68679295079454,29.2004480058512,마현,23.2,30.3,17.2,AWS,LC09_L2SP_115034_20240611_20240612_02_T1
LC09_L2SP_115034_20240611_20240612_02_T1,2024-06-11,115,034,504,39.65063312000001,39.45089054171431,37.934826232577336,37.65340629914184,포천,24.8,32.6,19.5,AWS,LC09_L2SP_115034_20240611_20240612_02_T1
LC09_L2SP_115034_20240611_20240612_02_T1,2024-06-11,115,034,877,31.203566360000007,30.674196443428595,30.51378470909838,30.906925998990147,문막,24.3,31.1,19.0,AWS,LC09_L2SP_115034_20240611_20240612_02_T1
LC09_L2SP_115034_20240611_20240612_02_T1,2024-06-11,115,034,588,37.35600236000005,36.731416172000024,33.926933502680434,32.33640465210696,남산,24.2,31.0,18.5,AWS,LC09_L2SP_115034_20240611_20240612_02_T1
LC09_L2SP_115034_20240611_20240612_02_T1,2024-06-11,115,034,581,30.711371480000007,30.02926489828573,27.18111027548389,22.959418566799375,상동,23.1,30.5,17.6,AWS,LC09_L2SP_115034_20240611_20240612_02_T1
LC09_L2SP_115034_20240611_20240612_02_T1,2024-06-11,115,034,522,28.375724480000013,28.196913205142874,27.880440413902456,28.661812043885053,화촌,23.9,30.8,18.4,AWS,LC09_L2SP_115034_20240611_20240612_02_T1
LC09_L2SP_115034_20240611_20240612_02_T1,2024-06-11,115,034,497,31.43827040000002,31.183481423428592,28.978567456349044,28.2111741967438,삽당령,21.2,31.7,13.4,AWS,LC09_L2SP_115034_20240611_20240612_02_T1
LC09_L2SP_115034_20240611_20240612_02_T1,2024-06-11,115,034,818,35.45216522000002,34.31829405200002,31.66478372082476,31.8553021101632,마성,24.2,31.5,16.9,AWS,LC09_L2SP_115034_20240611_20240612_02_T1
LC09_L2SP_115034_20240611_20240612_02_T1,2024-06-11,115,034,819,38.00770484000003,37.11101170742859,31.888928310721667,30.35791187576297,예안,23.4,32.6,16.0,AWS,LC09_L2SP_115034_20240611_20240612_02_T1
LC09_L2SP_115034_20240611_20240612_02_T1,2024-06-11,115,034,838,34.534996520000014,34.61663836914287,32.607421172371154,29.791948237177234,동로,22.8,30.2,16.1,AWS,LC09_L2SP_115034_20240611_20240612_02_T1
LC09_L2SP_115034_20240611_20240612_02_T1,2024-06-11,115,034,839,39.887615840000024,39.910858376000014,38.138201782686586,35.707725058252166,길안,25.0,34.0,16.6,AWS,LC09_L2SP_115034_20240611_20240612_02_T1
LC09_L2SP_115034_20240611_20240612_02_T1,2024-06-11,115,034,593,32.023891160000026,31.01404528914287,31.453906626564,31.573702731727767,양양영덕,27.4,33.2,22.6,AWS,LC09_L2SP_115034_20240611_20240612_02_T1
LC09_L2SP_115034_20240611_20240612_02_T1,2024-06-11,115,034,677,39.196036460000016,38.965531701714305,34.33003669298971,32.803563827696756,달방댐,27.8,33.1,22.1,AWS,LC09_L2SP_115034_20240611_20240612_02_T1
LC09_L2SP_115034_20240611_20240612_02_T1,2024-06-11,115,034,640,35.01921602000001,35.13275938914287,33.322065335670125,32.64823675905527,청천,22.7,30.6,14.8,AWS,LC09_L2SP_115034_20240611_20240612_02_T1
LC09_L2SP_115034_20240611_20240612_02_T1,2024-06-11,115,034,557,,,,24.876085798082595,기린,23.4,30.9,16.7,AWS,LC09_L2SP_115034_20240611_20240612_02_T1
LC09_L2SP_115034_20240611_20240612_02_T1,2024-06-11,115,034,569,,,36.718067629771014,37.59477562269518,구리,24.7,32.2,20.3,AWS,LC09_L2SP_115034_20240611_20240612_02_T1
LC09_L2SP_115034_20240611_20240612_02_T1,2024-06-11,115,034,324,,,28.749164451601445,29.620295235081258,송계,23.5,31.0,17.2,AWS,LC09_L2SP_115034_20240611_20240612_02_T1
LC09_L2SP_115034_20240611_20240612_02_T1,2024-06-11,115,034,638,36.54251360000003,36.77028394228573,33.365552712941195,33.21692001264727,영춘,23.7,31.1,16.8,AWS,LC09_L2SP_115034_20240611_20240612_02_T1
LC09_L2SP_115034_20240611_20240612_02_T1,2024-06-11,115,034,550,39.033110840000006,38.212102436000016,36.33081169917528,36.32185570463761,오산,24.1,31.3,17.5,AWS,LC09_L2SP_115034_20240611_20240612_02_T1
LC09_L2SP_115034_20240611_20240612_02_T1,2024-06-11,115,034,601,37.528042700000015,37.17429390628573,32.12919201670105,30.689761515600477,단양,24.7,33.0,17.5,AWS,LC09_L2SP_115034_20240611_20240612_02_T1
LC09_L2SP_115034_20240611_20240612_02_T1,2024-06-11,115,034,552,34.59993890000002,34.328157481142874,29.933476328041255,28.70129161890068,김화,23.3,30.4,17.6,AWS,LC09_L2SP_115034_20240611_20240612_02_T1
LC09_L2SP_115034_20240611_20240612_02_T1,2024-06-11,115,034,531,33.30564866000003,32.80361402545457,29.89900718055972,28.51136494479447,가평북면,24.0,31.9,18.2,AWS,LC09_L2SP_115034_20240611_20240612_02_T1
LC09_L2SP_115034_20240611_20240612_02_T1,2024-06-11,115,034,534,37.89604952000002,38.01737295371431,38.18193772432991,37.58725902397369,장호원,24.2,31.4,18.2,AWS,LC09_L2SP_115034_20240611_20240612_02_T1
LC09_L2SP_115034_20240611_20240612_02_T1,2024-06-11,115,034,617,36.52770218000004,36.94108728457146,37.65533555938146,37.3718816870026,직산,24.5,31.5,18.8,AWS,LC09_L2SP_115034_20240611_20240612_02_T1
LC09_L2SP_115034_20240611_20240612_02_T1,2024-06-11,115,034,520,,,,30.374987428854386,설악동,26.1,32.9,16.8,AWS,LC09_L2SP_115034_20240611_20240612_02_T1
LC09_L2SP_115034_20240611_20240612_02_T1,2024-06-11,115,034,876,34.1271128,34.12190438857145,33.60262487422682,32.04494495135347,삼척,28.1,31.8,21.7,AWS,LC09_L2SP_115034_20240611_20240612_02_T1
LC09_L2SP_115034_20240611_20240612_02_T1,2024-06-11,115,034,619,32.22897236000002,32.831748325142875,34.52293145668124,34.61081429825552,음성,23.7,30.8,16.5,AWS,LC09_L2SP_115034_20240611_20240612_02_T1
LC09_L2SP_115034_20240611_20240612_02_T1,2024-06-11,115,034,535,33.40021388,33.62033436800002,33.45687738768561,31.49128545622512,서석,23.5,30.6,18.0,AWS,LC09_L2SP_115034_20240611_20240612_02_T1
LC09_L2SP_115034_20240611_20240612_02_T1,2024-06-11,115,034,555,,,,27.33422078963893,화천,24.3,31.8,18.7,AWS,LC09_L2SP_115034_20240611_20240612_02_T1
LC09_L2SP_115034_20240611_20240612_02_T1,2024-06-11,115,034,600,38.719792340000005,38.94521889714287,37.18701200577322,33.76254454921846,금왕,23.8,32.6,16.1,AWS,LC09_L2SP_115034_20240611_20240612_02_T1
LC09_L2SP_115034_20240611_20240612_02_T1,2024-06-11,115,034,580,30.86860040000003,31.212192791428592,32.87042078000002,33.00552797708562,옥계,26.9,32.1,22.7,AWS,LC09_L2SP_115034_20240611_20240612_02_T1
LC09_L2SP_115034_20240611_20240612_02_T1,2024-06-11,115,034,541,34.956552320000036,34.719374284571444,35.308180087956224,35.50314330797843,남양주,25.6,33.0,20.6,AWS,LC09_L2SP_115034_20240611_20240612_02_T1
LC09_L2SP_115034_20240611_20240612_02_T1,2024-06-11,115,034,527,33.35464028000001,32.92960135485716,28.83915396144332,26.562634645685677,신동,23.3,30.7,18.3,AWS,LC09_L2SP_115034_20240611_20240612_02_T1
LC09_L2SP_115034_20240611_20240612_02_T1,2024-06-11,115,034,525,,,34.76682176961834,31.528557690161303,봉평,22.2,29.0,16.2,AWS,LC09_L2SP_115034_20240611_20240612_02_T1
LC09_L2SP_115034_20240611_20240612_02_T1,2024-06-11,115,034,519,,,,32.03091291807231,사내,22.1,31.2,15.2,AWS,LC09_L2SP_115034_20240611_20240612_02_T1
LC09_L2SP_115034_20240611_20240612_02_T1,2024-06-11,115,034,878,28.937419100000017,28.582075230285735,27.12963106268043,26.96950917073578,도계,23.3,30.5,18.1,AWS,LC09_L2SP_115034_20240611_20240612_02_T1
LC09_L2SP_115034_20240611_20240612_02_T1,2024-06-11,115,034,325,33.41160728,33.05255241714287,30.22399699110573,29.44911624632371,백운,22.7,31.2,15.6,AWS,LC09_L2SP_115034_20240611_20240612_02_T1
LC09_L2SP_115034_20240611_20240612_02_T1,2024-06-11,115,034,347,29.80787486000001,30.30055802857145,30.134830202680437,29.704960153542704,귀래,23.2,30.0,17.4,AWS,LC09_L2SP_115034_20240611_20240612_02_T1
LC09_L2SP_115034_20240611_20240612_02_T1,2024-06-11,115,034,814,36.890012300000045,36.859347777714305,35.10575887690723,32.749709778230766,부석,24.4,32.6,16.6,AWS,LC09_L2SP_115034_20240611_20240612_02_T1
LC09_L2SP_115034_20240611_20240612_02_T1,2024-06-11,115,034,815,38.74827584000002,37.8964727034286,36.15575269546393,34.89192169310848,예천,25.4,33.5,18.0,AWS,LC09_L2SP_115034_20240611_20240612_02_T1
LC09_L2SP_115034_20240611_20240612_02_T1,2024-06-11,115,034,548,31.72082672000003,32.05009598000003,33.40590401698159,33.873583066712776,여주,24.7,31.4,19.8,AWS,LC09_L2SP_115034_20240611_20240612_02_T1
LC09_L2SP_115034_20240611_20240612_02_T1,2024-06-11,115,034,516,39.21882326000002,39.36221733714287,38.22783629072167,36.94703435957889,안성,24.7,31.6,19.6,AWS,LC09_L2SP_115034_20240611_20240612_02_T1
LC09_L2SP_115034_20240611_20240612_02_T1,2024-06-11,115,034,498,28.472568380000002,27.423659423428585,25.271265725979397,25.037725093661628,구룡령,19.9,27.7,15.2,AWS,LC09_L2SP_115034_20240611_20240612_02_T1
LC09_L2SP_115034_20240611_20240612_02_T1,2024-06-11,115,034,549,38.48736698000001,39.16807380114289,40.34795226783507,37.91877169974221,용인,24.2,30.9,18.4,AWS,LC09_L2SP_115034_20240611_20240612_02_T1
LC09_L2SP_115034_20240611_20240612_02_T1,2024-06-11,115,034,681,34.54411124000004,34.50999614514288,33.689465290721664,30.41790482972232,간동,23.3,30.7,16.9,AWS,LC09_L2SP_115034_20240611_20240612_02_T1
LC09_L2SP_115034_20240814_20240815_02_T1,2024-08-14,115,034,558,36.77949632000002,36.926243312000025,37.16129267773198,35.422582299437124,팔봉,28.6,35.6,24.2,AWS,LC09_L2SP_115034_20240814_20240815_02_T1
LC09_L2SP_115034_20240814_20240815_02_T1,2024-08-14,115,034,551,42.685834880000016,43.488499910000016,44.605696285806474,42.31653981548678,평택,29.9,35.3,25.9,AWS,LC09_L2SP_115034_20240814_20240815_02_T1
LC09_L2SP_115034_20240814_20240815_02_T1,2024-08-14,115,034,837,40.98024290000001,40.669658816000016,39.34411542268043,40.47671887707989,이산,26.9,33.9,22.5,AWS,LC09_L2SP_115034_20240814_20240815_02_T1
LC09_L2SP_115034_20240814_20240815_02_T1,2024-08-14,115,034,587,38.275449740000035,37.828795907428585,36.297210859786496,35.50129578390246,방산,25.8,33.7,21.7,AWS,LC09_L2SP_115034_20240814_20240815_02_T1
LC09_L2SP_115034_20240814_20240815_02_T1,2024-08-14,115,034,820,41.361921800000026,40.90559985371431,39.576282347637246,38.812375733709075,하회,28.3,36.4,21.2,AWS,LC09_L2SP_115034_20240814_20240815_02_T1
LC09_L2SP_115034_20240814_20240815_02_T1,2024-08-14,115,034,583,36.61657070000001,36.01070224057144,34.75293151113404,33.50462788682651,안흥,24.3,30.3,19.6,AWS,LC09_L2SP_115034_20240814_20240815_02_T1
LC09_L2SP_115034_20240814_20240815_02_T1,2024-08-14,115,034,560,40.36044194000001,40.89358795485717,39.00859435982586,36.16143159843915,진부,24.6,32.5,18.5,AWS,LC09_L2SP_115034_20240814_20240815_02_T1
LC09_L2SP_115034_20240814_20240815_02_T1,2024-08-14,115,034,561,44.95540016000003,44.53221673142858,41.67895587958765,38.90387289111367,청일,27.4,35.4,21.7,AWS,LC09_L2SP_115034_20240814_20240815_02_T1
LC09_L2SP_115034_20240814_20240815_02_T1,2024-08-14,115,034,597,36.38414534000001,36.76471745257144,36.168430300000026,35.255865308101185,대화,25.2,32.3,19.4,AWS,LC09_L2SP_115034_20240814_20240815_02_T1
LC09_L2SP_115034_20240814_20240815_02_T1,2024-08-14,115,034,594,43.163218340000014,42.9208644457143,40.48526587489191,38.54652680342161,서화,25.5,32.0,19.9,AWS,LC09_L2SP_115034_20240814_20240815_02_T1
LC09_L2SP_115034_20240814_20240815_02_T1,2024-08-14,115,034,559,38.92487354000002,38.18729737657145,35.975075296907235,33.92816235017279,내면,24.5,31.4,19.9,AWS,LC09_L2SP_115034_20240814_20240815_02_T1
LC09_L2SP_115034_20240814_20240815_02_T1,2024-08-14,115,034,978,40.146246020000014,40.52541837200002,38.66793083608249,36.71605811897532,춘천신북,29.5,36.7,24.3,AWS,LC09_L2SP_115034_20240814_20240815_02_T1
LC09_L2SP_115034_20240814_20240815_02_T1,2024-08-14,115,034,972,47.472202219999986,48.78540550400001,,43.02628905611997,안동옥동,27.3,35.0,20.9,AWS,LC09_L2SP_115034_20240814_20240815_02_T1
LC09_L2SP_115034_20240814_20240815_02_T1,2024-08-14,115,034,526,42.26883644000005,41.38539220400002,36.98499313654777,36.606295702664646,평창,27.4,34.5,21.9,AWS,LC09_L2SP_115034_20240814_20240815_02_T1
LC09_L2SP_115034_20240814_20240815_02_T1,2024-08-14,115,034,591,39.658608500000035,38.081924702857165,33.53675349555876,32.75777177827888,치악산,26.4,34.5,21.6,AWS,LC09_L2SP_115034_20240814_20240815_02_T1
LC09_L2SP_115034_20240814_20240815_02_T1,2024-08-14,115,034,582,38.35178552,38.22030568400002,37.49995072577321,35.445653162938406,신림,26.7,34.2,20.6,AWS,LC09_L2SP_115034_20240814_20240815_02_T1
LC09_L2SP_115034_20240814_20240815_02_T1,2024-08-14,115,034,676,45.26757932,44.704582597142874,41.921674452164964,42.39427916586389,위성센터,29.0,35.5,24.3,AWS,LC09_L2SP_115034_20240814_20240815_02_T1
LC09_L2SP_115034_20240814_20240815_02_T1,2024-08-14,115,034,602,42.715457719999996,42.6713489857143,40.985528497938155,41.901127094400245,진천,29.7,36.3,24.8,AWS,LC09_L2SP_115034_20240814_20240815_02_T1
LC09_L2SP_115034_20240814_20240815_02_T1,2024-08-14,115,034,505,37.80376298000001,37.611116862285726,39.810728008659815,38.54839196137419,가평조종,29.0,36.1,24.4,AWS,LC09_L2SP_115034_20240814_20240815_02_T1
LC09_L2SP_115034_20240814_20240815_02_T1,2024-08-14,115,034,680,,,35.22009013006758,34.08477526449719,평화,27.5,35.0,24.0,AWS,LC09_L2SP_115034_20240814_20240815_02_T1
LC09_L2SP_115034_20240814_20240815_02_T1,2024-08-14,115,034,576,40.358163260000005,39.837484880000005,37.372483918400015,36.76554276287034,백암,28.5,34.7,23.9,AWS,LC09_L2SP_115034_20240814_20240815_02_T1
LC09_L2SP_115034_20240814_20240815_02_T1,2024-08-14,115,034,574,37.84363988000003,38.507028733142874,39.100099245974356,39.81796071696539,대신,29.2,35.1,24.3,AWS,LC09_L2SP_115034_20240814_20240815_02_T1
LC09_L2SP_115034_20240814_20240815_02_T1,2024-08-14,115,034,539,38.99209460000001,39.2834075617143,40.39927598703018,40.23906468037365,포천이동,28.2,36.5,23.5,AWS,LC09_L2SP_115034_20240814_20240815_02_T1
LC09_L2SP_115034_20240814_20240815_02_T1,2024-08-14,115,034,620,34.754889140000024,35.32719589828574,36.5083998984436,37.32761581593799,엄정,28.2,35.4,23.3,AWS,LC09_L2SP_115034_20240814_20240815_02_T1
LC09_L2SP_115034_20240814_20240815_02_T1,2024-08-14,115,034,586,,,33.11178064268098,32.95541960295777,북산,27.4,33.7,23.3,AWS,LC09_L2SP_115034_20240814_20240815_02_T1
LC09_L2SP_115034_20240814_20240815_02_T1,2024-08-14,115,034,428,43.132456160000025,43.3460661337143,44.38454777527746,42.568929362870406,하남덕풍,31.0,37.5,26.4,AWS,LC09_L2SP_115034_20240814_20240815_02_T1
LC09_L2SP_115034_20240814_20240815_02_T1,2024-08-14,115,034,977,39.23135600000003,39.22588716800002,40.217331190793665,39.49103604303667,오창가곡,29.2,35.3,24.6,AWS,LC09_L2SP_115034_20240814_20240815_02_T1
LC09_L2SP_115034_20240814_20240815_02_T1,2024-08-14,115,034,568,40.19979500000003,41.83891087307695,45.5225214630058,42.34254624242667,일동,27.1,35.0,23.1,AWS,LC09_L2SP_115034_20240814_20240815_02_T1
LC09_L2SP_115034_20240814_20240815_02_T1,2024-08-14,115,034,835,39.74405900000003,39.83203586260872,37.82916801699509,37.04688909245548,봉화읍,27.5,34.5,22.9,AWS,LC09_L2SP_115034_20240814_20240815_02_T1
LC09_L2SP_115034_20240814_20240815_02_T1,2024-08-14,115,034,849,41.68891238000001,40.69065522457144,40.497006886886815,38.661872481203815,지보,28.8,37.4,22.5,AWS,LC09_L2SP_115034_20240814_20240815_02_T1
LC09_L2SP_115034_20240814_20240815_02_T1,2024-08-14,115,034,350,32.91941240000002,32.37226877942859,30.470450010721667,29.643037836507318,조침령,22.1,28.3,17.8,AWS,LC09_L2SP_115034_20240814_20240815_02_T1
LC09_L2SP_115034_20240814_20240815_02_T1,2024-08-14,115,034,573,41.939567180000004,41.37670066742859,39.26106889092785,37.95374082896675,청운,28.8,35.8,23.6,AWS,LC09_L2SP_115034_20240814_20240815_02_T1
LC09_L2SP_115034_20240814_20240815_02_T1,2024-08-14,115,034,660,37.48474778000002,38.33954575314287,35.57433300701033,33.411181291440045,면온,25.1,32.5,18.7,AWS,LC09_L2SP_115034_20240814_20240815_02_T1
LC09_L2SP_115034_20240814_20240815_02_T1,2024-08-14,115,034,630,36.443391020000014,36.609148713714305,37.090974648865995,36.669099394995726,노은,27.9,34.8,23.2,AWS,LC09_L2SP_115034_20240814_20240815_02_T1
LC09_L2SP_115034_20240814_20240815_02_T1,2024-08-14,115,034,603,,43.452285174285734,39.97275083046155,38.90078463714288,괴산,27.0,34.6,23.3,AWS,LC09_L2SP_115034_20240814_20240815_02_T1
LC09_L2SP_115034_20240814_20240815_02_T1,2024-08-14,115,034,323,41.55447026000004,41.64623595885717,39.774049874226826,38.438181610226195,마현,28.0,35.0,22.8,AWS,LC09_L2SP_115034_20240814_20240815_02_T1
LC09_L2SP_115034_20240814_20240815_02_T1,2024-08-14,115,034,877,38.36203958000001,38.15985851818182,37.58585158356888,37.93700733230771,문막,28.7,35.3,24.0,AWS,LC09_L2SP_115034_20240814_20240815_02_T1
LC09_L2SP_115034_20240814_20240815_02_T1,2024-08-14,115,034,588,43.64629850000002,42.610898860571446,39.444197240824764,38.013233124357086,남산,28.9,36.3,23.9,AWS,LC09_L2SP_115034_20240814_20240815_02_T1
LC09_L2SP_115034_20240814_20240815_02_T1,2024-08-14,115,034,581,40.014082580000036,40.39905956947371,36.873379342592614,33.17492118617458,상동,25.3,32.2,19.4,AWS,LC09_L2SP_115034_20240814_20240815_02_T1
LC09_L2SP_115034_20240814_20240815_02_T1,2024-08-14,115,034,522,39.34187198000003,38.57607273714287,37.14969811338777,37.59228558926121,화촌,28.7,36.5,23.4,AWS,LC09_L2SP_115034_20240814_20240815_02_T1
LC09_L2SP_115034_20240814_20240815_02_T1,2024-08-14,115,034,819,45.47721788000001,44.40750783028573,39.35032110618558,37.882645232195834,예안,27.1,35.2,20.3,AWS,LC09_L2SP_115034_20240814_20240815_02_T1
LC09_L2SP_115034_20240814_20240815_02_T1,2024-08-14,115,034,838,35.61850886000002,36.02017503885717,34.01191808701032,31.65537877020198,동로,25.5,32.6,20.8,AWS,LC09_L2SP_115034_20240814_20240815_02_T1
LC09_L2SP_115034_20240814_20240815_02_T1,2024-08-14,115,034,839,49.90355378,49.045956285714304,45.3402634365438,42.53980118547648,길안,27.4,35.4,20.4,AWS,LC09_L2SP_115034_20240814_20240815_02_T1
LC09_L2SP_115034_20240814_20240815_02_T1,2024-08-14,115,034,593,36.56871842000002,37.20503981000002,34.18916875045457,33.093492658238695,양양영덕,26.3,33.2,22.1,AWS,LC09_L2SP_115034_20240814_20240815_02_T1
LC09_L2SP_115034_20240814_20240815_02_T1,2024-08-14,115,034,640,39.201733160000025,39.16524172742859,38.28371876432992,37.82311218931579,청천,26.7,33.3,21.8,AWS,LC09_L2SP_115034_20240814_20240815_02_T1
LC09_L2SP_115034_20240814_20240815_02_T1,2024-08-14,115,034,557,,,,33.74340391921644,기린,25.9,32.9,21.0,AWS,LC09_L2SP_115034_20240814_20240815_02_T1
LC09_L2SP_115034_20240814_20240815_02_T1,2024-08-14,115,034,536,43.24183280000002,43.13395357828574,41.26872011693903,40.094454708622905,횡성,28.3,35.6,23.6,AWS,LC09_L2SP_115034_20240814_20240815_02_T1
LC09_L2SP_115034_20240814_20240815_02_T1,2024-08-14,115,034,569,41.884878860000015,42.571835774857156,43.53569353185661,44.21598810538133,구리,30.1,35.5,26.4,AWS,LC09_L2SP_115034_20240814_20240815_02_T1
LC09_L2SP_115034_20240814_20240815_02_T1,2024-08-14,115,034,638,38.506735760000005,38.80586133885716,37.59900673727592,38.14982169116919,영춘,27.5,35.0,21.3,AWS,LC09_L2SP_115034_20240814_20240815_02_T1
LC09_L2SP_115034_20240814_20240815_02_T1,2024-08-14,115,034,552,41.03607056000002,40.93138149028573,38.290374702474246,37.48253237854568,김화,28.0,35.2,23.4,AWS,LC09_L2SP_115034_20240814_20240815_02_T1
LC09_L2SP_115034_20240814_20240815_02_T1,2024-08-14,115,034,531,37.659066800000026,37.36062482514288,35.7634477859794,35.15454429333335,가평북면,28.8,37.1,23.8,AWS,LC09_L2SP_115034_20240814_20240815_02_T1
LC09_L2SP_115034_20240814_20240815_02_T1,2024-08-14,115,034,534,41.27419262000001,41.588910880571454,42.84377637690724,42.36953772186089,장호원,29.2,35.5,24.1,AWS,LC09_L2SP_115034_20240814_20240815_02_T1
LC09_L2SP_115034_20240814_20240815_02_T1,2024-08-14,115,034,547,41.715117200000044,41.548675902285744,40.27344099793816,38.68310852108769,양동,29.2,36.4,23.6,AWS,LC09_L2SP_115034_20240814_20240815_02_T1
LC09_L2SP_115034_20240814_20240815_02_T1,2024-08-14,115,034,619,37.399297280000006,37.665316893714305,38.607702426391775,39.85563138647809,음성,28.1,34.6,23.3,AWS,LC09_L2SP_115034_20240814_20240815_02_T1
LC09_L2SP_115034_20240814_20240815_02_T1,2024-08-14,115,034,535,46.77606548000002,45.93165177714288,43.60188911641923,40.559608235348854,서석,27.1,35.3,21.2,AWS,LC09_L2SP_115034_20240814_20240815_02_T1
LC09_L2SP_115034_20240814_20240815_02_T1,2024-08-14,115,034,555,42.620892500000025,41.120239302500025,37.35201583022405,35.88631346729763,화천,29.1,36.2,25.1,AWS,LC09_L2SP_115034_20240814_20240815_02_T1
LC09_L2SP_115034_20240814_20240815_02_T1,2024-08-14,115,034,675,35.514828920000035,35.72974099657145,34.614995616997184,34.32403150359817,남이섬,28.4,35.6,24.9,AWS,LC09_L2SP_115034_20240814_20240815_02_T1
LC09_L2SP_115034_20240814_20240815_02_T1,2024-08-14,115,034,600,42.95927648000001,43.605529942608705,42.86074694738663,39.78629153139114,금왕,29.2,35.8,23.5,AWS,LC09_L2SP_115034_20240814_20240815_02_T1
LC09_L2SP_115034_20240814_20240815_02_T1,2024-08-14,115,034,541,43.274873660000026,43.234541024000016,43.99405378415404,43.98962089528544,남양주,30.8,36.7,26.7,AWS,LC09_L2SP_115034_20240814_20240815_02_T1
LC09_L2SP_115034_20240814_20240815_02_T1,2024-08-14,115,034,519,36.97888082000001,37.0303582727273,36.691389327772036,35.71903876991937,사내,27.1,34.3,22.7,AWS,LC09_L2SP_115034_20240814_20240815_02_T1
LC09_L2SP_115034_20240814_20240815_02_T1,2024-08-14,115,034,325,41.93273114000002,40.93880347657145,38.41488381360827,37.341690278355784,백운,27.8,35.4,21.4,AWS,LC09_L2SP_115034_20240814_20240815_02_T1
LC09_L2SP_115034_20240814_20240815_02_T1,2024-08-14,115,034,347,35.312026400000015,36.005917012571445,36.946857493116056,36.51058118393708,귀래,27.7,33.8,22.5,AWS,LC09_L2SP_115034_20240814_20240815_02_T1
LC09_L2SP_115034_20240814_20240815_02_T1,2024-08-14,115,034,525,45.044268680000016,44.659464733142876,42.354753371238616,38.450057664071444,봉평,25.4,32.3,19.1,AWS,LC09_L2SP_115034_20240814_20240815_02_T1
LC09_L2SP_115034_20240814_20240815_02_T1,2024-08-14,115,034,349,35.301772340000014,35.35131735371431,36.3641153476532,34.460206956582816,시동,26.6,34.1,22.4,AWS,LC09_L2SP_115034_20240814_20240815_02_T1
LC09_L2SP_115034_20240814_20240815_02_T1,2024-08-14,115,034,814,37.02103639999999,37.06013203828573,37.363028580796346,36.176677914822456,부석,26.7,34.1,22.3,AWS,LC09_L2SP_115034_20240814_20240815_02_T1
LC09_L2SP_115034_20240814_20240815_02_T1,2024-08-14,115,034,542,40.90732514000001,41.30375035485716,37.03590138988534,36.55748932896375,청평,29.0,36.3,25.3,AWS,LC09_L2SP_115034_20240814_20240815_02_T1
LC09_L2SP_115034_20240814_20240815_02_T1,2024-08-14,115,034,516,43.47767618,43.47448602800002,42.58784380948455,41.78946619359331,안성,30.7,36.3,26.2,AWS,LC09_L2SP_115034_20240814_20240815_02_T1
LC09_L2SP_115034_20240814_20240815_02_T1,2024-08-14,115,034,498,31.301549600000044,31.104124764800027,29.399333011925485,29.38643159698912,구룡령,21.1,27.0,19.0,AWS,LC09_L2SP_115034_20240814_20240815_02_T1
LC09_L2SP_115034_20240814_20240815_02_T1,2024-08-14,115,034,681,41.39724134000003,40.99212458857145,40.01258303628869,36.752899300344254,간동,28.0,34.6,23.5,AWS,LC09_L2SP_115034_20240814_20240815_02_T1
LC09_L2SP_115035_20220622_20230410_02_T1,2022-06-22,115,035,625,37.75932872000002,37.58387036000003,33.004322594433006,32.135811662771275,속리산,25.0,32.9,17.8,AWS,LC09_L2SP_115035_20220622_20230410_02_T1
LC09_L2SP_115035_20220622_20230410_02_T1,2022-06-22,115,035,327,35.99221237999999,36.214806863428585,33.166825366597955,32.37029781582024,청주금천,25.8,34.8,19.9,AWS,LC09_L2SP_115035_20220622_20230410_02_T1
LC09_L2SP_115035_20220622_20230410_02_T1,2022-06-22,115,035,919,41.83588724000001,42.123977497142874,40.01504181814435,39.95812510112798,창녕,28.1,34.9,22.4,AWS,LC09_L2SP_115035_20220622_20230410_02_T1
LC09_L2SP_115035_20220622_20230410_02_T1,2022-06-22,115,035,763,45.52734884,45.55770890000002,42.121154271610756,39.03957119245692,여산,25.4,32.1,21.2,AWS,LC09_L2SP_115035_20220622_20230410_02_T1
LC09_L2SP_115035_20220622_20230410_02_T1,2022-06-22,115,035,623,41.80056770000001,41.49183911257145,41.5885134259794,38.80860475737191,증평,26.0,32.8,20.7,AWS,LC09_L2SP_115035_20220622_20230410_02_T1
LC09_L2SP_115035_20220622_20230410_02_T1,2022-06-22,115,035,551,38.15581904000002,38.63698673642859,40.63475868521741,39.53604550910894,평택,25.2,32.3,21.1,AWS,LC09_L2SP_115035_20220622_20230410_02_T1
LC09_L2SP_115035_20220622_20230410_02_T1,2022-06-22,115,035,888,,,32.64782637558254,31.21568290041929,청남대,26.6,34.0,21.6,AWS,LC09_L2SP_115035_20220622_20230410_02_T1
LC09_L2SP_115035_20220622_20230410_02_T1,2022-06-22,115,035,644,,,,41.84634075152002,연무,25.7,32.9,20.8,AWS,LC09_L2SP_115035_20220622_20230410_02_T1
LC09_L2SP_115035_20220622_20230410_02_T1,2022-06-22,115,035,733,41.098734260000015,40.05822386685716,36.31387589320613,34.367792590949044,함라,24.6,31.4,19.6,AWS,LC09_L2SP_115035_20220622_20230410_02_T1
LC09_L2SP_115035_20220622_20230410_02_T1,2022-06-22,115,035,615,,,41.61472361099058,42.49757458485859,논산,26.4,32.6,22.3,AWS,LC09_L2SP_115035_20220622_20230410_02_T1
LC09_L2SP_115035_20220622_20230410_02_T1,2022-06-22,115,035,619,39.145905500000026,38.765235729714306,36.04262915381445,36.27024493634128,음성,24.6,31.4,19.4,AWS,LC09_L2SP_115035_20220622_20230410_02_T1
LC09_L2SP_115035_20220622_20230410_02_T1,2022-06-22,115,035,822,42.051222500000016,41.77133549085716,40.812156970309296,40.00768198772404,김천,28.4,36.9,21.1,AWS,LC09_L2SP_115035_20220622_20230410_02_T1
LC09_L2SP_115035_20220622_20230410_02_T1,2022-06-22,115,035,821,,,37.80024921714288,36.30047442858409,공성,28.0,35.6,21.4,AWS,LC09_L2SP_115035_20220622_20230410_02_T1
LC09_L2SP_115035_20220622_20230410_02_T1,2022-06-22,115,035,605,48.448616600000015,46.89719359828573,43.14670769814435,42.2822671482279,영동,27.1,35.3,19.9,AWS,LC09_L2SP_115035_20220622_20230410_02_T1
LC09_L2SP_115035_20220622_20230410_02_T1,2022-06-22,115,035,604,47.371940300000006,46.34269309657145,43.87551334865981,42.38479502728316,옥천,27.5,34.4,21.7,AWS,LC09_L2SP_115035_20220622_20230410_02_T1
LC09_L2SP_115035_20220622_20230410_02_T1,2022-06-22,115,035,647,39.917238680000004,39.75089504000001,40.43818329752579,40.650132752934454,가곡,27.6,35.3,20.6,AWS,LC09_L2SP_115035_20220622_20230410_02_T1
LC09_L2SP_115035_20220622_20230410_02_T1,2022-06-22,115,035,614,38.758529900000006,39.12949900400002,38.11254369628868,37.03334407713142,서천,24.1,29.9,20.7,AWS,LC09_L2SP_115035_20220622_20230410_02_T1
LC09_L2SP_115035_20220622_20230410_02_T1,2022-06-22,115,035,636,43.111948040000016,42.64009851714288,41.05267908329899,39.30763078470085,계룡,25.1,32.5,19.6,AWS,LC09_L2SP_115035_20220622_20230410_02_T1
LC09_L2SP_115035_20220622_20230410_02_T1,2022-06-22,115,035,600,,,,34.31411916589053,금왕,25.6,34.0,19.4,AWS,LC09_L2SP_115035_20220622_20230410_02_T1
LC09_L2SP_115035_20220622_20230410_02_T1,2022-06-22,115,035,516,41.32204490000004,41.584223310285736,40.07370020948456,38.506316913917864,안성,25.1,32.1,20.0,AWS,LC09_L2SP_115035_20220622_20230410_02_T1
LC09_L2SP_115035_20220622_20230410_02_T1,2022-06-22,115,035,806,,,,38.51319853247294,선산,29.2,36.6,23.0,AWS,LC09_L2SP_115035_20220622_20230410_02_T1
LC09_L2SP_115035_20220622_20230410_02_T1,2022-06-22,115,035,495,,,,36.465253668824474,공도,25.4,32.1,21.0,AWS,LC09_L2SP_115035_20220622_20230410_02_T1
LC09_L2SP_115035_20220622_20230410_02_T1,2022-06-22,115,035,757,40.72047338000001,40.40783848400002,39.80416603670105,38.73690225460872,진안주천,24.8,32.5,17.8,AWS,LC09_L2SP_115035_20220622_20230410_02_T1
LC09_L2SP_115035_20220622_20230410_02_T1,2022-06-22,115,035,676,37.210166840000035,36.69752894514287,34.62502395628868,35.11254495017336,위성센터,25.2,32.4,20.0,AWS,LC09_L2SP_115035_20220622_20230410_02_T1
LC09_L2SP_115035_20220622_20230410_02_T1,2022-06-22,115,035,632,41.39154464000003,40.71653451885716,38.83181569422682,38.1697119425537,유구,25.7,32.9,20.9,AWS,LC09_L2SP_115035_20220622_20230410_02_T1
LC09_L2SP_115035_20220622_20230410_02_T1,2022-06-22,115,035,602,39.529863080000005,39.240242852000016,37.73960756680413,37.953140133811736,진천,26.1,33.3,21.1,AWS,LC09_L2SP_115035_20220622_20230410_02_T1
LC09_L2SP_115035_20220622_20230410_02_T1,2022-06-22,115,035,701,45.80648714,46.22491789314287,43.54949375257734,41.07406263805174,무주,26.6,33.3,19.7,AWS,LC09_L2SP_115035_20220622_20230410_02_T1
LC09_L2SP_115035_20220622_20230410_02_T1,2022-06-22,115,035,739,42.991178000000026,42.992545208000024,39.53232726454968,38.135978308408966,심원,22.3,28.5,19.6,AWS,LC09_L2SP_115035_20220622_20230410_02_T1
LC09_L2SP_115035_20220622_20230410_02_T1,2022-06-22,115,035,633,37.73198456000002,37.420586661714296,36.529358334020635,35.29209724607502,정안,25.6,33.8,19.4,AWS,LC09_L2SP_115035_20220622_20230410_02_T1
LC09_L2SP_115035_20220622_20230410_02_T1,2022-06-22,115,035,626,40.34449118000001,39.89972539657145,37.9984648317526,36.7226741845361,옥천청산,26.3,33.8,19.9,AWS,LC09_L2SP_115035_20220622_20230410_02_T1
LC09_L2SP_115035_20220622_20230410_02_T1,2022-06-22,115,035,945,36.12779383999998,36.603790277391326,34.57598997320002,33.616649561468854,대병,26.3,33.8,20.2,AWS,LC09_L2SP_115035_20220622_20230410_02_T1
LC09_L2SP_115035_20220622_20230410_02_T1,2022-06-22,115,035,761,43.67136398,43.74070095714288,41.99349985525776,40.674326153958354,태인,25.4,32.8,20.2,AWS,LC09_L2SP_115035_20220622_20230410_02_T1
LC09_L2SP_115035_20220622_20230410_02_T1,2022-06-22,115,035,764,42.41011460000002,41.06487958571431,37.833789091546414,36.83554323443301,신덕,24.7,32.0,18.2,AWS,LC09_L2SP_115035_20220622_20230410_02_T1
LC09_L2SP_115035_20220622_20230410_02_T1,2022-06-22,115,035,791,,,,28.652605890655753,피아골,25.3,33.5,20.5,AWS,LC09_L2SP_115035_20220622_20230410_02_T1
LC09_L2SP_115035_20220622_20230410_02_T1,2022-06-22,115,035,915,35.88055706000002,35.95992022914287,35.70946421237115,34.50202676681937,삼가,26.7,33.5,20.2,AWS,LC09_L2SP_115035_20220622_20230410_02_T1
LC09_L2SP_115035_20220622_20230410_02_T1,2022-06-22,115,035,920,40.235114540000005,40.39035775314289,40.03795390639178,39.13553205882624,함안,26.8,33.1,20.8,AWS,LC09_L2SP_115035_20220622_20230410_02_T1
LC09_L2SP_115035_20220622_20230410_02_T1,2022-06-22,115,035,944,44.20628411000001,44.83052849600001,42.02106615952383,39.80997221612626,길곡,27.4,34.9,21.9,AWS,LC09_L2SP_115035_20220622_20230410_02_T1
LC09_L2SP_115035_20220622_20230410_02_T1,2022-06-22,115,035,948,34.47233282000002,35.27524199428573,35.408593199598606,33.73033764500002,삼장,26.0,32.9,20.3,AWS,LC09_L2SP_115035_20220622_20230410_02_T1
LC09_L2SP_115035_20220622_20230410_02_T1,2022-06-22,115,035,951,,,35.888492925317934,34.50213103654463,내장산,24.9,32.6,18.3,AWS,LC09_L2SP_115035_20220622_20230410_02_T1
LC09_L2SP_115035_20220622_20230410_02_T1,2022-06-22,115,035,977,42.10135346000002,41.44701422171431,39.11654498226807,38.50726960896553,오창가곡,26.5,33.3,21.4,AWS,LC09_L2SP_115035_20220622_20230410_02_T1
LC09_L2SP_115035_20220622_20230410_02_T1,2022-06-22,115,035,795,38.85423446000002,38.476364210857156,37.58512673616338,36.09419555570079,옥과,27.2,34.6,21.0,AWS,LC09_L2SP_115035_20220622_20230410_02_T1
LC09_L2SP_115035_20220622_20230410_02_T1,2022-06-22,115,035,824,42.244910300000015,42.5414642257143,40.939539880618575,39.896022348083655,가산,28.7,35.3,21.9,AWS,LC09_L2SP_115035_20220622_20230410_02_T1
LC09_L2SP_115035_20220622_20230410_02_T1,2022-06-22,115,035,864,47.68867682000001,47.998967930857155,47.63496339917528,45.684367375144596,완산,27.1,33.9,21.4,AWS,LC09_L2SP_115035_20220622_20230410_02_T1
LC09_L2SP_115035_20220622_20230410_02_T1,2022-06-22,115,035,902,38.60244032000003,38.267474360000016,37.03811853258743,35.13264202069727,시천,26.0,33.1,20.0,AWS,LC09_L2SP_115035_20220622_20230410_02_T1
LC09_L2SP_115035_20220622_20230410_02_T1,2022-06-22,115,035,706,38.38710506000003,38.61826086971431,38.988054054020644,39.201749468903536,담양,27.2,34.5,21.0,AWS,LC09_L2SP_115035_20220622_20230410_02_T1
LC09_L2SP_115035_20220622_20230410_02_T1,2022-06-22,115,035,703,43.49476628000002,43.119207263428585,40.95095744387782,38.42697211263614,진안,24.5,31.3,17.4,AWS,LC09_L2SP_115035_20220622_20230410_02_T1
LC09_L2SP_115035_20220622_20230410_02_T1,2022-06-22,115,035,315,,,28.22536191503328,28.20515606942898,성삼재,21.5,27.0,17.1,AWS,LC09_L2SP_115035_20220622_20230410_02_T1
LC09_L2SP_115035_20220622_20230410_02_T1,2022-06-22,115,035,317,43.47539750000001,43.78923684114287,43.56204606886599,41.07991050944717,구이,25.5,33.1,18.7,AWS,LC09_L2SP_115035_20220622_20230410_02_T1
LC09_L2SP_115035_20220622_20230410_02_T1,2022-06-22,115,035,690,,37.50582557000002,,,풍산,26.7,33.6,20.1,AWS,LC09_L2SP_115035_20220622_20230410_02_T1
LC09_L2SP_115035_20220622_20230410_02_T1,2022-06-22,115,035,736,43.85024036000002,43.205927313714305,42.29006888268044,42.02045542732896,진봉,24.4,31.0,19.9,AWS,LC09_L2SP_115035_20220622_20230410_02_T1
LC09_L2SP_115035_20220622_20230410_02_T1,2022-06-22,115,035,737,43.755675139999994,43.45743614000001,44.232456570937934,45.17767019286464,김제,24.8,32.0,20.7,AWS,LC09_L2SP_115035_20220622_20230410_02_T1
LC09_L2SP_115035_20220622_20230410_02_T1,2022-06-22,115,035,738,44.04278882000002,43.949200177142885,42.08237620577321,41.20425171809855,줄포,23.3,29.3,19.6,AWS,LC09_L2SP_115035_20220622_20230410_02_T1
LC09_L2SP_115035_20220622_20230410_02_T1,2022-06-22,115,035,826,46.31463278000003,45.9534294474286,44.89216483237115,44.06903830692805,신녕,29.1,36.5,20.9,AWS,LC09_L2SP_115035_20220622_20230410_02_T1
LC09_L2SP_115035_20220622_20230410_02_T1,2022-06-22,115,035,849,40.313729,40.09279469771429,40.34436980701033,39.028666337612385,지보,28.4,36.1,21.5,AWS,LC09_L2SP_115035_20220622_20230410_02_T1
LC09_L2SP_115035_20220622_20230410_02_T1,2022-06-22,115,035,815,43.38880766,43.0247722537143,41.7988371560825,40.86978962990732,예천,27.9,35.2,21.0,AWS,LC09_L2SP_115035_20220622_20230410_02_T1
LC09_L2SP_115035_20220622_20230410_02_T1,2022-06-22,115,035,803,42.093378080000015,41.72231131828574,40.480166606185584,39.266681611717885,옥산,27.9,36.9,19.1,AWS,LC09_L2SP_115035_20220622_20230410_02_T1
LC09_L2SP_115035_20220622_20230410_02_T1,2022-06-22,115,035,709,41.47243778000003,41.62631378514288,42.09109940000001,41.166361877265714,구례,28.1,34.9,23.5,AWS,LC09_L2SP_115035_20220622_20230410_02_T1
LC09_L2SP_115035_20220622_20230410_02_T1,2022-06-22,115,035,853,34.015457480000045,33.021204290857156,30.345921323298988,30.500935414617825,팔공산,25.1,31.8,19.7,AWS,LC09_L2SP_115035_20220622_20230410_02_T1
LC09_L2SP_115035_20220622_20230410_02_T1,2022-06-22,115,035,641,37.38220718000002,37.32331957828573,37.483095541237134,36.930938514852585,가덕,26.2,33.9,20.6,AWS,LC09_L2SP_115035_20220622_20230410_02_T1
LC09_L2SP_115035_20220622_20230410_02_T1,2022-06-22,115,035,906,40.508556139999996,40.143772024571454,38.393627879381455,36.06639668944749,화개,27.6,34.7,21.9,AWS,LC09_L2SP_115035_20220622_20230410_02_T1
LC09_L2SP_115035_20220622_20230410_02_T1,2022-06-22,115,035,622,43.44463532000003,42.61294967257146,38.495021308865994,35.99134996518181,수안보,25.3,32.4,19.0,AWS,LC09_L2SP_115035_20220622_20230410_02_T1
LC09_L2SP_115035_20220622_20230410_02_T1,2022-06-22,115,035,624,36.27362936000001,36.5571948097143,36.17555215381445,35.77845027683369,상당,24.9,32.0,18.7,AWS,LC09_L2SP_115035_20220622_20230410_02_T1
LC09_L2SP_115035_20220622_20230410_02_T1,2022-06-22,115,035,603,39.85229630000001,40.54524288800001,38.91143246020621,36.947218388525634,괴산,25.5,33.0,19.4,AWS,LC09_L2SP_115035_20220622_20230410_02_T1
LC09_L2SP_115035_20220622_20230410_02_T1,2022-06-22,115,035,640,38.964750440000024,37.90008603885716,35.93203878391755,35.092274688926445,청천,25.2,33.1,18.2,AWS,LC09_L2SP_115035_20220622_20230410_02_T1
LC09_L2SP_115035_20220622_20230410_02_T1,2022-06-22,115,035,659,,,,29.610262117156832,계룡산,22.5,28.6,17.2,AWS,LC09_L2SP_115035_20220622_20230410_02_T1
LC09_L2SP_115035_20220622_20230410_02_T1,2022-06-22,115,035,838,39.46378136000002,39.731265839428595,36.99911487195878,34.1555512874263,동로,25.5,31.9,19.5,AWS,LC09_L2SP_115035_20220622_20230410_02_T1
LC09_L2SP_115035_20220622_20230410_02_T1,2022-06-22,115,035,839,48.11934734000001,47.74525318914287,45.05770661320323,42.49228904874823,길안,27.9,36.3,19.7,AWS,LC09_L2SP_115035_20220622_20230410_02_T1
LC09_L2SP_115035_20220622_20230410_02_T1,2022-06-22,115,035,617,42.75533462000002,42.330035274285734,38.80245517649486,38.6766807320756,직산,25.4,32.5,21.3,AWS,LC09_L2SP_115035_20220622_20230410_02_T1
LC09_L2SP_115035_20220622_20230410_02_T1,2022-06-22,115,035,936,37.50867392,37.6208826337143,38.993026431340226,37.12215584214717,신포,26.6,32.4,21.2,AWS,LC09_L2SP_115035_20220622_20230410_02_T1
LC09_L2SP_115035_20220622_20230410_02_T1,2022-06-22,115,035,818,37.49158382000002,37.04177238800003,34.282113938350534,33.90131909854669,마성,26.4,33.5,20.0,AWS,LC09_L2SP_115035_20220622_20230410_02_T1
LC09_L2SP_115035_20220622_20230410_02_T1,2022-06-22,115,035,819,46.16993660000003,45.28662257428574,39.23146562721651,37.233576640114535,예안,27.4,36.3,19.0,AWS,LC09_L2SP_115035_20220622_20230410_02_T1
LC09_L2SP_115035_20220622_20230410_02_T1,2022-06-22,115,035,758,44.08494440000002,42.948501578857154,38.321207357113416,36.236918018173505,동향,25.3,32.9,18.1,AWS,LC09_L2SP_115035_20220622_20230410_02_T1
LC09_L2SP_115035_20220622_20230410_02_T1,2022-06-22,115,035,635,37.68299294,37.6366055257143,36.76361603463919,36.34015827013457,양화,25.3,32.0,20.7,AWS,LC09_L2SP_115035_20220622_20230410_02_T1
LC09_L2SP_115035_20220622_20230410_02_T1,2022-06-22,115,035,935,40.69882592000001,40.06310675257144,37.185739862393575,37.084186747816844,청덕,27.9,35.2,21.5,AWS,LC09_L2SP_115035_20220622_20230410_02_T1
LC09_L2SP_115035_20220622_20230410_02_T1,2022-06-22,115,035,702,,,,41.706432182558466,익산,25.6,30.9,21.4,AWS,LC09_L2SP_115035_20220622_20230410_02_T1
LC09_L2SP_115035_20220622_20230410_02_T1,2022-06-22,115,035,493,41.81082176000003,41.334610192571446,37.606347854639196,36.65043189784714,송악,25.0,32.7,20.0,AWS,LC09_L2SP_115035_20220622_20230410_02_T1
LC09_L2SP_115035_20230609_20230611_02_T1,2023-06-09,115,035,763,39.318515510000054,39.23968742375003,,34.6078507311554,여산,23.1,29.6,19.0,AWS,LC09_L2SP_115035_20230609_20230611_02_T1
LC09_L2SP_115035_20230609_20230611_02_T1,2023-06-09,115,035,623,39.75887042000003,39.57286502685717,39.848202781976305,38.27768382161797,증평,23.2,28.9,19.5,AWS,LC09_L2SP_115035_20230609_20230611_02_T1
LC09_L2SP_115035_20230609_20230611_02_T1,2023-06-09,115,035,551,37.37195312,37.917493526428586,38.8540634176427,37.21464889976781,평택,23.0,29.3,18.9,AWS,LC09_L2SP_115035_20230609_20230611_02_T1
LC09_L2SP_115035_20230609_20230611_02_T1,2023-06-09,115,035,888,32.56507766000001,31.103695070857164,29.35882093513515,27.73655052195806,청남대,23.0,29.6,19.1,AWS,LC09_L2SP_115035_20230609_20230611_02_T1
LC09_L2SP_115035_20230609_20230611_02_T1,2023-06-09,115,035,733,36.05145806000004,35.09701666571429,31.594664383816816,29.87953073470932,함라,22.8,29.1,18.7,AWS,LC09_L2SP_115035_20230609_20230611_02_T1
LC09_L2SP_115035_20230609_20230611_02_T1,2023-06-09,115,035,615,,,34.336130634669836,34.57657389916807,논산,23.2,29.6,19.4,AWS,LC09_L2SP_115035_20230609_20230611_02_T1
LC09_L2SP_115035_20230609_20230611_02_T1,2023-06-09,115,035,604,,,35.51747263126216,33.69530154031943,옥천,22.7,29.5,17.0,AWS,LC09_L2SP_115035_20230609_20230611_02_T1
LC09_L2SP_115035_20230609_20230611_02_T1,2023-06-09,115,035,619,38.61611240000004,38.05077189200002,35.680849463582106,35.90622566240621,음성,22.0,28.0,15.5,AWS,LC09_L2SP_115035_20230609_20230611_02_T1
LC09_L2SP_115035_20230609_20230611_02_T1,2023-06-09,115,035,311,28.34838032000003,26.89777263200002,24.58270933198022,24.371452006732696,가야산,18.1,24.9,12.0,AWS,LC09_L2SP_115035_20230609_20230611_02_T1
LC09_L2SP_115035_20230609_20230611_02_T1,2023-06-09,115,035,825,39.82723082000001,38.7913103394286,36.29205456288662,35.85594627223019,칠곡,24.3,30.2,18.6,AWS,LC09_L2SP_115035_20230609_20230611_02_T1
LC09_L2SP_115035_20230609_20230611_02_T1,2023-06-09,115,035,822,35.72902484,35.12563037600001,32.96755554513078,32.94159131500782,김천,21.7,29.7,15.2,AWS,LC09_L2SP_115035_20230609_20230611_02_T1
LC09_L2SP_115035_20230609_20230611_02_T1,2023-06-09,115,035,821,39.17438900000002,38.19647720171431,34.762986382396925,33.46278958061928,공성,22.6,29.6,16.2,AWS,LC09_L2SP_115035_20230609_20230611_02_T1
LC09_L2SP_115035_20230609_20230611_02_T1,2023-06-09,115,035,647,33.037903759999985,32.51416543828573,31.999749255842975,32.35419486419226,가곡,22.5,28.6,16.0,AWS,LC09_L2SP_115035_20230609_20230611_02_T1
LC09_L2SP_115035_20230609_20230611_02_T1,2023-06-09,115,035,516,37.69324700000001,37.74100162228573,36.280128687835074,35.160266943213315,안성,22.3,28.4,18.6,AWS,LC09_L2SP_115035_20230609_20230611_02_T1
LC09_L2SP_115035_20230609_20230611_02_T1,2023-06-09,115,035,809,34.75488914000001,34.849649675428594,32.77549927154641,31.204455521420005,대덕,21.7,29.4,15.0,AWS,LC09_L2SP_115035_20230609_20230611_02_T1
LC09_L2SP_115035_20230609_20230611_02_T1,2023-06-09,115,035,834,34.50879170000002,35.401025130285724,33.70904782127797,33.707745844680865,화서,21.0,27.4,16.1,AWS,LC09_L2SP_115035_20230609_20230611_02_T1
LC09_L2SP_115035_20230609_20230611_02_T1,2023-06-09,115,035,495,,,,35.68688242069309,공도,23.5,28.8,19.2,AWS,LC09_L2SP_115035_20230609_20230611_02_T1
LC09_L2SP_115035_20230609_20230611_02_T1,2023-06-09,115,035,757,37.075724720000004,36.96960333714287,34.818739216972496,33.901999022082634,진안주천,21.1,29.0,13.4,AWS,LC09_L2SP_115035_20230609_20230611_02_T1
LC09_L2SP_115035_20230609_20230611_02_T1,2023-06-09,115,035,676,,,,37.71304421733778,위성센터,22.0,28.5,18.0,AWS,LC09_L2SP_115035_20230609_20230611_02_T1
LC09_L2SP_115035_20230609_20230611_02_T1,2023-06-09,115,035,632,37.81059902000002,37.3488082417143,34.962605308453625,34.18726094690723,유구,22.7,29.6,17.7,AWS,LC09_L2SP_115035_20230609_20230611_02_T1
LC09_L2SP_115035_20230609_20230611_02_T1,2023-06-09,115,035,602,39.33731462000001,38.87558894685716,37.16259645855672,37.46749785864029,진천,23.3,29.3,18.8,AWS,LC09_L2SP_115035_20230609_20230611_02_T1
LC09_L2SP_115035_20230609_20230611_02_T1,2023-06-09,115,035,701,40.039148060000024,40.01984438514287,37.057440466391775,33.95220097892353,무주,22.1,28.9,16.4,AWS,LC09_L2SP_115035_20230609_20230611_02_T1
LC09_L2SP_115035_20230609_20230611_02_T1,2023-06-09,115,035,739,36.007023800000034,35.99370979828574,33.10460988697511,32.04717693207319,심원,22.9,27.6,19.3,AWS,LC09_L2SP_115035_20230609_20230611_02_T1
LC09_L2SP_115035_20230609_20230611_02_T1,2023-06-09,115,035,633,33.694163600000024,33.460761662857166,32.294259282680436,31.103070623033723,정안,22.2,29.9,16.7,AWS,LC09_L2SP_115035_20230609_20230611_02_T1
LC09_L2SP_115035_20230609_20230611_02_T1,2023-06-09,115,035,945,36.42174356000002,36.1907830657143,33.57734405505156,31.809542601148348,대병,22.5,30.5,15.4,AWS,LC09_L2SP_115035_20230609_20230611_02_T1
LC09_L2SP_115035_20230609_20230611_02_T1,2023-06-09,115,035,703,37.314986120000015,37.26062332571431,36.40129213701424,33.661664950008785,진안,21.3,27.7,16.5,AWS,LC09_L2SP_115035_20230609_20230611_02_T1
LC09_L2SP_115035_20230609_20230611_02_T1,2023-06-09,115,035,706,36.11298242000006,36.277014827428594,36.37699999463919,36.548439281788404,담양,24.6,31.5,19.3,AWS,LC09_L2SP_115035_20230609_20230611_02_T1
LC09_L2SP_115035_20230609_20230611_02_T1,2023-06-09,115,035,314,25.28013770000001,24.310331492000017,22.001391248041255,21.933693237240217,설천봉,14.8,20.6,10.5,AWS,LC09_L2SP_115035_20230609_20230611_02_T1
LC09_L2SP_115035_20230609_20230611_02_T1,2023-06-09,115,035,315,28.203684140000025,26.744254705142872,23.74034905443301,23.751964410203286,성삼재,17.4,24.6,13.1,AWS,LC09_L2SP_115035_20230609_20230611_02_T1
LC09_L2SP_115035_20230609_20230611_02_T1,2023-06-09,115,035,902,34.90528202000004,34.994573723428594,34.55375180923078,32.470898648776995,시천,21.7,29.9,14.1,AWS,LC09_L2SP_115035_20230609_20230611_02_T1
LC09_L2SP_115035_20230609_20230611_02_T1,2023-06-09,115,035,824,37.21244552000002,37.00124443657145,35.01632611760002,33.9865207913884,가산,23.5,29.7,17.5,AWS,LC09_L2SP_115035_20230609_20230611_02_T1
LC09_L2SP_115035_20230609_20230611_02_T1,2023-06-09,115,035,764,37.231814299999996,35.236276566285724,31.86046830226806,31.125698216022634,신덕,21.4,28.8,15.9,AWS,LC09_L2SP_115035_20230609_20230611_02_T1
LC09_L2SP_115035_20230609_20230611_02_T1,2023-06-09,115,035,762,32.87269946,33.01065725771431,29.216251367976767,28.15178520473263,강진면,23.4,29.7,18.5,AWS,LC09_L2SP_115035_20230609_20230611_02_T1
LC09_L2SP_115035_20230609_20230611_02_T1,2023-06-09,115,035,761,38.29253984000002,38.44999662800002,37.39021779731961,35.8984343701698,태인,24.4,30.6,18.7,AWS,LC09_L2SP_115035_20230609_20230611_02_T1
LC09_L2SP_115035_20230609_20230611_02_T1,2023-06-09,115,035,759,32.35657844000002,30.630641102857155,27.597613988865998,27.44033090649301,뱀사골,21.5,29.7,13.0,AWS,LC09_L2SP_115035_20230609_20230611_02_T1
LC09_L2SP_115035_20230609_20230611_02_T1,2023-06-09,115,035,864,,43.473118820000025,41.94337931132077,39.32810695518604,완산,24.5,30.8,19.3,AWS,LC09_L2SP_115035_20230609_20230611_02_T1
LC09_L2SP_115035_20230609_20230611_02_T1,2023-06-09,115,035,737,34.26953030000001,34.72751147000002,36.77039966087188,37.35920969626035,김제,24.2,29.9,19.1,AWS,LC09_L2SP_115035_20230609_20230611_02_T1
LC09_L2SP_115035_20230609_20230611_02_T1,2023-06-09,115,035,736,34.82894624000003,34.848575440571445,35.49854498144497,36.126098047780026,진봉,24.1,30.8,18.8,AWS,LC09_L2SP_115035_20230609_20230611_02_T1
LC09_L2SP_115035_20230609_20230611_02_T1,2023-06-09,115,035,791,29.485441640000033,29.252104808000027,26.063527676336076,25.491453335515395,피아골,21.9,30.6,14.5,AWS,LC09_L2SP_115035_20230609_20230611_02_T1
LC09_L2SP_115035_20230609_20230611_02_T1,2023-06-09,115,035,912,36.04917938000002,36.39439940000002,37.09931414783507,36.36906624571348,백천,23.4,30.4,16.2,AWS,LC09_L2SP_115035_20230609_20230611_02_T1
LC09_L2SP_115035_20230609_20230611_02_T1,2023-06-09,115,035,914,34.78793000000004,34.76693359142859,32.415381695876306,29.123078026796467,서하,21.4,28.9,15.3,AWS,LC09_L2SP_115035_20230609_20230611_02_T1
LC09_L2SP_115035_20230609_20230611_02_T1,2023-06-09,115,035,915,34.31852192000002,34.89517037750002,33.385864131780046,31.232606639656954,삼가,22.5,31.2,14.8,AWS,LC09_L2SP_115035_20230609_20230611_02_T1
LC09_L2SP_115035_20230609_20230611_02_T1,2023-06-09,115,035,920,36.61657070000001,36.81641093600001,37.04770601351466,36.115701109427334,함안,22.7,29.5,16.3,AWS,LC09_L2SP_115035_20230609_20230611_02_T1
LC09_L2SP_115035_20230609_20230611_02_T1,2023-06-09,115,035,977,39.02285678000002,38.3421825114286,36.67143129134023,36.08604765333723,오창가곡,23.7,30.0,19.8,AWS,LC09_L2SP_115035_20230609_20230611_02_T1
LC09_L2SP_115035_20230609_20230611_02_T1,2023-06-09,115,035,926,33.65428670000002,33.5609584777143,31.978575967010332,32.63467525342114,진북,21.8,27.4,16.3,AWS,LC09_L2SP_115035_20230609_20230611_02_T1
LC09_L2SP_115035_20230609_20230611_02_T1,2023-06-09,115,035,951,,,31.627613758409563,30.273597367123614,내장산,23.8,30.0,18.8,AWS,LC09_L2SP_115035_20230609_20230611_02_T1
LC09_L2SP_115035_20230609_20230611_02_T1,2023-06-09,115,035,948,31.824506660000015,32.199512282857164,32.82614330990828,31.824471073277167,삼장,21.2,30.0,14.3,AWS,LC09_L2SP_115035_20230609_20230611_02_T1
LC09_L2SP_115035_20230609_20230611_02_T1,2023-06-09,115,035,738,35.98195832000001,36.20474811885716,33.95391594402012,33.561512313718964,줄포,23.6,30.7,19.3,AWS,LC09_L2SP_115035_20230609_20230611_02_T1
LC09_L2SP_115035_20230609_20230611_02_T1,2023-06-09,115,035,815,36.86152880000003,36.2489870634286,34.70791779298971,33.73615912116003,예천,22.6,29.5,17.0,AWS,LC09_L2SP_115035_20230609_20230611_02_T1
LC09_L2SP_115035_20230609_20230611_02_T1,2023-06-09,115,035,832,35.88169640000001,35.68100979714288,35.10548641887853,34.79071289102486,단북,23.5,30.7,18.0,AWS,LC09_L2SP_115035_20230609_20230611_02_T1
LC09_L2SP_115035_20230609_20230611_02_T1,2023-06-09,115,035,709,37.49841986000001,37.15769209485716,37.3802808731959,37.00089580903228,구례,23.5,31.1,16.7,AWS,LC09_L2SP_115035_20230609_20230611_02_T1
LC09_L2SP_115035_20230609_20230611_02_T1,2023-06-09,115,035,672,35.25164138,34.79896532171432,33.539886231086975,32.986886103347665,상하,22.9,27.3,19.3,AWS,LC09_L2SP_115035_20230609_20230611_02_T1
LC09_L2SP_115035_20230609_20230611_02_T1,2023-06-09,115,035,946,41.19216014000002,40.3306888897143,36.260194527554496,32.56878587151437,북상,21.6,29.3,14.3,AWS,LC09_L2SP_115035_20230609_20230611_02_T1
LC09_L2SP_115035_20230609_20230611_02_T1,2023-06-09,115,035,641,32.96612534000002,32.97266840685715,33.872003944152446,33.308047871514496,가덕,22.6,29.6,17.6,AWS,LC09_L2SP_115035_20230609_20230611_02_T1
LC09_L2SP_115035_20230609_20230611_02_T1,2023-06-09,115,035,906,34.94857694000003,34.52806282228573,32.9104425445361,30.553285037852863,화개,22.3,31.0,14.7,AWS,LC09_L2SP_115035_20230609_20230611_02_T1
LC09_L2SP_115035_20230609_20230611_02_T1,2023-06-09,115,035,735,28.569412280000012,27.732160142857158,27.21164005113404,25.10249525072763,덕유산,19.9,25.8,13.6,AWS,LC09_L2SP_115035_20230609_20230611_02_T1
LC09_L2SP_115035_20230609_20230611_02_T1,2023-06-09,115,035,622,39.39542096,39.22520356400002,34.22094999407944,32.08517148465865,수안보,21.5,27.7,14.5,AWS,LC09_L2SP_115035_20230609_20230611_02_T1
LC09_L2SP_115035_20230609_20230611_02_T1,2023-06-09,115,035,603,40.666924400000006,40.634209065714316,36.50175904586575,34.74033247215911,괴산,22.3,28.9,14.8,AWS,LC09_L2SP_115035_20230609_20230611_02_T1
LC09_L2SP_115035_20230609_20230611_02_T1,2023-06-09,115,035,768,40.30689296000003,39.61558166000002,37.87053091459904,36.80504579163202,곡성,23.2,30.8,16.4,AWS,LC09_L2SP_115035_20230609_20230611_02_T1
LC09_L2SP_115035_20230609_20230611_02_T1,2023-06-09,115,035,838,,,,28.791423143988577,동로,19.9,27.0,14.2,AWS,LC09_L2SP_115035_20230609_20230611_02_T1
LC09_L2SP_115035_20230609_20230611_02_T1,2023-06-09,115,035,936,32.78724896000002,33.196792861142875,34.68843454509093,31.7982032916152,신포,22.6,29.8,16.7,AWS,LC09_L2SP_115035_20230609_20230611_02_T1
LC09_L2SP_115035_20230609_20230611_02_T1,2023-06-09,115,035,839,37.701222380000026,37.86095049741936,38.001516424842116,36.47611422990785,길안,22.0,29.5,15.8,AWS,LC09_L2SP_115035_20230609_20230611_02_T1
LC09_L2SP_115035_20230609_20230611_02_T1,2023-06-09,115,035,760,37.63741934000001,36.89518815885717,34.86994728880002,32.44772842761974,복흥,21.8,28.7,15.2,AWS,LC09_L2SP_115035_20230609_20230611_02_T1
LC09_L2SP_115035_20230609_20230611_02_T1,2023-06-09,115,035,758,40.27954880000002,39.60704522685717,34.78761677938146,32.28112440152651,동향,21.4,29.9,14.7,AWS,LC09_L2SP_115035_20230609_20230611_02_T1
LC09_L2SP_115035_20230609_20230611_02_T1,2023-06-09,115,035,635,33.855949880000026,34.19622190914287,33.03300185731961,32.556984868526435,양화,23.2,29.2,19.1,AWS,LC09_L2SP_115035_20230609_20230611_02_T1
LC09_L2SP_115035_20230609_20230611_02_T1,2023-06-09,115,035,818,31.26509072000003,30.293429015428593,28.098164028865998,28.59439501653917,마성,21.2,28.2,15.2,AWS,LC09_L2SP_115035_20230609_20230611_02_T1
LC09_L2SP_115035_20230609_20230611_02_T1,2023-06-09,115,035,617,42.60835976000004,42.35884430000002,38.244213813814454,37.84121102911177,직산,23.9,29.8,19.3,AWS,LC09_L2SP_115035_20230609_20230611_02_T1
LC09_L2SP_115035_20230609_20230611_02_T1,2023-06-09,115,035,379,36.20868698,35.14369705314288,31.974131307139444,30.240782949793832,번암,20.5,28.4,14.7,AWS,LC09_L2SP_115035_20230609_20230611_02_T1
LC09_L2SP_115035_20230609_20230611_02_T1,2023-06-09,115,035,702,,,36.07319341194288,35.331047790618356,익산,24.1,30.3,19.6,AWS,LC09_L2SP_115035_20230609_20230611_02_T1
LC09_L2SP_115035_20230609_20230611_02_T1,2023-06-09,115,035,493,37.06205263999999,37.16472345028573,35.13190067475864,34.75195311078247,송악,23.3,29.7,19.2,AWS,LC09_L2SP_115035_20230609_20230611_02_T1
LC09_L2SP_115035_20230609_20230611_02_T1,2023-06-09,115,035,317,36.48668594000001,37.094409896000016,37.11125090500001,35.906416744302945,구이,23.0,28.9,16.4,AWS,LC09_L2SP_115035_20230609_20230611_02_T1
LC09_L2SP_115035_20230609_20230611_02_T1,2023-06-09,115,035,644,,,,37.21622652032002,연무,23.2,29.5,18.9,AWS,LC09_L2SP_115035_20230609_20230611_02_T1
LC09_L2SP_115035_20230609_20230611_02_T1,2023-06-09,115,035,690,39.39656030000001,38.1417888817143,34.753601020206204,33.30456128645441,풍산,23.3,29.8,16.5,AWS,LC09_L2SP_115035_20230609_20230611_02_T1
LC09_L2SP_115035_20230609_20230611_02_T1,2023-06-09,115,035,806,37.99403276000002,37.823522390857164,36.11715909034733,35.83329264492593,선산,23.1,30.1,17.8,AWS,LC09_L2SP_115035_20230609_20230611_02_T1
LC09_L2SP_115035_20230609_20230611_02_T1,2023-06-09,115,035,636,,,,33.6046569798623,계룡,21.0,28.3,13.5,AWS,LC09_L2SP_115035_20230609_20230611_02_T1
LC09_L2SP_115035_20230609_20230611_02_T1,2023-06-09,115,035,795,38.136450260000004,37.980555995428595,36.87099931848452,34.81100089941465,옥과,23.5,30.2,16.9,AWS,LC09_L2SP_115035_20230609_20230611_02_T1
LC09_L2SP_115035_20230609_20230611_02_T1,2023-06-09,115,035,614,35.96145020000002,36.03443306514287,34.920199516482775,34.10472846645608,서천,22.6,27.5,18.8,AWS,LC09_L2SP_115035_20230609_20230611_02_T1
LC09_L2SP_115035_20230609_20230611_02_T1,2023-06-09,115,035,872,28.785886880000003,26.76228231920002,,,지리산,17.8,23.9,13.2,AWS,LC09_L2SP_115035_20230609_20230611_02_T1
LC09_L2SP_115035_20230609_20230611_02_T1,2023-06-09,115,035,944,43.43210258000003,43.379562729714316,39.72200350398489,37.07596483687715,길곡,22.7,30.6,15.8,AWS,LC09_L2SP_115035_20230609_20230611_02_T1
LC09_L2SP_115035_20230609_20230611_02_T1,2023-06-09,115,035,327,38.39052308,38.40683191828573,40.4841131859794,39.94503133484686,청주금천,23.5,29.2,19.6,AWS,LC09_L2SP_115035_20230609_20230611_02_T1
LC09_L2SP_115035_20230609_20230611_02_T1,2023-06-09,115,035,624,33.824048360000006,34.13196313314287,33.50121969896909,32.61500360702397,상당,21.3,27.9,14.7,AWS,LC09_L2SP_115035_20230609_20230611_02_T1
LC09_L2SP_115035_20230609_20230611_02_T1,2023-06-09,115,035,605,29.933202260000012,29.955923954857163,30.290222866804143,30.951101151365226,영동,21.6,29.1,14.3,AWS,LC09_L2SP_115035_20230609_20230611_02_T1
LC09_L2SP_115035_20240611_20240612_02_T1,2024-06-11,115,035,919,41.3049548,41.55990653942859,39.0636182363991,38.29528737211343,창녕,26.5,34.7,19.2,AWS,LC09_L2SP_115035_20240611_20240612_02_T1
LC09_L2SP_115035_20240611_20240612_02_T1,2024-06-11,115,035,763,40.03800872000003,39.480770930000006,36.799861276858664,34.604385767567585,여산,24.6,31.2,18.9,AWS,LC09_L2SP_115035_20240611_20240612_02_T1
LC09_L2SP_115035_20240611_20240612_02_T1,2024-06-11,115,035,623,39.12425804000005,38.613182668571454,38.78872436762889,35.90433244347304,증평,24.4,31.8,18.0,AWS,LC09_L2SP_115035_20240611_20240612_02_T1
LC09_L2SP_115035_20240611_20240612_02_T1,2024-06-11,115,035,551,37.43005946000003,37.99342239928574,39.47225431776676,37.99393405564158,평택,24.7,32.3,20.8,AWS,LC09_L2SP_115035_20240611_20240612_02_T1
LC09_L2SP_115035_20240611_20240612_02_T1,2024-06-11,115,035,733,37.73882060000003,36.86110561657146,32.9042139522901,30.852890917554927,함라,22.9,29.7,18.5,AWS,LC09_L2SP_115035_20240611_20240612_02_T1
LC09_L2SP_115035_20240611_20240612_02_T1,2024-06-11,115,035,820,34.85401172000002,33.9854765617143,31.766813124347845,32.09062857626637,하회,24.2,32.2,15.6,AWS,LC09_L2SP_115035_20240611_20240612_02_T1
LC09_L2SP_115035_20240611_20240612_02_T1,2024-06-11,115,035,812,38.59788295999999,37.89989072342859,33.37237639752579,31.732477474497585,고령,25.4,33.2,17.5,AWS,LC09_L2SP_115035_20240611_20240612_02_T1
LC09_L2SP_115035_20240611_20240612_02_T1,2024-06-11,115,035,615,,,36.739103492452855,36.974784124925144,논산,24.3,30.9,18.3,AWS,LC09_L2SP_115035_20240611_20240612_02_T1
LC09_L2SP_115035_20240611_20240612_02_T1,2024-06-11,115,035,821,40.88339900000002,39.55782573885717,37.06865331634212,35.74567830435325,공성,25.8,33.0,17.9,AWS,LC09_L2SP_115035_20240611_20240612_02_T1
LC09_L2SP_115035_20240611_20240612_02_T1,2024-06-11,115,035,825,41.07139010000003,40.52082845942859,37.98107325690724,37.625258443000305,칠곡,26.6,34.3,19.2,AWS,LC09_L2SP_115035_20240611_20240612_02_T1
LC09_L2SP_115035_20240611_20240612_02_T1,2024-06-11,115,035,834,35.71649210000002,35.752690559428586,34.55930635525775,34.562978684305776,화서,26.2,32.0,21.7,AWS,LC09_L2SP_115035_20240611_20240612_02_T1
LC09_L2SP_115035_20240611_20240612_02_T1,2024-06-11,115,035,809,38.78701340000001,38.574412556000006,36.74610308680414,34.940680168914994,대덕,25.4,33.8,17.7,AWS,LC09_L2SP_115035_20240611_20240612_02_T1
LC09_L2SP_115035_20240611_20240612_02_T1,2024-06-11,115,035,810,40.78883378000004,39.83669912827589,38.79589497320465,38.73792680546814,성주,25.9,35.2,17.5,AWS,LC09_L2SP_115035_20240611_20240612_02_T1
LC09_L2SP_115035_20240611_20240612_02_T1,2024-06-11,115,035,495,,,,36.41496001838728,공도,24.9,32.4,20.4,AWS,LC09_L2SP_115035_20240611_20240612_02_T1
LC09_L2SP_115035_20240611_20240612_02_T1,2024-06-11,115,035,972,37.28650262000002,37.84933658000002,,33.58511855895524,안동옥동,24.7,33.0,16.4,AWS,LC09_L2SP_115035_20240611_20240612_02_T1
LC09_L2SP_115035_20240611_20240612_02_T1,2024-06-11,115,035,833,37.011921680000036,36.19224793142859,33.94595382474229,32.62702213735473,은척,25.2,33.9,17.2,AWS,LC09_L2SP_115035_20240611_20240612_02_T1
LC09_L2SP_115035_20240611_20240612_02_T1,2024-06-11,115,035,757,36.70885724000002,36.3527972137143,35.39782535793816,34.823141202872755,진안주천,22.5,30.6,14.8,AWS,LC09_L2SP_115035_20240611_20240612_02_T1
LC09_L2SP_115035_20240611_20240612_02_T1,2024-06-11,115,035,676,38.099991380000006,37.5833820714286,34.483424399426625,34.9640774466513,위성센터,24.1,31.6,16.9,AWS,LC09_L2SP_115035_20240611_20240612_02_T1
LC09_L2SP_115035_20240611_20240612_02_T1,2024-06-11,115,035,632,38.73916112000003,38.37411658400003,35.85699112371136,34.84682210297168,유구,23.1,31.5,16.5,AWS,LC09_L2SP_115035_20240611_20240612_02_T1
LC09_L2SP_115035_20240611_20240612_02_T1,2024-06-11,115,035,602,37.497280520000025,37.05358897142859,35.77575735628868,36.682273817247385,진천,24.7,32.2,18.2,AWS,LC09_L2SP_115035_20240611_20240612_02_T1
LC09_L2SP_115035_20240611_20240612_02_T1,2024-06-11,115,035,701,41.59776517999999,41.7115689697143,39.29829516144332,36.90928226473549,무주,24.3,31.6,17.0,AWS,LC09_L2SP_115035_20240611_20240612_02_T1
LC09_L2SP_115035_20240611_20240612_02_T1,2024-06-11,115,035,739,36.98799554000001,36.94284512342858,34.05019583256612,32.76614851137005,심원,22.6,28.0,17.7,AWS,LC09_L2SP_115035_20240611_20240612_02_T1
LC09_L2SP_115035_20240611_20240612_02_T1,2024-06-11,115,035,633,34.57145540000001,34.34895857428573,33.26038045010311,31.953606635562572,정안,23.1,32.0,17.0,AWS,LC09_L2SP_115035_20240611_20240612_02_T1
LC09_L2SP_115035_20240611_20240612_02_T1,2024-06-11,115,035,626,35.93068802000001,35.98648312742858,33.19809443956273,31.50804826722575,옥천청산,23.6,31.9,15.7,AWS,LC09_L2SP_115035_20240611_20240612_02_T1
LC09_L2SP_115035_20240611_20240612_02_T1,2024-06-11,115,035,945,38.71637432000002,37.9551649897143,35.15470913545457,33.40364190518114,대병,25.9,33.0,19.8,AWS,LC09_L2SP_115035_20240611_20240612_02_T1
LC09_L2SP_115035_20240611_20240612_02_T1,2024-06-11,115,035,915,36.42630092000004,36.6672550537143,35.80317993369268,33.94162569357288,삼가,24.5,34.0,17.1,AWS,LC09_L2SP_115035_20240611_20240612_02_T1
LC09_L2SP_115035_20240611_20240612_02_T1,2024-06-11,115,035,703,36.345407780000016,36.2708623914286,34.88697767529413,32.937865318248704,진안,22.4,30.3,15.4,AWS,LC09_L2SP_115035_20240611_20240612_02_T1
LC09_L2SP_115035_20240611_20240612_02_T1,2024-06-11,115,035,761,39.95369756000002,40.651494481142876,39.766779712993056,37.12917855819368,태인,24.0,31.6,18.0,AWS,LC09_L2SP_115035_20240611_20240612_02_T1
LC09_L2SP_115035_20240611_20240612_02_T1,2024-06-11,115,035,914,28.01683238000004,27.97913650228574,27.105050804320733,24.66281666211958,서하,23.9,31.7,17.8,AWS,LC09_L2SP_115035_20240611_20240612_02_T1
LC09_L2SP_115035_20240611_20240612_02_T1,2024-06-11,115,035,902,34.38460364000002,34.65003730742859,33.24980533896909,31.19208684898943,시천,23.5,32.6,15.3,AWS,LC09_L2SP_115035_20240611_20240612_02_T1
LC09_L2SP_115035_20240611_20240612_02_T1,2024-06-11,115,035,737,37.87668074000004,37.95965150000002,39.17948969122855,39.74815264935841,김제,23.9,30.4,20.1,AWS,LC09_L2SP_115035_20240611_20240612_02_T1
LC09_L2SP_115035_20240611_20240612_02_T1,2024-06-11,115,035,736,39.50821562000002,39.46436730628574,39.79504971541478,40.31109839271788,진봉,23.6,29.9,19.4,AWS,LC09_L2SP_115035_20240611_20240612_02_T1
LC09_L2SP_115035_20240611_20240612_02_T1,2024-06-11,115,035,759,32.74281470000002,31.826459814285734,29.44952698082476,29.308712816415706,뱀사골,22.0,30.2,14.9,AWS,LC09_L2SP_115035_20240611_20240612_02_T1
LC09_L2SP_115035_20240611_20240612_02_T1,2024-06-11,115,035,920,38.88385730000001,39.27491134057144,38.65041788824744,37.58353266902064,함안,25.1,33.6,18.4,AWS,LC09_L2SP_115035_20240611_20240612_02_T1
LC09_L2SP_115035_20240611_20240612_02_T1,2024-06-11,115,035,912,38.51357180000002,38.66738270000001,39.06209157773198,38.25585112479427,백천,26.2,33.9,18.4,AWS,LC09_L2SP_115035_20240611_20240612_02_T1
LC09_L2SP_115035_20240611_20240612_02_T1,2024-06-11,115,035,706,37.45512494000004,37.38152357600002,37.536170775051566,37.91494860357861,담양,24.8,32.6,17.5,AWS,LC09_L2SP_115035_20240611_20240612_02_T1
LC09_L2SP_115035_20240611_20240612_02_T1,2024-06-11,115,035,824,38.78131670000001,38.79961124514288,37.387518438142216,36.13205058258578,가산,26.1,34.0,18.1,AWS,LC09_L2SP_115035_20240611_20240612_02_T1
LC09_L2SP_115035_20240611_20240612_02_T1,2024-06-11,115,035,951,,,32.000873832062275,30.69424338777072,내장산,23.2,31.4,16.2,AWS,LC09_L2SP_115035_20240611_20240612_02_T1
LC09_L2SP_115035_20240611_20240612_02_T1,2024-06-11,115,035,791,30.922149380000025,29.912661587428587,26.67728176061858,26.080675233535665,피아골,22.5,32.3,16.1,AWS,LC09_L2SP_115035_20240611_20240612_02_T1
LC09_L2SP_115035_20240611_20240612_02_T1,2024-06-11,115,035,314,26.41150232000003,26.43966029428573,23.901591113608262,23.633120451709154,설천봉,17.4,25.8,11.9,AWS,LC09_L2SP_115035_20240611_20240612_02_T1
LC09_L2SP_115035_20240611_20240612_02_T1,2024-06-11,115,035,977,39.55492856000001,38.790138446857156,36.4036472387629,35.601489499830684,오창가곡,25.1,32.1,18.6,AWS,LC09_L2SP_115035_20240611_20240612_02_T1
LC09_L2SP_115035_20240611_20240612_02_T1,2024-06-11,115,035,764,37.10306888000002,35.60581335714288,33.34466028804126,32.794128381683386,신덕,22.1,29.9,15.3,AWS,LC09_L2SP_115035_20240611_20240612_02_T1
LC09_L2SP_115035_20240611_20240612_02_T1,2024-06-11,115,035,864,41.96349332,42.119485242285734,41.51910373690724,39.470642841889514,완산,25.2,31.9,19.1,AWS,LC09_L2SP_115035_20240611_20240612_02_T1
LC09_L2SP_115035_20240611_20240612_02_T1,2024-06-11,115,035,832,42.02729636,40.827278366857165,38.52838713525775,38.24588593823077,단북,26.5,34.6,18.2,AWS,LC09_L2SP_115035_20240611_20240612_02_T1
LC09_L2SP_115035_20240611_20240612_02_T1,2024-06-11,115,035,849,35.50229618000003,35.244186841142884,35.24008353917528,33.74453364852564,지보,25.0,33.9,17.2,AWS,LC09_L2SP_115035_20240611_20240612_02_T1
LC09_L2SP_115035_20240611_20240612_02_T1,2024-06-11,115,035,826,41.12721776000003,41.41166212914288,40.57902353863015,40.24242841795084,신녕,25.7,34.0,17.6,AWS,LC09_L2SP_115035_20240611_20240612_02_T1
LC09_L2SP_115035_20240611_20240612_02_T1,2024-06-11,115,035,803,36.24172784000001,35.795562296000014,35.42964465752579,33.927745587437755,옥산,24.6,33.7,16.2,AWS,LC09_L2SP_115035_20240611_20240612_02_T1
LC09_L2SP_115035_20240611_20240612_02_T1,2024-06-11,115,035,709,34.66260260000005,34.52933237257145,35.249013603445135,35.275463589327266,구례,25.1,32.1,18.0,AWS,LC09_L2SP_115035_20240611_20240612_02_T1
LC09_L2SP_115035_20240611_20240612_02_T1,2024-06-11,115,035,853,31.229771180000018,30.35417211371431,27.46223612226806,27.633792991268265,팔공산,23.1,29.7,18.0,AWS,LC09_L2SP_115035_20240611_20240612_02_T1
LC09_L2SP_115035_20240611_20240612_02_T1,2024-06-11,115,035,641,35.5968614,35.39829071428572,36.07031785649486,35.4978614629545,가덕,24.6,31.9,17.4,AWS,LC09_L2SP_115035_20240611_20240612_02_T1
LC09_L2SP_115035_20240611_20240612_02_T1,2024-06-11,115,035,946,38.21392538,37.458966143428576,33.60467009525853,30.54966586803778,북상,24.4,33.8,16.4,AWS,LC09_L2SP_115035_20240611_20240612_02_T1
LC09_L2SP_115035_20240611_20240612_02_T1,2024-06-11,115,035,735,30.876575780000035,30.311202719428586,29.797460274433007,27.973038081374195,덕유산,22.5,29.0,16.6,AWS,LC09_L2SP_115035_20240611_20240612_02_T1
LC09_L2SP_115035_20240611_20240612_02_T1,2024-06-11,115,035,906,34.46093942000001,34.469956482285724,33.16258905773198,30.97329149201834,화개,24.1,32.6,17.1,AWS,LC09_L2SP_115035_20240611_20240612_02_T1
LC09_L2SP_115035_20240611_20240612_02_T1,2024-06-11,115,035,622,45.44759504000001,44.56659224685716,36.378166741443316,32.959545675963376,수안보,22.6,30.6,14.9,AWS,LC09_L2SP_115035_20240611_20240612_02_T1
LC09_L2SP_115035_20240611_20240612_02_T1,2024-06-11,115,035,603,40.43222036000001,40.37795522342859,36.473209622886614,34.913445604746656,괴산,23.5,31.7,15.7,AWS,LC09_L2SP_115035_20240611_20240612_02_T1
LC09_L2SP_115035_20240611_20240612_02_T1,2024-06-11,115,035,768,39.94572218000002,39.39815537600001,35.872213645773215,34.96200242937878,곡성,24.2,32.4,16.3,AWS,LC09_L2SP_115035_20240611_20240612_02_T1
LC09_L2SP_115035_20240611_20240612_02_T1,2024-06-11,115,035,659,25.57408742000003,26.046587994285737,25.898697523298992,26.011740433953644,계룡산,20.2,27.3,15.1,AWS,LC09_L2SP_115035_20240611_20240612_02_T1
LC09_L2SP_115035_20240611_20240612_02_T1,2024-06-11,115,035,935,,,36.275986200527726,34.292459354364276,청덕,25.5,34.7,17.0,AWS,LC09_L2SP_115035_20240611_20240612_02_T1
LC09_L2SP_115035_20240611_20240612_02_T1,2024-06-11,115,035,758,39.29174102000002,38.5355447857143,34.47777502824744,32.14661491360827,동향,22.6,32.6,15.0,AWS,LC09_L2SP_115035_20240611_20240612_02_T1
LC09_L2SP_115035_20240611_20240612_02_T1,2024-06-11,115,035,760,42.01020626000004,41.15745909885717,36.84644331195878,34.42448869445178,복흥,21.9,30.9,14.1,AWS,LC09_L2SP_115035_20240611_20240612_02_T1
LC09_L2SP_115035_20240611_20240612_02_T1,2024-06-11,115,035,936,35.11150256000002,35.17270139428574,35.786986315463935,33.754020537704,신포,24.9,32.7,18.6,AWS,LC09_L2SP_115035_20240611_20240612_02_T1
LC09_L2SP_115035_20240611_20240612_02_T1,2024-06-11,115,035,818,35.45216522000002,34.31800107885716,31.599708222061874,31.799186108748945,마성,24.2,31.5,16.9,AWS,LC09_L2SP_115035_20240611_20240612_02_T1
LC09_L2SP_115035_20240611_20240612_02_T1,2024-06-11,115,035,819,38.02593428000002,37.126246310857155,31.858592893814453,30.304703099490425,예안,23.4,32.6,16.0,AWS,LC09_L2SP_115035_20240611_20240612_02_T1
LC09_L2SP_115035_20240611_20240612_02_T1,2024-06-11,115,035,838,34.54866860000002,34.63880667028574,32.51172052762888,29.721404727351867,동로,22.8,30.2,16.1,AWS,LC09_L2SP_115035_20240611_20240612_02_T1
LC09_L2SP_115035_20240611_20240612_02_T1,2024-06-11,115,035,839,39.871665080000014,39.88156106171431,38.229649162109396,35.9008394430828,길안,25.0,34.0,16.6,AWS,LC09_L2SP_115035_20240611_20240612_02_T1
LC09_L2SP_115035_20240611_20240612_02_T1,2024-06-11,115,035,635,33.85025318000004,34.12600601257145,33.149218978507484,32.823988241770444,양화,23.4,30.7,17.8,AWS,LC09_L2SP_115035_20240611_20240612_02_T1
LC09_L2SP_115035_20240611_20240612_02_T1,2024-06-11,115,035,379,33.941400380000026,33.210074310285734,31.38580141937502,30.75574123514722,번암,22.2,30.9,15.2,AWS,LC09_L2SP_115035_20240611_20240612_02_T1
LC09_L2SP_115035_20240611_20240612_02_T1,2024-06-11,115,035,702,36.65872628000002,35.189205548000025,35.07099810205545,36.093529407321874,익산,24.0,29.6,19.3,AWS,LC09_L2SP_115035_20240611_20240612_02_T1
LC09_L2SP_115035_20240611_20240612_02_T1,2024-06-11,115,035,493,38.624087780000046,38.73769625428574,36.28515587876291,35.5938869821758,송악,24.1,31.6,18.8,AWS,LC09_L2SP_115035_20240611_20240612_02_T1
LC09_L2SP_115035_20240611_20240612_02_T1,2024-06-11,115,035,640,35.038584800000024,35.157759764000026,33.30427831979383,32.604235989710865,청천,22.7,30.6,14.8,AWS,LC09_L2SP_115035_20240611_20240612_02_T1
LC09_L2SP_115035_20240611_20240612_02_T1,2024-06-11,115,035,317,37.76616476000004,38.3687454097143,37.73654192000002,35.48464375742048,구이,23.4,31.3,16.5,AWS,LC09_L2SP_115035_20240611_20240612_02_T1
LC09_L2SP_115035_20240611_20240612_02_T1,2024-06-11,115,035,690,39.52758440000002,38.71982489257145,35.20504589773198,33.96318026829661,풍산,23.6,31.6,16.3,AWS,LC09_L2SP_115035_20240611_20240612_02_T1
LC09_L2SP_115035_20240611_20240612_02_T1,2024-06-11,115,035,644,,,,38.37839031536002,연무,23.9,30.6,18.7,AWS,LC09_L2SP_115035_20240611_20240612_02_T1
LC09_L2SP_115035_20240611_20240612_02_T1,2024-06-11,115,035,806,40.08813968000002,40.09601740228574,38.02109893670105,37.57054468111082,선산,26.6,33.3,19.2,AWS,LC09_L2SP_115035_20240611_20240612_02_T1
LC09_L2SP_115035_20240611_20240612_02_T1,2024-06-11,115,035,636,39.831788180000025,39.3948350137143,36.43628482721651,34.54046359063844,계룡,22.9,30.9,16.5,AWS,LC09_L2SP_115035_20240611_20240612_02_T1
LC09_L2SP_115035_20240611_20240612_02_T1,2024-06-11,115,035,795,38.41900658000003,38.07547929371432,37.18059893947189,35.07223910051608,옥과,23.9,32.3,16.5,AWS,LC09_L2SP_115035_20240611_20240612_02_T1
LC09_L2SP_115035_20240611_20240612_02_T1,2024-06-11,115,035,614,36.48668594000001,36.34703540857144,34.53634728391755,33.6700855262174,서천,22.1,27.2,18.7,AWS,LC09_L2SP_115035_20240611_20240612_02_T1
LC09_L2SP_115035_20240611_20240612_02_T1,2024-06-11,115,035,872,29.872817240000035,28.852001152571447,26.49226625649486,26.169071121511614,지리산,20.2,25.5,16.5,AWS,LC09_L2SP_115035_20240611_20240612_02_T1
LC09_L2SP_115035_20240611_20240612_02_T1,2024-06-11,115,035,944,40.872005600000044,40.6369434817143,38.549537375624055,36.62718249758327,길곡,25.0,33.9,18.5,AWS,LC09_L2SP_115035_20240611_20240612_02_T1
LC09_L2SP_115035_20240611_20240612_02_T1,2024-06-11,115,035,327,38.79043142000004,38.937699253142874,40.999149679587646,40.34356972695107,청주금천,25.2,32.2,18.8,AWS,LC09_L2SP_115035_20240611_20240612_02_T1
LC09_L2SP_115035_20240611_20240612_02_T1,2024-06-11,115,035,624,34.362956180000005,34.76234367885716,34.43061966412373,33.77213124888637,상당,22.5,30.4,15.1,AWS,LC09_L2SP_115035_20240611_20240612_02_T1
LC09_L2SP_115035_20240611_20240612_02_T1,2024-06-11,115,035,605,35.02149470000003,34.52249633257145,33.849364416494865,34.16974003348986,영동,23.8,32.6,15.8,AWS,LC09_L2SP_115035_20240611_20240612_02_T1
LC09_L2SP_115035_20240611_20240612_02_T1,2024-06-11,115,035,617,36.51516944,36.92253231885716,37.63606074556703,37.35740133774408,직산,24.5,31.5,18.8,AWS,LC09_L2SP_115035_20240611_20240612_02_T1
LC09_L2SP_115035_20240611_20240612_02_T1,2024-06-11,115,035,604,43.08802190000002,41.871922936571444,39.171068861443324,37.39144650002292,옥천,24.8,32.5,17.3,AWS,LC09_L2SP_115035_20240611_20240612_02_T1
LC09_L2SP_115035_20240611_20240612_02_T1,2024-06-11,115,035,619,,,,34.51715145313815,음성,23.7,30.8,16.5,AWS,LC09_L2SP_115035_20240611_20240612_02_T1
LC09_L2SP_115035_20240611_20240612_02_T1,2024-06-11,115,035,315,28.716387140000013,27.840755521142885,24.688251882603705,24.566092110290203,성삼재,20.0,25.8,16.0,AWS,LC09_L2SP_115035_20240611_20240612_02_T1
LC09_L2SP_115035_20240611_20240612_02_T1,2024-06-11,115,035,311,27.713767939999986,27.348755956571445,26.18835220556703,25.491304452081238,가야산,20.8,28.9,15.0,AWS,LC09_L2SP_115035_20240611_20240612_02_T1
LC09_L2SP_115035_20240611_20240612_02_T1,2024-06-11,115,035,948,33.42527936000001,33.894654887428594,34.64540678804126,32.75984641412541,삼장,23.4,31.2,15.1,AWS,LC09_L2SP_115035_20240611_20240612_02_T1
LC09_L2SP_115035_20240611_20240612_02_T1,2024-06-11,115,035,625,35.05567490000002,33.961843394857155,30.40535493567012,29.388855746853725,속리산,22.3,30.1,14.4,AWS,LC09_L2SP_115035_20240611_20240612_02_T1
LC09_L2SP_115035_20240611_20240612_02_T1,2024-06-11,115,035,600,,,,33.60168546695069,금왕,23.8,32.6,16.1,AWS,LC09_L2SP_115035_20240611_20240612_02_T1
LC09_L2SP_115035_20240611_20240612_02_T1,2024-06-11,115,035,888,32.709773840000025,32.01288839085716,30.084734480000016,28.37162792485341,청남대,25.1,32.2,19.8,AWS,LC09_L2SP_115035_20240611_20240612_02_T1
LC09_L2SP_115035_20240611_20240612_02_T1,2024-06-11,115,035,815,38.71751366000003,37.86688241600002,36.08097127278352,34.820420593607004,예천,25.4,33.5,18.0,AWS,LC09_L2SP_115035_20240611_20240612_02_T1
LC09_L2SP_115035_20240611_20240612_02_T1,2024-06-11,115,035,516,39.28946234000002,39.432335576000014,38.08371956886599,36.690771348187795,안성,24.7,31.6,19.6,AWS,LC09_L2SP_115035_20240611_20240612_02_T1
LC09_L2SP_115035_20240611_20240612_02_T1,2024-06-11,115,035,822,43.44577466000002,42.91500498285716,41.23006766536084,39.82409722727743,김천,26.0,34.4,16.3,AWS,LC09_L2SP_115035_20240611_20240612_02_T1
LC09_L2SP_115035_20240611_20240612_02_T1,2024-06-11,115,035,996,34.282063040000004,34.9634697414286,34.387566318235315,32.11382776203872,화동,23.9,29.1,19.6,AWS,LC09_L2SP_115035_20240611_20240612_02_T1
LC09_L2SP_115035_20240611_20240612_02_T1,2024-06-11,115,035,647,36.47643188000001,36.54303444114288,35.34488324288662,34.79706925359175,가곡,24.2,32.4,16.1,AWS,LC09_L2SP_115035_20240611_20240612_02_T1
LC09_L2SP_115035_20240611_20240612_02_T1,2024-06-11,115,035,762,33.400213880000024,33.486250326285735,31.040358841443314,29.806858162954498,강진면,23.4,31.3,16.7,AWS,LC09_L2SP_115035_20240611_20240612_02_T1
LC09_L2SP_115035_20240814_20240815_02_T1,2024-08-14,115,035,763,,,48.32946062500002,42.703255726655996,여산,29.3,36.4,24.3,AWS,LC09_L2SP_115035_20240814_20240815_02_T1
LC09_L2SP_115035_20240814_20240815_02_T1,2024-08-14,115,035,551,42.671023460000015,43.48593639500003,45.80190129650002,45.16259067864866,평택,29.9,35.3,25.9,AWS,LC09_L2SP_115035_20240814_20240815_02_T1
LC09_L2SP_115035_20240814_20240815_02_T1,2024-08-14,115,035,820,41.42572484000004,40.96155772400001,39.58564723298331,38.817286138104535,하회,28.3,36.4,21.2,AWS,LC09_L2SP_115035_20240814_20240815_02_T1
LC09_L2SP_115035_20240814_20240815_02_T1,2024-08-14,115,035,821,,,,37.92717437810561,공성,27.4,34.9,21.7,AWS,LC09_L2SP_115035_20240814_20240815_02_T1
LC09_L2SP_115035_20240814_20240815_02_T1,2024-08-14,115,035,825,48.678763280000034,47.76410112800003,43.77218578185569,43.636463578820525,칠곡,28.2,34.4,22.4,AWS,LC09_L2SP_115035_20240814_20240815_02_T1
LC09_L2SP_115035_20240814_20240815_02_T1,2024-08-14,115,035,809,,,35.81913289321609,35.43763766096729,대덕,25.5,33.8,18.0,AWS,LC09_L2SP_115035_20240814_20240815_02_T1
LC09_L2SP_115035_20240814_20240815_02_T1,2024-08-14,115,035,810,,,46.22117924611653,45.774490707818885,성주,28.2,34.7,21.9,AWS,LC09_L2SP_115035_20240814_20240815_02_T1
LC09_L2SP_115035_20240814_20240815_02_T1,2024-08-14,115,035,972,47.57132480000001,48.844195448000015,,43.261226973907895,안동옥동,27.3,35.0,20.9,AWS,LC09_L2SP_115035_20240814_20240815_02_T1
LC09_L2SP_115035_20240814_20240815_02_T1,2024-08-14,115,035,833,39.36807680000002,38.291400500000016,35.95635773735439,34.44840565541369,은척,27.0,35.1,22.4,AWS,LC09_L2SP_115035_20240814_20240815_02_T1
LC09_L2SP_115035_20240814_20240815_02_T1,2024-08-14,115,035,757,39.78393590000002,39.63419407142859,39.153826066391765,38.66492975630709,진안주천,26.0,34.1,20.3,AWS,LC09_L2SP_115035_20240814_20240815_02_T1
LC09_L2SP_115035_20240814_20240815_02_T1,2024-08-14,115,035,676,45.298341500000014,44.72919234114288,41.94072218103094,42.60320543939141,위성센터,29.0,35.5,24.3,AWS,LC09_L2SP_115035_20240814_20240815_02_T1
LC09_L2SP_115035_20240814_20240815_02_T1,2024-08-14,115,035,602,42.67672016000002,42.67838034114289,40.572823185403244,42.000629559801446,진천,29.7,36.3,24.8,AWS,LC09_L2SP_115035_20240814_20240815_02_T1
LC09_L2SP_115035_20240814_20240815_02_T1,2024-08-14,115,035,701,50.51537936000003,50.671664255428595,47.12740113257734,44.25355710671518,무주,28.0,35.4,21.8,AWS,LC09_L2SP_115035_20240814_20240815_02_T1
LC09_L2SP_115035_20240814_20240815_02_T1,2024-08-14,115,035,626,38.72321036000002,38.89336265085716,36.5052809293677,35.08508526555663,옥천청산,27.5,34.8,22.1,AWS,LC09_L2SP_115035_20240814_20240815_02_T1
LC09_L2SP_115035_20240814_20240815_02_T1,2024-08-14,115,035,945,36.31350626000002,36.1237898737143,33.82119805237116,32.59030084624425,대병,26.4,33.4,20.0,AWS,LC09_L2SP_115035_20240814_20240815_02_T1
LC09_L2SP_115035_20240814_20240815_02_T1,2024-08-14,115,035,915,33.511869200000014,33.834009446857166,33.744516679036714,32.71310072586584,삼가,27.8,35.4,21.9,AWS,LC09_L2SP_115035_20240814_20240815_02_T1
LC09_L2SP_115035_20240814_20240815_02_T1,2024-08-14,115,035,703,43.21448864000001,42.90768065428574,41.45409562817642,39.15201253573437,진안,26.5,33.2,21.0,AWS,LC09_L2SP_115035_20240814_20240815_02_T1
LC09_L2SP_115035_20240814_20240815_02_T1,2024-08-14,115,035,761,43.812642140000015,43.39567625257145,40.922602177266775,39.862073355143316,태인,29.9,36.1,25.0,AWS,LC09_L2SP_115035_20240814_20240815_02_T1
LC09_L2SP_115035_20240814_20240815_02_T1,2024-08-14,115,035,914,41.24798780000003,40.47395275657145,38.13376830845362,35.41800328597196,서하,25.3,32.8,18.7,AWS,LC09_L2SP_115035_20240814_20240815_02_T1
LC09_L2SP_115035_20240814_20240815_02_T1,2024-08-14,115,035,737,40.94150534000001,41.24215706000002,43.43917341133423,44.85064582238002,김제,29.9,35.2,25.8,AWS,LC09_L2SP_115035_20240814_20240815_02_T1
LC09_L2SP_115035_20240814_20240815_02_T1,2024-08-14,115,035,759,,,28.77903533877553,28.760460856599817,뱀사골,25.2,31.9,19.5,AWS,LC09_L2SP_115035_20240814_20240815_02_T1
LC09_L2SP_115035_20240814_20240815_02_T1,2024-08-14,115,035,912,36.610874000000024,37.38328141485715,39.0670443787629,38.82940531673295,백천,27.1,34.9,21.4,AWS,LC09_L2SP_115035_20240814_20240815_02_T1
LC09_L2SP_115035_20240814_20240815_02_T1,2024-08-14,115,035,706,40.47095792000001,40.050215934285724,39.96812528474228,40.58077326950475,담양,29.3,35.3,24.5,AWS,LC09_L2SP_115035_20240814_20240815_02_T1
LC09_L2SP_115035_20240814_20240815_02_T1,2024-08-14,115,035,824,42.58215494000003,42.15932958971431,40.01836978721652,38.992080876948684,가산,27.3,34.6,20.5,AWS,LC09_L2SP_115035_20240814_20240815_02_T1
LC09_L2SP_115035_20240814_20240815_02_T1,2024-08-14,115,035,314,30.853788980000008,30.425462245142878,28.242695768041255,28.300495748371045,설천봉,19.7,25.8,16.4,AWS,LC09_L2SP_115035_20240814_20240815_02_T1
LC09_L2SP_115035_20240814_20240815_02_T1,2024-08-14,115,035,764,41.96805068000001,40.49358195714288,38.80803441876291,38.548299040621785,신덕,28.1,35.2,22.6,AWS,LC09_L2SP_115035_20240814_20240815_02_T1
LC09_L2SP_115035_20240814_20240815_02_T1,2024-08-14,115,035,864,52.044373640000025,52.19815198742859,51.54067573278353,48.90237596089324,완산,31.1,36.8,25.8,AWS,LC09_L2SP_115035_20240814_20240815_02_T1
LC09_L2SP_115035_20240814_20240815_02_T1,2024-08-14,115,035,738,48.02933948000001,48.259030424000024,45.98106065175259,44.98516861512956,줄포,29.2,35.5,25.9,AWS,LC09_L2SP_115035_20240814_20240815_02_T1
LC09_L2SP_115035_20240814_20240815_02_T1,2024-08-14,115,035,836,41.50206062000001,41.37221514758622,40.072230705085595,38.74145504469016,현서,25.2,32.8,18.3,AWS,LC09_L2SP_115035_20240814_20240815_02_T1
LC09_L2SP_115035_20240814_20240815_02_T1,2024-08-14,115,035,832,45.95118332000002,45.2888687017143,41.975822466597954,41.21012341869455,단북,28.3,36.2,21.9,AWS,LC09_L2SP_115035_20240814_20240815_02_T1
LC09_L2SP_115035_20240814_20240815_02_T1,2024-08-14,115,035,826,49.699611919999995,49.58844488857144,48.37325422401377,47.258793391329526,신녕,27.5,35.5,21.1,AWS,LC09_L2SP_115035_20240814_20240815_02_T1
LC09_L2SP_115035_20240814_20240815_02_T1,2024-08-14,115,035,803,43.17461173999999,42.49878780457145,41.67143075422682,40.34187578783508,옥산,26.8,34.9,19.0,AWS,LC09_L2SP_115035_20240814_20240815_02_T1
LC09_L2SP_115035_20240814_20240815_02_T1,2024-08-14,115,035,709,34.43701328000001,34.68363156114288,35.847124674226826,35.81422870126438,구례,29.6,36.3,23.4,AWS,LC09_L2SP_115035_20240814_20240815_02_T1
LC09_L2SP_115035_20240814_20240815_02_T1,2024-08-14,115,035,946,47.25686696,46.31476299028573,40.404907522061876,37.19305455989123,북상,25.4,34.1,19.8,AWS,LC09_L2SP_115035_20240814_20240815_02_T1
LC09_L2SP_115035_20240814_20240815_02_T1,2024-08-14,115,035,735,37.93934444000001,35.78667544400001,34.75929380494848,32.96239418905241,덕유산,24.4,31.2,17.1,AWS,LC09_L2SP_115035_20240814_20240815_02_T1
LC09_L2SP_115035_20240814_20240815_02_T1,2024-08-14,115,035,603,,43.55315745500002,,,괴산,27.0,34.6,23.3,AWS,LC09_L2SP_115035_20240814_20240815_02_T1
LC09_L2SP_115035_20240814_20240815_02_T1,2024-08-14,115,035,768,43.392225680000024,42.76920201542858,38.84320909422682,38.008427467865765,곡성,28.1,35.9,22.6,AWS,LC09_L2SP_115035_20240814_20240815_02_T1
LC09_L2SP_115035_20240814_20240815_02_T1,2024-08-14,115,035,758,46.302100040000006,44.79335345942858,39.550637437525786,37.654348030777186,동향,26.6,35.7,20.2,AWS,LC09_L2SP_115035_20240814_20240815_02_T1
LC09_L2SP_115035_20240814_20240815_02_T1,2024-08-14,115,035,936,37.33207622000003,37.45164181485716,39.60552889136941,39.290480082278044,신포,27.2,35.2,22.8,AWS,LC09_L2SP_115035_20240814_20240815_02_T1
LC09_L2SP_115035_20240814_20240815_02_T1,2024-08-14,115,035,819,45.46810316000002,44.416687655428596,39.32110936824745,37.83306388224451,예안,27.1,35.2,20.3,AWS,LC09_L2SP_115035_20240814_20240815_02_T1
LC09_L2SP_115035_20240814_20240815_02_T1,2024-08-14,115,035,838,,,,29.912364156879686,동로,25.5,32.6,20.8,AWS,LC09_L2SP_115035_20240814_20240815_02_T1
LC09_L2SP_115035_20240814_20240815_02_T1,2024-08-14,115,035,839,49.84886546000001,48.990974992571445,45.31679014481569,42.57346591854912,길안,27.4,35.4,20.4,AWS,LC09_L2SP_115035_20240814_20240815_02_T1
LC09_L2SP_115035_20240814_20240815_02_T1,2024-08-14,115,035,635,37.58387036000003,37.721177106285744,37.194235656288676,37.16670605984778,양화,29.0,35.3,24.6,AWS,LC09_L2SP_115035_20240814_20240815_02_T1
LC09_L2SP_115035_20240814_20240815_02_T1,2024-08-14,115,035,379,41.13177512000001,40.491726460571435,36.94881555587631,35.65709251721776,번암,26.3,33.5,20.2,AWS,LC09_L2SP_115035_20240814_20240815_02_T1
LC09_L2SP_115035_20240814_20240815_02_T1,2024-08-14,115,035,640,39.22224128000003,39.204988417142886,38.28389103567012,37.80162749217294,청천,26.7,33.3,21.8,AWS,LC09_L2SP_115035_20240814_20240815_02_T1
LC09_L2SP_115035_20240814_20240815_02_T1,2024-08-14,115,035,317,44.77196642000001,45.482816922285735,44.48274633134023,42.170501099804895,구이,29.0,35.1,24.2,AWS,LC09_L2SP_115035_20240814_20240815_02_T1
LC09_L2SP_115035_20240814_20240815_02_T1,2024-08-14,115,035,690,45.08756360000003,43.593921412571454,38.2771254703093,36.57219417351848,풍산,27.9,34.2,22.9,AWS,LC09_L2SP_115035_20240814_20240815_02_T1
LC09_L2SP_115035_20240814_20240815_02_T1,2024-08-14,115,035,644,,,,45.46909668735259,연무,29.0,35.4,24.2,AWS,LC09_L2SP_115035_20240814_20240815_02_T1
LC09_L2SP_115035_20240814_20240815_02_T1,2024-08-14,115,035,806,46.90481090000003,46.28175468285716,42.20518235041287,41.4842321438183,선산,28.4,35.4,22.2,AWS,LC09_L2SP_115035_20240814_20240815_02_T1
LC09_L2SP_115035_20240814_20240815_02_T1,2024-08-14,115,035,795,43.121062759999994,42.70103693085716,40.93964123659688,38.95046555688507,옥과,28.1,35.5,23.0,AWS,LC09_L2SP_115035_20240814_20240815_02_T1
LC09_L2SP_115035_20240814_20240815_02_T1,2024-08-14,115,035,614,39.25983950000002,40.03576259257144,38.71312759387588,37.74807828455827,서천,28.5,34.8,24.3,AWS,LC09_L2SP_115035_20240814_20240815_02_T1
LC09_L2SP_115035_20240814_20240815_02_T1,2024-08-14,115,035,944,47.87780726000002,47.41912238000002,45.60442141716091,,길곡,27.4,36.1,21.9,AWS,LC09_L2SP_115035_20240814_20240815_02_T1
LC09_L2SP_115035_20240814_20240815_02_T1,2024-08-14,115,035,624,37.60779650000003,37.92606299085716,37.71928346391755,37.497943264304354,상당,27.4,33.6,22.5,AWS,LC09_L2SP_115035_20240814_20240815_02_T1
LC09_L2SP_115035_20240814_20240815_02_T1,2024-08-14,115,035,605,41.063414720000026,40.40393217542859,39.21515466350518,39.562210159244216,영동,27.9,35.5,20.8,AWS,LC09_L2SP_115035_20240814_20240815_02_T1
LC09_L2SP_115035_20240814_20240815_02_T1,2024-08-14,115,035,604,44.29572230000002,44.210727536000014,41.092642865778416,39.17979802460313,옥천,28.7,36.0,23.1,AWS,LC09_L2SP_115035_20240814_20240815_02_T1
LC09_L2SP_115035_20240814_20240815_02_T1,2024-08-14,115,035,619,,,,40.04665224687092,음성,28.1,34.6,23.3,AWS,LC09_L2SP_115035_20240814_20240815_02_T1
LC09_L2SP_115035_20240814_20240815_02_T1,2024-08-14,115,035,516,43.55515130000001,43.56472175600002,42.432858433992216,41.94356320663417,안성,30.7,36.3,26.2,AWS,LC09_L2SP_115035_20240814_20240815_02_T1
LC09_L2SP_115035_20240814_20240815_02_T1,2024-08-14,115,035,822,47.728553720000015,47.08801677200002,44.91208174845362,43.23587222194104,김천,28.3,36.2,21.1,AWS,LC09_L2SP_115035_20240814_20240815_02_T1
LC09_L2SP_115035_20240814_20240815_02_T1,2024-08-14,115,035,762,,,,36.73565145380857,강진면,28.4,35.2,23.6,AWS,LC09_L2SP_115035_20240814_20240815_02_T1
LC09_L2SP_115035_20250801_20250802_02_T1,2025-08-01,115,035,919,43.747699760000025,43.698122193714305,40.14222505030929,40.25899795067279,창녕,29.6,37.2,22.5,AWS,LC09_L2SP_115035_20250801_20250802_02_T1
LC09_L2SP_115035_20250801_20250802_02_T1,2025-08-01,115,035,623,47.94730700000002,47.0894816377143,46.78298576697185,43.40071047046894,증평,29.7,35.5,23.8,AWS,LC09_L2SP_115035_20250801_20250802_02_T1
LC09_L2SP_115035_20250801_20250802_02_T1,2025-08-01,115,035,733,42.73368716000001,41.688814722285734,37.91065655458017,35.750705351719866,함라,28.8,35.1,23.5,AWS,LC09_L2SP_115035_20250801_20250802_02_T1
LC09_L2SP_115035_20250801_20250802_02_T1,2025-08-01,115,035,820,39.97534502,38.77998204457144,36.98059601459592,36.32752610660162,하회,27.7,36.1,20.9,AWS,LC09_L2SP_115035_20250801_20250802_02_T1
LC09_L2SP_115035_20250801_20250802_02_T1,2025-08-01,115,035,827,48.20821586000002,47.41844608727275,44.72865721360503,46.34668207318497,경산,30.0,37.7,23.1,AWS,LC09_L2SP_115035_20250801_20250802_02_T1
LC09_L2SP_115035_20250801_20250802_02_T1,2025-08-01,115,035,812,43.73060966000003,42.986099798857154,37.51961315010311,35.85910204506157,고령,27.9,36.6,21.0,AWS,LC09_L2SP_115035_20250801_20250802_02_T1
LC09_L2SP_115035_20250801_20250802_02_T1,2025-08-01,115,035,825,48.03503618000002,46.45968703828572,41.48350229835054,41.14293725974809,칠곡,29.6,36.9,23.2,AWS,LC09_L2SP_115035_20250801_20250802_02_T1
LC09_L2SP_115035_20250801_20250802_02_T1,2025-08-01,115,035,972,42.26997577999998,43.355994668000015,,38.17479125414366,안동옥동,29.5,36.6,22.2,AWS,LC09_L2SP_115035_20250801_20250802_02_T1
LC09_L2SP_115035_20250801_20250802_02_T1,2025-08-01,115,035,833,40.10181176,38.774024924000024,36.184237143368435,34.435171092770354,은척,28.5,35.7,21.8,AWS,LC09_L2SP_115035_20250801_20250802_02_T1
LC09_L2SP_115035_20250801_20250802_02_T1,2025-08-01,115,035,757,41.15342258000004,40.78235581828574,40.05507532845363,39.210992037329866,진안주천,26.2,34.0,18.4,AWS,LC09_L2SP_115035_20250801_20250802_02_T1
LC09_L2SP_115035_20250801_20250802_02_T1,2025-08-01,115,035,632,,,,38.20580526299676,유구,29.2,36.2,23.0,AWS,LC09_L2SP_115035_20250801_20250802_02_T1
LC09_L2SP_115035_20250801_20250802_02_T1,2025-08-01,115,035,633,41.41547078000002,40.78399158500002,40.176812375937516,39.47133558319068,정안,28.5,35.9,22.2,AWS,LC09_L2SP_115035_20250801_20250802_02_T1
LC09_L2SP_115035_20250801_20250802_02_T1,2025-08-01,115,035,929,36.01499918000002,36.23101804400002,37.517263995463935,35.483513215814504,개천,27.5,34.9,20.8,AWS,LC09_L2SP_115035_20250801_20250802_02_T1
LC09_L2SP_115035_20250801_20250802_02_T1,2025-08-01,115,035,945,37.918836320000004,38.4917941297143,36.6445256402062,35.389056368032804,대병,26.4,34.1,19.1,AWS,LC09_L2SP_115035_20250801_20250802_02_T1
LC09_L2SP_115035_20250801_20250802_02_T1,2025-08-01,115,035,764,40.50172010000002,39.30469694342859,38.22122733567013,37.53262269589406,신덕,27.0,33.9,19.9,AWS,LC09_L2SP_115035_20250801_20250802_02_T1
LC09_L2SP_115035_20250801_20250802_02_T1,2025-08-01,115,035,703,45.33593972000002,44.87177260400001,41.971178465284375,39.40463553451361,진안,26.7,34.1,18.9,AWS,LC09_L2SP_115035_20250801_20250802_02_T1
LC09_L2SP_115035_20250801_20250802_02_T1,2025-08-01,115,035,736,42.82939171999999,41.43695547714287,40.9663359045361,40.87516626550246,진봉,29.2,35.5,23.9,AWS,LC09_L2SP_115035_20250801_20250802_02_T1
LC09_L2SP_115035_20250801_20250802_02_T1,2025-08-01,115,035,737,40.83554672,41.25603020000001,43.34555939725234,44.845472851419245,김제,29.3,35.3,24.6,AWS,LC09_L2SP_115035_20250801_20250802_02_T1
LC09_L2SP_115035_20250801_20250802_02_T1,2025-08-01,115,035,824,39.94116482000004,39.53995437714286,37.496172502061874,36.58419023219514,가산,28.7,37.6,21.8,AWS,LC09_L2SP_115035_20250801_20250802_02_T1
LC09_L2SP_115035_20250801_20250802_02_T1,2025-08-01,115,035,926,38.771062640000004,39.233699785142875,38.16026677278352,39.37963916024051,진북,28.0,34.0,22.1,AWS,LC09_L2SP_115035_20250801_20250802_02_T1
LC09_L2SP_115035_20250801_20250802_02_T1,2025-08-01,115,035,920,41.32888094000001,41.88364186228573,41.799087732577334,40.41650086025195,함안,28.0,36.2,20.9,AWS,LC09_L2SP_115035_20250801_20250802_02_T1
LC09_L2SP_115035_20250801_20250802_02_T1,2025-08-01,115,035,915,38.104548740000006,38.23847001885715,38.11509682322582,36.91574030950291,삼가,27.5,36.9,19.9,AWS,LC09_L2SP_115035_20250801_20250802_02_T1
LC09_L2SP_115035_20250801_20250802_02_T1,2025-08-01,115,035,914,38.68105478000001,38.27294319200003,36.00418523814435,33.33096107560617,서하,25.9,33.6,18.7,AWS,LC09_L2SP_115035_20250801_20250802_02_T1
LC09_L2SP_115035_20250801_20250802_02_T1,2025-08-01,115,035,912,37.94276246000002,38.11346814457145,38.75779774680414,38.67441869909513,백천,27.7,36.5,20.6,AWS,LC09_L2SP_115035_20250801_20250802_02_T1
LC09_L2SP_115035_20250801_20250802_02_T1,2025-08-01,115,035,899,48.05896232000001,48.12338385885715,46.968945811972496,47.31007623454287,마산회원,29.2,34.8,24.2,AWS,LC09_L2SP_115035_20250801_20250802_02_T1
LC09_L2SP_115035_20250801_20250802_02_T1,2025-08-01,115,035,864,52.06260308000003,52.31231385542859,51.56066703876291,48.67867325485259,완산,30.7,36.8,24.0,AWS,LC09_L2SP_115035_20250801_20250802_02_T1
LC09_L2SP_115035_20250801_20250802_02_T1,2025-08-01,115,035,977,44.998695080000026,45.16611295485717,43.75485850323701,42.447057277012775,오창가곡,30.0,35.9,24.3,AWS,LC09_L2SP_115035_20250801_20250802_02_T1
LC09_L2SP_115035_20250801_20250802_02_T1,2025-08-01,115,035,738,48.90207392000004,48.645559657142876,45.582072559516696,44.063959255294144,줄포,28.6,34.4,23.0,AWS,LC09_L2SP_115035_20250801_20250802_02_T1
LC09_L2SP_115035_20250801_20250802_02_T1,2025-08-01,115,035,826,45.92269982000001,45.6799878474286,44.18298120988534,42.6448933989857,신녕,29.1,38.3,22.4,AWS,LC09_L2SP_115035_20250801_20250802_02_T1
LC09_L2SP_115035_20250801_20250802_02_T1,2025-08-01,115,035,803,41.74587938000002,41.187244701714306,39.57185421917528,38.48750988690723,옥산,28.2,37.6,18.6,AWS,LC09_L2SP_115035_20250801_20250802_02_T1
LC09_L2SP_115035_20250801_20250802_02_T1,2025-08-01,115,035,849,37.671599540000024,37.390898716571456,37.801045791134044,36.14332326705381,지보,28.6,37.0,22.0,AWS,LC09_L2SP_115035_20250801_20250802_02_T1
LC09_L2SP_115035_20250801_20250802_02_T1,2025-08-01,115,035,709,38.756251220000024,38.407515522285735,40.778395702886606,40.79778004919357,구례,28.1,36.1,20.7,AWS,LC09_L2SP_115035_20250801_20250802_02_T1
LC09_L2SP_115035_20250801_20250802_02_T1,2025-08-01,115,035,853,34.007482100000004,33.182339519428595,30.433786310149273,30.510990168850682,팔공산,27.0,33.4,21.0,AWS,LC09_L2SP_115035_20250801_20250802_02_T1
LC09_L2SP_115035_20250801_20250802_02_T1,2025-08-01,115,035,946,45.242513839999994,44.492372384000014,38.43677164445499,35.73941639875349,북상,26.8,35.9,19.5,AWS,LC09_L2SP_115035_20250801_20250802_02_T1
LC09_L2SP_115035_20250801_20250802_02_T1,2025-08-01,115,035,641,39.85571432000004,39.743570711428596,40.24921729835054,39.50131256000002,가덕,29.1,35.7,22.9,AWS,LC09_L2SP_115035_20250801_20250802_02_T1
LC09_L2SP_115035_20250801_20250802_02_T1,2025-08-01,115,035,906,42.64140062000001,42.34409798514287,40.564336816907236,37.437876969813935,화개,27.7,36.9,19.3,AWS,LC09_L2SP_115035_20250801_20250802_02_T1
LC09_L2SP_115035_20250801_20250802_02_T1,2025-08-01,115,035,735,37.040405180000015,35.998006737714306,34.725176249072184,32.74147932697969,덕유산,25.0,32.6,17.5,AWS,LC09_L2SP_115035_20250801_20250802_02_T1
LC09_L2SP_115035_20250801_20250802_02_T1,2025-08-01,115,035,622,,,,36.651610209445806,수안보,27.8,35.0,21.5,AWS,LC09_L2SP_115035_20250801_20250802_02_T1
LC09_L2SP_115035_20250801_20250802_02_T1,2025-08-01,115,035,768,45.72787268000004,45.13427654000002,42.17880900371135,41.410024505951235,곡성,28.0,36.5,20.7,AWS,LC09_L2SP_115035_20250801_20250802_02_T1
LC09_L2SP_115035_20250801_20250802_02_T1,2025-08-01,115,035,760,45.08756360000001,44.11521829142858,40.62027801938146,38.20611635081594,복흥,26.7,34.4,19.5,AWS,LC09_L2SP_115035_20250801_20250802_02_T1
LC09_L2SP_115035_20250801_20250802_02_T1,2025-08-01,115,035,758,45.51253742,44.411218823428584,39.44198756275231,37.59511795063416,동향,27.1,35.8,18.6,AWS,LC09_L2SP_115035_20250801_20250802_02_T1
LC09_L2SP_115035_20250801_20250802_02_T1,2025-08-01,115,035,818,39.242749400000015,38.062100186857165,35.15412014041239,34.944695094783874,마성,28.0,35.4,21.4,AWS,LC09_L2SP_115035_20250801_20250802_02_T1
LC09_L2SP_115035_20250801_20250802_02_T1,2025-08-01,115,035,819,41.78917430000001,40.994077742857165,35.747207296907234,34.03778958776984,예안,27.4,36.8,18.9,AWS,LC09_L2SP_115035_20250801_20250802_02_T1
LC09_L2SP_115035_20250801_20250802_02_T1,2025-08-01,115,035,936,37.69210766000001,37.87606224114288,40.37468564762889,38.30310083356429,신포,27.9,35.9,20.8,AWS,LC09_L2SP_115035_20250801_20250802_02_T1
LC09_L2SP_115035_20250801_20250802_02_T1,2025-08-01,115,035,838,38.73004640000003,38.69101586685716,36.8086884816495,34.14176863306042,동로,26.7,33.8,19.9,AWS,LC09_L2SP_115035_20250801_20250802_02_T1
LC09_L2SP_115035_20250801_20250802_02_T1,2025-08-01,115,035,839,46.128920360000016,46.1584129897143,42.90247224285716,40.267994188160564,길안,29.4,38.5,20.8,AWS,LC09_L2SP_115035_20250801_20250802_02_T1
LC09_L2SP_115035_20250801_20250802_02_T1,2025-08-01,115,035,935,43.176890419999985,42.314703013142875,40.94645510926368,38.83835073961946,청덕,28.4,37.2,21.9,AWS,LC09_L2SP_115035_20250801_20250802_02_T1
LC09_L2SP_115035_20250801_20250802_02_T1,2025-08-01,115,035,379,42.84989984,40.71243289485716,37.63577101649487,36.34636039665326,번암,26.5,34.7,18.4,AWS,LC09_L2SP_115035_20250801_20250802_02_T1
LC09_L2SP_115035_20250801_20250802_02_T1,2025-08-01,115,035,493,43.87644518000002,43.56138416000002,40.25030677201089,40.25306811618112,송악,29.5,36.2,23.6,AWS,LC09_L2SP_115035_20250801_20250802_02_T1
LC09_L2SP_115035_20250801_20250802_02_T1,2025-08-01,115,035,317,44.95767884000003,44.95673481542859,43.48415984680415,41.09920184094775,구이,28.4,35.1,22.1,AWS,LC09_L2SP_115035_20250801_20250802_02_T1
LC09_L2SP_115035_20250801_20250802_02_T1,2025-08-01,115,035,690,45.64470086000002,44.50965779942859,39.03368704291287,37.28563644497726,풍산,28.0,35.6,20.9,AWS,LC09_L2SP_115035_20250801_20250802_02_T1
LC09_L2SP_115035_20250801_20250802_02_T1,2025-08-01,115,035,644,,,,43.58695738352001,연무,28.8,35.0,22.8,AWS,LC09_L2SP_115035_20250801_20250802_02_T1
LC09_L2SP_115035_20250801_20250802_02_T1,2025-08-01,115,035,806,42.200476040000034,41.74311241142859,38.8083163173196,38.21485466132267,선산,29.3,35.8,23.2,AWS,LC09_L2SP_115035_20250801_20250802_02_T1
LC09_L2SP_115035_20250801_20250802_02_T1,2025-08-01,115,035,636,44.996416400000044,44.72089143542859,42.757241350515486,41.118798512848024,계룡,27.6,34.9,20.6,AWS,LC09_L2SP_115035_20250801_20250802_02_T1
LC09_L2SP_115035_20250801_20250802_02_T1,2025-08-01,115,035,795,45.99675692000002,45.962120984000016,43.69623302206899,40.13349861226845,옥과,28.4,35.9,21.5,AWS,LC09_L2SP_115035_20250801_20250802_02_T1
LC09_L2SP_115035_20250801_20250802_02_T1,2025-08-01,115,035,872,33.72948314000001,32.589459536000014,30.206436351340226,29.797044443349574,지리산,23.0,29.1,18.5,AWS,LC09_L2SP_115035_20250801_20250802_02_T1
LC09_L2SP_115035_20250801_20250802_02_T1,2025-08-01,115,035,944,47.74222580000001,47.18235412400002,45.00095363031804,41.750602298509115,길곡,28.8,36.4,22.0,AWS,LC09_L2SP_115035_20250801_20250802_02_T1
LC09_L2SP_115035_20250801_20250802_02_T1,2025-08-01,115,035,617,41.86778876000003,42.15532562342859,42.96361067030929,42.5250943268938,직산,29.3,35.8,23.4,AWS,LC09_L2SP_115035_20250801_20250802_02_T1
LC09_L2SP_115035_20250801_20250802_02_T1,2025-08-01,115,035,605,41.95779662000001,41.62836459714287,40.213361368041255,40.488382026344134,영동,28.0,35.8,20.5,AWS,LC09_L2SP_115035_20250801_20250802_02_T1
LC09_L2SP_115035_20250801_20250802_02_T1,2025-08-01,115,035,311,34.235350100000026,33.41974542285716,32.050917733937304,30.955639144100566,가야산,23.3,31.0,17.3,AWS,LC09_L2SP_115035_20250801_20250802_02_T1
LC09_L2SP_115035_20250801_20250802_02_T1,2025-08-01,115,035,948,37.66362416000002,37.96979589090911,38.29488554000002,36.04869964068314,삼장,26.5,35.9,18.9,AWS,LC09_L2SP_115035_20250801_20250802_02_T1
LC09_L2SP_115035_20250801_20250802_02_T1,2025-08-01,115,035,815,45.617356699999995,44.161312732571446,42.21990513028771,40.80031712789476,예천,29.0,36.5,21.9,AWS,LC09_L2SP_115035_20250801_20250802_02_T1
LC09_L2SP_115035_20250801_20250802_02_T1,2025-08-01,115,035,822,42.447712820000014,42.162747609714316,41.111243508453626,39.82859554904668,김천,28.6,36.4,21.2,AWS,LC09_L2SP_115035_20250801_20250802_02_T1
LC09_L2SP_115035_20250801_20250802_02_T1,2025-08-01,115,035,996,39.475174760000016,39.576966650857166,39.20819603637633,36.514130254564805,화동,26.5,33.4,21.6,AWS,LC09_L2SP_115035_20250801_20250802_02_T1
LC09_L2SP_115035_20250801_20250802_02_T1,2025-08-01,115,035,647,41.397241340000015,41.77953873885715,41.7172207979358,41.45803528641663,가곡,27.7,35.6,20.8,AWS,LC09_L2SP_115035_20250801_20250802_02_T1
LC09_L2SP_115035_20250801_20250802_02_T1,2025-08-01,115,035,762,40.455007160000015,40.96185069714287,37.84138501895472,36.15263083166971,강진면,27.8,36.1,20.6,AWS,LC09_L2SP_115035_20250801_20250802_02_T1
LC09_L2SP_115035_20250801_20250802_02_T1,2025-08-01,115,035,706,40.322843720000016,40.64768583028573,40.705924282268064,41.50696364084387,담양,29.0,35.7,22.5,AWS,LC09_L2SP_115035_20250801_20250802_02_T1
LC09_L2SP_115035_20250801_20250802_02_T1,2025-08-01,115,035,791,38.16151574000003,37.28435415028574,32.47266583175259,31.43438855478387,피아골,25.5,34.3,19.2,AWS,LC09_L2SP_115035_20250801_20250802_02_T1
LC09_L2SP_115035_20250801_20250802_02_T1,2025-08-01,115,035,834,39.16869230000001,40.12306858914289,38.71388421608249,38.8876141641341,화서,27.3,34.4,21.7,AWS,LC09_L2SP_115035_20250801_20250802_02_T1
LC09_L2SP_115035_20250801_20250802_02_T1,2025-08-01,115,035,701,49.685939840000025,49.41822749257144,45.59980851484537,42.714343343628414,무주,27.5,35.0,20.3,AWS,LC09_L2SP_115035_20250801_20250802_02_T1
LC09_L2SP_115035_20250801_20250802_02_T1,2025-08-01,115,035,902,41.91222302000002,41.90454061314287,40.51045112474228,39.12578499051548,시천,26.7,35.2,18.5,AWS,LC09_L2SP_115035_20250801_20250802_02_T1
LC09_L2SP_115035_20250801_20250802_02_T1,2025-08-01,115,035,759,,,,30.301402742649028,뱀사골,24.3,32.3,16.5,AWS,LC09_L2SP_115035_20250801_20250802_02_T1
LC09_L2SP_115035_20250801_20250802_02_T1,2025-08-01,115,035,821,43.94138756000003,42.34497690457145,39.145670584536106,37.74148286541084,공성,27.9,35.1,21.8,AWS,LC09_L2SP_115035_20250801_20250802_02_T1
LC09_L2SP_115035_20250801_20250802_02_T1,2025-08-01,115,035,951,,,39.29782496758428,37.46809001334056,내장산,27.9,35.7,21.1,AWS,LC09_L2SP_115035_20250801_20250802_02_T1
LC09_L2SP_115035_20250801_20250802_02_T1,2025-08-01,115,035,810,47.49384968000002,46.724363016551735,45.63602820392001,44.22692151036069,성주,29.0,36.0,22.5,AWS,LC09_L2SP_115035_20250801_20250802_02_T1
LC09_L2SP_115035_20250801_20250802_02_T1,2025-08-01,115,035,702,38.92601288000001,38.11630021828574,38.53984881320278,39.56217648673369,익산,28.9,35.7,23.5,AWS,LC09_L2SP_115035_20250801_20250802_02_T1
LC09_L2SP_115035_20250801_20250802_02_T1,2025-08-01,115,035,809,39.81811610000003,39.74747702000002,36.760248114325165,35.612769928943244,대덕,26.6,34.4,18.9,AWS,LC09_L2SP_115035_20250801_20250802_02_T1
LC09_L2SP_115035_20250801_20250802_02_T1,2025-08-01,115,035,836,40.684014500000025,41.02308208400001,39.35173059896909,37.618047624397384,현서,26.1,35.2,17.3,AWS,LC09_L2SP_115035_20250801_20250802_02_T1
LC09_L2SP_115035_20250801_20250802_02_T1,2025-08-01,115,035,315,35.103527180000036,32.893956289142885,29.485531690927857,29.305711651989714,성삼재,24.2,28.9,19.7,AWS,LC09_L2SP_115035_20250801_20250802_02_T1
LC09_L2SP_115035_20250801_20250802_02_T1,2025-08-01,115,035,314,31.800580520000022,31.00799051085717,28.69114547340208,28.569513395201852,설천봉,21.5,27.8,16.4,AWS,LC09_L2SP_115035_20250801_20250802_02_T1
LC09_L2SP_115035_20250801_20250802_02_T1,2025-08-01,115,035,763,49.010311220000006,48.805531610000024,45.189073823724854,41.0037370133827,여산,29.1,35.6,22.9,AWS,LC09_L2SP_115035_20250801_20250802_02_T1
LC09_L2SP_115035_20250801_20250802_02_T1,2025-08-01,115,035,626,40.474375940000016,40.02043033142859,37.24345436123713,36.704388227271124,옥천청산,27.6,35.3,21.9,AWS,LC09_L2SP_115035_20250801_20250802_02_T1
LC09_L2SP_115036_20230727_20230802_02_T1,2023-07-27,115,036,790,35.69826266000003,35.48276463714288,33.13837297441862,32.943432235723705,나로도,26.5,29.4,24.8,AWS,LC09_L2SP_115036_20230727_20230802_02_T1
LC09_L2SP_115036_20230727_20230802_02_T1,2023-07-27,115,036,920,38.91461948000002,39.489172365714296,38.70664508717203,37.47402881134747,함안,27.3,33.4,23.6,AWS,LC09_L2SP_115036_20230727_20230802_02_T1
LC09_L2SP_115036_20230727_20230802_02_T1,2023-07-27,115,036,767,35.184420320000015,34.67452497928573,34.55104942772416,34.50741354637557,포두,26.9,30.3,24.4,AWS,LC09_L2SP_115036_20230727_20230802_02_T1
LC09_L2SP_115036_20230727_20230802_02_T1,2023-07-27,115,036,744,,,37.988839998846174,37.18541180473578,산이,28.8,33.8,25.2,AWS,LC09_L2SP_115036_20230727_20230802_02_T1
LC09_L2SP_115036_20230727_20230802_02_T1,2023-07-27,115,036,926,37.705779740000025,38.16083213600002,37.51242144064269,38.6014337144156,진북,27.6,33.6,22.9,AWS,LC09_L2SP_115036_20230727_20230802_02_T1
LC09_L2SP_115036_20230727_20230802_02_T1,2023-07-27,115,036,709,37.74793532000001,37.36863275771431,38.259587827614695,38.27726155292473,구례,27.2,33.5,22.8,AWS,LC09_L2SP_115036_20230727_20230802_02_T1
LC09_L2SP_115036_20230727_20230802_02_T1,2023-07-27,115,036,722,45.12516182000004,44.07722944057144,44.32212841681981,44.20042585683476,조선대,28.0,33.2,24.0,AWS,LC09_L2SP_115036_20230727_20230802_02_T1
LC09_L2SP_115036_20230727_20230802_02_T1,2023-07-27,115,036,717,35.768901740000025,35.915449347500015,34.7863273393922,34.800311985865875,의신,27.6,31.3,25.5,AWS,LC09_L2SP_115036_20230727_20230802_02_T1
LC09_L2SP_115036_20230727_20230802_02_T1,2023-07-27,115,036,776,,,36.626341881828274,36.26577918219782,현산,28.0,31.0,25.2,AWS,LC09_L2SP_115036_20230727_20230802_02_T1
LC09_L2SP_115036_20240729_20240730_02_T1,2024-07-29,115,036,787,39.67455926,39.073736449142885,37.376974832857165,35.71897714005104,도화,28.3,33.3,23.9,AWS,LC09_L2SP_115036_20240729_20240730_02_T1
LC09_L2SP_115036_20240729_20240730_02_T1,2024-07-29,115,036,902,,,38.0053769526246,36.85146612856823,시천,27.6,35.0,21.6,AWS,LC09_L2SP_115036_20240729_20240730_02_T1
LC09_L2SP_115036_20240729_20240730_02_T1,2024-07-29,115,036,917,,,41.01471101985561,38.1197566741449,사천,29.1,34.1,25.7,AWS,LC09_L2SP_115036_20240729_20240730_02_T1
LC09_L2SP_115036_20240729_20240730_02_T1,2024-07-29,115,036,920,37.21130618000001,39.105743765000014,39.450876060152105,,함안,28.9,34.3,24.7,AWS,LC09_L2SP_115036_20240729_20240730_02_T1
LC09_L2SP_115036_20240729_20240730_02_T1,2024-07-29,115,036,706,37.311568100000024,37.39304718628572,37.93531935853284,38.31766122219628,담양,28.4,32.9,24.8,AWS,LC09_L2SP_115036_20240729_20240730_02_T1
LC09_L2SP_115036_20240729_20240730_02_T1,2024-07-29,115,036,933,37.54285412000004,37.49138850457144,36.63088492882285,37.47243774036719,금남,28.7,35.2,24.6,AWS,LC09_L2SP_115036_20240729_20240730_02_T1
LC09_L2SP_115036_20240729_20240730_02_T1,2024-07-29,115,036,918,37.74907466000004,38.236028576000024,38.85943000701033,38.039967037579395,고성,28.4,32.6,24.4,AWS,LC09_L2SP_115036_20240729_20240730_02_T1
LC09_L2SP_115036_20240729_20240730_02_T1,2024-07-29,115,036,964,37.90744292000003,38.20936802000002,36.04424361104695,36.08581846173471,마량,27.9,31.9,24.1,AWS,LC09_L2SP_115036_20240729_20240730_02_T1
LC09_L2SP_115036_20240729_20240730_02_T1,2024-07-29,115,036,795,,,37.64423743763782,36.70104246348261,옥과,27.9,33.2,23.7,AWS,LC09_L2SP_115036_20240729_20240730_02_T1
LC09_L2SP_115036_20240729_20240730_02_T1,2024-07-29,115,036,872,,,30.138668825000018,30.095297450780254,지리산,23.8,29.3,20.3,AWS,LC09_L2SP_115036_20240729_20240730_02_T1
LC09_L2SP_115036_20240729_20240730_02_T1,2024-07-29,115,036,948,,,38.095713270000026,36.8254965261271,삼장,26.6,33.7,21.5,AWS,LC09_L2SP_115036_20240729_20240730_02_T1
LC09_L2SP_115036_20240729_20240730_02_T1,2024-07-29,115,036,304,41.68891238000003,41.61469251714288,39.28863372909093,,신지도,27.3,31.1,24.2,AWS,LC09_L2SP_115036_20240729_20240730_02_T1
LC09_L2SP_115036_20240814_20240815_02_T1,2024-08-14,115,036,748,41.962353980000024,41.64018118057146,39.464333040421074,38.94616769824389,벌교,28.6,34.4,24.1,AWS,LC09_L2SP_115036_20240814_20240815_02_T1
LC09_L2SP_115036_20240814_20240815_02_T1,2024-08-14,115,036,711,43.964174359999994,43.56477239333336,41.35825770224624,38.6873624304348,이양,27.3,34.2,21.9,AWS,LC09_L2SP_115036_20240814_20240815_02_T1
LC09_L2SP_115036_20240814_20240815_02_T1,2024-08-14,115,036,687,43.440077959999996,43.601636372000016,39.53648752828573,38.545738808249894,석곡,28.6,36.0,23.5,AWS,LC09_L2SP_115036_20240814_20240815_02_T1
LC09_L2SP_115036_20240814_20240815_02_T1,2024-08-14,115,036,741,39.09007784000003,39.74913720114288,42.39541436702643,41.29054190795488,화순,28.2,34.6,22.8,AWS,LC09_L2SP_115036_20240814_20240815_02_T1
LC09_L2SP_115036_20240814_20240815_02_T1,2024-08-14,115,036,759,,,,28.86656788831417,뱀사골,25.2,31.9,19.5,AWS,LC09_L2SP_115036_20240814_20240815_02_T1
LC09_L2SP_115036_20240814_20240815_02_T1,2024-08-14,115,036,917,43.04928434000001,41.82817228057143,40.33092013581134,38.66618069630002,사천,28.1,34.2,22.2,AWS,LC09_L2SP_115036_20240814_20240815_02_T1
LC09_L2SP_115036_20240814_20240815_02_T1,2024-08-14,115,036,713,49.28375282000004,50.93641431885717,51.6750787002062,49.259272218833445,광양읍,29.8,35.3,24.8,AWS,LC09_L2SP_115036_20240814_20240815_02_T1
LC09_L2SP_115036_20240814_20240815_02_T1,2024-08-14,115,036,706,40.47665462000003,40.023262405142866,39.99413825711342,40.61571672618955,담양,29.3,35.3,24.5,AWS,LC09_L2SP_115036_20240814_20240815_02_T1
LC09_L2SP_115036_20240814_20240815_02_T1,2024-08-14,115,036,932,44.643221000000004,45.800790440000014,43.71103667196541,42.027197525686766,하동,28.9,34.9,24.1,AWS,LC09_L2SP_115036_20240814_20240815_02_T1
LC09_L2SP_115036_20240814_20240815_02_T1,2024-08-14,115,036,738,48.02250344000004,48.24994825657144,45.965677604123734,45.14763093286505,줄포,29.2,35.5,25.9,AWS,LC09_L2SP_115036_20240814_20240815_02_T1
LC09_L2SP_115036_20240814_20240815_02_T1,2024-08-14,115,036,709,34.43473460000001,34.68099480285716,35.84432526494847,35.814278412543146,구례,29.6,36.3,23.4,AWS,LC09_L2SP_115036_20240814_20240815_02_T1
LC09_L2SP_115036_20240814_20240815_02_T1,2024-08-14,115,036,933,39.63468236000002,39.34942417657145,38.44696875138104,38.63205549283986,금남,28.0,35.4,23.1,AWS,LC09_L2SP_115036_20240814_20240815_02_T1
LC09_L2SP_115036_20240814_20240815_02_T1,2024-08-14,115,036,918,42.33833618000002,42.66353636857146,44.30350809977163,43.24213041605771,고성,27.8,33.4,22.8,AWS,LC09_L2SP_115036_20240814_20240815_02_T1
LC09_L2SP_115036_20240814_20240815_02_T1,2024-08-14,115,036,768,43.38994700000003,42.766076968571454,38.87622646268043,37.56008742144956,곡성,28.1,35.9,22.6,AWS,LC09_L2SP_115036_20240814_20240815_02_T1
LC09_L2SP_115036_20240814_20240815_02_T1,2024-08-14,115,036,786,41.26279922,41.76469476628573,42.23088906741937,38.70581531900002,돌산,28.0,31.7,23.5,AWS,LC09_L2SP_115036_20240814_20240815_02_T1
LC09_L2SP_115036_20240814_20240815_02_T1,2024-08-14,115,036,750,,36.709711745000014,,,백야,28.8,32.6,25.4,AWS,LC09_L2SP_115036_20240814_20240815_02_T1
LC09_L2SP_115036_20240814_20240815_02_T1,2024-08-14,115,036,766,44.18634566000001,44.442831200000015,45.64057702723632,45.97596892796039,여수산단,28.9,33.6,25.6,AWS,LC09_L2SP_115036_20240814_20240815_02_T1
LC09_L2SP_115036_20240814_20240815_02_T1,2024-08-14,115,036,774,36.625685420000025,36.50136332000003,35.46884566966294,32.849163617688156,전남도청,28.6,34.5,24.4,AWS,LC09_L2SP_115036_20240814_20240815_02_T1
LC09_L2SP_115036_20240814_20240815_02_T1,2024-08-14,115,036,777,38.543194640000046,39.26934485085716,36.975721207010324,36.444312084381465,관산,27.4,34.2,22.4,AWS,LC09_L2SP_115036_20240814_20240815_02_T1
LC09_L2SP_115036_20240814_20240815_02_T1,2024-08-14,115,036,785,42.16857451999999,40.776496355428584,38.86592541958765,37.417808216086584,북일,28.3,34.1,23.8,AWS,LC09_L2SP_115036_20240814_20240815_02_T1
LC09_L2SP_115036_20240814_20240815_02_T1,2024-08-14,115,036,936,37.30245338000003,37.43035243314288,39.605996951645594,39.28939878497961,신포,27.2,35.2,22.8,AWS,LC09_L2SP_115036_20240814_20240815_02_T1
LC09_L2SP_115036_20240814_20240815_02_T1,2024-08-14,115,036,964,,,,36.45626744150827,마량,28.3,32.7,24.3,AWS,LC09_L2SP_115036_20240814_20240815_02_T1
LC09_L2SP_115036_20240814_20240815_02_T1,2024-08-14,115,036,712,39.684813320000025,39.119440259428586,37.55340025099309,38.367525291111136,순천시,28.9,33.5,24.7,AWS,LC09_L2SP_115036_20240814_20240815_02_T1
LC09_L2SP_115036_20240814_20240815_02_T1,2024-08-14,115,036,690,45.076170200000014,43.56032715885715,38.26066200143189,36.574272835559036,풍산,27.9,34.2,22.9,AWS,LC09_L2SP_115036_20240814_20240815_02_T1
LC09_L2SP_115036_20240814_20240815_02_T1,2024-08-14,115,036,795,43.10169398000003,42.68199367657145,41.00806818431914,39.27261066418532,옥과,28.1,35.5,23.0,AWS,LC09_L2SP_115036_20240814_20240815_02_T1
LC09_L2SP_115036_20240814_20240815_02_T1,2024-08-14,115,036,732,45.87769589000001,,40.58702527602042,39.97153191490161,보성,27.1,32.9,22.6,AWS,LC09_L2SP_115036_20240814_20240815_02_T1
LC09_L2SP_115036_20240814_20240815_02_T1,2024-08-14,115,036,913,,,,36.969357106153865,상주면,28.4,32.8,24.1,AWS,LC09_L2SP_115036_20240814_20240815_02_T1
LC09_L2SP_115036_20240814_20240815_02_T1,2024-08-14,115,036,745,34.26497294000001,33.83811107085716,34.89677581113638,35.90957921644701,성전,27.8,32.9,23.1,AWS,LC09_L2SP_115036_20240814_20240815_02_T1
LC09_L2SP_115036_20240814_20240815_02_T1,2024-08-14,115,036,744,38.69814488000003,38.215227482857166,37.42432752268043,36.6752278733997,산이,28.7,34.5,23.5,AWS,LC09_L2SP_115036_20240814_20240815_02_T1
LC09_L2SP_115036_20240814_20240815_02_T1,2024-08-14,115,036,856,38.36317892000003,37.91815271600002,33.77735223682659,32.69172868668854,광양백운산,25.9,31.6,21.2,AWS,LC09_L2SP_115036_20240814_20240815_02_T1
LC09_L2SP_115036_20240814_20240815_02_T1,2024-08-14,115,036,688,,,37.70493442322582,37.62748605884466,봉산,29.0,35.4,24.2,AWS,LC09_L2SP_115036_20240814_20240815_02_T1
LC09_L2SP_115036_20240814_20240815_02_T1,2024-08-14,115,036,316,,,,28.425398172482016,무등산,23.0,27.7,20.4,AWS,LC09_L2SP_115036_20240814_20240815_02_T1
LC09_L2SP_115036_20240830_20240831_02_T1,2024-08-30,115,036,748,39.896730560000016,39.54122392742858,37.754217086486506,37.27532295093798,벌교,29.5,35.1,24.8,AWS,LC09_L2SP_115036_20240830_20240831_02_T1
LC09_L2SP_115036_20240830_20240831_02_T1,2024-08-30,115,036,711,,,,36.48906939637945,이양,26.8,34.1,20.3,AWS,LC09_L2SP_115036_20240830_20240831_02_T1
LC09_L2SP_115036_20240830_20240831_02_T1,2024-08-30,115,036,687,42.3360575,42.45337696742858,39.20052150645982,38.00202081157643,석곡,27.9,35.0,21.4,AWS,LC09_L2SP_115036_20240830_20240831_02_T1
LC09_L2SP_115036_20240830_20240831_02_T1,2024-08-30,115,036,787,42.88180136000002,42.16929067657145,41.35133102783507,39.591431902048804,도화,29.1,36.3,22.8,AWS,LC09_L2SP_115036_20240830_20240831_02_T1
LC09_L2SP_115036_20240830_20240831_02_T1,2024-08-30,115,036,175,30.617945600000002,30.62810200228574,30.749623548041257,31.354701187014513,진도(레),24.4,28.7,21.5,AWS,LC09_L2SP_115036_20240830_20240831_02_T1
LC09_L2SP_115036_20240830_20240831_02_T1,2024-08-30,115,036,778,36.80456180000002,35.84263331428574,33.70802382788993,33.19410384824444,유치,26.3,33.0,20.3,AWS,LC09_L2SP_115036_20240830_20240831_02_T1
LC09_L2SP_115036_20240830_20240831_02_T1,2024-08-30,115,036,773,39.507076280000014,38.813380982857154,34.479619618300994,33.70797460355183,학산,28.6,35.0,24.2,AWS,LC09_L2SP_115036_20240830_20240831_02_T1
LC09_L2SP_115036_20240830_20240831_02_T1,2024-08-30,115,036,784,,,34.53330010712533,35.37181485311409,시종,27.1,33.0,22.3,AWS,LC09_L2SP_115036_20240830_20240831_02_T1
LC09_L2SP_115036_20240830_20240831_02_T1,2024-08-30,115,036,739,41.65359284000001,41.6698691257143,38.88996355565091,37.19581964797517,심원,27.4,33.6,22.9,AWS,LC09_L2SP_115036_20240830_20240831_02_T1
LC09_L2SP_115036_20240830_20240831_02_T1,2024-08-30,115,036,790,41.041197590000024,41.41226638625002,36.089294431828996,35.1197247063604,나로도,28.6,34.4,25.0,AWS,LC09_L2SP_115036_20240830_20240831_02_T1
LC09_L2SP_115036_20240830_20240831_02_T1,2024-08-30,115,036,783,,,41.129481546666675,41.555331688901944,과기원,27.9,33.2,22.7,AWS,LC09_L2SP_115036_20240830_20240831_02_T1
LC09_L2SP_115036_20240830_20240831_02_T1,2024-08-30,115,036,754,39.217683920000034,39.01143082742858,38.9182716467968,38.847083533600944,함평,27.7,33.0,23.8,AWS,LC09_L2SP_115036_20240830_20240831_02_T1
LC09_L2SP_115036_20240830_20240831_02_T1,2024-08-30,115,036,765,36.640496840000004,37.26804531200002,37.75466956329899,36.48843948621038,복내,26.7,33.3,20.7,AWS,LC09_L2SP_115036_20240830_20240831_02_T1
LC09_L2SP_115036_20240830_20240831_02_T1,2024-08-30,115,036,767,39.410232380000025,38.71169036666669,37.160436317489555,36.75225848229058,포두,28.8,34.9,23.8,AWS,LC09_L2SP_115036_20240830_20240831_02_T1
LC09_L2SP_115036_20240830_20240831_02_T1,2024-08-30,115,036,710,38.07948326000002,38.24647795142858,37.40534086185989,36.79727775523573,나주,27.2,32.6,22.7,AWS,LC09_L2SP_115036_20240830_20240831_02_T1
LC09_L2SP_115036_20240830_20240831_02_T1,2024-08-30,115,036,713,48.80978738000001,49.89538308457145,50.54223802804125,48.11406315965519,광양읍,29.9,35.8,23.8,AWS,LC09_L2SP_115036_20240830_20240831_02_T1
LC09_L2SP_115036_20240830_20240831_02_T1,2024-08-30,115,036,741,41.311790840000015,42.39966522457145,44.88960588816516,43.15712487929494,화순,27.2,33.2,21.5,AWS,LC09_L2SP_115036_20240830_20240831_02_T1
LC09_L2SP_115036_20240830_20240831_02_T1,2024-08-30,115,036,746,40.80706322000003,39.273544132571445,36.72077334795701,36.28008507070872,땅끝,28.3,33.3,24.1,AWS,LC09_L2SP_115036_20240830_20240831_02_T1
LC09_L2SP_115036_20240830_20240831_02_T1,2024-08-30,115,036,882,43.992657860000044,43.58552284914287,41.446796757113425,38.51669065628383,상무대,27.3,32.1,24.4,AWS,LC09_L2SP_115036_20240830_20240831_02_T1
LC09_L2SP_115036_20240830_20240831_02_T1,2024-08-30,115,036,902,,,38.38126698204381,37.52504878040243,시천,26.7,34.3,21.3,AWS,LC09_L2SP_115036_20240830_20240831_02_T1
LC09_L2SP_115036_20240830_20240831_02_T1,2024-08-30,115,036,932,45.408857479999995,45.76250861600002,43.640974059603984,41.89289236210419,하동,29.2,35.3,24.2,AWS,LC09_L2SP_115036_20240830_20240831_02_T1
LC09_L2SP_115036_20240830_20240831_02_T1,2024-08-30,115,036,709,,,,38.347675217236514,구례,27.9,33.6,21.8,AWS,LC09_L2SP_115036_20240830_20240831_02_T1
LC09_L2SP_115036_20240830_20240831_02_T1,2024-08-30,115,036,906,41.22747968000002,40.38742802171431,38.74414132783507,36.413339239781244,화개,26.8,35.8,21.2,AWS,LC09_L2SP_115036_20240830_20240831_02_T1
LC09_L2SP_115036_20240830_20240831_02_T1,2024-08-30,115,036,933,39.63126434000003,39.48800047314288,38.52239524996435,39.29501139334775,금남,28.2,35.9,22.8,AWS,LC09_L2SP_115036_20240830_20240831_02_T1
LC09_L2SP_115036_20240830_20240831_02_T1,2024-08-30,115,036,720,35.17986296000004,35.37465754742859,33.29969241922782,32.3443635669952,보길도,27.2,31.7,23.5,AWS,LC09_L2SP_115036_20240830_20240831_02_T1
LC09_L2SP_115036_20240830_20240831_02_T1,2024-08-30,115,036,786,40.74212084000002,41.12708754971431,41.5161509387342,38.787290970079184,돌산,30.2,34.0,25.5,AWS,LC09_L2SP_115036_20240830_20240831_02_T1
LC09_L2SP_115036_20240830_20240831_02_T1,2024-08-30,115,036,760,,,,35.29765521701883,복흥,25.1,30.8,19.9,AWS,LC09_L2SP_115036_20240830_20240831_02_T1
LC09_L2SP_115036_20240830_20240831_02_T1,2024-08-30,115,036,785,41.55333092000001,40.8980802097143,39.08281503690724,37.67517543018611,북일,28.4,33.3,25.2,AWS,LC09_L2SP_115036_20240830_20240831_02_T1
LC09_L2SP_115036_20240830_20240831_02_T1,2024-08-30,115,036,774,39.42276512000003,39.263778361142876,39.42383103878022,38.342393904651594,전남도청,27.4,32.1,22.8,AWS,LC09_L2SP_115036_20240830_20240831_02_T1
LC09_L2SP_115036_20240830_20240831_02_T1,2024-08-30,115,036,964,41.30951216000002,41.33070388400002,38.60270435244384,37.46927322851565,마량,28.4,33.7,25.1,AWS,LC09_L2SP_115036_20240830_20240831_02_T1
LC09_L2SP_115036_20240830_20240831_02_T1,2024-08-30,115,036,766,42.68868323000001,43.09149688700002,43.63968844479341,43.3141650413756,여수산단,29.8,34.7,26.2,AWS,LC09_L2SP_115036_20240830_20240831_02_T1
LC09_L2SP_115036_20240830_20240831_02_T1,2024-08-30,115,036,777,39.23021666000003,39.81222408457144,37.740813466185585,37.805726459330415,관산,28.4,33.8,24.2,AWS,LC09_L2SP_115036_20240830_20240831_02_T1
LC09_L2SP_115036_20240830_20240831_02_T1,2024-08-30,115,036,775,39.80444402000004,39.37754959828573,39.32469965958765,38.42007908053878,월야,27.3,33.4,22.6,AWS,LC09_L2SP_115036_20240830_20240831_02_T1
LC09_L2SP_115036_20240830_20240831_02_T1,2024-08-30,115,036,857,38.739161120000034,37.616854253000014,35.98075901473686,,완도읍,28.0,33.4,21.9,AWS,LC09_L2SP_115036_20240830_20240831_02_T1
LC09_L2SP_115036_20240830_20240831_02_T1,2024-08-30,115,036,717,,37.48155762800002,34.710172565663726,35.496620976981156,의신,27.5,33.3,23.9,AWS,LC09_L2SP_115036_20240830_20240831_02_T1
LC09_L2SP_115036_20240830_20240831_02_T1,2024-08-30,115,036,776,34.82211020000003,34.664685964571454,35.74662392350517,35.40592675580054,현산,26.6,31.7,22.3,AWS,LC09_L2SP_115036_20240830_20240831_02_T1
LC09_L2SP_115036_20240830_20240831_02_T1,2024-08-30,115,036,770,33.612131120000015,33.73557047085715,33.834133529600024,33.25159875408795,다도,27.1,33.2,21.9,AWS,LC09_L2SP_115036_20240830_20240831_02_T1
LC09_L2SP_115036_20240830_20240831_02_T1,2024-08-30,115,036,730,,,,38.12934009308273,장성,27.5,33.5,23.0,AWS,LC09_L2SP_115036_20240830_20240831_02_T1
LC09_L2SP_115036_20240830_20240831_02_T1,2024-08-30,115,036,744,38.28912182000003,37.99383744457144,36.780173659587646,36.44194883101442,산이,28.1,32.6,24.9,AWS,LC09_L2SP_115036_20240830_20240831_02_T1
LC09_L2SP_115036_20240830_20240831_02_T1,2024-08-30,115,036,731,34.07812118000002,35.03412509771431,35.044301076288676,34.93081235072002,영암,26.9,32.5,21.7,AWS,LC09_L2SP_115036_20240830_20240831_02_T1
LC09_L2SP_115036_20240830_20240831_02_T1,2024-08-30,115,036,699,39.755452400000024,38.92558969657145,37.39064064515466,37.67060371835101,무안,27.6,32.1,23.9,AWS,LC09_L2SP_115036_20240830_20240831_02_T1
LC09_L2SP_115036_20240830_20240831_02_T1,2024-08-30,115,036,688,,39.54609867500002,,,봉산,27.7,34.1,22.4,AWS,LC09_L2SP_115036_20240830_20240831_02_T1
LC09_L2SP_115036_20240830_20240831_02_T1,2024-08-30,115,036,304,46.60060712000003,46.45402289085715,42.18263411846397,39.51522433199484,신지도,29.3,34.7,25.0,AWS,LC09_L2SP_115036_20240830_20240831_02_T1
LC09_L2SP_115036_20240830_20240831_02_T1,2024-08-30,115,036,708,40.090988030000005,38.88991379157898,,39.654543827567586,광산,27.7,33.5,23.6,AWS,LC09_L2SP_115036_20240830_20240831_02_T1
LC09_L2SP_115036_20250801_20250802_02_T1,2025-08-01,115,036,711,44.26496011999999,43.56628427942859,40.19362662917485,39.68677352842149,이양,27.9,35.4,21.0,AWS,LC09_L2SP_115036_20250801_20250802_02_T1
LC09_L2SP_115036_20250801_20250802_02_T1,2025-08-01,115,036,907,,,,35.83798585341838,삼천포,27.5,33.0,22.4,AWS,LC09_L2SP_115036_20250801_20250802_02_T1
LC09_L2SP_115036_20250801_20250802_02_T1,2025-08-01,115,036,687,47.96211842,48.03031605714286,43.021765748845695,41.303796183544094,석곡,28.0,36.6,21.3,AWS,LC09_L2SP_115036_20250801_20250802_02_T1
LC09_L2SP_115036_20250801_20250802_02_T1,2025-08-01,115,036,787,41.85753470000003,41.26976547028573,39.923538329690736,38.12689542213939,도화,27.6,32.4,22.8,AWS,LC09_L2SP_115036_20250801_20250802_02_T1
LC09_L2SP_115036_20250801_20250802_02_T1,2025-08-01,115,036,778,40.677178460000015,39.741910530285736,36.74786495278352,35.97896759327227,유치,27.0,34.6,20.5,AWS,LC09_L2SP_115036_20250801_20250802_02_T1
LC09_L2SP_115036_20250801_20250802_02_T1,2025-08-01,115,036,784,42.29959862000002,42.56832009714287,39.14553138835823,39.834074345105606,시종,29.1,35.4,23.7,AWS,LC09_L2SP_115036_20250801_20250802_02_T1
LC09_L2SP_115036_20250801_20250802_02_T1,2025-08-01,115,036,929,36.02867126000001,36.24156507714288,37.5390054216495,35.480487588033235,개천,27.5,34.9,20.8,AWS,LC09_L2SP_115036_20250801_20250802_02_T1
LC09_L2SP_115036_20250801_20250802_02_T1,2025-08-01,115,036,783,,,43.53408710299352,44.365060096075496,과기원,29.3,34.9,23.7,AWS,LC09_L2SP_115036_20250801_20250802_02_T1
LC09_L2SP_115036_20250801_20250802_02_T1,2025-08-01,115,036,788,39.871665080000035,40.899154444571444,43.34742338577321,42.44575188847597,풍암,29.4,35.9,23.5,AWS,LC09_L2SP_115036_20250801_20250802_02_T1
LC09_L2SP_115036_20250801_20250802_02_T1,2025-08-01,115,036,754,43.02763688000001,42.83297250285716,42.75427507304251,42.486020290498026,함평,29.0,,,AWS,LC09_L2SP_115036_20250801_20250802_02_T1
LC09_L2SP_115036_20250801_20250802_02_T1,2025-08-01,115,036,741,43.411594460000025,44.78407597657146,48.07784169278352,46.68719565416621,화순,28.7,36.0,22.4,AWS,LC09_L2SP_115036_20250801_20250802_02_T1
LC09_L2SP_115036_20250801_20250802_02_T1,2025-08-01,115,036,710,41.98400144000001,41.89106384857144,40.19008680763233,39.94679817040972,나주,28.7,34.9,23.0,AWS,LC09_L2SP_115036_20250801_20250802_02_T1
LC09_L2SP_115036_20250801_20250802_02_T1,2025-08-01,115,036,926,38.76080858,39.23311383885716,38.17472190432992,39.38947147199544,진북,28.0,34.0,22.1,AWS,LC09_L2SP_115036_20250801_20250802_02_T1
LC09_L2SP_115036_20250801_20250802_02_T1,2025-08-01,115,036,920,41.34938906000002,41.96840875828574,41.81678861278352,40.436053930861746,함안,28.0,36.2,20.9,AWS,LC09_L2SP_115036_20250801_20250802_02_T1
LC09_L2SP_115036_20250801_20250802_02_T1,2025-08-01,115,036,932,45.95574068000002,46.15841298971431,43.49882992600002,41.689266658243824,하동,28.6,35.7,21.7,AWS,LC09_L2SP_115036_20250801_20250802_02_T1
LC09_L2SP_115036_20250801_20250802_02_T1,2025-08-01,115,036,917,43.98810050000001,42.86314873657144,41.23675787052176,38.54754322889207,사천,28.8,35.9,22.6,AWS,LC09_L2SP_115036_20250801_20250802_02_T1
LC09_L2SP_115036_20250801_20250802_02_T1,2025-08-01,115,036,899,48.057822980000005,48.13383323428573,46.96661748183488,47.309333272173674,마산회원,29.2,34.8,24.2,AWS,LC09_L2SP_115036_20250801_20250802_02_T1
LC09_L2SP_115036_20250801_20250802_02_T1,2025-08-01,115,036,738,48.90093458000003,48.6426299257143,45.58198209408517,44.08768118209405,줄포,28.6,34.4,23.0,AWS,LC09_L2SP_115036_20250801_20250802_02_T1
LC09_L2SP_115036_20250801_20250802_02_T1,2025-08-01,115,036,709,38.73916112000004,38.400777140000024,40.774128071958785,40.79589108411714,구례,28.1,36.1,20.7,AWS,LC09_L2SP_115036_20250801_20250802_02_T1
LC09_L2SP_115036_20250801_20250802_02_T1,2025-08-01,115,036,906,42.640261280000026,42.344097985142874,40.56889026164951,37.51447467080448,화개,27.7,36.9,19.3,AWS,LC09_L2SP_115036_20250801_20250802_02_T1
LC09_L2SP_115036_20250801_20250802_02_T1,2025-08-01,115,036,933,38.52154718000003,38.206242973142885,36.975190496385274,37.90002982766741,금남,27.5,35.5,19.8,AWS,LC09_L2SP_115036_20250801_20250802_02_T1
LC09_L2SP_115036_20250801_20250802_02_T1,2025-08-01,115,036,918,41.830190540000025,42.009717971428586,42.47839485885113,41.396234508506154,고성,28.3,34.9,22.9,AWS,LC09_L2SP_115036_20250801_20250802_02_T1
LC09_L2SP_115036_20250801_20250802_02_T1,2025-08-01,115,036,768,45.72331532000002,45.12968662742859,42.21359215340208,41.429741136097576,곡성,28.0,36.5,20.7,AWS,LC09_L2SP_115036_20250801_20250802_02_T1
LC09_L2SP_115036_20250801_20250802_02_T1,2025-08-01,115,036,786,40.292081540000005,40.499246104571455,40.42373541279819,37.3210614985499,돌산,27.8,32.4,23.0,AWS,LC09_L2SP_115036_20250801_20250802_02_T1
LC09_L2SP_115036_20250801_20250802_02_T1,2025-08-01,115,036,760,45.08870294000004,44.11775739200002,40.6113277402062,38.253752374755244,복흥,26.7,34.4,19.5,AWS,LC09_L2SP_115036_20250801_20250802_02_T1
LC09_L2SP_115036_20250801_20250802_02_T1,2025-08-01,115,036,722,46.50262388000002,45.288575728571445,45.15728650969074,44.92015172681936,조선대,29.7,37.4,23.2,AWS,LC09_L2SP_115036_20250801_20250802_02_T1
LC09_L2SP_115036_20250801_20250802_02_T1,2025-08-01,115,036,766,43.09371860000001,42.36306656000002,43.80131007477979,43.234682776714564,여수산단,29.1,34.9,24.6,AWS,LC09_L2SP_115036_20250801_20250802_02_T1
LC09_L2SP_115036_20250801_20250802_02_T1,2025-08-01,115,036,774,42.42378668000001,41.94350604114288,41.794795748111255,40.28032840145638,전남도청,28.7,35.2,23.6,AWS,LC09_L2SP_115036_20250801_20250802_02_T1
LC09_L2SP_115036_20250801_20250802_02_T1,2025-08-01,115,036,777,41.68093700000001,42.7622683177143,39.989365557938164,39.57338508494846,관산,27.5,34.5,22.0,AWS,LC09_L2SP_115036_20250801_20250802_02_T1
LC09_L2SP_115036_20250801_20250802_02_T1,2025-08-01,115,036,689,45.41683286000002,44.64891770000001,41.3025508317526,39.65066449597248,광주남구,28.8,36.0,22.7,AWS,LC09_L2SP_115036_20250801_20250802_02_T1
LC09_L2SP_115036_20250801_20250802_02_T1,2025-08-01,115,036,936,37.679574920000015,37.865808181142874,40.37592678432992,38.30121715520758,신포,27.9,35.9,20.8,AWS,LC09_L2SP_115036_20250801_20250802_02_T1
LC09_L2SP_115036_20250801_20250802_02_T1,2025-08-01,115,036,690,45.55925036000004,44.45819218400002,39.028373378144344,37.25406518943031,풍산,28.0,35.6,20.9,AWS,LC09_L2SP_115036_20250801_20250802_02_T1
LC09_L2SP_115036_20250801_20250802_02_T1,2025-08-01,115,036,795,45.97966682000001,45.94005034057145,43.70162720765519,40.1299864027711,옥과,28.4,35.9,21.5,AWS,LC09_L2SP_115036_20250801_20250802_02_T1
LC09_L2SP_115036_20250801_20250802_02_T1,2025-08-01,115,036,794,47.05634312000003,46.58996242914288,43.73030130651378,39.99847244742271,황전,28.0,37.0,20.1,AWS,LC09_L2SP_115036_20250801_20250802_02_T1
LC09_L2SP_115036_20250801_20250802_02_T1,2025-08-01,115,036,872,33.712393040000016,32.576764033142865,30.21451744329899,29.82637209219584,지리산,23.0,29.1,18.5,AWS,LC09_L2SP_115036_20250801_20250802_02_T1
LC09_L2SP_115036_20250801_20250802_02_T1,2025-08-01,115,036,732,46.32488684000001,45.34941648457146,40.66072547204032,40.368516912657356,보성,27.2,33.7,21.5,AWS,LC09_L2SP_115036_20250801_20250802_02_T1
LC09_L2SP_115036_20250801_20250802_02_T1,2025-08-01,115,036,913,,,39.64725978000001,35.07899715452633,상주면,27.5,32.4,22.8,AWS,LC09_L2SP_115036_20250801_20250802_02_T1
LC09_L2SP_115036_20250801_20250802_02_T1,2025-08-01,115,036,770,36.88545494000001,36.71803706514289,36.348971765266924,35.70093810831055,다도,27.4,35.2,21.4,AWS,LC09_L2SP_115036_20250801_20250802_02_T1
LC09_L2SP_115036_20250801_20250802_02_T1,2025-08-01,115,036,755,40.00154984000002,39.60597099200002,37.49735490989693,35.84434281355284,백아면,26.8,35.5,19.2,AWS,LC09_L2SP_115036_20250801_20250802_02_T1
LC09_L2SP_115036_20250801_20250802_02_T1,2025-08-01,115,036,730,43.26575894000003,43.21813452800003,42.80752104795675,42.48455365090117,장성,28.9,36.6,22.8,AWS,LC09_L2SP_115036_20250801_20250802_02_T1
LC09_L2SP_115036_20250801_20250802_02_T1,2025-08-01,115,036,744,,,,42.23773611602195,산이,28.9,35.2,23.1,AWS,LC09_L2SP_115036_20250801_20250802_02_T1
LC09_L2SP_115036_20250801_20250802_02_T1,2025-08-01,115,036,699,45.75521684,45.13212807028574,43.06833162972846,42.37519801168564,무안,28.7,35.3,23.7,AWS,LC09_L2SP_115036_20250801_20250802_02_T1
LC09_L2SP_115036_20250801_20250802_02_T1,2025-08-01,115,036,856,39.95141888000003,39.17031992857145,34.24576860082476,33.061686514818334,광양백운산,25.7,32.6,20.3,AWS,LC09_L2SP_115036_20250801_20250802_02_T1
LC09_L2SP_115036_20250801_20250802_02_T1,2025-08-01,115,036,688,42.470499620000034,42.48970563714287,39.716389887394385,38.569371581102615,봉산,29.4,36.8,23.2,AWS,LC09_L2SP_115036_20250801_20250802_02_T1
LC09_L2SP_115036_20250801_20250802_02_T1,2025-08-01,115,036,948,37.66362416000002,37.96751721090911,38.333277165357984,36.09774587313434,삼장,26.5,35.9,18.9,AWS,LC09_L2SP_115036_20250801_20250802_02_T1
LC09_L2SP_115036_20250801_20250802_02_T1,2025-08-01,115,036,762,,,,35.61596359065838,강진면,27.8,36.1,20.6,AWS,LC09_L2SP_115036_20250801_20250802_02_T1
LC09_L2SP_115036_20250801_20250802_02_T1,2025-08-01,115,036,708,43.165497020000004,41.99653418000003,,42.96913810862352,광산,29.3,36.1,22.8,AWS,LC09_L2SP_115036_20250801_20250802_02_T1
LC09_L2SP_115036_20250801_20250802_02_T1,2025-08-01,115,036,706,40.246507940000015,40.59612255714286,40.72611918164951,41.53857345840989,담양,29.0,35.7,22.5,AWS,LC09_L2SP_115036_20250801_20250802_02_T1
LC09_L2SP_115036_20250801_20250802_02_T1,2025-08-01,115,036,791,38.16379442000001,37.28484243885717,32.546280507628886,31.48948785915261,피아골,25.5,34.3,19.2,AWS,LC09_L2SP_115036_20250801_20250802_02_T1
LC09_L2SP_115036_20250801_20250802_02_T1,2025-08-01,115,036,902,41.90766566000002,41.90014601600002,40.5028829315464,39.13462760010311,시천,26.7,35.2,18.5,AWS,LC09_L2SP_115036_20250801_20250802_02_T1
LC09_L2SP_115036_20250801_20250802_02_T1,2025-08-01,115,036,759,,,30.6205291201338,30.43452623005407,뱀사골,24.3,32.3,16.5,AWS,LC09_L2SP_115036_20250801_20250802_02_T1
LC09_L2SP_115036_20250801_20250802_02_T1,2025-08-01,115,036,951,,,39.30972975436622,37.48758471809422,내장산,27.9,35.7,21.1,AWS,LC09_L2SP_115036_20250801_20250802_02_T1
LC09_L2SP_115036_20250801_20250802_02_T1,2025-08-01,115,036,712,40.56780182000002,39.741031610857156,37.31332123472834,37.72812062589657,순천시,28.8,34.0,23.6,AWS,LC09_L2SP_115036_20250801_20250802_02_T1
LC09_L2SP_115036_20250801_20250802_02_T1,2025-08-01,115,036,315,35.10238784000004,32.89258908114287,29.482219382886615,29.311484025302054,성삼재,24.2,28.9,19.7,AWS,LC09_L2SP_115036_20250801_20250802_02_T1
LC09_L2SP_115036_20250801_20250802_02_T1,2025-08-01,115,036,713,49.38059672000001,50.377421562285726,51.014241923917545,48.43753541512197,광양읍,29.9,37.1,22.3,AWS,LC09_L2SP_115036_20250801_20250802_02_T1
LC09_L2SP_115036_20250801_20250802_02_T1,2025-08-01,115,036,767,38.295957860000044,37.84863544769234,35.987732506599514,35.100701079975224,포두,27.9,32.0,23.3,AWS,LC09_L2SP_115036_20250801_20250802_02_T1
LC09_L2SP_115036_20250801_20250802_02_T1,2025-08-01,115,036,765,41.25482384000001,41.45121350342858,41.199321146391775,39.75497582846447,복내,27.8,35.7,21.2,AWS,LC09_L2SP_115036_20250801_20250802_02_T1
LC09_L2SP_115036_20250801_20250802_02_T1,2025-08-01,115,036,175,32.48988122000001,32.12431584285716,32.22191567316903,32.56909043750807,진도(레),25.9,30.0,22.6,AWS,LC09_L2SP_115036_20250801_20250802_02_T1
LC09_L2SP_115036_20250801_20250802_02_T1,2025-08-01,115,036,748,41.38015124000001,41.13177512000002,39.92101921727275,39.12538419084597,벌교,28.5,34.7,22.9,AWS,LC09_L2SP_115036_20250801_20250802_02_T1
LC09_L2SP_115036_20250801_20250802_02_T1,2025-08-01,115,036,973,41.42002814000002,42.13862615428573,40.20640710075863,38.519631507381725,화순능주,28.3,36.0,22.1,AWS,LC09_L2SP_115036_20250801_20250802_02_T1
LC09_L2SP_115036_20250801_20250802_02_T1,2025-08-01,115,036,775,43.01852216000001,43.700954267428585,43.606232367058844,43.09737628589943,월야,28.5,35.2,22.6,AWS,LC09_L2SP_115036_20250801_20250802_02_T1
LC09_L2SP_115036_20250801_20250802_02_T1,2025-08-01,115,036,882,47.30471924000002,47.3677084657143,45.3745023099286,42.569812556560215,상무대,28.7,36.0,22.9,AWS,LC09_L2SP_115036_20250801_20250802_02_T1
LC09_L2SP_115036_20250817_20250819_02_T1,2025-08-17,115,036,907,,,35.873617443636384,35.17131761979625,삼천포,27.1,32.7,23.0,AWS,LC09_L2SP_115036_20250817_20250819_02_T1
LC09_L2SP_115036_20250817_20250819_02_T1,2025-08-17,115,036,306,38.68789082000001,39.42751237000002,35.19170218869567,32.482175992783525,소리도,27.4,31.0,25.1,AWS,LC09_L2SP_115036_20250817_20250819_02_T1
LC09_L2SP_115036_20250817_20250819_02_T1,2025-08-17,115,036,787,38.45204744000002,37.88312390413794,35.10730705934666,34.31365634016153,도화,26.8,32.7,22.2,AWS,LC09_L2SP_115036_20250817_20250819_02_T1
LC09_L2SP_115036_20250817_20250819_02_T1,2025-08-17,115,036,929,31.023550640000014,31.47420843885715,32.683510291134034,31.23796836108791,개천,26.8,33.7,21.2,AWS,LC09_L2SP_115036_20250817_20250819_02_T1
LC09_L2SP_115036_20250817_20250819_02_T1,2025-08-17,115,036,917,39.29971640000002,38.523435229142876,36.78480663513046,34.64047933607957,사천,28.3,34.4,22.9,AWS,LC09_L2SP_115036_20250817_20250819_02_T1
LC09_L2SP_115036_20250817_20250819_02_T1,2025-08-17,115,036,932,39.11856134000001,40.05685665885717,38.23270905559115,36.89538750695115,하동,27.7,34.1,21.7,AWS,LC09_L2SP_115036_20250817_20250819_02_T1
LC09_L2SP_115036_20250817_20250819_02_T1,2025-08-17,115,036,926,34.87224116000001,35.27182397428573,34.85531158556703,35.884063474257104,진북,27.9,33.9,22.3,AWS,LC09_L2SP_115036_20250817_20250819_02_T1
LC09_L2SP_115036_20250817_20250819_02_T1,2025-08-17,115,036,920,36.204129620000025,36.97341198800002,36.171746523298985,35.068296484561934,함안,27.5,34.7,22.3,AWS,LC09_L2SP_115036_20250817_20250819_02_T1
LC09_L2SP_115036_20250817_20250819_02_T1,2025-08-17,115,036,738,38.71295630000003,38.59501833371431,36.26018044969074,35.45416806323379,줄포,27.3,32.5,22.3,AWS,LC09_L2SP_115036_20250817_20250819_02_T1
LC09_L2SP_115036_20250817_20250819_02_T1,2025-08-17,115,036,709,33.11196086000003,33.24454748342858,34.492110042641535,34.87736799308678,구례,27.0,32.9,22.3,AWS,LC09_L2SP_115036_20250817_20250819_02_T1
LC09_L2SP_115036_20250817_20250819_02_T1,2025-08-17,115,036,906,34.92351146000001,34.85795058114288,33.64519072354879,31.742212646029635,화개,26.1,34.0,19.7,AWS,LC09_L2SP_115036_20250817_20250819_02_T1
LC09_L2SP_115036_20250817_20250819_02_T1,2025-08-17,115,036,933,35.47153400000002,35.33510617314288,34.391008871296094,35.14281841494602,금남,26.9,34.5,20.7,AWS,LC09_L2SP_115036_20250817_20250819_02_T1
LC09_L2SP_115036_20250817_20250819_02_T1,2025-08-17,115,036,918,,,,33.01992759657673,고성,27.3,32.2,22.3,AWS,LC09_L2SP_115036_20250817_20250819_02_T1
LC09_L2SP_115036_20250817_20250819_02_T1,2025-08-17,115,036,786,35.611672820000024,35.65581410685716,35.81069194544829,34.05691443026201,돌산,28.2,32.7,24.4,AWS,LC09_L2SP_115036_20250817_20250819_02_T1
LC09_L2SP_115036_20250817_20250819_02_T1,2025-08-17,115,036,750,33.678212840000036,32.787411722857165,33.576393228593766,34.044453061952446,백야,28.1,33.2,24.8,AWS,LC09_L2SP_115036_20250817_20250819_02_T1
LC09_L2SP_115036_20250817_20250819_02_T1,2025-08-17,115,036,936,31.854129500000017,32.114843044571444,33.995806801443315,32.389251044958506,신포,27.8,34.0,22.6,AWS,LC09_L2SP_115036_20250817_20250819_02_T1
LC09_L2SP_115036_20250817_20250819_02_T1,2025-08-17,115,036,766,39.10830728000004,39.39160082000002,40.45612398339922,40.74278672962849,여수산단,29.1,34.6,24.7,AWS,LC09_L2SP_115036_20250817_20250819_02_T1
LC09_L2SP_115036_20250817_20250819_02_T1,2025-08-17,115,036,872,29.91839084000003,29.19487738742859,27.266755134226823,27.047393356973892,지리산,21.8,27.7,18.0,AWS,LC09_L2SP_115036_20250817_20250819_02_T1
LC09_L2SP_115036_20250817_20250819_02_T1,2025-08-17,115,036,913,38.380269020000014,38.086807588571446,37.55398871053301,34.377707891674376,상주면,27.1,32.3,22.8,AWS,LC09_L2SP_115036_20250817_20250819_02_T1
LC09_L2SP_115036_20250817_20250819_02_T1,2025-08-17,115,036,731,33.30450932000002,34.35188830571431,34.7349918002062,34.47555524515023,영암,27.0,33.1,21.6,AWS,LC09_L2SP_115036_20250817_20250819_02_T1
LC09_L2SP_115036_20250817_20250819_02_T1,2025-08-17,115,036,856,33.873039980000044,33.52970800914287,29.77651364556703,28.730222891864738,광양백운산,24.4,30.3,19.5,AWS,LC09_L2SP_115036_20250817_20250819_02_T1
LC09_L2SP_115036_20250817_20250819_02_T1,2025-08-17,115,036,688,35.457861920000006,35.51255024000002,33.993955749534905,,봉산,27.5,34.5,22.4,AWS,LC09_L2SP_115036_20250817_20250819_02_T1
LC09_L2SP_115036_20250817_20250819_02_T1,2025-08-17,115,036,948,32.62090532000002,33.492914725454575,34.44617907386209,32.57900078655016,삼장,25.6,33.7,19.1,AWS,LC09_L2SP_115036_20250817_20250819_02_T1
LC09_L2SP_115036_20250817_20250819_02_T1,2025-08-17,115,036,706,,,35.154566727594954,36.311656777814534,담양,26.9,33.5,22.0,AWS,LC09_L2SP_115036_20250817_20250819_02_T1
LC09_L2SP_115036_20250817_20250819_02_T1,2025-08-17,115,036,791,33.82974506000003,32.51865769314288,29.30629119195878,28.492263011892373,피아골,24.1,31.9,17.9,AWS,LC09_L2SP_115036_20250817_20250819_02_T1
LC09_L2SP_115036_20250817_20250819_02_T1,2025-08-17,115,036,902,35.49546014000001,35.073285841142884,34.032500596907234,33.12995251618668,시천,25.5,33.8,18.2,AWS,LC09_L2SP_115036_20250817_20250819_02_T1
LC09_L2SP_115036_20250817_20250819_02_T1,2025-08-17,115,036,759,32.03300588000004,31.726653630285735,29.462118449690742,29.061886368428304,뱀사골,23.0,30.5,15.6,AWS,LC09_L2SP_115036_20250817_20250819_02_T1
LC09_L2SP_115036_20250817_20250819_02_T1,2025-08-17,115,036,315,28.292552660000013,27.579130504571445,25.218019475521256,25.121834919310363,성삼재,22.2,28.3,18.4,AWS,LC09_L2SP_115036_20250817_20250819_02_T1
LC09_L2SP_115036_20250817_20250819_02_T1,2025-08-17,115,036,930,,,31.5533464656938,29.54430697400896,사량도,27.3,33.0,23.1,AWS,LC09_L2SP_115036_20250817_20250819_02_T1
LC09_L2SP_115036_20250817_20250819_02_T1,2025-08-17,115,036,713,42.871547299999996,44.535146462857156,45.52371548082476,43.025014044802084,광양읍,28.3,34.4,21.9,AWS,LC09_L2SP_115036_20250817_20250819_02_T1
LC09_L2SP_115036_20250817_20250819_02_T1,2025-08-17,115,036,712,35.30860838000003,34.806387308000026,33.76877351585801,34.52704350307853,순천시,28.6,34.6,23.3,AWS,LC09_L2SP_115036_20250817_20250819_02_T1
LC09_L2SP_115036_20250817_20250819_02_T1,2025-08-17,115,036,748,36.63707882,36.71803706514287,35.669378948797494,34.541817456067186,벌교,28.1,34.6,22.6,AWS,LC09_L2SP_115036_20250817_20250819_02_T1
LC09_L2SP_116034_20220731_20230405_02_T2,2022-07-31,116,034,589,-123.14852014,-122.26166602214286,-118.72780305189187,-121.33610742813057,고양고봉,25.7,28.0,24.6,AWS,LC09_L2SP_116034_20220731_20230405_02_T2
LC09_L2SP_116034_20230616_20230618_02_T1,2023-06-16,116,034,558,36.449087720000044,36.79176863942859,36.693078751340224,34.25287262053541,팔봉,22.9,31.8,15.3,AWS,LC09_L2SP_116034_20230616_20230618_02_T1
LC09_L2SP_116034_20230616_20230618_02_T1,2023-06-16,116,034,577,36.743037440000045,36.566569950285725,34.15050294507391,30.94561490223913,장봉도,19.7,22.5,17.1,AWS,LC09_L2SP_116034_20230616_20230618_02_T1
LC09_L2SP_116034_20230616_20230618_02_T1,2023-06-16,116,034,434,39.855714320000025,39.303622708571446,38.57028662956424,38.67328862605747,안양,23.4,27.9,18.8,AWS,LC09_L2SP_116034_20230616_20230618_02_T1
LC09_L2SP_116034_20230616_20230618_02_T1,2023-06-16,116,034,627,42.210730100000035,42.00434679714287,39.296693821030935,37.77060693881522,태안,21.5,28.5,16.6,AWS,LC09_L2SP_116034_20230616_20230618_02_T1
LC09_L2SP_116034_20230616_20230618_02_T1,2023-06-16,116,034,665,34.45866074000003,33.836841520571454,31.987106169509,30.229811619441012,무의도,20.3,24.2,17.1,AWS,LC09_L2SP_116034_20230616_20230618_02_T1
LC09_L2SP_116034_20230616_20230618_02_T1,2023-06-16,116,034,116,27.765038240000024,27.89300239828573,28.22109451529956,28.741669032974887,관악(레),21.6,25.9,17.5,AWS,LC09_L2SP_116034_20230616_20230618_02_T1
LC09_L2SP_116034_20230616_20230618_02_T1,2023-06-16,116,034,551,37.81857440000001,38.602928608571446,40.518363510868504,38.91995494239954,평택,22.7,30.1,16.8,AWS,LC09_L2SP_116034_20230616_20230618_02_T1
LC09_L2SP_116034_20230616_20230618_02_T1,2023-06-16,116,034,572,38.771062640000004,38.698144880000015,38.624107356288675,37.88728596867376,성남,23.2,30.2,17.1,AWS,LC09_L2SP_116034_20230616_20230618_02_T1
LC09_L2SP_116034_20230616_20230618_02_T1,2023-06-16,116,034,616,38.86107050000002,37.95330949314287,35.682339306804145,35.906418088313785,당진,22.0,29.2,15.7,AWS,LC09_L2SP_116034_20230616_20230618_02_T1
LC09_L2SP_116034_20230616_20230618_02_T1,2023-06-16,116,034,590,,,,37.83545398235535,과천,22.5,29.9,16.3,AWS,LC09_L2SP_116034_20230616_20230618_02_T1
LC09_L2SP_116034_20230616_20230618_02_T1,2023-06-16,116,034,608,33.31704206000003,33.54601684742859,35.064163178762904,35.4697677306852,홍북,22.1,31.4,14.2,AWS,LC09_L2SP_116034_20230616_20230618_02_T1
LC09_L2SP_116034_20230616_20230618_02_T1,2023-06-16,116,034,515,36.01272050000002,35.60093047142859,35.36940734705884,36.863739841948146,운평,21.8,27.5,17.1,AWS,LC09_L2SP_116034_20230616_20230618_02_T1
LC09_L2SP_116034_20230616_20230618_02_T1,2023-06-16,116,034,540,34.348144760000004,34.41741663200001,34.97455075979383,34.57310651339252,고양,22.7,31.1,16.5,AWS,LC09_L2SP_116034_20230616_20230618_02_T1
LC09_L2SP_116034_20230616_20230618_02_T1,2023-06-16,116,034,538,37.760468059999994,38.11102670171431,36.26411919896909,34.369566504775285,신서,22.4,30.0,15.7,AWS,LC09_L2SP_116034_20230616_20230618_02_T1
LC09_L2SP_116034_20230616_20230618_02_T1,2023-06-16,116,034,532,35.42254238000002,35.01801157485716,34.50096693042841,34.28615973246996,의정부,22.9,29.0,16.8,AWS,LC09_L2SP_116034_20230616_20230618_02_T1
LC09_L2SP_116034_20230616_20230618_02_T1,2023-06-16,116,034,503,36.70088186000004,35.93199012285717,32.26567708366591,31.96932020641401,도라산,20.9,26.7,16.5,AWS,LC09_L2SP_116034_20230616_20230618_02_T1
LC09_L2SP_116034_20230616_20230618_02_T1,2023-06-16,116,034,692,37.35828104000003,37.21404059600002,32.84927969333335,32.43402538387591,백학,22.2,29.6,15.3,AWS,LC09_L2SP_116034_20230616_20230618_02_T1
LC09_L2SP_116034_20230616_20230618_02_T1,2023-06-16,116,034,628,43.11308738,42.29800354400001,41.088503691546414,40.007061331920895,예산,22.5,28.8,16.5,AWS,LC09_L2SP_116034_20230616_20230618_02_T1
LC09_L2SP_116034_20230616_20230618_02_T1,2023-06-16,116,034,545,35.670918500000006,36.848996060000026,36.13994680000002,35.90083435267534,안산,20.3,27.4,14.0,AWS,LC09_L2SP_116034_20230616_20230618_02_T1
LC09_L2SP_116034_20230616_20230618_02_T1,2023-06-16,116,034,546,37.35486302000002,36.70836895142859,33.85252787629373,32.98673530803339,경기광주,22.1,29.8,16.1,AWS,LC09_L2SP_116034_20230616_20230618_02_T1
LC09_L2SP_116034_20230616_20230618_02_T1,2023-06-16,116,034,531,36.298694839999996,36.00992097885717,33.50424227793816,32.4960084365923,가평북면,22.7,31.5,15.0,AWS,LC09_L2SP_116034_20230616_20230618_02_T1
LC09_L2SP_116034_20230616_20230618_02_T1,2023-06-16,116,034,548,35.591164700000036,35.691654488000026,35.79917842804126,35.52117699760666,여주,23.2,30.3,16.2,AWS,LC09_L2SP_116034_20230616_20230618_02_T1
LC09_L2SP_116034_20230616_20230618_02_T1,2023-06-16,116,034,516,39.16869230000001,39.0031299217143,37.78541999752579,36.66719332539421,안성,22.3,29.8,15.6,AWS,LC09_L2SP_116034_20230616_20230618_02_T1
LC09_L2SP_116034_20230616_20230618_02_T1,2023-06-16,116,034,978,35.935245380000026,36.42262247942859,34.76698337113404,32.75502830635867,춘천신북,23.4,31.5,15.8,AWS,LC09_L2SP_116034_20230616_20230618_02_T1
LC09_L2SP_116034_20230616_20230618_02_T1,2023-06-16,116,034,495,,,,37.00329819490951,공도,23.2,30.1,16.8,AWS,LC09_L2SP_116034_20230616_20230618_02_T1
LC09_L2SP_116034_20230616_20230618_02_T1,2023-06-16,116,034,676,38.68333346000005,38.38075730857145,35.585691002491124,36.50811475072616,위성센터,22.5,29.8,15.2,AWS,LC09_L2SP_116034_20230616_20230618_02_T1
LC09_L2SP_116034_20230616_20230618_02_T1,2023-06-16,116,034,632,40.59628532000003,40.03918061257146,37.65599332268044,36.81419644784428,유구,22.6,31.3,14.6,AWS,LC09_L2SP_116034_20230616_20230618_02_T1
LC09_L2SP_116034_20230616_20230618_02_T1,2023-06-16,116,034,649,36.88203692,36.67301685885716,38.51883390639178,36.448681628302346,부평,22.0,28.8,16.9,AWS,LC09_L2SP_116034_20230616_20230618_02_T1
LC09_L2SP_116034_20230616_20230618_02_T1,2023-06-16,116,034,631,36.544792280000024,36.921037404615404,38.65760836210528,,송도,21.1,25.3,18.2,AWS,LC09_L2SP_116034_20230616_20230618_02_T1
LC09_L2SP_116034_20230616_20230618_02_T1,2023-06-16,116,034,602,41.49750326000001,40.95452636857144,39.10216503534406,39.2378571895732,진천,23.5,31.0,16.2,AWS,LC09_L2SP_116034_20230616_20230618_02_T1
LC09_L2SP_116034_20230616_20230618_02_T1,2023-06-16,116,034,533,37.57133762000003,38.27050174914288,37.465641322268056,36.49735979117666,백사,22.8,29.2,16.4,AWS,LC09_L2SP_116034_20230616_20230618_02_T1
LC09_L2SP_116034_20230616_20230618_02_T1,2023-06-16,116,034,309,31.631958200000025,31.333483672571447,29.732434865434804,30.56510732724231,판문점,21.1,27.9,15.5,AWS,LC09_L2SP_116034_20230616_20230618_02_T1
LC09_L2SP_116034_20230616_20230618_02_T1,2023-06-16,116,034,633,36.152859320000026,35.8735908097143,35.0373201717526,33.49470212197539,정안,22.5,32.0,14.2,AWS,LC09_L2SP_116034_20230616_20230618_02_T1
LC09_L2SP_116034_20230616_20230618_02_T1,2023-06-16,116,034,576,34.14192422,33.71447640457145,32.896594277938156,32.55227386602349,백암,21.6,29.7,14.3,AWS,LC09_L2SP_116034_20230616_20230618_02_T1
LC09_L2SP_116034_20230616_20230618_02_T1,2023-06-16,116,034,574,35.737000220000006,35.89273172171431,36.25638210965519,36.31537557830749,대신,22.7,30.1,16.2,AWS,LC09_L2SP_116034_20230616_20230618_02_T1
LC09_L2SP_116034_20230616_20230618_02_T1,2023-06-16,116,034,539,34.25813690000001,34.734901861142866,35.43743993567012,34.301378964020635,포천이동,21.9,29.1,15.2,AWS,LC09_L2SP_116034_20230616_20230618_02_T1
LC09_L2SP_116034_20230616_20230618_02_T1,2023-06-16,116,034,499,38.77334132000002,38.38329640914287,34.1686536845361,32.96200914539966,중면,22.3,29.8,15.6,AWS,LC09_L2SP_116034_20230616_20230618_02_T1
LC09_L2SP_116034_20230616_20230618_02_T1,2023-06-16,116,034,567,36.33059636000004,35.28002722228574,32.99995316680415,32.71444709837933,적성,22.2,29.0,15.7,AWS,LC09_L2SP_116034_20230616_20230618_02_T1
LC09_L2SP_116034_20230616_20230618_02_T1,2023-06-16,116,034,541,,,,38.117348895338864,남양주,23.4,31.0,16.6,AWS,LC09_L2SP_116034_20230616_20230618_02_T1
LC09_L2SP_116034_20230616_20230618_02_T1,2023-06-16,116,034,427,39.44327324000005,39.47589091657145,39.40526942546085,37.62860252082571,양촌,23.1,28.3,18.7,AWS,LC09_L2SP_116034_20230616_20230618_02_T1
LC09_L2SP_116034_20230616_20230618_02_T1,2023-06-16,116,034,977,40.57463786000002,40.2623284897143,38.20944632515466,37.43948472927085,오창가곡,23.7,31.4,16.0,AWS,LC09_L2SP_116034_20230616_20230618_02_T1
LC09_L2SP_116034_20230616_20230618_02_T1,2023-06-16,116,034,519,35.68459058000002,35.61216110857144,34.62173513979383,33.26336293494992,사내,20.6,29.1,13.5,AWS,LC09_L2SP_116034_20230616_20230618_02_T1
LC09_L2SP_116034_20230616_20230618_02_T1,2023-06-16,116,034,549,41.621691320000004,42.18423230685716,42.73157292082476,39.81203743798336,용인,22.0,29.1,15.8,AWS,LC09_L2SP_116034_20230616_20230618_02_T1
LC09_L2SP_116034_20230616_20230618_02_T1,2023-06-16,116,034,652,39.30997046000001,39.136628017142876,35.6619023100122,34.258501943525516,연천청산,22.3,29.3,16.0,AWS,LC09_L2SP_116034_20230616_20230618_02_T1
LC09_L2SP_116034_20230616_20230618_02_T1,2023-06-16,116,034,428,37.84022186000002,38.14784366000002,39.42070300876035,37.76975337083486,하남덕풍,23.9,31.8,17.0,AWS,LC09_L2SP_116034_20230616_20230618_02_T1
LC09_L2SP_116034_20230616_20230618_02_T1,2023-06-16,116,034,586,,,31.19512363678286,30.75660327800002,북산,21.9,30.5,14.2,AWS,LC09_L2SP_116034_20230616_20230618_02_T1
LC09_L2SP_116034_20230616_20230618_02_T1,2023-06-16,116,034,500,36.16539206000002,36.25748328457144,34.455066831106016,33.049876560653296,양도,21.4,27.9,16.4,AWS,LC09_L2SP_116034_20230616_20230618_02_T1
LC09_L2SP_116034_20230616_20230618_02_T1,2023-06-16,116,034,568,33.79214684000002,34.58734105485716,34.93538421646343,33.04027666180633,일동,21.4,28.9,14.8,AWS,LC09_L2SP_116034_20230616_20230618_02_T1
LC09_L2SP_116034_20230616_20230618_02_T1,2023-06-16,116,034,441,38.02365560000002,37.79197894914287,34.6834630931959,35.07121271856286,김포,22.4,27.7,18.4,AWS,LC09_L2SP_116034_20230616_20230618_02_T1
LC09_L2SP_116034_20230616_20230618_02_T1,2023-06-16,116,034,450,37.122437660000024,36.96335324342859,37.66128675113404,37.534939959256484,주교,22.1,27.6,17.1,AWS,LC09_L2SP_116034_20230616_20230618_02_T1
LC09_L2SP_116034_20230616_20230618_02_T1,2023-06-16,116,034,371,42.22668086000002,42.08569567314288,39.84051920474229,38.7711278756141,기흥구갈,23.1,29.6,17.0,AWS,LC09_L2SP_116034_20230616_20230618_02_T1
LC09_L2SP_116034_20230616_20230618_02_T1,2023-06-16,116,034,445,36.77493896000002,35.70415467542859,35.093280950515485,35.80502139480678,의왕,21.5,28.1,15.8,AWS,LC09_L2SP_116034_20230616_20230618_02_T1
LC09_L2SP_116034_20230616_20230618_02_T1,2023-06-16,116,034,444,38.97956186000001,38.88506174514287,40.559752050103114,40.36160704806758,하남,22.4,30.7,15.6,AWS,LC09_L2SP_116034_20230616_20230618_02_T1
LC09_L2SP_116034_20230616_20230618_02_T1,2023-06-16,116,034,438,40.38095006000003,40.30871590400002,38.50633248845363,38.692606376364175,군포,23.3,29.3,17.9,AWS,LC09_L2SP_116034_20230616_20230618_02_T1
LC09_L2SP_116034_20230616_20230618_02_T1,2023-06-16,116,034,437,41.31976622,41.27308583257144,40.67213752622168,39.361662175717235,광명,24.1,29.9,18.9,AWS,LC09_L2SP_116034_20230616_20230618_02_T1
LC09_L2SP_116034_20230616_20230618_02_T1,2023-06-16,116,034,367,41.14772588000002,41.13660749310346,36.79009617190663,35.06858822657162,신현동,22.9,29.1,17.4,AWS,LC09_L2SP_116034_20230616_20230618_02_T1
LC09_L2SP_116034_20230616_20230618_02_T1,2023-06-16,116,034,433,38.09429468000002,38.06961983085716,38.94636830494848,39.465065081879324,부천,21.8,27.2,17.3,AWS,LC09_L2SP_116034_20230616_20230618_02_T1
LC09_L2SP_116034_20230616_20230618_02_T1,2023-06-16,116,034,376,37.636280000000035,37.24577935314287,34.796721994105525,34.64749520070773,광명노온,21.9,27.8,17.1,AWS,LC09_L2SP_116034_20230616_20230618_02_T1
LC09_L2SP_116034_20230616_20230618_02_T1,2023-06-16,116,034,599,37.826549780000015,36.52867875714288,32.146601701342775,30.80985096586668,광릉,21.7,30.3,14.5,AWS,LC09_L2SP_116034_20230616_20230618_02_T1
LC09_L2SP_116034_20230616_20230618_02_T1,2023-06-16,116,034,573,39.10261058000003,38.62431564800003,35.78553767010312,34.3325681262468,청운,22.2,30.3,15.1,AWS,LC09_L2SP_116034_20230616_20230618_02_T1
LC09_L2SP_116034_20230616_20230618_02_T1,2023-06-16,116,034,506,,,,35.90023570540092,파주금촌,22.5,27.8,17.2,AWS,LC09_L2SP_116034_20230616_20230618_02_T1
LC09_L2SP_116034_20230616_20230618_02_T1,2023-06-16,116,034,502,35.01693734000003,33.703050452000014,30.39309187330099,30.959123815348637,교동,21.0,25.2,16.8,AWS,LC09_L2SP_116034_20230616_20230618_02_T1
LC09_L2SP_116034_20230616_20230618_02_T1,2023-06-16,116,034,565,38.46799820000001,37.98465761942859,36.31424624371136,35.56392695284522,시흥,21.8,27.7,16.7,AWS,LC09_L2SP_116034_20230616_20230618_02_T1
LC09_L2SP_116034_20230616_20230618_02_T1,2023-06-16,116,034,970,32.93992052000002,33.21271106857145,33.56000729381445,33.94223169315942,철원장흥,22.0,28.0,16.6,AWS,LC09_L2SP_116034_20230616_20230618_02_T1
LC09_L2SP_116034_20230616_20230618_02_T1,2023-06-16,116,034,874,39.15615956000001,38.85184896687502,34.436987874476856,32.79229420452629,동송,22.1,28.9,15.2,AWS,LC09_L2SP_116034_20230616_20230618_02_T1
LC09_L2SP_116034_20230616_20230618_02_T1,2023-06-16,116,034,504,40.20777038,40.118088045714295,38.43364964391754,37.96825959716497,포천,23.1,30.0,16.5,AWS,LC09_L2SP_116034_20230616_20230618_02_T1
LC09_L2SP_116034_20230616_20230618_02_T1,2023-06-16,116,034,598,40.44703178000005,40.01193411028572,39.212613661237135,38.836220177176074,양주,22.7,29.1,16.4,AWS,LC09_L2SP_116034_20230616_20230618_02_T1
LC09_L2SP_116034_20230616_20230618_02_T1,2023-06-16,116,034,571,,,,36.003614836756775,화성,22.2,28.1,17.1,AWS,LC09_L2SP_116034_20230616_20230618_02_T1
LC09_L2SP_116034_20230616_20230618_02_T1,2023-06-16,116,034,634,42.08540270000003,42.040968440000015,42.0210828459794,40.10660814237764,아산,22.2,27.9,16.2,AWS,LC09_L2SP_116034_20230616_20230618_02_T1
LC09_L2SP_116034_20230616_20230618_02_T1,2023-06-16,116,034,512,41.58865046,40.482058346857166,36.485176684415606,36.8934323176739,인천연수,22.4,27.2,17.9,AWS,LC09_L2SP_116034_20230616_20230618_02_T1
LC09_L2SP_116034_20230616_20230618_02_T1,2023-06-16,116,034,588,37.95073784000002,37.8561400674286,36.18540110714112,34.49554903331726,남산,22.5,30.7,15.4,AWS,LC09_L2SP_116034_20230616_20230618_02_T1
LC09_L2SP_116034_20230616_20230618_02_T1,2023-06-16,116,034,507,36.36021920000004,36.47076773257145,33.92734021640968,33.18062929646449,창수,22.2,29.4,15.7,AWS,LC09_L2SP_116034_20230616_20230618_02_T1
LC09_L2SP_116034_20230616_20230618_02_T1,2023-06-16,116,034,617,43.89581396,43.68864939542858,39.18152032766057,38.95103056263614,직산,23.2,30.4,17.1,AWS,LC09_L2SP_116034_20230616_20230618_02_T1
LC09_L2SP_116034_20230616_20230618_02_T1,2023-06-16,116,034,695,,,24.069215457748367,24.50496151770459,광덕산,18.1,24.6,13.4,AWS,LC09_L2SP_116034_20230616_20230618_02_T1
LC09_L2SP_116034_20230616_20230618_02_T1,2023-06-16,116,034,377,37.41866606000004,37.57644837371429,35.20979119010311,33.72338377904874,안양만안,20.7,28.1,14.4,AWS,LC09_L2SP_116034_20230616_20230618_02_T1
LC09_L2SP_116034_20230616_20230618_02_T1,2023-06-16,116,034,493,39.28490498000002,39.42803863657144,37.23320508055174,36.819170162842425,송악,22.4,30.1,15.8,AWS,LC09_L2SP_116034_20230616_20230618_02_T1
LC09_L2SP_116034_20230616_20230618_02_T1,2023-06-16,116,034,511,37.237511000000005,37.296561364571446,36.641255483763594,35.441167389798345,경서동,21.4,26.2,17.2,AWS,LC09_L2SP_116034_20230616_20230618_02_T1
LC09_L2SP_116034_20230616_20230618_02_T1,2023-06-16,116,034,637,37.52918204000002,36.682391999428596,34.897112158065454,34.44869874975543,신평,21.7,26.7,17.5,AWS,LC09_L2SP_116034_20230616_20230618_02_T1
LC09_L2SP_116034_20230616_20230618_02_T1,2023-06-16,116,034,589,37.89035282000001,37.72654828057145,34.31832615711342,35.38335632515319,고양고봉,21.6,27.8,16.1,AWS,LC09_L2SP_116034_20230616_20230618_02_T1
LC09_L2SP_116034_20230616_20230618_02_T1,2023-06-16,116,034,569,,,39.21158691135137,39.93487052908561,구리,23.7,30.7,17.5,AWS,LC09_L2SP_116034_20230616_20230618_02_T1
LC09_L2SP_116034_20230616_20230618_02_T1,2023-06-16,116,034,514,35.48520608000001,35.242526660000024,34.41947684061858,34.80978130043217,대부도,19.9,25.1,15.0,AWS,LC09_L2SP_116034_20230616_20230618_02_T1
LC09_L2SP_116034_20230616_20230618_02_T1,2023-06-16,116,034,543,,,37.04336884084594,35.595547789417765,영종도,21.1,26.3,16.8,AWS,LC09_L2SP_116034_20230616_20230618_02_T1
LC09_L2SP_116034_20230616_20230618_02_T1,2023-06-16,116,034,570,38.25494162000001,38.318549344571444,35.79780025731961,33.35539907519564,금곡,21.2,26.7,16.3,AWS,LC09_L2SP_116034_20230616_20230618_02_T1
LC09_L2SP_116034_20230616_20230618_02_T1,2023-06-16,116,034,694,27.52805552000001,27.248949772571454,25.636723648604075,25.514003030489327,원효봉,19.7,24.9,16.0,AWS,LC09_L2SP_116034_20230616_20230618_02_T1
LC09_L2SP_116034_20230616_20230618_02_T1,2023-06-16,116,034,550,38.62066976000002,38.341303592000024,36.7398621659794,36.96631833678749,오산,22.3,29.9,15.2,AWS,LC09_L2SP_116034_20230616_20230618_02_T1
LC09_L2SP_116034_20230616_20230618_02_T1,2023-06-16,116,034,650,33.48338570000002,33.54347774685717,32.00470199976987,31.23101400037073,양지,22.0,27.7,16.4,AWS,LC09_L2SP_116034_20230616_20230618_02_T1
LC09_L2SP_116034_20230616_20230618_02_T1,2023-06-16,116,034,555,37.29333866000004,35.88736054742859,31.443158536129054,30.399491862254877,화천,22.3,30.9,16.0,AWS,LC09_L2SP_116034_20230616_20230618_02_T1
LC09_L2SP_116034_20230819_20230821_02_T1,2023-08-19,116,034,577,42.74394122000001,42.3801336817143,39.890286828824756,38.431110442965796,장봉도,26.1,29.3,23.6,AWS,LC09_L2SP_116034_20230819_20230821_02_T1
LC09_L2SP_116034_20230819_20230821_02_T1,2023-08-19,116,034,434,44.319648440000016,43.69294633485716,43.63848830312269,43.73514084411127,안양,28.4,33.0,25.6,AWS,LC09_L2SP_116034_20230819_20230821_02_T1
LC09_L2SP_116034_20230819_20230821_02_T1,2023-08-19,116,034,627,,45.8283975246154,40.72676243597348,39.60798941378556,태안,27.0,33.1,22.4,AWS,LC09_L2SP_116034_20230819_20230821_02_T1
LC09_L2SP_116034_20230819_20230821_02_T1,2023-08-19,116,034,665,40.803645200000005,40.6336231194286,39.00889105567013,37.339534514923095,무의도,26.1,29.4,23.4,AWS,LC09_L2SP_116034_20230819_20230821_02_T1
LC09_L2SP_116034_20230819_20230821_02_T1,2023-08-19,116,034,572,43.69301144000002,43.61735926400001,43.42196597773198,42.625217947391945,성남,28.5,33.3,25.3,AWS,LC09_L2SP_116034_20230819_20230821_02_T1
LC09_L2SP_116034_20230819_20230821_02_T1,2023-08-19,116,034,616,40.94720203999998,40.202073680000005,38.29374197826773,39.58511143437213,당진,26.8,32.0,22.6,AWS,LC09_L2SP_116034_20230819_20230821_02_T1
LC09_L2SP_116034_20230819_20230821_02_T1,2023-08-19,116,034,508,36.676955720000045,35.61889949085717,33.87439915554734,,왕산,25.1,28.7,23.2,AWS,LC09_L2SP_116034_20230819_20230821_02_T1
LC09_L2SP_116034_20230819_20230821_02_T1,2023-08-19,116,034,545,38.460022820000006,39.41973773085716,39.25728675195879,39.11093865202428,안산,26.5,32.6,22.5,AWS,LC09_L2SP_116034_20230819_20230821_02_T1
LC09_L2SP_116034_20230819_20230821_02_T1,2023-08-19,116,034,664,40.306892960000006,39.41817215562503,37.628421586463894,37.84599115293739,영흥도,26.4,29.2,24.4,AWS,LC09_L2SP_116034_20230819_20230821_02_T1
LC09_L2SP_116034_20230819_20230821_02_T1,2023-08-19,116,034,501,43.57565942000002,42.52398349485716,38.58465324944136,37.22653982049304,대연평,26.6,30.7,22.9,AWS,LC09_L2SP_116034_20230819_20230821_02_T1
LC09_L2SP_116034_20230819_20230821_02_T1,2023-08-19,116,034,649,43.294242440000026,42.910903358857155,44.18754019294119,42.033621661379335,부평,27.9,34.3,23.5,AWS,LC09_L2SP_116034_20230819_20230821_02_T1
LC09_L2SP_116034_20230819_20230821_02_T1,2023-08-19,116,034,567,40.669203080000024,39.7434730537143,37.02814650804125,36.49987925478725,적성,27.5,34.0,23.3,AWS,LC09_L2SP_116034_20230819_20230821_02_T1
LC09_L2SP_116034_20230819_20230821_02_T1,2023-08-19,116,034,666,28.158110540000035,27.190117368695677,,,안도,25.9,30.5,21.9,AWS,LC09_L2SP_116034_20230819_20230821_02_T1
LC09_L2SP_116034_20230819_20230821_02_T1,2023-08-19,116,034,500,42.118443560000024,42.01381959542859,40.34256225088374,39.61301769959306,양도,26.7,32.9,22.8,AWS,LC09_L2SP_116034_20230819_20230821_02_T1
LC09_L2SP_116034_20230819_20230821_02_T1,2023-08-19,116,034,427,47.85615980000002,47.66995909142859,47.246949998302775,45.214483531082486,양촌,28.8,34.5,25.6,AWS,LC09_L2SP_116034_20230819_20230821_02_T1
LC09_L2SP_116034_20230819_20230821_02_T1,2023-08-19,116,034,441,43.15752164000003,43.053678937142884,39.597659682886615,39.43589513029072,김포,28.1,33.5,24.8,AWS,LC09_L2SP_116034_20230819_20230821_02_T1
LC09_L2SP_116034_20230819_20230821_02_T1,2023-08-19,116,034,433,42.028435700000024,42.72978085142858,43.727370265339,44.44417810900058,부천,27.6,33.3,24.4,AWS,LC09_L2SP_116034_20230819_20230821_02_T1
LC09_L2SP_116034_20230819_20230821_02_T1,2023-08-19,116,034,438,45.60596330000002,45.47871529828573,44.087504895547724,43.220253196324464,군포,28.8,33.9,25.1,AWS,LC09_L2SP_116034_20230819_20230821_02_T1
LC09_L2SP_116034_20230819_20230821_02_T1,2023-08-19,116,034,450,41.196717500000034,41.44652593314288,41.70457327257953,41.43867089414019,주교,27.8,33.3,24.4,AWS,LC09_L2SP_116034_20230819_20230821_02_T1
LC09_L2SP_116034_20230819_20230821_02_T1,2023-08-19,116,034,364,,,,42.0176806609429,분당구,29.1,34.2,25.4,AWS,LC09_L2SP_116034_20230819_20230821_02_T1
LC09_L2SP_116034_20230819_20230821_02_T1,2023-08-19,116,034,367,46.992540080000026,46.50949920758622,41.062365446403184,38.714954046849336,신현동,28.3,33.7,24.6,AWS,LC09_L2SP_116034_20230819_20230821_02_T1
LC09_L2SP_116034_20230819_20230821_02_T1,2023-08-19,116,034,371,47.23977686000003,47.162871410000015,43.18047120285716,42.23397330718706,기흥구갈,28.9,34.6,24.2,AWS,LC09_L2SP_116034_20230819_20230821_02_T1
LC09_L2SP_116034_20230819_20230821_02_T1,2023-08-19,116,034,437,48.089724500000024,47.88334119714287,47.06012134371136,45.23954483603219,광명,29.5,34.7,26.1,AWS,LC09_L2SP_116034_20230819_20230821_02_T1
LC09_L2SP_116034_20230819_20230821_02_T1,2023-08-19,116,034,376,43.13587418000001,42.511092676571444,39.485518870927855,39.10771224008099,광명노온,27.5,32.5,23.9,AWS,LC09_L2SP_116034_20230819_20230821_02_T1
LC09_L2SP_116034_20230819_20230821_02_T1,2023-08-19,116,034,506,39.37263416000002,39.455089823428594,39.35711637536166,39.86377163164108,파주금촌,27.9,34.1,24.2,AWS,LC09_L2SP_116034_20230819_20230821_02_T1
LC09_L2SP_116034_20230819_20230821_02_T1,2023-08-19,116,034,502,,,,38.78061228769462,교동,26.4,30.7,23.3,AWS,LC09_L2SP_116034_20230819_20230821_02_T1
LC09_L2SP_116034_20230819_20230821_02_T1,2023-08-19,116,034,565,42.74052320000002,42.81295267142858,41.168002999793835,39.38432892743865,시흥,27.6,33.0,23.8,AWS,LC09_L2SP_116034_20230819_20230821_02_T1
LC09_L2SP_116034_20230819_20230821_02_T1,2023-08-19,116,034,598,44.76171236000001,44.784173634285736,43.858376005217416,43.204393363325195,양주,27.8,34.0,24.1,AWS,LC09_L2SP_116034_20230819_20230821_02_T1
LC09_L2SP_116034_20230819_20230821_02_T1,2023-08-19,116,034,571,,,,37.98682892334953,화성,27.8,32.7,24.4,AWS,LC09_L2SP_116034_20230819_20230821_02_T1
LC09_L2SP_116034_20230819_20230821_02_T1,2023-08-19,116,034,512,48.60014882000004,47.48675321942859,42.94151002268553,43.48179753879157,인천연수,28.4,32.4,25.2,AWS,LC09_L2SP_116034_20230819_20230821_02_T1
LC09_L2SP_116034_20230819_20230821_02_T1,2023-08-19,116,034,230,36.959512040000014,35.39155233200002,31.861534329520886,32.42252252161076,덕적북리,25.4,29.1,22.2,AWS,LC09_L2SP_116034_20230819_20230821_02_T1
LC09_L2SP_116034_20230819_20230821_02_T1,2023-08-19,116,034,377,43.216767319999995,43.4629624177143,40.77859146577322,39.070579815497396,안양만안,26.7,33.1,22.5,AWS,LC09_L2SP_116034_20230819_20230821_02_T1
LC09_L2SP_116034_20230819_20230821_02_T1,2023-08-19,116,034,511,44.69221262000002,44.673722759428586,44.30349977293127,42.80160832123079,경서동,27.4,32.0,24.0,AWS,LC09_L2SP_116034_20230819_20230821_02_T1
LC09_L2SP_116034_20230819_20230821_02_T1,2023-08-19,116,034,514,41.072529440000004,40.348267278285725,39.71577909340208,40.248221941267545,대부도,25.7,30.4,22.3,AWS,LC09_L2SP_116034_20230819_20230821_02_T1
LC09_L2SP_116034_20230819_20230821_02_T1,2023-08-19,116,034,543,,,45.25802639230771,43.08516145644695,영종도,26.7,31.4,23.7,AWS,LC09_L2SP_116034_20230819_20230821_02_T1
LC09_L2SP_116034_20230819_20230821_02_T1,2023-08-19,116,034,570,45.525070160000006,45.606451588571446,43.454865888453625,40.518591627236205,금곡,26.9,32.5,23.0,AWS,LC09_L2SP_116034_20230819_20230821_02_T1
LC09_L2SP_116034_20230819_20230821_02_T1,2023-08-19,116,034,550,,,43.355420778222246,43.34150652175531,오산,28.0,33.7,23.0,AWS,LC09_L2SP_116034_20230819_20230821_02_T1
LC09_L2SP_116034_20240602_20240603_02_T1,2024-06-02,116,034,434,38.14100762000002,37.63006245885716,37.23383688981654,37.21234523229175,안양,20.7,25.2,16.1,AWS,LC09_L2SP_116034_20240602_20240603_02_T1
LC09_L2SP_116034_20240602_20240603_02_T1,2024-06-02,116,034,627,37.80376298000002,37.57410458857145,34.850687666185586,32.721984442237655,태안,19.1,26.2,12.7,AWS,LC09_L2SP_116034_20240602_20240603_02_T1
LC09_L2SP_116034_20240602_20240603_02_T1,2024-06-02,116,034,665,29.06616452000003,28.382380624210544,27.315399611630667,25.33867759415931,무의도,18.8,21.5,15.7,AWS,LC09_L2SP_116034_20240602_20240603_02_T1
LC09_L2SP_116034_20240602_20240603_02_T1,2024-06-02,116,034,551,33.80695826000001,35.046722942857166,36.658476811695614,34.900539128131165,평택,19.9,25.8,13.7,AWS,LC09_L2SP_116034_20240602_20240603_02_T1
LC09_L2SP_116034_20240602_20240603_02_T1,2024-06-02,116,034,572,38.25038426,37.902625139428594,37.42349748804126,36.757759711298384,성남,20.2,26.6,13.2,AWS,LC09_L2SP_116034_20240602_20240603_02_T1
LC09_L2SP_116034_20240602_20240603_02_T1,2024-06-02,116,034,590,,,37.62346037582736,35.97638259830647,과천,19.5,27.1,11.6,AWS,LC09_L2SP_116034_20240602_20240603_02_T1
LC09_L2SP_116034_20240602_20240603_02_T1,2024-06-02,116,034,515,32.861306060000025,32.13119627272729,31.869122897916686,32.95902461186587,운평,18.8,23.6,14.4,AWS,LC09_L2SP_116034_20240602_20240603_02_T1
LC09_L2SP_116034_20240602_20240603_02_T1,2024-06-02,116,034,628,38.28570380000002,37.58074531314288,36.636831023383216,35.974833760730114,예산,19.8,26.3,13.9,AWS,LC09_L2SP_116034_20240602_20240603_02_T1
LC09_L2SP_116034_20240602_20240603_02_T1,2024-06-02,116,034,692,,,,30.97873330472887,백학,18.6,28.6,10.0,AWS,LC09_L2SP_116034_20240602_20240603_02_T1
LC09_L2SP_116034_20240602_20240603_02_T1,2024-06-02,116,034,546,36.48782528,36.125059424000014,32.61404861482469,31.567667053966375,경기광주,19.1,25.9,12.6,AWS,LC09_L2SP_116034_20240602_20240603_02_T1
LC09_L2SP_116034_20240602_20240603_02_T1,2024-06-02,116,034,495,,,,33.86877355525537,공도,19.7,25.8,13.3,AWS,LC09_L2SP_116034_20240602_20240603_02_T1
LC09_L2SP_116034_20240602_20240603_02_T1,2024-06-02,116,034,676,34.79248736000003,34.32346991085716,31.537093153684232,32.54233374040939,위성센터,19.3,25.9,12.7,AWS,LC09_L2SP_116034_20240602_20240603_02_T1
LC09_L2SP_116034_20240602_20240603_02_T1,2024-06-02,116,034,632,36.91165976,36.23033444000002,33.496544881237135,32.42832651675259,유구,18.6,25.9,11.2,AWS,LC09_L2SP_116034_20240602_20240603_02_T1
LC09_L2SP_116034_20240602_20240603_02_T1,2024-06-02,116,034,649,,,36.26027446819601,34.60180178637933,부평,19.2,26.6,11.9,AWS,LC09_L2SP_116034_20240602_20240603_02_T1
LC09_L2SP_116034_20240602_20240603_02_T1,2024-06-02,116,034,631,,,35.859245159041116,35.51597420438262,송도,18.9,23.2,15.9,AWS,LC09_L2SP_116034_20240602_20240603_02_T1
LC09_L2SP_116034_20240602_20240603_02_T1,2024-06-02,116,034,602,36.53225954000004,36.08121111028574,34.37011643311062,35.149732852014154,진천,20.0,25.7,13.6,AWS,LC09_L2SP_116034_20240602_20240603_02_T1
LC09_L2SP_116034_20240602_20240603_02_T1,2024-06-02,116,034,505,32.65052816,32.69190247828573,35.14783615175259,33.149711078980836,가평조종,17.4,25.0,11.0,AWS,LC09_L2SP_116034_20240602_20240603_02_T1
LC09_L2SP_116034_20240602_20240603_02_T1,2024-06-02,116,034,533,36.07766287999999,36.27086239142859,35.738206119381466,34.91162650964789,백사,19.8,27.0,13.2,AWS,LC09_L2SP_116034_20240602_20240603_02_T1
LC09_L2SP_116034_20240602_20240603_02_T1,2024-06-02,116,034,309,31.396114819999998,31.12791418400002,28.852459974123246,29.235600654285733,판문점,17.9,27.3,9.6,AWS,LC09_L2SP_116034_20240602_20240603_02_T1
LC09_L2SP_116034_20240602_20240603_02_T1,2024-06-02,116,034,633,,,,28.969422574362437,정안,19.1,26.3,10.8,AWS,LC09_L2SP_116034_20240602_20240603_02_T1
LC09_L2SP_116034_20240602_20240603_02_T1,2024-06-02,116,034,576,34.41194780000001,33.585490670000006,30.971414246424,30.98824462568438,백암,18.2,26.1,10.7,AWS,LC09_L2SP_116034_20240602_20240603_02_T1
LC09_L2SP_116034_20240602_20240603_02_T1,2024-06-02,116,034,574,34.74235640000003,35.0436955537143,35.78244417096553,35.47634219250152,대신,18.7,26.0,11.9,AWS,LC09_L2SP_116034_20240602_20240603_02_T1
LC09_L2SP_116034_20240602_20240603_02_T1,2024-06-02,116,034,539,32.40784874000002,32.751766657142866,32.98131262474229,32.03318690882911,포천이동,17.2,25.7,10.3,AWS,LC09_L2SP_116034_20240602_20240603_02_T1
LC09_L2SP_116034_20240602_20240603_02_T1,2024-06-02,116,034,567,35.439632480000036,34.59886466514288,31.460325046804147,30.95168199173,적성,18.8,28.3,10.8,AWS,LC09_L2SP_116034_20240602_20240603_02_T1
LC09_L2SP_116034_20240602_20240603_02_T1,2024-06-02,116,034,652,39.32706056000003,39.12442080285717,35.105272162273266,32.361512471598964,연천청산,18.2,26.6,11.0,AWS,LC09_L2SP_116034_20240602_20240603_02_T1
LC09_L2SP_116034_20240602_20240603_02_T1,2024-06-02,116,034,428,37.36397774000002,37.445391721142876,37.95776919542859,36.412148265308076,하남덕풍,20.2,28.0,13.4,AWS,LC09_L2SP_116034_20240602_20240603_02_T1
LC09_L2SP_116034_20240602_20240603_02_T1,2024-06-02,116,034,500,35.39064086000004,35.72202603714287,33.71099475909093,31.779680945027145,양도,18.8,25.9,12.4,AWS,LC09_L2SP_116034_20240602_20240603_02_T1
LC09_L2SP_116034_20240602_20240603_02_T1,2024-06-02,116,034,427,38.57167814000002,38.26288444742858,37.89016664476412,36.19180946536545,양촌,20.4,27.2,14.1,AWS,LC09_L2SP_116034_20240602_20240603_02_T1
LC09_L2SP_116034_20240602_20240603_02_T1,2024-06-02,116,034,441,36.721389980000026,36.66666910742859,33.15402247381445,33.69287584897798,김포,19.4,25.3,13.8,AWS,LC09_L2SP_116034_20240602_20240603_02_T1
LC09_L2SP_116034_20240602_20240603_02_T1,2024-06-02,116,034,371,39.33047858000003,39.24473510685717,36.72883104882761,35.34645935700711,기흥구갈,19.8,26.2,12.8,AWS,LC09_L2SP_116034_20240602_20240603_02_T1
LC09_L2SP_116034_20240602_20240603_02_T1,2024-06-02,116,034,367,38.61269438000003,38.4547582834483,34.55617405766539,32.841017433065865,신현동,19.8,26.0,13.1,AWS,LC09_L2SP_116034_20240602_20240603_02_T1
LC09_L2SP_116034_20240602_20240603_02_T1,2024-06-02,116,034,433,35.991073040000025,36.125645370285724,36.91218048927837,37.43306987129312,부천,19.2,25.1,14.7,AWS,LC09_L2SP_116034_20240602_20240603_02_T1
LC09_L2SP_116034_20240602_20240603_02_T1,2024-06-02,116,034,450,35.29949366000002,34.640955140000024,35.70340339340208,35.678524515444586,주교,19.1,25.5,12.6,AWS,LC09_L2SP_116034_20240602_20240603_02_T1
LC09_L2SP_116034_20240602_20240603_02_T1,2024-06-02,116,034,364,39.33275726000003,38.73545012685716,36.29903155216497,35.89144202952502,분당구,20.3,26.8,14.1,AWS,LC09_L2SP_116034_20240602_20240603_02_T1
LC09_L2SP_116034_20240602_20240603_02_T1,2024-06-02,116,034,444,37.90174622000001,37.98817329714287,39.44252151051548,39.07895321073005,하남,19.4,27.2,12.2,AWS,LC09_L2SP_116034_20240602_20240603_02_T1
LC09_L2SP_116034_20240602_20240603_02_T1,2024-06-02,116,034,445,35.169608900000014,34.08889608114286,33.58624735113404,33.82613068080162,의왕,18.3,25.2,11.5,AWS,LC09_L2SP_116034_20240602_20240603_02_T1
LC09_L2SP_116034_20240602_20240603_02_T1,2024-06-02,116,034,437,39.40681436000002,39.71378510857146,38.60624203525775,36.79246276346692,광명,21.4,26.8,16.5,AWS,LC09_L2SP_116034_20240602_20240603_02_T1
LC09_L2SP_116034_20240602_20240603_02_T1,2024-06-02,116,034,376,35.595722060000035,34.98236650914288,32.429952460437306,32.36371434088789,광명노온,18.8,25.1,13.0,AWS,LC09_L2SP_116034_20240602_20240603_02_T1
LC09_L2SP_116034_20240602_20240603_02_T1,2024-06-02,116,034,599,36.15741668000002,35.243698552571445,30.27812307259176,28.69901612025775,광릉,18.0,26.5,9.7,AWS,LC09_L2SP_116034_20240602_20240603_02_T1
LC09_L2SP_116034_20240602_20240603_02_T1,2024-06-02,116,034,506,34.91895410000001,34.828067320571456,33.67918732800469,34.558733047211696,파주금촌,19.2,26.0,12.0,AWS,LC09_L2SP_116034_20240602_20240603_02_T1
LC09_L2SP_116034_20240602_20240603_02_T1,2024-06-02,116,034,502,,,28.775785580670405,30.110466791989865,교동,18.6,24.7,12.5,AWS,LC09_L2SP_116034_20240602_20240603_02_T1
LC09_L2SP_116034_20240602_20240603_02_T1,2024-06-02,116,034,565,35.616230180000024,35.61011029657144,34.19955235077984,33.27548981531868,시흥,18.9,25.1,11.6,AWS,LC09_L2SP_116034_20240602_20240603_02_T1
LC09_L2SP_116034_20240602_20240603_02_T1,2024-06-02,116,034,970,32.233529720000035,31.912593918285722,32.30832149786209,32.71716282511685,철원장흥,17.7,23.5,12.4,AWS,LC09_L2SP_116034_20240602_20240603_02_T1
LC09_L2SP_116034_20240602_20240603_02_T1,2024-06-02,116,034,504,39.963951620000024,39.679702566285734,37.435697431134045,37.034501683103365,포천,18.3,27.1,12.1,AWS,LC09_L2SP_116034_20240602_20240603_02_T1
LC09_L2SP_116034_20240602_20240603_02_T1,2024-06-02,116,034,598,40.02319730000003,39.46407433314287,38.66945387134023,38.12023220711546,양주,19.0,27.1,11.7,AWS,LC09_L2SP_116034_20240602_20240603_02_T1
LC09_L2SP_116034_20240602_20240603_02_T1,2024-06-02,116,034,571,,,,32.35606039351354,화성,19.2,25.1,14.0,AWS,LC09_L2SP_116034_20240602_20240603_02_T1
LC09_L2SP_116034_20240602_20240603_02_T1,2024-06-02,116,034,634,36.37047326000004,36.9421615194286,37.90842956494847,36.49650478008743,아산,19.8,26.8,13.0,AWS,LC09_L2SP_116034_20240602_20240603_02_T1
LC09_L2SP_116034_20240602_20240603_02_T1,2024-06-02,116,034,512,38.74713650000001,37.87020277828573,34.3586178204953,34.543914744647786,인천연수,19.4,24.5,14.8,AWS,LC09_L2SP_116034_20240602_20240603_02_T1
LC09_L2SP_116034_20240602_20240603_02_T1,2024-06-02,116,034,507,33.76594202000001,34.3033524217143,31.597554857373293,30.498325747726504,창수,17.8,26.2,10.4,AWS,LC09_L2SP_116034_20240602_20240603_02_T1
LC09_L2SP_116034_20240602_20240603_02_T1,2024-06-02,116,034,695,,,,19.556655929872225,광덕산,12.5,19.7,7.8,AWS,LC09_L2SP_116034_20240602_20240603_02_T1
LC09_L2SP_116034_20240602_20240603_02_T1,2024-06-02,116,034,377,35.69028728000003,35.795074007428596,33.22574999546394,31.52978417879922,안양만안,17.1,25.2,9.4,AWS,LC09_L2SP_116034_20240602_20240603_02_T1
LC09_L2SP_116034_20240602_20240603_02_T1,2024-06-02,116,034,493,36.509472740000014,35.934431565714306,33.9802608997704,33.02928035997137,송악,19.3,25.8,12.4,AWS,LC09_L2SP_116034_20240602_20240603_02_T1
LC09_L2SP_116034_20240602_20240603_02_T1,2024-06-02,116,034,511,35.72560682000003,35.75767110285716,34.99092401729143,34.07966869911739,경서동,18.8,24.4,11.9,AWS,LC09_L2SP_116034_20240602_20240603_02_T1
LC09_L2SP_116034_20240602_20240603_02_T1,2024-06-02,116,034,637,,,31.72406226757814,31.764057138829703,신평,19.7,25.0,13.7,AWS,LC09_L2SP_116034_20240602_20240603_02_T1
LC09_L2SP_116034_20240602_20240603_02_T1,2024-06-02,116,034,589,36.61429201999999,36.459537095428594,32.148545135670126,33.610642676715365,고양고봉,18.3,25.5,11.8,AWS,LC09_L2SP_116034_20240602_20240603_02_T1
LC09_L2SP_116034_20240602_20240603_02_T1,2024-06-02,116,034,569,,,36.38509432343982,37.38072499273396,구리,19.7,26.7,13.4,AWS,LC09_L2SP_116034_20240602_20240603_02_T1
LC09_L2SP_116034_20240602_20240603_02_T1,2024-06-02,116,034,514,35.33709188000004,34.33997406457146,33.00772886865981,33.15207262394739,대부도,17.5,22.8,12.3,AWS,LC09_L2SP_116034_20240602_20240603_02_T1
LC09_L2SP_116034_20240602_20240603_02_T1,2024-06-02,116,034,645,,,,31.44834276248076,서부,17.7,23.8,12.0,AWS,LC09_L2SP_116034_20240602_20240603_02_T1
LC09_L2SP_116034_20240602_20240603_02_T1,2024-06-02,116,034,570,37.948459160000006,37.86834728171431,34.62309373422682,32.03623116929806,금곡,18.6,25.0,12.4,AWS,LC09_L2SP_116034_20240602_20240603_02_T1
LC09_L2SP_116034_20240602_20240603_02_T1,2024-06-02,116,034,694,25.83727496000002,25.200286242285735,23.518271720618575,23.172364897383357,원효봉,15.9,19.7,11.6,AWS,LC09_L2SP_116034_20240602_20240603_02_T1
LC09_L2SP_116034_20240602_20240603_02_T1,2024-06-02,116,034,326,28.96704194,28.449260738857166,26.907838226949444,26.15311779998569,용문산,16.2,24.9,9.8,AWS,LC09_L2SP_116034_20240602_20240603_02_T1
LC09_L2SP_116034_20240602_20240603_02_T1,2024-06-02,116,034,550,37.51778864000003,37.09450755371431,34.92087649154641,34.98197716799142,오산,18.6,26.3,11.5,AWS,LC09_L2SP_116034_20240602_20240603_02_T1
LC09_L2SP_116034_20240602_20240603_02_T1,2024-06-02,116,034,650,30.985382750000014,30.353781482857162,27.943744251401885,27.26311825308437,양지,17.5,24.6,11.6,AWS,LC09_L2SP_116034_20240602_20240603_02_T1
LC09_L2SP_116034_20240602_20240603_02_T1,2024-06-02,116,034,531,35.43165710000002,35.044574473142866,31.984228385610113,30.546548164558242,가평북면,17.3,24.4,9.8,AWS,LC09_L2SP_116034_20240602_20240603_02_T1
LC09_L2SP_116034_20240602_20240603_02_T1,2024-06-02,116,034,617,34.57031606,34.7114640097143,35.12560140309281,34.82960829774214,직산,19.1,25.3,12.0,AWS,LC09_L2SP_116034_20240602_20240603_02_T1
LC09_L2SP_116034_20240602_20240603_02_T1,2024-06-02,116,034,116,24.650082680000043,24.878894704571447,25.285497687835072,25.849236266315806,관악(레),16.7,21.3,12.7,AWS,LC09_L2SP_116034_20240602_20240603_02_T1
LC09_L2SP_116034_20240602_20240603_02_T1,2024-06-02,116,034,616,36.02867126000001,35.18051401142859,32.879981839381465,33.24504732201033,당진,19.5,25.6,13.4,AWS,LC09_L2SP_116034_20240602_20240603_02_T1
LC09_L2SP_116034_20240602_20240603_02_T1,2024-06-02,116,034,503,37.09281482000004,35.73188946628573,31.62458576969074,31.25777856715393,도라산,19.0,27.2,11.7,AWS,LC09_L2SP_116034_20240602_20240603_02_T1
LC09_L2SP_116034_20240602_20240603_02_T1,2024-06-02,116,034,577,34.58512748000002,34.52376588285717,32.08559573731905,,장봉도,18.6,21.8,14.5,AWS,LC09_L2SP_116034_20240602_20240603_02_T1
LC09_L2SP_116034_20240602_20240603_02_T1,2024-06-02,116,034,543,,,34.6119303246154,33.067397964838726,영종도,19.0,24.8,13.5,AWS,LC09_L2SP_116034_20240602_20240603_02_T1
LC09_L2SP_116034_20240602_20240603_02_T1,2024-06-02,116,034,541,36.83646332000003,36.41998572114288,37.433927854400025,37.67050005135428,남양주,20.2,28.4,13.3,AWS,LC09_L2SP_116034_20240602_20240603_02_T1
LC09_L2SP_116034_20240602_20240603_02_T1,2024-06-02,116,034,540,33.45832022,33.28566138114287,33.14149756432991,32.742288574772424,고양,19.5,29.6,11.6,AWS,LC09_L2SP_116034_20240602_20240603_02_T1
LC09_L2SP_116034_20240602_20240603_02_T1,2024-06-02,116,034,519,32.933084480000026,33.03126303542858,32.74983161445106,30.530420493226995,사내,15.9,24.7,7.7,AWS,LC09_L2SP_116034_20240602_20240603_02_T1
LC09_L2SP_116034_20240602_20240603_02_T1,2024-06-02,116,034,542,,,,29.958596747272747,청평,18.0,26.6,11.2,AWS,LC09_L2SP_116034_20240602_20240603_02_T1
LC09_L2SP_116034_20240602_20240603_02_T1,2024-06-02,116,034,532,34.513349059999996,33.828735930285724,33.18294839793816,33.43269958502676,의정부,19.4,26.3,12.3,AWS,LC09_L2SP_116034_20240602_20240603_02_T1
LC09_L2SP_116034_20240602_20240603_02_T1,2024-06-02,116,034,538,37.05977396000003,36.96540405542859,34.42979746000002,31.913599605485203,신서,17.0,24.6,10.2,AWS,LC09_L2SP_116034_20240602_20240603_02_T1
LC09_L2SP_116034_20240602_20240603_02_T1,2024-06-02,116,034,516,,,,34.029883501197055,안성,19.7,25.9,12.7,AWS,LC09_L2SP_116034_20240602_20240603_02_T1
LC09_L2SP_116034_20240602_20240603_02_T1,2024-06-02,116,034,545,31.265090720000007,32.44463314571429,32.139661415876304,32.08568006332456,안산,17.8,25.3,11.0,AWS,LC09_L2SP_116034_20240602_20240603_02_T1
LC09_L2SP_116034_20240602_20240603_02_T1,2024-06-02,116,034,549,39.398838980000015,39.700601317142876,40.52313376930235,37.66729547491237,용인,19.3,26.4,12.1,AWS,LC09_L2SP_116034_20240602_20240603_02_T1
LC09_L2SP_116034_20240618_20240619_02_T1,2024-06-18,116,034,558,38.35292486000003,38.342084853714304,37.58956706000002,34.79342731550002,팔봉,23.5,33.6,12.9,AWS,LC09_L2SP_116034_20240618_20240619_02_T1
LC09_L2SP_116034_20240618_20240619_02_T1,2024-06-18,116,034,434,42.18566462000003,41.703756352571446,41.204281777938164,41.2767287281959,안양,24.7,30.5,20.1,AWS,LC09_L2SP_116034_20240618_20240619_02_T1
LC09_L2SP_116034_20240618_20240619_02_T1,2024-06-18,116,034,627,42.550253420000026,42.21304133257145,39.567567011958786,37.58283848489608,태안,23.1,28.3,18.2,AWS,LC09_L2SP_116034_20240618_20240619_02_T1
LC09_L2SP_116034_20240618_20240619_02_T1,2024-06-18,116,034,551,39.27920828000001,40.76824427857145,43.10363764315139,41.254710889651705,평택,24.6,32.8,16.8,AWS,LC09_L2SP_116034_20240618_20240619_02_T1
LC09_L2SP_116034_20240618_20240619_02_T1,2024-06-18,116,034,572,42.18680396,42.23032674800003,42.15420943938146,41.31440609866478,성남,24.8,32.9,16.9,AWS,LC09_L2SP_116034_20240618_20240619_02_T1
LC09_L2SP_116034_20240618_20240619_02_T1,2024-06-18,116,034,590,,,42.93226462750002,40.799728359274916,과천,24.3,32.8,15.4,AWS,LC09_L2SP_116034_20240618_20240619_02_T1
LC09_L2SP_116034_20240618_20240619_02_T1,2024-06-18,116,034,515,36.83646332000001,36.6426453097143,36.55307078715598,37.909136028420164,운평,23.0,28.2,17.6,AWS,LC09_L2SP_116034_20240618_20240619_02_T1
LC09_L2SP_116034_20240618_20240619_02_T1,2024-06-18,116,034,628,44.278632200000025,43.76013484228574,42.74994496690369,41.47572710161699,예산,24.3,32.1,16.2,AWS,LC09_L2SP_116034_20240618_20240619_02_T1
LC09_L2SP_116034_20240618_20240619_02_T1,2024-06-18,116,034,692,39.43529786000003,38.912015274285736,34.063697071048175,33.33812699523377,백학,23.6,32.7,16.3,AWS,LC09_L2SP_116034_20240618_20240619_02_T1
LC09_L2SP_116034_20240618_20240619_02_T1,2024-06-18,116,034,546,41.118103039999994,40.23068739028574,36.76164134839163,35.729941199249346,경기광주,23.7,32.6,15.1,AWS,LC09_L2SP_116034_20240618_20240619_02_T1
LC09_L2SP_116034_20240618_20240619_02_T1,2024-06-18,116,034,978,38.47369490000002,38.758887978285735,36.55422022061857,34.31405924199448,춘천신북,24.4,34.5,13.4,AWS,LC09_L2SP_116034_20240618_20240619_02_T1
LC09_L2SP_116034_20240618_20240619_02_T1,2024-06-18,116,034,495,,,,39.23888052152581,공도,24.6,32.6,16.1,AWS,LC09_L2SP_116034_20240618_20240619_02_T1
LC09_L2SP_116034_20240618_20240619_02_T1,2024-06-18,116,034,676,42.19705802000002,41.396720498857164,38.17367440767632,38.82972143364676,위성센터,24.3,33.5,15.3,AWS,LC09_L2SP_116034_20240618_20240619_02_T1
LC09_L2SP_116034_20240618_20240619_02_T1,2024-06-18,116,034,632,41.54991290000002,41.0409534457143,38.77263265835053,37.72180258535358,유구,22.9,32.9,12.5,AWS,LC09_L2SP_116034_20240618_20240619_02_T1
LC09_L2SP_116034_20240618_20240619_02_T1,2024-06-18,116,034,649,38.48508830000003,38.49931377371431,39.89557164371136,37.74116092765533,부평,23.2,31.3,16.8,AWS,LC09_L2SP_116034_20240618_20240619_02_T1
LC09_L2SP_116034_20240618_20240619_02_T1,2024-06-18,116,034,631,39.14932352000005,39.246851024000016,40.33051380723759,39.984032951400664,송도,22.8,26.6,20.0,AWS,LC09_L2SP_116034_20240618_20240619_02_T1
LC09_L2SP_116034_20240618_20240619_02_T1,2024-06-18,116,034,602,40.29322088,40.2561760537143,38.70449095153671,39.34248701321987,진천,25.0,33.1,15.6,AWS,LC09_L2SP_116034_20240618_20240619_02_T1
LC09_L2SP_116034_20240618_20240619_02_T1,2024-06-18,116,034,505,36.84671738000001,36.97136117600002,38.86049887237115,37.446270836278295,가평조종,23.9,33.3,13.6,AWS,LC09_L2SP_116034_20240618_20240619_02_T1
LC09_L2SP_116034_20240618_20240619_02_T1,2024-06-18,116,034,533,40.869726920000026,41.35629020514288,39.80606885195878,39.08529411241914,백사,24.0,32.9,15.2,AWS,LC09_L2SP_116034_20240618_20240619_02_T1
LC09_L2SP_116034_20240618_20240619_02_T1,2024-06-18,116,034,309,34.22623538000003,33.95686285142858,31.794133259526085,32.78691773331,판문점,23.4,32.2,17.9,AWS,LC09_L2SP_116034_20240618_20240619_02_T1
LC09_L2SP_116034_20240618_20240619_02_T1,2024-06-18,116,034,633,35.53875506000001,34.99808940114288,33.94784097896908,33.04331275840807,정안,22.5,33.6,11.9,AWS,LC09_L2SP_116034_20240618_20240619_02_T1
LC09_L2SP_116034_20240618_20240619_02_T1,2024-06-18,116,034,576,40.21460642000002,39.165632358285734,36.56364816123713,36.23066616309764,백암,23.0,32.2,12.6,AWS,LC09_L2SP_116034_20240618_20240619_02_T1
LC09_L2SP_116034_20240618_20240619_02_T1,2024-06-18,116,034,574,39.857993,39.966327957714306,39.869311753586224,39.47033531582092,대신,23.8,33.2,13.8,AWS,LC09_L2SP_116034_20240618_20240619_02_T1
LC09_L2SP_116034_20240618_20240619_02_T1,2024-06-18,116,034,539,37.53715742000001,38.17509016228574,38.78561956824744,37.89960910128258,포천이동,23.8,33.6,13.4,AWS,LC09_L2SP_116034_20240618_20240619_02_T1
LC09_L2SP_116034_20240618_20240619_02_T1,2024-06-18,116,034,499,40.88681702,40.50764466800002,35.48335024783507,34.92777979625002,중면,23.9,32.5,15.8,AWS,LC09_L2SP_116034_20240618_20240619_02_T1
LC09_L2SP_116034_20240618_20240619_02_T1,2024-06-18,116,034,567,38.76422660000003,38.10331174228574,35.54056390907218,35.036707645204714,적성,24.2,33.4,15.7,AWS,LC09_L2SP_116034_20240618_20240619_02_T1
LC09_L2SP_116034_20240618_20240619_02_T1,2024-06-18,116,034,652,41.668404260000024,41.668892548571456,37.885979477113416,35.92385263235616,연천청산,23.8,32.2,15.1,AWS,LC09_L2SP_116034_20240618_20240619_02_T1
LC09_L2SP_116034_20240618_20240619_02_T1,2024-06-18,116,034,586,,,32.82580231532936,32.07980160941178,북산,22.8,32.6,12.0,AWS,LC09_L2SP_116034_20240618_20240619_02_T1
LC09_L2SP_116034_20240618_20240619_02_T1,2024-06-18,116,034,428,39.83178818000001,40.376588015428595,41.15131887007145,39.67203748806036,하남덕풍,25.0,34.4,16.2,AWS,LC09_L2SP_116034_20240618_20240619_02_T1
LC09_L2SP_116034_20240618_20240619_02_T1,2024-06-18,116,034,500,38.54091596000003,38.7604505017143,36.02798038361704,34.02176889367444,양도,22.8,30.2,17.3,AWS,LC09_L2SP_116034_20240618_20240619_02_T1
LC09_L2SP_116034_20240618_20240619_02_T1,2024-06-18,116,034,427,42.03641108000003,41.79116000685716,41.41824374214041,39.64154778968187,양촌,24.7,30.8,19.5,AWS,LC09_L2SP_116034_20240618_20240619_02_T1
LC09_L2SP_116034_20240618_20240619_02_T1,2024-06-18,116,034,977,42.93193232000002,42.120852450285724,39.446460259793824,38.716854534464616,오창가곡,24.9,33.7,15.2,AWS,LC09_L2SP_116034_20240618_20240619_02_T1
LC09_L2SP_116034_20240618_20240619_02_T1,2024-06-18,116,034,568,37.70691908000001,38.470993036571436,39.88106169855672,37.75193556785573,일동,23.2,33.6,12.7,AWS,LC09_L2SP_116034_20240618_20240619_02_T1
LC09_L2SP_116034_20240618_20240619_02_T1,2024-06-18,116,034,441,40.45386782000003,40.41115884628574,37.07715770432991,37.48516561410823,김포,24.0,30.1,18.4,AWS,LC09_L2SP_116034_20240618_20240619_02_T1
LC09_L2SP_116034_20240618_20240619_02_T1,2024-06-18,116,034,371,43.817199500000015,43.560717789714296,41.3318390429358,40.27315029005156,기흥구갈,25.1,,,AWS,LC09_L2SP_116034_20240618_20240619_02_T1
LC09_L2SP_116034_20240618_20240619_02_T1,2024-06-18,116,034,367,42.19136132,42.239213600000014,38.15521612077823,36.254582056395655,신현동,23.4,30.0,17.5,AWS,LC09_L2SP_116034_20240618_20240619_02_T1
LC09_L2SP_116034_20240618_20240619_02_T1,2024-06-18,116,034,433,39.43187984000002,39.57335331542859,40.64796458034405,41.2753172229204,부천,23.6,29.7,18.7,AWS,LC09_L2SP_116034_20240618_20240619_02_T1
LC09_L2SP_116034_20240618_20240619_02_T1,2024-06-18,116,034,450,38.96588978000002,38.40116777085718,39.81481553773198,39.68709299245646,주교,24.2,30.8,17.2,AWS,LC09_L2SP_116034_20240618_20240619_02_T1
LC09_L2SP_116034_20240618_20240619_02_T1,2024-06-18,116,034,364,44.619294860000004,43.528197770857155,40.902893068247444,40.42722733859421,분당구,25.6,32.9,18.1,AWS,LC09_L2SP_116034_20240618_20240619_02_T1
LC09_L2SP_116034_20240618_20240619_02_T1,2024-06-18,116,034,438,41.74701872000003,41.81996903257144,39.88584222824745,40.23279378302893,군포,24.7,31.5,19.2,AWS,LC09_L2SP_116034_20240618_20240619_02_T1
LC09_L2SP_116034_20240618_20240619_02_T1,2024-06-18,116,034,444,42.094517420000024,41.93227540400003,43.121669624948474,42.64609106065275,하남,24.4,34.1,15.9,AWS,LC09_L2SP_116034_20240618_20240619_02_T1
LC09_L2SP_116034_20240618_20240619_02_T1,2024-06-18,116,034,445,40.12687724000002,39.25703997885716,38.544478844536094,38.77969885677069,의왕,22.9,30.6,15.9,AWS,LC09_L2SP_116034_20240618_20240619_02_T1
LC09_L2SP_116034_20240618_20240619_02_T1,2024-06-18,116,034,437,43.06979246000001,43.4499739417143,42.06300742577321,40.07545709557022,광명,25.4,32.1,20.4,AWS,LC09_L2SP_116034_20240618_20240619_02_T1
LC09_L2SP_116034_20240618_20240619_02_T1,2024-06-18,116,034,376,38.99779130000004,38.589647159428594,36.15717784927837,36.1724039119483,광명노온,23.3,30.1,17.1,AWS,LC09_L2SP_116034_20240618_20240619_02_T1
LC09_L2SP_116034_20240618_20240619_02_T1,2024-06-18,116,034,599,40.272712760000026,39.28457945428573,34.69174386329899,33.179178658219314,광릉,23.1,33.5,13.5,AWS,LC09_L2SP_116034_20240618_20240619_02_T1
LC09_L2SP_116034_20240618_20240619_02_T1,2024-06-18,116,034,573,41.50206062000001,41.05667633771431,38.034305101030945,36.46909733794271,청운,22.8,33.2,10.7,AWS,LC09_L2SP_116034_20240618_20240619_02_T1
LC09_L2SP_116034_20240618_20240619_02_T1,2024-06-18,116,034,506,39.07298774000003,39.136335044000006,37.740103013801864,38.14290466047812,파주금촌,24.2,31.4,16.8,AWS,LC09_L2SP_116034_20240618_20240619_02_T1
LC09_L2SP_116034_20240618_20240619_02_T1,2024-06-18,116,034,565,40.362720620000005,40.05099719600002,37.79222863072167,36.823814980584714,시흥,22.8,29.3,15.9,AWS,LC09_L2SP_116034_20240618_20240619_02_T1
LC09_L2SP_116034_20240618_20240619_02_T1,2024-06-18,116,034,970,33.71581106000002,33.82482962171431,34.531680296701055,35.03873624298345,철원장흥,23.3,30.7,14.8,AWS,LC09_L2SP_116034_20240618_20240619_02_T1
LC09_L2SP_116034_20240618_20240619_02_T1,2024-06-18,116,034,874,42.21300878000002,41.51527696400002,36.83018324659796,34.68313494038497,동송,23.7,32.9,14.2,AWS,LC09_L2SP_116034_20240618_20240619_02_T1
LC09_L2SP_116034_20240618_20240619_02_T1,2024-06-18,116,034,504,44.7628517,44.72177035485716,42.14440954927837,42.05543900391642,포천,24.5,33.6,15.8,AWS,LC09_L2SP_116034_20240618_20240619_02_T1
LC09_L2SP_116034_20240618_20240619_02_T1,2024-06-18,116,034,598,44.41763168000002,44.42889486971431,43.39770704082476,42.53605782419698,양주,24.3,33.4,15.9,AWS,LC09_L2SP_116034_20240618_20240619_02_T1
LC09_L2SP_116034_20240618_20240619_02_T1,2024-06-18,116,034,571,,,,37.20833375243246,화성,23.6,31.2,17.6,AWS,LC09_L2SP_116034_20240618_20240619_02_T1
LC09_L2SP_116034_20240618_20240619_02_T1,2024-06-18,116,034,634,42.26883644000005,42.32261328800002,42.510952062886616,40.81837252108965,아산,24.0,31.3,15.8,AWS,LC09_L2SP_116034_20240618_20240619_02_T1
LC09_L2SP_116034_20240618_20240619_02_T1,2024-06-18,116,034,588,41.26393856000001,41.00579666857145,37.831451682680424,35.75691650065727,남산,23.3,33.2,12.8,AWS,LC09_L2SP_116034_20240618_20240619_02_T1
LC09_L2SP_116034_20240618_20240619_02_T1,2024-06-18,116,034,512,41.90766566000002,40.90647877314288,37.508507484346815,37.91741164441127,인천연수,23.5,28.6,19.2,AWS,LC09_L2SP_116034_20240618_20240619_02_T1
LC09_L2SP_116034_20240618_20240619_02_T1,2024-06-18,116,034,507,38.39849846000002,38.912112932000014,36.74650653875469,36.009651557676655,창수,23.9,33.2,14.2,AWS,LC09_L2SP_116034_20240618_20240619_02_T1
LC09_L2SP_116034_20240618_20240619_02_T1,2024-06-18,116,034,695,26.417199020000016,26.2238367457143,26.068768488659813,26.48977494538221,광덕산,20.9,28.4,14.7,AWS,LC09_L2SP_116034_20240618_20240619_02_T1
LC09_L2SP_116034_20240618_20240619_02_T1,2024-06-18,116,034,377,39.831788180000025,39.96916003142859,37.83337407422682,36.12132670739767,안양만안,22.1,30.7,13.7,AWS,LC09_L2SP_116034_20240618_20240619_02_T1
LC09_L2SP_116034_20240618_20240619_02_T1,2024-06-18,116,034,493,42.77698208000004,42.866566756571444,39.37604956683489,38.774595181288674,송악,24.3,32.9,15.0,AWS,LC09_L2SP_116034_20240618_20240619_02_T1
LC09_L2SP_116034_20240618_20240619_02_T1,2024-06-18,116,034,511,40.05737750000003,39.94748001885716,38.54270283856117,37.460594245738065,경서동,23.3,28.4,17.8,AWS,LC09_L2SP_116034_20240618_20240619_02_T1
LC09_L2SP_116034_20240618_20240619_02_T1,2024-06-18,116,034,637,,,35.79112693136795,35.55971185235364,신평,23.8,29.2,17.6,AWS,LC09_L2SP_116034_20240618_20240619_02_T1
LC09_L2SP_116034_20240618_20240619_02_T1,2024-06-18,116,034,589,40.76490764000001,40.531082519428594,36.33201759855672,37.39425293614087,고양고봉,23.1,30.3,16.5,AWS,LC09_L2SP_116034_20240618_20240619_02_T1
LC09_L2SP_116034_20240618_20240619_02_T1,2024-06-18,116,034,569,,,42.04397412742859,42.73238717094621,구리,24.8,33.7,16.7,AWS,LC09_L2SP_116034_20240618_20240619_02_T1
LC09_L2SP_116034_20240618_20240619_02_T1,2024-06-18,116,034,514,37.457403620000015,36.94460296228573,35.91178124041239,36.1442311590408,대부도,21.4,26.2,15.6,AWS,LC09_L2SP_116034_20240618_20240619_02_T1
LC09_L2SP_116034_20240618_20240619_02_T1,2024-06-18,116,034,570,41.260520540000016,41.10618879885717,37.32911628515466,34.98904842077102,금곡,22.9,29.1,18.1,AWS,LC09_L2SP_116034_20240618_20240619_02_T1
LC09_L2SP_116034_20240618_20240619_02_T1,2024-06-18,116,034,694,31.734498800000022,31.054084952000014,29.09141401711342,28.66604970928144,원효봉,20.8,26.0,16.9,AWS,LC09_L2SP_116034_20240618_20240619_02_T1
LC09_L2SP_116034_20240618_20240619_02_T1,2024-06-18,116,034,326,34.78679066000001,34.17522550057144,31.74419689340208,30.98165893805899,용문산,21.6,31.4,12.2,AWS,LC09_L2SP_116034_20240618_20240619_02_T1
LC09_L2SP_116034_20240618_20240619_02_T1,2024-06-18,116,034,550,42.55367144000004,42.24858874057144,40.29995120804126,40.46282262649265,오산,23.6,32.2,14.7,AWS,LC09_L2SP_116034_20240618_20240619_02_T1
LC09_L2SP_116034_20240618_20240619_02_T1,2024-06-18,116,034,650,,,31.624415324338415,31.646142656456508,양지,22.8,30.2,14.8,AWS,LC09_L2SP_116034_20240618_20240619_02_T1
LC09_L2SP_116034_20240618_20240619_02_T1,2024-06-18,116,034,552,41.293561400000044,41.19671750000003,35.57007167818183,32.797385714047536,김화,23.1,32.7,12.6,AWS,LC09_L2SP_116034_20240618_20240619_02_T1
LC09_L2SP_116034_20240618_20240619_02_T1,2024-06-18,116,034,531,38.79271010000002,37.932899030857165,34.42857589958765,33.41150169753875,가평북면,23.2,34.5,11.8,AWS,LC09_L2SP_116034_20240618_20240619_02_T1
LC09_L2SP_116034_20240618_20240619_02_T1,2024-06-18,116,034,617,38.30279390000002,39.151764962857165,40.215781037729386,39.96014902782337,직산,23.7,31.8,14.5,AWS,LC09_L2SP_116034_20240618_20240619_02_T1
LC09_L2SP_116034_20240618_20240619_02_T1,2024-06-18,116,034,116,31.611450080000036,31.81464323085716,31.845895712989712,32.1504313717865,관악(레),22.9,28.2,17.5,AWS,LC09_L2SP_116034_20240618_20240619_02_T1
LC09_L2SP_116034_20240618_20240619_02_T1,2024-06-18,116,034,616,39.90812396000001,39.25489150914287,36.94642333340208,37.308515725616964,당진,24.5,32.6,16.7,AWS,LC09_L2SP_116034_20240618_20240619_02_T1
LC09_L2SP_116034_20240618_20240619_02_T1,2024-06-18,116,034,503,40.49944142000002,39.10156889771431,34.36000407567012,34.10717353455484,도라산,24.0,31.4,18.3,AWS,LC09_L2SP_116034_20240618_20240619_02_T1
LC09_L2SP_116034_20240618_20240619_02_T1,2024-06-18,116,034,543,,,37.64460594615387,35.92300288527376,영종도,22.6,27.6,18.4,AWS,LC09_L2SP_116034_20240618_20240619_02_T1
LC09_L2SP_116034_20240618_20240619_02_T1,2024-06-18,116,034,541,40.67489978000003,40.467702662857164,41.058003522060915,41.36922325221294,남양주,25.3,34.9,16.2,AWS,LC09_L2SP_116034_20240618_20240619_02_T1
LC09_L2SP_116034_20240618_20240619_02_T1,2024-06-18,116,034,540,37.97922134000002,37.99881798800002,38.094106747628885,37.50133491341543,고양,24.8,34.6,16.8,AWS,LC09_L2SP_116034_20240618_20240619_02_T1
LC09_L2SP_116034_20240618_20240619_02_T1,2024-06-18,116,034,519,38.11708148,38.397945066285736,37.082212302061876,35.60822935811053,사내,22.1,32.3,11.2,AWS,LC09_L2SP_116034_20240618_20240619_02_T1
LC09_L2SP_116034_20240618_20240619_02_T1,2024-06-18,116,034,542,37.68071426,38.04657261028573,34.79447903068704,34.13872211160471,청평,23.6,33.0,13.6,AWS,LC09_L2SP_116034_20240618_20240619_02_T1
LC09_L2SP_116034_20240618_20240619_02_T1,2024-06-18,116,034,532,38.538637280000025,38.622264836000014,37.616754609690744,37.7220990812196,의정부,24.8,33.5,16.3,AWS,LC09_L2SP_116034_20240618_20240619_02_T1
LC09_L2SP_116034_20240618_20240619_02_T1,2024-06-18,116,034,548,39.40567502000001,39.07432239542859,39.54045911647781,38.74568402325435,여주,24.8,34.3,15.0,AWS,LC09_L2SP_116034_20240618_20240619_02_T1
LC09_L2SP_116034_20240618_20240619_02_T1,2024-06-18,116,034,538,40.79794850000002,41.33998136685717,39.46459181835053,36.8243311266705,신서,23.6,32.5,15.4,AWS,LC09_L2SP_116034_20240618_20240619_02_T1
LC09_L2SP_116034_20240618_20240619_02_T1,2024-06-18,116,034,516,42.757613300000024,43.03404973657144,41.95969943525775,40.428166172324225,안성,24.4,32.6,15.5,AWS,LC09_L2SP_116034_20240618_20240619_02_T1
LC09_L2SP_116034_20240618_20240619_02_T1,2024-06-18,116,034,545,37.43803484,38.50546620971431,37.96265979979384,37.7657654956348,안산,22.3,30.1,14.1,AWS,LC09_L2SP_116034_20240618_20240619_02_T1
LC09_L2SP_116034_20240618_20240619_02_T1,2024-06-18,116,034,549,44.081526380000014,44.615714077142876,45.40701339360827,42.59654508592297,용인,24.4,32.7,15.3,AWS,LC09_L2SP_116034_20240618_20240619_02_T1
LC09_L2SP_116034_20240618_20240619_02_T1,2024-06-18,116,034,681,41.23317638000003,40.69807721085716,39.42530224885987,35.570820769600296,간동,22.8,33.2,11.3,AWS,LC09_L2SP_116034_20240618_20240619_02_T1
LC09_L2SP_116034_20250605_20250606_02_T1,2025-06-05,116,034,434,35.944360100000004,35.60874308857145,35.330800060824764,35.33403526530205,안양,21.4,26.7,16.0,AWS,LC09_L2SP_116034_20250605_20250606_02_T1
LC09_L2SP_116034_20250605_20250606_02_T1,2025-06-05,116,034,572,36.514030100000035,36.610808894857165,36.581501736494864,36.080229496355315,성남,20.9,27.3,13.4,AWS,LC09_L2SP_116034_20250605_20250606_02_T1
LC09_L2SP_116034_20250605_20250606_02_T1,2025-06-05,116,034,590,,,36.44803602153848,34.95186394069926,과천,19.6,27.3,12.0,AWS,LC09_L2SP_116034_20250605_20250606_02_T1
LC09_L2SP_116034_20250605_20250606_02_T1,2025-06-05,116,034,515,,,,29.126155731187353,운평,20.3,26.5,12.7,AWS,LC09_L2SP_116034_20250605_20250606_02_T1
LC09_L2SP_116034_20250605_20250606_02_T1,2025-06-05,116,034,628,35.57863196000003,35.36381754114287,34.54456932515466,33.406592944523354,예산,20.8,27.3,12.2,AWS,LC09_L2SP_116034_20250605_20250606_02_T1
LC09_L2SP_116034_20250605_20250606_02_T1,2025-06-05,116,034,978,34.33561202000002,34.621423597142865,32.14743320247425,29.78753572517967,춘천신북,19.6,29.1,9.5,AWS,LC09_L2SP_116034_20250605_20250606_02_T1
LC09_L2SP_116034_20250605_20250606_02_T1,2025-06-05,116,034,676,35.34050990000001,34.72816347885716,31.598099051134035,31.88875863069366,위성센터,19.7,27.7,11.3,AWS,LC09_L2SP_116034_20250605_20250606_02_T1
LC09_L2SP_116034_20250605_20250606_02_T1,2025-06-05,116,034,632,37.148642480000035,36.83415208742859,34.23570638845362,33.17596357814435,유구,18.9,27.9,9.5,AWS,LC09_L2SP_116034_20250605_20250606_02_T1
LC09_L2SP_116034_20250605_20250606_02_T1,2025-06-05,116,034,505,31.577269880000017,31.51678720228574,34.09826126577321,32.46098780563737,가평조종,18.8,27.0,9.8,AWS,LC09_L2SP_116034_20250605_20250606_02_T1
LC09_L2SP_116034_20250605_20250606_02_T1,2025-06-05,116,034,309,30.23057,30.017448314857173,27.554141686840257,28.3919466378218,판문점,18.0,27.8,8.7,AWS,LC09_L2SP_116034_20250605_20250606_02_T1
LC09_L2SP_116034_20250605_20250606_02_T1,2025-06-05,116,034,633,31.155714080000035,30.93103623200002,30.134618778762903,28.790514368285162,정안,18.7,28.1,9.2,AWS,LC09_L2SP_116034_20250605_20250606_02_T1
LC09_L2SP_116034_20250605_20250606_02_T1,2025-06-05,116,034,576,33.844556480000016,33.32677527885717,31.034756107628883,30.30887500962965,백암,18.7,27.2,10.1,AWS,LC09_L2SP_116034_20250605_20250606_02_T1
LC09_L2SP_116034_20250605_20250606_02_T1,2025-06-05,116,034,574,34.32307928000002,34.651990461714306,35.17233573782112,34.46210979389165,대신,19.4,27.5,11.0,AWS,LC09_L2SP_116034_20250605_20250606_02_T1
LC09_L2SP_116034_20250605_20250606_02_T1,2025-06-05,116,034,539,31.655884340000018,32.13525350685717,32.710893603711355,32.08616431304126,포천이동,18.2,27.6,9.1,AWS,LC09_L2SP_116034_20250605_20250606_02_T1
LC09_L2SP_116034_20250605_20250606_02_T1,2025-06-05,116,034,499,36.64733288,36.36353956228573,32.07841112391754,31.407155947683957,중면,18.6,27.8,9.4,AWS,LC09_L2SP_116034_20250605_20250606_02_T1
LC09_L2SP_116034_20250605_20250606_02_T1,2025-06-05,116,034,567,34.483726220000015,33.687425217714306,31.110034768041256,30.481170002084188,적성,19.4,27.3,10.1,AWS,LC09_L2SP_116034_20250605_20250606_02_T1
LC09_L2SP_116034_20250605_20250606_02_T1,2025-06-05,116,034,500,33.35008292,33.6259008577143,31.537298254272535,29.677571728036966,양도,19.6,27.0,12.4,AWS,LC09_L2SP_116034_20250605_20250606_02_T1
LC09_L2SP_116034_20250605_20250606_02_T1,2025-06-05,116,034,568,31.803998540000027,32.684968780571445,33.72628828969074,31.50054431720586,일동,17.9,27.6,8.1,AWS,LC09_L2SP_116034_20250605_20250606_02_T1
LC09_L2SP_116034_20250605_20250606_02_T1,2025-06-05,116,034,977,35.37924746000002,35.0067809377143,34.170255024948474,33.7400363052906,오창가곡,20.5,28.2,11.8,AWS,LC09_L2SP_116034_20250605_20250606_02_T1
LC09_L2SP_116034_20250605_20250606_02_T1,2025-06-05,116,034,428,35.40317360000004,35.87124702457144,36.5985957517526,35.443822782748924,하남덕풍,21.1,29.5,12.8,AWS,LC09_L2SP_116034_20250605_20250606_02_T1
LC09_L2SP_116034_20250605_20250606_02_T1,2025-06-05,116,034,441,34.00406408000001,34.10139626857144,31.43917873979383,31.662701135493865,김포,20.5,26.9,13.8,AWS,LC09_L2SP_116034_20250605_20250606_02_T1
LC09_L2SP_116034_20250605_20250606_02_T1,2025-06-05,116,034,450,33.10626416000002,32.42969151542858,33.735042805979404,33.411747304986754,주교,20.1,26.5,12.6,AWS,LC09_L2SP_116034_20250605_20250606_02_T1
LC09_L2SP_116034_20250605_20250606_02_T1,2025-06-05,116,034,444,34.65234854000003,34.27864502000002,35.770166368247445,35.93229444699687,하남,20.5,28.6,12.8,AWS,LC09_L2SP_116034_20250605_20250606_02_T1
LC09_L2SP_116034_20250605_20250606_02_T1,2025-06-05,116,034,433,30.90278060000003,30.638557296363658,31.412161668915687,32.037520853839304,부천,20.2,25.5,14.4,AWS,LC09_L2SP_116034_20250605_20250606_02_T1
LC09_L2SP_116034_20250605_20250606_02_T1,2025-06-05,116,034,438,35.43507512,35.57505117714288,33.75144382061858,34.05657842316062,군포,21.2,27.7,14.8,AWS,LC09_L2SP_116034_20250605_20250606_02_T1
LC09_L2SP_116034_20250605_20250606_02_T1,2025-06-05,116,034,437,33.693024259999994,34.22532390800003,33.747705133333355,31.549636044160454,광명,22.0,27.4,16.2,AWS,LC09_L2SP_116034_20250605_20250606_02_T1
LC09_L2SP_116034_20250605_20250606_02_T1,2025-06-05,116,034,364,39.023996120000014,38.33358863257145,35.91605670185569,35.22642930159902,분당구,21.5,28.3,14.7,AWS,LC09_L2SP_116034_20250605_20250606_02_T1
LC09_L2SP_116034_20250605_20250606_02_T1,2025-06-05,116,034,367,36.08335958,36.21135853586208,32.906799861867725,31.172517529663143,신현동,20.2,26.2,13.3,AWS,LC09_L2SP_116034_20250605_20250606_02_T1
LC09_L2SP_116034_20250605_20250606_02_T1,2025-06-05,116,034,376,33.52781996000002,33.03946628342859,30.863400937731978,30.801210005103112,광명노온,19.5,25.7,12.8,AWS,LC09_L2SP_116034_20250605_20250606_02_T1
LC09_L2SP_116034_20250605_20250606_02_T1,2025-06-05,116,034,599,34.57487342000002,33.787915005714304,29.886515511724156,28.224832585251793,광릉,18.1,28.3,8.7,AWS,LC09_L2SP_116034_20250605_20250606_02_T1
LC09_L2SP_116034_20250605_20250606_02_T1,2025-06-05,116,034,573,34.41650516000001,33.94328842914287,31.280129224948475,30.126741975156044,청운,17.9,27.9,8.2,AWS,LC09_L2SP_116034_20250605_20250606_02_T1
LC09_L2SP_116034_20250605_20250606_02_T1,2025-06-05,116,034,506,33.68049152000003,33.52628998914288,32.83096468153312,33.446087878404185,파주금촌,20.2,26.8,12.4,AWS,LC09_L2SP_116034_20250605_20250606_02_T1
LC09_L2SP_116034_20250605_20250606_02_T1,2025-06-05,116,034,502,,,,27.668565452821596,교동,18.7,22.8,12.7,AWS,LC09_L2SP_116034_20250605_20250606_02_T1
LC09_L2SP_116034_20250605_20250606_02_T1,2025-06-05,116,034,565,34.03938362,33.722679652571436,32.295985911340225,31.679521232753892,시흥,19.3,26.0,11.6,AWS,LC09_L2SP_116034_20250605_20250606_02_T1
LC09_L2SP_116034_20250605_20250606_02_T1,2025-06-05,116,034,874,35.51141090000002,35.32504742857145,31.984288328041256,29.926571059828245,동송,18.1,26.3,8.9,AWS,LC09_L2SP_116034_20250605_20250606_02_T1
LC09_L2SP_116034_20250605_20250606_02_T1,2025-06-05,116,034,504,39.354404720000026,39.10029934742859,36.959519870515486,36.813507559759536,포천,19.9,27.7,10.9,AWS,LC09_L2SP_116034_20250605_20250606_02_T1
LC09_L2SP_116034_20250605_20250606_02_T1,2025-06-05,116,034,598,38.58421088000002,38.551853624000024,38.18259940288662,37.25111686585172,양주,19.7,27.7,11.0,AWS,LC09_L2SP_116034_20250605_20250606_02_T1
LC09_L2SP_116034_20250605_20250606_02_T1,2025-06-05,116,034,634,30.019792100000036,30.12471495636366,32.07956529191491,,아산,21.2,28.5,12.4,AWS,LC09_L2SP_116034_20250605_20250606_02_T1
LC09_L2SP_116034_20250605_20250606_02_T1,2025-06-05,116,034,507,34.35953816000002,34.77728530914287,32.196195732698065,31.322579876681015,창수,18.7,27.9,9.3,AWS,LC09_L2SP_116034_20250605_20250606_02_T1
LC09_L2SP_116034_20250605_20250606_02_T1,2025-06-05,116,034,588,37.09851152000001,36.60739087485717,33.588929302680434,31.393974987830614,남산,18.5,27.6,8.9,AWS,LC09_L2SP_116034_20250605_20250606_02_T1
LC09_L2SP_116034_20250605_20250606_02_T1,2025-06-05,116,034,377,33.678212840000015,33.8125247497143,31.881050812164972,30.376888589722324,안양만안,18.0,26.8,9.4,AWS,LC09_L2SP_116034_20250605_20250606_02_T1
LC09_L2SP_116034_20250605_20250606_02_T1,2025-06-05,116,034,493,32.38278326,32.39258158400002,30.333987617731978,30.079404404151177,송악,20.0,27.9,11.5,AWS,LC09_L2SP_116034_20250605_20250606_02_T1
LC09_L2SP_116034_20250605_20250606_02_T1,2025-06-05,116,034,511,33.26463242000002,33.24064117485716,32.23481492705884,31.7681721725202,경서동,19.1,26.1,12.0,AWS,LC09_L2SP_116034_20250605_20250606_02_T1
LC09_L2SP_116034_20250605_20250606_02_T1,2025-06-05,116,034,589,35.93296670000001,35.67778709257144,31.40724589773198,32.41204795647869,고양고봉,19.2,25.6,12.0,AWS,LC09_L2SP_116034_20250605_20250606_02_T1
LC09_L2SP_116034_20250605_20250606_02_T1,2025-06-05,116,034,569,,,36.04862581892033,36.63382452646934,구리,20.8,28.2,13.0,AWS,LC09_L2SP_116034_20250605_20250606_02_T1
LC09_L2SP_116034_20250605_20250606_02_T1,2025-06-05,116,034,570,36.13576922000002,36.09273472057145,32.44421756907219,30.02399185932683,금곡,19.0,25.7,12.5,AWS,LC09_L2SP_116034_20250605_20250606_02_T1
LC09_L2SP_116034_20250605_20250606_02_T1,2025-06-05,116,034,694,22.607246060000005,22.314598442857157,20.764847144329917,20.499869563738926,원효봉,16.9,20.4,12.4,AWS,LC09_L2SP_116034_20250605_20250606_02_T1
LC09_L2SP_116034_20250605_20250606_02_T1,2025-06-05,116,034,326,30.11321798,29.39527101714288,26.64063103298971,25.88976810158605,용문산,17.6,26.6,8.9,AWS,LC09_L2SP_116034_20250605_20250606_02_T1
LC09_L2SP_116034_20250605_20250606_02_T1,2025-06-05,116,034,650,29.97649718000004,29.52066352228574,28.06623510206187,27.6540392895615,양지,18.3,25.6,10.3,AWS,LC09_L2SP_116034_20250605_20250606_02_T1
LC09_L2SP_116034_20250605_20250606_02_T1,2025-06-05,116,034,531,33.96988388000002,33.6224828377143,30.599837532989707,29.149378877105132,가평북면,18.7,28.8,9.2,AWS,LC09_L2SP_116034_20250605_20250606_02_T1
LC09_L2SP_116034_20250605_20250606_02_T1,2025-06-05,116,034,617,33.248681660000024,33.860474687428585,33.5698502517526,33.230045802124266,직산,20.1,27.4,10.7,AWS,LC09_L2SP_116034_20250605_20250606_02_T1
LC09_L2SP_116034_20250605_20250606_02_T1,2025-06-05,116,034,534,33.38426311999999,33.81670594666668,35.87249592322583,34.95587053282419,장호원,20.2,28.4,10.9,AWS,LC09_L2SP_116034_20250605_20250606_02_T1
LC09_L2SP_116034_20250605_20250606_02_T1,2025-06-05,116,034,116,24.76059866000001,24.89432462342859,25.207580143711358,25.781497611241967,관악(레),18.2,22.4,13.9,AWS,LC09_L2SP_116034_20250605_20250606_02_T1
LC09_L2SP_116034_20250605_20250606_02_T1,2025-06-05,116,034,503,34.10546534000002,33.0591931417143,29.848088472164967,29.650756546030944,도라산,18.8,26.6,11.4,AWS,LC09_L2SP_116034_20250605_20250606_02_T1
LC09_L2SP_116034_20250605_20250606_02_T1,2025-06-05,116,034,555,,,27.583029495850163,26.782367814509616,화천,18.8,28.9,9.9,AWS,LC09_L2SP_116034_20250605_20250606_02_T1
LC09_L2SP_116034_20250605_20250606_02_T1,2025-06-05,116,034,541,35.081879719999996,34.92533440400002,35.62444752018671,36.24998499955902,남양주,20.7,29.6,11.7,AWS,LC09_L2SP_116034_20250605_20250606_02_T1
LC09_L2SP_116034_20250605_20250606_02_T1,2025-06-05,116,034,543,,,28.30222498640002,27.421235753769448,영종도,19.5,25.3,13.5,AWS,LC09_L2SP_116034_20250605_20250606_02_T1
LC09_L2SP_116034_20250605_20250606_02_T1,2025-06-05,116,034,532,34.35725948000002,34.02561388228574,32.777296374845385,32.91215037144004,의정부,20.0,27.8,12.1,AWS,LC09_L2SP_116034_20250605_20250606_02_T1
LC09_L2SP_116034_20250605_20250606_02_T1,2025-06-05,116,034,548,33.63377858000003,33.811645830285734,33.264311368866,32.87254811337534,여주,20.6,28.5,12.5,AWS,LC09_L2SP_116034_20250605_20250606_02_T1
LC09_L2SP_116034_20250605_20250606_02_T1,2025-06-05,116,034,538,37.526903360000006,36.849191375428596,33.864770955670124,31.75397684965361,신서,18.1,27.3,8.8,AWS,LC09_L2SP_116034_20250605_20250606_02_T1
LC09_L2SP_116034_20250605_20250606_02_T1,2025-06-05,116,034,516,30.597437480000053,32.21793875157898,31.19952464956899,,안성,20.9,27.8,12.0,AWS,LC09_L2SP_116034_20250605_20250606_02_T1
LC09_L2SP_116034_20250605_20250606_02_T1,2025-06-05,116,034,545,27.765038240000006,28.880614862857158,29.20271474702497,29.671320454482778,안산,18.8,27.9,9.6,AWS,LC09_L2SP_116034_20250605_20250606_02_T1
LC09_L2SP_116034_20250605_20250606_02_T1,2025-06-05,116,034,550,30.911895320000024,30.297432981714305,27.266293047899712,27.947373227175593,오산,19.6,27.4,10.7,AWS,LC09_L2SP_116034_20250605_20250606_02_T1
LC09_L2SP_116034_20250605_20250606_02_T1,2025-06-05,116,034,692,34.49056226000001,34.160772158857164,30.07298087628868,29.513140355562573,백학,17.3,26.5,8.7,AWS,LC09_L2SP_116034_20250605_20250606_02_T1
LC09_L2SP_116034_20250605_20250606_02_T1,2025-06-05,116,034,558,35.31544442000003,35.229342868571436,33.09530535360827,30.138680220705094,팔봉,18.2,28.2,8.3,AWS,LC09_L2SP_116034_20250605_20250606_02_T1
LC09_L2SP_116034_20250605_20250606_02_T1,2025-06-05,116,034,602,34.55892266000001,34.04328992857144,32.69756606639177,33.16631974014889,진천,19.8,26.4,11.8,AWS,LC09_L2SP_116034_20250605_20250606_02_T1
LC09_L2SP_116034_20250605_20250606_02_T1,2025-06-05,116,034,540,32.16516932000002,32.03486137657145,32.20640089917528,31.753184236942474,고양,20.0,28.6,11.7,AWS,LC09_L2SP_116034_20250605_20250606_02_T1
LC09_L2SP_116034_20250605_20250606_02_T1,2025-06-05,116,034,546,34.81641350000001,34.18801866114288,31.509746058321696,30.505209994262756,경기광주,19.7,26.8,13.1,AWS,LC09_L2SP_116034_20250605_20250606_02_T1
LC09_L2SP_116034_20250605_20250606_02_T1,2025-06-05,116,034,600,,,,30.340944487288976,금왕,19.1,27.4,10.1,AWS,LC09_L2SP_116034_20250605_20250606_02_T1
LC09_L2SP_116034_20250605_20250606_02_T1,2025-06-05,116,034,552,31.185336920000015,31.204380174285735,28.09718912969074,27.16467488357288,김화,17.2,25.9,8.3,AWS,LC09_L2SP_116034_20250605_20250606_02_T1
LC09_L2SP_116034_20250605_20250606_02_T1,2025-06-05,116,034,519,31.925907920000025,32.138866842285736,30.858295441649506,29.144930652802767,사내,17.0,25.7,8.5,AWS,LC09_L2SP_116034_20250605_20250606_02_T1
LC09_L2SP_116034_20250605_20250606_02_T1,2025-06-05,116,034,652,36.771520940000016,36.93630205657144,34.181658702500016,32.263540170515476,연천청산,18.9,27.1,10.0,AWS,LC09_L2SP_116034_20250605_20250606_02_T1
LC09_L2SP_116034_20250605_20250606_02_T1,2025-06-05,116,034,695,,,20.15370705503724,20.60796590788292,광덕산,14.7,21.5,8.6,AWS,LC09_L2SP_116034_20250605_20250606_02_T1
LC09_L2SP_116034_20250605_20250606_02_T1,2025-06-05,116,034,681,35.72560682000002,35.49712032114287,34.075975618762904,30.4464183381048,간동,18.0,28.2,7.6,AWS,LC09_L2SP_116034_20250605_20250606_02_T1
LC09_L2SP_116034_20250605_20250606_02_T1,2025-06-05,116,034,970,30.532495100000023,30.153583168571444,31.079425283092807,31.701038406716393,철원장흥,18.9,25.1,11.4,AWS,LC09_L2SP_116034_20250605_20250606_02_T1
LC09_L2SP_116034_20250605_20250606_02_T1,2025-06-05,116,034,533,36.17450678,36.26383103600002,35.687299938350534,34.638146746813646,백사,20.0,28.3,11.2,AWS,LC09_L2SP_116034_20250605_20250606_02_T1
LC09_L2SP_116034_20250605_20250606_02_T1,2025-06-05,116,034,586,,,26.750836259088487,26.17824100239537,북산,17.7,27.5,8.4,AWS,LC09_L2SP_116034_20250605_20250606_02_T1
LC09_L2SP_116034_20250605_20250606_02_T1,2025-06-05,116,034,627,29.24618024000002,28.720651526857164,29.658095367296358,29.887674740485355,태안,18.7,24.8,10.8,AWS,LC09_L2SP_116034_20250605_20250606_02_T1
LC09_L2SP_116034_20250605_20250606_02_T1,2025-06-05,116,034,427,36.01955654000002,36.010409267428585,34.92413790123713,33.23544076125864,양촌,20.6,26.8,13.9,AWS,LC09_L2SP_116034_20250605_20250606_02_T1
