reg,date,최고,온열,정전건수,dow,정전,정전_lag1,정전_lag2
강원,2020-05-01,28.978571428571428,0,0.0,4,0,0.0,0.0
강원,2020-05-02,24.842857142857145,0,0.0,5,0,0.0,0.0
강원,2020-05-03,24.807142857142857,0,0.0,6,0,0.0,0.0
강원,2020-05-04,26.907142857142855,0,0.0,0,0,0.0,0.0
강원,2020-05-05,20.50714285714286,0,0.0,1,0,0.0,0.0
강원,2020-05-06,23.27857142857143,0,0.0,2,0,0.0,0.0
강원,2020-05-07,22.47142857142857,0,0.0,3,0,0.0,0.0
강원,2020-05-08,24.49285714285714,0,0.0,4,0,0.0,0.0
강원,2020-05-09,16.271428571428572,0,1.0,5,1,0.0,0.0
강원,2020-05-10,19.407142857142855,0,0.0,6,0,1.0,0.0
강원,2020-05-11,22.95,0,1.0,0,1,0.0,1.0
강원,2020-05-12,19.728571428571428,0,0.0,1,0,1.0,0.0
강원,2020-05-13,23.064285714285713,0,1.0,2,1,0.0,1.0
강원,2020-05-14,26.0,0,0.0,3,0,1.0,0.0
강원,2020-05-15,18.485714285714288,0,0.0,4,0,0.0,1.0
강원,2020-05-16,20.349999999999998,0,0.0,5,0,0.0,0.0
강원,2020-05-17,24.885714285714283,0,0.0,6,0,0.0,0.0
강원,2020-05-18,22.05,0,4.0,0,1,0.0,0.0
강원,2020-05-19,15.192857142857141,0,0.0,1,0,1.0,0.0
강원,2020-05-20,14.671428571428573,0,0.0,2,0,0.0,1.0
강원,2020-05-21,19.178571428571427,0,0.0,3,0,0.0,0.0
강원,2020-05-22,20.114285714285717,0,0.0,4,0,0.0,0.0
강원,2020-05-23,23.22142857142857,0,1.0,5,1,0.0,0.0
강원,2020-05-24,23.014285714285712,0,0.0,6,0,1.0,0.0
강원,2020-05-25,22.557142857142857,0,0.0,0,0,0.0,1.0
강원,2020-05-26,24.042857142857144,0,1.0,1,1,0.0,0.0
강원,2020-05-27,23.678571428571427,0,0.0,2,0,1.0,0.0
강원,2020-05-28,22.957142857142856,0,0.0,3,0,0.0,1.0
강원,2020-05-29,25.157142857142855,1,0.0,4,0,0.0,0.0
강원,2020-05-30,27.207142857142856,0,0.0,5,0,0.0,0.0
강원,2020-05-31,26.014285714285712,0,0.0,6,0,0.0,0.0
강원,2020-06-01,25.607142857142858,1,1.0,0,1,0.0,0.0
강원,2020-06-02,23.7,0,0.0,1,0,1.0,0.0
강원,2020-06-03,27.985714285714288,1,0.0,2,0,0.0,1.0
강원,2020-06-04,29.471428571428568,0,0.0,3,0,0.0,0.0
강원,2020-06-05,27.599999999999998,0,1.0,4,1,0.0,0.0
강원,2020-06-06,26.900000000000002,0,0.0,5,0,1.0,0.0
강원,2020-06-07,27.835714285714285,1,1.0,6,1,0.0,1.0
강원,2020-06-08,31.099999999999998,3,1.0,0,1,1.0,0.0
강원,2020-06-09,33.41428571428572,1,0.0,1,0,1.0,1.0
강원,2020-06-10,31.564285714285713,0,2.0,2,1,0.0,1.0
강원,2020-06-11,30.49285714285714,1,0.0,3,0,1.0,0.0
강원,2020-06-12,26.657142857142855,0,1.0,4,1,0.0,1.0
강원,2020-06-13,31.571428571428573,3,0.0,5,0,1.0,0.0
강원,2020-06-14,29.764285714285712,1,1.0,6,1,0.0,1.0
강원,2020-06-15,29.664285714285715,1,1.0,0,1,1.0,0.0
강원,2020-06-16,28.50714285714286,0,3.0,1,1,1.0,1.0
강원,2020-06-17,29.22142857142857,0,4.0,2,1,1.0,1.0
강원,2020-06-18,25.321428571428573,0,0.0,3,0,1.0,1.0
강원,2020-06-19,24.414285714285715,0,0.0,4,0,0.0,1.0
강원,2020-06-20,28.49285714285714,0,3.0,5,1,0.0,0.0
강원,2020-06-21,29.957142857142856,0,1.0,6,1,1.0,0.0
강원,2020-06-22,32.83571428571428,1,3.0,0,1,1.0,1.0
강원,2020-06-23,30.45,1,0.0,1,0,1.0,1.0
강원,2020-06-24,23.37142857142857,0,4.0,2,1,0.0,1.0
강원,2020-06-25,22.957142857142856,0,0.0,3,0,1.0,0.0
강원,2020-06-26,25.62857142857143,0,0.0,4,0,0.0,1.0
강원,2020-06-27,28.37857142857143,1,1.0,5,1,0.0,0.0
강원,2020-06-28,27.585714285714285,0,0.0,6,0,1.0,0.0
강원,2020-06-29,25.52857142857143,1,2.0,0,1,0.0,1.0
강원,2020-06-30,21.821428571428573,0,9.0,1,1,1.0,0.0
강원,2020-07-01,23.685714285714287,0,0.0,2,0,1.0,1.0
강원,2020-07-02,28.685714285714283,0,1.0,3,1,0.0,1.0
강원,2020-07-03,27.02857142857143,1,1.0,4,1,1.0,0.0
강원,2020-07-04,26.821428571428573,0,1.0,5,1,1.0,1.0
강원,2020-07-05,28.37142857142857,1,1.0,6,1,1.0,1.0
강원,2020-07-06,29.0,0,0.0,0,0,1.0,1.0
강원,2020-07-07,27.3,0,2.0,1,1,0.0,1.0
강원,2020-07-08,28.957142857142856,0,2.0,2,1,1.0,0.0
강원,2020-07-09,28.99285714285714,1,1.0,3,1,1.0,1.0
강원,2020-07-10,25.021428571428572,0,3.0,4,1,1.0,1.0
강원,2020-07-11,24.52857142857143,0,2.0,5,1,1.0,1.0
강원,2020-07-12,23.521428571428572,0,2.0,6,1,1.0,1.0
강원,2020-07-13,19.514285714285712,0,0.0,0,0,1.0,1.0
강원,2020-07-14,20.95,0,2.0,1,1,0.0,1.0
강원,2020-07-15,24.728571428571428,0,1.0,2,1,1.0,0.0
강원,2020-07-16,27.75,0,1.0,3,1,1.0,1.0
강원,2020-07-17,28.87857142857143,1,1.0,4,1,1.0,1.0
강원,2020-07-18,28.2,0,0.0,5,0,1.0,1.0
강원,2020-07-19,25.614285714285717,0,2.0,6,1,0.0,1.0
강원,2020-07-20,27.864285714285717,0,1.0,0,1,1.0,0.0
강원,2020-07-21,29.62857142857143,0,0.0,1,0,1.0,1.0
강원,2020-07-22,26.664285714285715,0,3.0,2,1,0.0,1.0
강원,2020-07-23,22.864285714285717,0,2.0,3,1,1.0,0.0
강원,2020-07-24,22.928571428571427,0,2.0,4,1,1.0,1.0
강원,2020-07-25,23.650000000000002,0,1.0,5,1,1.0,1.0
강원,2020-07-26,26.335714285714285,0,1.0,6,1,1.0,1.0
강원,2020-07-27,23.349999999999998,0,0.0,0,0,1.0,1.0
강원,2020-07-28,24.49285714285714,0,0.0,1,0,0.0,1.0
강원,2020-07-29,24.74285714285714,1,0.0,2,0,0.0,0.0
강원,2020-07-30,27.085714285714285,0,0.0,3,0,0.0,0.0
강원,2020-07-31,30.75,1,2.0,4,1,0.0,0.0
강원,2020-08-01,27.842857142857145,0,2.0,5,1,1.0,0.0
강원,2020-08-02,28.185714285714283,0,1.0,6,1,1.0,1.0
강원,2020-08-03,26.571428571428573,0,2.0,0,1,1.0,1.0
강원,2020-08-04,28.692857142857143,0,3.0,1,1,1.0,1.0
강원,2020-08-05,25.228571428571428,1,2.0,2,1,1.0,1.0
강원,2020-08-06,26.585714285714285,0,3.0,3,1,1.0,1.0
강원,2020-08-07,26.207142857142856,1,0.0,4,0,1.0,1.0
강원,2020-08-08,24.557142857142857,0,3.0,5,1,0.0,1.0
강원,2020-08-09,26.071428571428573,0,2.0,6,1,1.0,0.0
강원,2020-08-10,28.349999999999998,0,0.0,0,0,1.0,1.0
강원,2020-08-11,27.542857142857144,0,1.0,1,1,0.0,1.0
강원,2020-08-12,30.821428571428573,1,0.0,2,0,1.0,0.0
강원,2020-08-13,31.285714285714285,5,1.0,3,1,0.0,1.0
강원,2020-08-14,30.457142857142856,2,0.0,4,0,1.0,0.0
강원,2020-08-15,28.285714285714285,0,1.0,5,1,0.0,1.0
강원,2020-08-16,30.457142857142856,1,1.0,6,1,1.0,0.0
강원,2020-08-17,31.578571428571426,2,1.0,0,1,1.0,1.0
강원,2020-08-18,32.25,3,1.0,1,1,1.0,1.0
강원,2020-08-19,32.357142857142854,2,1.0,2,1,1.0,1.0
강원,2020-08-20,31.057142857142857,1,1.0,3,1,1.0,1.0
강원,2020-08-21,26.664285714285715,1,0.0,4,0,1.0,1.0
강원,2020-08-22,27.02857142857143,0,3.0,5,1,0.0,1.0
강원,2020-08-23,28.564285714285713,0,0.0,6,0,1.0,0.0
강원,2020-08-24,30.335714285714285,2,0.0,0,0,0.0,1.0
강원,2020-08-25,33.357142857142854,2,1.0,1,1,0.0,0.0
강원,2020-08-26,31.00714285714286,1,0.0,2,0,1.0,0.0
강원,2020-08-27,31.349999999999998,0,1.0,3,1,0.0,1.0
강원,2020-08-28,31.892857142857142,0,0.0,4,0,1.0,0.0
강원,2020-08-29,30.52857142857143,0,1.0,5,1,0.0,1.0
강원,2020-08-30,27.942857142857143,0,2.0,6,1,1.0,0.0
강원,2020-08-31,26.00714285714286,0,1.0,0,1,1.0,1.0
강원,2020-09-01,28.74285714285714,1,0.0,1,0,1.0,1.0
강원,2020-09-02,24.342857142857145,0,0.0,2,0,0.0,1.0
강원,2020-09-03,25.75714285714286,0,6.0,3,1,0.0,0.0
강원,2020-09-04,26.885714285714283,0,0.0,4,0,1.0,0.0
강원,2020-09-05,23.614285714285717,0,1.0,5,1,0.0,1.0
강원,2020-09-06,22.142857142857142,0,4.0,6,1,1.0,0.0
강원,2020-09-07,23.342857142857145,0,6.0,0,1,1.0,1.0
강원,2020-09-08,25.77857142857143,0,1.0,1,1,1.0,1.0
강원,2020-09-09,25.0,0,0.0,2,0,1.0,1.0
강원,2020-09-10,25.835714285714285,0,0.0,3,0,0.0,1.0
강원,2020-09-11,23.814285714285713,0,0.0,4,0,0.0,0.0
강원,2020-09-12,20.50714285714286,0,0.0,5,0,0.0,0.0
강원,2020-09-13,22.535714285714285,0,1.0,6,1,0.0,0.0
강원,2020-09-14,24.99285714285714,0,0.0,0,0,1.0,0.0
강원,2020-09-15,25.535714285714285,0,2.0,1,1,0.0,1.0
강원,2020-09-16,24.849999999999998,0,0.0,2,0,1.0,0.0
강원,2020-09-17,22.45,0,0.0,3,0,0.0,1.0
강원,2020-09-18,24.114285714285717,0,1.0,4,1,0.0,0.0
강원,2020-09-19,24.307142857142857,0,1.0,5,1,1.0,0.0
강원,2020-09-20,22.75,0,0.0,6,0,1.0,1.0
강원,2020-09-21,22.02857142857143,0,0.0,0,0,0.0,1.0
강원,2020-09-22,21.75,0,0.0,1,0,0.0,0.0
강원,2020-09-23,20.099999999999998,0,0.0,2,0,0.0,0.0
강원,2020-09-24,20.792857142857144,0,1.0,3,1,0.0,0.0
강원,2020-09-25,20.692857142857143,0,0.0,4,0,1.0,0.0
강원,2020-09-26,20.414285714285715,0,1.0,5,1,0.0,1.0
강원,2020-09-27,22.107142857142858,0,0.0,6,0,1.0,0.0
강원,2020-09-28,23.564285714285713,0,0.0,0,0,0.0,1.0
강원,2020-09-29,22.900000000000002,0,0.0,1,0,0.0,0.0
강원,2020-09-30,21.67142857142857,0,2.0,2,1,0.0,0.0
강원,2021-05-01,11.221428571428572,0,0.0,5,0,1.0,0.0
강원,2021-05-02,17.942857142857143,0,0.0,6,0,0.0,1.0
강원,2021-05-03,21.0,0,0.0,0,0,0.0,0.0
강원,2021-05-04,18.478571428571428,0,0.0,1,0,0.0,0.0
강원,2021-05-05,19.464285714285715,0,0.0,2,0,0.0,0.0
강원,2021-05-06,23.071428571428573,0,0.0,3,0,0.0,0.0
강원,2021-05-07,20.457142857142856,0,0.0,4,0,0.0,0.0
강원,2021-05-08,21.685714285714287,0,0.0,5,0,0.0,0.0
강원,2021-05-09,21.535714285714285,0,0.0,6,0,0.0,0.0
강원,2021-05-10,16.007142857142856,0,0.0,0,0,0.0,0.0
강원,2021-05-11,23.071428571428573,0,0.0,1,0,0.0,0.0
강원,2021-05-12,23.607142857142858,0,1.0,2,1,0.0,0.0
강원,2021-05-13,26.057142857142857,0,1.0,3,1,1.0,0.0
강원,2021-05-14,26.75,0,0.0,4,0,1.0,1.0
강원,2021-05-15,22.12142857142857,0,0.0,5,0,0.0,1.0
강원,2021-05-16,18.692857142857143,0,3.0,6,1,0.0,0.0
강원,2021-05-17,14.87142857142857,0,1.0,0,1,1.0,0.0
강원,2021-05-18,22.857142857142858,0,0.0,1,0,1.0,1.0
강원,2021-05-19,27.457142857142856,0,0.0,2,0,0.0,1.0
강원,2021-05-20,21.142857142857142,0,0.0,3,0,0.0,0.0
강원,2021-05-21,16.742857142857144,0,0.0,4,0,0.0,0.0
강원,2021-05-22,26.392857142857142,0,1.0,5,1,0.0,0.0
강원,2021-05-23,26.67142857142857,0,0.0,6,0,1.0,0.0
강원,2021-05-24,24.321428571428573,0,0.0,0,0,0.0,1.0
강원,2021-05-25,17.95714285714286,0,0.0,1,0,0.0,0.0
강원,2021-05-26,23.585714285714285,0,1.0,2,1,0.0,0.0
강원,2021-05-27,18.392857142857142,0,0.0,3,0,1.0,0.0
강원,2021-05-28,18.321428571428573,0,0.0,4,0,0.0,1.0
강원,2021-05-29,20.12142857142857,0,1.0,5,1,0.0,0.0
강원,2021-05-30,24.107142857142858,0,2.0,6,1,1.0,0.0
강원,2021-05-31,21.271428571428572,0,0.0,0,0,1.0,1.0
강원,2021-06-01,23.307142857142857,0,1.0,1,1,0.0,1.0
강원,2021-06-02,27.214285714285715,0,0.0,2,0,1.0,0.0
강원,2021-06-03,21.900000000000002,0,0.0,3,0,0.0,1.0
강원,2021-06-04,24.50714285714286,0,0.0,4,0,0.0,0.0
강원,2021-06-05,25.592857142857145,0,0.0,5,0,0.0,0.0
강원,2021-06-06,27.192857142857143,0,0.0,6,0,0.0,0.0
강원,2021-06-07,26.407142857142855,0,1.0,0,1,0.0,0.0
강원,2021-06-08,26.321428571428573,1,0.0,1,0,1.0,0.0
강원,2021-06-09,28.714285714285715,1,1.0,2,1,0.0,1.0
강원,2021-06-10,27.37142857142857,0,0.0,3,0,1.0,0.0
강원,2021-06-11,25.678571428571427,0,0.0,4,0,0.0,1.0
강원,2021-06-12,28.900000000000002,2,2.0,5,1,0.0,0.0
강원,2021-06-13,28.792857142857144,0,1.0,6,1,1.0,0.0
강원,2021-06-14,27.521428571428572,0,0.0,0,0,1.0,1.0
강원,2021-06-15,22.77857142857143,0,0.0,1,0,0.0,1.0
강원,2021-06-16,22.771428571428572,0,3.0,2,1,0.0,0.0
강원,2021-06-17,22.392857142857142,0,4.0,3,1,1.0,0.0
강원,2021-06-18,24.507142857142856,0,1.0,4,1,1.0,1.0
강원,2021-06-19,26.792857142857144,0,2.0,5,1,1.0,1.0
강원,2021-06-20,28.535714285714285,0,0.0,6,0,1.0,1.0
강원,2021-06-21,25.428571428571427,0,0.0,0,0,0.0,1.0
강원,2021-06-22,22.985714285714288,0,2.0,1,1,0.0,0.0
강원,2021-06-23,23.25,0,4.0,2,1,1.0,0.0
강원,2021-06-24,26.607142857142858,0,3.0,3,1,1.0,1.0
강원,2021-06-25,27.7,1,0.0,4,0,1.0,1.0
강원,2021-06-26,22.985714285714288,0,3.0,5,1,0.0,1.0
강원,2021-06-27,26.807142857142857,0,3.0,6,1,1.0,0.0
강원,2021-06-28,25.907142857142855,1,2.0,0,1,1.0,1.0
강원,2021-06-29,27.335714285714285,0,1.0,1,1,1.0,1.0
강원,2021-06-30,25.985714285714288,0,2.0,2,1,1.0,1.0
강원,2021-07-01,29.2,1,2.0,3,1,1.0,1.0
강원,2021-07-02,26.964285714285715,0,3.0,4,1,1.0,1.0
강원,2021-07-03,23.607142857142858,0,0.0,5,0,1.0,1.0
강원,2021-07-04,23.12142857142857,0,1.0,6,1,0.0,1.0
강원,2021-07-05,27.214285714285715,0,0.0,0,0,1.0,0.0
강원,2021-07-06,28.52857142857143,2,2.0,1,1,0.0,1.0
강원,2021-07-07,28.2,0,2.0,2,1,1.0,0.0
강원,2021-07-08,29.22142857142857,0,3.0,3,1,1.0,1.0
강원,2021-07-09,28.321428571428573,0,2.0,4,1,1.0,1.0
강원,2021-07-10,28.107142857142858,0,1.0,5,1,1.0,1.0
강원,2021-07-11,29.07857142857143,0,3.0,6,1,1.0,1.0
강원,2021-07-12,31.385714285714283,0,5.0,0,1,1.0,1.0
강원,2021-07-13,31.87857142857143,1,4.0,1,1,1.0,1.0
강원,2021-07-14,32.142857142857146,7,4.0,2,1,1.0,1.0
강원,2021-07-15,31.900000000000002,1,2.0,3,1,1.0,1.0
강원,2021-07-16,32.107142857142854,1,0.0,4,0,1.0,1.0
강원,2021-07-17,29.792857142857144,0,0.0,5,0,0.0,1.0
강원,2021-07-18,31.242857142857144,2,3.0,6,1,0.0,0.0
강원,2021-07-19,30.62142857142857,0,1.0,0,1,1.0,0.0
강원,2021-07-20,31.77857142857143,3,4.0,1,1,1.0,1.0
강원,2021-07-21,32.94285714285714,0,1.0,2,1,1.0,1.0
강원,2021-07-22,32.80714285714286,1,0.0,3,0,1.0,1.0
강원,2021-07-23,33.292857142857144,4,1.0,4,1,0.0,1.0
강원,2021-07-24,33.44285714285714,1,1.0,5,1,1.0,0.0
강원,2021-07-25,33.142857142857146,2,3.0,6,1,1.0,1.0
강원,2021-07-26,32.871428571428574,2,0.0,0,0,1.0,1.0
강원,2021-07-27,33.23571428571429,1,6.0,1,1,0.0,1.0
강원,2021-07-28,32.864285714285714,2,1.0,2,1,1.0,0.0
강원,2021-07-29,32.75714285714286,1,3.0,3,1,1.0,1.0
강원,2021-07-30,33.535714285714285,1,0.0,4,0,1.0,1.0
강원,2021-07-31,33.48571428571429,3,1.0,5,1,0.0,1.0
강원,2021-08-01,31.735714285714288,0,1.0,6,1,1.0,0.0
강원,2021-08-02,29.914285714285715,1,2.0,0,1,1.0,1.0
강원,2021-08-03,31.607142857142858,2,1.0,1,1,1.0,1.0
강원,2021-08-04,32.714285714285715,1,0.0,2,0,1.0,1.0
강원,2021-08-05,33.41428571428572,2,1.0,3,1,0.0,1.0
강원,2021-08-06,32.871428571428574,2,1.0,4,1,1.0,0.0
강원,2021-08-07,31.178571428571427,0,2.0,5,1,1.0,1.0
강원,2021-08-08,28.75714285714286,0,2.0,6,1,1.0,1.0
강원,2021-08-09,28.150000000000002,1,0.0,0,0,1.0,1.0
강원,2021-08-10,28.335714285714285,0,2.0,1,1,0.0,1.0
강원,2021-08-11,29.614285714285717,0,1.0,2,1,1.0,0.0
강원,2021-08-12,28.957142857142856,0,0.0,3,0,1.0,1.0
강원,2021-08-13,27.542857142857144,0,1.0,4,1,0.0,1.0
강원,2021-08-14,25.22142857142857,0,1.0,5,1,1.0,0.0
강원,2021-08-15,27.099999999999998,0,0.0,6,0,1.0,1.0
강원,2021-08-16,27.5,0,0.0,0,0,0.0,1.0
강원,2021-08-17,25.485714285714288,0,1.0,1,1,0.0,0.0
강원,2021-08-18,25.7,0,0.0,2,0,1.0,0.0
강원,2021-08-19,26.42142857142857,1,1.0,3,1,0.0,1.0
강원,2021-08-20,28.62857142857143,0,1.0,4,1,1.0,0.0
강원,2021-08-21,25.835714285714285,0,1.0,5,1,1.0,1.0
강원,2021-08-22,27.164285714285715,0,0.0,6,0,1.0,1.0
강원,2021-08-23,24.014285714285712,0,2.0,0,1,0.0,1.0
강원,2021-08-24,24.400000000000002,0,0.0,1,0,1.0,0.0
강원,2021-08-25,24.8,0,0.0,2,0,0.0,1.0
강원,2021-08-26,27.271428571428572,0,1.0,3,1,0.0,0.0
강원,2021-08-27,24.45,0,0.0,4,0,1.0,0.0
강원,2021-08-28,28.135714285714283,0,0.0,5,0,0.0,1.0
강원,2021-08-29,26.49285714285714,1,0.0,6,0,0.0,0.0
강원,2021-08-30,27.342857142857145,0,0.0,0,0,0.0,0.0
강원,2021-08-31,23.135714285714283,0,0.0,1,0,0.0,0.0
강원,2021-09-01,21.685714285714287,0,5.0,2,1,0.0,0.0
강원,2021-09-02,24.985714285714288,0,0.0,3,0,1.0,0.0
강원,2021-09-03,25.95714285714286,0,0.0,4,0,0.0,1.0
강원,2021-09-04,25.207142857142856,0,0.0,5,0,0.0,0.0
강원,2021-09-05,25.135714285714283,0,0.0,6,0,0.0,0.0
강원,2021-09-06,24.74285714285714,0,1.0,0,1,0.0,0.0
강원,2021-09-07,20.464285714285715,0,2.0,1,1,1.0,0.0
강원,2021-09-08,25.535714285714285,1,1.0,2,1,1.0,1.0
강원,2021-09-09,27.292857142857144,0,1.0,3,1,1.0,1.0
강원,2021-09-10,26.92142857142857,0,0.0,4,0,1.0,1.0
강원,2021-09-11,28.042857142857144,1,0.0,5,0,0.0,1.0
강원,2021-09-12,27.74285714285714,0,0.0,6,0,0.0,0.0
강원,2021-09-13,26.99285714285714,0,1.0,0,1,0.0,0.0
강원,2021-09-14,25.892857142857142,0,0.0,1,0,1.0,0.0
강원,2021-09-15,24.821428571428573,0,1.0,2,1,0.0,1.0
강원,2021-09-16,25.5,0,0.0,3,0,1.0,0.0
강원,2021-09-17,22.585714285714285,0,0.0,4,0,0.0,1.0
강원,2021-09-18,26.071428571428573,0,0.0,5,0,0.0,0.0
강원,2021-09-19,24.835714285714285,0,0.0,6,0,0.0,0.0
강원,2021-09-20,26.428571428571427,0,1.0,0,1,0.0,0.0
강원,2021-09-21,25.37142857142857,0,1.0,1,1,1.0,0.0
강원,2021-09-22,24.557142857142857,0,3.0,2,1,1.0,1.0
강원,2021-09-23,23.164285714285715,0,2.0,3,1,1.0,1.0
강원,2021-09-24,24.135714285714283,0,0.0,4,0,1.0,1.0
강원,2021-09-25,21.25714285714286,0,1.0,5,1,0.0,1.0
강원,2021-09-26,24.442857142857143,0,0.0,6,0,1.0,0.0
강원,2021-09-27,23.17142857142857,0,0.0,0,0,0.0,1.0
강원,2021-09-28,23.72142857142857,0,1.0,1,1,0.0,0.0
강원,2021-09-29,21.478571428571428,0,0.0,2,0,1.0,0.0
강원,2021-09-30,25.400000000000002,0,1.0,3,1,0.0,1.0
강원,2022-05-01,18.2,0,2.0,6,1,1.0,0.0
강원,2022-05-02,16.357142857142858,0,0.0,0,0,1.0,1.0
강원,2022-05-03,21.45,0,0.0,1,0,0.0,1.0
강원,2022-05-04,26.042857142857144,0,0.0,2,0,0.0,0.0
강원,2022-05-05,25.49285714285714,0,0.0,3,0,0.0,0.0
강원,2022-05-06,25.228571428571428,0,0.0,4,0,0.0,0.0
강원,2022-05-07,21.107142857142858,0,1.0,5,1,0.0,0.0
강원,2022-05-08,15.964285714285714,0,0.0,6,0,1.0,0.0
강원,2022-05-09,22.27857142857143,0,0.0,0,0,0.0,1.0
강원,2022-05-10,23.27857142857143,0,0.0,1,0,0.0,0.0
강원,2022-05-11,23.607142857142858,0,0.0,2,0,0.0,0.0
강원,2022-05-12,23.24285714285714,0,0.0,3,0,0.0,0.0
강원,2022-05-13,18.82857142857143,0,2.0,4,1,0.0,0.0
강원,2022-05-14,20.2,0,0.0,5,0,1.0,0.0
강원,2022-05-15,20.321428571428573,0,0.0,6,0,0.0,1.0
강원,2022-05-16,23.47142857142857,0,1.0,0,1,0.0,0.0
강원,2022-05-17,25.22142857142857,0,0.0,1,0,1.0,0.0
강원,2022-05-18,25.707142857142856,0,0.0,2,0,0.0,1.0
강원,2022-05-19,24.485714285714288,0,0.0,3,0,0.0,0.0
강원,2022-05-20,26.485714285714288,1,0.0,4,0,0.0,0.0
강원,2022-05-21,26.942857142857143,0,1.0,5,1,0.0,0.0
강원,2022-05-22,25.32857142857143,0,0.0,6,0,1.0,0.0
강원,2022-05-23,28.150000000000002,0,0.0,0,0,0.0,1.0
강원,2022-05-24,30.521428571428572,0,2.0,1,1,0.0,0.0
강원,2022-05-25,28.0,1,2.0,2,1,1.0,0.0
강원,2022-05-26,23.314285714285713,0,0.0,3,0,1.0,1.0
강원,2022-05-27,23.178571428571427,0,1.0,4,1,0.0,1.0
강원,2022-05-28,30.157142857142855,1,0.0,5,0,1.0,0.0
강원,2022-05-29,28.914285714285715,0,0.0,6,0,0.0,1.0
강원,2022-05-30,23.27857142857143,0,0.0,0,0,0.0,0.0
강원,2022-05-31,26.25,0,1.0,1,1,0.0,0.0
강원,2022-06-01,28.335714285714285,1,0.0,2,0,1.0,0.0
강원,2022-06-02,28.478571428571428,0,0.0,3,0,0.0,1.0
강원,2022-06-03,26.964285714285715,0,0.0,4,0,0.0,0.0
강원,2022-06-04,26.62857142857143,0,1.0,5,1,0.0,0.0
강원,2022-06-05,22.37857142857143,0,1.0,6,1,1.0,0.0
강원,2022-06-06,18.692857142857143,0,0.0,0,0,1.0,1.0
강원,2022-06-07,19.17142857142857,0,0.0,1,0,0.0,1.0
강원,2022-06-08,21.807142857142857,0,0.0,2,0,0.0,0.0
강원,2022-06-09,22.307142857142857,0,1.0,3,1,0.0,0.0
강원,2022-06-10,25.464285714285715,0,0.0,4,0,1.0,0.0
강원,2022-06-11,24.87142857142857,0,0.0,5,0,0.0,1.0
강원,2022-06-12,25.87142857142857,0,0.0,6,0,0.0,0.0
강원,2022-06-13,24.285714285714285,0,2.0,0,1,0.0,0.0
강원,2022-06-14,20.57857142857143,0,0.0,1,0,1.0,0.0
강원,2022-06-15,18.164285714285715,0,0.0,2,0,0.0,1.0
강원,2022-06-16,23.0,0,1.0,3,1,0.0,0.0
강원,2022-06-17,28.814285714285713,1,0.0,4,0,1.0,0.0
강원,2022-06-18,27.942857142857143,0,0.0,5,0,0.0,1.0
강원,2022-06-19,28.542857142857144,0,0.0,6,0,0.0,0.0
강원,2022-06-20,30.428571428571427,2,0.0,0,0,0.0,0.0
강원,2022-06-21,31.349999999999998,1,2.0,1,1,0.0,0.0
강원,2022-06-22,31.4,0,0.0,2,0,1.0,0.0
강원,2022-06-23,27.57857142857143,0,1.0,3,1,0.0,1.0
강원,2022-06-24,28.092857142857145,0,0.0,4,0,1.0,0.0
강원,2022-06-25,31.964285714285715,0,1.0,5,1,0.0,1.0
강원,2022-06-26,29.12857142857143,0,3.0,6,1,1.0,0.0
강원,2022-06-27,28.928571428571427,0,1.0,0,1,1.0,1.0
강원,2022-06-28,29.55,0,1.0,1,1,1.0,1.0
강원,2022-06-29,28.407142857142855,0,0.0,2,0,1.0,1.0
강원,2022-06-30,25.75714285714286,1,2.0,3,1,0.0,1.0
강원,2022-07-01,31.585714285714285,0,0.0,4,0,1.0,0.0
강원,2022-07-02,32.48571428571429,11,0.0,5,0,0.0,1.0
강원,2022-07-03,33.121428571428574,6,0.0,6,0,0.0,0.0
강원,2022-07-04,32.06428571428571,4,1.0,0,1,0.0,0.0
강원,2022-07-05,31.785714285714285,2,0.0,1,0,1.0,0.0
강원,2022-07-06,30.25,1,0.0,2,0,0.0,1.0
강원,2022-07-07,31.157142857142855,0,0.0,3,0,0.0,0.0
강원,2022-07-08,29.707142857142856,1,2.0,4,1,0.0,0.0
강원,2022-07-09,30.271428571428572,0,0.0,5,0,1.0,0.0
강원,2022-07-10,30.599999999999998,0,0.0,6,0,0.0,1.0
강원,2022-07-11,28.021428571428572,0,1.0,0,1,0.0,0.0
강원,2022-07-12,27.67142857142857,0,0.0,1,0,1.0,0.0
강원,2022-07-13,24.0,0,0.0,2,0,0.0,1.0
강원,2022-07-14,27.485714285714288,0,0.0,3,0,0.0,0.0
강원,2022-07-15,29.364285714285717,0,2.0,4,1,0.0,0.0
강원,2022-07-16,27.664285714285715,0,0.0,5,0,1.0,0.0
강원,2022-07-17,27.25,0,0.0,6,0,0.0,1.0
강원,2022-07-18,28.957142857142856,0,0.0,0,0,0.0,0.0
강원,2022-07-19,30.00714285714286,0,0.0,1,0,0.0,0.0
강원,2022-07-20,30.271428571428572,0,0.0,2,0,0.0,0.0
강원,2022-07-21,23.792857142857144,0,0.0,3,0,0.0,0.0
강원,2022-07-22,26.49285714285714,0,1.0,4,1,0.0,0.0
강원,2022-07-23,27.2,0,1.0,5,1,1.0,0.0
강원,2022-07-24,28.114285714285717,0,0.0,6,0,1.0,1.0
강원,2022-07-25,30.164285714285715,1,0.0,0,0,0.0,1.0
강원,2022-07-26,30.52857142857143,3,2.0,1,1,0.0,0.0
강원,2022-07-27,30.135714285714283,1,0.0,2,0,1.0,0.0
강원,2022-07-28,30.12857142857143,0,2.0,3,1,0.0,1.0
강원,2022-07-29,32.25,2,0.0,4,0,1.0,0.0
강원,2022-07-30,31.49285714285714,0,0.0,5,0,0.0,1.0
강원,2022-07-31,27.228571428571428,0,0.0,6,0,0.0,0.0
강원,2022-08-01,29.87142857142857,1,1.0,0,1,0.0,0.0
강원,2022-08-02,29.37857142857143,0,1.0,1,1,1.0,0.0
강원,2022-08-03,29.714285714285715,0,1.0,2,1,1.0,1.0
강원,2022-08-04,32.292857142857144,1,1.0,3,1,1.0,1.0
강원,2022-08-05,32.23571428571429,1,0.0,4,0,1.0,1.0
강원,2022-08-06,32.699999999999996,6,1.0,5,1,0.0,1.0
강원,2022-08-07,32.1,4,1.0,6,1,1.0,0.0
강원,2022-08-08,28.607142857142858,0,1.0,0,1,1.0,1.0
강원,2022-08-09,27.214285714285715,0,1.0,1,1,1.0,1.0
강원,2022-08-10,26.978571428571428,0,1.0,2,1,1.0,1.0
강원,2022-08-11,26.514285714285712,1,0.0,3,0,1.0,1.0
강원,2022-08-12,31.014285714285712,1,0.0,4,0,0.0,1.0
강원,2022-08-13,26.335714285714285,0,3.0,5,1,0.0,0.0
강원,2022-08-14,29.407142857142855,0,3.0,6,1,1.0,0.0
강원,2022-08-15,29.664285714285715,0,0.0,0,0,1.0,1.0
강원,2022-08-16,30.349999999999998,0,0.0,1,0,0.0,1.0
강원,2022-08-17,28.192857142857143,0,0.0,2,0,0.0,0.0
강원,2022-08-18,28.557142857142857,0,1.0,3,1,0.0,0.0
강원,2022-08-19,26.764285714285712,0,0.0,4,0,1.0,0.0
강원,2022-08-20,29.835714285714285,2,0.0,5,0,0.0,1.0
강원,2022-08-21,30.178571428571427,1,0.0,6,0,0.0,0.0
강원,2022-08-22,29.414285714285715,1,0.0,0,0,0.0,0.0
강원,2022-08-23,27.478571428571428,0,0.0,1,0,0.0,0.0
강원,2022-08-24,25.05,0,0.0,2,0,0.0,0.0
강원,2022-08-25,24.22142857142857,0,1.0,3,1,0.0,0.0
강원,2022-08-26,27.814285714285713,0,1.0,4,1,1.0,0.0
강원,2022-08-27,25.085714285714285,0,2.0,5,1,1.0,1.0
강원,2022-08-28,26.164285714285715,0,0.0,6,0,1.0,1.0
강원,2022-08-29,21.17142857142857,0,2.0,0,1,0.0,1.0
강원,2022-08-30,19.164285714285715,0,0.0,1,0,1.0,0.0
강원,2022-08-31,22.564285714285713,0,0.0,2,0,0.0,1.0
강원,2022-09-01,27.207142857142856,0,0.0,3,0,0.0,0.0
강원,2022-09-02,26.478571428571428,0,1.0,4,1,0.0,0.0
강원,2022-09-03,25.57857142857143,0,0.0,5,0,1.0,0.0
강원,2022-09-04,24.085714285714285,0,0.0,6,0,0.0,1.0
강원,2022-09-05,23.521428571428572,0,0.0,0,0,0.0,0.0
강원,2022-09-06,24.964285714285715,0,0.0,1,0,0.0,0.0
강원,2022-09-07,26.95,0,0.0,2,0,0.0,0.0
강원,2022-09-08,27.014285714285712,0,0.0,3,0,0.0,0.0
강원,2022-09-09,27.24285714285714,0,0.0,4,0,0.0,0.0
강원,2022-09-10,25.635714285714283,0,0.0,5,0,0.0,0.0
강원,2022-09-11,25.042857142857144,0,0.0,6,0,0.0,0.0
강원,2022-09-12,26.24285714285714,0,0.0,0,0,0.0,0.0
강원,2022-09-13,25.521428571428572,0,0.0,1,0,0.0,0.0
강원,2022-09-14,25.92142857142857,0,0.0,2,0,0.0,0.0
강원,2022-09-15,26.728571428571428,0,0.0,3,0,0.0,0.0
강원,2022-09-16,28.571428571428573,0,0.0,4,0,0.0,0.0
강원,2022-09-17,29.542857142857144,1,0.0,5,0,0.0,0.0
강원,2022-09-18,27.057142857142857,0,1.0,6,1,0.0,0.0
강원,2022-09-19,23.914285714285715,0,2.0,0,1,1.0,0.0
강원,2022-09-20,20.521428571428572,0,0.0,1,0,1.0,1.0
강원,2022-09-21,22.52857142857143,0,0.0,2,0,0.0,1.0
강원,2022-09-22,22.907142857142855,0,0.0,3,0,0.0,0.0
강원,2022-09-23,23.92142857142857,0,1.0,4,1,0.0,0.0
강원,2022-09-24,23.271428571428572,1,0.0,5,0,1.0,0.0
강원,2022-09-25,22.75714285714286,0,0.0,6,0,0.0,1.0
강원,2022-09-26,24.414285714285715,0,0.0,0,0,0.0,0.0
강원,2022-09-27,25.435714285714287,0,0.0,1,0,0.0,0.0
강원,2022-09-28,23.835714285714285,0,0.0,2,0,0.0,0.0
강원,2022-09-29,25.892857142857142,0,0.0,3,0,0.0,0.0
강원,2022-09-30,26.74285714285714,0,0.0,4,0,0.0,0.0
강원,2023-05-01,18.99285714285714,0,0.0,0,0,0.0,0.0
강원,2023-05-02,23.12142857142857,0,0.0,1,0,0.0,0.0
강원,2023-05-03,25.342857142857145,0,0.0,2,0,0.0,0.0
강원,2023-05-04,25.292857142857144,0,0.0,3,0,0.0,0.0
강원,2023-05-05,19.571428571428573,0,0.0,4,0,0.0,0.0
강원,2023-05-06,12.442857142857141,0,0.0,5,0,0.0,0.0
강원,2023-05-07,14.471428571428572,0,0.0,6,0,0.0,0.0
강원,2023-05-08,21.50714285714286,0,0.0,0,0,0.0,0.0
강원,2023-05-09,25.857142857142858,0,0.0,1,0,0.0,0.0
강원,2023-05-10,24.292857142857144,0,0.0,2,0,0.0,0.0
강원,2023-05-11,23.478571428571428,0,0.0,3,0,0.0,0.0
강원,2023-05-12,23.12857142857143,0,0.0,4,0,0.0,0.0
강원,2023-05-13,22.542857142857144,0,0.0,5,0,0.0,0.0
강원,2023-05-14,22.142857142857142,0,0.0,6,0,0.0,0.0
강원,2023-05-15,26.400000000000002,0,3.0,0,1,0.0,0.0
강원,2023-05-16,31.485714285714288,0,0.0,1,0,1.0,0.0
강원,2023-05-17,30.271428571428572,0,0.0,2,0,0.0,1.0
강원,2023-05-18,24.67142857142857,0,0.0,3,0,0.0,0.0
강원,2023-05-19,21.400000000000002,0,1.0,4,1,0.0,0.0
강원,2023-05-20,26.357142857142858,0,0.0,5,0,1.0,0.0
강원,2023-05-21,23.92142857142857,2,0.0,6,0,0.0,1.0
강원,2023-05-22,22.62142857142857,0,1.0,0,1,0.0,0.0
강원,2023-05-23,23.92142857142857,0,0.0,1,0,1.0,0.0
강원,2023-05-24,25.642857142857142,0,1.0,2,1,0.0,1.0
강원,2023-05-25,25.935714285714287,0,0.0,3,0,1.0,0.0
강원,2023-05-26,25.37857142857143,1,0.0,4,0,0.0,1.0
강원,2023-05-27,22.035714285714285,0,1.0,5,1,0.0,0.0
강원,2023-05-28,19.542857142857144,0,2.0,6,1,1.0,0.0
강원,2023-05-29,24.764285714285712,1,0.0,0,0,1.0,1.0
강원,2023-05-30,23.857142857142858,0,0.0,1,0,0.0,1.0
강원,2023-05-31,25.657142857142855,0,1.0,2,1,0.0,0.0
강원,2023-06-01,26.385714285714283,0,1.0,3,1,1.0,0.0
강원,2023-06-02,26.05,0,2.0,4,1,1.0,1.0
강원,2023-06-03,27.685714285714287,0,0.0,5,0,1.0,1.0
강원,2023-06-04,27.928571428571427,0,1.0,6,1,0.0,1.0
강원,2023-06-05,27.657142857142855,0,0.0,0,0,1.0,0.0
강원,2023-06-06,26.464285714285715,0,0.0,1,0,0.0,1.0
강원,2023-06-07,26.5,0,0.0,2,0,0.0,0.0
강원,2023-06-08,27.428571428571427,0,3.0,3,1,0.0,0.0
강원,2023-06-09,26.150000000000002,0,0.0,4,0,1.0,0.0
강원,2023-06-10,26.55,1,1.0,5,1,0.0,1.0
강원,2023-06-11,26.021428571428572,0,2.0,6,1,1.0,0.0
강원,2023-06-12,25.342857142857145,0,1.0,0,1,1.0,1.0
강원,2023-06-13,25.99285714285714,0,3.0,1,1,1.0,1.0
강원,2023-06-14,25.32857142857143,0,1.0,2,1,1.0,1.0
강원,2023-06-15,25.264285714285712,1,1.0,3,1,1.0,1.0
강원,2023-06-16,29.735714285714288,1,2.0,4,1,1.0,1.0
강원,2023-06-17,32.035714285714285,1,1.0,5,1,1.0,1.0
강원,2023-06-18,31.17142857142857,0,2.0,6,1,1.0,1.0
강원,2023-06-19,29.87857142857143,0,1.0,0,1,1.0,1.0
강원,2023-06-20,24.935714285714287,0,2.0,1,1,1.0,1.0
강원,2023-06-21,21.385714285714283,0,0.0,2,0,1.0,1.0
강원,2023-06-22,25.021428571428572,0,1.0,3,1,0.0,1.0
강원,2023-06-23,26.82857142857143,0,0.0,4,0,1.0,0.0
강원,2023-06-24,28.95,0,0.0,5,0,0.0,1.0
강원,2023-06-25,30.5,1,1.0,6,1,0.0,0.0
강원,2023-06-26,23.92142857142857,0,0.0,0,0,1.0,0.0
강원,2023-06-27,28.892857142857142,0,1.0,1,1,0.0,1.0
강원,2023-06-28,30.53076923076923,1,1.0,2,1,1.0,0.0
강원,2023-06-29,26.06153846153846,0,0.0,3,0,1.0,1.0
강원,2023-06-30,26.515384615384615,0,0.0,4,0,0.0,1.0
강원,2023-07-01,31.49285714285714,3,2.0,5,1,0.0,0.0
강원,2023-07-02,31.45,0,0.0,6,0,1.0,0.0
강원,2023-07-03,30.623076923076926,6,4.0,0,1,0.0,1.0
강원,2023-07-04,29.614285714285717,1,1.0,1,1,1.0,0.0
강원,2023-07-05,29.307142857142857,2,1.0,2,1,1.0,1.0
강원,2023-07-06,31.692857142857143,0,1.0,3,1,1.0,1.0
강원,2023-07-07,29.514285714285712,0,1.0,4,1,1.0,1.0
강원,2023-07-08,28.464285714285715,0,1.0,5,1,1.0,1.0
강원,2023-07-09,27.571428571428573,0,3.0,6,1,1.0,1.0
강원,2023-07-10,30.914285714285715,0,3.0,0,1,1.0,1.0
강원,2023-07-11,27.55,0,4.0,1,1,1.0,1.0
강원,2023-07-12,29.12142857142857,0,1.0,2,1,1.0,1.0
강원,2023-07-13,26.2,0,0.0,3,0,1.0,1.0
강원,2023-07-14,27.035714285714285,0,1.0,4,1,0.0,1.0
강원,2023-07-15,25.74285714285714,0,0.0,5,0,1.0,0.0
강원,2023-07-16,27.24285714285714,0,1.0,6,1,0.0,1.0
강원,2023-07-17,28.478571428571428,0,1.0,0,1,1.0,0.0
강원,2023-07-18,25.50714285714286,0,2.0,1,1,1.0,1.0
강원,2023-07-19,30.042857142857144,1,0.0,2,0,1.0,1.0
강원,2023-07-20,30.485714285714288,6,0.0,3,0,0.0,1.0
강원,2023-07-21,31.32857142857143,2,0.0,4,0,0.0,0.0
강원,2023-07-22,31.157142857142855,3,0.0,5,0,0.0,0.0
강원,2023-07-23,27.192857142857143,0,2.0,6,1,0.0,0.0
강원,2023-07-24,30.25714285714286,0,1.0,0,1,1.0,0.0
강원,2023-07-25,31.164285714285715,2,0.0,1,0,1.0,1.0
강원,2023-07-26,31.414285714285715,2,0.0,2,0,0.0,1.0
강원,2023-07-27,32.364285714285714,2,1.0,3,1,0.0,0.0
강원,2023-07-28,33.542857142857144,6,1.0,4,1,1.0,0.0
강원,2023-07-29,33.65714285714286,7,2.0,5,1,1.0,1.0
강원,2023-07-30,33.8,2,2.0,6,1,1.0,1.0
강원,2023-07-31,32.73571428571428,4,0.0,0,0,1.0,1.0
강원,2023-08-01,33.16428571428572,4,1.0,1,1,0.0,1.0
강원,2023-08-02,33.628571428571426,6,1.0,2,1,1.0,0.0
강원,2023-08-03,33.77857142857143,3,0.0,3,0,1.0,1.0
강원,2023-08-04,34.042857142857144,6,1.0,4,1,0.0,1.0
강원,2023-08-05,34.75,5,1.0,5,1,1.0,0.0
강원,2023-08-06,32.785714285714285,3,1.0,6,1,1.0,1.0
강원,2023-08-07,30.042857142857144,1,1.0,0,1,1.0,1.0
강원,2023-08-08,29.042857142857144,0,1.0,1,1,1.0,1.0
강원,2023-08-09,26.2,0,1.0,2,1,1.0,1.0
강원,2023-08-10,23.192857142857143,0,1.0,3,1,1.0,1.0
강원,2023-08-11,28.485714285714288,0,0.0,4,0,1.0,1.0
강원,2023-08-12,26.92142857142857,1,0.0,5,0,0.0,1.0
강원,2023-08-13,28.614285714285717,1,0.0,6,0,0.0,0.0
강원,2023-08-14,30.571428571428573,4,3.0,0,1,0.0,0.0
강원,2023-08-15,28.335714285714285,2,1.0,1,1,1.0,0.0
강원,2023-08-16,29.785714285714285,0,1.0,2,1,1.0,1.0
강원,2023-08-17,30.085714285714285,1,0.0,3,0,1.0,1.0
강원,2023-08-18,31.45,1,0.0,4,0,0.0,1.0
강원,2023-08-19,31.357142857142858,0,0.0,5,0,0.0,0.0
강원,2023-08-20,30.735714285714288,1,0.0,6,0,0.0,0.0
강원,2023-08-21,32.16428571428572,2,0.0,0,0,0.0,0.0
강원,2023-08-22,32.44285714285714,0,1.0,1,1,0.0,0.0
강원,2023-08-23,30.764285714285712,0,1.0,2,1,1.0,0.0
강원,2023-08-24,24.914285714285715,0,0.0,3,0,1.0,1.0
강원,2023-08-25,29.07857142857143,0,1.0,4,1,0.0,1.0
강원,2023-08-26,29.77857142857143,0,0.0,5,0,1.0,0.0
강원,2023-08-27,27.7,0,0.0,6,0,0.0,1.0
강원,2023-08-28,24.114285714285717,0,0.0,0,0,0.0,0.0
강원,2023-08-29,27.514285714285712,0,0.0,1,0,0.0,0.0
강원,2023-08-30,24.599999999999998,0,1.0,2,1,0.0,0.0
강원,2023-08-31,26.964285714285715,0,1.0,3,1,1.0,0.0
강원,2023-09-01,28.75714285714286,1,1.0,4,1,1.0,1.0
강원,2023-09-02,28.385714285714283,0,0.0,5,0,1.0,1.0
강원,2023-09-03,27.342857142857145,0,0.0,6,0,0.0,1.0
강원,2023-09-04,28.557142857142857,0,1.0,0,1,0.0,0.0
강원,2023-09-05,29.164285714285715,0,0.0,1,0,1.0,0.0
강원,2023-09-06,28.728571428571428,0,0.0,2,0,0.0,1.0
강원,2023-09-07,28.22142857142857,0,0.0,3,0,0.0,0.0
강원,2023-09-08,28.00714285714286,0,0.0,4,0,0.0,0.0
강원,2023-09-09,28.75,1,0.0,5,0,0.0,0.0
강원,2023-09-10,28.900000000000002,2,0.0,6,0,0.0,0.0
강원,2023-09-11,28.564285714285713,0,0.0,0,0,0.0,0.0
강원,2023-09-12,29.642857142857142,0,0.0,1,0,0.0,0.0
강원,2023-09-13,22.271428571428572,0,0.0,2,0,0.0,0.0
강원,2023-09-14,23.592857142857145,0,1.0,3,1,0.0,0.0
강원,2023-09-15,22.178571428571427,0,0.0,4,0,1.0,0.0
강원,2023-09-16,25.585714285714285,0,1.0,5,1,0.0,1.0
강원,2023-09-17,26.97142857142857,0,0.0,6,0,1.0,0.0
강원,2023-09-18,28.75,0,0.0,0,0,0.0,1.0
강원,2023-09-19,27.842857142857145,0,0.0,1,0,0.0,0.0
강원,2023-09-20,22.0,0,1.0,2,1,0.0,0.0
강원,2023-09-21,21.52857142857143,0,1.0,3,1,1.0,0.0
강원,2023-09-22,24.24285714285714,0,0.0,4,0,1.0,1.0
강원,2023-09-23,24.62857142857143,0,0.0,5,0,0.0,1.0
강원,2023-09-24,23.45,0,0.0,6,0,0.0,0.0
강원,2023-09-25,24.714285714285715,0,0.0,0,0,0.0,0.0
강원,2023-09-26,20.442857142857143,0,0.0,1,0,0.0,0.0
강원,2023-09-27,21.957142857142856,0,0.0,2,0,0.0,0.0
강원,2023-09-28,26.5,0,2.0,3,1,0.0,0.0
강원,2023-09-29,24.021428571428572,0,1.0,4,1,1.0,0.0
강원,2023-09-30,23.107142857142858,0,1.0,5,1,1.0,1.0
강원,2024-05-01,20.042857142857144,0,0.0,2,0,1.0,1.0
강원,2024-05-02,24.042857142857144,0,0.0,3,0,0.0,1.0
강원,2024-05-03,27.49285714285714,0,1.0,4,1,0.0,0.0
강원,2024-05-04,28.071428571428573,0,0.0,5,0,1.0,0.0
강원,2024-05-05,19.400000000000002,0,1.0,6,1,0.0,1.0
강원,2024-05-06,19.25,0,0.0,0,0,1.0,0.0
강원,2024-05-07,14.592857142857143,0,1.0,1,1,0.0,1.0
강원,2024-05-08,18.771428571428572,0,0.0,2,0,1.0,0.0
강원,2024-05-09,23.092857142857145,0,0.0,3,0,0.0,1.0
강원,2024-05-10,26.014285714285712,0,0.0,4,0,0.0,0.0
강원,2024-05-11,23.72142857142857,0,0.0,5,0,0.0,0.0
강원,2024-05-12,22.22142857142857,0,1.0,6,1,0.0,0.0
강원,2024-05-13,23.864285714285717,0,0.0,0,0,1.0,0.0
강원,2024-05-14,26.192857142857143,0,0.0,1,0,0.0,1.0
강원,2024-05-15,22.107142857142858,0,1.0,2,1,0.0,0.0
강원,2024-05-16,18.357142857142858,0,3.0,3,1,1.0,0.0
강원,2024-05-17,24.935714285714287,0,0.0,4,0,1.0,1.0
강원,2024-05-18,27.807142857142857,0,1.0,5,1,0.0,1.0
강원,2024-05-19,27.77857142857143,0,1.0,6,1,1.0,0.0
강원,2024-05-20,21.092857142857145,0,0.0,0,0,1.0,1.0
강원,2024-05-21,24.25714285714286,0,0.0,1,0,0.0,1.0
강원,2024-05-22,26.92142857142857,0,1.0,2,1,0.0,0.0
강원,2024-05-23,29.478571428571428,1,0.0,3,0,1.0,0.0
강원,2024-05-24,21.74285714285714,0,0.0,4,0,0.0,1.0
강원,2024-05-25,23.185714285714287,1,1.0,5,1,0.0,0.0
강원,2024-05-26,25.021428571428572,0,1.0,6,1,1.0,0.0
강원,2024-05-27,23.014285714285712,0,0.0,0,0,1.0,1.0
강원,2024-05-28,21.685714285714287,0,0.0,1,0,0.0,1.0
강원,2024-05-29,27.564285714285713,1,1.0,2,1,0.0,0.0
강원,2024-05-30,24.185714285714287,0,0.0,3,0,1.0,0.0
강원,2024-05-31,25.75,0,0.0,4,0,0.0,1.0
강원,2024-06-01,22.571428571428573,0,0.0,5,0,0.0,0.0
강원,2024-06-02,21.885714285714283,0,0.0,6,0,0.0,0.0
강원,2024-06-03,24.0,0,0.0,0,0,0.0,0.0
강원,2024-06-04,26.107142857142858,0,0.0,1,0,0.0,0.0
강원,2024-06-05,27.95,1,2.0,2,1,0.0,0.0
강원,2024-06-06,28.164285714285715,0,1.0,3,1,1.0,0.0
강원,2024-06-07,27.099999999999998,1,0.0,4,0,1.0,1.0
강원,2024-06-08,22.057142857142857,0,1.0,5,1,0.0,1.0
강원,2024-06-09,28.235714285714288,1,0.0,6,0,1.0,0.0
강원,2024-06-10,29.192857142857143,0,1.0,0,1,0.0,1.0
강원,2024-06-11,31.428571428571427,2,0.0,1,0,1.0,0.0
강원,2024-06-12,32.75,3,1.0,2,1,0.0,1.0
강원,2024-06-13,31.657142857142855,2,0.0,3,0,1.0,0.0
강원,2024-06-14,31.092857142857145,0,0.0,4,0,0.0,1.0
강원,2024-06-15,26.857142857142858,0,1.0,5,1,0.0,0.0
강원,2024-06-16,28.228571428571428,0,1.0,6,1,1.0,0.0
강원,2024-06-17,30.42142857142857,0,0.0,0,0,1.0,1.0
강원,2024-06-18,32.33571428571428,2,1.0,1,1,0.0,1.0
강원,2024-06-19,33.92857142857143,3,1.0,2,1,1.0,0.0
강원,2024-06-20,33.67142857142857,1,0.0,3,0,1.0,1.0
강원,2024-06-21,32.042857142857144,1,1.0,4,1,0.0,1.0
강원,2024-06-22,24.228571428571428,0,4.0,5,1,1.0,0.0
강원,2024-06-23,27.442857142857143,0,2.0,6,1,1.0,1.0
강원,2024-06-24,27.857142857142858,1,1.0,0,1,1.0,1.0
강원,2024-06-25,26.457142857142856,1,1.0,1,1,1.0,1.0
강원,2024-06-26,28.928571428571427,0,0.0,2,0,1.0,1.0
강원,2024-06-27,29.892857142857142,0,0.0,3,0,0.0,1.0
강원,2024-06-28,30.72142857142857,2,0.0,4,0,0.0,0.0
강원,2024-06-29,31.650000000000002,1,3.0,5,1,0.0,0.0
강원,2024-06-30,26.42142857142857,0,3.0,6,1,1.0,0.0
강원,2024-07-01,30.25,1,0.0,0,0,1.0,1.0
강원,2024-07-02,22.914285714285715,0,0.0,1,0,0.0,1.0
강원,2024-07-03,27.24285714285714,0,2.0,2,1,0.0,0.0
강원,2024-07-04,30.37857142857143,1,2.0,3,1,1.0,0.0
강원,2024-07-05,28.857142857142858,0,1.0,4,1,1.0,1.0
강원,2024-07-06,30.514285714285712,1,3.0,5,1,1.0,1.0
강원,2024-07-07,28.07857142857143,0,4.0,6,1,1.0,1.0
강원,2024-07-08,25.514285714285712,1,0.0,0,0,1.0,1.0
강원,2024-07-09,26.728571428571428,0,0.0,1,0,0.0,1.0
강원,2024-07-10,28.67142857142857,0,0.0,2,0,0.0,0.0
강원,2024-07-11,30.27857142857143,3,1.0,3,1,0.0,0.0
강원,2024-07-12,29.650000000000002,1,0.0,4,0,1.0,0.0
강원,2024-07-13,30.157142857142855,2,3.0,5,1,0.0,1.0
강원,2024-07-14,26.849999999999998,2,2.0,6,1,1.0,0.0
강원,2024-07-15,27.957142857142856,1,3.0,0,1,1.0,1.0
강원,2024-07-16,29.7,0,1.0,1,1,1.0,1.0
강원,2024-07-17,28.2,0,2.0,2,1,1.0,1.0
강원,2024-07-18,26.3,0,1.0,3,1,1.0,1.0
강원,2024-07-19,31.157142857142855,1,1.0,4,1,1.0,1.0
강원,2024-07-20,29.74285714285714,0,4.0,5,1,1.0,1.0
강원,2024-07-21,30.864285714285717,0,1.0,6,1,1.0,1.0
강원,2024-07-22,30.135714285714283,1,1.0,0,1,1.0,1.0
강원,2024-07-23,29.428571428571427,1,3.0,1,1,1.0,1.0
강원,2024-07-24,31.464285714285715,1,9.0,2,1,1.0,1.0
강원,2024-07-25,32.95,5,1.0,3,1,1.0,1.0
강원,2024-07-26,32.91428571428572,5,2.0,4,1,1.0,1.0
강원,2024-07-27,32.33571428571428,1,2.0,5,1,1.0,1.0
강원,2024-07-28,33.09285714285714,4,0.0,6,0,1.0,1.0
강원,2024-07-29,30.235714285714288,2,2.0,0,1,0.0,1.0
강원,2024-07-30,31.228571428571428,1,2.0,1,1,1.0,0.0
강원,2024-07-31,33.364285714285714,4,0.0,2,0,1.0,1.0
강원,2024-08-01,33.59285714285714,4,0.0,3,0,0.0,1.0
강원,2024-08-02,33.67857142857143,5,2.0,4,1,0.0,0.0
강원,2024-08-03,34.68571428571429,11,0.0,5,0,1.0,0.0
강원,2024-08-04,33.74285714285714,8,1.0,6,1,0.0,1.0
강원,2024-08-05,33.30714285714286,5,6.0,0,1,1.0,0.0
강원,2024-08-06,31.8,4,0.0,1,0,1.0,1.0
강원,2024-08-07,32.6,1,0.0,2,0,0.0,1.0
강원,2024-08-08,30.964285714285715,3,0.0,3,0,0.0,0.0
강원,2024-08-09,32.9,3,0.0,4,0,0.0,0.0
강원,2024-08-10,33.06428571428571,2,0.0,5,0,0.0,0.0
강원,2024-08-11,33.07857142857143,2,1.0,6,1,0.0,0.0
강원,2024-08-12,33.207142857142856,9,0.0,0,0,1.0,0.0
강원,2024-08-13,33.364285714285714,7,2.0,1,1,0.0,1.0
강원,2024-08-14,33.207142857142856,2,0.0,2,0,1.0,0.0
강원,2024-08-15,32.721428571428575,0,1.0,3,1,0.0,1.0
강원,2024-08-16,32.32857142857143,2,0.0,4,0,1.0,0.0
강원,2024-08-17,33.17142857142857,3,4.0,5,1,0.0,1.0
강원,2024-08-18,33.74285714285715,1,1.0,6,1,1.0,0.0
강원,2024-08-19,34.05714285714286,4,1.0,0,1,1.0,1.0
강원,2024-08-20,33.17857142857143,1,0.0,1,0,1.0,1.0
강원,2024-08-21,28.792857142857144,0,4.0,2,1,0.0,1.0
강원,2024-08-22,33.135714285714286,2,3.0,3,1,1.0,0.0
강원,2024-08-23,32.15714285714286,3,0.0,4,0,1.0,1.0
강원,2024-08-24,31.864285714285717,0,1.0,5,1,0.0,1.0
강원,2024-08-25,31.62142857142857,4,0.0,6,0,1.0,0.0
강원,2024-08-26,29.571428571428573,0,2.0,0,1,0.0,1.0
강원,2024-08-27,26.62142857142857,0,1.0,1,1,1.0,0.0
강원,2024-08-28,29.685714285714287,1,0.0,2,0,1.0,1.0
강원,2024-08-29,28.321428571428573,0,0.0,3,0,0.0,1.0
강원,2024-08-30,30.678571428571427,0,0.0,4,0,0.0,0.0
강원,2024-08-31,30.142857142857142,2,0.0,5,0,0.0,0.0
강원,2024-09-01,30.814285714285713,0,0.0,6,0,0.0,0.0
강원,2024-09-02,26.385714285714283,0,0.0,0,0,0.0,0.0
강원,2024-09-03,28.400000000000002,0,1.0,1,1,0.0,0.0
강원,2024-09-04,30.150000000000002,1,0.0,2,0,1.0,0.0
강원,2024-09-05,29.857142857142858,0,0.0,3,0,0.0,1.0
강원,2024-09-06,24.457142857142856,0,1.0,4,1,0.0,0.0
강원,2024-09-07,28.978571428571428,0,1.0,5,1,1.0,0.0
강원,2024-09-08,30.099999999999998,3,1.0,6,1,1.0,1.0
강원,2024-09-09,30.82857142857143,1,0.0,0,0,1.0,1.0
강원,2024-09-10,33.207142857142856,0,0.0,1,0,0.0,1.0
강원,2024-09-11,32.528571428571425,0,0.0,2,0,0.0,0.0
강원,2024-09-12,24.064285714285713,0,0.0,3,0,0.0,0.0
강원,2024-09-13,28.435714285714287,0,1.0,4,1,0.0,0.0
강원,2024-09-14,27.935714285714287,0,0.0,5,0,1.0,0.0
강원,2024-09-15,25.74285714285714,0,0.0,6,0,0.0,1.0
강원,2024-09-16,27.235714285714288,0,0.0,0,0,0.0,0.0
강원,2024-09-17,31.321428571428573,1,0.0,1,0,0.0,0.0
강원,2024-09-18,30.057142857142857,0,2.0,2,1,0.0,0.0
강원,2024-09-19,30.099999999999998,1,0.0,3,0,1.0,0.0
강원,2024-09-20,27.714285714285715,0,0.0,4,0,0.0,1.0
강원,2024-09-21,19.914285714285715,0,1.0,5,1,0.0,0.0
강원,2024-09-22,21.664285714285715,0,0.0,6,0,1.0,0.0
강원,2024-09-23,22.49285714285714,0,0.0,0,0,0.0,1.0
강원,2024-09-24,24.064285714285713,0,0.0,1,0,0.0,0.0
강원,2024-09-25,25.521428571428572,0,0.0,2,0,0.0,0.0
강원,2024-09-26,26.514285714285712,0,1.0,3,1,0.0,0.0
강원,2024-09-27,25.864285714285717,0,0.0,4,0,1.0,0.0
강원,2024-09-28,24.37142857142857,0,0.0,5,0,0.0,1.0
강원,2024-09-29,25.12142857142857,0,0.0,6,0,0.0,0.0
강원,2024-09-30,26.22142857142857,0,1.0,0,1,0.0,0.0
강원,2025-05-01,20.514285714285712,0,3.0,3,1,1.0,0.0
강원,2025-05-02,18.514285714285712,0,0.0,4,0,1.0,1.0
강원,2025-05-03,13.492857142857144,0,0.0,5,0,0.0,1.0
강원,2025-05-04,20.864285714285717,0,0.0,6,0,0.0,0.0
강원,2025-05-05,16.135714285714286,0,0.0,0,0,0.0,0.0
강원,2025-05-06,17.735714285714288,0,1.0,1,1,0.0,0.0
강원,2025-05-07,20.37857142857143,0,0.0,2,0,1.0,0.0
강원,2025-05-08,23.542857142857144,0,1.0,3,1,0.0,1.0
강원,2025-05-09,15.757142857142856,0,1.0,4,1,1.0,0.0
강원,2025-05-10,14.821428571428571,0,0.0,5,0,1.0,1.0
강원,2025-05-11,18.87857142857143,0,0.0,6,0,0.0,1.0
강원,2025-05-12,24.442857142857143,0,1.0,0,1,0.0,0.0
강원,2025-05-13,27.2,0,3.0,1,1,1.0,0.0
강원,2025-05-14,27.3,0,0.0,2,0,1.0,1.0
강원,2025-05-15,24.407142857142855,0,1.0,3,1,0.0,1.0
강원,2025-05-16,24.17142857142857,0,1.0,4,1,1.0,0.0
강원,2025-05-17,25.77857142857143,1,1.0,5,1,1.0,1.0
강원,2025-05-18,21.27857142857143,0,0.0,6,0,1.0,1.0
강원,2025-05-19,23.142857142857142,0,0.0,0,0,0.0,1.0
강원,2025-05-20,27.99285714285714,0,0.0,1,0,0.0,0.0
강원,2025-05-21,29.021428571428572,1,1.0,2,1,0.0,0.0
강원,2025-05-22,22.7,1,0.0,3,0,1.0,0.0
강원,2025-05-23,19.357142857142858,0,0.0,4,0,0.0,1.0
강원,2025-05-24,14.992857142857144,0,1.0,5,1,0.0,0.0
강원,2025-05-25,21.764285714285712,0,1.0,6,1,1.0,0.0
강원,2025-05-26,24.728571428571428,0,0.0,0,0,1.0,1.0
강원,2025-05-27,24.964285714285715,0,0.0,1,0,0.0,1.0
강원,2025-05-28,24.12142857142857,0,3.0,2,1,0.0,0.0
강원,2025-05-29,24.04615384615385,0,3.0,3,1,1.0,0.0
강원,2025-05-30,23.95,0,1.0,4,1,1.0,1.0
강원,2025-05-31,25.5,0,1.0,5,1,1.0,1.0
강원,2025-06-01,26.728571428571428,0,0.0,6,0,1.0,1.0
강원,2025-06-02,21.900000000000002,0,0.0,0,0,0.0,1.0
강원,2025-06-03,25.521428571428572,0,1.0,1,1,0.0,0.0
강원,2025-06-04,25.357142857142858,0,0.0,2,0,1.0,0.0
강원,2025-06-05,27.407692307692308,1,0.0,3,0,0.0,1.0
강원,2025-06-06,30.753846153846155,1,1.0,4,1,0.0,0.0
강원,2025-06-07,28.246153846153845,0,1.0,5,1,1.0,0.0
강원,2025-06-08,28.571428571428573,1,0.0,6,0,1.0,1.0
강원,2025-06-09,29.97142857142857,1,0.0,0,0,0.0,1.0
강원,2025-06-10,28.392857142857142,0,0.0,1,0,0.0,0.0
강원,2025-06-11,29.135714285714283,1,0.0,2,0,0.0,0.0
강원,2025-06-12,29.42142857142857,2,1.0,3,1,0.0,0.0
강원,2025-06-13,28.885714285714283,0,4.0,4,1,1.0,0.0
강원,2025-06-14,29.864285714285717,0,1.0,5,1,1.0,1.0
강원,2025-06-15,28.957142857142856,7,1.0,6,1,1.0,1.0
강원,2025-06-16,27.157142857142855,0,3.0,0,1,1.0,1.0
강원,2025-06-17,29.264285714285712,2,3.0,1,1,1.0,1.0
강원,2025-06-18,30.092857142857145,1,1.0,2,1,1.0,1.0
강원,2025-06-19,33.542857142857144,1,2.0,3,1,1.0,1.0
강원,2025-06-20,26.564285714285713,0,1.0,4,1,1.0,1.0
강원,2025-06-21,25.085714285714285,0,1.0,5,1,1.0,1.0
강원,2025-06-22,29.7,1,1.0,6,1,1.0,1.0
강원,2025-06-23,30.400000000000002,1,3.0,0,1,1.0,1.0
강원,2025-06-24,26.385714285714283,0,1.0,1,1,1.0,1.0
강원,2025-06-25,21.957142857142856,0,0.0,2,0,1.0,1.0
강원,2025-06-26,25.214285714285715,0,0.0,3,0,0.0,1.0
강원,2025-06-27,28.735714285714288,0,0.0,4,0,0.0,0.0
강원,2025-06-28,29.00714285714286,0,3.0,5,1,0.0,0.0
강원,2025-06-29,32.06428571428571,2,0.0,6,0,1.0,0.0
강원,2025-06-30,32.371428571428574,0,1.0,0,1,0.0,1.0
강원,2025-07-01,33.021428571428565,1,0.0,1,0,1.0,0.0
강원,2025-07-02,32.55714285714286,3,0.0,2,0,0.0,1.0
강원,2025-07-03,31.678571428571427,2,0.0,3,0,0.0,0.0
강원,2025-07-04,28.828571428571426,2,2.0,4,1,0.0,0.0
강원,2025-07-05,32.17857142857143,3,1.0,5,1,1.0,0.0
강원,2025-07-06,32.49285714285714,6,0.0,6,0,1.0,1.0
강원,2025-07-07,34.0,9,0.0,0,0,0.0,1.0
강원,2025-07-08,32.72857142857143,9,5.0,1,1,0.0,0.0
강원,2025-07-09,32.72857142857143,5,0.0,2,0,1.0,0.0
강원,2025-07-10,31.407142857142855,0,0.0,3,0,0.0,1.0
강원,2025-07-11,31.12857142857143,1,2.0,4,1,0.0,0.0
강원,2025-07-12,32.99285714285714,0,2.0,5,1,1.0,0.0
강원,2025-07-13,31.571428571428573,0,2.0,6,1,1.0,1.0
강원,2025-07-14,23.228571428571428,0,1.0,0,1,1.0,1.0
강원,2025-07-15,25.057142857142857,0,0.0,1,0,1.0,1.0
강원,2025-07-16,25.678571428571427,1,0.0,2,0,0.0,1.0
강원,2025-07-17,23.535714285714285,0,4.0,3,1,0.0,0.0
강원,2025-07-18,27.47142857142857,0,1.0,4,1,1.0,0.0
강원,2025-07-19,27.349999999999998,0,1.0,5,1,1.0,1.0
강원,2025-07-20,31.264285714285712,2,3.0,6,1,1.0,1.0
강원,2025-07-21,32.542857142857144,1,1.0,0,1,1.0,1.0
강원,2025-07-22,32.885714285714286,4,0.0,1,0,1.0,1.0
강원,2025-07-23,32.82142857142857,2,0.0,2,0,0.0,1.0
강원,2025-07-24,33.57142857142857,5,1.0,3,1,0.0,0.0
강원,2025-07-25,34.97857142857143,2,0.0,4,0,1.0,0.0
강원,2025-07-26,35.09285714285714,6,0.0,5,0,0.0,1.0
강원,2025-07-27,35.635714285714286,5,1.0,6,1,0.0,0.0
강원,2025-07-28,35.02142857142857,19,0.0,0,0,1.0,0.0
강원,2025-07-29,34.53076923076923,3,1.0,1,1,0.0,1.0
강원,2025-07-30,34.028571428571425,7,0.0,2,0,1.0,0.0
강원,2025-07-31,33.042857142857144,1,2.0,3,1,0.0,1.0
강원,2025-08-01,33.80714285714286,5,0.0,4,0,1.0,0.0
강원,2025-08-02,34.1,5,0.0,5,0,0.0,1.0
강원,2025-08-03,31.914285714285715,3,2.0,6,1,0.0,0.0
강원,2025-08-04,30.135714285714283,0,1.0,0,1,1.0,0.0
강원,2025-08-05,32.292857142857144,2,0.0,1,0,1.0,1.0
강원,2025-08-06,28.24285714285714,0,3.0,2,1,0.0,1.0
강원,2025-08-07,30.607142857142858,0,1.0,3,1,1.0,0.0
강원,2025-08-08,30.349999999999998,0,0.0,4,0,1.0,1.0
강원,2025-08-09,26.707142857142856,0,0.0,5,0,0.0,1.0
강원,2025-08-10,30.57857142857143,1,0.0,6,0,0.0,0.0
강원,2025-08-11,27.114285714285717,0,1.0,0,1,0.0,0.0
강원,2025-08-12,31.364285714285717,0,1.0,1,1,1.0,0.0
강원,2025-08-13,26.707142857142856,0,2.0,2,1,1.0,1.0
강원,2025-08-14,29.142857142857142,0,1.0,3,1,1.0,1.0
강원,2025-08-15,31.664285714285715,3,1.0,4,1,1.0,1.0
강원,2025-08-16,32.614285714285714,5,0.0,5,0,1.0,1.0
강원,2025-08-17,32.135714285714286,1,1.0,6,1,0.0,1.0
강원,2025-08-18,32.121428571428574,0,1.0,0,1,1.0,0.0
강원,2025-08-19,32.97857142857143,0,0.0,1,0,1.0,1.0
강원,2025-08-20,33.02142857142857,3,0.0,2,0,0.0,1.0
강원,2025-08-21,33.15,1,0.0,3,0,0.0,0.0
강원,2025-08-22,33.607142857142854,0,1.0,4,1,0.0,0.0
강원,2025-08-23,32.90714285714286,5,0.0,5,0,1.0,0.0
강원,2025-08-24,33.74285714285714,2,0.0,6,0,0.0,1.0
강원,2025-08-25,33.6,1,3.0,0,1,0.0,0.0
강원,2025-08-26,30.514285714285712,0,3.0,1,1,1.0,0.0
강원,2025-08-27,30.814285714285713,1,0.0,2,0,1.0,1.0
강원,2025-08-28,30.714285714285715,0,0.0,3,0,0.0,1.0
강원,2025-08-29,33.028571428571425,0,2.0,4,1,0.0,0.0
강원,2025-08-30,31.95,0,0.0,5,0,1.0,0.0
강원,2025-08-31,32.221428571428575,1,0.0,6,0,0.0,1.0
강원,2025-09-01,31.014285714285712,0,2.0,0,1,0.0,0.0
강원,2025-09-02,29.428571428571427,0,1.0,1,1,1.0,0.0
강원,2025-09-03,31.007142857142856,0,1.0,2,1,1.0,1.0
강원,2025-09-04,26.735714285714288,1,1.0,3,1,1.0,1.0
강원,2025-09-05,31.014285714285712,0,0.0,4,0,1.0,1.0
강원,2025-09-06,30.542857142857144,2,0.0,5,0,0.0,1.0
강원,2025-09-07,28.885714285714283,1,1.0,6,1,0.0,0.0
강원,2025-09-08,29.292857142857144,0,2.0,0,1,1.0,0.0
강원,2025-09-09,25.47142857142857,0,1.0,1,1,1.0,1.0
강원,2025-09-10,28.87142857142857,0,2.0,2,1,1.0,1.0
강원,2025-09-11,29.20714285714286,0,1.0,3,1,1.0,1.0
강원,2025-09-12,26.292857142857144,0,1.0,4,1,1.0,1.0
강원,2025-09-13,22.942857142857143,0,0.0,5,0,1.0,1.0
강원,2025-09-14,27.114285714285717,0,1.0,6,1,0.0,1.0
강원,2025-09-15,29.62857142857143,0,0.0,0,0,1.0,0.0
강원,2025-09-16,28.00714285714286,0,0.0,1,0,0.0,1.0
강원,2025-09-17,24.47142857142857,0,0.0,2,0,0.0,0.0
강원,2025-09-18,22.978571428571428,0,0.0,3,0,0.0,0.0
강원,2025-09-19,21.599999999999998,0,0.0,4,0,0.0,0.0
강원,2025-09-20,20.792857142857144,0,3.0,5,1,0.0,0.0
강원,2025-09-21,23.571428571428573,5,0.0,6,0,1.0,0.0
강원,2025-09-22,23.607142857142858,0,0.0,0,0,0.0,1.0
강원,2025-09-23,24.857142857142858,0,0.0,1,0,0.0,0.0
강원,2025-09-24,25.107142857142858,0,0.0,2,0,0.0,0.0
강원,2025-09-25,26.00714285714286,0,0.0,3,0,0.0,0.0
강원,2025-09-26,26.285714285714285,0,2.0,4,1,0.0,0.0
강원,2025-09-27,26.014285714285712,0,0.0,5,0,1.0,0.0
강원,2025-09-28,20.400000000000002,0,1.0,6,1,0.0,1.0
강원,2025-09-29,23.67142857142857,0,1.0,0,1,1.0,0.0
강원,2025-09-30,23.292857142857144,0,0.0,1,0,1.0,1.0
경기,2020-05-01,27.2,0,0.0,4,0,0.0,0.0
경기,2020-05-02,24.32,0,0.0,5,0,0.0,0.0
경기,2020-05-03,26.639999999999997,0,0.0,6,0,0.0,0.0
경기,2020-05-04,26.78,0,1.0,0,1,0.0,0.0
경기,2020-05-05,20.8,0,1.0,1,1,1.0,0.0
경기,2020-05-06,27.18,0,0.0,2,0,1.0,1.0
경기,2020-05-07,25.98,0,3.0,3,1,0.0,1.0
경기,2020-05-08,25.74,0,2.0,4,1,1.0,0.0
경기,2020-05-09,16.880000000000003,0,3.0,5,1,1.0,1.0
경기,2020-05-10,17.34,0,1.0,6,1,1.0,1.0
경기,2020-05-11,22.78,0,1.0,0,1,1.0,1.0
경기,2020-05-12,19.82,0,5.0,1,1,1.0,1.0
경기,2020-05-13,22.939999999999998,0,1.0,2,1,1.0,1.0
경기,2020-05-14,25.619999999999997,0,0.0,3,0,1.0,1.0
경기,2020-05-15,19.14,0,1.0,4,1,0.0,1.0
경기,2020-05-16,20.54,0,2.0,5,1,1.0,0.0
경기,2020-05-17,24.52,0,1.0,6,1,1.0,1.0
경기,2020-05-18,27.080000000000002,0,10.0,0,1,1.0,1.0
경기,2020-05-19,17.16,0,2.0,1,1,1.0,1.0
경기,2020-05-20,19.259999999999998,0,1.0,2,1,1.0,1.0
경기,2020-05-21,22.28,0,2.0,3,1,1.0,1.0
경기,2020-05-22,22.560000000000002,0,0.0,4,0,1.0,1.0
경기,2020-05-23,25.08,0,0.0,5,0,0.0,1.0
경기,2020-05-24,21.919999999999998,0,1.0,6,1,0.0,0.0
경기,2020-05-25,21.06,0,0.0,0,0,1.0,0.0
경기,2020-05-26,23.28,0,3.0,1,1,0.0,1.0
경기,2020-05-27,24.86,0,1.0,2,1,1.0,0.0
경기,2020-05-28,23.380000000000003,1,1.0,3,1,1.0,1.0
경기,2020-05-29,27.380000000000003,0,2.0,4,1,1.0,1.0
경기,2020-05-30,29.119999999999997,0,0.0,5,0,1.0,1.0
경기,2020-05-31,27.72,0,2.0,6,1,0.0,1.0
경기,2020-06-01,25.14,0,4.0,0,1,1.0,0.0
경기,2020-06-02,22.740000000000002,0,0.0,1,0,1.0,1.0
경기,2020-06-03,27.72,0,1.0,2,1,0.0,1.0
경기,2020-06-04,27.48,1,1.0,3,1,1.0,0.0
경기,2020-06-05,28.419999999999998,2,0.0,4,0,1.0,1.0
경기,2020-06-06,30.080000000000002,2,1.0,5,1,0.0,1.0
경기,2020-06-07,28.3,0,3.0,6,1,1.0,0.0
경기,2020-06-08,31.119999999999997,2,0.0,0,0,1.0,1.0
경기,2020-06-09,33.1,10,0.0,1,0,0.0,1.0
경기,2020-06-10,31.8,6,5.0,2,1,0.0,0.0
경기,2020-06-11,31.619999999999997,1,3.0,3,1,1.0,0.0
경기,2020-06-12,27.560000000000002,0,0.0,4,0,1.0,1.0
경기,2020-06-13,32.480000000000004,2,0.0,5,0,0.0,1.0
경기,2020-06-14,29.080000000000002,2,3.0,6,1,0.0,0.0
경기,2020-06-15,28.580000000000002,1,0.0,0,0,1.0,0.0
경기,2020-06-16,29.5,4,1.0,1,1,0.0,1.0
경기,2020-06-17,29.1,0,1.0,2,1,1.0,0.0
경기,2020-06-18,25.880000000000003,0,5.0,3,1,1.0,1.0
경기,2020-06-19,29.46,0,3.0,4,1,1.0,1.0
경기,2020-06-20,30.02,2,0.0,5,0,1.0,1.0
경기,2020-06-21,32.18,3,0.0,6,0,0.0,1.0
경기,2020-06-22,34.72,5,0.0,0,0,0.0,0.0
경기,2020-06-23,30.72,6,2.0,1,1,0.0,0.0
경기,2020-06-24,24.54,0,2.0,2,1,1.0,0.0
경기,2020-06-25,23.5,1,1.0,3,1,1.0,1.0
경기,2020-06-26,26.18,0,2.0,4,1,1.0,1.0
경기,2020-06-27,28.52,2,4.0,5,1,1.0,1.0
경기,2020-06-28,29.68,1,7.0,6,1,1.0,1.0
경기,2020-06-29,26.419999999999998,0,0.0,0,0,1.0,1.0
경기,2020-06-30,22.8,0,2.0,1,1,0.0,1.0
경기,2020-07-01,24.02,0,3.0,2,1,1.0,0.0
경기,2020-07-02,28.8,1,5.0,3,1,1.0,1.0
경기,2020-07-03,29.360000000000003,2,2.0,4,1,1.0,1.0
경기,2020-07-04,28.46,1,0.0,5,0,1.0,1.0
경기,2020-07-05,27.96,1,3.0,6,1,0.0,1.0
경기,2020-07-06,29.9,4,3.0,0,1,1.0,0.0
경기,2020-07-07,27.82,1,1.0,1,1,1.0,1.0
경기,2020-07-08,30.2,0,3.0,2,1,1.0,1.0
경기,2020-07-09,32.019999999999996,5,4.0,3,1,1.0,1.0
경기,2020-07-10,26.919999999999998,0,0.0,4,0,1.0,1.0
경기,2020-07-11,29.4,1,0.0,5,0,0.0,1.0
경기,2020-07-12,24.98,0,3.0,6,1,0.0,0.0
경기,2020-07-13,20.94,0,1.0,0,1,1.0,0.0
경기,2020-07-14,23.6,0,2.0,1,1,1.0,1.0
경기,2020-07-15,27.28,2,1.0,2,1,1.0,1.0
경기,2020-07-16,29.560000000000002,9,2.0,3,1,1.0,1.0
경기,2020-07-17,30.78,6,0.0,4,0,1.0,1.0
경기,2020-07-18,29.660000000000004,0,3.0,5,1,0.0,1.0
경기,2020-07-19,27.1,1,3.0,6,1,1.0,0.0
경기,2020-07-20,26.48,0,4.0,0,1,1.0,1.0
경기,2020-07-21,29.880000000000003,0,0.0,1,0,1.0,1.0
경기,2020-07-22,25.3,0,3.0,2,1,0.0,1.0
경기,2020-07-23,22.94,0,11.0,3,1,1.0,0.0
경기,2020-07-24,26.32,0,5.0,4,1,1.0,1.0
경기,2020-07-25,27.98,0,2.0,5,1,1.0,1.0
경기,2020-07-26,28.9,0,2.0,6,1,1.0,1.0
경기,2020-07-27,25.98,0,1.0,0,1,1.0,1.0
경기,2020-07-28,26.48,1,2.0,1,1,1.0,1.0
경기,2020-07-29,26.04,0,3.0,2,1,1.0,1.0
경기,2020-07-30,28.76,1,1.0,3,1,1.0,1.0
경기,2020-07-31,29.74,4,2.0,4,1,1.0,1.0
경기,2020-08-01,27.880000000000003,0,1.0,5,1,1.0,1.0
경기,2020-08-02,26.7,0,6.0,6,1,1.0,1.0
경기,2020-08-03,26.0,0,31.0,0,1,1.0,1.0
경기,2020-08-04,29.660000000000004,0,3.0,1,1,1.0,1.0
경기,2020-08-05,28.080000000000002,0,2.0,2,1,1.0,1.0
경기,2020-08-06,27.160000000000004,0,7.0,3,1,1.0,1.0
경기,2020-08-07,26.0,0,3.0,4,1,1.0,1.0
경기,2020-08-08,26.04,0,3.0,5,1,1.0,1.0
경기,2020-08-09,25.9,1,3.0,6,1,1.0,1.0
경기,2020-08-10,28.560000000000002,2,3.0,0,1,1.0,1.0
경기,2020-08-11,27.68,0,3.0,1,1,1.0,1.0
경기,2020-08-12,30.78,1,4.0,2,1,1.0,1.0
경기,2020-08-13,30.82,7,3.0,3,1,1.0,1.0
경기,2020-08-14,29.28,1,0.0,4,0,1.0,1.0
경기,2020-08-15,27.78,0,6.0,5,1,0.0,1.0
경기,2020-08-16,31.360000000000003,1,1.0,6,1,1.0,0.0
경기,2020-08-17,31.659999999999997,7,4.0,0,1,1.0,1.0
경기,2020-08-18,31.6,10,1.0,1,1,1.0,1.0
경기,2020-08-19,31.7,8,1.0,2,1,1.0,1.0
경기,2020-08-20,31.619999999999997,5,0.0,3,0,1.0,1.0
경기,2020-08-21,28.96,5,2.0,4,1,0.0,1.0
경기,2020-08-22,28.660000000000004,0,11.0,5,1,1.0,0.0
경기,2020-08-23,29.9,1,2.0,6,1,1.0,1.0
경기,2020-08-24,31.6,0,0.0,0,0,1.0,1.0
경기,2020-08-25,33.9,10,4.0,1,1,0.0,1.0
경기,2020-08-26,34.440000000000005,10,0.0,2,0,1.0,0.0
경기,2020-08-27,30.28,1,4.0,3,1,0.0,1.0
경기,2020-08-28,31.32,1,2.0,4,1,1.0,0.0
경기,2020-08-29,30.1,0,3.0,5,1,1.0,1.0
경기,2020-08-30,31.160000000000004,3,2.0,6,1,1.0,1.0
경기,2020-08-31,29.939999999999998,1,1.0,0,1,1.0,1.0
경기,2020-09-01,29.839999999999996,1,1.0,1,1,1.0,1.0
경기,2020-09-02,24.9,1,2.0,2,1,1.0,1.0
경기,2020-09-03,26.04,0,8.0,3,1,1.0,1.0
경기,2020-09-04,27.360000000000003,2,3.0,4,1,1.0,1.0
경기,2020-09-05,26.660000000000004,2,2.0,5,1,1.0,1.0
경기,2020-09-06,24.72,1,1.0,6,1,1.0,1.0
경기,2020-09-07,21.3,0,7.0,0,1,1.0,1.0
경기,2020-09-08,26.82,0,2.0,1,1,1.0,1.0
경기,2020-09-09,25.02,0,1.0,2,1,1.0,1.0
경기,2020-09-10,26.7,0,2.0,3,1,1.0,1.0
경기,2020-09-11,26.860000000000003,0,2.0,4,1,1.0,1.0
경기,2020-09-12,22.4,0,4.0,5,1,1.0,1.0
경기,2020-09-13,25.82,0,1.0,6,1,1.0,1.0
경기,2020-09-14,25.939999999999998,0,2.0,0,1,1.0,1.0
경기,2020-09-15,27.360000000000003,0,1.0,1,1,1.0,1.0
경기,2020-09-16,24.66,0,2.0,2,1,1.0,1.0
경기,2020-09-17,23.740000000000002,0,1.0,3,1,1.0,1.0
경기,2020-09-18,25.78,0,2.0,4,1,1.0,1.0
경기,2020-09-19,25.68,0,3.0,5,1,1.0,1.0
경기,2020-09-20,24.64,0,1.0,6,1,1.0,1.0
경기,2020-09-21,24.04,0,1.0,0,1,1.0,1.0
경기,2020-09-22,24.860000000000003,0,1.0,1,1,1.0,1.0
경기,2020-09-23,23.22,0,1.0,2,1,1.0,1.0
경기,2020-09-24,25.06,0,1.0,3,1,1.0,1.0
경기,2020-09-25,25.22,0,0.0,4,0,1.0,1.0
경기,2020-09-26,24.44,0,2.0,5,1,0.0,1.0
경기,2020-09-27,25.259999999999998,0,1.0,6,1,1.0,0.0
경기,2020-09-28,25.860000000000003,0,1.0,0,1,1.0,1.0
경기,2020-09-29,23.82,0,2.0,1,1,1.0,1.0
경기,2020-09-30,24.6,0,1.0,2,1,1.0,1.0
경기,2021-05-01,13.780000000000001,0,0.0,5,0,1.0,1.0
경기,2021-05-02,19.64,0,1.0,6,1,0.0,1.0
경기,2021-05-03,20.98,0,1.0,0,1,1.0,0.0
경기,2021-05-04,16.28,0,1.0,1,1,1.0,1.0
경기,2021-05-05,19.44,0,2.0,2,1,1.0,1.0
경기,2021-05-06,23.16,0,3.0,3,1,1.0,1.0
경기,2021-05-07,18.48,0,1.0,4,1,1.0,1.0
경기,2021-05-08,21.419999999999998,0,2.0,5,1,1.0,1.0
경기,2021-05-09,22.380000000000003,0,0.0,6,0,1.0,1.0
경기,2021-05-10,14.38,0,3.0,0,1,0.0,1.0
경기,2021-05-11,25.7,0,2.0,1,1,1.0,0.0
경기,2021-05-12,26.660000000000004,0,2.0,2,1,1.0,1.0
경기,2021-05-13,29.22,0,1.0,3,1,1.0,1.0
경기,2021-05-14,29.74,0,1.0,4,1,1.0,1.0
경기,2021-05-15,24.24,0,1.0,5,1,1.0,1.0
경기,2021-05-16,20.64,0,3.0,6,1,1.0,1.0
경기,2021-05-17,17.2,0,1.0,0,1,1.0,1.0
경기,2021-05-18,24.2,0,0.0,1,0,1.0,1.0
경기,2021-05-19,26.98,0,2.0,2,1,0.0,1.0
경기,2021-05-20,22.4,0,1.0,3,1,1.0,0.0
경기,2021-05-21,18.6,1,1.0,4,1,1.0,1.0
경기,2021-05-22,24.92,0,2.0,5,1,1.0,1.0
경기,2021-05-23,24.82,0,1.0,6,1,1.0,1.0
경기,2021-05-24,25.02,0,2.0,0,1,1.0,1.0
경기,2021-05-25,19.32,0,1.0,1,1,1.0,1.0
경기,2021-05-26,23.2,0,2.0,2,1,1.0,1.0
경기,2021-05-27,19.04,0,0.0,3,0,1.0,1.0
경기,2021-05-28,19.28,0,1.0,4,1,0.0,1.0
경기,2021-05-29,20.48,0,2.0,5,1,1.0,0.0
경기,2021-05-30,26.119999999999997,0,6.0,6,1,1.0,1.0
경기,2021-05-31,23.98,0,1.0,0,1,1.0,1.0
경기,2021-06-01,23.740000000000002,0,5.0,1,1,1.0,1.0
경기,2021-06-02,29.02,0,2.0,2,1,1.0,1.0
경기,2021-06-03,22.52,0,0.0,3,0,1.0,1.0
경기,2021-06-04,24.22,0,1.0,4,1,0.0,1.0
경기,2021-06-05,25.880000000000003,0,2.0,5,1,1.0,0.0
경기,2021-06-06,27.3,1,2.0,6,1,1.0,1.0
경기,2021-06-07,24.580000000000002,0,1.0,0,1,1.0,1.0
경기,2021-06-08,27.939999999999998,2,3.0,1,1,1.0,1.0
경기,2021-06-09,31.279999999999994,4,4.0,2,1,1.0,1.0
경기,2021-06-10,29.96,0,2.0,3,1,1.0,1.0
경기,2021-06-11,25.4,0,1.0,4,1,1.0,1.0
경기,2021-06-12,29.860000000000003,4,3.0,5,1,1.0,1.0
경기,2021-06-13,30.6,3,4.0,6,1,1.0,1.0
경기,2021-06-14,30.060000000000002,2,4.0,0,1,1.0,1.0
경기,2021-06-15,25.1,0,0.0,1,0,1.0,1.0
경기,2021-06-16,29.160000000000004,0,8.0,2,1,0.0,1.0
경기,2021-06-17,24.04,0,3.0,3,1,1.0,0.0
경기,2021-06-18,23.4,0,1.0,4,1,1.0,1.0
경기,2021-06-19,27.72,0,1.0,5,1,1.0,1.0
경기,2021-06-20,29.339999999999996,2,3.0,6,1,1.0,1.0
경기,2021-06-21,28.880000000000003,1,2.0,0,1,1.0,1.0
경기,2021-06-22,28.02,1,2.0,1,1,1.0,1.0
경기,2021-06-23,26.48,0,5.0,2,1,1.0,1.0
경기,2021-06-24,28.1,0,4.0,3,1,1.0,1.0
경기,2021-06-25,28.860000000000003,2,3.0,4,1,1.0,1.0
경기,2021-06-26,24.9,0,4.0,5,1,1.0,1.0
경기,2021-06-27,29.8,0,2.0,6,1,1.0,1.0
경기,2021-06-28,28.32,0,3.0,0,1,1.0,1.0
경기,2021-06-29,28.560000000000002,5,4.0,1,1,1.0,1.0
경기,2021-06-30,28.4,0,4.0,2,1,1.0,1.0
경기,2021-07-01,31.119999999999997,7,4.0,3,1,1.0,1.0
경기,2021-07-02,30.9,2,2.0,4,1,1.0,1.0
경기,2021-07-03,25.76,0,6.0,5,1,1.0,1.0
경기,2021-07-04,23.78,0,3.0,6,1,1.0,1.0
경기,2021-07-05,26.8,1,3.0,0,1,1.0,1.0
경기,2021-07-06,29.360000000000003,1,3.0,1,1,1.0,1.0
경기,2021-07-07,29.0,4,5.0,2,1,1.0,1.0
경기,2021-07-08,30.82,2,4.0,3,1,1.0,1.0
경기,2021-07-09,29.080000000000002,1,1.0,4,1,1.0,1.0
경기,2021-07-10,28.880000000000003,1,1.0,5,1,1.0,1.0
경기,2021-07-11,27.9,1,2.0,6,1,1.0,1.0
경기,2021-07-12,31.76,4,4.0,0,1,1.0,1.0
경기,2021-07-13,32.18,13,4.0,1,1,1.0,1.0
경기,2021-07-14,33.0,8,1.0,2,1,1.0,1.0
경기,2021-07-15,33.96,19,5.0,3,1,1.0,1.0
경기,2021-07-16,33.959999999999994,12,5.0,4,1,1.0,1.0
경기,2021-07-17,32.36,4,3.0,5,1,1.0,1.0
경기,2021-07-18,32.94,2,3.0,6,1,1.0,1.0
경기,2021-07-19,31.48,2,6.0,0,1,1.0,1.0
경기,2021-07-20,31.979999999999997,7,2.0,1,1,1.0,1.0
경기,2021-07-21,34.56,12,8.0,2,1,1.0,1.0
경기,2021-07-22,34.760000000000005,9,2.0,3,1,1.0,1.0
경기,2021-07-23,34.620000000000005,13,3.0,4,1,1.0,1.0
경기,2021-07-24,35.339999999999996,4,3.0,5,1,1.0,1.0
경기,2021-07-25,34.8,9,0.0,6,0,1.0,1.0
경기,2021-07-26,34.42,9,0.0,0,0,0.0,1.0
경기,2021-07-27,35.04,18,2.0,1,1,0.0,0.0
경기,2021-07-28,34.339999999999996,10,2.0,2,1,1.0,0.0
경기,2021-07-29,33.260000000000005,8,3.0,3,1,1.0,1.0
경기,2021-07-30,34.68,6,0.0,4,0,1.0,1.0
경기,2021-07-31,33.68,6,5.0,5,1,0.0,1.0
경기,2021-08-01,30.18,3,3.0,6,1,1.0,0.0
경기,2021-08-02,28.7,2,2.0,0,1,1.0,1.0
경기,2021-08-03,31.619999999999997,4,4.0,1,1,1.0,1.0
경기,2021-08-04,32.7,4,2.0,2,1,1.0,1.0
경기,2021-08-05,33.660000000000004,7,2.0,3,1,1.0,1.0
경기,2021-08-06,33.04,7,3.0,4,1,1.0,1.0
경기,2021-08-07,32.4,3,2.0,5,1,1.0,1.0
경기,2021-08-08,30.98,1,3.0,6,1,1.0,1.0
경기,2021-08-09,32.88,3,1.0,0,1,1.0,1.0
경기,2021-08-10,31.419999999999998,2,5.0,1,1,1.0,1.0
경기,2021-08-11,31.82,1,1.0,2,1,1.0,1.0
경기,2021-08-12,30.9,1,4.0,3,1,1.0,1.0
경기,2021-08-13,29.32,1,0.0,4,0,1.0,1.0
경기,2021-08-14,29.72,0,3.0,5,1,0.0,1.0
경기,2021-08-15,31.440000000000005,0,0.0,6,0,1.0,0.0
경기,2021-08-16,31.160000000000004,2,0.0,0,0,0.0,1.0
경기,2021-08-17,30.78,2,3.0,1,1,0.0,0.0
경기,2021-08-18,29.78,0,3.0,2,1,1.0,0.0
경기,2021-08-19,30.82,1,1.0,3,1,1.0,1.0
경기,2021-08-20,30.32,1,2.0,4,1,1.0,1.0
경기,2021-08-21,26.72,0,9.0,5,1,1.0,1.0
경기,2021-08-22,28.119999999999997,0,1.0,6,1,1.0,1.0
경기,2021-08-23,23.66,0,0.0,0,0,1.0,1.0
경기,2021-08-24,26.080000000000002,0,3.0,1,1,0.0,1.0
경기,2021-08-25,26.339999999999996,0,2.0,2,1,1.0,0.0
경기,2021-08-26,28.18,3,1.0,3,1,1.0,1.0
경기,2021-08-27,24.279999999999998,0,0.0,4,0,1.0,1.0
경기,2021-08-28,27.72,0,1.0,5,1,0.0,1.0
경기,2021-08-29,26.46,0,1.0,6,1,1.0,0.0
경기,2021-08-30,27.139999999999997,0,1.0,0,1,1.0,1.0
경기,2021-08-31,22.94,0,3.0,1,1,1.0,1.0
경기,2021-09-01,23.619999999999997,0,3.0,2,1,1.0,1.0
경기,2021-09-02,26.7,0,1.0,3,1,1.0,1.0
경기,2021-09-03,28.7,0,2.0,4,1,1.0,1.0
경기,2021-09-04,27.76,0,0.0,5,0,1.0,1.0
경기,2021-09-05,27.32,0,1.0,6,1,0.0,1.0
경기,2021-09-06,26.360000000000003,0,1.0,0,1,1.0,0.0
경기,2021-09-07,20.94,0,3.0,1,1,1.0,1.0
경기,2021-09-08,27.5,0,2.0,2,1,1.0,1.0
경기,2021-09-09,27.98,0,1.0,3,1,1.0,1.0
경기,2021-09-10,28.060000000000002,0,2.0,4,1,1.0,1.0
경기,2021-09-11,28.52,0,1.0,5,1,1.0,1.0
경기,2021-09-12,29.1,0,1.0,6,1,1.0,1.0
경기,2021-09-13,29.4,0,4.0,0,1,1.0,1.0
경기,2021-09-14,28.660000000000004,0,4.0,1,1,1.0,1.0
경기,2021-09-15,28.26,0,3.0,2,1,1.0,1.0
경기,2021-09-16,27.5,0,2.0,3,1,1.0,1.0
경기,2021-09-17,27.4,0,1.0,4,1,1.0,1.0
경기,2021-09-18,28.639999999999997,0,0.0,5,0,1.0,1.0
경기,2021-09-19,26.860000000000003,0,0.0,6,0,0.0,1.0
경기,2021-09-20,28.080000000000002,0,1.0,0,1,0.0,0.0
경기,2021-09-21,26.139999999999997,0,2.0,1,1,1.0,0.0
경기,2021-09-22,25.240000000000002,0,4.0,2,1,1.0,1.0
경기,2021-09-23,24.94,0,0.0,3,0,1.0,1.0
경기,2021-09-24,26.74,0,0.0,4,0,0.0,1.0
경기,2021-09-25,23.34,0,1.0,5,1,0.0,0.0
경기,2021-09-26,26.660000000000004,0,1.0,6,1,1.0,0.0
경기,2021-09-27,24.68,0,2.0,0,1,1.0,1.0
경기,2021-09-28,24.46,0,1.0,1,1,1.0,1.0
경기,2021-09-29,22.1,0,2.0,2,1,1.0,1.0
경기,2021-09-30,26.139999999999997,0,1.0,3,1,1.0,1.0
경기,2022-05-01,19.240000000000002,0,2.0,6,1,1.0,1.0
경기,2022-05-02,19.54,0,1.0,0,1,1.0,1.0
경기,2022-05-03,21.22,0,1.0,1,1,1.0,1.0
경기,2022-05-04,25.6,0,0.0,2,0,1.0,1.0
경기,2022-05-05,25.36,0,0.0,3,0,0.0,1.0
경기,2022-05-06,25.58,0,0.0,4,0,0.0,0.0
경기,2022-05-07,23.34,0,0.0,5,0,0.0,0.0
경기,2022-05-08,17.4,0,2.0,6,1,0.0,0.0
경기,2022-05-09,24.66,0,2.0,0,1,1.0,0.0
경기,2022-05-10,25.78,0,1.0,1,1,1.0,1.0
경기,2022-05-11,24.9,0,0.0,2,0,1.0,1.0
경기,2022-05-12,27.0,0,2.0,3,1,0.0,1.0
경기,2022-05-13,23.52,0,2.0,4,1,1.0,0.0
경기,2022-05-14,20.3,0,1.0,5,1,1.0,1.0
경기,2022-05-15,22.32,0,1.0,6,1,1.0,1.0
경기,2022-05-16,24.0,0,1.0,0,1,1.0,1.0
경기,2022-05-17,26.9,0,1.0,1,1,1.0,1.0
경기,2022-05-18,25.54,0,0.0,2,0,1.0,1.0
경기,2022-05-19,25.060000000000002,0,1.0,3,1,0.0,1.0
경기,2022-05-20,25.96,0,1.0,4,1,1.0,0.0
경기,2022-05-21,25.839999999999996,0,0.0,5,0,1.0,1.0
경기,2022-05-22,25.619999999999997,1,1.0,6,1,0.0,1.0
경기,2022-05-23,29.360000000000003,1,3.0,0,1,1.0,0.0
경기,2022-05-24,29.919999999999998,0,0.0,1,0,1.0,1.0
경기,2022-05-25,26.8,0,3.0,2,1,0.0,1.0
경기,2022-05-26,23.619999999999997,0,2.0,3,1,1.0,0.0
경기,2022-05-27,25.32,0,0.0,4,0,1.0,1.0
경기,2022-05-28,29.4,2,1.0,5,1,0.0,1.0
경기,2022-05-29,28.139999999999997,0,2.0,6,1,1.0,0.0
경기,2022-05-30,24.2,0,2.0,0,1,1.0,1.0
경기,2022-05-31,27.139999999999997,0,2.0,1,1,1.0,1.0
경기,2022-06-01,29.26,0,2.0,2,1,1.0,1.0
경기,2022-06-02,27.080000000000002,0,0.0,3,0,1.0,1.0
경기,2022-06-03,31.26,4,3.0,4,1,0.0,1.0
경기,2022-06-04,28.54,1,0.0,5,0,1.0,0.0
경기,2022-06-05,24.72,0,0.0,6,0,0.0,1.0
경기,2022-06-06,22.7,1,6.0,0,1,0.0,0.0
경기,2022-06-07,24.4,0,1.0,1,1,1.0,0.0
경기,2022-06-08,25.619999999999997,1,2.0,2,1,1.0,1.0
경기,2022-06-09,24.46,0,1.0,3,1,1.0,1.0
경기,2022-06-10,26.560000000000002,3,0.0,4,0,1.0,1.0
경기,2022-06-11,30.48,1,3.0,5,1,0.0,1.0
경기,2022-06-12,29.18,2,3.0,6,1,1.0,0.0
경기,2022-06-13,27.5,0,2.0,0,1,1.0,1.0
경기,2022-06-14,26.32,0,4.0,1,1,1.0,1.0
경기,2022-06-15,19.119999999999997,0,7.0,2,1,1.0,1.0
경기,2022-06-16,24.52,0,4.0,3,1,1.0,1.0
경기,2022-06-17,27.080000000000002,0,1.0,4,1,1.0,1.0
경기,2022-06-18,25.619999999999997,0,1.0,5,1,1.0,1.0
경기,2022-06-19,25.06,0,3.0,6,1,1.0,1.0
경기,2022-06-20,29.4,0,4.0,0,1,1.0,1.0
경기,2022-06-21,32.260000000000005,9,0.0,1,0,1.0,1.0
경기,2022-06-22,30.24,2,0.0,2,0,0.0,1.0
경기,2022-06-23,26.919999999999998,0,12.0,3,1,0.0,0.0
경기,2022-06-24,27.1,0,4.0,4,1,1.0,0.0
경기,2022-06-25,31.139999999999997,1,1.0,5,1,1.0,1.0
경기,2022-06-26,28.119999999999997,0,5.0,6,1,1.0,1.0
경기,2022-06-27,28.9,0,7.0,0,1,1.0,1.0
경기,2022-06-28,28.560000000000002,0,8.0,1,1,1.0,1.0
경기,2022-06-29,26.880000000000003,2,2.0,2,1,1.0,1.0
경기,2022-06-30,24.68,0,10.0,3,1,1.0,1.0
경기,2022-07-01,31.1,4,4.0,4,1,1.0,1.0
경기,2022-07-02,32.9,33,6.0,5,1,1.0,1.0
경기,2022-07-03,33.4,9,1.0,6,1,1.0,1.0
경기,2022-07-04,32.74,17,4.0,0,1,1.0,1.0
경기,2022-07-05,33.0,22,2.0,1,1,1.0,1.0
경기,2022-07-06,32.94,19,6.0,2,1,1.0,1.0
경기,2022-07-07,31.52,10,6.0,3,1,1.0,1.0
경기,2022-07-08,28.2,5,5.0,4,1,1.0,1.0
경기,2022-07-09,31.24,7,5.0,5,1,1.0,1.0
경기,2022-07-10,33.64,11,4.0,6,1,1.0,1.0
경기,2022-07-11,29.98,4,2.0,0,1,1.0,1.0
경기,2022-07-12,29.1,8,0.0,1,0,1.0,1.0
경기,2022-07-13,25.72,0,4.0,2,1,0.0,1.0
경기,2022-07-14,29.3,2,4.0,3,1,1.0,0.0
경기,2022-07-15,30.18,2,5.0,4,1,1.0,1.0
경기,2022-07-16,27.839999999999996,1,0.0,5,0,1.0,1.0
경기,2022-07-17,29.22,1,0.0,6,0,0.0,1.0
경기,2022-07-18,29.2,3,0.0,0,0,0.0,0.0
경기,2022-07-19,30.660000000000004,4,0.0,1,0,0.0,0.0
경기,2022-07-20,30.639999999999997,2,1.0,2,1,0.0,0.0
경기,2022-07-21,24.98,0,3.0,3,1,1.0,0.0
경기,2022-07-22,28.74,1,5.0,4,1,1.0,1.0
경기,2022-07-23,27.939999999999998,3,4.0,5,1,1.0,1.0
경기,2022-07-24,27.7,1,2.0,6,1,1.0,1.0
경기,2022-07-25,31.419999999999998,9,3.0,0,1,1.0,1.0
경기,2022-07-26,32.86,13,6.0,1,1,1.0,1.0
경기,2022-07-27,31.439999999999998,3,3.0,2,1,1.0,1.0
경기,2022-07-28,32.839999999999996,8,2.0,3,1,1.0,1.0
경기,2022-07-29,34.08,13,1.0,4,1,1.0,1.0
경기,2022-07-30,34.760000000000005,19,5.0,5,1,1.0,1.0
경기,2022-07-31,28.82,2,2.0,6,1,1.0,1.0
경기,2022-08-01,31.979999999999997,7,6.0,0,1,1.0,1.0
경기,2022-08-02,29.22,0,2.0,1,1,1.0,1.0
경기,2022-08-03,30.96,3,8.0,2,1,1.0,1.0
경기,2022-08-04,32.36,9,3.0,3,1,1.0,1.0
경기,2022-08-05,32.260000000000005,11,0.0,4,0,1.0,1.0
경기,2022-08-06,31.28,12,3.0,5,1,0.0,1.0
경기,2022-08-07,31.520000000000003,10,8.0,6,1,1.0,0.0
경기,2022-08-08,28.339999999999996,0,14.0,0,1,1.0,1.0
경기,2022-08-09,27.3,0,5.0,1,1,1.0,1.0
경기,2022-08-10,27.72,1,6.0,2,1,1.0,1.0
경기,2022-08-11,27.1,3,2.0,3,1,1.0,1.0
경기,2022-08-12,31.380000000000003,5,3.0,4,1,1.0,1.0
경기,2022-08-13,25.880000000000003,0,1.0,5,1,1.0,1.0
경기,2022-08-14,30.52,3,12.0,6,1,1.0,1.0
경기,2022-08-15,30.24,1,8.0,0,1,1.0,1.0
경기,2022-08-16,30.32,2,3.0,1,1,1.0,1.0
경기,2022-08-17,30.439999999999998,3,0.0,2,0,1.0,1.0
경기,2022-08-18,29.380000000000003,0,3.0,3,1,0.0,1.0
경기,2022-08-19,27.1,0,3.0,4,1,1.0,0.0
경기,2022-08-20,31.68,2,4.0,5,1,1.0,1.0
경기,2022-08-21,32.0,2,3.0,6,1,1.0,1.0
경기,2022-08-22,29.860000000000003,1,1.0,0,1,1.0,1.0
경기,2022-08-23,28.46,2,2.0,1,1,1.0,1.0
경기,2022-08-24,27.860000000000003,0,0.0,2,0,1.0,1.0
경기,2022-08-25,24.119999999999997,0,0.0,3,0,0.0,1.0
경기,2022-08-26,28.060000000000002,1,2.0,4,1,0.0,0.0
경기,2022-08-27,25.5,0,0.0,5,0,1.0,0.0
경기,2022-08-28,27.560000000000002,0,2.0,6,1,0.0,1.0
경기,2022-08-29,21.5,0,3.0,0,1,1.0,0.0
경기,2022-08-30,19.720000000000002,0,2.0,1,1,1.0,1.0
경기,2022-08-31,24.6,1,1.0,2,1,1.0,1.0
경기,2022-09-01,29.439999999999998,0,0.0,3,0,1.0,1.0
경기,2022-09-02,29.4,1,0.0,4,0,0.0,1.0
경기,2022-09-03,28.48,0,2.0,5,1,0.0,0.0
경기,2022-09-04,24.1,0,4.0,6,1,1.0,0.0
경기,2022-09-05,22.52,0,4.0,0,1,1.0,1.0
경기,2022-09-06,26.24,0,3.0,1,1,1.0,1.0
경기,2022-09-07,27.46,1,1.0,2,1,1.0,1.0
경기,2022-09-08,28.439999999999998,0,2.0,3,1,1.0,1.0
경기,2022-09-09,29.3,1,0.0,4,0,1.0,1.0
경기,2022-09-10,27.5,0,0.0,5,0,0.0,1.0
경기,2022-09-11,25.14,0,1.0,6,1,0.0,0.0
경기,2022-09-12,27.28,0,4.0,0,1,1.0,0.0
경기,2022-09-13,27.080000000000002,0,2.0,1,1,1.0,1.0
경기,2022-09-14,27.68,0,1.0,2,1,1.0,1.0
경기,2022-09-15,28.419999999999998,0,1.0,3,1,1.0,1.0
경기,2022-09-16,30.6,1,1.0,4,1,1.0,1.0
경기,2022-09-17,29.9,0,1.0,5,1,1.0,1.0
경기,2022-09-18,30.82,0,1.0,6,1,1.0,1.0
경기,2022-09-19,27.939999999999998,0,3.0,0,1,1.0,1.0
경기,2022-09-20,23.52,0,5.0,1,1,1.0,1.0
경기,2022-09-21,24.259999999999998,1,0.0,2,0,1.0,1.0
경기,2022-09-22,24.060000000000002,0,3.0,3,1,0.0,1.0
경기,2022-09-23,22.6,0,2.0,4,1,1.0,0.0
경기,2022-09-24,24.0,1,1.0,5,1,1.0,1.0
경기,2022-09-25,24.32,0,2.0,6,1,1.0,1.0
경기,2022-09-26,25.54,0,1.0,0,1,1.0,1.0
경기,2022-09-27,27.1,1,1.0,1,1,1.0,1.0
경기,2022-09-28,25.34,0,1.0,2,1,1.0,1.0
경기,2022-09-29,25.48,0,1.0,3,1,1.0,1.0
경기,2022-09-30,26.54,0,2.0,4,1,1.0,1.0
경기,2023-05-01,20.94,0,1.0,0,1,1.0,1.0
경기,2023-05-02,24.0,0,2.0,1,1,1.0,1.0
경기,2023-05-03,26.24,0,1.0,2,1,1.0,1.0
경기,2023-05-04,26.22,0,0.0,3,0,1.0,1.0
경기,2023-05-05,20.72,0,4.0,4,1,0.0,1.0
경기,2023-05-06,15.520000000000001,0,8.0,5,1,1.0,0.0
경기,2023-05-07,17.82,0,3.0,6,1,1.0,1.0
경기,2023-05-08,22.58,0,1.0,0,1,1.0,1.0
경기,2023-05-09,24.36,0,1.0,1,1,1.0,1.0
경기,2023-05-10,25.580000000000002,0,1.0,2,1,1.0,1.0
경기,2023-05-11,26.339999999999996,0,1.0,3,1,1.0,1.0
경기,2023-05-12,24.52,0,0.0,4,0,1.0,1.0
경기,2023-05-13,23.9,0,1.0,5,1,0.0,1.0
경기,2023-05-14,24.02,0,1.0,6,1,1.0,0.0
경기,2023-05-15,27.48,0,0.0,0,0,1.0,1.0
경기,2023-05-16,30.580000000000002,0,1.0,1,1,0.0,1.0
경기,2023-05-17,28.98,0,0.0,2,0,1.0,0.0
경기,2023-05-18,26.1,0,5.0,3,1,0.0,1.0
경기,2023-05-19,26.18,0,1.0,4,1,1.0,0.0
경기,2023-05-20,26.9,4,1.0,5,1,1.0,1.0
경기,2023-05-21,22.68,1,0.0,6,0,1.0,1.0
경기,2023-05-22,25.380000000000003,0,1.0,0,1,0.0,1.0
경기,2023-05-23,26.119999999999997,1,3.0,1,1,1.0,0.0
경기,2023-05-24,25.56,0,0.0,2,0,1.0,1.0
경기,2023-05-25,26.880000000000003,0,0.0,3,0,0.0,1.0
경기,2023-05-26,26.339999999999996,0,1.0,4,1,0.0,0.0
경기,2023-05-27,19.619999999999997,0,3.0,5,1,1.0,0.0
경기,2023-05-28,20.06,0,5.0,6,1,1.0,1.0
경기,2023-05-29,27.78,0,1.0,0,1,1.0,1.0
경기,2023-05-30,27.880000000000003,1,4.0,1,1,1.0,1.0
경기,2023-05-31,27.48,1,1.0,2,1,1.0,1.0
경기,2023-06-01,26.060000000000002,0,0.0,3,0,1.0,1.0
경기,2023-06-02,25.380000000000003,0,1.0,4,1,0.0,1.0
경기,2023-06-03,27.98,0,1.0,5,1,1.0,0.0
경기,2023-06-04,27.7,1,0.0,6,0,1.0,1.0
경기,2023-06-05,26.139999999999997,1,3.0,0,1,0.0,1.0
경기,2023-06-06,25.619999999999997,2,3.0,1,1,1.0,0.0
경기,2023-06-07,24.48,1,0.0,2,0,1.0,1.0
경기,2023-06-08,23.5,0,6.0,3,1,0.0,1.0
경기,2023-06-09,27.439999999999998,1,8.0,4,1,1.0,0.0
경기,2023-06-10,27.839999999999996,0,6.0,5,1,1.0,1.0
경기,2023-06-11,26.919999999999998,1,5.0,6,1,1.0,1.0
경기,2023-06-12,27.160000000000004,0,3.0,0,1,1.0,1.0
경기,2023-06-13,26.660000000000004,0,2.0,1,1,1.0,1.0
경기,2023-06-14,27.0,2,5.0,2,1,1.0,1.0
경기,2023-06-15,27.74,1,4.0,3,1,1.0,1.0
경기,2023-06-16,29.339999999999996,1,3.0,4,1,1.0,1.0
경기,2023-06-17,30.3,2,4.0,5,1,1.0,1.0
경기,2023-06-18,31.82,1,3.0,6,1,1.0,1.0
경기,2023-06-19,33.18,7,5.0,0,1,1.0,1.0
경기,2023-06-20,25.639999999999997,1,2.0,1,1,1.0,1.0
경기,2023-06-21,22.64,0,3.0,2,1,1.0,1.0
경기,2023-06-22,26.560000000000002,1,1.0,3,1,1.0,1.0
경기,2023-06-23,28.939999999999998,3,2.0,4,1,1.0,1.0
경기,2023-06-24,30.880000000000003,5,6.0,5,1,1.0,1.0
경기,2023-06-25,31.72,6,1.0,6,1,1.0,1.0
경기,2023-06-26,25.880000000000003,0,4.0,0,1,1.0,1.0
경기,2023-06-27,28.52,2,6.0,1,1,1.0,1.0
경기,2023-06-28,29.339999999999996,4,3.0,2,1,1.0,1.0
경기,2023-06-29,24.94,0,9.0,3,1,1.0,1.0
경기,2023-06-30,29.74,6,4.0,4,1,1.0,1.0
경기,2023-07-01,32.4,14,3.0,5,1,1.0,1.0
경기,2023-07-02,30.339999999999996,3,3.0,6,1,1.0,1.0
경기,2023-07-03,33.36,23,5.0,0,1,1.0,1.0
경기,2023-07-04,28.96,2,4.0,1,1,1.0,1.0
경기,2023-07-05,27.560000000000002,3,7.0,2,1,1.0,1.0
경기,2023-07-06,31.660000000000004,4,6.0,3,1,1.0,1.0
경기,2023-07-07,30.78,2,5.0,4,1,1.0,1.0
경기,2023-07-08,29.619999999999997,4,5.0,5,1,1.0,1.0
경기,2023-07-09,27.72,1,6.0,6,1,1.0,1.0
경기,2023-07-10,30.6,5,4.0,0,1,1.0,1.0
경기,2023-07-11,25.419999999999998,1,6.0,1,1,1.0,1.0
경기,2023-07-12,29.160000000000004,6,3.0,2,1,1.0,1.0
경기,2023-07-13,25.8,2,4.0,3,1,1.0,1.0
경기,2023-07-14,25.639999999999997,1,7.0,4,1,1.0,1.0
경기,2023-07-15,25.28,0,4.0,5,1,1.0,1.0
경기,2023-07-16,26.52,0,2.0,6,1,1.0,1.0
경기,2023-07-17,27.5,1,1.0,0,1,1.0,1.0
경기,2023-07-18,26.439999999999998,4,2.0,1,1,1.0,1.0
경기,2023-07-19,31.860000000000003,19,7.0,2,1,1.0,1.0
경기,2023-07-20,32.12,26,6.0,3,1,1.0,1.0
경기,2023-07-21,33.5,34,3.0,4,1,1.0,1.0
경기,2023-07-22,32.239999999999995,5,0.0,5,0,1.0,1.0
경기,2023-07-23,25.619999999999997,1,3.0,6,1,0.0,1.0
경기,2023-07-24,30.26,4,1.0,0,1,1.0,0.0
경기,2023-07-25,30.919999999999998,2,3.0,1,1,1.0,1.0
경기,2023-07-26,30.48,7,8.0,2,1,1.0,1.0
경기,2023-07-27,32.46,11,2.0,3,1,1.0,1.0
경기,2023-07-28,33.339999999999996,15,0.0,4,0,1.0,1.0
경기,2023-07-29,33.12,20,1.0,5,1,0.0,1.0
경기,2023-07-30,34.06,16,4.0,6,1,1.0,0.0
경기,2023-07-31,32.839999999999996,19,6.0,0,1,1.0,1.0
경기,2023-08-01,33.72,26,3.0,1,1,1.0,1.0
경기,2023-08-02,33.3,21,6.0,2,1,1.0,1.0
경기,2023-08-03,33.12,23,2.0,3,1,1.0,1.0
경기,2023-08-04,33.58,25,3.0,4,1,1.0,1.0
경기,2023-08-05,34.04,15,5.0,5,1,1.0,1.0
경기,2023-08-06,33.94,26,4.0,6,1,1.0,1.0
경기,2023-08-07,34.14,31,6.0,0,1,1.0,1.0
경기,2023-08-08,34.36,21,1.0,1,1,1.0,1.0
경기,2023-08-09,31.5,8,1.0,2,1,1.0,1.0
경기,2023-08-10,23.740000000000002,1,12.0,3,1,1.0,1.0
경기,2023-08-11,25.8,2,6.0,4,1,1.0,1.0
경기,2023-08-12,25.82,2,2.0,5,1,1.0,1.0
경기,2023-08-13,31.0,5,0.0,6,0,1.0,1.0
경기,2023-08-14,32.78,28,2.0,0,1,0.0,1.0
경기,2023-08-15,31.76,23,3.0,1,1,1.0,0.0
경기,2023-08-16,31.6,8,0.0,2,0,1.0,1.0
경기,2023-08-17,32.160000000000004,15,2.0,3,1,0.0,1.0
경기,2023-08-18,33.120000000000005,25,1.0,4,1,1.0,0.0
경기,2023-08-19,33.1,15,2.0,5,1,1.0,1.0
경기,2023-08-20,31.939999999999998,4,1.0,6,1,1.0,1.0
경기,2023-08-21,32.739999999999995,11,1.0,0,1,1.0,1.0
경기,2023-08-22,31.04,3,6.0,1,1,1.0,1.0
경기,2023-08-23,27.580000000000002,2,4.0,2,1,1.0,1.0
경기,2023-08-24,27.580000000000002,0,2.0,3,1,1.0,1.0
경기,2023-08-25,29.9,1,2.0,4,1,1.0,1.0
경기,2023-08-26,29.82,4,2.0,5,1,1.0,1.0
경기,2023-08-27,28.68,2,3.0,6,1,1.0,1.0
경기,2023-08-28,25.2,0,3.0,0,1,1.0,1.0
경기,2023-08-29,26.360000000000003,1,0.0,1,0,1.0,1.0
경기,2023-08-30,25.1,1,1.0,2,1,0.0,1.0
경기,2023-08-31,27.839999999999996,0,3.0,3,1,1.0,0.0
경기,2023-09-01,28.98,1,1.0,4,1,1.0,1.0
경기,2023-09-02,29.72,5,1.0,5,1,1.0,1.0
경기,2023-09-03,29.439999999999998,2,3.0,6,1,1.0,1.0
경기,2023-09-04,30.32,0,1.0,0,1,1.0,1.0
경기,2023-09-05,31.9,2,1.0,1,1,1.0,1.0
경기,2023-09-06,31.48,5,1.0,2,1,1.0,1.0
경기,2023-09-07,30.619999999999997,2,1.0,3,1,1.0,1.0
경기,2023-09-08,29.72,0,0.0,4,0,1.0,1.0
경기,2023-09-09,30.6,0,2.0,5,1,0.0,1.0
경기,2023-09-10,30.26,0,0.0,6,0,1.0,0.0
경기,2023-09-11,29.7,0,2.0,0,1,0.0,1.0
경기,2023-09-12,29.76,1,2.0,1,1,1.0,0.0
경기,2023-09-13,23.2,0,6.0,2,1,1.0,1.0
경기,2023-09-14,26.28,0,3.0,3,1,1.0,1.0
경기,2023-09-15,23.54,0,0.0,4,0,1.0,1.0
경기,2023-09-16,26.939999999999998,0,1.0,5,1,0.0,1.0
경기,2023-09-17,28.360000000000003,1,2.0,6,1,1.0,0.0
경기,2023-09-18,29.1,1,4.0,0,1,1.0,1.0
경기,2023-09-19,27.439999999999998,1,3.0,1,1,1.0,1.0
경기,2023-09-20,22.119999999999997,0,3.0,2,1,1.0,1.0
경기,2023-09-21,22.419999999999998,0,2.0,3,1,1.0,1.0
경기,2023-09-22,25.82,0,2.0,4,1,1.0,1.0
경기,2023-09-23,26.2,1,3.0,5,1,1.0,1.0
경기,2023-09-24,25.4,0,1.0,6,1,1.0,1.0
경기,2023-09-25,25.76,0,3.0,0,1,1.0,1.0
경기,2023-09-26,21.080000000000002,0,2.0,1,1,1.0,1.0
경기,2023-09-27,23.68,0,4.0,2,1,1.0,1.0
경기,2023-09-28,26.76,0,2.0,3,1,1.0,1.0
경기,2023-09-29,25.619999999999997,0,0.0,4,0,1.0,1.0
경기,2023-09-30,22.6,0,0.0,5,0,0.0,1.0
경기,2024-05-01,23.18,0,0.0,2,0,0.0,0.0
경기,2024-05-02,24.34,0,2.0,3,1,0.0,0.0
경기,2024-05-03,27.2,0,0.0,4,0,1.0,0.0
경기,2024-05-04,28.139999999999997,0,0.0,5,0,0.0,1.0
경기,2024-05-05,18.86,0,8.0,6,1,0.0,0.0
경기,2024-05-06,15.86,0,7.0,0,1,1.0,0.0
경기,2024-05-07,16.14,0,1.0,1,1,1.0,1.0
경기,2024-05-08,21.28,0,2.0,2,1,1.0,1.0
경기,2024-05-09,22.16,0,2.0,3,1,1.0,1.0
경기,2024-05-10,24.22,0,1.0,4,1,1.0,1.0
경기,2024-05-11,22.1,0,4.0,5,1,1.0,1.0
경기,2024-05-12,22.3,0,2.0,6,1,1.0,1.0
경기,2024-05-13,24.860000000000003,0,3.0,0,1,1.0,1.0
경기,2024-05-14,25.16,0,1.0,1,1,1.0,1.0
경기,2024-05-15,18.580000000000002,0,1.0,2,1,1.0,1.0
경기,2024-05-16,19.98,0,3.0,3,1,1.0,1.0
경기,2024-05-17,24.619999999999997,0,3.0,4,1,1.0,1.0
경기,2024-05-18,26.4,0,0.0,5,0,1.0,1.0
경기,2024-05-19,27.82,0,0.0,6,0,0.0,1.0
경기,2024-05-20,23.02,0,1.0,0,1,0.0,0.0
경기,2024-05-21,27.160000000000004,0,0.0,1,0,1.0,0.0
경기,2024-05-22,25.880000000000003,3,3.0,2,1,0.0,1.0
경기,2024-05-23,26.48,2,2.0,3,1,1.0,0.0
경기,2024-05-24,24.22,1,1.0,4,1,1.0,1.0
경기,2024-05-25,24.28,2,1.0,5,1,1.0,1.0
경기,2024-05-26,24.139999999999997,0,1.0,6,1,1.0,1.0
경기,2024-05-27,22.6,0,2.0,0,1,1.0,1.0
경기,2024-05-28,25.3,0,1.0,1,1,1.0,1.0
경기,2024-05-29,27.04,1,0.0,2,0,1.0,1.0
경기,2024-05-30,24.119999999999997,0,0.0,3,0,0.0,1.0
경기,2024-05-31,25.52,1,0.0,4,0,0.0,0.0
경기,2024-06-01,25.639999999999997,0,3.0,5,1,0.0,0.0
경기,2024-06-02,26.1,1,1.0,6,1,1.0,0.0
경기,2024-06-03,27.360000000000003,0,3.0,0,1,1.0,1.0
경기,2024-06-04,28.360000000000003,1,1.0,1,1,1.0,1.0
경기,2024-06-05,29.060000000000002,0,2.0,2,1,1.0,1.0
경기,2024-06-06,29.939999999999998,1,5.0,3,1,1.0,1.0
경기,2024-06-07,27.26,2,2.0,4,1,1.0,1.0
경기,2024-06-08,23.68,0,1.0,5,1,1.0,1.0
경기,2024-06-09,28.52,8,1.0,6,1,1.0,1.0
경기,2024-06-10,30.119999999999997,5,5.0,0,1,1.0,1.0
경기,2024-06-11,30.78,6,4.0,1,1,1.0,1.0
경기,2024-06-12,31.28,2,3.0,2,1,1.0,1.0
경기,2024-06-13,32.339999999999996,1,8.0,3,1,1.0,1.0
경기,2024-06-14,32.38,5,0.0,4,0,1.0,1.0
경기,2024-06-15,27.8,3,6.0,5,1,0.0,1.0
경기,2024-06-16,29.68,1,4.0,6,1,1.0,0.0
경기,2024-06-17,29.98,2,1.0,0,1,1.0,1.0
경기,2024-06-18,32.36,3,3.0,1,1,1.0,1.0
경기,2024-06-19,35.019999999999996,9,9.0,2,1,1.0,1.0
경기,2024-06-20,33.82,8,1.0,3,1,1.0,1.0
경기,2024-06-21,32.58,5,4.0,4,1,1.0,1.0
경기,2024-06-22,24.759999999999998,2,7.0,5,1,1.0,1.0
경기,2024-06-23,29.7,3,2.0,6,1,1.0,1.0
경기,2024-06-24,28.7,4,6.0,0,1,1.0,1.0
경기,2024-06-25,27.119999999999997,0,3.0,1,1,1.0,1.0
경기,2024-06-26,30.2,6,3.0,2,1,1.0,1.0
경기,2024-06-27,29.72,1,3.0,3,1,1.0,1.0
경기,2024-06-28,31.48,4,2.0,4,1,1.0,1.0
경기,2024-06-29,31.52,4,4.0,5,1,1.0,1.0
경기,2024-06-30,26.560000000000002,2,8.0,6,1,1.0,1.0
경기,2024-07-01,30.139999999999997,2,5.0,0,1,1.0,1.0
경기,2024-07-02,24.0,0,2.0,1,1,1.0,1.0
경기,2024-07-03,26.419999999999998,0,5.0,2,1,1.0,1.0
경기,2024-07-04,29.939999999999998,4,4.0,3,1,1.0,1.0
경기,2024-07-05,26.860000000000003,1,6.0,4,1,1.0,1.0
경기,2024-07-06,29.919999999999998,3,7.0,5,1,1.0,1.0
경기,2024-07-07,25.9,0,9.0,6,1,1.0,1.0
경기,2024-07-08,24.94,2,3.0,0,1,1.0,1.0
경기,2024-07-09,26.160000000000004,1,6.0,1,1,1.0,1.0
경기,2024-07-10,31.32,5,4.0,2,1,1.0,1.0
경기,2024-07-11,29.52,2,3.0,3,1,1.0,1.0
경기,2024-07-12,29.860000000000003,1,1.0,4,1,1.0,1.0
경기,2024-07-13,32.160000000000004,5,5.0,5,1,1.0,1.0
경기,2024-07-14,31.119999999999997,6,6.0,6,1,1.0,1.0
경기,2024-07-15,31.080000000000002,10,1.0,0,1,1.0,1.0
경기,2024-07-16,30.160000000000004,0,2.0,1,1,1.0,1.0
경기,2024-07-17,28.32,0,13.0,2,1,1.0,1.0
경기,2024-07-18,26.0,0,10.0,3,1,1.0,1.0
경기,2024-07-19,30.82,2,2.0,4,1,1.0,1.0
경기,2024-07-20,29.52,2,9.0,5,1,1.0,1.0
경기,2024-07-21,30.0,0,11.0,6,1,1.0,1.0
경기,2024-07-22,28.619999999999997,0,7.0,0,1,1.0,1.0
경기,2024-07-23,27.919999999999998,0,11.0,1,1,1.0,1.0
경기,2024-07-24,31.4,5,6.0,2,1,1.0,1.0
경기,2024-07-25,32.519999999999996,20,1.0,3,1,1.0,1.0
경기,2024-07-26,33.2,7,7.0,4,1,1.0,1.0
경기,2024-07-27,32.2,8,3.0,5,1,1.0,1.0
경기,2024-07-28,32.260000000000005,6,5.0,6,1,1.0,1.0
경기,2024-07-29,28.339999999999996,5,3.0,0,1,1.0,1.0
경기,2024-07-30,31.1,1,4.0,1,1,1.0,1.0
경기,2024-07-31,32.6,14,0.0,2,0,1.0,1.0
경기,2024-08-01,32.58,15,6.0,3,1,0.0,1.0
경기,2024-08-02,32.38,16,3.0,4,1,1.0,0.0
경기,2024-08-03,34.019999999999996,24,4.0,5,1,1.0,1.0
경기,2024-08-04,35.18,29,3.0,6,1,1.0,1.0
경기,2024-08-05,34.260000000000005,34,11.0,0,1,1.0,1.0
경기,2024-08-06,32.739999999999995,19,10.0,1,1,1.0,1.0
경기,2024-08-07,32.58,18,5.0,2,1,1.0,1.0
경기,2024-08-08,30.580000000000002,7,8.0,3,1,1.0,1.0
경기,2024-08-09,32.92,12,2.0,4,1,1.0,1.0
경기,2024-08-10,33.22,24,0.0,5,0,1.0,1.0
경기,2024-08-11,33.239999999999995,13,6.0,6,1,0.0,1.0
경기,2024-08-12,34.22,36,0.0,0,0,1.0,0.0
경기,2024-08-13,34.660000000000004,22,1.0,1,1,0.0,1.0
경기,2024-08-14,34.739999999999995,22,12.0,2,1,1.0,0.0
경기,2024-08-15,33.980000000000004,25,8.0,3,1,1.0,1.0
경기,2024-08-16,33.64,18,3.0,4,1,1.0,1.0
경기,2024-08-17,33.92,28,3.0,5,1,1.0,1.0
경기,2024-08-18,34.12,7,8.0,6,1,1.0,1.0
경기,2024-08-19,34.44,27,1.0,0,1,1.0,1.0
경기,2024-08-20,34.56,40,3.0,1,1,1.0,1.0
경기,2024-08-21,29.860000000000003,3,12.0,2,1,1.0,1.0
경기,2024-08-22,30.560000000000002,6,4.0,3,1,1.0,1.0
경기,2024-08-23,31.54,1,3.0,4,1,1.0,1.0
경기,2024-08-24,31.2,2,0.0,5,0,1.0,1.0
경기,2024-08-25,32.160000000000004,7,3.0,6,1,0.0,1.0
경기,2024-08-26,30.76,5,0.0,0,0,1.0,0.0
경기,2024-08-27,28.82,0,1.0,1,1,0.0,1.0
경기,2024-08-28,32.1,2,2.0,2,1,1.0,0.0
경기,2024-08-29,32.22,5,0.0,3,0,1.0,1.0
경기,2024-08-30,32.82,4,6.0,4,1,0.0,1.0
경기,2024-08-31,31.560000000000002,4,1.0,5,1,1.0,0.0
경기,2024-09-01,31.04,4,3.0,6,1,1.0,1.0
경기,2024-09-02,26.8,0,1.0,0,1,1.0,1.0
경기,2024-09-03,30.48,1,2.0,1,1,1.0,1.0
경기,2024-09-04,31.52,8,2.0,2,1,1.0,1.0
경기,2024-09-05,29.339999999999996,2,2.0,3,1,1.0,1.0
경기,2024-09-06,25.2,1,1.0,4,1,1.0,1.0
경기,2024-09-07,30.4,3,1.0,5,1,1.0,1.0
경기,2024-09-08,31.5,7,4.0,6,1,1.0,1.0
경기,2024-09-09,32.44,4,2.0,0,1,1.0,1.0
경기,2024-09-10,33.46,16,0.0,1,0,1.0,1.0
경기,2024-09-11,34.32,7,1.0,2,1,0.0,1.0
경기,2024-09-12,25.939999999999998,2,6.0,3,1,1.0,0.0
경기,2024-09-13,28.54,0,0.0,4,0,1.0,1.0
경기,2024-09-14,30.24,2,5.0,5,1,0.0,1.0
경기,2024-09-15,30.6,1,2.0,6,1,1.0,0.0
경기,2024-09-16,30.6,0,2.0,0,1,1.0,1.0
경기,2024-09-17,32.46,1,0.0,1,0,1.0,1.0
경기,2024-09-18,32.94,5,1.0,2,1,0.0,1.0
경기,2024-09-19,31.360000000000003,13,1.0,3,1,1.0,0.0
경기,2024-09-20,27.52,1,3.0,4,1,1.0,1.0
경기,2024-09-21,22.240000000000002,1,7.0,5,1,1.0,1.0
경기,2024-09-22,25.419999999999998,0,2.0,6,1,1.0,1.0
경기,2024-09-23,25.119999999999997,0,2.0,0,1,1.0,1.0
경기,2024-09-24,25.560000000000002,0,0.0,1,0,1.0,1.0
경기,2024-09-25,27.360000000000003,0,1.0,2,1,0.0,1.0
경기,2024-09-26,27.72,0,3.0,3,1,1.0,0.0
경기,2024-09-27,27.580000000000002,1,3.0,4,1,1.0,1.0
경기,2024-09-28,27.54,1,1.0,5,1,1.0,1.0
경기,2024-09-29,28.2,0,0.0,6,0,1.0,1.0
경기,2024-09-30,27.4,0,3.0,0,1,0.0,1.0
경기,2025-05-01,17.14,0,4.0,3,1,1.0,0.0
경기,2025-05-02,19.16,0,2.0,4,1,1.0,1.0
경기,2025-05-03,13.919999999999998,0,4.0,5,1,1.0,1.0
경기,2025-05-04,20.56,0,5.0,6,1,1.0,1.0
경기,2025-05-05,14.84,0,0.0,0,0,1.0,1.0
경기,2025-05-06,19.7,0,1.0,1,1,0.0,1.0
경기,2025-05-07,21.36,0,0.0,2,0,1.0,0.0
경기,2025-05-08,24.259999999999998,0,0.0,3,0,0.0,1.0
경기,2025-05-09,16.06,0,1.0,4,1,0.0,0.0
경기,2025-05-10,14.8,0,1.0,5,1,1.0,0.0
경기,2025-05-11,20.52,0,0.0,6,0,1.0,1.0
경기,2025-05-12,23.48,0,0.0,0,0,0.0,1.0
경기,2025-05-13,26.1,0,0.0,1,0,0.0,0.0
경기,2025-05-14,26.18,0,3.0,2,1,0.0,0.0
경기,2025-05-15,22.54,0,1.0,3,1,1.0,0.0
경기,2025-05-16,22.6,0,2.0,4,1,1.0,1.0
경기,2025-05-17,24.54,0,6.0,5,1,1.0,1.0
경기,2025-05-18,21.46,0,0.0,6,0,1.0,1.0
경기,2025-05-19,21.0,0,0.0,0,0,0.0,1.0
경기,2025-05-20,26.72,1,6.0,1,1,0.0,0.0
경기,2025-05-21,29.839999999999996,7,7.0,2,1,1.0,0.0
경기,2025-05-22,27.22,0,0.0,3,0,1.0,1.0
경기,2025-05-23,21.82,0,3.0,4,1,0.0,1.0
경기,2025-05-24,17.8,0,1.0,5,1,1.0,0.0
경기,2025-05-25,22.8,0,2.0,6,1,1.0,1.0
경기,2025-05-26,25.72,0,3.0,0,1,1.0,1.0
경기,2025-05-27,26.26,0,2.0,1,1,1.0,1.0
경기,2025-05-28,25.96,1,6.0,2,1,1.0,1.0
경기,2025-05-29,26.939999999999998,2,5.0,3,1,1.0,1.0
경기,2025-05-30,27.24,0,2.0,4,1,1.0,1.0
경기,2025-05-31,26.0,0,3.0,5,1,1.0,1.0
경기,2025-06-01,29.02,1,0.0,6,0,1.0,1.0
경기,2025-06-02,22.14,0,0.0,0,0,0.0,1.0
경기,2025-06-03,25.74,0,3.0,1,1,0.0,0.0
경기,2025-06-04,25.82,0,3.0,2,1,1.0,0.0
경기,2025-06-05,27.560000000000002,2,4.0,3,1,1.0,1.0
경기,2025-06-06,29.639999999999997,0,0.0,4,0,1.0,1.0
경기,2025-06-07,28.139999999999997,2,0.0,5,0,0.0,1.0
경기,2025-06-08,30.04,1,2.0,6,1,0.0,0.0
경기,2025-06-09,29.8,1,4.0,0,1,1.0,0.0
경기,2025-06-10,26.339999999999996,0,1.0,1,1,1.0,1.0
경기,2025-06-11,29.060000000000002,2,1.0,2,1,1.0,1.0
경기,2025-06-12,31.360000000000003,4,0.0,3,0,1.0,1.0
경기,2025-06-13,28.5,0,2.0,4,1,0.0,1.0
경기,2025-06-14,31.339999999999996,5,8.0,5,1,1.0,0.0
경기,2025-06-15,32.08,3,3.0,6,1,1.0,1.0
경기,2025-06-16,26.4,0,3.0,0,1,1.0,1.0
경기,2025-06-17,29.02,1,3.0,1,1,1.0,1.0
경기,2025-06-18,30.28,4,5.0,2,1,1.0,1.0
경기,2025-06-19,32.86,4,7.0,3,1,1.0,1.0
경기,2025-06-20,26.54,0,17.0,4,1,1.0,1.0
경기,2025-06-21,23.94,1,2.0,5,1,1.0,1.0
경기,2025-06-22,28.78,4,4.0,6,1,1.0,1.0
경기,2025-06-23,31.5,5,14.0,0,1,1.0,1.0
경기,2025-06-24,27.4,3,3.0,1,1,1.0,1.0
경기,2025-06-25,21.580000000000002,0,5.0,2,1,1.0,1.0
경기,2025-06-26,24.84,0,5.0,3,1,1.0,1.0
경기,2025-06-27,28.080000000000002,0,4.0,4,1,1.0,1.0
경기,2025-06-28,27.759999999999998,3,5.0,5,1,1.0,1.0
경기,2025-06-29,30.32,5,4.0,6,1,1.0,1.0
경기,2025-06-30,31.080000000000002,5,9.0,0,1,1.0,1.0
경기,2025-07-01,31.2,5,2.0,1,1,1.0,1.0
경기,2025-07-02,31.22,12,6.0,2,1,1.0,1.0
경기,2025-07-03,31.2,7,4.0,3,1,1.0,1.0
경기,2025-07-04,28.119999999999997,5,7.0,4,1,1.0,1.0
경기,2025-07-05,31.18,6,2.0,5,1,1.0,1.0
경기,2025-07-06,31.22,9,2.0,6,1,1.0,1.0
경기,2025-07-07,32.56,19,5.0,0,1,1.0,1.0
경기,2025-07-08,36.019999999999996,95,5.0,1,1,1.0,1.0
경기,2025-07-09,34.660000000000004,39,0.0,2,0,1.0,1.0
경기,2025-07-10,34.56,32,3.0,3,1,0.0,1.0
경기,2025-07-11,34.08,14,4.0,4,1,1.0,0.0
경기,2025-07-12,33.96,19,3.0,5,1,1.0,1.0
경기,2025-07-13,29.419999999999998,4,4.0,6,1,1.0,1.0
경기,2025-07-14,26.74,3,3.0,0,1,1.0,1.0
경기,2025-07-15,25.2,1,4.0,1,1,1.0,1.0
경기,2025-07-16,24.34,2,6.0,2,1,1.0,1.0
경기,2025-07-17,24.240000000000002,1,13.0,3,1,1.0,1.0
경기,2025-07-18,26.919999999999998,3,1.0,4,1,1.0,1.0
경기,2025-07-19,26.68,5,4.0,5,1,1.0,1.0
경기,2025-07-20,31.4,14,5.0,6,1,1.0,1.0
경기,2025-07-21,31.6,9,2.0,0,1,1.0,1.0
경기,2025-07-22,31.380000000000003,22,3.0,1,1,1.0,1.0
경기,2025-07-23,32.58,22,5.0,2,1,1.0,1.0
경기,2025-07-24,33.38,33,0.0,3,0,1.0,1.0
경기,2025-07-25,34.660000000000004,38,4.0,4,1,0.0,1.0
경기,2025-07-26,34.96,48,3.0,5,1,1.0,0.0
경기,2025-07-27,35.46,29,5.0,6,1,1.0,1.0
경기,2025-07-28,34.980000000000004,54,2.0,0,1,1.0,1.0
경기,2025-07-29,35.260000000000005,35,4.0,1,1,1.0,1.0
경기,2025-07-30,34.62,31,2.0,2,1,1.0,1.0
경기,2025-07-31,32.82,24,2.0,3,1,1.0,1.0
경기,2025-08-01,34.3,26,3.0,4,1,1.0,1.0
경기,2025-08-02,34.4,32,2.0,5,1,1.0,1.0
경기,2025-08-03,31.1,9,5.0,6,1,1.0,1.0
경기,2025-08-04,31.74,6,6.0,0,1,1.0,1.0
경기,2025-08-05,32.12,13,1.0,1,1,1.0,1.0
경기,2025-08-06,28.919999999999998,1,6.0,2,1,1.0,1.0
경기,2025-08-07,31.660000000000004,7,1.0,3,1,1.0,1.0
경기,2025-08-08,31.0,5,2.0,4,1,1.0,1.0
경기,2025-08-09,26.619999999999997,3,3.0,5,1,1.0,1.0
경기,2025-08-10,32.0,3,1.0,6,1,1.0,1.0
경기,2025-08-11,28.439999999999998,0,3.0,0,1,1.0,1.0
경기,2025-08-12,32.32,8,2.0,1,1,1.0,1.0
경기,2025-08-13,27.660000000000004,2,8.0,2,1,1.0,1.0
경기,2025-08-14,27.72,2,3.0,3,1,1.0,1.0
경기,2025-08-15,31.0,5,3.0,4,1,1.0,1.0
경기,2025-08-16,31.98,11,5.0,5,1,1.0,1.0
경기,2025-08-17,31.419999999999998,4,6.0,6,1,1.0,1.0
경기,2025-08-18,32.62,11,5.0,0,1,1.0,1.0
경기,2025-08-19,32.3,12,3.0,1,1,1.0,1.0
경기,2025-08-20,32.44,12,0.0,2,0,1.0,1.0
경기,2025-08-21,33.3,20,1.0,3,1,0.0,1.0
경기,2025-08-22,33.36,2,1.0,4,1,1.0,0.0
경기,2025-08-23,31.779999999999994,6,0.0,5,0,1.0,1.0
경기,2025-08-24,33.82,9,3.0,6,1,0.0,1.0
경기,2025-08-25,33.12,13,5.0,0,1,1.0,0.0
경기,2025-08-26,31.2,1,18.0,1,1,1.0,1.0
경기,2025-08-27,31.18,5,0.0,2,0,1.0,1.0
경기,2025-08-28,31.0,3,3.0,3,1,0.0,1.0
경기,2025-08-29,32.6,6,4.0,4,1,1.0,0.0
경기,2025-08-30,31.9,9,7.0,5,1,1.0,1.0
경기,2025-08-31,31.380000000000003,5,3.0,6,1,1.0,1.0
경기,2025-09-01,29.54,1,4.0,0,1,1.0,1.0
경기,2025-09-02,30.1,5,2.0,1,1,1.0,1.0
경기,2025-09-03,31.7,1,2.0,2,1,1.0,1.0
경기,2025-09-04,29.419999999999998,0,3.0,3,1,1.0,1.0
경기,2025-09-05,32.019999999999996,3,2.0,4,1,1.0,1.0
경기,2025-09-06,29.68,1,8.0,5,1,1.0,1.0
경기,2025-09-07,28.78,0,2.0,6,1,1.0,1.0
경기,2025-09-08,27.639999999999997,1,1.0,0,1,1.0,1.0
경기,2025-09-09,26.22,0,2.0,1,1,1.0,1.0
경기,2025-09-10,30.339999999999996,2,2.0,2,1,1.0,1.0
경기,2025-09-11,30.76,3,2.0,3,1,1.0,1.0
경기,2025-09-12,26.26,0,2.0,4,1,1.0,1.0
경기,2025-09-13,26.080000000000002,0,4.0,5,1,1.0,1.0
경기,2025-09-14,28.360000000000003,1,1.0,6,1,1.0,1.0
경기,2025-09-15,28.68,0,1.0,0,1,1.0,1.0
경기,2025-09-16,27.439999999999998,2,8.0,1,1,1.0,1.0
경기,2025-09-17,23.72,0,4.0,2,1,1.0,1.0
경기,2025-09-18,25.6,0,3.0,3,1,1.0,1.0
경기,2025-09-19,21.64,0,1.0,4,1,1.0,1.0
경기,2025-09-20,23.44,0,3.0,5,1,1.0,1.0
경기,2025-09-21,26.160000000000004,0,4.0,6,1,1.0,1.0
경기,2025-09-22,24.54,0,2.0,0,1,1.0,1.0
경기,2025-09-23,26.24,0,5.0,1,1,1.0,1.0
경기,2025-09-24,24.14,0,1.0,2,1,1.0,1.0
경기,2025-09-25,26.439999999999998,0,4.0,3,1,1.0,1.0
경기,2025-09-26,26.28,0,2.0,4,1,1.0,1.0
경기,2025-09-27,26.6,0,3.0,5,1,1.0,1.0
경기,2025-09-28,21.72,0,3.0,6,1,1.0,1.0
경기,2025-09-29,24.14,0,2.0,0,1,1.0,1.0
경기,2025-09-30,23.48,0,1.0,1,1,1.0,1.0
경남,2020-05-01,26.1,0,0.0,4,0,0.0,0.0
경남,2020-05-02,25.43846153846154,0,2.0,5,1,0.0,0.0
경남,2020-05-03,18.315384615384616,0,0.0,6,0,1.0,0.0
경남,2020-05-04,28.0,0,1.0,0,1,0.0,1.0
경남,2020-05-05,20.184615384615384,0,0.0,1,0,1.0,0.0
경남,2020-05-06,26.76923076923077,0,1.0,2,1,0.0,1.0
경남,2020-05-07,23.569230769230767,0,1.0,3,1,1.0,0.0
경남,2020-05-08,22.77692307692308,0,0.0,4,0,1.0,1.0
경남,2020-05-09,19.06923076923077,0,0.0,5,0,0.0,1.0
경남,2020-05-10,23.807692307692307,0,0.0,6,0,0.0,0.0
경남,2020-05-11,27.684615384615384,0,1.0,0,1,0.0,0.0
경남,2020-05-12,23.923076923076923,0,2.0,1,1,1.0,0.0
경남,2020-05-13,24.553846153846152,0,0.0,2,0,1.0,1.0
경남,2020-05-14,25.99230769230769,0,1.0,3,1,0.0,1.0
경남,2020-05-15,17.907692307692308,0,1.0,4,1,1.0,0.0
경남,2020-05-16,25.784615384615385,0,0.0,5,0,1.0,1.0
경남,2020-05-17,25.069230769230767,0,2.0,6,1,0.0,1.0
경남,2020-05-18,21.192307692307693,0,0.0,0,0,1.0,0.0
경남,2020-05-19,18.776923076923076,0,0.0,1,0,0.0,1.0
경남,2020-05-20,22.346153846153847,0,0.0,2,0,0.0,0.0
경남,2020-05-21,20.99230769230769,0,0.0,3,0,0.0,0.0
경남,2020-05-22,22.607692307692307,0,0.0,4,0,0.0,0.0
경남,2020-05-23,25.03076923076923,0,0.0,5,0,0.0,0.0
경남,2020-05-24,25.715384615384615,0,2.0,6,1,0.0,0.0
경남,2020-05-25,25.284615384615385,0,0.0,0,0,1.0,0.0
경남,2020-05-26,25.353846153846156,0,0.0,1,0,0.0,1.0
경남,2020-05-27,27.153846153846153,0,2.0,2,1,0.0,0.0
경남,2020-05-28,26.876923076923074,0,1.0,3,1,1.0,0.0
경남,2020-05-29,27.692307692307693,1,0.0,4,0,1.0,1.0
경남,2020-05-30,25.76923076923077,0,0.0,5,0,0.0,1.0
경남,2020-05-31,25.96923076923077,0,0.0,6,0,0.0,0.0
경남,2020-06-01,28.50769230769231,1,3.0,0,1,0.0,0.0
경남,2020-06-02,28.392307692307693,0,0.0,1,0,1.0,0.0
경남,2020-06-03,27.915384615384614,0,0.0,2,0,0.0,1.0
경남,2020-06-04,31.476923076923075,3,0.0,3,0,0.0,0.0
경남,2020-06-05,31.06153846153846,0,0.0,4,0,0.0,0.0
경남,2020-06-06,28.73846153846154,0,0.0,5,0,0.0,0.0
경남,2020-06-07,29.16923076923077,1,1.0,6,1,0.0,0.0
경남,2020-06-08,31.884615384615383,0,1.0,0,1,1.0,0.0
경남,2020-06-09,33.146153846153844,6,0.0,1,0,1.0,1.0
경남,2020-06-10,32.753846153846155,3,0.0,2,0,0.0,1.0
경남,2020-06-11,30.576923076923077,2,2.0,3,1,0.0,0.0
경남,2020-06-12,29.93846153846154,0,2.0,4,1,1.0,0.0
경남,2020-06-13,27.476923076923075,0,1.0,5,1,1.0,1.0
경남,2020-06-14,28.215384615384615,0,1.0,6,1,1.0,1.0
경남,2020-06-15,30.200000000000003,3,1.0,0,1,1.0,1.0
경남,2020-06-16,31.076923076923077,0,0.0,1,0,1.0,1.0
경남,2020-06-17,27.03846153846154,0,1.0,2,1,0.0,1.0
경남,2020-06-18,19.923076923076923,0,2.0,3,1,1.0,0.0
경남,2020-06-19,28.407692307692308,1,0.0,4,0,1.0,1.0
경남,2020-06-20,27.338461538461537,0,1.0,5,1,0.0,1.0
경남,2020-06-21,28.77692307692308,0,0.0,6,0,1.0,0.0
경남,2020-06-22,30.13076923076923,2,1.0,0,1,0.0,1.0
경남,2020-06-23,30.576923076923077,1,0.0,1,0,1.0,0.0
경남,2020-06-24,24.523076923076925,0,2.0,2,1,0.0,1.0
경남,2020-06-25,25.03846153846154,0,0.0,3,0,1.0,0.0
경남,2020-06-26,29.884615384615383,1,1.0,4,1,0.0,1.0
경남,2020-06-27,30.0,0,2.0,5,1,1.0,0.0
경남,2020-06-28,31.49230769230769,3,1.0,6,1,1.0,1.0
경남,2020-06-29,25.700000000000003,0,0.0,0,0,1.0,1.0
경남,2020-06-30,26.5,0,2.0,1,1,0.0,1.0
경남,2020-07-01,26.946153846153848,0,1.0,2,1,1.0,0.0
경남,2020-07-02,26.992307692307694,0,0.0,3,0,1.0,1.0
경남,2020-07-03,22.04615384615385,0,0.0,4,0,0.0,1.0
경남,2020-07-04,24.753846153846155,0,0.0,5,0,0.0,0.0
경남,2020-07-05,26.96923076923077,0,0.0,6,0,0.0,0.0
경남,2020-07-06,25.200000000000003,0,2.0,0,1,0.0,0.0
경남,2020-07-07,29.753846153846155,1,1.0,1,1,1.0,0.0
경남,2020-07-08,30.22307692307692,0,1.0,2,1,1.0,1.0
경남,2020-07-09,27.700000000000003,0,0.0,3,0,1.0,1.0
경남,2020-07-10,27.66923076923077,0,0.0,4,0,0.0,1.0
경남,2020-07-11,29.607692307692307,1,3.0,5,1,0.0,0.0
경남,2020-07-12,22.43846153846154,0,2.0,6,1,1.0,0.0
경남,2020-07-13,20.284615384615385,0,2.0,0,1,1.0,1.0
경남,2020-07-14,21.653846153846153,0,2.0,1,1,1.0,1.0
경남,2020-07-15,21.346153846153847,0,3.0,2,1,1.0,1.0
경남,2020-07-16,27.307692307692307,1,1.0,3,1,1.0,1.0
경남,2020-07-17,28.607692307692307,2,1.0,4,1,1.0,1.0
경남,2020-07-18,25.815384615384616,0,0.0,5,0,1.0,1.0
경남,2020-07-19,27.0,0,3.0,6,1,0.0,1.0
경남,2020-07-20,29.784615384615385,1,1.0,0,1,1.0,0.0
경남,2020-07-21,29.861538461538462,2,0.0,1,0,1.0,1.0
경남,2020-07-22,24.83076923076923,0,0.0,2,0,0.0,1.0
경남,2020-07-23,24.16923076923077,0,4.0,3,1,0.0,0.0
경남,2020-07-24,23.184615384615384,0,0.0,4,0,1.0,0.0
경남,2020-07-25,25.56153846153846,0,0.0,5,0,0.0,1.0
경남,2020-07-26,28.753846153846155,1,1.0,6,1,0.0,0.0
경남,2020-07-27,25.56153846153846,0,0.0,0,0,1.0,0.0
경남,2020-07-28,26.946153846153848,0,3.0,1,1,0.0,1.0
경남,2020-07-29,26.77692307692308,0,2.0,2,1,1.0,0.0
경남,2020-07-30,28.638461538461538,1,4.0,3,1,1.0,1.0
경남,2020-07-31,31.446153846153848,3,3.0,4,1,1.0,1.0
경남,2020-08-01,31.63076923076923,3,0.0,5,0,1.0,1.0
경남,2020-08-02,31.184615384615384,2,0.0,6,0,0.0,1.0
경남,2020-08-03,30.76923076923077,0,3.0,0,1,0.0,0.0
경남,2020-08-04,31.56153846153846,5,1.0,1,1,1.0,0.0
경남,2020-08-05,30.03846153846154,1,0.0,2,0,1.0,1.0
경남,2020-08-06,28.584615384615386,0,0.0,3,0,0.0,1.0
경남,2020-08-07,27.299999999999997,0,1.0,4,1,0.0,0.0
경남,2020-08-08,26.16923076923077,1,5.0,5,1,1.0,0.0
경남,2020-08-09,31.1,0,2.0,6,1,1.0,1.0
경남,2020-08-10,28.653846153846153,1,0.0,0,0,1.0,1.0
경남,2020-08-11,30.892307692307693,3,0.0,1,0,0.0,1.0
경남,2020-08-12,30.446153846153848,5,2.0,2,1,0.0,0.0
경남,2020-08-13,32.47692307692308,5,1.0,3,1,1.0,0.0
경남,2020-08-14,32.753846153846155,9,0.0,4,0,1.0,1.0
경남,2020-08-15,34.04615384615385,10,0.0,5,0,0.0,1.0
경남,2020-08-16,33.8,2,0.0,6,0,0.0,0.0
경남,2020-08-17,34.56153846153846,8,2.0,0,1,0.0,0.0
경남,2020-08-18,34.43846153846154,4,2.0,1,1,1.0,0.0
경남,2020-08-19,35.50769230769231,7,0.0,2,0,1.0,1.0
경남,2020-08-20,35.45384615384615,9,0.0,3,0,0.0,1.0
경남,2020-08-21,32.96923076923077,2,1.0,4,1,0.0,0.0
경남,2020-08-22,30.915384615384614,0,2.0,5,1,1.0,0.0
경남,2020-08-23,31.992307692307694,0,0.0,6,0,1.0,1.0
경남,2020-08-24,32.91538461538461,3,1.0,0,1,0.0,1.0
경남,2020-08-25,33.87692307692308,5,1.0,1,1,1.0,0.0
경남,2020-08-26,32.0,0,0.0,2,0,1.0,1.0
경남,2020-08-27,30.099999999999998,0,1.0,3,1,0.0,1.0
경남,2020-08-28,30.523076923076925,1,1.0,4,1,1.0,0.0
경남,2020-08-29,31.54615384615385,2,0.0,5,0,1.0,1.0
경남,2020-08-30,33.59230769230769,6,2.0,6,1,0.0,1.0
경남,2020-08-31,29.392307692307693,1,0.0,0,0,1.0,0.0
경남,2020-09-01,29.93846153846154,2,0.0,1,0,0.0,1.0
경남,2020-09-02,27.623076923076926,0,7.0,2,1,0.0,0.0
경남,2020-09-03,29.415384615384614,0,2.0,3,1,1.0,0.0
경남,2020-09-04,29.176923076923078,0,4.0,4,1,1.0,1.0
경남,2020-09-05,22.384615384615383,0,3.0,5,1,1.0,1.0
경남,2020-09-06,22.638461538461538,0,3.0,6,1,1.0,1.0
경남,2020-09-07,24.246153846153845,0,2.0,0,1,1.0,1.0
경남,2020-09-08,28.56153846153846,0,0.0,1,0,1.0,1.0
경남,2020-09-09,27.16923076923077,0,3.0,2,1,0.0,1.0
경남,2020-09-10,28.00769230769231,0,1.0,3,1,1.0,0.0
경남,2020-09-11,25.715384615384615,0,0.0,4,0,1.0,1.0
경남,2020-09-12,24.192307692307693,0,0.0,5,0,0.0,1.0
경남,2020-09-13,24.36923076923077,0,0.0,6,0,0.0,0.0
경남,2020-09-14,27.676923076923078,0,2.0,0,1,0.0,0.0
경남,2020-09-15,28.053846153846152,0,1.0,1,1,1.0,0.0
경남,2020-09-16,23.323076923076922,0,0.0,2,0,1.0,1.0
경남,2020-09-17,23.476923076923075,0,1.0,3,1,0.0,1.0
경남,2020-09-18,23.823076923076922,0,0.0,4,0,1.0,0.0
경남,2020-09-19,26.315384615384616,0,0.0,5,0,0.0,1.0
경남,2020-09-20,26.353846153846156,0,0.0,6,0,0.0,0.0
경남,2020-09-21,24.376923076923074,0,1.0,0,1,0.0,0.0
경남,2020-09-22,23.04615384615385,0,0.0,1,0,1.0,0.0
경남,2020-09-23,22.823076923076922,0,2.0,2,1,0.0,1.0
경남,2020-09-24,24.884615384615383,0,0.0,3,0,1.0,0.0
경남,2020-09-25,25.553846153846152,0,2.0,4,1,0.0,1.0
경남,2020-09-26,25.54615384615385,0,0.0,5,0,1.0,0.0
경남,2020-09-27,25.115384615384617,0,0.0,6,0,0.0,1.0
경남,2020-09-28,24.576923076923077,0,0.0,0,0,0.0,0.0
경남,2020-09-29,25.54615384615385,0,0.0,1,0,0.0,0.0
경남,2020-09-30,25.584615384615386,0,0.0,2,0,0.0,0.0
경남,2021-05-01,15.292307692307693,0,0.0,5,0,0.0,0.0
경남,2021-05-02,19.03076923076923,0,1.0,6,1,0.0,0.0
경남,2021-05-03,22.00769230769231,0,1.0,0,1,1.0,0.0
경남,2021-05-04,19.315384615384616,0,4.0,1,1,1.0,1.0
경남,2021-05-05,23.26923076923077,0,1.0,2,1,1.0,1.0
경남,2021-05-06,22.56153846153846,0,0.0,3,0,1.0,1.0
경남,2021-05-07,23.430769230769233,0,0.0,4,0,0.0,1.0
경남,2021-05-08,23.292307692307695,0,1.0,5,1,0.0,0.0
경남,2021-05-09,24.823076923076922,0,0.0,6,0,1.0,0.0
경남,2021-05-10,20.06153846153846,0,0.0,0,0,0.0,1.0
경남,2021-05-11,19.592307692307692,0,0.0,1,0,0.0,0.0
경남,2021-05-12,25.123076923076926,0,0.0,2,0,0.0,0.0
경남,2021-05-13,28.076923076923077,0,1.0,3,1,0.0,0.0
경남,2021-05-14,27.676923076923078,0,1.0,4,1,1.0,0.0
경남,2021-05-15,21.853846153846156,0,0.0,5,0,1.0,1.0
경남,2021-05-16,23.053846153846152,0,7.0,6,1,0.0,1.0
경남,2021-05-17,21.16923076923077,0,0.0,0,0,1.0,0.0
경남,2021-05-18,21.9,0,0.0,1,0,0.0,1.0
경남,2021-05-19,28.0,0,4.0,2,1,0.0,0.0
경남,2021-05-20,17.5,0,1.0,3,1,1.0,0.0
경남,2021-05-21,21.76153846153846,0,2.0,4,1,1.0,1.0
경남,2021-05-22,27.161538461538463,0,1.0,5,1,1.0,1.0
경남,2021-05-23,29.246153846153845,0,1.0,6,1,1.0,1.0
경남,2021-05-24,25.53076923076923,0,2.0,0,1,1.0,1.0
경남,2021-05-25,24.72307692307692,0,0.0,1,0,1.0,1.0
경남,2021-05-26,23.569230769230767,0,0.0,2,0,0.0,1.0
경남,2021-05-27,23.415384615384614,0,0.0,3,0,0.0,0.0
경남,2021-05-28,24.846153846153847,0,1.0,4,1,0.0,0.0
경남,2021-05-29,25.661538461538463,0,0.0,5,0,1.0,0.0
경남,2021-05-30,26.676923076923078,0,0.0,6,0,0.0,1.0
경남,2021-05-31,27.599999999999998,0,0.0,0,0,0.0,0.0
경남,2021-06-01,28.46153846153846,1,0.0,1,0,0.0,0.0
경남,2021-06-02,28.192307692307693,0,0.0,2,0,0.0,0.0
경남,2021-06-03,19.876923076923074,0,0.0,3,0,0.0,0.0
경남,2021-06-04,26.346153846153847,0,2.0,4,1,0.0,0.0
경남,2021-06-05,26.95384615384615,0,3.0,5,1,1.0,0.0
경남,2021-06-06,27.675,0,2.0,6,1,1.0,1.0
경남,2021-06-07,29.307692307692307,1,0.0,0,0,1.0,1.0
경남,2021-06-08,30.623076923076926,2,1.0,1,1,0.0,1.0
경남,2021-06-09,30.753846153846155,1,1.0,2,1,1.0,0.0
경남,2021-06-10,27.45384615384615,0,3.0,3,1,1.0,1.0
경남,2021-06-11,24.338461538461537,0,1.0,4,1,1.0,1.0
경남,2021-06-12,26.053846153846152,0,1.0,5,1,1.0,1.0
경남,2021-06-13,29.430769230769233,0,4.0,6,1,1.0,1.0
경남,2021-06-14,27.446153846153848,0,1.0,0,1,1.0,1.0
경남,2021-06-15,23.153846153846153,0,4.0,1,1,1.0,1.0
경남,2021-06-16,23.63076923076923,0,1.0,2,1,1.0,1.0
경남,2021-06-17,24.93846153846154,0,0.0,3,0,1.0,1.0
경남,2021-06-18,24.876923076923074,0,0.0,4,0,0.0,1.0
경남,2021-06-19,29.95384615384615,1,3.0,5,1,0.0,0.0
경남,2021-06-20,29.99230769230769,2,1.0,6,1,1.0,0.0
경남,2021-06-21,30.83076923076923,0,1.0,0,1,1.0,1.0
경남,2021-06-22,26.984615384615385,0,5.0,1,1,1.0,1.0
경남,2021-06-23,25.6,0,5.0,2,1,1.0,1.0
경남,2021-06-24,26.73076923076923,0,1.0,3,1,1.0,1.0
경남,2021-06-25,28.615384615384617,0,1.0,4,1,1.0,1.0
경남,2021-06-26,27.815384615384616,0,2.0,5,1,1.0,1.0
경남,2021-06-27,29.292307692307695,0,1.0,6,1,1.0,1.0
경남,2021-06-28,29.161538461538463,0,0.0,0,0,1.0,1.0
경남,2021-06-29,28.86923076923077,0,3.0,1,1,0.0,1.0
경남,2021-06-30,29.392307692307693,0,1.0,2,1,1.0,0.0
경남,2021-07-01,31.423076923076923,0,1.0,3,1,1.0,1.0
경남,2021-07-02,30.16923076923077,0,2.0,4,1,1.0,1.0
경남,2021-07-03,25.23846153846154,0,4.0,5,1,1.0,1.0
경남,2021-07-04,29.153846153846153,1,2.0,6,1,1.0,1.0
경남,2021-07-05,24.715384615384615,0,0.0,0,0,1.0,1.0
경남,2021-07-06,24.976923076923075,0,0.0,1,0,0.0,1.0
경남,2021-07-07,26.753846153846155,0,2.0,2,1,0.0,0.0
경남,2021-07-08,28.93846153846154,0,1.0,3,1,1.0,0.0
경남,2021-07-09,29.861538461538462,1,4.0,4,1,1.0,1.0
경남,2021-07-10,30.200000000000003,1,0.0,5,0,1.0,1.0
경남,2021-07-11,31.584615384615386,5,3.0,6,1,0.0,1.0
경남,2021-07-12,32.823076923076925,5,3.0,0,1,1.0,0.0
경남,2021-07-13,31.96923076923077,4,0.0,1,0,1.0,1.0
경남,2021-07-14,32.715384615384615,7,1.0,2,1,0.0,1.0
경남,2021-07-15,32.43846153846154,2,1.0,3,1,1.0,0.0
경남,2021-07-16,32.330769230769235,3,9.0,4,1,1.0,1.0
경남,2021-07-17,30.184615384615384,0,1.0,5,1,1.0,1.0
경남,2021-07-18,31.284615384615385,2,0.0,6,0,1.0,1.0
경남,2021-07-19,30.700000000000003,1,0.0,0,0,0.0,1.0
경남,2021-07-20,31.907692307692308,6,1.0,1,1,0.0,0.0
경남,2021-07-21,32.99230769230769,5,1.0,2,1,1.0,0.0
경남,2021-07-22,32.723076923076924,5,1.0,3,1,1.0,1.0
경남,2021-07-23,32.53846153846154,1,0.0,4,0,1.0,1.0
경남,2021-07-24,32.776923076923076,5,1.0,5,1,0.0,1.0
경남,2021-07-25,32.23846153846154,1,0.0,6,0,1.0,0.0
경남,2021-07-26,32.53076923076923,1,2.0,0,1,0.0,1.0
경남,2021-07-27,33.676923076923075,4,1.0,1,1,1.0,0.0
경남,2021-07-28,33.684615384615384,3,1.0,2,1,1.0,1.0
경남,2021-07-29,33.43076923076923,2,2.0,3,1,1.0,1.0
경남,2021-07-30,33.63846153846154,0,0.0,4,0,1.0,1.0
경남,2021-07-31,33.84615384615385,6,2.0,5,1,0.0,1.0
경남,2021-08-01,33.88461538461539,12,4.0,6,1,1.0,0.0
경남,2021-08-02,32.792307692307695,3,3.0,0,1,1.0,1.0
경남,2021-08-03,32.43076923076923,1,3.0,1,1,1.0,1.0
경남,2021-08-04,34.784615384615385,2,3.0,2,1,1.0,1.0
경남,2021-08-05,35.684615384615384,4,0.0,3,0,1.0,1.0
경남,2021-08-06,36.146153846153844,3,0.0,4,0,0.0,1.0
경남,2021-08-07,36.184615384615384,5,2.0,5,1,0.0,0.0
경남,2021-08-08,28.946153846153848,0,0.0,6,0,1.0,0.0
경남,2021-08-09,33.223076923076924,2,0.0,0,0,0.0,1.0
경남,2021-08-10,31.146153846153844,0,0.0,1,0,0.0,0.0
경남,2021-08-11,30.96153846153846,0,1.0,2,1,0.0,0.0
경남,2021-08-12,30.86923076923077,0,1.0,3,1,1.0,0.0
경남,2021-08-13,28.753846153846155,0,0.0,4,0,1.0,1.0
경남,2021-08-14,26.807692307692307,0,1.0,5,1,0.0,1.0
경남,2021-08-15,29.676923076923078,1,0.0,6,0,1.0,0.0
경남,2021-08-16,29.476923076923075,0,1.0,0,1,0.0,1.0
경남,2021-08-17,28.16923076923077,0,1.0,1,1,1.0,0.0
경남,2021-08-18,27.799999999999997,0,1.0,2,1,1.0,1.0
경남,2021-08-19,29.86923076923077,0,0.0,3,0,1.0,1.0
경남,2021-08-20,30.1,1,0.0,4,0,0.0,1.0
경남,2021-08-21,25.323076923076922,0,2.0,5,1,0.0,0.0
경남,2021-08-22,30.700000000000003,0,1.0,6,1,1.0,0.0
경남,2021-08-23,25.661538461538463,0,4.0,0,1,1.0,1.0
경남,2021-08-24,28.715384615384615,0,15.0,1,1,1.0,1.0
경남,2021-08-25,26.861538461538462,0,3.0,2,1,1.0,1.0
경남,2021-08-26,32.0,4,2.0,3,1,1.0,1.0
경남,2021-08-27,30.469230769230766,0,1.0,4,1,1.0,1.0
경남,2021-08-28,30.876923076923074,2,0.0,5,0,1.0,1.0
경남,2021-08-29,29.49230769230769,0,2.0,6,1,0.0,1.0
경남,2021-08-30,30.607692307692307,1,2.0,0,1,1.0,0.0
경남,2021-08-31,30.515384615384615,1,0.0,1,0,1.0,1.0
경남,2021-09-01,29.138461538461538,0,0.0,2,0,0.0,1.0
경남,2021-09-02,24.392307692307693,1,1.0,3,1,0.0,0.0
경남,2021-09-03,23.815384615384616,0,0.0,4,0,1.0,0.0
경남,2021-09-04,26.77692307692308,0,0.0,5,0,0.0,1.0
경남,2021-09-05,24.753846153846155,0,1.0,6,1,0.0,0.0
경남,2021-09-06,24.553846153846152,0,2.0,0,1,1.0,0.0
경남,2021-09-07,25.73846153846154,0,0.0,1,0,1.0,1.0
경남,2021-09-08,28.923076923076923,2,1.0,2,1,0.0,1.0
경남,2021-09-09,28.86923076923077,1,0.0,3,0,1.0,0.0
경남,2021-09-10,25.069230769230767,0,1.0,4,1,0.0,1.0
경남,2021-09-11,30.123076923076926,0,0.0,5,0,1.0,0.0
경남,2021-09-12,29.96923076923077,0,1.0,6,1,0.0,1.0
경남,2021-09-13,26.707692307692305,0,0.0,0,0,1.0,0.0
경남,2021-09-14,22.95384615384615,0,0.0,1,0,0.0,1.0
경남,2021-09-15,27.692307692307693,0,1.0,2,1,0.0,0.0
경남,2021-09-16,25.04615384615385,0,1.0,3,1,1.0,0.0
경남,2021-09-17,22.576923076923077,0,4.0,4,1,1.0,1.0
경남,2021-09-18,27.83076923076923,0,0.0,5,0,1.0,1.0
경남,2021-09-19,27.853846153846156,0,0.0,6,0,0.0,1.0
경남,2021-09-20,26.815384615384616,0,0.0,0,0,0.0,0.0
경남,2021-09-21,26.03076923076923,0,1.0,1,1,0.0,0.0
경남,2021-09-22,27.915384615384614,0,5.0,2,1,1.0,0.0
경남,2021-09-23,27.5,0,0.0,3,0,1.0,1.0
경남,2021-09-24,26.661538461538463,1,2.0,4,1,0.0,1.0
경남,2021-09-25,25.592307692307692,0,0.0,5,0,1.0,0.0
경남,2021-09-26,25.407692307692308,0,1.0,6,1,0.0,1.0
경남,2021-09-27,25.907692307692308,0,1.0,0,1,1.0,0.0
경남,2021-09-28,25.376923076923074,0,0.0,1,0,1.0,1.0
경남,2021-09-29,26.715384615384615,0,1.0,2,1,0.0,1.0
경남,2021-09-30,26.907692307692308,0,0.0,3,0,1.0,0.0
경남,2022-05-01,20.72307692307692,0,0.0,6,0,0.0,1.0
경남,2022-05-02,21.053846153846152,0,1.0,0,1,0.0,0.0
경남,2022-05-03,21.069230769230767,0,0.0,1,0,1.0,0.0
경남,2022-05-04,24.23846153846154,0,0.0,2,0,0.0,1.0
경남,2022-05-05,25.307692307692307,0,1.0,3,1,0.0,0.0
경남,2022-05-06,26.807692307692307,0,1.0,4,1,1.0,0.0
경남,2022-05-07,26.638461538461538,0,0.0,5,0,1.0,1.0
경남,2022-05-08,21.76153846153846,0,0.0,6,0,0.0,1.0
경남,2022-05-09,22.33076923076923,0,0.0,0,0,0.0,0.0
경남,2022-05-10,23.26153846153846,0,2.0,1,1,0.0,0.0
경남,2022-05-11,25.415384615384614,0,0.0,2,0,1.0,0.0
경남,2022-05-12,24.72307692307692,0,0.0,3,0,0.0,1.0
경남,2022-05-13,21.26923076923077,0,0.0,4,0,0.0,0.0
경남,2022-05-14,24.476923076923075,0,0.0,5,0,0.0,0.0
경남,2022-05-15,22.200000000000003,0,0.0,6,0,0.0,0.0
경남,2022-05-16,24.56153846153846,0,0.0,0,0,0.0,0.0
경남,2022-05-17,26.692307692307693,0,0.0,1,0,0.0,0.0
경남,2022-05-18,27.99230769230769,0,1.0,2,1,0.0,0.0
경남,2022-05-19,26.584615384615386,0,0.0,3,0,1.0,0.0
경남,2022-05-20,26.141666666666666,0,0.0,4,0,0.0,1.0
경남,2022-05-21,29.215384615384615,0,0.0,5,0,0.0,0.0
경남,2022-05-22,31.1,0,0.0,6,0,0.0,0.0
경남,2022-05-23,29.123076923076926,0,1.0,0,1,0.0,0.0
경남,2022-05-24,31.73846153846154,1,1.0,1,1,1.0,0.0
경남,2022-05-25,29.653846153846153,2,0.0,2,0,1.0,1.0
경남,2022-05-26,27.892307692307693,0,0.0,3,0,0.0,1.0
경남,2022-05-27,28.976923076923075,0,1.0,4,1,0.0,0.0
경남,2022-05-28,30.192307692307693,0,0.0,5,0,1.0,0.0
경남,2022-05-29,29.153846153846153,0,0.0,6,0,0.0,1.0
경남,2022-05-30,27.346153846153847,0,2.0,0,1,0.0,0.0
경남,2022-05-31,29.984615384615385,0,0.0,1,0,1.0,0.0
경남,2022-06-01,30.115384615384617,0,0.0,2,0,0.0,1.0
경남,2022-06-02,30.138461538461538,1,0.0,3,0,0.0,0.0
경남,2022-06-03,30.699999999999996,1,1.0,4,1,0.0,0.0
경남,2022-06-04,27.799999999999997,0,1.0,5,1,1.0,0.0
경남,2022-06-05,19.846153846153847,0,0.0,6,0,1.0,1.0
경남,2022-06-06,25.823076923076922,1,2.0,0,1,0.0,1.0
경남,2022-06-07,21.338461538461537,0,0.0,1,0,1.0,0.0
경남,2022-06-08,22.4,0,0.0,2,0,0.0,1.0
경남,2022-06-09,25.884615384615383,0,0.0,3,0,0.0,0.0
경남,2022-06-10,26.5,0,2.0,4,1,0.0,0.0
경남,2022-06-11,27.584615384615386,0,0.0,5,0,1.0,0.0
경남,2022-06-12,26.6,1,3.0,6,1,0.0,1.0
경남,2022-06-13,23.907692307692308,0,1.0,0,1,1.0,0.0
경남,2022-06-14,18.715384615384615,0,2.0,1,1,1.0,1.0
경남,2022-06-15,25.553846153846152,0,0.0,2,0,1.0,1.0
경남,2022-06-16,28.66923076923077,1,1.0,3,1,0.0,1.0
경남,2022-06-17,28.838461538461537,0,0.0,4,0,1.0,0.0
경남,2022-06-18,30.63076923076923,1,1.0,5,1,0.0,1.0
경남,2022-06-19,30.592307692307692,3,0.0,6,0,1.0,0.0
경남,2022-06-20,31.284615384615385,4,1.0,0,1,0.0,1.0
경남,2022-06-21,31.715384615384615,1,1.0,1,1,1.0,0.0
경남,2022-06-22,32.36923076923077,1,2.0,2,1,1.0,1.0
경남,2022-06-23,27.04615384615385,0,0.0,3,0,1.0,1.0
경남,2022-06-24,28.446153846153848,1,1.0,4,1,0.0,1.0
경남,2022-06-25,29.853846153846156,0,0.0,5,0,1.0,0.0
경남,2022-06-26,29.407692307692308,2,1.0,6,1,0.0,1.0
경남,2022-06-27,27.307692307692307,0,4.0,0,1,1.0,0.0
경남,2022-06-28,28.184615384615384,0,2.0,1,1,1.0,1.0
경남,2022-06-29,28.838461538461537,1,1.0,2,1,1.0,1.0
경남,2022-06-30,30.56153846153846,1,0.0,3,0,1.0,1.0
경남,2022-07-01,32.54615384615384,10,0.0,4,0,0.0,1.0
경남,2022-07-02,33.89230769230769,15,1.0,5,1,0.0,0.0
경남,2022-07-03,33.54615384615385,2,0.0,6,0,1.0,0.0
경남,2022-07-04,31.684615384615384,3,1.0,0,1,0.0,1.0
경남,2022-07-05,32.7,4,1.0,1,1,1.0,0.0
경남,2022-07-06,32.392307692307696,2,3.0,2,1,1.0,1.0
경남,2022-07-07,32.207692307692305,8,0.0,3,0,1.0,1.0
경남,2022-07-08,31.053846153846152,1,4.0,4,1,0.0,1.0
경남,2022-07-09,33.13846153846154,4,0.0,5,0,1.0,0.0
경남,2022-07-10,32.53076923076923,2,0.0,6,0,0.0,1.0
경남,2022-07-11,28.292307692307695,0,0.0,0,0,0.0,0.0
경남,2022-07-12,29.93846153846154,0,1.0,1,1,0.0,0.0
경남,2022-07-13,26.799999999999997,1,2.0,2,1,1.0,0.0
경남,2022-07-14,33.107692307692304,3,1.0,3,1,1.0,1.0
경남,2022-07-15,32.93076923076923,4,1.0,4,1,1.0,1.0
경남,2022-07-16,32.676923076923075,1,1.0,5,1,1.0,1.0
경남,2022-07-17,31.707692307692305,0,0.0,6,0,1.0,1.0
경남,2022-07-18,25.46153846153846,0,0.0,0,0,0.0,1.0
경남,2022-07-19,31.838461538461537,2,2.0,1,1,0.0,0.0
경남,2022-07-20,32.58461538461538,5,1.0,2,1,1.0,0.0
경남,2022-07-21,30.807692307692307,1,3.0,3,1,1.0,1.0
경남,2022-07-22,30.846153846153847,1,1.0,4,1,1.0,1.0
경남,2022-07-23,28.076923076923077,1,0.0,5,0,1.0,1.0
경남,2022-07-24,30.523076923076925,1,0.0,6,0,0.0,1.0
경남,2022-07-25,32.4,1,1.0,0,1,0.0,0.0
경남,2022-07-26,31.576923076923077,1,1.0,1,1,1.0,0.0
경남,2022-07-27,31.199999999999996,1,1.0,2,1,1.0,1.0
경남,2022-07-28,30.884615384615383,2,0.0,3,0,1.0,1.0
경남,2022-07-29,33.80769230769231,1,2.0,4,1,0.0,1.0
경남,2022-07-30,29.95384615384615,0,1.0,5,1,1.0,0.0
경남,2022-07-31,27.96923076923077,0,0.0,6,0,1.0,1.0
경남,2022-08-01,29.523076923076925,0,2.0,0,1,0.0,1.0
경남,2022-08-02,30.176923076923078,0,1.0,1,1,1.0,0.0
경남,2022-08-03,32.292307692307695,2,0.0,2,0,1.0,1.0
경남,2022-08-04,33.52307692307692,3,2.0,3,1,0.0,1.0
경남,2022-08-05,33.00769230769231,3,0.0,4,0,1.0,0.0
경남,2022-08-06,34.65384615384615,10,0.0,5,0,0.0,1.0
경남,2022-08-07,33.93846153846154,5,1.0,6,1,0.0,0.0
경남,2022-08-08,32.5,5,2.0,0,1,1.0,0.0
경남,2022-08-09,32.09230769230769,3,1.0,1,1,1.0,1.0
경남,2022-08-10,30.299999999999997,1,1.0,2,1,1.0,1.0
경남,2022-08-11,27.946153846153848,0,0.0,3,0,1.0,1.0
경남,2022-08-12,33.70769230769231,3,0.0,4,0,0.0,1.0
경남,2022-08-13,32.66153846153846,3,4.0,5,1,0.0,0.0
경남,2022-08-14,33.184615384615384,0,1.0,6,1,1.0,0.0
경남,2022-08-15,32.96923076923077,4,1.0,0,1,1.0,1.0
경남,2022-08-16,28.638461538461538,0,0.0,1,0,1.0,1.0
경남,2022-08-17,27.26153846153846,0,3.0,2,1,0.0,1.0
경남,2022-08-18,30.63076923076923,0,2.0,3,1,1.0,0.0
경남,2022-08-19,31.430769230769233,0,0.0,4,0,1.0,1.0
경남,2022-08-20,28.646153846153844,0,0.0,5,0,0.0,1.0
경남,2022-08-21,31.430769230769233,1,1.0,6,1,0.0,0.0
경남,2022-08-22,31.876923076923074,3,0.0,0,0,1.0,0.0
경남,2022-08-23,29.638461538461538,1,0.0,1,0,0.0,1.0
경남,2022-08-24,24.692307692307693,0,2.0,2,1,0.0,0.0
경남,2022-08-25,29.53846153846154,0,0.0,3,0,1.0,0.0
경남,2022-08-26,29.53076923076923,1,0.0,4,0,0.0,1.0
경남,2022-08-27,28.476923076923075,1,0.0,5,0,0.0,0.0
경남,2022-08-28,27.592307692307692,0,0.0,6,0,0.0,0.0
경남,2022-08-29,25.915384615384614,0,1.0,0,1,0.0,0.0
경남,2022-08-30,23.700000000000003,0,0.0,1,0,1.0,0.0
경남,2022-08-31,25.700000000000003,0,0.0,2,0,0.0,1.0
경남,2022-09-01,24.653846153846153,0,0.0,3,0,0.0,0.0
경남,2022-09-02,22.676923076923078,0,0.0,4,0,0.0,0.0
경남,2022-09-03,24.292307692307695,0,1.0,5,1,0.0,0.0
경남,2022-09-04,30.284615384615385,2,0.0,6,0,1.0,0.0
경남,2022-09-05,26.93846153846154,0,4.0,0,1,0.0,1.0
경남,2022-09-06,27.54615384615385,0,28.0,1,1,1.0,0.0
경남,2022-09-07,29.107692307692307,0,1.0,2,1,1.0,1.0
경남,2022-09-08,28.63076923076923,0,0.0,3,0,1.0,1.0
경남,2022-09-09,28.484615384615385,0,0.0,4,0,0.0,1.0
경남,2022-09-10,25.023076923076925,0,0.0,5,0,0.0,0.0
경남,2022-09-11,28.192307692307693,0,0.0,6,0,0.0,0.0
경남,2022-09-12,25.607692307692307,0,1.0,0,1,0.0,0.0
경남,2022-09-13,28.984615384615385,0,2.0,1,1,1.0,0.0
경남,2022-09-14,28.49230769230769,0,1.0,2,1,1.0,1.0
경남,2022-09-15,28.115384615384617,0,0.0,3,0,1.0,1.0
경남,2022-09-16,29.107692307692307,0,1.0,4,1,0.0,1.0
경남,2022-09-17,31.523076923076925,1,1.0,5,1,1.0,0.0
경남,2022-09-18,31.292307692307695,0,0.0,6,0,1.0,1.0
경남,2022-09-19,30.623076923076926,0,0.0,0,0,0.0,1.0
경남,2022-09-20,24.253846153846155,0,0.0,1,0,0.0,0.0
경남,2022-09-21,23.515384615384615,0,0.0,2,0,0.0,0.0
경남,2022-09-22,25.246153846153845,0,1.0,3,1,0.0,0.0
경남,2022-09-23,27.284615384615385,0,0.0,4,0,1.0,0.0
경남,2022-09-24,25.33076923076923,0,1.0,5,1,0.0,1.0
경남,2022-09-25,22.338461538461537,0,0.0,6,0,1.0,0.0
경남,2022-09-26,21.73846153846154,0,1.0,0,1,0.0,1.0
경남,2022-09-27,26.86923076923077,0,0.0,1,0,1.0,0.0
경남,2022-09-28,25.815384615384616,0,0.0,2,0,0.0,1.0
경남,2022-09-29,28.176923076923078,0,1.0,3,1,0.0,0.0
경남,2022-09-30,28.846153846153847,0,0.0,4,0,1.0,0.0
경남,2023-05-01,22.715384615384615,0,0.0,0,0,0.0,1.0
경남,2023-05-02,24.246153846153845,0,1.0,1,1,0.0,0.0
경남,2023-05-03,22.50769230769231,0,1.0,2,1,1.0,0.0
경남,2023-05-04,19.784615384615385,0,2.0,3,1,1.0,1.0
경남,2023-05-05,20.73846153846154,0,3.0,4,1,1.0,1.0
경남,2023-05-06,20.338461538461537,0,3.0,5,1,1.0,1.0
경남,2023-05-07,13.399999999999999,0,0.0,6,0,1.0,1.0
경남,2023-05-08,21.607692307692307,0,2.0,0,1,0.0,1.0
경남,2023-05-09,25.653846153846153,0,0.0,1,0,1.0,0.0
경남,2023-05-10,26.353846153846156,0,1.0,2,1,0.0,1.0
경남,2023-05-11,25.107692307692307,0,3.0,3,1,1.0,0.0
경남,2023-05-12,23.584615384615386,0,0.0,4,0,1.0,1.0
경남,2023-05-13,20.092307692307692,0,1.0,5,1,0.0,1.0
경남,2023-05-14,25.284615384615385,0,1.0,6,1,1.0,0.0
경남,2023-05-15,26.349999999999998,0,0.0,0,0,1.0,1.0
경남,2023-05-16,29.715384615384615,0,0.0,1,0,0.0,1.0
경남,2023-05-17,28.346153846153847,0,0.0,2,0,0.0,0.0
경남,2023-05-18,19.95384615384615,0,1.0,3,1,0.0,0.0
경남,2023-05-19,22.323076923076922,0,1.0,4,1,1.0,0.0
경남,2023-05-20,26.03076923076923,0,0.0,5,0,1.0,1.0
경남,2023-05-21,28.00769230769231,3,0.0,6,0,0.0,1.0
경남,2023-05-22,20.384615384615383,0,0.0,0,0,0.0,0.0
경남,2023-05-23,25.292307692307695,0,0.0,1,0,0.0,0.0
경남,2023-05-24,25.584615384615386,0,1.0,2,1,0.0,0.0
경남,2023-05-25,25.515384615384615,0,0.0,3,0,1.0,0.0
경남,2023-05-26,24.592307692307692,0,0.0,4,0,0.0,1.0
경남,2023-05-27,26.392307692307693,0,0.0,5,0,0.0,0.0
경남,2023-05-28,23.084615384615386,0,1.0,6,1,0.0,0.0
경남,2023-05-29,23.00769230769231,0,0.0,0,0,1.0,0.0
경남,2023-05-30,23.692307692307693,0,0.0,1,0,0.0,1.0
경남,2023-05-31,26.815384615384616,0,0.0,2,0,0.0,0.0
경남,2023-06-01,18.86923076923077,0,2.0,3,1,0.0,0.0
경남,2023-06-02,30.930769230769233,2,0.0,4,0,1.0,0.0
경남,2023-06-03,28.23076923076923,1,1.0,5,1,0.0,1.0
경남,2023-06-04,29.123076923076926,1,1.0,6,1,1.0,0.0
경남,2023-06-05,26.846153846153847,0,0.0,0,0,1.0,1.0
경남,2023-06-06,26.96923076923077,0,1.0,1,1,0.0,1.0
경남,2023-06-07,28.138461538461538,0,2.0,2,1,1.0,0.0
경남,2023-06-08,27.299999999999997,0,0.0,3,0,1.0,1.0
경남,2023-06-09,29.092307692307692,0,1.0,4,1,0.0,1.0
경남,2023-06-10,28.253846153846155,1,0.0,5,0,1.0,0.0
경남,2023-06-11,28.04615384615385,1,0.0,6,0,0.0,1.0
경남,2023-06-12,29.107692307692307,0,1.0,0,1,0.0,0.0
경남,2023-06-13,28.3,0,0.0,1,0,1.0,0.0
경남,2023-06-14,28.315384615384616,0,1.0,2,1,0.0,1.0
경남,2023-06-15,26.83076923076923,0,2.0,3,1,1.0,0.0
경남,2023-06-16,30.96923076923077,1,0.0,4,0,1.0,1.0
경남,2023-06-17,31.46923076923077,0,0.0,5,0,0.0,1.0
경남,2023-06-18,32.353846153846156,2,0.0,6,0,0.0,0.0
경남,2023-06-19,31.4,2,1.0,0,1,0.0,0.0
경남,2023-06-20,28.607692307692307,1,0.0,1,0,1.0,0.0
경남,2023-06-21,24.22307692307692,0,2.0,2,1,0.0,1.0
경남,2023-06-22,28.976923076923075,0,0.0,3,0,1.0,0.0
경남,2023-06-23,30.115384615384617,3,0.0,4,0,0.0,1.0
경남,2023-06-24,29.299999999999997,0,1.0,5,1,0.0,0.0
경남,2023-06-25,26.407692307692308,0,2.0,6,1,1.0,0.0
경남,2023-06-26,26.5,0,2.0,0,1,1.0,1.0
경남,2023-06-27,29.63076923076923,0,2.0,1,1,1.0,1.0
경남,2023-06-28,27.846153846153847,1,0.0,2,0,1.0,1.0
경남,2023-06-29,26.923076923076923,0,3.0,3,1,0.0,1.0
경남,2023-06-30,26.707692307692305,0,1.0,4,1,1.0,0.0
경남,2023-07-01,29.27692307692308,0,2.0,5,1,1.0,1.0
경남,2023-07-02,31.930769230769233,3,1.0,6,1,1.0,1.0
경남,2023-07-03,30.176923076923078,4,1.0,0,1,1.0,1.0
경남,2023-07-04,26.069230769230767,0,0.0,1,0,1.0,1.0
경남,2023-07-05,31.1,1,2.0,2,1,0.0,1.0
경남,2023-07-06,31.923076923076923,1,2.0,3,1,1.0,0.0
경남,2023-07-07,24.76153846153846,0,0.0,4,0,1.0,1.0
경남,2023-07-08,25.96923076923077,0,0.0,5,0,0.0,1.0
경남,2023-07-09,28.661538461538463,0,0.0,6,0,0.0,0.0
경남,2023-07-10,30.5,3,0.0,0,0,0.0,0.0
경남,2023-07-11,29.307692307692307,1,9.0,1,1,0.0,0.0
경남,2023-07-12,28.584615384615386,1,7.0,2,1,1.0,0.0
경남,2023-07-13,27.9,2,1.0,3,1,1.0,1.0
경남,2023-07-14,26.976923076923075,1,1.0,4,1,1.0,1.0
경남,2023-07-15,28.54615384615385,1,0.0,5,0,1.0,1.0
경남,2023-07-16,26.215384615384615,0,0.0,6,0,0.0,1.0
경남,2023-07-17,30.4,1,6.0,0,1,0.0,0.0
경남,2023-07-18,25.7,0,1.0,1,1,1.0,0.0
경남,2023-07-19,29.125,1,1.0,2,1,1.0,1.0
경남,2023-07-20,31.86923076923077,6,1.0,3,1,1.0,1.0
경남,2023-07-21,31.376923076923074,2,2.0,4,1,1.0,1.0
경남,2023-07-22,27.43846153846154,0,0.0,5,0,1.0,1.0
경남,2023-07-23,29.430769230769233,0,1.0,6,1,0.0,1.0
경남,2023-07-24,29.476923076923075,0,2.0,0,1,1.0,0.0
경남,2023-07-25,30.546153846153842,3,3.0,1,1,1.0,1.0
경남,2023-07-26,31.83076923076923,1,7.0,2,1,1.0,1.0
경남,2023-07-27,33.36923076923077,11,0.0,3,0,1.0,1.0
경남,2023-07-28,32.91538461538461,14,0.0,4,0,0.0,1.0
경남,2023-07-29,34.51538461538461,11,0.0,5,0,0.0,0.0
경남,2023-07-30,33.46153846153846,8,0.0,6,0,0.0,0.0
경남,2023-07-31,34.59230769230769,9,1.0,0,1,0.0,0.0
경남,2023-08-01,34.01538461538461,3,1.0,1,1,1.0,0.0
경남,2023-08-02,34.96923076923077,5,0.0,2,0,1.0,1.0
경남,2023-08-03,34.97692307692308,11,0.0,3,0,0.0,1.0
경남,2023-08-04,34.66153846153846,14,1.0,4,1,0.0,0.0
경남,2023-08-05,35.823076923076925,15,0.0,5,0,1.0,0.0
경남,2023-08-06,34.823076923076925,5,5.0,6,1,0.0,1.0
경남,2023-08-07,35.6,5,0.0,0,0,1.0,0.0
경남,2023-08-08,34.45384615384615,7,1.0,1,1,0.0,1.0
경남,2023-08-09,27.823076923076922,1,0.0,2,0,1.0,0.0
경남,2023-08-10,27.284615384615385,0,2.0,3,1,0.0,1.0
경남,2023-08-11,31.45384615384615,0,2.0,4,1,1.0,0.0
경남,2023-08-12,32.215384615384615,5,1.0,5,1,1.0,1.0
경남,2023-08-13,32.353846153846156,4,3.0,6,1,1.0,1.0
경남,2023-08-14,32.784615384615385,6,0.0,0,0,1.0,1.0
경남,2023-08-15,33.43846153846154,3,0.0,1,0,0.0,1.0
경남,2023-08-16,31.27692307692308,1,2.0,2,1,0.0,0.0
경남,2023-08-17,30.476923076923075,2,3.0,3,1,1.0,0.0
경남,2023-08-18,30.807692307692307,4,0.0,4,0,1.0,1.0
경남,2023-08-19,30.06153846153846,0,2.0,5,1,0.0,1.0
경남,2023-08-20,33.330769230769235,5,1.0,6,1,1.0,0.0
경남,2023-08-21,32.80769230769231,2,1.0,0,1,1.0,1.0
경남,2023-08-22,32.43076923076923,8,0.0,1,0,1.0,1.0
경남,2023-08-23,32.207692307692305,1,1.0,2,1,0.0,1.0
경남,2023-08-24,29.053846153846152,0,0.0,3,0,1.0,0.0
경남,2023-08-25,31.83076923076923,0,1.0,4,1,0.0,1.0
경남,2023-08-26,32.292307692307695,1,0.0,5,0,1.0,0.0
경남,2023-08-27,31.930769230769233,0,0.0,6,0,0.0,1.0
경남,2023-08-28,29.346153846153847,0,0.0,0,0,0.0,0.0
경남,2023-08-29,28.66923076923077,0,4.0,1,1,0.0,0.0
경남,2023-08-30,26.838461538461537,1,0.0,2,0,1.0,0.0
경남,2023-08-31,29.615384615384617,1,0.0,3,0,0.0,1.0
경남,2023-09-01,28.615384615384617,0,0.0,4,0,0.0,0.0
경남,2023-09-02,28.415384615384614,0,1.0,5,1,0.0,0.0
경남,2023-09-03,31.36923076923077,2,1.0,6,1,1.0,0.0
경남,2023-09-04,31.883333333333336,1,0.0,0,0,1.0,1.0
경남,2023-09-05,31.45384615384615,2,1.0,1,1,0.0,1.0
경남,2023-09-06,31.238461538461536,2,0.0,2,0,1.0,0.0
경남,2023-09-07,29.815384615384616,0,0.0,3,0,0.0,1.0
경남,2023-09-08,29.476923076923075,1,1.0,4,1,0.0,0.0
경남,2023-09-09,30.23846153846154,0,1.0,5,1,1.0,0.0
경남,2023-09-10,30.246153846153845,0,0.0,6,0,1.0,1.0
경남,2023-09-11,30.607692307692307,2,0.0,0,0,0.0,1.0
경남,2023-09-12,30.26153846153846,1,1.0,1,1,0.0,0.0
경남,2023-09-13,28.338461538461537,1,1.0,2,1,1.0,0.0
경남,2023-09-14,25.200000000000003,0,1.0,3,1,1.0,1.0
경남,2023-09-15,25.95384615384615,0,0.0,4,0,1.0,1.0
경남,2023-09-16,25.56153846153846,0,4.0,5,1,0.0,1.0
경남,2023-09-17,27.823076923076922,0,2.0,6,1,1.0,0.0
경남,2023-09-18,30.49230769230769,0,0.0,0,0,1.0,1.0
경남,2023-09-19,29.77692307692308,0,2.0,1,1,0.0,1.0
경남,2023-09-20,25.792307692307695,0,2.0,2,1,1.0,0.0
경남,2023-09-21,25.0,0,1.0,3,1,1.0,1.0
경남,2023-09-22,26.976923076923075,0,0.0,4,0,1.0,1.0
경남,2023-09-23,26.076923076923077,0,1.0,5,1,0.0,1.0
경남,2023-09-24,26.592307692307692,0,0.0,6,0,1.0,0.0
경남,2023-09-25,26.96153846153846,0,2.0,0,1,0.0,1.0
경남,2023-09-26,24.16923076923077,0,1.0,1,1,1.0,0.0
경남,2023-09-27,28.253846153846155,0,0.0,2,0,1.0,1.0
경남,2023-09-28,29.207692307692305,0,1.0,3,1,0.0,1.0
경남,2023-09-29,28.700000000000003,0,0.0,4,0,1.0,0.0
경남,2023-09-30,24.27692307692308,0,0.0,5,0,0.0,1.0
경남,2024-05-01,19.123076923076923,0,0.0,2,0,0.0,0.0
경남,2024-05-02,23.407692307692308,0,0.0,3,0,0.0,0.0
경남,2024-05-03,26.015384615384615,0,0.0,4,0,0.0,0.0
경남,2024-05-04,26.207692307692305,0,0.0,5,0,0.0,0.0
경남,2024-05-05,19.846153846153847,0,4.0,6,1,0.0,0.0
경남,2024-05-06,21.63076923076923,0,1.0,0,1,1.0,0.0
경남,2024-05-07,20.284615384615385,0,0.0,1,0,1.0,1.0
경남,2024-05-08,19.007692307692306,0,0.0,2,0,0.0,1.0
경남,2024-05-09,23.876923076923074,0,1.0,3,1,0.0,0.0
경남,2024-05-10,26.215384615384615,0,0.0,4,0,1.0,0.0
경남,2024-05-11,23.63076923076923,0,0.0,5,0,0.0,1.0
경남,2024-05-12,24.161538461538463,0,3.0,6,1,0.0,0.0
경남,2024-05-13,25.415384615384614,0,1.0,0,1,1.0,0.0
경남,2024-05-14,26.73076923076923,0,1.0,1,1,1.0,1.0
경남,2024-05-15,25.923076923076923,0,1.0,2,1,1.0,1.0
경남,2024-05-16,22.83076923076923,0,3.0,3,1,1.0,1.0
경남,2024-05-17,25.73076923076923,0,0.0,4,0,1.0,1.0
경남,2024-05-18,27.746153846153845,0,0.0,5,0,0.0,1.0
경남,2024-05-19,30.415384615384614,0,0.0,6,0,0.0,0.0
경남,2024-05-20,30.26923076923077,0,1.0,0,1,0.0,0.0
경남,2024-05-21,25.415384615384614,0,1.0,1,1,1.0,0.0
경남,2024-05-22,27.484615384615385,0,1.0,2,1,1.0,1.0
경남,2024-05-23,30.99230769230769,1,0.0,3,0,1.0,1.0
경남,2024-05-24,30.03076923076923,1,0.0,4,0,0.0,1.0
경남,2024-05-25,24.00769230769231,0,1.0,5,1,0.0,0.0
경남,2024-05-26,24.823076923076922,0,1.0,6,1,1.0,0.0
경남,2024-05-27,25.76923076923077,0,0.0,0,0,1.0,1.0
경남,2024-05-28,25.815384615384616,0,0.0,1,0,0.0,1.0
경남,2024-05-29,28.00769230769231,1,1.0,2,1,0.0,0.0
경남,2024-05-30,25.923076923076923,0,0.0,3,0,1.0,0.0
경남,2024-05-31,28.77692307692308,0,1.0,4,1,0.0,1.0
경남,2024-06-01,27.299999999999997,0,0.0,5,0,1.0,0.0
경남,2024-06-02,27.376923076923074,0,0.0,6,0,0.0,1.0
경남,2024-06-03,25.446153846153848,0,1.0,0,1,0.0,0.0
경남,2024-06-04,26.946153846153848,1,0.0,1,0,1.0,0.0
경남,2024-06-05,27.823076923076922,0,0.0,2,0,0.0,1.0
경남,2024-06-06,25.576923076923077,0,3.0,3,1,0.0,0.0
경남,2024-06-07,28.153846153846153,0,0.0,4,0,1.0,0.0
경남,2024-06-08,21.392307692307693,0,0.0,5,0,0.0,1.0
경남,2024-06-09,27.838461538461537,1,0.0,6,0,0.0,0.0
경남,2024-06-10,30.976923076923075,1,1.0,0,1,0.0,0.0
경남,2024-06-11,31.99230769230769,6,1.0,1,1,1.0,0.0
경남,2024-06-12,32.1,6,1.0,2,1,1.0,1.0
경남,2024-06-13,33.61538461538461,4,1.0,3,1,1.0,1.0
경남,2024-06-14,32.176923076923075,2,0.0,4,0,1.0,1.0
경남,2024-06-15,32.3,4,2.0,5,1,0.0,1.0
경남,2024-06-16,31.053846153846152,0,0.0,6,0,1.0,0.0
경남,2024-06-17,27.946153846153848,0,0.0,0,0,0.0,1.0
경남,2024-06-18,34.23846153846154,1,1.0,1,1,0.0,0.0
경남,2024-06-19,34.223076923076924,1,1.0,2,1,1.0,0.0
경남,2024-06-20,25.307692307692307,0,1.0,3,1,1.0,1.0
경남,2024-06-21,30.292307692307695,1,0.0,4,0,1.0,1.0
경남,2024-06-22,24.45384615384615,0,3.0,5,1,0.0,1.0
경남,2024-06-23,29.16923076923077,0,2.0,6,1,1.0,0.0
경남,2024-06-24,29.307692307692307,2,2.0,0,1,1.0,1.0
경남,2024-06-25,28.63076923076923,0,0.0,1,0,1.0,1.0
경남,2024-06-26,29.43846153846154,1,1.0,2,1,0.0,1.0
경남,2024-06-27,24.00769230769231,0,0.0,3,0,1.0,0.0
경남,2024-06-28,31.123076923076926,0,0.0,4,0,0.0,1.0
경남,2024-06-29,25.638461538461538,0,3.0,5,1,0.0,0.0
경남,2024-06-30,27.03076923076923,0,2.0,6,1,1.0,0.0
경남,2024-07-01,31.36923076923077,1,1.0,0,1,1.0,1.0
경남,2024-07-02,27.976923076923075,0,1.0,1,1,1.0,1.0
경남,2024-07-03,30.907692307692308,4,0.0,2,0,1.0,1.0
경남,2024-07-04,32.54615384615385,4,1.0,3,1,0.0,1.0
경남,2024-07-05,31.807692307692307,0,0.0,4,0,1.0,0.0
경남,2024-07-06,30.46153846153846,1,0.0,5,0,0.0,1.0
경남,2024-07-07,30.876923076923074,1,1.0,6,1,0.0,0.0
경남,2024-07-08,28.353846153846156,1,1.0,0,1,1.0,0.0
경남,2024-07-09,27.653846153846153,1,1.0,1,1,1.0,1.0
경남,2024-07-10,29.407692307692308,0,0.0,2,0,1.0,1.0
경남,2024-07-11,27.4,0,2.0,3,1,0.0,1.0
경남,2024-07-12,31.207692307692305,2,1.0,4,1,1.0,0.0
경남,2024-07-13,28.72307692307692,0,0.0,5,0,1.0,1.0
경남,2024-07-14,25.323076923076922,0,2.0,6,1,0.0,1.0
경남,2024-07-15,27.72307692307692,0,2.0,0,1,1.0,0.0
경남,2024-07-16,25.592307692307692,1,3.0,1,1,1.0,1.0
경남,2024-07-17,29.984615384615385,1,1.0,2,1,1.0,1.0
경남,2024-07-18,28.946153846153848,2,2.0,3,1,1.0,1.0
경남,2024-07-19,28.54615384615385,1,1.0,4,1,1.0,1.0
경남,2024-07-20,31.207692307692305,2,1.0,5,1,1.0,1.0
경남,2024-07-21,32.83846153846154,5,0.0,6,0,1.0,1.0
경남,2024-07-22,32.52307692307692,5,0.0,0,0,0.0,1.0
경남,2024-07-23,31.700000000000003,5,1.0,1,1,0.0,0.0
경남,2024-07-24,30.907692307692308,2,1.0,2,1,1.0,0.0
경남,2024-07-25,33.176923076923075,7,3.0,3,1,1.0,1.0
경남,2024-07-26,31.476923076923075,3,0.0,4,0,1.0,1.0
경남,2024-07-27,31.792307692307695,5,2.0,5,1,0.0,1.0
경남,2024-07-28,33.253846153846155,7,0.0,6,0,1.0,0.0
경남,2024-07-29,34.292307692307695,9,0.0,0,0,0.0,1.0
경남,2024-07-30,34.853846153846156,12,0.0,1,0,0.0,0.0
경남,2024-07-31,34.91538461538461,14,1.0,2,1,0.0,0.0
경남,2024-08-01,33.93846153846154,13,2.0,3,1,1.0,0.0
경남,2024-08-02,35.16153846153846,7,0.0,4,0,1.0,1.0
경남,2024-08-03,36.30769230769231,38,0.0,5,0,0.0,1.0
경남,2024-08-04,34.78333333333333,9,4.0,6,1,0.0,0.0
경남,2024-08-05,34.46666666666667,4,0.0,0,0,1.0,0.0
경남,2024-08-06,34.661538461538456,16,1.0,1,1,0.0,1.0
경남,2024-08-07,35.19230769230769,6,0.0,2,0,1.0,0.0
경남,2024-08-08,35.04615384615385,13,2.0,3,1,0.0,1.0
경남,2024-08-09,34.50769230769231,2,2.0,4,1,1.0,0.0
경남,2024-08-10,34.13846153846154,4,0.0,5,0,1.0,1.0
경남,2024-08-11,33.90769230769231,2,1.0,6,1,0.0,1.0
경남,2024-08-12,34.676923076923075,3,0.0,0,0,1.0,0.0
경남,2024-08-13,34.3,8,2.0,1,1,0.0,1.0
경남,2024-08-14,34.53076923076923,8,0.0,2,0,1.0,0.0
경남,2024-08-15,34.63846153846154,6,0.0,3,0,0.0,1.0
경남,2024-08-16,34.23076923076923,2,0.0,4,0,0.0,0.0
경남,2024-08-17,34.5,1,2.0,5,1,0.0,0.0
경남,2024-08-18,33.69230769230769,2,0.0,6,0,1.0,0.0
경남,2024-08-19,33.56923076923077,2,0.0,0,0,0.0,1.0
경남,2024-08-20,32.51538461538461,1,3.0,1,1,0.0,0.0
경남,2024-08-21,31.333333333333332,4,6.0,2,1,1.0,0.0
경남,2024-08-22,32.36923076923077,9,1.0,3,1,1.0,1.0
경남,2024-08-23,33.815384615384616,6,0.0,4,0,1.0,1.0
경남,2024-08-24,34.315384615384616,11,3.0,5,1,0.0,1.0
경남,2024-08-25,33.96923076923077,11,2.0,6,1,1.0,0.0
경남,2024-08-26,33.47692307692308,2,2.0,0,1,1.0,1.0
경남,2024-08-27,32.292307692307695,1,1.0,1,1,1.0,1.0
경남,2024-08-28,30.200000000000003,0,0.0,2,0,1.0,1.0
경남,2024-08-29,32.707692307692305,2,0.0,3,0,0.0,1.0
경남,2024-08-30,34.57692307692308,4,0.0,4,0,0.0,0.0
경남,2024-08-31,34.02307692307692,1,0.0,5,0,0.0,0.0
경남,2024-09-01,33.0,2,0.0,6,0,0.0,0.0
경남,2024-09-02,31.846153846153847,2,2.0,0,1,0.0,0.0
경남,2024-09-03,29.476923076923075,0,1.0,1,1,1.0,0.0
경남,2024-09-04,31.700000000000003,1,1.0,2,1,1.0,1.0
경남,2024-09-05,33.16153846153846,0,1.0,3,1,1.0,1.0
경남,2024-09-06,30.953846153846158,3,0.0,4,0,1.0,1.0
경남,2024-09-07,31.069230769230767,1,1.0,5,1,0.0,1.0
경남,2024-09-08,33.02307692307692,1,0.0,6,0,1.0,0.0
경남,2024-09-09,33.392307692307696,6,1.0,0,1,0.0,1.0
경남,2024-09-10,34.56923076923077,2,1.0,1,1,1.0,0.0
경남,2024-09-11,30.76153846153846,1,1.0,2,1,1.0,1.0
경남,2024-09-12,33.08461538461539,4,0.0,3,0,1.0,1.0
경남,2024-09-13,33.90769230769231,5,1.0,4,1,0.0,1.0
경남,2024-09-14,34.853846153846156,5,0.0,5,0,1.0,0.0
경남,2024-09-15,32.61538461538461,1,4.0,6,1,0.0,1.0
경남,2024-09-16,31.069230769230767,0,0.0,0,0,1.0,0.0
경남,2024-09-17,35.45384615384615,5,1.0,1,1,0.0,1.0
경남,2024-09-18,35.02307692307692,1,2.0,2,1,1.0,0.0
경남,2024-09-19,35.59230769230769,4,0.0,3,0,1.0,1.0
경남,2024-09-20,27.815384615384616,1,2.0,4,1,0.0,1.0
경남,2024-09-21,26.984615384615385,0,5.0,5,1,1.0,0.0
경남,2024-09-22,24.553846153846152,1,0.0,6,0,1.0,1.0
경남,2024-09-23,25.36923076923077,0,2.0,0,1,0.0,1.0
경남,2024-09-24,26.892307692307693,0,0.0,1,0,1.0,0.0
경남,2024-09-25,29.161538461538463,1,0.0,2,0,0.0,1.0
경남,2024-09-26,29.707692307692305,0,1.0,3,1,0.0,0.0
경남,2024-09-27,30.076923076923077,2,1.0,4,1,1.0,0.0
경남,2024-09-28,27.99230769230769,0,1.0,5,1,1.0,1.0
경남,2024-09-29,27.138461538461538,0,0.0,6,0,1.0,1.0
경남,2024-09-30,28.36923076923077,0,0.0,0,0,0.0,1.0
경남,2025-05-01,22.36923076923077,0,1.0,3,1,0.0,0.0
경남,2025-05-02,21.892307692307693,0,0.0,4,0,1.0,0.0
경남,2025-05-03,15.86923076923077,0,0.0,5,0,0.0,1.0
경남,2025-05-04,22.5,0,0.0,6,0,0.0,0.0
경남,2025-05-05,19.861538461538462,0,0.0,0,0,0.0,0.0
경남,2025-05-06,14.7,0,0.0,1,0,0.0,0.0
경남,2025-05-07,21.738461538461536,0,0.0,2,0,0.0,0.0
경남,2025-05-08,23.54615384615385,0,1.0,3,1,0.0,0.0
경남,2025-05-09,16.684615384615384,0,2.0,4,1,1.0,0.0
경남,2025-05-10,18.56153846153846,0,0.0,5,0,1.0,1.0
경남,2025-05-11,21.076923076923077,0,0.0,6,0,0.0,1.0
경남,2025-05-12,24.733333333333334,0,0.0,0,0,0.0,0.0
경남,2025-05-13,25.416666666666668,0,0.0,1,0,0.0,0.0
경남,2025-05-14,24.976923076923075,0,0.0,2,0,0.0,0.0
경남,2025-05-15,22.076923076923077,0,1.0,3,1,0.0,0.0
경남,2025-05-16,21.515384615384615,0,2.0,4,1,1.0,0.0
경남,2025-05-17,26.66923076923077,0,0.0,5,0,1.0,1.0
경남,2025-05-18,25.069230769230767,0,2.0,6,1,0.0,1.0
경남,2025-05-19,25.153846153846153,0,0.0,0,0,1.0,0.0
경남,2025-05-20,28.315384615384616,0,0.0,1,0,0.0,1.0
경남,2025-05-21,27.161538461538463,0,1.0,2,1,0.0,0.0
경남,2025-05-22,24.846153846153847,0,0.0,3,0,1.0,0.0
경남,2025-05-23,21.823076923076922,0,0.0,4,0,0.0,1.0
경남,2025-05-24,17.392307692307693,0,0.0,5,0,0.0,0.0
경남,2025-05-25,24.13076923076923,0,0.0,6,0,0.0,0.0
경남,2025-05-26,24.976923076923075,1,1.0,0,1,0.0,0.0
경남,2025-05-27,26.015384615384615,0,1.0,1,1,1.0,0.0
경남,2025-05-28,26.933333333333334,1,0.0,2,0,1.0,1.0
경남,2025-05-29,26.95,0,1.0,3,1,0.0,1.0
경남,2025-05-30,25.86923076923077,0,0.0,4,0,1.0,0.0
경남,2025-05-31,27.215384615384615,0,1.0,5,1,0.0,1.0
경남,2025-06-01,28.184615384615384,1,0.0,6,0,1.0,0.0
경남,2025-06-02,21.684615384615384,0,2.0,0,1,0.0,1.0
경남,2025-06-03,27.476923076923075,0,0.0,1,0,1.0,0.0
경남,2025-06-04,28.27692307692308,0,0.0,2,0,0.0,1.0
경남,2025-06-05,28.592307692307692,0,0.0,3,0,0.0,0.0
경남,2025-06-06,27.246153846153845,0,2.0,4,1,0.0,0.0
경남,2025-06-07,29.746153846153845,2,0.0,5,0,1.0,0.0
경남,2025-06-08,29.292307692307695,2,0.0,6,0,0.0,1.0
경남,2025-06-09,29.04615384615385,0,0.0,0,0,0.0,0.0
경남,2025-06-10,30.36923076923077,3,1.0,1,1,0.0,0.0
경남,2025-06-11,31.253846153846155,0,2.0,2,1,1.0,0.0
경남,2025-06-12,27.838461538461537,1,0.0,3,0,1.0,1.0
경남,2025-06-13,23.23076923076923,0,0.0,4,0,0.0,1.0
경남,2025-06-14,25.584615384615386,0,0.0,5,0,0.0,0.0
경남,2025-06-15,29.72307692307692,2,2.0,6,1,0.0,0.0
경남,2025-06-16,27.553846153846152,0,3.0,0,1,1.0,0.0
경남,2025-06-17,27.77692307692308,0,0.0,1,0,1.0,1.0
경남,2025-06-18,30.430769230769233,5,1.0,2,1,0.0,1.0
경남,2025-06-19,29.846153846153847,2,1.0,3,1,1.0,0.0
경남,2025-06-20,26.96923076923077,1,0.0,4,0,1.0,1.0
경남,2025-06-21,25.53846153846154,1,4.0,5,1,0.0,1.0
경남,2025-06-22,27.423076923076923,1,2.0,6,1,1.0,0.0
경남,2025-06-23,30.72307692307692,2,2.0,0,1,1.0,1.0
경남,2025-06-24,22.384615384615383,0,1.0,1,1,1.0,1.0
경남,2025-06-25,27.407692307692308,0,2.0,2,1,1.0,1.0
경남,2025-06-26,30.146153846153844,0,1.0,3,1,1.0,1.0
경남,2025-06-27,31.93846153846154,4,1.0,4,1,1.0,1.0
경남,2025-06-28,33.292307692307695,9,1.0,5,1,1.0,1.0
경남,2025-06-29,33.3,3,0.0,6,0,1.0,1.0
경남,2025-06-30,33.215384615384615,6,1.0,0,1,0.0,1.0
경남,2025-07-01,33.63846153846154,6,0.0,1,0,1.0,0.0
경남,2025-07-02,35.06923076923077,18,1.0,2,1,0.0,1.0
경남,2025-07-03,34.5,8,1.0,3,1,1.0,0.0
경남,2025-07-04,33.3,9,0.0,4,0,1.0,1.0
경남,2025-07-05,33.88461538461539,10,2.0,5,1,0.0,1.0
경남,2025-07-06,34.815384615384616,10,0.0,6,0,1.0,0.0
경남,2025-07-07,36.48461538461539,14,1.0,0,1,0.0,1.0
경남,2025-07-08,34.207692307692305,13,0.0,1,0,1.0,0.0
경남,2025-07-09,34.46923076923077,4,2.0,2,1,0.0,1.0
경남,2025-07-10,33.13846153846154,6,0.0,3,0,1.0,0.0
경남,2025-07-11,32.94615384615385,4,0.0,4,0,0.0,1.0
경남,2025-07-12,32.723076923076924,3,0.0,5,0,0.0,0.0
경남,2025-07-13,30.246153846153845,0,1.0,6,1,0.0,0.0
경남,2025-07-14,31.161538461538463,2,0.0,0,0,1.0,0.0
경남,2025-07-15,28.053846153846152,0,0.0,1,0,0.0,1.0
경남,2025-07-16,25.54615384615385,0,1.0,2,1,0.0,0.0
경남,2025-07-17,27.307692307692307,0,4.0,3,1,1.0,0.0
경남,2025-07-18,28.96923076923077,0,3.0,4,1,1.0,1.0
경남,2025-07-19,25.666666666666668,0,4.0,5,1,1.0,1.0
경남,2025-07-20,31.599999999999998,3,1.0,6,1,1.0,1.0
경남,2025-07-21,30.50769230769231,9,2.0,0,1,1.0,1.0
경남,2025-07-22,33.35384615384615,19,0.0,1,0,1.0,1.0
경남,2025-07-23,34.3,6,0.0,2,0,0.0,1.0
경남,2025-07-24,34.50769230769231,5,0.0,3,0,0.0,0.0
경남,2025-07-25,33.43846153846154,1,0.0,4,0,0.0,0.0
경남,2025-07-26,33.4,4,0.0,5,0,0.0,0.0
경남,2025-07-27,33.63076923076923,6,0.0,6,0,0.0,0.0
경남,2025-07-28,35.292307692307695,6,0.0,0,0,0.0,0.0
경남,2025-07-29,34.62307692307692,3,0.0,1,0,0.0,0.0
경남,2025-07-30,33.87692307692308,6,0.0,2,0,0.0,0.0
경남,2025-07-31,34.50769230769231,4,0.0,3,0,0.0,0.0
경남,2025-08-01,35.66153846153846,8,1.0,4,1,0.0,0.0
경남,2025-08-02,35.56153846153846,11,0.0,5,0,1.0,0.0
경남,2025-08-03,31.56153846153846,1,3.0,6,1,0.0,1.0
경남,2025-08-04,31.753846153846155,2,0.0,0,0,1.0,0.0
경남,2025-08-05,32.03076923076923,4,0.0,1,0,0.0,1.0
경남,2025-08-06,30.715384615384615,3,0.0,2,0,0.0,0.0
경남,2025-08-07,32.66153846153846,4,1.0,3,1,0.0,0.0
경남,2025-08-08,30.49230769230769,0,1.0,4,1,1.0,0.0
경남,2025-08-09,27.784615384615385,1,1.0,5,1,1.0,1.0
경남,2025-08-10,28.615384615384617,0,0.0,6,0,1.0,1.0
경남,2025-08-11,28.976923076923075,0,1.0,0,1,0.0,1.0
경남,2025-08-12,23.72307692307692,0,0.0,1,0,1.0,0.0
경남,2025-08-13,31.46923076923077,4,2.0,2,1,0.0,1.0
경남,2025-08-14,33.284615384615385,13,0.0,3,0,1.0,0.0
경남,2025-08-15,34.42307692307692,26,1.0,4,1,0.0,1.0
경남,2025-08-16,34.42307692307692,9,1.0,5,1,1.0,0.0
경남,2025-08-17,34.07692307692308,4,0.0,6,0,1.0,1.0
경남,2025-08-18,33.784615384615385,3,0.0,0,0,0.0,1.0
경남,2025-08-19,33.58461538461538,6,0.0,1,0,0.0,0.0
경남,2025-08-20,33.05384615384615,3,0.0,2,0,0.0,0.0
경남,2025-08-21,34.3,7,0.0,3,0,0.0,0.0
경남,2025-08-22,34.45384615384615,5,0.0,4,0,0.0,0.0
경남,2025-08-23,34.815384615384616,6,0.0,5,0,0.0,0.0
경남,2025-08-24,34.784615384615385,2,1.0,6,1,0.0,0.0
경남,2025-08-25,34.176923076923075,5,1.0,0,1,1.0,0.0
경남,2025-08-26,32.26153846153846,0,5.0,1,1,1.0,1.0
경남,2025-08-27,33.146153846153844,1,0.0,2,0,1.0,1.0
경남,2025-08-28,32.87692307692308,1,0.0,3,0,0.0,1.0
경남,2025-08-29,34.44615384615385,7,0.0,4,0,0.0,0.0
경남,2025-08-30,35.02307692307692,4,0.0,5,0,0.0,0.0
경남,2025-08-31,30.930769230769233,1,0.0,6,0,0.0,0.0
경남,2025-09-01,29.823076923076922,1,1.0,0,1,0.0,0.0
경남,2025-09-02,31.43846153846154,0,4.0,1,1,1.0,0.0
경남,2025-09-03,32.276923076923076,0,0.0,2,0,1.0,1.0
경남,2025-09-04,33.03076923076923,2,1.0,3,1,0.0,1.0
경남,2025-09-05,32.823076923076925,3,1.0,4,1,1.0,0.0
경남,2025-09-06,32.253846153846155,1,0.0,5,0,1.0,1.0
경남,2025-09-07,30.77692307692308,2,1.0,6,1,0.0,1.0
경남,2025-09-08,29.73846153846154,0,0.0,0,0,1.0,0.0
경남,2025-09-09,23.146153846153844,0,4.0,1,1,0.0,1.0
경남,2025-09-10,27.99230769230769,0,1.0,2,1,1.0,0.0
경남,2025-09-11,29.623076923076926,0,1.0,3,1,1.0,1.0
경남,2025-09-12,27.43846153846154,1,0.0,4,0,1.0,1.0
경남,2025-09-13,30.292307692307695,0,3.0,5,1,0.0,1.0
경남,2025-09-14,30.26923076923077,1,0.0,6,0,1.0,0.0
경남,2025-09-15,29.27692307692308,0,1.0,0,1,0.0,1.0
경남,2025-09-16,32.43076923076923,1,0.0,1,0,1.0,0.0
경남,2025-09-17,32.36153846153846,1,0.0,2,0,0.0,1.0
경남,2025-09-18,26.1,0,0.0,3,0,0.0,0.0
경남,2025-09-19,25.876923076923074,0,0.0,4,0,0.0,0.0
경남,2025-09-20,28.392307692307693,1,0.0,5,0,0.0,0.0
경남,2025-09-21,26.799999999999997,0,0.0,6,0,0.0,0.0
경남,2025-09-22,26.015384615384615,0,2.0,0,1,0.0,0.0
경남,2025-09-23,27.615384615384617,0,1.0,1,1,1.0,0.0
경남,2025-09-24,27.700000000000003,0,1.0,2,1,1.0,1.0
경남,2025-09-25,25.392307692307693,1,0.0,3,0,1.0,1.0
경남,2025-09-26,29.54615384615385,0,1.0,4,1,0.0,1.0
경남,2025-09-27,28.73846153846154,0,0.0,5,0,1.0,0.0
경남,2025-09-28,26.053846153846152,0,0.0,6,0,0.0,1.0
경남,2025-09-29,26.553846153846152,0,1.0,0,1,0.0,0.0
경남,2025-09-30,25.876923076923074,0,0.0,1,0,1.0,0.0
광주전남,2020-05-01,24.442857142857143,0,0.0,4,0,0.0,0.0
광주전남,2020-05-02,22.22142857142857,0,1.0,5,1,0.0,0.0
광주전남,2020-05-03,19.157142857142855,0,3.0,6,1,1.0,0.0
광주전남,2020-05-04,25.064285714285713,0,1.0,0,1,1.0,1.0
광주전남,2020-05-05,19.97142857142857,0,0.0,1,0,1.0,1.0
광주전남,2020-05-06,25.385714285714283,0,0.0,2,0,0.0,1.0
광주전남,2020-05-07,22.599999999999998,0,1.0,3,1,0.0,0.0
광주전남,2020-05-08,21.400000000000002,0,0.0,4,0,1.0,0.0
광주전남,2020-05-09,19.228571428571428,0,3.0,5,1,0.0,1.0
광주전남,2020-05-10,18.764285714285712,0,0.0,6,0,1.0,0.0
광주전남,2020-05-11,24.849999999999998,0,0.0,0,0,0.0,1.0
광주전남,2020-05-12,21.82857142857143,0,0.0,1,0,0.0,0.0
광주전남,2020-05-13,22.385714285714283,0,1.0,2,1,0.0,0.0
광주전남,2020-05-14,24.164285714285715,0,1.0,3,1,1.0,0.0
광주전남,2020-05-15,19.335714285714285,0,0.0,4,0,1.0,1.0
광주전남,2020-05-16,21.735714285714288,0,0.0,5,0,0.0,1.0
광주전남,2020-05-17,22.87857142857143,0,0.0,6,0,0.0,0.0
광주전남,2020-05-18,21.192857142857143,0,2.0,0,1,0.0,0.0
광주전남,2020-05-19,17.271428571428572,0,0.0,1,0,1.0,0.0
광주전남,2020-05-20,21.400000000000002,0,2.0,2,1,0.0,1.0
광주전남,2020-05-21,21.12142857142857,0,2.0,3,1,1.0,0.0
광주전남,2020-05-22,22.292857142857144,0,0.0,4,0,1.0,1.0
광주전남,2020-05-23,23.3,1,1.0,5,1,0.0,1.0
광주전남,2020-05-24,23.307142857142857,0,0.0,6,0,1.0,0.0
광주전남,2020-05-25,21.814285714285713,0,0.0,0,0,0.0,1.0
광주전남,2020-05-26,23.75,0,0.0,1,0,0.0,0.0
광주전남,2020-05-27,24.635714285714283,0,1.0,2,1,0.0,0.0
광주전남,2020-05-28,24.428571428571427,0,0.0,3,0,1.0,0.0
광주전남,2020-05-29,25.585714285714285,0,1.0,4,1,0.0,1.0
광주전남,2020-05-30,24.55,0,0.0,5,0,1.0,0.0
광주전남,2020-05-31,21.228571428571428,1,0.0,6,0,0.0,1.0
광주전남,2020-06-01,25.24285714285714,0,0.0,0,0,0.0,0.0
광주전남,2020-06-02,26.235714285714288,0,2.0,1,1,0.0,0.0
광주전남,2020-06-03,24.17142857142857,1,0.0,2,0,1.0,0.0
광주전남,2020-06-04,28.714285714285715,2,3.0,3,1,0.0,1.0
광주전남,2020-06-05,29.235714285714288,1,0.0,4,0,1.0,0.0
광주전남,2020-06-06,26.592857142857145,1,0.0,5,0,0.0,1.0
광주전남,2020-06-07,27.157142857142855,1,0.0,6,0,0.0,0.0
광주전남,2020-06-08,30.357142857142858,1,0.0,0,0,0.0,0.0
광주전남,2020-06-09,30.728571428571428,1,1.0,1,1,0.0,0.0
광주전남,2020-06-10,29.62142857142857,1,0.0,2,0,1.0,0.0
광주전남,2020-06-11,28.807142857142857,2,1.0,3,1,0.0,1.0
광주전남,2020-06-12,28.25714285714286,1,2.0,4,1,1.0,0.0
광주전남,2020-06-13,24.87857142857143,0,4.0,5,1,1.0,1.0
광주전남,2020-06-14,25.707142857142856,0,1.0,6,1,1.0,1.0
광주전남,2020-06-15,28.064285714285713,1,2.0,0,1,1.0,1.0
광주전남,2020-06-16,29.25714285714286,3,0.0,1,0,1.0,1.0
광주전남,2020-06-17,25.214285714285715,2,2.0,2,1,0.0,1.0
광주전남,2020-06-18,19.157142857142855,0,0.0,3,0,1.0,0.0
광주전남,2020-06-19,26.764285714285712,1,5.0,4,1,0.0,1.0
광주전남,2020-06-20,26.392857142857142,0,4.0,5,1,1.0,0.0
광주전남,2020-06-21,27.207142857142856,4,1.0,6,1,1.0,1.0
광주전남,2020-06-22,28.707142857142856,1,1.0,0,1,1.0,1.0
광주전남,2020-06-23,28.885714285714283,2,0.0,1,0,1.0,1.0
광주전남,2020-06-24,24.150000000000002,0,0.0,2,0,0.0,1.0
광주전남,2020-06-25,23.62142857142857,1,0.0,3,0,0.0,0.0
광주전남,2020-06-26,28.185714285714287,0,2.0,4,1,0.0,0.0
광주전남,2020-06-27,28.457142857142856,0,0.0,5,0,1.0,0.0
광주전남,2020-06-28,28.599999999999998,1,0.0,6,0,0.0,1.0
광주전남,2020-06-29,23.67142857142857,0,2.0,0,1,0.0,0.0
광주전남,2020-06-30,22.92142857142857,0,4.0,1,1,1.0,0.0
광주전남,2020-07-01,27.392307692307693,0,1.0,2,1,1.0,1.0
광주전남,2020-07-02,26.584615384615386,0,1.0,3,1,1.0,1.0
광주전남,2020-07-03,21.62857142857143,0,1.0,4,1,1.0,1.0
광주전남,2020-07-04,23.099999999999998,0,3.0,5,1,1.0,1.0
광주전남,2020-07-05,25.042857142857144,0,2.0,6,1,1.0,1.0
광주전남,2020-07-06,24.235714285714288,0,2.0,0,1,1.0,1.0
광주전남,2020-07-07,28.5,5,0.0,1,0,1.0,1.0
광주전남,2020-07-08,28.571428571428573,0,0.0,2,0,0.0,1.0
광주전남,2020-07-09,27.514285714285712,0,1.0,3,1,0.0,0.0
광주전남,2020-07-10,26.95,0,5.0,4,1,1.0,0.0
광주전남,2020-07-11,27.271428571428572,1,1.0,5,1,1.0,1.0
광주전남,2020-07-12,22.521428571428572,0,1.0,6,1,1.0,1.0
광주전남,2020-07-13,23.864285714285717,1,2.0,0,1,1.0,1.0
광주전남,2020-07-14,22.264285714285712,1,1.0,1,1,1.0,1.0
광주전남,2020-07-15,22.107142857142858,0,0.0,2,0,1.0,1.0
광주전남,2020-07-16,26.321428571428573,1,3.0,3,1,0.0,1.0
광주전남,2020-07-17,27.685714285714287,2,0.0,4,0,1.0,0.0
광주전남,2020-07-18,24.364285714285717,0,2.0,5,1,0.0,1.0
광주전남,2020-07-19,27.557142857142857,0,4.0,6,1,1.0,0.0
광주전남,2020-07-20,27.95,0,1.0,0,1,1.0,1.0
광주전남,2020-07-21,26.8,1,3.0,1,1,1.0,1.0
광주전남,2020-07-22,24.62142857142857,0,2.0,2,1,1.0,1.0
광주전남,2020-07-23,25.37142857142857,0,0.0,3,0,1.0,1.0
광주전남,2020-07-24,22.357142857142858,0,1.0,4,1,0.0,1.0
광주전남,2020-07-25,25.192857142857143,0,2.0,5,1,1.0,0.0
광주전남,2020-07-26,27.5,0,2.0,6,1,1.0,1.0
광주전남,2020-07-27,25.685714285714287,0,2.0,0,1,1.0,1.0
광주전남,2020-07-28,27.95,0,0.0,1,0,1.0,1.0
광주전남,2020-07-29,28.414285714285715,0,3.0,2,1,0.0,1.0
광주전남,2020-07-30,30.164285714285715,1,6.0,3,1,1.0,0.0
광주전남,2020-07-31,30.45,8,4.0,4,1,1.0,1.0
광주전남,2020-08-01,29.77857142857143,5,2.0,5,1,1.0,1.0
광주전남,2020-08-02,30.271428571428572,2,0.0,6,0,1.0,1.0
광주전남,2020-08-03,29.928571428571427,1,2.0,0,1,0.0,1.0
광주전남,2020-08-04,31.442857142857143,3,0.0,1,0,1.0,0.0
광주전남,2020-08-05,30.442857142857143,3,0.0,2,0,0.0,1.0
광주전남,2020-08-06,28.392857142857142,0,1.0,3,1,0.0,0.0
광주전남,2020-08-07,26.907142857142855,1,7.0,4,1,1.0,0.0
광주전남,2020-08-08,27.857142857142858,0,8.0,5,1,1.0,1.0
광주전남,2020-08-09,30.650000000000002,0,0.0,6,0,1.0,1.0
광주전남,2020-08-10,28.707142857142856,1,7.0,0,1,0.0,1.0
광주전남,2020-08-11,29.50714285714286,3,0.0,1,0,1.0,0.0
광주전남,2020-08-12,31.142857142857142,4,1.0,2,1,0.0,1.0
광주전남,2020-08-13,30.62142857142857,10,2.0,3,1,1.0,0.0
광주전남,2020-08-14,32.51428571428571,11,1.0,4,1,1.0,1.0
광주전남,2020-08-15,32.714285714285715,6,0.0,5,0,1.0,1.0
광주전남,2020-08-16,32.378571428571426,5,0.0,6,0,0.0,1.0
광주전남,2020-08-17,33.128571428571426,10,0.0,0,0,0.0,0.0
광주전남,2020-08-18,33.44285714285714,5,1.0,1,1,0.0,0.0
광주전남,2020-08-19,33.57142857142857,5,1.0,2,1,1.0,0.0
광주전남,2020-08-20,33.25714285714286,6,2.0,3,1,1.0,1.0
광주전남,2020-08-21,31.964285714285715,7,1.0,4,1,1.0,1.0
광주전남,2020-08-22,30.00714285714286,3,0.0,5,0,1.0,1.0
광주전남,2020-08-23,31.5,0,0.0,6,0,0.0,1.0
광주전남,2020-08-24,32.58571428571428,1,2.0,0,1,0.0,0.0
광주전남,2020-08-25,32.69285714285714,5,0.0,1,0,1.0,0.0
광주전남,2020-08-26,29.32857142857143,0,0.0,2,0,0.0,1.0
광주전남,2020-08-27,30.099999999999998,2,1.0,3,1,0.0,0.0
광주전남,2020-08-28,30.585714285714285,1,0.0,4,0,1.0,0.0
광주전남,2020-08-29,29.95,0,0.0,5,0,0.0,1.0
광주전남,2020-08-30,32.707142857142856,1,2.0,6,1,0.0,0.0
광주전남,2020-08-31,31.82857142857143,2,4.0,0,1,1.0,0.0
광주전남,2020-09-01,30.542857142857144,0,1.0,1,1,1.0,1.0
광주전남,2020-09-02,27.342857142857145,0,2.0,2,1,1.0,1.0
광주전남,2020-09-03,27.664285714285715,0,0.0,3,0,1.0,1.0
광주전남,2020-09-04,28.37142857142857,0,1.0,4,1,0.0,1.0
광주전남,2020-09-05,24.02857142857143,0,3.0,5,1,1.0,0.0
광주전남,2020-09-06,22.685714285714283,0,0.0,6,0,1.0,1.0
광주전남,2020-09-07,23.728571428571428,0,3.0,0,1,0.0,1.0
광주전남,2020-09-08,28.57857142857143,1,0.0,1,0,1.0,0.0
광주전남,2020-09-09,26.52857142857143,0,5.0,2,1,0.0,1.0
광주전남,2020-09-10,28.099999999999998,0,2.0,3,1,1.0,0.0
광주전남,2020-09-11,23.45,0,1.0,4,1,1.0,1.0
광주전남,2020-09-12,26.400000000000002,0,0.0,5,0,1.0,1.0
광주전남,2020-09-13,24.349999999999998,1,0.0,6,0,0.0,1.0
광주전남,2020-09-14,26.650000000000002,0,0.0,0,0,0.0,0.0
광주전남,2020-09-15,27.285714285714285,0,1.0,1,1,0.0,0.0
광주전남,2020-09-16,24.62142857142857,0,1.0,2,1,1.0,0.0
광주전남,2020-09-17,23.32857142857143,0,2.0,3,1,1.0,1.0
광주전남,2020-09-18,24.035714285714285,0,1.0,4,1,1.0,1.0
광주전남,2020-09-19,25.728571428571428,0,0.0,5,0,1.0,1.0
광주전남,2020-09-20,25.771428571428572,0,0.0,6,0,0.0,1.0
광주전남,2020-09-21,24.849999999999998,0,1.0,0,1,0.0,0.0
광주전남,2020-09-22,23.785714285714285,0,1.0,1,1,1.0,0.0
광주전남,2020-09-23,23.442857142857143,0,0.0,2,0,1.0,1.0
광주전남,2020-09-24,25.75714285714286,0,3.0,3,1,0.0,1.0
광주전남,2020-09-25,25.97142857142857,0,1.0,4,1,1.0,0.0
광주전남,2020-09-26,25.571428571428573,0,0.0,5,0,1.0,1.0
광주전남,2020-09-27,25.55,0,0.0,6,0,0.0,1.0
광주전남,2020-09-28,24.821428571428573,0,2.0,0,1,0.0,0.0
광주전남,2020-09-29,25.114285714285717,0,1.0,1,1,1.0,0.0
광주전남,2020-09-30,24.985714285714288,0,0.0,2,0,1.0,1.0
광주전남,2021-05-01,14.62857142857143,0,1.0,5,1,0.0,1.0
광주전남,2021-05-02,17.57857142857143,0,0.0,6,0,1.0,0.0
광주전남,2021-05-03,20.55,0,0.0,0,0,0.0,1.0
광주전남,2021-05-04,19.985714285714288,0,2.0,1,1,0.0,0.0
광주전남,2021-05-05,20.75714285714286,0,0.0,2,0,1.0,0.0
광주전남,2021-05-06,21.32857142857143,0,0.0,3,0,0.0,1.0
광주전남,2021-05-07,22.45,0,0.0,4,0,0.0,0.0
광주전남,2021-05-08,22.292857142857144,0,1.0,5,1,0.0,0.0
광주전남,2021-05-09,24.021428571428572,0,1.0,6,1,1.0,0.0
광주전남,2021-05-10,21.87857142857143,0,0.0,0,0,1.0,1.0
광주전남,2021-05-11,20.349999999999998,0,0.0,1,0,0.0,1.0
광주전남,2021-05-12,26.542857142857144,0,1.0,2,1,0.0,0.0
광주전남,2021-05-13,26.400000000000002,0,0.0,3,0,1.0,0.0
광주전남,2021-05-14,25.814285714285713,0,0.0,4,0,0.0,1.0
광주전남,2021-05-15,23.714285714285715,0,2.0,5,1,0.0,0.0
광주전남,2021-05-16,22.357142857142858,0,2.0,6,1,1.0,0.0
광주전남,2021-05-17,18.771428571428572,0,0.0,0,0,1.0,1.0
광주전남,2021-05-18,22.571428571428573,0,0.0,1,0,0.0,1.0
광주전남,2021-05-19,26.314285714285713,0,1.0,2,1,0.0,0.0
광주전남,2021-05-20,18.292857142857144,0,1.0,3,1,1.0,0.0
광주전남,2021-05-21,20.928571428571427,0,2.0,4,1,1.0,1.0
광주전남,2021-05-22,25.400000000000002,0,2.0,5,1,1.0,1.0
광주전남,2021-05-23,27.428571428571427,0,1.0,6,1,1.0,1.0
광주전남,2021-05-24,24.485714285714288,0,0.0,0,0,1.0,1.0
광주전남,2021-05-25,23.092857142857145,0,1.0,1,1,0.0,1.0
광주전남,2021-05-26,22.357142857142858,0,0.0,2,0,1.0,0.0
광주전남,2021-05-27,22.235714285714288,0,0.0,3,0,0.0,1.0
광주전남,2021-05-28,23.47142857142857,0,1.0,4,1,0.0,0.0
광주전남,2021-05-29,24.657142857142855,0,0.0,5,0,1.0,0.0
광주전남,2021-05-30,26.235714285714288,0,1.0,6,1,0.0,1.0
광주전남,2021-05-31,27.42142857142857,1,1.0,0,1,1.0,0.0
광주전남,2021-06-01,27.535714285714285,1,2.0,1,1,1.0,1.0
광주전남,2021-06-02,27.2,1,0.0,2,0,1.0,1.0
광주전남,2021-06-03,21.2,0,4.0,3,1,0.0,1.0
광주전남,2021-06-04,24.564285714285713,1,5.0,4,1,1.0,0.0
광주전남,2021-06-05,25.635714285714283,2,2.0,5,1,1.0,1.0
광주전남,2021-06-06,26.857142857142858,0,2.0,6,1,1.0,1.0
광주전남,2021-06-07,27.442857142857143,0,1.0,0,1,1.0,1.0
광주전남,2021-06-08,28.82857142857143,2,0.0,1,0,1.0,1.0
광주전남,2021-06-09,29.49285714285714,0,0.0,2,0,0.0,1.0
광주전남,2021-06-10,24.707142857142856,0,0.0,3,0,0.0,0.0
광주전남,2021-06-11,26.735714285714288,0,2.0,4,1,0.0,0.0
광주전남,2021-06-12,28.014285714285712,1,2.0,5,1,1.0,0.0
광주전남,2021-06-13,27.635714285714283,0,0.0,6,0,1.0,1.0
광주전남,2021-06-14,26.014285714285712,1,0.0,0,0,0.0,1.0
광주전남,2021-06-15,22.057142857142857,0,2.0,1,1,0.0,0.0
광주전남,2021-06-16,26.642857142857142,0,4.0,2,1,1.0,0.0
광주전남,2021-06-17,25.52857142857143,0,1.0,3,1,1.0,1.0
광주전남,2021-06-18,24.22142857142857,0,1.0,4,1,1.0,1.0
광주전남,2021-06-19,27.650000000000002,0,4.0,5,1,1.0,1.0
광주전남,2021-06-20,29.535714285714285,0,0.0,6,0,1.0,1.0
광주전남,2021-06-21,30.05,0,0.0,0,0,0.0,1.0
광주전남,2021-06-22,27.357142857142858,0,2.0,1,1,0.0,0.0
광주전남,2021-06-23,26.115384615384617,0,2.0,2,1,1.0,0.0
광주전남,2021-06-24,26.176923076923078,2,1.0,3,1,1.0,1.0
광주전남,2021-06-25,27.907692307692308,1,1.0,4,1,1.0,1.0
광주전남,2021-06-26,28.215384615384615,1,1.0,5,1,1.0,1.0
광주전남,2021-06-27,28.576923076923077,2,1.0,6,1,1.0,1.0
광주전남,2021-06-28,28.700000000000003,0,2.0,0,1,1.0,1.0
광주전남,2021-06-29,27.984615384615385,1,2.0,1,1,1.0,1.0
광주전남,2021-06-30,28.707692307692305,1,3.0,2,1,1.0,1.0
광주전남,2021-07-01,30.349999999999998,4,3.0,3,1,1.0,1.0
광주전남,2021-07-02,29.585714285714285,0,2.0,4,1,1.0,1.0
광주전남,2021-07-03,25.807142857142857,0,1.0,5,1,1.0,1.0
광주전남,2021-07-04,26.342857142857145,0,4.0,6,1,1.0,1.0
광주전남,2021-07-05,24.157142857142855,0,0.0,0,0,1.0,1.0
광주전남,2021-07-06,25.392857142857142,0,3.0,1,1,0.0,1.0
광주전남,2021-07-07,27.849999999999998,0,3.0,2,1,1.0,0.0
광주전남,2021-07-08,28.592857142857145,2,2.0,3,1,1.0,1.0
광주전남,2021-07-09,29.22142857142857,1,3.0,4,1,1.0,1.0
광주전남,2021-07-10,29.342857142857145,2,0.0,5,0,1.0,1.0
광주전남,2021-07-11,30.435714285714287,0,3.0,6,1,0.0,1.0
광주전남,2021-07-12,31.00714285714286,5,0.0,0,0,1.0,0.0
광주전남,2021-07-13,31.45,9,0.0,1,0,0.0,1.0
광주전남,2021-07-14,30.635714285714283,4,0.0,2,0,0.0,0.0
광주전남,2021-07-15,31.835714285714285,4,1.0,3,1,0.0,0.0
광주전남,2021-07-16,32.0,2,7.0,4,1,1.0,0.0
광주전남,2021-07-17,30.057142857142857,2,0.0,5,0,1.0,1.0
광주전남,2021-07-18,29.849999999999998,2,0.0,6,0,0.0,1.0
광주전남,2021-07-19,31.057142857142857,1,6.0,0,1,0.0,0.0
광주전남,2021-07-20,30.928571428571427,2,2.0,1,1,1.0,0.0
광주전남,2021-07-21,32.82142857142857,2,1.0,2,1,1.0,1.0
광주전남,2021-07-22,32.278571428571425,2,0.0,3,0,1.0,1.0
광주전남,2021-07-23,31.957142857142856,4,1.0,4,1,0.0,1.0
광주전남,2021-07-24,31.857142857142858,3,0.0,5,0,1.0,0.0
광주전남,2021-07-25,31.650000000000002,0,1.0,6,1,0.0,1.0
광주전남,2021-07-26,31.335714285714285,3,0.0,0,0,1.0,0.0
광주전남,2021-07-27,32.364285714285714,3,1.0,1,1,0.0,1.0
광주전남,2021-07-28,32.47857142857143,5,0.0,2,0,1.0,0.0
광주전남,2021-07-29,32.15,2,2.0,3,1,0.0,1.0
광주전남,2021-07-30,31.678571428571427,3,0.0,4,0,1.0,0.0
광주전남,2021-07-31,32.93571428571429,5,3.0,5,1,0.0,1.0
광주전남,2021-08-01,32.32857142857143,2,0.0,6,0,1.0,0.0
광주전남,2021-08-02,31.178571428571427,1,1.0,0,1,0.0,1.0
광주전남,2021-08-03,30.764285714285712,1,5.0,1,1,1.0,0.0
광주전남,2021-08-04,32.785714285714285,5,2.0,2,1,1.0,1.0
광주전남,2021-08-05,33.66428571428572,8,0.0,3,0,1.0,1.0
광주전남,2021-08-06,33.95,6,1.0,4,1,0.0,1.0
광주전남,2021-08-07,33.67142857142857,5,0.0,5,0,1.0,0.0
광주전남,2021-08-08,29.642857142857142,3,1.0,6,1,0.0,1.0
광주전남,2021-08-09,32.22142857142857,2,4.0,0,1,1.0,0.0
광주전남,2021-08-10,31.3,3,2.0,1,1,1.0,1.0
광주전남,2021-08-11,30.321428571428573,4,1.0,2,1,1.0,1.0
광주전남,2021-08-12,30.042857142857144,0,1.0,3,1,1.0,1.0
광주전남,2021-08-13,28.571428571428573,0,4.0,4,1,1.0,1.0
광주전남,2021-08-14,27.17142857142857,0,3.0,5,1,1.0,1.0
광주전남,2021-08-15,29.771428571428572,0,2.0,6,1,1.0,1.0
광주전남,2021-08-16,29.27857142857143,0,1.0,0,1,1.0,1.0
광주전남,2021-08-17,29.95,3,1.0,1,1,1.0,1.0
광주전남,2021-08-18,29.657142857142855,0,3.0,2,1,1.0,1.0
광주전남,2021-08-19,29.428571428571427,0,1.0,3,1,1.0,1.0
광주전남,2021-08-20,29.400000000000002,1,1.0,4,1,1.0,1.0
광주전남,2021-08-21,26.57857142857143,0,2.0,5,1,1.0,1.0
광주전남,2021-08-22,30.042857142857144,0,1.0,6,1,1.0,1.0
광주전남,2021-08-23,27.3,0,0.0,0,0,1.0,1.0
광주전남,2021-08-24,28.935714285714287,0,8.0,1,1,0.0,1.0
광주전남,2021-08-25,27.571428571428573,0,4.0,2,1,1.0,0.0
광주전남,2021-08-26,30.814285714285713,1,1.0,3,1,1.0,1.0
광주전남,2021-08-27,29.414285714285715,1,0.0,4,0,1.0,1.0
광주전남,2021-08-28,29.664285714285715,0,0.0,5,0,0.0,1.0
광주전남,2021-08-29,29.349999999999998,0,2.0,6,1,0.0,0.0
광주전남,2021-08-30,30.114285714285717,1,0.0,0,0,1.0,0.0
광주전남,2021-08-31,30.714285714285715,1,1.0,1,1,0.0,1.0
광주전남,2021-09-01,28.12142857142857,0,4.0,2,1,1.0,0.0
광주전남,2021-09-02,24.264285714285712,0,2.0,3,1,1.0,1.0
광주전남,2021-09-03,25.957142857142856,0,1.0,4,1,1.0,1.0
광주전남,2021-09-04,27.085714285714285,0,0.0,5,0,1.0,1.0
광주전남,2021-09-05,23.714285714285715,0,0.0,6,0,0.0,1.0
광주전남,2021-09-06,23.557142857142857,0,1.0,0,1,0.0,0.0
광주전남,2021-09-07,25.892857142857142,0,1.0,1,1,1.0,0.0
광주전남,2021-09-08,27.271428571428572,0,0.0,2,0,1.0,1.0
광주전남,2021-09-09,28.357142857142858,0,2.0,3,1,0.0,1.0
광주전남,2021-09-10,25.37857142857143,0,1.0,4,1,1.0,0.0
광주전남,2021-09-11,29.235714285714288,1,1.0,5,1,1.0,1.0
광주전남,2021-09-12,29.478571428571428,1,0.0,6,0,1.0,1.0
광주전남,2021-09-13,26.142857142857142,0,1.0,0,1,0.0,1.0
광주전남,2021-09-14,25.185714285714287,0,0.0,1,0,1.0,0.0
광주전남,2021-09-15,27.714285714285715,1,0.0,2,0,0.0,1.0
광주전남,2021-09-16,24.035714285714285,0,0.0,3,0,0.0,0.0
광주전남,2021-09-17,27.464285714285715,0,1.0,4,1,0.0,0.0
광주전남,2021-09-18,27.014285714285712,0,0.0,5,0,1.0,0.0
광주전남,2021-09-19,27.407142857142855,0,2.0,6,1,0.0,1.0
광주전남,2021-09-20,26.935714285714287,1,0.0,0,0,1.0,0.0
광주전남,2021-09-21,26.42142857142857,0,4.0,1,1,0.0,1.0
광주전남,2021-09-22,28.842857142857145,0,0.0,2,0,1.0,0.0
광주전남,2021-09-23,26.814285714285713,0,0.0,3,0,0.0,1.0
광주전남,2021-09-24,26.485714285714288,0,0.0,4,0,0.0,0.0
광주전남,2021-09-25,26.5,0,0.0,5,0,0.0,0.0
광주전남,2021-09-26,25.8,0,2.0,6,1,0.0,0.0
광주전남,2021-09-27,27.021428571428572,0,1.0,0,1,1.0,0.0
광주전남,2021-09-28,24.72142857142857,0,0.0,1,0,1.0,1.0
광주전남,2021-09-29,26.957142857142856,0,1.0,2,1,0.0,1.0
광주전남,2021-09-30,26.771428571428572,0,1.0,3,1,1.0,0.0
광주전남,2022-05-01,18.857142857142858,0,0.0,6,0,1.0,1.0
광주전남,2022-05-02,20.728571428571428,0,1.0,0,1,0.0,1.0
광주전남,2022-05-03,20.32857142857143,0,0.0,1,0,1.0,0.0
광주전남,2022-05-04,22.314285714285717,0,0.0,2,0,0.0,1.0
광주전남,2022-05-05,23.928571428571427,0,0.0,3,0,0.0,0.0
광주전남,2022-05-06,25.57857142857143,0,2.0,4,1,0.0,0.0
광주전남,2022-05-07,23.857142857142858,0,1.0,5,1,1.0,0.0
광주전남,2022-05-08,21.25,0,0.0,6,0,1.0,1.0
광주전남,2022-05-09,21.364285714285717,0,0.0,0,0,0.0,1.0
광주전남,2022-05-10,22.0,0,1.0,1,1,0.0,0.0
광주전남,2022-05-11,22.87857142857143,0,1.0,2,1,1.0,0.0
광주전남,2022-05-12,24.771428571428572,0,1.0,3,1,1.0,1.0
광주전남,2022-05-13,20.150000000000002,0,0.0,4,0,1.0,1.0
광주전남,2022-05-14,22.485714285714288,0,0.0,5,0,0.0,1.0
광주전남,2022-05-15,20.849999999999998,0,0.0,6,0,0.0,0.0
광주전남,2022-05-16,23.45,0,0.0,0,0,0.0,0.0
광주전남,2022-05-17,25.235714285714288,0,0.0,1,0,0.0,0.0
광주전남,2022-05-18,26.857142857142858,0,2.0,2,1,0.0,0.0
광주전남,2022-05-19,24.442857142857143,0,0.0,3,0,1.0,0.0
광주전남,2022-05-20,24.157142857142855,0,0.0,4,0,0.0,1.0
광주전남,2022-05-21,26.52857142857143,0,1.0,5,1,0.0,0.0
광주전남,2022-05-22,27.957142857142856,0,0.0,6,0,1.0,0.0
광주전남,2022-05-23,28.607142857142858,3,2.0,0,1,0.0,1.0
광주전남,2022-05-24,29.253846153846155,1,2.0,1,1,1.0,0.0
광주전남,2022-05-25,28.04615384615385,0,0.0,2,0,1.0,1.0
광주전남,2022-05-26,25.676923076923078,0,1.0,3,1,0.0,1.0
광주전남,2022-05-27,26.2,0,1.0,4,1,1.0,0.0
광주전남,2022-05-28,28.342857142857145,1,0.0,5,0,1.0,1.0
광주전남,2022-05-29,25.842857142857145,0,0.0,6,0,0.0,1.0
광주전남,2022-05-30,22.607142857142858,0,0.0,0,0,0.0,0.0
광주전남,2022-05-31,27.442857142857143,0,1.0,1,1,0.0,0.0
광주전남,2022-06-01,27.900000000000002,0,0.0,2,0,1.0,0.0
광주전남,2022-06-02,27.49285714285714,1,3.0,3,1,0.0,1.0
광주전남,2022-06-03,28.37857142857143,1,0.0,4,0,1.0,0.0
광주전남,2022-06-04,26.957142857142856,1,0.0,5,0,0.0,1.0
광주전남,2022-06-05,20.82857142857143,0,3.0,6,1,0.0,0.0
광주전남,2022-06-06,24.685714285714287,1,2.0,0,1,1.0,0.0
광주전남,2022-06-07,21.678571428571427,1,1.0,1,1,1.0,1.0
광주전남,2022-06-08,22.77857142857143,0,1.0,2,1,1.0,1.0
광주전남,2022-06-09,24.985714285714288,0,1.0,3,1,1.0,1.0
광주전남,2022-06-10,24.62857142857143,1,1.0,4,1,1.0,1.0
광주전남,2022-06-11,28.185714285714287,1,1.0,5,1,1.0,1.0
광주전남,2022-06-12,25.285714285714285,0,0.0,6,0,1.0,1.0
광주전남,2022-06-13,22.664285714285715,0,0.0,0,0,0.0,1.0
광주전남,2022-06-14,20.635714285714283,0,1.0,1,1,0.0,0.0
광주전남,2022-06-15,25.592857142857145,0,0.0,2,0,1.0,0.0
광주전남,2022-06-16,27.364285714285717,0,3.0,3,1,0.0,1.0
광주전남,2022-06-17,26.557142857142857,3,0.0,4,0,1.0,0.0
광주전남,2022-06-18,27.75714285714286,1,0.0,5,0,0.0,1.0
광주전남,2022-06-19,29.414285714285715,0,0.0,6,0,0.0,0.0
광주전남,2022-06-20,29.42142857142857,0,2.0,0,1,0.0,0.0
광주전남,2022-06-21,30.542857142857144,1,0.0,1,0,1.0,0.0
광주전남,2022-06-22,30.50714285714286,2,1.0,2,1,0.0,1.0
광주전남,2022-06-23,27.792857142857144,0,1.0,3,1,1.0,0.0
광주전남,2022-06-24,27.585714285714285,1,3.0,4,1,1.0,1.0
광주전남,2022-06-25,28.67142857142857,0,2.0,5,1,1.0,1.0
광주전남,2022-06-26,29.571428571428573,1,1.0,6,1,1.0,1.0
광주전남,2022-06-27,27.62142857142857,2,1.0,0,1,1.0,1.0
광주전남,2022-06-28,28.17142857142857,0,2.0,1,1,1.0,1.0
광주전남,2022-06-29,27.557142857142857,0,0.0,2,0,1.0,1.0
광주전남,2022-06-30,29.771428571428572,1,3.0,3,1,0.0,1.0
광주전남,2022-07-01,30.614285714285717,8,0.0,4,0,1.0,0.0
광주전남,2022-07-02,32.82857142857143,6,5.0,5,1,0.0,1.0
광주전남,2022-07-03,32.378571428571426,3,1.0,6,1,1.0,0.0
광주전남,2022-07-04,30.900000000000002,3,2.0,0,1,1.0,1.0
광주전남,2022-07-05,32.15,3,1.0,1,1,1.0,1.0
광주전남,2022-07-06,32.385714285714286,7,2.0,2,1,1.0,1.0
광주전남,2022-07-07,31.164285714285715,4,1.0,3,1,1.0,1.0
광주전남,2022-07-08,30.0,0,1.0,4,1,1.0,1.0
광주전남,2022-07-09,31.485714285714288,2,2.0,5,1,1.0,1.0
광주전남,2022-07-10,32.221428571428575,3,3.0,6,1,1.0,1.0
광주전남,2022-07-11,30.099999999999998,0,5.0,0,1,1.0,1.0
광주전남,2022-07-12,29.364285714285717,1,2.0,1,1,1.0,1.0
광주전남,2022-07-13,27.114285714285717,1,0.0,2,0,1.0,1.0
광주전남,2022-07-14,31.557142857142857,2,3.0,3,1,0.0,1.0
광주전남,2022-07-15,31.164285714285715,0,4.0,4,1,1.0,0.0
광주전남,2022-07-16,31.12857142857143,2,2.0,5,1,1.0,1.0
광주전남,2022-07-17,29.25714285714286,0,0.0,6,0,1.0,1.0
광주전남,2022-07-18,26.642857142857142,0,5.0,0,1,0.0,1.0
광주전남,2022-07-19,30.49285714285714,1,2.0,1,1,1.0,0.0
광주전남,2022-07-20,31.307142857142857,2,1.0,2,1,1.0,1.0
광주전남,2022-07-21,27.842857142857145,0,2.0,3,1,1.0,1.0
광주전남,2022-07-22,29.435714285714287,0,1.0,4,1,1.0,1.0
광주전남,2022-07-23,28.057142857142857,0,1.0,5,1,1.0,1.0
광주전남,2022-07-24,27.335714285714285,0,3.0,6,1,1.0,1.0
광주전남,2022-07-25,30.442857142857143,1,4.0,0,1,1.0,1.0
광주전남,2022-07-26,30.071428571428573,0,1.0,1,1,1.0,1.0
광주전남,2022-07-27,29.99285714285714,1,0.0,2,0,1.0,1.0
광주전남,2022-07-28,31.135714285714283,5,2.0,3,1,0.0,1.0
광주전남,2022-07-29,32.8,3,1.0,4,1,1.0,0.0
광주전남,2022-07-30,29.67142857142857,0,2.0,5,1,1.0,1.0
광주전남,2022-07-31,27.87857142857143,0,2.0,6,1,1.0,1.0
광주전남,2022-08-01,28.664285714285715,0,1.0,0,1,1.0,1.0
광주전남,2022-08-02,30.907142857142855,1,0.0,1,0,1.0,1.0
광주전남,2022-08-03,30.885714285714283,0,2.0,2,1,0.0,1.0
광주전남,2022-08-04,32.35,4,4.0,3,1,1.0,0.0
광주전남,2022-08-05,31.95714285714286,6,1.0,4,1,1.0,1.0
광주전남,2022-08-06,32.971428571428575,5,0.0,5,0,1.0,1.0
광주전남,2022-08-07,33.121428571428574,8,3.0,6,1,0.0,1.0
광주전남,2022-08-08,31.585714285714285,1,1.0,0,1,1.0,0.0
광주전남,2022-08-09,31.564285714285717,3,0.0,1,0,1.0,1.0
광주전남,2022-08-10,30.714285714285715,1,2.0,2,1,0.0,1.0
광주전남,2022-08-11,28.52857142857143,0,3.0,3,1,1.0,0.0
광주전남,2022-08-12,31.171428571428574,1,1.0,4,1,1.0,1.0
광주전남,2022-08-13,31.12142857142857,4,1.0,5,1,1.0,1.0
광주전남,2022-08-14,32.15,3,2.0,6,1,1.0,1.0
광주전남,2022-08-15,31.864285714285717,1,1.0,0,1,1.0,1.0
광주전남,2022-08-16,28.635714285714283,1,1.0,1,1,1.0,1.0
광주전남,2022-08-17,28.885714285714283,1,2.0,2,1,1.0,1.0
광주전남,2022-08-18,30.12857142857143,2,1.0,3,1,1.0,1.0
광주전남,2022-08-19,30.99285714285714,0,0.0,4,0,1.0,1.0
광주전남,2022-08-20,28.914285714285715,1,1.0,5,1,0.0,1.0
광주전남,2022-08-21,30.5,3,2.0,6,1,1.0,0.0
광주전남,2022-08-22,30.95,1,1.0,0,1,1.0,1.0
광주전남,2022-08-23,29.321428571428573,2,1.0,1,1,1.0,1.0
광주전남,2022-08-24,28.521428571428572,0,2.0,2,1,1.0,1.0
광주전남,2022-08-25,29.092857142857145,1,2.0,3,1,1.0,1.0
광주전남,2022-08-26,28.835714285714285,0,1.0,4,1,1.0,1.0
광주전남,2022-08-27,27.50714285714286,0,1.0,5,1,1.0,1.0
광주전남,2022-08-28,26.349999999999998,0,1.0,6,1,1.0,1.0
광주전남,2022-08-29,26.2,0,2.0,0,1,1.0,1.0
광주전남,2022-08-30,26.599999999999998,0,2.0,1,1,1.0,1.0
광주전남,2022-08-31,26.72142857142857,0,1.0,2,1,1.0,1.0
광주전남,2022-09-01,25.392857142857142,0,1.0,3,1,1.0,1.0
광주전남,2022-09-02,24.74285714285714,0,2.0,4,1,1.0,1.0
광주전남,2022-09-03,27.071428571428573,0,2.0,5,1,1.0,1.0
광주전남,2022-09-04,29.77857142857143,1,2.0,6,1,1.0,1.0
광주전남,2022-09-05,25.785714285714285,1,1.0,0,1,1.0,1.0
광주전남,2022-09-06,25.685714285714287,0,11.0,1,1,1.0,1.0
광주전남,2022-09-07,28.185714285714287,1,1.0,2,1,1.0,1.0
광주전남,2022-09-08,27.864285714285717,0,0.0,3,0,1.0,1.0
광주전남,2022-09-09,28.092857142857145,0,0.0,4,0,0.0,1.0
광주전남,2022-09-10,26.400000000000002,0,1.0,5,1,0.0,0.0
광주전남,2022-09-11,28.24285714285714,0,1.0,6,1,1.0,0.0
광주전남,2022-09-12,24.907142857142855,0,0.0,0,0,1.0,1.0
광주전남,2022-09-13,26.685714285714287,0,2.0,1,1,0.0,1.0
광주전남,2022-09-14,28.47142857142857,0,2.0,2,1,1.0,0.0
광주전남,2022-09-15,28.592857142857145,0,2.0,3,1,1.0,1.0
광주전남,2022-09-16,29.035714285714285,3,0.0,4,0,1.0,1.0
광주전남,2022-09-17,31.599999999999998,4,0.0,5,0,0.0,1.0
광주전남,2022-09-18,31.942857142857143,1,2.0,6,1,0.0,0.0
광주전남,2022-09-19,28.835714285714285,1,1.0,0,1,1.0,0.0
광주전남,2022-09-20,24.75714285714286,0,1.0,1,1,1.0,1.0
광주전남,2022-09-21,24.107142857142858,0,1.0,2,1,1.0,1.0
광주전남,2022-09-22,25.349999999999998,0,2.0,3,1,1.0,1.0
광주전남,2022-09-23,25.650000000000002,0,1.0,4,1,1.0,1.0
광주전남,2022-09-24,24.392857142857142,0,0.0,5,0,1.0,1.0
광주전남,2022-09-25,22.835714285714285,0,2.0,6,1,0.0,1.0
광주전남,2022-09-26,22.92142857142857,0,1.0,0,1,1.0,0.0
광주전남,2022-09-27,26.514285714285712,0,0.0,1,0,1.0,1.0
광주전남,2022-09-28,25.32857142857143,0,0.0,2,0,0.0,1.0
광주전남,2022-09-29,26.92142857142857,0,2.0,3,1,0.0,0.0
광주전남,2022-09-30,27.592857142857145,0,0.0,4,0,1.0,0.0
광주전남,2023-05-01,22.207142857142856,0,0.0,0,0,0.0,1.0
광주전남,2023-05-02,23.62857142857143,0,2.0,1,1,0.0,0.0
광주전남,2023-05-03,19.728571428571428,0,1.0,2,1,1.0,0.0
광주전남,2023-05-04,17.714285714285715,0,1.0,3,1,1.0,1.0
광주전남,2023-05-05,21.12857142857143,0,9.0,4,1,1.0,1.0
광주전남,2023-05-06,19.45,0,1.0,5,1,1.0,1.0
광주전남,2023-05-07,14.435714285714285,0,0.0,6,0,1.0,1.0
광주전남,2023-05-08,20.842857142857145,0,1.0,0,1,0.0,1.0
광주전남,2023-05-09,23.392857142857142,0,2.0,1,1,1.0,0.0
광주전남,2023-05-10,25.285714285714285,0,0.0,2,0,1.0,1.0
광주전남,2023-05-11,23.678571428571427,0,0.0,3,0,0.0,1.0
광주전남,2023-05-12,21.564285714285713,0,0.0,4,0,0.0,0.0
광주전남,2023-05-13,21.650000000000002,0,2.0,5,1,0.0,0.0
광주전남,2023-05-14,24.085714285714285,0,0.0,6,0,1.0,0.0
광주전남,2023-05-15,25.150000000000002,0,0.0,0,0,0.0,1.0
광주전남,2023-05-16,28.385714285714283,0,0.0,1,0,0.0,0.0
광주전남,2023-05-17,26.185714285714287,0,1.0,2,1,0.0,0.0
광주전남,2023-05-18,20.571428571428573,0,0.0,3,0,1.0,0.0
광주전남,2023-05-19,24.064285714285713,0,1.0,4,1,0.0,1.0
광주전남,2023-05-20,24.57857142857143,1,0.0,5,0,1.0,0.0
광주전남,2023-05-21,23.021428571428572,0,0.0,6,0,0.0,1.0
광주전남,2023-05-22,19.914285714285715,0,0.0,0,0,0.0,0.0
광주전남,2023-05-23,24.435714285714287,0,0.0,1,0,0.0,0.0
광주전남,2023-05-24,23.514285714285712,0,0.0,2,0,0.0,0.0
광주전남,2023-05-25,24.45,0,2.0,3,1,0.0,0.0
광주전남,2023-05-26,24.771428571428572,0,0.0,4,0,1.0,0.0
광주전남,2023-05-27,25.385714285714283,0,1.0,5,1,0.0,1.0
광주전남,2023-05-28,24.22142857142857,0,2.0,6,1,1.0,0.0
광주전남,2023-05-29,22.685714285714287,0,0.0,0,0,1.0,1.0
광주전남,2023-05-30,21.42142857142857,0,0.0,1,0,0.0,1.0
광주전남,2023-05-31,25.47142857142857,0,1.0,2,1,0.0,0.0
광주전남,2023-06-01,20.114285714285717,0,0.0,3,0,1.0,0.0
광주전남,2023-06-02,27.342857142857145,0,2.0,4,1,0.0,1.0
광주전남,2023-06-03,26.75,0,0.0,5,0,1.0,0.0
광주전남,2023-06-04,26.75,0,0.0,6,0,0.0,1.0
광주전남,2023-06-05,24.521428571428572,0,0.0,0,0,0.0,0.0
광주전남,2023-06-06,25.428571428571427,0,1.0,1,1,0.0,0.0
광주전남,2023-06-07,26.264285714285712,1,2.0,2,1,1.0,0.0
광주전남,2023-06-08,26.085714285714285,0,1.0,3,1,1.0,1.0
광주전남,2023-06-09,28.07857142857143,1,1.0,4,1,1.0,1.0
광주전남,2023-06-10,27.228571428571428,0,2.0,5,1,1.0,1.0
광주전남,2023-06-11,27.349999999999998,1,0.0,6,0,1.0,1.0
광주전남,2023-06-12,27.900000000000002,0,2.0,0,1,0.0,1.0
광주전남,2023-06-13,27.9,0,0.0,1,0,1.0,0.0
광주전남,2023-06-14,27.792307692307695,0,0.0,2,0,0.0,1.0
광주전남,2023-06-15,27.584615384615386,2,2.0,3,1,0.0,0.0
광주전남,2023-06-16,29.192307692307693,1,1.0,4,1,1.0,0.0
광주전남,2023-06-17,29.37857142857143,1,1.0,5,1,1.0,1.0
광주전남,2023-06-18,29.55,3,2.0,6,1,1.0,1.0
광주전남,2023-06-19,29.857142857142858,3,2.0,0,1,1.0,1.0
광주전남,2023-06-20,26.07857142857143,0,1.0,1,1,1.0,1.0
광주전남,2023-06-21,23.542857142857144,0,3.0,2,1,1.0,1.0
광주전남,2023-06-22,27.12142857142857,0,1.0,3,1,1.0,1.0
광주전남,2023-06-23,29.12857142857143,0,5.0,4,1,1.0,1.0
광주전남,2023-06-24,27.62142857142857,2,2.0,5,1,1.0,1.0
광주전남,2023-06-25,23.72142857142857,0,1.0,6,1,1.0,1.0
광주전남,2023-06-26,25.642857142857142,0,2.0,0,1,1.0,1.0
광주전남,2023-06-27,27.957142857142856,0,20.0,1,1,1.0,1.0
광주전남,2023-06-28,24.835714285714285,0,10.0,2,1,1.0,1.0
광주전남,2023-06-29,26.25714285714286,0,9.0,3,1,1.0,1.0
광주전남,2023-06-30,25.657142857142855,0,5.0,4,1,1.0,1.0
광주전남,2023-07-01,28.271428571428572,0,2.0,5,1,1.0,1.0
광주전남,2023-07-02,29.442857142857143,5,2.0,6,1,1.0,1.0
광주전남,2023-07-03,28.235714285714288,5,2.0,0,1,1.0,1.0
광주전남,2023-07-04,24.37857142857143,0,2.0,1,1,1.0,1.0
광주전남,2023-07-05,29.192857142857143,2,3.0,2,1,1.0,1.0
광주전남,2023-07-06,30.435714285714287,0,0.0,3,0,1.0,1.0
광주전남,2023-07-07,25.085714285714285,0,1.0,4,1,0.0,1.0
광주전남,2023-07-08,27.5,0,2.0,5,1,1.0,0.0
광주전남,2023-07-09,28.12142857142857,0,0.0,6,0,1.0,1.0
광주전남,2023-07-10,29.578571428571426,0,8.0,0,1,0.0,1.0
광주전남,2023-07-11,27.02857142857143,0,12.0,1,1,1.0,0.0
광주전남,2023-07-12,27.571428571428573,0,19.0,2,1,1.0,1.0
광주전남,2023-07-13,27.485714285714288,0,5.0,3,1,1.0,1.0
광주전남,2023-07-14,27.07857142857143,0,1.0,4,1,1.0,1.0
광주전남,2023-07-15,27.607142857142858,1,1.0,5,1,1.0,1.0
광주전남,2023-07-16,27.735714285714288,1,4.0,6,1,1.0,1.0
광주전남,2023-07-17,30.3,0,9.0,0,1,1.0,1.0
광주전남,2023-07-18,26.864285714285717,0,3.0,1,1,1.0,1.0
광주전남,2023-07-19,28.521428571428572,1,7.0,2,1,1.0,1.0
광주전남,2023-07-20,29.157142857142855,6,4.0,3,1,1.0,1.0
광주전남,2023-07-21,29.599999999999998,4,2.0,4,1,1.0,1.0
광주전남,2023-07-22,25.900000000000002,0,0.0,5,0,1.0,1.0
광주전남,2023-07-23,28.50714285714286,0,0.0,6,0,0.0,1.0
광주전남,2023-07-24,28.27857142857143,1,2.0,0,1,0.0,0.0
광주전남,2023-07-25,29.842857142857145,2,4.0,1,1,1.0,0.0
광주전남,2023-07-26,30.992857142857144,9,11.0,2,1,1.0,1.0
광주전남,2023-07-27,31.914285714285715,11,1.0,3,1,1.0,1.0
광주전남,2023-07-28,31.092857142857145,5,0.0,4,0,1.0,1.0
광주전남,2023-07-29,32.66428571428572,11,1.0,5,1,0.0,1.0
광주전남,2023-07-30,31.964285714285715,1,1.0,6,1,1.0,0.0
광주전남,2023-07-31,33.02142857142857,13,0.0,0,0,1.0,1.0
광주전남,2023-08-01,33.17857142857143,10,1.0,1,1,0.0,1.0
광주전남,2023-08-02,34.021428571428565,10,1.0,2,1,1.0,0.0
광주전남,2023-08-03,33.642857142857146,19,4.0,3,1,1.0,1.0
광주전남,2023-08-04,32.99285714285714,13,1.0,4,1,1.0,1.0
광주전남,2023-08-05,34.728571428571435,10,2.0,5,1,1.0,1.0
광주전남,2023-08-06,34.00714285714286,10,1.0,6,1,1.0,1.0
광주전남,2023-08-07,34.371428571428574,15,5.0,0,1,1.0,1.0
광주전남,2023-08-08,34.635714285714286,18,1.0,1,1,1.0,1.0
광주전남,2023-08-09,29.592857142857145,2,2.0,2,1,1.0,1.0
광주전남,2023-08-10,26.921428571428574,0,4.0,3,1,1.0,1.0
광주전남,2023-08-11,30.87857142857143,4,2.0,4,1,1.0,1.0
광주전남,2023-08-12,31.407142857142855,7,1.0,5,1,1.0,1.0
광주전남,2023-08-13,31.557142857142857,4,0.0,6,0,1.0,1.0
광주전남,2023-08-14,32.18571428571429,4,1.0,0,1,0.0,1.0
광주전남,2023-08-15,32.2,3,0.0,1,0,1.0,0.0
광주전남,2023-08-16,31.92142857142857,5,1.0,2,1,0.0,1.0
광주전남,2023-08-17,31.25714285714286,7,3.0,3,1,1.0,0.0
광주전남,2023-08-18,31.414285714285715,3,2.0,4,1,1.0,1.0
광주전남,2023-08-19,32.06428571428571,3,4.0,5,1,1.0,1.0
광주전남,2023-08-20,32.778571428571425,3,4.0,6,1,1.0,1.0
광주전남,2023-08-21,32.26428571428571,11,5.0,0,1,1.0,1.0
광주전남,2023-08-22,31.592857142857145,5,5.0,1,1,1.0,1.0
광주전남,2023-08-23,29.192857142857143,1,2.0,2,1,1.0,1.0
광주전남,2023-08-24,28.62857142857143,1,2.0,3,1,1.0,1.0
광주전남,2023-08-25,30.857142857142858,2,1.0,4,1,1.0,1.0
광주전남,2023-08-26,31.035714285714285,3,1.0,5,1,1.0,1.0
광주전남,2023-08-27,31.185714285714287,1,3.0,6,1,1.0,1.0
광주전남,2023-08-28,29.342857142857145,0,3.0,0,1,1.0,1.0
광주전남,2023-08-29,29.935714285714287,1,1.0,1,1,1.0,1.0
광주전남,2023-08-30,25.25714285714286,0,1.0,2,1,1.0,1.0
광주전남,2023-08-31,28.72142857142857,1,2.0,3,1,1.0,1.0
광주전남,2023-09-01,30.192857142857143,1,3.0,4,1,1.0,1.0
광주전남,2023-09-02,27.835714285714285,0,1.0,5,1,1.0,1.0
광주전남,2023-09-03,30.585714285714285,2,2.0,6,1,1.0,1.0
광주전남,2023-09-04,31.785714285714285,4,0.0,0,0,1.0,1.0
광주전남,2023-09-05,30.785714285714285,2,3.0,1,1,0.0,1.0
광주전남,2023-09-06,31.27857142857143,1,1.0,2,1,1.0,0.0
광주전남,2023-09-07,30.071428571428573,0,1.0,3,1,1.0,1.0
광주전남,2023-09-08,29.235714285714288,0,0.0,4,0,1.0,1.0
광주전남,2023-09-09,29.807142857142857,1,0.0,5,0,0.0,1.0
광주전남,2023-09-10,29.564285714285713,0,1.0,6,1,0.0,0.0
광주전남,2023-09-11,30.292857142857144,1,1.0,0,1,1.0,0.0
광주전남,2023-09-12,29.821428571428573,0,1.0,1,1,1.0,1.0
광주전남,2023-09-13,26.3,0,3.0,2,1,1.0,1.0
광주전남,2023-09-14,24.514285714285712,0,2.0,3,1,1.0,1.0
광주전남,2023-09-15,28.021428571428572,0,0.0,4,0,1.0,1.0
광주전남,2023-09-16,26.135714285714283,0,3.0,5,1,0.0,1.0
광주전남,2023-09-17,28.814285714285713,1,1.0,6,1,1.0,0.0
광주전남,2023-09-18,30.085714285714285,0,1.0,0,1,1.0,1.0
광주전남,2023-09-19,28.52857142857143,1,2.0,1,1,1.0,1.0
광주전남,2023-09-20,27.142857142857142,2,3.0,2,1,1.0,1.0
광주전남,2023-09-21,24.892857142857142,0,1.0,3,1,1.0,1.0
광주전남,2023-09-22,26.214285714285715,0,3.0,4,1,1.0,1.0
광주전남,2023-09-23,25.542857142857144,0,1.0,5,1,1.0,1.0
광주전남,2023-09-24,26.442857142857143,0,1.0,6,1,1.0,1.0
광주전남,2023-09-25,26.678571428571427,0,3.0,0,1,1.0,1.0
광주전남,2023-09-26,27.292857142857144,0,1.0,1,1,1.0,1.0
광주전남,2023-09-27,26.842857142857145,0,0.0,2,0,1.0,1.0
광주전남,2023-09-28,27.692857142857143,0,0.0,3,0,0.0,1.0
광주전남,2023-09-29,27.599999999999998,0,2.0,4,1,0.0,0.0
광주전남,2023-09-30,23.349999999999998,0,0.0,5,0,1.0,0.0
광주전남,2024-05-01,17.014285714285712,0,0.0,2,0,0.0,1.0
광주전남,2024-05-02,21.707142857142856,0,0.0,3,0,0.0,0.0
광주전남,2024-05-03,24.7,0,0.0,4,0,0.0,0.0
광주전남,2024-05-04,24.678571428571427,0,1.0,5,1,0.0,0.0
광주전남,2024-05-05,20.192857142857143,0,6.0,6,1,1.0,0.0
광주전남,2024-05-06,18.97142857142857,0,1.0,0,1,1.0,1.0
광주전남,2024-05-07,18.650000000000002,0,1.0,1,1,1.0,1.0
광주전남,2024-05-08,18.928571428571427,0,0.0,2,0,1.0,1.0
광주전남,2024-05-09,22.37142857142857,0,1.0,3,1,0.0,1.0
광주전남,2024-05-10,23.87142857142857,0,0.0,4,0,1.0,0.0
광주전남,2024-05-11,23.77857142857143,0,3.0,5,1,0.0,1.0
광주전남,2024-05-12,22.3,0,0.0,6,0,1.0,0.0
광주전남,2024-05-13,24.099999999999998,0,0.0,0,0,0.0,1.0
광주전남,2024-05-14,25.07857142857143,0,0.0,1,0,0.0,0.0
광주전남,2024-05-15,23.00714285714286,0,0.0,2,0,0.0,0.0
광주전남,2024-05-16,21.771428571428572,0,1.0,3,1,0.0,0.0
광주전남,2024-05-17,24.25,0,0.0,4,0,1.0,0.0
광주전남,2024-05-18,25.857142857142858,0,0.0,5,0,0.0,1.0
광주전남,2024-05-19,28.37142857142857,0,1.0,6,1,0.0,0.0
광주전남,2024-05-20,28.37857142857143,0,1.0,0,1,1.0,0.0
광주전남,2024-05-21,24.657142857142855,1,0.0,1,0,1.0,1.0
광주전남,2024-05-22,26.207142857142856,0,0.0,2,0,0.0,1.0
광주전남,2024-05-23,28.035714285714285,0,2.0,3,1,0.0,0.0
광주전남,2024-05-24,27.614285714285717,1,0.0,4,0,1.0,0.0
광주전남,2024-05-25,24.942857142857143,0,2.0,5,1,0.0,1.0
광주전남,2024-05-26,22.842857142857145,0,0.0,6,0,1.0,0.0
광주전남,2024-05-27,23.928571428571427,0,0.0,0,0,0.0,1.0
광주전남,2024-05-28,24.87857142857143,2,0.0,1,0,0.0,0.0
광주전남,2024-05-29,26.614285714285717,0,2.0,2,1,0.0,0.0
광주전남,2024-05-30,25.37142857142857,0,0.0,3,0,1.0,0.0
광주전남,2024-05-31,25.62857142857143,2,4.0,4,1,0.0,1.0
광주전남,2024-06-01,24.17142857142857,1,0.0,5,0,1.0,0.0
광주전남,2024-06-02,26.107142857142858,0,0.0,6,0,0.0,1.0
광주전남,2024-06-03,25.714285714285715,0,1.0,0,1,0.0,0.0
광주전남,2024-06-04,25.400000000000002,0,0.0,1,0,1.0,0.0
광주전남,2024-06-05,25.642857142857142,0,0.0,2,0,0.0,1.0
광주전남,2024-06-06,24.50714285714286,1,1.0,3,1,0.0,0.0
광주전남,2024-06-07,26.335714285714285,0,1.0,4,1,1.0,0.0
광주전남,2024-06-08,21.557142857142857,0,1.0,5,1,1.0,1.0
광주전남,2024-06-09,27.49285714285714,0,0.0,6,0,1.0,1.0
광주전남,2024-06-10,29.692857142857143,0,1.0,0,1,0.0,1.0
광주전남,2024-06-11,28.985714285714288,1,0.0,1,0,1.0,0.0
광주전남,2024-06-12,29.642857142857142,2,3.0,2,1,0.0,1.0
광주전남,2024-06-13,31.407142857142855,3,1.0,3,1,1.0,0.0
광주전남,2024-06-14,30.342857142857145,2,2.0,4,1,1.0,1.0
광주전남,2024-06-15,30.321428571428573,6,3.0,5,1,1.0,1.0
광주전남,2024-06-16,29.335714285714285,1,0.0,6,0,1.0,1.0
광주전남,2024-06-17,26.435714285714287,0,1.0,0,1,0.0,1.0
광주전남,2024-06-18,32.44285714285714,0,2.0,1,1,1.0,0.0
광주전남,2024-06-19,32.57857142857143,5,0.0,2,0,1.0,1.0
광주전남,2024-06-20,22.978571428571428,0,1.0,3,1,0.0,1.0
광주전남,2024-06-21,29.228571428571428,2,2.0,4,1,1.0,0.0
광주전남,2024-06-22,25.064285714285713,0,1.0,5,1,1.0,1.0
광주전남,2024-06-23,27.957142857142856,0,5.0,6,1,1.0,1.0
광주전남,2024-06-24,27.814285714285713,0,3.0,0,1,1.0,1.0
광주전남,2024-06-25,27.842857142857145,0,2.0,1,1,1.0,1.0
광주전남,2024-06-26,28.728571428571428,0,3.0,2,1,1.0,1.0
광주전남,2024-06-27,22.678571428571427,0,1.0,3,1,1.0,1.0
광주전남,2024-06-28,29.164285714285715,1,1.0,4,1,1.0,1.0
광주전남,2024-06-29,25.042857142857144,1,5.0,5,1,1.0,1.0
광주전남,2024-06-30,25.657142857142855,1,6.0,6,1,1.0,1.0
광주전남,2024-07-01,29.12857142857143,1,9.0,0,1,1.0,1.0
광주전남,2024-07-02,29.07857142857143,1,4.0,1,1,1.0,1.0
광주전남,2024-07-03,30.52857142857143,3,3.0,2,1,1.0,1.0
광주전남,2024-07-04,30.657142857142855,5,3.0,3,1,1.0,1.0
광주전남,2024-07-05,30.485714285714288,1,0.0,4,0,1.0,1.0
광주전남,2024-07-06,29.535714285714285,2,3.0,5,1,0.0,1.0
광주전남,2024-07-07,28.478571428571428,4,0.0,6,0,1.0,0.0
광주전남,2024-07-08,27.50714285714286,0,2.0,0,1,0.0,1.0
광주전남,2024-07-09,27.771428571428572,0,1.0,1,1,1.0,0.0
광주전남,2024-07-10,27.864285714285717,0,6.0,2,1,1.0,1.0
광주전남,2024-07-11,26.192857142857143,1,2.0,3,1,1.0,1.0
광주전남,2024-07-12,29.178571428571427,0,1.0,4,1,1.0,1.0
광주전남,2024-07-13,28.157142857142855,0,5.0,5,1,1.0,1.0
광주전남,2024-07-14,25.942857142857143,0,2.0,6,1,1.0,1.0
광주전남,2024-07-15,27.42142857142857,0,0.0,0,0,1.0,1.0
광주전남,2024-07-16,26.042857142857144,0,7.0,1,1,0.0,1.0
광주전남,2024-07-17,29.642857142857142,3,6.0,2,1,1.0,0.0
광주전남,2024-07-18,28.864285714285717,0,3.0,3,1,1.0,1.0
광주전남,2024-07-19,28.62857142857143,0,3.0,4,1,1.0,1.0
광주전남,2024-07-20,31.285714285714285,3,3.0,5,1,1.0,1.0
광주전남,2024-07-21,31.5,3,7.0,6,1,1.0,1.0
광주전남,2024-07-22,31.392857142857142,13,2.0,0,1,1.0,1.0
광주전남,2024-07-23,31.678571428571427,9,3.0,1,1,1.0,1.0
광주전남,2024-07-24,32.371428571428574,21,2.0,2,1,1.0,1.0
광주전남,2024-07-25,32.40714285714286,18,2.0,3,1,1.0,1.0
광주전남,2024-07-26,29.542857142857144,2,0.0,4,0,1.0,1.0
광주전남,2024-07-27,31.414285714285715,4,2.0,5,1,0.0,1.0
광주전남,2024-07-28,32.357142857142854,8,2.0,6,1,1.0,0.0
광주전남,2024-07-29,32.48571428571429,16,2.0,0,1,1.0,1.0
광주전남,2024-07-30,33.035714285714285,5,1.0,1,1,1.0,1.0
광주전남,2024-07-31,33.18571428571429,13,1.0,2,1,1.0,1.0
광주전남,2024-08-01,33.0,29,2.0,3,1,1.0,1.0
광주전남,2024-08-02,33.85,10,1.0,4,1,1.0,1.0
광주전남,2024-08-03,35.128571428571426,28,1.0,5,1,1.0,1.0
광주전남,2024-08-04,35.214285714285715,14,3.0,6,1,1.0,1.0
광주전남,2024-08-05,33.75,13,1.0,0,1,1.0,1.0
광주전남,2024-08-06,33.971428571428575,15,1.0,1,1,1.0,1.0
광주전남,2024-08-07,34.41428571428572,9,4.0,2,1,1.0,1.0
광주전남,2024-08-08,33.75,12,0.0,3,0,1.0,1.0
광주전남,2024-08-09,34.121428571428574,14,2.0,4,1,0.0,1.0
광주전남,2024-08-10,33.57142857142857,8,0.0,5,0,1.0,0.0
광주전남,2024-08-11,33.17857142857143,7,0.0,6,0,0.0,1.0
광주전남,2024-08-12,33.90714285714286,7,2.0,0,1,0.0,0.0
광주전남,2024-08-13,33.464285714285715,6,2.0,1,1,1.0,0.0
광주전남,2024-08-14,33.68571428571429,6,2.0,2,1,1.0,1.0
광주전남,2024-08-15,33.85,3,2.0,3,1,1.0,1.0
광주전남,2024-08-16,33.05714285714286,4,7.0,4,1,1.0,1.0
광주전남,2024-08-17,33.33571428571429,5,8.0,5,1,1.0,1.0
광주전남,2024-08-18,32.871428571428574,6,2.0,6,1,1.0,1.0
광주전남,2024-08-19,33.42857142857143,1,1.0,0,1,1.0,1.0
광주전남,2024-08-20,31.99285714285714,9,11.0,1,1,1.0,1.0
광주전남,2024-08-21,32.49285714285714,3,4.0,2,1,1.0,1.0
광주전남,2024-08-22,31.5,1,0.0,3,0,1.0,1.0
광주전남,2024-08-23,32.90714285714286,4,2.0,4,1,0.0,1.0
광주전남,2024-08-24,33.52142857142857,12,2.0,5,1,1.0,0.0
광주전남,2024-08-25,33.471428571428575,4,0.0,6,0,1.0,1.0
광주전남,2024-08-26,33.0,11,3.0,0,1,0.0,1.0
광주전남,2024-08-27,32.85,4,4.0,1,1,1.0,0.0
광주전남,2024-08-28,32.69285714285714,3,3.0,2,1,1.0,1.0
광주전남,2024-08-29,33.74285714285714,6,1.0,3,1,1.0,1.0
광주전남,2024-08-30,33.24285714285714,2,3.0,4,1,1.0,1.0
광주전남,2024-08-31,32.035714285714285,2,2.0,5,1,1.0,1.0
광주전남,2024-09-01,31.935714285714287,1,1.0,6,1,1.0,1.0
광주전남,2024-09-02,30.50714285714286,0,0.0,0,0,1.0,1.0
광주전남,2024-09-03,30.62857142857143,2,0.0,1,0,0.0,1.0
광주전남,2024-09-04,31.25,0,1.0,2,1,0.0,0.0
광주전남,2024-09-05,32.47857142857143,1,0.0,3,0,1.0,0.0
광주전남,2024-09-06,31.535714285714285,2,3.0,4,1,0.0,1.0
광주전남,2024-09-07,30.42142857142857,1,3.0,5,1,1.0,0.0
광주전남,2024-09-08,32.43571428571429,2,0.0,6,0,1.0,1.0
광주전남,2024-09-09,33.18571428571429,5,1.0,0,1,0.0,1.0
광주전남,2024-09-10,33.67142857142857,8,0.0,1,0,1.0,0.0
광주전남,2024-09-11,31.228571428571428,3,1.0,2,1,0.0,1.0
광주전남,2024-09-12,32.91428571428572,3,1.0,3,1,1.0,0.0
광주전남,2024-09-13,33.7,5,0.0,4,0,1.0,1.0
광주전남,2024-09-14,34.1,1,0.0,5,0,0.0,1.0
광주전남,2024-09-15,33.964285714285715,3,3.0,6,1,0.0,0.0
광주전남,2024-09-16,29.864285714285717,0,0.0,0,0,1.0,0.0
광주전남,2024-09-17,34.22857142857143,2,1.0,1,1,0.0,1.0
광주전남,2024-09-18,34.01428571428571,2,4.0,2,1,1.0,0.0
광주전남,2024-09-19,34.81428571428571,2,2.0,3,1,1.0,1.0
광주전남,2024-09-20,29.678571428571427,1,2.0,4,1,1.0,1.0
광주전남,2024-09-21,28.37857142857143,0,8.0,5,1,1.0,1.0
광주전남,2024-09-22,24.2,0,1.0,6,1,1.0,1.0
광주전남,2024-09-23,26.521428571428572,0,1.0,0,1,1.0,1.0
광주전남,2024-09-24,27.307142857142857,0,1.0,1,1,1.0,1.0
광주전남,2024-09-25,29.49285714285714,0,2.0,2,1,1.0,1.0
광주전남,2024-09-26,29.414285714285715,2,1.0,3,1,1.0,1.0
광주전남,2024-09-27,28.885714285714283,0,0.0,4,0,1.0,1.0
광주전남,2024-09-28,29.407142857142855,1,0.0,5,0,0.0,1.0
광주전남,2024-09-29,28.52857142857143,2,1.0,6,1,0.0,0.0
광주전남,2024-09-30,28.978571428571428,1,2.0,0,1,1.0,0.0
광주전남,2025-05-01,20.214285714285715,0,6.0,3,1,1.0,1.0
광주전남,2025-05-02,19.42142857142857,0,0.0,4,0,1.0,1.0
광주전남,2025-05-03,16.564285714285713,0,0.0,5,0,0.0,1.0
광주전남,2025-05-04,21.292857142857144,0,0.0,6,0,0.0,0.0
광주전남,2025-05-05,17.4,0,2.0,0,1,0.0,0.0
광주전남,2025-05-06,15.450000000000001,0,1.0,1,1,1.0,0.0
광주전남,2025-05-07,20.82857142857143,0,2.0,2,1,1.0,1.0
광주전남,2025-05-08,22.25714285714286,0,1.0,3,1,1.0,1.0
광주전남,2025-05-09,17.142857142857142,0,2.0,4,1,1.0,1.0
광주전남,2025-05-10,15.864285714285714,0,2.0,5,1,1.0,1.0
광주전남,2025-05-11,21.071428571428573,0,0.0,6,0,1.0,1.0
광주전남,2025-05-12,22.857142857142858,0,0.0,0,0,0.0,1.0
광주전남,2025-05-13,25.00714285714286,0,3.0,1,1,0.0,0.0
광주전남,2025-05-14,23.657142857142855,0,0.0,2,0,1.0,0.0
광주전남,2025-05-15,20.485714285714288,0,1.0,3,1,0.0,1.0
광주전남,2025-05-16,20.82857142857143,0,2.0,4,1,1.0,0.0
광주전남,2025-05-17,23.349999999999998,0,1.0,5,1,1.0,1.0
광주전남,2025-05-18,22.842857142857145,0,1.0,6,1,1.0,1.0
광주전남,2025-05-19,23.892307692307693,0,1.0,0,1,1.0,1.0
광주전남,2025-05-20,25.746153846153845,0,0.0,1,0,1.0,1.0
광주전남,2025-05-21,24.592857142857145,0,1.0,2,1,0.0,1.0
광주전남,2025-05-22,25.3,0,1.0,3,1,1.0,0.0
광주전남,2025-05-23,20.7,0,1.0,4,1,1.0,1.0
광주전남,2025-05-24,20.178571428571427,0,0.0,5,0,1.0,1.0
광주전남,2025-05-25,23.12142857142857,0,0.0,6,0,0.0,1.0
광주전남,2025-05-26,24.900000000000002,0,0.0,0,0,0.0,0.0
광주전남,2025-05-27,26.05,0,1.0,1,1,0.0,0.0
광주전남,2025-05-28,27.25714285714286,0,0.0,2,0,1.0,0.0
광주전남,2025-05-29,26.678571428571427,1,2.0,3,1,0.0,1.0
광주전남,2025-05-30,25.25714285714286,0,1.0,4,1,1.0,0.0
광주전남,2025-05-31,24.735714285714288,0,1.0,5,1,1.0,1.0
광주전남,2025-06-01,27.285714285714285,0,1.0,6,1,1.0,1.0
광주전남,2025-06-02,19.614285714285717,0,0.0,0,0,1.0,1.0
광주전남,2025-06-03,24.707142857142856,0,1.0,1,1,0.0,1.0
광주전남,2025-06-04,27.24285714285714,0,0.0,2,0,1.0,0.0
광주전남,2025-06-05,27.907142857142855,1,0.0,3,0,0.0,1.0
광주전남,2025-06-06,25.857142857142858,0,0.0,4,0,0.0,0.0
광주전남,2025-06-07,27.985714285714288,1,1.0,5,1,0.0,0.0
광주전남,2025-06-08,28.664285714285715,1,1.0,6,1,1.0,0.0
광주전남,2025-06-09,28.185714285714287,0,1.0,0,1,1.0,1.0
광주전남,2025-06-10,28.17142857142857,0,0.0,1,0,1.0,1.0
광주전남,2025-06-11,29.185714285714287,0,1.0,2,1,0.0,1.0
광주전남,2025-06-12,27.400000000000002,1,1.0,3,1,1.0,0.0
광주전남,2025-06-13,22.678571428571427,0,1.0,4,1,1.0,1.0
광주전남,2025-06-14,26.535714285714285,0,1.0,5,1,1.0,1.0
광주전남,2025-06-15,28.164285714285715,2,4.0,6,1,1.0,1.0
광주전남,2025-06-16,26.75714285714286,0,2.0,0,1,1.0,1.0
광주전남,2025-06-17,27.964285714285715,0,2.0,1,1,1.0,1.0
광주전남,2025-06-18,29.914285714285715,1,2.0,2,1,1.0,1.0
광주전남,2025-06-19,27.942857142857143,1,1.0,3,1,1.0,1.0
광주전남,2025-06-20,27.035714285714285,0,5.0,4,1,1.0,1.0
광주전남,2025-06-21,24.842857142857145,0,3.0,5,1,1.0,1.0
광주전남,2025-06-22,27.064285714285713,0,2.0,6,1,1.0,1.0
광주전남,2025-06-23,30.035714285714285,2,3.0,0,1,1.0,1.0
광주전남,2025-06-24,22.885714285714283,0,1.0,1,1,1.0,1.0
광주전남,2025-06-25,27.064285714285713,0,0.0,2,0,1.0,1.0
광주전남,2025-06-26,28.942857142857143,1,1.0,3,1,0.0,1.0
광주전남,2025-06-27,30.814285714285713,7,1.0,4,1,1.0,0.0
광주전남,2025-06-28,30.935714285714283,10,2.0,5,1,1.0,1.0
광주전남,2025-06-29,31.150000000000002,7,2.0,6,1,1.0,1.0
광주전남,2025-06-30,32.22857142857143,3,1.0,0,1,1.0,1.0
광주전남,2025-07-01,32.121428571428574,9,0.0,1,0,1.0,1.0
광주전남,2025-07-02,33.107142857142854,13,1.0,2,1,0.0,1.0
광주전남,2025-07-03,32.871428571428574,5,1.0,3,1,1.0,0.0
광주전남,2025-07-04,31.507142857142856,5,3.0,4,1,1.0,1.0
광주전남,2025-07-05,32.24285714285714,7,0.0,5,0,1.0,1.0
광주전남,2025-07-06,33.25714285714286,4,5.0,6,1,0.0,1.0
광주전남,2025-07-07,34.25,8,4.0,0,1,1.0,0.0
광주전남,2025-07-08,33.81428571428571,13,0.0,1,0,1.0,1.0
광주전남,2025-07-09,34.16428571428572,7,3.0,2,1,0.0,1.0
광주전남,2025-07-10,33.76428571428571,6,1.0,3,1,1.0,0.0
광주전남,2025-07-11,33.69285714285714,11,1.0,4,1,1.0,1.0
광주전남,2025-07-12,32.66428571428572,2,1.0,5,1,1.0,1.0
광주전남,2025-07-13,26.62857142857143,1,4.0,6,1,1.0,1.0
광주전남,2025-07-14,30.057142857142857,4,2.0,0,1,1.0,1.0
광주전남,2025-07-15,29.085714285714285,1,1.0,1,1,1.0,1.0
광주전남,2025-07-16,26.142857142857142,0,3.0,2,1,1.0,1.0
광주전남,2025-07-17,28.7,3,33.0,3,1,1.0,1.0
광주전남,2025-07-18,29.37857142857143,0,6.0,4,1,1.0,1.0
광주전남,2025-07-19,29.642857142857142,1,7.0,5,1,1.0,1.0
광주전남,2025-07-20,31.014285714285712,3,4.0,6,1,1.0,1.0
광주전남,2025-07-21,31.657142857142855,6,5.0,0,1,1.0,1.0
광주전남,2025-07-22,32.19285714285714,11,2.0,1,1,1.0,1.0
광주전남,2025-07-23,33.45,17,1.0,2,1,1.0,1.0
광주전남,2025-07-24,33.792857142857144,13,1.0,3,1,1.0,1.0
광주전남,2025-07-25,33.8,20,0.0,4,0,1.0,1.0
광주전남,2025-07-26,34.1,9,0.0,5,0,0.0,1.0
광주전남,2025-07-27,34.27142857142857,5,2.0,6,1,0.0,0.0
광주전남,2025-07-28,35.02142857142857,9,1.0,0,1,1.0,0.0
광주전남,2025-07-29,34.19285714285714,4,1.0,1,1,1.0,1.0
광주전남,2025-07-30,33.22857142857143,7,1.0,2,1,1.0,1.0
광주전남,2025-07-31,33.40714285714286,3,0.0,3,0,1.0,1.0
광주전남,2025-08-01,34.66428571428572,7,1.0,4,1,0.0,1.0
광주전남,2025-08-02,34.22857142857143,12,2.0,5,1,1.0,0.0
광주전남,2025-08-03,30.12857142857143,0,15.0,6,1,1.0,1.0
광주전남,2025-08-04,32.09285714285714,3,4.0,0,1,1.0,1.0
광주전남,2025-08-05,32.25714285714285,9,0.0,1,0,1.0,1.0
광주전남,2025-08-06,30.428571428571427,0,1.0,2,1,0.0,1.0
광주전남,2025-08-07,31.57857142857143,6,2.0,3,1,1.0,0.0
광주전남,2025-08-08,31.821428571428573,1,1.0,4,1,1.0,1.0
광주전남,2025-08-09,26.014285714285712,0,0.0,5,0,1.0,1.0
광주전남,2025-08-10,29.064285714285713,1,3.0,6,1,0.0,1.0
광주전남,2025-08-11,26.764285714285712,0,2.0,0,1,1.0,0.0
광주전남,2025-08-12,24.885714285714283,0,5.0,1,1,1.0,1.0
광주전남,2025-08-13,31.692857142857143,5,2.0,2,1,1.0,1.0
광주전남,2025-08-14,32.59285714285714,20,0.0,3,0,1.0,1.0
광주전남,2025-08-15,33.635714285714286,16,2.0,4,1,0.0,1.0
광주전남,2025-08-16,33.48571428571429,11,1.0,5,1,1.0,0.0
광주전남,2025-08-17,33.528571428571425,2,0.0,6,0,1.0,1.0
광주전남,2025-08-18,33.01428571428571,3,2.0,0,1,0.0,1.0
광주전남,2025-08-19,32.75714285714286,7,2.0,1,1,1.0,0.0
광주전남,2025-08-20,33.06428571428572,6,2.0,2,1,1.0,1.0
광주전남,2025-08-21,33.971428571428575,6,1.0,3,1,1.0,1.0
광주전남,2025-08-22,33.885714285714286,7,1.0,4,1,1.0,1.0
광주전남,2025-08-23,33.878571428571426,6,2.0,5,1,1.0,1.0
광주전남,2025-08-24,33.65,5,1.0,6,1,1.0,1.0
광주전남,2025-08-25,33.371428571428574,6,1.0,0,1,1.0,1.0
광주전남,2025-08-26,31.97142857142857,3,8.0,1,1,1.0,1.0
광주전남,2025-08-27,32.82857142857143,5,2.0,2,1,1.0,1.0
광주전남,2025-08-28,32.56428571428571,6,1.0,3,1,1.0,1.0
광주전남,2025-08-29,33.69285714285714,7,0.0,4,0,1.0,1.0
광주전남,2025-08-30,34.07142857142857,6,2.0,5,1,0.0,1.0
광주전남,2025-08-31,31.49285714285714,3,4.0,6,1,1.0,0.0
광주전남,2025-09-01,32.128571428571426,0,2.0,0,1,1.0,1.0
광주전남,2025-09-02,31.25714285714286,3,4.0,1,1,1.0,1.0
광주전남,2025-09-03,32.635714285714286,2,3.0,2,1,1.0,1.0
광주전남,2025-09-04,33.15,11,1.0,3,1,1.0,1.0
광주전남,2025-09-05,33.33571428571428,6,2.0,4,1,1.0,1.0
광주전남,2025-09-06,32.614285714285714,3,2.0,5,1,1.0,1.0
광주전남,2025-09-07,31.135714285714283,1,7.0,6,1,1.0,1.0
광주전남,2025-09-08,27.707142857142856,0,0.0,0,0,1.0,1.0
광주전남,2025-09-09,23.478571428571428,0,1.0,1,1,0.0,1.0
광주전남,2025-09-10,29.014285714285712,0,3.0,2,1,1.0,0.0
광주전남,2025-09-11,30.464285714285715,2,3.0,3,1,1.0,1.0
광주전남,2025-09-12,28.342857142857145,0,2.0,4,1,1.0,1.0
광주전남,2025-09-13,29.607142857142858,1,4.0,5,1,1.0,1.0
광주전남,2025-09-14,30.12142857142857,2,0.0,6,0,1.0,1.0
광주전남,2025-09-15,28.87857142857143,0,2.0,0,1,0.0,1.0
광주전남,2025-09-16,31.721428571428568,2,2.0,1,1,1.0,0.0
광주전남,2025-09-17,31.235714285714288,4,5.0,2,1,1.0,1.0
광주전남,2025-09-18,27.764285714285712,0,2.0,3,1,1.0,1.0
광주전남,2025-09-19,26.49285714285714,0,0.0,4,0,1.0,1.0
광주전남,2025-09-20,26.55,0,4.0,5,1,0.0,1.0
광주전남,2025-09-21,27.664285714285715,0,1.0,6,1,1.0,0.0
광주전남,2025-09-22,27.042857142857144,1,1.0,0,1,1.0,1.0
광주전남,2025-09-23,28.07857142857143,0,0.0,1,0,1.0,1.0
광주전남,2025-09-24,28.428571428571427,0,0.0,2,0,0.0,1.0
광주전남,2025-09-25,24.985714285714288,0,0.0,3,0,0.0,0.0
광주전남,2025-09-26,28.178571428571427,0,2.0,4,1,0.0,0.0
광주전남,2025-09-27,26.57857142857143,0,0.0,5,0,1.0,0.0
광주전남,2025-09-28,26.385714285714283,0,0.0,6,0,0.0,1.0
광주전남,2025-09-29,26.064285714285713,0,2.0,0,1,0.0,0.0
광주전남,2025-09-30,25.685714285714287,0,0.0,1,0,1.0,0.0
대구경북,2020-05-01,30.353333333333335,0,0.0,4,0,0.0,0.0
대구경북,2020-05-02,28.466666666666665,0,1.0,5,1,0.0,0.0
대구경북,2020-05-03,20.60666666666667,0,0.0,6,0,1.0,0.0
대구경북,2020-05-04,27.886666666666667,0,3.0,0,1,0.0,1.0
대구경북,2020-05-05,19.926666666666666,0,1.0,1,1,1.0,0.0
대구경북,2020-05-06,23.833333333333332,0,1.0,2,1,1.0,1.0
대구경북,2020-05-07,21.5,0,1.0,3,1,1.0,1.0
대구경북,2020-05-08,23.446666666666665,0,1.0,4,1,1.0,1.0
대구경북,2020-05-09,17.366666666666667,0,0.0,5,0,1.0,1.0
대구경북,2020-05-10,21.313333333333333,0,0.0,6,0,0.0,1.0
대구경북,2020-05-11,26.133333333333333,0,1.0,0,1,0.0,0.0
대구경북,2020-05-12,24.173333333333336,0,3.0,1,1,1.0,0.0
대구경북,2020-05-13,23.959999999999997,0,1.0,2,1,1.0,1.0
대구경북,2020-05-14,26.833333333333332,0,3.0,3,1,1.0,1.0
대구경북,2020-05-15,18.333333333333332,0,1.0,4,1,1.0,1.0
대구경북,2020-05-16,23.279999999999998,0,0.0,5,0,1.0,1.0
대구경북,2020-05-17,25.653333333333332,0,0.0,6,0,0.0,1.0
대구경북,2020-05-18,21.206666666666667,0,0.0,0,0,0.0,0.0
대구경북,2020-05-19,18.34,0,0.0,1,0,0.0,0.0
대구경북,2020-05-20,18.279999999999998,0,1.0,2,1,0.0,0.0
대구경북,2020-05-21,20.706666666666667,0,0.0,3,0,1.0,0.0
대구경북,2020-05-22,20.68,0,0.0,4,0,0.0,1.0
대구경북,2020-05-23,24.473333333333336,0,0.0,5,0,0.0,0.0
대구경북,2020-05-24,25.59333333333333,0,1.0,6,1,0.0,0.0
대구경북,2020-05-25,23.59333333333333,0,0.0,0,0,1.0,0.0
대구경북,2020-05-26,25.853333333333335,0,0.0,1,0,0.0,1.0
대구경북,2020-05-27,24.8,0,0.0,2,0,0.0,0.0
대구경북,2020-05-28,26.040000000000003,0,0.0,3,0,0.0,0.0
대구경북,2020-05-29,25.82,0,2.0,4,1,0.0,0.0
대구경북,2020-05-30,26.866666666666667,0,0.0,5,0,1.0,0.0
대구경북,2020-05-31,26.78666666666667,0,1.0,6,1,0.0,1.0
대구경북,2020-06-01,27.1,0,1.0,0,1,1.0,0.0
대구경북,2020-06-02,26.80666666666667,0,3.0,1,1,1.0,1.0
대구경북,2020-06-03,28.90666666666667,0,2.0,2,1,1.0,1.0
대구경북,2020-06-04,32.86,2,2.0,3,1,1.0,1.0
대구경북,2020-06-05,30.233333333333334,1,0.0,4,0,1.0,1.0
대구경북,2020-06-06,25.9,0,3.0,5,1,0.0,1.0
대구경북,2020-06-07,28.313333333333333,1,0.0,6,0,1.0,0.0
대구경북,2020-06-08,32.07333333333334,2,0.0,0,0,0.0,1.0
대구경북,2020-06-09,34.333333333333336,4,1.0,1,1,0.0,0.0
대구경북,2020-06-10,33.06666666666667,7,1.0,2,1,1.0,0.0
대구경북,2020-06-11,29.553333333333335,2,1.0,3,1,1.0,1.0
대구경북,2020-06-12,27.866666666666667,0,0.0,4,0,1.0,1.0
대구경북,2020-06-13,28.706666666666663,0,4.0,5,1,0.0,1.0
대구경북,2020-06-14,29.4,0,8.0,6,1,1.0,0.0
대구경북,2020-06-15,29.473333333333336,2,2.0,0,1,1.0,1.0
대구경북,2020-06-16,28.48,1,2.0,1,1,1.0,1.0
대구경북,2020-06-17,27.266666666666666,0,3.0,2,1,1.0,1.0
대구경북,2020-06-18,22.39333333333333,0,3.0,3,1,1.0,1.0
대구경북,2020-06-19,26.89333333333333,0,5.0,4,1,1.0,1.0
대구경북,2020-06-20,27.026666666666664,0,1.0,5,1,1.0,1.0
대구경북,2020-06-21,27.673333333333336,1,1.0,6,1,1.0,1.0
대구경북,2020-06-22,30.82,3,3.0,0,1,1.0,1.0
대구경북,2020-06-23,30.779999999999998,3,1.0,1,1,1.0,1.0
대구경북,2020-06-24,24.453333333333333,0,3.0,2,1,1.0,1.0
대구경북,2020-06-25,24.733333333333334,0,1.0,3,1,1.0,1.0
대구경북,2020-06-26,28.246666666666666,0,2.0,4,1,1.0,1.0
대구경북,2020-06-27,29.36,2,0.0,5,0,1.0,1.0
대구경북,2020-06-28,29.39333333333333,2,1.0,6,1,0.0,1.0
대구경북,2020-06-29,25.3,0,2.0,0,1,1.0,0.0
대구경북,2020-06-30,25.4,0,0.0,1,0,1.0,1.0
대구경북,2020-07-01,24.19333333333333,0,0.0,2,0,0.0,1.0
대구경북,2020-07-02,27.753333333333334,1,1.0,3,1,0.0,0.0
대구경북,2020-07-03,22.459999999999997,0,1.0,4,1,1.0,0.0
대구경북,2020-07-04,24.753333333333334,0,1.0,5,1,1.0,1.0
대구경북,2020-07-05,27.40666666666667,0,1.0,6,1,1.0,1.0
대구경북,2020-07-06,27.52,0,1.0,0,1,1.0,1.0
대구경북,2020-07-07,29.386666666666667,3,2.0,1,1,1.0,1.0
대구경북,2020-07-08,29.28666666666667,0,2.0,2,1,1.0,1.0
대구경북,2020-07-09,28.3,2,3.0,3,1,1.0,1.0
대구경북,2020-07-10,26.253333333333334,0,0.0,4,0,1.0,1.0
대구경북,2020-07-11,28.166666666666668,1,1.0,5,1,0.0,1.0
대구경북,2020-07-12,22.086666666666666,0,5.0,6,1,1.0,0.0
대구경북,2020-07-13,19.60666666666667,0,0.0,0,0,1.0,1.0
대구경북,2020-07-14,20.92,0,1.0,1,1,0.0,1.0
대구경북,2020-07-15,21.953333333333333,0,0.0,2,0,1.0,0.0
대구경북,2020-07-16,26.733333333333334,1,0.0,3,0,0.0,1.0
대구경북,2020-07-17,27.5,1,2.0,4,1,0.0,0.0
대구경북,2020-07-18,26.273333333333333,0,3.0,5,1,1.0,0.0
대구경북,2020-07-19,24.733333333333334,0,1.0,6,1,1.0,1.0
대구경북,2020-07-20,30.226666666666667,0,0.0,0,0,1.0,1.0
대구경북,2020-07-21,30.653333333333332,1,2.0,1,1,0.0,1.0
대구경북,2020-07-22,24.246666666666666,0,1.0,2,1,1.0,0.0
대구경북,2020-07-23,22.026666666666664,0,0.0,3,0,1.0,1.0
대구경북,2020-07-24,23.5,0,2.0,4,1,0.0,1.0
대구경북,2020-07-25,24.326666666666664,0,2.0,5,1,1.0,0.0
대구경북,2020-07-26,26.646666666666665,0,1.0,6,1,1.0,1.0
대구경북,2020-07-27,24.6,0,0.0,0,0,1.0,1.0
대구경북,2020-07-28,23.613333333333333,0,0.0,1,0,0.0,1.0
대구경북,2020-07-29,24.040000000000003,0,1.0,2,1,0.0,0.0
대구경북,2020-07-30,24.993333333333332,0,4.0,3,1,1.0,0.0
대구경북,2020-07-31,30.8,1,1.0,4,1,1.0,1.0
대구경북,2020-08-01,31.52,3,0.0,5,0,1.0,1.0
대구경북,2020-08-02,30.653333333333332,0,1.0,6,1,0.0,1.0
대구경북,2020-08-03,30.313333333333333,3,0.0,0,0,1.0,0.0
대구경북,2020-08-04,32.486666666666665,3,1.0,1,1,0.0,1.0
대구경북,2020-08-05,30.413333333333334,4,0.0,2,0,1.0,0.0
대구경북,2020-08-06,29.18,1,2.0,3,1,0.0,1.0
대구경북,2020-08-07,25.326666666666664,0,2.0,4,1,1.0,0.0
대구경북,2020-08-08,23.71333333333333,0,4.0,5,1,1.0,1.0
대구경북,2020-08-09,30.82,2,1.0,6,1,1.0,1.0
대구경북,2020-08-10,28.833333333333332,1,1.0,0,1,1.0,1.0
대구경북,2020-08-11,29.90666666666667,1,0.0,1,0,1.0,1.0
대구경북,2020-08-12,31.173333333333332,1,0.0,2,0,0.0,1.0
대구경북,2020-08-13,33.25333333333334,4,0.0,3,0,0.0,0.0
대구경북,2020-08-14,33.406666666666666,7,3.0,4,1,0.0,0.0
대구경북,2020-08-15,33.413333333333334,10,1.0,5,1,1.0,0.0
대구경북,2020-08-16,33.57333333333334,6,0.0,6,0,1.0,1.0
대구경북,2020-08-17,32.486666666666665,4,1.0,0,1,0.0,1.0
대구경북,2020-08-18,33.413333333333334,11,0.0,1,0,1.0,0.0
대구경북,2020-08-19,34.126666666666665,9,0.0,2,0,0.0,1.0
대구경북,2020-08-20,33.52,7,0.0,3,0,0.0,0.0
대구경북,2020-08-21,30.673333333333336,1,0.0,4,0,0.0,0.0
대구경북,2020-08-22,28.740000000000002,1,0.0,5,0,0.0,0.0
대구경북,2020-08-23,30.686666666666667,1,0.0,6,0,0.0,0.0
대구경북,2020-08-24,31.466666666666665,1,0.0,0,0,0.0,0.0
대구경북,2020-08-25,33.46,6,2.0,1,1,0.0,0.0
대구경북,2020-08-26,31.706666666666667,2,0.0,2,0,1.0,0.0
대구경북,2020-08-27,30.913333333333334,2,0.0,3,0,0.0,1.0
대구경북,2020-08-28,31.66,3,0.0,4,0,0.0,0.0
대구경북,2020-08-29,32.32666666666667,3,0.0,5,0,0.0,0.0
대구경북,2020-08-30,31.933333333333334,2,1.0,6,1,0.0,0.0
대구경북,2020-08-31,26.66,0,0.0,0,0,1.0,0.0
대구경북,2020-09-01,27.7,0,0.0,1,0,0.0,1.0
대구경북,2020-09-02,26.9,1,2.0,2,1,0.0,0.0
대구경북,2020-09-03,28.313333333333333,0,5.0,3,1,1.0,0.0
대구경북,2020-09-04,28.779999999999998,1,2.0,4,1,1.0,1.0
대구경북,2020-09-05,22.866666666666667,0,6.0,5,1,1.0,1.0
대구경북,2020-09-06,21.653333333333332,0,2.0,6,1,1.0,1.0
대구경북,2020-09-07,24.453333333333333,0,19.0,0,1,1.0,1.0
대구경북,2020-09-08,28.266666666666666,0,0.0,1,0,1.0,1.0
대구경북,2020-09-09,26.853333333333335,0,1.0,2,1,0.0,1.0
대구경북,2020-09-10,26.88,0,1.0,3,1,1.0,0.0
대구경북,2020-09-11,24.279999999999998,0,0.0,4,0,1.0,1.0
대구경북,2020-09-12,22.08,0,1.0,5,1,0.0,1.0
대구경북,2020-09-13,23.813333333333333,0,0.0,6,0,1.0,0.0
대구경북,2020-09-14,26.533333333333335,0,3.0,0,1,0.0,1.0
대구경북,2020-09-15,26.80666666666667,0,0.0,1,0,1.0,0.0
대구경북,2020-09-16,23.71333333333333,0,0.0,2,0,0.0,1.0
대구경북,2020-09-17,23.98,0,1.0,3,1,0.0,0.0
대구경북,2020-09-18,24.453333333333333,0,2.0,4,1,1.0,0.0
대구경북,2020-09-19,25.34,0,0.0,5,0,1.0,1.0
대구경북,2020-09-20,24.69333333333333,0,1.0,6,1,0.0,1.0
대구경북,2020-09-21,22.959999999999997,0,0.0,0,0,1.0,0.0
대구경북,2020-09-22,22.10666666666667,0,1.0,1,1,0.0,1.0
대구경북,2020-09-23,22.5,0,1.0,2,1,1.0,0.0
대구경북,2020-09-24,23.206666666666667,0,0.0,3,0,1.0,1.0
대구경북,2020-09-25,23.826666666666664,0,0.0,4,0,0.0,1.0
대구경북,2020-09-26,23.42,0,1.0,5,1,0.0,0.0
대구경북,2020-09-27,23.026666666666664,0,0.0,6,0,1.0,0.0
대구경북,2020-09-28,23.186666666666667,0,1.0,0,1,0.0,1.0
대구경북,2020-09-29,24.293333333333333,0,1.0,1,1,1.0,0.0
대구경북,2020-09-30,23.706666666666667,0,0.0,2,0,1.0,1.0
대구경북,2021-05-01,13.520000000000001,0,0.0,5,0,0.0,1.0
대구경북,2021-05-02,18.30666666666667,0,0.0,6,0,0.0,0.0
대구경북,2021-05-03,23.013333333333332,0,2.0,0,1,0.0,0.0
대구경북,2021-05-04,20.233333333333334,0,1.0,1,1,1.0,0.0
대구경북,2021-05-05,21.453333333333333,0,3.0,2,1,1.0,1.0
대구경북,2021-05-06,23.346666666666668,0,2.0,3,1,1.0,1.0
대구경북,2021-05-07,23.10666666666667,0,2.0,4,1,1.0,1.0
대구경북,2021-05-08,24.573333333333334,0,1.0,5,1,1.0,1.0
대구경북,2021-05-09,23.006666666666668,0,1.0,6,1,1.0,1.0
대구경북,2021-05-10,14.226666666666667,0,1.0,0,1,1.0,1.0
대구경북,2021-05-11,18.793333333333333,0,0.0,1,0,1.0,1.0
대구경북,2021-05-12,21.62,0,0.0,2,0,0.0,1.0
대구경북,2021-05-13,26.32,0,0.0,3,0,0.0,0.0
대구경북,2021-05-14,26.58,0,2.0,4,1,0.0,0.0
대구경북,2021-05-15,21.473333333333336,0,0.0,5,0,1.0,0.0
대구경북,2021-05-16,22.153333333333332,0,2.0,6,1,0.0,1.0
대구경북,2021-05-17,16.14,0,0.0,0,0,1.0,0.0
대구경북,2021-05-18,21.586666666666666,0,2.0,1,1,0.0,1.0
대구경북,2021-05-19,27.613333333333333,0,1.0,2,1,1.0,0.0
대구경북,2021-05-20,18.259999999999998,0,0.0,3,0,1.0,1.0
대구경북,2021-05-21,17.953333333333333,0,1.0,4,1,0.0,1.0
대구경북,2021-05-22,26.10666666666667,0,1.0,5,1,1.0,0.0
대구경북,2021-05-23,28.18,0,0.0,6,0,1.0,1.0
대구경북,2021-05-24,25.52,0,0.0,0,0,0.0,1.0
대구경북,2021-05-25,21.473333333333336,0,0.0,1,0,0.0,0.0
대구경북,2021-05-26,22.09333333333333,0,0.0,2,0,0.0,0.0
대구경북,2021-05-27,22.166666666666668,0,1.0,3,1,0.0,0.0
대구경북,2021-05-28,23.686666666666667,0,3.0,4,1,1.0,0.0
대구경북,2021-05-29,23.753333333333334,1,2.0,5,1,1.0,1.0
대구경북,2021-05-30,25.273333333333333,0,2.0,6,1,1.0,1.0
대구경북,2021-05-31,23.293333333333333,0,2.0,0,1,1.0,1.0
대구경북,2021-06-01,25.973333333333336,0,2.0,1,1,1.0,1.0
대구경북,2021-06-02,28.333333333333332,2,2.0,2,1,1.0,1.0
대구경북,2021-06-03,20.473333333333336,0,4.0,3,1,1.0,1.0
대구경북,2021-06-04,25.126666666666665,0,1.0,4,1,1.0,1.0
대구경북,2021-06-05,28.293333333333333,0,2.0,5,1,1.0,1.0
대구경북,2021-06-06,28.006666666666668,0,0.0,6,0,1.0,1.0
대구경북,2021-06-07,28.959999999999997,0,3.0,0,1,0.0,1.0
대구경북,2021-06-08,29.40666666666667,2,1.0,1,1,1.0,0.0
대구경북,2021-06-09,28.90666666666667,2,1.0,2,1,1.0,1.0
대구경북,2021-06-10,28.066666666666666,1,2.0,3,1,1.0,1.0
대구경북,2021-06-11,24.9,0,2.0,4,1,1.0,1.0
대구경북,2021-06-12,27.52,0,5.0,5,1,1.0,1.0
대구경북,2021-06-13,28.566666666666666,0,3.0,6,1,1.0,1.0
대구경북,2021-06-14,26.39333333333333,1,2.0,0,1,1.0,1.0
대구경북,2021-06-15,22.279999999999998,0,1.0,1,1,1.0,1.0
대구경북,2021-06-16,22.36,0,0.0,2,0,1.0,1.0
대구경북,2021-06-17,21.173333333333336,0,1.0,3,1,0.0,1.0
대구경북,2021-06-18,25.14,0,1.0,4,1,1.0,0.0
대구경북,2021-06-19,28.52,0,2.0,5,1,1.0,1.0
대구경북,2021-06-20,29.740000000000002,0,5.0,6,1,1.0,1.0
대구경북,2021-06-21,28.313333333333333,1,0.0,0,0,1.0,1.0
대구경북,2021-06-22,23.073333333333334,0,1.0,1,1,0.0,1.0
대구경북,2021-06-23,21.666666666666668,0,0.0,2,0,1.0,0.0
대구경북,2021-06-24,26.453333333333333,0,4.0,3,1,0.0,1.0
대구경북,2021-06-25,28.026666666666664,1,1.0,4,1,1.0,0.0
대구경북,2021-06-26,26.779999999999998,0,2.0,5,1,1.0,1.0
대구경북,2021-06-27,27.3,0,4.0,6,1,1.0,1.0
대구경북,2021-06-28,26.5,0,1.0,0,1,1.0,1.0
대구경북,2021-06-29,27.773333333333333,0,0.0,1,0,1.0,1.0
대구경북,2021-06-30,26.4,1,1.0,2,1,0.0,1.0
대구경북,2021-07-01,29.346666666666668,1,4.0,3,1,1.0,0.0
대구경북,2021-07-02,27.5,0,0.0,4,0,1.0,1.0
대구경북,2021-07-03,23.68,0,2.0,5,1,0.0,1.0
대구경북,2021-07-04,29.673333333333332,0,0.0,6,0,1.0,0.0
대구경북,2021-07-05,26.279999999999998,0,1.0,0,1,0.0,1.0
대구경북,2021-07-06,26.266666666666666,0,1.0,1,1,1.0,0.0
대구경북,2021-07-07,25.873333333333335,0,2.0,2,1,1.0,1.0
대구경북,2021-07-08,27.133333333333333,0,6.0,3,1,1.0,1.0
대구경북,2021-07-09,26.933333333333334,0,5.0,4,1,1.0,1.0
대구경북,2021-07-10,29.88,1,6.0,5,1,1.0,1.0
대구경북,2021-07-11,30.90666666666667,4,5.0,6,1,1.0,1.0
대구경북,2021-07-12,32.36,7,3.0,0,1,1.0,1.0
대구경북,2021-07-13,32.54666666666667,9,3.0,1,1,1.0,1.0
대구경북,2021-07-14,32.473333333333336,10,2.0,2,1,1.0,1.0
대구경북,2021-07-15,31.746666666666666,5,5.0,3,1,1.0,1.0
대구경북,2021-07-16,30.842857142857145,1,2.0,4,1,1.0,1.0
대구경북,2021-07-17,29.38,0,0.0,5,0,1.0,1.0
대구경북,2021-07-18,30.666666666666668,2,3.0,6,1,0.0,1.0
대구경북,2021-07-19,30.206666666666667,1,1.0,0,1,1.0,0.0
대구경북,2021-07-20,31.8,4,2.0,1,1,1.0,1.0
대구경북,2021-07-21,31.68,6,0.0,2,0,1.0,1.0
대구경북,2021-07-22,31.16,7,0.0,3,0,0.0,1.0
대구경북,2021-07-23,31.839999999999996,8,2.0,4,1,0.0,0.0
대구경북,2021-07-24,31.933333333333334,4,2.0,5,1,1.0,0.0
대구경북,2021-07-25,31.4,0,1.0,6,1,1.0,1.0
대구경북,2021-07-26,32.29333333333333,1,0.0,0,0,1.0,1.0
대구경북,2021-07-27,32.62,6,1.0,1,1,0.0,1.0
대구경북,2021-07-28,32.5,1,1.0,2,1,1.0,0.0
대구경북,2021-07-29,33.3,3,0.0,3,0,1.0,1.0
대구경북,2021-07-30,34.266666666666666,3,0.0,4,0,0.0,1.0
대구경북,2021-07-31,34.526666666666664,4,0.0,5,0,0.0,0.0
대구경북,2021-08-01,32.980000000000004,6,9.0,6,1,0.0,0.0
대구경북,2021-08-02,31.42,1,1.0,0,1,1.0,0.0
대구경북,2021-08-03,32.18,4,0.0,1,0,1.0,1.0
대구경북,2021-08-04,33.72,6,1.0,2,1,0.0,1.0
대구경북,2021-08-05,34.13333333333333,8,3.0,3,1,1.0,0.0
대구경북,2021-08-06,34.07333333333334,8,1.0,4,1,1.0,1.0
대구경북,2021-08-07,33.60666666666667,7,1.0,5,1,1.0,1.0
대구경북,2021-08-08,28.8,2,0.0,6,0,1.0,1.0
대구경북,2021-08-09,30.006666666666668,0,0.0,0,0,0.0,1.0
대구경북,2021-08-10,26.90666666666667,0,5.0,1,1,0.0,0.0
대구경북,2021-08-11,30.333333333333332,2,1.0,2,1,1.0,0.0
대구경북,2021-08-12,29.90666666666667,2,1.0,3,1,1.0,1.0
대구경북,2021-08-13,28.266666666666666,0,2.0,4,1,1.0,1.0
대구경북,2021-08-14,25.946666666666665,0,0.0,5,0,1.0,1.0
대구경북,2021-08-15,26.259999999999998,0,2.0,6,1,0.0,1.0
대구경북,2021-08-16,26.873333333333335,1,2.0,0,1,1.0,0.0
대구경북,2021-08-17,26.52,0,0.0,1,0,1.0,1.0
대구경북,2021-08-18,25.946666666666665,0,0.0,2,0,0.0,1.0
대구경북,2021-08-19,26.09333333333333,1,0.0,3,0,0.0,0.0
대구경북,2021-08-20,28.88,1,2.0,4,1,0.0,0.0
대구경북,2021-08-21,24.686666666666667,0,0.0,5,0,1.0,0.0
대구경북,2021-08-22,28.52,0,0.0,6,0,0.0,1.0
대구경북,2021-08-23,24.293333333333333,1,0.0,0,0,0.0,0.0
대구경북,2021-08-24,26.32,0,2.0,1,1,0.0,0.0
대구경북,2021-08-25,25.92,0,1.0,2,1,1.0,0.0
대구경북,2021-08-26,30.27333333333333,2,1.0,3,1,1.0,1.0
대구경북,2021-08-27,26.133333333333333,0,1.0,4,1,1.0,1.0
대구경북,2021-08-28,29.546666666666667,1,1.0,5,1,1.0,1.0
대구경북,2021-08-29,24.386666666666667,0,2.0,6,1,1.0,1.0
대구경북,2021-08-30,27.18,1,1.0,0,1,1.0,1.0
대구경북,2021-08-31,26.16,0,0.0,1,0,1.0,1.0
대구경북,2021-09-01,22.073333333333334,0,2.0,2,1,0.0,1.0
대구경북,2021-09-02,23.886666666666667,1,1.0,3,1,1.0,0.0
대구경북,2021-09-03,24.373333333333335,0,0.0,4,0,1.0,1.0
대구경북,2021-09-04,25.779999999999998,0,0.0,5,0,0.0,1.0
대구경북,2021-09-05,25.073333333333334,0,0.0,6,0,0.0,0.0
대구경북,2021-09-06,24.753333333333334,0,0.0,0,0,0.0,0.0
대구경북,2021-09-07,23.333333333333332,0,1.0,1,1,0.0,0.0
대구경북,2021-09-08,26.646666666666665,0,1.0,2,1,1.0,0.0
대구경북,2021-09-09,27.259999999999998,0,0.0,3,0,1.0,1.0
대구경북,2021-09-10,26.346666666666668,0,0.0,4,0,0.0,1.0
대구경북,2021-09-11,29.053333333333335,0,1.0,5,1,0.0,0.0
대구경북,2021-09-12,28.766666666666666,1,0.0,6,0,1.0,0.0
대구경북,2021-09-13,25.326666666666668,0,0.0,0,0,0.0,1.0
대구경북,2021-09-14,23.933333333333334,0,1.0,1,1,0.0,0.0
대구경북,2021-09-15,25.866666666666667,0,1.0,2,1,1.0,0.0
대구경북,2021-09-16,25.14,0,0.0,3,0,1.0,1.0
대구경북,2021-09-17,20.686666666666667,0,1.0,4,1,0.0,1.0
대구경북,2021-09-18,25.546666666666667,0,0.0,5,0,1.0,0.0
대구경북,2021-09-19,25.68,0,0.0,6,0,0.0,1.0
대구경북,2021-09-20,25.626666666666665,0,2.0,0,1,0.0,0.0
대구경북,2021-09-21,25.42,0,1.0,1,1,1.0,0.0
대구경북,2021-09-22,27.10666666666667,0,0.0,2,0,1.0,1.0
대구경북,2021-09-23,25.1,0,1.0,3,1,0.0,1.0
대구경북,2021-09-24,24.540000000000003,0,0.0,4,0,1.0,0.0
대구경북,2021-09-25,23.08,0,1.0,5,1,0.0,1.0
대구경북,2021-09-26,24.126666666666665,0,0.0,6,0,1.0,0.0
대구경북,2021-09-27,23.706666666666667,0,1.0,0,1,0.0,1.0
대구경북,2021-09-28,23.82,0,0.0,1,0,1.0,0.0
대구경북,2021-09-29,25.013333333333332,0,0.0,2,0,0.0,1.0
대구경북,2021-09-30,25.86,0,2.0,3,1,0.0,0.0
대구경북,2022-05-01,18.793333333333333,0,0.0,6,0,1.0,0.0
대구경북,2022-05-02,18.6,0,2.0,0,1,0.0,1.0
대구경북,2022-05-03,22.326666666666664,0,0.0,1,0,1.0,0.0
대구경북,2022-05-04,27.3,0,0.0,2,0,0.0,1.0
대구경북,2022-05-05,27.153333333333332,0,4.0,3,1,0.0,0.0
대구경북,2022-05-06,26.89333333333333,0,2.0,4,1,1.0,0.0
대구경북,2022-05-07,24.220000000000002,0,1.0,5,1,1.0,1.0
대구경북,2022-05-08,19.36,0,2.0,6,1,1.0,1.0
대구경북,2022-05-09,21.293333333333333,0,1.0,0,1,1.0,1.0
대구경북,2022-05-10,22.033333333333335,0,0.0,1,0,1.0,1.0
대구경북,2022-05-11,24.986666666666668,0,1.0,2,1,0.0,1.0
대구경북,2022-05-12,23.6,0,0.0,3,0,1.0,0.0
대구경북,2022-05-13,18.686666666666667,0,1.0,4,1,0.0,1.0
대구경북,2022-05-14,22.666666666666668,0,3.0,5,1,1.0,0.0
대구경북,2022-05-15,21.06,0,2.0,6,1,1.0,1.0
대구경북,2022-05-16,24.14,0,1.0,0,1,1.0,1.0
대구경북,2022-05-17,27.10666666666667,0,1.0,1,1,1.0,1.0
대구경북,2022-05-18,29.166666666666668,0,3.0,2,1,1.0,1.0
대구경북,2022-05-19,26.566666666666666,0,1.0,3,1,1.0,1.0
대구경북,2022-05-20,27.626666666666665,1,1.0,4,1,1.0,1.0
대구경북,2022-05-21,28.220000000000002,0,2.0,5,1,1.0,1.0
대구경북,2022-05-22,29.88,1,0.0,6,0,1.0,1.0
대구경북,2022-05-23,29.08,0,2.0,0,1,0.0,1.0
대구경북,2022-05-24,30.913333333333334,1,0.0,1,0,1.0,0.0
대구경북,2022-05-25,30.82,2,0.0,2,0,0.0,1.0
대구경북,2022-05-26,25.846666666666668,0,1.0,3,1,0.0,0.0
대구경북,2022-05-27,26.833333333333332,0,2.0,4,1,1.0,0.0
대구경북,2022-05-28,30.793333333333333,1,0.0,5,0,1.0,1.0
대구경북,2022-05-29,31.040000000000003,0,0.0,6,0,0.0,1.0
대구경북,2022-05-30,26.506666666666668,0,5.0,0,1,0.0,0.0
대구경북,2022-05-31,28.2,0,2.0,1,1,1.0,0.0
대구경북,2022-06-01,30.766666666666666,3,1.0,2,1,1.0,1.0
대구경북,2022-06-02,31.246666666666666,0,1.0,3,1,1.0,1.0
대구경북,2022-06-03,28.366666666666667,1,3.0,4,1,1.0,1.0
대구경북,2022-06-04,26.18,0,1.0,5,1,1.0,1.0
대구경북,2022-06-05,18.98,0,5.0,6,1,1.0,1.0
대구경북,2022-06-06,20.733333333333334,0,3.0,0,1,1.0,1.0
대구경북,2022-06-07,19.98,0,0.0,1,0,1.0,1.0
대구경북,2022-06-08,21.133333333333333,0,2.0,2,1,0.0,1.0
대구경북,2022-06-09,24.92,0,1.0,3,1,1.0,0.0
대구경북,2022-06-10,27.42,0,3.0,4,1,1.0,1.0
대구경북,2022-06-11,25.60666666666667,0,2.0,5,1,1.0,1.0
대구경북,2022-06-12,24.959999999999997,0,2.0,6,1,1.0,1.0
대구경북,2022-06-13,23.52,0,3.0,0,1,1.0,1.0
대구경북,2022-06-14,18.746666666666666,0,2.0,1,1,1.0,1.0
대구경북,2022-06-15,23.246666666666666,0,1.0,2,1,1.0,1.0
대구경북,2022-06-16,26.446666666666665,1,1.0,3,1,1.0,1.0
대구경북,2022-06-17,31.246666666666666,2,1.0,4,1,1.0,1.0
대구경북,2022-06-18,32.04666666666667,6,1.0,5,1,1.0,1.0
대구경북,2022-06-19,31.966666666666665,1,3.0,6,1,1.0,1.0
대구경북,2022-06-20,32.10666666666667,2,2.0,0,1,1.0,1.0
대구경북,2022-06-21,32.24,3,1.0,1,1,1.0,1.0
대구경북,2022-06-22,34.66,10,3.0,2,1,1.0,1.0
대구경북,2022-06-23,29.573333333333334,0,3.0,3,1,1.0,1.0
대구경북,2022-06-24,30.486666666666668,1,8.0,4,1,1.0,1.0
대구경북,2022-06-25,32.873333333333335,1,3.0,5,1,1.0,1.0
대구경북,2022-06-26,30.446666666666665,1,0.0,6,0,1.0,1.0
대구경북,2022-06-27,29.240000000000002,0,4.0,0,1,0.0,1.0
대구경북,2022-06-28,31.326666666666664,0,2.0,1,1,1.0,0.0
대구경북,2022-06-29,32.193333333333335,3,1.0,2,1,1.0,1.0
대구경북,2022-06-30,31.486666666666668,5,6.0,3,1,1.0,1.0
대구경북,2022-07-01,33.693333333333335,4,3.0,4,1,1.0,1.0
대구경북,2022-07-02,34.45333333333333,5,1.0,5,1,1.0,1.0
대구경북,2022-07-03,34.27333333333333,13,3.0,6,1,1.0,1.0
대구경북,2022-07-04,32.98,2,1.0,0,1,1.0,1.0
대구경북,2022-07-05,32.14666666666667,0,2.0,1,1,1.0,1.0
대구경북,2022-07-06,31.086666666666666,3,2.0,2,1,1.0,1.0
대구경북,2022-07-07,32.666666666666664,3,3.0,3,1,1.0,1.0
대구경북,2022-07-08,32.84,3,2.0,4,1,1.0,1.0
대구경북,2022-07-09,32.026666666666664,3,0.0,5,0,1.0,1.0
대구경북,2022-07-10,32.059999999999995,3,1.0,6,1,0.0,1.0
대구경북,2022-07-11,27.846666666666668,1,0.0,0,0,1.0,0.0
대구경북,2022-07-12,27.89333333333333,1,6.0,1,1,0.0,1.0
대구경북,2022-07-13,25.873333333333335,0,1.0,2,1,1.0,0.0
대구경북,2022-07-14,30.06,1,10.0,3,1,1.0,1.0
대구경북,2022-07-15,30.913333333333334,1,4.0,4,1,1.0,1.0
대구경북,2022-07-16,31.1,1,1.0,5,1,1.0,1.0
대구경북,2022-07-17,30.32,1,1.0,6,1,1.0,1.0
대구경북,2022-07-18,24.726666666666667,0,0.0,0,0,1.0,1.0
대구경북,2022-07-19,30.9,0,4.0,1,1,0.0,1.0
대구경북,2022-07-20,32.16,4,2.0,2,1,1.0,0.0
대구경북,2022-07-21,26.540000000000003,0,0.0,3,0,1.0,1.0
대구경북,2022-07-22,27.62,0,2.0,4,1,0.0,1.0
대구경북,2022-07-23,27.21333333333333,0,1.0,5,1,1.0,0.0
대구경북,2022-07-24,28.746666666666666,0,3.0,6,1,1.0,1.0
대구경북,2022-07-25,31.16,5,1.0,0,1,1.0,1.0
대구경북,2022-07-26,31.086666666666666,2,2.0,1,1,1.0,1.0
대구경북,2022-07-27,28.84,1,0.0,2,0,1.0,1.0
대구경북,2022-07-28,28.206666666666667,0,2.0,3,1,0.0,1.0
대구경북,2022-07-29,32.333333333333336,4,0.0,4,0,1.0,0.0
대구경북,2022-07-30,29.873333333333335,0,4.0,5,1,0.0,1.0
대구경북,2022-07-31,28.92,0,1.0,6,1,1.0,0.0
대구경북,2022-08-01,30.226666666666667,1,0.0,0,0,1.0,1.0
대구경북,2022-08-02,30.779999999999998,0,0.0,1,0,0.0,1.0
대구경북,2022-08-03,33.36666666666667,10,2.0,2,1,0.0,0.0
대구경북,2022-08-04,33.693333333333335,6,3.0,3,1,1.0,0.0
대구경북,2022-08-05,33.53333333333333,5,1.0,4,1,1.0,1.0
대구경북,2022-08-06,34.68666666666666,9,4.0,5,1,1.0,1.0
대구경북,2022-08-07,35.18,8,1.0,6,1,1.0,1.0
대구경북,2022-08-08,31.746666666666666,1,0.0,0,0,1.0,1.0
대구경북,2022-08-09,30.38,0,0.0,1,0,0.0,1.0
대구경북,2022-08-10,27.526666666666664,1,1.0,2,1,0.0,0.0
대구경북,2022-08-11,26.38,0,2.0,3,1,1.0,0.0
대구경북,2022-08-12,32.873333333333335,2,0.0,4,0,1.0,1.0
대구경북,2022-08-13,30.426666666666666,3,3.0,5,1,0.0,1.0
대구경북,2022-08-14,30.793333333333333,5,1.0,6,1,1.0,0.0
대구경북,2022-08-15,32.6,2,2.0,0,1,1.0,1.0
대구경북,2022-08-16,29.813333333333333,1,0.0,1,0,1.0,1.0
대구경북,2022-08-17,28.513333333333332,0,0.0,2,0,0.0,1.0
대구경북,2022-08-18,29.446666666666665,1,0.0,3,0,0.0,0.0
대구경북,2022-08-19,30.366666666666667,0,0.0,4,0,0.0,0.0
대구경북,2022-08-20,29.486666666666668,1,2.0,5,1,0.0,0.0
대구경북,2022-08-21,29.6,1,2.0,6,1,1.0,0.0
대구경북,2022-08-22,31.253333333333334,0,1.0,0,1,1.0,1.0
대구경북,2022-08-23,27.046666666666667,0,1.0,1,1,1.0,1.0
대구경북,2022-08-24,23.779999999999998,0,1.0,2,1,1.0,1.0
대구경북,2022-08-25,28.146666666666665,0,0.0,3,0,1.0,1.0
대구경북,2022-08-26,28.686666666666667,0,1.0,4,1,0.0,1.0
대구경북,2022-08-27,27.14,0,1.0,5,1,1.0,0.0
대구경북,2022-08-28,26.526666666666664,0,2.0,6,1,1.0,1.0
대구경북,2022-08-29,23.10666666666667,0,0.0,0,0,1.0,1.0
대구경북,2022-08-30,21.373333333333335,0,1.0,1,1,0.0,1.0
대구경북,2022-08-31,22.740000000000002,0,2.0,2,1,1.0,0.0
대구경북,2022-09-01,24.573333333333334,0,0.0,3,0,1.0,1.0
대구경북,2022-09-02,24.78666666666667,0,0.0,4,0,0.0,1.0
대구경북,2022-09-03,24.14,0,1.0,5,1,0.0,0.0
대구경북,2022-09-04,26.533333333333335,1,1.0,6,1,1.0,0.0
대구경북,2022-09-05,26.82,0,1.0,0,1,1.0,1.0
대구경북,2022-09-06,25.09333333333333,0,24.0,1,1,1.0,1.0
대구경북,2022-09-07,27.646666666666665,1,0.0,2,0,1.0,1.0
대구경북,2022-09-08,27.259999999999998,0,1.0,3,1,0.0,1.0
대구경북,2022-09-09,26.69333333333333,0,3.0,4,1,1.0,0.0
대구경북,2022-09-10,24.68,0,1.0,5,1,1.0,1.0
대구경북,2022-09-11,26.173333333333336,0,0.0,6,0,1.0,1.0
대구경북,2022-09-12,24.706666666666667,0,2.0,0,1,0.0,1.0
대구경북,2022-09-13,26.779999999999998,0,2.0,1,1,1.0,0.0
대구경북,2022-09-14,27.186666666666667,1,2.0,2,1,1.0,1.0
대구경북,2022-09-15,26.58,0,1.0,3,1,1.0,1.0
대구경북,2022-09-16,26.6,0,0.0,4,0,1.0,1.0
대구경북,2022-09-17,31.006666666666668,3,0.0,5,0,0.0,1.0
대구경북,2022-09-18,29.3,1,1.0,6,1,0.0,0.0
대구경북,2022-09-19,26.759999999999998,0,4.0,0,1,1.0,0.0
대구경북,2022-09-20,21.4,0,2.0,1,1,1.0,1.0
대구경북,2022-09-21,22.18,0,0.0,2,0,1.0,1.0
대구경북,2022-09-22,23.666666666666668,0,1.0,3,1,0.0,1.0
대구경북,2022-09-23,26.540000000000003,0,0.0,4,0,1.0,0.0
대구경북,2022-09-24,23.973333333333336,0,2.0,5,1,0.0,1.0
대구경북,2022-09-25,22.526666666666664,0,0.0,6,0,1.0,0.0
대구경북,2022-09-26,22.233333333333334,0,0.0,0,0,0.0,1.0
대구경북,2022-09-27,25.293333333333333,0,0.0,1,0,0.0,0.0
대구경북,2022-09-28,24.3,0,1.0,2,1,0.0,0.0
대구경북,2022-09-29,27.113333333333333,0,1.0,3,1,1.0,0.0
대구경북,2022-09-30,28.206666666666667,0,0.0,4,0,1.0,1.0
대구경북,2023-05-01,20.793333333333333,0,0.0,0,0,0.0,1.0
대구경북,2023-05-02,23.82,0,0.0,1,0,0.0,0.0
대구경북,2023-05-03,25.546666666666667,0,0.0,2,0,0.0,0.0
대구경북,2023-05-04,23.766666666666666,0,0.0,3,0,0.0,0.0
대구경북,2023-05-05,19.993333333333332,0,3.0,4,1,0.0,0.0
대구경북,2023-05-06,17.646666666666665,0,4.0,5,1,1.0,0.0
대구경북,2023-05-07,13.826666666666666,0,0.0,6,0,1.0,1.0
대구경북,2023-05-08,20.413333333333334,0,1.0,0,1,0.0,1.0
대구경북,2023-05-09,26.073333333333334,0,1.0,1,1,1.0,0.0
대구경북,2023-05-10,24.8,0,1.0,2,1,1.0,1.0
대구경북,2023-05-11,22.633333333333333,0,1.0,3,1,1.0,1.0
대구경북,2023-05-12,24.3,0,0.0,4,0,1.0,1.0
대구경북,2023-05-13,22.84,0,1.0,5,1,0.0,1.0
대구경북,2023-05-14,24.746666666666666,0,3.0,6,1,1.0,0.0
대구경북,2023-05-15,27.153333333333332,0,4.0,0,1,1.0,1.0
대구경북,2023-05-16,32.446666666666665,0,0.0,1,0,1.0,1.0
대구경북,2023-05-17,31.893333333333334,0,1.0,2,1,0.0,1.0
대구경북,2023-05-18,21.82,0,3.0,3,1,1.0,0.0
대구경북,2023-05-19,22.473333333333336,0,1.0,4,1,1.0,1.0
대구경북,2023-05-20,25.853333333333335,3,1.0,5,1,1.0,1.0
대구경북,2023-05-21,26.720000000000002,2,1.0,6,1,1.0,1.0
대구경북,2023-05-22,20.58,0,1.0,0,1,1.0,1.0
대구경북,2023-05-23,24.006666666666668,0,1.0,1,1,1.0,1.0
대구경북,2023-05-24,24.433333333333334,0,1.0,2,1,1.0,1.0
대구경북,2023-05-25,26.0,0,3.0,3,1,1.0,1.0
대구경북,2023-05-26,26.126666666666665,0,1.0,4,1,1.0,1.0
대구경북,2023-05-27,25.166666666666668,0,0.0,5,0,1.0,1.0
대구경북,2023-05-28,21.446666666666665,0,1.0,6,1,0.0,1.0
대구경북,2023-05-29,21.113333333333333,0,3.0,0,1,1.0,0.0
대구경북,2023-05-30,22.113333333333333,0,2.0,1,1,1.0,1.0
대구경북,2023-05-31,24.69333333333333,0,3.0,2,1,1.0,1.0
대구경북,2023-06-01,23.686666666666667,0,0.0,3,0,1.0,1.0
대구경북,2023-06-02,28.166666666666668,1,1.0,4,1,0.0,1.0
대구경북,2023-06-03,27.413333333333334,0,1.0,5,1,1.0,0.0
대구경북,2023-06-04,28.78666666666667,0,1.0,6,1,1.0,1.0
대구경북,2023-06-05,28.10666666666667,0,2.0,0,1,1.0,1.0
대구경북,2023-06-06,28.313333333333333,0,1.0,1,1,1.0,1.0
대구경북,2023-06-07,27.44,0,1.0,2,1,1.0,1.0
대구경북,2023-06-08,28.813333333333333,0,2.0,3,1,1.0,1.0
대구경북,2023-06-09,28.279999999999998,0,3.0,4,1,1.0,1.0
대구경북,2023-06-10,29.086666666666666,3,3.0,5,1,1.0,1.0
대구경북,2023-06-11,27.71333333333333,0,5.0,6,1,1.0,1.0
대구경북,2023-06-12,27.21333333333333,0,4.0,0,1,1.0,1.0
대구경북,2023-06-13,27.573333333333334,1,3.0,1,1,1.0,1.0
대구경북,2023-06-14,26.64,0,2.0,2,1,1.0,1.0
대구경북,2023-06-15,25.66,0,0.0,3,0,1.0,1.0
대구경북,2023-06-16,30.240000000000002,1,4.0,4,1,0.0,1.0
대구경북,2023-06-17,32.79333333333333,2,3.0,5,1,1.0,0.0
대구경북,2023-06-18,31.953333333333333,0,3.0,6,1,1.0,1.0
대구경북,2023-06-19,29.34,0,4.0,0,1,1.0,1.0
대구경북,2023-06-20,26.18,0,2.0,1,1,1.0,1.0
대구경북,2023-06-21,22.706666666666667,0,1.0,2,1,1.0,1.0
대구경북,2023-06-22,26.86,1,2.0,3,1,1.0,1.0
대구경북,2023-06-23,28.413333333333334,2,5.0,4,1,1.0,1.0
대구경북,2023-06-24,28.90666666666667,3,4.0,5,1,1.0,1.0
대구경북,2023-06-25,28.926666666666666,0,1.0,6,1,1.0,1.0
대구경북,2023-06-26,25.60666666666667,0,5.0,0,1,1.0,1.0
대구경북,2023-06-27,31.2,3,8.0,1,1,1.0,1.0
대구경북,2023-06-28,29.633333333333333,1,5.0,2,1,1.0,1.0
대구경북,2023-06-29,27.64,0,5.0,3,1,1.0,1.0
대구경북,2023-06-30,25.09333333333333,0,6.0,4,1,1.0,1.0
대구경북,2023-07-01,29.58,3,5.0,5,1,1.0,1.0
대구경북,2023-07-02,32.24,9,3.0,6,1,1.0,1.0
대구경북,2023-07-03,30.493333333333332,7,4.0,0,1,1.0,1.0
대구경북,2023-07-04,27.446666666666665,1,0.0,1,0,1.0,1.0
대구경북,2023-07-05,29.753333333333334,2,0.0,2,0,0.0,1.0
대구경북,2023-07-06,32.68666666666666,4,1.0,3,1,0.0,0.0
대구경북,2023-07-07,25.533333333333335,1,3.0,4,1,1.0,0.0
대구경북,2023-07-08,27.253333333333334,2,5.0,5,1,1.0,1.0
대구경북,2023-07-09,29.173333333333336,2,2.0,6,1,1.0,1.0
대구경북,2023-07-10,31.446666666666665,2,4.0,0,1,1.0,1.0
대구경북,2023-07-11,28.166666666666668,0,16.0,1,1,1.0,1.0
대구경북,2023-07-12,30.793333333333333,2,3.0,2,1,1.0,1.0
대구경북,2023-07-13,26.48,1,2.0,3,1,1.0,1.0
대구경북,2023-07-14,26.16,0,6.0,4,1,1.0,1.0
대구경북,2023-07-15,26.966666666666665,0,2.0,5,1,1.0,1.0
대구경북,2023-07-16,27.873333333333335,1,1.0,6,1,1.0,1.0
대구경북,2023-07-17,31.493333333333332,2,7.0,0,1,1.0,1.0
대구경북,2023-07-18,25.38,0,4.0,1,1,1.0,1.0
대구경북,2023-07-19,29.346666666666668,6,3.0,2,1,1.0,1.0
대구경북,2023-07-20,30.90666666666667,3,2.0,3,1,1.0,1.0
대구경북,2023-07-21,30.34,3,1.0,4,1,1.0,1.0
대구경북,2023-07-22,28.759999999999998,0,2.0,5,1,1.0,1.0
대구경북,2023-07-23,28.733333333333334,2,0.0,6,0,1.0,1.0
대구경북,2023-07-24,30.046666666666667,0,2.0,0,1,0.0,1.0
대구경북,2023-07-25,31.293333333333333,2,3.0,1,1,1.0,0.0
대구경북,2023-07-26,31.94,3,12.0,2,1,1.0,1.0
대구경북,2023-07-27,32.760000000000005,2,1.0,3,1,1.0,1.0
대구경북,2023-07-28,33.52,12,5.0,4,1,1.0,1.0
대구경북,2023-07-29,34.086666666666666,14,1.0,5,1,1.0,1.0
대구경북,2023-07-30,33.64,12,1.0,6,1,1.0,1.0
대구경북,2023-07-31,33.32,4,2.0,0,1,1.0,1.0
대구경북,2023-08-01,33.153333333333336,10,0.0,1,0,1.0,1.0
대구경북,2023-08-02,33.75333333333334,11,1.0,2,1,0.0,1.0
대구경북,2023-08-03,35.419999999999995,15,2.0,3,1,1.0,0.0
대구경북,2023-08-04,34.67333333333333,12,2.0,4,1,1.0,1.0
대구경북,2023-08-05,35.04,26,1.0,5,1,1.0,1.0
대구경북,2023-08-06,33.693333333333335,11,0.0,6,0,1.0,1.0
대구경북,2023-08-07,33.266666666666666,9,2.0,0,1,0.0,1.0
대구경북,2023-08-08,32.1,6,2.0,1,1,1.0,0.0
대구경북,2023-08-09,27.506666666666668,0,1.0,2,1,1.0,1.0
대구경북,2023-08-10,25.613333333333333,0,10.0,3,1,1.0,1.0
대구경북,2023-08-11,31.453333333333333,2,0.0,4,0,1.0,1.0
대구경북,2023-08-12,29.853333333333335,7,2.0,5,1,0.0,1.0
대구경북,2023-08-13,30.64,2,0.0,6,0,1.0,0.0
대구경북,2023-08-14,30.720000000000002,3,0.0,0,0,0.0,1.0
대구경북,2023-08-15,30.720000000000002,9,0.0,1,0,0.0,0.0
대구경북,2023-08-16,31.0,4,3.0,2,1,0.0,0.0
대구경북,2023-08-17,28.466666666666665,3,0.0,3,0,1.0,0.0
대구경북,2023-08-18,29.42,2,3.0,4,1,0.0,1.0
대구경북,2023-08-19,31.233333333333334,5,1.0,5,1,1.0,0.0
대구경북,2023-08-20,32.04666666666667,4,3.0,6,1,1.0,1.0
대구경북,2023-08-21,32.513333333333335,8,2.0,0,1,1.0,1.0
대구경북,2023-08-22,32.75333333333334,5,1.0,1,1,1.0,1.0
대구경북,2023-08-23,32.57333333333334,10,0.0,2,0,1.0,1.0
대구경북,2023-08-24,27.086666666666666,1,1.0,3,1,0.0,1.0
대구경북,2023-08-25,31.18,0,2.0,4,1,1.0,0.0
대구경북,2023-08-26,30.839999999999996,1,2.0,5,1,1.0,1.0
대구경북,2023-08-27,29.553333333333335,1,0.0,6,0,1.0,1.0
대구경북,2023-08-28,27.88,0,0.0,0,0,0.0,1.0
대구경북,2023-08-29,28.853333333333335,0,2.0,1,1,0.0,0.0
대구경북,2023-08-30,26.046666666666667,0,1.0,2,1,1.0,0.0
대구경북,2023-08-31,26.98,1,1.0,3,1,1.0,1.0
대구경북,2023-09-01,28.459999999999997,1,0.0,4,0,1.0,1.0
대구경북,2023-09-02,28.8,0,0.0,5,0,0.0,1.0
대구경북,2023-09-03,29.773333333333333,2,1.0,6,1,0.0,0.0
대구경북,2023-09-04,29.92,0,0.0,0,0,1.0,0.0
대구경북,2023-09-05,29.366666666666667,1,0.0,1,0,0.0,1.0
대구경북,2023-09-06,29.346666666666668,2,1.0,2,1,0.0,0.0
대구경북,2023-09-07,28.21333333333333,1,2.0,3,1,1.0,0.0
대구경북,2023-09-08,27.759999999999998,0,1.0,4,1,1.0,1.0
대구경북,2023-09-09,28.240000000000002,1,2.0,5,1,1.0,1.0
대구경북,2023-09-10,28.69333333333333,3,0.0,6,0,1.0,1.0
대구경북,2023-09-11,29.533333333333335,1,0.0,0,0,0.0,1.0
대구경북,2023-09-12,29.953333333333333,3,2.0,1,1,0.0,0.0
대구경북,2023-09-13,26.353333333333335,0,0.0,2,0,1.0,0.0
대구경북,2023-09-14,24.433333333333334,0,1.0,3,1,0.0,1.0
대구경북,2023-09-15,23.373333333333335,0,1.0,4,1,1.0,0.0
대구경북,2023-09-16,25.933333333333334,0,1.0,5,1,1.0,1.0
대구경북,2023-09-17,27.779999999999998,1,0.0,6,0,1.0,1.0
대구경북,2023-09-18,30.18,3,2.0,0,1,0.0,1.0
대구경북,2023-09-19,28.52,2,0.0,1,0,1.0,0.0
대구경북,2023-09-20,23.566666666666666,0,2.0,2,1,0.0,1.0
대구경북,2023-09-21,21.4,0,5.0,3,1,1.0,0.0
대구경북,2023-09-22,24.62,0,3.0,4,1,1.0,1.0
대구경북,2023-09-23,24.933333333333334,0,1.0,5,1,1.0,1.0
대구경북,2023-09-24,24.44,0,1.0,6,1,1.0,1.0
대구경북,2023-09-25,24.720000000000002,0,3.0,0,1,1.0,1.0
대구경북,2023-09-26,20.779999999999998,0,0.0,1,0,1.0,1.0
대구경북,2023-09-27,24.993333333333332,0,1.0,2,1,0.0,1.0
대구경북,2023-09-28,27.566666666666666,0,2.0,3,1,1.0,0.0
대구경북,2023-09-29,25.046666666666667,0,0.0,4,0,1.0,1.0
대구경북,2023-09-30,24.186666666666667,0,1.0,5,1,0.0,1.0
대구경북,2024-05-01,18.5,0,0.0,2,0,1.0,0.0
대구경북,2024-05-02,22.71333333333333,0,2.0,3,1,0.0,1.0
대구경북,2024-05-03,26.48,0,2.0,4,1,1.0,0.0
대구경북,2024-05-04,27.09333333333333,0,1.0,5,1,1.0,1.0
대구경북,2024-05-05,19.040000000000003,0,2.0,6,1,1.0,1.0
대구경북,2024-05-06,21.766666666666666,0,2.0,0,1,1.0,1.0
대구경북,2024-05-07,15.813333333333333,0,1.0,1,1,1.0,1.0
대구경북,2024-05-08,17.413333333333334,0,0.0,2,0,1.0,1.0
대구경북,2024-05-09,23.60666666666667,0,1.0,3,1,0.0,1.0
대구경북,2024-05-10,27.666666666666668,0,3.0,4,1,1.0,0.0
대구경북,2024-05-11,25.086666666666666,0,0.0,5,0,1.0,1.0
대구경북,2024-05-12,22.740000000000002,0,1.0,6,1,0.0,1.0
대구경북,2024-05-13,23.90666666666667,0,0.0,0,0,1.0,0.0
대구경북,2024-05-14,26.553333333333335,0,5.0,1,1,0.0,1.0
대구경북,2024-05-15,25.846666666666668,0,1.0,2,1,1.0,0.0
대구경북,2024-05-16,19.706666666666667,0,3.0,3,1,1.0,1.0
대구경북,2024-05-17,26.426666666666666,0,1.0,4,1,1.0,1.0
대구경북,2024-05-18,28.673333333333336,0,3.0,5,1,1.0,1.0
대구경북,2024-05-19,29.353333333333335,0,1.0,6,1,1.0,1.0
대구경북,2024-05-20,25.113333333333333,0,2.0,0,1,1.0,1.0
대구경북,2024-05-21,21.446666666666665,0,0.0,1,0,1.0,1.0
대구경북,2024-05-22,27.246666666666666,2,2.0,2,1,0.0,1.0
대구경북,2024-05-23,30.533333333333335,1,0.0,3,0,1.0,0.0
대구경북,2024-05-24,25.34,6,1.0,4,1,0.0,1.0
대구경북,2024-05-25,22.19333333333333,0,2.0,5,1,1.0,0.0
대구경북,2024-05-26,26.473333333333336,0,1.0,6,1,1.0,1.0
대구경북,2024-05-27,23.626666666666665,0,0.0,0,0,1.0,1.0
대구경북,2024-05-28,22.546666666666667,0,3.0,1,1,0.0,1.0
대구경북,2024-05-29,27.293333333333333,0,0.0,2,0,1.0,0.0
대구경북,2024-05-30,26.37333333333333,0,0.0,3,0,0.0,1.0
대구경북,2024-05-31,27.273333333333333,0,1.0,4,1,0.0,0.0
대구경북,2024-06-01,24.953333333333333,0,0.0,5,0,1.0,0.0
대구경북,2024-06-02,23.84,0,0.0,6,0,0.0,1.0
대구경북,2024-06-03,23.853333333333335,0,1.0,0,1,0.0,0.0
대구경북,2024-06-04,24.513333333333332,0,1.0,1,1,1.0,0.0
대구경북,2024-06-05,26.84,2,2.0,2,1,1.0,1.0
대구경북,2024-06-06,26.459999999999997,0,0.0,3,0,1.0,1.0
대구경북,2024-06-07,28.06,0,1.0,4,1,0.0,1.0
대구경북,2024-06-08,22.813333333333333,0,1.0,5,1,1.0,0.0
대구경북,2024-06-09,27.36,0,1.0,6,1,1.0,1.0
대구경북,2024-06-10,31.19333333333333,2,5.0,0,1,1.0,1.0
대구경북,2024-06-11,32.82666666666667,1,4.0,1,1,1.0,1.0
대구경북,2024-06-12,32.806666666666665,5,1.0,2,1,1.0,1.0
대구경북,2024-06-13,33.00666666666667,5,4.0,3,1,1.0,1.0
대구경북,2024-06-14,32.406666666666666,7,2.0,4,1,1.0,1.0
대구경북,2024-06-15,30.613333333333333,3,3.0,5,1,1.0,1.0
대구경북,2024-06-16,29.733333333333334,1,3.0,6,1,1.0,1.0
대구경북,2024-06-17,29.3,0,2.0,0,1,1.0,1.0
대구경북,2024-06-18,33.45333333333333,3,2.0,1,1,1.0,1.0
대구경북,2024-06-19,35.019999999999996,2,1.0,2,1,1.0,1.0
대구경북,2024-06-20,30.173333333333336,1,2.0,3,1,1.0,1.0
대구경북,2024-06-21,29.793333333333333,3,0.0,4,0,1.0,1.0
대구경북,2024-06-22,23.90666666666667,1,6.0,5,1,0.0,1.0
대구경북,2024-06-23,27.34,0,3.0,6,1,1.0,0.0
대구경북,2024-06-24,31.086666666666666,1,2.0,0,1,1.0,1.0
대구경북,2024-06-25,27.9,1,2.0,1,1,1.0,1.0
대구경북,2024-06-26,28.92,3,5.0,2,1,1.0,1.0
대구경북,2024-06-27,26.673333333333336,0,3.0,3,1,1.0,1.0
대구경북,2024-06-28,31.113333333333333,2,1.0,4,1,1.0,1.0
대구경북,2024-06-29,30.293333333333333,0,2.0,5,1,1.0,1.0
대구경북,2024-06-30,28.686666666666667,0,1.0,6,1,1.0,1.0
대구경북,2024-07-01,31.046666666666667,1,4.0,0,1,1.0,1.0
대구경북,2024-07-02,24.02,1,0.0,1,0,1.0,1.0
대구경북,2024-07-03,31.173333333333336,3,0.0,2,0,0.0,1.0
대구경북,2024-07-04,33.1,2,2.0,3,1,0.0,0.0
대구경북,2024-07-05,30.993333333333332,3,0.0,4,0,1.0,0.0
대구경북,2024-07-06,31.433333333333334,2,1.0,5,1,0.0,1.0
대구경북,2024-07-07,29.459999999999997,1,3.0,6,1,1.0,0.0
대구경북,2024-07-08,26.271428571428572,2,4.0,0,1,1.0,1.0
대구경북,2024-07-09,25.733333333333334,0,7.0,1,1,1.0,1.0
대구경북,2024-07-10,26.346666666666668,0,10.0,2,1,1.0,1.0
대구경북,2024-07-11,28.353333333333335,1,5.0,3,1,1.0,1.0
대구경북,2024-07-12,30.279999999999998,7,3.0,4,1,1.0,1.0
대구경북,2024-07-13,29.373333333333335,2,4.0,5,1,1.0,1.0
대구경북,2024-07-14,25.206666666666667,0,3.0,6,1,1.0,1.0
대구경북,2024-07-15,27.113333333333333,0,1.0,0,1,1.0,1.0
대구경북,2024-07-16,28.053333333333335,0,2.0,1,1,1.0,1.0
대구경북,2024-07-17,30.066666666666666,3,2.0,2,1,1.0,1.0
대구경북,2024-07-18,28.833333333333332,2,3.0,3,1,1.0,1.0
대구경북,2024-07-19,30.259999999999998,0,2.0,4,1,1.0,1.0
대구경북,2024-07-20,29.959999999999997,2,1.0,5,1,1.0,1.0
대구경북,2024-07-21,32.693333333333335,4,3.0,6,1,1.0,1.0
대구경북,2024-07-22,33.02,10,5.0,0,1,1.0,1.0
대구경북,2024-07-23,31.34,4,1.0,1,1,1.0,1.0
대구경북,2024-07-24,32.059999999999995,6,2.0,2,1,1.0,1.0
대구경북,2024-07-25,33.62,4,0.0,3,0,1.0,1.0
대구경북,2024-07-26,33.1,4,1.0,4,1,0.0,1.0
대구경북,2024-07-27,32.96,3,1.0,5,1,1.0,0.0
대구경북,2024-07-28,34.16,5,0.0,6,0,1.0,1.0
대구경북,2024-07-29,33.8,3,2.0,0,1,0.0,1.0
대구경북,2024-07-30,33.166666666666664,7,0.0,1,0,1.0,0.0
대구경북,2024-07-31,34.49333333333333,16,0.0,2,0,0.0,1.0
대구경북,2024-08-01,34.64666666666667,11,1.0,3,1,0.0,0.0
대구경북,2024-08-02,35.7,22,3.0,4,1,1.0,0.0
대구경북,2024-08-03,35.4,15,1.0,5,1,1.0,1.0
대구경북,2024-08-04,33.96,8,2.0,6,1,1.0,1.0
대구경북,2024-08-05,33.42666666666666,17,5.0,0,1,1.0,1.0
대구경북,2024-08-06,33.440000000000005,5,2.0,1,1,1.0,1.0
대구경북,2024-08-07,34.5,9,0.0,2,0,1.0,1.0
대구경북,2024-08-08,33.14666666666667,4,7.0,3,1,0.0,1.0
대구경북,2024-08-09,33.413333333333334,9,0.0,4,0,1.0,0.0
대구경북,2024-08-10,33.12,2,2.0,5,1,0.0,1.0
대구경북,2024-08-11,33.22,4,3.0,6,1,1.0,0.0
대구경북,2024-08-12,33.38,7,0.0,0,0,1.0,1.0
대구경북,2024-08-13,33.08,9,1.0,1,1,0.0,1.0
대구경북,2024-08-14,32.846666666666664,4,3.0,2,1,1.0,0.0
대구경북,2024-08-15,33.0,1,4.0,3,1,1.0,1.0
대구경북,2024-08-16,32.373333333333335,5,2.0,4,1,1.0,1.0
대구경북,2024-08-17,33.266666666666666,2,0.0,5,0,1.0,1.0
대구경북,2024-08-18,33.11333333333333,6,0.0,6,0,0.0,1.0
대구경북,2024-08-19,33.913333333333334,6,1.0,0,1,0.0,0.0
대구경북,2024-08-20,32.906666666666666,5,3.0,1,1,1.0,0.0
대구경북,2024-08-21,31.119999999999997,1,4.0,2,1,1.0,1.0
대구경북,2024-08-22,33.50666666666667,7,0.0,3,0,1.0,1.0
대구경북,2024-08-23,34.292857142857144,4,0.0,4,0,0.0,1.0
대구경북,2024-08-24,34.55333333333333,4,1.0,5,1,0.0,0.0
대구경북,2024-08-25,33.45333333333333,3,2.0,6,1,1.0,0.0
대구경북,2024-08-26,32.18,2,0.0,0,0,1.0,1.0
대구경북,2024-08-27,28.8,1,4.0,1,1,0.0,1.0
대구경북,2024-08-28,29.626666666666665,0,1.0,2,1,1.0,0.0
대구경북,2024-08-29,30.439999999999998,0,2.0,3,1,1.0,1.0
대구경북,2024-08-30,32.39333333333333,1,1.0,4,1,1.0,1.0
대구경북,2024-08-31,31.6,6,1.0,5,1,1.0,1.0
대구경북,2024-09-01,32.3,1,0.0,6,0,1.0,1.0
대구경북,2024-09-02,30.146666666666665,0,2.0,0,1,0.0,1.0
대구경북,2024-09-03,28.746666666666666,1,1.0,1,1,1.0,0.0
대구경북,2024-09-04,30.073333333333334,0,2.0,2,1,1.0,1.0
대구경북,2024-09-05,33.71333333333334,3,0.0,3,0,1.0,1.0
대구경북,2024-09-06,27.240000000000002,0,2.0,4,1,0.0,1.0
대구경북,2024-09-07,27.946666666666665,1,0.0,5,0,1.0,0.0
대구경북,2024-09-08,30.82,1,1.0,6,1,0.0,1.0
대구경북,2024-09-09,31.52,2,1.0,0,1,1.0,0.0
대구경북,2024-09-10,33.78666666666667,5,1.0,1,1,1.0,1.0
대구경북,2024-09-11,32.153333333333336,0,2.0,2,1,1.0,1.0
대구경북,2024-09-12,28.506666666666668,2,1.0,3,1,1.0,1.0
대구경북,2024-09-13,32.42666666666667,3,0.0,4,0,1.0,1.0
대구경북,2024-09-14,32.85333333333333,0,1.0,5,1,0.0,1.0
대구경북,2024-09-15,29.666666666666668,0,1.0,6,1,1.0,0.0
대구경북,2024-09-16,27.966666666666665,0,2.0,0,1,1.0,1.0
대구경북,2024-09-17,34.04666666666667,2,2.0,1,1,1.0,1.0
대구경북,2024-09-18,33.233333333333334,1,1.0,2,1,1.0,1.0
대구경북,2024-09-19,31.259999999999998,4,0.0,3,0,1.0,1.0
대구경북,2024-09-20,28.473333333333336,0,1.0,4,1,0.0,1.0
대구경북,2024-09-21,23.506666666666668,1,2.0,5,1,1.0,0.0
대구경북,2024-09-22,24.2,0,1.0,6,1,1.0,1.0
대구경북,2024-09-23,23.353333333333335,0,3.0,0,1,1.0,1.0
대구경북,2024-09-24,25.206666666666667,0,0.0,1,0,1.0,1.0
대구경북,2024-09-25,27.040000000000003,0,2.0,2,1,0.0,1.0
대구경북,2024-09-26,28.3,0,0.0,3,0,1.0,0.0
대구경북,2024-09-27,27.913333333333334,0,1.0,4,1,0.0,1.0
대구경북,2024-09-28,24.8,0,2.0,5,1,1.0,0.0
대구경북,2024-09-29,25.553333333333335,0,0.0,6,0,1.0,1.0
대구경북,2024-09-30,26.220000000000002,0,0.0,0,0,0.0,1.0
대구경북,2025-05-01,22.833333333333332,0,8.0,3,1,0.0,0.0
대구경북,2025-05-02,19.593333333333337,0,1.0,4,1,1.0,0.0
대구경북,2025-05-03,13.686666666666667,0,0.0,5,0,1.0,1.0
대구경북,2025-05-04,21.71333333333333,0,1.0,6,1,0.0,1.0
대구경북,2025-05-05,17.473333333333336,0,0.0,0,0,1.0,0.0
대구경북,2025-05-06,15.453333333333335,0,0.0,1,0,0.0,1.0
대구경북,2025-05-07,21.386666666666667,0,2.0,2,1,0.0,0.0
대구경북,2025-05-08,23.52,0,1.0,3,1,1.0,0.0
대구경북,2025-05-09,15.906666666666666,0,1.0,4,1,1.0,1.0
대구경북,2025-05-10,17.966666666666665,0,0.0,5,0,1.0,1.0
대구경북,2025-05-11,20.666666666666668,0,0.0,6,0,0.0,1.0
대구경북,2025-05-12,25.206666666666667,0,0.0,0,0,0.0,0.0
대구경북,2025-05-13,28.046666666666667,0,2.0,1,1,0.0,0.0
대구경북,2025-05-14,28.013333333333332,0,2.0,2,1,1.0,0.0
대구경북,2025-05-15,24.866666666666667,0,3.0,3,1,1.0,1.0
대구경북,2025-05-16,23.68,0,4.0,4,1,1.0,1.0
대구경북,2025-05-17,26.553333333333335,0,6.0,5,1,1.0,1.0
대구경북,2025-05-18,22.353333333333335,0,1.0,6,1,1.0,1.0
대구경북,2025-05-19,26.446666666666665,0,4.0,0,1,1.0,1.0
대구경북,2025-05-20,32.10666666666667,2,2.0,1,1,1.0,1.0
대구경북,2025-05-21,29.246666666666666,5,4.0,2,1,1.0,1.0
대구경북,2025-05-22,19.966666666666665,0,0.0,3,0,1.0,1.0
대구경북,2025-05-23,20.959999999999997,0,1.0,4,1,0.0,1.0
대구경북,2025-05-24,15.82,0,1.0,5,1,1.0,0.0
대구경북,2025-05-25,22.433333333333334,0,0.0,6,0,1.0,1.0
대구경북,2025-05-26,25.273333333333333,0,1.0,0,1,0.0,1.0
대구경북,2025-05-27,26.06,1,0.0,1,0,1.0,0.0
대구경북,2025-05-28,26.02,1,9.0,2,1,0.0,1.0
대구경북,2025-05-29,24.39333333333333,0,3.0,3,1,1.0,0.0
대구경북,2025-05-30,23.346666666666668,0,0.0,4,0,1.0,1.0
대구경북,2025-05-31,26.21333333333333,0,0.0,5,0,0.0,1.0
대구경북,2025-06-01,27.626666666666665,0,1.0,6,1,0.0,0.0
대구경북,2025-06-02,23.413333333333334,0,0.0,0,0,1.0,0.0
대구경북,2025-06-03,26.34,2,3.0,1,1,0.0,1.0
대구경북,2025-06-04,27.826666666666664,0,1.0,2,1,1.0,0.0
대구경북,2025-06-05,28.6,1,1.0,3,1,1.0,1.0
대구경북,2025-06-06,30.326666666666664,4,0.0,4,0,1.0,1.0
대구경북,2025-06-07,31.459999999999997,0,1.0,5,1,0.0,1.0
대구경북,2025-06-08,30.413333333333334,1,2.0,6,1,1.0,0.0
대구경북,2025-06-09,30.52,1,1.0,0,1,1.0,1.0
대구경북,2025-06-10,31.733333333333334,2,5.0,1,1,1.0,1.0
대구경북,2025-06-11,29.813333333333333,1,1.0,2,1,1.0,1.0
대구경북,2025-06-12,29.513333333333332,3,4.0,3,1,1.0,1.0
대구경북,2025-06-13,25.32,0,3.0,4,1,1.0,1.0
대구경북,2025-06-14,27.913333333333334,1,7.0,5,1,1.0,1.0
대구경북,2025-06-15,30.040000000000003,4,7.0,6,1,1.0,1.0
대구경북,2025-06-16,28.220000000000002,0,3.0,0,1,1.0,1.0
대구경북,2025-06-17,29.566666666666666,1,2.0,1,1,1.0,1.0
대구경북,2025-06-18,31.226666666666667,2,11.0,2,1,1.0,1.0
대구경북,2025-06-19,32.81333333333333,6,4.0,3,1,1.0,1.0
대구경북,2025-06-20,27.493333333333336,1,4.0,4,1,1.0,1.0
대구경북,2025-06-21,25.56,0,5.0,5,1,1.0,1.0
대구경북,2025-06-22,28.113333333333333,0,8.0,6,1,1.0,1.0
대구경북,2025-06-23,30.486666666666668,1,6.0,0,1,1.0,1.0
대구경북,2025-06-24,25.40666666666667,1,4.0,1,1,1.0,1.0
대구경북,2025-06-25,25.053333333333335,0,1.0,2,1,1.0,1.0
대구경북,2025-06-26,27.373333333333335,2,3.0,3,1,1.0,1.0
대구경북,2025-06-27,30.993333333333332,5,3.0,4,1,1.0,1.0
대구경북,2025-06-28,32.07333333333334,9,3.0,5,1,1.0,1.0
대구경북,2025-06-29,33.93333333333333,10,0.0,6,0,1.0,1.0
대구경북,2025-06-30,34.519999999999996,12,4.0,0,1,0.0,1.0
대구경북,2025-07-01,34.5,13,0.0,1,0,1.0,0.0
대구경북,2025-07-02,34.919999999999995,24,4.0,2,1,0.0,1.0
대구경북,2025-07-03,34.626666666666665,21,1.0,3,1,1.0,0.0
대구경북,2025-07-04,33.31333333333333,7,2.0,4,1,1.0,1.0
대구경북,2025-07-05,34.44666666666667,10,2.0,5,1,1.0,1.0
대구경북,2025-07-06,34.12,10,1.0,6,1,1.0,1.0
대구경북,2025-07-07,35.72666666666667,18,0.0,0,0,1.0,1.0
대구경북,2025-07-08,32.42,20,2.0,1,1,0.0,1.0
대구경북,2025-07-09,33.12,8,1.0,2,1,1.0,0.0
대구경북,2025-07-10,31.846666666666668,3,1.0,3,1,1.0,1.0
대구경북,2025-07-11,31.02,1,2.0,4,1,1.0,1.0
대구경북,2025-07-12,31.39333333333333,4,1.0,5,1,1.0,1.0
대구경북,2025-07-13,32.14,3,5.0,6,1,1.0,1.0
대구경북,2025-07-14,28.240000000000002,1,5.0,0,1,1.0,1.0
대구경북,2025-07-15,26.426666666666666,0,2.0,1,1,1.0,1.0
대구경북,2025-07-16,25.933333333333334,0,1.0,2,1,1.0,1.0
대구경북,2025-07-17,23.886666666666667,0,4.0,3,1,1.0,1.0
대구경북,2025-07-18,30.053333333333335,0,9.0,4,1,1.0,1.0
대구경북,2025-07-19,24.233333333333334,0,9.0,5,1,1.0,1.0
대구경북,2025-07-20,29.720000000000002,0,7.0,6,1,1.0,1.0
대구경북,2025-07-21,32.04,13,6.0,0,1,1.0,1.0
대구경북,2025-07-22,33.693333333333335,35,6.0,1,1,1.0,1.0
대구경북,2025-07-23,33.74,20,3.0,2,1,1.0,1.0
대구경북,2025-07-24,34.14,22,2.0,3,1,1.0,1.0
대구경북,2025-07-25,33.96666666666667,8,1.0,4,1,1.0,1.0
대구경북,2025-07-26,33.88,13,1.0,5,1,1.0,1.0
대구경북,2025-07-27,34.373333333333335,14,1.0,6,1,1.0,1.0
대구경북,2025-07-28,35.3,5,1.0,0,1,1.0,1.0
대구경북,2025-07-29,34.46,16,1.0,1,1,1.0,1.0
대구경북,2025-07-30,33.96,9,0.0,2,0,1.0,1.0
대구경북,2025-07-31,33.81333333333333,6,1.0,3,1,0.0,1.0
대구경북,2025-08-01,34.74,9,1.0,4,1,1.0,0.0
대구경북,2025-08-02,35.44666666666667,13,1.0,5,1,1.0,1.0
대구경북,2025-08-03,31.946666666666665,5,7.0,6,1,1.0,1.0
대구경북,2025-08-04,32.06666666666667,2,6.0,0,1,1.0,1.0
대구경북,2025-08-05,33.3,12,2.0,1,1,1.0,1.0
대구경북,2025-08-06,31.80666666666667,3,1.0,2,1,1.0,1.0
대구경북,2025-08-07,31.466666666666665,3,1.0,3,1,1.0,1.0
대구경북,2025-08-08,30.873333333333335,3,2.0,4,1,1.0,1.0
대구경북,2025-08-09,26.433333333333334,1,5.0,5,1,1.0,1.0
대구경북,2025-08-10,30.10666666666667,1,0.0,6,0,1.0,1.0
대구경북,2025-08-11,28.34,0,0.0,0,0,0.0,1.0
대구경북,2025-08-12,25.846666666666668,0,1.0,1,1,0.0,0.0
대구경북,2025-08-13,30.946666666666665,2,2.0,2,1,1.0,0.0
대구경북,2025-08-14,33.339999999999996,11,0.0,3,0,1.0,1.0
대구경북,2025-08-15,33.373333333333335,11,1.0,4,1,0.0,1.0
대구경북,2025-08-16,33.693333333333335,5,2.0,5,1,1.0,0.0
대구경북,2025-08-17,33.5,6,2.0,6,1,1.0,1.0
대구경북,2025-08-18,34.04,3,2.0,0,1,1.0,1.0
대구경북,2025-08-19,34.733333333333334,11,2.0,1,1,1.0,1.0
대구경북,2025-08-20,34.666666666666664,11,1.0,2,1,1.0,1.0
대구경북,2025-08-21,34.79333333333333,7,1.0,3,1,1.0,1.0
대구경북,2025-08-22,34.71333333333334,7,2.0,4,1,1.0,1.0
대구경북,2025-08-23,35.61333333333334,7,3.0,5,1,1.0,1.0
대구경북,2025-08-24,35.54,11,1.0,6,1,1.0,1.0
대구경북,2025-08-25,35.513333333333335,7,0.0,0,0,1.0,1.0
대구경북,2025-08-26,32.36666666666667,5,3.0,1,1,0.0,1.0
대구경북,2025-08-27,33.0,0,0.0,2,0,1.0,0.0
대구경북,2025-08-28,32.21333333333333,2,1.0,3,1,0.0,1.0
대구경북,2025-08-29,34.86,3,2.0,4,1,1.0,0.0
대구경북,2025-08-30,35.64,4,3.0,5,1,1.0,1.0
대구경북,2025-08-31,32.98,7,2.0,6,1,1.0,1.0
대구경북,2025-09-01,33.10666666666667,1,3.0,0,1,1.0,1.0
대구경북,2025-09-02,30.21333333333333,2,6.0,1,1,1.0,1.0
대구경북,2025-09-03,31.466666666666665,1,1.0,2,1,1.0,1.0
대구경북,2025-09-04,31.293333333333337,1,0.0,3,0,1.0,1.0
대구경북,2025-09-05,32.25333333333334,2,0.0,4,0,0.0,1.0
대구경북,2025-09-06,33.61333333333333,6,0.0,5,0,0.0,0.0
대구경북,2025-09-07,29.4,0,1.0,6,1,0.0,0.0
대구경북,2025-09-08,27.60666666666667,0,1.0,0,1,1.0,0.0
대구경북,2025-09-09,22.266666666666666,0,1.0,1,1,1.0,1.0
대구경북,2025-09-10,27.573333333333334,0,1.0,2,1,1.0,1.0
대구경북,2025-09-11,28.94,0,0.0,3,0,1.0,1.0
대구경북,2025-09-12,25.92,0,1.0,4,1,0.0,1.0
대구경북,2025-09-13,28.746666666666666,0,5.0,5,1,1.0,0.0
대구경북,2025-09-14,27.246666666666666,1,1.0,6,1,1.0,1.0
대구경북,2025-09-15,30.1,1,0.0,0,0,1.0,1.0
대구경북,2025-09-16,32.02,5,0.0,1,0,0.0,1.0
대구경북,2025-09-17,30.233333333333334,1,10.0,2,1,0.0,0.0
대구경북,2025-09-18,22.8,0,1.0,3,1,1.0,0.0
대구경북,2025-09-19,23.146666666666665,0,0.0,4,0,1.0,1.0
대구경북,2025-09-20,24.32,0,0.0,5,0,0.0,1.0
대구경북,2025-09-21,24.88,0,2.0,6,1,0.0,0.0
대구경북,2025-09-22,24.326666666666664,0,2.0,0,1,1.0,0.0
대구경북,2025-09-23,25.453333333333333,0,2.0,1,1,1.0,1.0
대구경북,2025-09-24,26.7,0,0.0,2,0,1.0,1.0
대구경북,2025-09-25,25.673333333333336,0,1.0,3,1,0.0,1.0
대구경북,2025-09-26,26.993333333333332,0,1.0,4,1,1.0,0.0
대구경북,2025-09-27,26.933333333333334,0,0.0,5,0,1.0,1.0
대구경북,2025-09-28,23.073333333333334,0,1.0,6,1,0.0,1.0
대구경북,2025-09-29,24.946666666666665,0,1.0,0,1,1.0,0.0
대구경북,2025-09-30,24.792857142857144,0,1.0,1,1,1.0,1.0
대전세종충남,2020-05-01,26.8375,0,0.0,4,0,0.0,0.0
대전세종충남,2020-05-02,25.4625,0,1.0,5,1,0.0,0.0
대전세종충남,2020-05-03,23.05,0,0.0,6,0,1.0,0.0
대전세종충남,2020-05-04,25.3125,0,0.0,0,0,0.0,1.0
대전세종충남,2020-05-05,19.5125,0,0.0,1,0,0.0,0.0
대전세종충남,2020-05-06,27.4375,0,0.0,2,0,0.0,0.0
대전세종충남,2020-05-07,25.925,0,0.0,3,0,0.0,0.0
대전세종충남,2020-05-08,25.2,0,2.0,4,1,0.0,0.0
대전세종충남,2020-05-09,18.8125,0,1.0,5,1,1.0,0.0
대전세종충남,2020-05-10,17.725,0,1.0,6,1,1.0,1.0
대전세종충남,2020-05-11,22.6875,0,0.0,0,0,1.0,1.0
대전세종충남,2020-05-12,20.15,0,0.0,1,0,0.0,1.0
대전세종충남,2020-05-13,21.775,0,2.0,2,1,0.0,0.0
대전세종충남,2020-05-14,26.65,0,0.0,3,0,1.0,0.0
대전세종충남,2020-05-15,19.5875,0,1.0,4,1,0.0,1.0
대전세종충남,2020-05-16,19.325,0,1.0,5,1,1.0,0.0
대전세종충남,2020-05-17,26.55,0,0.0,6,0,1.0,1.0
대전세종충남,2020-05-18,27.3125,0,1.0,0,1,0.0,1.0
대전세종충남,2020-05-19,17.5125,0,0.0,1,0,1.0,0.0
대전세종충남,2020-05-20,20.3125,0,0.0,2,0,0.0,1.0
대전세종충남,2020-05-21,22.7625,0,0.0,3,0,0.0,0.0
대전세종충남,2020-05-22,24.425,0,0.0,4,0,0.0,0.0
대전세종충남,2020-05-23,25.125,1,1.0,5,1,0.0,0.0
대전세종충남,2020-05-24,22.575,0,0.0,6,0,1.0,0.0
대전세종충남,2020-05-25,21.45,0,1.0,0,1,0.0,1.0
대전세종충남,2020-05-26,24.1875,0,2.0,1,1,1.0,0.0
대전세종충남,2020-05-27,23.9875,0,0.0,2,0,1.0,1.0
대전세종충남,2020-05-28,23.975,1,1.0,3,1,0.0,1.0
대전세종충남,2020-05-29,26.7625,0,1.0,4,1,1.0,0.0
대전세종충남,2020-05-30,28.2625,1,1.0,5,1,1.0,1.0
대전세종충남,2020-05-31,25.9,0,0.0,6,0,1.0,1.0
대전세종충남,2020-06-01,24.925,0,2.0,0,1,0.0,1.0
대전세종충남,2020-06-02,22.7125,0,1.0,1,1,1.0,0.0
대전세종충남,2020-06-03,27.175,0,1.0,2,1,1.0,1.0
대전세종충남,2020-06-04,27.95,0,1.0,3,1,1.0,1.0
대전세종충남,2020-06-05,28.8375,0,1.0,4,1,1.0,1.0
대전세종충남,2020-06-06,29.7125,0,1.0,5,1,1.0,1.0
대전세종충남,2020-06-07,28.05,0,3.0,6,1,1.0,1.0
대전세종충남,2020-06-08,31.35,4,0.0,0,0,1.0,1.0
대전세종충남,2020-06-09,33.3375,6,1.0,1,1,0.0,1.0
대전세종충남,2020-06-10,32.8875,1,1.0,2,1,1.0,0.0
대전세종충남,2020-06-11,30.2375,3,1.0,3,1,1.0,1.0
대전세종충남,2020-06-12,25.7375,0,2.0,4,1,1.0,1.0
대전세종충남,2020-06-13,29.925,1,4.0,5,1,1.0,1.0
대전세종충남,2020-06-14,27.7625,0,3.0,6,1,1.0,1.0
대전세종충남,2020-06-15,27.55,1,0.0,0,0,1.0,1.0
대전세종충남,2020-06-16,28.15,0,1.0,1,1,0.0,1.0
대전세종충남,2020-06-17,26.5875,0,1.0,2,1,1.0,0.0
대전세종충남,2020-06-18,23.2375,0,0.0,3,0,1.0,1.0
대전세종충남,2020-06-19,28.4125,1,1.0,4,1,0.0,1.0
대전세종충남,2020-06-20,28.3125,1,0.0,5,0,1.0,0.0
대전세종충남,2020-06-21,31.175,1,1.0,6,1,0.0,1.0
대전세종충남,2020-06-22,32.725,5,1.0,0,1,1.0,0.0
대전세종충남,2020-06-23,30.4,1,1.0,1,1,1.0,1.0
대전세종충남,2020-06-24,25.7,0,2.0,2,1,1.0,1.0
대전세종충남,2020-06-25,22.9375,0,5.0,3,1,1.0,1.0
대전세종충남,2020-06-26,26.6,0,0.0,4,0,1.0,1.0
대전세종충남,2020-06-27,29.175,1,2.0,5,1,0.0,1.0
대전세종충남,2020-06-28,29.05,0,0.0,6,0,1.0,0.0
대전세종충남,2020-06-29,26.7625,0,4.0,0,1,0.0,1.0
대전세종충남,2020-06-30,21.35,0,4.0,1,1,1.0,0.0
대전세종충남,2020-07-01,24.7,0,1.0,2,1,1.0,1.0
대전세종충남,2020-07-02,28.4375,0,2.0,3,1,1.0,1.0
대전세종충남,2020-07-03,25.3875,0,3.0,4,1,1.0,1.0
대전세종충남,2020-07-04,26.1875,0,3.0,5,1,1.0,1.0
대전세종충남,2020-07-05,26.725,0,0.0,6,0,1.0,1.0
대전세종충남,2020-07-06,29.1125,0,3.0,0,1,0.0,1.0
대전세종충남,2020-07-07,27.825,0,1.0,1,1,1.0,0.0
대전세종충남,2020-07-08,29.55,2,0.0,2,0,1.0,1.0
대전세종충남,2020-07-09,31.3,0,2.0,3,1,0.0,1.0
대전세종충남,2020-07-10,29.5,1,5.0,4,1,1.0,0.0
대전세종충남,2020-07-11,29.2625,0,2.0,5,1,1.0,1.0
대전세종충남,2020-07-12,24.6625,0,0.0,6,0,1.0,1.0
대전세종충남,2020-07-13,20.1625,0,3.0,0,1,0.0,1.0
대전세종충남,2020-07-14,21.2125,0,1.0,1,1,1.0,0.0
대전세종충남,2020-07-15,25.3875,0,1.0,2,1,1.0,1.0
대전세종충남,2020-07-16,28.125,1,0.0,3,0,1.0,1.0
대전세종충남,2020-07-17,29.8875,4,0.0,4,0,0.0,1.0
대전세종충남,2020-07-18,28.5625,1,0.0,5,0,0.0,0.0
대전세종충남,2020-07-19,29.05,0,1.0,6,1,0.0,0.0
대전세종충남,2020-07-20,28.1375,0,3.0,0,1,1.0,0.0
대전세종충남,2020-07-21,29.3625,0,0.0,1,0,1.0,1.0
대전세종충남,2020-07-22,24.975,0,1.0,2,1,0.0,1.0
대전세종충남,2020-07-23,22.8875,0,3.0,3,1,1.0,0.0
대전세종충남,2020-07-24,24.1125,0,1.0,4,1,1.0,1.0
대전세종충남,2020-07-25,27.075,0,0.0,5,0,1.0,1.0
대전세종충남,2020-07-26,26.5125,1,2.0,6,1,0.0,1.0
대전세종충남,2020-07-27,26.925,0,0.0,0,0,1.0,0.0
대전세종충남,2020-07-28,26.75,0,1.0,1,1,0.0,1.0
대전세종충남,2020-07-29,26.8625,0,2.0,2,1,1.0,0.0
대전세종충남,2020-07-30,27.3625,0,9.0,3,1,1.0,1.0
대전세종충남,2020-07-31,29.6875,0,2.0,4,1,1.0,1.0
대전세종충남,2020-08-01,29.3125,1,4.0,5,1,1.0,1.0
대전세종충남,2020-08-02,29.225,0,3.0,6,1,1.0,1.0
대전세종충남,2020-08-03,28.375,0,16.0,0,1,1.0,1.0
대전세종충남,2020-08-04,31.525,2,1.0,1,1,1.0,1.0
대전세종충남,2020-08-05,30.2875,0,2.0,2,1,1.0,1.0
대전세종충남,2020-08-06,27.4875,0,4.0,3,1,1.0,1.0
대전세종충남,2020-08-07,24.1875,0,1.0,4,1,1.0,1.0
대전세종충남,2020-08-08,25.4625,0,2.0,5,1,1.0,1.0
대전세종충남,2020-08-09,28.75,0,2.0,6,1,1.0,1.0
대전세종충남,2020-08-10,29.8375,0,1.0,0,1,1.0,1.0
대전세종충남,2020-08-11,27.0125,0,0.0,1,0,1.0,1.0
대전세종충남,2020-08-12,29.9375,0,4.0,2,1,0.0,1.0
대전세종충남,2020-08-13,31.525,1,1.0,3,1,1.0,0.0
대전세종충남,2020-08-14,30.6875,1,1.0,4,1,1.0,1.0
대전세종충남,2020-08-15,30.875,3,1.0,5,1,1.0,1.0
대전세종충남,2020-08-16,31.8125,0,0.0,6,0,1.0,1.0
대전세종충남,2020-08-17,32.4,4,0.0,0,0,0.0,1.0
대전세종충남,2020-08-18,32.6375,2,0.0,1,0,0.0,0.0
대전세종충남,2020-08-19,32.6625,2,2.0,2,1,0.0,0.0
대전세종충남,2020-08-20,32.8625,4,1.0,3,1,1.0,0.0
대전세종충남,2020-08-21,32.3875,5,1.0,4,1,1.0,1.0
대전세종충남,2020-08-22,30.2125,0,2.0,5,1,1.0,1.0
대전세종충남,2020-08-23,31.375,3,0.0,6,0,1.0,1.0
대전세종충남,2020-08-24,32.4125,2,1.0,0,1,0.0,1.0
대전세종충남,2020-08-25,34.675,7,2.0,1,1,1.0,0.0
대전세종충남,2020-08-26,33.3625,0,0.0,2,0,1.0,1.0
대전세종충남,2020-08-27,31.175,1,0.0,3,0,0.0,1.0
대전세종충남,2020-08-28,32.975,1,0.0,4,0,0.0,0.0
대전세종충남,2020-08-29,30.9625,1,0.0,5,0,0.0,0.0
대전세종충남,2020-08-30,31.4875,0,1.0,6,1,0.0,0.0
대전세종충남,2020-08-31,31.3375,0,1.0,0,1,1.0,0.0
대전세종충남,2020-09-01,30.625,0,0.0,1,0,1.0,1.0
대전세종충남,2020-09-02,26.25,0,0.0,2,0,0.0,1.0
대전세종충남,2020-09-03,26.2,0,0.0,3,0,0.0,0.0
대전세종충남,2020-09-04,28.0125,0,1.0,4,1,0.0,0.0
대전세종충남,2020-09-05,25.8,0,1.0,5,1,1.0,0.0
대전세종충남,2020-09-06,24.2125,0,2.0,6,1,1.0,1.0
대전세종충남,2020-09-07,22.3875,0,2.0,0,1,1.0,1.0
대전세종충남,2020-09-08,27.15,0,1.0,1,1,1.0,1.0
대전세종충남,2020-09-09,25.875,0,0.0,2,0,1.0,1.0
대전세종충남,2020-09-10,27.45,0,1.0,3,1,0.0,1.0
대전세종충남,2020-09-11,24.7125,0,1.0,4,1,1.0,0.0
대전세종충남,2020-09-12,20.65,0,0.0,5,0,1.0,1.0
대전세종충남,2020-09-13,26.3,0,0.0,6,0,0.0,1.0
대전세종충남,2020-09-14,26.5375,0,3.0,0,1,0.0,0.0
대전세종충남,2020-09-15,27.9625,0,1.0,1,1,1.0,0.0
대전세종충남,2020-09-16,23.575,0,0.0,2,0,1.0,1.0
대전세종충남,2020-09-17,23.8125,0,0.0,3,0,0.0,1.0
대전세종충남,2020-09-18,25.1875,0,0.0,4,0,0.0,0.0
대전세종충남,2020-09-19,25.675,0,0.0,5,0,0.0,0.0
대전세종충남,2020-09-20,25.2125,0,0.0,6,0,0.0,0.0
대전세종충남,2020-09-21,24.1625,0,1.0,0,1,0.0,0.0
대전세종충남,2020-09-22,24.2375,0,2.0,1,1,1.0,0.0
대전세종충남,2020-09-23,23.45,0,0.0,2,0,1.0,1.0
대전세종충남,2020-09-24,25.7,0,1.0,3,1,0.0,1.0
대전세종충남,2020-09-25,25.8375,0,0.0,4,0,1.0,0.0
대전세종충남,2020-09-26,24.65,0,1.0,5,1,0.0,1.0
대전세종충남,2020-09-27,25.3375,0,1.0,6,1,1.0,0.0
대전세종충남,2020-09-28,25.6125,0,1.0,0,1,1.0,1.0
대전세종충남,2020-09-29,24.4375,0,0.0,1,0,1.0,1.0
대전세종충남,2020-09-30,24.9875,0,0.0,2,0,0.0,1.0
대전세종충남,2021-05-01,13.4875,0,2.0,5,1,0.0,0.0
대전세종충남,2021-05-02,18.4375,0,0.0,6,0,1.0,0.0
대전세종충남,2021-05-03,21.3125,0,0.0,0,0,0.0,1.0
대전세종충남,2021-05-04,21.675,0,1.0,1,1,0.0,0.0
대전세종충남,2021-05-05,19.3875,0,0.0,2,0,1.0,0.0
대전세종충남,2021-05-06,22.2625,0,0.0,3,0,0.0,1.0
대전세종충남,2021-05-07,19.4875,0,0.0,4,0,0.0,0.0
대전세종충남,2021-05-08,21.8375,0,0.0,5,0,0.0,0.0
대전세종충남,2021-05-09,22.4125,0,1.0,6,1,0.0,0.0
대전세종충남,2021-05-10,14.025,0,0.0,0,0,1.0,0.0
대전세종충남,2021-05-11,21.5,0,0.0,1,0,0.0,1.0
대전세종충남,2021-05-12,26.5125,0,2.0,2,1,0.0,0.0
대전세종충남,2021-05-13,28.375,0,0.0,3,0,1.0,0.0
대전세종충남,2021-05-14,29.7625,0,1.0,4,1,0.0,1.0
대전세종충남,2021-05-15,26.1625,0,0.0,5,0,1.0,0.0
대전세종충남,2021-05-16,22.1625,0,1.0,6,1,0.0,1.0
대전세종충남,2021-05-17,17.6625,0,0.0,0,0,1.0,0.0
대전세종충남,2021-05-18,23.725,0,1.0,1,1,0.0,1.0
대전세종충남,2021-05-19,27.0625,0,0.0,2,0,1.0,0.0
대전세종충남,2021-05-20,20.25,0,4.0,3,1,0.0,1.0
대전세종충남,2021-05-21,16.6125,0,0.0,4,0,1.0,0.0
대전세종충남,2021-05-22,24.75,0,0.0,5,0,0.0,1.0
대전세종충남,2021-05-23,25.7125,0,1.0,6,1,0.0,0.0
대전세종충남,2021-05-24,24.625,1,0.0,0,0,1.0,0.0
대전세종충남,2021-05-25,20.6875,0,0.0,1,0,0.0,1.0
대전세종충남,2021-05-26,23.225,0,0.0,2,0,0.0,0.0
대전세종충남,2021-05-27,19.875,0,2.0,3,1,0.0,0.0
대전세종충남,2021-05-28,20.775,0,1.0,4,1,1.0,0.0
대전세종충남,2021-05-29,23.675,0,0.0,5,0,1.0,1.0
대전세종충남,2021-05-30,27.325,1,0.0,6,0,0.0,1.0
대전세종충남,2021-05-31,25.475,0,3.0,0,1,0.0,0.0
대전세종충남,2021-06-01,27.0,0,1.0,1,1,1.0,0.0
대전세종충남,2021-06-02,29.6625,1,3.0,2,1,1.0,1.0
대전세종충남,2021-06-03,20.825,0,0.0,3,0,1.0,1.0
대전세종충남,2021-06-04,23.5,0,0.0,4,0,0.0,1.0
대전세종충남,2021-06-05,25.0375,0,0.0,5,0,0.0,0.0
대전세종충남,2021-06-06,26.5375,0,1.0,6,1,0.0,0.0
대전세종충남,2021-06-07,27.9875,0,1.0,0,1,1.0,0.0
대전세종충남,2021-06-08,29.3,1,2.0,1,1,1.0,1.0
대전세종충남,2021-06-09,32.1125,9,2.0,2,1,1.0,1.0
대전세종충남,2021-06-10,30.2125,0,2.0,3,1,1.0,1.0
대전세종충남,2021-06-11,27.275,1,4.0,4,1,1.0,1.0
대전세종충남,2021-06-12,29.775,0,1.0,5,1,1.0,1.0
대전세종충남,2021-06-13,29.2125,1,2.0,6,1,1.0,1.0
대전세종충남,2021-06-14,28.0375,0,2.0,0,1,1.0,1.0
대전세종충남,2021-06-15,24.35,1,1.0,1,1,1.0,1.0
대전세종충남,2021-06-16,27.5375,0,1.0,2,1,1.0,1.0
대전세종충남,2021-06-17,24.3625,0,0.0,3,0,1.0,1.0
대전세종충남,2021-06-18,22.45,0,2.0,4,1,0.0,1.0
대전세종충남,2021-06-19,27.4875,0,2.0,5,1,1.0,0.0
대전세종충남,2021-06-20,29.475,0,1.0,6,1,1.0,1.0
대전세종충남,2021-06-21,29.3875,0,1.0,0,1,1.0,1.0
대전세종충남,2021-06-22,27.6,1,4.0,1,1,1.0,1.0
대전세종충남,2021-06-23,24.275000000000002,0,0.0,2,0,1.0,1.0
대전세종충남,2021-06-24,26.7625,1,2.0,3,1,0.0,1.0
대전세종충남,2021-06-25,29.0625,1,1.0,4,1,1.0,0.0
대전세종충남,2021-06-26,27.075,0,4.0,5,1,1.0,1.0
대전세종충남,2021-06-27,29.725,0,1.0,6,1,1.0,1.0
대전세종충남,2021-06-28,28.925,1,2.0,0,1,1.0,1.0
대전세종충남,2021-06-29,28.5375,0,3.0,1,1,1.0,1.0
대전세종충남,2021-06-30,29.5125,1,1.0,2,1,1.0,1.0
대전세종충남,2021-07-01,31.375,3,3.0,3,1,1.0,1.0
대전세종충남,2021-07-02,31.4375,2,2.0,4,1,1.0,1.0
대전세종충남,2021-07-03,26.6375,0,2.0,5,1,1.0,1.0
대전세종충남,2021-07-04,24.675,0,0.0,6,0,1.0,1.0
대전세종충남,2021-07-05,25.525,0,2.0,0,1,0.0,1.0
대전세종충남,2021-07-06,26.2875,0,1.0,1,1,1.0,0.0
대전세종충남,2021-07-07,27.7625,0,2.0,2,1,1.0,1.0
대전세종충남,2021-07-08,29.325,0,1.0,3,1,1.0,1.0
대전세종충남,2021-07-09,29.8,0,1.0,4,1,1.0,1.0
대전세종충남,2021-07-10,29.9625,1,2.0,5,1,1.0,1.0
대전세종충남,2021-07-11,29.55,0,2.0,6,1,1.0,1.0
대전세종충남,2021-07-12,32.7625,5,3.0,0,1,1.0,1.0
대전세종충남,2021-07-13,32.4875,1,2.0,1,1,1.0,1.0
대전세종충남,2021-07-14,32.2,2,0.0,2,0,1.0,1.0
대전세종충남,2021-07-15,33.599999999999994,6,0.0,3,0,0.0,1.0
대전세종충남,2021-07-16,33.1875,3,2.0,4,1,0.0,0.0
대전세종충남,2021-07-17,31.7125,1,1.0,5,1,1.0,0.0
대전세종충남,2021-07-18,32.325,1,4.0,6,1,1.0,1.0
대전세종충남,2021-07-19,31.8125,4,1.0,0,1,1.0,1.0
대전세종충남,2021-07-20,31.5625,1,2.0,1,1,1.0,1.0
대전세종충남,2021-07-21,34.5,4,2.0,2,1,1.0,1.0
대전세종충남,2021-07-22,33.8375,4,2.0,3,1,1.0,1.0
대전세종충남,2021-07-23,34.4125,5,2.0,4,1,1.0,1.0
대전세종충남,2021-07-24,34.5125,4,2.0,5,1,1.0,1.0
대전세종충남,2021-07-25,33.3625,1,2.0,6,1,1.0,1.0
대전세종충남,2021-07-26,34.075,3,2.0,0,1,1.0,1.0
대전세종충남,2021-07-27,34.525,4,2.0,1,1,1.0,1.0
대전세종충남,2021-07-28,34.175,7,1.0,2,1,1.0,1.0
대전세종충남,2021-07-29,33.8,7,1.0,3,1,1.0,1.0
대전세종충남,2021-07-30,34.275,5,1.0,4,1,1.0,1.0
대전세종충남,2021-07-31,33.6625,3,1.0,5,1,1.0,1.0
대전세종충남,2021-08-01,29.425,1,3.0,6,1,1.0,1.0
대전세종충남,2021-08-02,28.45,0,2.0,0,1,1.0,1.0
대전세종충남,2021-08-03,31.275000000000002,0,1.0,1,1,1.0,1.0
대전세종충남,2021-08-04,32.9625,3,2.0,2,1,1.0,1.0
대전세종충남,2021-08-05,34.125,5,0.0,3,0,1.0,1.0
대전세종충남,2021-08-06,34.025,3,3.0,4,1,0.0,1.0
대전세종충남,2021-08-07,32.5375,1,1.0,5,1,1.0,0.0
대전세종충남,2021-08-08,30.475,1,8.0,6,1,1.0,1.0
대전세종충남,2021-08-09,32.725,1,1.0,0,1,1.0,1.0
대전세종충남,2021-08-10,31.700000000000003,0,1.0,1,1,1.0,1.0
대전세종충남,2021-08-11,32.4125,4,5.0,2,1,1.0,1.0
대전세종충남,2021-08-12,32.0375,2,4.0,3,1,1.0,1.0
대전세종충남,2021-08-13,29.4375,1,0.0,4,0,1.0,1.0
대전세종충남,2021-08-14,29.1125,0,4.0,5,1,0.0,1.0
대전세종충남,2021-08-15,31.5875,1,2.0,6,1,1.0,0.0
대전세종충남,2021-08-16,30.075,1,2.0,0,1,1.0,1.0
대전세종충남,2021-08-17,30.25,0,1.0,1,1,1.0,1.0
대전세종충남,2021-08-18,29.9375,0,2.0,2,1,1.0,1.0
대전세종충남,2021-08-19,29.575,0,1.0,3,1,1.0,1.0
대전세종충남,2021-08-20,30.9625,1,1.0,4,1,1.0,1.0
대전세종충남,2021-08-21,27.8125,0,1.0,5,1,1.0,1.0
대전세종충남,2021-08-22,28.7375,0,0.0,6,0,1.0,1.0
대전세종충남,2021-08-23,23.7,0,1.0,0,1,0.0,1.0
대전세종충남,2021-08-24,28.1375,0,2.0,1,1,1.0,0.0
대전세종충남,2021-08-25,25.35,0,1.0,2,1,1.0,1.0
대전세종충남,2021-08-26,28.3,0,2.0,3,1,1.0,1.0
대전세종충남,2021-08-27,24.3125,0,2.0,4,1,1.0,1.0
대전세종충남,2021-08-28,26.55,0,3.0,5,1,1.0,1.0
대전세종충남,2021-08-29,26.7,0,5.0,6,1,1.0,1.0
대전세종충남,2021-08-30,25.6875,0,1.0,0,1,1.0,1.0
대전세종충남,2021-08-31,26.9125,0,2.0,1,1,1.0,1.0
대전세종충남,2021-09-01,25.2875,0,1.0,2,1,1.0,1.0
대전세종충남,2021-09-02,25.9875,0,0.0,3,0,1.0,1.0
대전세종충남,2021-09-03,28.175,0,2.0,4,1,0.0,1.0
대전세종충남,2021-09-04,27.8,0,1.0,5,1,1.0,0.0
대전세종충남,2021-09-05,24.3625,0,1.0,6,1,1.0,1.0
대전세종충남,2021-09-06,23.6375,0,1.0,0,1,1.0,1.0
대전세종충남,2021-09-07,24.625,0,1.0,1,1,1.0,1.0
대전세종충남,2021-09-08,27.0375,0,0.0,2,0,1.0,1.0
대전세종충남,2021-09-09,27.95,0,1.0,3,1,0.0,1.0
대전세종충남,2021-09-10,27.725,0,1.0,4,1,1.0,0.0
대전세종충남,2021-09-11,29.5375,1,1.0,5,1,1.0,1.0
대전세종충남,2021-09-12,29.1375,0,0.0,6,0,1.0,1.0
대전세종충남,2021-09-13,28.675,0,2.0,0,1,0.0,1.0
대전세종충남,2021-09-14,26.3375,0,0.0,1,0,1.0,0.0
대전세종충남,2021-09-15,28.6125,0,1.0,2,1,0.0,1.0
대전세종충남,2021-09-16,26.875,0,2.0,3,1,1.0,0.0
대전세종충남,2021-09-17,23.6125,0,3.0,4,1,1.0,1.0
대전세종충남,2021-09-18,28.0375,0,1.0,5,1,1.0,1.0
대전세종충남,2021-09-19,28.175,0,2.0,6,1,1.0,1.0
대전세종충남,2021-09-20,27.9375,0,0.0,0,0,1.0,1.0
대전세종충남,2021-09-21,26.2,0,2.0,1,1,0.0,1.0
대전세종충남,2021-09-22,26.8,0,1.0,2,1,1.0,0.0
대전세종충남,2021-09-23,25.975,0,1.0,3,1,1.0,1.0
대전세종충남,2021-09-24,26.525000000000002,0,1.0,4,1,1.0,1.0
대전세종충남,2021-09-25,23.8,0,0.0,5,0,1.0,1.0
대전세종충남,2021-09-26,25.1375,0,1.0,6,1,0.0,1.0
대전세종충남,2021-09-27,26.5,0,0.0,0,0,1.0,0.0
대전세종충남,2021-09-28,24.575,0,1.0,1,1,0.0,1.0
대전세종충남,2021-09-29,23.0125,0,0.0,2,0,1.0,0.0
대전세종충남,2021-09-30,27.3625,0,1.0,3,1,0.0,1.0
대전세종충남,2022-05-01,18.6875,0,0.0,6,0,1.0,0.0
대전세종충남,2022-05-02,19.2,0,0.0,0,0,0.0,1.0
대전세종충남,2022-05-03,20.1375,0,0.0,1,0,0.0,0.0
대전세종충남,2022-05-04,23.8875,0,1.0,2,1,0.0,0.0
대전세종충남,2022-05-05,24.875,0,0.0,3,0,1.0,0.0
대전세종충남,2022-05-06,26.224999999999998,0,1.0,4,1,0.0,1.0
대전세종충남,2022-05-07,22.5625,0,1.0,5,1,1.0,0.0
대전세종충남,2022-05-08,22.1125,0,1.0,6,1,1.0,1.0
대전세종충남,2022-05-09,23.025,0,1.0,0,1,1.0,1.0
대전세종충남,2022-05-10,25.0375,0,1.0,1,1,1.0,1.0
대전세종충남,2022-05-11,24.1,0,0.0,2,0,1.0,1.0
대전세종충남,2022-05-12,26.4375,0,2.0,3,1,0.0,1.0
대전세종충남,2022-05-13,21.4625,0,0.0,4,0,1.0,0.0
대전세종충남,2022-05-14,20.8625,0,1.0,5,1,0.0,1.0
대전세종충남,2022-05-15,20.8875,0,0.0,6,0,1.0,0.0
대전세종충남,2022-05-16,22.825,0,0.0,0,0,0.0,1.0
대전세종충남,2022-05-17,25.85,0,1.0,1,1,0.0,0.0
대전세종충남,2022-05-18,26.2375,0,1.0,2,1,1.0,0.0
대전세종충남,2022-05-19,23.85,0,1.0,3,1,1.0,1.0
대전세종충남,2022-05-20,26.0125,1,0.0,4,0,1.0,1.0
대전세종충남,2022-05-21,25.775,0,1.0,5,1,0.0,1.0
대전세종충남,2022-05-22,25.2375,0,0.0,6,0,1.0,0.0
대전세종충남,2022-05-23,28.2125,0,1.0,0,1,0.0,1.0
대전세종충남,2022-05-24,29.5,0,2.0,1,1,1.0,0.0
대전세종충남,2022-05-25,27.375,0,0.0,2,0,1.0,1.0
대전세종충남,2022-05-26,24.0875,0,0.0,3,0,0.0,1.0
대전세종충남,2022-05-27,25.8125,0,0.0,4,0,0.0,0.0
대전세종충남,2022-05-28,28.075,0,0.0,5,0,0.0,0.0
대전세종충남,2022-05-29,28.5625,0,0.0,6,0,0.0,0.0
대전세종충남,2022-05-30,24.15,0,0.0,0,0,0.0,0.0
대전세종충남,2022-05-31,26.8375,1,0.0,1,0,0.0,0.0
대전세종충남,2022-06-01,29.6875,0,1.0,2,1,0.0,0.0
대전세종충남,2022-06-02,27.6,0,0.0,3,0,1.0,0.0
대전세종충남,2022-06-03,30.475,0,0.0,4,0,0.0,1.0
대전세종충남,2022-06-04,29.625,1,1.0,5,1,0.0,0.0
대전세종충남,2022-06-05,22.9125,0,0.0,6,0,1.0,0.0
대전세종충남,2022-06-06,23.55,0,1.0,0,1,0.0,1.0
대전세종충남,2022-06-07,20.3125,0,1.0,1,1,1.0,0.0
대전세종충남,2022-06-08,25.2,0,0.0,2,0,1.0,1.0
대전세종충남,2022-06-09,26.5625,1,1.0,3,1,0.0,1.0
대전세종충남,2022-06-10,28.150000000000002,0,1.0,4,1,1.0,0.0
대전세종충남,2022-06-11,30.3375,0,0.0,5,0,1.0,1.0
대전세종충남,2022-06-12,27.962500000000002,0,0.0,6,0,0.0,1.0
대전세종충남,2022-06-13,27.7875,0,3.0,0,1,0.0,0.0
대전세종충남,2022-06-14,21.525,1,3.0,1,1,1.0,0.0
대전세종충남,2022-06-15,24.275,0,1.0,2,1,1.0,1.0
대전세종충남,2022-06-16,25.6,0,1.0,3,1,1.0,1.0
대전세종충남,2022-06-17,27.1875,0,3.0,4,1,1.0,1.0
대전세종충남,2022-06-18,27.25,0,2.0,5,1,1.0,1.0
대전세종충남,2022-06-19,27.95,0,2.0,6,1,1.0,1.0
대전세종충남,2022-06-20,30.9375,1,2.0,0,1,1.0,1.0
대전세종충남,2022-06-21,32.95,3,1.0,1,1,1.0,1.0
대전세종충남,2022-06-22,31.7,5,0.0,2,0,1.0,1.0
대전세종충남,2022-06-23,29.2,1,6.0,3,1,0.0,1.0
대전세종충남,2022-06-24,26.7375,2,4.0,4,1,1.0,0.0
대전세종충남,2022-06-25,30.8625,0,7.0,5,1,1.0,1.0
대전세종충남,2022-06-26,29.675,0,2.0,6,1,1.0,1.0
대전세종충남,2022-06-27,29.7625,0,1.0,0,1,1.0,1.0
대전세종충남,2022-06-28,30.35,1,1.0,1,1,1.0,1.0
대전세종충남,2022-06-29,28.675,0,2.0,2,1,1.0,1.0
대전세종충남,2022-06-30,29.8125,0,3.0,3,1,1.0,1.0
대전세종충남,2022-07-01,32.35,7,2.0,4,1,1.0,1.0
대전세종충남,2022-07-02,33.25,16,4.0,5,1,1.0,1.0
대전세종충남,2022-07-03,33.4875,6,0.0,6,0,1.0,1.0
대전세종충남,2022-07-04,32.525,7,0.0,0,0,0.0,1.0
대전세종충남,2022-07-05,32.4,7,3.0,1,1,0.0,0.0
대전세종충남,2022-07-06,34.4875,14,0.0,2,0,1.0,0.0
대전세종충남,2022-07-07,32.8375,8,1.0,3,1,0.0,1.0
대전세종충남,2022-07-08,30.5875,3,1.0,4,1,1.0,0.0
대전세종충남,2022-07-09,30.25,3,3.0,5,1,1.0,1.0
대전세종충남,2022-07-10,33.525,4,2.0,6,1,1.0,1.0
대전세종충남,2022-07-11,28.6,0,4.0,0,1,1.0,1.0
대전세종충남,2022-07-12,29.3625,3,2.0,1,1,1.0,1.0
대전세종충남,2022-07-13,26.65,1,3.0,2,1,1.0,1.0
대전세종충남,2022-07-14,28.9625,0,0.0,3,0,1.0,1.0
대전세종충남,2022-07-15,30.3,0,1.0,4,1,0.0,1.0
대전세종충남,2022-07-16,29.75,0,2.0,5,1,1.0,0.0
대전세종충남,2022-07-17,29.8625,0,2.0,6,1,1.0,1.0
대전세종충남,2022-07-18,24.925,0,1.0,0,1,1.0,1.0
대전세종충남,2022-07-19,29.8625,2,1.0,1,1,1.0,1.0
대전세종충남,2022-07-20,31.6875,5,1.0,2,1,1.0,1.0
대전세종충남,2022-07-21,25.95,0,1.0,3,1,1.0,1.0
대전세종충남,2022-07-22,29.1625,2,1.0,4,1,1.0,1.0
대전세종충남,2022-07-23,27.725,0,0.0,5,0,1.0,1.0
대전세종충남,2022-07-24,27.525,0,3.0,6,1,0.0,1.0
대전세종충남,2022-07-25,31.1625,5,1.0,0,1,1.0,0.0
대전세종충남,2022-07-26,32.8125,7,0.0,1,0,1.0,1.0
대전세종충남,2022-07-27,31.275,1,1.0,2,1,0.0,1.0
대전세종충남,2022-07-28,33.3125,3,1.0,3,1,1.0,0.0
대전세종충남,2022-07-29,34.4875,9,1.0,4,1,1.0,1.0
대전세종충남,2022-07-30,32.7125,5,2.0,5,1,1.0,1.0
대전세종충남,2022-07-31,28.05,1,0.0,6,0,1.0,1.0
대전세종충남,2022-08-01,32.05,3,2.0,0,1,0.0,1.0
대전세종충남,2022-08-02,29.85,0,1.0,1,1,1.0,0.0
대전세종충남,2022-08-03,31.975,1,1.0,2,1,1.0,1.0
대전세종충남,2022-08-04,32.5,6,0.0,3,0,1.0,1.0
대전세종충남,2022-08-05,32.0375,3,0.0,4,0,0.0,1.0
대전세종충남,2022-08-06,33.0625,6,2.0,5,1,0.0,0.0
대전세종충남,2022-08-07,32.7125,6,0.0,6,0,1.0,0.0
대전세종충남,2022-08-08,29.475,0,1.0,0,1,0.0,1.0
대전세종충남,2022-08-09,29.725,0,1.0,1,1,1.0,0.0
대전세종충남,2022-08-10,27.6125,1,1.0,2,1,1.0,1.0
대전세종충남,2022-08-11,26.475,0,0.0,3,0,1.0,1.0
대전세종충남,2022-08-12,31.375,2,1.0,4,1,0.0,1.0
대전세종충남,2022-08-13,28.025,0,3.0,5,1,1.0,0.0
대전세종충남,2022-08-14,29.6625,0,5.0,6,1,1.0,1.0
대전세종충남,2022-08-15,30.7625,0,1.0,0,1,1.0,1.0
대전세종충남,2022-08-16,29.8625,1,1.0,1,1,1.0,1.0
대전세종충남,2022-08-17,30.15,1,2.0,2,1,1.0,1.0
대전세종충남,2022-08-18,29.9875,0,1.0,3,1,1.0,1.0
대전세종충남,2022-08-19,29.375,0,1.0,4,1,1.0,1.0
대전세종충남,2022-08-20,30.6,2,1.0,5,1,1.0,1.0
대전세종충남,2022-08-21,31.8125,4,0.0,6,0,1.0,1.0
대전세종충남,2022-08-22,31.2375,1,0.0,0,0,0.0,1.0
대전세종충남,2022-08-23,26.125,0,1.0,1,1,0.0,0.0
대전세종충남,2022-08-24,26.1625,0,1.0,2,1,1.0,0.0
대전세종충남,2022-08-25,27.65,0,0.0,3,0,1.0,1.0
대전세종충남,2022-08-26,28.075,0,0.0,4,0,0.0,1.0
대전세종충남,2022-08-27,25.6,0,1.0,5,1,0.0,0.0
대전세종충남,2022-08-28,27.925,1,2.0,6,1,1.0,0.0
대전세종충남,2022-08-29,21.3,0,1.0,0,1,1.0,1.0
대전세종충남,2022-08-30,20.35,0,2.0,1,1,1.0,1.0
대전세종충남,2022-08-31,23.875,0,0.0,2,0,1.0,1.0
대전세종충남,2022-09-01,27.8875,1,1.0,3,1,0.0,1.0
대전세종충남,2022-09-02,27.8875,0,1.0,4,1,1.0,0.0
대전세종충남,2022-09-03,28.075,0,1.0,5,1,1.0,1.0
대전세종충남,2022-09-04,27.9125,0,2.0,6,1,1.0,1.0
대전세종충남,2022-09-05,24.4375,0,1.0,0,1,1.0,1.0
대전세종충남,2022-09-06,25.7125,0,4.0,1,1,1.0,1.0
대전세종충남,2022-09-07,27.65,0,0.0,2,0,1.0,1.0
대전세종충남,2022-09-08,28.7375,2,0.0,3,0,0.0,1.0
대전세종충남,2022-09-09,28.7125,0,2.0,4,1,0.0,0.0
대전세종충남,2022-09-10,26.55,0,2.0,5,1,1.0,0.0
대전세종충남,2022-09-11,27.5125,0,1.0,6,1,1.0,1.0
대전세종충남,2022-09-12,26.7875,0,0.0,0,0,1.0,1.0
대전세종충남,2022-09-13,27.075,0,2.0,1,1,0.0,1.0
대전세종충남,2022-09-14,28.25,0,1.0,2,1,1.0,0.0
대전세종충남,2022-09-15,29.7125,0,1.0,3,1,1.0,1.0
대전세종충남,2022-09-16,30.825,0,1.0,4,1,1.0,1.0
대전세종충남,2022-09-17,31.3625,1,1.0,5,1,1.0,1.0
대전세종충남,2022-09-18,31.65,5,2.0,6,1,1.0,1.0
대전세종충남,2022-09-19,28.9,0,1.0,0,1,1.0,1.0
대전세종충남,2022-09-20,23.7625,0,1.0,1,1,1.0,1.0
대전세종충남,2022-09-21,24.5625,0,2.0,2,1,1.0,1.0
대전세종충남,2022-09-22,23.9125,0,1.0,3,1,1.0,1.0
대전세종충남,2022-09-23,23.425,0,2.0,4,1,1.0,1.0
대전세종충남,2022-09-24,23.7,0,1.0,5,1,1.0,1.0
대전세종충남,2022-09-25,24.587500000000002,0,0.0,6,0,1.0,1.0
대전세종충남,2022-09-26,25.3875,0,1.0,0,1,0.0,1.0
대전세종충남,2022-09-27,26.95,0,0.0,1,0,1.0,0.0
대전세종충남,2022-09-28,25.1625,0,1.0,2,1,0.0,1.0
대전세종충남,2022-09-29,25.485714285714288,0,1.0,3,1,1.0,0.0
대전세종충남,2022-09-30,27.8375,1,0.0,4,0,1.0,1.0
대전세종충남,2023-05-01,20.925,0,0.0,0,0,0.0,1.0
대전세종충남,2023-05-02,25.25,0,0.0,1,0,0.0,0.0
대전세종충남,2023-05-03,25.4125,0,0.0,2,0,0.0,0.0
대전세종충남,2023-05-04,26.2125,0,0.0,3,0,0.0,0.0
대전세종충남,2023-05-05,21.15,0,0.0,4,0,0.0,0.0
대전세종충남,2023-05-06,19.875,0,4.0,5,1,0.0,0.0
대전세종충남,2023-05-07,15.45,0,1.0,6,1,1.0,0.0
대전세종충남,2023-05-08,21.4875,0,0.0,0,0,1.0,1.0
대전세종충남,2023-05-09,23.725,0,0.0,1,0,0.0,1.0
대전세종충남,2023-05-10,24.9,0,1.0,2,1,0.0,0.0
대전세종충남,2023-05-11,26.3,0,0.0,3,0,1.0,0.0
대전세종충남,2023-05-12,24.15,0,0.0,4,0,0.0,1.0
대전세종충남,2023-05-13,23.7,0,0.0,5,0,0.0,0.0
대전세종충남,2023-05-14,24.725,0,1.0,6,1,0.0,0.0
대전세종충남,2023-05-15,27.8125,0,1.0,0,1,1.0,0.0
대전세종충남,2023-05-16,29.6375,0,0.0,1,0,1.0,1.0
대전세종충남,2023-05-17,29.0625,0,0.0,2,0,0.0,1.0
대전세종충남,2023-05-18,23.0125,0,3.0,3,1,0.0,0.0
대전세종충남,2023-05-19,25.6,0,0.0,4,0,1.0,0.0
대전세종충남,2023-05-20,26.0375,2,0.0,5,0,0.0,1.0
대전세종충남,2023-05-21,22.1875,0,0.0,6,0,0.0,0.0
대전세종충남,2023-05-22,22.4125,0,1.0,0,1,0.0,0.0
대전세종충남,2023-05-23,24.925,0,3.0,1,1,1.0,0.0
대전세종충남,2023-05-24,25.6,0,0.0,2,0,1.0,1.0
대전세종충남,2023-05-25,26.825,0,0.0,3,0,0.0,1.0
대전세종충남,2023-05-26,26.05,0,1.0,4,1,0.0,0.0
대전세종충남,2023-05-27,22.325,0,1.0,5,1,1.0,0.0
대전세종충남,2023-05-28,21.5,0,0.0,6,0,1.0,1.0
대전세종충남,2023-05-29,22.4875,0,1.0,0,1,0.0,1.0
대전세종충남,2023-05-30,27.1375,0,0.0,1,0,1.0,0.0
대전세종충남,2023-05-31,27.475,0,1.0,2,1,0.0,1.0
대전세종충남,2023-06-01,26.3,0,3.0,3,1,1.0,0.0
대전세종충남,2023-06-02,25.675,1,1.0,4,1,1.0,1.0
대전세종충남,2023-06-03,27.5625,0,1.0,5,1,1.0,1.0
대전세종충남,2023-06-04,27.5375,0,0.0,6,0,1.0,1.0
대전세종충남,2023-06-05,25.825,0,0.0,0,0,0.0,1.0
대전세종충남,2023-06-06,26.75,0,0.0,1,0,0.0,0.0
대전세종충남,2023-06-07,25.0375,0,0.0,2,0,0.0,0.0
대전세종충남,2023-06-08,26.225,0,0.0,3,0,0.0,0.0
대전세종충남,2023-06-09,28.2125,1,0.0,4,0,0.0,0.0
대전세종충남,2023-06-10,30.0125,1,3.0,5,1,0.0,0.0
대전세종충남,2023-06-11,28.3375,0,1.0,6,1,1.0,0.0
대전세종충남,2023-06-12,28.325,0,3.0,0,1,1.0,1.0
대전세종충남,2023-06-13,27.4375,2,2.0,1,1,1.0,1.0
대전세종충남,2023-06-14,27.45,0,0.0,2,0,1.0,1.0
대전세종충남,2023-06-15,27.475,0,1.0,3,1,0.0,1.0
대전세종충남,2023-06-16,30.1625,0,1.0,4,1,1.0,0.0
대전세종충남,2023-06-17,30.9,2,0.0,5,0,1.0,1.0
대전세종충남,2023-06-18,31.4875,2,5.0,6,1,0.0,1.0
대전세종충남,2023-06-19,33.25,3,1.0,0,1,1.0,0.0
대전세종충남,2023-06-20,27.1125,0,2.0,1,1,1.0,1.0
대전세종충남,2023-06-21,24.1125,0,2.0,2,1,1.0,1.0
대전세종충남,2023-06-22,27.1375,0,1.0,3,1,1.0,1.0
대전세종충남,2023-06-23,30.45,0,2.0,4,1,1.0,1.0
대전세종충남,2023-06-24,31.9,3,0.0,5,0,1.0,1.0
대전세종충남,2023-06-25,31.9375,0,1.0,6,1,0.0,1.0
대전세종충남,2023-06-26,25.9125,0,3.0,0,1,1.0,0.0
대전세종충남,2023-06-27,29.7625,0,3.0,1,1,1.0,1.0
대전세종충남,2023-06-28,26.9,0,2.0,2,1,1.0,1.0
대전세종충남,2023-06-29,25.587500000000002,1,4.0,3,1,1.0,1.0
대전세종충남,2023-06-30,27.125,0,0.0,4,0,1.0,1.0
대전세종충남,2023-07-01,32.2875,9,0.0,5,0,0.0,1.0
대전세종충남,2023-07-02,31.3125,1,0.0,6,0,0.0,0.0
대전세종충남,2023-07-03,32.7125,6,0.0,0,0,0.0,0.0
대전세종충남,2023-07-04,26.3375,1,3.0,1,1,0.0,0.0
대전세종충남,2023-07-05,27.6625,2,2.0,2,1,1.0,0.0
대전세종충남,2023-07-06,30.9875,3,3.0,3,1,1.0,1.0
대전세종충남,2023-07-07,26.15,0,0.0,4,0,1.0,1.0
대전세종충남,2023-07-08,29.2875,0,3.0,5,1,0.0,1.0
대전세종충남,2023-07-09,29.575,1,1.0,6,1,1.0,0.0
대전세종충남,2023-07-10,30.675,3,3.0,0,1,1.0,1.0
대전세종충남,2023-07-11,26.3125,0,3.0,1,1,1.0,1.0
대전세종충남,2023-07-12,29.5625,1,3.0,2,1,1.0,1.0
대전세종충남,2023-07-13,26.2,0,2.0,3,1,1.0,1.0
대전세종충남,2023-07-14,25.6625,0,12.0,4,1,1.0,1.0
대전세종충남,2023-07-15,25.25,0,1.0,5,1,1.0,1.0
대전세종충남,2023-07-16,27.5,0,1.0,6,1,1.0,1.0
대전세종충남,2023-07-17,29.8125,0,1.0,0,1,1.0,1.0
대전세종충남,2023-07-18,25.125,0,2.0,1,1,1.0,1.0
대전세종충남,2023-07-19,31.425,11,4.0,2,1,1.0,1.0
대전세종충남,2023-07-20,31.2875,5,0.0,3,0,1.0,1.0
대전세종충남,2023-07-21,33.9,12,3.0,4,1,0.0,1.0
대전세종충남,2023-07-22,29.3875,0,3.0,5,1,1.0,0.0
대전세종충남,2023-07-23,26.6125,0,4.0,6,1,1.0,1.0
대전세종충남,2023-07-24,29.8375,1,0.0,0,0,1.0,1.0
대전세종충남,2023-07-25,29.2,0,0.0,1,0,0.0,1.0
대전세종충남,2023-07-26,31.8375,4,1.0,2,1,0.0,0.0
대전세종충남,2023-07-27,32.7375,10,1.0,3,1,1.0,0.0
대전세종충남,2023-07-28,33.55,7,0.0,4,0,1.0,1.0
대전세종충남,2023-07-29,34.025,6,0.0,5,0,0.0,1.0
대전세종충남,2023-07-30,33.4,4,0.0,6,0,0.0,0.0
대전세종충남,2023-07-31,32.0875,10,3.0,0,1,0.0,0.0
대전세종충남,2023-08-01,34.3875,11,1.0,1,1,1.0,0.0
대전세종충남,2023-08-02,33.9875,16,1.0,2,1,1.0,1.0
대전세종충남,2023-08-03,34.275,10,3.0,3,1,1.0,1.0
대전세종충남,2023-08-04,34.5625,10,1.0,4,1,1.0,1.0
대전세종충남,2023-08-05,34.5625,8,2.0,5,1,1.0,1.0
대전세종충남,2023-08-06,35.125,14,0.0,6,0,1.0,1.0
대전세종충남,2023-08-07,35.0375,13,1.0,0,1,0.0,1.0
대전세종충남,2023-08-08,34.75,12,1.0,1,1,1.0,0.0
대전세종충남,2023-08-09,30.8625,2,3.0,2,1,1.0,1.0
대전세종충남,2023-08-10,24.0,0,4.0,3,1,1.0,1.0
대전세종충남,2023-08-11,28.775,1,4.0,4,1,1.0,1.0
대전세종충남,2023-08-12,28.8,0,1.0,5,1,1.0,1.0
대전세종충남,2023-08-13,31.6375,5,1.0,6,1,1.0,1.0
대전세종충남,2023-08-14,33.125,7,2.0,0,1,1.0,1.0
대전세종충남,2023-08-15,32.4375,11,1.0,1,1,1.0,1.0
대전세종충남,2023-08-16,31.625,3,0.0,2,0,1.0,1.0
대전세종충남,2023-08-17,31.7125,1,0.0,3,0,0.0,1.0
대전세종충남,2023-08-18,32.6875,4,0.0,4,0,0.0,0.0
대전세종충남,2023-08-19,32.875,4,0.0,5,0,0.0,0.0
대전세종충남,2023-08-20,32.9625,4,0.0,6,0,0.0,0.0
대전세종충남,2023-08-21,33.4,1,0.0,0,0,0.0,0.0
대전세종충남,2023-08-22,32.375,2,0.0,1,0,0.0,0.0
대전세종충남,2023-08-23,30.125,0,3.0,2,1,0.0,0.0
대전세종충남,2023-08-24,30.1125,0,0.0,3,0,1.0,0.0
대전세종충남,2023-08-25,30.5375,1,0.0,4,0,0.0,1.0
대전세종충남,2023-08-26,30.3,1,3.0,5,1,0.0,0.0
대전세종충남,2023-08-27,30.6125,2,0.0,6,0,1.0,0.0
대전세종충남,2023-08-28,28.6875,0,2.0,0,1,0.0,1.0
대전세종충남,2023-08-29,27.7375,1,2.0,1,1,1.0,0.0
대전세종충남,2023-08-30,23.3375,0,1.0,2,1,1.0,1.0
대전세종충남,2023-08-31,27.65,0,2.0,3,1,1.0,1.0
대전세종충남,2023-09-01,29.575,1,1.0,4,1,1.0,1.0
대전세종충남,2023-09-02,30.6125,2,3.0,5,1,1.0,1.0
대전세종충남,2023-09-03,31.887500000000003,5,1.0,6,1,1.0,1.0
대전세종충남,2023-09-04,30.75,0,1.0,0,1,1.0,1.0
대전세종충남,2023-09-05,31.3,0,0.0,1,0,1.0,1.0
대전세종충남,2023-09-06,31.35,1,0.0,2,0,0.0,1.0
대전세종충남,2023-09-07,30.375,0,1.0,3,1,0.0,0.0
대전세종충남,2023-09-08,29.3625,0,2.0,4,1,1.0,0.0
대전세종충남,2023-09-09,30.1125,1,1.0,5,1,1.0,1.0
대전세종충남,2023-09-10,30.3125,0,2.0,6,1,1.0,1.0
대전세종충남,2023-09-11,30.1,0,1.0,0,1,1.0,1.0
대전세종충남,2023-09-12,29.325,0,0.0,1,0,1.0,1.0
대전세종충남,2023-09-13,22.7,0,3.0,2,1,0.0,1.0
대전세종충남,2023-09-14,25.85,0,2.0,3,1,1.0,0.0
대전세종충남,2023-09-15,24.65,0,0.0,4,0,1.0,1.0
대전세종충남,2023-09-16,27.1625,0,0.0,5,0,0.0,1.0
대전세종충남,2023-09-17,28.5125,4,0.0,6,0,0.0,0.0
대전세종충남,2023-09-18,28.9,0,1.0,0,1,0.0,0.0
대전세종충남,2023-09-19,27.75,0,0.0,1,0,1.0,0.0
대전세종충남,2023-09-20,22.8,0,0.0,2,0,0.0,1.0
대전세종충남,2023-09-21,22.175,0,1.0,3,1,0.0,0.0
대전세종충남,2023-09-22,24.9125,0,0.0,4,0,1.0,0.0
대전세종충남,2023-09-23,25.4375,0,2.0,5,1,0.0,1.0
대전세종충남,2023-09-24,25.5125,0,2.0,6,1,1.0,0.0
대전세종충남,2023-09-25,26.1875,0,1.0,0,1,1.0,1.0
대전세종충남,2023-09-26,22.9,0,2.0,1,1,1.0,1.0
대전세종충남,2023-09-27,24.287499999999998,0,1.0,2,1,1.0,1.0
대전세종충남,2023-09-28,26.8375,0,1.0,3,1,1.0,1.0
대전세종충남,2023-09-29,24.75,0,0.0,4,0,1.0,1.0
대전세종충남,2023-09-30,23.2,0,1.0,5,1,0.0,1.0
대전세종충남,2024-05-01,21.925,0,1.0,2,1,1.0,0.0
대전세종충남,2024-05-02,23.75,0,0.0,3,0,1.0,1.0
대전세종충남,2024-05-03,26.3125,0,0.0,4,0,0.0,1.0
대전세종충남,2024-05-04,27.45,0,0.0,5,0,0.0,0.0
대전세종충남,2024-05-05,20.2375,0,6.0,6,1,0.0,0.0
대전세종충남,2024-05-06,16.2625,0,0.0,0,0,1.0,0.0
대전세종충남,2024-05-07,15.1875,0,1.0,1,1,0.0,1.0
대전세종충남,2024-05-08,20.2625,0,1.0,2,1,1.0,0.0
대전세종충남,2024-05-09,21.45,0,1.0,3,1,1.0,1.0
대전세종충남,2024-05-10,23.975,0,1.0,4,1,1.0,1.0
대전세종충남,2024-05-11,23.625,0,2.0,5,1,1.0,1.0
대전세종충남,2024-05-12,21.4625,0,1.0,6,1,1.0,1.0
대전세종충남,2024-05-13,24.3625,0,0.0,0,0,1.0,1.0
대전세종충남,2024-05-14,24.6875,0,1.0,1,1,0.0,1.0
대전세종충남,2024-05-15,21.4,0,3.0,2,1,1.0,0.0
대전세종충남,2024-05-16,19.825,0,2.0,3,1,1.0,1.0
대전세종충남,2024-05-17,24.4375,0,0.0,4,0,1.0,1.0
대전세종충남,2024-05-18,26.275,0,0.0,5,0,0.0,1.0
대전세종충남,2024-05-19,28.15,0,1.0,6,1,0.0,0.0
대전세종충남,2024-05-20,25.1875,0,0.0,0,0,1.0,0.0
대전세종충남,2024-05-21,26.375,0,0.0,1,0,0.0,1.0
대전세종충남,2024-05-22,26.7875,0,1.0,2,1,0.0,0.0
대전세종충남,2024-05-23,27.2375,0,1.0,3,1,1.0,0.0
대전세종충남,2024-05-24,26.1,0,1.0,4,1,1.0,1.0
대전세종충남,2024-05-25,23.175,0,0.0,5,0,1.0,1.0
대전세종충남,2024-05-26,25.1375,0,1.0,6,1,0.0,1.0
대전세종충남,2024-05-27,22.4875,0,1.0,0,1,1.0,0.0
대전세종충남,2024-05-28,25.0,0,0.0,1,0,1.0,1.0
대전세종충남,2024-05-29,26.9375,0,1.0,2,1,0.0,1.0
대전세종충남,2024-05-30,25.5625,0,0.0,3,0,1.0,0.0
대전세종충남,2024-05-31,25.75,0,1.0,4,1,0.0,1.0
대전세종충남,2024-06-01,24.625,0,0.0,5,0,1.0,0.0
대전세종충남,2024-06-02,25.75,0,1.0,6,1,0.0,1.0
대전세종충남,2024-06-03,26.8,0,0.0,0,0,1.0,0.0
대전세종충남,2024-06-04,27.275,1,0.0,1,0,0.0,1.0
대전세종충남,2024-06-05,28.1,0,0.0,2,0,0.0,0.0
대전세종충남,2024-06-06,28.5625,0,2.0,3,1,0.0,0.0
대전세종충남,2024-06-07,27.55,2,2.0,4,1,1.0,0.0
대전세종충남,2024-06-08,25.0625,0,2.0,5,1,1.0,1.0
대전세종충남,2024-06-09,28.7,0,2.0,6,1,1.0,1.0
대전세종충남,2024-06-10,30.1,0,0.0,0,0,1.0,1.0
대전세종충남,2024-06-11,30.225,2,3.0,1,1,0.0,1.0
대전세종충남,2024-06-12,32.0375,0,0.0,2,0,1.0,0.0
대전세종충남,2024-06-13,32.5,2,1.0,3,1,0.0,1.0
대전세종충남,2024-06-14,31.6625,2,1.0,4,1,1.0,0.0
대전세종충남,2024-06-15,28.2875,0,2.0,5,1,1.0,1.0
대전세종충남,2024-06-16,29.0875,1,1.0,6,1,1.0,1.0
대전세종충남,2024-06-17,28.725,0,0.0,0,0,1.0,1.0
대전세종충남,2024-06-18,32.275,2,1.0,1,1,0.0,1.0
대전세종충남,2024-06-19,35.125,8,0.0,2,0,1.0,0.0
대전세종충남,2024-06-20,31.5125,3,2.0,3,1,0.0,1.0
대전세종충남,2024-06-21,31.7125,2,3.0,4,1,1.0,0.0
대전세종충남,2024-06-22,24.475,0,4.0,5,1,1.0,1.0
대전세종충남,2024-06-23,28.2125,1,5.0,6,1,1.0,1.0
대전세종충남,2024-06-24,28.6875,2,2.0,0,1,1.0,1.0
대전세종충남,2024-06-25,27.65,0,2.0,1,1,1.0,1.0
대전세종충남,2024-06-26,29.8,0,3.0,2,1,1.0,1.0
대전세종충남,2024-06-27,28.5,1,1.0,3,1,1.0,1.0
대전세종충남,2024-06-28,31.1875,3,2.0,4,1,1.0,1.0
대전세종충남,2024-06-29,29.675,1,5.0,5,1,1.0,1.0
대전세종충남,2024-06-30,27.0125,1,6.0,6,1,1.0,1.0
대전세종충남,2024-07-01,30.5125,2,1.0,0,1,1.0,1.0
대전세종충남,2024-07-02,27.5875,0,4.0,1,1,1.0,1.0
대전세종충남,2024-07-03,28.175,0,1.0,2,1,1.0,1.0
대전세종충남,2024-07-04,31.225,1,2.0,3,1,1.0,1.0
대전세종충남,2024-07-05,28.475,0,0.0,4,0,1.0,1.0
대전세종충남,2024-07-06,30.5125,2,4.0,5,1,0.0,1.0
대전세종충남,2024-07-07,26.75,1,3.0,6,1,1.0,0.0
대전세종충남,2024-07-08,26.0375,0,8.0,0,1,1.0,1.0
대전세종충남,2024-07-09,24.775000000000002,0,1.0,1,1,1.0,1.0
대전세종충남,2024-07-10,28.475,2,7.0,2,1,1.0,1.0
대전세종충남,2024-07-11,27.5,1,2.0,3,1,1.0,1.0
대전세종충남,2024-07-12,30.325,0,1.0,4,1,1.0,1.0
대전세종충남,2024-07-13,30.75,5,6.0,5,1,1.0,1.0
대전세종충남,2024-07-14,30.8,2,0.0,6,0,1.0,1.0
대전세종충남,2024-07-15,30.9,2,1.0,0,1,0.0,1.0
대전세종충남,2024-07-16,27.475,0,11.0,1,1,1.0,0.0
대전세종충남,2024-07-17,30.025,0,0.0,2,0,1.0,1.0
대전세종충남,2024-07-18,27.725,0,1.0,3,1,0.0,1.0
대전세종충남,2024-07-19,28.825,2,3.0,4,1,1.0,0.0
대전세종충남,2024-07-20,30.8875,0,3.0,5,1,1.0,1.0
대전세종충남,2024-07-21,30.5625,0,0.0,6,0,1.0,1.0
대전세종충남,2024-07-22,30.825,1,0.0,0,0,0.0,1.0
대전세종충남,2024-07-23,28.1375,0,2.0,1,1,0.0,0.0
대전세종충남,2024-07-24,32.1625,5,4.0,2,1,1.0,0.0
대전세종충남,2024-07-25,34.0625,12,3.0,3,1,1.0,1.0
대전세종충남,2024-07-26,33.4,1,2.0,4,1,1.0,1.0
대전세종충남,2024-07-27,32.5,13,4.0,5,1,1.0,1.0
대전세종충남,2024-07-28,33.0,0,1.0,6,1,1.0,1.0
대전세종충남,2024-07-29,30.85,3,2.0,0,1,1.0,1.0
대전세종충남,2024-07-30,31.662499999999998,1,0.0,1,0,1.0,1.0
대전세종충남,2024-07-31,33.0875,7,2.0,2,1,0.0,1.0
대전세종충남,2024-08-01,32.9,7,0.0,3,0,1.0,0.0
대전세종충남,2024-08-02,33.1625,3,0.0,4,0,0.0,1.0
대전세종충남,2024-08-03,34.6,18,2.0,5,1,0.0,0.0
대전세종충남,2024-08-04,35.1625,10,1.0,6,1,1.0,0.0
대전세종충남,2024-08-05,34.3625,9,3.0,0,1,1.0,1.0
대전세종충남,2024-08-06,33.3125,8,2.0,1,1,1.0,1.0
대전세종충남,2024-08-07,34.362500000000004,19,1.0,2,1,1.0,1.0
대전세종충남,2024-08-08,29.6625,4,2.0,3,1,1.0,1.0
대전세종충남,2024-08-09,33.525,8,3.0,4,1,1.0,1.0
대전세종충남,2024-08-10,33.85,7,4.0,5,1,1.0,1.0
대전세종충남,2024-08-11,34.1375,11,1.0,6,1,1.0,1.0
대전세종충남,2024-08-12,34.9625,16,1.0,0,1,1.0,1.0
대전세종충남,2024-08-13,34.9375,16,1.0,1,1,1.0,1.0
대전세종충남,2024-08-14,34.9125,5,1.0,2,1,1.0,1.0
대전세종충남,2024-08-15,33.9125,11,2.0,3,1,1.0,1.0
대전세종충남,2024-08-16,33.9125,6,1.0,4,1,1.0,1.0
대전세종충남,2024-08-17,33.9125,3,3.0,5,1,1.0,1.0
대전세종충남,2024-08-18,34.1,5,4.0,6,1,1.0,1.0
대전세종충남,2024-08-19,34.4375,9,2.0,0,1,1.0,1.0
대전세종충남,2024-08-20,35.3125,12,6.0,1,1,1.0,1.0
대전세종충남,2024-08-21,31.65,3,14.0,2,1,1.0,1.0
대전세종충남,2024-08-22,31.3625,2,2.0,3,1,1.0,1.0
대전세종충남,2024-08-23,31.8,2,3.0,4,1,1.0,1.0
대전세종충남,2024-08-24,32.2,3,1.0,5,1,1.0,1.0
대전세종충남,2024-08-25,32.2375,0,0.0,6,0,1.0,1.0
대전세종충남,2024-08-26,31.575,2,0.0,0,0,0.0,1.0
대전세종충남,2024-08-27,28.175,0,3.0,1,1,0.0,0.0
대전세종충남,2024-08-28,32.0375,3,1.0,2,1,1.0,0.0
대전세종충남,2024-08-29,32.949999999999996,2,1.0,3,1,1.0,1.0
대전세종충남,2024-08-30,33.025,1,2.0,4,1,1.0,1.0
대전세종충남,2024-08-31,31.75,2,1.0,5,1,1.0,1.0
대전세종충남,2024-09-01,31.4875,1,0.0,6,0,1.0,1.0
대전세종충남,2024-09-02,27.4375,0,0.0,0,0,0.0,1.0
대전세종충남,2024-09-03,31.7,3,1.0,1,1,0.0,0.0
대전세종충남,2024-09-04,32.725,2,2.0,2,1,1.0,0.0
대전세종충남,2024-09-05,31.075,1,1.0,3,1,1.0,1.0
대전세종충남,2024-09-06,28.3375,0,1.0,4,1,1.0,1.0
대전세종충남,2024-09-07,31.2875,1,3.0,5,1,1.0,1.0
대전세종충남,2024-09-08,32.45,6,3.0,6,1,1.0,1.0
대전세종충남,2024-09-09,33.8125,3,0.0,0,0,1.0,1.0
대전세종충남,2024-09-10,35.0,5,0.0,1,0,0.0,1.0
대전세종충남,2024-09-11,33.175,4,2.0,2,1,0.0,0.0
대전세종충남,2024-09-12,29.8,0,5.0,3,1,1.0,0.0
대전세종충남,2024-09-13,31.975,1,1.0,4,1,1.0,1.0
대전세종충남,2024-09-14,32.7625,0,0.0,5,0,1.0,1.0
대전세종충남,2024-09-15,34.1,3,2.0,6,1,0.0,1.0
대전세종충남,2024-09-16,32.25,1,2.0,0,1,1.0,0.0
대전세종충남,2024-09-17,34.7875,0,1.0,1,1,1.0,1.0
대전세종충남,2024-09-18,33.7375,2,1.0,2,1,1.0,1.0
대전세종충남,2024-09-19,33.725,2,1.0,3,1,1.0,1.0
대전세종충남,2024-09-20,27.7375,1,2.0,4,1,1.0,1.0
대전세종충남,2024-09-21,25.537499999999998,0,2.0,5,1,1.0,1.0
대전세종충남,2024-09-22,25.9,1,0.0,6,0,1.0,1.0
대전세종충남,2024-09-23,25.6375,0,1.0,0,1,0.0,1.0
대전세종충남,2024-09-24,27.025,1,0.0,1,0,1.0,0.0
대전세종충남,2024-09-25,28.325,0,0.0,2,0,0.0,1.0
대전세종충남,2024-09-26,28.875,0,0.0,3,0,0.0,0.0
대전세종충남,2024-09-27,28.0375,0,1.0,4,1,0.0,0.0
대전세종충남,2024-09-28,28.7,0,1.0,5,1,1.0,0.0
대전세종충남,2024-09-29,28.1,0,1.0,6,1,1.0,1.0
대전세종충남,2024-09-30,27.875,0,0.0,0,0,1.0,1.0
대전세종충남,2025-05-01,20.6375,0,2.0,3,1,0.0,1.0
대전세종충남,2025-05-02,18.8625,0,0.0,4,0,1.0,0.0
대전세종충남,2025-05-03,14.7,0,0.0,5,0,0.0,1.0
대전세종충남,2025-05-04,20.125,0,0.0,6,0,0.0,0.0
대전세종충남,2025-05-05,16.3125,0,1.0,0,1,0.0,0.0
대전세종충남,2025-05-06,17.75,0,1.0,1,1,1.0,0.0
대전세종충남,2025-05-07,20.7625,0,0.0,2,0,1.0,1.0
대전세종충남,2025-05-08,24.575,0,0.0,3,0,0.0,1.0
대전세종충남,2025-05-09,17.4625,0,0.0,4,0,0.0,0.0
대전세종충남,2025-05-10,15.549999999999999,0,0.0,5,0,0.0,0.0
대전세종충남,2025-05-11,19.9875,0,0.0,6,0,0.0,0.0
대전세종충남,2025-05-12,23.375,0,0.0,0,0,0.0,0.0
대전세종충남,2025-05-13,26.125,0,1.0,1,1,0.0,0.0
대전세종충남,2025-05-14,26.85,0,0.0,2,0,1.0,0.0
대전세종충남,2025-05-15,22.6375,0,0.0,3,0,0.0,1.0
대전세종충남,2025-05-16,23.8625,0,1.0,4,1,0.0,0.0
대전세종충남,2025-05-17,24.2625,0,1.0,5,1,1.0,0.0
대전세종충남,2025-05-18,21.9375,0,0.0,6,0,1.0,1.0
대전세종충남,2025-05-19,21.9,0,0.0,0,0,0.0,1.0
대전세종충남,2025-05-20,28.525,0,1.0,1,1,0.0,0.0
대전세종충남,2025-05-21,29.8375,1,1.0,2,1,1.0,0.0
대전세종충남,2025-05-22,24.2625,0,1.0,3,1,1.0,1.0
대전세종충남,2025-05-23,23.650000000000002,1,0.0,4,0,1.0,1.0
대전세종충남,2025-05-24,18.4125,0,0.0,5,0,0.0,1.0
대전세종충남,2025-05-25,23.2375,0,0.0,6,0,0.0,0.0
대전세종충남,2025-05-26,25.4375,0,1.0,0,1,0.0,0.0
대전세종충남,2025-05-27,25.5375,0,1.0,1,1,1.0,0.0
대전세종충남,2025-05-28,26.9375,0,1.0,2,1,1.0,1.0
대전세종충남,2025-05-29,27.25,0,1.0,3,1,1.0,1.0
대전세종충남,2025-05-30,26.9125,0,1.0,4,1,1.0,1.0
대전세종충남,2025-05-31,25.2125,0,0.0,5,0,1.0,1.0
대전세종충남,2025-06-01,28.5375,0,0.0,6,0,0.0,1.0
대전세종충남,2025-06-02,23.2375,0,0.0,0,0,0.0,0.0
대전세종충남,2025-06-03,25.45,0,0.0,1,0,0.0,0.0
대전세종충남,2025-06-04,26.5,0,1.0,2,1,0.0,0.0
대전세종충남,2025-06-05,26.7875,0,0.0,3,0,1.0,0.0
대전세종충남,2025-06-06,29.1375,0,0.0,4,0,0.0,1.0
대전세종충남,2025-06-07,29.3375,3,0.0,5,0,0.0,0.0
대전세종충남,2025-06-08,29.8125,2,0.0,6,0,0.0,0.0
대전세종충남,2025-06-09,30.1625,0,1.0,0,1,0.0,0.0
대전세종충남,2025-06-10,27.725,0,2.0,1,1,1.0,0.0
대전세종충남,2025-06-11,29.2625,0,2.0,2,1,1.0,1.0
대전세종충남,2025-06-12,30.987499999999997,1,1.0,3,1,1.0,1.0
대전세종충남,2025-06-13,25.125,0,1.0,4,1,1.0,1.0
대전세종충남,2025-06-14,29.2,0,2.0,5,1,1.0,1.0
대전세종충남,2025-06-15,30.9875,0,2.0,6,1,1.0,1.0
대전세종충남,2025-06-16,25.475,1,3.0,0,1,1.0,1.0
대전세종충남,2025-06-17,28.75,0,4.0,1,1,1.0,1.0
대전세종충남,2025-06-18,30.3125,1,7.0,2,1,1.0,1.0
대전세종충남,2025-06-19,31.875,3,2.0,3,1,1.0,1.0
대전세종충남,2025-06-20,26.5625,0,7.0,4,1,1.0,1.0
대전세종충남,2025-06-21,23.3625,0,4.0,5,1,1.0,1.0
대전세종충남,2025-06-22,27.8375,1,2.0,6,1,1.0,1.0
대전세종충남,2025-06-23,30.7625,0,4.0,0,1,1.0,1.0
대전세종충남,2025-06-24,26.6,0,2.0,1,1,1.0,1.0
대전세종충남,2025-06-25,22.35,0,1.0,2,1,1.0,1.0
대전세종충남,2025-06-26,26.6,0,2.0,3,1,1.0,1.0
대전세종충남,2025-06-27,29.95,3,0.0,4,0,1.0,1.0
대전세종충남,2025-06-28,30.6125,5,2.0,5,1,0.0,1.0
대전세종충남,2025-06-29,31.525,5,2.0,6,1,1.0,0.0
대전세종충남,2025-06-30,32.1375,4,0.0,0,0,1.0,1.0
대전세종충남,2025-07-01,32.3625,3,1.0,1,1,0.0,1.0
대전세종충남,2025-07-02,32.3375,5,1.0,2,1,1.0,0.0
대전세종충남,2025-07-03,31.625,3,0.0,3,0,1.0,1.0
대전세종충남,2025-07-04,30.4125,2,3.0,4,1,0.0,1.0
대전세종충남,2025-07-05,31.7375,4,0.0,5,0,1.0,0.0
대전세종충남,2025-07-06,31.875,2,3.0,6,1,0.0,1.0
대전세종충남,2025-07-07,34.0,10,1.0,0,1,1.0,0.0
대전세종충남,2025-07-08,36.1125,14,0.0,1,0,1.0,1.0
대전세종충남,2025-07-09,35.3875,11,2.0,2,1,0.0,1.0
대전세종충남,2025-07-10,34.7375,5,2.0,3,1,1.0,0.0
대전세종충남,2025-07-11,34.325,5,1.0,4,1,1.0,1.0
대전세종충남,2025-07-12,34.15,2,2.0,5,1,1.0,1.0
대전세종충남,2025-07-13,29.5875,0,3.0,6,1,1.0,1.0
대전세종충남,2025-07-14,29.8,1,2.0,0,1,1.0,1.0
대전세종충남,2025-07-15,26.15,0,0.0,1,0,1.0,1.0
대전세종충남,2025-07-16,24.3,0,7.0,2,1,0.0,1.0
대전세종충남,2025-07-17,25.0875,0,28.0,3,1,1.0,0.0
대전세종충남,2025-07-18,28.45,0,1.0,4,1,1.0,1.0
대전세종충남,2025-07-19,27.6625,2,2.0,5,1,1.0,1.0
대전세종충남,2025-07-20,32.475,6,3.0,6,1,1.0,1.0
대전세종충남,2025-07-21,32.3625,6,3.0,0,1,1.0,1.0
대전세종충남,2025-07-22,32.7125,18,2.0,1,1,1.0,1.0
대전세종충남,2025-07-23,33.45,3,1.0,2,1,1.0,1.0
대전세종충남,2025-07-24,34.5375,6,2.0,3,1,1.0,1.0
대전세종충남,2025-07-25,35.25,9,1.0,4,1,1.0,1.0
대전세종충남,2025-07-26,35.35,7,2.0,5,1,1.0,1.0
대전세종충남,2025-07-27,35.8,8,0.0,6,0,1.0,1.0
대전세종충남,2025-07-28,35.325,17,0.0,0,0,0.0,1.0
대전세종충남,2025-07-29,35.75,11,0.0,1,0,0.0,0.0
대전세종충남,2025-07-30,35.2,10,0.0,2,0,0.0,0.0
대전세종충남,2025-07-31,35.0,6,2.0,3,1,0.0,0.0
대전세종충남,2025-08-01,35.475,11,0.0,4,0,1.0,0.0
대전세종충남,2025-08-02,35.724999999999994,7,0.0,5,0,0.0,1.0
대전세종충남,2025-08-03,30.6875,6,1.0,6,1,0.0,0.0
대전세종충남,2025-08-04,31.7125,1,1.0,0,1,1.0,0.0
대전세종충남,2025-08-05,32.9,8,0.0,1,0,1.0,1.0
대전세종충남,2025-08-06,29.9875,2,2.0,2,1,0.0,1.0
대전세종충남,2025-08-07,31.1,3,2.0,3,1,1.0,0.0
대전세종충남,2025-08-08,29.6875,0,1.0,4,1,1.0,1.0
대전세종충남,2025-08-09,26.0875,0,1.0,5,1,1.0,1.0
대전세종충남,2025-08-10,31.625,1,2.0,6,1,1.0,1.0
대전세종충남,2025-08-11,27.175,0,0.0,0,0,1.0,1.0
대전세종충남,2025-08-12,29.4875,0,2.0,1,1,0.0,1.0
대전세종충남,2025-08-13,31.0125,1,8.0,2,1,1.0,0.0
대전세종충남,2025-08-14,30.6,2,2.0,3,1,1.0,1.0
대전세종충남,2025-08-15,32.575,3,3.0,4,1,1.0,1.0
대전세종충남,2025-08-16,32.4375,2,2.0,5,1,1.0,1.0
대전세종충남,2025-08-17,32.5125,3,1.0,6,1,1.0,1.0
대전세종충남,2025-08-18,32.6625,3,2.0,0,1,1.0,1.0
대전세종충남,2025-08-19,32.3625,5,0.0,1,0,1.0,1.0
대전세종충남,2025-08-20,33.05,0,2.0,2,1,0.0,1.0
대전세종충남,2025-08-21,34.1875,5,5.0,3,1,1.0,0.0
대전세종충남,2025-08-22,33.4875,6,2.0,4,1,1.0,1.0
대전세종충남,2025-08-23,33.575,6,0.0,5,0,1.0,1.0
대전세종충남,2025-08-24,34.225,4,4.0,6,1,0.0,1.0
대전세종충남,2025-08-25,33.625,4,5.0,0,1,1.0,0.0
대전세종충남,2025-08-26,29.725,1,13.0,1,1,1.0,1.0
대전세종충남,2025-08-27,31.6625,0,2.0,2,1,1.0,1.0
대전세종충남,2025-08-28,32.025000000000006,0,0.0,3,0,1.0,1.0
대전세종충남,2025-08-29,32.5875,3,0.0,4,0,0.0,1.0
대전세종충남,2025-08-30,33.3875,3,2.0,5,1,0.0,0.0
대전세종충남,2025-08-31,32.65,4,3.0,6,1,1.0,0.0
대전세종충남,2025-09-01,30.925,0,4.0,0,1,1.0,1.0
대전세종충남,2025-09-02,30.0125,0,2.0,1,1,1.0,1.0
대전세종충남,2025-09-03,32.575,2,1.0,2,1,1.0,1.0
대전세종충남,2025-09-04,30.7,2,1.0,3,1,1.0,1.0
대전세종충남,2025-09-05,32.6875,4,1.0,4,1,1.0,1.0
대전세종충남,2025-09-06,31.5625,3,10.0,5,1,1.0,1.0
대전세종충남,2025-09-07,28.6,0,12.0,6,1,1.0,1.0
대전세종충남,2025-09-08,25.5125,0,3.0,0,1,1.0,1.0
대전세종충남,2025-09-09,23.5875,0,0.0,1,0,1.0,1.0
대전세종충남,2025-09-10,29.5,0,2.0,2,1,0.0,1.0
대전세종충남,2025-09-11,30.125,0,0.0,3,0,1.0,0.0
대전세종충남,2025-09-12,25.675,0,0.0,4,0,0.0,1.0
대전세종충남,2025-09-13,28.0125,0,4.0,5,1,0.0,0.0
대전세종충남,2025-09-14,28.85,0,0.0,6,0,1.0,0.0
대전세종충남,2025-09-15,29.25,0,2.0,0,1,0.0,1.0
대전세종충남,2025-09-16,30.675,0,5.0,1,1,1.0,0.0
대전세종충남,2025-09-17,26.0625,0,5.0,2,1,1.0,1.0
대전세종충남,2025-09-18,26.725,0,2.0,3,1,1.0,1.0
대전세종충남,2025-09-19,22.75,0,2.0,4,1,1.0,1.0
대전세종충남,2025-09-20,24.3125,0,3.0,5,1,1.0,1.0
대전세종충남,2025-09-21,26.4625,0,1.0,6,1,1.0,1.0
대전세종충남,2025-09-22,24.5,0,0.0,0,0,1.0,1.0
대전세종충남,2025-09-23,27.1625,0,1.0,1,1,0.0,1.0
대전세종충남,2025-09-24,26.45,0,0.0,2,0,1.0,0.0
대전세종충남,2025-09-25,24.45,0,0.0,3,0,0.0,1.0
대전세종충남,2025-09-26,26.45,0,0.0,4,0,0.0,0.0
대전세종충남,2025-09-27,28.1125,0,0.0,5,0,0.0,0.0
대전세종충남,2025-09-28,22.0875,0,1.0,6,1,0.0,0.0
대전세종충남,2025-09-29,24.925,0,0.0,0,0,1.0,0.0
대전세종충남,2025-09-30,24.6625,0,0.0,1,0,0.0,1.0
부산울산,2020-05-01,25.766666666666666,0,2.0,4,1,0.0,0.0
부산울산,2020-05-02,24.833333333333332,0,1.0,5,1,1.0,0.0
부산울산,2020-05-03,18.8,0,2.0,6,1,1.0,1.0
부산울산,2020-05-04,27.166666666666668,0,1.0,0,1,1.0,1.0
부산울산,2020-05-05,19.566666666666666,0,1.0,1,1,1.0,1.0
부산울산,2020-05-06,23.53333333333333,0,0.0,2,0,1.0,1.0
부산울산,2020-05-07,21.099999999999998,0,0.0,3,0,0.0,1.0
부산울산,2020-05-08,22.400000000000002,0,1.0,4,1,0.0,0.0
부산울산,2020-05-09,19.166666666666668,0,2.0,5,1,1.0,0.0
부산울산,2020-05-10,23.833333333333332,0,0.0,6,0,1.0,1.0
부산울산,2020-05-11,27.96666666666667,0,0.0,0,0,0.0,1.0
부산울산,2020-05-12,23.866666666666664,0,0.0,1,0,0.0,0.0
부산울산,2020-05-13,24.833333333333332,0,0.0,2,0,0.0,0.0
부산울산,2020-05-14,26.233333333333334,0,1.0,3,1,0.0,0.0
부산울산,2020-05-15,18.599999999999998,0,0.0,4,0,1.0,0.0
부산울산,2020-05-16,25.933333333333334,0,1.0,5,1,0.0,1.0
부산울산,2020-05-17,22.8,0,0.0,6,0,1.0,0.0
부산울산,2020-05-18,20.099999999999998,0,1.0,0,1,0.0,1.0
부산울산,2020-05-19,19.400000000000002,0,0.0,1,0,1.0,0.0
부산울산,2020-05-20,20.53333333333333,0,1.0,2,1,0.0,1.0
부산울산,2020-05-21,18.900000000000002,0,0.0,3,0,1.0,0.0
부산울산,2020-05-22,20.366666666666664,0,3.0,4,1,0.0,1.0
부산울산,2020-05-23,22.933333333333334,0,0.0,5,0,1.0,0.0
부산울산,2020-05-24,25.46666666666667,0,1.0,6,1,0.0,1.0
부산울산,2020-05-25,25.233333333333334,0,2.0,0,1,1.0,0.0
부산울산,2020-05-26,24.2,0,0.0,1,0,1.0,1.0
부산울산,2020-05-27,25.933333333333334,0,0.0,2,0,0.0,1.0
부산울산,2020-05-28,26.53333333333333,0,0.0,3,0,0.0,0.0
부산울산,2020-05-29,25.566666666666666,0,0.0,4,0,0.0,0.0
부산울산,2020-05-30,25.03333333333333,0,0.0,5,0,0.0,0.0
부산울산,2020-05-31,24.8,0,2.0,6,1,0.0,0.0
부산울산,2020-06-01,28.633333333333336,0,0.0,0,0,1.0,0.0
부산울산,2020-06-02,26.933333333333334,0,0.0,1,0,0.0,1.0
부산울산,2020-06-03,27.599999999999998,0,0.0,2,0,0.0,0.0
부산울산,2020-06-04,29.166666666666668,0,2.0,3,1,0.0,0.0
부산울산,2020-06-05,28.933333333333334,2,1.0,4,1,1.0,0.0
부산울산,2020-06-06,26.233333333333334,0,2.0,5,1,1.0,1.0
부산울산,2020-06-07,27.433333333333334,1,1.0,6,1,1.0,1.0
부산울산,2020-06-08,29.7,1,1.0,0,1,1.0,1.0
부산울산,2020-06-09,30.433333333333334,0,0.0,1,0,1.0,1.0
부산울산,2020-06-10,30.3,0,0.0,2,0,0.0,1.0
부산울산,2020-06-11,28.46666666666667,1,1.0,3,1,0.0,0.0
부산울산,2020-06-12,28.3,0,0.0,4,0,1.0,0.0
부산울산,2020-06-13,26.666666666666668,0,3.0,5,1,0.0,1.0
부산울산,2020-06-14,28.133333333333336,0,2.0,6,1,1.0,0.0
부산울산,2020-06-15,30.733333333333334,0,3.0,0,1,1.0,1.0
부산울산,2020-06-16,29.53333333333333,0,1.0,1,1,1.0,1.0
부산울산,2020-06-17,27.066666666666666,0,1.0,2,1,1.0,1.0
부산울산,2020-06-18,20.8,0,2.0,3,1,1.0,1.0
부산울산,2020-06-19,26.96666666666667,0,0.0,4,0,1.0,1.0
부산울산,2020-06-20,26.03333333333333,2,2.0,5,1,0.0,1.0
부산울산,2020-06-21,26.03333333333333,0,2.0,6,1,1.0,0.0
부산울산,2020-06-22,28.733333333333334,1,0.0,0,0,1.0,1.0
부산울산,2020-06-23,30.03333333333333,0,0.0,1,0,0.0,1.0
부산울산,2020-06-24,26.53333333333333,0,3.0,2,1,0.0,0.0
부산울산,2020-06-25,25.266666666666666,0,0.0,3,0,1.0,0.0
부산울산,2020-06-26,30.233333333333334,0,2.0,4,1,0.0,1.0
부산울산,2020-06-27,30.133333333333336,0,1.0,5,1,1.0,0.0
부산울산,2020-06-28,31.366666666666664,0,0.0,6,0,1.0,1.0
부산울산,2020-06-29,25.833333333333332,0,5.0,0,1,0.0,1.0
부산울산,2020-06-30,26.2,0,6.0,1,1,1.0,0.0
부산울산,2020-07-01,25.833333333333332,0,0.0,2,0,1.0,1.0
부산울산,2020-07-02,26.833333333333332,0,1.0,3,1,0.0,1.0
부산울산,2020-07-03,22.166666666666668,0,1.0,4,1,1.0,0.0
부산울산,2020-07-04,24.233333333333334,0,3.0,5,1,1.0,1.0
부산울산,2020-07-05,26.96666666666667,0,1.0,6,1,1.0,1.0
부산울산,2020-07-06,26.46666666666667,0,2.0,0,1,1.0,1.0
부산울산,2020-07-07,28.366666666666664,0,1.0,1,1,1.0,1.0
부산울산,2020-07-08,29.3,2,1.0,2,1,1.0,1.0
부산울산,2020-07-09,26.8,0,2.0,3,1,1.0,1.0
부산울산,2020-07-10,26.266666666666666,0,1.0,4,1,1.0,1.0
부산울산,2020-07-11,26.933333333333334,0,2.0,5,1,1.0,1.0
부산울산,2020-07-12,21.5,0,2.0,6,1,1.0,1.0
부산울산,2020-07-13,20.333333333333332,0,2.0,0,1,1.0,1.0
부산울산,2020-07-14,21.333333333333332,0,0.0,1,0,1.0,1.0
부산울산,2020-07-15,21.633333333333336,0,0.0,2,0,0.0,1.0
부산울산,2020-07-16,25.866666666666664,1,2.0,3,1,0.0,0.0
부산울산,2020-07-17,26.46666666666667,0,3.0,4,1,1.0,0.0
부산울산,2020-07-18,25.53333333333333,0,1.0,5,1,1.0,1.0
부산울산,2020-07-19,25.900000000000002,0,0.0,6,0,1.0,1.0
부산울산,2020-07-20,28.633333333333336,1,0.0,0,0,0.0,1.0
부산울산,2020-07-21,30.666666666666668,3,2.0,1,1,0.0,0.0
부산울산,2020-07-22,25.066666666666663,0,0.0,2,0,1.0,0.0
부산울산,2020-07-23,23.0,0,7.0,3,1,0.0,1.0
부산울산,2020-07-24,25.099999999999998,0,1.0,4,1,1.0,0.0
부산울산,2020-07-25,25.2,0,1.0,5,1,1.0,1.0
부산울산,2020-07-26,28.433333333333334,0,1.0,6,1,1.0,1.0
부산울산,2020-07-27,25.566666666666666,0,0.0,0,0,1.0,1.0
부산울산,2020-07-28,23.53333333333333,0,2.0,1,1,0.0,1.0
부산울산,2020-07-29,26.133333333333336,0,1.0,2,1,1.0,0.0
부산울산,2020-07-30,28.066666666666666,0,1.0,3,1,1.0,1.0
부산울산,2020-07-31,31.76666666666667,2,1.0,4,1,1.0,1.0
부산울산,2020-08-01,31.96666666666667,2,2.0,5,1,1.0,1.0
부산울산,2020-08-02,31.53333333333333,1,0.0,6,0,1.0,1.0
부산울산,2020-08-03,30.7,2,1.0,0,1,0.0,1.0
부산울산,2020-08-04,30.966666666666665,1,0.0,1,0,1.0,0.0
부산울산,2020-08-05,30.8,2,1.0,2,1,0.0,1.0
부산울산,2020-08-06,28.599999999999998,0,5.0,3,1,1.0,0.0
부산울산,2020-08-07,28.433333333333334,1,1.0,4,1,1.0,1.0
부산울산,2020-08-08,26.566666666666666,1,0.0,5,0,1.0,1.0
부산울산,2020-08-09,30.3,1,2.0,6,1,0.0,1.0
부산울산,2020-08-10,29.8,1,4.0,0,1,1.0,0.0
부산울산,2020-08-11,31.366666666666664,1,1.0,1,1,1.0,1.0
부산울산,2020-08-12,29.866666666666664,0,3.0,2,1,1.0,1.0
부산울산,2020-08-13,32.93333333333333,6,1.0,3,1,1.0,1.0
부산울산,2020-08-14,32.333333333333336,3,0.0,4,0,1.0,1.0
부산울산,2020-08-15,33.800000000000004,5,3.0,5,1,0.0,1.0
부산울산,2020-08-16,33.7,2,1.0,6,1,1.0,0.0
부산울산,2020-08-17,34.63333333333333,1,1.0,0,1,1.0,1.0
부산울산,2020-08-18,33.9,7,0.0,1,0,1.0,1.0
부산울산,2020-08-19,34.9,4,2.0,2,1,0.0,1.0
부산울산,2020-08-20,35.06666666666667,0,0.0,3,0,1.0,0.0
부산울산,2020-08-21,31.733333333333334,4,1.0,4,1,0.0,1.0
부산울산,2020-08-22,30.833333333333332,0,0.0,5,0,1.0,0.0
부산울산,2020-08-23,31.400000000000002,0,1.0,6,1,0.0,1.0
부산울산,2020-08-24,32.766666666666666,1,3.0,0,1,1.0,0.0
부산울산,2020-08-25,34.06666666666667,6,0.0,1,0,1.0,1.0
부산울산,2020-08-26,31.96666666666667,0,1.0,2,1,0.0,1.0
부산울산,2020-08-27,29.366666666666664,0,0.0,3,0,1.0,0.0
부산울산,2020-08-28,31.2,1,0.0,4,0,0.0,1.0
부산울산,2020-08-29,32.4,1,0.0,5,0,0.0,0.0
부산울산,2020-08-30,33.666666666666664,4,0.0,6,0,0.0,0.0
부산울산,2020-08-31,28.366666666666664,0,0.0,0,0,0.0,0.0
부산울산,2020-09-01,29.133333333333336,1,1.0,1,1,0.0,0.0
부산울산,2020-09-02,29.53333333333333,0,0.0,2,0,1.0,0.0
부산울산,2020-09-03,30.166666666666668,0,8.0,3,1,0.0,1.0
부산울산,2020-09-04,29.2,0,6.0,4,1,1.0,0.0
부산울산,2020-09-05,21.933333333333334,0,10.0,5,1,1.0,1.0
부산울산,2020-09-06,21.5,0,1.0,6,1,1.0,1.0
부산울산,2020-09-07,24.8,0,5.0,0,1,1.0,1.0
부산울산,2020-09-08,28.2,0,0.0,1,0,1.0,1.0
부산울산,2020-09-09,28.266666666666666,0,1.0,2,1,0.0,1.0
부산울산,2020-09-10,28.099999999999998,2,0.0,3,0,1.0,0.0
부산울산,2020-09-11,27.066666666666666,0,2.0,4,1,0.0,1.0
부산울산,2020-09-12,24.633333333333336,0,0.0,5,0,1.0,0.0
부산울산,2020-09-13,24.166666666666668,0,2.0,6,1,0.0,1.0
부산울산,2020-09-14,27.233333333333334,0,2.0,0,1,1.0,0.0
부산울산,2020-09-15,27.8,0,0.0,1,0,1.0,1.0
부산울산,2020-09-16,23.8,0,0.0,2,0,0.0,1.0
부산울산,2020-09-17,23.666666666666668,0,2.0,3,1,0.0,0.0
부산울산,2020-09-18,23.46666666666667,0,2.0,4,1,1.0,0.0
부산울산,2020-09-19,26.866666666666664,0,1.0,5,1,1.0,1.0
부산울산,2020-09-20,26.766666666666666,0,1.0,6,1,1.0,1.0
부산울산,2020-09-21,24.766666666666666,0,1.0,0,1,1.0,1.0
부산울산,2020-09-22,22.933333333333334,0,0.0,1,0,1.0,1.0
부산울산,2020-09-23,23.066666666666666,0,1.0,2,1,0.0,1.0
부산울산,2020-09-24,24.96666666666667,0,1.0,3,1,1.0,0.0
부산울산,2020-09-25,24.53333333333333,0,1.0,4,1,1.0,1.0
부산울산,2020-09-26,25.066666666666666,0,1.0,5,1,1.0,1.0
부산울산,2020-09-27,24.366666666666664,0,0.0,6,0,1.0,1.0
부산울산,2020-09-28,23.866666666666664,0,0.0,0,0,0.0,1.0
부산울산,2020-09-29,25.5,0,0.0,1,0,0.0,0.0
부산울산,2020-09-30,25.400000000000002,0,0.0,2,0,0.0,0.0
부산울산,2021-05-01,16.533333333333335,0,1.0,5,1,0.0,0.0
부산울산,2021-05-02,18.133333333333333,0,0.0,6,0,1.0,0.0
부산울산,2021-05-03,21.46666666666667,0,0.0,0,0,0.0,1.0
부산울산,2021-05-04,19.5,0,0.0,1,0,0.0,0.0
부산울산,2021-05-05,24.099999999999998,0,2.0,2,1,0.0,0.0
부산울산,2021-05-06,22.233333333333334,0,0.0,3,0,1.0,0.0
부산울산,2021-05-07,22.5,0,0.0,4,0,0.0,1.0
부산울산,2021-05-08,22.7,0,1.0,5,1,0.0,0.0
부산울산,2021-05-09,24.3,0,0.0,6,0,1.0,0.0
부산울산,2021-05-10,20.5,0,0.0,0,0,0.0,1.0
부산울산,2021-05-11,19.099999999999998,0,1.0,1,1,0.0,0.0
부산울산,2021-05-12,23.266666666666666,0,0.0,2,0,1.0,0.0
부산울산,2021-05-13,26.633333333333336,0,0.0,3,0,0.0,1.0
부산울산,2021-05-14,25.933333333333334,0,0.0,4,0,0.0,0.0
부산울산,2021-05-15,21.0,0,0.0,5,0,0.0,0.0
부산울산,2021-05-16,22.46666666666667,0,2.0,6,1,0.0,0.0
부산울산,2021-05-17,16.766666666666666,0,0.0,0,0,1.0,0.0
부산울산,2021-05-18,18.833333333333332,0,0.0,1,0,0.0,1.0
부산울산,2021-05-19,26.133333333333336,0,1.0,2,1,0.0,0.0
부산울산,2021-05-20,17.933333333333334,0,0.0,3,0,1.0,0.0
부산울산,2021-05-21,22.833333333333332,1,0.0,4,0,0.0,1.0
부산울산,2021-05-22,25.53333333333333,0,0.0,5,0,0.0,0.0
부산울산,2021-05-23,29.2,0,1.0,6,1,0.0,0.0
부산울산,2021-05-24,23.366666666666664,0,0.0,0,0,1.0,0.0
부산울산,2021-05-25,25.233333333333334,0,1.0,1,1,0.0,1.0
부산울산,2021-05-26,23.03333333333333,0,1.0,2,1,1.0,0.0
부산울산,2021-05-27,22.866666666666664,0,0.0,3,0,1.0,1.0
부산울산,2021-05-28,23.766666666666666,0,1.0,4,1,0.0,1.0
부산울산,2021-05-29,24.96666666666667,0,2.0,5,1,1.0,0.0
부산울산,2021-05-30,25.03333333333333,0,2.0,6,1,1.0,1.0
부산울산,2021-05-31,26.066666666666666,0,1.0,0,1,1.0,1.0
부산울산,2021-06-01,27.066666666666666,0,2.0,1,1,1.0,1.0
부산울산,2021-06-02,26.933333333333334,0,1.0,2,1,1.0,1.0
부산울산,2021-06-03,20.266666666666666,0,0.0,3,0,1.0,1.0
부산울산,2021-06-04,26.233333333333334,0,1.0,4,1,0.0,1.0
부산울산,2021-06-05,26.3,0,1.0,5,1,1.0,0.0
부산울산,2021-06-06,27.066666666666666,0,2.0,6,1,1.0,1.0
부산울산,2021-06-07,28.733333333333334,0,0.0,0,0,1.0,1.0
부산울산,2021-06-08,28.866666666666664,0,2.0,1,1,0.0,1.0
부산울산,2021-06-09,29.53333333333333,0,3.0,2,1,1.0,0.0
부산울산,2021-06-10,27.7,0,1.0,3,1,1.0,1.0
부산울산,2021-06-11,23.233333333333334,0,2.0,4,1,1.0,1.0
부산울산,2021-06-12,23.03333333333333,0,2.0,5,1,1.0,1.0
부산울산,2021-06-13,28.066666666666666,0,1.0,6,1,1.0,1.0
부산울산,2021-06-14,26.3,0,4.0,0,1,1.0,1.0
부산울산,2021-06-15,23.233333333333334,0,0.0,1,0,1.0,1.0
부산울산,2021-06-16,22.133333333333336,0,1.0,2,1,0.0,1.0
부산울산,2021-06-17,22.96666666666667,0,1.0,3,1,1.0,0.0
부산울산,2021-06-18,24.366666666666664,0,1.0,4,1,1.0,1.0
부산울산,2021-06-19,28.166666666666668,1,2.0,5,1,1.0,1.0
부산울산,2021-06-20,28.266666666666666,0,3.0,6,1,1.0,1.0
부산울산,2021-06-21,31.0,0,1.0,0,1,1.0,1.0
부산울산,2021-06-22,25.433333333333334,0,1.0,1,1,1.0,1.0
부산울산,2021-06-23,24.53333333333333,0,1.0,2,1,1.0,1.0
부산울산,2021-06-24,26.133333333333336,0,2.0,3,1,1.0,1.0
부산울산,2021-06-25,27.333333333333332,0,1.0,4,1,1.0,1.0
부산울산,2021-06-26,27.933333333333334,0,0.0,5,0,1.0,1.0
부산울산,2021-06-27,28.333333333333332,0,2.0,6,1,0.0,1.0
부산울산,2021-06-28,28.266666666666666,0,4.0,0,1,1.0,0.0
부산울산,2021-06-29,28.46666666666667,0,0.0,1,0,1.0,1.0
부산울산,2021-06-30,28.599999999999998,0,2.0,2,1,0.0,1.0
부산울산,2021-07-01,30.100000000000005,0,0.0,3,0,1.0,0.0
부산울산,2021-07-02,27.399999999999995,0,2.0,4,1,0.0,1.0
부산울산,2021-07-03,24.866666666666664,0,4.0,5,1,1.0,0.0
부산울산,2021-07-04,29.366666666666664,0,4.0,6,1,1.0,1.0
부산울산,2021-07-05,25.5,0,0.0,0,0,1.0,1.0
부산울산,2021-07-06,24.900000000000002,0,3.0,1,1,0.0,1.0
부산울산,2021-07-07,26.833333333333332,0,3.0,2,1,1.0,0.0
부산울산,2021-07-08,28.400000000000002,0,1.0,3,1,1.0,1.0
부산울산,2021-07-09,27.400000000000002,0,2.0,4,1,1.0,1.0
부산울산,2021-07-10,29.566666666666666,0,1.0,5,1,1.0,1.0
부산울산,2021-07-11,31.166666666666668,2,0.0,6,0,1.0,1.0
부산울산,2021-07-12,32.1,4,2.0,0,1,0.0,1.0
부산울산,2021-07-13,31.333333333333332,5,1.0,1,1,1.0,0.0
부산울산,2021-07-14,31.833333333333332,4,0.0,2,0,1.0,1.0
부산울산,2021-07-15,31.600000000000005,2,2.0,3,1,0.0,1.0
부산울산,2021-07-16,30.866666666666664,1,0.0,4,0,1.0,0.0
부산울산,2021-07-17,28.733333333333334,1,2.0,5,1,0.0,1.0
부산울산,2021-07-18,30.333333333333332,0,1.0,6,1,1.0,0.0
부산울산,2021-07-19,30.566666666666666,0,0.0,0,0,1.0,1.0
부산울산,2021-07-20,32.86666666666667,4,1.0,1,1,0.0,1.0
부산울산,2021-07-21,31.53333333333333,0,2.0,2,1,1.0,0.0
부산울산,2021-07-22,31.7,0,5.0,3,1,1.0,1.0
부산울산,2021-07-23,32.03333333333333,2,2.0,4,1,1.0,1.0
부산울산,2021-07-24,32.0,2,1.0,5,1,1.0,1.0
부산울산,2021-07-25,31.7,1,3.0,6,1,1.0,1.0
부산울산,2021-07-26,32.06666666666667,2,2.0,0,1,1.0,1.0
부산울산,2021-07-27,32.53333333333333,0,1.0,1,1,1.0,1.0
부산울산,2021-07-28,32.53333333333333,2,3.0,2,1,1.0,1.0
부산울산,2021-07-29,32.63333333333333,1,2.0,3,1,1.0,1.0
부산울산,2021-07-30,33.300000000000004,3,0.0,4,0,1.0,1.0
부산울산,2021-07-31,32.5,2,1.0,5,1,0.0,1.0
부산울산,2021-08-01,33.53333333333333,6,0.0,6,0,1.0,0.0
부산울산,2021-08-02,32.9,4,2.0,0,1,0.0,1.0
부산울산,2021-08-03,32.5,2,0.0,1,0,1.0,0.0
부산울산,2021-08-04,34.13333333333333,3,3.0,2,1,0.0,1.0
부산울산,2021-08-05,34.53333333333333,3,2.0,3,1,1.0,0.0
부산울산,2021-08-06,35.63333333333333,6,0.0,4,0,1.0,1.0
부산울산,2021-08-07,34.46666666666667,5,1.0,5,1,0.0,1.0
부산울산,2021-08-08,28.900000000000002,0,2.0,6,1,1.0,0.0
부산울산,2021-08-09,31.933333333333337,1,1.0,0,1,1.0,1.0
부산울산,2021-08-10,29.5,2,1.0,1,1,1.0,1.0
부산울산,2021-08-11,30.433333333333334,0,2.0,2,1,1.0,1.0
부산울산,2021-08-12,30.63333333333333,1,4.0,3,1,1.0,1.0
부산울산,2021-08-13,27.666666666666668,0,2.0,4,1,1.0,1.0
부산울산,2021-08-14,26.400000000000002,0,0.0,5,0,1.0,1.0
부산울산,2021-08-15,28.0,0,0.0,6,0,0.0,1.0
부산울산,2021-08-16,28.333333333333332,0,2.0,0,1,0.0,0.0
부산울산,2021-08-17,25.833333333333332,0,2.0,1,1,1.0,0.0
부산울산,2021-08-18,25.899999999999995,0,1.0,2,1,1.0,1.0
부산울산,2021-08-19,28.433333333333334,0,1.0,3,1,1.0,1.0
부산울산,2021-08-20,29.5,0,2.0,4,1,1.0,1.0
부산울산,2021-08-21,25.599999999999998,0,5.0,5,1,1.0,1.0
부산울산,2021-08-22,30.53333333333333,0,0.0,6,0,1.0,1.0
부산울산,2021-08-23,27.0,0,1.0,0,1,0.0,1.0
부산울산,2021-08-24,27.833333333333332,0,15.0,1,1,1.0,0.0
부산울산,2021-08-25,26.566666666666666,0,0.0,2,0,1.0,1.0
부산울산,2021-08-26,32.13333333333333,2,0.0,3,0,0.0,1.0
부산울산,2021-08-27,30.933333333333334,2,0.0,4,0,0.0,0.0
부산울산,2021-08-28,31.400000000000002,0,2.0,5,1,0.0,0.0
부산울산,2021-08-29,29.900000000000002,0,1.0,6,1,1.0,0.0
부산울산,2021-08-30,30.96666666666667,0,0.0,0,0,1.0,1.0
부산울산,2021-08-31,29.5,0,0.0,1,0,0.0,1.0
부산울산,2021-09-01,28.96666666666667,0,4.0,2,1,0.0,0.0
부산울산,2021-09-02,24.599999999999998,0,2.0,3,1,1.0,0.0
부산울산,2021-09-03,24.433333333333334,0,1.0,4,1,1.0,1.0
부산울산,2021-09-04,26.566666666666666,0,1.0,5,1,1.0,1.0
부산울산,2021-09-05,26.233333333333334,0,0.0,6,0,1.0,1.0
부산울산,2021-09-06,25.666666666666668,0,0.0,0,0,0.0,1.0
부산울산,2021-09-07,27.866666666666664,0,1.0,1,1,0.0,0.0
부산울산,2021-09-08,28.433333333333337,0,1.0,2,1,1.0,0.0
부산울산,2021-09-09,28.5,0,1.0,3,1,1.0,1.0
부산울산,2021-09-10,25.53333333333333,0,1.0,4,1,1.0,1.0
부산울산,2021-09-11,29.599999999999998,0,0.0,5,0,1.0,1.0
부산울산,2021-09-12,29.53333333333333,0,0.0,6,0,0.0,1.0
부산울산,2021-09-13,25.900000000000002,0,1.0,0,1,0.0,0.0
부산울산,2021-09-14,23.03333333333333,0,1.0,1,1,1.0,0.0
부산울산,2021-09-15,26.266666666666666,0,0.0,2,0,1.0,1.0
부산울산,2021-09-16,25.400000000000002,0,0.0,3,0,0.0,1.0
부산울산,2021-09-17,22.46666666666667,0,2.0,4,1,0.0,0.0
부산울산,2021-09-18,27.133333333333336,0,1.0,5,1,1.0,0.0
부산울산,2021-09-19,27.433333333333334,0,0.0,6,0,1.0,1.0
부산울산,2021-09-20,26.766666666666666,0,1.0,0,1,0.0,1.0
부산울산,2021-09-21,25.733333333333334,0,1.0,1,1,1.0,0.0
부산울산,2021-09-22,28.03333333333333,0,1.0,2,1,1.0,1.0
부산울산,2021-09-23,27.333333333333332,0,0.0,3,0,1.0,1.0
부산울산,2021-09-24,26.2,0,0.0,4,0,0.0,1.0
부산울산,2021-09-25,25.3,0,1.0,5,1,0.0,0.0
부산울산,2021-09-26,25.099999999999998,0,1.0,6,1,1.0,0.0
부산울산,2021-09-27,25.099999999999998,0,1.0,0,1,1.0,1.0
부산울산,2021-09-28,26.03333333333333,0,0.0,1,0,1.0,1.0
부산울산,2021-09-29,28.133333333333336,0,1.0,2,1,0.0,1.0
부산울산,2021-09-30,26.099999999999998,0,0.0,3,0,1.0,0.0
부산울산,2022-05-01,19.766666666666666,0,0.0,6,0,0.0,1.0
부산울산,2022-05-02,20.133333333333333,0,1.0,0,1,0.0,0.0
부산울산,2022-05-03,20.166666666666668,0,0.0,1,0,1.0,0.0
부산울산,2022-05-04,22.566666666666666,0,0.0,2,0,0.0,1.0
부산울산,2022-05-05,23.599999999999998,0,0.0,3,0,0.0,0.0
부산울산,2022-05-06,24.833333333333332,0,0.0,4,0,0.0,0.0
부산울산,2022-05-07,26.366666666666664,0,1.0,5,1,0.0,0.0
부산울산,2022-05-08,19.366666666666667,0,0.0,6,0,1.0,0.0
부산울산,2022-05-09,20.766666666666666,0,0.0,0,0,0.0,1.0
부산울산,2022-05-10,21.0,0,2.0,1,1,0.0,0.0
부산울산,2022-05-11,24.900000000000002,0,1.0,2,1,1.0,0.0
부산울산,2022-05-12,23.766666666666666,0,1.0,3,1,1.0,1.0
부산울산,2022-05-13,20.099999999999998,0,0.0,4,0,1.0,1.0
부산울산,2022-05-14,24.866666666666664,0,1.0,5,1,0.0,1.0
부산울산,2022-05-15,20.7,0,0.0,6,0,1.0,0.0
부산울산,2022-05-16,23.833333333333332,0,0.0,0,0,0.0,1.0
부산울산,2022-05-17,25.7,0,0.0,1,0,0.0,0.0
부산울산,2022-05-18,27.3,0,1.0,2,1,0.0,0.0
부산울산,2022-05-19,26.7,0,1.0,3,1,1.0,0.0
부산울산,2022-05-20,25.766666666666666,0,1.0,4,1,1.0,1.0
부산울산,2022-05-21,27.633333333333336,1,1.0,5,1,1.0,1.0
부산울산,2022-05-22,30.400000000000002,0,1.0,6,1,1.0,1.0
부산울산,2022-05-23,26.8,0,0.0,0,0,1.0,1.0
부산울산,2022-05-24,30.0,2,1.0,1,1,0.0,1.0
부산울산,2022-05-25,28.133333333333336,0,0.0,2,0,1.0,0.0
부산울산,2022-05-26,26.96666666666667,0,0.0,3,0,0.0,1.0
부산울산,2022-05-27,29.633333333333336,0,1.0,4,1,0.0,0.0
부산울산,2022-05-28,30.3,0,1.0,5,1,1.0,0.0
부산울산,2022-05-29,29.066666666666666,1,0.0,6,0,1.0,1.0
부산울산,2022-05-30,26.8,0,1.0,0,1,0.0,1.0
부산울산,2022-05-31,29.066666666666666,0,3.0,1,1,1.0,0.0
부산울산,2022-06-01,29.166666666666668,0,0.0,2,0,1.0,1.0
부산울산,2022-06-02,27.433333333333334,0,1.0,3,1,0.0,1.0
부산울산,2022-06-03,28.366666666666664,0,1.0,4,1,1.0,0.0
부산울산,2022-06-04,26.066666666666666,0,1.0,5,1,1.0,1.0
부산울산,2022-06-05,19.433333333333334,0,1.0,6,1,1.0,1.0
부산울산,2022-06-06,23.900000000000002,0,0.0,0,0,1.0,1.0
부산울산,2022-06-07,20.8,0,2.0,1,1,0.0,1.0
부산울산,2022-06-08,21.033333333333335,0,2.0,2,1,1.0,0.0
부산울산,2022-06-09,24.8,0,2.0,3,1,1.0,1.0
부산울산,2022-06-10,26.133333333333336,0,1.0,4,1,1.0,1.0
부산울산,2022-06-11,26.23333333333333,0,3.0,5,1,1.0,1.0
부산울산,2022-06-12,25.133333333333336,0,2.0,6,1,1.0,1.0
부산울산,2022-06-13,22.46666666666667,0,0.0,0,0,1.0,1.0
부산울산,2022-06-14,18.633333333333333,0,0.0,1,0,0.0,1.0
부산울산,2022-06-15,24.933333333333334,0,0.0,2,0,0.0,0.0
부산울산,2022-06-16,28.46666666666667,0,0.0,3,0,0.0,0.0
부산울산,2022-06-17,27.766666666666666,0,2.0,4,1,0.0,0.0
부산울산,2022-06-18,29.3,1,2.0,5,1,1.0,0.0
부산울산,2022-06-19,29.233333333333334,0,2.0,6,1,1.0,1.0
부산울산,2022-06-20,30.0,0,1.0,0,1,1.0,1.0
부산울산,2022-06-21,29.633333333333336,0,0.0,1,0,1.0,1.0
부산울산,2022-06-22,30.76666666666667,1,1.0,2,1,0.0,1.0
부산울산,2022-06-23,26.8,0,1.0,3,1,1.0,0.0
부산울산,2022-06-24,27.600000000000005,0,3.0,4,1,1.0,1.0
부산울산,2022-06-25,29.166666666666668,1,3.0,5,1,1.0,1.0
부산울산,2022-06-26,27.833333333333332,0,2.0,6,1,1.0,1.0
부산울산,2022-06-27,26.233333333333334,0,1.0,0,1,1.0,1.0
부산울산,2022-06-28,27.2,0,4.0,1,1,1.0,1.0
부산울산,2022-06-29,27.400000000000002,0,0.0,2,0,1.0,1.0
부산울산,2022-06-30,30.366666666666664,1,3.0,3,1,0.0,1.0
부산울산,2022-07-01,31.833333333333332,13,4.0,4,1,1.0,0.0
부산울산,2022-07-02,33.766666666666666,1,8.0,5,1,1.0,1.0
부산울산,2022-07-03,32.666666666666664,3,1.0,6,1,1.0,1.0
부산울산,2022-07-04,31.733333333333334,1,1.0,0,1,1.0,1.0
부산울산,2022-07-05,31.5,1,3.0,1,1,1.0,1.0
부산울산,2022-07-06,31.2,1,2.0,2,1,1.0,1.0
부산울산,2022-07-07,31.900000000000002,0,2.0,3,1,1.0,1.0
부산울산,2022-07-08,31.066666666666666,2,1.0,4,1,1.0,1.0
부산울산,2022-07-09,32.56666666666667,1,1.0,5,1,1.0,1.0
부산울산,2022-07-10,30.566666666666666,0,3.0,6,1,1.0,1.0
부산울산,2022-07-11,27.066666666666666,0,4.0,0,1,1.0,1.0
부산울산,2022-07-12,28.133333333333336,0,0.0,1,0,1.0,1.0
부산울산,2022-07-13,27.0,0,0.0,2,0,0.0,1.0
부산울산,2022-07-14,33.666666666666664,2,0.0,3,0,0.0,0.0
부산울산,2022-07-15,32.13333333333333,5,1.0,4,1,0.0,0.0
부산울산,2022-07-16,31.866666666666664,0,0.0,5,0,1.0,0.0
부산울산,2022-07-17,31.366666666666664,1,1.0,6,1,0.0,1.0
부산울산,2022-07-18,26.433333333333334,0,7.0,0,1,1.0,0.0
부산울산,2022-07-19,30.03333333333333,1,1.0,1,1,1.0,1.0
부산울산,2022-07-20,32.166666666666664,1,1.0,2,1,1.0,1.0
부산울산,2022-07-21,31.566666666666666,0,1.0,3,1,1.0,1.0
부산울산,2022-07-22,29.46666666666667,1,2.0,4,1,1.0,1.0
부산울산,2022-07-23,28.03333333333333,0,1.0,5,1,1.0,1.0
부산울산,2022-07-24,30.400000000000002,0,1.0,6,1,1.0,1.0
부산울산,2022-07-25,29.866666666666664,0,4.0,0,1,1.0,1.0
부산울산,2022-07-26,30.766666666666666,3,4.0,1,1,1.0,1.0
부산울산,2022-07-27,29.933333333333334,0,1.0,2,1,1.0,1.0
부산울산,2022-07-28,30.2,0,0.0,3,0,1.0,1.0
부산울산,2022-07-29,32.56666666666666,3,1.0,4,1,0.0,1.0
부산울산,2022-07-30,30.900000000000002,0,4.0,5,1,1.0,0.0
부산울산,2022-07-31,28.833333333333332,0,2.0,6,1,1.0,1.0
부산울산,2022-08-01,31.7,0,1.0,0,1,1.0,1.0
부산울산,2022-08-02,30.2,0,2.0,1,1,1.0,1.0
부산울산,2022-08-03,32.43333333333333,1,1.0,2,1,1.0,1.0
부산울산,2022-08-04,33.7,7,3.0,3,1,1.0,1.0
부산울산,2022-08-05,34.13333333333333,5,1.0,4,1,1.0,1.0
부산울산,2022-08-06,34.13333333333333,1,1.0,5,1,1.0,1.0
부산울산,2022-08-07,34.1,5,1.0,6,1,1.0,1.0
부산울산,2022-08-08,32.333333333333336,1,0.0,0,0,1.0,1.0
부산울산,2022-08-09,32.06666666666667,1,0.0,1,0,0.0,1.0
부산울산,2022-08-10,31.066666666666663,0,2.0,2,1,0.0,0.0
부산울산,2022-08-11,29.433333333333334,1,1.0,3,1,1.0,0.0
부산울산,2022-08-12,33.73333333333333,0,2.0,4,1,1.0,1.0
부산울산,2022-08-13,32.53333333333333,2,0.0,5,0,1.0,1.0
부산울산,2022-08-14,33.86666666666667,2,0.0,6,0,0.0,1.0
부산울산,2022-08-15,33.56666666666666,2,0.0,0,0,0.0,0.0
부산울산,2022-08-16,29.333333333333332,0,3.0,1,1,0.0,0.0
부산울산,2022-08-17,25.933333333333334,0,5.0,2,1,1.0,0.0
부산울산,2022-08-18,29.933333333333334,0,4.0,3,1,1.0,1.0
부산울산,2022-08-19,31.733333333333334,0,1.0,4,1,1.0,1.0
부산울산,2022-08-20,29.0,1,2.0,5,1,1.0,1.0
부산울산,2022-08-21,30.733333333333334,0,1.0,6,1,1.0,1.0
부산울산,2022-08-22,30.96666666666667,2,2.0,0,1,1.0,1.0
부산울산,2022-08-23,31.73333333333333,0,1.0,1,1,1.0,1.0
부산울산,2022-08-24,23.933333333333334,0,3.0,2,1,1.0,1.0
부산울산,2022-08-25,29.866666666666664,0,2.0,3,1,1.0,1.0
부산울산,2022-08-26,29.599999999999998,0,1.0,4,1,1.0,1.0
부산울산,2022-08-27,29.5,0,0.0,5,0,1.0,1.0
부산울산,2022-08-28,27.266666666666666,0,0.0,6,0,0.0,1.0
부산울산,2022-08-29,28.8,0,3.0,0,1,0.0,0.0
부산울산,2022-08-30,26.366666666666664,0,1.0,1,1,1.0,0.0
부산울산,2022-08-31,23.333333333333332,0,0.0,2,0,1.0,1.0
부산울산,2022-09-01,23.933333333333334,0,0.0,3,0,0.0,1.0
부산울산,2022-09-02,23.099999999999998,0,4.0,4,1,0.0,0.0
부산울산,2022-09-03,24.5,0,1.0,5,1,1.0,0.0
부산울산,2022-09-04,30.2,0,1.0,6,1,1.0,1.0
부산울산,2022-09-05,28.53333333333333,0,2.0,0,1,1.0,1.0
부산울산,2022-09-06,28.566666666666666,0,53.0,1,1,1.0,1.0
부산울산,2022-09-07,29.566666666666666,0,2.0,2,1,1.0,1.0
부산울산,2022-09-08,27.866666666666664,0,2.0,3,1,1.0,1.0
부산울산,2022-09-09,27.866666666666664,0,0.0,4,0,1.0,1.0
부산울산,2022-09-10,26.099999999999998,0,0.0,5,0,0.0,1.0
부산울산,2022-09-11,28.266666666666666,0,1.0,6,1,0.0,0.0
부산울산,2022-09-12,27.366666666666664,0,2.0,0,1,1.0,0.0
부산울산,2022-09-13,28.2,0,1.0,1,1,1.0,1.0
부산울산,2022-09-14,28.266666666666666,0,0.0,2,0,1.0,1.0
부산울산,2022-09-15,27.03333333333333,0,2.0,3,1,0.0,1.0
부산울산,2022-09-16,28.933333333333334,0,1.0,4,1,1.0,0.0
부산울산,2022-09-17,30.433333333333334,0,1.0,5,1,1.0,1.0
부산울산,2022-09-18,30.133333333333336,0,2.0,6,1,1.0,1.0
부산울산,2022-09-19,27.900000000000002,0,5.0,0,1,1.0,1.0
부산울산,2022-09-20,23.266666666666666,0,0.0,1,0,1.0,1.0
부산울산,2022-09-21,22.733333333333334,0,1.0,2,1,0.0,1.0
부산울산,2022-09-22,25.3,0,0.0,3,0,1.0,0.0
부산울산,2022-09-23,27.900000000000002,0,0.0,4,0,0.0,1.0
부산울산,2022-09-24,25.8,0,0.0,5,0,0.0,0.0
부산울산,2022-09-25,22.8,0,0.0,6,0,0.0,0.0
부산울산,2022-09-26,22.96666666666667,0,1.0,0,1,0.0,0.0
부산울산,2022-09-27,26.53333333333333,0,2.0,1,1,1.0,0.0
부산울산,2022-09-28,26.933333333333334,0,0.0,2,0,1.0,1.0
부산울산,2022-09-29,28.133333333333336,0,0.0,3,0,0.0,1.0
부산울산,2022-09-30,28.266666666666666,0,0.0,4,0,0.0,0.0
부산울산,2023-05-01,23.099999999999998,0,0.0,0,0,0.0,0.0
부산울산,2023-05-02,23.066666666666666,0,0.0,1,0,0.0,0.0
부산울산,2023-05-03,22.166666666666668,0,0.0,2,0,0.0,0.0
부산울산,2023-05-04,22.400000000000002,0,0.0,3,0,0.0,0.0
부산울산,2023-05-05,19.7,0,4.0,4,1,0.0,0.0
부산울산,2023-05-06,19.566666666666666,0,2.0,5,1,1.0,0.0
부산울산,2023-05-07,13.833333333333334,0,1.0,6,1,1.0,1.0
부산울산,2023-05-08,20.133333333333333,0,1.0,0,1,1.0,1.0
부산울산,2023-05-09,25.066666666666666,0,0.0,1,0,1.0,1.0
부산울산,2023-05-10,25.400000000000002,0,1.0,2,1,0.0,1.0
부산울산,2023-05-11,22.599999999999998,0,0.0,3,0,1.0,0.0
부산울산,2023-05-12,24.133333333333336,0,0.0,4,0,0.0,1.0
부산울산,2023-05-13,17.333333333333332,0,3.0,5,1,0.0,0.0
부산울산,2023-05-14,23.766666666666666,0,0.0,6,0,1.0,0.0
부산울산,2023-05-15,24.933333333333334,0,0.0,0,0,0.0,1.0
부산울산,2023-05-16,26.366666666666664,0,1.0,1,1,0.0,0.0
부산울산,2023-05-17,27.666666666666668,0,0.0,2,0,1.0,0.0
부산울산,2023-05-18,20.766666666666666,0,1.0,3,1,0.0,1.0
부산울산,2023-05-19,21.266666666666666,0,0.0,4,0,1.0,0.0
부산울산,2023-05-20,23.666666666666668,0,0.0,5,0,0.0,1.0
부산울산,2023-05-21,26.566666666666666,0,0.0,6,0,0.0,0.0
부산울산,2023-05-22,21.7,0,2.0,0,1,0.0,0.0
부산울산,2023-05-23,23.633333333333336,1,0.0,1,0,1.0,0.0
부산울산,2023-05-24,23.899999999999995,0,1.0,2,1,0.0,1.0
부산울산,2023-05-25,24.233333333333334,0,1.0,3,1,1.0,0.0
부산울산,2023-05-26,23.733333333333334,0,0.0,4,0,1.0,1.0
부산울산,2023-05-27,26.53333333333333,0,3.0,5,1,0.0,1.0
부산울산,2023-05-28,22.433333333333334,0,0.0,6,0,1.0,0.0
부산울산,2023-05-29,22.46666666666667,0,2.0,0,1,0.0,1.0
부산울산,2023-05-30,21.266666666666666,0,1.0,1,1,1.0,0.0
부산울산,2023-05-31,24.666666666666668,0,1.0,2,1,1.0,1.0
부산울산,2023-06-01,20.733333333333334,0,1.0,3,1,1.0,1.0
부산울산,2023-06-02,29.7,0,2.0,4,1,1.0,1.0
부산울산,2023-06-03,26.333333333333332,0,2.0,5,1,1.0,1.0
부산울산,2023-06-04,29.066666666666666,1,0.0,6,0,1.0,1.0
부산울산,2023-06-05,27.366666666666664,0,2.0,0,1,0.0,1.0
부산울산,2023-06-06,25.03333333333333,0,0.0,1,0,1.0,0.0
부산울산,2023-06-07,27.7,0,1.0,2,1,0.0,1.0
부산울산,2023-06-08,26.666666666666668,1,2.0,3,1,1.0,0.0
부산울산,2023-06-09,27.3,0,3.0,4,1,1.0,1.0
부산울산,2023-06-10,27.46666666666667,1,1.0,5,1,1.0,1.0
부산울산,2023-06-11,26.7,0,2.0,6,1,1.0,1.0
부산울산,2023-06-12,27.833333333333332,0,1.0,0,1,1.0,1.0
부산울산,2023-06-13,27.099999999999998,0,1.0,1,1,1.0,1.0
부산울산,2023-06-14,27.166666666666668,1,1.0,2,1,1.0,1.0
부산울산,2023-06-15,26.3,0,1.0,3,1,1.0,1.0
부산울산,2023-06-16,30.099999999999998,0,2.0,4,1,1.0,1.0
부산울산,2023-06-17,30.0,2,2.0,5,1,1.0,1.0
부산울산,2023-06-18,31.366666666666664,1,0.0,6,0,1.0,1.0
부산울산,2023-06-19,29.566666666666663,1,2.0,0,1,0.0,1.0
부산울산,2023-06-20,27.96666666666667,1,3.0,1,1,1.0,0.0
부산울산,2023-06-21,23.866666666666664,0,6.0,2,1,1.0,1.0
부산울산,2023-06-22,27.2,0,2.0,3,1,1.0,1.0
부산울산,2023-06-23,27.7,0,1.0,4,1,1.0,1.0
부산울산,2023-06-24,27.933333333333334,1,2.0,5,1,1.0,1.0
부산울산,2023-06-25,27.03333333333333,0,2.0,6,1,1.0,1.0
부산울산,2023-06-26,25.366666666666664,0,2.0,0,1,1.0,1.0
부산울산,2023-06-27,29.133333333333336,1,1.0,1,1,1.0,1.0
부산울산,2023-06-28,27.366666666666664,0,3.0,2,1,1.0,1.0
부산울산,2023-06-29,28.333333333333332,0,2.0,3,1,1.0,1.0
부산울산,2023-06-30,26.5,0,3.0,4,1,1.0,1.0
부산울산,2023-07-01,28.46666666666667,1,1.0,5,1,1.0,1.0
부산울산,2023-07-02,31.3,1,3.0,6,1,1.0,1.0
부산울산,2023-07-03,30.099999999999998,0,0.0,0,0,1.0,1.0
부산울산,2023-07-04,28.900000000000002,1,4.0,1,1,0.0,1.0
부산울산,2023-07-05,32.266666666666666,4,0.0,2,0,1.0,0.0
부산울산,2023-07-06,31.53333333333333,1,2.0,3,1,0.0,1.0
부산울산,2023-07-07,25.733333333333334,0,1.0,4,1,1.0,0.0
부산울산,2023-07-08,24.266666666666666,0,3.0,5,1,1.0,1.0
부산울산,2023-07-09,28.8,0,2.0,6,1,1.0,1.0
부산울산,2023-07-10,30.166666666666668,1,1.0,0,1,1.0,1.0
부산울산,2023-07-11,29.666666666666668,2,8.0,1,1,1.0,1.0
부산울산,2023-07-12,29.366666666666664,1,3.0,2,1,1.0,1.0
부산울산,2023-07-13,27.366666666666664,0,0.0,3,0,1.0,1.0
부산울산,2023-07-14,26.599999999999998,0,3.0,4,1,0.0,1.0
부산울산,2023-07-15,28.333333333333332,1,2.0,5,1,1.0,0.0
부산울산,2023-07-16,26.53333333333333,0,2.0,6,1,1.0,1.0
부산울산,2023-07-17,30.633333333333336,3,0.0,0,0,1.0,1.0
부산울산,2023-07-18,27.166666666666668,1,3.0,1,1,0.0,1.0
부산울산,2023-07-19,27.400000000000002,0,1.0,2,1,1.0,0.0
부산울산,2023-07-20,29.433333333333334,1,1.0,3,1,1.0,1.0
부산울산,2023-07-21,30.433333333333337,0,0.0,4,0,1.0,1.0
부산울산,2023-07-22,28.366666666666664,0,1.0,5,1,0.0,1.0
부산울산,2023-07-23,30.266666666666666,1,0.0,6,0,1.0,0.0
부산울산,2023-07-24,30.566666666666666,1,1.0,0,1,0.0,1.0
부산울산,2023-07-25,31.066666666666666,0,2.0,1,1,1.0,0.0
부산울산,2023-07-26,31.966666666666665,10,2.0,2,1,1.0,1.0
부산울산,2023-07-27,33.333333333333336,3,1.0,3,1,1.0,1.0
부산울산,2023-07-28,33.86666666666667,4,0.0,4,0,1.0,1.0
부산울산,2023-07-29,34.03333333333333,6,4.0,5,1,0.0,1.0
부산울산,2023-07-30,33.36666666666667,4,0.0,6,0,1.0,0.0
부산울산,2023-07-31,33.833333333333336,4,1.0,0,1,0.0,1.0
부산울산,2023-08-01,33.9,4,1.0,1,1,1.0,0.0
부산울산,2023-08-02,33.9,6,0.0,2,0,1.0,1.0
부산울산,2023-08-03,34.4,15,1.0,3,1,0.0,1.0
부산울산,2023-08-04,35.333333333333336,8,1.0,4,1,1.0,0.0
부산울산,2023-08-05,34.53333333333333,7,0.0,5,0,1.0,1.0
부산울산,2023-08-06,34.86666666666667,8,1.0,6,1,0.0,1.0
부산울산,2023-08-07,33.86666666666667,7,1.0,0,1,1.0,0.0
부산울산,2023-08-08,32.43333333333334,4,2.0,1,1,1.0,1.0
부산울산,2023-08-09,26.46666666666667,1,1.0,2,1,1.0,1.0
부산울산,2023-08-10,27.066666666666666,0,31.0,3,1,1.0,1.0
부산울산,2023-08-11,31.3,2,1.0,4,1,1.0,1.0
부산울산,2023-08-12,31.3,1,3.0,5,1,1.0,1.0
부산울산,2023-08-13,31.8,2,1.0,6,1,1.0,1.0
부산울산,2023-08-14,31.599999999999998,2,2.0,0,1,1.0,1.0
부산울산,2023-08-15,31.7,1,2.0,1,1,1.0,1.0
부산울산,2023-08-16,29.166666666666668,2,1.0,2,1,1.0,1.0
부산울산,2023-08-17,28.666666666666668,0,2.0,3,1,1.0,1.0
부산울산,2023-08-18,29.366666666666664,1,2.0,4,1,1.0,1.0
부산울산,2023-08-19,28.566666666666666,0,2.0,5,1,1.0,1.0
부산울산,2023-08-20,32.53333333333333,3,2.0,6,1,1.0,1.0
부산울산,2023-08-21,32.733333333333334,5,2.0,0,1,1.0,1.0
부산울산,2023-08-22,32.63333333333333,9,0.0,1,0,1.0,1.0
부산울산,2023-08-23,32.46666666666666,3,0.0,2,0,0.0,1.0
부산울산,2023-08-24,29.166666666666668,0,3.0,3,1,0.0,0.0
부산울산,2023-08-25,31.633333333333336,0,0.0,4,0,1.0,0.0
부산울산,2023-08-26,31.733333333333334,0,1.0,5,1,0.0,1.0
부산울산,2023-08-27,31.366666666666664,1,2.0,6,1,1.0,0.0
부산울산,2023-08-28,29.8,0,3.0,0,1,1.0,1.0
부산울산,2023-08-29,30.03333333333333,0,3.0,1,1,1.0,1.0
부산울산,2023-08-30,29.0,1,2.0,2,1,1.0,1.0
부산울산,2023-08-31,30.933333333333334,1,2.0,3,1,1.0,1.0
부산울산,2023-09-01,25.866666666666664,1,1.0,4,1,1.0,1.0
부산울산,2023-09-02,28.666666666666668,0,0.0,5,0,1.0,1.0
부산울산,2023-09-03,31.2,0,2.0,6,1,0.0,1.0
부산울산,2023-09-04,30.8,1,0.0,0,0,1.0,0.0
부산울산,2023-09-05,30.666666666666668,0,2.0,1,1,0.0,1.0
부산울산,2023-09-06,29.633333333333336,0,0.0,2,0,1.0,0.0
부산울산,2023-09-07,28.96666666666667,0,1.0,3,1,0.0,1.0
부산울산,2023-09-08,28.8,0,1.0,4,1,1.0,0.0
부산울산,2023-09-09,28.733333333333334,0,0.0,5,0,1.0,1.0
부산울산,2023-09-10,29.599999999999998,0,1.0,6,1,0.0,1.0
부산울산,2023-09-11,30.433333333333337,1,0.0,0,0,1.0,0.0
부산울산,2023-09-12,30.5,0,2.0,1,1,0.0,1.0
부산울산,2023-09-13,29.2,1,2.0,2,1,1.0,0.0
부산울산,2023-09-14,25.53333333333333,0,0.0,3,0,1.0,1.0
부산울산,2023-09-15,27.0,0,2.0,4,1,0.0,1.0
부산울산,2023-09-16,25.733333333333334,0,5.0,5,1,1.0,0.0
부산울산,2023-09-17,26.766666666666666,0,4.0,6,1,1.0,1.0
부산울산,2023-09-18,29.96666666666667,0,3.0,0,1,1.0,1.0
부산울산,2023-09-19,30.53333333333333,1,0.0,1,0,1.0,1.0
부산울산,2023-09-20,26.3,0,3.0,2,1,0.0,1.0
부산울산,2023-09-21,25.666666666666668,0,3.0,3,1,1.0,0.0
부산울산,2023-09-22,26.03333333333333,0,0.0,4,0,1.0,1.0
부산울산,2023-09-23,26.066666666666666,0,0.0,5,0,0.0,1.0
부산울산,2023-09-24,26.233333333333334,0,0.0,6,0,0.0,0.0
부산울산,2023-09-25,27.0,0,3.0,0,1,0.0,0.0
부산울산,2023-09-26,24.7,0,2.0,1,1,1.0,0.0
부산울산,2023-09-27,29.03333333333333,0,1.0,2,1,1.0,1.0
부산울산,2023-09-28,29.233333333333334,0,0.0,3,0,1.0,1.0
부산울산,2023-09-29,28.8,0,1.0,4,1,0.0,1.0
부산울산,2023-09-30,24.03333333333333,0,2.0,5,1,1.0,0.0
부산울산,2024-05-01,17.833333333333332,0,1.0,2,1,1.0,1.0
부산울산,2024-05-02,20.8,0,2.0,3,1,1.0,1.0
부산울산,2024-05-03,24.099999999999998,0,0.0,4,0,1.0,1.0
부산울산,2024-05-04,24.833333333333332,0,1.0,5,1,0.0,1.0
부산울산,2024-05-05,20.466666666666665,0,3.0,6,1,1.0,0.0
부산울산,2024-05-06,24.066666666666666,0,2.0,0,1,1.0,1.0
부산울산,2024-05-07,20.5,0,0.0,1,0,1.0,1.0
부산울산,2024-05-08,17.400000000000002,0,0.0,2,0,0.0,1.0
부산울산,2024-05-09,21.633333333333336,0,0.0,3,0,0.0,0.0
부산울산,2024-05-10,26.0,0,1.0,4,1,0.0,0.0
부산울산,2024-05-11,22.3,0,0.0,5,0,1.0,0.0
부산울산,2024-05-12,24.0,0,1.0,6,1,0.0,1.0
부산울산,2024-05-13,23.599999999999998,0,0.0,0,0,1.0,0.0
부산울산,2024-05-14,26.133333333333336,0,3.0,1,1,0.0,1.0
부산울산,2024-05-15,25.46666666666667,0,2.0,2,1,1.0,0.0
부산울산,2024-05-16,23.133333333333336,0,3.0,3,1,1.0,1.0
부산울산,2024-05-17,25.2,0,0.0,4,0,1.0,1.0
부산울산,2024-05-18,26.900000000000002,0,0.0,5,0,0.0,1.0
부산울산,2024-05-19,29.3,0,0.0,6,0,0.0,0.0
부산울산,2024-05-20,29.666666666666668,0,0.0,0,0,0.0,0.0
부산울산,2024-05-21,23.03333333333333,0,0.0,1,0,0.0,0.0
부산울산,2024-05-22,25.566666666666666,0,1.0,2,1,0.0,0.0
부산울산,2024-05-23,28.0,0,1.0,3,1,1.0,0.0
부산울산,2024-05-24,26.099999999999998,1,0.0,4,0,1.0,1.0
부산울산,2024-05-25,23.266666666666666,0,0.0,5,0,0.0,1.0
부산울산,2024-05-26,24.96666666666667,1,1.0,6,1,0.0,0.0
부산울산,2024-05-27,26.53333333333333,0,2.0,0,1,1.0,0.0
부산울산,2024-05-28,24.5,0,0.0,1,0,1.0,1.0
부산울산,2024-05-29,25.599999999999998,0,1.0,2,1,0.0,1.0
부산울산,2024-05-30,25.666666666666668,0,0.0,3,0,1.0,0.0
부산울산,2024-05-31,27.599999999999998,0,2.0,4,1,0.0,1.0
부산울산,2024-06-01,26.7,0,0.0,5,0,1.0,0.0
부산울산,2024-06-02,24.0,0,1.0,6,1,0.0,1.0
부산울산,2024-06-03,23.133333333333336,0,0.0,0,0,1.0,0.0
부산울산,2024-06-04,24.03333333333333,0,1.0,1,1,0.0,1.0
부산울산,2024-06-05,26.3,0,0.0,2,0,1.0,0.0
부산울산,2024-06-06,25.400000000000002,0,1.0,3,1,0.0,1.0
부산울산,2024-06-07,27.5,0,2.0,4,1,1.0,0.0
부산울산,2024-06-08,23.866666666666664,0,1.0,5,1,1.0,1.0
부산울산,2024-06-09,24.766666666666666,0,1.0,6,1,1.0,1.0
부산울산,2024-06-10,29.333333333333332,1,1.0,0,1,1.0,1.0
부산울산,2024-06-11,31.23333333333333,0,2.0,1,1,1.0,1.0
부산울산,2024-06-12,30.8,1,2.0,2,1,1.0,1.0
부산울산,2024-06-13,32.13333333333333,2,2.0,3,1,1.0,1.0
부산울산,2024-06-14,30.399999999999995,1,2.0,4,1,1.0,1.0
부산울산,2024-06-15,31.266666666666666,1,3.0,5,1,1.0,1.0
부산울산,2024-06-16,31.233333333333334,1,1.0,6,1,1.0,1.0
부산울산,2024-06-17,27.900000000000002,0,2.0,0,1,1.0,1.0
부산울산,2024-06-18,32.4,0,3.0,1,1,1.0,1.0
부산울산,2024-06-19,33.199999999999996,1,2.0,2,1,1.0,1.0
부산울산,2024-06-20,26.333333333333332,0,2.0,3,1,1.0,1.0
부산울산,2024-06-21,29.433333333333334,0,2.0,4,1,1.0,1.0
부산울산,2024-06-22,24.366666666666664,0,8.0,5,1,1.0,1.0
부산울산,2024-06-23,28.53333333333333,0,2.0,6,1,1.0,1.0
부산울산,2024-06-24,28.766666666666666,1,2.0,0,1,1.0,1.0
부산울산,2024-06-25,28.166666666666668,0,1.0,1,1,1.0,1.0
부산울산,2024-06-26,28.2,0,2.0,2,1,1.0,1.0
부산울산,2024-06-27,24.96666666666667,0,3.0,3,1,1.0,1.0
부산울산,2024-06-28,28.7,0,0.0,4,0,1.0,1.0
부산울산,2024-06-29,27.233333333333334,0,3.0,5,1,0.0,1.0
부산울산,2024-06-30,26.133333333333336,0,6.0,6,1,1.0,0.0
부산울산,2024-07-01,29.96666666666667,0,0.0,0,0,1.0,1.0
부산울산,2024-07-02,25.566666666666663,0,2.0,1,1,0.0,1.0
부산울산,2024-07-03,30.166666666666668,1,2.0,2,1,1.0,0.0
부산울산,2024-07-04,32.5,6,2.0,3,1,1.0,1.0
부산울산,2024-07-05,31.333333333333332,3,1.0,4,1,1.0,1.0
부산울산,2024-07-06,29.366666666666664,0,2.0,5,1,1.0,1.0
부산울산,2024-07-07,30.96666666666667,0,2.0,6,1,1.0,1.0
부산울산,2024-07-08,28.53333333333333,1,1.0,0,1,1.0,1.0
부산울산,2024-07-09,27.400000000000002,0,3.0,1,1,1.0,1.0
부산울산,2024-07-10,28.0,0,2.0,2,1,1.0,1.0
부산울산,2024-07-11,26.8,1,2.0,3,1,1.0,1.0
부산울산,2024-07-12,31.099999999999998,1,1.0,4,1,1.0,1.0
부산울산,2024-07-13,28.633333333333336,1,0.0,5,0,1.0,1.0
부산울산,2024-07-14,25.3,0,1.0,6,1,0.0,1.0
부산울산,2024-07-15,27.2,0,0.0,0,0,1.0,0.0
부산울산,2024-07-16,25.8,0,1.0,1,1,0.0,1.0
부산울산,2024-07-17,30.0,1,1.0,2,1,1.0,0.0
부산울산,2024-07-18,28.0,0,2.0,3,1,1.0,1.0
부산울산,2024-07-19,28.400000000000002,0,1.0,4,1,1.0,1.0
부산울산,2024-07-20,31.733333333333334,0,3.0,5,1,1.0,1.0
부산울산,2024-07-21,33.23333333333333,1,1.0,6,1,1.0,1.0
부산울산,2024-07-22,32.13333333333333,4,1.0,0,1,1.0,1.0
부산울산,2024-07-23,32.53333333333333,7,5.0,1,1,1.0,1.0
부산울산,2024-07-24,29.866666666666664,4,3.0,2,1,1.0,1.0
부산울산,2024-07-25,33.36666666666667,8,0.0,3,0,1.0,1.0
부산울산,2024-07-26,32.86666666666667,2,3.0,4,1,0.0,1.0
부산울산,2024-07-27,32.233333333333334,5,2.0,5,1,1.0,0.0
부산울산,2024-07-28,33.53333333333333,2,2.0,6,1,1.0,1.0
부산울산,2024-07-29,34.766666666666666,4,3.0,0,1,1.0,1.0
부산울산,2024-07-30,35.03333333333333,7,3.0,1,1,1.0,1.0
부산울산,2024-07-31,34.9,8,2.0,2,1,1.0,1.0
부산울산,2024-08-01,34.699999999999996,7,4.0,3,1,1.0,1.0
부산울산,2024-08-02,34.93333333333333,7,2.0,4,1,1.0,1.0
부산울산,2024-08-03,36.266666666666666,10,2.0,5,1,1.0,1.0
부산울산,2024-08-04,34.56666666666667,4,0.0,6,0,1.0,1.0
부산울산,2024-08-05,34.233333333333334,10,2.0,0,1,0.0,1.0
부산울산,2024-08-06,33.96666666666667,5,6.0,1,1,1.0,0.0
부산울산,2024-08-07,34.56666666666667,9,3.0,2,1,1.0,1.0
부산울산,2024-08-08,35.53333333333333,15,1.0,3,1,1.0,1.0
부산울산,2024-08-09,33.666666666666664,7,1.0,4,1,1.0,1.0
부산울산,2024-08-10,33.333333333333336,4,0.0,5,0,1.0,1.0
부산울산,2024-08-11,33.166666666666664,3,1.0,6,1,0.0,1.0
부산울산,2024-08-12,32.86666666666667,1,0.0,0,0,1.0,0.0
부산울산,2024-08-13,33.13333333333333,4,2.0,1,1,0.0,1.0
부산울산,2024-08-14,33.36666666666667,5,1.0,2,1,1.0,0.0
부산울산,2024-08-15,33.666666666666664,1,1.0,3,1,1.0,1.0
부산울산,2024-08-16,33.63333333333333,2,0.0,4,0,1.0,1.0
부산울산,2024-08-17,33.266666666666666,1,2.0,5,1,0.0,1.0
부산울산,2024-08-18,33.06666666666666,2,0.0,6,0,1.0,0.0
부산울산,2024-08-19,34.233333333333334,4,2.0,0,1,0.0,1.0
부산울산,2024-08-20,32.1,3,8.0,1,1,1.0,0.0
부산울산,2024-08-21,31.900000000000002,4,4.0,2,1,1.0,1.0
부산울산,2024-08-22,32.9,5,3.0,3,1,1.0,1.0
부산울산,2024-08-23,34.03333333333333,5,0.0,4,0,1.0,1.0
부산울산,2024-08-24,34.4,6,1.0,5,1,0.0,1.0
부산울산,2024-08-25,33.63333333333333,0,3.0,6,1,1.0,0.0
부산울산,2024-08-26,33.266666666666666,0,2.0,0,1,1.0,1.0
부산울산,2024-08-27,31.400000000000002,0,5.0,1,1,1.0,1.0
부산울산,2024-08-28,28.900000000000002,0,1.0,2,1,1.0,1.0
부산울산,2024-08-29,31.933333333333334,1,8.0,3,1,1.0,1.0
부산울산,2024-08-30,33.766666666666666,2,2.0,4,1,1.0,1.0
부산울산,2024-08-31,32.2,4,2.0,5,1,1.0,1.0
부산울산,2024-09-01,31.8,0,0.0,6,0,1.0,1.0
부산울산,2024-09-02,32.1,0,1.0,0,1,0.0,1.0
부산울산,2024-09-03,28.5,0,1.0,1,1,1.0,0.0
부산울산,2024-09-04,30.333333333333332,0,0.0,2,0,1.0,1.0
부산울산,2024-09-05,32.93333333333333,2,1.0,3,1,0.0,1.0
부산울산,2024-09-06,30.96666666666667,0,1.0,4,1,1.0,0.0
부산울산,2024-09-07,31.633333333333336,1,0.0,5,0,1.0,1.0
부산울산,2024-09-08,32.13333333333333,1,0.0,6,0,0.0,1.0
부산울산,2024-09-09,32.13333333333333,3,1.0,0,1,0.0,0.0
부산울산,2024-09-10,34.46666666666667,1,1.0,1,1,1.0,0.0
부산울산,2024-09-11,32.96666666666667,0,0.0,2,0,1.0,1.0
부산울산,2024-09-12,33.199999999999996,3,2.0,3,1,0.0,1.0
부산울산,2024-09-13,34.0,2,0.0,4,0,1.0,0.0
부산울산,2024-09-14,34.333333333333336,3,1.0,5,1,0.0,1.0
부산울산,2024-09-15,30.866666666666664,1,0.0,6,0,1.0,0.0
부산울산,2024-09-16,29.53333333333333,0,0.0,0,0,0.0,1.0
부산울산,2024-09-17,34.36666666666667,0,0.0,1,0,0.0,0.0
부산울산,2024-09-18,34.733333333333334,2,0.0,2,0,0.0,0.0
부산울산,2024-09-19,35.26666666666667,4,2.0,3,1,0.0,0.0
부산울산,2024-09-20,30.099999999999998,5,4.0,4,1,1.0,0.0
부산울산,2024-09-21,26.233333333333334,0,7.0,5,1,1.0,1.0
부산울산,2024-09-22,24.3,0,2.0,6,1,1.0,1.0
부산울산,2024-09-23,25.066666666666663,0,0.0,0,0,1.0,1.0
부산울산,2024-09-24,26.766666666666666,0,2.0,1,1,0.0,1.0
부산울산,2024-09-25,28.2,0,2.0,2,1,1.0,0.0
부산울산,2024-09-26,29.933333333333334,1,2.0,3,1,1.0,1.0
부산울산,2024-09-27,29.599999999999998,0,0.0,4,0,1.0,1.0
부산울산,2024-09-28,28.03333333333333,0,2.0,5,1,0.0,1.0
부산울산,2024-09-29,26.666666666666668,0,1.0,6,1,1.0,0.0
부산울산,2024-09-30,28.53333333333333,0,1.0,0,1,1.0,1.0
부산울산,2025-05-01,22.46666666666667,0,4.0,3,1,1.0,1.0
부산울산,2025-05-02,21.933333333333334,0,0.0,4,0,1.0,1.0
부산울산,2025-05-03,15.366666666666667,0,0.0,5,0,0.0,1.0
부산울산,2025-05-04,22.266666666666666,0,1.0,6,1,0.0,0.0
부산울산,2025-05-05,20.433333333333334,0,0.0,0,0,1.0,0.0
부산울산,2025-05-06,15.966666666666667,0,1.0,1,1,0.0,1.0
부산울산,2025-05-07,20.8,0,0.0,2,0,1.0,0.0
부산울산,2025-05-08,22.599999999999998,0,0.0,3,0,0.0,1.0
부산울산,2025-05-09,17.400000000000002,0,2.0,4,1,0.0,0.0
부산울산,2025-05-10,20.233333333333334,0,0.0,5,0,1.0,0.0
부산울산,2025-05-11,20.333333333333332,0,1.0,6,1,0.0,1.0
부산울산,2025-05-12,24.46666666666667,0,1.0,0,1,1.0,0.0
부산울산,2025-05-13,24.133333333333336,0,0.0,1,0,1.0,1.0
부산울산,2025-05-14,23.833333333333332,0,0.0,2,0,0.0,1.0
부산울산,2025-05-15,20.533333333333335,0,1.0,3,1,0.0,0.0
부산울산,2025-05-16,22.03333333333333,0,2.0,4,1,1.0,0.0
부산울산,2025-05-17,25.933333333333334,0,4.0,5,1,1.0,1.0
부산울산,2025-05-18,22.8,0,1.0,6,1,1.0,1.0
부산울산,2025-05-19,24.099999999999998,0,1.0,0,1,1.0,1.0
부산울산,2025-05-20,28.03333333333333,0,1.0,1,1,1.0,1.0
부산울산,2025-05-21,27.366666666666664,0,1.0,2,1,1.0,1.0
부산울산,2025-05-22,21.0,0,0.0,3,0,1.0,1.0
부산울산,2025-05-23,20.866666666666667,0,1.0,4,1,0.0,1.0
부산울산,2025-05-24,16.833333333333332,0,1.0,5,1,1.0,0.0
부산울산,2025-05-25,21.7,0,0.0,6,0,1.0,1.0
부산울산,2025-05-26,23.733333333333334,0,1.0,0,1,0.0,1.0
부산울산,2025-05-27,24.5,0,1.0,1,1,1.0,0.0
부산울산,2025-05-28,25.599999999999998,0,0.0,2,0,1.0,1.0
부산울산,2025-05-29,24.8,0,0.0,3,0,0.0,1.0
부산울산,2025-05-30,24.133333333333336,0,1.0,4,1,0.0,0.0
부산울산,2025-05-31,26.933333333333334,1,2.0,5,1,1.0,0.0
부산울산,2025-06-01,25.73333333333333,0,1.0,6,1,1.0,1.0
부산울산,2025-06-02,22.233333333333334,0,1.0,0,1,1.0,1.0
부산울산,2025-06-03,24.766666666666666,0,1.0,1,1,1.0,1.0
부산울산,2025-06-04,27.900000000000002,0,4.0,2,1,1.0,1.0
부산울산,2025-06-05,27.2,0,3.0,3,1,1.0,1.0
부산울산,2025-06-06,28.0,0,0.0,4,0,1.0,1.0
부산울산,2025-06-07,28.333333333333332,1,1.0,5,1,0.0,1.0
부산울산,2025-06-08,28.766666666666666,0,0.0,6,0,1.0,0.0
부산울산,2025-06-09,27.599999999999998,1,2.0,0,1,0.0,1.0
부산울산,2025-06-10,28.633333333333336,2,4.0,1,1,1.0,0.0
부산울산,2025-06-11,31.03333333333333,1,2.0,2,1,1.0,1.0
부산울산,2025-06-12,27.5,0,1.0,3,1,1.0,1.0
부산울산,2025-06-13,24.53333333333333,0,3.0,4,1,1.0,1.0
부산울산,2025-06-14,23.46666666666667,0,3.0,5,1,1.0,1.0
부산울산,2025-06-15,28.2,0,4.0,6,1,1.0,1.0
부산울산,2025-06-16,27.333333333333332,0,2.0,0,1,1.0,1.0
부산울산,2025-06-17,28.066666666666666,1,2.0,1,1,1.0,1.0
부산울산,2025-06-18,27.566666666666666,6,3.0,2,1,1.0,1.0
부산울산,2025-06-19,30.933333333333334,0,2.0,3,1,1.0,1.0
부산울산,2025-06-20,26.633333333333336,1,2.0,4,1,1.0,1.0
부산울산,2025-06-21,25.066666666666666,0,2.0,5,1,1.0,1.0
부산울산,2025-06-22,26.53333333333333,0,5.0,6,1,1.0,1.0
부산울산,2025-06-23,30.0,2,0.0,0,0,1.0,1.0
부산울산,2025-06-24,23.333333333333332,0,0.0,1,0,0.0,1.0
부산울산,2025-06-25,26.066666666666666,0,1.0,2,1,0.0,0.0
부산울산,2025-06-26,29.666666666666668,2,1.0,3,1,1.0,0.0
부산울산,2025-06-27,30.5,0,1.0,4,1,1.0,1.0
부산울산,2025-06-28,31.833333333333332,8,2.0,5,1,1.0,1.0
부산울산,2025-06-29,32.13333333333333,7,1.0,6,1,1.0,1.0
부산울산,2025-06-30,32.666666666666664,6,4.0,0,1,1.0,1.0
부산울산,2025-07-01,32.43333333333333,15,1.0,1,1,1.0,1.0
부산울산,2025-07-02,34.06666666666667,15,2.0,2,1,1.0,1.0
부산울산,2025-07-03,34.23333333333333,11,2.0,3,1,1.0,1.0
부산울산,2025-07-04,33.1,5,0.0,4,0,1.0,1.0
부산울산,2025-07-05,33.666666666666664,6,2.0,5,1,0.0,1.0
부산울산,2025-07-06,34.666666666666664,8,1.0,6,1,1.0,0.0
부산울산,2025-07-07,35.53333333333333,5,6.0,0,1,1.0,1.0
부산울산,2025-07-08,33.266666666666666,10,1.0,1,1,1.0,1.0
부산울산,2025-07-09,32.766666666666666,4,1.0,2,1,1.0,1.0
부산울산,2025-07-10,31.3,3,0.0,3,0,1.0,1.0
부산울산,2025-07-11,31.166666666666668,0,2.0,4,1,0.0,1.0
부산울산,2025-07-12,30.7,0,0.0,5,0,1.0,0.0
부산울산,2025-07-13,31.833333333333332,0,8.0,6,1,0.0,1.0
부산울산,2025-07-14,30.133333333333336,0,6.0,0,1,1.0,0.0
부산울산,2025-07-15,28.2,0,1.0,1,1,1.0,1.0
부산울산,2025-07-16,26.8,0,2.0,2,1,1.0,1.0
부산울산,2025-07-17,28.900000000000002,0,3.0,3,1,1.0,1.0
부산울산,2025-07-18,27.066666666666666,0,1.0,4,1,1.0,1.0
부산울산,2025-07-19,26.266666666666666,0,2.0,5,1,1.0,1.0
부산울산,2025-07-20,31.5,3,3.0,6,1,1.0,1.0
부산울산,2025-07-21,31.633333333333336,7,2.0,0,1,1.0,1.0
부산울산,2025-07-22,33.23333333333333,15,1.0,1,1,1.0,1.0
부산울산,2025-07-23,33.63333333333333,15,1.0,2,1,1.0,1.0
부산울산,2025-07-24,33.06666666666667,9,2.0,3,1,1.0,1.0
부산울산,2025-07-25,32.833333333333336,7,1.0,4,1,1.0,1.0
부산울산,2025-07-26,33.4,6,0.0,5,0,1.0,1.0
부산울산,2025-07-27,33.23333333333333,4,0.0,6,0,0.0,1.0
부산울산,2025-07-28,33.93333333333334,9,1.0,0,1,0.0,0.0
부산울산,2025-07-29,33.86666666666667,8,0.0,1,0,1.0,0.0
부산울산,2025-07-30,33.300000000000004,6,3.0,2,1,0.0,1.0
부산울산,2025-07-31,33.666666666666664,3,3.0,3,1,1.0,0.0
부산울산,2025-08-01,34.6,4,0.0,4,0,1.0,1.0
부산울산,2025-08-02,34.666666666666664,9,4.0,5,1,0.0,1.0
부산울산,2025-08-03,32.93333333333333,3,3.0,6,1,1.0,0.0
부산울산,2025-08-04,31.96666666666667,2,4.0,0,1,1.0,1.0
부산울산,2025-08-05,31.599999999999998,5,0.0,1,0,1.0,1.0
부산울산,2025-08-06,31.7,3,2.0,2,1,0.0,1.0
부산울산,2025-08-07,33.53333333333333,6,3.0,3,1,1.0,0.0
부산울산,2025-08-08,31.2,2,0.0,4,0,1.0,1.0
부산울산,2025-08-09,29.166666666666668,1,1.0,5,1,0.0,1.0
부산울산,2025-08-10,27.8,0,3.0,6,1,1.0,0.0
부산울산,2025-08-11,30.133333333333336,0,0.0,0,0,1.0,1.0
부산울산,2025-08-12,24.433333333333334,0,2.0,1,1,0.0,1.0
부산울산,2025-08-13,31.433333333333334,4,0.0,2,0,1.0,0.0
부산울산,2025-08-14,33.333333333333336,12,0.0,3,0,0.0,1.0
부산울산,2025-08-15,34.06666666666666,8,0.0,4,0,0.0,0.0
부산울산,2025-08-16,33.56666666666666,5,0.0,5,0,0.0,0.0
부산울산,2025-08-17,34.43333333333333,4,0.0,6,0,0.0,0.0
부산울산,2025-08-18,34.36666666666667,3,2.0,0,1,0.0,0.0
부산울산,2025-08-19,33.4,12,2.0,1,1,1.0,0.0
부산울산,2025-08-20,33.06666666666667,0,0.0,2,0,1.0,1.0
부산울산,2025-08-21,34.266666666666666,3,1.0,3,1,0.0,1.0
부산울산,2025-08-22,33.43333333333333,9,1.0,4,1,1.0,0.0
부산울산,2025-08-23,35.333333333333336,8,2.0,5,1,1.0,1.0
부산울산,2025-08-24,35.13333333333333,2,3.0,6,1,1.0,1.0
부산울산,2025-08-25,34.23333333333333,2,0.0,0,0,1.0,1.0
부산울산,2025-08-26,33.666666666666664,4,1.0,1,1,0.0,1.0
부산울산,2025-08-27,32.833333333333336,2,0.0,2,0,1.0,0.0
부산울산,2025-08-28,32.6,3,0.0,3,0,0.0,1.0
부산울산,2025-08-29,34.666666666666664,2,1.0,4,1,0.0,0.0
부산울산,2025-08-30,34.46666666666667,7,1.0,5,1,1.0,0.0
부산울산,2025-08-31,32.13333333333333,0,3.0,6,1,1.0,1.0
부산울산,2025-09-01,30.099999999999998,1,1.0,0,1,1.0,1.0
부산울산,2025-09-02,30.599999999999998,0,4.0,1,1,1.0,1.0
부산울산,2025-09-03,31.46666666666667,0,1.0,2,1,1.0,1.0
부산울산,2025-09-04,32.833333333333336,2,0.0,3,0,1.0,1.0
부산울산,2025-09-05,32.43333333333333,2,2.0,4,1,0.0,1.0
부산울산,2025-09-06,32.666666666666664,4,4.0,5,1,1.0,0.0
부산울산,2025-09-07,33.26666666666667,2,2.0,6,1,1.0,1.0
부산울산,2025-09-08,31.899999999999995,0,1.0,0,1,1.0,1.0
부산울산,2025-09-09,25.233333333333334,0,2.0,1,1,1.0,1.0
부산울산,2025-09-10,28.46666666666667,0,3.0,2,1,1.0,1.0
부산울산,2025-09-11,29.266666666666666,0,3.0,3,1,1.0,1.0
부산울산,2025-09-12,28.366666666666664,0,0.0,4,0,1.0,1.0
부산울산,2025-09-13,30.3,0,2.0,5,1,0.0,1.0
부산울산,2025-09-14,29.666666666666668,0,2.0,6,1,1.0,0.0
부산울산,2025-09-15,31.03333333333333,0,1.0,0,1,1.0,1.0
부산울산,2025-09-16,32.6,6,0.0,1,0,1.0,1.0
부산울산,2025-09-17,32.86666666666667,4,3.0,2,1,0.0,1.0
부산울산,2025-09-18,24.599999999999998,0,1.0,3,1,1.0,0.0
부산울산,2025-09-19,26.3,0,0.0,4,0,1.0,1.0
부산울산,2025-09-20,29.400000000000002,0,1.0,5,1,0.0,1.0
부산울산,2025-09-21,25.633333333333336,0,2.0,6,1,1.0,0.0
부산울산,2025-09-22,26.366666666666664,0,1.0,0,1,1.0,1.0
부산울산,2025-09-23,27.366666666666664,0,0.0,1,0,1.0,1.0
부산울산,2025-09-24,29.433333333333334,0,1.0,2,1,0.0,1.0
부산울산,2025-09-25,26.599999999999998,0,1.0,3,1,1.0,0.0
부산울산,2025-09-26,29.3,0,0.0,4,0,1.0,1.0
부산울산,2025-09-27,28.233333333333334,0,2.0,5,1,0.0,1.0
부산울산,2025-09-28,27.066666666666663,0,2.0,6,1,1.0,0.0
부산울산,2025-09-29,26.933333333333334,0,0.0,0,0,1.0,1.0
부산울산,2025-09-30,26.633333333333336,0,0.0,1,0,0.0,1.0
서울,2020-05-01,26.2,0,1.0,4,1,0.0,0.0
서울,2020-05-02,23.9,0,1.0,5,1,1.0,0.0
서울,2020-05-03,27.4,0,0.0,6,0,1.0,1.0
서울,2020-05-04,25.3,0,2.0,0,1,0.0,1.0
서울,2020-05-05,19.3,0,0.0,1,0,1.0,0.0
서울,2020-05-06,27.6,0,1.0,2,1,0.0,1.0
서울,2020-05-07,26.5,0,1.0,3,1,1.0,0.0
서울,2020-05-08,27.3,0,2.0,4,1,1.0,1.0
서울,2020-05-09,16.8,0,1.0,5,1,1.0,1.0
서울,2020-05-10,16.6,0,0.0,6,0,1.0,1.0
서울,2020-05-11,22.0,0,0.0,0,0,0.0,1.0
서울,2020-05-12,18.9,0,2.0,1,1,0.0,0.0
서울,2020-05-13,21.8,0,0.0,2,0,1.0,0.0
서울,2020-05-14,25.4,0,2.0,3,1,0.0,1.0
서울,2020-05-15,20.2,0,0.0,4,0,1.0,0.0
서울,2020-05-16,20.3,0,1.0,5,1,0.0,1.0
서울,2020-05-17,24.9,0,0.0,6,0,1.0,0.0
서울,2020-05-18,26.8,0,2.0,0,1,0.0,1.0
서울,2020-05-19,17.1,0,0.0,1,0,1.0,0.0
서울,2020-05-20,20.1,0,0.0,2,0,0.0,1.0
서울,2020-05-21,22.9,0,1.0,3,1,0.0,0.0
서울,2020-05-22,22.7,0,2.0,4,1,1.0,0.0
서울,2020-05-23,25.0,0,0.0,5,0,1.0,1.0
서울,2020-05-24,20.2,0,0.0,6,0,0.0,1.0
서울,2020-05-25,21.3,0,1.0,0,1,0.0,0.0
서울,2020-05-26,22.9,0,1.0,1,1,1.0,0.0
서울,2020-05-27,23.9,0,0.0,2,0,1.0,1.0
서울,2020-05-28,23.4,0,1.0,3,1,0.0,1.0
서울,2020-05-29,27.6,0,0.0,4,0,1.0,0.0
서울,2020-05-30,30.0,0,1.0,5,1,0.0,1.0
서울,2020-05-31,28.0,0,0.0,6,0,1.0,0.0
서울,2020-06-01,24.5,0,3.0,0,1,0.0,1.0
서울,2020-06-02,21.8,0,0.0,1,0,1.0,0.0
서울,2020-06-03,28.4,1,1.0,2,1,0.0,1.0
서울,2020-06-04,26.5,1,1.0,3,1,1.0,0.0
서울,2020-06-05,28.7,0,0.0,4,0,1.0,1.0
서울,2020-06-06,30.9,0,1.0,5,1,0.0,1.0
서울,2020-06-07,29.2,1,0.0,6,0,1.0,0.0
서울,2020-06-08,32.0,1,2.0,0,1,0.0,1.0
서울,2020-06-09,32.8,1,0.0,1,0,1.0,0.0
서울,2020-06-10,32.1,1,0.0,2,0,0.0,1.0
서울,2020-06-11,31.6,1,0.0,3,0,0.0,0.0
서울,2020-06-12,27.6,1,2.0,4,1,0.0,0.0
서울,2020-06-13,33.5,1,0.0,5,0,1.0,0.0
서울,2020-06-14,28.8,0,0.0,6,0,0.0,1.0
서울,2020-06-15,28.6,0,2.0,0,1,0.0,0.0
서울,2020-06-16,30.7,1,1.0,1,1,1.0,0.0
서울,2020-06-17,30.3,0,0.0,2,0,1.0,1.0
서울,2020-06-18,27.3,0,0.0,3,0,0.0,1.0
서울,2020-06-19,30.0,0,1.0,4,1,0.0,0.0
서울,2020-06-20,29.7,0,6.0,5,1,1.0,0.0
서울,2020-06-21,32.7,1,0.0,6,0,1.0,1.0
서울,2020-06-22,35.4,2,1.0,0,1,0.0,1.0
서울,2020-06-23,31.0,1,1.0,1,1,1.0,0.0
서울,2020-06-24,26.3,0,0.0,2,0,1.0,1.0
서울,2020-06-25,23.4,0,4.0,3,1,0.0,1.0
서울,2020-06-26,25.7,0,0.0,4,0,1.0,0.0
서울,2020-06-27,29.6,0,1.0,5,1,0.0,1.0
서울,2020-06-28,30.1,0,0.0,6,0,1.0,0.0
서울,2020-06-29,26.5,0,1.0,0,1,0.0,1.0
서울,2020-06-30,23.1,0,3.0,1,1,1.0,0.0
서울,2020-07-01,24.3,0,0.0,2,0,1.0,1.0
서울,2020-07-02,29.8,0,1.0,3,1,0.0,1.0
서울,2020-07-03,30.6,0,4.0,4,1,1.0,0.0
서울,2020-07-04,29.5,0,2.0,5,1,1.0,1.0
서울,2020-07-05,27.6,0,1.0,6,1,1.0,1.0
서울,2020-07-06,30.9,0,0.0,0,0,1.0,1.0
서울,2020-07-07,28.1,0,2.0,1,1,0.0,1.0
서울,2020-07-08,30.4,1,0.0,2,0,1.0,0.0
서울,2020-07-09,32.9,0,1.0,3,1,0.0,1.0
서울,2020-07-10,27.7,0,1.0,4,1,1.0,0.0
서울,2020-07-11,30.2,0,0.0,5,0,1.0,1.0
서울,2020-07-12,26.0,0,0.0,6,0,0.0,1.0
서울,2020-07-13,21.7,0,1.0,0,1,0.0,0.0
서울,2020-07-14,24.3,0,1.0,1,1,1.0,0.0
서울,2020-07-15,28.7,0,0.0,2,0,1.0,1.0
서울,2020-07-16,29.7,0,4.0,3,1,0.0,1.0
서울,2020-07-17,31.6,1,0.0,4,0,1.0,0.0
서울,2020-07-18,31.0,0,1.0,5,1,0.0,1.0
서울,2020-07-19,26.6,0,2.0,6,1,1.0,0.0
서울,2020-07-20,26.6,0,3.0,0,1,1.0,1.0
서울,2020-07-21,30.5,0,0.0,1,0,1.0,1.0
서울,2020-07-22,25.7,0,0.0,2,0,0.0,1.0
서울,2020-07-23,22.6,0,3.0,3,1,0.0,0.0
서울,2020-07-24,26.8,0,0.0,4,0,1.0,0.0
서울,2020-07-25,29.0,0,0.0,5,0,0.0,1.0
서울,2020-07-26,29.6,0,1.0,6,1,0.0,0.0
서울,2020-07-27,25.5,0,1.0,0,1,1.0,0.0
서울,2020-07-28,26.4,1,2.0,1,1,1.0,1.0
서울,2020-07-29,24.9,0,0.0,2,0,1.0,1.0
서울,2020-07-30,28.4,0,0.0,3,0,0.0,1.0
서울,2020-07-31,29.6,0,2.0,4,1,0.0,0.0
서울,2020-08-01,26.9,0,2.0,5,1,1.0,0.0
서울,2020-08-02,26.4,0,0.0,6,0,1.0,1.0
서울,2020-08-03,26.3,0,2.0,0,1,0.0,1.0
서울,2020-08-04,29.4,0,0.0,1,0,1.0,0.0
서울,2020-08-05,29.1,0,1.0,2,1,0.0,1.0
서울,2020-08-06,26.0,0,2.0,3,1,1.0,0.0
서울,2020-08-07,26.1,0,4.0,4,1,1.0,1.0
서울,2020-08-08,26.1,0,0.0,5,0,1.0,1.0
서울,2020-08-09,25.8,0,1.0,6,1,0.0,1.0
서울,2020-08-10,29.5,1,0.0,0,0,1.0,0.0
서울,2020-08-11,27.3,0,0.0,1,0,0.0,1.0
서울,2020-08-12,31.3,1,1.0,2,1,0.0,0.0
서울,2020-08-13,30.3,0,0.0,3,0,1.0,0.0
서울,2020-08-14,28.0,0,0.0,4,0,0.0,1.0
서울,2020-08-15,27.0,0,2.0,5,1,0.0,0.0
서울,2020-08-16,30.8,1,0.0,6,0,1.0,0.0
서울,2020-08-17,32.2,2,4.0,0,1,0.0,1.0
서울,2020-08-18,31.9,2,2.0,1,1,1.0,0.0
서울,2020-08-19,31.4,3,2.0,2,1,1.0,1.0
서울,2020-08-20,31.7,1,1.0,3,1,1.0,1.0
서울,2020-08-21,29.2,1,1.0,4,1,1.0,1.0
서울,2020-08-22,27.6,0,4.0,5,1,1.0,1.0
서울,2020-08-23,29.9,0,2.0,6,1,1.0,1.0
서울,2020-08-24,32.0,0,0.0,0,0,1.0,1.0
서울,2020-08-25,34.5,5,1.0,1,1,0.0,1.0
서울,2020-08-26,34.5,4,0.0,2,0,1.0,0.0
서울,2020-08-27,28.6,0,1.0,3,1,0.0,1.0
서울,2020-08-28,29.7,0,1.0,4,1,1.0,0.0
서울,2020-08-29,29.0,0,1.0,5,1,1.0,1.0
서울,2020-08-30,30.6,0,1.0,6,1,1.0,1.0
서울,2020-08-31,30.0,0,0.0,0,0,1.0,1.0
서울,2020-09-01,29.5,0,0.0,1,0,0.0,1.0
서울,2020-09-02,26.4,0,0.0,2,0,0.0,0.0
서울,2020-09-03,25.6,0,2.0,3,1,0.0,0.0
서울,2020-09-04,27.5,0,1.0,4,1,1.0,0.0
서울,2020-09-05,27.3,0,0.0,5,0,1.0,1.0
서울,2020-09-06,24.4,0,1.0,6,1,0.0,1.0
서울,2020-09-07,20.6,0,1.0,0,1,1.0,0.0
서울,2020-09-08,26.5,0,0.0,1,0,1.0,1.0
서울,2020-09-09,25.3,0,0.0,2,0,0.0,1.0
서울,2020-09-10,27.0,0,0.0,3,0,0.0,0.0
서울,2020-09-11,27.1,0,1.0,4,1,0.0,0.0
서울,2020-09-12,23.2,0,0.0,5,0,1.0,0.0
서울,2020-09-13,26.6,0,0.0,6,0,0.0,1.0
서울,2020-09-14,24.9,0,0.0,0,0,0.0,0.0
서울,2020-09-15,27.7,0,2.0,1,1,0.0,0.0
서울,2020-09-16,24.9,0,1.0,2,1,1.0,0.0
서울,2020-09-17,23.6,0,3.0,3,1,1.0,1.0
서울,2020-09-18,25.8,0,3.0,4,1,1.0,1.0
서울,2020-09-19,26.2,0,1.0,5,1,1.0,1.0
서울,2020-09-20,24.9,0,0.0,6,0,1.0,1.0
서울,2020-09-21,25.3,0,0.0,0,0,0.0,1.0
서울,2020-09-22,25.6,0,1.0,1,1,0.0,0.0
서울,2020-09-23,23.8,0,0.0,2,0,1.0,0.0
서울,2020-09-24,25.4,0,0.0,3,0,0.0,1.0
서울,2020-09-25,25.4,0,0.0,4,0,0.0,0.0
서울,2020-09-26,24.8,0,1.0,5,1,0.0,0.0
서울,2020-09-27,25.8,0,1.0,6,1,1.0,0.0
서울,2020-09-28,26.5,0,1.0,0,1,1.0,1.0
서울,2020-09-29,23.9,0,1.0,1,1,1.0,1.0
서울,2020-09-30,25.7,0,0.0,2,0,1.0,1.0
서울,2021-05-01,15.3,0,0.0,5,0,0.0,1.0
서울,2021-05-02,18.7,0,0.0,6,0,0.0,0.0
서울,2021-05-03,20.3,0,1.0,0,1,0.0,0.0
서울,2021-05-04,15.8,0,3.0,1,1,1.0,0.0
서울,2021-05-05,18.4,0,0.0,2,0,1.0,1.0
서울,2021-05-06,23.1,0,1.0,3,1,0.0,1.0
서울,2021-05-07,17.2,0,0.0,4,0,1.0,0.0
서울,2021-05-08,21.0,0,0.0,5,0,0.0,1.0
서울,2021-05-09,21.8,0,0.0,6,0,0.0,0.0
서울,2021-05-10,14.6,0,0.0,0,0,0.0,0.0
서울,2021-05-11,25.7,0,0.0,1,0,0.0,0.0
서울,2021-05-12,27.7,0,0.0,2,0,0.0,0.0
서울,2021-05-13,29.6,0,1.0,3,1,0.0,0.0
서울,2021-05-14,30.8,0,0.0,4,0,1.0,0.0
서울,2021-05-15,26.2,0,1.0,5,1,0.0,1.0
서울,2021-05-16,20.8,0,2.0,6,1,1.0,0.0
서울,2021-05-17,16.7,0,2.0,0,1,1.0,1.0
서울,2021-05-18,24.5,0,1.0,1,1,1.0,1.0
서울,2021-05-19,26.6,0,1.0,2,1,1.0,1.0
서울,2021-05-20,22.9,0,0.0,3,0,1.0,1.0
서울,2021-05-21,18.2,0,0.0,4,0,0.0,1.0
서울,2021-05-22,23.8,0,0.0,5,0,0.0,0.0
서울,2021-05-23,25.1,0,0.0,6,0,0.0,0.0
서울,2021-05-24,24.5,0,0.0,0,0,0.0,0.0
서울,2021-05-25,19.3,0,0.0,1,0,0.0,0.0
서울,2021-05-26,23.0,0,0.0,2,0,0.0,0.0
서울,2021-05-27,18.7,0,1.0,3,1,0.0,0.0
서울,2021-05-28,19.7,0,0.0,4,0,1.0,0.0
서울,2021-05-29,19.1,0,0.0,5,0,0.0,1.0
서울,2021-05-30,26.3,0,2.0,6,1,0.0,0.0
서울,2021-05-31,23.8,0,0.0,0,0,1.0,0.0
서울,2021-06-01,23.9,0,1.0,1,1,0.0,1.0
서울,2021-06-02,29.7,0,1.0,2,1,1.0,0.0
서울,2021-06-03,22.7,0,2.0,3,1,1.0,1.0
서울,2021-06-04,23.6,0,0.0,4,0,1.0,1.0
서울,2021-06-05,25.7,1,0.0,5,0,0.0,1.0
서울,2021-06-06,28.2,0,1.0,6,1,0.0,0.0
서울,2021-06-07,24.0,0,0.0,0,0,1.0,0.0
서울,2021-06-08,29.5,0,1.0,1,1,0.0,1.0
서울,2021-06-09,31.6,1,3.0,2,1,1.0,0.0
서울,2021-06-10,29.8,0,4.0,3,1,1.0,1.0
서울,2021-06-11,24.4,0,0.0,4,0,1.0,1.0
서울,2021-06-12,30.2,2,0.0,5,0,0.0,1.0
서울,2021-06-13,29.7,1,1.0,6,1,0.0,0.0
서울,2021-06-14,30.2,0,0.0,0,0,1.0,0.0
서울,2021-06-15,25.3,0,1.0,1,1,0.0,1.0
서울,2021-06-16,28.9,0,0.0,2,0,1.0,0.0
서울,2021-06-17,25.0,0,0.0,3,0,0.0,1.0
서울,2021-06-18,21.4,0,4.0,4,1,0.0,0.0
서울,2021-06-19,27.4,0,1.0,5,1,1.0,0.0
서울,2021-06-20,29.0,0,4.0,6,1,1.0,1.0
서울,2021-06-21,28.5,0,1.0,0,1,1.0,1.0
서울,2021-06-22,28.6,0,0.0,1,0,1.0,1.0
서울,2021-06-23,27.9,0,0.0,2,0,0.0,1.0
서울,2021-06-24,28.0,0,1.0,3,1,0.0,0.0
서울,2021-06-25,29.5,1,2.0,4,1,1.0,0.0
서울,2021-06-26,26.7,0,1.0,5,1,1.0,1.0
서울,2021-06-27,30.8,0,1.0,6,1,1.0,1.0
서울,2021-06-28,29.2,0,1.0,0,1,1.0,1.0
서울,2021-06-29,28.4,0,2.0,1,1,1.0,1.0
서울,2021-06-30,28.8,0,2.0,2,1,1.0,1.0
서울,2021-07-01,31.0,0,1.0,3,1,1.0,1.0
서울,2021-07-02,31.8,0,0.0,4,0,1.0,1.0
서울,2021-07-03,25.7,0,2.0,5,1,0.0,1.0
서울,2021-07-04,23.1,0,2.0,6,1,1.0,0.0
서울,2021-07-05,26.9,0,0.0,0,0,1.0,1.0
서울,2021-07-06,30.1,0,0.0,1,0,0.0,1.0
서울,2021-07-07,29.1,2,3.0,2,1,0.0,0.0
서울,2021-07-08,29.8,1,2.0,3,1,1.0,0.0
서울,2021-07-09,29.2,0,0.0,4,0,1.0,1.0
서울,2021-07-10,29.2,0,0.0,5,0,0.0,1.0
서울,2021-07-11,27.5,0,3.0,6,1,0.0,0.0
서울,2021-07-12,32.5,1,0.0,0,0,1.0,0.0
서울,2021-07-13,31.5,0,0.0,1,0,0.0,1.0
서울,2021-07-14,33.5,4,1.0,2,1,0.0,0.0
서울,2021-07-15,34.5,5,1.0,3,1,1.0,0.0
서울,2021-07-16,35.2,1,7.0,4,1,1.0,1.0
서울,2021-07-17,32.8,2,1.0,5,1,1.0,1.0
서울,2021-07-18,34.1,2,1.0,6,1,1.0,1.0
서울,2021-07-19,30.5,1,2.0,0,1,1.0,1.0
서울,2021-07-20,31.8,4,1.0,1,1,1.0,1.0
서울,2021-07-21,35.3,5,2.0,2,1,1.0,1.0
서울,2021-07-22,35.9,9,1.0,3,1,1.0,1.0
서울,2021-07-23,35.8,4,0.0,4,0,1.0,1.0
서울,2021-07-24,36.5,7,0.0,5,0,0.0,1.0
서울,2021-07-25,35.9,10,1.0,6,1,0.0,0.0
서울,2021-07-26,35.4,6,0.0,0,0,1.0,0.0
서울,2021-07-27,35.7,13,2.0,1,1,0.0,1.0
서울,2021-07-28,34.7,12,0.0,2,0,1.0,0.0
서울,2021-07-29,33.3,4,2.0,3,1,0.0,1.0
서울,2021-07-30,35.4,1,1.0,4,1,1.0,0.0
서울,2021-07-31,34.3,4,1.0,5,1,1.0,1.0
서울,2021-08-01,28.8,1,1.0,6,1,1.0,1.0
서울,2021-08-02,28.6,0,1.0,0,1,1.0,1.0
서울,2021-08-03,31.4,0,1.0,1,1,1.0,1.0
서울,2021-08-04,33.2,5,2.0,2,1,1.0,1.0
서울,2021-08-05,33.7,3,1.0,3,1,1.0,1.0
서울,2021-08-06,32.2,1,2.0,4,1,1.0,1.0
서울,2021-08-07,32.3,2,1.0,5,1,1.0,1.0
서울,2021-08-08,32.1,0,0.0,6,0,1.0,1.0
서울,2021-08-09,33.6,1,2.0,0,1,0.0,1.0
서울,2021-08-10,32.2,0,1.0,1,1,1.0,0.0
서울,2021-08-11,31.6,1,1.0,2,1,1.0,1.0
서울,2021-08-12,31.7,1,2.0,3,1,1.0,1.0
서울,2021-08-13,30.1,0,0.0,4,0,1.0,1.0
서울,2021-08-14,30.5,0,3.0,5,1,0.0,1.0
서울,2021-08-15,32.4,0,1.0,6,1,1.0,0.0
서울,2021-08-16,32.8,0,1.0,0,1,1.0,1.0
서울,2021-08-17,31.3,0,2.0,1,1,1.0,1.0
서울,2021-08-18,31.0,1,2.0,2,1,1.0,1.0
서울,2021-08-19,31.5,0,0.0,3,0,1.0,1.0
서울,2021-08-20,30.7,0,1.0,4,1,0.0,1.0
서울,2021-08-21,25.5,0,5.0,5,1,1.0,0.0
서울,2021-08-22,27.0,0,1.0,6,1,1.0,1.0
서울,2021-08-23,24.0,0,0.0,0,0,1.0,1.0
서울,2021-08-24,26.4,0,0.0,1,0,0.0,1.0
서울,2021-08-25,27.3,0,1.0,2,1,0.0,0.0
서울,2021-08-26,27.9,0,1.0,3,1,1.0,0.0
서울,2021-08-27,25.5,0,1.0,4,1,1.0,1.0
서울,2021-08-28,28.2,0,0.0,5,0,1.0,1.0
서울,2021-08-29,26.3,0,4.0,6,1,0.0,1.0
서울,2021-08-30,27.7,0,0.0,0,0,1.0,0.0
서울,2021-08-31,23.1,0,1.0,1,1,0.0,1.0
서울,2021-09-01,23.9,0,0.0,2,0,1.0,0.0
서울,2021-09-02,26.7,0,1.0,3,1,0.0,1.0
서울,2021-09-03,29.2,0,0.0,4,0,1.0,0.0
서울,2021-09-04,28.6,0,2.0,5,1,0.0,1.0
서울,2021-09-05,27.3,0,0.0,6,0,1.0,0.0
서울,2021-09-06,26.4,0,0.0,0,0,0.0,1.0
서울,2021-09-07,20.9,0,1.0,1,1,0.0,0.0
서울,2021-09-08,26.9,0,2.0,2,1,1.0,0.0
서울,2021-09-09,29.1,0,1.0,3,1,1.0,1.0
서울,2021-09-10,28.9,0,1.0,4,1,1.0,1.0
서울,2021-09-11,29.4,0,0.0,5,0,1.0,1.0
서울,2021-09-12,29.8,0,0.0,6,0,0.0,1.0
서울,2021-09-13,30.3,0,1.0,0,1,0.0,0.0
서울,2021-09-14,29.5,0,0.0,1,0,1.0,0.0
서울,2021-09-15,28.9,0,0.0,2,0,0.0,1.0
서울,2021-09-16,27.3,0,1.0,3,1,0.0,0.0
서울,2021-09-17,28.2,0,1.0,4,1,1.0,0.0
서울,2021-09-18,29.8,0,1.0,5,1,1.0,1.0
서울,2021-09-19,27.8,0,2.0,6,1,1.0,1.0
서울,2021-09-20,28.4,0,1.0,0,1,1.0,1.0
서울,2021-09-21,26.2,0,0.0,1,0,1.0,1.0
서울,2021-09-22,24.3,0,1.0,2,1,0.0,1.0
서울,2021-09-23,25.9,1,0.0,3,0,1.0,0.0
서울,2021-09-24,26.9,0,1.0,4,1,0.0,1.0
서울,2021-09-25,23.1,0,1.0,5,1,1.0,0.0
서울,2021-09-26,27.3,0,1.0,6,1,1.0,1.0
서울,2021-09-27,25.0,0,0.0,0,0,1.0,1.0
서울,2021-09-28,24.4,0,1.0,1,1,0.0,1.0
서울,2021-09-29,21.4,0,0.0,2,0,1.0,0.0
서울,2021-09-30,25.9,0,0.0,3,0,0.0,1.0
서울,2022-05-01,19.2,0,0.0,6,0,0.0,0.0
서울,2022-05-02,19.4,0,0.0,0,0,0.0,0.0
서울,2022-05-03,20.8,0,0.0,1,0,0.0,0.0
서울,2022-05-04,25.2,0,0.0,2,0,0.0,0.0
서울,2022-05-05,25.8,0,1.0,3,1,0.0,0.0
서울,2022-05-06,25.6,0,0.0,4,0,1.0,0.0
서울,2022-05-07,23.1,0,1.0,5,1,0.0,1.0
서울,2022-05-08,18.2,0,0.0,6,0,1.0,0.0
서울,2022-05-09,25.3,0,0.0,0,0,0.0,1.0
서울,2022-05-10,26.3,0,2.0,1,1,0.0,0.0
서울,2022-05-11,25.2,0,0.0,2,0,1.0,0.0
서울,2022-05-12,28.1,0,0.0,3,0,0.0,1.0
서울,2022-05-13,25.2,0,2.0,4,1,0.0,0.0
서울,2022-05-14,20.0,0,1.0,5,1,1.0,0.0
서울,2022-05-15,22.4,0,1.0,6,1,1.0,1.0
서울,2022-05-16,23.7,0,1.0,0,1,1.0,1.0
서울,2022-05-17,27.4,0,1.0,1,1,1.0,1.0
서울,2022-05-18,25.4,0,2.0,2,1,1.0,1.0
서울,2022-05-19,24.2,0,0.0,3,0,1.0,1.0
서울,2022-05-20,25.8,0,1.0,4,1,0.0,1.0
서울,2022-05-21,26.0,0,0.0,5,0,1.0,0.0
서울,2022-05-22,25.8,1,0.0,6,0,0.0,1.0
서울,2022-05-23,30.7,0,2.0,0,1,0.0,0.0
서울,2022-05-24,30.2,0,1.0,1,1,1.0,0.0
서울,2022-05-25,26.7,0,2.0,2,1,1.0,1.0
서울,2022-05-26,23.5,0,1.0,3,1,1.0,1.0
서울,2022-05-27,25.6,0,0.0,4,0,1.0,1.0
서울,2022-05-28,29.3,0,1.0,5,1,0.0,1.0
서울,2022-05-29,29.7,0,0.0,6,0,1.0,0.0
서울,2022-05-30,24.7,0,0.0,0,0,0.0,1.0
서울,2022-05-31,27.2,0,0.0,1,0,0.0,0.0
서울,2022-06-01,28.6,0,0.0,2,0,0.0,0.0
서울,2022-06-02,26.9,0,0.0,3,0,0.0,0.0
서울,2022-06-03,32.6,0,0.0,4,0,0.0,0.0
서울,2022-06-04,29.7,0,2.0,5,1,0.0,0.0
서울,2022-06-05,27.0,1,0.0,6,0,1.0,0.0
서울,2022-06-06,24.5,0,4.0,0,1,0.0,1.0
서울,2022-06-07,25.1,0,1.0,1,1,1.0,0.0
서울,2022-06-08,25.8,0,0.0,2,0,1.0,1.0
서울,2022-06-09,24.5,0,0.0,3,0,0.0,1.0
서울,2022-06-10,26.6,0,0.0,4,0,0.0,0.0
서울,2022-06-11,32.7,2,1.0,5,1,0.0,0.0
서울,2022-06-12,31.5,3,2.0,6,1,1.0,0.0
서울,2022-06-13,29.2,0,1.0,0,1,1.0,1.0
서울,2022-06-14,27.1,0,1.0,1,1,1.0,1.0
서울,2022-06-15,20.1,0,0.0,2,0,1.0,1.0
서울,2022-06-16,24.8,0,0.0,3,0,0.0,1.0
서울,2022-06-17,28.1,0,2.0,4,1,0.0,0.0
서울,2022-06-18,25.1,0,1.0,5,1,1.0,0.0
서울,2022-06-19,25.1,0,1.0,6,1,1.0,1.0
서울,2022-06-20,29.0,0,0.0,0,0,1.0,1.0
서울,2022-06-21,32.6,1,1.0,1,1,0.0,1.0
서울,2022-06-22,31.0,1,2.0,2,1,1.0,0.0
서울,2022-06-23,26.4,1,6.0,3,1,1.0,1.0
서울,2022-06-24,24.9,0,0.0,4,0,1.0,1.0
서울,2022-06-25,30.5,1,1.0,5,1,0.0,1.0
서울,2022-06-26,28.1,1,0.0,6,0,1.0,0.0
서울,2022-06-27,28.1,0,0.0,0,0,0.0,1.0
서울,2022-06-28,27.9,2,5.0,1,1,0.0,0.0
서울,2022-06-29,26.1,0,2.0,2,1,1.0,0.0
서울,2022-06-30,24.5,0,4.0,3,1,1.0,1.0
서울,2022-07-01,30.9,2,2.0,4,1,1.0,1.0
서울,2022-07-02,33.8,9,2.0,5,1,1.0,1.0
서울,2022-07-03,34.2,7,1.0,6,1,1.0,1.0
서울,2022-07-04,32.6,3,0.0,0,0,1.0,1.0
서울,2022-07-05,33.1,7,1.0,1,1,0.0,1.0
서울,2022-07-06,33.3,3,4.0,2,1,1.0,0.0
서울,2022-07-07,31.0,6,3.0,3,1,1.0,1.0
서울,2022-07-08,27.9,1,2.0,4,1,1.0,1.0
서울,2022-07-09,30.9,2,2.0,5,1,1.0,1.0
서울,2022-07-10,35.1,4,0.0,6,0,1.0,1.0
서울,2022-07-11,30.6,1,1.0,0,1,0.0,1.0
서울,2022-07-12,29.4,1,0.0,1,0,1.0,0.0
서울,2022-07-13,27.1,1,0.0,2,0,0.0,1.0
서울,2022-07-14,29.9,0,3.0,3,1,0.0,0.0
서울,2022-07-15,30.3,0,0.0,4,0,1.0,0.0
서울,2022-07-16,28.2,1,0.0,5,0,0.0,1.0
서울,2022-07-17,29.7,0,2.0,6,1,0.0,0.0
서울,2022-07-18,30.1,1,0.0,0,0,1.0,0.0
서울,2022-07-19,31.1,1,0.0,1,0,0.0,1.0
서울,2022-07-20,30.4,0,1.0,2,1,0.0,0.0
서울,2022-07-21,25.2,0,0.0,3,0,1.0,0.0
서울,2022-07-22,27.5,0,0.0,4,0,0.0,1.0
서울,2022-07-23,28.0,0,0.0,5,0,0.0,0.0
서울,2022-07-24,28.4,0,0.0,6,0,0.0,0.0
서울,2022-07-25,32.0,2,1.0,0,1,0.0,0.0
서울,2022-07-26,33.1,1,0.0,1,0,1.0,0.0
서울,2022-07-27,33.4,1,1.0,2,1,0.0,1.0
서울,2022-07-28,34.4,6,0.0,3,0,1.0,0.0
서울,2022-07-29,34.3,4,0.0,4,0,0.0,1.0
서울,2022-07-30,36.1,4,1.0,5,1,0.0,0.0
서울,2022-07-31,29.0,0,2.0,6,1,1.0,0.0
서울,2022-08-01,32.4,3,1.0,0,1,1.0,1.0
서울,2022-08-02,28.5,0,0.0,1,0,1.0,1.0
서울,2022-08-03,30.0,0,1.0,2,1,0.0,1.0
서울,2022-08-04,32.9,3,1.0,3,1,1.0,0.0
서울,2022-08-05,32.7,6,0.0,4,0,1.0,1.0
서울,2022-08-06,30.3,2,0.0,5,0,0.0,1.0
서울,2022-08-07,31.7,2,2.0,6,1,0.0,0.0
서울,2022-08-08,28.4,0,16.0,0,1,1.0,0.0
서울,2022-08-09,26.5,0,1.0,1,1,1.0,1.0
서울,2022-08-10,28.8,0,0.0,2,0,1.0,1.0
서울,2022-08-11,27.5,0,2.0,3,1,0.0,1.0
서울,2022-08-12,32.4,3,0.0,4,0,1.0,0.0
서울,2022-08-13,27.5,0,1.0,5,1,0.0,1.0
서울,2022-08-14,31.5,1,0.0,6,0,1.0,0.0
서울,2022-08-15,29.8,0,0.0,0,0,0.0,1.0
서울,2022-08-16,30.0,0,0.0,1,0,0.0,0.0
서울,2022-08-17,30.5,0,1.0,2,1,0.0,0.0
서울,2022-08-18,29.8,1,0.0,3,0,1.0,0.0
서울,2022-08-19,27.5,0,1.0,4,1,0.0,1.0
서울,2022-08-20,32.0,1,1.0,5,1,1.0,0.0
서울,2022-08-21,32.0,1,0.0,6,0,1.0,1.0
서울,2022-08-22,30.2,0,0.0,0,0,0.0,1.0
서울,2022-08-23,30.2,0,1.0,1,1,0.0,0.0
서울,2022-08-24,27.9,0,2.0,2,1,1.0,0.0
서울,2022-08-25,24.0,0,0.0,3,0,1.0,1.0
서울,2022-08-26,28.4,0,1.0,4,1,0.0,1.0
서울,2022-08-27,25.5,0,3.0,5,1,1.0,0.0
서울,2022-08-28,28.4,0,0.0,6,0,1.0,1.0
서울,2022-08-29,22.5,0,1.0,0,1,0.0,1.0
서울,2022-08-30,20.3,0,2.0,1,1,1.0,0.0
서울,2022-08-31,24.9,0,3.0,2,1,1.0,1.0
서울,2022-09-01,30.4,0,0.0,3,0,1.0,1.0
서울,2022-09-02,29.8,1,2.0,4,1,0.0,1.0
서울,2022-09-03,29.2,0,1.0,5,1,1.0,0.0
서울,2022-09-04,24.0,0,1.0,6,1,1.0,1.0
서울,2022-09-05,22.7,0,3.0,0,1,1.0,1.0
서울,2022-09-06,26.3,0,0.0,1,0,1.0,1.0
서울,2022-09-07,28.1,0,1.0,2,1,0.0,1.0
서울,2022-09-08,29.5,0,0.0,3,0,1.0,0.0
서울,2022-09-09,30.8,0,0.0,4,0,0.0,1.0
서울,2022-09-10,28.4,0,1.0,5,1,0.0,0.0
서울,2022-09-11,26.4,0,1.0,6,1,1.0,0.0
서울,2022-09-12,27.5,0,0.0,0,0,1.0,1.0
서울,2022-09-13,26.4,0,0.0,1,0,0.0,1.0
서울,2022-09-14,27.9,0,2.0,2,1,0.0,0.0
서울,2022-09-15,28.3,0,1.0,3,1,1.0,0.0
서울,2022-09-16,29.9,1,0.0,4,0,1.0,1.0
서울,2022-09-17,29.4,3,0.0,5,0,0.0,1.0
서울,2022-09-18,32.5,0,2.0,6,1,0.0,0.0
서울,2022-09-19,29.6,0,0.0,0,0,1.0,0.0
서울,2022-09-20,24.6,0,1.0,1,1,0.0,1.0
서울,2022-09-21,25.6,0,1.0,2,1,1.0,0.0
서울,2022-09-22,24.7,0,0.0,3,0,1.0,1.0
서울,2022-09-23,22.2,0,4.0,4,1,0.0,1.0
서울,2022-09-24,24.2,0,0.0,5,0,1.0,0.0
서울,2022-09-25,25.2,0,1.0,6,1,0.0,1.0
서울,2022-09-26,25.4,0,0.0,0,0,1.0,0.0
서울,2022-09-27,28.0,0,1.0,1,1,0.0,1.0
서울,2022-09-28,26.1,0,0.0,2,0,1.0,0.0
서울,2022-09-29,26.5,0,0.0,3,0,0.0,1.0
서울,2022-09-30,27.7,0,0.0,4,0,0.0,0.0
서울,2023-05-01,20.8,0,0.0,0,0,0.0,0.0
서울,2023-05-02,23.7,0,0.0,1,0,0.0,0.0
서울,2023-05-03,26.2,0,1.0,2,1,0.0,0.0
서울,2023-05-04,25.8,0,0.0,3,0,1.0,0.0
서울,2023-05-05,21.6,0,1.0,4,1,0.0,1.0
서울,2023-05-06,15.5,0,6.0,5,1,1.0,0.0
서울,2023-05-07,18.6,0,0.0,6,0,1.0,1.0
서울,2023-05-08,22.0,0,4.0,0,1,0.0,1.0
서울,2023-05-09,24.4,0,0.0,1,0,1.0,0.0
서울,2023-05-10,26.0,0,0.0,2,0,0.0,1.0
서울,2023-05-11,26.7,0,0.0,3,0,0.0,0.0
서울,2023-05-12,24.7,0,0.0,4,0,0.0,0.0
서울,2023-05-13,23.9,0,1.0,5,1,0.0,0.0
서울,2023-05-14,23.8,0,0.0,6,0,1.0,0.0
서울,2023-05-15,27.9,0,1.0,0,1,0.0,1.0
서울,2023-05-16,31.2,0,0.0,1,0,1.0,0.0
서울,2023-05-17,28.7,0,1.0,2,1,0.0,1.0
서울,2023-05-18,27.6,0,0.0,3,0,1.0,0.0
서울,2023-05-19,27.8,0,1.0,4,1,0.0,1.0
서울,2023-05-20,26.7,5,1.0,5,1,1.0,0.0
서울,2023-05-21,21.9,0,2.0,6,1,1.0,1.0
서울,2023-05-22,26.8,0,1.0,0,1,1.0,1.0
서울,2023-05-23,26.9,0,1.0,1,1,1.0,1.0
서울,2023-05-24,25.9,1,1.0,2,1,1.0,1.0
서울,2023-05-25,27.4,0,0.0,3,0,1.0,1.0
서울,2023-05-26,27.3,0,2.0,4,1,0.0,1.0
서울,2023-05-27,20.7,0,0.0,5,0,1.0,0.0
서울,2023-05-28,20.2,0,1.0,6,1,0.0,1.0
서울,2023-05-29,28.5,0,1.0,0,1,1.0,0.0
서울,2023-05-30,28.9,0,0.0,1,0,1.0,1.0
서울,2023-05-31,28.2,0,0.0,2,0,0.0,1.0
서울,2023-06-01,26.3,0,0.0,3,0,0.0,0.0
서울,2023-06-02,25.0,0,1.0,4,1,0.0,0.0
서울,2023-06-03,27.8,0,0.0,5,0,1.0,0.0
서울,2023-06-04,28.0,1,0.0,6,0,0.0,1.0
서울,2023-06-05,26.3,0,1.0,0,1,0.0,0.0
서울,2023-06-06,25.2,0,1.0,1,1,1.0,0.0
서울,2023-06-07,25.7,0,1.0,2,1,1.0,1.0
서울,2023-06-08,23.9,0,2.0,3,1,1.0,1.0
서울,2023-06-09,28.4,1,2.0,4,1,1.0,1.0
서울,2023-06-10,28.5,3,2.0,5,1,1.0,1.0
서울,2023-06-11,27.3,2,2.0,6,1,1.0,1.0
서울,2023-06-12,27.5,0,0.0,0,0,1.0,1.0
서울,2023-06-13,26.0,0,0.0,1,0,0.0,1.0
서울,2023-06-14,25.0,0,0.0,2,0,0.0,0.0
서울,2023-06-15,28.3,0,2.0,3,1,0.0,0.0
서울,2023-06-16,28.9,1,0.0,4,0,1.0,0.0
서울,2023-06-17,30.2,3,1.0,5,1,0.0,1.0
서울,2023-06-18,32.6,1,0.0,6,0,1.0,0.0
서울,2023-06-19,34.0,3,1.0,0,1,0.0,1.0
서울,2023-06-20,26.4,0,1.0,1,1,1.0,0.0
서울,2023-06-21,22.1,0,1.0,2,1,1.0,1.0
서울,2023-06-22,26.4,0,0.0,3,0,1.0,1.0
서울,2023-06-23,29.9,1,0.0,4,0,0.0,1.0
서울,2023-06-24,31.1,1,0.0,5,0,0.0,0.0
서울,2023-06-25,33.1,1,2.0,6,1,0.0,0.0
서울,2023-06-26,27.5,0,2.0,0,1,1.0,0.0
서울,2023-06-27,29.1,0,1.0,1,1,1.0,1.0
서울,2023-06-28,30.1,1,0.0,2,0,1.0,1.0
서울,2023-06-29,25.9,0,1.0,3,1,0.0,1.0
서울,2023-06-30,29.1,0,3.0,4,1,1.0,0.0
서울,2023-07-01,32.9,4,0.0,5,0,1.0,1.0
서울,2023-07-02,30.6,3,2.0,6,1,0.0,1.0
서울,2023-07-03,34.9,10,1.0,0,1,1.0,0.0
서울,2023-07-04,29.2,1,2.0,1,1,1.0,1.0
서울,2023-07-05,27.1,0,1.0,2,1,1.0,1.0
서울,2023-07-06,31.8,5,1.0,3,1,1.0,1.0
서울,2023-07-07,31.4,3,0.0,4,0,1.0,1.0
서울,2023-07-08,29.7,2,0.0,5,0,0.0,1.0
서울,2023-07-09,27.0,0,2.0,6,1,0.0,0.0
서울,2023-07-10,30.9,0,0.0,0,0,1.0,0.0
서울,2023-07-11,25.9,0,2.0,1,1,0.0,1.0
서울,2023-07-12,29.1,1,2.0,2,1,1.0,0.0
서울,2023-07-13,26.5,0,2.0,3,1,1.0,1.0
서울,2023-07-14,25.1,1,2.0,4,1,1.0,1.0
서울,2023-07-15,25.7,0,0.0,5,0,1.0,1.0
서울,2023-07-16,25.4,0,1.0,6,1,0.0,1.0
서울,2023-07-17,27.8,1,0.0,0,0,1.0,0.0
서울,2023-07-18,27.7,0,1.0,1,1,0.0,1.0
서울,2023-07-19,32.4,5,3.0,2,1,1.0,0.0
서울,2023-07-20,32.8,10,1.0,3,1,1.0,1.0
서울,2023-07-21,34.3,6,4.0,4,1,1.0,1.0
서울,2023-07-22,32.5,2,0.0,5,0,1.0,1.0
서울,2023-07-23,25.8,0,1.0,6,1,0.0,1.0
서울,2023-07-24,30.0,0,0.0,0,0,1.0,0.0
서울,2023-07-25,30.5,1,2.0,1,1,0.0,1.0
서울,2023-07-26,31.1,1,1.0,2,1,1.0,0.0
서울,2023-07-27,32.2,3,0.0,3,0,1.0,1.0
서울,2023-07-28,34.1,5,0.0,4,0,0.0,1.0
서울,2023-07-29,33.3,6,1.0,5,1,0.0,0.0
서울,2023-07-30,34.9,2,2.0,6,1,1.0,0.0
서울,2023-07-31,33.4,5,1.0,0,1,1.0,1.0
서울,2023-08-01,34.2,2,2.0,1,1,1.0,1.0
서울,2023-08-02,33.7,7,1.0,2,1,1.0,1.0
서울,2023-08-03,33.8,10,1.0,3,1,1.0,1.0
서울,2023-08-04,34.4,7,0.0,4,0,1.0,1.0
서울,2023-08-05,34.9,12,1.0,5,1,0.0,1.0
서울,2023-08-06,33.0,6,1.0,6,1,1.0,0.0
서울,2023-08-07,34.6,9,1.0,0,1,1.0,1.0
서울,2023-08-08,35.8,8,3.0,1,1,1.0,1.0
서울,2023-08-09,31.6,3,6.0,2,1,1.0,1.0
서울,2023-08-10,25.1,1,2.0,3,1,1.0,1.0
서울,2023-08-11,24.9,1,2.0,4,1,1.0,1.0
서울,2023-08-12,24.1,0,0.0,5,0,1.0,1.0
서울,2023-08-13,31.1,1,1.0,6,1,0.0,1.0
서울,2023-08-14,31.9,6,2.0,0,1,1.0,0.0
서울,2023-08-15,32.7,3,3.0,1,1,1.0,1.0
서울,2023-08-16,31.6,1,0.0,2,0,1.0,1.0
서울,2023-08-17,32.4,3,0.0,3,0,0.0,1.0
서울,2023-08-18,33.3,3,0.0,4,0,0.0,0.0
서울,2023-08-19,33.6,0,0.0,5,0,0.0,0.0
서울,2023-08-20,31.8,2,1.0,6,1,0.0,0.0
서울,2023-08-21,33.6,4,1.0,0,1,1.0,0.0
서울,2023-08-22,32.2,0,1.0,1,1,1.0,1.0
서울,2023-08-23,27.2,0,1.0,2,1,1.0,1.0
서울,2023-08-24,27.8,0,3.0,3,1,1.0,1.0
서울,2023-08-25,30.0,0,0.0,4,0,1.0,1.0
서울,2023-08-26,30.3,0,0.0,5,0,0.0,1.0
서울,2023-08-27,29.6,0,0.0,6,0,0.0,0.0
서울,2023-08-28,25.6,0,0.0,0,0,0.0,0.0
서울,2023-08-29,25.5,0,0.0,1,0,0.0,0.0
서울,2023-08-30,24.5,0,1.0,2,1,0.0,0.0
서울,2023-08-31,28.9,0,0.0,3,0,1.0,0.0
서울,2023-09-01,29.6,0,0.0,4,0,0.0,1.0
서울,2023-09-02,30.8,1,0.0,5,0,0.0,0.0
서울,2023-09-03,28.8,0,0.0,6,0,0.0,0.0
서울,2023-09-04,30.2,0,1.0,0,1,0.0,0.0
서울,2023-09-05,32.8,0,0.0,1,0,1.0,0.0
서울,2023-09-06,32.1,1,1.0,2,1,0.0,1.0
서울,2023-09-07,31.6,1,1.0,3,1,1.0,0.0
서울,2023-09-08,30.5,0,0.0,4,0,1.0,1.0
서울,2023-09-09,31.2,2,0.0,5,0,0.0,1.0
서울,2023-09-10,29.6,1,1.0,6,1,0.0,0.0
서울,2023-09-11,29.8,0,0.0,0,0,1.0,0.0
서울,2023-09-12,29.8,0,0.0,1,0,0.0,1.0
서울,2023-09-13,24.6,0,0.0,2,0,0.0,0.0
서울,2023-09-14,27.2,0,0.0,3,0,0.0,0.0
서울,2023-09-15,24.3,0,0.0,4,0,0.0,0.0
서울,2023-09-16,26.6,1,0.0,5,0,0.0,0.0
서울,2023-09-17,28.0,1,0.0,6,0,0.0,0.0
서울,2023-09-18,28.9,0,1.0,0,1,0.0,0.0
서울,2023-09-19,27.2,0,0.0,1,0,1.0,0.0
서울,2023-09-20,23.9,0,0.0,2,0,0.0,1.0
서울,2023-09-21,23.6,0,1.0,3,1,0.0,0.0
서울,2023-09-22,26.7,0,2.0,4,1,1.0,0.0
서울,2023-09-23,27.6,0,1.0,5,1,1.0,1.0
서울,2023-09-24,26.2,2,0.0,6,0,1.0,1.0
서울,2023-09-25,26.0,0,0.0,0,0,0.0,1.0
서울,2023-09-26,20.8,0,0.0,1,0,0.0,0.0
서울,2023-09-27,23.7,0,0.0,2,0,0.0,0.0
서울,2023-09-28,27.3,0,0.0,3,0,0.0,0.0
서울,2023-09-29,26.9,0,0.0,4,0,0.0,0.0
서울,2023-09-30,22.2,0,2.0,5,1,0.0,0.0
서울,2024-05-01,24.0,0,0.0,2,0,1.0,0.0
서울,2024-05-02,23.7,0,0.0,3,0,0.0,1.0
서울,2024-05-03,27.9,0,0.0,4,0,0.0,0.0
서울,2024-05-04,28.5,0,1.0,5,1,0.0,0.0
서울,2024-05-05,20.6,0,5.0,6,1,1.0,0.0
서울,2024-05-06,15.7,0,2.0,0,1,1.0,1.0
서울,2024-05-07,15.0,0,0.0,1,0,1.0,1.0
서울,2024-05-08,21.4,0,1.0,2,1,0.0,1.0
서울,2024-05-09,21.8,0,1.0,3,1,1.0,0.0
서울,2024-05-10,23.8,0,2.0,4,1,1.0,1.0
서울,2024-05-11,22.0,0,3.0,5,1,1.0,1.0
서울,2024-05-12,21.6,0,0.0,6,0,1.0,1.0
서울,2024-05-13,24.5,0,0.0,0,0,0.0,1.0
서울,2024-05-14,24.7,0,1.0,1,1,0.0,0.0
서울,2024-05-15,18.8,0,1.0,2,1,1.0,0.0
서울,2024-05-16,19.8,0,0.0,3,0,1.0,1.0
서울,2024-05-17,24.9,0,0.0,4,0,0.0,1.0
서울,2024-05-18,26.5,0,1.0,5,1,0.0,0.0
서울,2024-05-19,27.9,0,0.0,6,0,1.0,0.0
서울,2024-05-20,22.8,0,0.0,0,0,0.0,1.0
서울,2024-05-21,28.3,0,0.0,1,0,0.0,0.0
서울,2024-05-22,25.5,0,0.0,2,0,0.0,0.0
서울,2024-05-23,26.4,0,0.0,3,0,0.0,0.0
서울,2024-05-24,24.7,0,1.0,4,1,0.0,0.0
서울,2024-05-25,24.7,1,0.0,5,0,1.0,0.0
서울,2024-05-26,23.7,0,0.0,6,0,0.0,1.0
서울,2024-05-27,22.6,0,4.0,0,1,0.0,0.0
서울,2024-05-28,26.1,0,1.0,1,1,1.0,0.0
서울,2024-05-29,26.8,0,1.0,2,1,1.0,1.0
서울,2024-05-30,24.6,0,2.0,3,1,1.0,1.0
서울,2024-05-31,25.4,0,0.0,4,0,1.0,1.0
서울,2024-06-01,25.2,0,0.0,5,0,0.0,1.0
서울,2024-06-02,25.8,0,0.0,6,0,0.0,0.0
서울,2024-06-03,28.7,0,1.0,0,1,0.0,0.0
서울,2024-06-04,29.3,1,1.0,1,1,1.0,0.0
서울,2024-06-05,30.1,0,1.0,2,1,1.0,1.0
서울,2024-06-06,31.4,1,0.0,3,0,1.0,1.0
서울,2024-06-07,28.0,0,1.0,4,1,0.0,1.0
서울,2024-06-08,25.0,0,3.0,5,1,1.0,0.0
서울,2024-06-09,28.8,0,0.0,6,0,1.0,1.0
서울,2024-06-10,31.1,1,2.0,0,1,0.0,1.0
서울,2024-06-11,31.6,1,0.0,1,0,1.0,0.0
서울,2024-06-12,31.8,2,0.0,2,0,0.0,1.0
서울,2024-06-13,32.8,3,1.0,3,1,0.0,0.0
서울,2024-06-14,33.0,0,1.0,4,1,1.0,0.0
서울,2024-06-15,28.2,0,1.0,5,1,1.0,1.0
서울,2024-06-16,29.5,0,1.0,6,1,1.0,1.0
서울,2024-06-17,30.2,0,2.0,0,1,1.0,1.0
서울,2024-06-18,32.9,1,1.0,1,1,1.0,1.0
서울,2024-06-19,35.8,3,3.0,2,1,1.0,1.0
서울,2024-06-20,35.4,0,2.0,3,1,1.0,1.0
서울,2024-06-21,33.9,4,0.0,4,0,1.0,1.0
서울,2024-06-22,26.1,0,1.0,5,1,0.0,1.0
서울,2024-06-23,30.1,3,2.0,6,1,1.0,0.0
서울,2024-06-24,27.9,3,3.0,0,1,1.0,1.0
서울,2024-06-25,27.2,0,1.0,1,1,1.0,1.0
서울,2024-06-26,31.6,1,0.0,2,0,1.0,1.0
서울,2024-06-27,31.6,0,0.0,3,0,0.0,1.0
서울,2024-06-28,32.5,1,0.0,4,0,0.0,0.0
서울,2024-06-29,32.3,1,1.0,5,1,0.0,0.0
서울,2024-06-30,24.9,0,4.0,6,1,1.0,0.0
서울,2024-07-01,31.3,0,3.0,0,1,1.0,1.0
서울,2024-07-02,25.2,0,2.0,1,1,1.0,1.0
서울,2024-07-03,25.9,0,0.0,2,0,1.0,1.0
서울,2024-07-04,30.6,0,3.0,3,1,0.0,1.0
서울,2024-07-05,26.1,0,2.0,4,1,1.0,0.0
서울,2024-07-06,30.0,0,4.0,5,1,1.0,1.0
서울,2024-07-07,28.2,0,2.0,6,1,1.0,1.0
서울,2024-07-08,24.5,0,0.0,0,0,1.0,1.0
서울,2024-07-09,26.7,0,2.0,1,1,0.0,1.0
서울,2024-07-10,31.1,0,1.0,2,1,1.0,0.0
서울,2024-07-11,28.9,2,2.0,3,1,1.0,1.0
서울,2024-07-12,30.2,1,2.0,4,1,1.0,1.0
서울,2024-07-13,33.3,0,1.0,5,1,1.0,1.0
서울,2024-07-14,32.1,0,2.0,6,1,1.0,1.0
서울,2024-07-15,31.3,2,0.0,0,0,1.0,1.0
서울,2024-07-16,30.7,0,4.0,1,1,0.0,1.0
서울,2024-07-17,28.1,0,2.0,2,1,1.0,0.0
서울,2024-07-18,25.6,0,3.0,3,1,1.0,1.0
서울,2024-07-19,30.8,0,1.0,4,1,1.0,1.0
서울,2024-07-20,30.6,0,0.0,5,0,1.0,1.0
서울,2024-07-21,29.8,0,2.0,6,1,0.0,1.0
서울,2024-07-22,27.9,0,2.0,0,1,1.0,0.0
서울,2024-07-23,27.3,1,1.0,1,1,1.0,1.0
서울,2024-07-24,30.9,0,0.0,2,0,1.0,1.0
서울,2024-07-25,32.2,9,2.0,3,1,0.0,1.0
서울,2024-07-26,32.7,4,3.0,4,1,1.0,0.0
서울,2024-07-27,31.7,2,2.0,5,1,1.0,1.0
서울,2024-07-28,32.2,2,0.0,6,0,1.0,1.0
서울,2024-07-29,27.8,2,1.0,0,1,0.0,1.0
서울,2024-07-30,31.9,3,0.0,1,0,1.0,0.0
서울,2024-07-31,33.3,2,0.0,2,0,0.0,1.0
서울,2024-08-01,33.2,4,1.0,3,1,0.0,0.0
서울,2024-08-02,32.5,5,0.0,4,0,1.0,0.0
서울,2024-08-03,34.2,7,1.0,5,1,0.0,1.0
서울,2024-08-04,36.2,13,0.0,6,0,1.0,0.0
서울,2024-08-05,33.7,12,2.0,0,1,0.0,1.0
서울,2024-08-06,33.5,3,0.0,1,0,1.0,0.0
서울,2024-08-07,33.4,2,0.0,2,0,0.0,1.0
서울,2024-08-08,31.6,3,0.0,3,0,0.0,0.0
서울,2024-08-09,33.6,9,1.0,4,1,0.0,0.0
서울,2024-08-10,33.6,6,2.0,5,1,1.0,0.0
서울,2024-08-11,34.4,3,0.0,6,0,1.0,1.0
서울,2024-08-12,34.1,14,1.0,0,1,0.0,1.0
서울,2024-08-13,36.4,11,2.0,1,1,1.0,0.0
서울,2024-08-14,34.9,10,4.0,2,1,1.0,1.0
서울,2024-08-15,34.6,7,4.0,3,1,1.0,1.0
서울,2024-08-16,34.3,1,1.0,4,1,1.0,1.0
서울,2024-08-17,34.0,4,1.0,5,1,1.0,1.0
서울,2024-08-18,33.9,8,0.0,6,0,1.0,1.0
서울,2024-08-19,35.3,5,2.0,0,1,0.0,1.0
서울,2024-08-20,35.4,11,2.0,1,1,1.0,0.0
서울,2024-08-21,30.8,2,5.0,2,1,1.0,1.0
서울,2024-08-22,30.3,3,1.0,3,1,1.0,1.0
서울,2024-08-23,31.8,3,0.0,4,0,1.0,1.0
서울,2024-08-24,30.9,1,2.0,5,1,0.0,1.0
서울,2024-08-25,32.7,4,2.0,6,1,1.0,0.0
서울,2024-08-26,30.6,3,1.0,0,1,1.0,1.0
서울,2024-08-27,30.3,1,0.0,1,0,1.0,1.0
서울,2024-08-28,33.2,1,0.0,2,0,0.0,1.0
서울,2024-08-29,33.5,0,0.0,3,0,0.0,0.0
서울,2024-08-30,32.9,1,1.0,4,1,0.0,0.0
서울,2024-08-31,33.0,3,1.0,5,1,1.0,0.0
서울,2024-09-01,31.6,3,1.0,6,1,1.0,1.0
서울,2024-09-02,26.9,0,1.0,0,1,1.0,1.0
서울,2024-09-03,32.0,0,1.0,1,1,1.0,1.0
서울,2024-09-04,33.3,0,1.0,2,1,1.0,1.0
서울,2024-09-05,28.8,0,0.0,3,0,1.0,1.0
서울,2024-09-06,25.7,0,0.0,4,0,0.0,1.0
서울,2024-09-07,31.3,0,1.0,5,1,0.0,0.0
서울,2024-09-08,32.8,0,1.0,6,1,1.0,0.0
서울,2024-09-09,34.1,4,0.0,0,0,1.0,1.0
서울,2024-09-10,33.9,3,1.0,1,1,0.0,1.0
서울,2024-09-11,34.6,0,0.0,2,0,1.0,0.0
서울,2024-09-12,27.1,0,2.0,3,1,0.0,1.0
서울,2024-09-13,28.0,1,1.0,4,1,1.0,0.0
서울,2024-09-14,32.2,0,1.0,5,1,1.0,1.0
서울,2024-09-15,32.4,0,0.0,6,0,1.0,1.0
서울,2024-09-16,32.2,0,0.0,0,0,0.0,1.0
서울,2024-09-17,33.2,1,1.0,1,1,0.0,0.0
서울,2024-09-18,33.6,2,0.0,2,0,1.0,0.0
서울,2024-09-19,32.6,3,2.0,3,1,0.0,1.0
서울,2024-09-20,28.6,0,5.0,4,1,1.0,0.0
서울,2024-09-21,21.9,0,3.0,5,1,1.0,1.0
서울,2024-09-22,26.7,0,1.0,6,1,1.0,1.0
서울,2024-09-23,26.1,0,0.0,0,0,1.0,1.0
서울,2024-09-24,26.9,0,0.0,1,0,0.0,1.0
서울,2024-09-25,27.3,0,0.0,2,0,0.0,0.0
서울,2024-09-26,28.0,0,2.0,3,1,0.0,0.0
서울,2024-09-27,28.0,1,0.0,4,0,1.0,0.0
서울,2024-09-28,27.9,0,1.0,5,1,0.0,1.0
서울,2024-09-29,29.0,0,0.0,6,0,1.0,0.0
서울,2024-09-30,28.5,0,0.0,0,0,0.0,1.0
서울,2025-05-01,17.6,0,0.0,3,0,0.0,0.0
서울,2025-05-02,18.5,0,1.0,4,1,0.0,0.0
서울,2025-05-03,14.0,0,0.0,5,0,1.0,0.0
서울,2025-05-04,19.9,0,1.0,6,1,0.0,1.0
서울,2025-05-05,15.0,0,0.0,0,0,1.0,0.0
서울,2025-05-06,19.5,0,0.0,1,0,0.0,1.0
서울,2025-05-07,21.1,0,2.0,2,1,0.0,0.0
서울,2025-05-08,24.9,0,1.0,3,1,1.0,0.0
서울,2025-05-09,17.4,0,2.0,4,1,1.0,1.0
서울,2025-05-10,15.3,0,0.0,5,0,1.0,1.0
서울,2025-05-11,20.2,0,1.0,6,1,0.0,1.0
서울,2025-05-12,23.6,0,0.0,0,0,1.0,0.0
서울,2025-05-13,25.8,0,0.0,1,0,0.0,1.0
서울,2025-05-14,26.7,0,0.0,2,0,0.0,0.0
서울,2025-05-15,22.2,0,2.0,3,1,0.0,0.0
서울,2025-05-16,22.0,0,1.0,4,1,1.0,0.0
서울,2025-05-17,24.3,13,3.0,5,1,1.0,1.0
서울,2025-05-18,21.0,1,0.0,6,0,1.0,1.0
서울,2025-05-19,20.9,0,2.0,0,1,0.0,1.0
서울,2025-05-20,27.3,0,0.0,1,0,1.0,0.0
서울,2025-05-21,30.8,2,1.0,2,1,0.0,1.0
서울,2025-05-22,28.5,1,2.0,3,1,1.0,0.0
서울,2025-05-23,22.2,0,1.0,4,1,1.0,1.0
서울,2025-05-24,19.3,0,0.0,5,0,1.0,1.0
서울,2025-05-25,22.6,1,1.0,6,1,0.0,1.0
서울,2025-05-26,26.2,0,1.0,0,1,1.0,0.0
서울,2025-05-27,27.0,0,1.0,1,1,1.0,1.0
서울,2025-05-28,26.9,0,0.0,2,0,1.0,1.0
서울,2025-05-29,27.3,0,0.0,3,0,0.0,1.0
서울,2025-05-30,28.3,0,0.0,4,0,0.0,0.0
서울,2025-05-31,27.0,1,0.0,5,0,0.0,0.0
서울,2025-06-01,29.3,0,1.0,6,1,0.0,0.0
서울,2025-06-02,23.1,1,1.0,0,1,1.0,0.0
서울,2025-06-03,25.3,0,2.0,1,1,1.0,1.0
서울,2025-06-04,25.3,0,1.0,2,1,1.0,1.0
서울,2025-06-05,27.1,0,2.0,3,1,1.0,1.0
서울,2025-06-06,30.0,0,0.0,4,0,1.0,1.0
서울,2025-06-07,28.2,1,1.0,5,1,0.0,1.0
서울,2025-06-08,30.4,4,0.0,6,0,1.0,0.0
서울,2025-06-09,30.2,1,2.0,0,1,0.0,1.0
서울,2025-06-10,25.3,0,1.0,1,1,1.0,0.0
서울,2025-06-11,28.5,0,0.0,2,0,1.0,1.0
서울,2025-06-12,33.1,1,1.0,3,1,0.0,1.0
서울,2025-06-13,29.4,1,3.0,4,1,1.0,0.0
서울,2025-06-14,32.1,5,2.0,5,1,1.0,1.0
서울,2025-06-15,33.2,15,1.0,6,1,1.0,1.0
서울,2025-06-16,25.1,0,4.0,0,1,1.0,1.0
서울,2025-06-17,29.6,0,0.0,1,0,1.0,1.0
서울,2025-06-18,30.9,0,2.0,2,1,0.0,1.0
서울,2025-06-19,34.2,2,2.0,3,1,1.0,0.0
서울,2025-06-20,28.3,0,6.0,4,1,1.0,1.0
서울,2025-06-21,24.2,1,3.0,5,1,1.0,1.0
서울,2025-06-22,28.6,0,1.0,6,1,1.0,1.0
서울,2025-06-23,31.7,3,1.0,0,1,1.0,1.0
서울,2025-06-24,28.0,1,0.0,1,0,1.0,1.0
서울,2025-06-25,22.1,2,1.0,2,1,0.0,1.0
서울,2025-06-26,24.2,0,0.0,3,0,1.0,0.0
서울,2025-06-27,29.3,1,2.0,4,1,0.0,1.0
서울,2025-06-28,28.1,0,1.0,5,1,1.0,0.0
서울,2025-06-29,30.2,1,0.0,6,0,1.0,1.0
서울,2025-06-30,31.2,2,1.0,0,1,0.0,1.0
서울,2025-07-01,31.8,4,1.0,1,1,1.0,0.0
서울,2025-07-02,30.9,6,1.0,2,1,1.0,1.0
서울,2025-07-03,32.0,3,2.0,3,1,1.0,1.0
서울,2025-07-04,30.0,0,3.0,4,1,1.0,1.0
서울,2025-07-05,32.3,3,1.0,5,1,1.0,1.0
서울,2025-07-06,32.8,4,3.0,6,1,1.0,1.0
서울,2025-07-07,33.2,6,1.0,0,1,1.0,1.0
서울,2025-07-08,37.8,23,2.0,1,1,1.0,1.0
서울,2025-07-09,36.0,19,2.0,2,1,1.0,1.0
서울,2025-07-10,36.2,16,0.0,3,0,1.0,1.0
서울,2025-07-11,36.1,8,1.0,4,1,0.0,1.0
서울,2025-07-12,36.5,3,2.0,5,1,1.0,0.0
서울,2025-07-13,31.0,2,1.0,6,1,1.0,1.0
서울,2025-07-14,28.1,1,1.0,0,1,1.0,1.0
서울,2025-07-15,25.9,0,1.0,1,1,1.0,1.0
서울,2025-07-16,24.8,0,4.0,2,1,1.0,1.0
서울,2025-07-17,24.4,0,4.0,3,1,1.0,1.0
서울,2025-07-18,27.2,0,0.0,4,0,1.0,1.0
서울,2025-07-19,25.8,0,3.0,5,1,0.0,1.0
서울,2025-07-20,31.3,3,0.0,6,0,1.0,0.0
서울,2025-07-21,31.6,3,0.0,0,0,0.0,1.0
서울,2025-07-22,32.2,5,1.0,1,1,0.0,0.0
서울,2025-07-23,33.3,6,1.0,2,1,1.0,0.0
서울,2025-07-24,34.1,1,1.0,3,1,1.0,1.0
서울,2025-07-25,36.3,12,1.0,4,1,1.0,1.0
서울,2025-07-26,37.1,14,1.0,5,1,1.0,1.0
서울,2025-07-27,38.0,9,1.0,6,1,1.0,1.0
서울,2025-07-28,36.4,26,1.0,0,1,1.0,1.0
서울,2025-07-29,36.7,25,0.0,1,0,1.0,1.0
서울,2025-07-30,36.3,16,0.0,2,0,0.0,1.0
서울,2025-07-31,34.6,8,3.0,3,1,0.0,0.0
서울,2025-08-01,35.1,9,1.0,4,1,1.0,0.0
서울,2025-08-02,36.2,4,0.0,5,0,1.0,1.0
서울,2025-08-03,32.5,4,3.0,6,1,0.0,1.0
서울,2025-08-04,33.9,1,2.0,0,1,1.0,0.0
서울,2025-08-05,33.5,2,1.0,1,1,1.0,1.0
서울,2025-08-06,29.3,1,2.0,2,1,1.0,1.0
서울,2025-08-07,32.3,0,1.0,3,1,1.0,1.0
서울,2025-08-08,30.2,2,2.0,4,1,1.0,1.0
서울,2025-08-09,26.4,1,0.0,5,0,1.0,1.0
서울,2025-08-10,33.2,1,1.0,6,1,0.0,1.0
서울,2025-08-11,29.5,0,1.0,0,1,1.0,0.0
서울,2025-08-12,34.1,1,1.0,1,1,1.0,1.0
서울,2025-08-13,27.1,0,4.0,2,1,1.0,1.0
서울,2025-08-14,26.9,1,0.0,3,0,1.0,1.0
서울,2025-08-15,30.9,0,0.0,4,0,0.0,1.0
서울,2025-08-16,32.2,1,0.0,5,0,0.0,0.0
서울,2025-08-17,32.0,0,2.0,6,1,0.0,0.0
서울,2025-08-18,32.9,0,0.0,0,0,1.0,0.0
서울,2025-08-19,32.3,3,1.0,1,1,0.0,1.0
서울,2025-08-20,32.8,3,3.0,2,1,1.0,0.0
서울,2025-08-21,34.3,6,1.0,3,1,1.0,1.0
서울,2025-08-22,33.5,3,0.0,4,0,1.0,1.0
서울,2025-08-23,32.2,2,1.0,5,1,0.0,1.0
서울,2025-08-24,34.7,3,3.0,6,1,1.0,0.0
서울,2025-08-25,32.2,2,2.0,0,1,1.0,1.0
서울,2025-08-26,31.8,1,0.0,1,0,1.0,1.0
서울,2025-08-27,30.8,0,1.0,2,1,0.0,1.0
서울,2025-08-28,31.0,1,2.0,3,1,1.0,0.0
서울,2025-08-29,32.8,4,1.0,4,1,1.0,1.0
서울,2025-08-30,31.8,4,0.0,5,0,1.0,1.0
서울,2025-08-31,31.8,2,0.0,6,0,0.0,1.0
서울,2025-09-01,28.2,0,0.0,0,0,0.0,0.0
서울,2025-09-02,30.6,2,1.0,1,1,0.0,0.0
서울,2025-09-03,32.1,0,0.0,2,0,1.0,0.0
서울,2025-09-04,29.8,0,0.0,3,0,0.0,1.0
서울,2025-09-05,33.0,3,0.0,4,0,0.0,0.0
서울,2025-09-06,30.4,0,3.0,5,1,0.0,0.0
서울,2025-09-07,28.3,10,1.0,6,1,1.0,0.0
서울,2025-09-08,29.5,0,0.0,0,0,1.0,1.0
서울,2025-09-09,26.9,0,0.0,1,0,0.0,1.0
서울,2025-09-10,31.5,0,2.0,2,1,0.0,0.0
서울,2025-09-11,31.7,0,0.0,3,0,1.0,0.0
서울,2025-09-12,26.3,0,1.0,4,1,0.0,1.0
서울,2025-09-13,27.6,0,1.0,5,1,1.0,0.0
서울,2025-09-14,29.3,5,1.0,6,1,1.0,1.0
서울,2025-09-15,30.7,0,1.0,0,1,1.0,1.0
서울,2025-09-16,27.1,1,1.0,1,1,1.0,1.0
서울,2025-09-17,24.0,0,2.0,2,1,1.0,1.0
서울,2025-09-18,26.0,0,1.0,3,1,1.0,1.0
서울,2025-09-19,21.4,0,1.0,4,1,1.0,1.0
서울,2025-09-20,23.6,0,0.0,5,0,1.0,1.0
서울,2025-09-21,27.3,8,1.0,6,1,0.0,1.0
서울,2025-09-22,25.1,0,1.0,0,1,1.0,0.0
서울,2025-09-23,26.8,0,0.0,1,0,1.0,1.0
서울,2025-09-24,23.7,0,0.0,2,0,0.0,1.0
서울,2025-09-25,26.4,0,2.0,3,1,0.0,0.0
서울,2025-09-26,27.1,0,1.0,4,1,1.0,0.0
서울,2025-09-27,27.2,0,1.0,5,1,1.0,1.0
서울,2025-09-28,21.9,0,0.0,6,0,1.0,1.0
서울,2025-09-29,23.9,0,1.0,0,1,0.0,1.0
서울,2025-09-30,24.0,0,2.0,1,1,1.0,0.0
인천,2020-05-01,17.96666666666667,0,1.0,4,1,0.0,0.0
인천,2020-05-02,18.733333333333334,0,1.0,5,1,1.0,0.0
인천,2020-05-03,24.53333333333333,0,0.0,6,0,1.0,1.0
인천,2020-05-04,18.8,0,0.0,0,0,0.0,1.0
인천,2020-05-05,16.900000000000002,0,1.0,1,1,0.0,0.0
인천,2020-05-06,23.46666666666667,0,0.0,2,0,1.0,0.0
인천,2020-05-07,22.900000000000002,0,0.0,3,0,0.0,1.0
인천,2020-05-08,21.2,0,0.0,4,0,0.0,0.0
인천,2020-05-09,15.9,0,1.0,5,1,0.0,0.0
인천,2020-05-10,16.5,0,0.0,6,0,1.0,0.0
인천,2020-05-11,18.900000000000002,0,0.0,0,0,0.0,1.0
인천,2020-05-12,17.133333333333333,0,1.0,1,1,0.0,0.0
인천,2020-05-13,19.46666666666667,0,0.0,2,0,1.0,0.0
인천,2020-05-14,20.866666666666664,0,1.0,3,1,0.0,1.0
인천,2020-05-15,19.533333333333335,0,0.0,4,0,1.0,0.0
인천,2020-05-16,17.933333333333334,0,0.0,5,0,0.0,1.0
인천,2020-05-17,19.2,0,0.0,6,0,0.0,0.0
인천,2020-05-18,22.96666666666667,0,1.0,0,1,0.0,0.0
인천,2020-05-19,17.46666666666667,0,0.0,1,0,1.0,0.0
인천,2020-05-20,17.633333333333333,0,0.0,2,0,0.0,1.0
인천,2020-05-21,18.733333333333334,0,3.0,3,1,0.0,0.0
인천,2020-05-22,19.599999999999998,0,1.0,4,1,1.0,0.0
인천,2020-05-23,19.733333333333334,0,0.0,5,0,1.0,1.0
인천,2020-05-24,17.633333333333333,0,2.0,6,1,0.0,1.0
인천,2020-05-25,16.8,0,0.0,0,0,1.0,0.0
인천,2020-05-26,17.8,0,0.0,1,0,0.0,1.0
인천,2020-05-27,20.366666666666667,0,0.0,2,0,0.0,0.0
인천,2020-05-28,20.266666666666666,0,2.0,3,1,0.0,0.0
인천,2020-05-29,23.366666666666664,0,1.0,4,1,1.0,0.0
인천,2020-05-30,25.3,0,2.0,5,1,1.0,1.0
인천,2020-05-31,22.433333333333334,0,0.0,6,0,1.0,1.0
인천,2020-06-01,22.066666666666666,0,0.0,0,0,0.0,1.0
인천,2020-06-02,19.46666666666667,0,1.0,1,1,0.0,0.0
인천,2020-06-03,22.266666666666666,0,0.0,2,0,1.0,0.0
인천,2020-06-04,20.433333333333334,0,0.0,3,0,0.0,1.0
인천,2020-06-05,24.166666666666668,0,0.0,4,0,0.0,0.0
인천,2020-06-06,26.733333333333334,0,0.0,5,0,0.0,0.0
인천,2020-06-07,22.766666666666666,0,0.0,6,0,0.0,0.0
인천,2020-06-08,25.833333333333332,0,0.0,0,0,0.0,0.0
인천,2020-06-09,28.96666666666667,4,1.0,1,1,0.0,0.0
인천,2020-06-10,26.599999999999998,0,2.0,2,1,1.0,0.0
인천,2020-06-11,27.166666666666668,0,0.0,3,0,1.0,1.0
인천,2020-06-12,24.2,0,1.0,4,1,0.0,1.0
인천,2020-06-13,28.266666666666666,0,0.0,5,0,1.0,0.0
인천,2020-06-14,25.433333333333334,0,0.0,6,0,0.0,1.0
인천,2020-06-15,24.53333333333333,0,0.0,0,0,0.0,0.0
인천,2020-06-16,25.599999999999998,0,0.0,1,0,0.0,0.0
인천,2020-06-17,25.433333333333334,0,0.0,2,0,0.0,0.0
인천,2020-06-18,24.133333333333336,0,0.0,3,0,0.0,0.0
인천,2020-06-19,27.666666666666668,0,0.0,4,0,0.0,0.0
인천,2020-06-20,25.433333333333334,0,0.0,5,0,0.0,0.0
인천,2020-06-21,27.433333333333334,0,0.0,6,0,0.0,0.0
인천,2020-06-22,30.46666666666667,1,0.0,0,0,0.0,0.0
인천,2020-06-23,26.599999999999998,0,0.0,1,0,0.0,0.0
인천,2020-06-24,22.766666666666666,0,0.0,2,0,0.0,0.0
인천,2020-06-25,20.933333333333334,0,2.0,3,1,0.0,0.0
인천,2020-06-26,23.833333333333332,0,1.0,4,1,1.0,0.0
인천,2020-06-27,24.666666666666668,1,0.0,5,0,1.0,1.0
인천,2020-06-28,24.566666666666666,0,0.0,6,0,0.0,1.0
인천,2020-06-29,23.233333333333334,0,0.0,0,0,0.0,0.0
인천,2020-06-30,21.166666666666668,0,1.0,1,1,0.0,0.0
인천,2020-07-01,23.633333333333336,0,0.0,2,0,1.0,0.0
인천,2020-07-02,25.066666666666666,0,0.0,3,0,0.0,1.0
인천,2020-07-03,27.96666666666667,0,1.0,4,1,0.0,0.0
인천,2020-07-04,25.53333333333333,0,2.0,5,1,1.0,0.0
인천,2020-07-05,25.0,0,0.0,6,0,1.0,1.0
인천,2020-07-06,25.866666666666664,0,4.0,0,1,0.0,1.0
인천,2020-07-07,25.433333333333334,0,1.0,1,1,1.0,0.0
인천,2020-07-08,26.666666666666668,0,0.0,2,0,1.0,1.0
인천,2020-07-09,28.599999999999998,0,1.0,3,1,0.0,1.0
인천,2020-07-10,26.233333333333334,0,0.0,4,0,1.0,0.0
인천,2020-07-11,28.0,0,0.0,5,0,0.0,1.0
인천,2020-07-12,23.8,0,2.0,6,1,0.0,0.0
인천,2020-07-13,21.3,0,2.0,0,1,1.0,0.0
인천,2020-07-14,22.3,0,0.0,1,0,1.0,1.0
인천,2020-07-15,25.8,0,2.0,2,1,0.0,1.0
인천,2020-07-16,26.333333333333332,0,2.0,3,1,1.0,0.0
인천,2020-07-17,27.833333333333332,0,0.0,4,0,1.0,1.0
인천,2020-07-18,27.03333333333333,0,1.0,5,1,0.0,1.0
인천,2020-07-19,25.400000000000002,0,0.0,6,0,1.0,0.0
인천,2020-07-20,25.400000000000002,0,0.0,0,0,0.0,1.0
인천,2020-07-21,26.5,0,1.0,1,1,0.0,0.0
인천,2020-07-22,24.666666666666668,0,1.0,2,1,1.0,0.0
인천,2020-07-23,21.899999999999995,0,1.0,3,1,1.0,1.0
인천,2020-07-24,25.23333333333333,0,0.0,4,0,1.0,1.0
인천,2020-07-25,27.666666666666668,0,1.0,5,1,0.0,1.0
인천,2020-07-26,27.633333333333336,0,1.0,6,1,1.0,0.0
인천,2020-07-27,23.933333333333334,0,1.0,0,1,1.0,1.0
인천,2020-07-28,26.233333333333334,0,0.0,1,0,1.0,1.0
인천,2020-07-29,24.333333333333332,0,0.0,2,0,0.0,1.0
인천,2020-07-30,26.2,0,1.0,3,1,0.0,0.0
인천,2020-07-31,26.933333333333334,0,2.0,4,1,1.0,0.0
인천,2020-08-01,25.0,0,2.0,5,1,1.0,1.0
인천,2020-08-02,24.53333333333333,0,0.0,6,0,1.0,1.0
인천,2020-08-03,25.2,0,2.0,0,1,0.0,1.0
인천,2020-08-04,26.76666666666667,0,1.0,1,1,1.0,0.0
인천,2020-08-05,28.333333333333332,1,1.0,2,1,1.0,1.0
인천,2020-08-06,25.833333333333332,0,1.0,3,1,1.0,1.0
인천,2020-08-07,25.46666666666667,0,1.0,4,1,1.0,1.0
인천,2020-08-08,26.2,0,0.0,5,0,1.0,1.0
인천,2020-08-09,25.666666666666668,0,5.0,6,1,0.0,1.0
인천,2020-08-10,26.266666666666666,1,0.0,0,0,1.0,0.0
인천,2020-08-11,25.7,0,2.0,1,1,0.0,1.0
인천,2020-08-12,29.03333333333333,1,2.0,2,1,1.0,0.0
인천,2020-08-13,27.866666666666664,1,1.0,3,1,1.0,1.0
인천,2020-08-14,27.266666666666666,0,1.0,4,1,1.0,1.0
인천,2020-08-15,26.066666666666666,0,1.0,5,1,1.0,1.0
인천,2020-08-16,27.26666666666667,1,0.0,6,0,1.0,1.0
인천,2020-08-17,28.599999999999998,1,0.0,0,0,0.0,1.0
인천,2020-08-18,28.366666666666664,1,1.0,1,1,0.0,0.0
인천,2020-08-19,28.03333333333333,1,3.0,2,1,1.0,0.0
인천,2020-08-20,28.46666666666667,0,0.0,3,0,1.0,1.0
인천,2020-08-21,26.400000000000002,0,2.0,4,1,0.0,1.0
인천,2020-08-22,27.566666666666666,0,2.0,5,1,1.0,0.0
인천,2020-08-23,27.400000000000002,1,0.0,6,0,1.0,1.0
인천,2020-08-24,28.599999999999998,0,1.0,0,1,0.0,1.0
인천,2020-08-25,30.533333333333335,6,0.0,1,0,1.0,0.0
인천,2020-08-26,32.86666666666667,4,2.0,2,1,0.0,1.0
인천,2020-08-27,26.833333333333332,1,0.0,3,0,1.0,0.0
인천,2020-08-28,27.099999999999998,0,1.0,4,1,0.0,1.0
인천,2020-08-29,28.5,0,1.0,5,1,1.0,0.0
인천,2020-08-30,28.733333333333334,0,1.0,6,1,1.0,1.0
인천,2020-08-31,28.766666666666666,0,1.0,0,1,1.0,1.0
인천,2020-09-01,27.733333333333334,0,0.0,1,0,1.0,1.0
인천,2020-09-02,24.8,1,0.0,2,0,0.0,1.0
인천,2020-09-03,24.96666666666667,0,2.0,3,1,0.0,0.0
인천,2020-09-04,25.433333333333334,0,0.0,4,0,1.0,0.0
인천,2020-09-05,26.166666666666668,0,1.0,5,1,0.0,1.0
인천,2020-09-06,23.96666666666667,0,4.0,6,1,1.0,0.0
인천,2020-09-07,21.5,0,2.0,0,1,1.0,1.0
인천,2020-09-08,25.46666666666667,0,1.0,1,1,1.0,1.0
인천,2020-09-09,24.066666666666666,0,0.0,2,0,1.0,1.0
인천,2020-09-10,25.366666666666664,0,0.0,3,0,0.0,1.0
인천,2020-09-11,24.933333333333334,0,0.0,4,0,0.0,0.0
인천,2020-09-12,22.366666666666664,0,1.0,5,1,0.0,0.0
인천,2020-09-13,24.400000000000002,0,0.0,6,0,1.0,0.0
인천,2020-09-14,24.2,0,1.0,0,1,0.0,1.0
인천,2020-09-15,24.833333333333332,0,0.0,1,0,1.0,0.0
인천,2020-09-16,24.0,0,0.0,2,0,0.0,1.0
인천,2020-09-17,23.333333333333332,0,0.0,3,0,0.0,0.0
인천,2020-09-18,24.5,0,1.0,4,1,0.0,0.0
인천,2020-09-19,24.7,0,1.0,5,1,1.0,0.0
인천,2020-09-20,23.366666666666664,0,0.0,6,0,1.0,1.0
인천,2020-09-21,23.366666666666664,0,1.0,0,1,0.0,1.0
인천,2020-09-22,23.733333333333334,0,1.0,1,1,1.0,0.0
인천,2020-09-23,22.8,0,1.0,2,1,1.0,1.0
인천,2020-09-24,24.133333333333336,0,0.0,3,0,1.0,1.0
인천,2020-09-25,24.099999999999998,0,0.0,4,0,0.0,1.0
인천,2020-09-26,23.566666666666666,0,1.0,5,1,0.0,0.0
인천,2020-09-27,23.8,0,1.0,6,1,1.0,0.0
인천,2020-09-28,23.666666666666668,0,0.0,0,0,1.0,1.0
인천,2020-09-29,22.400000000000002,0,0.0,1,0,0.0,1.0
인천,2020-09-30,22.066666666666666,0,0.0,2,0,0.0,0.0
인천,2021-05-01,13.233333333333334,0,0.0,5,0,0.0,0.0
인천,2021-05-02,15.799999999999999,0,0.0,6,0,0.0,0.0
인천,2021-05-03,16.433333333333334,0,0.0,0,0,0.0,0.0
인천,2021-05-04,14.966666666666667,0,1.0,1,1,0.0,0.0
인천,2021-05-05,16.599999999999998,0,1.0,2,1,1.0,0.0
인천,2021-05-06,19.400000000000002,0,0.0,3,0,1.0,1.0
인천,2021-05-07,16.0,0,0.0,4,0,0.0,1.0
인천,2021-05-08,17.066666666666666,0,2.0,5,1,0.0,0.0
인천,2021-05-09,20.0,0,0.0,6,0,1.0,0.0
인천,2021-05-10,14.566666666666668,0,0.0,0,0,0.0,1.0
인천,2021-05-11,24.233333333333334,0,0.0,1,0,0.0,0.0
인천,2021-05-12,24.099999999999998,0,1.0,2,1,0.0,0.0
인천,2021-05-13,24.866666666666664,0,0.0,3,0,1.0,0.0
인천,2021-05-14,26.3,0,0.0,4,0,0.0,1.0
인천,2021-05-15,22.633333333333336,0,1.0,5,1,0.0,0.0
인천,2021-05-16,19.900000000000002,0,0.0,6,0,1.0,0.0
인천,2021-05-17,18.033333333333335,0,0.0,0,0,0.0,1.0
인천,2021-05-18,21.2,0,4.0,1,1,0.0,0.0
인천,2021-05-19,21.666666666666668,0,0.0,2,0,1.0,0.0
인천,2021-05-20,21.099999999999998,0,1.0,3,1,0.0,1.0
인천,2021-05-21,19.033333333333335,0,1.0,4,1,1.0,0.0
인천,2021-05-22,20.866666666666667,0,1.0,5,1,1.0,1.0
인천,2021-05-23,20.900000000000002,0,0.0,6,0,1.0,1.0
인천,2021-05-24,22.066666666666666,0,0.0,0,0,0.0,1.0
인천,2021-05-25,17.933333333333334,0,2.0,1,1,0.0,0.0
인천,2021-05-26,21.766666666666666,0,0.0,2,0,1.0,0.0
인천,2021-05-27,19.5,0,1.0,3,1,0.0,1.0
인천,2021-05-28,18.933333333333334,0,0.0,4,0,1.0,0.0
인천,2021-05-29,18.166666666666668,0,0.0,5,0,0.0,1.0
인천,2021-05-30,23.733333333333334,0,2.0,6,1,0.0,0.0
인천,2021-05-31,22.0,0,0.0,0,0,1.0,0.0
인천,2021-06-01,20.233333333333334,0,1.0,1,1,0.0,1.0
인천,2021-06-02,25.3,0,0.0,2,0,1.0,0.0
인천,2021-06-03,20.833333333333332,0,2.0,3,1,0.0,1.0
인천,2021-06-04,21.400000000000002,0,1.0,4,1,1.0,0.0
인천,2021-06-05,23.066666666666666,0,0.0,5,0,1.0,1.0
인천,2021-06-06,23.433333333333334,0,0.0,6,0,0.0,1.0
인천,2021-06-07,21.8,0,1.0,0,1,0.0,0.0
인천,2021-06-08,22.133333333333336,0,0.0,1,0,1.0,0.0
인천,2021-06-09,27.96666666666667,1,1.0,2,1,0.0,1.0
인천,2021-06-10,25.2,0,2.0,3,1,1.0,0.0
인천,2021-06-11,22.133333333333336,0,0.0,4,0,1.0,1.0
인천,2021-06-12,24.866666666666664,0,1.0,5,1,0.0,1.0
인천,2021-06-13,24.0,0,2.0,6,1,1.0,0.0
인천,2021-06-14,23.900000000000002,0,1.0,0,1,1.0,1.0
인천,2021-06-15,23.233333333333334,0,1.0,1,1,1.0,1.0
인천,2021-06-16,28.599999999999998,0,1.0,2,1,1.0,1.0
인천,2021-06-17,23.2,0,0.0,3,0,1.0,1.0
인천,2021-06-18,21.566666666666666,0,0.0,4,0,0.0,1.0
인천,2021-06-19,22.766666666666666,0,0.0,5,0,0.0,0.0
인천,2021-06-20,24.866666666666664,0,0.0,6,0,0.0,0.0
인천,2021-06-21,25.633333333333336,1,1.0,0,1,0.0,0.0
인천,2021-06-22,25.400000000000002,0,0.0,1,0,1.0,0.0
인천,2021-06-23,25.733333333333334,0,1.0,2,1,0.0,1.0
인천,2021-06-24,25.833333333333332,0,1.0,3,1,1.0,0.0
인천,2021-06-25,24.96666666666667,0,0.0,4,0,1.0,1.0
인천,2021-06-26,23.900000000000002,1,1.0,5,1,0.0,1.0
인천,2021-06-27,28.2,0,0.0,6,0,1.0,0.0
인천,2021-06-28,28.0,0,0.0,0,0,0.0,1.0
인천,2021-06-29,27.133333333333336,0,1.0,1,1,0.0,0.0
인천,2021-06-30,26.96666666666667,0,2.0,2,1,1.0,0.0
인천,2021-07-01,28.266666666666666,1,1.0,3,1,1.0,1.0
인천,2021-07-02,30.066666666666666,6,0.0,4,0,1.0,1.0
인천,2021-07-03,25.03333333333333,0,3.0,5,1,0.0,1.0
인천,2021-07-04,22.266666666666666,0,1.0,6,1,1.0,0.0
인천,2021-07-05,24.5,1,1.0,0,1,1.0,1.0
인천,2021-07-06,27.3,0,0.0,1,0,1.0,1.0
인천,2021-07-07,26.633333333333336,1,1.0,2,1,0.0,1.0
인천,2021-07-08,27.5,1,1.0,3,1,1.0,0.0
인천,2021-07-09,27.166666666666668,2,0.0,4,0,1.0,1.0
인천,2021-07-10,26.8,0,2.0,5,1,0.0,1.0
인천,2021-07-11,24.900000000000002,0,1.0,6,1,1.0,0.0
인천,2021-07-12,28.46666666666667,2,1.0,0,1,1.0,1.0
인천,2021-07-13,27.633333333333336,1,1.0,1,1,1.0,1.0
인천,2021-07-14,28.900000000000002,2,0.0,2,0,1.0,1.0
인천,2021-07-15,29.96666666666667,4,1.0,3,1,0.0,1.0
인천,2021-07-16,31.53333333333333,2,3.0,4,1,1.0,0.0
인천,2021-07-17,30.73333333333333,0,1.0,5,1,1.0,1.0
인천,2021-07-18,30.366666666666664,0,1.0,6,1,1.0,1.0
인천,2021-07-19,29.366666666666664,1,1.0,0,1,1.0,1.0
인천,2021-07-20,31.566666666666666,3,0.0,1,0,1.0,1.0
인천,2021-07-21,32.9,3,1.0,2,1,0.0,1.0
인천,2021-07-22,32.800000000000004,2,2.0,3,1,1.0,0.0
인천,2021-07-23,32.53333333333333,5,2.0,4,1,1.0,1.0
인천,2021-07-24,33.5,7,1.0,5,1,1.0,1.0
인천,2021-07-25,33.0,6,1.0,6,1,1.0,1.0
인천,2021-07-26,31.96666666666667,3,0.0,0,0,1.0,1.0
인천,2021-07-27,32.76666666666667,7,1.0,1,1,0.0,1.0
인천,2021-07-28,32.46666666666667,3,1.0,2,1,1.0,0.0
인천,2021-07-29,31.46666666666667,2,1.0,3,1,1.0,1.0
인천,2021-07-30,30.666666666666668,4,1.0,4,1,1.0,1.0
인천,2021-07-31,29.933333333333334,1,1.0,5,1,1.0,1.0
인천,2021-08-01,27.766666666666666,0,0.0,6,0,1.0,1.0
인천,2021-08-02,27.566666666666663,0,2.0,0,1,0.0,1.0
인천,2021-08-03,29.53333333333333,1,0.0,1,0,1.0,0.0
인천,2021-08-04,29.633333333333336,3,0.0,2,0,0.0,1.0
인천,2021-08-05,30.8,6,0.0,3,0,0.0,0.0
인천,2021-08-06,29.266666666666666,1,2.0,4,1,0.0,0.0
인천,2021-08-07,29.566666666666666,2,0.0,5,0,1.0,0.0
인천,2021-08-08,30.53333333333333,1,1.0,6,1,0.0,1.0
인천,2021-08-09,31.3,1,0.0,0,0,1.0,0.0
인천,2021-08-10,29.266666666666666,0,1.0,1,1,0.0,1.0
인천,2021-08-11,29.433333333333334,0,1.0,2,1,1.0,0.0
인천,2021-08-12,29.099999999999998,1,1.0,3,1,1.0,1.0
인천,2021-08-13,28.066666666666666,0,1.0,4,1,1.0,1.0
인천,2021-08-14,29.3,0,0.0,5,0,1.0,1.0
인천,2021-08-15,29.599999999999998,0,0.0,6,0,0.0,1.0
인천,2021-08-16,29.3,0,1.0,0,1,0.0,0.0
인천,2021-08-17,28.833333333333332,0,1.0,1,1,1.0,0.0
인천,2021-08-18,28.53333333333333,1,1.0,2,1,1.0,1.0
인천,2021-08-19,28.666666666666668,0,0.0,3,0,1.0,1.0
인천,2021-08-20,27.766666666666666,1,0.0,4,0,0.0,1.0
인천,2021-08-21,24.733333333333334,0,1.0,5,1,0.0,0.0
인천,2021-08-22,27.0,0,0.0,6,0,1.0,0.0
인천,2021-08-23,25.0,0,1.0,0,1,0.0,1.0
인천,2021-08-24,26.366666666666664,0,0.0,1,0,1.0,0.0
인천,2021-08-25,27.133333333333336,0,0.0,2,0,0.0,1.0
인천,2021-08-26,27.933333333333334,0,1.0,3,1,0.0,0.0
인천,2021-08-27,24.733333333333334,0,0.0,4,0,1.0,0.0
인천,2021-08-28,26.7,0,0.0,5,0,0.0,1.0
인천,2021-08-29,25.03333333333333,0,0.0,6,0,0.0,0.0
인천,2021-08-30,26.8,0,2.0,0,1,0.0,0.0
인천,2021-08-31,22.633333333333336,0,1.0,1,1,1.0,0.0
인천,2021-09-01,24.433333333333334,0,1.0,2,1,1.0,1.0
인천,2021-09-02,25.96666666666667,0,1.0,3,1,1.0,1.0
인천,2021-09-03,27.3,1,4.0,4,1,1.0,1.0
인천,2021-09-04,26.7,0,1.0,5,1,1.0,1.0
인천,2021-09-05,26.0,0,0.0,6,0,1.0,1.0
인천,2021-09-06,24.433333333333334,0,1.0,0,1,0.0,1.0
인천,2021-09-07,22.433333333333334,0,0.0,1,0,1.0,0.0
인천,2021-09-08,25.366666666666664,0,0.0,2,0,0.0,1.0
인천,2021-09-09,25.933333333333334,0,0.0,3,0,0.0,0.0
인천,2021-09-10,26.433333333333334,0,2.0,4,1,0.0,0.0
인천,2021-09-11,26.566666666666666,0,0.0,5,0,1.0,0.0
인천,2021-09-12,27.133333333333336,0,0.0,6,0,0.0,1.0
인천,2021-09-13,28.0,0,0.0,0,0,0.0,0.0
인천,2021-09-14,28.233333333333334,0,2.0,1,1,0.0,0.0
인천,2021-09-15,27.666666666666668,0,0.0,2,0,1.0,0.0
인천,2021-09-16,26.266666666666666,0,0.0,3,0,0.0,1.0
인천,2021-09-17,26.933333333333334,0,0.0,4,0,0.0,0.0
인천,2021-09-18,26.733333333333334,0,1.0,5,1,0.0,0.0
인천,2021-09-19,25.833333333333332,0,1.0,6,1,1.0,0.0
인천,2021-09-20,26.266666666666666,0,2.0,0,1,1.0,1.0
인천,2021-09-21,24.833333333333332,0,4.0,1,1,1.0,1.0
인천,2021-09-22,23.333333333333332,0,0.0,2,0,1.0,1.0
인천,2021-09-23,24.633333333333336,0,0.0,3,0,0.0,1.0
인천,2021-09-24,25.333333333333332,0,0.0,4,0,0.0,0.0
인천,2021-09-25,22.733333333333334,0,0.0,5,0,0.0,0.0
인천,2021-09-26,25.333333333333332,0,0.0,6,0,0.0,0.0
인천,2021-09-27,22.933333333333334,0,2.0,0,1,0.0,0.0
인천,2021-09-28,22.233333333333334,0,0.0,1,0,1.0,0.0
인천,2021-09-29,22.266666666666666,0,0.0,2,0,0.0,1.0
인천,2021-09-30,24.7,0,0.0,3,0,0.0,0.0
인천,2022-05-01,16.233333333333334,0,1.0,6,1,0.0,0.0
인천,2022-05-02,16.733333333333334,0,0.0,0,0,1.0,0.0
인천,2022-05-03,17.166666666666668,0,1.0,1,1,0.0,1.0
인천,2022-05-04,19.900000000000002,0,1.0,2,1,1.0,0.0
인천,2022-05-05,19.599999999999998,0,0.0,3,0,1.0,1.0
인천,2022-05-06,20.53333333333333,0,1.0,4,1,0.0,1.0
인천,2022-05-07,19.666666666666668,0,0.0,5,0,1.0,0.0
인천,2022-05-08,17.033333333333335,0,0.0,6,0,0.0,1.0
인천,2022-05-09,20.933333333333334,0,0.0,0,0,0.0,0.0
인천,2022-05-10,22.666666666666668,0,0.0,1,0,0.0,0.0
인천,2022-05-11,19.366666666666664,0,1.0,2,1,0.0,0.0
인천,2022-05-12,22.566666666666666,0,0.0,3,0,1.0,0.0
인천,2022-05-13,21.166666666666668,0,1.0,4,1,0.0,1.0
인천,2022-05-14,17.466666666666665,0,1.0,5,1,1.0,0.0
인천,2022-05-15,19.8,0,0.0,6,0,1.0,1.0
인천,2022-05-16,19.233333333333334,0,0.0,0,0,0.0,1.0
인천,2022-05-17,21.133333333333333,0,0.0,1,0,0.0,0.0
인천,2022-05-18,21.633333333333336,0,0.0,2,0,0.0,0.0
인천,2022-05-19,20.666666666666668,0,0.0,3,0,0.0,0.0
인천,2022-05-20,20.900000000000002,0,0.0,4,0,0.0,0.0
인천,2022-05-21,18.6,0,0.0,5,0,0.0,0.0
인천,2022-05-22,20.733333333333334,0,1.0,6,1,0.0,0.0
인천,2022-05-23,22.833333333333332,0,1.0,0,1,1.0,0.0
인천,2022-05-24,23.766666666666666,0,0.0,1,0,1.0,1.0
인천,2022-05-25,20.366666666666667,0,1.0,2,1,0.0,1.0
인천,2022-05-26,20.666666666666668,0,0.0,3,0,1.0,0.0
인천,2022-05-27,21.5,0,0.0,4,0,0.0,1.0
인천,2022-05-28,23.900000000000002,0,0.0,5,0,0.0,0.0
인천,2022-05-29,22.833333333333332,0,0.0,6,0,0.0,0.0
인천,2022-05-30,20.566666666666666,0,0.0,0,0,0.0,0.0
인천,2022-05-31,22.7,0,0.0,1,0,0.0,0.0
인천,2022-06-01,24.03333333333333,0,1.0,2,1,0.0,0.0
인천,2022-06-02,22.666666666666668,0,0.0,3,0,1.0,0.0
인천,2022-06-03,23.866666666666664,3,0.0,4,0,0.0,1.0
인천,2022-06-04,25.066666666666666,0,2.0,5,1,0.0,0.0
인천,2022-06-05,24.333333333333332,0,0.0,6,0,1.0,0.0
인천,2022-06-06,22.766666666666666,0,0.0,0,0,0.0,1.0
인천,2022-06-07,23.03333333333333,0,0.0,1,0,0.0,0.0
인천,2022-06-08,22.8,0,0.0,2,0,0.0,0.0
인천,2022-06-09,23.03333333333333,0,1.0,3,1,0.0,0.0
인천,2022-06-10,22.2,0,2.0,4,1,1.0,0.0
인천,2022-06-11,27.633333333333336,0,0.0,5,0,1.0,1.0
인천,2022-06-12,26.266666666666666,0,0.0,6,0,0.0,1.0
인천,2022-06-13,26.933333333333334,0,0.0,0,0,0.0,0.0
인천,2022-06-14,25.96666666666667,0,1.0,1,1,0.0,0.0
인천,2022-06-15,19.03333333333333,0,1.0,2,1,1.0,0.0
인천,2022-06-16,22.900000000000002,0,1.0,3,1,1.0,1.0
인천,2022-06-17,23.7,0,0.0,4,0,1.0,1.0
인천,2022-06-18,23.400000000000002,0,0.0,5,0,0.0,1.0
인천,2022-06-19,23.7,0,0.0,6,0,0.0,0.0
인천,2022-06-20,26.03333333333333,0,0.0,0,0,0.0,0.0
인천,2022-06-21,26.133333333333336,0,0.0,1,0,0.0,0.0
인천,2022-06-22,25.333333333333332,0,2.0,2,1,0.0,0.0
인천,2022-06-23,24.166666666666668,0,2.0,3,1,1.0,0.0
인천,2022-06-24,24.7,1,4.0,4,1,1.0,1.0
인천,2022-06-25,25.5,0,0.0,5,0,1.0,1.0
인천,2022-06-26,25.433333333333334,1,0.0,6,0,0.0,1.0
인천,2022-06-27,25.833333333333332,0,1.0,0,1,0.0,0.0
인천,2022-06-28,25.400000000000002,0,3.0,1,1,1.0,0.0
인천,2022-06-29,25.233333333333334,1,3.0,2,1,1.0,1.0
인천,2022-06-30,23.599999999999998,0,0.0,3,0,1.0,1.0
인천,2022-07-01,27.099999999999998,2,1.0,4,1,0.0,1.0
인천,2022-07-02,28.633333333333336,6,0.0,5,0,1.0,0.0
인천,2022-07-03,29.633333333333336,2,1.0,6,1,0.0,1.0
인천,2022-07-04,30.03333333333333,4,0.0,0,0,1.0,0.0
인천,2022-07-05,30.833333333333332,5,0.0,1,0,0.0,1.0
인천,2022-07-06,31.2,6,0.0,2,0,0.0,0.0
인천,2022-07-07,27.96666666666667,0,1.0,3,1,0.0,0.0
인천,2022-07-08,26.366666666666664,0,2.0,4,1,1.0,0.0
인천,2022-07-09,28.53333333333333,1,1.0,5,1,1.0,1.0
인천,2022-07-10,29.866666666666664,2,0.0,6,0,1.0,1.0
인천,2022-07-11,28.833333333333332,1,0.0,0,0,0.0,1.0
인천,2022-07-12,27.333333333333332,0,1.0,1,1,0.0,0.0
인천,2022-07-13,26.166666666666668,0,2.0,2,1,1.0,0.0
인천,2022-07-14,27.099999999999998,0,0.0,3,0,1.0,1.0
인천,2022-07-15,27.133333333333336,0,2.0,4,1,0.0,1.0
인천,2022-07-16,27.266666666666666,0,0.0,5,0,1.0,0.0
인천,2022-07-17,27.233333333333334,0,0.0,6,0,0.0,1.0
인천,2022-07-18,29.566666666666666,0,0.0,0,0,0.0,0.0
인천,2022-07-19,28.599999999999998,0,0.0,1,0,0.0,0.0
인천,2022-07-20,28.2,0,2.0,2,1,0.0,0.0
인천,2022-07-21,26.3,0,2.0,3,1,1.0,0.0
인천,2022-07-22,26.900000000000002,0,0.0,4,0,1.0,1.0
인천,2022-07-23,26.099999999999998,0,2.0,5,1,0.0,1.0
인천,2022-07-24,26.3,0,0.0,6,0,1.0,0.0
인천,2022-07-25,28.96666666666667,1,0.0,0,0,0.0,1.0
인천,2022-07-26,30.733333333333334,1,1.0,1,1,0.0,0.0
인천,2022-07-27,30.400000000000002,1,2.0,2,1,1.0,0.0
인천,2022-07-28,30.733333333333334,1,1.0,3,1,1.0,1.0
인천,2022-07-29,31.099999999999998,2,2.0,4,1,1.0,1.0
인천,2022-07-30,33.93333333333334,3,0.0,5,0,1.0,1.0
인천,2022-07-31,28.3,0,0.0,6,0,0.0,1.0
인천,2022-08-01,30.233333333333334,1,0.0,0,0,0.0,0.0
인천,2022-08-02,27.366666666666664,0,2.0,1,1,0.0,0.0
인천,2022-08-03,28.766666666666666,1,2.0,2,1,1.0,0.0
인천,2022-08-04,29.8,5,0.0,3,0,1.0,1.0
인천,2022-08-05,30.03333333333333,6,0.0,4,0,0.0,1.0
인천,2022-08-06,30.03333333333333,2,1.0,5,1,0.0,0.0
인천,2022-08-07,29.53333333333333,0,2.0,6,1,1.0,0.0
인천,2022-08-08,28.2,0,7.0,0,1,1.0,1.0
인천,2022-08-09,25.733333333333334,0,1.0,1,1,1.0,1.0
인천,2022-08-10,26.333333333333332,0,2.0,2,1,1.0,1.0
인천,2022-08-11,26.566666666666666,0,0.0,3,0,1.0,1.0
인천,2022-08-12,28.5,0,1.0,4,1,0.0,1.0
인천,2022-08-13,25.900000000000002,0,0.0,5,0,1.0,0.0
인천,2022-08-14,29.066666666666666,0,2.0,6,1,0.0,1.0
인천,2022-08-15,28.53333333333333,1,0.0,0,0,1.0,0.0
인천,2022-08-16,27.03333333333333,0,0.0,1,0,0.0,1.0
인천,2022-08-17,27.8,0,0.0,2,0,0.0,0.0
인천,2022-08-18,27.7,1,0.0,3,0,0.0,0.0
인천,2022-08-19,27.46666666666667,0,0.0,4,0,0.0,0.0
인천,2022-08-20,28.2,2,0.0,5,0,0.0,0.0
인천,2022-08-21,29.766666666666666,0,0.0,6,0,0.0,0.0
인천,2022-08-22,28.099999999999998,1,1.0,0,1,0.0,0.0
인천,2022-08-23,27.866666666666664,0,0.0,1,0,1.0,0.0
인천,2022-08-24,29.03333333333333,0,1.0,2,1,0.0,1.0
인천,2022-08-25,23.766666666666666,0,0.0,3,0,1.0,0.0
인천,2022-08-26,26.400000000000002,0,0.0,4,0,0.0,1.0
인천,2022-08-27,23.766666666666666,0,1.0,5,1,0.0,0.0
인천,2022-08-28,26.166666666666668,0,0.0,6,0,1.0,0.0
인천,2022-08-29,21.599999999999998,0,2.0,0,1,0.0,1.0
인천,2022-08-30,20.533333333333335,0,1.0,1,1,1.0,0.0
인천,2022-08-31,24.933333333333334,0,1.0,2,1,1.0,1.0
인천,2022-09-01,27.366666666666664,0,1.0,3,1,1.0,1.0
인천,2022-09-02,28.066666666666666,0,1.0,4,1,1.0,1.0
인천,2022-09-03,28.066666666666666,0,0.0,5,0,1.0,1.0
인천,2022-09-04,24.400000000000002,0,1.0,6,1,0.0,1.0
인천,2022-09-05,20.933333333333334,0,5.0,0,1,1.0,0.0
인천,2022-09-06,25.366666666666664,0,0.0,1,0,1.0,1.0
인천,2022-09-07,26.066666666666666,0,1.0,2,1,0.0,1.0
인천,2022-09-08,26.366666666666664,0,1.0,3,1,1.0,0.0
인천,2022-09-09,27.833333333333332,0,1.0,4,1,1.0,1.0
인천,2022-09-10,27.166666666666668,0,0.0,5,0,1.0,1.0
인천,2022-09-11,24.5,0,0.0,6,0,0.0,1.0
인천,2022-09-12,25.7,1,0.0,0,0,0.0,0.0
인천,2022-09-13,26.066666666666666,0,0.0,1,0,0.0,0.0
인천,2022-09-14,25.866666666666664,0,1.0,2,1,0.0,0.0
인천,2022-09-15,26.633333333333336,1,0.0,3,0,1.0,0.0
인천,2022-09-16,27.099999999999998,0,1.0,4,1,0.0,1.0
인천,2022-09-17,26.400000000000002,2,0.0,5,0,1.0,0.0
인천,2022-09-18,28.266666666666666,0,1.0,6,1,0.0,1.0
인천,2022-09-19,25.099999999999998,0,0.0,0,0,1.0,0.0
인천,2022-09-20,22.433333333333334,0,0.0,1,0,0.0,1.0
인천,2022-09-21,22.766666666666666,0,1.0,2,1,0.0,0.0
인천,2022-09-22,22.633333333333336,0,1.0,3,1,1.0,0.0
인천,2022-09-23,20.833333333333332,0,5.0,4,1,1.0,1.0
인천,2022-09-24,22.933333333333334,1,1.0,5,1,1.0,1.0
인천,2022-09-25,23.333333333333332,0,2.0,6,1,1.0,1.0
인천,2022-09-26,24.0,0,0.0,0,0,1.0,1.0
인천,2022-09-27,24.266666666666666,0,0.0,1,0,0.0,1.0
인천,2022-09-28,23.2,0,0.0,2,0,0.0,0.0
인천,2022-09-29,23.099999999999998,0,0.0,3,0,0.0,0.0
인천,2022-09-30,23.7,0,0.0,4,0,0.0,0.0
인천,2023-05-01,18.3,0,0.0,0,0,0.0,0.0
인천,2023-05-02,19.900000000000002,0,0.0,1,0,0.0,0.0
인천,2023-05-03,22.333333333333332,0,0.0,2,0,0.0,0.0
인천,2023-05-04,23.233333333333334,0,0.0,3,0,0.0,0.0
인천,2023-05-05,19.2,0,0.0,4,0,0.0,0.0
인천,2023-05-06,14.966666666666667,0,3.0,5,1,0.0,0.0
인천,2023-05-07,18.066666666666666,0,0.0,6,0,1.0,0.0
인천,2023-05-08,17.733333333333334,0,0.0,0,0,0.0,1.0
인천,2023-05-09,19.400000000000002,0,0.0,1,0,0.0,0.0
인천,2023-05-10,22.333333333333332,0,0.0,2,0,0.0,0.0
인천,2023-05-11,22.266666666666666,0,0.0,3,0,0.0,0.0
인천,2023-05-12,20.733333333333334,0,0.0,4,0,0.0,0.0
인천,2023-05-13,17.866666666666667,0,0.0,5,0,0.0,0.0
인천,2023-05-14,19.233333333333334,0,0.0,6,0,0.0,0.0
인천,2023-05-15,22.400000000000002,0,0.0,0,0,0.0,0.0
인천,2023-05-16,23.666666666666668,0,0.0,1,0,0.0,0.0
인천,2023-05-17,22.96666666666667,0,0.0,2,0,0.0,0.0
인천,2023-05-18,23.633333333333336,0,0.0,3,0,0.0,0.0
인천,2023-05-19,25.066666666666666,0,0.0,4,0,0.0,0.0
인천,2023-05-20,21.233333333333334,0,0.0,5,0,0.0,0.0
인천,2023-05-21,18.066666666666666,0,1.0,6,1,0.0,0.0
인천,2023-05-22,21.766666666666666,0,1.0,0,1,1.0,0.0
인천,2023-05-23,23.166666666666668,0,1.0,1,1,1.0,1.0
인천,2023-05-24,21.266666666666666,0,2.0,2,1,1.0,1.0
인천,2023-05-25,22.7,0,0.0,3,0,1.0,1.0
인천,2023-05-26,22.566666666666666,1,0.0,4,0,0.0,1.0
인천,2023-05-27,19.066666666666666,0,0.0,5,0,0.0,0.0
인천,2023-05-28,19.0,0,2.0,6,1,0.0,0.0
인천,2023-05-29,24.933333333333334,0,2.0,0,1,1.0,0.0
인천,2023-05-30,25.266666666666666,0,0.0,1,0,1.0,1.0
인천,2023-05-31,24.166666666666668,0,0.0,2,0,0.0,1.0
인천,2023-06-01,23.2,0,0.0,3,0,0.0,0.0
인천,2023-06-02,21.2,0,2.0,4,1,0.0,0.0
인천,2023-06-03,25.066666666666666,0,1.0,5,1,1.0,0.0
인천,2023-06-04,24.833333333333332,0,1.0,6,1,1.0,1.0
인천,2023-06-05,23.433333333333334,0,0.0,0,0,1.0,1.0
인천,2023-06-06,21.599999999999998,0,1.0,1,1,0.0,1.0
인천,2023-06-07,21.099999999999998,0,2.0,2,1,1.0,0.0
인천,2023-06-08,21.599999999999998,0,1.0,3,1,1.0,1.0
인천,2023-06-09,22.8,0,0.0,4,0,1.0,1.0
인천,2023-06-10,24.066666666666666,0,1.0,5,1,0.0,1.0
인천,2023-06-11,25.433333333333334,0,1.0,6,1,1.0,0.0
인천,2023-06-12,23.5,0,1.0,0,1,1.0,1.0
인천,2023-06-13,22.900000000000002,1,1.0,1,1,1.0,1.0
인천,2023-06-14,23.433333333333334,2,0.0,2,0,1.0,1.0
인천,2023-06-15,24.900000000000002,0,1.0,3,1,0.0,1.0
인천,2023-06-16,24.599999999999998,1,0.0,4,0,1.0,0.0
인천,2023-06-17,25.833333333333332,0,0.0,5,0,0.0,1.0
인천,2023-06-18,25.933333333333334,0,1.0,6,1,0.0,0.0
인천,2023-06-19,30.0,2,0.0,0,0,1.0,0.0
인천,2023-06-20,23.433333333333334,0,1.0,1,1,0.0,1.0
인천,2023-06-21,22.066666666666666,0,1.0,2,1,1.0,0.0
인천,2023-06-22,24.5,0,0.0,3,0,1.0,1.0
인천,2023-06-23,27.2,0,3.0,4,1,0.0,1.0
인천,2023-06-24,27.133333333333336,0,1.0,5,1,1.0,0.0
인천,2023-06-25,29.733333333333334,1,2.0,6,1,1.0,1.0
인천,2023-06-26,24.366666666666664,0,2.0,0,1,1.0,1.0
인천,2023-06-27,26.26666666666667,1,0.0,1,0,1.0,1.0
인천,2023-06-28,25.5,0,1.0,2,1,0.0,1.0
인천,2023-06-29,24.400000000000002,1,1.0,3,1,1.0,0.0
인천,2023-06-30,26.53333333333333,1,1.0,4,1,1.0,1.0
인천,2023-07-01,27.933333333333334,0,0.0,5,0,1.0,1.0
인천,2023-07-02,27.233333333333334,1,0.0,6,0,0.0,1.0
인천,2023-07-03,30.5,4,0.0,0,0,0.0,0.0
인천,2023-07-04,25.8,0,0.0,1,0,0.0,0.0
인천,2023-07-05,25.46666666666667,0,1.0,2,1,0.0,0.0
인천,2023-07-06,28.666666666666668,0,0.0,3,0,1.0,0.0
인천,2023-07-07,28.96666666666667,0,0.0,4,0,0.0,1.0
인천,2023-07-08,27.166666666666668,1,0.0,5,0,0.0,0.0
인천,2023-07-09,25.46666666666667,0,2.0,6,1,0.0,0.0
인천,2023-07-10,28.166666666666668,0,0.0,0,0,1.0,0.0
인천,2023-07-11,24.866666666666664,0,1.0,1,1,0.0,1.0
인천,2023-07-12,27.266666666666666,0,0.0,2,0,1.0,0.0
인천,2023-07-13,25.133333333333336,0,1.0,3,1,0.0,1.0
인천,2023-07-14,25.2,0,1.0,4,1,1.0,0.0
인천,2023-07-15,25.866666666666664,0,2.0,5,1,1.0,1.0
인천,2023-07-16,25.599999999999998,0,0.0,6,0,1.0,1.0
인천,2023-07-17,26.0,1,0.0,0,0,0.0,1.0
인천,2023-07-18,27.53333333333333,0,0.0,1,0,0.0,0.0
인천,2023-07-19,29.266666666666666,4,0.0,2,0,0.0,0.0
인천,2023-07-20,29.366666666666664,4,3.0,3,1,0.0,0.0
인천,2023-07-21,30.900000000000002,6,1.0,4,1,1.0,0.0
인천,2023-07-22,29.566666666666666,2,3.0,5,1,1.0,1.0
인천,2023-07-23,26.133333333333336,0,1.0,6,1,1.0,1.0
인천,2023-07-24,27.366666666666664,0,0.0,0,0,1.0,1.0
인천,2023-07-25,27.8,2,2.0,1,1,0.0,1.0
인천,2023-07-26,28.900000000000002,2,0.0,2,0,1.0,0.0
인천,2023-07-27,29.8,2,2.0,3,1,0.0,1.0
인천,2023-07-28,30.7,2,1.0,4,1,1.0,0.0
인천,2023-07-29,29.900000000000002,5,1.0,5,1,1.0,1.0
인천,2023-07-30,31.866666666666664,2,0.0,6,0,1.0,1.0
인천,2023-07-31,30.833333333333332,3,0.0,0,0,0.0,1.0
인천,2023-08-01,31.46666666666667,4,0.0,1,0,0.0,0.0
인천,2023-08-02,30.53333333333333,2,0.0,2,0,0.0,0.0
인천,2023-08-03,30.7,1,0.0,3,0,0.0,0.0
인천,2023-08-04,31.3,4,1.0,4,1,0.0,0.0
인천,2023-08-05,31.599999999999998,5,0.0,5,0,1.0,0.0
인천,2023-08-06,30.3,6,0.0,6,0,0.0,1.0
인천,2023-08-07,32.13333333333333,7,1.0,0,1,0.0,0.0
인천,2023-08-08,32.733333333333334,2,1.0,1,1,1.0,0.0
인천,2023-08-09,31.366666666666664,2,4.0,2,1,1.0,1.0
인천,2023-08-10,26.233333333333334,0,3.0,3,1,1.0,1.0
인천,2023-08-11,24.866666666666664,0,0.0,4,0,1.0,1.0
인천,2023-08-12,26.266666666666666,0,1.0,5,1,0.0,1.0
인천,2023-08-13,29.099999999999998,1,2.0,6,1,1.0,0.0
인천,2023-08-14,29.96666666666667,3,0.0,0,0,1.0,1.0
인천,2023-08-15,30.3,6,0.0,1,0,0.0,1.0
인천,2023-08-16,28.933333333333334,2,0.0,2,0,0.0,0.0
인천,2023-08-17,29.46666666666667,5,3.0,3,1,0.0,0.0
인천,2023-08-18,30.3,2,0.0,4,0,1.0,0.0
인천,2023-08-19,30.133333333333336,0,0.0,5,0,0.0,1.0
인천,2023-08-20,29.133333333333336,1,0.0,6,0,0.0,0.0
인천,2023-08-21,29.633333333333336,1,0.0,0,0,0.0,0.0
인천,2023-08-22,27.733333333333334,0,0.0,1,0,0.0,0.0
인천,2023-08-23,26.366666666666664,1,0.0,2,0,0.0,0.0
인천,2023-08-24,26.666666666666668,0,0.0,3,0,0.0,0.0
인천,2023-08-25,28.099999999999998,1,0.0,4,0,0.0,0.0
인천,2023-08-26,27.733333333333334,2,2.0,5,1,0.0,0.0
인천,2023-08-27,27.633333333333336,1,0.0,6,0,1.0,0.0
인천,2023-08-28,24.933333333333337,0,3.0,0,1,0.0,1.0
인천,2023-08-29,25.2,0,0.0,1,0,1.0,0.0
인천,2023-08-30,24.2,0,1.0,2,1,0.0,1.0
인천,2023-08-31,26.433333333333334,0,2.0,3,1,1.0,0.0
인천,2023-09-01,27.266666666666666,0,1.0,4,1,1.0,1.0
인천,2023-09-02,27.633333333333336,1,0.0,5,0,1.0,1.0
인천,2023-09-03,27.96666666666667,0,1.0,6,1,0.0,1.0
인천,2023-09-04,28.2,0,0.0,0,0,1.0,0.0
인천,2023-09-05,29.8,0,0.0,1,0,0.0,1.0
인천,2023-09-06,29.566666666666666,0,0.0,2,0,0.0,0.0
인천,2023-09-07,29.733333333333334,0,0.0,3,0,0.0,0.0
인천,2023-09-08,28.099999999999998,0,0.0,4,0,0.0,0.0
인천,2023-09-09,28.5,0,1.0,5,1,0.0,0.0
인천,2023-09-10,28.03333333333333,0,0.0,6,0,1.0,0.0
인천,2023-09-11,27.733333333333334,0,1.0,0,1,0.0,1.0
인천,2023-09-12,28.333333333333332,0,0.0,1,0,1.0,0.0
인천,2023-09-13,24.3,0,0.0,2,0,0.0,1.0
인천,2023-09-14,26.2,0,0.0,3,0,0.0,0.0
인천,2023-09-15,23.233333333333334,1,0.0,4,0,0.0,0.0
인천,2023-09-16,26.599999999999998,0,3.0,5,1,0.0,0.0
인천,2023-09-17,26.5,0,0.0,6,0,1.0,0.0
인천,2023-09-18,26.933333333333334,0,0.0,0,0,0.0,1.0
인천,2023-09-19,26.166666666666668,0,1.0,1,1,0.0,0.0
인천,2023-09-20,22.933333333333334,0,1.0,2,1,1.0,0.0
인천,2023-09-21,22.066666666666666,0,1.0,3,1,1.0,1.0
인천,2023-09-22,25.3,0,0.0,4,0,1.0,1.0
인천,2023-09-23,25.833333333333332,0,0.0,5,0,0.0,1.0
인천,2023-09-24,24.53333333333333,0,0.0,6,0,0.0,0.0
인천,2023-09-25,23.5,0,1.0,0,1,0.0,0.0
인천,2023-09-26,21.03333333333333,0,0.0,1,0,1.0,0.0
인천,2023-09-27,23.833333333333332,0,0.0,2,0,0.0,1.0
인천,2023-09-28,24.833333333333332,0,0.0,3,0,0.0,0.0
인천,2023-09-29,24.8,0,0.0,4,0,0.0,0.0
인천,2023-09-30,23.266666666666666,0,0.0,5,0,0.0,0.0
인천,2024-05-01,21.03333333333333,0,0.0,2,0,0.0,0.0
인천,2024-05-02,20.466666666666665,0,0.0,3,0,0.0,0.0
인천,2024-05-03,23.233333333333334,0,0.0,4,0,0.0,0.0
인천,2024-05-04,23.266666666666666,0,0.0,5,0,0.0,0.0
인천,2024-05-05,17.8,0,3.0,6,1,0.0,0.0
인천,2024-05-06,13.5,0,1.0,0,1,1.0,0.0
인천,2024-05-07,14.700000000000001,0,2.0,1,1,1.0,1.0
인천,2024-05-08,19.03333333333333,0,1.0,2,1,1.0,1.0
인천,2024-05-09,18.966666666666665,0,0.0,3,0,1.0,1.0
인천,2024-05-10,19.233333333333334,0,1.0,4,1,0.0,1.0
인천,2024-05-11,18.433333333333334,0,5.0,5,1,1.0,0.0
인천,2024-05-12,19.433333333333334,0,0.0,6,0,1.0,1.0
인천,2024-05-13,21.833333333333332,0,0.0,0,0,0.0,1.0
인천,2024-05-14,20.066666666666666,0,0.0,1,0,0.0,0.0
인천,2024-05-15,15.5,0,2.0,2,1,0.0,0.0
인천,2024-05-16,17.900000000000002,0,1.0,3,1,1.0,0.0
인천,2024-05-17,20.566666666666666,0,0.0,4,0,1.0,1.0
인천,2024-05-18,21.633333333333336,0,0.0,5,0,0.0,1.0
인천,2024-05-19,22.566666666666666,0,0.0,6,0,0.0,0.0
인천,2024-05-20,19.8,0,0.0,0,0,0.0,0.0
인천,2024-05-21,22.100000000000005,0,0.0,1,0,0.0,0.0
인천,2024-05-22,19.9,0,0.0,2,0,0.0,0.0
인천,2024-05-23,20.466666666666665,0,0.0,3,0,0.0,0.0
인천,2024-05-24,20.233333333333334,0,0.0,4,0,0.0,0.0
인천,2024-05-25,20.933333333333334,0,0.0,5,0,0.0,0.0
인천,2024-05-26,20.366666666666664,0,2.0,6,1,0.0,0.0
인천,2024-05-27,21.066666666666666,0,0.0,0,0,1.0,0.0
인천,2024-05-28,23.566666666666666,0,1.0,1,1,0.0,1.0
인천,2024-05-29,23.0,0,1.0,2,1,1.0,0.0
인천,2024-05-30,21.266666666666666,0,2.0,3,1,1.0,1.0
인천,2024-05-31,21.099999999999998,0,1.0,4,1,1.0,1.0
인천,2024-06-01,22.666666666666668,0,0.0,5,0,1.0,1.0
인천,2024-06-02,23.233333333333334,0,1.0,6,1,0.0,1.0
인천,2024-06-03,25.96666666666667,0,3.0,0,1,1.0,0.0
인천,2024-06-04,25.8,0,0.0,1,0,1.0,1.0
인천,2024-06-05,25.03333333333333,0,0.0,2,0,0.0,1.0
인천,2024-06-06,25.599999999999998,1,1.0,3,1,0.0,0.0
인천,2024-06-07,23.833333333333332,0,0.0,4,0,1.0,0.0
인천,2024-06-08,22.600000000000005,0,2.0,5,1,0.0,1.0
인천,2024-06-09,23.566666666666666,0,2.0,6,1,1.0,0.0
인천,2024-06-10,25.933333333333334,0,0.0,0,0,1.0,1.0
인천,2024-06-11,25.0,1,0.0,1,0,0.0,1.0
인천,2024-06-12,25.7,2,1.0,2,1,0.0,0.0
인천,2024-06-13,26.633333333333336,2,0.0,3,0,1.0,0.0
인천,2024-06-14,26.566666666666666,1,1.0,4,1,0.0,1.0
인천,2024-06-15,25.46666666666667,1,2.0,5,1,1.0,0.0
인천,2024-06-16,26.03333333333333,0,0.0,6,0,1.0,1.0
인천,2024-06-17,26.366666666666664,0,1.0,0,1,0.0,1.0
인천,2024-06-18,26.633333333333336,0,0.0,1,0,1.0,0.0
인천,2024-06-19,30.599999999999998,2,0.0,2,0,0.0,1.0
인천,2024-06-20,29.96666666666667,3,0.0,3,0,0.0,0.0
인천,2024-06-21,28.099999999999998,2,0.0,4,0,0.0,0.0
인천,2024-06-22,24.400000000000002,0,0.0,5,0,0.0,0.0
인천,2024-06-23,26.833333333333332,0,0.0,6,0,0.0,0.0
인천,2024-06-24,24.833333333333332,0,2.0,0,1,0.0,0.0
인천,2024-06-25,25.333333333333332,0,0.0,1,0,1.0,0.0
인천,2024-06-26,27.96666666666667,1,2.0,2,1,0.0,1.0
인천,2024-06-27,27.833333333333332,1,0.0,3,0,1.0,0.0
인천,2024-06-28,28.7,0,0.0,4,0,0.0,1.0
인천,2024-06-29,28.833333333333332,0,4.0,5,1,0.0,0.0
인천,2024-06-30,25.766666666666666,0,5.0,6,1,1.0,0.0
인천,2024-07-01,26.433333333333334,1,0.0,0,0,1.0,1.0
인천,2024-07-02,24.233333333333334,0,3.0,1,1,0.0,1.0
인천,2024-07-03,24.8,0,0.0,2,0,1.0,0.0
인천,2024-07-04,26.766666666666666,1,1.0,3,1,0.0,1.0
인천,2024-07-05,25.133333333333336,0,2.0,4,1,1.0,0.0
인천,2024-07-06,27.7,0,2.0,5,1,1.0,1.0
인천,2024-07-07,26.46666666666667,1,0.0,6,0,1.0,1.0
인천,2024-07-08,24.266666666666666,0,2.0,0,1,0.0,1.0
인천,2024-07-09,24.900000000000002,0,0.0,1,0,1.0,0.0
인천,2024-07-10,28.3,0,1.0,2,1,0.0,1.0
인천,2024-07-11,26.333333333333332,0,2.0,3,1,1.0,0.0
인천,2024-07-12,27.5,0,0.0,4,0,1.0,1.0
인천,2024-07-13,29.333333333333332,4,0.0,5,0,0.0,1.0
인천,2024-07-14,30.433333333333334,3,2.0,6,1,0.0,0.0
인천,2024-07-15,29.833333333333332,2,3.0,0,1,1.0,0.0
인천,2024-07-16,28.566666666666666,0,0.0,1,0,1.0,1.0
인천,2024-07-17,25.7,0,2.0,2,1,0.0,1.0
인천,2024-07-18,25.7,1,5.0,3,1,1.0,0.0
인천,2024-07-19,27.066666666666666,1,1.0,4,1,1.0,1.0
인천,2024-07-20,27.833333333333332,1,0.0,5,0,1.0,1.0
인천,2024-07-21,27.833333333333332,0,4.0,6,1,0.0,1.0
인천,2024-07-22,26.333333333333332,0,2.0,0,1,1.0,0.0
인천,2024-07-23,26.366666666666664,0,1.0,1,1,1.0,1.0
인천,2024-07-24,27.900000000000002,1,0.0,2,0,1.0,1.0
인천,2024-07-25,29.7,7,2.0,3,1,0.0,1.0
인천,2024-07-26,30.96666666666667,3,1.0,4,1,1.0,0.0
인천,2024-07-27,29.833333333333332,6,0.0,5,0,1.0,1.0
인천,2024-07-28,29.933333333333334,4,2.0,6,1,0.0,1.0
인천,2024-07-29,26.733333333333334,0,2.0,0,1,1.0,0.0
인천,2024-07-30,28.266666666666666,4,1.0,1,1,1.0,1.0
인천,2024-07-31,29.633333333333336,3,1.0,2,1,1.0,1.0
인천,2024-08-01,29.96666666666667,4,1.0,3,1,1.0,1.0
인천,2024-08-02,29.766666666666666,1,0.0,4,0,1.0,1.0
인천,2024-08-03,31.233333333333334,5,3.0,5,1,0.0,1.0
인천,2024-08-04,31.933333333333337,11,1.0,6,1,1.0,0.0
인천,2024-08-05,31.7,6,1.0,0,1,1.0,1.0
인천,2024-08-06,30.96666666666667,5,0.0,1,0,1.0,1.0
인천,2024-08-07,30.766666666666666,2,2.0,2,1,0.0,1.0
인천,2024-08-08,29.7,1,1.0,3,1,1.0,0.0
인천,2024-08-09,31.0,2,0.0,4,0,1.0,1.0
인천,2024-08-10,31.133333333333336,3,1.0,5,1,0.0,1.0
인천,2024-08-11,31.76666666666667,2,0.0,6,0,1.0,0.0
인천,2024-08-12,31.733333333333334,11,2.0,0,1,0.0,1.0
인천,2024-08-13,32.93333333333333,6,1.0,1,1,1.0,0.0
인천,2024-08-14,32.199999999999996,5,4.0,2,1,1.0,1.0
인천,2024-08-15,31.866666666666664,4,0.0,3,0,1.0,1.0
인천,2024-08-16,31.866666666666664,8,1.0,4,1,0.0,1.0
인천,2024-08-17,31.900000000000002,1,2.0,5,1,1.0,0.0
인천,2024-08-18,31.700000000000003,4,1.0,6,1,1.0,1.0
인천,2024-08-19,32.0,6,0.0,0,0,1.0,1.0
인천,2024-08-20,33.46666666666667,16,2.0,1,1,0.0,1.0
인천,2024-08-21,30.099999999999998,3,6.0,2,1,1.0,0.0
인천,2024-08-22,29.5,2,0.0,3,0,1.0,1.0
인천,2024-08-23,30.099999999999998,1,1.0,4,1,0.0,1.0
인천,2024-08-24,29.766666666666666,2,0.0,5,0,1.0,0.0
인천,2024-08-25,30.866666666666664,3,1.0,6,1,0.0,1.0
인천,2024-08-26,30.03333333333333,2,0.0,0,0,1.0,0.0
인천,2024-08-27,29.133333333333336,0,0.0,1,0,0.0,1.0
인천,2024-08-28,31.433333333333334,1,1.0,2,1,0.0,0.0
인천,2024-08-29,31.26666666666667,1,4.0,3,1,1.0,0.0
인천,2024-08-30,30.266666666666666,1,0.0,4,0,1.0,1.0
인천,2024-08-31,29.166666666666668,1,0.0,5,0,0.0,1.0
인천,2024-09-01,28.46666666666667,1,0.0,6,0,0.0,0.0
인천,2024-09-02,25.233333333333334,0,2.0,0,1,0.0,0.0
인천,2024-09-03,29.46666666666667,1,2.0,1,1,1.0,0.0
인천,2024-09-04,29.46666666666667,0,0.0,2,0,1.0,1.0
인천,2024-09-05,27.333333333333332,0,1.0,3,1,0.0,1.0
인천,2024-09-06,26.099999999999998,0,0.0,4,0,1.0,0.0
인천,2024-09-07,28.3,0,0.0,5,0,0.0,1.0
인천,2024-09-08,28.400000000000002,4,0.0,6,0,0.0,0.0
인천,2024-09-09,30.066666666666666,6,0.0,0,0,0.0,0.0
인천,2024-09-10,30.666666666666668,2,1.0,1,1,0.0,0.0
인천,2024-09-11,32.23333333333333,1,1.0,2,1,1.0,0.0
인천,2024-09-12,26.766666666666666,0,0.0,3,0,1.0,1.0
인천,2024-09-13,27.3,0,5.0,4,1,0.0,1.0
인천,2024-09-14,28.733333333333334,1,1.0,5,1,1.0,0.0
인천,2024-09-15,28.766666666666666,1,0.0,6,0,1.0,1.0
인천,2024-09-16,29.666666666666668,1,1.0,0,1,0.0,1.0
인천,2024-09-17,29.600000000000005,0,0.0,1,0,1.0,0.0
인천,2024-09-18,30.2,1,0.0,2,0,0.0,1.0
인천,2024-09-19,30.03333333333333,2,0.0,3,0,0.0,0.0
인천,2024-09-20,27.333333333333332,0,2.0,4,1,0.0,0.0
인천,2024-09-21,21.666666666666668,0,0.0,5,0,1.0,0.0
인천,2024-09-22,23.566666666666666,0,1.0,6,1,0.0,1.0
인천,2024-09-23,24.266666666666666,0,1.0,0,1,1.0,0.0
인천,2024-09-24,25.0,0,0.0,1,0,1.0,1.0
인천,2024-09-25,26.066666666666666,0,1.0,2,1,0.0,1.0
인천,2024-09-26,25.566666666666666,1,2.0,3,1,1.0,0.0
인천,2024-09-27,25.599999999999998,0,1.0,4,1,1.0,1.0
인천,2024-09-28,26.766666666666666,0,0.0,5,0,1.0,1.0
인천,2024-09-29,27.133333333333336,3,0.0,6,0,0.0,1.0
인천,2024-09-30,26.166666666666668,0,1.0,0,1,0.0,0.0
인천,2025-05-01,16.400000000000002,0,0.0,3,0,1.0,0.0
인천,2025-05-02,16.466666666666665,0,0.0,4,0,0.0,1.0
인천,2025-05-03,13.466666666666667,0,0.0,5,0,0.0,0.0
인천,2025-05-04,18.3,0,0.0,6,0,0.0,0.0
인천,2025-05-05,13.366666666666667,0,0.0,0,0,0.0,0.0
인천,2025-05-06,16.366666666666667,0,0.0,1,0,0.0,0.0
인천,2025-05-07,16.799999999999997,0,0.0,2,0,0.0,0.0
인천,2025-05-08,19.833333333333332,0,0.0,3,0,0.0,0.0
인천,2025-05-09,15.266666666666666,0,0.0,4,0,0.0,0.0
인천,2025-05-10,14.4,0,1.0,5,1,0.0,0.0
인천,2025-05-11,17.3,0,0.0,6,0,1.0,0.0
인천,2025-05-12,19.099999999999998,0,0.0,0,0,0.0,1.0
인천,2025-05-13,21.666666666666668,0,0.0,1,0,0.0,0.0
인천,2025-05-14,21.666666666666668,0,0.0,2,0,0.0,0.0
인천,2025-05-15,19.266666666666666,0,0.0,3,0,0.0,0.0
인천,2025-05-16,19.7,0,1.0,4,1,0.0,0.0
인천,2025-05-17,19.96666666666667,0,1.0,5,1,1.0,0.0
인천,2025-05-18,18.8,0,0.0,6,0,1.0,1.0
인천,2025-05-19,16.8,0,0.0,0,0,0.0,1.0
인천,2025-05-20,20.400000000000002,0,1.0,1,1,0.0,0.0
인천,2025-05-21,23.833333333333332,3,0.0,2,0,1.0,0.0
인천,2025-05-22,24.366666666666664,0,0.0,3,0,0.0,1.0
인천,2025-05-23,20.733333333333334,0,0.0,4,0,0.0,0.0
인천,2025-05-24,18.533333333333335,0,1.0,5,1,0.0,0.0
인천,2025-05-25,19.366666666666667,0,0.0,6,0,1.0,0.0
인천,2025-05-26,21.400000000000002,0,0.0,0,0,0.0,1.0
인천,2025-05-27,21.7,0,0.0,1,0,0.0,0.0
인천,2025-05-28,22.96666666666667,0,0.0,2,0,0.0,0.0
인천,2025-05-29,24.333333333333332,0,1.0,3,1,0.0,0.0
인천,2025-05-30,25.066666666666666,0,1.0,4,1,1.0,0.0
인천,2025-05-31,22.666666666666668,0,0.0,5,0,1.0,1.0
인천,2025-06-01,24.333333333333332,0,0.0,6,0,0.0,1.0
인천,2025-06-02,22.099999999999998,0,0.0,0,0,0.0,0.0
인천,2025-06-03,22.433333333333334,0,0.0,1,0,0.0,0.0
인천,2025-06-04,22.633333333333336,0,0.0,2,0,0.0,0.0
인천,2025-06-05,23.5,0,0.0,3,0,0.0,0.0
인천,2025-06-06,24.766666666666666,0,0.0,4,0,0.0,0.0
인천,2025-06-07,22.8,0,1.0,5,1,0.0,0.0
인천,2025-06-08,25.566666666666666,0,0.0,6,0,1.0,0.0
인천,2025-06-09,24.0,1,1.0,0,1,0.0,1.0
인천,2025-06-10,21.53333333333333,0,0.0,1,0,1.0,0.0
인천,2025-06-11,24.53333333333333,0,1.0,2,1,0.0,1.0
인천,2025-06-12,28.266666666666666,0,0.0,3,0,1.0,0.0
인천,2025-06-13,23.066666666666666,0,1.0,4,1,0.0,1.0
인천,2025-06-14,27.53333333333333,2,0.0,5,0,1.0,0.0
인천,2025-06-15,26.866666666666664,0,2.0,6,1,0.0,1.0
인천,2025-06-16,22.400000000000002,0,0.0,0,0,1.0,0.0
인천,2025-06-17,24.7,2,1.0,1,1,0.0,1.0
인천,2025-06-18,24.233333333333334,0,2.0,2,1,1.0,0.0
인천,2025-06-19,27.53333333333333,1,0.0,3,0,1.0,1.0
인천,2025-06-20,24.53333333333333,0,7.0,4,1,0.0,1.0
인천,2025-06-21,23.03333333333333,0,1.0,5,1,1.0,0.0
인천,2025-06-22,24.833333333333332,0,2.0,6,1,1.0,1.0
인천,2025-06-23,27.566666666666666,0,0.0,0,0,1.0,1.0
인천,2025-06-24,27.3,0,0.0,1,0,0.0,1.0
인천,2025-06-25,21.599999999999998,0,2.0,2,1,0.0,0.0
인천,2025-06-26,24.2,0,0.0,3,0,1.0,0.0
인천,2025-06-27,25.666666666666668,0,1.0,4,1,0.0,1.0
인천,2025-06-28,25.3,0,1.0,5,1,1.0,0.0
인천,2025-06-29,26.400000000000002,1,0.0,6,0,1.0,1.0
인천,2025-06-30,26.233333333333334,1,0.0,0,0,0.0,1.0
인천,2025-07-01,26.566666666666666,2,2.0,1,1,0.0,0.0
인천,2025-07-02,26.833333333333332,0,1.0,2,1,1.0,0.0
인천,2025-07-03,27.099999999999998,3,2.0,3,1,1.0,1.0
인천,2025-07-04,26.46666666666667,2,1.0,4,1,1.0,1.0
인천,2025-07-05,27.666666666666668,1,0.0,5,0,1.0,1.0
인천,2025-07-06,28.733333333333334,4,2.0,6,1,0.0,1.0
인천,2025-07-07,28.46666666666667,7,1.0,0,1,1.0,0.0
인천,2025-07-08,33.833333333333336,43,1.0,1,1,1.0,1.0
인천,2025-07-09,32.86666666666667,14,1.0,2,1,1.0,1.0
인천,2025-07-10,33.6,8,0.0,3,0,1.0,1.0
인천,2025-07-11,32.63333333333333,2,4.0,4,1,0.0,1.0
인천,2025-07-12,31.633333333333336,4,0.0,5,0,1.0,0.0
인천,2025-07-13,28.2,3,0.0,6,0,0.0,1.0
인천,2025-07-14,27.133333333333336,1,2.0,0,1,0.0,0.0
인천,2025-07-15,25.900000000000002,4,2.0,1,1,1.0,0.0
인천,2025-07-16,23.733333333333334,0,1.0,2,1,1.0,1.0
인천,2025-07-17,25.433333333333334,1,1.0,3,1,1.0,1.0
인천,2025-07-18,26.233333333333334,0,0.0,4,0,1.0,1.0
인천,2025-07-19,26.2,0,2.0,5,1,0.0,1.0
인천,2025-07-20,29.099999999999998,1,1.0,6,1,1.0,0.0
인천,2025-07-21,29.166666666666668,6,1.0,0,1,1.0,1.0
인천,2025-07-22,29.333333333333332,5,1.0,1,1,1.0,1.0
인천,2025-07-23,29.5,7,3.0,2,1,1.0,1.0
인천,2025-07-24,30.633333333333336,6,1.0,3,1,1.0,1.0
인천,2025-07-25,32.300000000000004,7,0.0,4,0,1.0,1.0
인천,2025-07-26,33.03333333333333,14,0.0,5,0,0.0,1.0
인천,2025-07-27,33.06666666666666,11,0.0,6,0,0.0,0.0
인천,2025-07-28,32.46666666666667,8,1.0,0,1,0.0,0.0
인천,2025-07-29,32.699999999999996,14,3.0,1,1,1.0,0.0
인천,2025-07-30,31.933333333333337,9,2.0,2,1,1.0,1.0
인천,2025-07-31,30.7,4,1.0,3,1,1.0,1.0
인천,2025-08-01,31.133333333333336,6,0.0,4,0,1.0,1.0
인천,2025-08-02,31.8,4,1.0,5,1,0.0,1.0
인천,2025-08-03,30.400000000000002,5,1.0,6,1,1.0,0.0
인천,2025-08-04,30.166666666666668,7,2.0,0,1,1.0,1.0
인천,2025-08-05,29.53333333333333,4,3.0,1,1,1.0,1.0
인천,2025-08-06,28.400000000000002,1,2.0,2,1,1.0,1.0
인천,2025-08-07,29.03333333333333,4,1.0,3,1,1.0,1.0
인천,2025-08-08,28.7,1,0.0,4,0,1.0,1.0
인천,2025-08-09,26.733333333333334,1,0.0,5,0,0.0,1.0
인천,2025-08-10,29.166666666666668,0,1.0,6,1,0.0,0.0
인천,2025-08-11,29.333333333333332,0,1.0,0,1,1.0,0.0
인천,2025-08-12,30.933333333333334,3,0.0,1,0,1.0,1.0
인천,2025-08-13,26.133333333333336,1,12.0,2,1,0.0,1.0
인천,2025-08-14,26.766666666666666,1,0.0,3,0,1.0,0.0
인천,2025-08-15,28.433333333333334,1,2.0,4,1,0.0,1.0
인천,2025-08-16,29.666666666666668,1,2.0,5,1,1.0,0.0
인천,2025-08-17,29.166666666666668,0,0.0,6,0,1.0,1.0
인천,2025-08-18,29.666666666666668,2,0.0,0,0,0.0,1.0
인천,2025-08-19,30.2,1,1.0,1,1,0.0,0.0
인천,2025-08-20,29.866666666666664,4,2.0,2,1,1.0,0.0
인천,2025-08-21,30.366666666666664,3,1.0,3,1,1.0,1.0
인천,2025-08-22,30.133333333333336,5,1.0,4,1,1.0,1.0
인천,2025-08-23,30.599999999999998,1,1.0,5,1,1.0,1.0
인천,2025-08-24,31.2,1,0.0,6,0,1.0,1.0
인천,2025-08-25,30.866666666666664,7,0.0,0,0,0.0,1.0
인천,2025-08-26,29.066666666666666,0,1.0,1,1,0.0,0.0
인천,2025-08-27,28.96666666666667,0,1.0,2,1,1.0,0.0
인천,2025-08-28,29.900000000000002,1,1.0,3,1,1.0,1.0
인천,2025-08-29,29.666666666666668,3,1.0,4,1,1.0,1.0
인천,2025-08-30,30.03333333333333,1,0.0,5,0,1.0,1.0
인천,2025-08-31,29.733333333333334,3,2.0,6,1,0.0,1.0
인천,2025-09-01,27.599999999999998,0,0.0,0,0,1.0,0.0
인천,2025-09-02,28.633333333333336,0,0.0,1,0,0.0,1.0
인천,2025-09-03,29.96666666666667,1,0.0,2,0,0.0,0.0
인천,2025-09-04,28.333333333333332,1,0.0,3,0,0.0,0.0
인천,2025-09-05,30.2,1,0.0,4,0,0.0,0.0
인천,2025-09-06,29.2,1,1.0,5,1,0.0,0.0
인천,2025-09-07,27.433333333333334,1,2.0,6,1,1.0,0.0
인천,2025-09-08,27.233333333333334,0,0.0,0,0,1.0,1.0
인천,2025-09-09,26.633333333333336,0,2.0,1,1,0.0,1.0
인천,2025-09-10,29.566666666666666,0,0.0,2,0,1.0,0.0
인천,2025-09-11,29.53333333333333,0,1.0,3,1,0.0,1.0
인천,2025-09-12,26.46666666666667,0,2.0,4,1,1.0,0.0
인천,2025-09-13,25.433333333333334,0,1.0,5,1,1.0,1.0
인천,2025-09-14,27.53333333333333,0,1.0,6,1,1.0,1.0
인천,2025-09-15,28.2,0,1.0,0,1,1.0,1.0
인천,2025-09-16,25.96666666666667,0,1.0,1,1,1.0,1.0
인천,2025-09-17,23.233333333333334,0,1.0,2,1,1.0,1.0
인천,2025-09-18,24.96666666666667,0,0.0,3,0,1.0,1.0
인천,2025-09-19,21.566666666666666,0,0.0,4,0,0.0,1.0
인천,2025-09-20,22.7,0,0.0,5,0,0.0,0.0
인천,2025-09-21,24.866666666666664,0,1.0,6,1,0.0,0.0
인천,2025-09-22,23.433333333333334,0,0.0,0,0,1.0,0.0
인천,2025-09-23,25.066666666666666,1,1.0,1,1,0.0,1.0
인천,2025-09-24,23.066666666666666,0,2.0,2,1,1.0,0.0
인천,2025-09-25,24.666666666666668,0,0.0,3,0,1.0,1.0
인천,2025-09-26,25.099999999999998,0,0.0,4,0,0.0,1.0
인천,2025-09-27,26.0,0,0.0,5,0,0.0,0.0
인천,2025-09-28,21.8,0,0.0,6,0,0.0,0.0
인천,2025-09-29,23.0,0,0.0,0,0,0.0,0.0
인천,2025-09-30,23.166666666666668,0,1.0,1,1,0.0,0.0
전북,2020-05-01,27.26,0,0.0,4,0,0.0,0.0
전북,2020-05-02,24.81,0,0.0,5,0,0.0,0.0
전북,2020-05-03,22.169999999999998,0,1.0,6,1,0.0,0.0
전북,2020-05-04,23.81,0,1.0,0,1,1.0,0.0
전북,2020-05-05,20.04,0,0.0,1,0,1.0,1.0
전북,2020-05-06,27.6,0,1.0,2,1,0.0,1.0
전북,2020-05-07,26.060000000000002,0,0.0,3,0,1.0,0.0
전북,2020-05-08,24.14,0,0.0,4,0,0.0,1.0
전북,2020-05-09,20.36,0,0.0,5,0,0.0,0.0
전북,2020-05-10,16.96,0,0.0,6,0,0.0,0.0
전북,2020-05-11,23.880000000000003,0,0.0,0,0,0.0,0.0
전북,2020-05-12,21.259999999999998,0,1.0,1,1,0.0,0.0
전북,2020-05-13,21.770000000000003,0,1.0,2,1,1.0,0.0
전북,2020-05-14,26.810000000000002,0,0.0,3,0,1.0,1.0
전북,2020-05-15,19.64,0,2.0,4,1,0.0,1.0
전북,2020-05-16,20.490000000000002,0,1.0,5,1,1.0,0.0
전북,2020-05-17,27.48,0,0.0,6,0,1.0,1.0
전북,2020-05-18,25.99,0,0.0,0,0,0.0,1.0
전북,2020-05-19,15.580000000000002,0,0.0,1,0,0.0,0.0
전북,2020-05-20,20.52,0,2.0,2,1,0.0,0.0
전북,2020-05-21,23.55,0,1.0,3,1,1.0,0.0
전북,2020-05-22,25.57,0,0.0,4,0,1.0,1.0
전북,2020-05-23,25.44,0,0.0,5,0,0.0,1.0
전북,2020-05-24,21.82,0,0.0,6,0,0.0,0.0
전북,2020-05-25,21.78,0,1.0,0,1,0.0,0.0
전북,2020-05-26,23.96,0,0.0,1,0,1.0,0.0
전북,2020-05-27,23.78,0,2.0,2,1,0.0,1.0
전북,2020-05-28,24.44,0,0.0,3,0,1.0,0.0
전북,2020-05-29,27.01,0,0.0,4,0,0.0,1.0
전북,2020-05-30,26.96,0,0.0,5,0,0.0,0.0
전북,2020-05-31,24.95,0,0.0,6,0,0.0,0.0
전북,2020-06-01,24.3,0,0.0,0,0,0.0,0.0
전북,2020-06-02,25.660000000000004,0,1.0,1,1,0.0,0.0
전북,2020-06-03,27.52,0,0.0,2,0,1.0,0.0
전북,2020-06-04,30.21,1,0.0,3,0,0.0,1.0
전북,2020-06-05,29.939999999999998,0,1.0,4,1,0.0,0.0
전북,2020-06-06,29.35,0,1.0,5,1,1.0,0.0
전북,2020-06-07,29.45,0,0.0,6,0,1.0,1.0
전북,2020-06-08,32.47,1,1.0,0,1,0.0,1.0
전북,2020-06-09,33.05,3,2.0,1,1,1.0,0.0
전북,2020-06-10,32.769999999999996,2,0.0,2,0,1.0,1.0
전북,2020-06-11,30.07,0,2.0,3,1,0.0,1.0
전북,2020-06-12,28.130000000000003,0,1.0,4,1,1.0,0.0
전북,2020-06-13,27.75,0,0.0,5,0,1.0,1.0
전북,2020-06-14,25.31,0,1.0,6,1,0.0,1.0
전북,2020-06-15,27.560000000000002,0,1.0,0,1,1.0,0.0
전북,2020-06-16,27.78,0,1.0,1,1,1.0,1.0
전북,2020-06-17,26.580000000000002,0,0.0,2,0,1.0,1.0
전북,2020-06-18,20.67,0,0.0,3,0,0.0,1.0
전북,2020-06-19,28.089999999999996,0,2.0,4,1,0.0,0.0
전북,2020-06-20,27.35,0,1.0,5,1,1.0,0.0
전북,2020-06-21,30.05,2,2.0,6,1,1.0,1.0
전북,2020-06-22,30.810000000000002,2,2.0,0,1,1.0,1.0
전북,2020-06-23,30.810000000000002,1,1.0,1,1,1.0,1.0
전북,2020-06-24,25.11,0,1.0,2,1,1.0,1.0
전북,2020-06-25,23.23,1,1.0,3,1,1.0,1.0
전북,2020-06-26,27.139999999999997,0,0.0,4,0,1.0,1.0
전북,2020-06-27,29.79,1,0.0,5,0,0.0,1.0
전북,2020-06-28,28.419999999999998,3,0.0,6,0,0.0,0.0
전북,2020-06-29,25.55,0,2.0,0,1,0.0,0.0
전북,2020-06-30,22.130000000000003,0,0.0,1,0,1.0,0.0
전북,2020-07-01,25.810000000000002,0,1.0,2,1,0.0,1.0
전북,2020-07-02,27.79,0,2.0,3,1,1.0,0.0
전북,2020-07-03,22.97,0,1.0,4,1,1.0,1.0
전북,2020-07-04,22.54,0,0.0,5,0,1.0,1.0
전북,2020-07-05,26.4,1,1.0,6,1,0.0,1.0
전북,2020-07-06,26.660000000000004,0,1.0,0,1,1.0,0.0
전북,2020-07-07,28.55,0,1.0,1,1,1.0,1.0
전북,2020-07-08,28.660000000000004,0,0.0,2,0,1.0,1.0
전북,2020-07-09,30.189999999999998,0,0.0,3,0,0.0,1.0
전북,2020-07-10,29.8,0,0.0,4,0,0.0,0.0
전북,2020-07-11,28.25,1,2.0,5,1,0.0,0.0
전북,2020-07-12,23.89,0,1.0,6,1,1.0,0.0
전북,2020-07-13,23.35,0,2.0,0,1,1.0,1.0
전북,2020-07-14,21.0,0,1.0,1,1,1.0,1.0
전북,2020-07-15,22.05,0,0.0,2,0,1.0,1.0
전북,2020-07-16,27.97,0,4.0,3,1,0.0,1.0
전북,2020-07-17,28.919999999999998,1,1.0,4,1,1.0,0.0
전북,2020-07-18,27.51,1,1.0,5,1,1.0,1.0
전북,2020-07-19,29.139999999999997,0,2.0,6,1,1.0,1.0
전북,2020-07-20,27.669999999999998,0,0.0,0,0,1.0,1.0
전북,2020-07-21,29.49,0,0.0,1,0,0.0,1.0
전북,2020-07-22,23.919999999999998,0,0.0,2,0,0.0,0.0
전북,2020-07-23,24.669999999999998,0,3.0,3,1,0.0,0.0
전북,2020-07-24,23.0,0,0.0,4,0,1.0,0.0
전북,2020-07-25,25.79,0,0.0,5,0,0.0,1.0
전북,2020-07-26,27.71,0,1.0,6,1,0.0,0.0
전북,2020-07-27,26.54,0,1.0,0,1,1.0,0.0
전북,2020-07-28,28.339999999999996,0,1.0,1,1,1.0,1.0
전북,2020-07-29,25.74,0,2.0,2,1,1.0,1.0
전북,2020-07-30,28.330000000000002,0,6.0,3,1,1.0,1.0
전북,2020-07-31,29.99,1,4.0,4,1,1.0,1.0
전북,2020-08-01,29.810000000000002,0,0.0,5,0,1.0,1.0
전북,2020-08-02,30.310000000000002,2,1.0,6,1,0.0,1.0
전북,2020-08-03,30.71,0,2.0,0,1,1.0,0.0
전북,2020-08-04,32.660000000000004,3,1.0,1,1,1.0,1.0
전북,2020-08-05,30.05,1,2.0,2,1,1.0,1.0
전북,2020-08-06,27.8,0,1.0,3,1,1.0,1.0
전북,2020-08-07,25.29,0,0.0,4,0,1.0,1.0
전북,2020-08-08,25.99,0,0.0,5,0,0.0,1.0
전북,2020-08-09,31.369999999999997,0,2.0,6,1,0.0,0.0
전북,2020-08-10,29.25,2,0.0,0,0,1.0,0.0
전북,2020-08-11,29.29,0,0.0,1,0,0.0,1.0
전북,2020-08-12,31.119999999999997,1,0.0,2,0,0.0,0.0
전북,2020-08-13,32.17,6,1.0,3,1,0.0,0.0
전북,2020-08-14,31.96,3,3.0,4,1,1.0,0.0
전북,2020-08-15,32.72,0,0.0,5,0,1.0,1.0
전북,2020-08-16,32.95,1,0.0,6,0,0.0,1.0
전북,2020-08-17,32.730000000000004,2,0.0,0,0,0.0,0.0
전북,2020-08-18,33.089999999999996,1,0.0,1,0,0.0,0.0
전북,2020-08-19,33.08,2,0.0,2,0,0.0,0.0
전북,2020-08-20,33.410000000000004,4,1.0,3,1,0.0,0.0
전북,2020-08-21,32.67,2,1.0,4,1,1.0,0.0
전북,2020-08-22,30.28,0,0.0,5,0,1.0,1.0
전북,2020-08-23,31.52,4,1.0,6,1,0.0,1.0
전북,2020-08-24,32.85,2,1.0,0,1,1.0,0.0
전북,2020-08-25,33.57,3,2.0,1,1,1.0,1.0
전북,2020-08-26,32.17,1,0.0,2,0,1.0,1.0
전북,2020-08-27,31.73,1,0.0,3,0,0.0,1.0
전북,2020-08-28,32.76,1,2.0,4,1,0.0,0.0
전북,2020-08-29,30.189999999999998,0,3.0,5,1,1.0,0.0
전북,2020-08-30,31.639999999999997,3,0.0,6,0,1.0,1.0
전북,2020-08-31,32.18,4,0.0,0,0,0.0,1.0
전북,2020-09-01,31.2,0,0.0,1,0,0.0,0.0
전북,2020-09-02,27.02,0,1.0,2,1,0.0,0.0
전북,2020-09-03,26.18,0,1.0,3,1,1.0,0.0
전북,2020-09-04,28.54,0,0.0,4,0,1.0,1.0
전북,2020-09-05,24.869999999999997,0,1.0,5,1,0.0,1.0
전북,2020-09-06,23.14,0,0.0,6,0,1.0,0.0
전북,2020-09-07,22.16,0,2.0,0,1,0.0,1.0
전북,2020-09-08,27.389999999999997,0,1.0,1,1,1.0,0.0
전북,2020-09-09,26.369999999999997,0,3.0,2,1,1.0,1.0
전북,2020-09-10,27.24,0,0.0,3,0,1.0,1.0
전북,2020-09-11,23.28,0,1.0,4,1,0.0,1.0
전북,2020-09-12,24.169999999999998,0,1.0,5,1,1.0,0.0
전북,2020-09-13,24.880000000000003,0,0.0,6,0,1.0,1.0
전북,2020-09-14,26.07,0,0.0,0,0,0.0,1.0
전북,2020-09-15,28.24,0,0.0,1,0,0.0,0.0
전북,2020-09-16,24.77,0,1.0,2,1,0.0,0.0
전북,2020-09-17,24.16,0,2.0,3,1,1.0,0.0
전북,2020-09-18,23.990000000000002,0,2.0,4,1,1.0,1.0
전북,2020-09-19,25.259999999999998,0,0.0,5,0,1.0,1.0
전북,2020-09-20,24.68,0,0.0,6,0,0.0,1.0
전북,2020-09-21,24.06,0,3.0,0,1,0.0,0.0
전북,2020-09-22,23.91,0,0.0,1,0,1.0,0.0
전북,2020-09-23,23.169999999999998,0,1.0,2,1,0.0,1.0
전북,2020-09-24,25.919999999999998,0,0.0,3,0,1.0,0.0
전북,2020-09-25,25.79,0,1.0,4,1,0.0,1.0
전북,2020-09-26,25.47,0,0.0,5,0,1.0,0.0
전북,2020-09-27,25.59,0,1.0,6,1,0.0,1.0
전북,2020-09-28,25.16,0,0.0,0,0,1.0,0.0
전북,2020-09-29,24.68,0,0.0,1,0,0.0,1.0
전북,2020-09-30,24.39,0,1.0,2,1,0.0,0.0
전북,2021-05-01,12.7,0,0.0,5,0,1.0,0.0
전북,2021-05-02,16.82,0,0.0,6,0,0.0,1.0
전북,2021-05-03,22.04,0,1.0,0,1,0.0,0.0
전북,2021-05-04,21.09,0,0.0,1,0,1.0,0.0
전북,2021-05-05,18.95,0,0.0,2,0,0.0,1.0
전북,2021-05-06,22.93,0,0.0,3,0,0.0,0.0
전북,2021-05-07,20.630000000000003,0,0.0,4,0,0.0,0.0
전북,2021-05-08,23.28,0,0.0,5,0,0.0,0.0
전북,2021-05-09,21.880000000000003,0,0.0,6,0,0.0,0.0
전북,2021-05-10,17.69,0,1.0,0,1,0.0,0.0
전북,2021-05-11,22.06,0,1.0,1,1,1.0,0.0
전북,2021-05-12,27.8,0,0.0,2,0,1.0,1.0
전북,2021-05-13,28.130000000000003,0,1.0,3,1,0.0,1.0
전북,2021-05-14,29.119999999999997,0,0.0,4,0,1.0,0.0
전북,2021-05-15,25.16,0,1.0,5,1,0.0,1.0
전북,2021-05-16,22.422222222222224,0,4.0,6,1,1.0,0.0
전북,2021-05-17,17.555555555555557,0,0.0,0,0,1.0,1.0
전북,2021-05-18,22.91,0,0.0,1,0,0.0,1.0
전북,2021-05-19,26.78,0,0.0,2,0,0.0,0.0
전북,2021-05-20,18.86,0,0.0,3,0,0.0,0.0
전북,2021-05-21,18.64,0,0.0,4,0,0.0,0.0
전북,2021-05-22,24.43,0,1.0,5,1,0.0,0.0
전북,2021-05-23,28.369999999999997,0,0.0,6,0,1.0,0.0
전북,2021-05-24,23.21,0,0.0,0,0,0.0,1.0
전북,2021-05-25,20.56,0,0.0,1,0,0.0,0.0
전북,2021-05-26,23.69,0,0.0,2,0,0.0,0.0
전북,2021-05-27,20.25,0,0.0,3,0,0.0,0.0
전북,2021-05-28,23.57,0,3.0,4,1,0.0,0.0
전북,2021-05-29,23.91,0,0.0,5,0,1.0,0.0
전북,2021-05-30,28.310000000000002,0,2.0,6,1,0.0,1.0
전북,2021-05-31,28.089999999999996,0,1.0,0,1,1.0,0.0
전북,2021-06-01,28.369999999999997,0,1.0,1,1,1.0,1.0
전북,2021-06-02,28.77,1,1.0,2,1,1.0,1.0
전북,2021-06-03,20.45,0,3.0,3,1,1.0,1.0
전북,2021-06-04,23.73,0,0.0,4,0,1.0,1.0
전북,2021-06-05,26.119999999999997,0,0.0,5,0,0.0,1.0
전북,2021-06-06,28.04,0,0.0,6,0,0.0,0.0
전북,2021-06-07,29.630000000000003,0,1.0,0,1,0.0,0.0
전북,2021-06-08,30.76,2,0.0,1,0,1.0,0.0
전북,2021-06-09,32.03,0,0.0,2,0,0.0,1.0
전북,2021-06-10,28.21,0,2.0,3,1,0.0,0.0
전북,2021-06-11,28.04,2,1.0,4,1,1.0,0.0
전북,2021-06-12,29.35,1,0.0,5,0,1.0,1.0
전북,2021-06-13,27.2,2,1.0,6,1,0.0,1.0
전북,2021-06-14,27.32,0,2.0,0,1,1.0,0.0
전북,2021-06-15,22.15,0,0.0,1,0,1.0,1.0
전북,2021-06-16,26.68,0,2.0,2,1,0.0,1.0
전북,2021-06-17,25.73,0,0.0,3,0,1.0,0.0
전북,2021-06-18,23.06,0,3.0,4,1,0.0,1.0
전북,2021-06-19,27.310000000000002,0,2.0,5,1,1.0,0.0
전북,2021-06-20,30.46,0,0.0,6,0,1.0,1.0
전북,2021-06-21,29.15,0,2.0,0,1,0.0,1.0
전북,2021-06-22,28.410000000000004,0,2.0,1,1,1.0,0.0
전북,2021-06-23,26.380000000000003,0,1.0,2,1,1.0,1.0
전북,2021-06-24,26.71,0,0.0,3,0,1.0,1.0
전북,2021-06-25,29.05,0,1.0,4,1,0.0,1.0
전북,2021-06-26,28.5,0,0.0,5,0,1.0,0.0
전북,2021-06-27,29.4,0,0.0,6,0,0.0,1.0
전북,2021-06-28,28.689999999999998,0,2.0,0,1,0.0,0.0
전북,2021-06-29,28.189999999999998,0,2.0,1,1,1.0,0.0
전북,2021-06-30,29.32,1,0.0,2,0,1.0,1.0
전북,2021-07-01,30.97,0,0.0,3,0,0.0,1.0
전북,2021-07-02,31.26,2,1.0,4,1,0.0,0.0
전북,2021-07-03,25.41,0,0.0,5,0,1.0,0.0
전북,2021-07-04,25.660000000000004,0,1.0,6,1,0.0,1.0
전북,2021-07-05,23.43,0,0.0,0,0,1.0,0.0
전북,2021-07-06,24.45,0,1.0,1,1,0.0,1.0
전북,2021-07-07,27.18,0,1.0,2,1,1.0,0.0
전북,2021-07-08,27.8,1,0.0,3,0,1.0,1.0
전북,2021-07-09,29.71,0,0.0,4,0,0.0,1.0
전북,2021-07-10,31.22,0,1.0,5,1,0.0,0.0
전북,2021-07-11,30.93,0,1.0,6,1,1.0,0.0
전북,2021-07-12,32.61,5,1.0,0,1,1.0,1.0
전북,2021-07-13,33.03,2,1.0,1,1,1.0,1.0
전북,2021-07-14,31.660000000000004,2,0.0,2,0,1.0,1.0
전북,2021-07-15,33.45,7,0.0,3,0,0.0,1.0
전북,2021-07-16,32.660000000000004,3,0.0,4,0,0.0,0.0
전북,2021-07-17,30.95,0,0.0,5,0,0.0,0.0
전북,2021-07-18,31.560000000000002,1,0.0,6,0,0.0,0.0
전북,2021-07-19,31.74,0,0.0,0,0,0.0,0.0
전북,2021-07-20,31.1,3,1.0,1,1,0.0,0.0
전북,2021-07-21,33.910000000000004,2,0.0,2,0,1.0,0.0
전북,2021-07-22,33.45,1,0.0,3,0,0.0,1.0
전북,2021-07-23,33.989999999999995,1,1.0,4,1,0.0,0.0
전북,2021-07-24,33.44,1,1.0,5,1,1.0,0.0
전북,2021-07-25,33.54,0,2.0,6,1,1.0,1.0
전북,2021-07-26,32.989999999999995,2,0.0,0,0,1.0,1.0
전북,2021-07-27,33.81,1,2.0,1,1,0.0,1.0
전북,2021-07-28,33.69,8,0.0,2,0,1.0,0.0
전북,2021-07-29,33.22,9,1.0,3,1,0.0,1.0
전북,2021-07-30,33.47,1,2.0,4,1,1.0,0.0
전북,2021-07-31,33.45,4,2.0,5,1,1.0,1.0
전북,2021-08-01,31.8,1,4.0,6,1,1.0,1.0
전북,2021-08-02,29.639999999999997,1,3.0,0,1,1.0,1.0
전북,2021-08-03,31.65,1,1.0,1,1,1.0,1.0
전북,2021-08-04,32.83,5,3.0,2,1,1.0,1.0
전북,2021-08-05,33.64,6,2.0,3,1,1.0,1.0
전북,2021-08-06,33.769999999999996,3,0.0,4,0,1.0,1.0
전북,2021-08-07,32.660000000000004,3,0.0,5,0,0.0,1.0
전북,2021-08-08,29.74,1,1.0,6,1,0.0,0.0
전북,2021-08-09,31.74,0,2.0,0,1,1.0,0.0
전북,2021-08-10,31.73,1,2.0,1,1,1.0,1.0
전북,2021-08-11,32.29,0,2.0,2,1,1.0,1.0
전북,2021-08-12,31.309999999999995,0,1.0,3,1,1.0,1.0
전북,2021-08-13,30.5,0,0.0,4,0,1.0,1.0
전북,2021-08-14,28.46,0,4.0,5,1,0.0,1.0
전북,2021-08-15,31.07,0,1.0,6,1,1.0,0.0
전북,2021-08-16,30.29,0,0.0,0,0,1.0,1.0
전북,2021-08-17,30.27,0,2.0,1,1,0.0,1.0
전북,2021-08-18,29.21,0,2.0,2,1,1.0,0.0
전북,2021-08-19,28.75,0,0.0,3,0,1.0,1.0
전북,2021-08-20,30.55,0,0.0,4,0,0.0,1.0
전북,2021-08-21,26.55,0,3.0,5,1,0.0,0.0
전북,2021-08-22,29.01,1,1.0,6,1,1.0,0.0
전북,2021-08-23,24.78,0,0.0,0,0,1.0,1.0
전북,2021-08-24,28.4,0,1.0,1,1,0.0,1.0
전북,2021-08-25,27.369999999999997,0,2.0,2,1,1.0,0.0
전북,2021-08-26,30.660000000000004,0,1.0,3,1,1.0,1.0
전북,2021-08-27,25.490000000000002,0,1.0,4,1,1.0,1.0
전북,2021-08-28,28.85,0,1.0,5,1,1.0,1.0
전북,2021-08-29,26.939999999999998,0,11.0,6,1,1.0,1.0
전북,2021-08-30,28.488888888888887,0,0.0,0,0,1.0,1.0
전북,2021-08-31,30.51,0,2.0,1,1,0.0,1.0
전북,2021-09-01,26.55,0,2.0,2,1,1.0,0.0
전북,2021-09-02,24.81,0,0.0,3,0,1.0,1.0
전북,2021-09-03,27.02,1,1.0,4,1,0.0,1.0
전북,2021-09-04,27.439999999999998,0,0.0,5,0,1.0,0.0
전북,2021-09-05,23.65,0,0.0,6,0,0.0,1.0
전북,2021-09-06,22.1,0,0.0,0,0,0.0,0.0
전북,2021-09-07,24.59,0,1.0,1,1,0.0,0.0
전북,2021-09-08,26.339999999999996,0,0.0,2,0,1.0,0.0
전북,2021-09-09,28.48,0,1.0,3,1,0.0,1.0
전북,2021-09-10,25.4,0,0.0,4,0,1.0,0.0
전북,2021-09-11,29.7,0,0.0,5,0,0.0,1.0
전북,2021-09-12,29.380000000000003,1,0.0,6,0,0.0,0.0
전북,2021-09-13,27.389999999999997,0,0.0,0,0,0.0,0.0
전북,2021-09-14,25.78,0,0.0,1,0,0.0,0.0
전북,2021-09-15,28.72,0,0.0,2,0,0.0,0.0
전북,2021-09-16,27.1,0,2.0,3,1,0.0,0.0
전북,2021-09-17,25.53,0,0.0,4,0,1.0,0.0
전북,2021-09-18,28.03,0,0.0,5,0,0.0,1.0
전북,2021-09-19,28.439999999999998,1,1.0,6,1,0.0,0.0
전북,2021-09-20,28.0,0,0.0,0,0,1.0,0.0
전북,2021-09-21,25.810000000000002,0,1.0,1,1,0.0,1.0
전북,2021-09-22,27.07,0,1.0,2,1,1.0,0.0
전북,2021-09-23,25.73,0,1.0,3,1,1.0,1.0
전북,2021-09-24,26.560000000000002,0,0.0,4,0,1.0,1.0
전북,2021-09-25,25.76,0,1.0,5,1,0.0,1.0
전북,2021-09-26,26.360000000000003,1,0.0,6,0,1.0,0.0
전북,2021-09-27,27.0,0,0.0,0,0,0.0,1.0
전북,2021-09-28,24.91,0,0.0,1,0,0.0,0.0
전북,2021-09-29,24.92,0,3.0,2,1,0.0,0.0
전북,2021-09-30,27.68,1,0.0,3,0,1.0,0.0
전북,2022-05-01,17.94,0,0.0,6,0,0.0,1.0
전북,2022-05-02,19.44,0,1.0,0,1,0.0,0.0
전북,2022-05-03,20.64,0,2.0,1,1,1.0,0.0
전북,2022-05-04,24.5,0,0.0,2,0,1.0,1.0
전북,2022-05-05,25.48,0,1.0,3,1,0.0,1.0
전북,2022-05-06,26.22,0,0.0,4,0,1.0,0.0
전북,2022-05-07,22.119999999999997,0,0.0,5,0,0.0,1.0
전북,2022-05-08,22.78,0,1.0,6,1,0.0,0.0
전북,2022-05-09,21.81,0,0.0,0,0,1.0,0.0
전북,2022-05-10,24.4,0,0.0,1,0,0.0,1.0
전북,2022-05-11,23.78,0,0.0,2,0,0.0,0.0
전북,2022-05-12,25.419999999999998,0,0.0,3,0,0.0,0.0
전북,2022-05-13,20.419999999999998,0,0.0,4,0,0.0,0.0
전북,2022-05-14,20.43,0,0.0,5,0,0.0,0.0
전북,2022-05-15,20.06,0,0.0,6,0,0.0,0.0
전북,2022-05-16,23.23,0,1.0,0,1,0.0,0.0
전북,2022-05-17,26.72,0,0.0,1,0,1.0,0.0
전북,2022-05-18,27.46,0,2.0,2,1,0.0,1.0
전북,2022-05-19,25.509999999999998,0,1.0,3,1,1.0,0.0
전북,2022-05-20,25.35,0,0.0,4,0,1.0,1.0
전북,2022-05-21,25.06,0,1.0,5,1,0.0,1.0
전북,2022-05-22,27.23,0,0.0,6,0,1.0,0.0
전북,2022-05-23,28.46,0,1.0,0,1,0.0,1.0
전북,2022-05-24,29.55,0,0.0,1,0,1.0,0.0
전북,2022-05-25,27.589999999999996,0,0.0,2,0,0.0,1.0
전북,2022-05-26,24.32,0,0.0,3,0,0.0,0.0
전북,2022-05-27,25.4,0,0.0,4,0,0.0,0.0
전북,2022-05-28,29.01,1,0.0,5,0,0.0,0.0
전북,2022-05-29,28.830000000000002,0,1.0,6,1,0.0,0.0
전북,2022-05-30,22.23,0,0.0,0,0,1.0,0.0
전북,2022-05-31,27.119999999999997,0,0.0,1,0,0.0,1.0
전북,2022-06-01,29.8,0,0.0,2,0,0.0,0.0
전북,2022-06-02,27.939999999999998,0,0.0,3,0,0.0,0.0
전북,2022-06-03,30.830000000000002,0,1.0,4,1,0.0,0.0
전북,2022-06-04,30.71,0,1.0,5,1,1.0,0.0
전북,2022-06-05,22.82,0,1.0,6,1,1.0,1.0
전북,2022-06-06,23.79,0,0.0,0,0,1.0,1.0
전북,2022-06-07,21.229999999999997,0,0.0,1,0,0.0,1.0
전북,2022-06-08,23.75,0,0.0,2,0,0.0,0.0
전북,2022-06-09,26.339999999999996,0,0.0,3,0,0.0,0.0
전북,2022-06-10,27.54,1,2.0,4,1,0.0,0.0
전북,2022-06-11,29.32,0,0.0,5,0,1.0,0.0
전북,2022-06-12,27.29,0,2.0,6,1,0.0,1.0
전북,2022-06-13,26.310000000000002,0,0.0,0,0,1.0,0.0
전북,2022-06-14,20.380000000000003,0,0.0,1,0,0.0,1.0
전북,2022-06-15,25.0,0,1.0,2,1,0.0,0.0
전북,2022-06-16,26.0,0,0.0,3,0,1.0,0.0
전북,2022-06-17,27.639999999999997,0,0.0,4,0,0.0,1.0
전북,2022-06-18,28.560000000000002,0,1.0,5,1,0.0,0.0
전북,2022-06-19,29.53,0,0.0,6,0,1.0,0.0
전북,2022-06-20,31.189999999999998,3,0.0,0,0,0.0,1.0
전북,2022-06-21,31.160000000000004,4,2.0,1,1,0.0,0.0
전북,2022-06-22,31.76,1,0.0,2,0,1.0,0.0
전북,2022-06-23,28.28,0,7.0,3,1,0.0,1.0
전북,2022-06-24,27.78,2,1.0,4,1,1.0,0.0
전북,2022-06-25,30.75,1,1.0,5,1,1.0,1.0
전북,2022-06-26,30.8,2,1.0,6,1,1.0,1.0
전북,2022-06-27,29.080000000000002,1,2.0,0,1,1.0,1.0
전북,2022-06-28,30.080000000000002,0,0.0,1,0,1.0,1.0
전북,2022-06-29,29.419999999999998,0,0.0,2,0,0.0,1.0
전북,2022-06-30,30.04,2,1.0,3,1,0.0,0.0
전북,2022-07-01,32.82,2,0.0,4,0,1.0,0.0
전북,2022-07-02,33.260000000000005,9,1.0,5,1,0.0,1.0
전북,2022-07-03,33.28,6,0.0,6,0,1.0,0.0
전북,2022-07-04,30.9,1,0.0,0,0,0.0,1.0
전북,2022-07-05,30.74,1,0.0,1,0,0.0,0.0
전북,2022-07-06,34.11,3,0.0,2,0,0.0,0.0
전북,2022-07-07,33.089999999999996,0,0.0,3,0,0.0,0.0
전북,2022-07-08,29.43,0,1.0,4,1,0.0,0.0
전북,2022-07-09,30.24,0,0.0,5,0,1.0,0.0
전북,2022-07-10,33.160000000000004,2,1.0,6,1,0.0,1.0
전북,2022-07-11,30.169999999999998,2,0.0,0,0,1.0,0.0
전북,2022-07-12,30.27,2,0.0,1,0,0.0,1.0
전북,2022-07-13,27.660000000000004,0,0.0,2,0,0.0,0.0
전북,2022-07-14,29.02,0,0.0,3,0,0.0,0.0
전북,2022-07-15,30.330000000000002,1,2.0,4,1,0.0,0.0
전북,2022-07-16,30.18,2,2.0,5,1,1.0,0.0
전북,2022-07-17,28.98,1,1.0,6,1,1.0,1.0
전북,2022-07-18,25.080000000000002,0,1.0,0,1,1.0,1.0
전북,2022-07-19,29.35,0,1.0,1,1,1.0,1.0
전북,2022-07-20,31.860000000000003,3,2.0,2,1,1.0,1.0
전북,2022-07-21,26.630000000000003,0,1.0,3,1,1.0,1.0
전북,2022-07-22,28.439999999999998,0,0.0,4,0,1.0,1.0
전북,2022-07-23,27.939999999999998,0,1.0,5,1,0.0,1.0
전북,2022-07-24,25.830000000000002,1,0.0,6,0,1.0,0.0
전북,2022-07-25,30.110000000000003,1,2.0,0,1,0.0,1.0
전북,2022-07-26,31.68,2,0.0,1,0,1.0,0.0
전북,2022-07-27,31.77,4,0.0,2,0,0.0,1.0
전북,2022-07-28,33.19,3,0.0,3,0,0.0,0.0
전북,2022-07-29,34.790000000000006,5,0.0,4,0,0.0,0.0
전북,2022-07-30,31.29,0,2.0,5,1,0.0,0.0
전북,2022-07-31,28.18,0,1.0,6,1,1.0,0.0
전북,2022-08-01,30.46,1,0.0,0,0,1.0,1.0
전북,2022-08-02,30.74,0,1.0,1,1,0.0,1.0
전북,2022-08-03,31.360000000000003,3,1.0,2,1,1.0,0.0
전북,2022-08-04,32.25,3,0.0,3,0,1.0,1.0
전북,2022-08-05,32.11,2,1.0,4,1,0.0,1.0
전북,2022-08-06,33.2,5,1.0,5,1,1.0,0.0
전북,2022-08-07,33.62,3,0.0,6,0,1.0,1.0
전북,2022-08-08,31.18,4,1.0,0,1,0.0,1.0
전북,2022-08-09,31.0,0,0.0,1,0,1.0,0.0
전북,2022-08-10,29.18,0,0.0,2,0,0.0,1.0
전북,2022-08-11,26.29,0,3.0,3,1,0.0,0.0
전북,2022-08-12,30.9,0,1.0,4,1,1.0,0.0
전북,2022-08-13,29.95,1,2.0,5,1,1.0,1.0
전북,2022-08-14,32.160000000000004,0,1.0,6,1,1.0,1.0
전북,2022-08-15,31.78,0,0.0,0,0,1.0,1.0
전북,2022-08-16,28.05,0,0.0,1,0,0.0,1.0
전북,2022-08-17,29.43,0,0.0,2,0,0.0,0.0
전북,2022-08-18,30.52,0,0.0,3,0,0.0,0.0
전북,2022-08-19,31.089999999999996,0,1.0,4,1,0.0,0.0
전북,2022-08-20,28.75,0,0.0,5,0,1.0,0.0
전북,2022-08-21,31.060000000000002,1,1.0,6,1,0.0,1.0
전북,2022-08-22,31.689999999999998,0,0.0,0,0,1.0,0.0
전북,2022-08-23,27.6,0,1.0,1,1,0.0,1.0
전북,2022-08-24,27.05,0,0.0,2,0,1.0,0.0
전북,2022-08-25,28.43,0,1.0,3,1,0.0,1.0
전북,2022-08-26,27.939999999999998,1,2.0,4,1,1.0,0.0
전북,2022-08-27,25.82,0,2.0,5,1,1.0,1.0
전북,2022-08-28,27.830000000000002,0,0.0,6,0,1.0,1.0
전북,2022-08-29,22.84,0,0.0,0,0,0.0,1.0
전북,2022-08-30,25.14,0,0.0,1,0,0.0,0.0
전북,2022-08-31,25.27,0,0.0,2,0,0.0,0.0
전북,2022-09-01,25.8,0,0.0,3,0,0.0,0.0
전북,2022-09-02,26.939999999999998,0,1.0,4,1,0.0,0.0
전북,2022-09-03,28.110000000000003,0,0.0,5,0,1.0,0.0
전북,2022-09-04,30.24,0,3.0,6,1,0.0,1.0
전북,2022-09-05,25.35,0,1.0,0,1,1.0,0.0
전북,2022-09-06,24.65,0,3.0,1,1,1.0,1.0
전북,2022-09-07,27.53,0,1.0,2,1,1.0,1.0
전북,2022-09-08,28.089999999999996,1,0.0,3,0,1.0,1.0
전북,2022-09-09,29.060000000000002,0,0.0,4,0,0.0,1.0
전북,2022-09-10,26.419999999999998,0,0.0,5,0,0.0,0.0
전북,2022-09-11,28.639999999999997,0,0.0,6,0,0.0,0.0
전북,2022-09-12,24.46,0,0.0,0,0,0.0,0.0
전북,2022-09-13,26.869999999999997,0,0.0,1,0,0.0,0.0
전북,2022-09-14,28.35,0,0.0,2,0,0.0,0.0
전북,2022-09-15,30.130000000000003,1,0.0,3,0,0.0,0.0
전북,2022-09-16,31.18,0,0.0,4,0,0.0,0.0
전북,2022-09-17,32.16,0,1.0,5,1,0.0,0.0
전북,2022-09-18,32.339999999999996,2,0.0,6,0,1.0,0.0
전북,2022-09-19,28.77,0,1.0,0,1,0.0,1.0
전북,2022-09-20,24.95,0,0.0,1,0,1.0,0.0
전북,2022-09-21,24.9,0,0.0,2,0,0.0,1.0
전북,2022-09-22,24.46,0,1.0,3,1,0.0,0.0
전북,2022-09-23,23.95,0,1.0,4,1,1.0,0.0
전북,2022-09-24,23.410000000000004,0,1.0,5,1,1.0,1.0
전북,2022-09-25,23.96,0,0.0,6,0,1.0,1.0
전북,2022-09-26,22.93,0,0.0,0,0,0.0,1.0
전북,2022-09-27,26.97,0,0.0,1,0,0.0,0.0
전북,2022-09-28,24.44,0,1.0,2,1,0.0,0.0
전북,2022-09-29,25.810000000000002,0,0.0,3,0,1.0,0.0
전북,2022-09-30,28.6,0,3.0,4,1,0.0,1.0
전북,2023-05-01,21.18,0,0.0,0,0,1.0,0.0
전북,2023-05-02,25.68,0,0.0,1,0,0.0,1.0
전북,2023-05-03,22.79,0,1.0,2,1,0.0,0.0
전북,2023-05-04,21.29,0,2.0,3,1,1.0,0.0
전북,2023-05-05,21.47,0,1.0,4,1,1.0,1.0
전북,2023-05-06,20.53,0,0.0,5,0,1.0,1.0
전북,2023-05-07,14.919999999999998,0,0.0,6,0,0.0,1.0
전북,2023-05-08,21.41,0,1.0,0,1,0.0,0.0
전북,2023-05-09,22.720000000000002,0,1.0,1,1,1.0,0.0
전북,2023-05-10,24.82,0,0.0,2,0,1.0,1.0
전북,2023-05-11,26.089999999999996,0,0.0,3,0,0.0,1.0
전북,2023-05-12,23.95,0,0.0,4,0,0.0,0.0
전북,2023-05-13,22.419999999999998,0,1.0,5,1,0.0,0.0
전북,2023-05-14,25.15,0,0.0,6,0,1.0,0.0
전북,2023-05-15,28.130000000000003,0,1.0,0,1,0.0,1.0
전북,2023-05-16,31.24,0,0.0,1,0,1.0,0.0
전북,2023-05-17,29.96,0,2.0,2,1,0.0,1.0
전북,2023-05-18,20.34,0,0.0,3,0,1.0,0.0
전북,2023-05-19,25.39,0,1.0,4,1,0.0,1.0
전북,2023-05-20,26.389999999999997,0,0.0,5,0,1.0,0.0
전북,2023-05-21,22.77,0,0.0,6,0,0.0,1.0
전북,2023-05-22,20.919999999999998,0,1.0,0,1,0.0,0.0
전북,2023-05-23,24.64,0,0.0,1,0,1.0,0.0
전북,2023-05-24,25.28,0,0.0,2,0,0.0,1.0
전북,2023-05-25,26.48,1,0.0,3,0,0.0,0.0
전북,2023-05-26,25.11,0,0.0,4,0,0.0,0.0
전북,2023-05-27,26.380000000000003,0,2.0,5,1,0.0,0.0
전북,2023-05-28,23.53,0,2.0,6,1,1.0,0.0
전북,2023-05-29,22.04,0,3.0,0,1,1.0,1.0
전북,2023-05-30,27.339999999999996,0,0.0,1,0,1.0,1.0
전북,2023-05-31,28.26,0,1.0,2,1,0.0,1.0
전북,2023-06-01,22.81,0,2.0,3,1,1.0,0.0
전북,2023-06-02,25.78,0,1.0,4,1,1.0,1.0
전북,2023-06-03,26.889999999999997,0,0.0,5,0,1.0,1.0
전북,2023-06-04,26.8,0,0.0,6,0,0.0,1.0
전북,2023-06-05,24.54,0,0.0,0,0,0.0,0.0
전북,2023-06-06,26.78,0,0.0,1,0,0.0,0.0
전북,2023-06-07,27.22,0,0.0,2,0,0.0,0.0
전북,2023-06-08,28.310000000000002,1,0.0,3,0,0.0,0.0
전북,2023-06-09,29.72,0,1.0,4,1,0.0,0.0
전북,2023-06-10,31.089999999999996,2,4.0,5,1,1.0,0.0
전북,2023-06-11,28.189999999999998,0,1.0,6,1,1.0,1.0
전북,2023-06-12,28.610000000000003,2,2.0,0,1,1.0,1.0
전북,2023-06-13,27.580000000000002,0,0.0,1,0,1.0,1.0
전북,2023-06-14,27.310000000000002,1,0.0,2,0,0.0,1.0
전북,2023-06-15,26.96,0,1.0,3,1,0.0,0.0
전북,2023-06-16,29.93,1,0.0,4,0,1.0,0.0
전북,2023-06-17,30.74,2,1.0,5,1,0.0,1.0
전북,2023-06-18,30.689999999999998,3,1.0,6,1,1.0,0.0
전북,2023-06-19,33.2,1,1.0,0,1,1.0,1.0
전북,2023-06-20,28.660000000000004,0,1.0,1,1,1.0,1.0
전북,2023-06-21,23.7,0,1.0,2,1,1.0,1.0
전북,2023-06-22,26.32,0,1.0,3,1,1.0,1.0
전북,2023-06-23,30.79,1,2.0,4,1,1.0,1.0
전북,2023-06-24,31.32,0,0.0,5,0,1.0,1.0
전북,2023-06-25,29.43,0,1.0,6,1,0.0,1.0
전북,2023-06-26,26.660000000000004,0,2.0,0,1,1.0,0.0
전북,2023-06-27,30.05,2,4.0,1,1,1.0,1.0
전북,2023-06-28,26.41111111111111,1,10.0,2,1,1.0,1.0
전북,2023-06-29,26.266666666666666,0,2.0,3,1,1.0,1.0
전북,2023-06-30,25.577777777777776,0,1.0,4,1,1.0,1.0
전북,2023-07-01,30.61111111111111,1,3.0,5,1,1.0,1.0
전북,2023-07-02,32.166666666666664,7,1.0,6,1,1.0,1.0
전북,2023-07-03,31.644444444444446,4,1.0,0,1,1.0,1.0
전북,2023-07-04,25.666666666666668,0,1.0,1,1,1.0,1.0
전북,2023-07-05,28.355555555555554,0,1.0,2,1,1.0,1.0
전북,2023-07-06,32.077777777777776,0,1.0,3,1,1.0,1.0
전북,2023-07-07,24.455555555555556,0,1.0,4,1,1.0,1.0
전북,2023-07-08,30.233333333333334,1,1.0,5,1,1.0,1.0
전북,2023-07-09,30.466666666666665,2,3.0,6,1,1.0,1.0
전북,2023-07-10,31.91111111111111,1,0.0,0,0,1.0,1.0
전북,2023-07-11,27.744444444444444,0,2.0,1,1,0.0,1.0
전북,2023-07-12,29.688888888888886,0,2.0,2,1,1.0,0.0
전북,2023-07-13,26.922222222222224,1,1.0,3,1,1.0,1.0
전북,2023-07-14,26.310000000000002,0,3.0,4,1,1.0,1.0
전북,2023-07-15,26.52,0,1.0,5,1,1.0,1.0
전북,2023-07-16,28.26,0,1.0,6,1,1.0,1.0
전북,2023-07-17,30.869999999999997,3,1.0,0,1,1.0,1.0
전북,2023-07-18,24.59,0,3.0,1,1,1.0,1.0
전북,2023-07-19,30.689999999999998,3,3.0,2,1,1.0,1.0
전북,2023-07-20,31.339999999999996,4,0.0,3,0,1.0,1.0
전북,2023-07-21,33.55,8,0.0,4,0,0.0,1.0
전북,2023-07-22,26.889999999999997,0,0.0,5,0,0.0,0.0
전북,2023-07-23,28.05,0,0.0,6,0,0.0,0.0
전북,2023-07-24,29.419999999999998,0,2.0,0,1,0.0,0.0
전북,2023-07-25,29.96,0,0.0,1,0,1.0,0.0
전북,2023-07-26,31.859999999999996,1,4.0,2,1,0.0,1.0
전북,2023-07-27,32.8,3,0.0,3,0,1.0,0.0
전북,2023-07-28,32.95,7,1.0,4,1,0.0,1.0
전북,2023-07-29,34.17,8,0.0,5,0,1.0,0.0
전북,2023-07-30,33.15,9,0.0,6,0,0.0,1.0
전북,2023-07-31,33.29,4,1.0,0,1,0.0,0.0
전북,2023-08-01,34.68,11,0.0,1,0,1.0,0.0
전북,2023-08-02,34.260000000000005,5,1.0,2,1,0.0,1.0
전북,2023-08-03,34.81,13,1.0,3,1,1.0,0.0
전북,2023-08-04,34.21,4,2.0,4,1,1.0,1.0
전북,2023-08-05,34.88,12,2.0,5,1,1.0,1.0
전북,2023-08-06,34.96,18,1.0,6,1,1.0,1.0
전북,2023-08-07,34.69,7,1.0,0,1,1.0,1.0
전북,2023-08-08,35.25,9,0.0,1,0,1.0,1.0
전북,2023-08-09,30.080000000000002,0,1.0,2,1,0.0,1.0
전북,2023-08-10,24.35,2,6.0,3,1,1.0,0.0
전북,2023-08-11,30.580000000000002,0,2.0,4,1,1.0,1.0
전북,2023-08-12,30.119999999999997,2,1.0,5,1,1.0,1.0
전북,2023-08-13,32.29,4,0.0,6,0,1.0,1.0
전북,2023-08-14,33.1,5,0.0,0,0,0.0,1.0
전북,2023-08-15,32.12,4,0.0,1,0,0.0,0.0
전북,2023-08-16,31.880000000000003,3,0.0,2,0,0.0,0.0
전북,2023-08-17,31.919999999999998,1,1.0,3,1,0.0,0.0
전북,2023-08-18,32.290000000000006,0,2.0,4,1,1.0,0.0
전북,2023-08-19,32.36,3,1.0,5,1,1.0,1.0
전북,2023-08-20,33.32,2,0.0,6,0,1.0,1.0
전북,2023-08-21,33.660000000000004,2,1.0,0,1,0.0,1.0
전북,2023-08-22,32.79,1,1.0,1,1,1.0,0.0
전북,2023-08-23,30.07,0,1.0,2,1,1.0,1.0
전북,2023-08-24,28.619999999999997,2,1.0,3,1,1.0,1.0
전북,2023-08-25,30.27,0,2.0,4,1,1.0,1.0
전북,2023-08-26,30.93,1,1.0,5,1,1.0,1.0
전북,2023-08-27,31.869999999999997,0,0.0,6,0,1.0,1.0
전북,2023-08-28,30.160000000000004,0,1.0,0,1,0.0,1.0
전북,2023-08-29,28.27,0,0.0,1,0,1.0,0.0
전북,2023-08-30,23.130000000000003,0,1.0,2,1,0.0,1.0
전북,2023-08-31,27.76,0,1.0,3,1,1.0,0.0
전북,2023-09-01,30.0,0,0.0,4,0,1.0,1.0
전북,2023-09-02,28.75,0,1.0,5,1,0.0,1.0
전북,2023-09-03,31.96,3,1.0,6,1,1.0,0.0
전북,2023-09-04,31.75,1,3.0,0,1,1.0,1.0
전북,2023-09-05,31.639999999999997,0,0.0,1,0,1.0,1.0
전북,2023-09-06,31.47,4,0.0,2,0,0.0,1.0
전북,2023-09-07,30.71,0,1.0,3,1,0.0,0.0
전북,2023-09-08,29.5,1,1.0,4,1,1.0,0.0
전북,2023-09-09,30.189999999999998,0,0.0,5,0,1.0,1.0
전북,2023-09-10,29.589999999999996,0,2.0,6,1,0.0,1.0
전북,2023-09-11,30.310000000000002,0,0.0,0,0,1.0,0.0
전북,2023-09-12,29.22,0,0.0,1,0,0.0,1.0
전북,2023-09-13,23.830000000000002,0,1.0,2,1,0.0,0.0
전북,2023-09-14,25.72,0,0.0,3,0,1.0,0.0
전북,2023-09-15,27.03,0,1.0,4,1,0.0,1.0
전북,2023-09-16,27.869999999999997,0,1.0,5,1,1.0,0.0
전북,2023-09-17,28.419999999999998,0,2.0,6,1,1.0,1.0
전북,2023-09-18,29.669999999999998,2,1.0,0,1,1.0,1.0
전북,2023-09-19,28.7,0,1.0,1,1,1.0,1.0
전북,2023-09-20,25.43,0,3.0,2,1,1.0,1.0
전북,2023-09-21,23.6,0,0.0,3,0,1.0,1.0
전북,2023-09-22,25.34,0,0.0,4,0,0.0,1.0
전북,2023-09-23,25.52,0,1.0,5,1,0.0,0.0
전북,2023-09-24,27.01,0,1.0,6,1,1.0,0.0
전북,2023-09-25,26.669999999999998,0,1.0,0,1,1.0,1.0
전북,2023-09-26,24.16,0,0.0,1,0,1.0,1.0
전북,2023-09-27,24.619999999999997,0,2.0,2,1,0.0,1.0
전북,2023-09-28,26.48,0,2.0,3,1,1.0,0.0
전북,2023-09-29,25.020000000000003,0,1.0,4,1,1.0,1.0
전북,2023-09-30,23.41,0,0.0,5,0,1.0,1.0
전북,2024-05-01,19.14,0,1.0,2,1,0.0,1.0
전북,2024-05-02,22.25,0,0.0,3,0,1.0,0.0
전북,2024-05-03,26.160000000000004,0,0.0,4,0,0.0,1.0
전북,2024-05-04,26.72,0,0.0,5,0,0.0,0.0
전북,2024-05-05,20.580000000000002,0,4.0,6,1,0.0,0.0
전북,2024-05-06,17.919999999999998,0,0.0,0,0,1.0,0.0
전북,2024-05-07,15.219999999999999,0,2.0,1,1,0.0,1.0
전북,2024-05-08,20.09,0,1.0,2,1,1.0,0.0
전북,2024-05-09,22.09,0,0.0,3,0,1.0,1.0
전북,2024-05-10,25.43,0,0.0,4,0,0.0,1.0
전북,2024-05-11,24.740000000000002,0,1.0,5,1,0.0,0.0
전북,2024-05-12,21.36,0,0.0,6,0,1.0,0.0
전북,2024-05-13,23.85,0,1.0,0,1,0.0,1.0
전북,2024-05-14,25.04,0,0.0,1,0,1.0,0.0
전북,2024-05-15,22.53,0,0.0,2,0,0.0,1.0
전북,2024-05-16,19.811111111111114,0,1.0,3,1,0.0,0.0
전북,2024-05-17,25.37777777777778,0,0.0,4,0,1.0,0.0
전북,2024-05-18,27.677777777777777,0,1.0,5,1,0.0,1.0
전북,2024-05-19,28.866666666666667,0,1.0,6,1,1.0,0.0
전북,2024-05-20,26.844444444444445,0,1.0,0,1,1.0,1.0
전북,2024-05-21,27.433333333333334,1,0.0,1,0,1.0,1.0
전북,2024-05-22,28.12222222222222,0,1.0,2,1,0.0,1.0
전북,2024-05-23,27.933333333333334,1,1.0,3,1,1.0,0.0
전북,2024-05-24,26.955555555555556,0,0.0,4,0,1.0,1.0
전북,2024-05-25,25.355555555555554,1,1.0,5,1,0.0,1.0
전북,2024-05-26,25.033333333333335,0,3.0,6,1,1.0,0.0
전북,2024-05-27,22.37777777777778,0,0.0,0,0,1.0,1.0
전북,2024-05-28,25.333333333333332,0,0.0,1,0,0.0,1.0
전북,2024-05-29,27.58888888888889,1,0.0,2,0,0.0,0.0
전북,2024-05-30,25.82,0,0.0,3,0,0.0,0.0
전북,2024-05-31,25.52,0,2.0,4,1,0.0,0.0
전북,2024-06-01,23.669999999999998,0,0.0,5,0,1.0,0.0
전북,2024-06-02,25.610000000000003,0,0.0,6,0,0.0,1.0
전북,2024-06-03,27.82,0,0.0,0,0,0.0,0.0
전북,2024-06-04,26.919999999999998,0,0.0,1,0,0.0,0.0
전북,2024-06-05,28.130000000000003,0,1.0,2,1,0.0,0.0
전북,2024-06-06,26.9,0,1.0,3,1,1.0,0.0
전북,2024-06-07,27.52,0,0.0,4,0,1.0,1.0
전북,2024-06-08,22.919999999999998,0,1.0,5,1,0.0,1.0
전북,2024-06-09,28.0,0,1.0,6,1,1.0,0.0
전북,2024-06-10,31.21,0,1.0,0,1,1.0,1.0
전북,2024-06-11,30.48,2,0.0,1,0,1.0,1.0
전북,2024-06-12,32.4,0,0.0,2,0,0.0,1.0
전북,2024-06-13,32.95,1,2.0,3,1,0.0,0.0
전북,2024-06-14,32.269999999999996,2,0.0,4,0,1.0,0.0
전북,2024-06-15,30.52,3,2.0,5,1,0.0,1.0
전북,2024-06-16,28.71,0,0.0,6,0,1.0,0.0
전북,2024-06-17,28.089999999999996,0,2.0,0,1,0.0,1.0
전북,2024-06-18,32.239999999999995,0,1.0,1,1,1.0,0.0
전북,2024-06-19,35.71,2,1.0,2,1,1.0,1.0
전북,2024-06-20,26.72,0,0.0,3,0,1.0,1.0
전북,2024-06-21,31.53,1,2.0,4,1,0.0,1.0
전북,2024-06-22,24.98,0,3.0,5,1,1.0,0.0
전북,2024-06-23,27.160000000000004,0,0.0,6,0,1.0,1.0
전북,2024-06-24,28.5,1,1.0,0,1,0.0,1.0
전북,2024-06-25,27.53,0,1.0,1,1,1.0,0.0
전북,2024-06-26,29.639999999999997,0,1.0,2,1,1.0,1.0
전북,2024-06-27,25.29,0,0.0,3,0,1.0,1.0
전북,2024-06-28,31.369999999999997,0,1.0,4,1,0.0,1.0
전북,2024-06-29,26.35,0,4.0,5,1,1.0,0.0
전북,2024-06-30,25.639999999999997,0,1.0,6,1,1.0,1.0
전북,2024-07-01,30.55,0,2.0,0,1,1.0,1.0
전북,2024-07-02,30.52,2,0.0,1,0,1.0,1.0
전북,2024-07-03,30.28,0,0.0,2,0,0.0,1.0
전북,2024-07-04,32.46,3,0.0,3,0,0.0,0.0
전북,2024-07-05,30.15,1,1.0,4,1,0.0,0.0
전북,2024-07-06,30.660000000000004,1,5.0,5,1,1.0,0.0
전북,2024-07-07,29.47,0,1.0,6,1,1.0,1.0
전북,2024-07-08,27.439999999999998,0,1.0,0,1,1.0,1.0
전북,2024-07-09,26.07,0,2.0,1,1,1.0,1.0
전북,2024-07-10,26.589999999999996,0,3.0,2,1,1.0,1.0
전북,2024-07-11,26.77,0,2.0,3,1,1.0,1.0
전북,2024-07-12,30.07,3,1.0,4,1,1.0,1.0
전북,2024-07-13,29.889999999999997,0,0.0,5,0,1.0,1.0
전북,2024-07-14,28.77,1,1.0,6,1,0.0,1.0
전북,2024-07-15,31.089999999999996,1,0.0,0,0,1.0,0.0
전북,2024-07-16,27.439999999999998,1,0.0,1,0,0.0,1.0
전북,2024-07-17,30.18,0,2.0,2,1,0.0,0.0
전북,2024-07-18,28.589999999999996,1,1.0,3,1,1.0,0.0
전북,2024-07-19,28.73,0,1.0,4,1,1.0,1.0
전북,2024-07-20,31.54,0,11.0,5,1,1.0,1.0
전북,2024-07-21,32.36,1,0.0,6,0,1.0,1.0
전북,2024-07-22,32.18,4,1.0,0,1,0.0,1.0
전북,2024-07-23,30.71,1,1.0,1,1,1.0,0.0
전북,2024-07-24,33.410000000000004,5,1.0,2,1,1.0,1.0
전북,2024-07-25,34.05,4,1.0,3,1,1.0,1.0
전북,2024-07-26,31.860000000000003,1,1.0,4,1,1.0,1.0
전북,2024-07-27,31.380000000000003,2,1.0,5,1,1.0,1.0
전북,2024-07-28,33.39,5,0.0,6,0,1.0,1.0
전북,2024-07-29,32.53,3,0.0,0,0,0.0,1.0
전북,2024-07-30,32.54,9,0.0,1,0,0.0,0.0
전북,2024-07-31,34.05,7,1.0,2,1,0.0,0.0
전북,2024-08-01,33.85,6,1.0,3,1,1.0,0.0
전북,2024-08-02,34.14,5,1.0,4,1,1.0,1.0
전북,2024-08-03,34.519999999999996,14,1.0,5,1,1.0,1.0
전북,2024-08-04,35.15,9,0.0,6,0,1.0,1.0
전북,2024-08-05,33.489999999999995,4,0.0,0,0,0.0,1.0
전북,2024-08-06,33.5,6,2.0,1,1,0.0,0.0
전북,2024-08-07,34.28,10,0.0,2,0,1.0,0.0
전북,2024-08-08,31.630000000000003,5,1.0,3,1,0.0,1.0
전북,2024-08-09,34.04,3,0.0,4,0,1.0,0.0
전북,2024-08-10,34.57,5,0.0,5,0,0.0,1.0
전북,2024-08-11,34.53,6,0.0,6,0,0.0,0.0
전북,2024-08-12,35.12,7,0.0,0,0,0.0,0.0
전북,2024-08-13,34.910000000000004,7,3.0,1,1,0.0,0.0
전북,2024-08-14,34.87,3,0.0,2,0,1.0,0.0
전북,2024-08-15,33.87,4,1.0,3,1,0.0,1.0
전북,2024-08-16,33.410000000000004,4,2.0,4,1,1.0,0.0
전북,2024-08-17,32.8,1,2.0,5,1,1.0,1.0
전북,2024-08-18,33.160000000000004,1,2.0,6,1,1.0,1.0
전북,2024-08-19,34.15,6,2.0,0,1,1.0,1.0
전북,2024-08-20,33.94,3,1.0,1,1,1.0,1.0
전북,2024-08-21,32.19,1,1.0,2,1,1.0,1.0
전북,2024-08-22,31.51,0,0.0,3,0,1.0,1.0
전북,2024-08-23,32.47,4,0.0,4,0,0.0,1.0
전북,2024-08-24,33.230000000000004,5,1.0,5,1,0.0,0.0
전북,2024-08-25,32.46,2,0.0,6,0,1.0,0.0
전북,2024-08-26,33.010000000000005,1,1.0,0,1,0.0,1.0
전북,2024-08-27,30.93,0,3.0,1,1,1.0,0.0
전북,2024-08-28,32.92,3,0.0,2,0,1.0,1.0
전북,2024-08-29,33.75,0,1.0,3,1,0.0,1.0
전북,2024-08-30,32.9,3,1.0,4,1,1.0,0.0
전북,2024-08-31,31.55,2,1.0,5,1,1.0,1.0
전북,2024-09-01,31.73,1,1.0,6,1,1.0,1.0
전북,2024-09-02,29.7,0,1.0,0,1,1.0,1.0
전북,2024-09-03,31.160000000000004,1,0.0,1,0,1.0,1.0
전북,2024-09-04,32.489999999999995,2,0.0,2,0,0.0,1.0
전북,2024-09-05,32.14,1,0.0,3,0,0.0,0.0
전북,2024-09-06,28.959999999999997,0,3.0,4,1,0.0,0.0
전북,2024-09-07,29.49,0,0.0,5,0,1.0,0.0
전북,2024-09-08,32.12,0,1.0,6,1,0.0,1.0
전북,2024-09-09,33.690000000000005,2,0.0,0,0,1.0,0.0
전북,2024-09-10,34.86,7,2.0,1,1,0.0,1.0
전북,2024-09-11,33.42,1,3.0,2,1,1.0,0.0
전북,2024-09-12,33.07,1,0.0,3,0,1.0,1.0
전북,2024-09-13,33.519999999999996,1,0.0,4,0,0.0,1.0
전북,2024-09-14,33.660000000000004,2,0.0,5,0,0.0,0.0
전북,2024-09-15,34.730000000000004,1,0.0,6,0,0.0,0.0
전북,2024-09-16,31.48,1,1.0,0,1,0.0,0.0
전북,2024-09-17,34.839999999999996,2,0.0,1,0,1.0,0.0
전북,2024-09-18,34.65,0,1.0,2,1,0.0,1.0
전북,2024-09-19,35.36,2,0.0,3,0,1.0,0.0
전북,2024-09-20,27.810000000000002,0,0.0,4,0,0.0,1.0
전북,2024-09-21,26.49,0,3.0,5,1,0.0,0.0
전북,2024-09-22,24.9,0,2.0,6,1,1.0,0.0
전북,2024-09-23,26.49,0,1.0,0,1,1.0,1.0
전북,2024-09-24,27.54,0,0.0,1,0,1.0,1.0
전북,2024-09-25,28.7,0,0.0,2,0,0.0,1.0
전북,2024-09-26,29.01,0,0.0,3,0,0.0,0.0
전북,2024-09-27,28.1,0,0.0,4,0,0.0,0.0
전북,2024-09-28,29.860000000000003,0,2.0,5,1,0.0,0.0
전북,2024-09-29,28.72,0,0.0,6,0,1.0,0.0
전북,2024-09-30,28.419999999999998,0,1.0,0,1,0.0,1.0
전북,2025-05-01,20.89,0,2.0,3,1,1.0,0.0
전북,2025-05-02,17.94,0,0.0,4,0,1.0,1.0
전북,2025-05-03,14.45,0,0.0,5,0,0.0,1.0
전북,2025-05-04,19.75,0,0.0,6,0,0.0,0.0
전북,2025-05-05,17.28,0,0.0,0,0,0.0,0.0
전북,2025-05-06,15.6,0,0.0,1,0,0.0,0.0
전북,2025-05-07,20.419999999999998,0,0.0,2,0,0.0,0.0
전북,2025-05-08,24.2,0,1.0,3,1,0.0,0.0
전북,2025-05-09,18.0,0,0.0,4,0,1.0,0.0
전북,2025-05-10,14.89,0,0.0,5,0,0.0,1.0
전북,2025-05-11,20.14,0,0.0,6,0,0.0,0.0
전북,2025-05-12,24.27,0,1.0,0,1,0.0,0.0
전북,2025-05-13,25.660000000000004,0,0.0,1,0,1.0,0.0
전북,2025-05-14,26.810000000000002,0,0.0,2,0,0.0,1.0
전북,2025-05-15,24.009999999999998,0,0.0,3,0,0.0,0.0
전북,2025-05-16,23.29,0,0.0,4,0,0.0,0.0
전북,2025-05-17,24.82,0,1.0,5,1,0.0,0.0
전북,2025-05-18,21.93,0,0.0,6,0,1.0,0.0
전북,2025-05-19,24.240000000000002,0,0.0,0,0,0.0,1.0
전북,2025-05-20,29.189999999999998,1,2.0,1,1,0.0,0.0
전북,2025-05-21,27.610000000000003,2,2.0,2,1,1.0,0.0
전북,2025-05-22,24.96,0,0.0,3,0,1.0,1.0
전북,2025-05-23,24.19,0,1.0,4,1,0.0,1.0
전북,2025-05-24,19.869999999999997,0,0.0,5,0,1.0,0.0
전북,2025-05-25,22.75,1,0.0,6,0,0.0,1.0
전북,2025-05-26,25.32,0,0.0,0,0,0.0,0.0
전북,2025-05-27,25.839999999999996,1,0.0,1,0,0.0,0.0
전북,2025-05-28,27.74,0,0.0,2,0,0.0,0.0
전북,2025-05-29,27.15,1,1.0,3,1,0.0,0.0
전북,2025-05-30,25.630000000000003,0,1.0,4,1,1.0,0.0
전북,2025-05-31,24.630000000000003,0,0.0,5,0,1.0,1.0
전북,2025-06-01,28.49,0,0.0,6,0,0.0,1.0
전북,2025-06-02,21.14,0,1.0,0,1,0.0,0.0
전북,2025-06-03,24.14,1,0.0,1,0,1.0,0.0
전북,2025-06-04,26.53,1,1.0,2,1,0.0,1.0
전북,2025-06-05,27.810000000000002,0,0.0,3,0,1.0,0.0
전북,2025-06-06,27.660000000000004,0,1.0,4,1,0.0,1.0
전북,2025-06-07,30.639999999999997,0,0.0,5,0,1.0,0.0
전북,2025-06-08,29.910000000000004,0,1.0,6,1,0.0,1.0
전북,2025-06-09,30.939999999999998,0,2.0,0,1,1.0,0.0
전북,2025-06-10,29.15,0,1.0,1,1,1.0,1.0
전북,2025-06-11,28.85,1,1.0,2,1,1.0,1.0
전북,2025-06-12,30.85,0,1.0,3,1,1.0,1.0
전북,2025-06-13,23.22,0,2.0,4,1,1.0,1.0
전북,2025-06-14,28.380000000000003,1,1.0,5,1,1.0,1.0
전북,2025-06-15,30.95,3,2.0,6,1,1.0,1.0
전북,2025-06-16,27.130000000000003,0,0.0,0,0,1.0,1.0
전북,2025-06-17,29.82,0,0.0,1,0,0.0,1.0
전북,2025-06-18,31.369999999999997,3,0.0,2,0,0.0,0.0
전북,2025-06-19,31.01,2,3.0,3,1,0.0,0.0
전북,2025-06-20,26.860000000000003,0,0.0,4,0,1.0,0.0
전북,2025-06-21,25.03,0,3.0,5,1,0.0,1.0
전북,2025-06-22,27.53,1,2.0,6,1,1.0,0.0
전북,2025-06-23,30.71,0,2.0,0,1,1.0,1.0
전북,2025-06-24,23.990000000000002,0,2.0,1,1,1.0,1.0
전북,2025-06-25,26.169999999999998,0,2.0,2,1,1.0,1.0
전북,2025-06-26,28.3,0,2.0,3,1,1.0,1.0
전북,2025-06-27,32.07,3,2.0,4,1,1.0,1.0
전북,2025-06-28,32.87,5,1.0,5,1,1.0,1.0
전북,2025-06-29,32.75,4,1.0,6,1,1.0,1.0
전북,2025-06-30,33.38,10,1.0,0,1,1.0,1.0
전북,2025-07-01,33.410000000000004,2,2.0,1,1,1.0,1.0
전북,2025-07-02,33.75,11,0.0,2,0,1.0,1.0
전북,2025-07-03,33.47,0,1.0,3,1,0.0,1.0
전북,2025-07-04,32.02,3,2.0,4,1,1.0,0.0
전북,2025-07-05,33.08,2,1.0,5,1,1.0,1.0
전북,2025-07-06,33.28,3,4.0,6,1,1.0,1.0
전북,2025-07-07,34.44,3,1.0,0,1,1.0,1.0
전북,2025-07-08,35.47,10,2.0,1,1,1.0,1.0
전북,2025-07-09,35.63,3,1.0,2,1,1.0,1.0
전북,2025-07-10,35.05,5,0.0,3,0,1.0,1.0
전북,2025-07-11,34.77,4,0.0,4,0,0.0,1.0
전북,2025-07-12,34.13,4,0.0,5,0,0.0,0.0
전북,2025-07-13,28.45,2,0.0,6,0,0.0,0.0
전북,2025-07-14,29.0,0,1.0,0,1,0.0,0.0
전북,2025-07-15,26.619999999999997,0,1.0,1,1,1.0,0.0
전북,2025-07-16,25.21,0,0.0,2,0,1.0,1.0
전북,2025-07-17,28.02,0,19.0,3,1,0.0,1.0
전북,2025-07-18,30.48,0,7.0,4,1,1.0,0.0
전북,2025-07-19,27.910000000000004,1,4.0,5,1,1.0,1.0
전북,2025-07-20,32.58,7,0.0,6,0,1.0,1.0
전북,2025-07-21,31.75,6,0.0,0,0,0.0,1.0
전북,2025-07-22,33.010000000000005,4,3.0,1,1,0.0,0.0
전북,2025-07-23,33.8,9,2.0,2,1,1.0,0.0
전북,2025-07-24,34.96,10,2.0,3,1,1.0,1.0
전북,2025-07-25,35.14,5,2.0,4,1,1.0,1.0
전북,2025-07-26,35.36,4,0.0,5,0,1.0,1.0
전북,2025-07-27,35.97,5,1.0,6,1,0.0,1.0
전북,2025-07-28,34.769999999999996,9,0.0,0,0,1.0,0.0
전북,2025-07-29,35.260000000000005,5,1.0,1,1,0.0,1.0
전북,2025-07-30,34.94,4,1.0,2,1,1.0,0.0
전북,2025-07-31,35.07,1,0.0,3,0,1.0,1.0
전북,2025-08-01,35.32,4,1.0,4,1,0.0,1.0
전북,2025-08-02,35.45,3,1.0,5,1,1.0,0.0
전북,2025-08-03,29.52,2,8.0,6,1,1.0,1.0
전북,2025-08-04,30.160000000000004,4,3.0,0,1,1.0,1.0
전북,2025-08-05,32.58,1,1.0,1,1,1.0,1.0
전북,2025-08-06,30.49,1,0.0,2,0,1.0,1.0
전북,2025-08-07,30.74,1,0.0,3,0,0.0,1.0
전북,2025-08-08,30.580000000000002,1,1.0,4,1,0.0,0.0
전북,2025-08-09,27.28,0,0.0,5,0,1.0,0.0
전북,2025-08-10,31.119999999999997,1,0.0,6,0,0.0,1.0
전북,2025-08-11,27.6,1,1.0,0,1,0.0,0.0
전북,2025-08-12,25.78,1,0.0,1,0,1.0,0.0
전북,2025-08-13,31.57,0,1.0,2,1,0.0,1.0
전북,2025-08-14,31.860000000000003,1,0.0,3,0,1.0,0.0
전북,2025-08-15,32.910000000000004,5,0.0,4,0,0.0,1.0
전북,2025-08-16,32.92,3,1.0,5,1,0.0,0.0
전북,2025-08-17,32.72,5,0.0,6,0,1.0,0.0
전북,2025-08-18,33.239999999999995,5,3.0,0,1,0.0,1.0
전북,2025-08-19,33.260000000000005,2,0.0,1,0,1.0,0.0
전북,2025-08-20,33.53,4,1.0,2,1,0.0,1.0
전북,2025-08-21,33.589999999999996,7,0.0,3,0,1.0,0.0
전북,2025-08-22,33.519999999999996,1,0.0,4,0,0.0,1.0
전북,2025-08-23,34.07,2,0.0,5,0,0.0,0.0
전북,2025-08-24,34.36,3,0.0,6,0,0.0,0.0
전북,2025-08-25,34.06,4,0.0,0,0,0.0,0.0
전북,2025-08-26,28.939999999999998,1,23.0,1,1,0.0,0.0
전북,2025-08-27,31.939999999999998,1,0.0,2,0,1.0,0.0
전북,2025-08-28,32.83,0,1.0,3,1,0.0,1.0
전북,2025-08-29,33.15,5,1.0,4,1,1.0,0.0
전북,2025-08-30,33.53,8,2.0,5,1,1.0,1.0
전북,2025-08-31,31.78,2,7.0,6,1,1.0,1.0
전북,2025-09-01,32.089999999999996,1,5.0,0,1,1.0,1.0
전북,2025-09-02,29.45,0,2.0,1,1,1.0,1.0
전북,2025-09-03,32.93,1,2.0,2,1,1.0,1.0
전북,2025-09-04,31.419999999999998,1,0.0,3,0,1.0,1.0
전북,2025-09-05,32.75,0,1.0,4,1,0.0,1.0
전북,2025-09-06,32.05,1,0.0,5,0,1.0,0.0
전북,2025-09-07,28.619999999999997,0,29.0,6,1,0.0,1.0
전북,2025-09-08,24.869999999999997,0,1.0,0,1,1.0,0.0
전북,2025-09-09,21.77,0,1.0,1,1,1.0,1.0
전북,2025-09-10,28.85,0,1.0,2,1,1.0,1.0
전북,2025-09-11,30.139999999999997,1,1.0,3,1,1.0,1.0
전북,2025-09-12,26.339999999999996,0,0.0,4,0,1.0,1.0
전북,2025-09-13,28.080000000000002,0,5.0,5,1,0.0,1.0
전북,2025-09-14,29.52,0,2.0,6,1,1.0,0.0
전북,2025-09-15,28.01,0,0.0,0,0,1.0,1.0
전북,2025-09-16,31.68,1,0.0,1,0,0.0,1.0
전북,2025-09-17,29.630000000000003,0,3.0,2,1,0.0,0.0
전북,2025-09-18,27.189999999999998,0,1.0,3,1,1.0,0.0
전북,2025-09-19,24.98,0,0.0,4,0,1.0,1.0
전북,2025-09-20,24.66,0,1.0,5,1,0.0,1.0
전북,2025-09-21,27.169999999999998,0,1.0,6,1,1.0,0.0
전북,2025-09-22,26.080000000000002,0,0.0,0,0,1.0,1.0
전북,2025-09-23,28.0,0,1.0,1,1,0.0,1.0
전북,2025-09-24,28.330000000000002,0,0.0,2,0,1.0,0.0
전북,2025-09-25,24.44,0,0.0,3,0,0.0,1.0
전북,2025-09-26,28.080000000000002,0,2.0,4,1,0.0,0.0
전북,2025-09-27,28.53,0,0.0,5,0,1.0,0.0
전북,2025-09-28,23.27,0,1.0,6,1,0.0,1.0
전북,2025-09-29,24.65,0,0.0,0,0,1.0,0.0
전북,2025-09-30,25.23,0,0.0,1,0,0.0,1.0
제주,2020-05-01,23.125,0,0.0,4,0,0.0,0.0
제주,2020-05-02,21.7,0,0.0,5,0,0.0,0.0
제주,2020-05-03,21.325,0,0.0,6,0,0.0,0.0
제주,2020-05-04,22.425,0,0.0,0,0,0.0,0.0
제주,2020-05-05,22.1,0,0.0,1,0,0.0,0.0
제주,2020-05-06,23.625,0,0.0,2,0,0.0,0.0
제주,2020-05-07,22.925,0,0.0,3,0,0.0,0.0
제주,2020-05-08,24.1,0,1.0,4,1,0.0,0.0
제주,2020-05-09,21.75,0,0.0,5,0,1.0,0.0
제주,2020-05-10,18.2,0,0.0,6,0,0.0,1.0
제주,2020-05-11,21.775,0,0.0,0,0,0.0,0.0
제주,2020-05-12,23.05,0,1.0,1,1,0.0,0.0
제주,2020-05-13,21.275,0,0.0,2,0,1.0,0.0
제주,2020-05-14,23.65,0,0.0,3,0,0.0,1.0
제주,2020-05-15,22.9,0,0.0,4,0,0.0,0.0
제주,2020-05-16,20.3,0,0.0,5,0,0.0,0.0
제주,2020-05-17,21.049999999999997,0,0.0,6,0,0.0,0.0
제주,2020-05-18,23.925,0,0.0,0,0,0.0,0.0
제주,2020-05-19,20.9,0,1.0,1,1,0.0,0.0
제주,2020-05-20,20.25,0,0.0,2,0,1.0,0.0
제주,2020-05-21,22.15,0,0.0,3,0,0.0,1.0
제주,2020-05-22,22.625,0,0.0,4,0,0.0,0.0
제주,2020-05-23,22.8,0,0.0,5,0,0.0,0.0
제주,2020-05-24,24.85,0,0.0,6,0,0.0,0.0
제주,2020-05-25,20.85,0,0.0,0,0,0.0,0.0
제주,2020-05-26,20.95,0,0.0,1,0,0.0,0.0
제주,2020-05-27,21.375,0,0.0,2,0,0.0,0.0
제주,2020-05-28,24.725,0,0.0,3,0,0.0,0.0
제주,2020-05-29,22.4,0,0.0,4,0,0.0,0.0
제주,2020-05-30,22.625,0,0.0,5,0,0.0,0.0
제주,2020-05-31,21.725,0,0.0,6,0,0.0,0.0
제주,2020-06-01,23.05,0,0.0,0,0,0.0,0.0
제주,2020-06-02,22.525,0,1.0,1,1,0.0,0.0
제주,2020-06-03,24.0,0,0.0,2,0,1.0,0.0
제주,2020-06-04,24.4,1,1.0,3,1,0.0,1.0
제주,2020-06-05,24.175,0,0.0,4,0,1.0,0.0
제주,2020-06-06,26.225,0,0.0,5,0,0.0,1.0
제주,2020-06-07,24.325,0,0.0,6,0,0.0,0.0
제주,2020-06-08,27.875,0,0.0,0,0,0.0,0.0
제주,2020-06-09,28.65,0,0.0,1,0,0.0,0.0
제주,2020-06-10,26.5,0,0.0,2,0,0.0,0.0
제주,2020-06-11,26.0,0,0.0,3,0,0.0,0.0
제주,2020-06-12,24.825,0,1.0,4,1,0.0,0.0
제주,2020-06-13,25.9,0,0.0,5,0,1.0,0.0
제주,2020-06-14,25.025,0,0.0,6,0,0.0,1.0
제주,2020-06-15,25.025,0,0.0,0,0,0.0,0.0
제주,2020-06-16,26.625,0,0.0,1,0,0.0,0.0
제주,2020-06-17,23.575,0,0.0,2,0,0.0,0.0
제주,2020-06-18,22.225,0,2.0,3,1,0.0,0.0
제주,2020-06-19,23.45,0,1.0,4,1,1.0,0.0
제주,2020-06-20,25.3,0,0.0,5,0,1.0,1.0
제주,2020-06-21,25.1,0,0.0,6,0,0.0,1.0
제주,2020-06-22,26.875,0,0.0,0,0,0.0,0.0
제주,2020-06-23,28.3,0,0.0,1,0,0.0,0.0
제주,2020-06-24,24.8,0,0.0,2,0,0.0,0.0
제주,2020-06-25,23.825,0,0.0,3,0,0.0,0.0
제주,2020-06-26,25.45,0,0.0,4,0,0.0,0.0
제주,2020-06-27,26.85,0,0.0,5,0,0.0,0.0
제주,2020-06-28,27.875,0,0.0,6,0,0.0,0.0
제주,2020-06-29,25.05,0,0.0,0,0,0.0,0.0
제주,2020-06-30,24.9,0,0.0,1,0,0.0,0.0
제주,2020-07-01,26.025,0,0.0,2,0,0.0,0.0
제주,2020-07-02,25.674999999999997,0,0.0,3,0,0.0,0.0
제주,2020-07-03,23.125,0,0.0,4,0,0.0,0.0
제주,2020-07-04,22.175,0,0.0,5,0,0.0,0.0
제주,2020-07-05,24.5,0,1.0,6,1,0.0,0.0
제주,2020-07-06,24.525000000000002,0,0.0,0,0,1.0,0.0
제주,2020-07-07,24.425,1,1.0,1,1,0.0,1.0
제주,2020-07-08,25.45,0,0.0,2,0,1.0,0.0
제주,2020-07-09,27.675,1,0.0,3,0,0.0,1.0
제주,2020-07-10,28.0,0,6.0,4,1,0.0,0.0
제주,2020-07-11,25.825,0,0.0,5,0,1.0,0.0
제주,2020-07-12,25.35,0,1.0,6,1,0.0,1.0
제주,2020-07-13,26.325,0,1.0,0,1,1.0,0.0
제주,2020-07-14,24.275,0,0.0,1,0,1.0,1.0
제주,2020-07-15,24.55,0,0.0,2,0,0.0,1.0
제주,2020-07-16,25.6,0,0.0,3,0,0.0,0.0
제주,2020-07-17,25.425,0,0.0,4,0,0.0,0.0
제주,2020-07-18,25.325,0,0.0,5,0,0.0,0.0
제주,2020-07-19,29.15,1,0.0,6,0,0.0,0.0
제주,2020-07-20,28.025,1,0.0,0,0,0.0,0.0
제주,2020-07-21,26.275,0,0.0,1,0,0.0,0.0
제주,2020-07-22,28.45,0,0.0,2,0,0.0,0.0
제주,2020-07-23,27.2,0,0.0,3,0,0.0,0.0
제주,2020-07-24,24.900000000000002,0,1.0,4,1,0.0,0.0
제주,2020-07-25,26.875,0,0.0,5,0,1.0,0.0
제주,2020-07-26,26.625,0,0.0,6,0,0.0,1.0
제주,2020-07-27,26.175,0,0.0,0,0,0.0,0.0
제주,2020-07-28,29.525,3,0.0,1,0,0.0,0.0
제주,2020-07-29,29.475,3,0.0,2,0,0.0,0.0
제주,2020-07-30,30.15,1,0.0,3,0,0.0,0.0
제주,2020-07-31,29.65,2,0.0,4,0,0.0,0.0
제주,2020-08-01,30.225,2,0.0,5,0,0.0,0.0
제주,2020-08-02,31.0,0,0.0,6,0,0.0,0.0
제주,2020-08-03,30.475,1,0.0,0,0,0.0,0.0
제주,2020-08-04,31.925,0,0.0,1,0,0.0,0.0
제주,2020-08-05,30.7,0,4.0,2,1,0.0,0.0
제주,2020-08-06,28.825000000000003,1,0.0,3,0,1.0,0.0
제주,2020-08-07,29.25,0,0.0,4,0,0.0,1.0
제주,2020-08-08,29.4,0,0.0,5,0,0.0,0.0
제주,2020-08-09,31.1,0,0.0,6,0,0.0,0.0
제주,2020-08-10,29.75,1,1.0,0,1,0.0,0.0
제주,2020-08-11,30.125,0,0.0,1,0,1.0,0.0
제주,2020-08-12,31.5,1,1.0,2,1,0.0,1.0
제주,2020-08-13,32.1,3,0.0,3,0,1.0,0.0
제주,2020-08-14,32.3,8,0.0,4,0,0.0,1.0
제주,2020-08-15,32.475,3,0.0,5,0,0.0,0.0
제주,2020-08-16,31.55,1,0.0,6,0,0.0,0.0
제주,2020-08-17,31.575,1,1.0,0,1,0.0,0.0
제주,2020-08-18,31.2,4,1.0,1,1,1.0,0.0
제주,2020-08-19,31.7,2,0.0,2,0,1.0,1.0
제주,2020-08-20,31.25,1,0.0,3,0,0.0,1.0
제주,2020-08-21,30.625,5,2.0,4,1,0.0,0.0
제주,2020-08-22,32.125,0,1.0,5,1,1.0,0.0
제주,2020-08-23,31.075,2,0.0,6,0,1.0,1.0
제주,2020-08-24,32.975,2,0.0,0,0,0.0,1.0
제주,2020-08-25,32.35,0,0.0,1,0,0.0,0.0
제주,2020-08-26,28.975,0,2.0,2,1,0.0,0.0
제주,2020-08-27,29.075,1,0.0,3,0,1.0,0.0
제주,2020-08-28,30.875,3,0.0,4,0,0.0,1.0
제주,2020-08-29,30.45,0,0.0,5,0,0.0,0.0
제주,2020-08-30,30.925,2,0.0,6,0,0.0,0.0
제주,2020-08-31,31.0,2,0.0,0,0,0.0,0.0
제주,2020-09-01,29.95,0,0.0,1,0,0.0,0.0
제주,2020-09-02,27.8,0,0.0,2,0,0.0,0.0
제주,2020-09-03,28.65,0,0.0,3,0,0.0,0.0
제주,2020-09-04,27.925,2,0.0,4,0,0.0,0.0
제주,2020-09-05,23.925,0,2.0,5,1,0.0,0.0
제주,2020-09-06,23.525000000000002,0,2.0,6,1,1.0,0.0
제주,2020-09-07,26.4,0,0.0,0,0,1.0,1.0
제주,2020-09-08,28.55,2,0.0,1,0,0.0,1.0
제주,2020-09-09,27.85,1,0.0,2,0,0.0,0.0
제주,2020-09-10,27.1,0,0.0,3,0,0.0,0.0
제주,2020-09-11,25.725,1,0.0,4,0,0.0,0.0
제주,2020-09-12,25.55,0,0.0,5,0,0.0,0.0
제주,2020-09-13,25.6,0,0.0,6,0,0.0,0.0
제주,2020-09-14,25.95,0,0.0,0,0,0.0,0.0
제주,2020-09-15,25.75,0,0.0,1,0,0.0,0.0
제주,2020-09-16,26.95,0,0.0,2,0,0.0,0.0
제주,2020-09-17,22.9,0,0.0,3,0,0.0,0.0
제주,2020-09-18,22.125,0,0.0,4,0,0.0,0.0
제주,2020-09-19,25.625,0,0.0,5,0,0.0,0.0
제주,2020-09-20,25.975,0,0.0,6,0,0.0,0.0
제주,2020-09-21,24.55,0,1.0,0,1,0.0,0.0
제주,2020-09-22,23.6,0,0.0,1,0,1.0,0.0
제주,2020-09-23,22.625,0,0.0,2,0,0.0,1.0
제주,2020-09-24,22.625,0,2.0,3,1,0.0,0.0
제주,2020-09-25,25.075,0,0.0,4,0,1.0,0.0
제주,2020-09-26,24.625,0,0.0,5,0,0.0,1.0
제주,2020-09-27,24.3,0,0.0,6,0,0.0,0.0
제주,2020-09-28,23.8,0,0.0,0,0,0.0,0.0
제주,2020-09-29,24.025,0,0.0,1,0,0.0,0.0
제주,2020-09-30,24.25,0,0.0,2,0,0.0,0.0
제주,2021-05-01,16.5,0,1.0,5,1,0.0,0.0
제주,2021-05-02,16.7,0,0.0,6,0,1.0,0.0
제주,2021-05-03,18.674999999999997,0,0.0,0,0,0.0,1.0
제주,2021-05-04,20.575,0,1.0,1,1,0.0,0.0
제주,2021-05-05,22.4,0,2.0,2,1,1.0,0.0
제주,2021-05-06,21.825,0,0.0,3,0,1.0,1.0
제주,2021-05-07,24.225,0,0.0,4,0,0.0,1.0
제주,2021-05-08,22.1,0,0.0,5,0,0.0,0.0
제주,2021-05-09,23.125,0,0.0,6,0,0.0,0.0
제주,2021-05-10,24.049999999999997,0,0.0,0,0,0.0,0.0
제주,2021-05-11,21.425,0,0.0,1,0,0.0,0.0
제주,2021-05-12,21.525,0,0.0,2,0,0.0,0.0
제주,2021-05-13,23.2,0,0.0,3,0,0.0,0.0
제주,2021-05-14,24.1,0,0.0,4,0,0.0,0.0
제주,2021-05-15,27.05,0,1.0,5,1,0.0,0.0
제주,2021-05-16,23.325,0,1.0,6,1,1.0,0.0
제주,2021-05-17,20.525,0,1.0,0,1,1.0,1.0
제주,2021-05-18,22.125,0,0.0,1,0,1.0,1.0
제주,2021-05-19,23.2,0,0.0,2,0,0.0,1.0
제주,2021-05-20,21.45,0,0.0,3,0,0.0,0.0
제주,2021-05-21,21.9,0,0.0,4,0,0.0,0.0
제주,2021-05-22,22.375,0,0.0,5,0,0.0,0.0
제주,2021-05-23,23.475,0,0.0,6,0,0.0,0.0
제주,2021-05-24,23.7,1,1.0,0,1,0.0,0.0
제주,2021-05-25,25.95,0,1.0,1,1,1.0,0.0
제주,2021-05-26,22.525,0,0.0,2,0,1.0,1.0
제주,2021-05-27,24.65,0,1.0,3,1,0.0,1.0
제주,2021-05-28,25.4,0,0.0,4,0,1.0,0.0
제주,2021-05-29,23.4,0,0.0,5,0,0.0,1.0
제주,2021-05-30,24.6,0,0.0,6,0,0.0,0.0
제주,2021-05-31,25.65,0,0.0,0,0,0.0,0.0
제주,2021-06-01,25.95,0,0.0,1,0,0.0,0.0
제주,2021-06-02,25.575000000000003,0,0.0,2,0,0.0,0.0
제주,2021-06-03,26.275,0,0.0,3,0,0.0,0.0
제주,2021-06-04,25.1,0,1.0,4,1,0.0,0.0
제주,2021-06-05,25.325,0,1.0,5,1,1.0,0.0
제주,2021-06-06,24.525,0,0.0,6,0,1.0,1.0
제주,2021-06-07,24.825,0,0.0,0,0,0.0,1.0
제주,2021-06-08,27.85,1,0.0,1,0,0.0,0.0
제주,2021-06-09,28.2,1,0.0,2,0,0.0,0.0
제주,2021-06-10,25.95,0,0.0,3,0,0.0,0.0
제주,2021-06-11,24.3,0,1.0,4,1,0.0,0.0
제주,2021-06-12,26.25,1,2.0,5,1,1.0,0.0
제주,2021-06-13,23.275,0,0.0,6,0,1.0,1.0
제주,2021-06-14,24.775,1,2.0,0,1,0.0,1.0
제주,2021-06-15,23.775,0,1.0,1,1,1.0,0.0
제주,2021-06-16,23.775,0,0.0,2,0,1.0,1.0
제주,2021-06-17,23.6,0,1.0,3,1,0.0,1.0
제주,2021-06-18,24.3,0,0.0,4,0,1.0,0.0
제주,2021-06-19,27.075,0,1.0,5,1,0.0,1.0
제주,2021-06-20,27.075,0,0.0,6,0,1.0,0.0
제주,2021-06-21,28.575,1,0.0,0,0,0.0,1.0
제주,2021-06-22,26.95,0,0.0,1,0,0.0,0.0
제주,2021-06-23,25.975,0,2.0,2,1,0.0,0.0
제주,2021-06-24,26.675,1,0.0,3,0,1.0,0.0
제주,2021-06-25,27.174999999999997,0,0.0,4,0,0.0,1.0
제주,2021-06-26,28.125,0,0.0,5,0,0.0,0.0
제주,2021-06-27,27.95,0,2.0,6,1,0.0,0.0
제주,2021-06-28,27.925,0,1.0,0,1,1.0,0.0
제주,2021-06-29,27.525,0,0.0,1,0,1.0,1.0
제주,2021-06-30,27.8,0,0.0,2,0,0.0,1.0
제주,2021-07-01,28.175,0,1.0,3,1,0.0,0.0
제주,2021-07-02,26.424999999999997,0,0.0,4,0,1.0,0.0
제주,2021-07-03,27.724999999999998,0,0.0,5,0,0.0,1.0
제주,2021-07-04,26.475,0,1.0,6,1,0.0,0.0
제주,2021-07-05,28.25,0,2.0,0,1,1.0,0.0
제주,2021-07-06,28.7,0,1.0,1,1,1.0,1.0
제주,2021-07-07,28.35,0,1.0,2,1,1.0,1.0
제주,2021-07-08,28.75,0,0.0,3,0,1.0,1.0
제주,2021-07-09,29.325,0,0.0,4,0,0.0,1.0
제주,2021-07-10,29.8,1,0.0,5,0,0.0,0.0
제주,2021-07-11,29.975,4,0.0,6,0,0.0,0.0
제주,2021-07-12,30.775,0,0.0,0,0,0.0,0.0
제주,2021-07-13,30.35,8,1.0,1,1,0.0,0.0
제주,2021-07-14,29.625,2,1.0,2,1,1.0,0.0
제주,2021-07-15,30.799999999999997,2,0.0,3,0,1.0,1.0
제주,2021-07-16,30.525,1,5.0,4,1,0.0,1.0
제주,2021-07-17,29.9,0,6.0,5,1,1.0,0.0
제주,2021-07-18,29.575000000000003,0,9.0,6,1,1.0,1.0
제주,2021-07-19,31.200000000000003,1,0.0,0,0,1.0,1.0
제주,2021-07-20,31.0,0,0.0,1,0,0.0,1.0
제주,2021-07-21,30.95,1,2.0,2,1,0.0,0.0
제주,2021-07-22,31.875,1,0.0,3,0,1.0,0.0
제주,2021-07-23,29.475,0,1.0,4,1,0.0,1.0
제주,2021-07-24,31.7,1,0.0,5,0,1.0,0.0
제주,2021-07-25,28.2,0,0.0,6,0,0.0,1.0
제주,2021-07-26,28.7,1,2.0,0,1,0.0,0.0
제주,2021-07-27,31.425,1,0.0,1,0,1.0,0.0
제주,2021-07-28,31.65,5,0.0,2,0,0.0,1.0
제주,2021-07-29,31.150000000000002,0,0.0,3,0,0.0,0.0
제주,2021-07-30,29.5,1,1.0,4,1,0.0,0.0
제주,2021-07-31,30.1,2,4.0,5,1,1.0,0.0
제주,2021-08-01,30.65,0,0.0,6,0,1.0,1.0
제주,2021-08-02,30.775,1,2.0,0,1,0.0,1.0
제주,2021-08-03,31.075,0,1.0,1,1,1.0,0.0
제주,2021-08-04,32.375,4,1.0,2,1,1.0,1.0
제주,2021-08-05,32.425,0,0.0,3,0,1.0,1.0
제주,2021-08-06,32.275,2,1.0,4,1,0.0,1.0
제주,2021-08-07,31.525,0,0.0,5,0,1.0,0.0
제주,2021-08-08,29.45,0,0.0,6,0,0.0,1.0
제주,2021-08-09,32.0,2,0.0,0,0,0.0,0.0
제주,2021-08-10,30.325,2,1.0,1,1,0.0,0.0
제주,2021-08-11,28.875,0,3.0,2,1,1.0,0.0
제주,2021-08-12,28.025,0,0.0,3,0,1.0,1.0
제주,2021-08-13,25.775,0,1.0,4,1,0.0,1.0
제주,2021-08-14,24.825,0,2.0,5,1,1.0,0.0
제주,2021-08-15,26.275,0,0.0,6,0,1.0,1.0
제주,2021-08-16,27.625,0,0.0,0,0,0.0,1.0
제주,2021-08-17,28.225,0,0.0,1,0,0.0,0.0
제주,2021-08-18,28.375,2,1.0,2,1,0.0,0.0
제주,2021-08-19,28.35,0,2.0,3,1,1.0,0.0
제주,2021-08-20,30.0,0,2.0,4,1,1.0,1.0
제주,2021-08-21,27.7,0,1.0,5,1,1.0,1.0
제주,2021-08-22,26.75,0,2.0,6,1,1.0,1.0
제주,2021-08-23,29.875,0,2.0,0,1,1.0,1.0
제주,2021-08-24,28.5,1,0.0,1,0,1.0,1.0
제주,2021-08-25,28.425,0,3.0,2,1,0.0,1.0
제주,2021-08-26,28.975,0,0.0,3,0,1.0,0.0
제주,2021-08-27,30.475,3,0.0,4,0,0.0,1.0
제주,2021-08-28,30.875,3,1.0,5,1,0.0,0.0
제주,2021-08-29,31.0,1,0.0,6,0,1.0,0.0
제주,2021-08-30,30.325,0,0.0,0,0,0.0,1.0
제주,2021-08-31,29.925,3,0.0,1,0,0.0,0.0
제주,2021-09-01,30.675,0,4.0,2,1,0.0,0.0
제주,2021-09-02,27.2,0,2.0,3,1,1.0,0.0
제주,2021-09-03,26.35,0,1.0,4,1,1.0,1.0
제주,2021-09-04,28.375,0,0.0,5,0,1.0,1.0
제주,2021-09-05,25.825,0,0.0,6,0,0.0,1.0
제주,2021-09-06,27.025,0,0.0,0,0,0.0,0.0
제주,2021-09-07,29.975,0,0.0,1,0,0.0,0.0
제주,2021-09-08,27.1,0,0.0,2,0,0.0,0.0
제주,2021-09-09,27.775,0,0.0,3,0,0.0,0.0
제주,2021-09-10,25.5,0,0.0,4,0,0.0,0.0
제주,2021-09-11,28.5,1,1.0,5,1,0.0,0.0
제주,2021-09-12,28.075,0,0.0,6,0,1.0,0.0
제주,2021-09-13,26.025,0,1.0,0,1,0.0,1.0
제주,2021-09-14,25.825000000000003,0,2.0,1,1,1.0,0.0
제주,2021-09-15,24.875,0,3.0,2,1,1.0,1.0
제주,2021-09-16,24.725,0,0.0,3,0,1.0,1.0
제주,2021-09-17,27.1,0,3.0,4,1,0.0,1.0
제주,2021-09-18,27.525,0,0.0,5,0,1.0,0.0
제주,2021-09-19,27.2,0,0.0,6,0,0.0,1.0
제주,2021-09-20,28.775,0,3.0,0,1,0.0,0.0
제주,2021-09-21,27.325,0,2.0,1,1,1.0,0.0
제주,2021-09-22,28.725,0,0.0,2,0,1.0,1.0
제주,2021-09-23,27.525,0,1.0,3,1,0.0,1.0
제주,2021-09-24,26.8,0,0.0,4,0,1.0,0.0
제주,2021-09-25,27.25,0,0.0,5,0,0.0,1.0
제주,2021-09-26,27.925,0,1.0,6,1,0.0,0.0
제주,2021-09-27,27.0,0,0.0,0,0,1.0,0.0
제주,2021-09-28,27.7,0,0.0,1,0,0.0,1.0
제주,2021-09-29,29.05,1,1.0,2,1,0.0,0.0
제주,2021-09-30,25.375,0,1.0,3,1,1.0,0.0
제주,2022-05-01,18.2,0,0.0,6,0,1.0,1.0
제주,2022-05-02,21.075,0,0.0,0,0,0.0,1.0
제주,2022-05-03,18.7,0,1.0,1,1,0.0,0.0
제주,2022-05-04,20.2,0,0.0,2,0,1.0,0.0
제주,2022-05-05,24.375,0,0.0,3,0,0.0,1.0
제주,2022-05-06,24.45,0,0.0,4,0,0.0,0.0
제주,2022-05-07,23.875,0,0.0,5,0,0.0,0.0
제주,2022-05-08,21.55,0,0.0,6,0,0.0,0.0
제주,2022-05-09,20.625,0,0.0,0,0,0.0,0.0
제주,2022-05-10,20.925,0,0.0,1,0,0.0,0.0
제주,2022-05-11,20.525,0,0.0,2,0,0.0,0.0
제주,2022-05-12,22.725,0,0.0,3,0,0.0,0.0
제주,2022-05-13,19.875,0,2.0,4,1,0.0,0.0
제주,2022-05-14,20.85,0,1.0,5,1,1.0,0.0
제주,2022-05-15,19.25,0,0.0,6,0,1.0,1.0
제주,2022-05-16,21.975,0,0.0,0,0,0.0,1.0
제주,2022-05-17,23.5,0,0.0,1,0,0.0,0.0
제주,2022-05-18,23.6,0,1.0,2,1,0.0,0.0
제주,2022-05-19,23.1,0,0.0,3,0,1.0,0.0
제주,2022-05-20,24.3,0,1.0,4,1,0.0,1.0
제주,2022-05-21,23.9,0,0.0,5,0,1.0,0.0
제주,2022-05-22,25.025,0,1.0,6,1,0.0,1.0
제주,2022-05-23,25.525,0,0.0,0,0,1.0,0.0
제주,2022-05-24,25.25,0,0.0,1,0,0.0,1.0
제주,2022-05-25,25.325,0,0.0,2,0,0.0,0.0
제주,2022-05-26,22.625,0,0.0,3,0,0.0,0.0
제주,2022-05-27,28.0,0,0.0,4,0,0.0,0.0
제주,2022-05-28,25.325000000000003,1,0.0,5,0,0.0,0.0
제주,2022-05-29,22.7,0,0.0,6,0,0.0,0.0
제주,2022-05-30,23.225,0,0.0,0,0,0.0,0.0
제주,2022-05-31,25.475,0,0.0,1,0,0.0,0.0
제주,2022-06-01,23.85,1,1.0,2,1,0.0,0.0
제주,2022-06-02,24.5,0,0.0,3,0,1.0,0.0
제주,2022-06-03,23.95,1,1.0,4,1,0.0,1.0
제주,2022-06-04,25.825,0,1.0,5,1,1.0,0.0
제주,2022-06-05,22.15,0,0.0,6,0,1.0,1.0
제주,2022-06-06,24.3,0,0.0,0,0,0.0,1.0
제주,2022-06-07,23.4,0,0.0,1,0,0.0,0.0
제주,2022-06-08,23.95,0,0.0,2,0,0.0,0.0
제주,2022-06-09,24.45,0,0.0,3,0,0.0,0.0
제주,2022-06-10,24.625,1,1.0,4,1,0.0,0.0
제주,2022-06-11,24.375,0,0.0,5,0,1.0,0.0
제주,2022-06-12,24.7,0,0.0,6,0,0.0,1.0
제주,2022-06-13,21.875,0,0.0,0,0,0.0,0.0
제주,2022-06-14,21.425,0,0.0,1,0,0.0,0.0
제주,2022-06-15,25.625,1,0.0,2,0,0.0,0.0
제주,2022-06-16,24.95,0,1.0,3,1,0.0,0.0
제주,2022-06-17,25.425,0,1.0,4,1,1.0,0.0
제주,2022-06-18,26.5,0,0.0,5,0,1.0,1.0
제주,2022-06-19,28.0,3,0.0,6,0,0.0,1.0
제주,2022-06-20,25.474999999999998,0,0.0,0,0,0.0,0.0
제주,2022-06-21,26.975,0,0.0,1,0,0.0,0.0
제주,2022-06-22,27.375,0,0.0,2,0,0.0,0.0
제주,2022-06-23,27.375,1,0.0,3,0,0.0,0.0
제주,2022-06-24,27.2,0,1.0,4,1,0.0,0.0
제주,2022-06-25,28.775,0,5.0,5,1,1.0,0.0
제주,2022-06-26,28.475,2,1.0,6,1,1.0,1.0
제주,2022-06-27,28.275,0,0.0,0,0,1.0,1.0
제주,2022-06-28,28.0,0,0.0,1,0,0.0,1.0
제주,2022-06-29,28.724999999999998,1,0.0,2,0,0.0,0.0
제주,2022-06-30,29.425,1,1.0,3,1,0.0,0.0
제주,2022-07-01,29.875,1,0.0,4,0,1.0,0.0
제주,2022-07-02,30.125,1,0.0,5,0,0.0,1.0
제주,2022-07-03,31.475,1,0.0,6,0,0.0,0.0
제주,2022-07-04,30.2,0,0.0,0,0,0.0,0.0
제주,2022-07-05,29.9,1,1.0,1,1,0.0,0.0
제주,2022-07-06,30.974999999999998,4,0.0,2,0,1.0,0.0
제주,2022-07-07,31.175,2,0.0,3,0,0.0,1.0
제주,2022-07-08,31.599999999999998,1,0.0,4,0,0.0,0.0
제주,2022-07-09,30.475,1,0.0,5,0,0.0,0.0
제주,2022-07-10,31.0,2,1.0,6,1,0.0,0.0
제주,2022-07-11,29.3,1,2.0,0,1,1.0,0.0
제주,2022-07-12,30.8,0,0.0,1,0,1.0,1.0
제주,2022-07-13,30.775000000000002,2,1.0,2,1,0.0,1.0
제주,2022-07-14,31.7,0,1.0,3,1,1.0,0.0
제주,2022-07-15,28.025,0,0.0,4,0,1.0,1.0
제주,2022-07-16,30.65,1,1.0,5,1,0.0,1.0
제주,2022-07-17,30.025,0,0.0,6,0,1.0,0.0
제주,2022-07-18,29.65,0,0.0,0,0,0.0,1.0
제주,2022-07-19,29.725,2,0.0,1,0,0.0,0.0
제주,2022-07-20,29.125,0,1.0,2,1,0.0,0.0
제주,2022-07-21,31.45,0,0.0,3,0,1.0,0.0
제주,2022-07-22,30.325,2,1.0,4,1,0.0,1.0
제주,2022-07-23,30.05,2,1.0,5,1,1.0,0.0
제주,2022-07-24,30.6,0,0.0,6,0,1.0,1.0
제주,2022-07-25,29.175,2,0.0,0,0,0.0,1.0
제주,2022-07-26,30.275000000000002,1,0.0,1,0,0.0,0.0
제주,2022-07-27,30.6,1,0.0,2,0,0.0,0.0
제주,2022-07-28,32.7,0,0.0,3,0,0.0,0.0
제주,2022-07-29,32.425,0,0.0,4,0,0.0,0.0
제주,2022-07-30,28.7,0,0.0,5,0,0.0,0.0
제주,2022-07-31,28.674999999999997,0,1.0,6,1,0.0,0.0
제주,2022-08-01,30.15,0,0.0,0,0,1.0,0.0
제주,2022-08-02,31.1,3,0.0,1,0,0.0,1.0
제주,2022-08-03,31.4,6,0.0,2,0,0.0,0.0
제주,2022-08-04,32.150000000000006,4,0.0,3,0,0.0,0.0
제주,2022-08-05,32.55,0,0.0,4,0,0.0,0.0
제주,2022-08-06,32.475,8,1.0,5,1,0.0,0.0
제주,2022-08-07,32.7,2,1.0,6,1,1.0,0.0
제주,2022-08-08,32.95,0,0.0,0,0,1.0,1.0
제주,2022-08-09,32.925,2,0.0,1,0,0.0,1.0
제주,2022-08-10,33.475,3,1.0,2,1,0.0,0.0
제주,2022-08-11,32.15,1,0.0,3,0,1.0,0.0
제주,2022-08-12,31.924999999999997,3,0.0,4,0,0.0,1.0
제주,2022-08-13,32.475,2,1.0,5,1,0.0,0.0
제주,2022-08-14,33.025,1,0.0,6,0,1.0,0.0
제주,2022-08-15,33.15,1,0.0,0,0,0.0,1.0
제주,2022-08-16,31.5,2,0.0,1,0,0.0,0.0
제주,2022-08-17,28.174999999999997,0,11.0,2,1,0.0,0.0
제주,2022-08-18,29.625,0,0.0,3,0,1.0,0.0
제주,2022-08-19,32.375,1,0.0,4,0,0.0,1.0
제주,2022-08-20,30.85,3,0.0,5,0,0.0,0.0
제주,2022-08-21,29.825,3,0.0,6,0,0.0,0.0
제주,2022-08-22,30.575,1,0.0,0,0,0.0,0.0
제주,2022-08-23,32.15,0,0.0,1,0,0.0,0.0
제주,2022-08-24,29.75,0,0.0,2,0,0.0,0.0
제주,2022-08-25,30.025,0,0.0,3,0,0.0,0.0
제주,2022-08-26,28.174999999999997,0,0.0,4,0,0.0,0.0
제주,2022-08-27,29.15,0,0.0,5,0,0.0,0.0
제주,2022-08-28,28.325,2,0.0,6,0,0.0,0.0
제주,2022-08-29,28.925,0,0.0,0,0,0.0,0.0
제주,2022-08-30,32.150000000000006,1,0.0,1,0,0.0,0.0
제주,2022-08-31,28.4,0,0.0,2,0,0.0,0.0
제주,2022-09-01,26.375,0,0.0,3,0,0.0,0.0
제주,2022-09-02,25.05,0,1.0,4,1,0.0,0.0
제주,2022-09-03,28.275,0,0.0,5,0,1.0,0.0
제주,2022-09-04,29.325,0,1.0,6,1,0.0,1.0
제주,2022-09-05,27.625,0,2.0,0,1,1.0,0.0
제주,2022-09-06,26.875,0,16.0,1,1,1.0,1.0
제주,2022-09-07,27.95,0,1.0,2,1,1.0,1.0
제주,2022-09-08,27.4,0,0.0,3,0,1.0,1.0
제주,2022-09-09,27.1,0,0.0,4,0,0.0,1.0
제주,2022-09-10,27.85,0,1.0,5,1,0.0,0.0
제주,2022-09-11,27.975,0,0.0,6,0,1.0,0.0
제주,2022-09-12,25.95,0,1.0,0,1,0.0,1.0
제주,2022-09-13,25.3,0,0.0,1,0,1.0,0.0
제주,2022-09-14,27.325,0,0.0,2,0,0.0,1.0
제주,2022-09-15,27.924999999999997,0,0.0,3,0,0.0,0.0
제주,2022-09-16,30.475,1,4.0,4,1,0.0,0.0
제주,2022-09-17,29.425,1,0.0,5,0,1.0,0.0
제주,2022-09-18,30.2,0,0.0,6,0,0.0,1.0
제주,2022-09-19,28.775,0,1.0,0,1,0.0,0.0
제주,2022-09-20,25.35,0,0.0,1,0,1.0,0.0
제주,2022-09-21,24.625,0,0.0,2,0,0.0,1.0
제주,2022-09-22,25.375,0,1.0,3,1,0.0,0.0
제주,2022-09-23,25.75,0,1.0,4,1,1.0,0.0
제주,2022-09-24,23.3,0,0.0,5,0,1.0,1.0
제주,2022-09-25,25.95,0,0.0,6,0,0.0,1.0
제주,2022-09-26,25.775,0,0.0,0,0,0.0,0.0
제주,2022-09-27,25.75,0,0.0,1,0,0.0,0.0
제주,2022-09-28,25.525,0,1.0,2,1,0.0,0.0
제주,2022-09-29,26.3,1,0.0,3,0,1.0,0.0
제주,2022-09-30,26.05,0,0.0,4,0,0.0,1.0
제주,2023-05-01,21.049999999999997,0,0.0,0,0,0.0,0.0
제주,2023-05-02,22.75,0,0.0,1,0,0.0,0.0
제주,2023-05-03,20.125,0,0.0,2,0,0.0,0.0
제주,2023-05-04,20.175,0,0.0,3,0,0.0,0.0
제주,2023-05-05,21.4,0,0.0,4,0,0.0,0.0
제주,2023-05-06,20.275,0,0.0,5,0,0.0,0.0
제주,2023-05-07,15.975,0,0.0,6,0,0.0,0.0
제주,2023-05-08,17.9,0,0.0,0,0,0.0,0.0
제주,2023-05-09,20.625,0,0.0,1,0,0.0,0.0
제주,2023-05-10,22.75,0,0.0,2,0,0.0,0.0
제주,2023-05-11,21.8,0,1.0,3,1,0.0,0.0
제주,2023-05-12,20.125,0,0.0,4,0,1.0,0.0
제주,2023-05-13,17.975,0,0.0,5,0,0.0,1.0
제주,2023-05-14,21.025,0,0.0,6,0,0.0,0.0
제주,2023-05-15,24.3,0,2.0,0,1,0.0,0.0
제주,2023-05-16,24.025,0,0.0,1,0,1.0,0.0
제주,2023-05-17,24.725,0,0.0,2,0,0.0,1.0
제주,2023-05-18,21.3,0,0.0,3,0,0.0,0.0
제주,2023-05-19,22.85,0,0.0,4,0,0.0,0.0
제주,2023-05-20,21.575,1,0.0,5,0,0.0,0.0
제주,2023-05-21,20.875,0,0.0,6,0,0.0,0.0
제주,2023-05-22,20.675,0,0.0,0,0,0.0,0.0
제주,2023-05-23,22.225,0,1.0,1,1,0.0,0.0
제주,2023-05-24,21.525,0,0.0,2,0,1.0,0.0
제주,2023-05-25,24.2,0,0.0,3,0,0.0,1.0
제주,2023-05-26,25.35,0,0.0,4,0,0.0,0.0
제주,2023-05-27,23.675,0,0.0,5,0,0.0,0.0
제주,2023-05-28,24.575,0,0.0,6,0,0.0,0.0
제주,2023-05-29,25.725,0,0.0,0,0,0.0,0.0
제주,2023-05-30,22.775000000000002,0,0.0,1,0,0.0,0.0
제주,2023-05-31,23.775,0,0.0,2,0,0.0,0.0
제주,2023-06-01,23.45,0,0.0,3,0,0.0,0.0
제주,2023-06-02,25.375,0,1.0,4,1,0.0,0.0
제주,2023-06-03,24.0,0,1.0,5,1,1.0,0.0
제주,2023-06-04,26.225,0,0.0,6,0,1.0,1.0
제주,2023-06-05,21.925,0,0.0,0,0,0.0,1.0
제주,2023-06-06,21.375,0,0.0,1,0,0.0,0.0
제주,2023-06-07,22.85,0,0.0,2,0,0.0,0.0
제주,2023-06-08,24.025,0,0.0,3,0,0.0,0.0
제주,2023-06-09,24.625,0,1.0,4,1,0.0,0.0
제주,2023-06-10,27.1,0,0.0,5,0,1.0,0.0
제주,2023-06-11,25.35,0,1.0,6,1,0.0,1.0
제주,2023-06-12,24.95,0,0.0,0,0,1.0,0.0
제주,2023-06-13,24.55,0,1.0,1,1,0.0,1.0
제주,2023-06-14,26.15,0,0.0,2,0,1.0,0.0
제주,2023-06-15,25.425,0,2.0,3,1,0.0,1.0
제주,2023-06-16,25.25,0,1.0,4,1,1.0,0.0
제주,2023-06-17,26.8,0,0.0,5,0,1.0,1.0
제주,2023-06-18,25.675,0,0.0,6,0,0.0,1.0
제주,2023-06-19,27.675,1,2.0,0,1,0.0,0.0
제주,2023-06-20,25.3,0,2.0,1,1,1.0,0.0
제주,2023-06-21,24.8,0,1.0,2,1,1.0,1.0
제주,2023-06-22,27.05,0,1.0,3,1,1.0,1.0
제주,2023-06-23,25.975,0,0.0,4,0,1.0,1.0
제주,2023-06-24,27.575000000000003,0,1.0,5,1,0.0,1.0
제주,2023-06-25,24.175,0,1.0,6,1,1.0,0.0
제주,2023-06-26,25.925,0,0.0,0,0,1.0,1.0
제주,2023-06-27,25.275,0,0.0,1,0,0.0,1.0
제주,2023-06-28,27.35,0,0.0,2,0,0.0,0.0
제주,2023-06-29,26.775,0,0.0,3,0,0.0,0.0
제주,2023-06-30,25.575,0,4.0,4,1,0.0,0.0
제주,2023-07-01,27.2,1,2.0,5,1,1.0,0.0
제주,2023-07-02,27.675,1,0.0,6,0,1.0,1.0
제주,2023-07-03,25.7,0,2.0,0,1,0.0,1.0
제주,2023-07-04,27.725,0,0.0,1,0,1.0,0.0
제주,2023-07-05,29.4,0,0.0,2,0,0.0,1.0
제주,2023-07-06,27.475,0,0.0,3,0,0.0,0.0
제주,2023-07-07,27.325,0,0.0,4,0,0.0,0.0
제주,2023-07-08,26.675,0,2.0,5,1,0.0,0.0
제주,2023-07-09,29.2,0,0.0,6,0,1.0,0.0
제주,2023-07-10,30.65,2,1.0,0,1,0.0,1.0
제주,2023-07-11,29.35,3,1.0,1,1,1.0,0.0
제주,2023-07-12,30.1,2,0.0,2,0,1.0,1.0
제주,2023-07-13,29.05,0,0.0,3,0,0.0,1.0
제주,2023-07-14,28.8,1,0.0,4,0,0.0,0.0
제주,2023-07-15,30.025,1,0.0,5,0,0.0,0.0
제주,2023-07-16,29.475,2,0.0,6,0,0.0,0.0
제주,2023-07-17,30.1,0,1.0,0,1,0.0,0.0
제주,2023-07-18,28.925,0,2.0,1,1,1.0,0.0
제주,2023-07-19,27.775,0,0.0,2,0,1.0,1.0
제주,2023-07-20,27.0,0,0.0,3,0,0.0,1.0
제주,2023-07-21,29.225,0,0.0,4,0,0.0,0.0
제주,2023-07-22,28.05,0,1.0,5,1,0.0,0.0
제주,2023-07-23,29.275,0,0.0,6,0,1.0,0.0
제주,2023-07-24,28.275,0,1.0,0,1,0.0,1.0
제주,2023-07-25,29.0,0,2.0,1,1,1.0,0.0
제주,2023-07-26,31.2,5,3.0,2,1,1.0,1.0
제주,2023-07-27,31.575,5,1.0,3,1,1.0,1.0
제주,2023-07-28,30.400000000000002,2,3.0,4,1,1.0,1.0
제주,2023-07-29,31.925,4,0.0,5,0,1.0,1.0
제주,2023-07-30,31.75,1,0.0,6,0,0.0,1.0
제주,2023-07-31,31.675,2,1.0,0,1,0.0,0.0
제주,2023-08-01,31.7,6,0.0,1,0,1.0,0.0
제주,2023-08-02,32.775,0,0.0,2,0,0.0,1.0
제주,2023-08-03,32.775,7,2.0,3,1,0.0,0.0
제주,2023-08-04,32.125,2,0.0,4,0,1.0,0.0
제주,2023-08-05,32.425,2,0.0,5,0,0.0,1.0
제주,2023-08-06,32.5,4,1.0,6,1,0.0,0.0
제주,2023-08-07,32.55,4,0.0,0,0,1.0,0.0
제주,2023-08-08,32.0,4,0.0,1,0,0.0,1.0
제주,2023-08-09,28.725,0,0.0,2,0,0.0,0.0
제주,2023-08-10,30.65,0,0.0,3,0,0.0,0.0
제주,2023-08-11,31.450000000000003,0,0.0,4,0,0.0,0.0
제주,2023-08-12,31.049999999999997,3,0.0,5,0,0.0,0.0
제주,2023-08-13,30.825,2,0.0,6,0,0.0,0.0
제주,2023-08-14,31.125,2,0.0,0,0,0.0,0.0
제주,2023-08-15,30.575,2,2.0,1,1,0.0,0.0
제주,2023-08-16,31.2,1,0.0,2,0,1.0,0.0
제주,2023-08-17,30.45,2,0.0,3,0,0.0,1.0
제주,2023-08-18,30.45,0,0.0,4,0,0.0,0.0
제주,2023-08-19,30.975,4,0.0,5,0,0.0,0.0
제주,2023-08-20,31.475,0,0.0,6,0,0.0,0.0
제주,2023-08-21,31.9,1,0.0,0,0,0.0,0.0
제주,2023-08-22,30.900000000000002,0,0.0,1,0,0.0,0.0
제주,2023-08-23,29.225,0,9.0,2,1,0.0,0.0
제주,2023-08-24,29.4,0,0.0,3,0,1.0,0.0
제주,2023-08-25,30.225,1,0.0,4,0,0.0,1.0
제주,2023-08-26,29.7,1,0.0,5,0,0.0,0.0
제주,2023-08-27,30.975,4,0.0,6,0,0.0,0.0
제주,2023-08-28,31.475,1,0.0,0,0,0.0,0.0
제주,2023-08-29,31.05,0,1.0,1,1,0.0,0.0
제주,2023-08-30,26.875,0,0.0,2,0,1.0,0.0
제주,2023-08-31,27.45,0,1.0,3,1,0.0,1.0
제주,2023-09-01,27.725,0,0.0,4,0,1.0,0.0
제주,2023-09-02,30.45,0,1.0,5,1,0.0,1.0
제주,2023-09-03,31.224999999999998,1,0.0,6,0,1.0,0.0
제주,2023-09-04,30.225,1,0.0,0,0,0.0,1.0
제주,2023-09-05,29.475,0,0.0,1,0,0.0,0.0
제주,2023-09-06,30.025,3,0.0,2,0,0.0,0.0
제주,2023-09-07,29.075,1,0.0,3,0,0.0,0.0
제주,2023-09-08,28.3,0,0.0,4,0,0.0,0.0
제주,2023-09-09,27.975,2,0.0,5,0,0.0,0.0
제주,2023-09-10,28.525,2,0.0,6,0,0.0,0.0
제주,2023-09-11,29.2,1,0.0,0,0,0.0,0.0
제주,2023-09-12,29.325,0,0.0,1,0,0.0,0.0
제주,2023-09-13,30.425,0,0.0,2,0,0.0,0.0
제주,2023-09-14,26.475,0,1.0,3,1,0.0,0.0
제주,2023-09-15,30.35,0,0.0,4,0,1.0,0.0
제주,2023-09-16,29.0,0,3.0,5,1,0.0,1.0
제주,2023-09-17,28.075,0,4.0,6,1,1.0,0.0
제주,2023-09-18,28.875,0,0.0,0,0,1.0,1.0
제주,2023-09-19,29.175,0,0.0,1,0,0.0,1.0
제주,2023-09-20,29.85,0,0.0,2,0,0.0,0.0
제주,2023-09-21,26.575,0,0.0,3,0,0.0,0.0
제주,2023-09-22,24.925,0,0.0,4,0,0.0,0.0
제주,2023-09-23,26.55,0,0.0,5,0,0.0,0.0
제주,2023-09-24,27.075,0,0.0,6,0,0.0,0.0
제주,2023-09-25,27.9,0,0.0,0,0,0.0,0.0
제주,2023-09-26,28.925,0,2.0,1,1,0.0,0.0
제주,2023-09-27,28.3,0,1.0,2,1,1.0,0.0
제주,2023-09-28,27.475,0,0.0,3,0,1.0,1.0
제주,2023-09-29,26.9,0,0.0,4,0,0.0,1.0
제주,2023-09-30,22.75,0,0.0,5,0,0.0,0.0
제주,2024-05-01,17.85,0,0.0,2,0,0.0,0.0
제주,2024-05-02,19.95,0,0.0,3,0,0.0,0.0
제주,2024-05-03,20.95,0,0.0,4,0,0.0,0.0
제주,2024-05-04,23.15,0,0.0,5,0,0.0,0.0
제주,2024-05-05,21.525,0,1.0,6,1,0.0,0.0
제주,2024-05-06,21.05,0,0.0,0,0,1.0,0.0
제주,2024-05-07,21.925,0,0.0,1,0,0.0,1.0
제주,2024-05-08,17.15,0,0.0,2,0,0.0,0.0
제주,2024-05-09,20.975,0,0.0,3,0,0.0,0.0
제주,2024-05-10,21.275,0,0.0,4,0,0.0,0.0
제주,2024-05-11,23.2,0,0.0,5,0,0.0,0.0
제주,2024-05-12,18.75,0,0.0,6,0,0.0,0.0
제주,2024-05-13,21.625,0,1.0,0,1,0.0,0.0
제주,2024-05-14,22.5,0,1.0,1,1,1.0,0.0
제주,2024-05-15,23.3,0,0.0,2,0,1.0,1.0
제주,2024-05-16,22.4,0,1.0,3,1,0.0,1.0
제주,2024-05-17,23.35,0,0.0,4,0,1.0,0.0
제주,2024-05-18,24.5,0,0.0,5,0,0.0,1.0
제주,2024-05-19,24.975,0,0.0,6,0,0.0,0.0
제주,2024-05-20,24.8,0,0.0,0,0,0.0,0.0
제주,2024-05-21,23.625,0,0.0,1,0,0.0,0.0
제주,2024-05-22,22.275,0,0.0,2,0,0.0,0.0
제주,2024-05-23,24.25,1,0.0,3,0,0.0,0.0
제주,2024-05-24,24.700000000000003,0,0.0,4,0,0.0,0.0
제주,2024-05-25,24.4,0,0.0,5,0,0.0,0.0
제주,2024-05-26,23.5,0,1.0,6,1,0.0,0.0
제주,2024-05-27,23.25,0,0.0,0,0,1.0,0.0
제주,2024-05-28,23.1,0,0.0,1,0,0.0,1.0
제주,2024-05-29,23.4,0,0.0,2,0,0.0,0.0
제주,2024-05-30,23.825000000000003,0,0.0,3,0,0.0,0.0
제주,2024-05-31,22.475,0,0.0,4,0,0.0,0.0
제주,2024-06-01,22.525,0,0.0,5,0,0.0,0.0
제주,2024-06-02,24.4,0,0.0,6,0,0.0,0.0
제주,2024-06-03,23.95,0,0.0,0,0,0.0,0.0
제주,2024-06-04,23.8,0,0.0,1,0,0.0,0.0
제주,2024-06-05,22.6,0,1.0,2,1,0.0,0.0
제주,2024-06-06,22.4,0,0.0,3,0,1.0,0.0
제주,2024-06-07,24.174999999999997,0,0.0,4,0,0.0,1.0
제주,2024-06-08,23.05,0,1.0,5,1,0.0,0.0
제주,2024-06-09,24.7,0,0.0,6,0,1.0,0.0
제주,2024-06-10,26.4,0,0.0,0,0,0.0,1.0
제주,2024-06-11,24.45,0,1.0,1,1,0.0,0.0
제주,2024-06-12,26.025,0,0.0,2,0,1.0,0.0
제주,2024-06-13,27.575,1,0.0,3,0,0.0,1.0
제주,2024-06-14,28.325,0,1.0,4,1,0.0,0.0
제주,2024-06-15,27.075000000000003,1,1.0,5,1,1.0,0.0
제주,2024-06-16,28.175,0,1.0,6,1,1.0,1.0
제주,2024-06-17,23.2,0,0.0,0,0,1.0,1.0
제주,2024-06-18,29.2,0,0.0,1,0,0.0,1.0
제주,2024-06-19,28.475,0,2.0,2,1,0.0,0.0
제주,2024-06-20,23.0,0,1.0,3,1,1.0,0.0
제주,2024-06-21,26.275,1,4.0,4,1,1.0,1.0
제주,2024-06-22,25.3,0,0.0,5,0,1.0,1.0
제주,2024-06-23,25.9,0,1.0,6,1,0.0,1.0
제주,2024-06-24,28.0,0,1.0,0,1,1.0,0.0
제주,2024-06-25,23.55,0,1.0,1,1,1.0,1.0
제주,2024-06-26,24.975,1,1.0,2,1,1.0,1.0
제주,2024-06-27,22.875,0,0.0,3,0,1.0,1.0
제주,2024-06-28,25.875,0,0.0,4,0,0.0,1.0
제주,2024-06-29,25.5,0,0.0,5,0,0.0,0.0
제주,2024-06-30,25.525,0,1.0,6,1,0.0,0.0
제주,2024-07-01,27.125,0,0.0,0,0,1.0,0.0
제주,2024-07-02,27.925,1,2.0,1,1,0.0,1.0
제주,2024-07-03,28.2,8,0.0,2,0,1.0,0.0
제주,2024-07-04,28.6,4,0.0,3,0,0.0,1.0
제주,2024-07-05,30.1,1,1.0,4,1,0.0,0.0
제주,2024-07-06,30.075,0,0.0,5,0,1.0,0.0
제주,2024-07-07,29.675,1,0.0,6,0,0.0,1.0
제주,2024-07-08,30.075,1,0.0,0,0,0.0,0.0
제주,2024-07-09,30.325,0,0.0,1,0,0.0,0.0
제주,2024-07-10,27.075,0,0.0,2,0,0.0,0.0
제주,2024-07-11,24.475,0,0.0,3,0,0.0,0.0
제주,2024-07-12,27.225,1,1.0,4,1,0.0,0.0
제주,2024-07-13,26.1,0,2.0,5,1,1.0,0.0
제주,2024-07-14,27.675,0,0.0,6,0,1.0,1.0
제주,2024-07-15,27.2,0,0.0,0,0,0.0,1.0
제주,2024-07-16,30.15,1,1.0,1,1,0.0,0.0
제주,2024-07-17,31.25,5,1.0,2,1,1.0,0.0
제주,2024-07-18,30.225,1,0.0,3,0,1.0,1.0
제주,2024-07-19,29.875,0,2.0,4,1,0.0,1.0
제주,2024-07-20,31.725,2,1.0,5,1,1.0,0.0
제주,2024-07-21,31.875,3,0.0,6,0,1.0,1.0
제주,2024-07-22,32.0,4,0.0,0,0,0.0,1.0
제주,2024-07-23,31.975,2,0.0,1,0,0.0,0.0
제주,2024-07-24,32.275000000000006,8,1.0,2,1,0.0,0.0
제주,2024-07-25,32.575,3,1.0,3,1,1.0,0.0
제주,2024-07-26,30.05,0,0.0,4,0,1.0,1.0
제주,2024-07-27,32.25,0,0.0,5,0,0.0,1.0
제주,2024-07-28,31.725,2,0.0,6,0,0.0,0.0
제주,2024-07-29,32.475,3,1.0,0,1,0.0,0.0
제주,2024-07-30,32.2,1,0.0,1,0,1.0,0.0
제주,2024-07-31,32.375,4,0.0,2,0,0.0,1.0
제주,2024-08-01,32.55,4,0.0,3,0,0.0,0.0
제주,2024-08-02,32.75,1,0.0,4,0,0.0,0.0
제주,2024-08-03,33.075,3,1.0,5,1,0.0,0.0
제주,2024-08-04,33.7,1,1.0,6,1,1.0,0.0
제주,2024-08-05,33.025,3,0.0,0,0,1.0,1.0
제주,2024-08-06,32.925,3,1.0,1,1,0.0,1.0
제주,2024-08-07,32.825,4,0.0,2,0,1.0,0.0
제주,2024-08-08,33.525,3,1.0,3,1,0.0,1.0
제주,2024-08-09,33.55,2,2.0,4,1,1.0,0.0
제주,2024-08-10,33.099999999999994,3,0.0,5,0,1.0,1.0
제주,2024-08-11,33.325,1,1.0,6,1,0.0,1.0
제주,2024-08-12,32.7,1,0.0,0,0,1.0,0.0
제주,2024-08-13,32.575,0,0.0,1,0,0.0,1.0
제주,2024-08-14,31.3,0,0.0,2,0,0.0,0.0
제주,2024-08-15,31.975,1,7.0,3,1,0.0,0.0
제주,2024-08-16,31.85,1,2.0,4,1,1.0,0.0
제주,2024-08-17,32.275,1,2.0,5,1,1.0,1.0
제주,2024-08-18,31.725,2,3.0,6,1,1.0,1.0
제주,2024-08-19,33.525,3,0.0,0,0,1.0,1.0
제주,2024-08-20,32.075,0,1.0,1,1,0.0,1.0
제주,2024-08-21,32.675,2,0.0,2,0,1.0,0.0
제주,2024-08-22,32.15,1,2.0,3,1,0.0,1.0
제주,2024-08-23,32.475,0,0.0,4,0,1.0,0.0
제주,2024-08-24,31.924999999999997,0,0.0,5,0,0.0,1.0
제주,2024-08-25,31.975,2,0.0,6,0,0.0,0.0
제주,2024-08-26,32.1,3,0.0,0,0,0.0,0.0
제주,2024-08-27,32.65,0,1.0,1,1,0.0,0.0
제주,2024-08-28,30.4,0,1.0,2,1,1.0,0.0
제주,2024-08-29,32.7,0,1.0,3,1,1.0,1.0
제주,2024-08-30,32.35,0,0.0,4,0,1.0,1.0
제주,2024-08-31,31.2,3,1.0,5,1,0.0,1.0
제주,2024-09-01,31.625,1,1.0,6,1,1.0,0.0
제주,2024-09-02,31.424999999999997,0,0.0,0,0,1.0,1.0
제주,2024-09-03,31.8,0,0.0,1,0,0.0,1.0
제주,2024-09-04,31.0,0,0.0,2,0,0.0,0.0
제주,2024-09-05,31.375,2,0.0,3,0,0.0,0.0
제주,2024-09-06,32.275,0,0.0,4,0,0.0,0.0
제주,2024-09-07,32.575,3,1.0,5,1,0.0,0.0
제주,2024-09-08,31.65,4,0.0,6,0,1.0,0.0
제주,2024-09-09,32.125,0,0.0,0,0,0.0,1.0
제주,2024-09-10,32.975,0,1.0,1,1,0.0,0.0
제주,2024-09-11,31.975,0,0.0,2,0,1.0,0.0
제주,2024-09-12,32.95,1,1.0,3,1,0.0,1.0
제주,2024-09-13,32.175,0,1.0,4,1,1.0,0.0
제주,2024-09-14,32.55,0,0.0,5,0,1.0,1.0
제주,2024-09-15,32.925,1,0.0,6,0,0.0,1.0
제주,2024-09-16,31.35,0,0.0,0,0,0.0,0.0
제주,2024-09-17,31.525,0,4.0,1,1,0.0,0.0
제주,2024-09-18,33.45,1,0.0,2,0,1.0,0.0
제주,2024-09-19,32.85,0,1.0,3,1,0.0,1.0
제주,2024-09-20,29.8,0,4.0,4,1,1.0,0.0
제주,2024-09-21,28.75,0,0.0,5,0,1.0,1.0
제주,2024-09-22,26.125,0,0.0,6,0,0.0,1.0
제주,2024-09-23,27.175,0,0.0,0,0,0.0,0.0
제주,2024-09-24,27.05,0,1.0,1,1,0.0,0.0
제주,2024-09-25,28.55,0,0.0,2,0,1.0,0.0
제주,2024-09-26,28.725,0,0.0,3,0,0.0,1.0
제주,2024-09-27,27.725,0,0.0,4,0,0.0,0.0
제주,2024-09-28,28.325,1,0.0,5,0,0.0,0.0
제주,2024-09-29,28.1,0,0.0,6,0,0.0,0.0
제주,2024-09-30,28.575,0,1.0,0,1,0.0,0.0
제주,2025-05-01,20.450000000000003,0,0.0,3,0,1.0,0.0
제주,2025-05-02,19.299999999999997,0,0.0,4,0,0.0,1.0
제주,2025-05-03,22.1,0,2.0,5,1,0.0,0.0
제주,2025-05-04,19.35,0,0.0,6,0,1.0,0.0
제주,2025-05-05,19.85,0,0.0,0,0,0.0,1.0
제주,2025-05-06,17.05,0,1.0,1,1,0.0,0.0
제주,2025-05-07,18.425,0,0.0,2,0,1.0,0.0
제주,2025-05-08,21.575,0,0.0,3,0,0.0,1.0
제주,2025-05-09,20.175,0,1.0,4,1,0.0,0.0
제주,2025-05-10,18.9,0,1.0,5,1,1.0,0.0
제주,2025-05-11,19.5,0,0.0,6,0,1.0,1.0
제주,2025-05-12,21.125,0,0.0,0,0,0.0,1.0
제주,2025-05-13,22.425,0,0.0,1,0,0.0,0.0
제주,2025-05-14,22.75,0,0.0,2,0,0.0,0.0
제주,2025-05-15,22.675,0,0.0,3,0,0.0,0.0
제주,2025-05-16,21.65,0,0.0,4,0,0.0,0.0
제주,2025-05-17,20.75,0,0.0,5,0,0.0,0.0
제주,2025-05-18,19.975,0,0.0,6,0,0.0,0.0
제주,2025-05-19,23.325000000000003,0,0.0,0,0,0.0,0.0
제주,2025-05-20,24.9,1,0.0,1,0,0.0,0.0
제주,2025-05-21,22.4,0,1.0,2,1,0.0,0.0
제주,2025-05-22,23.3,0,0.0,3,0,1.0,0.0
제주,2025-05-23,18.625,0,0.0,4,0,0.0,1.0
제주,2025-05-24,17.925,0,0.0,5,0,0.0,0.0
제주,2025-05-25,20.625,1,0.0,6,0,0.0,0.0
제주,2025-05-26,22.225,0,0.0,0,0,0.0,0.0
제주,2025-05-27,23.15,0,0.0,1,0,0.0,0.0
제주,2025-05-28,23.425,0,0.0,2,0,0.0,0.0
제주,2025-05-29,24.05,0,0.0,3,0,0.0,0.0
제주,2025-05-30,22.125,0,0.0,4,0,0.0,0.0
제주,2025-05-31,21.475,0,0.0,5,0,0.0,0.0
제주,2025-06-01,23.55,0,0.0,6,0,0.0,0.0
제주,2025-06-02,19.6,0,1.0,0,1,0.0,0.0
제주,2025-06-03,23.075,0,0.0,1,0,1.0,0.0
제주,2025-06-04,26.375,0,0.0,2,0,0.0,1.0
제주,2025-06-05,24.825,0,0.0,3,0,0.0,0.0
제주,2025-06-06,25.95,0,0.0,4,0,0.0,0.0
제주,2025-06-07,25.325,0,0.0,5,0,0.0,0.0
제주,2025-06-08,22.9,0,0.0,6,0,0.0,0.0
제주,2025-06-09,24.35,0,1.0,0,1,0.0,0.0
제주,2025-06-10,22.975,0,1.0,1,1,1.0,0.0
제주,2025-06-11,24.175,0,0.0,2,0,1.0,1.0
제주,2025-06-12,21.375,0,0.0,3,0,0.0,1.0
제주,2025-06-13,25.925,0,2.0,4,1,0.0,0.0
제주,2025-06-14,25.85,0,0.0,5,0,1.0,0.0
제주,2025-06-15,25.325,0,1.0,6,1,0.0,1.0
제주,2025-06-16,26.125,0,0.0,0,0,1.0,0.0
제주,2025-06-17,27.65,1,0.0,1,0,0.0,1.0
제주,2025-06-18,25.85,1,2.0,2,1,0.0,0.0
제주,2025-06-19,27.675,1,1.0,3,1,1.0,0.0
제주,2025-06-20,26.5,0,0.0,4,0,1.0,1.0
제주,2025-06-21,26.125,0,1.0,5,1,0.0,1.0
제주,2025-06-22,24.174999999999997,0,0.0,6,0,1.0,0.0
제주,2025-06-23,25.95,1,0.0,0,0,0.0,1.0
제주,2025-06-24,24.900000000000002,0,3.0,1,1,0.0,0.0
제주,2025-06-25,26.225,0,0.0,2,0,1.0,0.0
제주,2025-06-26,26.475,1,0.0,3,0,0.0,1.0
제주,2025-06-27,28.225,1,0.0,4,0,0.0,0.0
제주,2025-06-28,28.7,2,0.0,5,0,0.0,0.0
제주,2025-06-29,29.95,2,1.0,6,1,0.0,0.0
제주,2025-06-30,30.6,1,0.0,0,0,1.0,0.0
제주,2025-07-01,30.65,1,0.0,1,0,0.0,1.0
제주,2025-07-02,30.875,1,4.0,2,1,0.0,0.0
제주,2025-07-03,30.55,1,0.0,3,0,1.0,0.0
제주,2025-07-04,31.025,4,0.0,4,0,0.0,1.0
제주,2025-07-05,31.700000000000003,1,0.0,5,0,0.0,0.0
제주,2025-07-06,31.85,5,0.0,6,0,0.0,0.0
제주,2025-07-07,31.35,0,1.0,0,1,0.0,0.0
제주,2025-07-08,32.0,1,0.0,1,0,1.0,0.0
제주,2025-07-09,29.85,1,0.0,2,0,0.0,1.0
제주,2025-07-10,30.0,0,0.0,3,0,0.0,0.0
제주,2025-07-11,27.75,0,0.0,4,0,0.0,0.0
제주,2025-07-12,25.725,0,1.0,5,1,0.0,0.0
제주,2025-07-13,25.75,0,1.0,6,1,1.0,0.0
제주,2025-07-14,31.0,0,0.0,0,0,1.0,1.0
제주,2025-07-15,30.174999999999997,1,0.0,1,0,0.0,1.0
제주,2025-07-16,29.125,0,1.0,2,1,0.0,0.0
제주,2025-07-17,30.65,0,0.0,3,0,1.0,0.0
제주,2025-07-18,30.9,1,1.0,4,1,0.0,1.0
제주,2025-07-19,30.625,1,0.0,5,0,1.0,0.0
제주,2025-07-20,31.1,0,0.0,6,0,0.0,1.0
제주,2025-07-21,31.3,3,1.0,0,1,0.0,0.0
제주,2025-07-22,32.150000000000006,3,0.0,1,0,1.0,0.0
제주,2025-07-23,31.55,1,0.0,2,0,0.0,1.0
제주,2025-07-24,32.0,2,0.0,3,0,0.0,0.0
제주,2025-07-25,33.0,1,0.0,4,0,0.0,0.0
제주,2025-07-26,32.65,1,1.0,5,1,0.0,0.0
제주,2025-07-27,32.599999999999994,2,0.0,6,0,1.0,0.0
제주,2025-07-28,33.225,1,1.0,0,1,0.0,1.0
제주,2025-07-29,33.35,1,0.0,1,0,1.0,0.0
제주,2025-07-30,31.1,1,1.0,2,1,0.0,1.0
제주,2025-07-31,32.425,1,0.0,3,0,1.0,0.0
제주,2025-08-01,33.475,9,0.0,4,0,0.0,1.0
제주,2025-08-02,32.05,4,0.0,5,0,0.0,0.0
제주,2025-08-03,30.625,0,0.0,6,0,0.0,0.0
제주,2025-08-04,31.65,0,0.0,0,0,0.0,0.0
제주,2025-08-05,33.225,1,0.0,1,0,0.0,0.0
제주,2025-08-06,31.325,6,0.0,2,0,0.0,0.0
제주,2025-08-07,31.975,3,0.0,3,0,0.0,0.0
제주,2025-08-08,30.3,0,0.0,4,0,0.0,0.0
제주,2025-08-09,29.15,0,0.0,5,0,0.0,0.0
제주,2025-08-10,29.525,1,0.0,6,0,0.0,0.0
제주,2025-08-11,27.35,0,0.0,0,0,0.0,0.0
제주,2025-08-12,30.85,1,0.0,1,0,0.0,0.0
제주,2025-08-13,31.85,4,0.0,2,0,0.0,0.0
제주,2025-08-14,31.775,2,0.0,3,0,0.0,0.0
제주,2025-08-15,31.674999999999997,0,2.0,4,1,0.0,0.0
제주,2025-08-16,31.925,1,0.0,5,0,1.0,0.0
제주,2025-08-17,31.975,1,0.0,6,0,0.0,1.0
제주,2025-08-18,32.1,0,0.0,0,0,0.0,0.0
제주,2025-08-19,32.425,0,0.0,1,0,0.0,0.0
제주,2025-08-20,32.575,1,0.0,2,0,0.0,0.0
제주,2025-08-21,31.75,1,0.0,3,0,0.0,0.0
제주,2025-08-22,32.7,0,0.0,4,0,0.0,0.0
제주,2025-08-23,32.9,1,0.0,5,0,0.0,0.0
제주,2025-08-24,32.875,1,0.0,6,0,0.0,0.0
제주,2025-08-25,32.9,3,1.0,0,1,0.0,0.0
제주,2025-08-26,33.175,1,0.0,1,0,1.0,0.0
제주,2025-08-27,32.575,1,1.0,2,1,0.0,1.0
제주,2025-08-28,32.349999999999994,1,0.0,3,0,1.0,0.0
제주,2025-08-29,32.775,0,0.0,4,0,0.0,1.0
제주,2025-08-30,33.075,4,1.0,5,1,0.0,0.0
제주,2025-08-31,31.65,1,4.0,6,1,1.0,0.0
제주,2025-09-01,32.3,0,1.0,0,1,1.0,1.0
제주,2025-09-02,31.7,0,4.0,1,1,1.0,1.0
제주,2025-09-03,31.275,0,0.0,2,0,1.0,1.0
제주,2025-09-04,31.85,1,1.0,3,1,0.0,1.0
제주,2025-09-05,32.025,0,0.0,4,0,1.0,0.0
제주,2025-09-06,33.125,1,1.0,5,1,0.0,1.0
제주,2025-09-07,33.15,3,2.0,6,1,1.0,0.0
제주,2025-09-08,31.525,1,1.0,0,1,1.0,1.0
제주,2025-09-09,29.45,0,4.0,1,1,1.0,1.0
제주,2025-09-10,28.25,0,0.0,2,0,1.0,1.0
제주,2025-09-11,29.625,0,0.0,3,0,0.0,1.0
제주,2025-09-12,32.3,0,10.0,4,1,0.0,0.0
제주,2025-09-13,30.425,0,7.0,5,1,1.0,0.0
제주,2025-09-14,30.125,0,6.0,6,1,1.0,1.0
제주,2025-09-15,31.575,1,4.0,0,1,1.0,1.0
제주,2025-09-16,32.25,2,2.0,1,1,1.0,1.0
제주,2025-09-17,32.6,1,3.0,2,1,1.0,1.0
제주,2025-09-18,28.275,0,0.0,3,0,1.0,1.0
제주,2025-09-19,29.075,0,1.0,4,1,0.0,1.0
제주,2025-09-20,28.575,0,0.0,5,0,1.0,0.0
제주,2025-09-21,27.025,0,0.0,6,0,0.0,1.0
제주,2025-09-22,28.325,0,0.0,0,0,0.0,0.0
제주,2025-09-23,28.15,0,0.0,1,0,0.0,0.0
제주,2025-09-24,31.825,1,1.0,2,1,0.0,0.0
제주,2025-09-25,30.9,0,1.0,3,1,1.0,0.0
제주,2025-09-26,27.975,0,0.0,4,0,1.0,1.0
제주,2025-09-27,25.85,0,0.0,5,0,0.0,1.0
제주,2025-09-28,29.95,0,0.0,6,0,0.0,0.0
제주,2025-09-29,27.15,0,0.0,0,0,0.0,0.0
제주,2025-09-30,25.700000000000003,0,0.0,1,0,0.0,0.0
충북,2020-05-01,29.3,0,1.0,4,1,0.0,0.0
충북,2020-05-02,26.4,0,1.0,5,1,1.0,0.0
충북,2020-05-03,20.7,0,1.0,6,1,1.0,1.0
충북,2020-05-04,26.880000000000003,0,0.0,0,0,1.0,1.0
충북,2020-05-05,21.4,0,0.0,1,0,0.0,1.0
충북,2020-05-06,26.6,0,1.0,2,1,0.0,0.0
충북,2020-05-07,24.28,0,1.0,3,1,1.0,0.0
충북,2020-05-08,24.74,0,0.0,4,0,1.0,1.0
충북,2020-05-09,17.759999999999998,0,0.0,5,0,0.0,1.0
충북,2020-05-10,17.72,0,1.0,6,1,0.0,0.0
충북,2020-05-11,24.119999999999997,0,2.0,0,1,1.0,0.0
충북,2020-05-12,21.419999999999998,0,0.0,1,0,1.0,1.0
충북,2020-05-13,22.64,0,0.0,2,0,0.0,1.0
충북,2020-05-14,26.439999999999998,0,1.0,3,1,0.0,0.0
충북,2020-05-15,19.3,0,0.0,4,0,1.0,0.0
충북,2020-05-16,22.0,0,0.0,5,0,0.0,1.0
충북,2020-05-17,27.4,0,1.0,6,1,0.0,0.0
충북,2020-05-18,24.759999999999998,0,2.0,0,1,1.0,0.0
충북,2020-05-19,15.9,0,1.0,1,1,1.0,1.0
충북,2020-05-20,18.16,0,0.0,2,0,1.0,1.0
충북,2020-05-21,22.259999999999998,0,0.0,3,0,0.0,1.0
충북,2020-05-22,23.54,0,0.0,4,0,0.0,0.0
충북,2020-05-23,25.76,0,0.0,5,0,0.0,0.0
충북,2020-05-24,23.48,0,0.0,6,0,0.0,0.0
충북,2020-05-25,20.6,0,2.0,0,1,0.0,0.0
충북,2020-05-26,24.7,0,1.0,1,1,1.0,0.0
충북,2020-05-27,24.14,0,0.0,2,0,1.0,1.0
충북,2020-05-28,24.86,0,0.0,3,0,0.0,1.0
충북,2020-05-29,26.860000000000003,0,1.0,4,1,0.0,0.0
충북,2020-05-30,28.3,1,0.0,5,0,1.0,0.0
충북,2020-05-31,27.639999999999997,2,0.0,6,0,0.0,1.0
충북,2020-06-01,25.639999999999997,0,1.0,0,1,0.0,0.0
충북,2020-06-02,24.18,0,2.0,1,1,1.0,0.0
충북,2020-06-03,28.04,0,3.0,2,1,1.0,1.0
충북,2020-06-04,30.560000000000002,1,0.0,3,0,1.0,1.0
충북,2020-06-05,29.880000000000003,0,0.0,4,0,0.0,1.0
충북,2020-06-06,29.080000000000002,0,0.0,5,0,0.0,0.0
충북,2020-06-07,28.939999999999998,0,2.0,6,1,0.0,0.0
충북,2020-06-08,31.860000000000003,1,1.0,0,1,1.0,0.0
충북,2020-06-09,33.739999999999995,1,0.0,1,0,1.0,1.0
충북,2020-06-10,33.22,0,3.0,2,1,0.0,1.0
충북,2020-06-11,30.839999999999996,0,0.0,3,0,1.0,0.0
충북,2020-06-12,27.139999999999997,0,2.0,4,1,0.0,1.0
충북,2020-06-13,30.74,1,1.0,5,1,1.0,0.0
충북,2020-06-14,27.860000000000003,1,0.0,6,0,1.0,1.0
충북,2020-06-15,28.339999999999996,0,0.0,0,0,0.0,1.0
충북,2020-06-16,28.8,1,1.0,1,1,0.0,0.0
충북,2020-06-17,27.919999999999998,0,1.0,2,1,1.0,0.0
충북,2020-06-18,22.839999999999996,0,0.0,3,0,1.0,1.0
충북,2020-06-19,28.48,0,0.0,4,0,0.0,1.0
충북,2020-06-20,29.419999999999998,1,1.0,5,1,0.0,0.0
충북,2020-06-21,31.28,0,1.0,6,1,1.0,0.0
충북,2020-06-22,33.04,4,0.0,0,0,1.0,1.0
충북,2020-06-23,32.06,3,2.0,1,1,0.0,1.0
충북,2020-06-24,24.94,0,0.0,2,0,1.0,0.0
충북,2020-06-25,23.32,0,3.0,3,1,0.0,1.0
충북,2020-06-26,26.98,0,0.0,4,0,1.0,0.0
충북,2020-06-27,28.54,0,0.0,5,0,0.0,1.0
충북,2020-06-28,29.76,1,1.0,6,1,0.0,0.0
충북,2020-06-29,25.9,0,1.0,0,1,1.0,0.0
충북,2020-06-30,22.46,0,1.0,1,1,1.0,1.0
충북,2020-07-01,23.54,0,0.0,2,0,1.0,1.0
충북,2020-07-02,29.0,0,0.0,3,0,0.0,1.0
충북,2020-07-03,24.22,0,0.0,4,0,0.0,0.0
충북,2020-07-04,26.860000000000003,0,0.0,5,0,0.0,0.0
충북,2020-07-05,27.48,0,1.0,6,1,0.0,0.0
충북,2020-07-06,28.839999999999996,0,0.0,0,0,1.0,0.0
충북,2020-07-07,27.639999999999997,0,2.0,1,1,0.0,1.0
충북,2020-07-08,30.22,0,0.0,2,0,1.0,0.0
충북,2020-07-09,30.8,0,0.0,3,0,0.0,1.0
충북,2020-07-10,28.4,0,0.0,4,0,0.0,0.0
충북,2020-07-11,29.080000000000002,1,0.0,5,0,0.0,0.0
충북,2020-07-12,23.740000000000002,0,0.0,6,0,0.0,0.0
충북,2020-07-13,20.020000000000003,0,1.0,0,1,0.0,0.0
충북,2020-07-14,21.48,0,0.0,1,0,1.0,0.0
충북,2020-07-15,24.46,0,1.0,2,1,0.0,1.0
충북,2020-07-16,28.24,1,0.0,3,0,1.0,0.0
충북,2020-07-17,29.96,1,0.0,4,0,0.0,1.0
충북,2020-07-18,28.2,0,1.0,5,1,0.0,0.0
충북,2020-07-19,26.9,0,2.0,6,1,1.0,0.0
충북,2020-07-20,27.48,0,1.0,0,1,1.0,1.0
충북,2020-07-21,29.8,1,0.0,1,0,1.0,1.0
충북,2020-07-22,24.2,0,1.0,2,1,0.0,1.0
충북,2020-07-23,22.34,0,3.0,3,1,1.0,0.0
충북,2020-07-24,23.419999999999998,0,2.0,4,1,1.0,1.0
충북,2020-07-25,25.7,0,0.0,5,0,1.0,1.0
충북,2020-07-26,26.78,0,1.0,6,1,0.0,1.0
충북,2020-07-27,26.339999999999996,0,1.0,0,1,1.0,0.0
충북,2020-07-28,25.52,0,1.0,1,1,1.0,1.0
충북,2020-07-29,25.14,0,3.0,2,1,1.0,1.0
충북,2020-07-30,26.68,0,17.0,3,1,1.0,1.0
충북,2020-07-31,29.98,0,0.0,4,0,1.0,1.0
충북,2020-08-01,29.880000000000003,0,0.0,5,0,0.0,1.0
충북,2020-08-02,29.1,0,7.0,6,1,0.0,0.0
충북,2020-08-03,28.04,0,3.0,0,1,1.0,0.0
충북,2020-08-04,31.7,2,2.0,1,1,1.0,1.0
충북,2020-08-05,28.419999999999998,1,1.0,2,1,1.0,1.0
충북,2020-08-06,26.939999999999998,0,1.0,3,1,1.0,1.0
충북,2020-08-07,24.240000000000002,0,0.0,4,0,1.0,1.0
충북,2020-08-08,24.740000000000002,0,1.0,5,1,0.0,1.0
충북,2020-08-09,29.1,0,1.0,6,1,1.0,0.0
충북,2020-08-10,28.6,0,2.0,0,1,1.0,1.0
충북,2020-08-11,26.560000000000002,0,0.0,1,0,1.0,1.0
충북,2020-08-12,30.1,1,1.0,2,1,0.0,1.0
충북,2020-08-13,31.96,2,0.0,3,0,1.0,0.0
충북,2020-08-14,31.560000000000002,0,0.0,4,0,0.0,1.0
충북,2020-08-15,30.939999999999998,4,0.0,5,0,0.0,0.0
충북,2020-08-16,32.160000000000004,0,0.0,6,0,0.0,0.0
충북,2020-08-17,32.019999999999996,1,1.0,0,1,0.0,0.0
충북,2020-08-18,32.2,1,2.0,1,1,1.0,0.0
충북,2020-08-19,32.58,2,0.0,2,0,1.0,1.0
충북,2020-08-20,32.96,2,1.0,3,1,0.0,1.0
충북,2020-08-21,32.620000000000005,3,1.0,4,1,1.0,0.0
충북,2020-08-22,29.360000000000003,0,0.0,5,0,1.0,1.0
충북,2020-08-23,30.52,2,0.0,6,0,0.0,1.0
충북,2020-08-24,31.98,2,0.0,0,0,0.0,0.0
충북,2020-08-25,33.92,4,0.0,1,0,0.0,0.0
충북,2020-08-26,32.0,3,0.0,2,0,0.0,0.0
충북,2020-08-27,31.46,0,2.0,3,1,0.0,0.0
충북,2020-08-28,32.8,0,2.0,4,1,1.0,0.0
충북,2020-08-29,30.839999999999996,1,1.0,5,1,1.0,1.0
충북,2020-08-30,31.2,0,2.0,6,1,1.0,1.0
충북,2020-08-31,29.040000000000003,0,1.0,0,1,1.0,1.0
충북,2020-09-01,29.1,1,1.0,1,1,1.0,1.0
충북,2020-09-02,25.74,0,0.0,2,0,1.0,1.0
충북,2020-09-03,26.6,0,1.0,3,1,0.0,1.0
충북,2020-09-04,28.080000000000002,0,0.0,4,0,1.0,0.0
충북,2020-09-05,23.759999999999998,0,1.0,5,1,0.0,1.0
충북,2020-09-06,23.2,0,0.0,6,0,1.0,0.0
충북,2020-09-07,21.94,0,3.0,0,1,0.0,1.0
충북,2020-09-08,26.839999999999996,0,0.0,1,0,1.0,0.0
충북,2020-09-09,25.6,0,0.0,2,0,0.0,1.0
충북,2020-09-10,26.54,0,0.0,3,0,0.0,0.0
충북,2020-09-11,23.96,0,2.0,4,1,0.0,0.0
충북,2020-09-12,21.46,0,0.0,5,0,1.0,0.0
충북,2020-09-13,25.48,0,1.0,6,1,0.0,1.0
충북,2020-09-14,25.48,0,0.0,0,0,1.0,0.0
충북,2020-09-15,27.439999999999998,0,1.0,1,1,0.0,1.0
충북,2020-09-16,23.64,0,0.0,2,0,1.0,0.0
충북,2020-09-17,23.5,0,0.0,3,0,0.0,1.0
충북,2020-09-18,24.44,0,0.0,4,0,0.0,0.0
충북,2020-09-19,24.06,0,1.0,5,1,0.0,0.0
충북,2020-09-20,24.2,0,1.0,6,1,1.0,0.0
충북,2020-09-21,22.880000000000003,0,2.0,0,1,1.0,1.0
충북,2020-09-22,23.259999999999998,0,1.0,1,1,1.0,1.0
충북,2020-09-23,22.52,0,1.0,2,1,1.0,1.0
충북,2020-09-24,24.18,0,0.0,3,0,1.0,1.0
충북,2020-09-25,24.14,0,0.0,4,0,0.0,1.0
충북,2020-09-26,23.6,0,1.0,5,1,0.0,0.0
충북,2020-09-27,23.86,0,0.0,6,0,1.0,0.0
충북,2020-09-28,24.419999999999998,0,0.0,0,0,0.0,1.0
충북,2020-09-29,23.72,0,2.0,1,1,0.0,0.0
충북,2020-09-30,24.14,0,0.0,2,0,1.0,0.0
충북,2021-05-01,12.4,0,0.0,5,0,0.0,1.0
충북,2021-05-02,18.24,0,0.0,6,0,0.0,0.0
충북,2021-05-03,21.94,0,0.0,0,0,0.0,0.0
충북,2021-05-04,20.52,0,0.0,1,0,0.0,0.0
충북,2021-05-05,19.66,0,0.0,2,0,0.0,0.0
충북,2021-05-06,22.6,0,0.0,3,0,0.0,0.0
충북,2021-05-07,19.98,0,1.0,4,1,0.0,0.0
충북,2021-05-08,22.9,0,0.0,5,0,1.0,0.0
충북,2021-05-09,22.02,0,0.0,6,0,0.0,1.0
충북,2021-05-10,12.74,0,0.0,0,0,0.0,0.0
충북,2021-05-11,20.82,0,0.0,1,0,0.0,0.0
충북,2021-05-12,25.46,0,0.0,2,0,0.0,0.0
충북,2021-05-13,28.880000000000003,0,3.0,3,1,0.0,0.0
충북,2021-05-14,29.880000000000003,0,1.0,4,1,1.0,0.0
충북,2021-05-15,23.82,0,1.0,5,1,1.0,1.0
충북,2021-05-16,22.06,0,2.0,6,1,1.0,1.0
충북,2021-05-17,18.119999999999997,0,0.0,0,0,1.0,1.0
충북,2021-05-18,23.46,0,0.0,1,0,0.0,1.0
충북,2021-05-19,26.96,0,2.0,2,1,0.0,0.0
충북,2021-05-20,19.56,0,0.0,3,0,1.0,0.0
충북,2021-05-21,15.7,0,0.0,4,0,0.0,1.0
충북,2021-05-22,24.28,1,0.0,5,0,0.0,0.0
충북,2021-05-23,26.04,0,0.0,6,0,0.0,0.0
충북,2021-05-24,24.64,0,1.0,0,1,0.0,0.0
충북,2021-05-25,20.3,0,0.0,1,0,1.0,0.0
충북,2021-05-26,22.54,0,0.0,2,0,0.0,1.0
충북,2021-05-27,20.1,0,0.0,3,0,0.0,0.0
충북,2021-05-28,19.06,0,0.0,4,0,0.0,0.0
충북,2021-05-29,22.98,0,0.0,5,0,0.0,0.0
충북,2021-05-30,26.76,0,0.0,6,0,0.0,0.0
충북,2021-05-31,24.2,0,6.0,0,1,0.0,0.0
충북,2021-06-01,26.54,0,2.0,1,1,1.0,0.0
충북,2021-06-02,29.24,0,1.0,2,1,1.0,1.0
충북,2021-06-03,20.68,0,2.0,3,1,1.0,1.0
충북,2021-06-04,24.52,0,1.0,4,1,1.0,1.0
충북,2021-06-05,26.32,0,1.0,5,1,1.0,1.0
충북,2021-06-06,27.139999999999997,0,0.0,6,0,1.0,1.0
충북,2021-06-07,26.860000000000003,0,2.0,0,1,0.0,1.0
충북,2021-06-08,30.2,0,0.0,1,0,1.0,0.0
충북,2021-06-09,31.439999999999998,0,1.0,2,1,0.0,1.0
충북,2021-06-10,29.28,0,1.0,3,1,1.0,0.0
충북,2021-06-11,26.78,0,4.0,4,1,1.0,1.0
충북,2021-06-12,29.68,0,3.0,5,1,1.0,1.0
충북,2021-06-13,30.439999999999998,0,0.0,6,0,1.0,1.0
충북,2021-06-14,28.76,0,0.0,0,0,0.0,1.0
충북,2021-06-15,23.740000000000002,0,0.0,1,0,0.0,0.0
충북,2021-06-16,26.0,0,2.0,2,1,0.0,0.0
충북,2021-06-17,23.78,0,0.0,3,0,1.0,0.0
충북,2021-06-18,23.119999999999997,0,1.0,4,1,0.0,1.0
충북,2021-06-19,28.4,0,2.0,5,1,1.0,0.0
충북,2021-06-20,30.080000000000002,0,0.0,6,0,1.0,1.0
충북,2021-06-21,29.04,0,1.0,0,1,0.0,1.0
충북,2021-06-22,27.26,0,1.0,1,1,1.0,0.0
충북,2021-06-23,22.419999999999998,0,2.0,2,1,1.0,1.0
충북,2021-06-24,27.54,0,4.0,3,1,1.0,1.0
충북,2021-06-25,29.74,1,2.0,4,1,1.0,1.0
충북,2021-06-26,25.16,0,0.0,5,0,1.0,1.0
충북,2021-06-27,28.54,0,3.0,6,1,0.0,1.0
충북,2021-06-28,27.96,0,4.0,0,1,1.0,0.0
충북,2021-06-29,28.96,0,4.0,1,1,1.0,1.0
충북,2021-06-30,28.48,0,1.0,2,1,1.0,1.0
충북,2021-07-01,30.96,1,2.0,3,1,1.0,1.0
충북,2021-07-02,29.660000000000004,0,0.0,4,0,1.0,1.0
충북,2021-07-03,25.02,0,1.0,5,1,0.0,1.0
충북,2021-07-04,25.660000000000004,0,1.0,6,1,1.0,0.0
충북,2021-07-05,25.660000000000004,0,2.0,0,1,1.0,1.0
충북,2021-07-06,27.139999999999997,0,1.0,1,1,1.0,1.0
충북,2021-07-07,27.360000000000003,0,5.0,2,1,1.0,1.0
충북,2021-07-08,29.839999999999996,0,5.0,3,1,1.0,1.0
충북,2021-07-09,29.76,0,1.0,4,1,1.0,1.0
충북,2021-07-10,30.22,0,1.0,5,1,1.0,1.0
충북,2021-07-11,29.560000000000002,0,2.0,6,1,1.0,1.0
충북,2021-07-12,32.160000000000004,2,1.0,0,1,1.0,1.0
충북,2021-07-13,33.36,4,2.0,1,1,1.0,1.0
충북,2021-07-14,33.339999999999996,3,1.0,2,1,1.0,1.0
충북,2021-07-15,33.4,2,2.0,3,1,1.0,1.0
충북,2021-07-16,32.5,0,2.0,4,1,1.0,1.0
충북,2021-07-17,30.380000000000003,0,1.0,5,1,1.0,1.0
충북,2021-07-18,31.72,2,2.0,6,1,1.0,1.0
충북,2021-07-19,30.72,1,1.0,0,1,1.0,1.0
충북,2021-07-20,31.060000000000002,1,2.0,1,1,1.0,1.0
충북,2021-07-21,33.62,3,0.0,2,0,1.0,1.0
충북,2021-07-22,32.92,2,1.0,3,1,0.0,1.0
충북,2021-07-23,33.339999999999996,0,1.0,4,1,1.0,0.0
충북,2021-07-24,33.4,0,0.0,5,0,1.0,1.0
충북,2021-07-25,32.32,5,0.0,6,0,0.0,1.0
충북,2021-07-26,33.14,3,2.0,0,1,0.0,0.0
충북,2021-07-27,33.760000000000005,3,2.0,1,1,1.0,0.0
충북,2021-07-28,33.96,1,0.0,2,0,1.0,1.0
충북,2021-07-29,33.760000000000005,2,1.0,3,1,0.0,1.0
충북,2021-07-30,34.02,2,0.0,4,0,1.0,0.0
충북,2021-07-31,34.1,1,1.0,5,1,0.0,1.0
충북,2021-08-01,32.779999999999994,1,1.0,6,1,1.0,0.0
충북,2021-08-02,28.76,0,0.0,0,0,1.0,1.0
충북,2021-08-03,31.440000000000005,3,3.0,1,1,0.0,1.0
충북,2021-08-04,32.92,0,1.0,2,1,1.0,0.0
충북,2021-08-05,33.9,1,1.0,3,1,1.0,1.0
충북,2021-08-06,34.239999999999995,3,2.0,4,1,1.0,1.0
충북,2021-08-07,32.660000000000004,0,0.0,5,0,1.0,1.0
충북,2021-08-08,28.839999999999996,1,4.0,6,1,0.0,1.0
충북,2021-08-09,31.340000000000003,0,2.0,0,1,1.0,0.0
충북,2021-08-10,28.439999999999998,1,2.0,1,1,1.0,1.0
충북,2021-08-11,31.46,1,0.0,2,0,1.0,1.0
충북,2021-08-12,30.419999999999998,2,1.0,3,1,0.0,1.0
충북,2021-08-13,28.32,0,3.0,4,1,1.0,0.0
충북,2021-08-14,27.98,0,1.0,5,1,1.0,1.0
충북,2021-08-15,29.439999999999998,0,0.0,6,0,1.0,1.0
충북,2021-08-16,28.360000000000003,0,0.0,0,0,0.0,1.0
충북,2021-08-17,27.3,0,1.0,1,1,0.0,0.0
충북,2021-08-18,28.52,1,2.0,2,1,1.0,0.0
충북,2021-08-19,27.82,0,0.0,3,0,1.0,1.0
충북,2021-08-20,30.060000000000002,0,1.0,4,1,0.0,1.0
충북,2021-08-21,25.6,0,1.0,5,1,1.0,0.0
충북,2021-08-22,27.419999999999998,0,0.0,6,0,1.0,1.0
충북,2021-08-23,23.380000000000003,0,1.0,0,1,0.0,1.0
충북,2021-08-24,26.8,0,0.0,1,0,1.0,0.0
충북,2021-08-25,24.740000000000002,0,1.0,2,1,0.0,1.0
충북,2021-08-26,28.74,0,1.0,3,1,1.0,0.0
충북,2021-08-27,23.56,0,0.0,4,0,1.0,1.0
충북,2021-08-28,26.360000000000003,0,0.0,5,0,0.0,1.0
충북,2021-08-29,25.639999999999997,0,0.0,6,0,0.0,0.0
충북,2021-08-30,25.240000000000002,0,0.0,0,0,0.0,0.0
충북,2021-08-31,24.9,0,0.0,1,0,0.0,0.0
충북,2021-09-01,23.2,0,4.0,2,1,0.0,0.0
충북,2021-09-02,24.52,0,0.0,3,0,1.0,0.0
충북,2021-09-03,27.380000000000003,0,1.0,4,1,0.0,1.0
충북,2021-09-04,26.68,0,1.0,5,1,1.0,0.0
충북,2021-09-05,25.5,0,1.0,6,1,1.0,1.0
충북,2021-09-06,24.64,0,0.0,0,0,1.0,1.0
충북,2021-09-07,21.919999999999998,0,0.0,1,0,0.0,1.0
충북,2021-09-08,25.9,0,0.0,2,0,0.0,0.0
충북,2021-09-09,27.7,0,0.0,3,0,0.0,0.0
충북,2021-09-10,27.339999999999996,0,0.0,4,0,0.0,0.0
충북,2021-09-11,29.1,0,1.0,5,1,0.0,0.0
충북,2021-09-12,28.46,0,1.0,6,1,1.0,0.0
충북,2021-09-13,26.660000000000004,0,0.0,0,0,1.0,1.0
충북,2021-09-14,24.98,0,2.0,1,1,0.0,1.0
충북,2021-09-15,27.04,0,1.0,2,1,1.0,0.0
충북,2021-09-16,26.160000000000004,0,0.0,3,0,1.0,1.0
충북,2021-09-17,21.4,0,0.0,4,0,0.0,1.0
충북,2021-09-18,26.9,0,0.0,5,0,0.0,0.0
충북,2021-09-19,26.619999999999997,0,1.0,6,1,0.0,0.0
충북,2021-09-20,26.02,0,0.0,0,0,1.0,0.0
충북,2021-09-21,25.240000000000002,0,2.0,1,1,0.0,1.0
충북,2021-09-22,25.9,0,0.0,2,0,1.0,0.0
충북,2021-09-23,24.2,0,0.0,3,0,0.0,1.0
충북,2021-09-24,25.68,0,0.0,4,0,0.0,0.0
충북,2021-09-25,22.96,0,3.0,5,1,0.0,0.0
충북,2021-09-26,24.68,0,1.0,6,1,1.0,0.0
충북,2021-09-27,25.32,0,0.0,0,0,1.0,1.0
충북,2021-09-28,24.06,0,4.0,1,1,0.0,1.0
충북,2021-09-29,22.439999999999998,0,0.0,2,0,1.0,0.0
충북,2021-09-30,27.0,0,1.0,3,1,0.0,1.0
충북,2022-05-01,18.78,0,0.0,6,0,1.0,0.0
충북,2022-05-02,18.22,0,0.0,0,0,0.0,1.0
충북,2022-05-03,21.240000000000002,0,0.0,1,0,0.0,0.0
충북,2022-05-04,25.4,0,0.0,2,0,0.0,0.0
충북,2022-05-05,26.0,0,0.0,3,0,0.0,0.0
충북,2022-05-06,25.48,0,1.0,4,1,0.0,0.0
충북,2022-05-07,22.619999999999997,0,0.0,5,0,1.0,0.0
충북,2022-05-08,19.52,0,0.0,6,0,0.0,1.0
충북,2022-05-09,23.1,0,0.0,0,0,0.0,0.0
충북,2022-05-10,24.240000000000002,0,0.0,1,0,0.0,0.0
충북,2022-05-11,24.44,0,0.0,2,0,0.0,0.0
충북,2022-05-12,26.28,0,1.0,3,1,0.0,0.0
충북,2022-05-13,21.080000000000002,0,0.0,4,0,1.0,0.0
충북,2022-05-14,20.72,0,0.0,5,0,0.0,1.0
충북,2022-05-15,20.7,0,0.0,6,0,0.0,0.0
충북,2022-05-16,23.44,0,0.0,0,0,0.0,0.0
충북,2022-05-17,26.74,0,1.0,1,1,0.0,0.0
충북,2022-05-18,27.360000000000003,0,2.0,2,1,1.0,0.0
충북,2022-05-19,24.4,0,0.0,3,0,1.0,1.0
충북,2022-05-20,26.24,0,0.0,4,0,0.0,1.0
충북,2022-05-21,26.5,1,0.0,5,0,0.0,0.0
충북,2022-05-22,28.04,0,0.0,6,0,0.0,0.0
충북,2022-05-23,29.560000000000002,0,0.0,0,0,0.0,0.0
충북,2022-05-24,30.4,0,0.0,1,0,0.0,0.0
충북,2022-05-25,28.2,0,0.0,2,0,0.0,0.0
충북,2022-05-26,24.4,0,0.0,3,0,0.0,0.0
충북,2022-05-27,25.639999999999997,0,0.0,4,0,0.0,0.0
충북,2022-05-28,28.78,0,0.0,5,0,0.0,0.0
충북,2022-05-29,29.78,0,1.0,6,1,0.0,0.0
충북,2022-05-30,24.919999999999998,0,0.0,0,0,1.0,0.0
충북,2022-05-31,27.52,0,0.0,1,0,0.0,1.0
충북,2022-06-01,30.5,1,0.0,2,0,0.0,0.0
충북,2022-06-02,29.04,0,0.0,3,0,0.0,0.0
충북,2022-06-03,31.639999999999997,0,0.0,4,0,0.0,0.0
충북,2022-06-04,28.119999999999997,0,0.0,5,0,0.0,0.0
충북,2022-06-05,22.2,0,1.0,6,1,0.0,0.0
충북,2022-06-06,21.66,0,0.0,0,0,1.0,0.0
충북,2022-06-07,20.880000000000003,0,0.0,1,0,0.0,1.0
충북,2022-06-08,23.639999999999997,0,1.0,2,1,0.0,0.0
충북,2022-06-09,25.76,0,0.0,3,0,1.0,0.0
충북,2022-06-10,28.060000000000002,0,0.0,4,0,0.0,1.0
충북,2022-06-11,29.24,0,0.0,5,0,0.0,0.0
충북,2022-06-12,27.2,0,1.0,6,1,0.0,0.0
충북,2022-06-13,26.3,0,1.0,0,1,1.0,0.0
충북,2022-06-14,20.14,0,1.0,1,1,1.0,1.0
충북,2022-06-15,23.18,0,1.0,2,1,1.0,1.0
충북,2022-06-16,24.54,0,1.0,3,1,1.0,1.0
충북,2022-06-17,28.439999999999998,1,0.0,4,0,1.0,1.0
충북,2022-06-18,28.6,1,1.0,5,1,0.0,1.0
충북,2022-06-19,28.339999999999996,0,0.0,6,0,1.0,0.0
충북,2022-06-20,31.24,1,1.0,0,1,0.0,1.0
충북,2022-06-21,34.279999999999994,1,1.0,1,1,1.0,0.0
충북,2022-06-22,33.3,2,1.0,2,1,1.0,1.0
충북,2022-06-23,28.98,0,5.0,3,1,1.0,1.0
충북,2022-06-24,28.4,0,0.0,4,0,1.0,1.0
충북,2022-06-25,32.36,1,2.0,5,1,0.0,1.0
충북,2022-06-26,29.98,0,0.0,6,0,1.0,0.0
충북,2022-06-27,29.78,0,0.0,0,0,0.0,1.0
충북,2022-06-28,31.639999999999997,1,1.0,1,1,0.0,0.0
충북,2022-06-29,29.880000000000003,0,3.0,2,1,1.0,0.0
충북,2022-06-30,28.139999999999997,0,3.0,3,1,1.0,1.0
충북,2022-07-01,32.9,3,0.0,4,0,1.0,1.0
충북,2022-07-02,34.04,3,0.0,5,0,0.0,1.0
충북,2022-07-03,33.94,2,1.0,6,1,0.0,0.0
충북,2022-07-04,33.14,3,1.0,0,1,1.0,0.0
충북,2022-07-05,32.7,1,1.0,1,1,1.0,1.0
충북,2022-07-06,32.42,2,6.0,2,1,1.0,1.0
충북,2022-07-07,33.1,1,1.0,3,1,1.0,1.0
충북,2022-07-08,30.76,0,1.0,4,1,1.0,1.0
충북,2022-07-09,29.7,1,1.0,5,1,1.0,1.0
충북,2022-07-10,33.8,1,1.0,6,1,1.0,1.0
충북,2022-07-11,27.26,0,1.0,0,1,1.0,1.0
충북,2022-07-12,28.880000000000003,0,1.0,1,1,1.0,1.0
충북,2022-07-13,25.1,0,1.0,2,1,1.0,1.0
충북,2022-07-14,29.3,0,0.0,3,0,1.0,1.0
충북,2022-07-15,30.02,0,2.0,4,1,0.0,1.0
충북,2022-07-16,28.1,0,1.0,5,1,1.0,0.0
충북,2022-07-17,29.139999999999997,0,0.0,6,0,1.0,1.0
충북,2022-07-18,24.72,0,0.0,0,0,0.0,1.0
충북,2022-07-19,30.139999999999997,0,1.0,1,1,0.0,0.0
충북,2022-07-20,31.0,2,0.0,2,0,1.0,0.0
충북,2022-07-21,24.84,0,1.0,3,1,0.0,1.0
충북,2022-07-22,28.139999999999997,0,0.0,4,0,1.0,0.0
충북,2022-07-23,27.560000000000002,0,0.0,5,0,0.0,1.0
충북,2022-07-24,27.46,0,0.0,6,0,0.0,0.0
충북,2022-07-25,31.46,1,3.0,0,1,0.0,0.0
충북,2022-07-26,32.86,1,1.0,1,1,1.0,0.0
충북,2022-07-27,30.060000000000002,0,0.0,2,0,1.0,1.0
충북,2022-07-28,30.919999999999998,0,0.0,3,0,0.0,1.0
충북,2022-07-29,33.82000000000001,2,1.0,4,1,0.0,0.0
충북,2022-07-30,31.3,0,1.0,5,1,1.0,0.0
충북,2022-07-31,27.939999999999998,0,0.0,6,0,1.0,1.0
충북,2022-08-01,30.04,0,0.0,0,0,0.0,1.0
충북,2022-08-02,31.160000000000004,2,1.0,1,1,0.0,0.0
충북,2022-08-03,31.4,0,0.0,2,0,1.0,0.0
충북,2022-08-04,32.44,0,0.0,3,0,0.0,1.0
충북,2022-08-05,32.18,2,0.0,4,0,0.0,0.0
충북,2022-08-06,33.019999999999996,2,0.0,5,0,0.0,0.0
충북,2022-08-07,33.18,0,0.0,6,0,0.0,0.0
충북,2022-08-08,29.119999999999997,0,0.0,0,0,0.0,0.0
충북,2022-08-09,28.98,0,1.0,1,1,0.0,0.0
충북,2022-08-10,27.18,1,1.0,2,1,1.0,0.0
충북,2022-08-11,24.82,0,2.0,3,1,1.0,1.0
충북,2022-08-12,31.24,0,1.0,4,1,1.0,1.0
충북,2022-08-13,27.68,0,1.0,5,1,1.0,1.0
충북,2022-08-14,28.78,0,2.0,6,1,1.0,1.0
충북,2022-08-15,30.9,2,0.0,0,0,1.0,1.0
충북,2022-08-16,29.46,0,1.0,1,1,0.0,1.0
충북,2022-08-17,29.68,0,0.0,2,0,1.0,0.0
충북,2022-08-18,29.46,0,0.0,3,0,0.0,1.0
충북,2022-08-19,28.52,0,0.0,4,0,0.0,0.0
충북,2022-08-20,30.880000000000003,2,1.0,5,1,0.0,0.0
충북,2022-08-21,30.880000000000003,1,0.0,6,0,1.0,0.0
충북,2022-08-22,30.48,1,2.0,0,1,0.0,1.0
충북,2022-08-23,25.32,0,0.0,1,0,1.0,0.0
충북,2022-08-24,24.54,0,2.0,2,1,0.0,1.0
충북,2022-08-25,26.080000000000002,1,1.0,3,1,1.0,0.0
충북,2022-08-26,27.439999999999998,0,0.0,4,0,1.0,1.0
충북,2022-08-27,25.34,0,0.0,5,0,0.0,1.0
충북,2022-08-28,27.0,0,1.0,6,1,0.0,0.0
충북,2022-08-29,20.860000000000003,0,0.0,0,0,1.0,0.0
충북,2022-08-30,19.6,0,0.0,1,0,0.0,1.0
충북,2022-08-31,23.46,0,0.0,2,0,0.0,0.0
충북,2022-09-01,26.560000000000002,0,1.0,3,1,0.0,0.0
충북,2022-09-02,26.52,0,1.0,4,1,1.0,0.0
충북,2022-09-03,25.9,0,1.0,5,1,1.0,1.0
충북,2022-09-04,26.4,0,2.0,6,1,1.0,1.0
충북,2022-09-05,24.86,0,2.0,0,1,1.0,1.0
충북,2022-09-06,24.880000000000003,0,2.0,1,1,1.0,1.0
충북,2022-09-07,27.080000000000002,0,1.0,2,1,1.0,1.0
충북,2022-09-08,28.2,1,0.0,3,0,1.0,1.0
충북,2022-09-09,27.74,0,0.0,4,0,0.0,1.0
충북,2022-09-10,25.6,0,0.0,5,0,0.0,0.0
충북,2022-09-11,26.919999999999998,0,0.0,6,0,0.0,0.0
충북,2022-09-12,25.5,0,0.0,0,0,0.0,0.0
충북,2022-09-13,27.46,0,1.0,1,1,0.0,0.0
충북,2022-09-14,27.9,0,0.0,2,0,1.0,0.0
충북,2022-09-15,28.860000000000003,0,0.0,3,0,0.0,1.0
충북,2022-09-16,28.080000000000002,0,0.0,4,0,0.0,0.0
충북,2022-09-17,31.560000000000002,1,2.0,5,1,0.0,0.0
충북,2022-09-18,30.82,0,1.0,6,1,1.0,0.0
충북,2022-09-19,28.580000000000002,0,0.0,0,0,1.0,1.0
충북,2022-09-20,22.48,0,0.0,1,0,0.0,1.0
충북,2022-09-21,23.06,0,0.0,2,0,0.0,0.0
충북,2022-09-22,22.9,0,0.0,3,0,0.0,0.0
충북,2022-09-23,23.8,0,0.0,4,0,0.0,0.0
충북,2022-09-24,22.7,0,0.0,5,0,0.0,0.0
충북,2022-09-25,23.22,0,1.0,6,1,0.0,0.0
충북,2022-09-26,24.46,0,0.0,0,0,1.0,0.0
충북,2022-09-27,26.24,0,1.0,1,1,0.0,1.0
충북,2022-09-28,24.34,0,0.0,2,0,1.0,0.0
충북,2022-09-29,25.48,0,0.0,3,0,0.0,1.0
충북,2022-09-30,27.419999999999998,0,0.0,4,0,0.0,0.0
충북,2023-05-01,19.919999999999998,0,0.0,0,0,0.0,0.0
충북,2023-05-02,24.68,0,1.0,1,1,0.0,0.0
충북,2023-05-03,25.880000000000003,0,0.0,2,0,1.0,0.0
충북,2023-05-04,25.22,0,0.0,3,0,0.0,1.0
충북,2023-05-05,20.4,0,0.0,4,0,0.0,0.0
충북,2023-05-06,19.8,0,7.0,5,1,0.0,0.0
충북,2023-05-07,14.180000000000001,0,0.0,6,0,1.0,0.0
충북,2023-05-08,21.74,0,1.0,0,1,0.0,1.0
충북,2023-05-09,24.84,0,0.0,1,0,1.0,0.0
충북,2023-05-10,25.3,0,0.0,2,0,0.0,1.0
충북,2023-05-11,25.860000000000003,0,1.0,3,1,0.0,0.0
충북,2023-05-12,24.58,0,0.0,4,0,1.0,0.0
충북,2023-05-13,24.240000000000002,0,0.0,5,0,0.0,1.0
충북,2023-05-14,24.6,0,0.0,6,0,0.0,0.0
충북,2023-05-15,27.939999999999998,0,2.0,0,1,0.0,0.0
충북,2023-05-16,31.419999999999998,0,0.0,1,0,1.0,0.0
충북,2023-05-17,30.82,0,0.0,2,0,0.0,1.0
충북,2023-05-18,22.419999999999998,0,0.0,3,0,0.0,0.0
충북,2023-05-19,24.080000000000002,0,0.0,4,0,0.0,0.0
충북,2023-05-20,27.52,0,1.0,5,1,0.0,0.0
충북,2023-05-21,23.619999999999997,0,0.0,6,0,1.0,0.0
충북,2023-05-22,22.119999999999997,0,1.0,0,1,0.0,1.0
충북,2023-05-23,24.78,0,0.0,1,0,1.0,0.0
충북,2023-05-24,25.78,0,0.0,2,0,0.0,1.0
충북,2023-05-25,26.82,1,0.0,3,0,0.0,0.0
충북,2023-05-26,26.24,0,0.0,4,0,0.0,0.0
충북,2023-05-27,21.52,0,0.0,5,0,0.0,0.0
충북,2023-05-28,20.66,0,0.0,6,0,0.0,0.0
충북,2023-05-29,22.98,0,0.0,0,0,0.0,0.0
충북,2023-05-30,25.0,0,0.0,1,0,0.0,0.0
충북,2023-05-31,26.860000000000003,0,0.0,2,0,0.0,0.0
충북,2023-06-01,26.160000000000004,0,0.0,3,0,0.0,0.0
충북,2023-06-02,26.360000000000003,0,0.0,4,0,0.0,0.0
충북,2023-06-03,27.419999999999998,0,0.0,5,0,0.0,0.0
충북,2023-06-04,27.96,0,0.0,6,0,0.0,0.0
충북,2023-06-05,26.26,0,0.0,0,0,0.0,0.0
충북,2023-06-06,26.9,0,0.0,1,0,0.0,0.0
충북,2023-06-07,25.5,0,1.0,2,1,0.0,0.0
충북,2023-06-08,27.839999999999996,0,1.0,3,1,1.0,0.0
충북,2023-06-09,28.339999999999996,0,0.0,4,0,1.0,1.0
충북,2023-06-10,29.76,0,1.0,5,1,0.0,1.0
충북,2023-06-11,28.060000000000002,0,3.0,6,1,1.0,0.0
충북,2023-06-12,28.360000000000003,0,0.0,0,0,1.0,1.0
충북,2023-06-13,28.139999999999997,0,2.0,1,1,0.0,1.0
충북,2023-06-14,27.380000000000003,0,1.0,2,1,1.0,0.0
충북,2023-06-15,26.360000000000003,0,0.0,3,0,1.0,1.0
충북,2023-06-16,30.02,0,0.0,4,0,0.0,1.0
충북,2023-06-17,31.4,2,0.0,5,0,0.0,0.0
충북,2023-06-18,32.6,1,1.0,6,1,0.0,0.0
충북,2023-06-19,32.2,1,2.0,0,1,1.0,0.0
충북,2023-06-20,26.380000000000003,0,1.0,1,1,1.0,1.0
충북,2023-06-21,22.56,0,0.0,2,0,1.0,1.0
충북,2023-06-22,26.76,0,1.0,3,1,0.0,1.0
충북,2023-06-23,29.8,0,1.0,4,1,1.0,0.0
충북,2023-06-24,31.139999999999997,0,1.0,5,1,1.0,1.0
충북,2023-06-25,30.580000000000002,2,1.0,6,1,1.0,1.0
충북,2023-06-26,25.32,1,1.0,0,1,1.0,1.0
충북,2023-06-27,29.98,0,2.0,1,1,1.0,1.0
충북,2023-06-28,28.32,1,2.0,2,1,1.0,1.0
충북,2023-06-29,25.639999999999997,0,1.0,3,1,1.0,1.0
충북,2023-06-30,27.18,1,2.0,4,1,1.0,1.0
충북,2023-07-01,32.0,2,1.0,5,1,1.0,1.0
충북,2023-07-02,30.74,2,1.0,6,1,1.0,1.0
충북,2023-07-03,32.9,3,0.0,0,0,1.0,1.0
충북,2023-07-04,28.339999999999996,2,0.0,1,0,0.0,1.0
충북,2023-07-05,28.160000000000004,0,0.0,2,0,0.0,0.0
충북,2023-07-06,31.78,2,1.0,3,1,0.0,0.0
충북,2023-07-07,26.080000000000002,0,0.0,4,0,1.0,0.0
충북,2023-07-08,29.139999999999997,0,1.0,5,1,0.0,1.0
충북,2023-07-09,30.26,0,0.0,6,0,1.0,0.0
충북,2023-07-10,31.339999999999996,0,2.0,0,1,0.0,1.0
충북,2023-07-11,25.939999999999998,0,1.0,1,1,1.0,0.0
충북,2023-07-12,30.160000000000004,2,1.0,2,1,1.0,1.0
충북,2023-07-13,26.22,0,0.0,3,0,1.0,1.0
충북,2023-07-14,25.259999999999998,0,2.0,4,1,0.0,1.0
충북,2023-07-15,24.6,0,1.0,5,1,1.0,0.0
충북,2023-07-16,27.82,0,0.0,6,0,1.0,1.0
충북,2023-07-17,30.5,0,1.0,0,1,0.0,1.0
충북,2023-07-18,24.98,1,0.0,1,0,1.0,0.0
충북,2023-07-19,31.04,1,2.0,2,1,0.0,1.0
충북,2023-07-20,31.360000000000003,2,0.0,3,0,1.0,0.0
충북,2023-07-21,33.02,8,2.0,4,1,0.0,1.0
충북,2023-07-22,29.52,1,0.0,5,0,1.0,0.0
충북,2023-07-23,27.360000000000003,0,0.0,6,0,0.0,1.0
충북,2023-07-24,29.74,0,0.0,0,0,0.0,0.0
충북,2023-07-25,29.339999999999996,0,0.0,1,0,0.0,0.0
충북,2023-07-26,31.160000000000004,1,0.0,2,0,0.0,0.0
충북,2023-07-27,32.64,5,0.0,3,0,0.0,0.0
충북,2023-07-28,33.72,11,0.0,4,0,0.0,0.0
충북,2023-07-29,34.22,5,0.0,5,0,0.0,0.0
충북,2023-07-30,33.72,5,0.0,6,0,0.0,0.0
충북,2023-07-31,32.339999999999996,0,1.0,0,1,0.0,0.0
충북,2023-08-01,33.38,6,1.0,1,1,1.0,0.0
충북,2023-08-02,33.660000000000004,9,1.0,2,1,1.0,1.0
충북,2023-08-03,33.739999999999995,6,1.0,3,1,1.0,1.0
충북,2023-08-04,34.12,5,0.0,4,0,1.0,1.0
충북,2023-08-05,34.54,11,1.0,5,1,0.0,1.0
충북,2023-08-06,34.5,6,1.0,6,1,1.0,0.0
충북,2023-08-07,34.239999999999995,6,1.0,0,1,1.0,1.0
충북,2023-08-08,33.660000000000004,4,0.0,1,0,1.0,1.0
충북,2023-08-09,28.880000000000003,3,0.0,2,0,0.0,1.0
충북,2023-08-10,23.1,0,0.0,3,0,0.0,0.0
충북,2023-08-11,30.419999999999998,1,2.0,4,1,0.0,0.0
충북,2023-08-12,27.4,1,0.0,5,0,1.0,0.0
충북,2023-08-13,31.1,1,0.0,6,0,0.0,1.0
충북,2023-08-14,32.5,6,0.0,0,0,0.0,0.0
충북,2023-08-15,32.480000000000004,3,0.0,1,0,0.0,0.0
충북,2023-08-16,31.740000000000002,1,0.0,2,0,0.0,0.0
충북,2023-08-17,30.360000000000003,2,1.0,3,1,0.0,0.0
충북,2023-08-18,32.06,2,1.0,4,1,1.0,0.0
충북,2023-08-19,32.480000000000004,1,1.0,5,1,1.0,1.0
충북,2023-08-20,32.92,2,1.0,6,1,1.0,1.0
충북,2023-08-21,32.82,1,0.0,0,0,1.0,1.0
충북,2023-08-22,32.32,1,1.0,1,1,0.0,1.0
충북,2023-08-23,31.82,0,2.0,2,1,1.0,0.0
충북,2023-08-24,27.880000000000003,1,0.0,3,0,1.0,1.0
충북,2023-08-25,30.26,1,0.0,4,0,0.0,1.0
충북,2023-08-26,30.32,0,0.0,5,0,0.0,0.0
충북,2023-08-27,29.880000000000003,0,1.0,6,1,0.0,0.0
충북,2023-08-28,27.98,0,3.0,0,1,1.0,0.0
충북,2023-08-29,28.04,0,0.0,1,0,1.0,1.0
충북,2023-08-30,22.740000000000002,0,0.0,2,0,0.0,1.0
충북,2023-08-31,26.839999999999996,0,2.0,3,1,0.0,0.0
충북,2023-09-01,28.98,0,0.0,4,0,1.0,0.0
충북,2023-09-02,30.139999999999997,0,0.0,5,0,0.0,1.0
충북,2023-09-03,30.46,1,0.0,6,0,0.0,0.0
충북,2023-09-04,31.0,2,0.0,0,0,0.0,0.0
충북,2023-09-05,29.880000000000003,0,0.0,1,0,0.0,0.0
충북,2023-09-06,30.380000000000003,0,1.0,2,1,0.0,0.0
충북,2023-09-07,29.339999999999996,0,0.0,3,0,1.0,0.0
충북,2023-09-08,28.580000000000002,0,0.0,4,0,0.0,1.0
충북,2023-09-09,30.0,2,1.0,5,1,0.0,0.0
충북,2023-09-10,29.82,0,0.0,6,0,1.0,0.0
충북,2023-09-11,30.18,0,1.0,0,1,0.0,1.0
충북,2023-09-12,29.5,1,0.0,1,0,1.0,0.0
충북,2023-09-13,23.72,0,0.0,2,0,0.0,1.0
충북,2023-09-14,24.6,0,0.0,3,0,0.0,0.0
충북,2023-09-15,23.48,0,0.0,4,0,0.0,0.0
충북,2023-09-16,27.02,2,1.0,5,1,0.0,0.0
충북,2023-09-17,28.060000000000002,0,0.0,6,0,1.0,0.0
충북,2023-09-18,29.560000000000002,0,0.0,0,0,0.0,1.0
충북,2023-09-19,26.619999999999997,0,2.0,1,1,0.0,0.0
충북,2023-09-20,22.34,0,0.0,2,0,1.0,0.0
충북,2023-09-21,21.82,0,0.0,3,0,0.0,1.0
충북,2023-09-22,24.48,0,0.0,4,0,0.0,0.0
충북,2023-09-23,25.04,0,1.0,5,1,0.0,0.0
충북,2023-09-24,24.6,0,0.0,6,0,1.0,0.0
충북,2023-09-25,25.96,0,1.0,0,1,0.0,1.0
충북,2023-09-26,20.7,0,0.0,1,0,1.0,0.0
충북,2023-09-27,23.54,0,0.0,2,0,0.0,1.0
충북,2023-09-28,26.119999999999997,0,0.0,3,0,0.0,0.0
충북,2023-09-29,24.46,0,0.0,4,0,0.0,0.0
충북,2023-09-30,22.78,0,0.0,5,0,0.0,0.0
충북,2024-05-01,20.919999999999998,0,0.0,2,0,0.0,0.0
충북,2024-05-02,24.119999999999997,0,0.0,3,0,0.0,0.0
충북,2024-05-03,27.18,0,1.0,4,1,0.0,0.0
충북,2024-05-04,28.26,0,1.0,5,1,1.0,0.0
충북,2024-05-05,19.18,0,0.0,6,0,1.0,1.0
충북,2024-05-06,17.880000000000003,0,4.0,0,1,0.0,1.0
충북,2024-05-07,15.24,0,1.0,1,1,1.0,0.0
충북,2024-05-08,19.32,0,0.0,2,0,1.0,1.0
충북,2024-05-09,22.46,0,1.0,3,1,0.0,1.0
충북,2024-05-10,25.619999999999997,0,0.0,4,0,1.0,0.0
충북,2024-05-11,25.119999999999997,0,1.0,5,1,0.0,1.0
충북,2024-05-12,21.34,0,0.0,6,0,1.0,0.0
충북,2024-05-13,24.48,0,0.0,0,0,0.0,1.0
충북,2024-05-14,25.68,0,1.0,1,1,0.0,0.0
충북,2024-05-15,23.259999999999998,0,1.0,2,1,1.0,0.0
충북,2024-05-16,19.7,0,1.0,3,1,1.0,1.0
충북,2024-05-17,25.2,0,2.0,4,1,1.0,1.0
충북,2024-05-18,27.419999999999998,0,2.0,5,1,1.0,1.0
충북,2024-05-19,28.78,0,0.0,6,0,1.0,1.0
충북,2024-05-20,24.6,0,1.0,0,1,0.0,1.0
충북,2024-05-21,24.740000000000002,0,1.0,1,1,1.0,0.0
충북,2024-05-22,27.639999999999997,2,0.0,2,0,1.0,1.0
충북,2024-05-23,28.68,0,0.0,3,0,0.0,1.0
충북,2024-05-24,27.380000000000003,0,0.0,4,0,0.0,0.0
충북,2024-05-25,22.3,0,2.0,5,1,0.0,0.0
충북,2024-05-26,26.339999999999996,0,1.0,6,1,1.0,0.0
충북,2024-05-27,22.560000000000002,0,0.0,0,0,1.0,1.0
충북,2024-05-28,23.52,0,0.0,1,0,0.0,1.0
충북,2024-05-29,27.24,0,1.0,2,1,0.0,0.0
충북,2024-05-30,25.46,0,1.0,3,1,1.0,0.0
충북,2024-05-31,26.4,1,0.0,4,0,1.0,1.0
충북,2024-06-01,24.54,0,0.0,5,0,0.0,1.0
충북,2024-06-02,25.34,0,0.0,6,0,0.0,0.0
충북,2024-06-03,25.82,0,1.0,0,1,0.0,0.0
충북,2024-06-04,26.72,0,0.0,1,0,1.0,0.0
충북,2024-06-05,28.54,1,1.0,2,1,0.0,1.0
충북,2024-06-06,28.4,1,0.0,3,0,1.0,0.0
충북,2024-06-07,27.96,1,0.0,4,0,0.0,1.0
충북,2024-06-08,22.9,0,3.0,5,1,0.0,0.0
충북,2024-06-09,28.74,0,0.0,6,0,1.0,0.0
충북,2024-06-10,30.5,0,1.0,0,1,0.0,1.0
충북,2024-06-11,31.24,3,0.0,1,0,1.0,0.0
충북,2024-06-12,32.54,1,0.0,2,0,0.0,1.0
충북,2024-06-13,33.32,1,2.0,3,1,0.0,0.0
충북,2024-06-14,32.4,1,1.0,4,1,1.0,0.0
충북,2024-06-15,28.8,2,1.0,5,1,1.0,1.0
충북,2024-06-16,29.160000000000004,1,2.0,6,1,1.0,1.0
충북,2024-06-17,28.339999999999996,2,0.0,0,0,1.0,1.0
충북,2024-06-18,32.92,1,1.0,1,1,0.0,1.0
충북,2024-06-19,34.88,4,1.0,2,1,1.0,0.0
충북,2024-06-20,30.8,0,1.0,3,1,1.0,1.0
충북,2024-06-21,31.8,2,1.0,4,1,1.0,1.0
충북,2024-06-22,24.32,0,1.0,5,1,1.0,1.0
충북,2024-06-23,27.839999999999996,0,1.0,6,1,1.0,1.0
충북,2024-06-24,29.98,3,0.0,0,0,1.0,1.0
충북,2024-06-25,27.24,0,0.0,1,0,0.0,1.0
충북,2024-06-26,29.6,0,0.0,2,0,0.0,0.0
충북,2024-06-27,27.619999999999997,1,0.0,3,0,0.0,0.0
충북,2024-06-28,31.8,0,1.0,4,1,0.0,0.0
충북,2024-06-29,30.18,0,1.0,5,1,1.0,0.0
충북,2024-06-30,26.919999999999998,0,5.0,6,1,1.0,1.0
충북,2024-07-01,30.6,0,0.0,0,0,1.0,1.0
충북,2024-07-02,24.880000000000003,0,2.0,1,1,0.0,1.0
충북,2024-07-03,28.439999999999998,0,1.0,2,1,1.0,0.0
충북,2024-07-04,31.6,1,2.0,3,1,1.0,1.0
충북,2024-07-05,28.839999999999996,1,2.0,4,1,1.0,1.0
충북,2024-07-06,31.48,0,1.0,5,1,1.0,1.0
충북,2024-07-07,27.54,0,2.0,6,1,1.0,1.0
충북,2024-07-08,25.02,0,1.0,0,1,1.0,1.0
충북,2024-07-09,24.46,0,0.0,1,0,1.0,1.0
충북,2024-07-10,27.860000000000003,0,3.0,2,1,0.0,1.0
충북,2024-07-11,29.360000000000003,0,1.0,3,1,1.0,0.0
충북,2024-07-12,30.660000000000004,0,2.0,4,1,1.0,1.0
충북,2024-07-13,31.32,2,1.0,5,1,1.0,1.0
충북,2024-07-14,28.28,0,1.0,6,1,1.0,1.0
충북,2024-07-15,29.580000000000002,1,0.0,0,0,1.0,1.0
충북,2024-07-16,28.22,0,2.0,1,1,0.0,1.0
충북,2024-07-17,30.02,0,1.0,2,1,1.0,0.0
충북,2024-07-18,27.28,0,2.0,3,1,1.0,1.0
충북,2024-07-19,29.639999999999997,1,1.0,4,1,1.0,1.0
충북,2024-07-20,29.860000000000003,0,0.0,5,0,1.0,1.0
충북,2024-07-21,30.78,0,1.0,6,1,0.0,1.0
충북,2024-07-22,31.359999999999996,0,0.0,0,0,1.0,0.0
충북,2024-07-23,28.72,1,0.0,1,0,0.0,1.0
충북,2024-07-24,31.939999999999998,4,0.0,2,0,0.0,0.0
충북,2024-07-25,33.2,2,2.0,3,1,0.0,0.0
충북,2024-07-26,32.64,3,0.0,4,0,1.0,0.0
충북,2024-07-27,32.28,2,0.0,5,0,0.0,1.0
충북,2024-07-28,33.42,5,0.0,6,0,0.0,0.0
충북,2024-07-29,31.339999999999996,2,0.0,0,0,0.0,0.0
충북,2024-07-30,31.4,0,0.0,1,0,0.0,0.0
충북,2024-07-31,33.260000000000005,5,2.0,2,1,0.0,0.0
충북,2024-08-01,33.1,13,1.0,3,1,1.0,0.0
충북,2024-08-02,33.54,3,0.0,4,0,1.0,1.0
충북,2024-08-03,34.519999999999996,10,0.0,5,0,0.0,1.0
충북,2024-08-04,35.260000000000005,4,0.0,6,0,0.0,0.0
충북,2024-08-05,33.8,7,3.0,0,1,0.0,0.0
충북,2024-08-06,32.92,4,1.0,1,1,1.0,0.0
충북,2024-08-07,33.339999999999996,4,0.0,2,0,1.0,1.0
충북,2024-08-08,30.080000000000002,3,0.0,3,0,0.0,1.0
충북,2024-08-09,33.36,7,1.0,4,1,0.0,0.0
충북,2024-08-10,33.2,11,0.0,5,0,1.0,0.0
충북,2024-08-11,33.62,5,0.0,6,0,0.0,1.0
충북,2024-08-12,34.36,5,1.0,0,1,0.0,0.0
충북,2024-08-13,34.1,5,0.0,1,0,1.0,0.0
충북,2024-08-14,33.72,9,1.0,2,1,0.0,1.0
충북,2024-08-15,33.5,1,0.0,3,0,1.0,0.0
충북,2024-08-16,33.04,1,0.0,4,0,0.0,1.0
충북,2024-08-17,33.68,3,0.0,5,0,0.0,0.0
충북,2024-08-18,33.6,1,0.0,6,0,0.0,0.0
충북,2024-08-19,33.92,2,0.0,0,0,0.0,0.0
충북,2024-08-20,33.5,4,3.0,1,1,0.0,0.0
충북,2024-08-21,30.46,4,1.0,2,1,1.0,0.0
충북,2024-08-22,32.3,1,0.0,3,0,1.0,1.0
충북,2024-08-23,30.76,1,0.0,4,0,0.0,1.0
충북,2024-08-24,32.339999999999996,2,0.0,5,0,0.0,0.0
충북,2024-08-25,32.839999999999996,3,0.0,6,0,0.0,0.0
충북,2024-08-26,31.04,0,0.0,0,0,0.0,0.0
충북,2024-08-27,27.080000000000002,0,0.0,1,0,0.0,0.0
충북,2024-08-28,30.439999999999998,0,2.0,2,1,0.0,0.0
충북,2024-08-29,31.419999999999998,2,0.0,3,0,1.0,0.0
충북,2024-08-30,33.120000000000005,0,2.0,4,1,0.0,1.0
충북,2024-08-31,31.46,3,0.0,5,0,1.0,0.0
충북,2024-09-01,31.580000000000002,2,0.0,6,0,0.0,1.0
충북,2024-09-02,28.580000000000002,0,0.0,0,0,0.0,0.0
충북,2024-09-03,29.7,1,1.0,1,1,0.0,0.0
충북,2024-09-04,31.339999999999996,0,0.0,2,0,1.0,0.0
충북,2024-09-05,32.04,0,2.0,3,1,0.0,1.0
충북,2024-09-06,26.68,0,0.0,4,0,1.0,0.0
충북,2024-09-07,30.02,2,0.0,5,0,0.0,1.0
충북,2024-09-08,32.6,0,0.0,6,0,0.0,0.0
충북,2024-09-09,33.0,1,0.0,0,0,0.0,0.0
충북,2024-09-10,34.7,1,1.0,1,1,0.0,0.0
충북,2024-09-11,32.739999999999995,6,1.0,2,1,1.0,0.0
충북,2024-09-12,27.3,1,2.0,3,1,1.0,1.0
충북,2024-09-13,31.98,2,2.0,4,1,1.0,1.0
충북,2024-09-14,32.44,0,0.0,5,0,1.0,1.0
충북,2024-09-15,32.019999999999996,1,0.0,6,0,0.0,1.0
충북,2024-09-16,30.22,0,1.0,0,1,0.0,0.0
충북,2024-09-17,34.12,0,0.0,1,0,1.0,0.0
충북,2024-09-18,33.6,0,1.0,2,1,0.0,1.0
충북,2024-09-19,31.28,1,0.0,3,0,1.0,0.0
충북,2024-09-20,27.52,1,1.0,4,1,0.0,1.0
충북,2024-09-21,22.939999999999998,0,0.0,5,0,1.0,0.0
충북,2024-09-22,25.24,0,1.0,6,1,0.0,1.0
충북,2024-09-23,24.080000000000002,0,0.0,0,0,1.0,0.0
충북,2024-09-24,25.56,0,1.0,1,1,0.0,1.0
충북,2024-09-25,27.2,0,0.0,2,0,1.0,0.0
충북,2024-09-26,28.28,0,0.0,3,0,0.0,1.0
충북,2024-09-27,27.6,0,0.0,4,0,0.0,0.0
충북,2024-09-28,26.24,0,0.0,5,0,0.0,0.0
충북,2024-09-29,26.22,1,0.0,6,0,0.0,0.0
충북,2024-09-30,26.439999999999998,0,0.0,0,0,0.0,0.0
충북,2025-05-01,21.1,0,3.0,3,1,0.0,0.0
충북,2025-05-02,18.64,0,0.0,4,0,1.0,0.0
충북,2025-05-03,12.48,0,0.0,5,0,0.0,1.0
충북,2025-05-04,20.52,0,0.0,6,0,0.0,0.0
충북,2025-05-05,16.12,0,0.0,0,0,0.0,0.0
충북,2025-05-06,16.04,0,0.0,1,0,0.0,0.0
충북,2025-05-07,21.64,0,0.0,2,0,0.0,0.0
충북,2025-05-08,24.6,0,0.0,3,0,0.0,0.0
충북,2025-05-09,17.2,0,1.0,4,1,0.0,0.0
충북,2025-05-10,15.4,0,0.0,5,0,1.0,0.0
충북,2025-05-11,20.0,0,0.0,6,0,0.0,1.0
충북,2025-05-12,24.119999999999997,0,1.0,0,1,0.0,0.0
충북,2025-05-13,26.939999999999998,0,0.0,1,0,1.0,0.0
충북,2025-05-14,27.839999999999996,0,0.0,2,0,0.0,1.0
충북,2025-05-15,24.3,0,1.0,3,1,0.0,0.0
충북,2025-05-16,22.72,0,1.0,4,1,1.0,0.0
충북,2025-05-17,25.36,0,1.0,5,1,1.0,1.0
충북,2025-05-18,21.880000000000003,0,0.0,6,0,1.0,1.0
충북,2025-05-19,23.2,0,0.0,0,0,0.0,1.0
충북,2025-05-20,30.880000000000003,3,2.0,1,1,0.0,0.0
충북,2025-05-21,29.660000000000004,0,3.0,2,1,1.0,0.0
충북,2025-05-22,23.66,0,0.0,3,0,1.0,1.0
충북,2025-05-23,22.18,0,0.0,4,0,0.0,1.0
충북,2025-05-24,16.16,0,0.0,5,0,0.0,0.0
충북,2025-05-25,22.7,0,0.0,6,0,0.0,0.0
충북,2025-05-26,26.04,0,1.0,0,1,0.0,0.0
충북,2025-05-27,26.18,0,0.0,1,0,1.0,0.0
충북,2025-05-28,26.98,0,1.0,2,1,0.0,1.0
충북,2025-05-29,26.3,1,6.0,3,1,1.0,0.0
충북,2025-05-30,25.04,0,1.0,4,1,1.0,1.0
충북,2025-05-31,25.76,0,0.0,5,0,1.0,1.0
충북,2025-06-01,28.96,1,0.0,6,0,0.0,1.0
충북,2025-06-02,22.82,0,0.0,0,0,0.0,0.0
충북,2025-06-03,26.119999999999997,0,0.0,1,0,0.0,0.0
충북,2025-06-04,26.439999999999998,0,1.0,2,1,0.0,0.0
충북,2025-06-05,27.32,0,0.0,3,0,1.0,0.0
충북,2025-06-06,29.439999999999998,0,0.0,4,0,0.0,1.0
충북,2025-06-07,30.02,1,0.0,5,0,0.0,0.0
충북,2025-06-08,30.4,1,0.0,6,0,0.0,0.0
충북,2025-06-09,30.7,1,1.0,0,1,0.0,0.0
충북,2025-06-10,28.639999999999997,0,0.0,1,0,1.0,0.0
충북,2025-06-11,28.8,0,0.0,2,0,0.0,1.0
충북,2025-06-12,30.4,0,0.0,3,0,0.0,0.0
충북,2025-06-13,26.2,1,1.0,4,1,0.0,0.0
충북,2025-06-14,29.0,0,3.0,5,1,1.0,0.0
충북,2025-06-15,31.6,1,1.0,6,1,1.0,1.0
충북,2025-06-16,27.74,0,5.0,0,1,1.0,1.0
충북,2025-06-17,28.860000000000003,1,1.0,1,1,1.0,1.0
충북,2025-06-18,30.080000000000002,1,4.0,2,1,1.0,1.0
충북,2025-06-19,31.98,1,4.0,3,1,1.0,1.0
충북,2025-06-20,26.080000000000002,0,4.0,4,1,1.0,1.0
충북,2025-06-21,23.880000000000003,0,3.0,5,1,1.0,1.0
충북,2025-06-22,28.28,1,1.0,6,1,1.0,1.0
충북,2025-06-23,30.54,3,1.0,0,1,1.0,1.0
충북,2025-06-24,26.2,1,1.0,1,1,1.0,1.0
충북,2025-06-25,23.48,1,0.0,2,0,1.0,1.0
충북,2025-06-26,25.34,0,1.0,3,1,0.0,1.0
충북,2025-06-27,29.26,0,1.0,4,1,1.0,0.0
충북,2025-06-28,31.18,1,3.0,5,1,1.0,1.0
충북,2025-06-29,32.72,3,0.0,6,0,1.0,1.0
충북,2025-06-30,33.1,3,0.0,0,0,0.0,1.0
충북,2025-07-01,32.7,3,3.0,1,1,0.0,0.0
충북,2025-07-02,32.96,6,0.0,2,0,1.0,0.0
충북,2025-07-03,32.08,1,0.0,3,0,0.0,1.0
충북,2025-07-04,29.96,1,0.0,4,0,0.0,0.0
충북,2025-07-05,31.880000000000003,6,0.0,5,0,0.0,0.0
충북,2025-07-06,31.839999999999996,3,1.0,6,1,0.0,0.0
충북,2025-07-07,34.5,6,3.0,0,1,1.0,0.0
충북,2025-07-08,34.38,8,1.0,1,1,1.0,1.0
충북,2025-07-09,34.02,4,0.0,2,0,1.0,1.0
충북,2025-07-10,33.660000000000004,1,0.0,3,0,0.0,1.0
충북,2025-07-11,33.14,0,0.0,4,0,0.0,0.0
충북,2025-07-12,32.519999999999996,2,2.0,5,1,0.0,0.0
충북,2025-07-13,30.660000000000004,3,3.0,6,1,1.0,0.0
충북,2025-07-14,27.939999999999998,0,2.0,0,1,1.0,1.0
충북,2025-07-15,23.259999999999998,0,2.0,1,1,1.0,1.0
충북,2025-07-16,24.02,0,0.0,2,0,1.0,1.0
충북,2025-07-17,23.18,0,5.0,3,1,0.0,1.0
충북,2025-07-18,28.54,0,1.0,4,1,1.0,0.0
충북,2025-07-19,26.4,0,1.0,5,1,1.0,1.0
충북,2025-07-20,31.2,4,1.0,6,1,1.0,1.0
충북,2025-07-21,31.919999999999998,2,2.0,0,1,1.0,1.0
충북,2025-07-22,32.6,6,0.0,1,0,1.0,1.0
충북,2025-07-23,32.480000000000004,6,0.0,2,0,0.0,1.0
충북,2025-07-24,33.96,14,2.0,3,1,0.0,0.0
충북,2025-07-25,34.42,6,1.0,4,1,1.0,0.0
충북,2025-07-26,34.28,6,0.0,5,0,1.0,1.0
충북,2025-07-27,34.739999999999995,9,0.0,6,0,0.0,1.0
충북,2025-07-28,35.12,4,1.0,0,1,0.0,0.0
충북,2025-07-29,35.160000000000004,13,1.0,1,1,1.0,0.0
충북,2025-07-30,34.339999999999996,8,0.0,2,0,1.0,1.0
충북,2025-07-31,34.18,2,1.0,3,1,0.0,1.0
충북,2025-08-01,35.3,6,0.0,4,0,1.0,0.0
충북,2025-08-02,34.98,6,2.0,5,1,0.0,1.0
충북,2025-08-03,30.839999999999996,0,1.0,6,1,1.0,0.0
충북,2025-08-04,30.9,2,1.0,0,1,1.0,1.0
충북,2025-08-05,32.519999999999996,1,0.0,1,0,1.0,1.0
충북,2025-08-06,29.72,0,0.0,2,0,0.0,1.0
충북,2025-08-07,31.1,2,3.0,3,1,0.0,0.0
충북,2025-08-08,30.360000000000003,1,0.0,4,0,1.0,0.0
충북,2025-08-09,25.660000000000004,0,2.0,5,1,0.0,1.0
충북,2025-08-10,30.74,1,0.0,6,0,1.0,0.0
충북,2025-08-11,26.82,0,2.0,0,1,0.0,1.0
충북,2025-08-12,27.98,0,1.0,1,1,1.0,0.0
충북,2025-08-13,30.3,0,1.0,2,1,1.0,1.0
충북,2025-08-14,30.3,0,0.0,3,0,1.0,1.0
충북,2025-08-15,31.620000000000005,1,1.0,4,1,0.0,1.0
충북,2025-08-16,32.339999999999996,7,0.0,5,0,1.0,0.0
충북,2025-08-17,31.96,2,1.0,6,1,0.0,1.0
충북,2025-08-18,32.5,1,1.0,0,1,1.0,0.0
충북,2025-08-19,32.6,1,1.0,1,1,1.0,1.0
충북,2025-08-20,32.92,8,0.0,2,0,1.0,1.0
충북,2025-08-21,33.64,2,0.0,3,0,0.0,1.0
충북,2025-08-22,33.58,2,1.0,4,1,0.0,0.0
충북,2025-08-23,32.92,0,0.0,5,0,1.0,0.0
충북,2025-08-24,34.28,10,0.0,6,0,0.0,1.0
충북,2025-08-25,34.160000000000004,3,0.0,0,0,0.0,0.0
충북,2025-08-26,28.18,0,7.0,1,1,0.0,0.0
충북,2025-08-27,31.6,0,0.0,2,0,1.0,0.0
충북,2025-08-28,31.76,0,0.0,3,0,0.0,1.0
충북,2025-08-29,32.42,2,1.0,4,1,0.0,0.0
충북,2025-08-30,33.56,4,2.0,5,1,1.0,0.0
충북,2025-08-31,32.32,1,1.0,6,1,1.0,1.0
충북,2025-09-01,32.08,0,1.0,0,1,1.0,1.0
충북,2025-09-02,28.939999999999998,0,1.0,1,1,1.0,1.0
충북,2025-09-03,31.860000000000003,0,2.0,2,1,1.0,1.0
충북,2025-09-04,30.380000000000003,0,2.0,3,1,1.0,1.0
충북,2025-09-05,32.7,2,2.0,4,1,1.0,1.0
충북,2025-09-06,32.14,0,0.0,5,0,1.0,1.0
충북,2025-09-07,28.74,0,1.0,6,1,0.0,1.0
충북,2025-09-08,25.52,0,2.0,0,1,1.0,0.0
충북,2025-09-09,22.98,0,1.0,1,1,1.0,1.0
충북,2025-09-10,28.6,0,0.0,2,0,1.0,1.0
충북,2025-09-11,30.1,0,0.0,3,0,0.0,1.0
충북,2025-09-12,25.240000000000002,0,0.0,4,0,0.0,0.0
충북,2025-09-13,27.060000000000002,0,0.0,5,0,0.0,0.0
충북,2025-09-14,27.76,0,1.0,6,1,0.0,0.0
충북,2025-09-15,29.139999999999997,0,0.0,0,0,1.0,0.0
충북,2025-09-16,30.4,0,0.0,1,0,0.0,1.0
충북,2025-09-17,26.7,0,1.0,2,1,0.0,0.0
충북,2025-09-18,24.32,0,0.0,3,0,1.0,0.0
충북,2025-09-19,21.62,0,1.0,4,1,0.0,1.0
충북,2025-09-20,21.919999999999998,0,2.0,5,1,1.0,0.0
충북,2025-09-21,25.52,0,3.0,6,1,1.0,1.0
충북,2025-09-22,24.2,0,1.0,0,1,1.0,1.0
충북,2025-09-23,25.98,0,0.0,1,0,1.0,1.0
충북,2025-09-24,26.339999999999996,0,0.0,2,0,0.0,1.0
충북,2025-09-25,23.98,0,0.0,3,0,0.0,0.0
충북,2025-09-26,26.580000000000002,0,0.0,4,0,0.0,0.0
충북,2025-09-27,26.68,0,0.0,5,0,0.0,0.0
충북,2025-09-28,21.46,0,0.0,6,0,0.0,0.0
충북,2025-09-29,24.22,0,1.0,0,1,0.0,0.0
충북,2025-09-30,23.6,0,0.0,1,0,1.0,0.0
