SN,IOEP_BGNG_DT,IOEP_END_DT,IOEP_LAK,LAK_0,PWRTRNSMSSN_LAK,NDMS,IOEP_RGN_ZIP,CRT_DT,MDFCN_DT
6993,2020/06/26 09:00:00,2020/06/26 16:12:00,1000,1000,0,0,,2020/06/26 16:15:37,2020/06/26 16:15:03
7002,2020/06/29 15:00:00,2020/06/29 16:17:00,600,600,0,0,,2020/06/29 16:18:42,2020/06/29 16:18:23
7005,2020/06/30 10:00:00,2020/06/30 12:59:00,110,110,0,0,,2020/06/30 13:01:24,2020/06/30 13:01:20
7011,2020/06/30 15:20:00,2020/06/30 15:38:00,1000,1000,0,0,,2020/06/30 15:42:23,2020/06/30 15:40:16
7036,2020/06/30 18:00:00,2020/06/30 16:04:00,120,120,0,0,,2020/06/30 16:06:23,2020/06/30 16:06:16
7046,2020/06/30 09:00:00,2020/06/30 17:56:00,1000,0,1000,100,,2020/06/30 17:58:23,2020/06/30 17:58:18
7047,2020/06/30 11:00:00,2020/06/30 17:59:00,1000,300,700,70,,2020/06/30 18:01:23,2020/06/30 17:59:46
7064,2020/07/01 04:00:00,2020/07/01 15:10:00,1100,1100,0,0,,2020/07/01 14:54:26,2020/07/01 14:52:50
7065,2020/07/01 00:00:00,2020/07/01 14:55:00,1000,1000,0,0,,2020/07/01 14:57:26,2020/07/01 14:56:09
7069,2020/07/01 17:00:00,2020/07/01 19:14:00,1000,0,1000,100,,2020/07/01 15:16:25,2020/07/01 15:14:49
7071,2020/07/01 11:00:00,2020/07/01 15:40:00,2000,1000,1000,50,,2020/07/01 15:43:25,2020/07/01 15:42:50
7077,2020/07/01 17:00:00,2020/07/01 15:46:00,20,20,0,0,,2020/07/01 15:49:25,2020/07/01 15:47:30
7079,2020/07/01 17:00:00,2020/07/01 15:49:00,200,200,0,0,,2020/07/01 15:52:25,2020/07/01 15:51:54
7081,2020/07/01 15:40:00,2020/07/01 15:51:00,1000,1000,0,0,,2020/07/01 15:55:25,2020/07/01 15:52:52
7086,2020/07/01 15:00:00,2020/07/01 15:53:00,1000,1000,0,0,,2020/07/01 15:55:25,2020/07/01 15:55:13
7090,2020/07/01 15:00:00,2020/07/01 15:54:00,10100,10100,0,0,,2020/07/01 15:55:25,2020/07/01 15:55:16
7099,2020/07/01 17:00:00,2020/07/01 16:07:00,1000,1000,0,0,,2020/07/01 16:09:25,2020/07/01 16:09:15
7100,2020/07/01 13:00:00,2020/07/01 16:11:00,330,330,0,0,,2020/07/01 16:13:25,2020/07/01 16:13:17
7111,2020/07/02 11:02:00,2020/07/02 11:02:00,1000,1000,0,0,,2020/07/02 11:06:26,2020/07/02 11:05:04
7134,2020/07/02 14:35:00,2020/07/02 14:42:00,1000,1000,0,0,,2020/07/02 14:46:27,2020/07/02 14:44:44
7139,2020/07/02 11:00:00,2020/07/02 15:03:00,1000,1000,0,0,,2020/07/02 14:49:26,2020/07/02 14:48:28
7143,2020/07/02 14:00:00,2020/07/02 14:53:00,200,200,0,0,,2020/07/02 14:55:27,2020/07/02 14:54:39
7149,2020/07/02 14:50:00,2020/07/02 14:59:00,1000,1000,0,0,,2020/07/02 15:01:27,2020/07/02 15:00:18
7150,2020/07/02 15:00:00,2020/07/02 15:05:00,6000,6000,0,0,,2020/07/02 15:01:27,2020/07/02 15:00:39
7151,2020/07/02 00:00:00,2020/07/02 15:27:00,1050,50,1000,95.24,,2020/07/02 15:01:27,2020/07/02 15:01:12
7162,2020/07/01 00:00:00,2020/07/02 15:35:00,1100,350,750,68.18,,2020/07/02 15:10:26,2020/07/02 15:08:55
7168,2020/07/02 00:00:00,2020/07/02 15:30:00,1000,990,10,1,,2020/07/02 15:30:27,2020/07/02 15:30:07
7170,2020/07/02 08:01:00,2020/07/02 15:32:00,2000,2000,0,0,,2020/07/02 15:34:27,2020/07/02 15:34:15
7172,2020/07/02 00:00:00,2020/07/02 15:35:00,110,35,75,68.18,,2020/07/02 15:37:27,2020/07/02 15:36:34
7173,2020/07/02 00:00:00,2020/07/02 15:39:00,0,0,0,0,,2020/07/02 15:40:27,2020/07/02 15:40:08
7174,2020/07/02 02:00:00,2020/07/02 15:43:00,1000,990,10,1,,2020/07/02 15:43:27,2020/07/02 15:43:17
7180,2020/07/02 14:00:00,2020/07/02 15:55:00,1100,100,1000,90.91,,2020/07/02 16:00:27,2020/07/02 15:58:57
7181,2020/07/02 14:00:00,2020/07/02 15:55:00,1000,1000,0,0,,2020/07/02 16:00:27,2020/07/02 15:58:56
7182,2020/07/02 15:00:00,2020/07/02 15:57:00,1000,1000,0,0,,2020/07/02 16:00:27,2020/07/02 15:59:26
7186,2020/07/02 15:18:00,2020/07/02 15:59:00,1500,1500,0,0,,2020/07/02 16:03:27,2020/07/02 16:01:12
7190,2020/07/02 16:00:00,2020/07/06 10:05:00,1001,1001,0,0,,2020/07/02 16:09:27,2020/07/02 16:08:13
7194,2020/07/02 16:00:00,2020/07/02 16:18:00,1000,0,1000,100,,2020/07/02 16:21:27,2020/07/02 16:20:10
7211,2020/07/02 17:00:00,2020/07/02 17:45:00,120,120,0,0,,2020/07/02 17:48:26,2020/07/02 17:46:29
7212,2020/07/02 04:00:00,2020/07/02 18:31:00,8,8,0,0,,2020/07/02 18:33:27,2020/07/02 18:32:51
7213,2020/07/02 19:00:00,2020/07/02 18:58:00,200,200,0,0,,2020/07/02 19:00:27,2020/07/02 18:59:50
7214,2020/07/02 23:00:00,2020/07/02 20:07:00,200,200,0,0,,2020/07/02 20:09:27,2020/07/02 20:09:07
7217,2020/07/03 10:00:00,2020/07/03 10:46:00,1000,1000,0,0,,2020/07/03 10:50:28,2020/07/03 10:49:56
7218,2020/07/03 10:35:00,2020/07/03 10:46:00,255,255,0,0,,2020/07/03 10:50:28,2020/07/03 10:49:14
7225,2020/07/01 00:00:00,2020/07/03 13:54:00,0,0,0,0,,2020/07/03 14:07:28,2020/07/03 14:06:58
7227,2020/07/03 00:00:00,2020/07/03 13:59:00,0,0,0,0,,2020/07/03 14:13:28,2020/07/03 14:12:38
7230,2020/07/01 00:00:00,2020/07/03 14:30:00,10,8,2,20,,2020/07/03 14:35:28,2020/07/03 14:32:31
7248,2020/07/03 15:00:00,2020/07/03 14:37:00,1700,1700,0,0,,2020/07/03 14:38:29,2020/07/03 14:38:08
7259,2020/07/03 14:52:00,2020/07/03 14:51:00,1200,1200,0,0,,2020/07/03 15:26:28,2020/07/03 14:54:54
7260,2020/07/03 14:57:00,2020/07/03 15:07:00,1200,0,1200,100,,2020/07/03 15:26:28,2020/07/03 15:07:55
7261,2020/07/03 14:00:00,2020/07/03 15:07:00,1000,0,1000,100,,2020/07/03 15:26:28,2020/07/03 15:07:18
7262,2020/07/03 14:00:00,2020/07/03 15:03:00,1110,0,1110,100,,2020/07/03 15:26:28,2020/07/03 15:03:18
7263,2020/07/03 14:00:00,2020/07/03 15:21:00,10700,10700,0,0,,2020/07/03 15:26:28,2020/07/03 15:24:54
7264,2020/07/03 11:00:00,2020/07/03 15:57:00,1000,700,300,30,,2020/07/03 16:12:29,2020/07/03 15:57:43
7272,2020/07/03 17:00:00,2020/07/03 16:59:00,1100,1100,0,0,,2020/07/03 17:02:29,2020/07/03 17:02:01
7282,2020/07/06 09:00:00,2020/07/06 10:18:00,1000,300,700,70,,2020/07/06 10:19:32,2020/07/06 10:18:16
7319,2020/07/06 10:29:00,2020/07/06 10:33:00,2930,2930,0,0,,2020/07/06 10:36:32,2020/07/06 10:34:48
7327,2020/07/06 10:00:00,2020/07/06 10:47:00,0,0,0,0,,2020/07/06 10:51:32,2020/07/06 10:51:03
7368,2020/07/06 15:40:00,2020/07/06 16:25:00,300,300,0,0,,2020/07/06 16:36:32,2020/07/06 16:36:12
7370,2020/07/06 15:57:00,2020/07/06 16:41:00,20,4,16,80,,2020/07/06 16:42:32,2020/07/06 16:41:38
7374,2020/07/06 16:00:00,2020/07/06 16:47:00,1300,1000,300,23.08,,2020/07/06 16:48:32,2020/07/06 16:48:00
7378,2020/07/07 09:00:00,2020/07/07 09:49:00,1000,990,10,1,,2020/07/07 09:50:34,2020/07/07 09:50:18
7379,2020/07/07 10:00:00,2020/07/07 09:50:00,1000,1000,0,0,,2020/07/07 09:53:34,2020/07/07 09:52:43
7383,2020/07/07 10:50:00,2020/07/07 14:59:00,1000,1000,0,0,,2020/07/07 10:44:34,2020/07/07 10:43:57
7406,2020/07/07 10:00:00,2020/07/07 11:14:00,10,0,10,100,,2020/07/07 11:14:34,2020/07/07 11:14:18
7436,2020/07/07 14:50:00,2020/07/07 14:58:00,1000,0,1000,100,,2020/07/07 15:00:14,2020/07/07 14:58:24
7437,2020/07/07 14:00:00,2020/07/07 15:06:00,1000,300,700,70,,2020/07/07 15:00:14,2020/07/07 15:00:14
7533,2020/07/08 10:15:00,2020/07/08 11:00:00,25,0,25,100,,2020/07/08 10:37:55,2020/07/08 10:36:59
7539,2020/07/08 10:25:00,2020/07/08 10:40:00,1000,300,700,70,,2020/07/08 10:40:55,2020/07/08 10:40:21
7579,2020/07/08 10:00:00,2020/07/08 11:00:00,1010,1010,0,0,,2020/07/08 11:11:55,2020/07/08 11:10:59
7582,2020/07/08 10:00:00,2020/07/08 11:13:00,11,1,10,90.91,,2020/07/08 11:14:55,2020/07/08 11:13:43
7590,2020/07/08 12:59:00,2020/07/08 12:59:00,0,0,0,0,,2020/07/08 13:05:55,2020/07/08 13:05:27
7609,2020/07/08 14:26:00,2020/07/08 14:26:00,1000,1000,0,0,,2020/07/08 15:31:55,2020/07/08 15:28:41
7618,2020/07/08 16:30:00,2020/07/08 16:49:00,1050,0,1050,100,,2020/07/08 17:34:56,2020/07/08 16:49:27
7619,2020/07/08 16:26:00,2020/07/08 16:48:00,1000,0,1000,100,,2020/07/08 17:34:56,2020/07/08 16:48:27
7772,2020/07/09 10:00:00,2020/07/09 10:25:00,1150,0,1150,100,,2020/07/09 10:30:57,2020/07/09 10:29:22
7905,2020/07/09 14:20:00,2020/07/09 14:38:00,1000,0,1000,100,,2020/07/09 14:40:57,2020/07/09 14:38:31
7906,2020/07/09 14:00:00,2020/07/09 14:36:00,1220,520,700,57.38,-,2020/07/28 17:36:26,
7907,2020/07/09 14:20:00,2020/07/09 14:37:00,1000,1000,0,0,-,2020/07/28 17:36:26,
7908,2020/07/09 14:00:00,2020/07/09 14:38:00,1210,0,1210,100,-,2020/07/28 17:36:26,
7909,2020/07/09 14:00:00,2020/07/09 14:39:00,0,0,0,0,-,2020/07/28 17:36:26,
7910,2020/07/09 14:15:00,2020/07/09 14:38:00,300,-400,700,233.33,-,2020/07/28 17:36:26,
8003,2020/07/16 14:13:00,2020/07/16 14:21:00,2320,2320,0,0,-,2020/07/28 17:51:46,
8004,2020/07/16 14:15:00,2020/07/16 14:23:00,2323,2323,0,0,-,2020/07/28 17:51:46,
8005,2020/07/28 14:01:00,2020/07/28 14:08:00,11083,11083,0,0,-,2020/07/28 17:51:46,
8006,2020/07/28 14:01:00,2020/07/28 14:23:00,60,60,0,0,-,2020/07/29 14:39:27,
8007,2020/07/29 10:00:00,2020/07/29 10:00:00,1000,1000,0,0,-,2020/07/29 14:39:27,
8008,2020/07/29 10:05:00,2020/07/29 10:18:00,3440,940,2500,72.67,-,2020/07/29 14:39:27,
8009,2020/07/29 10:10:00,2020/07/29 10:24:00,1000,1000,0,0,-,2020/07/29 14:39:27,
8010,2020/07/29 10:00:00,2020/07/29 10:24:00,1000,1000,0,0,-,2020/07/29 14:39:27,
8011,2020/07/29 10:43:00,2020/07/29 10:43:00,1000,1000,0,0,-,2020/07/29 14:39:27,
8012,2020/07/29 10:00:00,2020/07/29 10:50:00,1000,300,700,70,-,2020/07/29 14:39:27,
8016,2020/07/30 05:25:00,2020/07/30 07:46:00,3,1,2,66.67,-,2020/07/30 15:29:48,
8017,2020/07/30 05:52:00,2020/07/30 08:12:00,340,340,0,0,-,2020/07/30 15:29:48,
8018,2020/07/30 06:54:00,2020/07/30 08:14:00,520,520,0,0,-,2020/07/30 15:29:48,
8019,2020/07/30 06:31:00,2020/07/30 07:34:00,37,0,37,100,-,2020/07/30 15:29:48,
8020,2020/07/30 06:19:00,2020/07/30 07:15:00,304,-562,866,284.87,-,2020/07/30 15:29:48,
8021,2020/07/30 06:43:00,2020/07/30 08:19:00,289,289,0,0,-,2020/07/30 15:29:48,
8022,2020/07/30 06:19:00,2020/07/30 07:15:00,304,56,248,81.58,-,2020/07/30 15:29:48,
8023,2020/07/30 05:39:00,2020/07/30 06:22:00,4,2,2,50,-,2020/07/30 15:29:48,
8024,2020/07/30 10:00:00,2020/07/30 10:33:00,1237,1237,0,0,-,2020/07/30 15:29:48,
8025,2020/07/30 14:15:00,2020/07/30 14:11:00,978,978,0,0,-,2020/07/30 15:29:48,
8026,2020/07/30 14:20:00,2020/07/30 14:27:00,1438,1438,0,0,-,2020/07/30 15:29:48,
8027,2020/07/30 14:30:00,2020/07/30 14:41:00,76,76,0,0,-,2020/07/30 15:29:48,
8035,2020/08/04 06:41:00,2020/08/04 14:40:00,50,50,0,0,null,2020/08/04 14:42:56,2020/08/04 14:42:38
8036,2020/08/04 01:00:00,2020/08/04 16:42:00,100,0,100,100,null,2020/08/04 16:42:56,2020/08/04 16:42:24
8045,2020/08/03 13:00:00,2020/08/04 18:58:00,2291,74,2217,98.36,null,2020/08/05 10:00:57,2020/08/05 10:00:26
8046,2020/08/03 13:00:00,2020/08/04 17:03:00,2254,0,2254,100,null,2020/08/05 10:03:57,2020/08/05 10:03:22
8053,2020/08/06 05:52:00,2020/08/06 11:00:00,78,73,5,6.41,null,2020/08/06 13:25:59,2020/08/06 13:25:28
8064,2020/08/07 00:00:00,2020/08/07 16:38:00,200,200,0,0,-,2020/08/07 16:40:41,
8066,2020/08/08 07:46:00,2020/08/08 07:45:00,0,0,0,0,-,2020/08/08 07:48:02,
8067,2020/08/08 04:06:00,2020/08/08 05:39:00,997,0,997,100,-,2020/08/08 07:51:02,
8068,2020/08/08 03:58:00,2020/08/08 08:02:00,840,90,750,89.29,-,2020/08/08 08:06:02,
8069,2020/08/08 05:32:00,2020/08/08 08:24:00,601,601,0,0,-,2020/08/08 08:38:02,
8070,2020/08/08 06:46:00,2020/08/08 08:38:00,475,475,0,0,-,2020/08/08 08:41:02,
8071,2020/08/08 05:44:00,2020/08/08 05:45:00,412,0,412,100,-,2020/08/08 08:44:02,
8072,2020/08/08 04:06:00,2020/08/08 05:39:00,1017,0,1017,100,-,2020/08/08 08:58:42,
8073,2020/08/08 04:06:00,2020/08/08 05:39:00,1017,0,1017,100,-,2020/08/08 09:03:42,
8074,2020/08/08 04:06:00,2020/08/08 05:39:00,1017,1017,0,0,-,2020/08/08 09:06:42,
8075,2020/08/07 20:27:00,2020/08/08 09:08:00,513,513,0,0,-,2020/08/08 09:10:02,
8076,2020/08/08 07:02:00,2020/08/08 09:10:00,190,190,0,0,-,2020/08/08 09:13:02,
8077,2020/08/08 07:37:00,2020/08/08 11:39:00,165,165,0,0,-,2020/08/08 11:42:42,
8078,2020/08/08 09:16:00,2020/08/08 12:54:00,62,62,0,0,-,2020/08/08 12:57:02,
8079,2020/08/07 18:45:00,2020/08/07 21:48:00,13,0,13,100,-,2020/08/08 13:59:02,
8080,2020/08/07 14:38:00,2020/08/07 15:41:00,668,0,668,100,-,2020/08/08 14:55:42,
8081,2020/08/07 23:55:00,2020/08/08 00:43:00,99,0,99,100,-,2020/08/08 14:59:02,
8082,2020/08/08 03:58:00,2020/08/08 14:55:00,16203,16203,0,0,-,2020/08/08 15:04:42,
8083,2020/08/08 05:43:00,2020/08/08 15:04:00,35964,35964,0,0,-,2020/08/08 15:09:02,
8084,2020/08/08 07:04:00,2020/08/08 15:09:00,43551,43551,0,0,-,2020/08/08 15:14:42,
8085,2020/08/08 11:10:00,2020/08/08 15:03:00,198,198,0,0,-,2020/08/08 15:20:02,
8086,2020/08/08 11:35:00,2020/08/08 15:21:00,217,217,0,0,-,2020/08/08 15:23:02,
8087,2020/08/08 12:20:00,2020/08/08 13:23:00,15,15,0,0,-,2020/08/08 15:26:02,
8088,2020/08/08 12:58:00,2020/08/08 15:22:00,186,186,0,0,-,2020/08/08 15:26:02,
8089,2020/08/08 04:19:00,2020/08/08 15:23:00,325,325,0,0,-,2020/08/08 15:26:02,
8090,2020/08/08 07:22:00,2020/08/08 15:24:00,222,222,0,0,-,2020/08/08 15:29:02,
8091,2020/08/08 12:20:00,2020/08/08 15:28:00,4,4,0,0,-,2020/08/08 15:33:42,
8092,2020/08/08 00:20:00,2020/08/08 15:42:00,381,381,0,0,-,2020/08/08 15:48:42,
8093,2020/08/08 06:12:00,2020/08/08 15:49:00,16,16,0,0,-,2020/08/08 15:51:42,
8094,2020/08/08 07:20:00,2020/08/08 08:00:00,1950,628,1322,67.79,-,2020/08/08 15:54:42,
8095,2020/08/08 07:41:00,2020/08/08 15:52:00,81,81,0,0,-,2020/08/08 15:54:42,
8096,2020/08/08 09:41:00,2020/08/08 16:24:00,2,2,0,0,-,2020/08/08 16:26:42,
8097,2020/08/08 03:58:00,2020/08/08 17:36:00,16203,16203,0,0,-,2020/08/08 17:47:42,
8098,2020/08/08 14:44:00,2020/08/08 18:38:00,136,136,0,0,-,2020/08/08 18:39:42,
8099,2020/08/08 09:40:00,2020/08/08 18:57:00,332,332,0,0,-,2020/08/08 19:04:03,
8100,2020/08/08 14:55:00,2020/08/08 20:21:00,15,15,0,0,-,2020/08/08 20:27:43,
8101,2020/08/08 15:53:00,2020/08/08 18:00:00,11,0,11,100,null,2020/08/08 20:30:43,2020/08/08 20:29:16
8102,2020/08/09 00:02:00,2020/08/09 11:15:00,102,102,0,0,-,2020/08/09 11:20:44,
8103,2020/08/10 05:00:00,2020/08/10 10:37:00,4092,606,3486,85.19,-,2020/08/10 10:38:45,
8104,2020/08/10 01:00:00,2020/08/10 10:51:00,4092,340,3752,91.69,-,2020/08/10 10:53:05,
8105,2020/08/10 02:00:00,2020/08/10 11:09:00,5260,340,4920,93.54,-,2020/08/10 11:10:45,
8106,2020/08/10 11:47:00,2020/08/10 15:33:00,1,0,1,100,-,2020/08/10 15:36:45,
8107,2020/08/22 13:38:00,2020/08/24 14:05:00,20,20,0,0,-,2020/08/24 14:07:27,
8108,2020/08/25 00:00:00,2020/08/25 15:07:00,1000,1000,0,0,-,2020/08/25 15:15:48,
8109,2020/08/26 10:00:00,2020/08/26 14:13:00,2020,0,2020,100,null,2020/08/26 10:29:10,2020/08/26 10:14:03
8110,2020/08/26 11:55:00,2020/08/26 12:02:00,166,166,0,0,-,2020/08/26 12:03:50,
8111,2020/08/26 12:28:00,2020/08/26 12:25:00,35,35,0,0,-,2020/08/26 12:26:50,
8112,2020/08/26 12:29:00,2020/08/26 12:36:00,60,60,0,0,-,2020/08/26 12:37:30,
8113,2020/08/07 13:14:00,2020/08/26 14:25:00,0,0,0,0,-,2020/08/26 14:30:50,
8114,2020/08/01 04:00:00,2020/08/26 14:36:00,0,0,0,0,-,2020/08/26 14:38:30,
8115,2020/08/26 14:44:00,2020/08/26 14:50:00,270,270,0,0,-,2020/08/26 14:52:30,
8116,2020/08/26 14:57:00,2020/08/26 15:00:00,1032,1032,0,0,-,2020/08/26 15:06:30,
8117,2020/08/01 10:00:00,2020/08/26 16:33:00,0,0,0,0,-,2020/08/26 16:34:50,
8118,2020/08/01 15:15:00,2020/08/26 16:41:00,844,844,0,0,null,2020/08/26 16:43:10,2020/08/26 16:42:47
8119,2020/08/01 15:15:00,2020/08/01 16:16:00,844,0,844,100,null,2020/08/26 16:47:50,2020/08/26 16:46:38
8120,2019/09/07 15:15:00,2019/09/07 16:16:00,844,0,844,100,null,2020/08/26 16:52:50,2020/08/26 16:50:40
8121,2020/08/26 03:00:00,2020/08/26 17:52:00,100,100,0,0,-,2020/08/26 17:49:30,
8122,2020/08/26 22:00:00,2020/08/26 23:53:00,1000,0,1000,100,null,2020/08/26 17:54:10,2020/08/26 17:53:58
8123,2020/08/01 09:00:00,2020/08/26 18:07:00,60,60,0,0,-,2020/08/26 18:09:30,
8124,2020/08/26 18:44:00,2020/08/26 19:34:00,315,0,315,100,-,2020/08/26 20:39:50,
8125,2020/08/26 10:07:00,2020/08/26 20:55:00,64,64,0,0,-,2020/08/26 20:59:30,
8126,2020/08/26 20:04:00,2020/08/26 21:27:00,64,64,0,0,-,2020/08/26 21:30:10,
8127,2020/08/26 20:04:00,2020/08/26 21:28:00,402,402,0,0,-,2020/08/26 21:30:10,
8128,2020/08/26 21:54:00,2020/08/26 22:04:00,35,35,0,0,-,2020/08/26 22:06:10,
8129,2020/08/26 22:38:00,2020/08/26 22:48:00,2472,2472,0,0,-,2020/08/26 22:51:10,
8130,2020/08/27 00:02:00,2020/08/27 00:40:00,22,22,0,0,null,2020/08/27 00:44:30,2020/08/27 00:43:16
8131,2020/08/27 03:17:00,2020/08/27 03:20:00,4189,4189,0,0,-,2020/08/27 03:27:31,
8132,2020/08/26 13:39:00,2020/08/26 16:25:00,533,0,533,100,-,2020/08/27 04:05:11,
8133,2020/08/27 04:22:00,2020/08/27 04:40:00,219,219,0,0,-,2020/08/27 04:43:11,
8134,2020/08/27 04:45:00,2020/08/27 04:48:00,557,557,0,0,-,2020/08/27 05:03:51,
8135,2020/08/27 05:07:00,2020/08/27 05:14:00,3403,3403,0,0,-,2020/08/27 05:19:31,
8136,2020/08/27 05:19:00,2020/08/27 05:30:00,1000,1000,0,0,-,2020/08/27 05:33:11,
8137,2020/08/27 05:08:00,2020/08/27 05:26:00,98,98,0,0,-,2020/08/27 05:33:11,
8138,2020/08/27 05:19:00,2020/08/27 05:32:00,87,87,0,0,-,2020/08/27 05:38:11,
8139,2020/08/27 05:19:00,2020/08/27 05:34:00,384,384,0,0,-,2020/08/27 05:38:11,
8140,2020/08/27 05:20:00,2020/08/27 05:39:00,771,771,0,0,null,2020/08/27 05:43:31,2020/08/27 05:42:50
8141,2020/08/27 04:50:00,2020/08/27 08:00:00,489,0,489,100,-,2020/08/27 05:48:31,
8142,2020/08/27 04:50:00,2020/08/27 05:53:00,489,489,0,0,-,2020/08/27 05:55:32,
8143,2020/08/27 05:49:00,2020/08/27 05:57:00,640,640,0,0,null,2020/08/27 06:00:51,2020/08/27 06:00:18
8144,2020/08/27 06:00:00,2020/08/27 06:06:00,120,120,0,0,-,2020/08/27 06:09:31,
8145,2020/08/27 06:19:00,2020/08/27 06:30:00,187,187,0,0,null,2020/08/27 06:33:31,2020/08/27 06:32:31
8146,2020/08/27 06:22:00,2020/08/27 06:30:00,1,1,0,0,-,2020/08/27 06:38:51,
8147,2020/08/27 06:22:00,2020/08/27 06:43:00,320,0,320,100,null,2020/08/27 07:08:11,2020/08/27 07:06:52
8148,2020/08/27 06:22:00,2020/08/27 06:43:00,430,0,430,100,null,2020/08/27 07:41:12,2020/08/27 07:40:38
8149,2020/08/27 06:19:00,2020/08/27 09:07:00,187,187,0,0,-,2020/08/27 09:09:51,
8150,2020/08/27 06:19:00,2020/08/27 08:53:00,187,2,185,98.93,-,2020/08/27 09:16:11,
8151,2020/08/27 00:02:00,2020/08/27 02:50:00,22,0,22,100,null,2020/08/27 09:28:51,2020/08/27 09:28:15
8152,2020/08/27 05:18:00,2020/08/27 11:21:00,212,212,0,0,-,2020/08/27 11:25:31,
8153,2020/08/26 22:38:00,2020/08/26 23:34:00,2750,986,1764,64.15,null,2020/08/27 14:54:11,2020/08/27 14:53:40
8154,2020/08/27 06:22:00,2020/08/27 07:08:00,444,0,444,100,-,2020/08/27 15:00:51,
8155,2020/08/27 05:07:00,2020/08/27 15:18:00,1168,212,956,81.85,-,2020/08/27 15:20:31,
8156,2020/09/01 09:09:00,2020/09/01 09:44:00,1,1,0,0,-,2020/09/01 09:49:18,
8157,2020/09/01 08:05:00,2020/09/01 09:59:00,1,1,0,0,-,2020/09/01 10:00:38,
8158,2020/09/01 08:00:00,2020/09/01 10:25:00,1,1,0,0,-,2020/09/01 10:26:18,
8159,2020/09/01 10:02:00,2020/09/01 10:41:00,1,1,0,0,-,2020/09/01 10:43:18,
8160,2020/09/01 04:00:00,2020/09/01 17:02:00,100,100,0,0,-,2020/09/01 17:02:39,
8161,2020/09/02 09:43:00,2020/09/02 09:59:00,164,164,0,0,-,2020/09/02 10:02:20,
8162,2020/09/02 11:18:00,2020/09/02 11:35:00,899,899,0,0,-,2020/09/02 11:42:20,
8163,2020/09/02 12:16:00,2020/09/02 13:31:00,960,960,0,0,-,2020/09/02 13:34:20,
8164,2020/09/02 15:11:00,2020/09/02 15:32:00,661,661,0,0,-,2020/09/02 15:34:20,
8165,2020/09/02 15:51:00,2020/09/02 16:03:00,181,181,0,0,-,2020/09/02 16:05:40,
8166,2020/09/02 15:18:00,2020/09/02 16:05:00,264,264,0,0,-,2020/09/02 16:12:00,
8167,2020/09/02 16:26:00,2020/09/02 16:34:00,60,60,0,0,-,2020/09/02 16:40:00,
8168,2020/09/02 09:43:00,2020/09/02 16:38:00,328,328,0,0,-,2020/09/02 16:47:20,
8169,2020/09/02 15:42:00,2020/09/02 16:50:00,164,164,0,0,-,2020/09/02 16:55:00,
8170,2020/09/02 12:16:00,2020/09/02 14:14:00,960,0,960,100,-,2020/09/02 16:55:00,
8171,2020/09/02 12:16:00,2020/09/02 14:14:00,960,0,960,100,null,2020/09/02 17:02:20,2020/09/02 16:57:47
8172,2020/09/02 16:49:00,2020/09/02 16:56:00,601,601,0,0,-,2020/09/02 17:02:20,
8173,2020/09/02 15:51:00,2020/09/02 16:51:00,181,181,0,0,-,2020/09/02 17:02:20,
8174,2020/09/02 16:45:00,2020/09/02 16:58:00,11,11,0,0,-,2020/09/02 17:02:20,
8175,2020/09/02 16:50:00,2020/09/02 16:59:00,327,327,0,0,-,2020/09/02 17:02:20,
8176,2020/09/02 16:57:00,2020/09/02 17:03:00,371,371,0,0,-,2020/09/02 17:09:40,
8177,2020/09/02 17:02:00,2020/09/02 17:07:00,288,288,0,0,-,2020/09/02 17:09:40,
8178,2020/09/02 17:08:00,2020/09/02 17:12:00,293,293,0,0,-,2020/09/02 17:17:20,
8179,2020/09/02 17:08:00,2020/09/02 17:16:00,298,298,0,0,-,2020/09/02 17:24:40,
8180,2020/09/02 17:13:00,2020/09/02 17:24:00,591,591,0,0,-,2020/09/02 17:32:20,
8181,2020/09/02 17:26:00,2020/09/02 17:30:00,1001,1001,0,0,-,2020/09/02 17:32:20,
8182,2020/09/02 17:11:00,2020/09/02 17:30:00,151,151,0,0,-,2020/09/02 17:40:20,
8183,2020/09/02 09:43:00,2020/09/02 17:37:00,164,0,164,100,null,2020/09/02 17:40:20,2020/09/02 17:37:18
8184,2020/09/02 17:29:00,2020/09/02 17:35:00,240,240,0,0,-,2020/09/02 17:48:40,
8185,2020/09/02 17:46:00,2020/09/02 17:50:00,957,957,0,0,-,2020/09/02 17:57:20,
8186,2020/09/02 17:51:00,2020/09/02 17:54:00,277,277,0,0,-,2020/09/02 18:06:00,
8187,2020/09/02 17:55:00,2020/09/02 17:59:00,175,175,0,0,-,2020/09/02 18:06:00,
8188,2020/09/02 18:02:00,2020/09/02 18:14:00,300,300,0,0,-,2020/09/02 18:15:20,
8189,2020/09/02 18:09:00,2020/09/02 18:13:00,20,20,0,0,-,2020/09/02 18:21:40,
8190,2020/09/02 18:11:00,2020/09/02 18:24:00,290,290,0,0,-,2020/09/02 18:28:00,
8191,2020/09/02 18:03:00,2020/09/02 18:28:00,441,441,0,0,-,2020/09/02 18:34:20,
8192,2020/09/02 18:15:00,2020/09/02 18:28:00,276,276,0,0,-,2020/09/02 18:34:20,
8193,2020/09/02 18:18:00,2020/09/02 18:31:00,972,972,0,0,-,2020/09/02 18:34:20,
8194,2020/09/02 18:04:00,2020/09/02 18:32:00,76,76,0,0,-,2020/09/02 18:34:20,
8195,2020/09/02 18:37:00,2020/09/02 18:39:00,57,57,0,0,-,2020/09/02 18:44:00,
8196,2020/09/02 18:50:00,2020/09/02 18:55:00,418,418,0,0,-,2020/09/02 18:59:40,
8197,2020/09/02 18:52:00,2020/09/02 19:01:00,351,351,0,0,-,2020/09/02 19:06:00,
8198,2020/09/01 18:49:00,2020/09/02 19:08:00,682,682,0,0,-,2020/09/02 19:15:40,
8199,2020/09/02 19:03:00,2020/09/02 19:13:00,332,332,0,0,-,2020/09/02 19:15:40,
8200,2020/09/02 19:01:00,2020/09/02 19:15:00,2296,2296,0,0,-,2020/09/02 19:22:00,
8201,2020/09/02 19:04:00,2020/09/02 19:17:00,21,21,0,0,-,2020/09/02 19:22:00,
8202,2020/09/02 19:05:00,2020/09/02 19:17:00,75,75,0,0,-,2020/09/02 19:22:00,
8203,2020/09/02 19:15:00,2020/09/02 19:19:00,329,329,0,0,-,2020/09/02 19:22:00,
8204,2020/09/02 19:20:00,2020/09/02 19:24:00,3,3,0,0,-,2020/09/02 19:28:20,
8205,2020/09/02 19:30:00,2020/09/02 19:37:00,131,131,0,0,-,2020/09/02 19:41:00,
8206,2020/09/02 19:30:00,2020/09/02 19:39:00,2,2,0,0,-,2020/09/02 19:47:20,
8207,2020/09/02 19:37:00,2020/09/02 19:44:00,3460,3460,0,0,-,2020/09/02 19:47:20,
8208,2020/09/02 19:44:00,2020/09/02 19:46:00,157,157,0,0,-,2020/09/02 19:53:40,
8209,2020/09/02 19:16:00,2020/09/02 19:44:00,650,650,0,0,null,2020/09/02 20:00:01,2020/09/02 19:56:19
8210,2020/09/02 19:55:00,2020/09/02 20:04:00,288,288,0,0,-,2020/09/02 20:06:21,
8211,2020/09/02 19:58:00,2020/09/02 20:05:00,1009,1009,0,0,-,2020/09/02 20:06:21,
8212,2020/09/02 19:48:00,2020/09/02 20:06:00,387,387,0,0,-,2020/09/02 20:12:41,
8213,2020/09/02 20:01:00,2020/09/02 20:08:00,156,156,0,0,-,2020/09/02 20:12:41,
8214,2020/09/02 20:10:00,2020/09/02 20:20:00,3,3,0,0,-,2020/09/02 20:22:21,
8215,2020/09/02 19:20:00,2020/09/02 20:21:00,225,225,0,0,-,2020/09/02 20:28:41,
8216,2020/09/02 08:25:00,2020/09/02 20:27:00,39,39,0,0,-,2020/09/02 20:28:41,
8217,2020/09/02 19:57:00,2020/09/02 20:28:00,1637,1637,0,0,-,2020/09/02 20:35:01,
8218,2020/09/02 20:16:00,2020/09/02 20:31:00,671,671,0,0,-,2020/09/02 20:35:01,
8219,2020/09/02 20:17:00,2020/09/02 20:33:00,558,558,0,0,-,2020/09/02 20:35:01,
8220,2020/09/02 20:24:00,2020/09/02 20:35:00,77,77,0,0,-,2020/09/02 20:41:21,
8221,2020/09/02 19:23:00,2020/09/02 20:36:00,225,225,0,0,-,2020/09/02 20:41:21,
8222,2020/09/02 20:33:00,2020/09/02 20:38:00,154,154,0,0,-,2020/09/02 20:41:21,
8223,2020/09/02 20:37:00,2020/09/02 20:47:00,547,547,0,0,-,2020/09/02 20:53:41,
8224,2020/09/02 20:45:00,2020/09/02 20:56:00,321,321,0,0,-,2020/09/02 21:00:02,
8225,2020/09/02 20:47:00,2020/09/02 21:15:00,4536,4536,0,0,-,2020/09/02 21:18:01,
8226,2020/09/02 20:43:00,2020/09/02 21:18:00,43,43,0,0,-,2020/09/02 21:24:21,
8227,2020/09/02 20:58:00,2020/09/02 21:18:00,1537,1537,0,0,-,2020/09/02 21:24:21,
8228,2020/09/02 21:00:00,2020/09/02 21:21:00,308,308,0,0,-,2020/09/02 21:24:21,
8229,2020/09/02 21:02:00,2020/09/02 21:22:00,663,663,0,0,-,2020/09/02 21:24:21,
8230,2020/09/02 21:28:00,2020/09/02 21:36:00,1201,1201,0,0,-,2020/09/02 21:39:21,
8231,2020/09/02 21:35:00,2020/09/02 21:44:00,39,39,0,0,-,2020/09/02 21:45:41,
8232,2020/09/02 21:36:00,2020/09/02 21:46:00,497,497,0,0,-,2020/09/02 21:51:41,
8233,2020/09/02 21:36:00,2020/09/02 21:48:00,768,768,0,0,-,2020/09/02 21:51:41,
8234,2020/09/02 21:44:00,2020/09/02 21:49:00,308,308,0,0,-,2020/09/02 21:51:41,
8235,2020/09/02 21:46:00,2020/09/03 23:52:00,189,189,0,0,-,2020/09/02 22:13:01,
8236,2020/09/02 22:03:00,2020/09/02 22:18:00,1605,1605,0,0,-,2020/09/02 22:22:21,
8237,2020/09/02 21:50:00,2020/09/02 22:19:00,12,12,0,0,-,2020/09/02 22:28:41,
8238,2020/09/02 22:13:00,2020/09/02 22:20:00,961,961,0,0,-,2020/09/02 22:28:41,
8239,2020/09/02 21:07:00,2020/09/02 22:24:00,11,11,0,0,-,2020/09/02 22:28:41,
8240,2020/09/02 10:02:00,2020/09/02 22:19:00,973,973,0,0,null,2020/09/02 22:28:41,2020/09/02 22:27:38
8241,2020/09/02 21:58:00,2020/09/02 22:00:00,242,113,129,53.31,-,2020/09/02 22:34:41,
8242,2020/09/02 19:30:00,2020/09/02 20:22:00,1,0,1,100,null,2020/09/02 22:41:01,2020/09/02 22:39:22
8243,2020/09/02 21:34:00,2020/09/02 22:45:00,53,53,0,0,-,2020/09/02 22:50:21,
8244,2020/09/02 22:43:00,2020/09/02 22:50:00,50,50,0,0,null,2020/09/02 22:56:21,2020/09/02 22:55:04
8245,2020/09/02 22:44:00,2020/09/02 22:51:00,40,40,0,0,null,2020/09/02 22:56:21,2020/09/02 22:55:16
8246,2020/09/02 21:58:00,2020/09/02 22:51:00,113,113,0,0,-,2020/09/02 22:56:21,
8247,2020/09/02 22:14:00,2020/09/02 22:57:00,5695,5695,0,0,-,2020/09/02 23:02:41,
8248,2020/09/02 22:36:00,2020/09/02 22:58:00,36,36,0,0,-,2020/09/02 23:02:41,
8249,2020/09/02 22:14:00,2020/09/02 22:58:00,10400,10400,0,0,null,2020/09/02 23:02:41,2020/09/02 23:01:02
8250,2020/09/02 22:55:00,2020/09/03 23:01:00,208,208,0,0,-,2020/09/02 23:08:41,
8251,2020/09/02 22:38:00,2020/09/02 23:12:00,154,154,0,0,-,2020/09/02 23:15:01,
8252,2020/09/02 22:54:00,2020/09/02 23:10:00,849,849,0,0,-,2020/09/02 23:21:01,
8253,2020/09/02 23:14:00,2020/09/02 23:22:00,13,13,0,0,-,2020/09/02 23:27:21,
8254,2020/09/02 22:57:00,2020/09/02 23:21:00,1044,1044,0,0,-,2020/09/02 23:27:21,
8255,2020/09/02 23:27:00,2020/09/02 23:33:00,477,477,0,0,-,2020/09/02 23:36:41,
8256,2020/09/02 23:12:00,2020/09/02 23:35:00,22,22,0,0,-,2020/09/02 23:42:41,
8257,2020/09/02 23:20:00,2020/09/02 23:37:00,2913,2913,0,0,-,2020/09/02 23:42:41,
8258,2020/09/02 22:34:00,2020/09/02 23:36:00,295,295,0,0,-,2020/09/02 23:42:41,
8259,2020/09/02 22:41:00,2020/09/02 23:40:00,1361,1361,0,0,-,2020/09/02 23:42:41,
8260,2020/09/02 23:34:00,2020/09/03 00:00:00,99,99,0,0,null,2020/09/02 23:42:41,2020/09/02 23:42:13
8261,2020/09/02 22:53:00,2020/09/02 23:42:00,980,980,0,0,-,2020/09/02 23:49:01,
8262,2020/09/02 23:36:00,2020/09/03 23:43:00,2322,2322,0,0,-,2020/09/02 23:49:01,
8263,2020/09/02 23:26:00,2020/09/02 23:47:00,37,12,25,67.57,null,2020/09/02 23:55:01,2020/09/02 23:52:40
8264,2020/09/02 23:39:00,2020/09/03 23:53:00,1184,1184,0,0,-,2020/09/02 23:55:01,
8267,2020/09/02 23:53:00,2020/09/02 23:58:00,190,190,0,0,-,2020/09/03 00:01:21,
8281,2020/09/03 00:11:00,2020/09/03 00:22:00,1347,92,1255,93.17,-,2020/09/03 00:32:41,
8282,2020/09/03 00:13:00,2020/09/03 00:24:00,220,220,0,0,-,2020/09/03 00:32:41,
8283,2020/09/03 00:00:00,2020/09/03 00:28:00,93,93,0,0,-,2020/09/03 00:32:41,
8284,2020/09/02 23:24:00,2020/09/03 00:22:00,221,0,221,100,-,2020/09/03 00:32:41,
8285,2020/09/03 00:25:00,2020/09/03 00:30:00,1171,1171,0,0,-,2020/09/03 00:39:01,
8286,2020/09/03 00:30:00,2020/09/03 00:35:00,264,264,0,0,-,2020/09/03 00:39:01,
8287,2020/09/03 00:29:00,2020/09/03 00:39:00,3,3,0,0,-,2020/09/03 00:45:01,
8288,2020/09/03 00:37:00,2020/09/03 00:40:00,1652,1652,0,0,-,2020/09/03 00:45:01,
8289,2020/09/03 00:34:00,2020/09/03 00:40:00,3030,3030,0,0,-,2020/09/03 00:45:01,
8290,2020/09/02 23:53:00,2020/09/03 00:41:00,700,700,0,0,-,2020/09/03 00:45:01,
8291,2020/09/03 00:30:00,2020/09/03 00:34:00,2959,0,2959,100,-,2020/09/03 00:45:01,
8313,2020/09/03 01:05:00,2020/09/03 01:09:00,1287,1287,0,0,-,2020/09/03 01:16:02,
8314,2020/09/02 23:31:00,2020/09/03 00:52:00,328,0,328,100,-,2020/09/03 01:16:02,
8336,2020/09/03 01:09:00,2020/09/03 01:33:00,160,160,0,0,-,2020/09/03 01:41:01,
8337,2020/09/03 00:50:00,2020/09/03 01:34:00,139,139,0,0,-,2020/09/03 01:41:01,
8338,2020/09/03 01:31:00,2020/09/03 01:34:00,50,50,0,0,-,2020/09/03 01:41:01,
8339,2020/09/03 01:24:00,2020/09/03 01:31:00,744,744,0,0,-,2020/09/03 01:41:01,
8340,2020/09/03 00:25:00,2020/09/03 01:35:00,1855,1855,0,0,-,2020/09/03 01:41:01,
8341,2020/09/03 00:50:00,2020/09/03 01:37:00,545,545,0,0,-,2020/09/03 01:41:01,
8342,2020/09/03 00:32:00,2020/09/03 23:38:00,1,1,0,0,-,2020/09/03 01:41:01,
8343,2020/09/02 23:55:00,2020/09/03 01:38:00,4310,4310,0,0,-,2020/09/03 01:41:01,
8344,2020/09/03 01:28:00,2020/09/03 01:39:00,46,46,0,0,-,2020/09/03 01:41:01,
8345,2020/09/02 22:49:00,2020/09/03 01:40:00,252,252,0,0,-,2020/09/03 01:47:01,
8346,2020/09/03 00:45:00,2020/09/03 01:40:00,225,225,0,0,-,2020/09/03 01:47:01,
8347,2020/09/03 01:34:00,2020/09/03 01:34:00,282,282,0,0,-,2020/09/03 01:47:01,
8348,2020/09/03 01:13:00,2020/09/03 01:41:00,635,635,0,0,-,2020/09/03 01:47:01,
8349,2020/09/03 01:21:00,2020/09/03 01:43:00,480,480,0,0,-,2020/09/03 01:47:01,
8350,2020/09/03 01:35:00,2020/09/03 01:42:00,33,33,0,0,-,2020/09/03 01:47:01,
8351,2020/09/03 01:27:00,2020/09/03 01:43:00,604,604,0,0,-,2020/09/03 01:47:01,
8352,2020/09/03 01:26:00,2020/09/03 01:44:00,477,477,0,0,-,2020/09/03 01:47:01,
8353,2020/09/03 01:34:00,2020/09/03 01:45:00,526,526,0,0,-,2020/09/03 01:47:01,
8354,2020/09/03 01:27:00,2020/09/03 01:45:00,441,441,0,0,-,2020/09/03 01:47:01,
8355,2020/09/03 01:27:00,2020/09/03 01:49:00,1,1,0,0,-,2020/09/03 01:53:23,
8356,2020/09/03 01:30:00,2020/09/03 01:49:00,862,862,0,0,-,2020/09/03 01:53:23,
8357,2020/09/03 01:01:00,2020/09/03 01:46:00,1142,1142,0,0,-,2020/09/03 01:53:23,
8358,2020/09/03 01:30:00,2020/09/03 01:35:00,151,0,151,100,null,2020/09/03 01:59:21,2020/09/03 01:56:41
8359,2020/09/03 01:46:00,2020/09/03 01:46:00,199,199,0,0,-,2020/09/03 01:59:21,
8360,2020/09/03 01:39:00,2020/09/03 01:51:00,271,271,0,0,null,2020/09/03 01:59:21,2020/09/03 01:58:47
8361,2020/09/03 01:43:00,2020/09/03 01:57:00,828,828,0,0,-,2020/09/03 02:05:41,
8362,2020/09/03 01:40:00,2020/09/03 01:57:00,5,5,0,0,-,2020/09/03 02:05:41,
8363,2020/09/03 01:30:00,2020/09/03 02:01:00,5417,5417,0,0,-,2020/09/03 02:05:41,
8364,2020/09/03 01:33:00,2020/09/03 12:00:00,1746,1746,0,0,-,2020/09/03 02:05:41,
8365,2020/09/03 01:32:00,2020/09/03 02:04:00,282,282,0,0,-,2020/09/03 02:11:42,
8366,2020/09/03 01:39:00,2020/09/03 02:06:00,2075,2075,0,0,-,2020/09/03 02:11:42,
8367,2020/09/03 00:06:00,2020/09/03 02:06:00,1316,1316,0,0,-,2020/09/03 02:11:42,
8368,2020/09/03 01:42:00,2020/09/03 02:00:00,30,30,0,0,-,2020/09/03 02:11:42,
8369,2020/09/03 01:50:00,2020/09/03 02:08:00,153,153,0,0,-,2020/09/03 02:11:42,
8370,2020/09/03 01:48:00,2020/09/03 02:10:00,1195,1195,0,0,-,2020/09/03 02:17:41,
8371,2020/09/03 00:43:00,2020/09/03 02:03:00,906,906,0,0,-,2020/09/03 02:17:41,
8372,2020/09/03 01:40:00,2020/09/03 02:15:00,32,32,0,0,-,2020/09/03 02:17:41,
8373,2020/09/03 00:06:00,2020/09/03 02:18:00,1331,1331,0,0,-,2020/09/03 02:24:02,
8374,2020/09/03 00:26:00,2020/09/03 02:20:00,4,4,0,0,-,2020/09/03 02:24:02,
8375,2020/09/03 00:55:00,2020/09/03 02:14:00,2963,2963,0,0,-,2020/09/03 02:24:02,
8376,2020/09/03 01:57:00,2020/09/03 02:21:00,215,215,0,0,-,2020/09/03 02:24:02,
8377,2020/09/03 00:32:00,2020/09/03 02:21:00,428,428,0,0,-,2020/09/03 02:24:02,
8378,2020/09/03 02:16:00,2020/09/03 02:20:00,536,536,0,0,-,2020/09/03 02:30:01,
8379,2020/09/03 00:33:00,2020/09/03 02:24:00,1320,1320,0,0,-,2020/09/03 02:30:01,
8380,2020/09/03 00:16:00,2020/09/03 02:24:00,18,18,0,0,-,2020/09/03 02:30:01,
8381,2020/09/03 01:38:00,2020/09/03 02:10:00,58,58,0,0,-,2020/09/03 02:30:01,
8382,2020/09/03 02:23:00,2020/09/03 02:27:00,397,397,0,0,-,2020/09/03 02:30:01,
8383,2020/09/03 02:22:00,2020/09/03 02:26:00,77,77,0,0,-,2020/09/03 02:30:01,
8384,2020/09/03 02:23:00,2020/09/03 02:28:00,278,278,0,0,-,2020/09/03 02:30:01,
8407,2020/09/03 01:39:00,2020/09/03 02:46:00,700,700,0,0,-,2020/09/03 02:54:41,
8408,2020/09/03 01:20:00,2020/09/03 02:52:00,622,622,0,0,-,2020/09/03 02:54:41,
8409,2020/09/03 01:25:00,2020/09/03 02:54:00,762,762,0,0,-,2020/09/03 03:00:41,
8410,2020/09/03 02:10:00,2020/09/03 02:54:00,515,515,0,0,-,2020/09/03 03:00:41,
8411,2020/09/03 02:10:00,2020/09/03 02:57:00,33,33,0,0,-,2020/09/03 03:00:41,
8412,2020/09/03 02:14:00,2020/09/03 02:59:00,12,12,0,0,-,2020/09/03 03:00:41,
8413,2020/09/03 02:21:00,2020/09/03 03:00:00,109,109,0,0,-,2020/09/03 03:06:41,
8414,2020/09/03 02:20:00,2020/09/03 03:01:00,64,64,0,0,-,2020/09/03 03:06:41,
8415,2020/09/03 02:21:00,2020/09/03 03:02:00,64,64,0,0,-,2020/09/03 03:06:41,
8416,2020/09/03 02:23:00,2020/09/03 03:04:00,7,7,0,0,-,2020/09/03 03:06:41,
8417,2020/09/03 02:28:00,2020/09/03 03:05:00,6,6,0,0,-,2020/09/03 03:06:41,
8418,2020/09/03 02:12:00,2020/09/03 02:13:00,72,72,0,0,-,2020/09/03 03:06:41,
8431,2020/09/03 03:18:00,2020/09/03 03:25:00,695,695,0,0,-,2020/09/03 03:31:21,
8432,2020/09/03 02:43:00,2020/09/03 03:27:00,12,12,0,0,-,2020/09/03 03:31:21,
8433,2020/09/03 03:09:00,2020/09/03 03:30:00,915,915,0,0,-,2020/09/03 03:37:21,
8434,2020/09/03 03:15:00,2020/09/03 03:29:00,5,5,0,0,-,2020/09/03 03:37:21,
8435,2020/09/03 03:23:00,2020/09/03 03:31:00,15,15,0,0,-,2020/09/03 03:37:21,
8436,2020/09/03 03:30:00,2020/09/03 03:38:00,220,220,0,0,-,2020/09/03 03:43:41,
8437,2020/09/03 02:22:00,2020/09/03 03:28:00,77,0,77,100,-,2020/09/03 03:43:41,
8438,2020/09/03 03:45:00,2020/09/03 03:55:00,4,4,0,0,-,2020/09/03 03:59:02,
8439,2020/09/03 02:36:00,2020/09/03 03:32:00,423,0,423,100,-,2020/09/03 03:59:02,
8440,2020/09/03 02:38:00,2020/09/03 03:55:00,350,350,0,0,-,2020/09/03 03:59:02,
8441,2020/09/03 02:33:00,2020/09/03 04:00:00,767,767,0,0,-,2020/09/03 04:05:02,
8446,2020/09/03 01:48:00,2020/09/03 04:17:00,176,176,0,0,-,2020/09/03 04:23:21,
8447,2020/09/03 04:14:00,2020/09/03 04:27:00,554,554,0,0,-,2020/09/03 04:29:42,
8448,2020/09/03 01:39:00,2020/09/03 04:27:00,19,19,0,0,-,2020/09/03 04:29:42,
8477,2020/09/03 03:15:00,2020/09/03 04:54:00,0,0,0,0,-,2020/09/03 05:01:02,
8479,2020/09/03 02:52:00,2020/09/03 04:54:00,544,544,0,0,-,2020/09/03 05:01:02,
8480,2020/09/03 03:15:00,2020/09/03 04:54:00,0,0,0,0,-,2020/09/03 05:01:02,
8481,2020/09/03 02:54:00,2020/09/03 04:55:00,905,905,0,0,-,2020/09/03 05:01:02,
8482,2020/09/03 02:54:00,2020/09/03 04:56:00,473,473,0,0,-,2020/09/03 05:01:02,
8483,2020/09/03 03:15:00,2020/09/03 04:57:00,0,0,0,0,-,2020/09/03 05:01:02,
8484,2020/09/03 03:10:00,2020/09/03 04:56:00,697,697,0,0,-,2020/09/03 05:01:02,
8485,2020/09/03 02:57:00,2020/09/03 04:57:00,33,33,0,0,-,2020/09/03 05:01:02,
8486,2020/09/03 03:15:00,2020/09/03 04:57:00,0,0,0,0,-,2020/09/03 05:01:02,
8488,2020/09/03 03:12:00,2020/09/03 04:57:00,903,903,0,0,-,2020/09/03 05:01:02,
8489,2020/09/03 03:15:00,2020/09/03 04:58:00,0,0,0,0,-,2020/09/03 05:01:02,
8490,2020/09/03 02:59:00,2020/09/03 04:58:00,898,898,0,0,-,2020/09/03 05:01:02,
8491,2020/09/03 03:15:00,2020/09/03 04:59:00,738,738,0,0,-,2020/09/03 05:01:02,
8511,2020/09/03 04:23:00,2020/09/03 05:51:00,354,354,0,0,-,2020/09/03 05:20:22,
8512,2020/09/03 04:23:00,2020/09/03 06:14:00,354,354,0,0,-,2020/09/03 05:20:22,
8513,2020/09/03 03:24:00,2020/09/03 05:02:00,580,580,0,0,-,2020/09/03 05:20:22,
8514,2020/09/03 04:24:00,2020/09/03 05:23:00,569,569,0,0,-,2020/09/03 05:26:42,
8515,2020/09/03 03:00:00,2020/09/03 05:23:00,124,124,0,0,-,2020/09/03 05:33:22,
8516,2020/09/03 05:07:00,2020/09/03 05:32:00,62,62,0,0,-,2020/09/03 05:39:42,
8517,2020/09/03 05:29:00,2020/09/03 05:29:00,234,234,0,0,-,2020/09/03 05:39:42,
8563,2020/09/03 02:48:00,2020/09/03 06:33:00,75,75,0,0,-,2020/09/03 06:40:42,
8564,2020/09/03 02:51:00,2020/09/03 06:36:00,103,103,0,0,-,2020/09/03 06:40:42,
8565,2020/09/03 02:22:00,2020/09/03 06:36:00,7,7,0,0,-,2020/09/03 06:40:42,
8566,2020/09/03 02:26:00,2020/09/03 06:37:00,26,26,0,0,-,2020/09/03 06:40:42,
8567,2020/09/03 02:53:00,2020/09/03 06:38:00,158,158,0,0,-,2020/09/03 06:40:42,
8568,2020/09/03 02:29:00,2020/09/03 06:38:00,33,33,0,0,-,2020/09/03 06:40:42,
8569,2020/09/03 02:58:00,2020/09/03 06:38:00,59,59,0,0,-,2020/09/03 06:40:42,
8570,2020/09/03 02:21:00,2020/09/03 06:39:00,286,286,0,0,-,2020/09/03 06:40:42,
8571,2020/09/03 02:30:00,2020/09/03 06:39:00,148,148,0,0,-,2020/09/03 06:40:42,
8572,2020/09/03 03:07:00,2020/09/03 06:39:00,47,47,0,0,-,2020/09/03 06:47:22,
8573,2020/09/03 03:09:00,2020/09/03 06:40:00,641,641,0,0,-,2020/09/03 06:47:22,
8574,2020/09/03 02:41:00,2020/09/03 06:44:00,597,49,548,91.79,null,2020/09/03 06:47:22,2020/09/03 06:44:10
8575,2020/09/03 03:17:00,2020/09/03 06:41:00,340,340,0,0,-,2020/09/03 06:47:22,
8576,2020/09/03 03:20:00,2020/09/03 06:42:00,75,75,0,0,-,2020/09/03 06:47:22,
8577,2020/09/03 03:08:00,2020/09/03 06:44:00,27,3,24,88.89,null,2020/09/03 06:47:22,2020/09/03 06:44:15
8578,2020/09/03 01:16:00,2020/09/03 05:40:00,3276,0,3276,100,-,2020/09/03 06:47:22,
8579,2020/09/03 03:40:00,2020/09/03 06:43:00,1,1,0,0,-,2020/09/03 06:47:22,
8580,2020/09/03 03:31:00,2020/09/03 06:43:00,1356,1356,0,0,-,2020/09/03 06:47:22,
8581,2020/09/03 06:17:00,2020/09/03 06:28:00,7,0,7,100,-,2020/09/03 06:47:22,
8590,2020/09/03 01:20:00,2020/09/03 03:26:00,702,0,702,100,-,2020/09/03 07:06:41,
8591,2020/09/03 06:17:00,2020/09/03 06:28:00,5,0,5,100,-,2020/09/03 07:06:41,
8592,2020/09/03 05:04:00,2020/09/03 05:57:00,710,0,710,100,-,2020/09/03 07:06:41,
8593,2020/09/03 07:02:00,2020/09/03 07:02:00,12,12,0,0,-,2020/09/03 07:06:41,
8594,2020/09/03 03:03:00,2020/09/03 04:58:00,383,0,383,100,-,2020/09/03 07:06:41,
8595,2020/09/03 06:06:00,2020/09/03 07:04:00,20,20,0,0,-,2020/09/03 07:06:41,
8596,2020/09/03 06:18:00,2020/09/03 07:03:00,600,600,0,0,-,2020/09/03 07:06:41,
8597,2020/09/03 06:43:00,2020/09/03 07:04:00,466,466,0,0,-,2020/09/03 07:06:41,
8631,2020/09/03 03:06:00,2020/09/03 07:38:00,28,28,0,0,-,2020/09/03 07:46:21,
8632,2020/09/03 03:34:00,2020/09/03 07:40:00,3057,3057,0,0,-,2020/09/03 07:46:21,
8633,2020/09/03 02:03:00,2020/09/03 07:30:00,161,101,60,37.27,null,2020/09/03 07:46:21,2020/09/03 07:45:11
8634,2020/09/03 01:51:00,2020/09/03 07:44:00,263,108,155,58.94,null,2020/09/03 07:46:21,2020/09/03 07:44:58
8635,2020/09/03 03:38:00,2020/09/03 07:40:00,2396,2396,0,0,-,2020/09/03 07:46:21,
8636,2020/09/03 02:07:00,2020/09/03 07:44:00,10,0,10,100,null,2020/09/03 07:46:21,2020/09/03 07:44:24
8637,2020/09/03 02:15:00,2020/09/03 07:44:00,373,93,280,75.07,null,2020/09/03 07:46:21,2020/09/03 07:44:33
8638,2020/09/03 02:57:00,2020/09/03 07:42:00,2908,2908,0,0,-,2020/09/03 07:46:21,
8639,2020/09/03 02:19:00,2020/09/03 07:44:00,1,0,1,100,null,2020/09/03 07:46:21,2020/09/03 07:44:41
8678,2020/09/03 01:01:00,2020/09/03 08:35:00,1824,0,1824,100,null,2020/09/03 08:41:01,2020/09/03 08:35:35
8679,2020/09/03 02:38:00,2020/09/03 08:15:00,1,0,1,100,null,2020/09/03 08:41:01,2020/09/03 08:36:36
8680,2020/09/03 07:45:00,2020/09/03 07:45:00,1275,1275,0,0,-,2020/09/03 08:47:41,
8681,2020/09/03 02:16:00,2020/09/03 07:34:00,2167,0,2167,100,-,2020/09/03 08:47:41,
8682,2020/09/03 08:26:00,2020/09/03 08:36:00,218,218,0,0,-,2020/09/03 08:47:41,
8683,2020/09/03 01:28:00,2020/09/03 08:44:00,833,833,0,0,-,2020/09/03 08:47:41,
8699,2020/09/03 07:45:00,2020/09/03 07:45:00,500,0,500,100,-,2020/09/03 09:15:21,
8700,2020/09/03 05:01:00,2020/09/03 08:58:00,166,69,97,58.43,null,2020/09/03 09:15:21,2020/09/03 09:12:06
8701,2020/09/03 01:23:00,2020/09/03 03:26:00,702,0,702,100,-,2020/09/03 09:15:21,
8702,2020/09/03 08:15:00,2020/09/03 09:01:00,485,485,0,0,-,2020/09/03 09:15:21,
8703,2020/09/03 05:01:00,2020/09/03 07:07:00,166,97,69,41.57,null,2020/09/03 09:15:21,2020/09/03 09:14:32
8704,2020/09/03 08:32:00,2020/09/03 09:11:00,980,980,0,0,-,2020/09/03 09:15:21,
8705,2020/09/03 01:13:00,2020/09/03 09:13:00,4767,4767,0,0,-,2020/09/03 09:15:21,
8738,2020/09/03 10:20:00,2020/09/03 11:05:00,3180,3180,0,0,null,2020/09/03 11:21:22,2020/09/03 11:20:14
8739,2020/09/03 07:00:00,2020/09/03 11:31:00,3,3,0,0,-,2020/09/03 11:36:02,
8740,2020/09/03 11:02:00,2020/09/03 11:37:00,136,136,0,0,-,2020/09/03 11:44:42,
8741,2020/09/03 11:16:00,2020/09/03 11:38:00,94,94,0,0,-,2020/09/03 11:44:42,
8742,2020/09/03 00:46:00,2020/09/03 11:52:00,60,60,0,0,-,2020/09/03 11:53:22,
8743,2020/09/03 01:20:00,2020/09/03 01:30:00,209,0,209,100,-,2020/09/03 12:02:22,
8744,2020/09/03 02:00:00,2020/09/03 11:54:00,10,10,0,0,-,2020/09/03 12:02:22,
8745,2020/09/03 02:16:00,2020/09/03 03:42:00,2167,2167,0,0,-,2020/09/03 12:02:22,
8746,2020/09/03 01:22:00,2020/09/03 01:28:00,1486,1486,0,0,-,2020/09/03 12:02:22,
8747,2020/09/03 11:40:00,2020/09/03 11:56:00,1204,1204,0,0,-,2020/09/03 12:02:22,
8748,2020/09/03 05:04:00,2020/09/03 05:57:00,698,0,698,100,-,2020/09/03 13:20:42,
8749,2020/09/03 07:18:00,2020/09/03 10:31:00,260,0,260,100,-,2020/09/03 13:34:42,
8750,2020/09/03 06:13:00,2020/09/03 07:35:00,209,0,209,100,-,2020/09/03 13:43:22,
8751,2020/09/03 02:00:00,2020/09/03 14:24:00,11,0,11,100,null,2020/09/03 15:01:22,2020/09/03 15:00:15
8752,2020/09/03 07:00:00,2020/09/03 14:17:00,20,0,20,100,null,2020/09/03 15:10:02,2020/09/03 15:03:37
8753,2020/09/03 13:00:00,2020/09/03 15:06:00,40,40,0,0,-,2020/09/03 15:10:02,
8754,2020/09/03 04:00:00,2020/09/03 15:09:00,853,853,0,0,-,2020/09/03 15:18:42,
8755,2020/09/02 23:31:00,2020/09/03 15:22:00,328,328,0,0,-,2020/09/03 15:36:02,
8756,2020/09/03 03:20:00,2020/09/03 12:07:00,1694,0,1694,100,-,2020/09/03 15:47:42,
8757,2020/09/03 03:20:00,2020/09/03 12:07:00,1694,0,1694,100,null,2020/09/03 15:56:22,2020/09/03 15:49:19
8758,2020/09/03 03:20:00,2020/09/03 12:07:00,1694,0,1694,100,null,2020/09/03 15:56:22,2020/09/03 15:52:23
8759,2020/09/03 02:00:00,2020/09/03 16:28:00,638,638,0,0,-,2020/09/03 16:31:22,
8760,2020/09/03 02:00:00,2020/09/03 16:30:00,673,673,0,0,-,2020/09/03 16:31:22,
8761,2020/09/03 02:00:00,2020/09/03 16:38:00,227,0,227,100,null,2020/09/03 16:40:02,2020/09/03 16:38:57
8762,2020/09/03 02:03:00,2020/09/03 16:38:00,1667,0,1667,100,null,2020/09/03 16:40:02,2020/09/03 16:38:49
8763,2020/09/03 02:02:00,2020/09/03 16:38:00,236,0,236,100,null,2020/09/03 16:40:02,2020/09/03 16:38:39
8764,2020/09/03 02:05:00,2020/09/03 16:38:00,457,0,457,100,null,2020/09/03 16:40:02,2020/09/03 16:38:30
8765,2020/09/03 02:05:00,2020/09/03 16:38:00,434,0,434,100,null,2020/09/03 16:40:02,2020/09/03 16:38:22
8766,2020/09/03 02:05:00,2020/09/03 16:37:00,846,0,846,100,null,2020/09/03 16:40:02,2020/09/03 16:38:14
8767,2020/09/03 02:00:00,2020/09/03 16:37:00,1248,0,1248,100,null,2020/09/03 16:40:02,2020/09/03 16:37:37
8768,2020/09/03 01:16:00,2020/09/03 17:21:00,1163,0,1163,100,null,2020/09/03 17:24:02,2020/09/03 17:22:03
8769,2020/09/03 01:00:00,2020/09/03 17:22:00,1142,0,1142,100,-,2020/09/03 17:33:02,
8770,2020/09/03 11:22:00,2020/09/03 17:34:00,36,0,36,100,-,2020/09/03 17:41:42,
8772,2020/09/03 02:08:00,2020/09/03 17:46:00,7,7,0,0,-,2020/09/03 17:50:22,
13271,2024/03/14 14:10:00,2024/03/14 14:35:00,3200,1600,1600,50.0,33512,2024/03/14 15:00:52,
13272,2024/04/04 17:00:00,2024/04/04 17:22:00,110,110,0,0.0,04534,2024/04/04 17:23:46,
13273,2024/04/04 17:00:00,2024/04/04 18:36:00,100,50,50,50.0,04534,2024/04/04 18:38:46,
13274,2024/04/04 16:00:00,2024/04/04 18:39:00,1600,800,800,50.0,03117,2024/04/04 18:44:46,
13280,2024/04/15 14:00:00,2024/05/09 17:05:00,3200,3200,0,0.0,04534,2024/04/15 17:08:03,
13284,2024/04/18 16:00:00,2024/04/18 15:52:00,3200,3200,0,0.0,21329,2024/04/18 15:57:48,
13285,2024/04/19 14:19:00,2024/04/19 14:19:00,3200,3200,0,0.0,04540,2024/04/19 14:23:50,
13286,2024/04/22 10:20:00,2024/04/22 10:19:00,3200,3200,0,0.0,01695,2024/04/22 10:20:54,
13287,2024/04/22 10:40:00,2024/04/22 10:40:00,3200,3200,0,0.0,03328,2024/04/22 10:43:54,
13288,2024/04/22 11:00:00,2024/04/22 11:08:00,3200,3200,0,0.0,11785,2024/04/22 11:10:55,
13330,2024/04/23 17:00:00,2024/04/23 11:23:00,3200,3200,0,0.0,21917,2024/04/23 11:25:36,
13332,2024/04/23 17:00:00,2024/04/23 19:00:00,3200,0,3200,100.0,21917,2024/04/23 13:21:37,
13378,2024/04/23 16:00:00,2024/04/23 16:16:00,3200,1600,1600,50.0,14520,2024/04/23 16:17:36,
13379,2024/04/24 09:00:00,2024/04/24 09:02:00,1000,920,80,8.0,23027,2024/04/24 09:04:37,
13380,2024/04/24 06:00:00,2024/04/24 09:12:00,1,1,0,0,23027,2024/04/24 09:13:37,2024/04/24 09:13:25
13381,2024/04/24 11:02:00,2024/04/24 11:02:00,3200,3200,0,0.0,03328,2024/04/24 11:04:37,
13385,2024/04/24 11:00:00,2024/04/24 11:21:00,1000,1000,0,0.0,11900,2024/04/24 11:23:37,
13386,2024/04/24 11:25:00,2024/04/24 11:35:00,3200,3200,0,0.0,04102,2024/04/24 11:34:37,
13387,2024/04/24 11:37:00,2024/04/24 11:42:00,3200,1600,1600,50.0,04102,2024/04/24 11:44:37,
13390,2024/04/24 11:00:00,2024/04/24 13:27:00,300,300,0,0.0,12572,2024/04/24 13:28:37,
13391,2024/04/24 10:27:00,2024/04/24 14:02:00,3200,3200,0,0.0,04705,2024/04/24 14:04:38,
13394,2024/04/24 05:00:00,2024/04/24 16:31:00,3200,3200,0,0.0,06261,2024/04/24 16:40:38,
13397,2024/04/25 14:26:00,2024/04/25 14:26:00,3200,3200,0,0.0,50148,2024/04/25 14:28:40,
13444,2024/04/25 05:04:00,2024/04/25 15:41:00,100,100,0,0.0,47741,2024/04/25 15:44:00,
13453,2024/04/25 16:12:00,2024/04/25 16:12:00,3200,3200,0,0.0,04075,2024/04/25 16:13:40,
13466,2024/04/26 09:00:00,2024/04/26 14:08:00,110,110,0,0.0,27011,2024/04/26 14:10:42,
13467,2024/04/26 12:39:00,2024/04/26 13:53:00,37,37,0,0.0,27194,2024/04/26 14:10:42,
13469,2024/04/26 14:10:00,2024/04/26 14:12:00,3200,3200,0,0.0,05698,2024/04/26 14:13:41,
13519,2024/04/29 10:30:00,2024/04/29 10:30:00,3200,3200,0,0.0,26132,2024/04/29 10:36:45,
13520,2024/04/29 11:00:00,2024/04/29 10:51:00,3200,1600,1600,50.0,24636,2024/04/29 10:52:45,
13521,2024/04/29 10:30:00,2024/04/29 10:52:00,1000,0,1000,100,26228,2024/04/29 10:52:45,2024/04/29 10:52:30
13612,2024/04/29 15:50:00,2024/04/29 15:50:00,3200,3200,0,0.0,03328,2024/04/29 15:51:46,
13613,2024/04/29 05:00:00,2024/04/29 16:20:00,3200,3200,0,0.0,54419,2024/04/29 16:32:46,
13614,2024/04/30 14:24:00,2024/04/30 10:45:00,3200,3200,0,0.0,16455,2024/04/30 10:47:27,
13615,2024/04/30 14:15:00,2024/04/30 10:44:00,3200,3200,0,0.0,13533,2024/04/30 10:47:27,
13616,2024/04/30 14:20:00,2024/04/30 10:44:00,3200,3200,0,0.0,15820,2024/04/30 10:47:27,
13617,2024/04/30 14:23:00,2024/04/30 10:46:00,3200,3200,0,0.0,16977,2024/04/30 10:50:27,
13618,2024/04/30 15:00:00,2024/04/30 10:45:00,3200,3200,0,0.0,18624,2024/04/30 10:50:27,
13619,2024/04/30 14:00:00,2024/04/30 10:45:00,3200,3200,0,0.0,15874,2024/04/30 10:50:27,
13620,2024/04/30 14:30:00,2024/04/30 10:47:00,3200,3200,0,0.0,14340,2024/04/30 10:50:27,
13621,2024/04/30 14:25:00,2024/04/30 10:47:00,3200,3200,0,0.0,15358,2024/04/30 10:50:27,
13624,2024/04/30 14:06:00,2024/04/30 14:31:00,3200,1600,1600,50.0,14103,2024/04/30 11:04:27,
13625,2024/04/30 14:00:00,2024/04/30 11:08:00,3200,0,3200,100.0,15358,2024/04/30 11:09:27,
13626,2024/04/30 14:00:00,2024/04/30 11:06:00,3200,1600,1600,50.0,14103,2024/04/30 11:09:27,
13627,2024/04/30 14:00:00,2024/04/30 15:15:00,3200,1600,1600,50.0,15358,2024/04/30 11:12:27,
13644,2024/04/30 14:00:00,2024/04/30 15:01:00,3200,3200,0,0.0,04705,2024/04/30 15:04:27,
13645,2024/04/30 15:29:00,2024/04/30 15:29:00,3200,3200,0,0.0,02873,2024/04/30 15:31:48,
13646,2024/04/30 15:40:00,2024/04/30 15:45:00,3200,3200,0,0.0,61046,2024/04/30 15:48:27,
13647,2024/04/30 16:10:00,2024/04/30 16:08:00,3200,3200,0,0.0,61046,2024/04/30 16:11:47,
13648,2024/04/30 16:20:00,2024/04/30 16:21:00,3200,3200,0,0.0,04075,2024/04/30 16:23:27,
13650,2024/05/01 09:00:00,2024/05/01 18:50:00,3200,3200,0,0.0,54058,2024/05/01 18:53:09,
13651,2024/05/01 01:00:00,2024/05/01 19:03:00,3200,3200,0,0.0,54058,2024/05/01 19:04:50,
13670,2024/05/02 10:31:00,2024/05/02 10:30:00,3200,3200,0,0.0,04969,2024/05/02 10:33:50,
13671,2024/05/02 10:30:00,2024/05/02 10:39:00,3200,3200,0,0.0,14483,2024/05/02 10:40:50,
13681,2024/05/02 14:45:00,2024/05/02 14:46:00,3200,3200,0,0.0,05698,2024/05/02 14:48:32,
13682,2024/05/02 14:46:00,2024/05/02 14:46:00,3200,0,3200,100.0,04704,2024/05/02 14:48:32,
13683,2024/05/02 15:17:00,2024/05/02 15:17:00,3200,3200,0,0.0,01117,2024/05/02 15:18:31,
13694,2024/05/03 09:56:00,2024/05/03 09:55:00,3200,3200,0,0.0,21329,2024/05/03 09:56:32,
13695,2024/05/03 09:57:00,2024/05/03 09:57:00,3200,3200,0,0.0,22153,2024/05/03 09:59:52,
13696,2024/05/03 10:42:00,2024/05/03 10:41:00,3200,3200,0,0.0,04967,2024/05/03 10:43:31,
13697,2024/05/03 11:00:00,2024/05/03 11:12:00,3200,3200,0,0.0,12983,2024/05/03 11:14:31,
13700,2024/05/07 10:10:00,2024/05/07 10:13:00,3200,3200,0,0.0,25903,2024/05/07 10:16:39,
13701,2024/05/07 09:00:00,2024/05/07 10:14:00,3200,3200,0,0.0,24464,2024/05/07 10:16:39,
13702,2024/05/07 10:00:00,2024/05/07 10:15:00,3200,3200,0,0.0,26008,2024/05/07 10:19:58,
13703,2024/05/07 10:00:00,2024/05/07 10:15:00,3200,3200,0,0.0,24904,2024/05/07 10:19:58,
13704,2024/05/07 10:00:00,2024/05/07 11:00:00,3200,3200,0,0.0,24904,2024/05/07 10:19:58,
13767,2024/05/07 10:08:00,2024/05/07 10:59:00,3200,3200,0,0.0,12774,2024/05/07 11:02:59,
13768,2024/05/07 00:00:00,2024/05/07 10:58:00,1600,1600,0,0.0,59018,2024/05/07 11:06:59,
13769,2024/05/07 00:00:00,2024/05/07 10:59:00,1600,1600,0,0.0,59018,2024/05/07 11:09:59,
13770,2024/05/07 10:00:00,2024/05/07 11:06:00,3200,0,3200,100.0,24902,2024/05/07 11:12:59,
13771,2024/05/07 11:11:00,2024/05/07 11:12:00,3200,3200,0,0.0,05665,2024/05/07 11:15:59,
13772,2024/05/07 11:10:00,2024/05/07 11:14:00,3200,3200,0,0.0,63116,2024/05/07 11:15:59,
13773,2024/05/07 11:00:00,2024/05/07 11:14:00,3200,3200,0,0.0,63139,2024/05/07 11:18:59,
13774,2024/05/07 11:10:00,2024/05/07 11:17:00,3200,3200,0,0.0,63579,2024/05/07 11:18:59,
13775,2024/05/07 10:00:00,2024/05/07 11:31:00,3200,1600,1600,50,24727,2024/05/07 11:31:39,2024/05/07 11:31:15
13834,2024/05/07 14:21:00,2024/05/07 14:20:00,3200,3200,0,0.0,50148,2024/05/07 14:24:38,
13835,2024/05/07 14:02:00,2024/05/07 14:19:00,3200,1600,1600,50.0,53011,2024/05/07 14:24:38,
13836,2024/05/07 14:19:00,2024/05/07 14:19:00,3200,3200,0,0.0,34002,2024/05/07 14:24:38,
13837,2024/05/07 14:20:00,2024/05/07 14:20:00,3200,3200,0,0.0,33142,2024/05/07 14:24:38,
13838,2024/05/07 14:00:00,2024/05/07 14:22:00,3200,3200,0,0.0,35320,2024/05/07 14:24:38,
13841,2024/05/07 14:00:00,2024/05/07 14:22:00,3200,3200,0,0,吏???????,2024/05/07 14:24:38,2024/05/07 14:24:05
13846,2024/05/07 14:22:00,2024/05/07 14:22:00,3200,3200,0,0.0,52137,2024/05/07 14:24:38,
13847,2024/05/07 13:00:00,2024/05/07 14:22:00,3200,3200,0,0.0,吏???????,2024/05/07 14:24:38,
13848,2024/05/07 14:00:00,2024/05/07 14:24:00,3200,3200,0,0.0,31908,2024/05/07 14:24:38,
13850,2024/05/07 14:22:00,2024/05/07 14:22:00,3200,3200,0,0.0,31962,2024/05/07 14:24:38,
13852,2024/05/07 14:23:00,2024/05/07 14:23:00,3200,3200,0,0.0,吏???????,2024/05/07 14:27:38,
13853,2024/05/07 14:18:00,2024/05/07 19:01:00,3200,3200,0,0.0,52017,2024/05/07 14:27:38,
13855,2024/05/07 14:20:00,2024/05/07 14:24:00,3200,3200,0,0.0,吏???????,2024/05/07 14:27:38,
13856,2024/05/07 14:00:00,2024/05/07 14:26:00,3200,3200,0,0.0,吏???????,2024/05/07 14:27:38,
13857,2024/05/07 14:25:00,2024/05/07 14:25:00,1005,1005,0,0.0,吏???????,2024/05/07 14:27:38,
13858,2024/05/07 14:09:00,2024/05/07 14:26:00,1209,1209,0,0.0,32596,2024/05/07 14:30:38,
13859,2024/05/07 14:20:00,2024/05/07 14:26:00,3200,3200,0,0.0,31768,2024/05/07 14:30:38,
13860,2024/05/07 14:25:00,2024/05/07 14:27:00,3200,3200,0,0.0,32144,2024/05/07 14:30:38,
13861,2024/05/07 14:00:00,2024/05/07 14:27:00,3200,3200,0,0.0,吏???????,2024/05/07 14:30:38,
13862,2024/05/07 15:00:00,2024/05/07 14:29:00,3200,3200,0,0.0,吏???????,2024/05/07 14:30:38,
13863,2024/05/07 14:10:00,2024/05/07 14:30:00,3200,1600,1600,50.0,33475,2024/05/07 14:33:38,
13864,2024/05/07 14:00:00,2024/05/07 14:32:00,1600,800,800,50,31908,2024/05/07 14:33:38,2024/05/07 14:33:15
13865,2024/05/07 14:00:00,2024/05/07 14:31:00,1600,1600,0,0.0,52025,2024/05/07 14:33:38,
13866,2024/05/07 14:30:00,2024/05/07 14:31:00,3200,3200,0,0.0,52537,2024/05/07 14:33:38,
13868,2024/05/07 14:20:00,2024/05/07 14:34:00,3200,3200,0,0.0,34177,2024/05/07 14:36:38,
13869,2024/05/07 14:00:00,2024/05/07 14:34:00,3200,1600,1600,50.0,吏???????,2024/05/07 14:36:38,
13870,2024/05/07 14:10:00,2024/05/07 14:35:00,3200,0,3200,100.0,33475,2024/05/07 14:36:38,
13871,2024/05/07 14:00:00,2024/05/07 14:37:00,3200,1600,1600,50.0,吏???????,2024/05/07 14:36:38,
13872,2024/05/07 14:00:00,2024/05/07 14:36:00,3200,1600,1600,50,31772,2024/05/07 14:39:38,2024/05/07 14:39:23
13873,2024/05/07 14:00:00,2024/05/07 14:36:00,3200,1600,1600,50.0,吏???????,2024/05/07 14:39:38,
13874,2024/05/07 14:00:00,2024/05/07 14:37:00,3200,1600,1600,50.0,31772,2024/05/07 14:39:38,
13875,2024/05/07 14:39:00,2024/05/07 14:38:00,3200,3200,0,0.0,吏???????,2024/05/07 14:39:38,
13876,2024/05/07 14:00:00,2024/05/07 14:40:00,3200,0,3200,100.0,吏???????,2024/05/07 14:42:38,
13877,2024/05/07 14:39:00,2024/05/07 14:38:00,3200,3200,0,0.0,56014,2024/05/07 14:42:38,
13878,2024/05/07 14:10:00,2024/05/07 15:39:00,3200,3200,0,0.0,12663,2024/05/07 14:42:38,
13879,2024/05/07 14:00:00,2024/05/07 14:40:00,3200,3200,0,0.0,31772,2024/05/07 14:42:38,
13880,2024/05/07 14:47:00,2024/05/07 14:38:00,3200,3200,0,0.0,16631,2024/05/07 14:42:38,
13881,2024/05/07 14:00:00,2024/05/07 14:39:00,3200,3200,0,0,31164,2024/05/07 14:42:38,2024/05/07 14:42:15
13882,2024/05/07 04:00:00,2024/05/07 14:37:00,3200,3200,0,0.0,54402,2024/05/07 14:42:38,
13883,2024/05/07 14:00:00,2024/05/07 14:40:00,3200,0,3200,100.0,吏???????,2024/05/07 14:42:38,
13884,2024/05/07 14:00:00,2024/05/07 14:41:00,5,5,0,0.0,32244,2024/05/07 14:42:38,
13885,2024/05/07 14:00:00,2024/05/07 14:40:00,3200,3200,0,0.0,56190,2024/05/07 14:45:38,
13886,2024/05/07 08:00:00,2024/05/07 14:41:00,3200,3200,0,0.0,54051,2024/05/07 14:45:38,
13887,2024/05/07 14:20:00,2024/05/07 14:41:00,1000,1000,0,0.0,吏???????,2024/05/07 14:45:38,
13888,2024/05/07 00:00:00,2024/05/07 14:40:00,3200,3200,0,0.0,吏???????,2024/05/07 14:45:38,
13889,2024/05/07 06:00:00,2024/05/07 14:41:00,3200,3200,0,0.0,吏???????,2024/05/07 14:45:38,
13891,2024/05/07 14:00:00,2024/05/07 14:41:00,3200,3200,0,0.0,55918,2024/05/07 14:45:38,
13892,2024/05/07 14:40:00,2024/05/07 14:39:00,3200,3200,0,0.0,55121,2024/05/07 14:45:38,
13894,2024/05/07 14:00:00,2024/05/07 17:40:00,3200,3200,0,0.0,55460,2024/05/07 14:45:38,
13895,2024/05/07 14:40:00,2024/05/07 14:40:00,3200,3200,0,0.0,吏???????,2024/05/07 14:45:38,
13896,2024/05/07 15:41:00,2024/05/07 14:40:00,3200,3200,0,0.0,56314,2024/05/07 14:45:38,
13897,2024/05/07 14:00:00,2024/05/07 14:43:00,3200,0,3200,100.0,31772,2024/05/07 14:45:38,
13898,2024/05/07 08:00:00,2024/05/07 14:42:00,3200,3200,0,0.0,吏???????,2024/05/07 14:45:38,
13899,2024/05/07 00:00:00,2024/05/07 14:42:00,3200,3200,0,0.0,31134,2024/05/07 14:45:38,
13901,2024/05/07 14:00:00,2024/05/07 14:45:00,3200,3200,0,0.0,31164,2024/05/07 14:48:38,
13902,2024/05/07 14:30:00,2024/05/07 14:45:00,3100,3100,0,0.0,32209,2024/05/07 14:48:38,
13903,2024/05/07 14:20:00,2024/05/07 14:46:00,1000,1000,0,0.0,吏???????,2024/05/07 14:48:38,
13904,2024/05/07 14:49:00,2024/05/07 14:49:00,3200,3200,0,0.0,50244,2024/05/07 14:51:38,
13905,2024/05/07 14:00:00,2024/05/07 14:49:00,3200,0,3200,100.0,32144,2024/05/07 14:51:38,
13906,2024/05/07 14:53:00,2024/05/07 14:52:00,3200,3200,0,0.0,06664,2024/05/07 14:54:38,
13907,2024/05/07 14:48:00,2024/05/07 14:48:00,3200,3200,0,0.0,07015,2024/05/07 14:54:38,
13908,2024/05/07 14:52:00,2024/05/07 19:00:00,3200,3200,0,0.0,吏???????,2024/05/07 14:54:38,
13909,2024/05/07 10:00:00,2024/05/07 14:52:00,350,350,0,0.0,34695,2024/05/07 14:54:38,
13910,2024/05/07 14:53:00,2024/05/07 14:53:00,3200,3200,0,0.0,吏???????,2024/05/07 14:54:38,
13911,2024/05/07 14:44:00,2024/05/07 14:43:00,3200,3200,0,0.0,吏???????,2024/05/07 14:54:38,
13912,2024/05/07 14:45:00,2024/05/07 14:46:00,3200,3200,0,0.0,吏???????,2024/05/07 14:57:38,
13913,2024/05/07 14:53:00,2024/05/07 14:45:00,3200,3200,0,0.0,吏???????,2024/05/07 14:57:38,
13914,2024/05/07 14:52:00,2024/05/07 14:52:00,3200,3200,0,0.0,吏???????,2024/05/07 14:57:38,
13915,2024/05/07 01:01:00,2024/05/07 15:47:00,3200,3200,0,0.0,06279,2024/05/07 14:57:38,
13916,2024/05/07 14:54:00,2024/05/07 14:52:00,3200,3200,0,0.0,吏???????,2024/05/07 14:57:38,
13917,2024/05/07 14:00:00,2024/05/07 14:59:00,3200,1600,1600,50.0,吏???????,2024/05/07 15:00:38,
13918,2024/05/07 13:59:00,2024/05/07 14:59:00,3200,3200,0,0.0,27362,2024/05/07 15:00:38,
13919,2024/05/07 09:00:00,2024/05/07 15:05:00,3200,3200,0,0.0,25803,2024/05/07 15:06:58,
13920,2024/05/07 15:07:00,2024/05/07 15:08:00,3200,3200,0,0.0,吏???????,2024/05/07 15:09:58,
13921,2024/05/07 15:09:00,2024/05/07 15:09:00,3200,3200,0,0.0,44947,2024/05/07 15:12:58,
13922,2024/05/07 15:13:00,2024/05/07 15:13:00,3200,3200,0,0.0,吏???????,2024/05/07 15:15:58,
13923,2024/05/07 15:14:00,2024/05/07 15:14:00,3200,3200,0,0.0,吏???????,2024/05/07 15:15:58,
13924,2024/05/07 15:14:00,2024/05/07 15:13:00,3200,3200,0,0.0,49072,2024/05/07 15:15:58,
13925,2024/05/07 15:15:00,2024/05/07 15:15:00,3200,3200,0,0.0,01117,2024/05/07 15:15:58,
13926,2024/05/07 15:11:00,2024/05/07 15:14:00,3200,3200,0,0.0,吏???????,2024/05/07 15:15:58,
13927,2024/05/07 15:10:00,2024/05/07 15:14:00,3200,3200,0,0.0,46976,2024/05/07 15:15:58,
13928,2024/05/07 15:07:00,2024/05/07 15:14:00,3200,3200,0,0.0,02072,2024/05/07 15:15:58,
13929,2024/05/07 15:14:00,2024/05/07 15:14:00,3200,3200,0,0.0,04167,2024/05/07 15:18:58,
13930,2024/05/07 15:15:00,2024/05/07 15:15:00,3200,3200,0,0.0,吏???????,2024/05/07 15:18:58,
13931,2024/05/07 15:15:00,2024/05/07 15:15:00,3200,3200,0,0.0,04705,2024/05/07 15:18:58,
13932,2024/05/07 15:15:00,2024/05/07 15:15:00,3200,3200,0,0.0,49418,2024/05/07 15:18:58,
13933,2024/05/07 15:07:00,2024/05/07 15:14:00,3200,3200,0,0.0,50576,2024/05/07 15:18:58,
13934,2024/05/07 15:40:00,2024/05/07 15:16:00,3200,3200,0,0.0,吏???????,2024/05/07 15:18:58,
13935,2024/05/07 15:19:00,2024/05/07 15:19:00,3200,3200,0,0.0,01695,2024/05/07 15:21:58,
13936,2024/05/07 15:16:00,2024/05/07 15:17:00,3200,3200,0,0.0,吏???????,2024/05/07 15:21:58,
13937,2024/05/07 15:17:00,2024/05/07 15:17:00,3200,3200,0,0.0,吏???????,2024/05/07 15:21:58,
13938,2024/05/07 15:15:00,2024/05/07 15:18:00,3200,3200,0,0.0,49524,2024/05/07 15:21:58,
13939,2024/05/07 15:40:00,2024/05/07 15:19:00,3200,3200,0,0.0,吏???????,2024/05/07 15:21:58,
13940,2024/05/07 15:20:00,2024/05/07 15:19:00,3200,3200,0,0.0,03328,2024/05/07 15:21:58,
13941,2024/05/07 10:00:00,2024/05/07 15:17:00,3200,3200,0,0.0,吏???????,2024/05/07 15:21:58,
13942,2024/05/07 15:21:00,2024/05/07 15:21:00,3200,3200,0,0.0,04967,2024/05/07 15:24:58,
13943,2024/05/07 10:23:00,2024/05/07 15:23:00,3200,3200,0,0.0,32736,2024/05/07 15:24:58,
13944,2024/05/07 15:14:00,2024/05/07 15:23:00,526,526,0,0.0,32597,2024/05/07 15:24:58,
13945,2024/05/07 15:00:00,2024/05/07 15:25:00,3200,3200,0,0.0,吏???????,2024/05/07 15:24:58,
13946,2024/05/07 10:14:00,2024/05/07 15:23:00,3200,3200,0,0.0,33301,2024/05/07 15:27:58,
13947,2024/05/07 15:20:00,2024/05/07 15:25:00,3200,3200,0,0.0,32926,2024/05/07 15:27:58,
13948,2024/05/07 11:00:00,2024/05/07 15:25:00,3200,3200,0,0.0,34223,2024/05/07 15:27:58,
13949,2024/05/07 15:00:00,2024/05/07 15:25:00,3200,3200,0,0.0,吏???????,2024/05/07 15:27:58,
13950,2024/05/07 10:25:00,2024/05/07 15:25:00,3200,3200,0,0.0,31962,2024/05/07 15:27:58,
13951,2024/05/07 10:00:00,2024/05/07 15:25:00,3200,3200,0,0.0,吏???????,2024/05/07 15:27:58,
13952,2024/05/07 10:05:00,2024/05/07 15:25:00,4200,4200,0,0.0,33321,2024/05/07 15:27:58,
13953,2024/05/07 15:00:00,2024/05/07 15:25:00,3200,3200,0,0.0,32144,2024/05/07 15:27:58,
13954,2024/05/07 10:26:00,2024/05/07 15:26:00,3200,3200,0,0.0,34002,2024/05/07 15:27:58,
13955,2024/05/07 10:20:00,2024/05/07 15:26:00,1000,1000,0,0.0,吏???????,2024/05/07 15:27:58,
13956,2024/05/07 11:00:00,2024/05/07 15:27:00,3200,3200,0,0.0,吏???????,2024/05/07 15:27:58,
13957,2024/05/07 10:00:00,2024/05/07 15:28:00,3200,3200,0,0.0,35368,2024/05/07 15:30:58,
13958,2024/05/07 15:00:00,2024/05/07 15:29:00,3200,0,3200,100,吏???????,2024/05/07 15:30:58,2024/05/07 15:30:49
13959,2024/05/07 15:30:00,2024/05/07 15:30:00,3200,3200,0,0.0,31546,2024/05/07 15:33:58,
13960,2024/05/07 15:00:00,2024/05/07 15:32:00,3200,0,3200,100.0,吏???????,2024/05/07 15:33:58,
13961,2024/05/07 11:00:00,2024/05/07 15:32:00,3200,3200,0,0.0,31748,2024/05/07 15:36:58,
13962,2024/05/07 10:10:00,2024/05/07 15:40:00,3200,3200,0,0.0,吏???????,2024/05/07 15:39:58,
13963,2024/05/07 10:00:00,2024/05/07 15:36:00,3100,3100,0,0.0,吏???????,2024/05/07 15:39:58,
13964,2024/05/07 15:37:00,2024/05/07 15:37:00,3200,3200,0,0.0,48523,2024/05/07 15:42:58,
13965,2024/05/07 11:00:00,2024/05/07 15:43:00,1600,1600,0,0.0,31809,2024/05/07 15:45:58,
13966,2024/05/07 10:00:00,2024/05/07 15:56:00,3200,3200,0,0.0,吏???????,2024/05/07 15:53:58,
13967,2024/05/07 15:00:00,2024/05/07 15:52:00,3200,3200,0,0.0,31745,2024/05/07 15:53:58,
13968,2024/05/07 15:06:00,2024/05/07 15:55:00,3200,3200,0,0.0,吏???????,2024/05/07 15:57:38,
13969,2024/05/07 15:57:00,2024/05/07 15:57:00,3200,3200,0,0.0,54986,2024/05/07 16:00:38,
13970,2024/05/07 10:30:00,2024/05/07 16:00:00,3200,3200,0,0.0,吏???????,2024/05/07 16:03:38,
13971,2024/05/07 14:09:00,2024/05/28 15:58:00,3200,0,3200,100.0,33673,2024/05/07 16:03:38,
13972,2024/05/07 14:00:00,2024/05/07 16:01:00,3200,0,3200,100.0,31728,2024/05/07 16:03:38,
13973,2024/05/07 15:00:00,2024/05/07 16:03:00,3200,0,3200,100.0,31745,2024/05/07 16:06:38,
13974,2024/05/07 10:00:00,2024/05/07 16:11:00,1600,800,800,50,吏???????,2024/05/07 16:09:38,2024/05/07 16:09:22
13975,2024/05/07 15:00:00,2024/05/07 16:08:00,3200,3200,0,0.0,46068,2024/05/07 16:12:38,
13976,2024/05/07 10:00:00,2024/05/08 16:14:00,1600,800,800,50.0,吏???????,2024/05/07 16:12:38,
13977,2024/05/07 16:00:00,2024/05/07 16:15:00,3200,3200,0,0.0,63139,2024/05/07 16:16:38,
13978,2024/05/07 16:10:00,2024/05/07 16:15:00,3200,3200,0,0.0,63142,2024/05/07 16:19:38,
13979,2024/05/07 10:00:00,2024/05/07 16:20:00,1600,0,1600,100,吏???????,2024/05/07 16:19:38,2024/05/07 16:17:11
13980,2024/05/07 16:10:00,2024/05/07 16:16:00,3200,3200,0,0.0,63579,2024/05/07 16:19:38,
13981,2024/05/07 16:17:00,2024/05/07 16:21:00,3200,3200,0,0.0,52043,2024/05/07 16:23:58,
13982,2024/05/08 03:00:00,2024/05/08 09:38:00,1000,1000,0,0.0,38473,2024/05/08 09:41:39,
13983,2024/05/08 09:40:00,2024/05/08 09:44:00,3200,3200,0,0.0,63142,2024/05/08 09:45:59,
13984,2024/05/08 09:40:00,2024/05/08 09:44:00,3200,3200,0,0.0,63579,2024/05/08 09:48:59,
13985,2024/05/08 09:40:00,2024/05/08 09:46:00,3200,3200,0,0.0,63139,2024/05/08 09:48:59,
13987,2024/05/08 01:00:00,2024/05/08 09:57:00,1000,0,1000,100.0,38473,2024/05/08 09:58:59,
13989,2024/05/08 15:00:00,2024/05/08 19:00:00,2800,2800,0,0.0,41587,2024/05/08 19:03:41,
13990,2024/05/09 17:00:00,2024/05/09 10:00:00,2800,2800,0,0.0,41142,2024/05/09 09:58:41,
13991,2024/05/09 11:00:00,2024/05/09 10:35:00,2800,2800,0,0.0,41142,2024/05/09 10:38:41,
13992,2024/05/09 13:00:00,2024/05/09 13:17:00,2800,2800,0,0.0,吏???????,2024/05/09 13:17:22,
13993,2024/05/09 13:10:00,2024/05/09 13:12:00,2800,2800,0,0.0,吏???????,2024/05/09 13:17:22,
13994,2024/05/09 13:16:00,2024/05/09 13:16:00,2800,2800,0,0.0,32725,2024/05/09 13:20:41,
13995,2024/05/09 13:10:00,2024/05/09 13:17:00,2800,2800,0,0.0,吏???????,2024/05/09 13:20:41,
13996,2024/05/09 13:15:00,2024/05/09 13:17:00,2800,2800,0,0.0,吏???????,2024/05/09 13:20:41,
13997,2024/05/09 13:15:00,2024/05/09 13:16:00,2800,2800,0,0.0,33321,2024/05/09 13:20:41,
13998,2024/05/09 13:18:00,2024/05/09 13:17:00,2800,2800,0,0.0,34002,2024/05/09 13:20:41,
13999,2024/05/09 13:10:00,2024/05/09 13:17:00,2800,2800,0,0.0,32929,2024/05/09 13:20:41,
14000,2024/05/09 13:10:00,2024/05/09 13:18:00,2800,2800,0,0.0,35352,2024/05/09 13:20:41,
14001,2024/05/09 13:18:00,2024/05/09 13:18:00,2800,2800,0,0.0,吏???????,2024/05/09 13:20:41,
14002,2024/05/09 13:18:00,2024/05/09 13:18:00,2800,2800,0,0.0,04967,2024/05/09 13:20:41,
14003,2024/05/09 13:18:00,2024/05/09 13:18:00,2800,2800,0,0.0,35344,2024/05/09 13:20:41,
14004,2024/05/09 13:18:00,2024/05/09 13:18:00,2800,2800,0,0.0,04167,2024/05/09 13:20:41,
14005,2024/05/09 13:18:00,2024/05/09 13:18:00,2800,2800,0,0.0,31546,2024/05/09 13:20:41,
14006,2024/05/09 13:19:00,2024/05/09 13:18:00,2800,2800,0,0.0,27642,2024/05/09 13:20:41,
14007,2024/05/09 13:10:00,2024/05/09 13:18:00,2800,2800,0,0.0,吏???????,2024/05/09 13:20:41,
14008,2024/05/09 13:00:00,2024/05/09 13:18:00,2800,2800,0,0.0,吏???????,2024/05/09 13:20:41,
14009,2024/05/09 13:19:00,2024/05/09 13:19:00,2800,2800,0,0.0,27010,2024/05/09 13:20:41,
14010,2024/05/09 13:19:00,2024/05/09 13:19:00,2800,2800,0,0.0,27405,2024/05/09 13:20:41,
14011,2024/05/09 13:19:00,2024/05/09 13:18:00,2800,2800,0,0.0,03328,2024/05/09 13:20:41,
14012,2024/05/09 13:00:00,2024/05/09 13:19:00,2800,2800,0,0.0,吏???????,2024/05/09 13:20:41,
14013,2024/05/09 13:19:00,2024/05/09 13:19:00,2800,2800,0,0.0,02142,2024/05/09 13:20:41,
14014,2024/05/09 13:19:00,2024/05/09 13:19:00,2800,2800,0,0.0,27355,2024/05/09 13:20:41,
14015,2024/05/09 13:19:00,2024/05/09 13:19:00,2800,2800,0,0.0,吏???????,2024/05/09 13:20:41,
14016,2024/05/09 13:19:00,2024/05/09 13:19:00,2800,2800,0,0.0,吏???????,2024/05/09 13:20:41,
14017,2024/05/09 13:19:00,2024/05/09 13:19:00,2800,2800,0,0.0,04705,2024/05/09 13:20:41,
14018,2024/05/09 13:19:00,2024/05/09 13:19:00,2800,2800,0,0.0,01695,2024/05/09 13:20:41,
14019,2024/05/09 13:18:00,2024/05/09 13:18:00,2800,2800,0,0.0,吏???????,2024/05/09 13:20:41,
14020,2024/05/09 13:19:00,2024/05/09 13:19:00,2800,2800,0,0.0,33311,2024/05/09 13:20:41,
14021,2024/05/09 13:19:00,2024/05/09 13:19:00,2800,2800,0,0.0,28047,2024/05/09 13:24:21,
14022,2024/05/09 13:18:00,2024/05/09 22:00:00,2800,2800,0,0.0,吏???????,2024/05/09 13:24:21,
14023,2024/05/09 13:18:00,2024/05/09 13:18:00,2800,2800,0,0.0,01117,2024/05/09 13:24:21,
14024,2024/05/09 13:19:00,2024/05/09 13:08:00,2800,2800,0,0.0,29030,2024/05/09 13:24:21,
14025,2024/05/09 13:19:00,2024/05/09 13:19:00,2800,2800,0,0.0,31962,2024/05/09 13:24:21,
14026,2024/05/09 13:20:00,2024/05/09 13:20:00,2800,2800,0,0.0,27174,2024/05/09 13:24:21,
14027,2024/05/09 13:21:00,2024/05/09 13:20:00,2800,2800,0,0.0,59104,2024/05/09 13:24:21,
14028,2024/05/09 13:20:00,2024/05/09 13:19:00,2800,2800,0,0.0,29114,2024/05/09 13:24:21,
14029,2024/05/09 13:22:00,2024/05/09 13:21:00,2800,2800,0,0.0,59454,2024/05/09 13:24:21,
14030,2024/05/09 13:10:00,2024/05/09 13:20:00,2800,2800,0,0.0,33413,2024/05/09 13:24:21,
14031,2024/05/09 13:20:00,2024/05/09 13:20:00,2800,2800,0,0.0,57149,2024/05/09 13:24:21,
14032,2024/05/09 13:21:00,2024/05/09 13:21:00,2800,2800,0,0.0,吏???????,2024/05/09 13:24:21,
14033,2024/05/09 13:30:00,2024/05/09 13:20:00,2800,2800,0,0.0,31772,2024/05/09 13:24:21,
14034,2024/05/09 13:21:00,2024/05/09 13:23:00,2800,2800,0,0.0,28909,2024/05/09 13:24:21,
14035,2024/05/09 13:21:00,2024/05/09 13:21:00,2800,2800,0,0.0,59565,2024/05/09 13:24:21,
14036,2024/05/09 13:22:00,2024/05/09 13:21:00,2800,2800,0,0.0,59218,2024/05/09 13:24:21,
14037,2024/05/09 13:20:00,2024/05/09 13:21:00,2800,2800,0,0.0,57786,2024/05/09 13:24:21,
14038,2024/05/09 13:22:00,2024/05/09 13:22:00,2800,2800,0,0.0,58839,2024/05/09 13:24:21,
14039,2024/05/09 13:21:00,2024/05/09 13:21:00,2800,2800,0,0.0,吏???????,2024/05/09 13:24:21,
14040,2024/05/09 13:18:00,2024/05/09 13:21:00,2800,2800,0,0.0,57221,2024/05/09 13:24:21,
14041,2024/05/09 13:21:00,2024/05/09 13:21:00,2800,2800,0,0.0,59621,2024/05/09 13:24:21,
14042,2024/05/09 13:20:00,2024/05/09 13:22:00,2800,2800,0,0.0,57907,2024/05/09 13:24:21,
14043,2024/05/09 13:20:00,2024/05/09 13:19:00,2800,2800,0,0.0,57384,2024/05/09 13:24:21,
14044,2024/05/09 13:10:00,2024/05/09 13:19:00,2800,2800,0,0.0,33666,2024/05/09 13:24:21,
14045,2024/05/09 13:21:00,2024/05/09 13:20:00,2800,2800,0,0.0,23101,2024/05/09 13:24:21,
14046,2024/05/09 13:13:00,2024/05/09 13:21:00,2800,2800,0,0.0,14905,2024/05/09 13:24:21,
14047,2024/05/09 13:21:00,2024/05/09 13:21:00,2800,2800,0,0.0,58514,2024/05/09 13:24:21,
14048,2024/05/09 13:20:00,2024/05/09 13:21:00,2800,2800,0,0.0,58936,2024/05/09 13:24:21,
14049,2024/05/09 13:22:00,2024/05/09 13:22:00,2800,2800,0,0.0,28770,2024/05/09 13:24:21,
14050,2024/05/09 13:20:00,2024/05/09 13:22:00,2800,2800,0,0.0,吏???????,2024/05/09 13:24:21,
14051,2024/05/09 15:20:00,2024/05/09 13:20:00,2800,2800,0,0.0,59204,2024/05/09 13:24:21,
14052,2024/05/09 13:23:00,2024/05/09 13:23:00,2800,2800,0,0.0,22136,2024/05/09 13:24:21,
14053,2024/05/09 13:22:00,2024/05/09 13:21:00,2800,2800,0,0.0,58263,2024/05/09 13:24:21,
14054,2024/05/09 13:20:00,2024/05/09 13:22:00,2800,2800,0,0.0,吏???????,2024/05/09 13:27:41,
14055,2024/05/09 13:22:00,2024/05/09 13:22:00,2800,2800,0,0.0,10102,2024/05/09 13:27:41,
14056,2024/05/09 13:23:00,2024/05/09 13:22:00,2800,2800,0,0.0,59319,2024/05/09 13:27:41,
14057,2024/05/09 13:22:00,2024/05/09 13:22:00,2800,2800,0,0.0,62415,2024/05/09 13:27:41,
14058,2024/05/09 13:15:00,2024/05/09 13:23:00,532,532,0,0.0,32596,2024/05/09 13:27:41,
14059,2024/05/09 13:21:00,2024/05/09 13:19:00,2800,2800,0,0.0,吏???????,2024/05/09 13:27:41,
14060,2024/05/09 13:23:00,2024/05/09 13:23:00,2800,2800,0,0.0,21329,2024/05/09 13:27:41,
14061,2024/05/09 13:23:00,2024/05/09 13:21:00,2800,2800,0,0.0,61256,2024/05/09 13:27:41,
14062,2024/05/09 13:02:00,2024/05/09 13:22:00,2800,2800,0,0.0,52424,2024/05/09 13:27:41,
14063,2024/05/09 13:23:00,2024/05/09 13:23:00,2800,2800,0,0.0,57045,2024/05/09 13:27:41,
14064,2024/05/09 13:23:00,2024/05/09 13:23:00,2800,2800,0,0.0,14483,2024/05/09 13:27:41,
14065,2024/05/09 13:25:00,2024/05/09 13:24:00,2800,2800,0,0.0,52517,2024/05/09 13:27:41,
14066,2024/05/09 13:24:00,2024/05/09 13:24:00,2800,2800,0,0.0,50414,2024/05/09 13:27:41,
14067,2024/05/09 13:10:00,2024/05/09 13:23:00,2800,2800,0,0.0,51116,2024/05/09 13:27:41,
14068,2024/05/09 13:23:00,2024/05/09 13:23:00,2800,2800,0,0.0,51204,2024/05/09 13:27:41,
14069,2024/05/09 13:24:00,2024/05/09 13:24:00,2800,2800,0,0.0,21072,2024/05/09 13:27:41,
14070,2024/05/09 13:22:00,2024/05/09 13:22:00,2800,2800,0,0.0,57937,2024/05/09 13:27:41,
14071,2024/05/09 13:24:00,2024/05/09 13:24:00,2800,2800,0,0.0,50333,2024/05/09 13:27:41,
14072,2024/05/09 13:25:00,2024/05/09 13:25:00,2800,2800,0,0.0,吏???????,2024/05/09 13:27:41,
14073,2024/05/09 13:25:00,2024/05/09 13:24:00,2800,2800,0,0.0,51689,2024/05/09 13:27:41,
14074,2024/05/09 13:25:00,2024/05/09 13:24:00,2800,2800,0,0.0,53251,2024/05/09 13:27:41,
14075,2024/05/09 13:25:00,2024/05/09 13:24:00,2800,2800,0,0.0,50227,2024/05/09 13:27:41,
14076,2024/05/09 13:00:00,2024/05/09 13:24:00,2800,2800,0,0.0,52912,2024/05/09 13:27:41,
14077,2024/05/09 13:25:00,2024/05/09 13:25:00,2800,2800,0,0.0,50148,2024/05/09 13:27:41,
14078,2024/05/09 13:21:00,2024/05/09 13:24:00,2800,2800,0,0.0,52043,2024/05/09 13:27:41,
14079,2024/05/09 13:24:00,2024/05/09 13:24:00,2800,2800,0,0.0,21686,2024/05/09 13:27:41,
14080,2024/05/09 13:20:00,2024/05/09 13:25:00,2800,2800,0,0.0,58413,2024/05/09 13:27:41,
14081,2024/05/09 13:02:00,2024/05/09 13:25:00,2800,2800,0,0.0,53005,2024/05/09 13:27:41,
14082,2024/05/09 13:25:00,2024/05/09 13:25:00,2800,2800,0,0.0,22602,2024/05/09 13:27:41,
14083,2024/05/09 13:22:00,2024/05/09 13:24:00,2800,2800,0,0.0,52693,2024/05/09 13:27:41,
14084,2024/05/09 13:30:00,2024/05/09 13:25:00,2800,2800,0,0.0,59024,2024/05/09 13:27:41,
14085,2024/05/09 13:13:00,2024/05/09 13:25:00,2800,2800,0,0.0,吏???????,2024/05/09 13:27:41,
14086,2024/05/09 13:23:00,2024/05/09 13:25:00,2800,2800,0,0.0,吏???????,2024/05/09 13:27:41,
14087,2024/05/09 13:25:00,2024/05/09 13:25:00,2800,2800,0,0.0,57656,2024/05/09 13:27:41,
14088,2024/05/09 13:25:00,2024/05/09 13:25:00,2800,2800,0,0.0,23046,2024/05/09 13:27:41,
14089,2024/05/09 13:22:00,2024/05/09 13:26:00,2800,2800,0,0.0,13463,2024/05/09 13:27:41,
14090,2024/05/09 13:25:00,2024/05/09 13:25:00,2800,2800,0,0.0,52137,2024/05/09 13:27:41,
14091,2024/05/09 13:23:00,2024/05/09 13:26:00,2800,2800,0,0.0,16622,2024/05/09 13:27:41,
14092,2024/05/09 13:26:00,2024/05/09 13:26:00,2800,2800,0,0.0,17796,2024/05/09 13:27:41,
14093,2024/05/09 13:23:00,2024/05/09 13:26:00,2800,2800,0,0.0,18002,2024/05/09 13:27:41,
14094,2024/05/09 13:26:00,2024/05/09 13:26:00,2800,2800,0,0.0,22383,2024/05/09 13:27:41,
14095,2024/05/09 13:23:00,2024/05/09 13:26:00,2800,0,2800,100.0,15358,2024/05/09 13:31:22,
14096,2024/05/09 13:26:00,2024/05/09 13:26:00,2800,2800,0,0.0,18544,2024/05/09 13:31:22,
14097,2024/05/09 13:26:00,2024/05/09 13:26:00,2800,2800,0,0.0,13308,2024/05/09 13:31:22,
14098,2024/05/09 13:25:00,2024/05/09 13:26:00,2800,2800,0,0.0,12912,2024/05/09 13:31:22,
14099,2024/05/09 13:20:00,2024/05/09 13:27:00,2800,2800,0,0.0,吏???????,2024/05/09 13:31:22,
14100,2024/05/09 13:27:00,2024/05/09 13:27:00,2800,2800,0,0.0,14340,2024/05/09 13:31:22,
14101,2024/05/09 13:25:00,2024/05/09 13:27:00,2800,2800,0,0.0,15885,2024/05/09 13:31:22,
14102,2024/05/09 13:17:00,2024/05/09 13:27:00,2800,2800,0,0.0,12790,2024/05/09 13:31:22,
14103,2024/05/09 13:22:00,2024/05/09 13:28:00,2800,2800,0,0,吏???????,2024/05/09 13:31:22,2024/05/09 13:29:28
14104,2024/05/09 13:25:00,2024/05/09 13:27:00,2800,2800,0,0.0,17074,2024/05/09 13:31:22,
14105,2024/05/09 13:23:00,2024/05/09 13:31:00,2800,2800,0,0.0,12655,2024/05/09 13:31:22,
14106,2024/05/09 13:10:00,2024/05/09 13:28:00,2800,2800,0,0.0,吏???????,2024/05/09 13:31:22,
14107,2024/05/09 13:29:00,2024/05/09 13:29:00,2800,2800,0,0.0,吏???????,2024/05/09 13:31:22,
14108,2024/05/09 13:26:00,2024/05/09 13:26:00,2800,2800,0,0.0,吏???????,2024/05/09 13:31:22,
14109,2024/05/09 13:27:00,2024/05/09 13:27:00,2800,2800,0,0.0,14103,2024/05/09 13:31:22,
14110,2024/05/09 13:00:00,2024/05/09 13:29:00,2800,2800,0,0.0,25764,2024/05/09 13:31:22,
14111,2024/05/09 13:27:00,2024/05/09 13:27:00,2800,2800,0,0.0,17591,2024/05/09 13:31:22,
14112,2024/05/09 13:28:00,2024/05/09 13:28:00,2800,2800,0,0.0,52537,2024/05/09 13:31:22,
14113,2024/05/09 13:28:00,2024/05/09 13:31:00,1400,1400,0,0.0,51115,2024/05/09 13:34:42,
14114,2024/05/09 13:20:00,2024/05/09 13:31:00,2800,2800,0,0.0,吏???????,2024/05/09 13:34:42,
14115,2024/05/09 13:30:00,2024/05/09 13:31:00,28000,28000,0,0.0,16649,2024/05/09 13:34:42,
14116,2024/05/09 13:33:00,2024/05/09 13:33:00,2800,2800,0,0.0,15065,2024/05/09 13:34:42,
14117,2024/05/09 13:13:00,2024/05/09 13:37:00,2800,0,2800,100,15358,2024/05/09 13:38:21,2024/05/09 13:37:39
14118,2024/05/09 13:33:00,2024/05/09 13:32:00,2800,2800,0,0.0,吏???????,2024/05/09 13:38:21,
14119,2024/05/09 13:26:00,2024/05/09 13:36:00,1400,1400,0,0.0,16455,2024/05/09 13:38:21,
14120,2024/05/09 13:37:00,2024/05/09 13:37:00,2800,2800,0,0.0,吏???????,2024/05/09 13:41:41,
14121,2024/05/09 13:22:00,2024/05/09 13:41:00,1400,0,1400,100,16455,2024/05/09 13:41:41,2024/05/09 13:41:22
14122,2024/05/09 14:42:00,2024/05/09 13:38:00,2800,2800,0,0.0,12663,2024/05/09 13:41:41,
14123,2024/05/09 13:26:00,2024/05/09 13:38:00,2800,1400,1400,50.0,吏???????,2024/05/09 13:41:41,
14124,2024/05/09 13:25:00,2024/05/09 13:38:00,2800,2800,0,0.0,18588,2024/05/09 13:41:41,
14125,2024/05/09 13:30:00,2024/05/09 13:49:00,2800,0,2800,100.0,16649,2024/05/09 13:51:21,
14126,2024/05/09 13:17:00,2024/05/09 13:44:00,2800,0,2800,100,16455,2024/05/09 13:54:41,2024/05/09 13:54:01
14127,2024/05/09 16:00:00,2024/05/09 13:58:00,3200,3200,0,0.0,63139,2024/05/09 13:59:22,
14128,2024/05/09 13:00:00,2024/05/09 14:00:00,2800,2800,0,0,34223,2024/05/09 14:02:42,2024/05/09 14:02:30
14129,2024/05/09 13:00:00,2024/05/09 14:01:00,2800,2800,0,0.0,吏???????,2024/05/09 14:02:42,
14130,2024/05/09 15:15:00,2024/05/09 15:15:00,2800,2800,0,0.0,吏???????,2024/05/09 15:16:22,
14131,2024/05/09 15:00:00,2024/05/09 15:14:00,2800,2800,0,0.0,11924,2024/05/09 15:16:22,
14132,2024/05/09 15:17:00,2024/05/09 15:17:00,2800,2800,0,0.0,吏???????,2024/05/09 15:19:42,
14133,2024/05/09 15:17:00,2024/05/09 15:17:00,2800,2800,0,0.0,49031,2024/05/09 15:19:42,
14134,2024/05/09 15:16:00,2024/05/09 15:16:00,2800,2800,0,0.0,50577,2024/05/09 15:19:42,
14135,2024/05/09 15:05:00,2024/05/09 15:17:00,2800,2800,0,0.0,46957,2024/05/09 15:19:42,
14136,2024/05/09 15:00:00,2024/05/09 15:19:00,2800,2800,0,0.0,46068,2024/05/09 15:19:42,
14137,2024/05/09 15:19:00,2024/05/09 15:19:00,2800,2800,0,0.0,吏???????,2024/05/09 15:19:42,
14138,2024/05/09 15:17:00,2024/05/09 15:17:00,2800,2800,0,0.0,48523,2024/05/09 15:23:21,
14139,2024/05/09 15:19:00,2024/05/09 15:19:00,2800,2800,0,0.0,吏???????,2024/05/09 15:23:21,
14140,2024/05/09 15:18:00,2024/05/09 15:18:00,2800,2800,0,0.0,吏???????,2024/05/09 15:23:21,
14141,2024/05/09 15:20:00,2024/05/09 15:20:00,2800,2800,0,0.0,吏???????,2024/05/09 15:23:21,
14142,2024/05/09 15:21:00,2024/05/09 15:20:00,2800,2800,0,0.0,49243,2024/05/09 15:23:21,
14143,2024/05/09 08:00:00,2024/05/09 15:21:00,2800,2800,0,0.0,54051,2024/05/09 15:23:21,
14144,2024/05/09 15:21:00,2024/05/09 15:21:00,2800,2800,0,0.0,吏???????,2024/05/09 15:23:21,
14145,2024/05/09 15:08:00,2024/05/09 15:21:00,2800,2800,0,0.0,吏???????,2024/05/09 15:23:21,
14146,2024/05/09 15:10:00,2024/05/09 15:21:00,2800,2800,0,0.0,63139,2024/05/09 15:23:21,
14147,2024/05/09 15:21:00,2024/05/09 15:21:00,2800,2800,0,0.0,吏???????,2024/05/09 15:23:21,
14148,2024/05/09 03:00:00,2024/05/09 15:21:00,2800,2800,0,0.0,54403,2024/05/09 15:23:21,
14149,2024/05/09 15:10:00,2024/05/09 15:22:00,2800,2800,0,0.0,63579,2024/05/09 15:23:21,
14150,2024/05/09 15:18:00,2024/05/09 15:21:00,2800,2800,0,0.0,12571,2024/05/09 15:23:21,
14151,2024/05/09 15:20:00,2024/05/09 15:20:00,2800,2800,0,0.0,49418,2024/05/09 15:23:21,
14152,2024/05/09 15:10:00,2024/05/09 15:21:00,2800,2800,0,0.0,63139,2024/05/09 15:23:21,
14153,2024/05/09 15:21:00,2024/05/09 15:21:00,2800,2800,0,0.0,55460,2024/05/09 15:26:41,
14154,2024/05/09 15:20:00,2024/05/09 15:21:00,2800,2800,0,0.0,55631,2024/05/09 15:26:41,
14155,2024/05/09 06:00:00,2024/05/09 15:20:00,2800,2800,0,0.0,吏???????,2024/05/09 15:26:41,
14156,2024/05/09 15:00:00,2024/05/09 15:22:00,2800,2800,0,0.0,54986,2024/05/09 15:26:41,
14157,2024/05/09 15:22:00,2024/05/09 15:22:00,2800,2800,0,0.0,56014,2024/05/09 15:26:41,
14158,2024/05/09 15:10:00,2024/05/09 15:22:00,2800,2800,0,0.0,56159,2024/05/09 15:26:41,
14159,2024/05/09 15:40:00,2024/05/09 15:22:00,2800,2800,0,0,吏???????,2024/05/09 15:26:41,2024/05/09 15:24:24
14160,2024/05/09 15:21:00,2024/05/09 15:22:00,2800,2800,0,0.0,05665,2024/05/09 15:26:41,
14161,2024/05/09 15:21:00,2024/05/09 15:21:00,2800,2800,0,0.0,44695,2024/05/09 15:26:41,
14162,2024/05/09 15:21:00,2024/05/09 15:21:00,2800,2800,0,0.0,56315,2024/05/09 15:26:41,
14163,2024/05/09 15:22:00,2024/05/09 15:22:00,2800,2800,0,0.0,吏???????,2024/05/09 15:26:41,
14164,2024/05/09 15:23:00,2024/05/09 15:23:00,2800,2800,0,0.0,07015,2024/05/09 15:26:41,
14165,2024/05/09 15:22:00,2024/05/09 15:17:00,2800,2800,0,0.0,44942,2024/05/09 15:26:41,
14166,2024/05/09 16:00:00,2024/05/09 15:23:00,2800,2800,0,0.0,吏???????,2024/05/09 15:26:41,
14167,2024/05/09 15:23:00,2024/05/09 15:23:00,2800,2800,0,0.0,25903,2024/05/09 15:26:41,
14168,2024/05/09 15:23:00,2024/05/09 15:30:00,2800,2800,0,0.0,吏???????,2024/05/09 15:26:41,
14169,2024/05/09 15:24:00,2024/05/09 15:23:00,2800,2800,0,0.0,06664,2024/05/09 15:26:41,
14170,2024/05/09 15:23:00,2024/05/09 15:22:00,2800,2800,0,0.0,吏???????,2024/05/09 15:26:41,
14171,2024/05/09 15:23:00,2024/05/09 15:23:00,2800,2800,0,0.0,吏???????,2024/05/09 15:26:41,
14172,2024/05/09 15:00:00,2024/05/09 15:23:00,2800,2800,0,0.0,24226,2024/05/09 15:26:41,
14173,2024/05/09 15:00:00,2024/05/09 15:24:00,2800,2800,0,0.0,25801,2024/05/09 15:26:41,
14174,2024/05/09 15:24:00,2024/05/09 15:23:00,2800,2800,0,0.0,吏???????,2024/05/09 15:26:41,
14175,2024/05/09 15:23:00,2024/05/09 15:45:00,2800,2800,0,0.0,10508,2024/05/09 15:26:41,
14176,2024/05/09 15:24:00,2024/05/09 15:24:00,2800,2800,0,0.0,吏???????,2024/05/09 15:26:41,
14177,2024/05/09 15:22:00,2024/05/09 15:22:00,2800,2800,0,0.0,54057,2024/05/09 15:26:41,
14178,2024/05/09 15:23:00,2024/05/09 15:23:00,2800,2800,0,0.0,55518,2024/05/09 15:26:41,
14179,2024/05/09 15:20:00,2024/05/09 15:23:00,2800,2800,0,0.0,11935,2024/05/09 15:26:41,
14180,2024/05/09 15:00:00,2024/05/09 15:23:00,1000,1000,0,0.0,26224,2024/05/09 15:26:41,
14181,2024/05/09 15:25:00,2024/05/09 15:24:00,2800,2800,0,0.0,06279,2024/05/09 15:26:41,
14182,2024/05/09 15:20:00,2024/05/09 15:24:00,2800,2800,0,0.0,吏???????,2024/05/09 15:26:41,
14184,2024/05/09 15:00:00,2024/05/09 15:24:00,2800,2800,0,0.0,吏???????,2024/05/09 15:26:41,
14185,2024/05/09 15:25:00,2024/05/09 15:24:00,2800,2800,0,0,吏???????,2024/05/09 15:26:41,2024/05/09 15:26:29
14186,2024/05/09 15:25:00,2024/05/09 15:24:00,2800,2800,0,0.0,吏???????,2024/05/09 15:26:41,
14187,2024/05/09 15:25:00,2024/05/09 15:25:00,2800,2800,0,0,24727,2024/05/09 15:26:41,2024/05/09 15:26:32
14188,2024/05/09 15:24:00,2024/05/09 15:24:00,2800,2800,0,0.0,吏???????,2024/05/09 15:26:41,
14189,2024/05/09 15:24:00,2024/05/09 15:24:00,2800,2800,0,0.0,吏???????,2024/05/09 15:26:41,
14190,2024/05/09 15:00:00,2024/05/09 15:25:00,1000,1000,0,0.0,10870,2024/05/09 15:26:41,
14191,2024/05/09 15:08:00,2024/05/09 15:25:00,2800,2800,0,0.0,12425,2024/05/09 15:26:41,
14192,2024/05/09 16:00:00,2024/05/09 15:25:00,2800,2800,0,0.0,吏???????,2024/05/09 15:30:22,
14193,2024/05/09 15:25:00,2024/05/09 15:25:00,2800,2800,0,0.0,25742,2024/05/09 15:30:22,
14194,2024/05/09 15:00:00,2024/05/09 15:25:00,2800,2800,0,0.0,26377,2024/05/09 15:30:22,
14195,2024/05/09 15:25:00,2024/05/09 15:25:00,2800,2800,0,0.0,11001,2024/05/09 15:30:22,
14196,2024/05/09 15:26:00,2024/05/09 15:26:00,2800,2800,0,0.0,11449,2024/05/09 15:30:22,
14197,2024/05/09 15:30:00,2024/05/09 15:27:00,2800,2800,0,0.0,吏???????,2024/05/09 15:30:22,
14198,2024/05/09 15:20:00,2024/05/09 15:26:00,2800,2800,0,0.0,24636,2024/05/09 15:30:22,
14199,2024/05/09 15:27:00,2024/05/09 15:27:00,2800,2800,0,0.0,24055,2024/05/09 15:30:22,
14200,2024/05/09 15:12:00,2024/05/09 15:27:00,102,102,0,0.0,12243,2024/05/09 15:30:22,
14201,2024/05/09 15:26:00,2024/05/09 15:25:00,2800,2800,0,0.0,26130,2024/05/09 15:30:22,
14202,2024/05/09 15:10:00,2024/05/09 15:26:00,2800,2800,0,0.0,24132,2024/05/09 15:30:22,
14203,2024/05/09 15:09:00,2024/05/09 15:27:00,2800,2800,0,0.0,48523,2024/05/09 15:30:22,
14204,2024/05/09 15:28:00,2024/05/09 15:28:00,2800,2800,0,0.0,50924,2024/05/09 15:33:42,
14205,2024/05/09 15:20:00,2024/05/09 15:28:00,2800,2800,0,0.0,吏???????,2024/05/09 15:33:42,
14206,2024/05/09 15:00:00,2024/05/09 15:28:00,1000,1000,0,0.0,25101,2024/05/09 15:33:42,
14207,2024/05/09 15:28:00,2024/05/09 16:28:00,2800,2800,0,0.0,24858,2024/05/09 15:33:42,
14208,2024/05/09 15:16:00,2024/05/09 15:31:00,2800,1400,1400,50.0,吏???????,2024/05/09 15:33:42,
14209,2024/05/09 15:11:00,2024/05/09 15:34:00,2800,0,2800,100.0,吏???????,2024/05/09 15:37:21,
14210,2024/05/09 15:30:00,2024/05/09 15:34:00,2800,2800,0,0.0,吏???????,2024/05/09 15:37:21,
14211,2024/05/09 15:30:00,2024/05/09 15:32:00,2800,2800,0,0.0,41870,2024/05/09 15:37:21,
14212,2024/05/09 15:00:00,2024/05/09 15:33:00,2800,2800,0,0.0,41540,2024/05/09 15:37:21,
14213,2024/05/09 15:15:00,2024/05/09 15:36:00,2800,2800,0,0.0,42971,2024/05/09 15:37:21,
14214,2024/05/09 15:00:00,2024/05/09 15:35:00,2800,2800,0,0.0,42947,2024/05/09 15:40:41,
14215,2024/05/09 15:30:00,2024/05/09 15:35:00,2800,2800,0,0.0,38318,2024/05/09 15:40:41,
14216,2024/05/09 15:06:00,2024/05/09 15:36:00,2800,2800,0,0.0,38591,2024/05/09 15:40:41,
14217,2024/05/09 15:30:00,2024/05/09 15:36:00,2800,2800,0,0.0,37556,2024/05/09 15:40:41,
14218,2024/05/09 15:00:00,2024/05/09 15:36:00,2800,2800,0,0.0,36453,2024/05/09 15:40:41,
14219,2024/05/09 15:35:00,2024/05/09 15:35:00,2800,2800,0,0.0,40159,2024/05/09 15:40:41,
14220,2024/05/09 15:37:00,2024/05/09 15:37:00,2800,2800,0,0.0,39501,2024/05/09 15:40:41,
14221,2024/05/09 15:10:00,2024/05/09 15:35:00,2800,2800,0,0.0,38473,2024/05/09 15:40:41,
14222,2024/05/09 15:00:00,2024/05/09 15:36:00,2800,2800,0,0.0,40216,2024/05/09 15:40:41,
14223,2024/05/09 15:00:00,2024/05/09 15:36:00,2800,2800,0,0.0,40021,2024/05/09 15:40:41,
14224,2024/05/09 15:20:00,2024/05/09 15:33:00,2800,2800,0,0.0,吏???????,2024/05/09 15:40:41,
14225,2024/05/09 15:30:00,2024/05/09 15:35:00,2800,2800,0,0.0,吏???????,2024/05/09 15:40:41,
14226,2024/05/09 15:20:00,2024/05/09 15:38:00,2800,2800,0,0.0,39909,2024/05/09 15:40:41,
14227,2024/05/09 15:30:00,2024/05/09 15:36:00,2800,2800,0,0.0,37931,2024/05/09 15:40:41,
14228,2024/05/09 15:10:00,2024/05/09 15:29:00,2800,2800,0,0.0,37762,2024/05/09 15:44:21,
14229,2024/05/09 15:00:00,2024/05/09 15:43:00,2800,1400,1400,50,41540,2024/05/09 15:47:42,2024/05/09 15:46:01
14231,2024/05/09 15:55:00,2024/05/09 15:56:00,2800,2800,0,0,24524,2024/05/09 16:01:23,2024/05/09 15:58:43
14232,2024/05/09 15:09:00,2024/05/09 15:47:00,2800,2800,0,0.0,37913,2024/05/09 16:01:23,
14233,2024/05/09 16:00:00,2024/05/09 16:01:00,1000,1000,0,0.0,36657,2024/05/09 16:04:43,
14234,2024/05/17 10:51:00,2024/05/17 10:53:00,50,50,0,0.0,36756,2024/05/17 10:53:14,
14235,2024/05/20 10:54:00,2024/05/20 10:54:00,2800,2800,0,0.0,吏???????,2024/05/20 10:56:19,
14236,2024/05/20 15:16:00,2024/05/20 15:16:00,2800,2800,0,0.0,吏???????,2024/05/20 15:18:19,
14237,2024/05/20 15:20:00,2024/05/20 15:19:00,2800,2800,0,0.0,36728,2024/05/20 15:18:19,
14238,2024/05/20 15:20:00,2024/05/20 15:20:00,2800,2800,0,0.0,吏???????,2024/05/20 15:21:39,
14239,2024/05/20 15:00:00,2024/05/20 15:17:00,2800,2800,0,0.0,36998,2024/05/20 15:21:39,
14240,2024/05/20 15:10:00,2024/05/20 16:00:00,2800,2800,0,0,37430,2024/05/20 15:21:39,2024/05/20 15:19:53
14241,2024/05/20 15:18:00,2024/05/20 15:19:00,2800,2800,0,0.0,36236,2024/05/20 15:21:39,
14242,2024/05/20 15:19:00,2024/05/20 15:19:00,2800,2800,0,0.0,37334,2024/05/20 15:24:39,
14243,2024/05/20 15:18:00,2024/05/20 15:18:00,2800,2800,0,0.0,吏???????,2024/05/20 15:24:39,
14244,2024/05/20 15:21:00,2024/05/20 15:22:00,2800,2800,0,0.0,36802,2024/05/20 15:27:39,
14245,2024/05/20 16:02:00,2024/05/20 15:28:00,2800,2800,0,0.0,吏???????,2024/05/20 15:30:39,
14246,2024/05/20 15:26:00,2024/05/20 15:28:00,2800,2800,0,0.0,36171,2024/05/20 15:30:39,
14247,2024/05/20 15:05:00,2024/05/20 15:30:00,2800,2800,0,0.0,36535,2024/05/20 15:33:39,
14248,2024/05/20 15:00:00,2024/05/20 15:37:00,2800,0,2800,100.0,36998,2024/05/20 15:38:39,
14249,2024/05/20 15:26:00,2024/05/20 15:37:00,2800,1400,1400,50,36171,2024/05/20 15:41:39,2024/05/20 15:39:12
14250,2024/05/20 15:20:00,2024/05/20 15:38:00,2800,2800,0,0.0,吏???????,2024/05/20 15:41:39,
14251,2024/05/22 13:00:00,2024/05/22 13:23:00,2000,2000,0,0.0,36146,2024/05/22 13:25:42,
14252,2024/05/22 13:22:00,2024/05/22 13:24:00,2000,2000,0,0.0,36802,2024/05/22 13:25:42,
14253,2024/05/22 13:22:00,2024/05/22 13:28:00,2000,2000,0,0.0,吏???????,2024/05/22 13:28:42,
14254,2024/05/22 13:26:00,2024/05/22 13:26:00,2000,2000,0,0.0,吏???????,2024/05/22 13:28:42,
14255,2024/05/22 13:25:00,2024/05/22 13:26:00,2000,2000,0,0.0,36238,2024/05/22 13:28:42,
14256,2024/05/22 13:00:00,2024/05/22 13:26:00,2000,2000,0,0.0,37431,2024/05/22 13:32:22,
14257,2024/05/22 13:28:00,2024/05/22 13:30:00,20000,20000,0,0.0,37339,2024/05/22 13:35:42,
14258,2024/05/22 13:36:00,2024/05/22 13:36:00,2000,2000,0,0.0,吏???????,2024/05/22 13:35:42,
14259,2024/05/22 13:28:00,2024/05/22 13:41:00,2000,1000,1000,50,37334,2024/05/22 13:41:42,2024/05/22 13:41:25
14260,2024/05/22 13:02:00,2024/05/22 13:41:00,2000,2000,0,0.0,36998,2024/05/22 13:45:22,
14261,2024/05/22 13:41:00,2024/05/22 13:41:00,2000,2000,0,0.0,吏???????,2024/05/22 13:45:22,
14262,2024/05/22 13:00:00,2024/05/22 13:49:00,2000,2000,0,0.0,36550,2024/05/22 13:50:22,
14263,2024/05/22 14:00:00,2024/05/22 13:49:00,2000,2000,0,0.0,吏???????,2024/05/22 13:53:42,
14264,2024/05/22 14:00:00,2024/05/22 13:57:00,2000,2000,0,0.0,37152,2024/05/22 13:59:43,
14265,2024/05/22 13:02:00,2024/05/22 14:07:00,2000,1000,1000,50.0,36550,2024/05/22 14:08:42,
14267,2024/06/13 11:51:00,2024/06/13 12:30:00,1101,1101,0,0.0,吏???????,2024/06/13 12:14:38,
14268,2024/07/03 21:15:00,2024/07/03 21:42:00,100,100,0,0.0,51466,2024/07/03 21:44:30,
14269,2024/07/10 02:18:00,2024/07/10 03:41:00,49,0,49,100,吏???????,2024/07/10 05:38:21,2024/07/10 05:38:02
14270,2024/07/10 03:08:00,2024/07/10 05:38:00,26,26,0,0.0,吏???????,2024/07/10 05:41:21,
14271,2024/07/10 02:10:00,2024/07/10 03:21:00,208,0,208,100.0,35427,2024/07/10 10:06:21,
14273,2024/07/10 02:18:00,2024/07/10 03:41:00,38,0,38,100.0,吏???????,2024/07/10 10:12:21,
14274,2024/07/10 04:27:00,2024/07/10 06:36:00,2,0,2,100.0,32835,2024/07/10 10:12:21,
14275,2024/07/10 03:32:00,2024/07/10 05:20:00,210,0,210,100.0,吏???????,2024/07/10 10:15:21,
14276,2024/07/10 03:08:00,2024/07/10 10:11:00,25,25,0,0.0,吏???????,2024/07/10 10:15:21,
14277,2024/07/10 02:45:00,2024/07/10 04:38:00,642,0,642,100.0,吏???????,2024/07/10 10:18:21,
14278,2024/07/10 02:36:00,2024/07/10 03:43:00,511,0,511,100.0,吏???????,2024/07/10 10:18:21,
14279,2024/07/10 01:33:00,2024/07/10 10:30:00,98,98,0,0.0,32946,2024/07/10 10:22:21,
14280,2024/07/10 03:38:00,2024/07/10 15:00:00,508,508,0,0.0,33020,2024/07/10 10:25:21,
14282,2024/07/10 03:47:00,2024/07/10 18:00:00,378,378,0,0.0,33027,2024/07/10 10:28:21,
14283,2024/07/10 04:02:00,2024/07/10 15:00:00,60,60,0,0.0,33017,2024/07/10 10:31:21,
14284,2024/07/10 03:23:00,2024/07/10 07:10:00,383,383,0,0.0,吏???????,2024/07/10 10:34:21,
14285,2024/07/10 04:25:00,2024/07/10 05:36:00,53,53,0,0.0,33014,2024/07/10 10:34:21,
14286,2024/07/10 04:57:00,2024/07/10 06:43:00,1,0,1,100.0,吏???????,2024/07/10 10:37:21,
14287,2024/07/10 05:14:00,2024/07/10 10:36:00,71,0,71,100,吏???????,2024/07/10 10:37:21,2024/07/10 10:36:57
14288,2024/07/10 04:56:00,2024/07/10 06:43:00,170,0,170,100.0,吏???????,2024/07/10 10:43:21,
14289,2024/07/10 04:25:00,2024/07/10 05:36:00,196,0,196,100,33014,2024/07/10 10:46:21,2024/07/10 10:43:59
14290,2024/07/10 03:47:00,2024/07/10 18:00:00,438,438,0,0.0,33027,2024/07/10 10:49:21,
14293,2024/07/10 04:35:00,2024/07/10 09:35:00,36,0,36,100.0,吏???????,2024/07/10 11:30:41,
14297,2024/07/10 03:23:00,2024/07/10 13:25:00,381,0,381,100,吏???????,2024/07/10 13:26:21,2024/07/10 13:25:45
14298,2024/07/10 05:14:00,2024/07/10 13:28:00,84,0,84,100,吏???????,2024/07/10 13:29:21,2024/07/10 13:28:35
14299,2024/07/10 03:23:00,2024/07/10 13:31:00,381,0,381,100,吏???????,2024/07/10 13:32:21,2024/07/10 13:31:29
14301,2024/07/10 11:00:00,2024/07/10 14:25:00,110,110,0,0.0,48821,2024/07/10 14:28:21,
14302,2024/07/10 04:54:00,2024/07/10 15:06:00,20,20,0,0.0,吏???????,2024/07/10 15:22:21,
14303,2024/07/10 12:21:00,2024/07/10 14:16:00,173,0,173,100.0,41095,2024/07/10 15:36:21,
14304,2024/07/10 12:21:00,2024/07/10 14:16:00,173,0,173,100.0,41095,2024/07/10 15:48:21,
14305,2024/07/10 13:28:00,2024/07/10 15:41:00,20,20,0,0.0,41179,2024/07/10 15:48:21,
14306,2024/07/10 12:21:00,2024/07/10 14:16:00,173,0,173,100.0,41095,2024/07/10 15:55:21,
14307,2024/07/10 08:24:00,2024/07/10 15:02:00,1,0,1,100.0,吏???????,2024/07/10 16:25:21,
14308,2024/07/10 09:49:00,2024/07/10 16:24:00,5,5,0,0.0,35427,2024/07/10 16:33:21,
14309,2024/07/10 05:25:00,2024/07/10 16:25:00,123,123,0,0,吏???????,2024/07/10 16:36:21,2024/07/10 16:35:40
14310,2024/07/10 09:49:00,2024/07/10 16:36:00,184,184,0,0.0,35423,2024/07/10 16:39:21,
14311,2024/07/10 03:17:00,2024/07/10 16:00:00,5,0,5,100.0,35427,2024/07/10 16:46:21,
14312,2024/07/10 12:21:00,2024/07/10 14:16:00,173,0,173,100.0,41095,2024/07/10 16:52:21,
14313,2024/07/10 01:18:00,2024/07/10 16:53:00,262,0,262,100,吏???????,2024/07/10 16:55:21,2024/07/10 16:53:50
14314,2024/07/10 01:25:00,2024/07/10 16:56:00,198,0,198,100,吏???????,2024/07/10 16:58:21,2024/07/10 16:56:18
14315,2024/07/10 02:32:00,2024/07/10 16:57:00,635,0,635,100,吏???????,2024/07/10 16:58:21,2024/07/10 16:57:59
14317,2024/07/11 10:20:00,2024/07/11 10:05:00,1500,1500,0,0.0,48820,2024/07/11 10:16:23,
14318,2024/07/11 10:00:00,2024/07/11 10:04:00,1,1,0,0.0,48820,2024/07/11 10:16:23,
14328,2024/07/11 13:00:00,2024/07/11 17:57:00,1,0,1,100.0,吏???????,2024/07/11 17:59:23,
14331,2024/07/18 10:52:00,2024/07/18 10:52:00,104,104,0,0.0,吏???????,2024/07/18 11:01:34,
14332,2024/07/23 20:09:00,2024/07/23 20:22:00,502,502,0,0.0,51440,2024/07/23 20:25:43,
14333,2024/07/24 15:30:00,2024/07/24 15:33:00,499,499,0,0.0,52625,2024/07/24 15:36:44,
14334,2024/07/24 15:30:00,2024/07/24 22:00:00,200,200,0,0.0,53009,2024/07/24 15:39:44,
14335,2024/07/24 15:30:00,2024/07/24 15:33:00,1,1,0,0.0,吏???????,2024/07/24 15:39:44,
14336,2024/07/24 15:30:00,2024/07/24 15:34:00,1,1,0,0.0,52417,2024/07/24 15:39:44,
14337,2024/07/24 15:30:00,2024/07/24 15:34:00,2000,2000,0,0.0,吏???????,2024/07/24 15:39:44,
14338,2024/07/24 15:30:00,2024/07/24 15:35:00,2000,2000,0,0.0,52912,2024/07/24 15:39:44,
14339,2024/07/24 15:30:00,2024/07/24 15:35:00,50,50,0,0.0,吏???????,2024/07/24 15:39:44,
14340,2024/07/24 15:35:00,2024/07/24 15:35:00,2000,2000,0,0.0,吏???????,2024/07/24 15:39:44,
14341,2024/07/24 15:30:00,2024/07/24 15:34:00,1243,1243,0,0.0,吏???????,2024/07/24 15:39:44,
14342,2024/07/24 15:30:00,2024/07/24 15:38:00,2000,2000,0,0.0,50305,2024/07/24 15:42:44,
14343,2024/07/24 15:30:00,2024/07/24 15:35:00,859,859,0,0.0,吏???????,2024/07/24 15:42:44,
14344,2024/07/24 15:30:00,2024/07/24 15:37:00,1,1,0,0.0,52150,2024/07/24 15:42:44,
14345,2024/07/24 15:38:00,2024/07/24 15:36:00,1,1,0,0.0,吏???????,2024/07/24 15:42:44,
14346,2024/07/24 15:30:00,2024/07/24 15:36:00,1000,1000,0,0.0,51227,2024/07/24 15:45:44,
14347,2024/07/24 15:30:00,2024/07/24 15:38:00,1,1,0,0.0,吏???????,2024/07/24 15:45:44,
14348,2024/07/24 15:30:00,2024/07/24 15:41:00,4514,4514,0,0.0,吏???????,2024/07/24 15:45:44,
14349,2024/07/24 15:40:00,2024/07/24 18:00:00,79,79,0,0.0,吏???????,2024/07/24 15:55:44,
14350,2024/07/24 15:40:00,2024/07/24 20:50:00,79,79,0,0.0,吏???????,2024/07/24 16:50:04,
14351,2024/08/21 03:20:00,2024/08/21 04:22:00,320,0,320,100.0,吏???????,2024/08/21 10:39:29,
14353,2024/08/21 10:04:00,2024/08/21 13:16:00,903,0,903,100,吏???????,2024/08/21 13:16:49,2024/08/21 13:16:36
14354,2024/08/21 05:02:00,2024/08/21 07:30:00,72,0,72,100.0,吏???????,2024/08/21 13:58:49,
14355,2024/08/21 03:43:00,2024/08/21 15:16:00,374,374,0,0.0,吏???????,2024/08/21 15:19:29,
14356,2024/09/21 15:27:00,2024/09/21 16:51:00,370,0,370,100.0,25633,2024/09/21 16:25:00,
14357,2024/11/28 05:51:00,2024/11/28 08:50:00,590,590,0,0.0,21519,2024/11/28 09:04:10,
14358,2024/11/28 06:34:00,2024/11/28 08:30:00,150,0,150,100.0,吏???????,2024/11/28 09:07:09,
14362,2024/11/28 04:04:00,2024/11/28 06:04:00,443,443,0,0.0,吏???????,2024/11/28 09:39:09,
14363,2024/11/28 06:54:00,2024/11/28 09:28:00,193,193,0,0.0,吏???????,2024/11/28 09:44:10,
14364,2024/11/28 04:55:00,2024/11/28 06:01:00,584,0,584,100.0,15291,2024/11/28 09:48:29,
14365,2024/11/28 03:19:00,2024/11/28 06:49:00,891,0,891,100.0,15521,2024/11/28 09:48:29,
14366,2024/11/28 01:17:00,2024/11/28 09:32:00,941,0,941,100.0,15276,2024/11/28 09:48:29,
14369,2024/11/28 06:04:00,2024/11/28 09:42:00,31,31,0,0.0,吏???????,2024/11/28 09:55:10,
14374,2024/11/28 06:04:00,2024/11/28 09:58:00,31,31,0,0.0,吏???????,2024/11/28 10:04:10,
14381,2024/11/28 06:52:00,2024/11/28 10:19:00,6872,6872,0,0.0,吏???????,2024/11/28 10:26:30,
14383,2024/11/28 05:30:00,2024/11/28 10:29:00,236,236,0,0.0,吏???????,2024/11/28 10:34:10,
14386,2024/11/28 00:40:00,2024/11/28 01:40:00,63,0,63,100.0,吏???????,2024/11/28 10:51:10,
14388,2024/11/28 06:52:00,2024/11/28 08:00:00,750,68,682,90.93,吏???????,2024/11/28 10:57:30,
14389,2024/11/28 06:52:00,2024/11/28 10:57:00,750,750,0,0.0,吏???????,2024/11/28 11:01:10,
14391,2024/11/28 09:29:00,2024/11/28 11:05:00,12,10,2,16.67,吏???????,2024/11/28 11:18:10,
14392,2024/11/28 06:52:00,2024/11/28 10:52:00,919,0,919,100.0,吏???????,2024/11/28 11:21:10,
14399,2024/11/28 01:20:00,2024/11/28 12:45:00,22,22,0,0.0,吏???????,2024/11/28 12:48:09,
14400,2024/11/28 01:55:00,2024/11/28 02:50:00,2238,0,2238,100,吏???????,2024/11/28 12:51:09,2024/11/28 12:49:56
14401,2024/11/28 05:18:00,2024/11/28 06:29:00,2608,0,2608,100,吏???????,2024/11/28 12:54:09,2024/11/28 12:51:58
14402,2024/11/28 09:00:00,2024/11/28 12:58:00,559,559,0,0.0,吏???????,2024/11/28 13:03:29,
14404,2024/11/28 02:52:00,2024/11/28 06:51:00,611,0,611,100.0,吏???????,2024/11/28 13:34:09,
14408,2024/11/28 09:38:00,2024/11/28 15:09:00,76,76,0,0.0,27709,2024/11/28 15:12:09,
14411,2024/11/28 07:42:00,2024/11/28 15:59:00,290,290,0,0.0,12572,2024/11/28 16:02:09,
14412,2024/11/28 09:31:00,2024/11/28 16:09:00,114,0,114,100,吏???????,2024/11/28 16:11:09,2024/11/28 16:10:48
14415,2024/11/28 11:33:00,2024/11/28 13:47:00,377,377,0,0.0,吏???????,2024/11/28 16:20:09,
14417,2024/11/28 09:31:00,2024/11/28 11:01:00,12,0,12,100.0,27864,2024/11/28 16:27:09,
14421,2024/11/28 12:59:00,2024/11/28 14:08:00,123,0,123,100.0,吏???????,2024/11/28 16:40:09,
14427,2024/11/28 10:35:00,2024/11/28 13:55:00,694,694,0,0,吏???????,2024/11/28 16:57:09,2024/11/28 16:54:54
14428,2024/11/28 10:29:00,2024/11/28 16:58:00,25,0,25,100,吏???????,2024/11/28 17:00:10,2024/11/28 16:57:53
14430,2024/11/28 07:16:00,2024/11/28 13:42:00,131,0,131,100.0,吏???????,2024/11/28 17:03:10,
14431,2024/11/28 01:54:00,2024/11/28 16:57:00,41,41,0,0.0,吏???????,2024/11/28 17:03:10,
14433,2024/11/28 02:16:00,2024/11/28 17:02:00,490,490,0,0.0,吏???????,2024/11/28 17:06:10,
14434,2024/11/28 16:40:00,2024/11/28 17:01:00,5,5,0,0.0,吏???????,2024/11/28 17:06:10,
14435,2024/11/28 02:28:00,2024/11/28 17:04:00,354,354,0,0.0,吏???????,2024/11/28 17:06:10,
14436,2024/11/28 06:34:00,2024/11/28 08:30:00,555,0,555,100.0,吏???????,2024/11/28 17:09:10,
14437,2024/11/28 03:17:00,2024/11/28 17:05:00,379,379,0,0.0,吏???????,2024/11/28 17:12:10,
14438,2024/11/28 03:50:00,2024/11/28 17:11:00,546,546,0,0,吏???????,2024/11/28 17:15:10,2024/11/28 17:14:18
14439,2024/11/28 03:50:00,2024/11/28 17:13:00,124,124,0,0.0,吏???????,2024/11/28 17:15:10,
14440,2024/11/28 03:50:00,2024/11/28 17:12:00,431,431,0,0.0,吏???????,2024/11/28 17:15:10,
14441,2024/11/28 04:08:00,2024/11/28 17:15:00,54,54,0,0.0,吏???????,2024/11/28 17:18:10,
14443,2024/11/28 02:26:00,2024/11/28 16:09:00,734,301,433,58.99,吏???????,2024/11/28 17:27:10,
14444,2024/11/28 02:26:00,2024/11/28 16:09:00,433,0,433,100.0,吏???????,2024/11/28 17:30:10,
14446,2024/11/28 03:58:00,2024/11/28 13:18:00,466,0,466,100.0,吏???????,2024/11/28 17:36:10,
14448,2024/11/28 04:22:00,2024/11/28 12:04:00,231,0,231,100.0,吏???????,2024/11/28 17:43:10,
14449,2024/11/28 07:14:00,2024/11/28 09:28:00,134,0,134,100.0,吏???????,2024/11/28 17:46:10,
14451,2024/11/28 07:34:00,2024/11/28 11:45:00,298,0,298,100.0,吏???????,2024/11/28 17:49:10,
14452,2024/11/28 13:17:00,2024/11/28 16:44:00,976,0,976,100.0,吏???????,2024/11/28 17:49:10,
14454,2024/11/28 02:58:00,2024/11/28 17:50:00,100,100,0,0.0,吏???????,2024/11/28 17:55:10,
14455,2024/11/28 03:33:00,2024/11/28 17:53:00,100,100,0,0.0,吏???????,2024/11/28 17:55:10,
14458,2024/11/28 03:47:00,2024/11/28 17:56:00,137,137,0,0.0,吏???????,2024/11/28 17:58:10,
14459,2024/11/28 04:49:00,2024/11/28 17:57:00,127,127,0,0.0,吏???????,2024/11/28 18:01:10,
14460,2024/11/28 05:38:00,2024/11/28 17:58:00,166,166,0,0.0,吏???????,2024/11/28 18:01:10,
14461,2024/11/28 07:40:00,2024/11/28 18:01:00,151,151,0,0.0,吏???????,2024/11/28 18:04:10,
14463,2024/11/28 07:41:00,2024/11/28 18:02:00,190,190,0,0.0,吏???????,2024/11/28 18:04:10,
14464,2024/11/28 08:27:00,2024/11/28 18:03:00,186,186,0,0.0,吏???????,2024/11/28 18:07:10,
14466,2024/11/28 00:43:00,2024/11/28 00:43:00,1003,0,1003,100.0,13019,2024/11/28 21:02:50,
14477,2025/03/03 10:25:00,2025/03/03 12:58:00,362,0,362,100.0,36138,2025/03/03 15:51:13,
14478,2025/03/03 07:17:00,2025/03/03 11:07:00,405,405,0,0.0,36006,2025/03/03 15:57:13,
14481,2025/03/23 11:22:00,2025/03/23 17:08:00,64,64,0,0.0,吏???????,2025/03/23 17:12:28,
14484,2025/03/24 15:00:00,2025/03/24 14:42:00,50,50,0,0.0,吏???????,2025/03/24 15:05:29,
14485,2025/03/24 15:00:00,2025/03/24 15:00:00,1,1,0,0,吏???????,2025/03/24 15:08:49,2025/03/24 15:06:36
14486,2025/03/24 15:00:00,2025/03/24 14:56:00,520,520,0,0.0,04540,2025/03/24 15:08:49,
14487,2025/03/24 14:52:00,2025/03/24 14:59:00,1001,1001,0,0.0,35422,2025/03/24 15:08:49,
14488,2025/03/24 13:00:00,2025/03/24 14:59:00,22,22,0,0.0,吏???????,2025/03/24 15:08:49,
14490,2025/03/24 11:20:00,2025/03/24 14:58:00,10,10,0,0.0,55107,2025/03/24 15:08:49,
14491,2025/03/24 15:10:00,2025/03/24 15:05:00,53,53,0,0.0,41590,2025/03/24 15:08:49,
14492,2025/03/24 14:50:00,2025/03/24 17:50:00,21,20,1,4.76,吏???????,2025/03/24 15:14:29,
14493,2025/03/25 16:50:00,2025/03/25 20:13:00,1649,1649,0,0.0,吏???????,2025/03/25 20:43:31,
14494,2025/03/25 16:50:00,2025/03/25 20:41:00,957,957,0,0.0,吏???????,2025/03/25 20:53:51,
14495,2025/03/25 19:10:00,2025/03/25 20:50:00,1022,1022,0,0.0,吏???????,2025/03/25 20:56:51,
14496,2025/03/25 21:30:00,2025/03/25 21:47:00,37473,37473,0,0.0,吏???????,2025/03/25 21:57:51,
14522,2025/03/27 07:10:00,2025/03/27 18:00:00,84,84,0,0.0,吏???????,2025/03/27 08:14:34,
14523,2025/03/27 00:30:00,2025/03/27 18:00:00,48,48,0,0.0,吏???????,2025/03/27 08:14:34,
14546,2025/04/02 15:00:00,2025/04/02 15:35:00,5,5,0,0.0,32561,2025/04/02 15:42:25,
14547,2025/04/02 15:35:00,2025/04/02 15:34:00,2000,2000,0,0.0,34058,2025/04/02 15:45:45,
14548,2025/04/02 15:00:00,2025/04/02 15:38:00,2000,2000,0,0.0,吏???????,2025/04/02 15:45:45,
14549,2025/04/02 15:11:00,2025/04/02 15:43:00,2000,1000,1000,50,35422,2025/04/02 15:45:45,2025/04/02 15:43:38
14550,2025/04/02 16:00:00,2025/04/02 15:34:00,2000,2000,0,0.0,34537,2025/04/02 15:45:45,
14551,2025/04/02 15:40:00,2025/04/02 15:40:00,2000,2000,0,0.0,32413,2025/04/02 15:45:45,
14552,2025/04/02 07:00:00,2025/04/02 15:40:00,2000,2000,0,0.0,31518,2025/04/02 15:45:45,
14553,2025/04/02 15:00:00,2025/04/02 15:34:00,2000,2000,0,0.0,32935,2025/04/02 15:45:45,
14554,2025/04/02 03:00:00,2025/04/02 15:37:00,2000,2000,0,0.0,31163,2025/04/02 15:45:45,
14555,2025/04/02 15:40:00,2025/04/02 15:48:00,2000,2000,0,0.0,34177,2025/04/02 15:50:45,
14556,2025/04/02 15:00:00,2025/04/02 15:47:00,2000,2000,0,0.0,吏???????,2025/04/02 15:53:45,
14557,2025/04/02 15:00:00,2025/04/02 15:49:00,2000,1000,1000,50.0,吏???????,2025/04/02 15:53:45,
14558,2025/04/03 16:00:00,2025/04/03 15:26:00,2000,2000,0,0.0,34537,2025/04/03 15:27:47,
14559,2025/04/03 15:00:00,2025/04/03 15:23:00,2000,2000,0,0.0,32200,2025/04/03 15:30:47,
14560,2025/04/03 14:00:00,2025/04/03 15:23:00,220,220,0,0.0,31519,2025/04/03 15:30:47,
14561,2025/04/03 16:00:00,2025/04/03 15:22:00,2000,2000,0,0.0,32244,2025/04/03 15:30:47,
14563,2025/04/03 15:15:00,2025/04/03 15:27:00,2000,2000,0,0.0,32141,2025/04/03 15:30:47,
14564,2025/04/03 15:00:00,2025/04/03 15:24:00,2000,2000,0,0.0,吏???????,2025/04/03 15:30:47,
14565,2025/04/03 14:00:00,2025/04/03 15:20:00,2000,2000,0,0.0,32000,2025/04/03 15:30:47,
14566,2025/04/03 15:00:00,2025/04/03 15:25:00,2000,0,2000,100.0,吏???????,2025/04/03 15:30:47,
14568,2025/04/03 16:00:00,2025/04/03 15:25:00,2000,2000,0,0.0,吏???????,2025/04/03 15:30:47,
14569,2025/04/03 15:10:00,2025/04/03 15:26:00,2000,2000,0,0.0,33472,2025/04/03 15:30:47,
14570,2025/04/03 16:00:00,2025/04/03 15:27:00,2000,2000,0,0.0,31774,2025/04/03 15:30:47,
14573,2025/04/10 10:00:00,2025/04/10 10:58:00,3100,3100,0,0.0,吏???????,2025/04/10 11:02:38,
14574,2025/04/14 13:00:00,2025/04/14 13:14:00,3100,3100,0,0.0,24298,2025/04/14 13:16:45,
14576,2025/04/15 13:00:00,2025/04/15 09:34:00,3100,3100,0,0.0,吏???????,2025/04/15 09:38:06,
14577,2025/04/15 02:00:00,2025/04/15 16:04:00,100,100,0,0.0,25924,2025/04/15 16:06:47,
14578,2025/04/15 18:00:00,2025/04/15 19:18:00,1000,1000,0,0.0,吏???????,2025/04/15 19:21:47,
14580,2025/04/16 11:00:00,2025/04/16 11:03:00,3100,3100,0,0.0,25924,2025/04/16 11:06:48,
14581,2025/04/16 13:00:00,2025/04/16 13:46:00,103,103,0,0.0,63116,2025/04/16 13:50:48,
14582,2025/04/16 13:10:00,2025/04/16 13:49:00,3100,3100,0,0.0,63138,2025/04/16 13:54:08,
14583,2025/04/16 13:00:00,2025/04/16 13:47:00,3100,3100,0,0.0,63579,2025/04/16 13:54:08,
14584,2025/04/16 14:00:00,2025/04/16 13:51:00,3100,3100,0,0.0,63579,2025/04/16 13:54:08,
14585,2025/04/16 13:40:00,2025/04/16 13:50:00,3100,3100,0,0.0,63139,2025/04/16 13:57:48,
14586,2025/04/16 15:10:00,2025/04/16 15:20:00,3100,3100,0,0.0,63579,2025/04/16 15:17:08,
14587,2025/04/16 15:10:00,2025/04/16 15:15:00,3100,3100,0,0.0,63139,2025/04/16 15:20:48,
14588,2025/04/16 18:00:00,2025/04/16 17:59:00,3100,3100,0,0.0,47338,2025/04/16 18:02:29,
14589,2025/04/16 10:30:00,2025/04/16 11:00:00,3100,3100,0,0.0,吏???????,2025/04/16 19:13:29,
14592,2025/04/17 13:00:00,2025/04/17 14:39:00,3100,3100,0,0.0,24298,2025/04/17 14:41:30,
14595,2025/04/18 10:08:00,2025/04/18 10:39:00,3100,3100,0,0.0,47337,2025/04/18 10:44:31,
14596,2025/04/18 10:48:00,2025/04/18 10:48:00,3100,3100,0,0.0,04609,2025/04/18 10:50:31,
14599,2025/04/18 10:00:00,2025/04/18 11:00:00,3100,3100,0,0.0,吏???????,2025/04/18 11:03:11,
14600,2025/04/18 15:50:00,2025/04/18 15:56:00,3100,3100,0,0.0,63142,2025/04/18 15:59:12,
14601,2025/04/18 17:00:00,2025/04/18 17:29:00,3100,0,3100,100.0,47329,2025/04/18 17:47:32,
14602,2025/04/20 13:21:00,2025/04/20 13:21:00,3100,3100,0,0,47329,2025/04/20 13:23:55,2025/04/20 13:23:49
14603,2025/04/21 10:53:00,2025/04/21 10:53:00,3100,3100,0,0.0,吏???????,2025/04/21 10:54:37,
14604,2025/04/21 10:57:00,2025/04/21 10:57:00,3100,3100,0,0.0,吏???????,2025/04/21 10:57:57,
14605,2025/04/21 09:00:00,2025/04/21 12:39:00,3100,1550,1550,50,吏???????,2025/04/21 12:39:37,2025/04/21 12:39:25
14606,2025/04/21 12:00:00,2025/04/21 16:49:00,3100,3100,0,0.0,24298,2025/04/21 16:50:57,
14607,2025/04/22 10:00:00,2025/04/22 10:08:00,3100,3100,0,0.0,24298,2025/04/22 10:09:59,
14608,2025/04/22 11:00:00,2025/04/22 10:08:00,3100,3100,0,0.0,吏???????,2025/04/22 10:09:59,
14609,2025/04/22 10:00:00,2025/04/22 10:08:00,3100,3100,0,0.0,24523,2025/04/22 10:13:39,
14610,2025/04/22 10:09:00,2025/04/22 10:08:00,3100,3100,0,0.0,吏???????,2025/04/22 10:13:39,
14611,2025/04/22 10:16:00,2025/04/22 10:18:00,3100,3100,0,0.0,吏???????,2025/04/22 10:22:38,
14612,2025/04/22 10:25:00,2025/04/22 10:28:00,50,50,0,0.0,58329,2025/04/22 10:30:38,
14613,2025/04/22 10:51:00,2025/04/22 10:51:00,3100,3100,0,0.0,吏???????,2025/04/22 10:52:58,
14615,2025/04/22 10:00:00,2025/04/22 14:49:00,3100,3100,0,0.0,吏???????,2025/04/22 14:49:59,
14616,2025/04/22 17:00:00,2025/04/22 16:55:00,3100,3100,0,0.0,47329,2025/04/22 17:06:59,
14617,2025/04/23 10:00:00,2025/04/23 09:06:00,3100,3100,0,0.0,47319,2025/04/23 09:08:00,
14618,2025/04/23 09:10:00,2025/04/23 09:26:00,3100,3100,0,0.0,63139,2025/04/23 09:28:00,
14619,2025/04/23 10:25:00,2025/04/23 10:24:00,3100,3100,0,0.0,26377,2025/04/23 10:28:00,
14620,2025/04/23 10:23:00,2025/04/23 10:23:00,3100,3100,0,0.0,24298,2025/04/23 10:31:40,
14621,2025/04/23 14:48:00,2025/04/23 10:49:00,3100,3100,0,0.0,06762,2025/04/23 10:56:40,
14622,2025/04/23 14:54:00,2025/04/23 10:54:00,3100,3100,0,0.0,吏???????,2025/04/23 11:00:00,
14623,2025/04/23 14:00:00,2025/04/23 14:00:00,3100,3100,0,0.0,05825,2025/04/23 11:06:40,
14624,2025/04/23 15:10:00,2025/04/23 11:01:00,3100,3100,0,0.0,13023,2025/04/23 11:10:40,
14625,2025/04/23 11:10:00,2025/04/23 11:20:00,3100,3100,0,0.0,46957,2025/04/23 11:21:00,
14626,2025/04/23 11:21:00,2025/04/23 11:21:00,3100,3100,0,0.0,49005,2025/04/23 11:24:40,
14627,2025/04/23 11:11:00,2025/04/23 11:11:00,3100,3100,0,0.0,49418,2025/04/23 11:24:40,
14628,2025/04/23 14:00:00,2025/04/23 11:21:00,3100,3100,0,0.0,吏???????,2025/04/23 11:24:40,
14629,2025/04/23 11:19:00,2025/04/23 11:10:00,3100,3100,0,0.0,吏???????,2025/04/23 11:24:40,
14630,2025/04/23 11:00:00,2025/04/23 11:21:00,3100,3100,0,0.0,46233,2025/04/23 11:24:40,
14631,2025/04/23 11:11:00,2025/04/23 11:21:00,3100,3100,0,0.0,46233,2025/04/23 11:28:00,
14632,2025/04/23 09:00:00,2025/04/23 11:23:00,1000,1000,0,0.0,47353,2025/04/23 11:28:00,
14633,2025/04/23 12:00:00,2025/04/23 11:24:00,3100,3100,0,0,吏???????,2025/04/23 11:28:00,2025/04/23 11:27:27
14634,2025/04/23 06:00:00,2025/04/23 11:26:00,3100,3100,0,0.0,46303,2025/04/23 11:28:00,
14635,2025/04/23 12:00:00,2025/04/23 11:26:00,1200,1200,0,0.0,46233,2025/04/23 11:28:00,
14636,2025/04/23 09:00:00,2025/04/23 11:33:00,10,10,0,0.0,47353,2025/04/23 11:34:40,
14637,2025/04/23 09:00:00,2025/04/23 11:36:00,3100,3100,0,0.0,46736,2025/04/23 11:38:00,
14638,2025/04/23 13:00:00,2025/04/23 11:38:00,3100,3100,0,0,47319,2025/04/23 11:41:40,2025/04/23 11:41:01
14639,2025/04/23 11:00:00,2025/04/23 22:31:00,3100,3100,0,0,47319,2025/04/23 11:45:00,2025/04/23 11:43:33
14640,2025/04/23 11:00:00,2025/04/23 13:42:00,1000,1000,0,0.0,47755,2025/04/23 11:45:00,
14641,2025/04/23 11:00:00,2025/04/23 11:41:00,3100,3100,0,0.0,47319,2025/04/23 11:45:00,
14642,2025/04/23 11:00:00,2025/04/23 11:46:00,3100,3100,0,0.0,46531,2025/04/23 11:48:40,
14643,2025/04/23 11:00:00,2025/04/23 11:46:00,3100,3100,0,0.0,46531,2025/04/23 11:48:40,
14644,2025/04/23 12:00:00,2025/04/23 11:47:00,3100,3100,0,0.0,46541,2025/04/23 11:52:00,
14645,2025/04/23 14:34:00,2025/04/23 14:35:00,3100,3100,0,0.0,吏???????,2025/04/23 13:36:00,
14646,2025/04/23 14:00:00,2025/04/23 13:48:00,3100,3100,0,0.0,吏???????,2025/04/23 13:36:00,
14647,2025/04/23 14:34:00,2025/04/23 13:30:00,3100,3100,0,0.0,吏???????,2025/04/23 13:36:00,
14648,2025/04/23 14:34:00,2025/04/23 13:33:00,3100,3100,0,0.0,吏???????,2025/04/23 13:36:00,
14649,2025/04/23 14:34:00,2025/04/23 14:28:00,3100,3100,0,0.0,吏???????,2025/04/23 13:36:00,
14650,2025/04/23 14:28:00,2025/04/23 13:28:00,3100,3100,0,0.0,吏???????,2025/04/23 13:36:00,
14651,2025/04/23 14:28:00,2025/04/23 13:27:00,3100,3100,0,0.0,吏???????,2025/04/23 13:36:00,
14652,2025/04/23 14:23:00,2025/04/23 13:27:00,3100,3100,0,0.0,吏???????,2025/04/23 13:36:00,
14653,2025/04/23 14:34:00,2025/04/28 16:25:00,3100,3100,0,0.0,吏???????,2025/04/23 13:39:40,
14654,2025/04/23 14:34:00,2025/04/23 13:26:00,3100,3100,0,0.0,吏???????,2025/04/23 13:39:40,
14655,2025/04/23 14:34:00,2025/04/23 13:34:00,3100,3100,0,0.0,07570,2025/04/23 13:39:40,
14656,2025/04/23 13:20:00,2025/04/23 13:46:00,3100,3100,0,0.0,63139,2025/04/23 13:49:00,
14657,2025/04/23 13:40:00,2025/04/23 13:44:00,3100,3100,0,0.0,63579,2025/04/23 13:52:40,
14658,2025/04/23 14:00:00,2025/04/28 16:46:00,3100,1550,1550,50.0,吏???????,2025/04/23 13:56:40,
14659,2025/04/23 14:43:00,2025/04/23 14:36:00,3100,3100,0,0.0,吏???????,2025/04/23 14:44:00,
14660,2025/04/23 14:43:00,2025/04/23 14:43:00,3100,3100,0,0.0,吏???????,2025/04/23 14:47:40,
14661,2025/04/23 14:36:00,2025/04/23 14:58:00,3100,3100,0,0.0,吏???????,2025/04/23 14:47:40,
14662,2025/04/23 14:00:00,2025/04/23 14:38:00,3100,3100,0,0.0,吏???????,2025/04/23 14:47:40,
14663,2025/04/23 14:44:00,2025/04/23 14:43:00,3100,3100,0,0.0,吏???????,2025/04/23 14:47:40,
14664,2025/04/23 14:44:00,2025/04/23 14:37:00,3100,3100,0,0.0,吏???????,2025/04/23 14:47:40,
14665,2025/04/23 14:44:00,2025/04/23 14:44:00,3100,3100,0,0.0,07570,2025/04/23 14:47:40,
14666,2025/04/23 14:44:00,2025/04/23 14:25:00,3100,3100,0,0.0,吏???????,2025/04/23 14:47:40,
14667,2025/04/23 14:00:00,2025/04/23 15:47:00,3100,3100,0,0.0,吏???????,2025/04/23 14:47:40,
14668,2025/04/23 14:40:00,2025/04/23 14:45:00,3100,3100,0,0.0,63579,2025/04/23 14:51:00,
14669,2025/04/23 14:36:00,2025/04/23 14:49:00,3100,3100,0,0.0,63139,2025/04/23 14:51:00,
14670,2025/04/23 14:47:00,2025/04/23 14:46:00,3100,3100,0,0.0,吏???????,2025/04/23 14:56:00,
14671,2025/04/23 15:23:00,2025/04/23 15:23:00,3100,3100,0,0.0,44982,2025/04/23 15:25:00,
14672,2025/04/23 15:20:00,2025/04/23 15:25:00,3100,3100,0,0.0,63139,2025/04/23 15:28:40,
14673,2025/04/23 15:20:00,2025/04/23 15:22:00,3100,3100,0,0.0,63579,2025/04/23 15:28:40,
14674,2025/04/23 15:29:00,2025/04/23 15:29:00,3100,3100,0,0.0,44951,2025/04/23 15:32:00,
14675,2025/04/23 15:20:00,2025/04/23 15:28:00,3100,3100,0,0.0,46084,2025/04/23 15:35:40,
14677,2025/04/23 15:00:00,2025/04/23 15:34:00,3100,3100,0,0.0,吏???????,2025/04/23 15:39:00,
14678,2025/04/23 15:14:00,2025/04/23 15:35:00,3100,3100,0,0.0,50577,2025/04/23 15:39:00,
14679,2025/04/23 11:00:00,2025/04/23 15:23:00,3100,3100,0,0.0,吏???????,2025/04/23 15:39:00,
14680,2025/04/23 15:23:00,2025/04/23 15:35:00,3100,3100,0,0.0,44777,2025/04/23 15:39:00,
14681,2025/04/23 15:34:00,2025/04/23 15:34:00,3100,3100,0,0.0,吏???????,2025/04/23 15:39:00,
14682,2025/04/23 15:00:00,2025/04/23 15:35:00,3100,3100,0,0.0,吏???????,2025/04/23 15:39:00,
14683,2025/04/23 15:30:00,2025/04/23 15:31:00,3100,3100,0,0.0,吏???????,2025/04/23 15:39:00,
14684,2025/04/23 15:34:00,2025/04/23 15:34:00,3100,3100,0,0.0,吏???????,2025/04/23 15:39:00,
14685,2025/04/23 15:35:00,2025/04/23 15:35:00,3100,3100,0,0.0,50576,2025/04/23 15:39:00,
14686,2025/04/23 15:35:00,2025/04/23 15:35:00,3100,3100,0,0.0,50924,2025/04/23 15:39:00,
14687,2025/04/23 15:23:00,2025/04/23 16:22:00,3100,3100,0,0.0,吏???????,2025/04/23 15:39:00,
14688,2025/04/23 15:00:00,2025/04/23 15:31:00,3100,3100,0,0.0,47329,2025/04/23 15:39:00,
14689,2025/04/23 15:35:00,2025/04/23 15:37:00,3100,3100,0,0.0,吏???????,2025/04/23 15:39:00,
14693,2025/04/24 04:00:00,2025/04/24 09:09:00,3100,3100,0,0.0,46273,2025/04/24 09:11:41,
14694,2025/04/24 09:56:00,2025/04/24 09:55:00,3100,3100,0,0.0,吏???????,2025/04/24 09:58:01,
14695,2025/04/24 10:04:00,2025/04/24 10:04:00,3100,3100,0,0.0,25912,2025/04/24 10:06:02,
14696,2025/04/24 10:05:00,2025/04/24 10:05:00,3100,3100,0,0.0,24298,2025/04/24 10:09:42,
14697,2025/04/24 10:08:00,2025/04/24 10:08:00,3100,3100,0,0,25820,2025/04/24 10:13:02,2025/04/24 10:11:39
14698,2025/04/24 10:00:00,2025/04/24 10:15:00,3100,3100,0,0.0,吏???????,2025/04/24 10:16:42,
14699,2025/04/24 10:16:00,2025/04/24 10:16:00,3100,3100,0,0.0,04540,2025/04/24 10:20:02,
14700,2025/04/24 10:04:00,2025/04/24 10:20:00,3100,0,3100,100.0,吏???????,2025/04/24 10:20:02,
14701,2025/04/24 10:04:00,2025/04/24 10:28:00,3000,1450,1550,51.67,吏???????,2025/04/24 10:30:02,
14702,2025/04/24 07:00:00,2025/04/24 10:39:00,3100,3100,0,0.0,46284,2025/04/24 10:40:42,
14703,2025/04/24 10:22:00,2025/04/24 10:22:00,1000,1000,0,0.0,吏???????,2025/04/24 11:11:02,
14704,2025/04/24 08:00:00,2025/04/24 11:29:00,1000,1000,0,0.0,吏???????,2025/04/24 11:31:02,
14705,2025/04/24 13:22:00,2025/04/24 13:22:00,3100,3100,0,0.0,吏???????,2025/04/24 13:24:02,
14706,2025/04/24 13:23:00,2025/04/24 13:25:00,1000,1000,0,0.0,吏???????,2025/04/24 13:27:42,
14707,2025/04/24 13:24:00,2025/04/24 13:24:00,1000,1000,0,0.0,吏???????,2025/04/24 13:27:42,
14708,2025/04/24 13:25:00,2025/04/24 13:25:00,3100,3100,0,0.0,吏???????,2025/04/24 13:31:02,
14709,2025/04/24 13:10:00,2025/04/24 13:28:00,3100,3100,0,0.0,吏???????,2025/04/24 13:31:02,
14710,2025/04/24 13:29:00,2025/04/24 13:29:00,1000,1000,0,0.0,吏???????,2025/04/24 13:34:42,
14711,2025/04/24 13:29:00,2025/04/24 13:29:00,1000,1000,0,0.0,吏???????,2025/04/24 13:34:42,
14712,2025/04/24 13:30:00,2025/04/24 13:30:00,3100,3100,0,0.0,吏???????,2025/04/24 13:34:42,
14713,2025/04/24 13:31:00,2025/04/24 13:31:00,4,4,0,0.0,11912,2025/04/24 13:34:42,
14714,2025/04/24 13:31:00,2025/04/24 13:31:00,3100,3100,0,0.0,吏???????,2025/04/24 13:34:42,
14715,2025/04/24 13:10:00,2025/04/24 13:32:00,11,11,0,0.0,12269,2025/04/24 13:38:02,
14716,2025/04/24 13:20:00,2025/04/24 13:39:00,3100,3100,0,0.0,11034,2025/04/24 13:41:42,
14717,2025/04/24 13:50:00,2025/04/24 13:54:00,3100,3100,0,0.0,63579,2025/04/24 13:56:42,
14718,2025/04/24 13:50:00,2025/04/24 13:55:00,3100,3100,0,0.0,63116,2025/04/24 13:56:42,
14719,2025/04/24 14:08:00,2025/04/24 14:08:00,3100,3100,0,0.0,吏???????,2025/04/24 14:11:02,
14720,2025/04/24 15:00:00,2025/04/28 14:14:00,3100,3100,0,0.0,吏???????,2025/04/24 14:16:02,
14721,2025/04/24 14:15:00,2025/04/24 14:15:00,3100,3100,0,0.0,01125,2025/04/24 14:19:42,
14722,2025/04/24 14:16:00,2025/04/24 14:16:00,3100,3100,0,0.0,04540,2025/04/24 14:19:42,
14723,2025/04/24 09:00:00,2025/04/24 14:16:00,3100,3100,0,0.0,02142,2025/04/24 14:19:42,
14724,2025/04/24 14:17:00,2025/04/24 14:17:00,3100,3100,0,0.0,03329,2025/04/24 14:19:42,
14725,2025/04/24 14:00:00,2025/04/24 15:00:00,3100,3100,0,0.0,04166,2025/04/24 14:23:02,
14726,2025/04/24 14:32:00,2025/04/24 14:32:00,3100,1550,1550,50.0,吏???????,2025/04/24 14:34:42,
14729,2025/04/25 10:23:00,2025/04/25 10:23:00,3100,3100,0,0.0,04540,2025/04/25 10:24:43,
14730,2025/04/25 10:12:00,2025/04/25 10:22:00,3100,3100,0,0.0,04705,2025/04/25 10:28:03,
14731,2025/04/25 10:00:00,2025/04/25 10:24:00,3100,3100,0,0.0,04138,2025/04/25 10:28:03,
14732,2025/04/25 10:25:00,2025/04/25 10:25:00,3100,3100,0,0.0,01125,2025/04/25 10:28:03,
14733,2025/04/25 10:16:00,2025/04/25 10:37:00,3100,1550,1550,50.0,04540,2025/04/25 10:38:43,
14734,2025/04/25 10:10:00,2025/04/25 10:40:00,3100,3100,0,0.0,吏???????,2025/04/25 10:43:03,
14735,2025/04/25 13:41:00,2025/04/25 10:41:00,3100,3100,0,0.0,吏???????,2025/04/25 10:46:43,
14736,2025/04/25 10:42:00,2025/04/25 10:41:00,3100,3100,0,0.0,吏???????,2025/04/25 10:46:43,
14737,2025/04/25 13:44:00,2025/04/25 10:41:00,3100,3100,0,0.0,21329,2025/04/25 10:46:43,
14742,2025/04/25 14:30:00,2025/04/25 13:35:00,3100,3100,0,0.0,61163,2025/04/25 13:37:43,
14743,2025/04/25 13:37:00,2025/04/25 13:36:00,30,30,0,0.0,58330,2025/04/25 13:41:03,
14744,2025/04/25 14:00:00,2025/04/25 14:18:00,3100,3100,0,0.0,吏???????,2025/04/25 14:18:44,
14745,2025/04/25 14:20:00,2025/04/25 14:17:00,3100,3100,0,0.0,47329,2025/04/25 14:22:04,
14746,2025/04/28 08:00:00,2025/04/28 08:50:00,3100,3100,0,0.0,46284,2025/04/28 08:52:08,
14747,2025/04/28 10:01:00,2025/04/28 10:00:00,3100,3100,0,0.0,吏???????,2025/04/28 10:04:08,
14748,2025/04/28 10:14:00,2025/04/28 10:13:00,3100,3100,0,0.0,24151,2025/04/28 10:16:48,
14749,2025/04/28 09:43:00,2025/04/28 10:15:00,3100,3100,0,0.0,24043,2025/04/28 10:20:08,
14750,2025/04/28 10:15:00,2025/04/28 10:15:00,3100,3100,0,0.0,26209,2025/04/28 10:20:08,
14751,2025/04/28 09:30:00,2025/04/28 10:15:00,3100,3100,0,0.0,吏???????,2025/04/28 10:20:08,
14752,2025/04/28 10:16:00,2025/04/28 10:16:00,3100,3100,0,0.0,24298,2025/04/28 10:20:08,
14753,2025/04/28 14:00:00,2025/04/28 10:15:00,3100,3100,0,0.0,吏???????,2025/04/28 10:20:08,
14754,2025/04/28 10:15:00,2025/04/28 10:16:00,3100,3100,0,0.0,吏???????,2025/04/28 10:20:08,
14755,2025/04/28 10:16:00,2025/04/28 10:15:00,3100,3100,0,0.0,吏???????,2025/04/28 10:20:08,
14756,2025/04/28 10:40:00,2025/04/28 10:40:00,3100,3100,0,0.0,吏???????,2025/04/28 10:41:48,
14757,2025/04/28 11:00:00,2025/04/28 11:09:00,3100,3100,0,0.0,44225,2025/04/28 11:11:08,
14758,2025/04/28 14:05:00,2025/04/28 11:14:00,3100,3100,0,0.0,吏???????,2025/04/28 11:14:28,
14759,2025/04/28 14:16:00,2025/04/28 14:16:00,3100,3100,0,0.0,50148,2025/04/28 14:17:30,
14760,2025/04/28 14:17:00,2025/04/28 14:17:00,3100,3100,0,0.0,52915,2025/04/28 14:21:10,
14761,2025/04/28 14:15:00,2025/04/28 14:16:00,3100,3100,0,0.0,51208,2025/04/28 14:21:10,
14762,2025/04/28 14:18:00,2025/04/28 14:18:00,3100,3100,0,0.0,52072,2025/04/28 14:21:10,
14763,2025/04/28 14:19:00,2025/04/28 14:19:00,3100,3100,0,0.0,52522,2025/04/28 14:21:10,
14764,2025/04/28 14:18:00,2025/04/28 14:18:00,3100,3100,0,0.0,51598,2025/04/28 14:21:10,
14765,2025/04/28 05:00:00,2025/04/28 14:19:00,3100,3100,0,0.0,吏???????,2025/04/28 14:24:30,
14766,2025/04/28 14:18:00,2025/04/28 14:18:00,3100,3100,0,0.0,吏???????,2025/04/28 14:24:30,
14767,2025/04/28 14:00:00,2025/04/28 14:21:00,3100,3100,0,0.0,50426,2025/04/28 14:24:30,
14768,2025/04/28 14:21:00,2025/04/28 14:20:00,3100,3100,0,0.0,53248,2025/04/28 14:24:30,
14769,2025/04/28 14:00:00,2025/04/28 14:21:00,3100,3100,0,0.0,05049,2025/04/28 14:24:30,
14770,2025/04/28 14:00:00,2025/04/28 14:22:00,3100,3100,0,0.0,50024,2025/04/28 14:24:30,
14771,2025/04/28 14:25:00,2025/04/28 14:25:00,2000,2000,0,0.0,吏???????,2025/04/28 14:28:10,
14772,2025/04/28 14:00:00,2025/04/28 14:29:00,3100,3100,0,0.0,吏???????,2025/04/28 14:28:10,
14773,2025/04/28 14:20:00,2025/04/28 14:25:00,3100,3100,0,0.0,52436,2025/04/28 14:28:10,
14774,2025/04/28 14:26:00,2025/04/28 14:26:00,3100,3100,0,0.0,吏???????,2025/04/28 14:28:10,
14775,2025/04/28 14:20:00,2025/04/28 14:25:00,3100,3100,0,0.0,吏???????,2025/04/28 14:28:10,
14776,2025/04/28 14:20:00,2025/04/28 14:50:00,20,20,0,0.0,52958,2025/04/28 14:33:10,
14777,2025/04/28 14:32:00,2025/04/28 14:32:00,3100,3100,0,0.0,吏???????,2025/04/28 14:36:30,
14778,2025/04/28 14:30:00,2025/04/28 14:34:00,10,10,0,0.0,52310,2025/04/28 14:36:30,
14779,2025/04/28 14:00:00,2025/04/28 14:38:00,3110,3110,0,0.0,吏???????,2025/04/28 14:36:30,
14780,2025/04/28 14:00:00,2025/04/28 14:36:00,3101,3101,0,0.0,吏???????,2025/04/28 14:40:10,
14781,2025/04/28 14:00:00,2025/04/28 14:44:00,3110,3110,0,0.0,吏???????,2025/04/28 14:43:30,
14782,2025/04/28 14:00:00,2025/04/28 14:43:00,3100,1550,1550,50.0,04966,2025/04/28 14:47:10,
14783,2025/04/28 14:13:00,2025/04/28 14:49:00,3100,3100,0,0.0,58205,2025/04/28 14:51:10,
14784,2025/04/28 14:00:00,2025/04/28 14:48:00,3100,0,3100,100.0,04966,2025/04/28 14:51:10,
14785,2025/04/28 14:00:00,2025/04/28 14:51:00,3110,1560,1550,49.84,吏???????,2025/04/28 14:54:30,
14786,2025/04/28 15:00:00,2025/04/28 15:00:00,3100,3100,0,0.0,58603,2025/04/28 14:58:10,
14787,2025/04/28 14:54:00,2025/04/28 14:54:00,3100,3100,0,0.0,59442,2025/04/28 14:58:10,
14788,2025/04/28 15:10:00,2025/04/28 16:00:00,3100,3100,0,0.0,59779,2025/04/28 14:58:10,
14789,2025/04/28 16:00:00,2025/04/28 14:54:00,3100,3100,0,0,58742,2025/04/28 14:58:10,2025/04/28 14:57:47
14790,2025/04/28 14:00:00,2025/04/28 15:00:00,3100,3100,0,0.0,57966,2025/04/28 14:58:10,
14791,2025/04/28 14:46:00,2025/04/28 14:55:00,3100,3100,0,0.0,57154,2025/04/28 14:58:10,
14792,2025/04/28 14:46:00,2025/04/28 14:54:00,3100,3100,0,0.0,吏???????,2025/04/28 14:58:10,
14793,2025/04/28 14:47:00,2025/04/28 15:04:00,3100,3100,0,0.0,57542,2025/04/28 14:58:10,
14794,2025/04/28 14:46:00,2025/04/28 14:55:00,3100,3100,0,0.0,吏???????,2025/04/28 14:58:10,
14795,2025/04/28 14:46:00,2025/04/28 14:58:00,3100,3100,0,0.0,62360,2025/04/28 14:58:10,2025/04/28 14:57:39
14796,2025/04/28 14:46:00,2025/04/28 14:56:00,3100,3100,0,0.0,吏???????,2025/04/28 14:58:10,
14797,2025/04/28 14:51:00,2025/04/28 14:58:00,3100,3100,0,0.0,59201,2025/04/28 14:58:10,
14798,2025/04/28 14:45:00,2025/04/28 14:55:00,3100,3100,0,0.0,61048,2025/04/28 14:58:10,
14799,2025/04/28 14:46:00,2025/04/28 14:55:00,3100,3100,0,0.0,57933,2025/04/28 14:58:10,
14800,2025/04/28 14:46:00,2025/04/28 14:56:00,3100,3100,0,0.0,59045,2025/04/28 15:01:29,
14801,2025/04/28 14:46:00,2025/04/28 14:49:00,3250,3250,0,0.0,吏???????,2025/04/28 15:01:29,
14802,2025/04/28 14:46:00,2025/04/28 14:58:00,3100,3100,0,0.0,吏???????,2025/04/28 15:01:29,
14803,2025/04/28 14:23:00,2025/04/28 14:56:00,3100,3100,0,0.0,59120,2025/04/28 15:01:29,
14804,2025/04/28 15:00:00,2025/04/28 15:06:00,3100,3100,0,0.0,吏???????,2025/04/28 15:08:09,
14805,2025/04/28 15:00:00,2025/04/28 15:08:00,3100,3100,0,0.0,25467,2025/04/28 15:13:09,
14806,2025/04/28 14:53:00,2025/04/28 15:15:00,3100,3100,0,0.0,62360,2025/04/28 15:13:09,
14807,2025/04/28 15:10:00,2025/04/28 15:10:00,3100,3100,0,0,23101,2025/04/28 15:16:29,2025/04/28 15:13:14
14808,2025/04/28 15:13:00,2025/04/28 15:12:00,3100,3100,0,0.0,10041,2025/04/28 15:16:29,
14809,2025/04/28 15:09:00,2025/04/28 15:11:00,3100,3100,0,0,22383,2025/04/28 15:16:29,2025/04/28 15:16:25
14810,2025/04/28 15:12:00,2025/04/28 15:12:00,3100,3100,0,0.0,吏???????,2025/04/28 15:16:29,
14811,2025/04/28 15:13:00,2025/04/28 15:13:00,3100,3100,0,0.0,14519,2025/04/28 15:20:09,
14812,2025/04/28 15:16:00,2025/04/28 15:13:00,3100,3100,0,0.0,22381,2025/04/28 15:20:09,
14813,2025/04/28 15:13:00,2025/04/28 15:13:00,3100,3100,0,0.0,10049,2025/04/28 15:20:09,
14814,2025/04/28 15:14:00,2025/04/28 15:13:00,3100,3100,0,0.0,吏???????,2025/04/28 15:20:09,
14815,2025/04/28 15:09:00,2025/04/28 15:15:00,3100,3100,0,0.0,15120,2025/04/28 15:20:09,
14816,2025/04/28 14:45:00,2025/04/28 15:14:00,3100,3100,0,0.0,22014,2025/04/28 15:20:09,
14817,2025/04/28 15:15:00,2025/04/28 15:15:00,3100,3100,0,0.0,吏???????,2025/04/28 15:20:09,
14818,2025/04/28 15:15:00,2025/04/28 15:15:00,2,2,0,0.0,22136,2025/04/28 15:20:09,
14819,2025/04/28 15:16:00,2025/04/28 15:16:00,3100,3100,0,0.0,22517,2025/04/28 15:20:09,
14820,2025/04/28 14:00:00,2025/04/28 15:19:00,3100,3100,0,0.0,36751,2025/04/28 15:20:09,
14821,2025/04/28 15:00:00,2025/05/02 15:16:00,3100,3100,0,0.0,吏???????,2025/04/28 15:20:09,
14822,2025/04/28 15:00:00,2025/04/28 15:13:00,3100,3100,0,0.0,39275,2025/04/28 15:23:29,
14823,2025/04/28 13:00:00,2025/04/28 15:22:00,1550,1550,0,0.0,57991,2025/04/28 15:23:29,
14824,2025/04/28 14:40:00,2025/04/28 15:19:00,3100,0,3100,100.0,吏???????,2025/04/28 15:23:29,
14825,2025/04/28 15:00:00,2025/04/28 17:19:00,400,400,0,0,36236,2025/04/28 15:23:29,2025/04/28 15:23:25
14826,2025/04/28 15:15:00,2025/04/28 15:53:00,3100,3100,0,0.0,15065,2025/04/28 15:23:29,
14827,2025/04/28 15:00:00,2025/04/28 15:21:00,3100,3100,0,0.0,39019,2025/04/28 15:23:29,
14828,2025/04/28 16:00:00,2025/04/28 15:21:00,3100,3100,0,0.0,36320,2025/04/28 15:23:29,
14829,2025/04/28 15:21:00,2025/04/28 15:21:00,3100,3100,0,0.0,23032,2025/04/28 15:23:29,
14830,2025/04/28 15:17:00,2025/04/28 15:22:00,3100,3100,0,0.0,36564,2025/04/28 15:23:29,
14831,2025/04/28 15:00:00,2025/04/28 15:23:00,3100,3100,0,0.0,36138,2025/04/28 15:27:09,
14832,2025/04/28 15:00:00,2025/04/28 15:23:00,3100,3100,0,0.0,吏???????,2025/04/28 15:27:09,
14833,2025/04/28 15:23:00,2025/04/28 15:23:00,3100,3100,0,0.0,23032,2025/04/28 15:27:09,
14834,2025/04/28 15:15:00,2025/04/28 15:24:00,3100,3100,0,0.0,吏???????,2025/04/28 15:27:09,
14835,2025/04/28 15:10:00,2025/04/28 15:25:00,3100,3100,0,0.0,23032,2025/04/28 15:30:29,
14836,2025/04/28 15:25:00,2025/04/28 15:24:00,3100,3100,0,0.0,22780,2025/04/28 15:30:29,
14837,2025/04/28 15:00:00,2025/04/28 15:27:00,3100,3100,0,0.0,36075,2025/04/28 15:30:29,
14838,2025/04/28 15:28:00,2025/04/28 15:29:00,10,9,1,10.0,39460,2025/04/28 15:34:09,
14839,2025/04/28 15:32:00,2025/04/28 15:30:00,1550,1550,0,0.0,22381,2025/04/28 15:34:09,
14840,2025/04/28 15:00:00,2025/04/28 15:31:00,3001,3001,0,0.0,37430,2025/04/28 15:34:09,
14841,2025/04/28 15:00:00,2025/04/28 15:32:00,3100,3100,0,0.0,吏???????,2025/04/28 15:37:29,
14842,2025/04/28 15:00:00,2025/04/28 15:37:00,1550,0,1550,100.0,22400,2025/04/28 15:41:09,
14843,2025/04/28 16:00:00,2025/04/28 17:00:00,3100,3100,0,0.0,59659,2025/04/28 15:57:09,
14844,2025/04/28 15:55:00,2025/04/28 15:55:00,3100,3100,0,0.0,58205,2025/04/28 15:57:09,
14845,2025/04/28 15:06:00,2025/04/28 15:54:00,3100,3100,0,0.0,21420,2025/04/28 16:00:29,
14846,2025/04/28 15:52:00,2025/04/28 15:51:00,3100,3100,0,0.0,吏???????,2025/04/28 16:00:29,
14847,2025/04/28 15:57:00,2025/04/28 15:57:00,3100,3100,0,0.0,59201,2025/04/28 16:00:29,
14848,2025/04/28 15:40:00,2025/04/28 16:05:00,3100,3100,0,0.0,57534,2025/04/28 16:00:29,
14849,2025/04/28 15:56:00,2025/04/28 15:56:00,3100,3100,0,0.0,吏???????,2025/04/28 16:00:29,
14850,2025/04/28 15:57:00,2025/04/28 15:57:00,3100,3100,0,0.0,59564,2025/04/28 16:00:29,
14851,2025/04/28 15:56:00,2025/04/28 15:58:00,3100,3100,0,0.0,吏???????,2025/04/28 16:00:29,
14852,2025/04/28 14:56:00,2025/04/28 15:57:00,3100,3100,0,0.0,59030,2025/04/28 16:00:29,
14853,2025/04/28 16:00:00,2025/04/28 15:57:00,3100,3100,0,0.0,58646,2025/04/28 16:00:29,
14854,2025/04/28 15:30:00,2025/04/28 15:57:00,3100,3100,0,0,吏???????,2025/04/28 16:00:29,2025/04/28 15:59:15
14855,2025/04/28 15:56:00,2025/04/28 15:58:00,3100,3100,0,0.0,61029,2025/04/28 16:00:29,
14856,2025/04/28 15:55:00,2025/04/28 15:57:00,3100,3100,0,0.0,吏???????,2025/04/28 16:00:29,
14857,2025/04/28 15:56:00,2025/04/28 15:57:00,3100,3100,0,0.0,吏???????,2025/04/28 16:00:29,
14858,2025/04/28 15:56:00,2025/04/28 16:03:00,3100,3100,0,0.0,吏???????,2025/04/28 16:00:29,
14859,2025/04/28 15:45:00,2025/04/28 16:01:00,3100,3100,0,0.0,62255,2025/04/28 16:00:29,
14860,2025/04/28 17:00:00,2025/04/28 16:00:00,3100,3100,0,0.0,57045,2025/04/28 16:00:29,
14861,2025/04/28 15:55:00,2025/04/28 15:58:00,3100,3100,0,0.0,吏???????,2025/04/28 16:00:29,
14862,2025/04/28 16:00:00,2025/04/28 16:00:00,3100,3100,0,0.0,57934,2025/04/28 16:04:09,
14863,2025/04/28 15:50:00,2025/04/28 16:01:00,3100,3100,0,0.0,59124,2025/04/28 16:04:09,
14864,2025/04/28 16:05:00,2025/04/28 16:13:00,1550,1550,0,0.0,57972,2025/04/28 16:10:09,
14865,2025/04/28 17:00:00,2025/04/28 16:15:00,3100,3100,0,0.0,吏???????,2025/04/28 16:17:29,
14866,2025/04/28 16:30:00,2025/04/28 16:17:00,3100,3100,0,0.0,46967,2025/04/28 16:21:09,
14867,2025/04/28 22:00:00,2025/04/28 16:30:00,3100,3100,0,0.0,47706,2025/04/28 16:31:29,
14868,2025/04/28 08:00:00,2025/04/28 16:30:00,3100,3100,0,0.0,24298,2025/04/28 16:35:09,
14869,2025/04/28 16:00:00,2025/04/28 16:35:00,3100,3100,0,0,吏???????,2025/04/28 16:38:29,2025/04/28 16:35:31
14870,2025/04/28 16:01:00,2025/04/28 16:38:00,3100,3100,0,0.0,47329,2025/04/28 16:42:09,
14871,2025/04/28 16:45:00,2025/04/28 16:46:00,3100,3100,0,0.0,44240,2025/04/28 16:48:09,
14872,2025/04/28 17:00:00,2025/04/28 17:21:00,1000,1000,0,0.0,53282,2025/04/28 17:25:29,
14873,2025/04/28 17:00:00,2025/04/28 17:21:00,1000,1000,0,0.0,53282,2025/04/28 17:25:29,
14874,2025/04/28 17:33:00,2025/04/28 17:33:00,3100,3100,0,0.0,49345,2025/04/28 17:36:09,
14875,2025/04/28 16:00:00,2025/04/28 17:45:00,3100,1550,1550,50.0,吏???????,2025/04/28 17:44:29,
14876,2025/04/28 17:43:00,2025/04/28 17:43:00,3100,3100,0,0.0,44246,2025/04/28 17:48:09,
14877,2025/04/28 18:20:00,2025/04/28 18:18:00,3100,3100,0,0.0,25576,2025/04/28 18:20:29,
14879,2025/04/29 10:04:00,2025/04/29 10:04:00,3100,3100,0,0.0,24298,2025/04/29 10:05:10,
14880,2025/04/29 10:04:00,2025/04/29 10:03:00,3100,3100,0,0.0,26029,2025/04/29 10:08:30,
14881,2025/04/29 10:00:00,2025/04/29 10:04:00,3100,3100,0,0.0,25506,2025/04/29 10:08:30,
14882,2025/04/29 10:00:00,2025/04/29 10:03:00,3100,3100,0,0.0,25234,2025/04/29 10:08:30,
14883,2025/04/29 10:03:00,2025/04/29 10:03:00,3100,3100,0,0.0,25822,2025/04/29 10:08:30,
14884,2025/04/29 10:03:00,2025/04/29 10:03:00,3100,3100,0,0.0,25924,2025/04/29 10:08:30,
14885,2025/04/29 10:04:00,2025/04/29 10:03:00,3100,3100,0,0.0,26127,2025/04/29 10:08:30,
14886,2025/04/29 10:04:00,2025/04/29 10:04:00,3100,3100,0,0.0,25745,2025/04/29 10:08:30,
14887,2025/04/29 10:02:00,2025/04/29 10:02:00,3100,3100,0,0.0,24863,2025/04/29 10:08:30,
14888,2025/04/29 10:00:00,2025/04/29 10:07:00,3100,3100,0,0.0,吏???????,2025/04/29 10:08:30,
14889,2025/04/29 10:00:00,2025/04/29 10:22:00,3100,3100,0,0.0,吏???????,2025/04/29 10:24:30,
14890,2025/04/29 10:42:00,2025/04/29 10:42:00,3100,3100,0,0.0,17075,2025/04/29 10:45:30,
14891,2025/04/29 10:44:00,2025/04/29 10:44:00,3100,3100,0,0.0,吏???????,2025/04/29 10:49:10,
14892,2025/04/29 10:47:00,2025/04/29 11:47:00,3100,3100,0,0.0,吏???????,2025/04/29 10:49:10,
14893,2025/04/29 10:45:00,2025/04/29 10:45:00,3100,3100,0,0.0,吏???????,2025/04/29 10:49:10,
14894,2025/04/29 10:40:00,2025/04/29 10:47:00,3100,3100,0,0.0,49042,2025/04/29 10:49:10,
14895,2025/04/29 10:47:00,2025/04/29 11:47:00,3100,3100,0,0.0,吏???????,2025/04/29 10:52:30,
14896,2025/04/29 15:00:00,2025/04/29 13:32:00,3100,3100,0,0.0,46957,2025/04/29 13:34:11,
14897,2025/04/29 13:31:00,2025/04/29 13:36:00,3100,3100,0,0.0,吏???????,2025/04/29 13:37:31,
14898,2025/04/29 14:00:00,2025/04/29 14:01:00,3100,3100,0,0.0,吏???????,2025/04/29 13:58:31,
14899,2025/04/29 14:00:00,2025/04/29 14:00:00,3100,3100,0,0.0,吏???????,2025/04/29 14:02:11,
14900,2025/04/29 14:12:00,2025/04/29 14:14:00,3100,3100,0,0.0,吏???????,2025/04/29 14:10:11,
14901,2025/04/29 14:18:00,2025/04/29 14:18:00,3100,3100,0,0.0,51204,2025/04/29 14:19:31,
14902,2025/04/29 14:00:00,2025/04/29 14:25:00,3100,3100,0,0.0,35332,2025/04/29 14:24:11,
14903,2025/04/29 14:23:00,2025/04/29 14:23:00,3100,3100,0,0.0,吏???????,2025/04/29 14:27:31,
14904,2025/04/29 14:29:00,2025/04/29 14:22:00,3100,3100,0,0.0,31930,2025/04/29 14:27:31,
14905,2025/04/29 14:00:00,2025/04/29 14:24:00,3100,3100,0,0.0,33475,2025/04/29 14:27:31,
14906,2025/04/29 14:00:00,2025/04/29 14:34:00,3100,3100,0,0.0,34537,2025/04/29 14:27:31,
14907,2025/04/29 14:26:00,2025/04/29 14:25:00,3100,3100,0,0.0,32596,2025/04/29 14:27:31,
14908,2025/04/29 14:00:00,2025/04/29 14:25:00,3100,3100,0,0.0,32002,2025/04/29 14:27:31,
14909,2025/04/29 14:25:00,2025/04/29 14:24:00,3100,3100,0,0.0,吏???????,2025/04/29 14:27:31,
14910,2025/04/29 14:26:00,2025/04/29 14:26:00,3100,3100,0,0.0,34168,2025/04/29 14:31:11,
14911,2025/04/29 14:20:00,2025/04/29 14:26:00,3100,3100,0,0.0,吏???????,2025/04/29 14:31:11,
14912,2025/04/29 14:27:00,2025/04/29 14:27:00,3100,3100,0,0.0,吏???????,2025/04/29 14:31:11,
14913,2025/04/29 15:00:00,2025/04/29 14:29:00,3100,3100,0,0.0,31518,2025/04/29 14:31:11,
14914,2025/04/29 14:00:00,2025/04/29 14:28:00,3100,3100,0,0.0,32287,2025/04/29 14:31:11,
14915,2025/04/29 14:25:00,2025/04/29 14:28:00,3000,3000,0,0.0,吏???????,2025/04/29 14:31:11,
14916,2025/04/29 14:31:00,2025/04/29 18:00:00,3100,3100,0,0.0,32737,2025/04/29 14:35:31,
14917,2025/04/29 14:36:00,2025/04/29 14:36:00,3100,3100,0,0.0,吏???????,2025/04/29 14:39:11,
14918,2025/04/29 14:00:00,2025/04/29 14:38:00,1550,775,775,50.0,32002,2025/04/29 14:42:31,
14919,2025/04/29 14:37:00,2025/04/29 14:37:00,3100,3100,0,0.0,04540,2025/04/29 14:42:31,
14920,2025/04/29 14:37:00,2025/04/29 14:37:00,3100,3100,0,0.0,03328,2025/04/29 14:42:31,
14921,2025/04/29 14:23:00,2025/04/29 18:00:00,3100,3100,0,0.0,04138,2025/04/29 14:42:31,
14922,2025/04/29 14:38:00,2025/04/29 14:38:00,3100,3100,0,0.0,01125,2025/04/29 14:42:31,
14923,2025/04/29 14:29:00,2025/04/29 15:29:00,3100,3100,0,0.0,吏???????,2025/04/29 14:42:31,
14924,2025/04/29 14:39:00,2025/04/29 15:39:00,3100,3100,0,0.0,吏???????,2025/04/29 14:42:31,
14925,2025/04/29 14:39:00,2025/04/29 15:39:00,3100,3100,0,0.0,吏???????,2025/04/29 14:42:31,
14926,2025/04/29 14:38:00,2025/04/29 14:38:00,3100,3100,0,0.0,13463,2025/04/29 14:42:31,
14927,2025/04/29 14:39:00,2025/04/29 15:39:00,3100,3100,0,0.0,吏???????,2025/04/29 14:42:31,
14928,2025/04/29 14:38:00,2025/04/29 14:38:00,3100,3100,0,0.0,12985,2025/04/29 14:42:31,
14929,2025/04/29 14:39:00,2025/04/29 14:39:00,3100,3100,0,0.0,02142,2025/04/29 14:42:31,
14930,2025/04/29 14:38:00,2025/04/29 15:38:00,3100,3100,0,0.0,吏???????,2025/04/29 14:42:31,
14931,2025/04/29 14:00:00,2025/04/29 14:40:00,3100,3100,0,0.0,33142,2025/04/29 14:42:31,
14932,2025/04/29 14:35:00,2025/04/29 14:35:00,3100,3100,0,0.0,吏???????,2025/04/29 14:42:31,
14933,2025/04/29 14:20:00,2025/04/29 14:42:00,3100,3100,0,0.0,04705,2025/04/29 14:46:11,
14934,2025/04/29 14:00:00,2025/04/29 14:43:00,3100,3100,0,0.0,吏???????,2025/04/29 14:46:11,
14935,2025/04/29 14:43:00,2025/04/29 14:42:00,3100,3100,0,0.0,03930,2025/04/29 14:46:11,
14936,2025/04/29 14:40:00,2025/04/29 14:40:00,103,103,0,0.0,17509,2025/04/29 14:46:11,
14937,2025/04/29 14:00:00,2025/04/29 14:44:00,3100,3100,0,0.0,46957,2025/04/29 14:46:11,
14938,2025/04/29 14:30:00,2025/04/29 14:46:00,3100,3100,0,0.0,吏???????,2025/04/29 14:49:51,
14939,2025/04/29 14:45:00,2025/04/29 14:45:00,3100,3100,0,0.0,46233,2025/04/29 14:49:51,
14940,2025/04/29 14:45:00,2025/04/29 14:45:00,3100,3100,0,0.0,46040,2025/04/29 14:49:51,
14941,2025/04/29 17:00:00,2025/04/29 14:45:00,3100,3100,0,0.0,47744,2025/04/29 14:49:51,
14942,2025/04/29 14:40:00,2025/04/29 14:44:00,3100,3100,0,0.0,47329,2025/04/29 14:49:51,
14943,2025/04/29 16:00:00,2025/04/29 14:46:00,3100,3100,0,0.0,吏???????,2025/04/29 14:49:51,
14944,2025/04/29 14:47:00,2025/04/29 14:47:00,3100,3100,0,0.0,44239,2025/04/29 14:49:51,
14945,2025/04/29 14:47:00,2025/04/29 14:47:00,3100,3100,0,0.0,49345,2025/04/29 14:49:51,
14946,2025/04/29 14:30:00,2025/04/29 14:46:00,3100,3100,0,0.0,吏???????,2025/04/29 14:53:11,
14947,2025/04/29 14:48:00,2025/04/29 14:48:00,3100,3100,0,0.0,吏???????,2025/04/29 14:53:11,
14948,2025/04/29 14:30:00,2025/04/29 14:48:00,3100,3100,0,0.0,吏???????,2025/04/29 14:53:11,
14949,2025/04/29 14:45:00,2025/04/29 14:48:00,3100,3100,0,0.0,49011,2025/04/29 14:53:11,
14950,2025/04/29 14:46:00,2025/04/29 14:50:00,3100,3100,0,0.0,吏???????,2025/04/29 14:53:11,
14952,2025/04/29 14:50:00,2025/04/29 14:50:00,3100,3100,0,0.0,50577,2025/04/29 14:53:11,
14953,2025/04/29 14:52:00,2025/04/29 14:52:00,3100,3100,0,0.0,44010,2025/04/29 14:56:31,
14954,2025/04/29 14:46:00,2025/04/29 14:52:00,3100,3100,0,0.0,吏???????,2025/04/29 14:56:31,
14955,2025/04/29 14:46:00,2025/04/29 14:54:00,3100,3100,0,0.0,吏???????,2025/04/29 14:56:31,
14956,2025/04/29 14:46:00,2025/04/29 14:52:00,3100,3100,0,0.0,吏???????,2025/04/29 14:56:31,
14957,2025/04/29 14:46:00,2025/04/29 14:52:00,3100,3100,0,0.0,吏???????,2025/04/29 14:56:31,
14958,2025/04/29 14:46:00,2025/04/29 14:52:00,3100,3100,0,0.0,吏???????,2025/04/29 14:56:31,
14959,2025/04/29 14:46:00,2025/04/29 14:52:00,3100,3100,0,0.0,吏???????,2025/04/29 14:56:31,
14960,2025/04/29 14:46:00,2025/04/29 14:52:00,3100,3100,0,0.0,吏???????,2025/04/29 14:56:31,2025/04/29 14:54:14
14961,2025/04/29 14:46:00,2025/04/29 14:56:00,3100,3100,0,0.0,57216,2025/04/29 14:56:31,
14962,2025/04/29 14:50:00,2025/04/29 14:51:00,3100,3100,0,0.0,57926,2025/04/29 14:56:31,2025/04/29 14:54:14
14963,2025/04/29 14:46:00,2025/04/29 14:52:00,3100,3100,0,0.0,58678,2025/04/29 14:56:31,
14964,2025/04/29 14:46:00,2025/04/29 14:52:00,3100,3100,0,0.0,吏???????,2025/04/29 14:56:31,
14965,2025/04/29 14:46:00,2025/04/29 14:58:00,3100,3100,0,0.0,吏???????,2025/04/29 14:56:31,
14966,2025/04/29 14:46:00,2025/04/29 14:52:00,3100,3100,0,0.0,吏???????,2025/04/29 14:56:31,
14967,2025/04/29 14:46:00,2025/04/29 14:47:00,3100,3100,0,0.0,吏???????,2025/04/29 14:56:31,
14968,2025/04/29 14:46:00,2025/04/29 14:55:00,3100,3100,0,0.0,吏???????,2025/04/29 14:56:31,
14969,2025/04/29 14:46:00,2025/04/29 14:54:00,3100,3100,0,0.0,吏???????,2025/04/29 14:56:31,
14970,2025/04/29 14:46:00,2025/04/29 14:52:00,3100,3100,0,0.0,吏???????,2025/04/29 14:56:31,
14971,2025/04/29 14:46:00,2025/04/29 14:53:00,3100,3100,0,0.0,吏???????,2025/04/29 14:56:31,
14973,2025/04/29 14:13:00,2025/04/29 14:51:00,3100,3100,0,0.0,59201,2025/04/29 14:56:31,
14974,2025/04/29 14:53:00,2025/04/29 14:53:00,3100,3100,0,0.0,50924,2025/04/29 14:56:31,
14975,2025/04/29 14:55:00,2025/04/29 14:56:00,3100,3100,0,0,46532,2025/04/29 15:00:10,2025/04/29 14:58:22
14978,2025/04/29 14:00:00,2025/04/29 15:13:00,3100,3100,0,0.0,吏???????,2025/04/29 15:14:10,
14980,2025/04/29 14:00:00,2025/04/29 15:10:00,3100,3100,0,0.0,55737,2025/04/29 15:17:30,
14981,2025/04/29 03:00:00,2025/04/29 15:13:00,3100,3100,0,0.0,55107,2025/04/29 15:17:30,
14983,2025/04/29 15:10:00,2025/04/29 15:14:00,3100,3100,0,0.0,32985,2025/04/29 15:17:30,
14984,2025/04/29 14:46:00,2025/04/29 15:17:00,3100,1550,1550,50.0,吏???????,2025/04/29 15:21:10,
14985,2025/04/29 15:25:00,2025/04/29 15:27:00,3110,3110,0,0.0,吏???????,2025/04/29 15:28:30,
14986,2025/04/29 14:26:00,2025/04/29 15:29:00,3100,0,3100,100,吏???????,2025/04/29 15:32:10,2025/04/29 15:31:23
14987,2025/04/29 16:15:00,2025/04/29 16:08:00,3100,3100,0,0.0,吏???????,2025/04/29 16:09:10,
14988,2025/04/29 16:13:00,2025/04/29 16:13:00,3100,3100,0,0.0,吏???????,2025/04/29 16:13:30,
14989,2025/04/29 16:00:00,2025/04/29 16:16:00,3100,3100,0,0.0,59024,2025/04/29 16:17:10,
14990,2025/04/29 16:13:00,2025/04/29 00:00:00,3100,3100,0,0.0,吏???????,2025/04/29 16:17:10,
14991,2025/04/29 16:13:00,2025/04/29 16:15:00,3100,3100,0,0.0,吏???????,2025/04/29 16:17:10,
14992,2025/04/29 16:13:00,2025/04/29 16:15:00,3100,3100,0,0.0,吏???????,2025/04/29 16:17:10,
14993,2025/04/29 16:15:00,2025/04/29 16:18:00,3100,3100,0,0.0,吏???????,2025/04/29 16:20:30,
14994,2025/04/29 16:13:00,2025/04/29 16:11:00,3100,3100,0,0.0,吏???????,2025/04/29 16:20:30,
14995,2025/04/29 16:13:00,2025/04/29 16:20:00,3100,3100,0,0.0,57216,2025/04/29 16:20:30,
14996,2025/04/29 17:00:00,2025/04/29 16:14:00,3100,0,3100,100.0,59201,2025/04/29 16:20:30,
14997,2025/04/29 16:15:00,2025/04/29 16:16:00,3100,3100,0,0.0,吏???????,2025/04/29 16:20:30,
14998,2025/04/29 16:15:00,2025/04/29 16:16:00,3100,3100,0,0.0,吏???????,2025/04/29 16:20:30,
14999,2025/04/29 16:13:00,2025/04/29 16:23:00,3100,3100,0,0.0,吏???????,2025/04/29 16:20:30,
15000,2025/04/29 16:13:00,2025/04/29 16:17:00,3100,3100,0,0.0,吏???????,2025/04/29 16:20:30,
15001,2025/04/29 16:00:00,2025/04/29 16:16:00,3100,3100,0,0.0,59698,2025/04/29 16:20:30,
15002,2025/04/29 16:13:00,2025/04/29 16:17:00,3100,3100,0,0.0,58678,2025/04/29 16:20:30,
15003,2025/04/29 16:17:00,2025/04/29 16:17:00,3100,3100,0,0.0,吏???????,2025/04/29 16:20:30,
15004,2025/04/29 16:18:00,2025/04/29 16:18:00,3100,3100,0,0.0,59454,2025/04/29 16:20:30,
15005,2025/04/29 16:18:00,2025/04/29 16:18:00,3100,3100,0,0.0,吏???????,2025/04/29 16:20:30,
15006,2025/04/29 16:00:00,2025/04/29 16:18:00,3100,3100,0,0.0,吏???????,2025/04/29 16:20:30,
15007,2025/04/29 16:23:00,2025/04/29 16:28:00,3100,1550,1550,50.0,吏???????,2025/04/29 16:28:30,
15008,2025/04/29 16:09:00,2025/04/29 16:30:00,3100,0,3100,100,吏???????,2025/04/29 16:32:10,2025/04/29 16:31:44
15009,2025/04/29 16:27:00,2025/04/29 16:40:00,3100,3100,0,0.0,吏???????,2025/04/29 16:44:30,
15010,2025/04/30 09:43:00,2025/04/30 09:46:00,3100,3100,0,0.0,58205,2025/04/30 09:47:12,
15011,2025/04/30 09:44:00,2025/04/30 09:46:00,3100,3100,0,0.0,58603,2025/04/30 09:50:32,
15012,2025/04/30 09:44:00,2025/04/30 09:46:00,3100,3100,0,0.0,吏???????,2025/04/30 09:50:32,
15013,2025/04/30 09:46:00,2025/04/30 09:47:00,3100,3100,0,0.0,吏???????,2025/04/30 09:50:32,
15014,2025/04/30 09:45:00,2025/04/30 09:46:00,3100,3100,0,0.0,吏???????,2025/04/30 09:50:32,
15015,2025/04/30 09:45:00,2025/04/30 09:47:00,3100,3100,0,0.0,吏???????,2025/04/30 09:50:32,
15016,2025/04/30 09:48:00,2025/04/30 09:47:00,3100,3100,0,0.0,58742,2025/04/30 09:50:32,
15017,2025/04/30 09:46:00,2025/04/30 09:47:00,3100,3100,0,0.0,吏???????,2025/04/30 09:50:32,
15018,2025/04/30 09:47:00,2025/04/30 09:49:00,3100,3100,0,0.0,吏???????,2025/04/30 09:50:32,
15019,2025/04/30 09:45:00,2025/04/30 09:47:00,3100,3100,0,0.0,62434,2025/04/30 09:50:32,
15020,2025/04/30 09:45:00,2025/04/30 09:42:00,3100,3100,0,0.0,57346,2025/04/30 09:50:32,
15021,2025/04/30 09:46:00,2025/04/30 09:48:00,3100,3100,0,0.0,59201,2025/04/30 09:50:32,
15022,2025/04/30 09:46:00,2025/04/30 09:46:00,3100,3100,0,0.0,59319,2025/04/30 09:50:32,
15023,2025/04/30 09:43:00,2025/04/30 09:47:00,3100,3100,0,0.0,吏???????,2025/04/30 09:50:32,
15024,2025/04/30 09:47:00,2025/04/30 09:42:00,3100,3100,0,0.0,58134,2025/04/30 09:50:32,
15025,2025/04/30 09:45:00,2025/04/30 09:47:00,3100,3100,0,0.0,59240,2025/04/30 09:50:32,
15026,2025/04/30 09:47:00,2025/04/30 09:48:00,3100,3100,0,0.0,59653,2025/04/30 09:50:32,
15027,2025/04/30 09:45:00,2025/04/30 09:48:00,3100,3100,0,0.0,吏???????,2025/04/30 09:50:32,
15028,2025/04/30 09:48:00,2025/04/30 09:43:00,3100,3100,0,0.0,吏???????,2025/04/30 09:50:32,
15029,2025/04/30 09:22:00,2025/04/30 09:54:00,3100,3100,0,0.0,吏???????,2025/04/30 09:50:32,
15030,2025/04/30 09:40:00,2025/04/30 09:25:00,3100,3100,0,0.0,吏???????,2025/04/30 09:50:32,
15031,2025/04/30 09:48:00,2025/04/30 09:48:00,3100,3100,0,0.0,59564,2025/04/30 09:50:32,
15032,2025/04/30 09:45:00,2025/04/30 09:49:00,3100,3100,0,0.0,59023,2025/04/30 09:50:32,
15033,2025/04/30 09:47:00,2025/04/30 09:49:00,3100,3100,0,0.0,57216,2025/04/30 09:54:12,
15034,2025/04/30 09:50:00,2025/04/30 09:49:00,3100,3100,0,0.0,57934,2025/04/30 09:54:12,
15035,2025/04/30 09:30:00,2025/04/30 09:51:00,3100,3100,0,0.0,57703,2025/04/30 09:54:12,
15036,2025/04/30 09:43:00,2025/04/30 09:48:00,3100,3100,0,0.0,吏???????,2025/04/30 09:54:12,
15037,2025/04/30 09:50:00,2025/04/30 09:52:00,3100,3100,0,0.0,吏???????,2025/04/30 09:57:32,
15038,2025/04/30 09:53:00,2025/04/30 09:53:00,3100,3100,0,0.0,25029,2025/04/30 09:57:32,
15039,2025/04/30 09:53:00,2025/04/30 09:53:00,3100,3100,0,0.0,24297,2025/04/30 09:57:32,
15040,2025/04/30 09:43:00,2025/04/30 09:57:00,3100,3100,0,0.0,59124,2025/04/30 10:01:12,
15041,2025/04/30 10:00:00,2025/04/30 10:00:00,3100,3100,0,0.0,59455,2025/04/30 10:01:12,
15042,2025/04/30 13:41:00,2025/04/30 13:41:00,2800,2800,0,0.0,吏???????,2025/04/30 13:42:13,
15043,2025/04/30 13:46:00,2025/04/30 13:45:00,2800,2800,0,0.0,59565,2025/04/30 13:48:13,
15044,2025/04/30 14:00:00,2025/04/30 14:05:00,1000,1000,0,0.0,53286,2025/04/30 14:08:12,
15045,2025/04/30 14:00:00,2025/04/30 14:10:00,2800,2800,0,0.0,吏???????,2025/04/30 14:12:12,
15046,2025/04/30 14:11:00,2025/04/30 14:11:00,3100,3100,0,0.0,52554,2025/04/30 14:15:32,
15047,2025/04/30 14:15:00,2025/04/30 14:14:00,3800,3800,0,0.0,吏???????,2025/04/30 14:15:32,
15048,2025/04/30 14:05:00,2025/04/30 14:11:00,2800,2800,0,0.0,吏???????,2025/04/30 14:15:32,
15049,2025/04/30 14:11:00,2025/04/30 14:11:00,2800,2800,0,0.0,51204,2025/04/30 14:15:32,
15050,2025/04/30 14:11:00,2025/04/30 14:11:00,2800,2800,0,0.0,04540,2025/04/30 14:15:32,
15051,2025/04/30 14:11:00,2025/04/30 14:11:00,2800,2800,0,0.0,51440,2025/04/30 14:15:32,
15052,2025/04/30 14:11:00,2025/04/30 14:11:00,2800,2800,0,0.0,03328,2025/04/30 14:15:32,
15053,2025/04/30 14:12:00,2025/04/30 14:12:00,2800,2800,0,0.0,吏???????,2025/04/30 14:15:32,
15054,2025/04/30 14:10:00,2025/04/30 14:11:00,2800,2800,0,0.0,50024,2025/04/30 14:15:32,
15055,2025/04/30 14:03:00,2025/04/30 14:12:00,2800,2800,0,0.0,吏???????,2025/04/30 14:15:32,
15056,2025/04/30 14:15:00,2025/04/30 14:16:00,2800,2800,0,0.0,吏???????,2025/04/30 14:15:32,
15057,2025/04/30 14:03:00,2025/04/30 14:12:00,2800,2800,0,0.0,吏???????,2025/04/30 14:15:32,
15058,2025/04/30 14:08:00,2025/04/30 14:12:00,2800,2800,0,0.0,53244,2025/04/30 14:15:32,
15059,2025/04/30 14:10:00,2025/04/30 14:12:00,2800,2800,0,0.0,51598,2025/04/30 14:15:32,
15060,2025/04/30 14:10:00,2025/04/30 14:13:00,2800,2800,0,0.0,吏???????,2025/04/30 14:15:32,
15061,2025/04/30 14:00:00,2025/04/30 18:00:00,2800,2800,0,0.0,04075,2025/04/30 14:19:12,
15062,2025/04/30 14:14:00,2025/04/30 14:14:00,2800,2800,0,0.0,02142,2025/04/30 14:19:12,
15063,2025/04/30 14:12:00,2025/04/30 14:14:00,2800,2800,0,0.0,吏???????,2025/04/30 14:19:12,
15064,2025/04/30 14:10:00,2025/04/30 14:14:00,2800,2800,0,0.0,吏???????,2025/04/30 14:19:12,
15065,2025/04/30 14:16:00,2025/04/30 14:15:00,2800,2800,0,0.0,吏???????,2025/04/30 14:19:12,
15066,2025/04/30 14:04:00,2025/04/30 14:15:00,2800,2800,0,0.0,04705,2025/04/30 14:19:12,
15067,2025/04/30 14:16:00,2025/04/30 14:15:00,2800,2800,0,0.0,50437,2025/04/30 14:19:12,
15068,2025/04/30 14:15:00,2025/04/30 14:15:00,2800,2800,0,0.0,50333,2025/04/30 14:19:12,
15069,2025/04/30 14:13:00,2025/04/30 14:22:00,2800,2800,0,0.0,吏???????,2025/04/30 14:19:12,
15070,2025/04/30 14:00:00,2025/04/30 14:15:00,2800,2800,0,0.0,吏???????,2025/04/30 14:19:12,
15071,2025/04/30 14:16:00,2025/04/30 14:16:00,2800,2800,0,0.0,吏???????,2025/04/30 14:19:12,
15072,2025/04/30 14:16:00,2025/04/30 14:16:00,2200,2200,0,0.0,52313,2025/04/30 14:19:12,
15073,2025/04/30 14:16:00,2025/04/30 14:16:00,2800,2800,0,0.0,吏???????,2025/04/30 14:19:12,
15074,2025/04/30 14:17:00,2025/04/30 14:17:00,2800,2800,0,0.0,吏???????,2025/04/30 14:19:12,
15075,2025/04/30 14:11:00,2025/04/30 14:19:00,2800,2800,0,0.0,吏???????,2025/04/30 14:19:12,
15076,2025/04/30 14:17:00,2025/04/30 14:17:00,2800,2800,0,0.0,06732,2025/04/30 14:19:12,
15077,2025/04/30 14:18:00,2025/04/30 14:18:00,2800,2800,0,0.0,07570,2025/04/30 14:22:32,
15078,2025/04/30 14:17:00,2025/04/30 14:17:00,2800,2800,0,0.0,吏???????,2025/04/30 14:22:32,
15079,2025/04/30 14:20:00,2025/04/30 14:13:00,2800,2800,0,0.0,50113,2025/04/30 14:26:12,
15080,2025/04/30 14:22:00,2025/04/30 14:22:00,2800,2800,0,0.0,吏???????,2025/04/30 14:26:12,
15081,2025/04/30 14:00:00,2025/04/30 14:19:00,11,11,0,0.0,52959,2025/04/30 14:26:12,
15082,2025/04/30 14:20:00,2025/04/30 14:22:00,1400,0,1400,100.0,04705,2025/04/30 14:26:12,
15083,2025/04/30 14:25:00,2025/04/30 14:25:00,2800,2800,0,0.0,22003,2025/04/30 14:29:32,
15084,2025/04/30 14:25:00,2025/04/30 14:25:00,2800,2800,0,0.0,23046,2025/04/30 14:29:32,2025/04/30 14:27:39
15085,2025/04/30 14:27:00,2025/04/30 14:27:00,2800,2800,0,0.0,吏???????,2025/04/30 14:29:32,
15086,2025/04/30 14:12:00,2025/04/30 15:45:00,2800,2800,0,0.0,10041,2025/04/30 14:29:32,
15087,2025/04/30 14:28:00,2025/04/30 14:28:00,2800,2800,0,0.0,23032,2025/04/30 14:33:12,
15088,2025/04/30 14:00:00,2025/04/30 14:29:00,2800,2800,0,0.0,吏???????,2025/04/30 14:33:12,
15089,2025/04/30 14:28:00,2025/04/30 14:26:00,2800,2800,0,0.0,14487,2025/04/30 14:33:12,
15090,2025/04/30 14:29:00,2025/04/30 14:28:00,2800,2800,0,0.0,15120,2025/04/30 14:33:12,
15091,2025/04/30 14:00:00,2025/04/30 14:32:00,2800,2800,0,0.0,01125,2025/04/30 14:36:32,
15092,2025/04/30 14:30:00,2025/04/30 14:35:00,2800,2800,0,0.0,22136,2025/04/30 14:40:12,
15093,2025/04/30 14:40:00,2025/04/30 14:40:00,2800,2800,0,0.0,12663,2025/04/30 14:43:32,
15094,2025/04/30 14:42:00,2025/04/30 14:45:00,2800,0,2800,100,01126,2025/04/30 14:47:12,2025/04/30 14:45:20
15095,2025/04/30 14:41:00,2025/04/30 14:46:00,2800,2800,0,0.0,吏???????,2025/04/30 14:47:12,
15096,2025/04/30 14:41:00,2025/04/30 14:47:00,2800,2800,0,0.0,17051,2025/04/30 14:47:12,
15097,2025/04/30 14:41:00,2025/04/30 14:53:00,2800,2800,0,0.0,13310,2025/04/30 14:47:12,
15098,2025/04/30 14:41:00,2025/04/30 15:41:00,2800,2800,0,0.0,18002,2025/04/30 14:47:12,
15099,2025/04/30 14:40:00,2025/04/30 15:40:00,2800,2800,0,0,吏???????,2025/04/30 14:47:12,2025/04/30 14:45:33
15100,2025/04/30 14:41:00,2025/04/30 14:41:00,2800,2800,0,0.0,17356,2025/04/30 14:47:12,
15101,2025/04/30 14:44:00,2025/04/30 14:44:00,2800,2800,0,0.0,吏???????,2025/04/30 14:47:12,
15102,2025/04/30 14:45:00,2025/04/30 14:44:00,2800,2800,0,0.0,吏???????,2025/04/30 14:47:12,
15103,2025/04/30 14:45:00,2025/04/30 14:46:00,2800,2800,0,0.0,吏???????,2025/04/30 14:50:32,
15104,2025/04/30 14:44:00,2025/04/30 14:44:00,3100,3100,0,0.0,40131,2025/04/30 14:50:32,
15105,2025/04/30 14:12:00,2025/04/30 14:49:00,2800,2800,0,0.0,吏???????,2025/04/30 14:54:12,
15106,2025/04/30 16:00:00,2025/04/30 14:49:00,2800,2800,0,0.0,37559,2025/04/30 14:54:12,
15107,2025/04/30 16:00:00,2025/04/30 15:50:00,3100,3100,0,0.0,吏???????,2025/04/30 14:54:12,
15108,2025/04/30 06:00:00,2025/04/30 15:48:00,3100,3100,0,0.0,吏???????,2025/04/30 14:54:12,
15109,2025/04/30 14:50:00,2025/04/30 14:56:00,3100,3100,0,0.0,40021,2025/04/30 14:54:12,
15110,2025/04/30 16:12:00,2025/04/30 14:43:00,2000,2000,0,0,39909,2025/04/30 14:54:12,2025/04/30 14:52:28
15111,2025/04/30 15:00:00,2025/04/30 14:39:00,3100,3100,0,0.0,38591,2025/04/30 14:54:12,
15112,2025/04/30 15:00:00,2025/04/30 14:28:00,3100,3100,0,0.0,吏???????,2025/04/30 14:54:12,
15113,2025/04/30 14:32:00,2025/04/30 14:32:00,2800,2800,0,0.0,吏???????,2025/04/30 14:54:12,
15114,2025/04/30 14:30:00,2025/04/30 14:51:00,2800,2800,0,0.0,42083,2025/04/30 14:54:12,
15115,2025/04/30 16:00:00,2025/04/30 15:03:00,3100,3100,0,0.0,吏???????,2025/04/30 14:54:12,
15116,2025/04/30 14:15:00,2025/04/30 14:51:00,2800,0,2800,100.0,38180,2025/04/30 14:54:12,
15117,2025/04/30 15:50:00,2025/04/30 15:49:00,2800,2800,0,0.0,38318,2025/04/30 14:54:12,
15118,2025/04/30 14:30:00,2025/04/30 14:52:00,3100,3100,0,0.0,42947,2025/04/30 14:54:12,
15119,2025/04/30 15:00:00,2025/04/30 15:02:00,1,1,0,0,38873,2025/04/30 14:57:32,2025/04/30 14:55:23
15120,2025/04/30 14:49:00,2025/04/30 14:49:00,2800,2800,0,0.0,40231,2025/04/30 14:57:32,
15121,2025/04/30 14:30:00,2025/04/30 14:53:00,1,1,0,0.0,吏???????,2025/04/30 14:57:32,
15122,2025/04/30 14:54:00,2025/04/30 14:54:00,2800,2800,0,0.0,吏???????,2025/04/30 14:57:32,
15123,2025/04/30 14:00:00,2025/04/30 14:55:00,2800,2800,0,0.0,吏???????,2025/04/30 14:57:32,
15124,2025/04/30 14:03:00,2025/04/30 14:57:00,2800,1400,1400,50,01126,2025/04/30 14:57:32,2025/04/30 14:57:11
15125,2025/04/30 14:00:00,2025/04/30 17:43:00,2800,2800,0,0.0,吏???????,2025/04/30 15:01:12,
15126,2025/04/30 16:00:00,2025/04/30 15:04:00,2800,2800,0,0.0,55626,2025/04/30 15:05:12,
15127,2025/04/30 15:00:00,2025/04/30 15:03:00,1400,700,700,50.0,吏???????,2025/04/30 15:05:12,
15128,2025/04/30 14:00:00,2025/04/30 15:04:00,2800,2800,0,0.0,吏???????,2025/04/30 15:08:32,
15129,2025/04/30 14:00:00,2025/04/30 15:05:00,2800,2800,0,0.0,55448,2025/04/30 15:08:32,
15130,2025/04/30 14:00:00,2025/04/30 15:00:00,2800,2800,0,0.0,吏???????,2025/04/30 15:08:32,
15131,2025/04/30 10:00:00,2025/04/30 15:01:00,2800,2800,0,0.0,54356,2025/04/30 15:08:32,
15132,2025/04/30 14:00:00,2025/04/30 15:08:00,2800,2800,0,0.0,56439,2025/04/30 15:08:32,
15133,2025/04/30 14:00:00,2025/04/30 15:04:00,2800,2800,0,0.0,56024,2025/04/30 15:08:32,
15134,2025/04/30 14:00:00,2025/04/30 15:03:00,2800,2800,0,0.0,56307,2025/04/30 15:08:32,
15136,2025/04/30 14:00:00,2025/04/30 15:08:00,2800,2800,0,0,54580,2025/04/30 15:12:12,2025/04/30 15:08:48
15137,2025/04/30 14:00:00,2025/04/30 15:08:00,2800,2800,0,0.0,55930,2025/04/30 15:12:12,
15138,2025/04/30 14:30:00,2025/04/30 15:06:00,1,0,1,100.0,吏???????,2025/04/30 15:12:12,
15139,2025/04/30 14:00:00,2025/04/30 15:10:00,2800,2800,0,0.0,54585,2025/04/30 15:12:12,
15140,2025/04/30 14:00:00,2025/04/30 15:11:00,2800,2800,0,0.0,54585,2025/04/30 15:12:12,
15141,2025/04/30 18:00:00,2025/04/30 15:16:00,1450,1450,0,0.0,55626,2025/04/30 15:17:12,
15142,2025/04/30 15:00:00,2025/04/30 15:18:00,2800,2800,0,0.0,吏???????,2025/04/30 15:20:32,
15143,2025/04/30 15:18:00,2025/04/30 15:18:00,2800,2800,0,0.0,06732,2025/04/30 15:20:32,
15144,2025/04/30 15:17:00,2025/04/30 15:19:00,2800,2800,0,0.0,吏???????,2025/04/30 15:20:32,
15145,2025/04/30 15:18:00,2025/04/30 15:18:00,2800,2800,0,0.0,吏???????,2025/04/30 15:20:32,
15146,2025/04/30 15:17:00,2025/04/30 15:17:00,2800,2800,0,0.0,吏???????,2025/04/30 15:20:32,
15147,2025/04/30 15:19:00,2025/04/30 15:19:00,2800,2800,0,0.0,吏???????,2025/04/30 15:20:32,
15148,2025/04/30 15:17:00,2025/04/30 15:21:00,2800,2800,0,0.0,吏???????,2025/04/30 15:24:12,
15149,2025/04/30 15:19:00,2025/04/30 15:19:00,2800,2800,0,0.0,吏???????,2025/04/30 15:24:12,
15150,2025/04/30 15:20:00,2025/04/30 15:20:00,2800,2800,0,0.0,07570,2025/04/30 15:24:12,
15151,2025/04/30 15:23:00,2025/04/30 15:22:00,2800,2800,0,0.0,吏???????,2025/04/30 15:24:12,
15152,2025/04/30 10:00:00,2025/04/30 15:19:00,2800,2800,0,0.0,吏???????,2025/04/30 15:24:12,
15153,2025/04/30 14:00:00,2025/04/30 15:27:00,1400,1400,0,0.0,55930,2025/04/30 15:27:32,
15154,2025/04/30 15:26:00,2025/04/30 15:25:00,2800,1400,1400,50.0,吏???????,2025/04/30 15:31:12,
15155,2025/04/30 14:00:00,2025/04/30 15:28:00,2800,1400,1400,50.0,54585,2025/04/30 15:31:12,
15156,2025/04/30 15:34:00,2025/04/30 15:36:00,2800,0,2800,100.0,吏???????,2025/04/30 15:38:12,
15157,2025/04/30 15:09:00,2025/04/30 16:50:00,3100,3100,0,0.0,吏???????,2025/04/30 15:51:12,
15158,2025/04/30 15:45:00,2025/04/30 15:49:00,3100,3100,0,0.0,43012,2025/04/30 15:54:32,
15159,2025/04/30 15:40:00,2025/04/30 15:50:00,2800,2800,0,0.0,42036,2025/04/30 15:54:32,
15160,2025/04/30 15:00:00,2025/04/30 15:28:00,2800,2800,0,0.0,吏???????,2025/04/30 15:54:32,
15161,2025/04/30 16:00:00,2025/04/30 15:38:00,3100,3100,0,0.0,38689,2025/04/30 15:54:32,
15162,2025/04/30 17:00:00,2025/04/30 15:43:00,2800,2800,0,0.0,吏???????,2025/04/30 15:54:32,
15163,2025/04/30 15:40:00,2025/04/30 15:49:00,2800,2800,0,0.0,吏???????,2025/04/30 15:54:32,
15164,2025/04/30 16:00:00,2025/04/30 16:48:00,3100,3100,0,0.0,吏???????,2025/04/30 15:54:32,
15165,2025/04/30 16:48:00,2025/04/30 16:48:00,2800,2800,0,0.0,38318,2025/04/30 15:54:32,
15166,2025/04/30 15:30:00,2025/04/30 15:51:00,2800,2800,0,0.0,吏???????,2025/04/30 15:54:32,
15167,2025/04/30 15:51:00,2025/04/30 15:51:00,2800,2800,0,0.0,吏???????,2025/04/30 15:54:32,
15168,2025/04/30 15:15:00,2025/04/30 15:51:00,2800,2800,0,0.0,吏???????,2025/04/30 15:54:32,
15169,2025/04/30 16:00:00,2025/04/30 15:52:00,2800,2800,0,0.0,37560,2025/04/30 15:54:32,
15170,2025/04/30 15:00:00,2025/04/30 16:02:00,3100,3100,0,0.0,38823,2025/04/30 15:54:32,
15171,2025/04/30 15:53:00,2025/04/30 15:58:00,3100,3100,0,0.0,40021,2025/04/30 15:54:32,
15172,2025/04/30 15:42:00,2025/04/30 18:41:00,2800,2800,0,0.0,吏???????,2025/04/30 15:58:12,
15173,2025/05/02 09:20:00,2025/05/02 09:29:00,2800,2800,0,0.0,63579,2025/05/02 09:32:35,
15174,2025/05/02 09:20:00,2025/05/02 09:31:00,2800,2800,0,0.0,63128,2025/05/02 09:36:15,
15175,2025/05/02 10:11:00,2025/05/02 10:11:00,2800,2800,0,0.0,01126,2025/05/02 10:12:16,
15176,2025/05/02 10:11:00,2025/05/02 10:11:00,2800,2800,0,0.0,03328,2025/05/02 10:15:36,
15177,2025/05/02 10:12:00,2025/05/02 10:12:00,2800,2800,0,0.0,吏???????,2025/05/02 10:15:36,
15178,2025/05/02 10:13:00,2025/05/02 10:13:00,2800,2800,0,0.0,吏???????,2025/05/02 10:15:36,
15179,2025/05/02 10:13:00,2025/05/02 10:12:00,2800,2800,0,0.0,04075,2025/05/02 10:15:36,
15180,2025/05/02 10:14:00,2025/05/02 10:14:00,2800,2800,0,0.0,02048,2025/05/02 10:19:16,
15181,2025/05/02 10:16:00,2025/05/02 10:16:00,2800,2800,0,0,04540,2025/05/02 10:19:16,2025/05/02 10:17:37
15182,2025/05/02 10:18:00,2025/05/02 10:18:00,2800,2800,0,0.0,吏???????,2025/05/02 10:22:36,
15183,2025/05/02 10:00:00,2025/05/02 10:17:00,2800,2800,0,0.0,吏???????,2025/05/02 10:22:36,
15184,2025/05/02 10:20:00,2025/05/02 10:20:00,2800,2800,0,0.0,21420,2025/05/02 10:22:36,
15185,2025/05/02 10:15:00,2025/05/02 10:23:00,2800,2800,0,0.0,22359,2025/05/02 10:26:16,
15186,2025/05/02 10:27:00,2025/05/02 10:27:00,2800,2800,0,0.0,14520,2025/05/02 10:29:36,
15187,2025/05/02 10:48:00,2025/05/02 10:48:00,2800,2800,0,0.0,22770,2025/05/02 10:50:16,
15188,2025/05/02 10:40:00,2025/05/02 10:50:00,2800,2800,0,0.0,04705,2025/05/02 10:53:36,
15189,2025/05/02 13:47:00,2025/05/02 13:46:00,3100,3100,0,0.0,吏???????,2025/05/02 13:48:15,
15190,2025/05/02 14:00:00,2025/05/02 14:17:00,2800,2800,0,0.0,12249,2025/05/02 14:20:15,
15191,2025/05/02 10:28:00,2025/05/02 15:13:00,2800,2800,0,0.0,吏???????,2025/05/02 15:16:15,
15192,2025/05/02 16:02:00,2025/05/02 16:05:00,2800,2800,0,0.0,吏???????,2025/05/02 16:06:16,
15193,2025/05/02 16:30:00,2025/05/02 16:30:00,2800,2800,0,0.0,吏???????,2025/05/02 16:32:16,
15194,2025/05/08 13:00:00,2025/05/08 13:13:00,3100,3100,0,0.0,吏???????,2025/05/08 13:14:46,
15195,2025/05/08 13:00:00,2025/05/08 13:15:00,3100,3100,0,0.0,39015,2025/05/08 13:18:06,
15196,2025/05/08 13:14:00,2025/05/08 13:14:00,3100,3100,0,0.0,吏???????,2025/05/08 13:18:06,
15197,2025/05/08 13:15:00,2025/05/08 13:15:00,3100,3100,0,0.0,吏???????,2025/05/08 13:18:06,
15198,2025/05/08 13:00:00,2025/05/09 10:00:00,3100,3100,0,0.0,36747,2025/05/08 13:18:06,
15199,2025/05/08 13:00:00,2025/05/08 13:15:00,3100,3100,0,0.0,吏???????,2025/05/08 13:18:06,
15200,2025/05/08 13:16:00,2025/05/08 13:16:00,3100,3100,0,0.0,04540,2025/05/08 13:18:06,
15201,2025/05/08 13:00:00,2025/05/08 13:18:00,3100,3100,0,0.0,39015,2025/05/08 13:21:06,2025/05/08 13:18:27
15202,2025/05/08 13:17:00,2025/05/08 13:17:00,31000,31000,0,0.0,吏???????,2025/05/08 13:21:06,
15203,2025/05/08 13:15:00,2025/05/08 13:17:00,3100,3100,0,0.0,吏???????,2025/05/08 13:21:06,
15204,2025/05/08 13:17:00,2025/05/08 13:16:00,3100,3100,0,0.0,吏???????,2025/05/08 13:21:06,
15205,2025/05/08 13:18:00,2025/05/08 13:17:00,3100,3100,0,0.0,13463,2025/05/08 13:21:06,
15206,2025/05/08 13:18:00,2025/05/08 14:18:00,3100,3100,0,0.0,18002,2025/05/08 13:21:06,
15207,2025/05/08 13:02:00,2025/05/08 13:21:00,3100,3100,0,0.0,35327,2025/05/08 13:21:06,
15208,2025/05/08 13:18:00,2025/05/08 13:18:00,3100,3100,0,0.0,03328,2025/05/08 13:21:06,
15209,2025/05/08 13:19:00,2025/05/08 13:19:00,3100,3100,0,0.0,吏???????,2025/05/08 13:21:06,
15210,2025/05/08 13:16:00,2025/05/08 13:17:00,3100,3100,0,0.0,39460,2025/05/08 13:21:06,
15211,2025/05/08 13:18:00,2025/05/08 13:40:00,3100,3100,0,0.0,吏???????,2025/05/08 13:21:06,
15212,2025/05/08 13:00:00,2025/05/08 13:19:00,3100,3100,0,0.0,36142,2025/05/08 13:21:06,
15213,2025/05/08 13:19:00,2025/05/08 13:19:00,3100,3100,0,0.0,12777,2025/05/08 13:21:06,
15214,2025/05/08 13:19:00,2025/05/08 13:19:00,3100,3100,0,0.0,34185,2025/05/08 13:21:06,
15215,2025/05/08 13:18:00,2025/05/08 13:22:00,3100,3100,0,0.0,12663,2025/05/08 13:21:06,
15216,2025/05/08 13:18:00,2025/05/08 13:18:00,3100,3100,0,0.0,吏???????,2025/05/08 13:21:06,
15217,2025/05/08 13:20:00,2025/05/08 13:19:00,3100,3100,0,0.0,36333,2025/05/08 13:21:06,
15218,2025/05/08 13:20:00,2025/05/08 13:20:00,3100,3100,0,0.0,吏???????,2025/05/08 13:24:46,
15219,2025/05/08 14:00:00,2025/05/08 13:30:00,3100,3100,0,0.0,34540,2025/05/08 13:24:46,
15220,2025/05/08 13:20:00,2025/05/08 13:20:00,3100,3100,0,0.0,31927,2025/05/08 13:24:46,
15221,2025/05/08 13:20:00,2025/05/08 13:20:00,3100,3100,0,0.0,吏???????,2025/05/08 13:24:46,
15222,2025/05/08 13:20:00,2025/05/08 13:20:00,3100,3100,0,0.0,02142,2025/05/08 13:24:46,
15223,2025/05/08 13:20:00,2025/05/08 13:19:00,3100,3100,0,0.0,吏???????,2025/05/08 13:24:46,
15224,2025/05/08 13:20:00,2025/05/08 13:20:00,3100,3100,0,0.0,36145,2025/05/08 13:24:46,
15225,2025/05/08 13:20:00,2025/05/08 13:20:00,3100,3100,0,0.0,04075,2025/05/08 13:24:46,
15226,2025/05/08 13:20:00,2025/05/08 13:36:00,3100,3100,0,0.0,吏???????,2025/05/08 13:24:46,
15227,2025/05/08 13:20:00,2025/05/08 13:20:00,3100,3100,0,0.0,33430,2025/05/08 13:24:46,
15228,2025/05/08 13:20:00,2025/05/08 13:20:00,1000,1000,0,0.0,32528,2025/05/08 13:24:46,
15229,2025/05/08 13:21:00,2025/05/08 13:20:00,3100,3100,0,0.0,32003,2025/05/08 13:24:46,
15230,2025/05/08 13:21:00,2025/05/08 13:21:00,3100,3100,0,0.0,吏???????,2025/05/08 13:24:46,
15231,2025/05/08 13:21:00,2025/05/08 13:16:00,3100,3100,0,0.0,吏???????,2025/05/08 13:24:46,
15232,2025/05/08 13:21:00,2025/05/08 13:21:00,3100,3100,0,0.0,吏???????,2025/05/08 13:24:46,
15233,2025/05/08 13:21:00,2025/05/08 13:21:00,3100,3100,0,0.0,吏???????,2025/05/08 13:24:46,2025/05/08 13:22:56
15234,2025/05/08 13:00:00,2025/05/08 13:21:00,3100,3100,0,0.0,32206,2025/05/08 13:24:46,
15235,2025/05/08 13:21:00,2025/05/08 13:21:00,3100,3100,0,0.0,51208,2025/05/08 13:24:46,
15236,2025/05/08 13:20:00,2025/05/08 13:20:00,3100,3100,0,0.0,53248,2025/05/08 13:24:46,
15237,2025/05/08 13:19:00,2025/05/08 13:22:00,3100,3100,0,0.0,58205,2025/05/08 13:24:46,
15238,2025/05/08 13:00:00,2025/05/08 13:21:00,3100,3100,0,0.0,52434,2025/05/08 13:24:46,
15239,2025/05/08 13:22:00,2025/05/08 13:21:00,3100,3100,0,0.0,50027,2025/05/08 13:24:46,
15240,2025/05/08 13:22:00,2025/05/08 13:22:00,3100,3100,0,0.0,50322,2025/05/08 13:24:46,
15241,2025/05/08 13:15:00,2025/05/08 13:22:00,3100,3100,0,0.0,吏???????,2025/05/08 13:24:46,
15242,2025/05/08 13:22:00,2025/05/08 13:22:00,3100,3100,0,0.0,52621,2025/05/08 13:24:46,
15243,2025/05/08 13:17:00,2025/05/08 12:58:00,3100,3100,0,0.0,吏???????,2025/05/08 13:24:46,
15245,2025/05/08 13:22:00,2025/05/08 13:22:00,3100,3100,0,0.0,吏???????,2025/05/08 13:24:46,
15246,2025/05/08 13:22:00,2025/05/08 13:23:00,3100,3100,0,0.0,吏???????,2025/05/08 13:24:46,
15247,2025/05/08 13:00:00,2025/05/08 13:22:00,3100,3100,0,0.0,吏???????,2025/05/08 13:24:46,
15248,2025/05/08 13:17:00,2025/05/08 13:22:00,3100,3100,0,0.0,31515,2025/05/08 13:24:46,
15249,2025/05/08 13:22:00,2025/05/08 13:22:00,3100,3100,0,0.0,59780,2025/05/08 13:24:46,
15250,2025/05/08 13:22:00,2025/05/08 13:22:00,3100,3100,0,0.0,17852,2025/05/08 13:24:46,
15251,2025/05/08 13:23:00,2025/05/08 13:18:00,3100,3100,0,0.0,57347,2025/05/08 13:24:46,
15252,2025/05/08 13:23:00,2025/05/08 13:22:00,3100,3100,0,0.0,32130,2025/05/08 13:24:46,
15253,2025/05/08 13:21:00,2025/05/08 13:22:00,3100,3100,0,0.0,吏???????,2025/05/08 13:24:46,2025/05/08 13:24:08
15254,2025/05/08 13:11:00,2025/05/08 13:23:00,3100,3100,0,0.0,33142,2025/05/08 13:24:46,
15255,2025/05/08 13:21:00,2025/05/08 13:21:00,3100,3100,0,0.0,吏???????,2025/05/08 13:24:46,
15256,2025/05/08 13:23:00,2025/05/08 13:23:00,3100,3100,0,0.0,吏???????,2025/05/08 13:24:46,
15257,2025/05/08 13:00:00,2025/05/08 13:23:00,3100,3100,0,0.0,57799,2025/05/08 13:24:46,
15258,2025/05/08 13:22:00,2025/05/08 13:22:00,3100,3100,0,0.0,58026,2025/05/08 13:24:46,
15259,2025/05/08 13:20:00,2025/05/08 13:23:00,3100,3100,0,0.0,吏???????,2025/05/08 13:27:46,
15260,2025/05/08 13:23:00,2025/05/08 13:23:00,3100,3100,0,0.0,吏???????,2025/05/08 13:27:46,
15261,2025/05/08 13:24:00,2025/05/08 13:24:00,3100,3100,0,0.0,59201,2025/05/08 13:27:46,
15262,2025/05/08 13:23:00,2025/05/08 13:23:00,3100,3100,0,0.0,04705,2025/05/08 13:27:46,
15263,2025/05/08 13:23:00,2025/05/08 13:23:00,3100,3100,0,0.0,59538,2025/05/08 13:27:46,
15264,2025/05/08 13:23:00,2025/05/08 13:23:00,3100,3100,0,0.0,58751,2025/05/08 13:27:46,
15265,2025/05/08 13:24:00,2025/05/08 13:24:00,3100,3100,0,0.0,58126,2025/05/08 13:27:46,
15266,2025/05/08 13:24:00,2025/05/08 13:24:00,3100,3100,0,0.0,吏???????,2025/05/08 13:27:46,
15267,2025/05/08 14:07:00,2025/05/08 13:22:00,3100,3100,0,0.0,吏???????,2025/05/08 13:27:46,
15268,2025/05/08 13:23:00,2025/05/08 13:23:00,3100,3100,0,0.0,吏???????,2025/05/08 13:27:46,
15269,2025/05/08 13:24:00,2025/05/08 13:24:00,3100,3100,0,0.0,吏???????,2025/05/08 13:27:46,
15270,2025/05/08 13:24:00,2025/05/08 13:24:00,3100,3100,0,0.0,吏???????,2025/05/08 13:27:46,
15271,2025/05/08 13:21:00,2025/05/08 13:22:00,3100,3100,0,0.0,59240,2025/05/08 13:27:46,
15272,2025/05/08 13:23:00,2025/05/08 13:23:00,3100,3100,0,0.0,62434,2025/05/08 13:27:46,2025/05/08 13:25:04
15273,2025/05/08 13:23:00,2025/05/08 13:23:00,3100,3100,0,0.0,吏???????,2025/05/08 13:27:46,
15274,2025/05/08 13:00:00,2025/05/08 13:25:00,3100,0,3100,100,39015,2025/05/08 13:27:46,2025/05/08 13:26:36
15275,2025/05/08 13:23:00,2025/05/08 13:23:00,3100,3100,0,0.0,33309,2025/05/08 13:27:46,
15276,2025/05/08 13:22:00,2025/05/08 13:24:00,3100,3100,0,0.0,吏???????,2025/05/08 13:27:46,
15277,2025/05/08 13:24:00,2025/05/08 13:24:00,3100,3100,0,0.0,13127,2025/05/08 13:27:46,
15278,2025/05/08 13:20:00,2025/05/08 13:24:00,3100,3100,0,0.0,51440,2025/05/08 13:27:46,
15279,2025/05/08 13:00:00,2025/05/08 13:24:00,3100,3100,0,0.0,37403,2025/05/08 13:27:46,
15280,2025/05/08 13:23:00,2025/05/08 13:23:00,3100,3100,0,0.0,吏???????,2025/05/08 13:27:46,
15281,2025/05/08 13:20:00,2025/05/08 13:24:00,3100,3100,0,0.0,34058,2025/05/08 13:27:46,
15282,2025/05/08 13:24:00,2025/05/08 13:17:00,3100,3100,0,0.0,50113,2025/05/08 13:27:46,
15283,2025/05/08 13:22:00,2025/05/08 23:24:00,3100,3100,0,0.0,32738,2025/05/08 13:27:46,
15284,2025/05/08 13:19:00,2025/05/08 13:25:00,3100,3100,0,0.0,吏???????,2025/05/08 13:27:46,
15285,2025/05/08 13:23:00,2025/05/08 13:23:00,3100,3100,0,0.0,31422,2025/05/08 13:27:46,
15286,2025/05/08 13:24:00,2025/05/08 13:23:00,3100,3100,0,0.0,52313,2025/05/08 13:27:46,
15287,2025/05/08 13:25:00,2025/05/08 13:25:00,3100,3100,0,0.0,35422,2025/05/08 13:27:46,
15288,2025/05/08 13:08:00,2025/05/08 13:24:00,3100,3100,0,0.0,52237,2025/05/08 13:27:46,
15289,2025/05/08 13:25:00,2025/05/08 13:25:00,3100,3100,0,0.0,吏???????,2025/05/08 13:27:46,
15290,2025/05/08 13:25:00,2025/05/08 14:10:00,3100,3100,0,0.0,17577,2025/05/08 13:27:46,
15291,2025/05/08 13:30:00,2025/05/08 13:30:00,3100,3100,0,0.0,吏???????,2025/05/08 13:27:46,
15292,2025/05/08 13:26:00,2025/05/08 13:26:00,3100,3100,0,0.0,吏???????,2025/05/08 13:27:46,
15293,2025/05/08 13:26:00,2025/05/08 13:26:00,3100,3100,0,0.0,21999,2025/05/08 13:27:46,
15294,2025/05/08 13:26:00,2025/05/08 14:00:00,3100,3100,0,0.0,吏???????,2025/05/08 13:31:06,
15295,2025/05/08 13:26:00,2025/05/08 13:26:00,3100,3100,0,0.0,21420,2025/05/08 13:31:06,
15296,2025/05/08 13:19:00,2025/05/08 13:27:00,3100,3100,0,0.0,吏???????,2025/05/08 13:31:06,
15297,2025/05/08 13:26:00,2025/05/08 13:25:00,3100,3100,0,0.0,18544,2025/05/08 13:31:06,
15298,2025/05/08 13:27:00,2025/05/08 13:27:00,3100,3100,0,0.0,15058,2025/05/08 13:31:06,
15299,2025/05/08 13:20:00,2025/05/08 13:26:00,3100,3100,0,0.0,57216,2025/05/08 13:31:06,
15300,2025/05/08 13:26:00,2025/05/08 13:26:00,3100,3100,0,0.0,23105,2025/05/08 13:31:06,
15301,2025/05/08 13:26:00,2025/05/08 13:24:00,3100,3100,0,0.0,吏???????,2025/05/08 13:31:06,
15302,2025/05/08 13:25:00,2025/05/08 14:51:00,3100,3100,0,0.0,10041,2025/05/08 13:31:06,
15303,2025/05/08 13:20:00,2025/05/08 13:25:00,3100,3100,0,0.0,吏???????,2025/05/08 13:31:06,
15304,2025/05/08 13:19:00,2025/05/08 13:24:00,3100,3100,0,0.0,59030,2025/05/08 13:31:06,
15305,2025/05/08 13:20:00,2025/05/08 13:28:00,3100,3100,0,0.0,57216,2025/05/08 13:31:06,
15306,2025/05/08 13:26:00,2025/05/08 13:26:00,3100,3100,0,0.0,22376,2025/05/08 13:31:06,
15307,2025/05/08 13:20:00,2025/05/08 13:28:00,3100,3100,0,0.0,57216,2025/05/08 13:31:06,
15308,2025/05/08 13:20:00,2025/05/08 13:28:00,3100,3100,0,0.0,57216,2025/05/08 13:31:06,
15309,2025/05/08 13:27:00,2025/05/08 13:27:00,3100,3100,0,0.0,22136,2025/05/08 13:31:06,
15310,2025/05/08 13:28:00,2025/05/08 13:27:00,3100,3100,0,0.0,23042,2025/05/08 13:31:06,
15311,2025/05/08 13:20:00,2025/05/08 13:28:00,3100,3100,0,0.0,57216,2025/05/08 13:31:06,
15312,2025/05/08 13:28:00,2025/05/08 13:28:00,3100,3100,0,0.0,15120,2025/05/08 13:31:06,
15313,2025/05/08 13:28:00,2025/05/08 13:27:00,3100,3100,0,0.0,23017,2025/05/08 13:31:06,
15314,2025/05/08 13:00:00,2025/05/08 13:28:00,502,502,0,0.0,吏???????,2025/05/08 13:31:06,
15315,2025/05/08 13:20:00,2025/05/08 13:23:00,3100,3100,0,0.0,吏???????,2025/05/08 13:31:06,
15316,2025/05/08 13:00:00,2025/05/08 13:30:00,3100,3100,0,0.0,31776,2025/05/08 13:34:46,
15317,2025/05/08 13:30:00,2025/05/08 13:30:00,3100,3100,0,0.0,22711,2025/05/08 13:34:46,
15318,2025/05/08 13:30:00,2025/05/08 13:30:00,3100,3100,0,0.0,18137,2025/05/08 13:34:46,
15319,2025/05/08 13:33:00,2025/05/08 13:34:00,3100,1550,1550,50,01126,2025/05/08 13:34:46,2025/05/08 13:34:16
15320,2025/05/08 13:00:00,2025/05/08 13:33:00,502,502,0,0.0,吏???????,2025/05/08 13:34:46,
15321,2025/05/08 13:15:00,2025/05/08 13:35:00,3100,1550,1550,50.0,35422,2025/05/08 13:37:46,
15322,2025/05/08 13:21:00,2025/05/08 13:34:00,3100,3100,0,0.0,58687,2025/05/08 13:37:46,
15323,2025/05/08 13:37:00,2025/05/08 13:37:00,3100,3100,0,0.0,吏???????,2025/05/08 13:41:06,
15324,2025/05/08 13:30:00,2025/05/08 13:40:00,3100,3100,0,0.0,59408,2025/05/08 13:41:06,
15325,2025/05/08 13:30:00,2025/05/08 13:39:00,3100,3100,0,0.0,63579,2025/05/08 13:44:46,
15326,2025/05/08 13:00:00,2025/05/08 13:42:00,3100,1550,1550,50.0,吏???????,2025/05/08 13:44:46,
15327,2025/05/08 13:30:00,2025/05/08 13:42:00,3100,3100,0,0.0,63139,2025/05/08 13:44:46,
15328,2025/05/08 13:20:00,2025/05/08 13:42:00,3100,3100,0,0.0,吏???????,2025/05/08 13:44:46,
15329,2025/05/08 13:11:00,2025/05/08 13:42:00,3100,3100,0,0.0,吏???????,2025/05/08 13:44:46,
15330,2025/05/08 13:27:00,2025/05/08 13:44:00,3100,3100,0,0.0,31101,2025/05/08 13:47:46,
15331,2025/05/08 13:23:00,2025/05/08 13:47:00,3100,1550,1550,50,58686,2025/05/08 13:50:46,2025/05/08 13:48:37
15332,2025/05/08 14:15:00,2025/05/08 14:15:00,3100,3100,0,0.0,吏???????,2025/05/08 14:16:06,
15333,2025/05/08 14:15:00,2025/05/08 14:15:00,3100,3100,0,0.0,吏???????,2025/05/08 14:19:46,
15334,2025/05/08 14:15:00,2025/05/08 14:15:00,3100,3100,0,0.0,吏???????,2025/05/08 14:19:46,
15335,2025/05/08 14:15:00,2025/05/08 14:16:00,3100,3100,0,0.0,吏???????,2025/05/08 14:19:46,
15336,2025/05/08 14:15:00,2025/05/08 14:15:00,3100,3100,0,0.0,吏???????,2025/05/08 14:19:46,
15337,2025/05/08 14:16:00,2025/05/08 14:16:00,3100,3100,0,0.0,吏???????,2025/05/08 14:19:46,
15338,2025/05/08 14:16:00,2025/05/08 14:16:00,3100,3100,0,0.0,46040,2025/05/08 14:19:46,
15339,2025/05/08 14:16:00,2025/05/08 14:16:00,3100,3100,0,0.0,07570,2025/05/08 14:19:46,
15340,2025/05/08 14:15:00,2025/05/08 14:16:00,3100,3100,0,0.0,46957,2025/05/08 14:19:46,
15341,2025/05/08 18:00:00,2025/05/08 14:16:00,3100,3100,0,0.0,46284,2025/05/08 14:19:46,
15342,2025/05/08 14:16:00,2025/05/08 14:16:00,3100,3100,0,0.0,46233,2025/05/08 14:19:46,
15343,2025/05/08 14:15:00,2025/05/08 14:15:00,3100,3100,0,0.0,47329,2025/05/08 14:19:46,
15344,2025/05/08 14:15:00,2025/05/08 14:15:00,3100,3100,0,0.0,吏???????,2025/05/08 14:19:46,
15345,2025/05/08 14:16:00,2025/05/08 14:16:00,3100,3100,0,0.0,吏???????,2025/05/08 14:19:46,
15346,2025/05/08 14:17:00,2025/05/08 14:17:00,3100,3100,0,0.0,46532,2025/05/08 14:19:46,
15347,2025/05/08 14:00:00,2025/05/08 14:17:00,3100,3100,0,0.0,42035,2025/05/08 14:19:46,
15348,2025/05/08 14:00:00,2025/05/08 14:16:00,3100,3100,0,0.0,吏???????,2025/05/08 14:19:46,
15349,2025/05/08 14:18:00,2025/05/08 14:17:00,3100,3100,0,0.0,吏???????,2025/05/08 14:19:46,
15350,2025/05/08 15:00:00,2025/05/08 14:17:00,3100,3100,0,0.0,37563,2025/05/08 14:19:46,
15351,2025/05/08 14:17:00,2025/05/08 14:16:00,3100,3100,0,0.0,06732,2025/05/08 14:19:46,
15352,2025/05/08 14:17:00,2025/05/08 14:16:00,3100,3100,0,0.0,吏???????,2025/05/08 14:19:46,
15353,2025/05/08 14:17:00,2025/05/08 14:17:00,3100,3100,0,0.0,吏???????,2025/05/08 14:19:46,
15354,2025/05/08 14:17:00,2025/05/08 14:19:00,3100,3100,0,0.0,吏???????,2025/05/08 14:19:46,
15355,2025/05/08 14:00:00,2025/05/08 14:17:00,3100,3100,0,0.0,吏???????,2025/05/08 14:19:46,
15356,2025/05/08 14:16:00,2025/05/08 14:16:00,3100,3100,0,0.0,40131,2025/05/08 14:19:46,
15357,2025/05/08 14:00:00,2025/05/08 14:17:00,3100,3100,0,0.0,44954,2025/05/08 14:19:46,
15358,2025/05/08 14:17:00,2025/05/08 14:17:00,3100,3100,0,0.0,38321,2025/05/08 14:19:46,
15359,2025/05/08 14:16:00,2025/05/08 14:16:00,3100,3100,0,0.0,吏???????,2025/05/08 14:19:46,
15360,2025/05/08 14:17:00,2025/05/08 14:18:00,3100,3100,0,0.0,吏???????,2025/05/08 14:19:46,
15361,2025/05/08 14:18:00,2025/05/08 14:17:00,3100,3100,0,0.0,44959,2025/05/08 14:19:46,
15362,2025/05/08 14:17:00,2025/05/08 14:17:00,3100,3100,0,0.0,吏???????,2025/05/08 14:19:46,
15363,2025/05/08 14:18:00,2025/05/08 14:18:00,3100,3100,0,0.0,43006,2025/05/08 14:19:46,
15364,2025/05/08 14:08:00,2025/05/08 14:18:00,3100,3100,0,0.0,吏???????,2025/05/08 14:19:46,
15365,2025/05/08 14:18:00,2025/05/08 14:18:00,3100,3100,0,0.0,吏???????,2025/05/08 14:19:46,
15366,2025/05/08 14:18:00,2025/05/08 14:17:00,3100,3100,0,0.0,42976,2025/05/08 14:19:46,
15367,2025/05/08 14:17:00,2025/05/08 14:17:00,3100,3100,0,0.0,49345,2025/05/08 14:19:46,
15368,2025/05/08 14:10:00,2025/05/08 14:17:00,3100,3100,0,0.0,50576,2025/05/08 14:19:46,
15369,2025/05/08 14:17:00,2025/05/08 14:17:00,3100,3100,0,0.0,44240,2025/05/08 14:19:46,
15370,2025/05/08 14:17:00,2025/05/08 14:17:00,3100,3100,0,0.0,吏???????,2025/05/08 14:19:46,
15371,2025/05/08 14:17:00,2025/05/08 14:17:00,3100,3100,0,0.0,40021,2025/05/08 14:19:46,
15372,2025/05/08 14:18:00,2025/05/08 14:18:00,3100,3100,0,0.0,24298,2025/05/08 14:19:46,
15373,2025/05/08 14:18:00,2025/05/08 14:18:00,3100,3100,0,0.0,吏???????,2025/05/08 14:19:46,
15374,2025/05/08 14:05:00,2025/05/08 14:17:00,3100,3100,0,0.0,38475,2025/05/08 14:22:47,
15375,2025/05/08 14:18:00,2025/05/08 14:18:00,3100,3100,0,0.0,吏???????,2025/05/08 14:22:47,
15376,2025/05/08 14:19:00,2025/05/08 14:18:00,3100,3100,0,0.0,25924,2025/05/08 14:22:47,
15377,2025/05/08 14:18:00,2025/05/08 14:18:00,3100,3100,0,0.0,吏???????,2025/05/08 14:22:47,
15378,2025/05/08 14:19:00,2025/05/08 14:19:00,3100,3100,0,0.0,24126,2025/05/08 14:22:47,
15379,2025/05/08 14:19:00,2025/05/08 14:21:00,3100,3100,0,0.0,吏???????,2025/05/08 14:22:47,
15380,2025/05/08 14:00:00,2025/05/08 14:19:00,3100,3100,0,0.0,吏???????,2025/05/08 14:22:47,
15381,2025/05/08 14:19:00,2025/05/08 14:19:00,3100,3100,0,0.0,吏???????,2025/05/08 14:22:47,
15382,2025/05/08 14:07:00,2025/05/08 14:19:00,3100,3100,0,0.0,24527,2025/05/08 14:22:47,
15383,2025/05/08 14:13:00,2025/05/08 14:25:00,3100,3100,0,0.0,吏???????,2025/05/08 14:22:47,
15384,2025/05/08 14:20:00,2025/05/08 14:19:00,3100,3100,0,0.0,吏???????,2025/05/08 14:22:47,
15385,2025/05/08 14:20:00,2025/05/08 14:19:00,3100,3100,0,0.0,吏???????,2025/05/08 14:22:47,
15386,2025/05/08 14:00:00,2025/05/08 14:19:00,3100,3100,0,0.0,12249,2025/05/08 14:22:47,
15387,2025/05/08 14:16:00,2025/05/08 14:18:00,3100,3100,0,0.0,25745,2025/05/08 14:22:47,
15388,2025/05/08 14:19:00,2025/05/08 14:24:00,3100,3100,0,0.0,吏???????,2025/05/08 14:22:47,
15389,2025/05/08 14:20:00,2025/05/08 14:19:00,3100,3100,0,0.0,25499,2025/05/08 14:22:47,
15390,2025/05/08 14:19:00,2025/05/08 14:18:00,3100,3100,0,0.0,11110,2025/05/08 14:22:47,
15391,2025/05/08 14:10:00,2025/05/08 14:19:00,3100,3100,0,0.0,38896,2025/05/08 14:22:47,
15392,2025/05/08 14:08:00,2025/05/08 14:19:00,3100,3100,0,0.0,24055,2025/05/08 14:22:47,
15393,2025/05/08 14:20:00,2025/05/08 14:19:00,3100,3100,0,0.0,25820,2025/05/08 14:22:47,
15394,2025/05/08 14:15:00,2025/05/08 14:19:00,3100,3100,0,0.0,吏???????,2025/05/08 14:22:47,
15395,2025/05/08 14:20:00,2025/05/08 14:19:00,3100,3100,0,0.0,吏???????,2025/05/08 14:22:47,
15396,2025/05/08 14:20:00,2025/05/08 14:20:00,3100,3100,0,0.0,38591,2025/05/08 14:22:47,
15397,2025/05/08 14:09:00,2025/05/08 14:20:00,3100,3100,0,0.0,25148,2025/05/08 14:22:47,
15398,2025/05/08 14:20:00,2025/05/08 14:20:00,3100,3100,0,0.0,吏???????,2025/05/08 14:22:47,
15399,2025/05/08 14:20:00,2025/05/08 14:20:00,3100,3100,0,0.0,吏???????,2025/05/08 14:22:47,
15400,2025/05/08 14:20:00,2025/05/08 14:20:00,3100,3100,0,0.0,25014,2025/05/08 14:22:47,
15401,2025/05/08 14:18:00,2025/05/08 14:21:00,3100,3100,0,0.0,25745,2025/05/08 14:26:06,
15402,2025/05/08 14:21:00,2025/05/08 14:16:00,3100,3100,0,0.0,40213,2025/05/08 14:26:06,
15403,2025/05/08 14:20:00,2025/05/08 14:21:00,3100,3100,0,0.0,11935,2025/05/08 14:26:06,
15404,2025/05/08 14:22:00,2025/05/08 14:22:00,3100,3100,0,0.0,10894,2025/05/08 14:26:06,
15405,2025/05/08 14:22:00,2025/05/08 14:22:00,3100,3100,0,0.0,49039,2025/05/08 14:26:06,
15406,2025/05/08 14:00:00,2025/05/08 14:22:00,102,102,0,0.0,26127,2025/05/08 14:26:06,
15407,2025/05/08 14:24:00,2025/05/08 14:24:00,3100,3100,0,0.0,吏???????,2025/05/08 14:26:06,
15408,2025/05/08 14:19:00,2025/05/08 14:23:00,3100,3100,0,0.0,吏???????,2025/05/08 14:26:06,
15409,2025/05/08 14:10:00,2025/05/08 14:22:00,3100,3100,0,0.0,24827,2025/05/08 14:29:46,
15410,2025/05/08 14:24:00,2025/05/08 14:23:00,3100,3100,0,0.0,25234,2025/05/08 14:29:46,
15411,2025/05/08 14:25:00,2025/05/08 14:25:00,3100,3100,0,0.0,26377,2025/05/08 14:29:46,
15412,2025/05/08 14:10:00,2025/05/08 14:28:00,3100,3100,0,0.0,吏???????,2025/05/08 14:29:46,
15413,2025/05/08 14:10:00,2025/05/08 14:32:00,3100,3100,0,0.0,56014,2025/05/08 14:35:06,
15414,2025/05/08 13:00:00,2025/05/08 14:33:00,3100,3100,0,0.0,吏???????,2025/05/08 14:35:06,
15415,2025/05/08 14:00:00,2025/05/08 14:33:00,3100,3100,0,0.0,吏???????,2025/05/08 14:35:06,
15416,2025/05/08 13:00:00,2025/05/08 14:33:00,3100,3100,0,0.0,吏???????,2025/05/08 14:35:06,
15417,2025/05/08 14:00:00,2025/05/08 14:33:00,3100,3100,0,0.0,54423,2025/05/08 14:35:06,
15418,2025/05/08 14:00:00,2025/05/08 14:33:00,3100,3100,0,0.0,吏???????,2025/05/08 14:38:46,
15419,2025/05/08 14:00:00,2025/05/08 14:34:00,3100,3100,0,0.0,56317,2025/05/08 14:38:46,
15420,2025/05/08 15:00:00,2025/05/08 14:33:00,3100,3100,0,0.0,55737,2025/05/08 14:38:46,
15421,2025/05/08 13:00:00,2025/05/08 14:34:00,3100,3100,0,0.0,55141,2025/05/08 14:38:46,
15422,2025/05/08 14:00:00,2025/05/08 14:33:00,3100,3100,0,0.0,吏???????,2025/05/08 14:38:46,
15423,2025/05/08 13:00:00,2025/05/08 14:34:00,3100,3100,0,0.0,56158,2025/05/08 14:38:46,
15424,2025/05/08 14:34:00,2025/05/08 14:34:00,3100,3100,0,0.0,54361,2025/05/08 14:38:46,
15425,2025/05/08 14:00:00,2025/05/08 14:35:00,3100,3100,0,0.0,54591,2025/05/08 14:38:46,
15426,2025/05/08 04:00:00,2025/05/08 14:34:00,3100,3100,0,0.0,55626,2025/05/08 14:38:46,
15427,2025/05/08 14:00:00,2025/05/08 14:35:00,3100,3100,0,0.0,吏???????,2025/05/08 14:38:46,
15428,2025/05/08 14:00:00,2025/05/08 14:37:00,3100,3100,0,0.0,吏???????,2025/05/08 14:38:46,
15429,2025/05/08 15:00:00,2025/05/08 14:49:00,1550,1550,0,0.0,55141,2025/05/08 14:50:06,
15430,2025/05/08 15:00:00,2025/05/08 14:55:00,3100,0,3100,100.0,55141,2025/05/08 14:56:46,
15431,2025/05/26 11:00:00,2025/05/26 11:17:00,3100,3100,0,0.0,28614,2025/05/26 11:20:35,
15433,2025/05/27 13:00:00,2025/05/27 16:24:00,3100,3100,0,0.0,27640,2025/05/27 16:26:37,
15434,2025/05/27 16:24:00,2025/05/27 16:24:00,3100,3100,0,0.0,27010,2025/05/27 16:29:37,
15435,2025/05/27 16:00:00,2025/05/27 16:27:00,3100,3100,0,0.0,吏???????,2025/05/27 16:29:37,
15436,2025/05/27 16:26:00,2025/05/27 16:26:00,3100,3100,0,0.0,28179,2025/05/27 16:29:37,
15438,2025/05/27 16:32:00,2025/05/27 16:32:00,3100,3100,0,0.0,吏???????,2025/05/27 16:35:37,
15439,2025/05/27 16:30:00,2025/05/27 16:33:00,3100,3100,0,0.0,吏???????,2025/05/27 16:35:37,
15440,2025/05/27 16:00:00,2025/05/27 16:38:00,3100,3100,0,0.0,29151,2025/05/27 16:39:57,
15441,2025/05/27 16:32:00,2025/05/27 16:39:00,3100,1950,1150,37.1,吏???????,2025/05/27 16:43:37,
15442,2025/05/27 16:00:00,2025/05/27 16:53:00,3100,3100,0,0.0,28351,2025/05/27 16:52:57,
15446,2025/05/28 13:30:00,2025/05/28 13:50:00,3100,3100,0,0.0,28614,2025/05/28 13:53:40,
15447,2025/05/28 13:00:00,2025/05/28 13:51:00,3100,3100,0,0.0,29024,2025/05/28 13:56:39,
15448,2025/05/28 13:50:00,2025/05/28 14:09:00,3100,3100,0,0.0,吏???????,2025/05/28 14:07:40,
15449,2025/05/28 13:55:00,2025/05/28 14:05:00,3100,3100,0,0.0,吏???????,2025/05/28 14:10:40,
15450,2025/05/28 13:50:00,2025/05/28 14:08:00,3100,3100,0,0.0,吏???????,2025/05/28 14:10:40,
15451,2025/05/28 14:28:00,2025/05/28 14:12:00,3100,3100,0,0.0,吏???????,2025/05/28 14:13:39,
15452,2025/05/28 13:40:00,2025/05/28 14:31:00,3100,0,3100,100.0,吏???????,2025/05/28 14:32:40,
15453,2025/05/28 05:00:00,2025/05/28 14:32:00,3100,0,3100,100,吏???????,2025/05/28 14:35:40,2025/05/28 14:34:05
15454,2025/05/29 08:00:00,2025/05/29 13:10:00,215,215,0,0.0,47319,2025/05/29 13:20:41,
15455,2025/05/29 08:00:00,2025/05/29 14:00:00,15,15,0,0.0,47319,2025/05/29 14:08:41,
15456,2025/05/29 16:16:00,2025/05/29 16:16:00,3100,3100,0,0.0,吏???????,2025/05/29 16:17:42,
15457,2025/05/29 16:00:00,2025/05/29 16:16:00,3100,3100,0,0.0,28614,2025/05/29 16:17:42,
15458,2025/05/29 16:16:00,2025/05/29 16:16:00,3100,3100,0,0.0,27705,2025/05/29 16:17:42,
15459,2025/05/29 16:15:00,2025/05/29 16:14:00,3100,3100,0,0.0,29024,2025/05/29 16:17:42,
15461,2025/05/29 14:00:00,2025/05/29 16:16:00,3100,3100,0,0.0,27459,2025/05/29 16:20:42,
15462,2025/05/29 16:15:00,2025/05/29 16:16:00,3100,3100,0,0.0,吏???????,2025/05/29 16:20:42,
15463,2025/05/29 16:16:00,2025/05/29 16:16:00,3100,3100,0,0.0,27010,2025/05/29 16:20:42,
15465,2025/05/29 16:19:00,2025/05/29 16:18:00,3100,3100,0,0.0,28952,2025/05/29 16:20:42,
15466,2025/05/29 16:13:00,2025/05/29 16:19:00,3100,3100,0,0.0,29149,2025/05/29 16:23:42,
15467,2025/05/29 16:23:00,2025/05/29 16:21:00,3100,3100,0,0.0,28351,2025/05/29 16:23:42,
15468,2025/05/29 17:22:00,2025/05/29 17:22:00,3100,3100,0,0.0,28759,2025/05/29 17:24:02,
15481,2025/06/04 13:36:00,2025/06/04 13:36:00,3100,3100,0,0.0,28770,2025/06/04 13:40:33,
15486,2026/01/10 17:24:00,2026/01/10 22:28:00,318,318,0,0.0,吏???????,2026/01/10 22:41:43,
15487,2026/04/16 15:00:00,2026/04/16 14:36:00,1500,1500,0,0.0,吏???????,2026/04/16 14:34:32,
15490,2026/04/21 09:00:00,2026/04/21 09:23:00,600,500,100,16.67,13916,2026/04/21 09:25:39,
15492,2026/04/21 09:00:00,2026/04/21 15:15:00,100,0,100,100.0,13910,2026/04/21 13:16:39,
15493,2026/04/21 17:00:00,2026/04/21 17:41:00,10,10,0,0.0,52340,2026/04/21 17:42:59,
15495,2026/04/22 06:00:00,2026/04/22 14:38:00,22,22,0,0.0,吏???????,2026/04/22 14:44:01,
15496,2026/04/27 17:00:00,2026/04/27 17:38:00,100,100,0,0.0,36073,2026/04/27 17:40:29,
15498,2026/04/29 15:00:00,2026/04/29 10:27:00,1500,200,1300,86.67,36096,2026/04/29 10:31:32,2026/04/29 10:30:33
15499,2026/05/07 10:30:00,2026/05/08 10:30:00,600,500,100,16.67,32131,2026/05/07 10:33:04,