"행정구역(동읍면)별","5세별","항목","단위","2020 년","2021 년","2022 년","2023 년","2024 년","2025 년",
"전국","0 - 4세","남자인구수[명]","명","860253","785425","731554","683649","650872","642614",
"전국","0 - 4세","여자인구수[명]","명","816770","745044","696036","650939","620904","611887",
"전국","5 - 9세","남자인구수[명]","명","1175459","1142373","1078825","1024361","958188","874056",
"전국","5 - 9세","여자인구수[명]","명","1117588","1087508","1026227","973943","910154","830666",
"전국","10 - 14세","남자인구수[명]","명","1204016","1215920","1212181","1197204","1192516","1176470",
"전국","10 - 14세","여자인구수[명]","명","1133573","1148276","1145771","1133765","1131787","1119487",
"전국","15 - 19세","남자인구수[명]","명","1274757","1215429","1211418","1196135","1181242","1199373",
"전국","15 - 19세","여자인구수[명]","명","1180990","1129691","1133826","1124356","1113720","1133013",
"전국","20 - 24세","남자인구수[명]","명","1695036","1624175","1532372","1452989","1374627","1266398",
"전국","20 - 24세","여자인구수[명]","명","1554640","1497147","1409469","1341451","1273187","1178273",
"전국","25 - 29세","남자인구수[명]","명","1878631","1867507","1829217","1783849","1725897","1684130",
"전국","25 - 29세","여자인구수[명]","명","1677846","1667094","1646123","1619197","1581945","1553441",
"전국","30 - 34세","남자인구수[명]","명","1636675","1675607","1737578","1785954","1834878","1866995",
"전국","30 - 34세","여자인구수[명]","명","1509323","1540454","1579679","1613298","1644334","1676560",
"전국","35 - 39세","남자인구수[명]","명","1904873","1797104","1691286","1635037","1623100","1625814",
"전국","35 - 39세","여자인구수[명]","명","1822246","1710270","1606968","1541259","1522251","1507088",
"전국","40 - 44세","남자인구수[명]","명","1996771","2030491","2052382","2059426","1979705","1887668",
"전국","40 - 44세","여자인구수[명]","명","1929545","1962340","1973867","1989833","1903094","1811212",
"전국","45 - 49세","남자인구수[명]","명","2218200","2119757","2046616","1968824","1946415","1972083",
"전국","45 - 49세","여자인구수[명]","명","2150271","2054204","2000252","1904051","1893609","1911249",
"전국","50 - 54세","남자인구수[명]","명","2233682","2278787","2300193","2279677","2248330","2177711",
"전국","50 - 54세","여자인구수[명]","명","2185046","2248035","2241879","2223983","2184789","2124339",
"전국","55 - 59세","남자인구수[명]","명","2128862","2087512","2053128","2105873","2142941","2177060",
"전국","55 - 59세","여자인구수[명]","명","2097424","2020877","2016864","2086166","2130310","2154962",
"전국","60 - 64세","남자인구수[명]","명","1953296","2046089","2091002","2095791","2087725","2052144",
"전국","60 - 64세","여자인구수[명]","명","1997173","2090660","2127035","2123908","2103919","2061863",
"전국","65 - 69세","남자인구수[명]","명","1345308","1462656","1544617","1660036","1762834","1854897",
"전국","65 - 69세","여자인구수[명]","명","1448729","1565307","1640885","1750973","1864305","1953374",
"전국","70 - 74세","남자인구수[명]","명","971198","986553","1035925","1062361","1130609","1241459",
"전국","70 - 74세","여자인구수[명]","명","1108936","1123159","1172331","1203628","1269314","1397358",
"전국","75 - 79세","남자인구수[명]","명","693142","696848","710630","756369","801193","847927",
"전국","75 - 79세","여자인구수[명]","명","924970","908524","906831","943845","985481","1037530",
"전국","80 - 84세","남자인구수[명]","명","430519","457975","503828","519060","527989","535117",
"전국","80 - 84세","여자인구수[명]","명","713416","743850","799521","812217","812035","803960",
"전국","85 - 89세","남자인구수[명]","명","177942","196253","210419","229165","250181","264896",
"전국","85 - 89세","여자인구수[명]","명","407545","437403","456825","484582","514339","530532",
"전국","90 - 94세","남자인구수[명]","명","46761","49809","53694","59066","66571","76346",
"전국","90 - 94세","여자인구수[명]","명","156943","167438","175612","187363","203671","223549",
"전국","95 - 99세","남자인구수[명]","명","10297","9042","8825","9487","10986","12066",
"전국","95 - 99세","여자인구수[명]","명","38459","38255","39614","43722","48697","53085",
"전국","100+","남자인구수[명]","명","5351","1372","1261","1423","1525","1441",
"전국","100+","여자인구수[명]","명","16561","6589","6472","7114","7052","7285",
"서울특별시","0 - 4세","남자인구수[명]","명","139213","126059","117525","109615","103916","103725",
"서울특별시","0 - 4세","여자인구수[명]","명","131268","118479","110094","103399","98981","98902",
"서울특별시","5 - 9세","남자인구수[명]","명","181062","173705","162492","153833","144197","132743",
"서울특별시","5 - 9세","여자인구수[명]","명","172202","165440","155206","146715","136686","125292",
"서울특별시","10 - 14세","남자인구수[명]","명","191013","188872","186162","182333","180789","177722",
"서울특별시","10 - 14세","여자인구수[명]","명","180639","179007","176340","172681","171247","169094",
"서울특별시","15 - 19세","남자인구수[명]","명","210272","198819","197487","193013","187935","188947",
"서울특별시","15 - 19세","여자인구수[명]","명","199942","189438","189129","185184","180796","182108",
"서울특별시","20 - 24세","남자인구수[명]","명","301012","285890","272653","260394","247993","229246",
"서울특별시","20 - 24세","여자인구수[명]","명","329103","317187","305721","294664","282576","262898",
"서울특별시","25 - 29세","남자인구수[명]","명","406657","398640","391586","382835","367817","357481",
"서울특별시","25 - 29세","여자인구수[명]","명","423639","420560","419523","417918","409874","405260",
"서울특별시","30 - 34세","남자인구수[명]","명","362815","367125","379883","390093","399996","405292",
"서울특별시","30 - 34세","여자인구수[명]","명","363567","368876","378814","387882","396703","406708",
"서울특별시","35 - 39세","남자인구수[명]","명","375086","351638","332792","323822","322191","326058",
"서울특별시","35 - 39세","여자인구수[명]","명","373638","351640","334319","325608","323775","324886",
"서울특별시","40 - 44세","남자인구수[명]","명","360658","361658","363347","365462","352018","338686",
"서울특별시","40 - 44세","여자인구수[명]","명","367350","367908","367558","371565","356621","343969",
"서울특별시","45 - 49세","남자인구수[명]","명","396292","371713","353680","337539","331688","335490",
"서울특별시","45 - 49세","여자인구수[명]","명","403882","379501","365121","345507","343623","346495",
"서울특별시","50 - 54세","남자인구수[명]","명","387425","394245","396476","391756","383157","367811",
"서울특별시","50 - 54세","여자인구수[명]","명","397305","407647","405352","401931","392601","378546",
"서울특별시","55 - 59세","남자인구수[명]","명","361157","348512","338707","343004","347767","354113",
"서울특별시","55 - 59세","여자인구수[명]","명","377669","356790","352267","358866","362543","367244",
"서울특별시","60 - 64세","남자인구수[명]","명","339633","343867","342841","338627","332715","323312",
"서울특별시","60 - 64세","여자인구수[명]","명","374827","378795","375090","368208","359975","347418",
"서울특별시","65 - 69세","남자인구수[명]","명","247661","263247","270603","284228","295060","301856",
"서울특별시","65 - 69세","여자인구수[명]","명","281833","300013","309253","324875","338489","346257",
"서울특별시","70 - 74세","남자인구수[명]","명","185490","182384","187795","191108","200415","216543",
"서울특별시","70 - 74세","여자인구수[명]","명","219056","214185","220686","225940","236366","258678",
"서울특별시","75 - 79세","남자인구수[명]","명","134926","134124","135811","142967","149377","155913",
"서울특별시","75 - 79세","여자인구수[명]","명","164604","165107","169204","178454","187613","196131",
"서울특별시","80 - 84세","남자인구수[명]","명","77789","83319","93014","97049","99931","102085",
"서울특별시","80 - 84세","여자인구수[명]","명","110430","115819","126547","131782","135014","137999",
"서울특별시","85 - 89세","남자인구수[명]","명","30550","33205","35923","39975","44444","47974",
"서울특별시","85 - 89세","여자인구수[명]","명","59325","62666","65725","70408","75861","79853",
"서울특별시","90 - 94세","남자인구수[명]","명","8848","8844","9315","10239","11436","13456",
"서울특별시","90 - 94세","여자인구수[명]","명","24655","24971","25221","26570","28631","31559",
"서울특별시","95 - 99세","남자인구수[명]","명","2373","1793","1682","1820","2179","2355",
"서울특별시","95 - 99세","여자인구수[명]","명","6807","6127","6136","6717","7348","8030",
"서울특별시","100+","남자인구수[명]","명","1791","381","274","319","334","291",
"서울특별시","100+","여자인구수[명]","명","5001","1262","1018","1129","1150","1122",
"종로구","0 - 4세","남자인구수[명]","명","1558","1363","1287","1203","1167","1150",
"종로구","0 - 4세","여자인구수[명]","명","1522","1357","1225","1139","1087","1054",
"종로구","5 - 9세","남자인구수[명]","명","2245","2177","1953","1786","1640","1459",
"종로구","5 - 9세","여자인구수[명]","명","2202","2087","1938","1791","1617","1427",
"종로구","10 - 14세","남자인구수[명]","명","2567","2442","2322","2225","2157","2029",
"종로구","10 - 14세","여자인구수[명]","명","2585","2492","2396","2315","2263","2157",
"종로구","15 - 19세","남자인구수[명]","명","2928","2715","2684","2551","2447","2463",
"종로구","15 - 19세","여자인구수[명]","명","2933","2732","2685","2648","2511","2544",
"종로구","20 - 24세","남자인구수[명]","명","4852","4559","4302","4125","3944","3572",
"종로구","20 - 24세","여자인구수[명]","명","5622","5406","5261","4988","4695","4425",
"종로구","25 - 29세","남자인구수[명]","명","6653","6414","6291","6049","5886","5791",
"종로구","25 - 29세","여자인구수[명]","명","6289","6423","6430","6334","6438","6418",
"종로구","30 - 34세","남자인구수[명]","명","5055","5198","5311","5508","5724","5783",
"종로구","30 - 34세","여자인구수[명]","명","5029","5104","5242","5374","5602","5666",
"종로구","35 - 39세","남자인구수[명]","명","4855","4509","4325","4140","4110","4116",
"종로구","35 - 39세","여자인구수[명]","명","5004","4659","4464","4300","4318","4304",
"종로구","40 - 44세","남자인구수[명]","명","4795","4751","4752","4767","4561","4450",
"종로구","40 - 44세","여자인구수[명]","명","5154","5158","5060","5016","4779","4660",
"종로구","45 - 49세","남자인구수[명]","명","6039","5385","4853","4524","4379","4318",
"종로구","45 - 49세","여자인구수[명]","명","6243","5675","5279","4887","4768","4817",
"종로구","50 - 54세","남자인구수[명]","명","6341","6474","6348","6151","5851","5425",
"종로구","50 - 54세","여자인구수[명]","명","6551","6626","6397","6263","6000","5624",
"종로구","55 - 59세","남자인구수[명]","명","6443","6100","5741","5703","5674","5719",
"종로구","55 - 59세","여자인구수[명]","명","6124","5757","5730","5798","5851","5987",
"종로구","60 - 64세","남자인구수[명]","명","5768","5779","5778","5717","5688","5579",
"종로구","60 - 64세","여자인구수[명]","명","5716","5732","5621","5615","5605","5447",
"종로구","65 - 69세","남자인구수[명]","명","4135","4360","4417","4648","4835","4909",
"종로구","65 - 69세","여자인구수[명]","명","4329","4481","4485","4709","4888","5066",
"종로구","70 - 74세","남자인구수[명]","명","3035","2855","2862","2922","3067","3409",
"종로구","70 - 74세","여자인구수[명]","명","3697","3399","3322","3296","3411","3717",
"종로구","75 - 79세","남자인구수[명]","명","2483","2321","2257","2289","2351","2383",
"종로구","75 - 79세","여자인구수[명]","명","3285","3062","2963","2996","3038","3054",
"종로구","80 - 84세","남자인구수[명]","명","1665","1680","1813","1802","1769","1708",
"종로구","80 - 84세","여자인구수[명]","명","2334","2398","2532","2526","2568","2592",
"종로구","85 - 89세","남자인구수[명]","명","750","802","803","872","950","1009",
"종로구","85 - 89세","여자인구수[명]","명","1229","1269","1306","1444","1550","1571",
"종로구","90 - 94세","남자인구수[명]","명","256","220","228","260","303","326",
"종로구","90 - 94세","여자인구수[명]","명","546","530","497","500","581","657",
"종로구","95 - 99세","남자인구수[명]","명","115","70","58","55","54","60",
"종로구","95 - 99세","여자인구수[명]","명","176","130","132","146","168","169",
"종로구","100+","남자인구수[명]","명","97","9","10","9","13","10",
"종로구","100+","여자인구수[명]","명","179","23","19","26","28","24",
"중구","0 - 4세","남자인구수[명]","명","1671","1512","1432","1378","1303","1268",
"중구","0 - 4세","여자인구수[명]","명","1610","1415","1357","1309","1259","1239",
"중구","5 - 9세","남자인구수[명]","명","1834","1753","1626","1501","1417","1270",
"중구","5 - 9세","여자인구수[명]","명","1721","1619","1549","1442","1337","1200",
"중구","10 - 14세","남자인구수[명]","명","1554","1505","1475","1479","1418","1391",
"중구","10 - 14세","여자인구수[명]","명","1538","1548","1462","1419","1385","1332",
"중구","15 - 19세","남자인구수[명]","명","1854","1701","1668","1611","1518","1504",
"중구","15 - 19세","여자인구수[명]","명","1827","1720","1717","1647","1562","1577",
"중구","20 - 24세","남자인구수[명]","명","3531","3306","3153","3067","2846","2578",
"중구","20 - 24세","여자인구수[명]","명","4123","4063","3781","3660","3500","3126",
"중구","25 - 29세","남자인구수[명]","명","5320","5171","5026","4912","4635","4423",
"중구","25 - 29세","여자인구수[명]","명","5612","5769","5659","5898","5796","5589",
"중구","30 - 34세","남자인구수[명]","명","4999","5159","5330","5739","5914","5816",
"중구","30 - 34세","여자인구수[명]","명","5132","5229","5416","5819","6100","6012",
"중구","35 - 39세","남자인구수[명]","명","5028","4750","4611","4693","4839","4732",
"중구","35 - 39세","여자인구수[명]","명","4948","4748","4504","4613","4743","4662",
"중구","40 - 44세","남자인구수[명]","명","4531","4557","4514","4618","4458","4246",
"중구","40 - 44세","여자인구수[명]","명","4204","4250","4287","4486","4379","4269",
"중구","45 - 49세","남자인구수[명]","명","4691","4341","4027","3926","3866","3840",
"중구","45 - 49세","여자인구수[명]","명","4585","4231","3940","3739","3713","3743",
"중구","50 - 54세","남자인구수[명]","명","5257","5191","5006","4804","4537","4226",
"중구","50 - 54세","여자인구수[명]","명","5074","5173","5025","4921","4698","4349",
"중구","55 - 59세","남자인구수[명]","명","5251","4975","4793","4725","4756","4698",
"중구","55 - 59세","여자인구수[명]","명","5120","4704","4572","4618","4589","4525",
"중구","60 - 64세","남자인구수[명]","명","5049","5079","4956","4914","4791","4501",
"중구","60 - 64세","여자인구수[명]","명","5002","4993","4891","4849","4777","4532",
"중구","65 - 69세","남자인구수[명]","명","3665","3944","4057","4223","4346","4332",
"중구","65 - 69세","여자인구수[명]","명","3835","4067","4127","4347","4495","4544",
"중구","70 - 74세","남자인구수[명]","명","2721","2649","2695","2710","2851","3080",
"중구","70 - 74세","여자인구수[명]","명","3197","2979","3013","3056","3170","3414",
"중구","75 - 79세","남자인구수[명]","명","2118","1984","1950","2025","2085","2176",
"중구","75 - 79세","여자인구수[명]","명","2697","2609","2603","2700","2739","2771",
"중구","80 - 84세","남자인구수[명]","명","1275","1288","1466","1488","1503","1484",
"중구","80 - 84세","여자인구수[명]","명","1905","1996","2125","2181","2244","2223",
"중구","85 - 89세","남자인구수[명]","명","525","533","550","613","689","726",
"중구","85 - 89세","여자인구수[명]","명","1131","1150","1223","1279","1338","1382",
"중구","90 - 94세","남자인구수[명]","명","223","184","182","183","187","212",
"중구","90 - 94세","여자인구수[명]","명","474","483","484","521","541","584",
"중구","95 - 99세","남자인구수[명]","명","60","37","38","45","49","50",
"중구","95 - 99세","여자인구수[명]","명","143","108","119","127","149","157",
"중구","100+","남자인구수[명]","명","65","11","8","5","7","7",
"중구","100+","여자인구수[명]","명","140","15","20","22","15","15",
"용산구","0 - 4세","남자인구수[명]","명","3248","3014","2826","2604","2415","2381",
"용산구","0 - 4세","여자인구수[명]","명","3050","2791","2672","2464","2317","2303",
"용산구","5 - 9세","남자인구수[명]","명","3722","3509","3282","3056","2786","2580",
"용산구","5 - 9세","여자인구수[명]","명","3476","3339","3193","2965","2732","2556",
"용산구","10 - 14세","남자인구수[명]","명","3614","3483","3415","3288","3200","3102",
"용산구","10 - 14세","여자인구수[명]","명","3578","3468","3289","3106","2954","2885",
"용산구","15 - 19세","남자인구수[명]","명","4318","3961","3839","3641","3391","3336",
"용산구","15 - 19세","여자인구수[명]","명","4099","3780","3698","3585","3371","3298",
"용산구","20 - 24세","남자인구수[명]","명","6444","6169","5726","5247","4718","4267",
"용산구","20 - 24세","여자인구수[명]","명","7313","7121","6834","6387","5917","5640",
"용산구","25 - 29세","남자인구수[명]","명","9481","9263","9048","8602","7899","7548",
"용산구","25 - 29세","여자인구수[명]","명","10247","10225","10195","9867","9241","9118",
"용산구","30 - 34세","남자인구수[명]","명","9532","9726","10278","10305","10112","10090",
"용산구","30 - 34세","여자인구수[명]","명","9526","9952","10441","10418","10470","10733",
"용산구","35 - 39세","남자인구수[명]","명","9500","8915","8575","8310","7945","8055",
"용산구","35 - 39세","여자인구수[명]","명","9511","9126","8753","8377","8259","8364",
"용산구","40 - 44세","남자인구수[명]","명","8356","8382","8457","8403","7949","7700",
"용산구","40 - 44세","여자인구수[명]","명","8642","8441","8462","8386","7802","7565",
"용산구","45 - 49세","남자인구수[명]","명","9173","8269","7594","7067","6557","6642",
"용산구","45 - 49세","여자인구수[명]","명","9527","8689","7999","7432","7049","7152",
"용산구","50 - 54세","남자인구수[명]","명","9413","9406","9298","8816","8083","7598",
"용산구","50 - 54세","여자인구수[명]","명","9720","9915","9741","9387","8761","8253",
"용산구","55 - 59세","남자인구수[명]","명","8931","8415","7993","7949","7812","7845",
"용산구","55 - 59세","여자인구수[명]","명","9006","8386","8228","8165","8001","8149",
"용산구","60 - 64세","남자인구수[명]","명","8157","8117","8046","7899","7523","7315",
"용산구","60 - 64세","여자인구수[명]","명","8677","8539","8290","8186","7696","7506",
"용산구","65 - 69세","남자인구수[명]","명","5603","5951","6173","6395","6390","6508",
"용산구","65 - 69세","여자인구수[명]","명","6403","6562","6645","6846","6879","6952",
"용산구","70 - 74세","남자인구수[명]","명","4126","3972","3950","3950","3993","4315",
"용산구","70 - 74세","여자인구수[명]","명","5289","4799","4672","4700","4654","4986",
"용산구","75 - 79세","남자인구수[명]","명","3275","3005","2845","2930","2936","2987",
"용산구","75 - 79세","여자인구수[명]","명","4513","4184","4017","4042","3867","3923",
"용산구","80 - 84세","남자인구수[명]","명","2183","2181","2269","2274","2144","2096",
"용산구","80 - 84세","여자인구수[명]","명","3457","3421","3472","3359","3223","3164",
"용산구","85 - 89세","남자인구수[명]","명","1036","1025","1075","1135","1139","1181",
"용산구","85 - 89세","여자인구수[명]","명","1896","1964","1994","2137","2150","2167",
"용산구","90 - 94세","남자인구수[명]","명","346","342","336","362","382","421",
"용산구","90 - 94세","여자인구수[명]","명","847","797","758","788","805","870",
"용산구","95 - 99세","남자인구수[명]","명","157","85","56","67","78","79",
"용산구","95 - 99세","여자인구수[명]","명","277","193","176","198","202","213",
"용산구","100+","남자인구수[명]","명","107","20","6","12","17","19",
"용산구","100+","여자인구수[명]","명","264","51","34","44","35","32",
"성동구","0 - 4세","남자인구수[명]","명","5191","4700","4507","4089","3907","3972",
"성동구","0 - 4세","여자인구수[명]","명","4870","4479","4130","3767","3656","3817",
"성동구","5 - 9세","남자인구수[명]","명","5278","5097","4868","4601","4345","4118",
"성동구","5 - 9세","여자인구수[명]","명","5110","4946","4730","4436","4066","3774",
"성동구","10 - 14세","남자인구수[명]","명","4629","4598","4395","4192","4105","4084",
"성동구","10 - 14세","여자인구수[명]","명","4488","4400","4273","4148","4132","4135",
"성동구","15 - 19세","남자인구수[명]","명","5262","4838","4812","4732","4503","4408",
"성동구","15 - 19세","여자인구수[명]","명","5436","5067","5027","4779","4591","4538",
"성동구","20 - 24세","남자인구수[명]","명","9447","8908","8543","8001","7558","6984",
"성동구","20 - 24세","여자인구수[명]","명","10143","9631","9280","9015","8548","8081",
"성동구","25 - 29세","남자인구수[명]","명","12824","12487","12122","11820","11184","11012",
"성동구","25 - 29세","여자인구수[명]","명","12629","12437","12193","12143","11663","11779",
"성동구","30 - 34세","남자인구수[명]","명","11327","11157","11248","11662","12166","12587",
"성동구","30 - 34세","여자인구수[명]","명","12349","12090","12105","12284","12636","13168",
"성동구","35 - 39세","남자인구수[명]","명","12705","11875","11070","10695","10568","11100",
"성동구","35 - 39세","여자인구수[명]","명","12524","11693","11247","11023","11054","11438",
"성동구","40 - 44세","남자인구수[명]","명","11224","11161","11200","11243","10914","10728",
"성동구","40 - 44세","여자인구수[명]","명","10770","10857","10871","10919","10521","10313",
"성동구","45 - 49세","남자인구수[명]","명","11351","10572","9999","9282","8984","9154",
"성동구","45 - 49세","여자인구수[명]","명","11675","10756","10169","9482","9335","9378",
"성동구","50 - 54세","남자인구수[명]","명","11896","11792","11634","11307","10760","10126",
"성동구","50 - 54세","여자인구수[명]","명","12023","12362","12142","11867","11374","10989",
"성동구","55 - 59세","남자인구수[명]","명","11686","11054","10504","10563","10534","10716",
"성동구","55 - 59세","여자인구수[명]","명","11643","10946","10631","10712","10784","10864",
"성동구","60 - 64세","남자인구수[명]","명","10757","10910","10829","10594","10339","9952",
"성동구","60 - 64세","여자인구수[명]","명","10884","10976","10941","10745","10412","10159",
"성동구","65 - 69세","남자인구수[명]","명","7052","7548","7848","8289","8568","8925",
"성동구","65 - 69세","여자인구수[명]","명","7841","8334","8636","8950","9299","9539",
"성동구","70 - 74세","남자인구수[명]","명","5225","5119","5134","5246","5456","5843",
"성동구","70 - 74세","여자인구수[명]","명","6308","6037","6038","6104","6289","6820",
"성동구","75 - 79세","남자인구수[명]","명","3945","3832","3821","3880","4014","4188",
"성동구","75 - 79세","여자인구수[명]","명","5108","5123","5080","5177","5334","5432",
"성동구","80 - 84세","남자인구수[명]","명","2297","2415","2718","2795","2864","2862",
"성동구","80 - 84세","여자인구수[명]","명","3574","3660","3919","4097","4137","4129",
"성동구","85 - 89세","남자인구수[명]","명","888","1004","1055","1181","1252","1351",
"성동구","85 - 89세","여자인구수[명]","명","1761","1923","2072","2244","2382","2537",
"성동구","90 - 94세","남자인구수[명]","명","256","250","264","282","316","369",
"성동구","90 - 94세","여자인구수[명]","명","677","713","699","754","840","928",
"성동구","95 - 99세","남자인구수[명]","명","75","49","49","51","60","57",
"성동구","95 - 99세","여자인구수[명]","명","177","146","152","166","185","223",
"성동구","100+","남자인구수[명]","명","72","14","13","14","12","5",
"성동구","100+","여자인구수[명]","명","179","34","32","30","22","24",
"광진구","0 - 4세","남자인구수[명]","명","4268","3774","3467","3182","2962","3007",
"광진구","0 - 4세","여자인구수[명]","명","4083","3564","3297","3108","2873","2868",
"광진구","5 - 9세","남자인구수[명]","명","5709","5342","4999","4606","4241","3903",
"광진구","5 - 9세","여자인구수[명]","명","5512","5064","4684","4312","4022","3730",
"광진구","10 - 14세","남자인구수[명]","명","6297","6045","5913","5755","5614","5491",
"광진구","10 - 14세","여자인구수[명]","명","5940","5822","5598","5498","5301","5259",
"광진구","15 - 19세","남자인구수[명]","명","6922","6523","6440","6247","5997","6070",
"광진구","15 - 19세","여자인구수[명]","명","6772","6384","6518","6304","6074","6037",
"광진구","20 - 24세","남자인구수[명]","명","11935","11274","10939","10468","9806","9021",
"광진구","20 - 24세","여자인구수[명]","명","14258","13662","13051","12393","11953","11084",
"광진구","25 - 29세","남자인구수[명]","명","17586","17570","17132","16829","16459","16016",
"광진구","25 - 29세","여자인구수[명]","명","19161","19110","19098","19159","18669","18716",
"광진구","30 - 34세","남자인구수[명]","명","14410","14653","15376","15846","16082","16504",
"광진구","30 - 34세","여자인구수[명]","명","14703","14830","15315","15701","16102","16809",
"광진구","35 - 39세","남자인구수[명]","명","13286","12504","11881","11577","11504","11748",
"광진구","35 - 39세","여자인구수[명]","명","13584","12728","12129","11819","11666","11764",
"광진구","40 - 44세","남자인구수[명]","명","12287","12266","12139","12133","11625","11318",
"광진구","40 - 44세","여자인구수[명]","명","12587","12585","12636","12788","12180","11881",
"광진구","45 - 49세","남자인구수[명]","명","13596","12594","12024","11440","11152","11185",
"광진구","45 - 49세","여자인구수[명]","명","14012","13025","12439","11742","11572","11663",
"광진구","50 - 54세","남자인구수[명]","명","13619","13759","13647","13360","12949","12340",
"광진구","50 - 54세","여자인구수[명]","명","14503","14630","14509","14232","13649","12964",
"광진구","55 - 59세","남자인구수[명]","명","12981","12604","12306","12484","12387","12452",
"광진구","55 - 59세","여자인구수[명]","명","13438","12808","12802","13080","13278","13319",
"광진구","60 - 64세","남자인구수[명]","명","11914","12142","12203","12093","11925","11541",
"광진구","60 - 64세","여자인구수[명]","명","13008","13284","13137","12937","12587","12160",
"광진구","65 - 69세","남자인구수[명]","명","8305","8850","9164","9672","10082","10459",
"광진구","65 - 69세","여자인구수[명]","명","9233","9876","10187","10834","11435","11689",
"광진구","70 - 74세","남자인구수[명]","명","5939","5699","5979","6130","6482","7041",
"광진구","70 - 74세","여자인구수[명]","명","6913","6762","7025","7152","7585","8381",
"광진구","75 - 79세","남자인구수[명]","명","4375","4330","4374","4610","4787","5029",
"광진구","75 - 79세","여자인구수[명]","명","5201","5142","5340","5679","5870","6127",
"광진구","80 - 84세","남자인구수[명]","명","2563","2777","3068","3157","3239","3265",
"광진구","80 - 84세","여자인구수[명]","명","3542","3726","4043","4205","4319","4377",
"광진구","85 - 89세","남자인구수[명]","명","903","1003","1123","1285","1478","1623",
"광진구","85 - 89세","여자인구수[명]","명","1842","1989","2091","2281","2433","2487",
"광진구","90 - 94세","남자인구수[명]","명","290","279","293","324","376","434",
"광진구","90 - 94세","여자인구수[명]","명","700","724","756","811","893","1035",
"광진구","95 - 99세","남자인구수[명]","명","71","58","61","66","77","74",
"광진구","95 - 99세","여자인구수[명]","명","216","185","191","212","231","253",
"광진구","100+","남자인구수[명]","명","54","12","13","13","13","13",
"광진구","100+","여자인구수[명]","명","164","38","29","30","34","30",
"동대문구","0 - 4세","남자인구수[명]","명","4853","4423","4094","4016","3819","4265",
"동대문구","0 - 4세","여자인구수[명]","명","4664","4282","4049","3924","3674","3982",
"동대문구","5 - 9세","남자인구수[명]","명","5809","5609","5412","5282","4888","4643",
"동대문구","5 - 9세","여자인구수[명]","명","5462","5276","5087","5080","4793","4614",
"동대문구","10 - 14세","남자인구수[명]","명","5661","5617","5599","5587","5533","5502",
"동대문구","10 - 14세","여자인구수[명]","명","5397","5288","5235","5214","5146","5263",
"동대문구","15 - 19세","남자인구수[명]","명","6305","5950","5980","5901","5780","5975",
"동대문구","15 - 19세","여자인구수[명]","명","6284","5912","5920","5905","5811","5878",
"동대문구","20 - 24세","남자인구수[명]","명","12053","11615","11536","11368","11057","10660",
"동대문구","20 - 24세","여자인구수[명]","명","13978","14090","14116","14343","13977","13483",
"동대문구","25 - 29세","남자인구수[명]","명","15925","15891","15585","15637","15025","15055",
"동대문구","25 - 29세","여자인구수[명]","명","14375","14675","14992","15524","15484","15853",
"동대문구","30 - 34세","남자인구수[명]","명","12658","12690","13011","13778","14110","15003",
"동대문구","30 - 34세","여자인구수[명]","명","11777","12102","12396","12920","13391","14690",
"동대문구","35 - 39세","남자인구수[명]","명","13259","12506","11989","11694","11555","12469",
"동대문구","35 - 39세","여자인구수[명]","명","12481","11725","11171","11070","11089","11793",
"동대문구","40 - 44세","남자인구수[명]","명","12588","12659","12864","13218","12728","12641",
"동대문구","40 - 44세","여자인구수[명]","명","11696","11835","11972","12558","12011","12044",
"동대문구","45 - 49세","남자인구수[명]","명","13536","12606","12078","11850","11558","11787",
"동대문구","45 - 49세","여자인구수[명]","명","12810","11902","11494","11069","10956","11307",
"동대문구","50 - 54세","남자인구수[명]","명","13733","13732","13678","13796","13371","13168",
"동대문구","50 - 54세","여자인구수[명]","명","13386","13518","13460","13616","13144","12916",
"동대문구","55 - 59세","남자인구수[명]","명","13121","12759","12428","12717","12811","13151",
"동대문구","55 - 59세","여자인구수[명]","명","13022","12234","12031","12411","12588","13053",
"동대문구","60 - 64세","남자인구수[명]","명","12870","12968","12891","12771","12472","12265",
"동대문구","60 - 64세","여자인구수[명]","명","13522","13527","13321","13110","12650","12294",
"동대문구","65 - 69세","남자인구수[명]","명","9530","10075","10377","10867","11286","11583",
"동대문구","65 - 69세","여자인구수[명]","명","10471","10962","11225","11808","12214","12608",
"동대문구","70 - 74세","남자인구수[명]","명","7148","6920","7056","7262","7597","8181",
"동대문구","70 - 74세","여자인구수[명]","명","8467","8109","8386","8369","8708","9534",
"동대문구","75 - 79세","남자인구수[명]","명","5589","5403","5424","5495","5676","5855",
"동대문구","75 - 79세","여자인구수[명]","명","6991","6858","6901","7222","7380","7514",
"동대문구","80 - 84세","남자인구수[명]","명","3287","3449","3819","3990","3996","4047",
"동대문구","80 - 84세","여자인구수[명]","명","4564","4822","5325","5566","5686","5823",
"동대문구","85 - 89세","남자인구수[명]","명","1287","1367","1504","1664","1810","1935",
"동대문구","85 - 89세","여자인구수[명]","명","2383","2505","2665","2860","3039","3260",
"동대문구","90 - 94세","남자인구수[명]","명","339","318","369","384","462","535",
"동대문구","90 - 94세","여자인구수[명]","명","881","884","890","963","1090","1193",
"동대문구","95 - 99세","남자인구수[명]","명","124","70","51","58","74","93",
"동대문구","95 - 99세","여자인구수[명]","명","238","198","208","225","246","275",
"동대문구","100+","남자인구수[명]","명","94","19","10","11","12","12",
"동대문구","100+","여자인구수[명]","명","219","50","45","46","38","39",
"중랑구","0 - 4세","남자인구수[명]","명","5434","4799","4656","4291","4031","3960",
"중랑구","0 - 4세","여자인구수[명]","명","5097","4623","4452","4228","3934","3868",
"중랑구","5 - 9세","남자인구수[명]","명","6487","6162","5742","5447","5028","4478",
"중랑구","5 - 9세","여자인구수[명]","명","6046","5701","5492","5148","4800","4330",
"중랑구","10 - 14세","남자인구수[명]","명","6307","6112","6057","5939","5802","5721",
"중랑구","10 - 14세","여자인구수[명]","명","6073","5928","5789","5602","5457","5351",
"중랑구","15 - 19세","남자인구수[명]","명","7336","6805","6626","6330","6133","6161",
"중랑구","15 - 19세","여자인구수[명]","명","7043","6587","6371","6089","5876","5850",
"중랑구","20 - 24세","남자인구수[명]","명","11758","10969","10065","9242","8606","7929",
"중랑구","20 - 24세","여자인구수[명]","명","11864","11091","10650","10238","9631","8808",
"중랑구","25 - 29세","남자인구수[명]","명","16035","15668","15282","14752","13876","13279",
"중랑구","25 - 29세","여자인구수[명]","명","16455","16400","16281","15810","15433","14923",
"중랑구","30 - 34세","남자인구수[명]","명","14674","15005","15774","16018","16432","16587",
"중랑구","30 - 34세","여자인구수[명]","명","14079","14453","15284","15738","16064","16498",
"중랑구","35 - 39세","남자인구수[명]","명","15282","14320","13814","13454","13294","13353",
"중랑구","35 - 39세","여자인구수[명]","명","14089","13247","12850","12607","12472","12399",
"중랑구","40 - 44세","남자인구수[명]","명","14562","14615","14864","14807","14118","13320",
"중랑구","40 - 44세","여자인구수[명]","명","13021","13149","13294","13426","12982","12322",
"중랑구","45 - 49세","남자인구수[명]","명","15389","14229","13568","12885","12817","13163",
"중랑구","45 - 49세","여자인구수[명]","명","14911","13717","12990","12021","11893","12011",
"중랑구","50 - 54세","남자인구수[명]","명","16811","16736","16491","15963","15343","14542",
"중랑구","50 - 54세","여자인구수[명]","명","17364","17322","16759","16021","15275","14489",
"중랑구","55 - 59세","남자인구수[명]","명","17456","16671","16030","15971","15952","15863",
"중랑구","55 - 59세","여자인구수[명]","명","17897","16789","16476","16775","16789","16796",
"중랑구","60 - 64세","남자인구수[명]","명","16585","16962","17016","16829","16496","16084",
"중랑구","60 - 64세","여자인구수[명]","명","17306","17730","17855","17733","17441","16903",
"중랑구","65 - 69세","남자인구수[명]","명","11669","12469","12958","13814","14511","15042",
"중랑구","65 - 69세","여자인구수[명]","명","12662","13544","14112","14942","15734","16273",
"중랑구","70 - 74세","남자인구수[명]","명","8373","8245","8579","8834","9498","10355",
"중랑구","70 - 74세","여자인구수[명]","명","9712","9588","9845","10075","10662","11754",
"중랑구","75 - 79세","남자인구수[명]","명","6011","5963","6040","6359","6650","6978",
"중랑구","75 - 79세","여자인구수[명]","명","7349","7380","7551","8001","8424","8843",
"중랑구","80 - 84세","남자인구수[명]","명","3386","3672","4092","4284","4449","4558",
"중랑구","80 - 84세","여자인구수[명]","명","4711","5079","5681","5972","6174","6263",
"중랑구","85 - 89세","남자인구수[명]","명","1196","1340","1473","1712","1911","2073",
"중랑구","85 - 89세","여자인구수[명]","명","2465","2611","2729","2912","3210","3445",
"중랑구","90 - 94세","남자인구수[명]","명","293","290","326","363","431","511",
"중랑구","90 - 94세","여자인구수[명]","명","981","1015","1032","1099","1207","1338",
"중랑구","95 - 99세","남자인구수[명]","명","72","62","74","70","83","87",
"중랑구","95 - 99세","여자인구수[명]","명","255","235","247","301","295","348",
"중랑구","100+","남자인구수[명]","명","49","18","10","8","12","11",
"중랑구","100+","여자인구수[명]","명","157","49","41","45","48","49",
"성북구","0 - 4세","남자인구수[명]","명","6257","5818","5488","5049","4730","4823",
"성북구","0 - 4세","여자인구수[명]","명","5963","5448","5141","4747","4516","4498",
"성북구","5 - 9세","남자인구수[명]","명","8466","8150","7735","7319","6806","6238",
"성북구","5 - 9세","여자인구수[명]","명","8136","7910","7516","6982","6443","5898",
"성북구","10 - 14세","남자인구수[명]","명","8869","8820","8710","8394","8224","8094",
"성북구","10 - 14세","여자인구수[명]","명","8471","8436","8330","8103","7904","7747",
"성북구","15 - 19세","남자인구수[명]","명","10049","9476","9679","9397","9076","9011",
"성북구","15 - 19세","여자인구수[명]","명","9756","9254","9443","9108","8769","8964",
"성북구","20 - 24세","남자인구수[명]","명","14718","14338","14268","14178","13723","13191",
"성북구","20 - 24세","여자인구수[명]","명","17643","17167","17341","17379","17216","16480",
"성북구","25 - 29세","남자인구수[명]","명","17501","17057","16877","16247","15962","15948",
"성북구","25 - 29세","여자인구수[명]","명","17110","17018","16926","16889","16598","17000",
"성북구","30 - 34세","남자인구수[명]","명","14144","14385","14757","14862","14910","15221",
"성북구","30 - 34세","여자인구수[명]","명","14147","14267","14562","14413","14498","15155",
"성북구","35 - 39세","남자인구수[명]","명","15629","14828","14066","13237","13062","13256",
"성북구","35 - 39세","여자인구수[명]","명","15923","14935","14261","13601","13362","13316",
"성북구","40 - 44세","남자인구수[명]","명","15774","15844","15976","16009","15318","14764",
"성북구","40 - 44세","여자인구수[명]","명","16176","16236","16371","16287","15359","14870",
"성북구","45 - 49세","남자인구수[명]","명","18650","17404","16323","15178","14681","14738",
"성북구","45 - 49세","여자인구수[명]","명","19239","17962","17322","15962","15539","15411",
"성북구","50 - 54세","남자인구수[명]","명","18241","18726","19280","19005","18437","17547",
"성북구","50 - 54세","여자인구수[명]","명","18501","19126","19537","19587","19147","18572",
"성북구","55 - 59세","남자인구수[명]","명","15966","15430","15433","15943","16448","17108",
"성북구","55 - 59세","여자인구수[명]","명","16673","15998","16016","16414","16733","17436",
"성북구","60 - 64세","남자인구수[명]","명","14895","15157","15051","14767","14612","14326",
"성북구","60 - 64세","여자인구수[명]","명","16643","16793","16695","16313","16134","15650",
"성북구","65 - 69세","남자인구수[명]","명","10852","11549","11902","12468","12935","13241",
"성북구","65 - 69세","여자인구수[명]","명","12507","13304","13757","14452","14970","15487",
"성북구","70 - 74세","남자인구수[명]","명","8102","7846","8150","8286","8687","9484",
"성북구","70 - 74세","여자인구수[명]","명","10462","9948","10136","10232","10433","11482",
"성북구","75 - 79세","남자인구수[명]","명","6560","6287","6171","6343","6521","6808",
"성북구","75 - 79세","여자인구수[명]","명","8444","8383","8451","8769","9103","9384",
"성북구","80 - 84세","남자인구수[명]","명","3934","4218","4705","4862","4942","4921",
"성북구","80 - 84세","여자인구수[명]","명","5812","6120","6733","6941","7068","7097",
"성북구","85 - 89세","남자인구수[명]","명","1576","1730","1844","2012","2224","2375",
"성북구","85 - 89세","여자인구수[명]","명","2907","3068","3312","3596","3950","4190",
"성북구","90 - 94세","남자인구수[명]","명","437","433","471","515","591","671",
"성북구","90 - 94세","여자인구수[명]","명","1221","1243","1239","1258","1383","1560",
"성북구","95 - 99세","남자인구수[명]","명","94","71","65","85","97","115",
"성북구","95 - 99세","여자인구수[명]","명","321","280","306","354","384","412",
"성북구","100+","남자인구수[명]","명","96","11","10","15","17","14",
"성북구","100+","여자인구수[명]","명","288","54","41","44","48","56",
"강북구","0 - 4세","남자인구수[명]","명","3426","2933","2606","2329","2090","1967",
"강북구","0 - 4세","여자인구수[명]","명","3189","2763","2465","2217","2099","1992",
"강북구","5 - 9세","남자인구수[명]","명","4736","4379","3948","3620","3302","2891",
"강북구","5 - 9세","여자인구수[명]","명","4363","4073","3767","3409","3063","2724",
"강북구","10 - 14세","남자인구수[명]","명","5183","4987","4792","4689","4441","4185",
"강북구","10 - 14세","여자인구수[명]","명","4865","4735","4545","4323","4132","3906",
"강북구","15 - 19세","남자인구수[명]","명","6136","5680","5387","5067","4943","4910",
"강북구","15 - 19세","여자인구수[명]","명","5843","5394","5306","5062","4889","4808",
"강북구","20 - 24세","남자인구수[명]","명","9290","8678","8248","7673","7148","6436",
"강북구","20 - 24세","여자인구수[명]","명","10381","9763","9482","9152","8848","8269",
"강북구","25 - 29세","남자인구수[명]","명","11754","11407","11111","10553","9835","9424",
"강북구","25 - 29세","여자인구수[명]","명","11519","11153","11008","10777","10371","10123",
"강북구","30 - 34세","남자인구수[명]","명","9727","9654","9891","10007","10079","10032",
"강북구","30 - 34세","여자인구수[명]","명","8826","8995","9100","9041","9228","9291",
"강북구","35 - 39세","남자인구수[명]","명","10630","9739","8929","8424","8098","7990",
"강북구","35 - 39세","여자인구수[명]","명","9574","8732","8001","7525","7197","7039",
"강북구","40 - 44세","남자인구수[명]","명","11010","10776","10654","10438","9836","9110",
"강북구","40 - 44세","여자인구수[명]","명","10159","9816","9664","9452","8843","8241",
"강북구","45 - 49세","남자인구수[명]","명","12926","11848","11032","10155","9830","9756",
"강북구","45 - 49세","여자인구수[명]","명","12623","11483","10763","9857","9438","9197",
"강북구","50 - 54세","남자인구수[명]","명","13044","13303","13224","12919","12603","11973",
"강북구","50 - 54세","여자인구수[명]","명","13447","13655","13377","12898","12506","11798",
"강북구","55 - 59세","남자인구수[명]","명","12749","12191","11874","11940","11956","12039",
"강북구","55 - 59세","여자인구수[명]","명","13402","12551","12316","12508","12668","12694",
"강북구","60 - 64세","남자인구수[명]","명","12307","12451","12321","12211","11982","11580",
"강북구","60 - 64세","여자인구수[명]","명","13633","13825","13679","13394","12945","12343",
"강북구","65 - 69세","남자인구수[명]","명","9124","9627","9928","10371","10825","11109",
"강북구","65 - 69세","여자인구수[명]","명","10828","11269","11451","11880","12325","12662",
"강북구","70 - 74세","남자인구수[명]","명","7157","7051","7121","7094","7412","7951",
"강북구","70 - 74세","여자인구수[명]","명","9388","9159","9180","9117","9354","10005",
"강북구","75 - 79세","남자인구수[명]","명","5848","5569","5479","5656","5774","5943",
"강북구","75 - 79세","여자인구수[명]","명","7694","7525","7579","7893","8179","8363",
"강북구","80 - 84세","남자인구수[명]","명","3371","3612","4030","4182","4265","4274",
"강북구","80 - 84세","여자인구수[명]","명","4731","5100","5775","6078","6264","6407",
"강북구","85 - 89세","남자인구수[명]","명","1240","1414","1577","1731","1857","1980",
"강북구","85 - 89세","여자인구수[명]","명","2174","2381","2531","2820","3173","3447",
"강북구","90 - 94세","남자인구수[명]","명","333","322","347","379","427","525",
"강북구","90 - 94세","여자인구수[명]","명","840","865","861","930","978","1117",
"강북구","95 - 99세","남자인구수[명]","명","90","73","56","63","76","80",
"강북구","95 - 99세","여자인구수[명]","명","246","206","213","232","274","305",
"강북구","100+","남자인구수[명]","명","62","11","12","13","10","5",
"강북구","100+","여자인구수[명]","명","187","34","30","34","34","37",
"도봉구","0 - 4세","남자인구수[명]","명","4143","3629","3257","2874","2662","2570",
"도봉구","0 - 4세","여자인구수[명]","명","3772","3256","2945","2694","2529","2422",
"도봉구","5 - 9세","남자인구수[명]","명","5577","5255","4841","4491","4017","3577",
"도봉구","5 - 9세","여자인구수[명]","명","5283","4904","4546","4183","3759","3269",
"도봉구","10 - 14세","남자인구수[명]","명","6021","5876","5694","5447","5315","5167",
"도봉구","10 - 14세","여자인구수[명]","명","5682","5568","5333","5122","4933","4743",
"도봉구","15 - 19세","남자인구수[명]","명","7188","6622","6442","6136","5859","5845",
"도봉구","15 - 19세","여자인구수[명]","명","6736","6245","6039","5667","5490","5449",
"도봉구","20 - 24세","남자인구수[명]","명","10296","9668","8760","8141","7666","6794",
"도봉구","20 - 24세","여자인구수[명]","명","10112","9524","8910","8443","7969","7348",
"도봉구","25 - 29세","남자인구수[명]","명","11814","11365","10967","10505","9945","9487",
"도봉구","25 - 29세","여자인구수[명]","명","11190","10939","10752","10350","10072","9657",
"도봉구","30 - 34세","남자인구수[명]","명","9887","9808","10104","10348","10464","10504",
"도봉구","30 - 34세","여자인구수[명]","명","9372","9512","9659","9674","9806","9902",
"도봉구","35 - 39세","남자인구수[명]","명","11086","10265","9563","8977","8713","8678",
"도봉구","35 - 39세","여자인구수[명]","명","10648","9661","8976","8608","8422","8228",
"도봉구","40 - 44세","남자인구수[명]","명","11069","10970","10906","10917","10409","9856",
"도봉구","40 - 44세","여자인구수[명]","명","10896","10817","10685","10570","9958","9489",
"도봉구","45 - 49세","남자인구수[명]","명","12969","11952","11210","10410","10032","10111",
"도봉구","45 - 49세","여자인구수[명]","명","13601","12417","11626","10617","10344","10204",
"도봉구","50 - 54세","남자인구수[명]","명","13703","13789","13666","13248","12977","12126",
"도봉구","50 - 54세","여자인구수[명]","명","15028","15227","14803","14289","13526","12850",
"도봉구","55 - 59세","남자인구수[명]","명","13458","13030","12608","12631","12623","12846",
"도봉구","55 - 59세","여자인구수[명]","명","14831","13960","13673","14095","14166","14159",
"도봉구","60 - 64세","남자인구수[명]","명","13705","13621","13438","13276","12972","12438",
"도봉구","60 - 64세","여자인구수[명]","명","15181","15372","15349","14861","14451","13936",
"도봉구","65 - 69세","남자인구수[명]","명","10022","10659","11104","11712","12163","12481",
"도봉구","65 - 69세","여자인구수[명]","명","10832","11714","12224","13129","13888","14376",
"도봉구","70 - 74세","남자인구수[명]","명","7235","7246","7495","7601","8212","8978",
"도봉구","70 - 74세","여자인구수[명]","명","8287","8182","8422","8620","9169","10255",
"도봉구","75 - 79세","남자인구수[명]","명","5486","5354","5390","5710","5960","6265",
"도봉구","75 - 79세","여자인구수[명]","명","6698","6701","6759","7033","7343","7654",
"도봉구","80 - 84세","남자인구수[명]","명","3222","3557","4002","4175","4223","4276",
"도봉구","80 - 84세","여자인구수[명]","명","4640","4918","5491","5751","5790","5916",
"도봉구","85 - 89세","남자인구수[명]","명","1232","1334","1476","1659","1910","2074",
"도봉구","85 - 89세","여자인구수[명]","명","2509","2669","2770","2992","3355","3562",
"도봉구","90 - 94세","남자인구수[명]","명","377","388","385","435","475","547",
"도봉구","90 - 94세","여자인구수[명]","명","977","1000","1060","1136","1201","1360",
"도봉구","95 - 99세","남자인구수[명]","명","82","71","81","88","86","94",
"도봉구","95 - 99세","여자인구수[명]","명","235","232","241","275","313","338",
"도봉구","100+","남자인구수[명]","명","48","28","9","15","13","12",
"도봉구","100+","여자인구수[명]","명","127","61","33","43","48","56",
"노원구","0 - 4세","남자인구수[명]","명","6913","6277","5850","5573","5244","5137",
"노원구","0 - 4세","여자인구수[명]","명","6590","5847","5400","5049","4798","4822",
"노원구","5 - 9세","남자인구수[명]","명","10133","9550","8735","8063","7386","6639",
"노원구","5 - 9세","여자인구수[명]","명","9546","8984","8322","7740","7064","6297",
"노원구","10 - 14세","남자인구수[명]","명","12630","12147","11683","11119","10792","10410",
"노원구","10 - 14세","여자인구수[명]","명","11644","11317","10780","10308","10066","9758",
"노원구","15 - 19세","남자인구수[명]","명","14994","13960","13782","13312","12756","12423",
"노원구","15 - 19세","여자인구수[명]","명","13967","12888","12865","12433","11802","11509",
"노원구","20 - 24세","남자인구수[명]","명","19131","18055","17407","16817","16036","14665",
"노원구","20 - 24세","여자인구수[명]","명","18475","17579","17054","16511","16092","14988",
"노원구","25 - 29세","남자인구수[명]","명","18419","17692","17184","16774","16305","16023",
"노원구","25 - 29세","여자인구수[명]","명","17157","16630","16222","16199","15714","15444",
"노원구","30 - 34세","남자인구수[명]","명","15159","15402","15781","15982","16201","16382",
"노원구","30 - 34세","여자인구수[명]","명","15067","15339","15877","15979","15873","16166",
"노원구","35 - 39세","남자인구수[명]","명","17083","16034","15087","14618","14507","14446",
"노원구","35 - 39세","여자인구수[명]","명","17431","16363","15133","14443","14217","14099",
"노원구","40 - 44세","남자인구수[명]","명","18344","17972","17851","17669","16771","15704",
"노원구","40 - 44세","여자인구수[명]","명","20064","19621","19102","19053","17899","16758",
"노원구","45 - 49세","남자인구수[명]","명","22692","20983","19566","18318","17544","17374",
"노원구","45 - 49세","여자인구수[명]","명","25140","23194","22017","20361","19687","19175",
"노원구","50 - 54세","남자인구수[명]","명","22775","22960","23033","22579","21836","20428",
"노원구","50 - 54세","여자인구수[명]","명","23936","24711","24650","24292","23682","22558",
"노원구","55 - 59세","남자인구수[명]","명","19824","19107","18651","19091","19470","19835",
"노원구","55 - 59세","여자인구수[명]","명","21293","20251","20013","20479","20842","21059",
"노원구","60 - 64세","남자인구수[명]","명","18236","18556","18545","18288","17961","17318",
"노원구","60 - 64세","여자인구수[명]","명","20974","21266","21198","20854","20235","19463",
"노원구","65 - 69세","남자인구수[명]","명","13318","14331","14797","15588","15944","16230",
"노원구","65 - 69세","여자인구수[명]","명","15276","16594","17228","18387","19182","19474",
"노원구","70 - 74세","남자인구수[명]","명","9452","9474","9924","10214","10922","11764",
"노원구","70 - 74세","여자인구수[명]","명","11782","11592","12026","12353","12974","14264",
"노원구","75 - 79세","남자인구수[명]","명","6774","6774","6849","7224","7560","7975",
"노원구","75 - 79세","여자인구수[명]","명","9528","9456","9558","9922","10386","10778",
"노원구","80 - 84세","남자인구수[명]","명","4096","4337","4812","5016","5089","5126",
"노원구","80 - 84세","여자인구수[명]","명","6841","7208","7817","7960","8036","8094",
"노원구","85 - 89세","남자인구수[명]","명","1690","1804","1942","2130","2334","2485",
"노원구","85 - 89세","여자인구수[명]","명","3867","4044","4227","4547","4823","4951",
"노원구","90 - 94세","남자인구수[명]","명","521","534","558","616","663","739",
"노원구","90 - 94세","여자인구수[명]","명","1491","1583","1649","1735","1879","2036",
"노원구","95 - 99세","남자인구수[명]","명","114","93","95","109","124","136",
"노원구","95 - 99세","여자인구수[명]","명","382","361","385","423","455","524",
"노원구","100+","남자인구수[명]","명","85","11","13","17","19","15",
"노원구","100+","여자인구수[명]","명","203","75","66","68","77","70",
"은평구","0 - 4세","남자인구수[명]","명","6536","5922","5582","5229","4822","4757",
"은평구","0 - 4세","여자인구수[명]","명","6303","5611","5240","4906","4467","4316",
"은평구","5 - 9세","남자인구수[명]","명","8674","8311","7655","7153","6463","5742",
"은평구","5 - 9세","여자인구수[명]","명","8191","7811","7296","6986","6304","5569",
"은평구","10 - 14세","남자인구수[명]","명","9237","9010","8795","8585","8313","7946",
"은평구","10 - 14세","여자인구수[명]","명","8840","8615","8413","8222","7955","7669",
"은평구","15 - 19세","남자인구수[명]","명","10519","10033","9912","9612","9242","9128",
"은평구","15 - 19세","여자인구수[명]","명","10080","9550","9351","9120","8789","8868",
"은평구","20 - 24세","남자인구수[명]","명","14409","13674","12811","12374","11555","10587",
"은평구","20 - 24세","여자인구수[명]","명","15273","14557","13803","13373","12688","11452",
"은평구","25 - 29세","남자인구수[명]","명","17875","17490","16861","16470","15809","15338",
"은평구","25 - 29세","여자인구수[명]","명","19501","19561","19552","19578","19234","18546",
"은평구","30 - 34세","남자인구수[명]","명","15838","16210","16873","17514","17939","17862",
"은평구","30 - 34세","여자인구수[명]","명","16640","17227","17686","18508","18950","19322",
"은평구","35 - 39세","남자인구수[명]","명","18069","16687","15504","14874","14457","14646",
"은평구","35 - 39세","여자인구수[명]","명","17955","16903","15880","15457","14975","14826",
"은평구","40 - 44세","남자인구수[명]","명","17772","17886","17743","18004","16919","15806",
"은평구","40 - 44세","여자인구수[명]","명","17974","18030","17870","18043","17032","15965",
"은평구","45 - 49세","남자인구수[명]","명","20074","18787","17788","16712","16221","16106",
"은평구","45 - 49세","여자인구수[명]","명","20808","19400","18536","17482","17055","16829",
"은평구","50 - 54세","남자인구수[명]","명","19374","19884","20078","20081","19644","18707",
"은평구","50 - 54세","여자인구수[명]","명","20409","21292","21175","21340","20926","20088",
"은평구","55 - 59세","남자인구수[명]","명","17830","17316","16846","17424","17669","18130",
"은평구","55 - 59세","여자인구수[명]","명","19661","18752","18569","18992","19359","19689",
"은평구","60 - 64세","남자인구수[명]","명","17314","17628","17619","17447","17034","16410",
"은평구","60 - 64세","여자인구수[명]","명","19669","20122","19886","19719","19310","18614",
"은평구","65 - 69세","남자인구수[명]","명","12415","13314","13639","14391","15220","15657",
"은평구","65 - 69세","여자인구수[명]","명","15040","15951","16356","17287","17893","18448",
"은평구","70 - 74세","남자인구수[명]","명","9760","9475","9554","9704","10111","10893",
"은평구","70 - 74세","여자인구수[명]","명","12253","12019","12121","12345","12852","13880",
"은평구","75 - 79세","남자인구수[명]","명","7504","7320","7218","7596","7844","8096",
"은평구","75 - 79세","여자인구수[명]","명","9604","9707","9776","10190","10658","11044",
"은평구","80 - 84세","남자인구수[명]","명","4647","4983","5419","5559","5596","5654",
"은평구","80 - 84세","여자인구수[명]","명","6408","6748","7370","7793","7938","8065",
"은평구","85 - 89세","남자인구수[명]","명","1753","1940","2114","2364","2610","2777",
"은평구","85 - 89세","여자인구수[명]","명","3089","3418","3742","4029","4439","4689",
"은평구","90 - 94세","남자인구수[명]","명","465","478","486","535","613","777",
"은평구","90 - 94세","여자인구수[명]","명","1193","1230","1209","1316","1482","1646",
"은평구","95 - 99세","남자인구수[명]","명","132","97","83","82","115","124",
"은평구","95 - 99세","여자인구수[명]","명","322","286","288","317","348","400",
"은평구","100+","남자인구수[명]","명","82","13","12","15","18","17",
"은평구","100+","여자인구수[명]","명","343","59","35","42","51","52",
"서대문구","0 - 4세","남자인구수[명]","명","4735","4200","4031","3787","3644","3490",
"서대문구","0 - 4세","여자인구수[명]","명","4325","3862","3784","3552","3426","3312",
"서대문구","5 - 9세","남자인구수[명]","명","5532","5432","5303","5166","4765","4316",
"서대문구","5 - 9세","여자인구수[명]","명","5583","5387","5277","5018","4572","4124",
"서대문구","10 - 14세","남자인구수[명]","명","5530","5309","5459","5410","5360","5185",
"서대문구","10 - 14세","여자인구수[명]","명","5385","5270","5288","5279","5254","5254",
"서대문구","15 - 19세","남자인구수[명]","명","6340","5937","5850","5640","5451","5587",
"서대문구","15 - 19세","여자인구수[명]","명","6367","5977","6019","5794","5646","5629",
"서대문구","20 - 24세","남자인구수[명]","명","10271","9789","9717","9459","8943","8311",
"서대문구","20 - 24세","여자인구수[명]","명","12367","11965","11989","11966","11704","10996",
"서대문구","25 - 29세","남자인구수[명]","명","13802","13423","13214","13064","12443","12114",
"서대문구","25 - 29세","여자인구수[명]","명","13916","13719","13916","13943","13732","13524",
"서대문구","30 - 34세","남자인구수[명]","명","10910","11070","11461","11853","12049","12168",
"서대문구","30 - 34세","여자인구수[명]","명","11081","11413","11746","12159","12214","12395",
"서대문구","35 - 39세","남자인구수[명]","명","11473","10810","10462","10197","10109","9991",
"서대문구","35 - 39세","여자인구수[명]","명","11645","10942","10769","10698","10449","10445",
"서대문구","40 - 44세","남자인구수[명]","명","11008","10969","11286","11479","11032","10603",
"서대문구","40 - 44세","여자인구수[명]","명","11256","11165","11427","11560","11220","10809",
"서대문구","45 - 49세","남자인구수[명]","명","12448","11376","10826","10419","10063","10136",
"서대문구","45 - 49세","여자인구수[명]","명","12775","11740","11499","10795","10496","10536",
"서대문구","50 - 54세","남자인구수[명]","명","12469","12612","12824","12504","12188","11641",
"서대문구","50 - 54세","여자인구수[명]","명","13106","13382","13450","13451","12930","12343",
"서대문구","55 - 59세","남자인구수[명]","명","11510","11073","10871","11105","11344","11511",
"서대문구","55 - 59세","여자인구수[명]","명","12282","11573","11631","11833","12060","12173",
"서대문구","60 - 64세","남자인구수[명]","명","10571","10838","10891","10718","10448","10264",
"서대문구","60 - 64세","여자인구수[명]","명","11730","11764","11845","11794","11626","11349",
"서대문구","65 - 69세","남자인구수[명]","명","7529","7915","8264","8775","9200","9389",
"서대문구","65 - 69세","여자인구수[명]","명","8728","9183","9575","10074","10477","10837",
"서대문구","70 - 74세","남자인구수[명]","명","5689","5429","5492","5705","5973","6465",
"서대문구","70 - 74세","여자인구수[명]","명","7583","7153","7150","7182","7367","7824",
"서대문구","75 - 79세","남자인구수[명]","명","4669","4539","4437","4508","4594","4685",
"서대문구","75 - 79세","여자인구수[명]","명","6363","6167","6189","6281","6481","6701",
"서대문구","80 - 84세","남자인구수[명]","명","3073","3158","3493","3491","3464","3451",
"서대문구","80 - 84세","여자인구수[명]","명","4619","4760","5148","5326","5300","5259",
"서대문구","85 - 89세","남자인구수[명]","명","1256","1384","1479","1641","1779","1857",
"서대문구","85 - 89세","여자인구수[명]","명","2298","2500","2638","2833","3134","3311",
"서대문구","90 - 94세","남자인구수[명]","명","372","353","389","409","464","557",
"서대문구","90 - 94세","여자인구수[명]","명","911","922","917","1007","1031","1149",
"서대문구","95 - 99세","남자인구수[명]","명","92","62","56","61","88","90",
"서대문구","95 - 99세","여자인구수[명]","명","276","224","223","233","264","310",
"서대문구","100+","남자인구수[명]","명","81","16","11","13","11","10",
"서대문구","100+","여자인구수[명]","명","217","57","41","49","58","46",
"마포구","0 - 4세","남자인구수[명]","명","5939","5343","4853","4463","4214","4140",
"마포구","0 - 4세","여자인구수[명]","명","5564","4970","4483","4229","4041","4021",
"마포구","5 - 9세","남자인구수[명]","명","6704","6760","6276","6072","5679","5203",
"마포구","5 - 9세","여자인구수[명]","명","6692","6588","6119","5864","5465","4903",
"마포구","10 - 14세","남자인구수[명]","명","7003","6877","6738","6406","6284","6145",
"마포구","10 - 14세","여자인구수[명]","명","6767","6745","6535","6271","6236","6178",
"마포구","15 - 19세","남자인구수[명]","명","7363","7080","7108","6826","6659","6661",
"마포구","15 - 19세","여자인구수[명]","명","7239","7003","7028","6972","6766","6724",
"마포구","20 - 24세","남자인구수[명]","명","11348","10871","10452","10150","9755","8958",
"마포구","20 - 24세","여자인구수[명]","명","14314","14153","13608","13124","12723","11921",
"마포구","25 - 29세","남자인구수[명]","명","16559","16556","16158","15692","15062","14557",
"마포구","25 - 29세","여자인구수[명]","명","19683","19773","19903","19934","19671","19157",
"마포구","30 - 34세","남자인구수[명]","명","14752","15127","15763","16456","16878","16859",
"마포구","30 - 34세","여자인구수[명]","명","17333","17456","17783","18369","18887","19348",
"마포구","35 - 39세","남자인구수[명]","명","15751","14918","13959","13690","13569","13496",
"마포구","35 - 39세","여자인구수[명]","명","16650","16096","15479","15292","15133","15023",
"마포구","40 - 44세","남자인구수[명]","명","14090","14380","14448","14484","14114","13675",
"마포구","40 - 44세","여자인구수[명]","명","15179","15221","15061","15384","14934","14555",
"마포구","45 - 49세","남자인구수[명]","명","15559","14627","13795","13063","12633","12431",
"마포구","45 - 49세","여자인구수[명]","명","16167","15591","14967","14003","13876","13794",
"마포구","50 - 54세","남자인구수[명]","명","14169","14782","14965","15092","14672","14182",
"마포구","50 - 54세","여자인구수[명]","명","14570","15536","15677","15875","15721","15293",
"마포구","55 - 59세","남자인구수[명]","명","12484","12181","11920","12143","12666","12856",
"마포구","55 - 59세","여자인구수[명]","명","13032","12463","12512","12924","13145","13388",
"마포구","60 - 64세","남자인구수[명]","명","10797","11165","11253","11287","11114","10798",
"마포구","60 - 64세","여자인구수[명]","명","12180","12412","12262","12128","11908","11625",
"마포구","65 - 69세","남자인구수[명]","명","7541","8075","8217","8649","9054","9303",
"마포구","65 - 69세","여자인구수[명]","명","9041","9553","9831","10293","10830","11039",
"마포구","70 - 74세","남자인구수[명]","명","5571","5365","5538","5560","5809","6289",
"마포구","70 - 74세","여자인구수[명]","명","7700","7302","7322","7395","7470","8037",
"마포구","75 - 79세","남자인구수[명]","명","4672","4462","4329","4378","4423","4467",
"마포구","75 - 79세","여자인구수[명]","명","6366","6249","6180","6394","6581","6674",
"마포구","80 - 84세","남자인구수[명]","명","2997","3131","3363","3494","3520","3451",
"마포구","80 - 84세","여자인구수[명]","명","4422","4600","4971","5131","5196","5303",
"마포구","85 - 89세","남자인구수[명]","명","1292","1331","1421","1538","1660","1797",
"마포구","85 - 89세","여자인구수[명]","명","2385","2459","2640","2828","3032","3134",
"마포구","90 - 94세","남자인구수[명]","명","373","385","411","462","491","542",
"마포구","90 - 94세","여자인구수[명]","명","940","963","985","1017","1140","1252",
"마포구","95 - 99세","남자인구수[명]","명","104","67","64","76","91","102",
"마포구","95 - 99세","여자인구수[명]","명","252","217","206","239","268","285",
"마포구","100+","남자인구수[명]","명","82","21","12","9","9","7",
"마포구","100+","여자인구수[명]","명","264","51","43","41","38","43",
"양천구","0 - 4세","남자인구수[명]","명","6165","5563","5082","4684","4345","4209",
"양천구","0 - 4세","여자인구수[명]","명","5758","5115","4646","4307","4118","4048",
"양천구","5 - 9세","남자인구수[명]","명","10070","9618","8846","8346","7937","7354",
"양천구","5 - 9세","여자인구수[명]","명","9559","9238","8481","8042","7503","6978",
"양천구","10 - 14세","남자인구수[명]","명","12922","12832","12456","12146","12073","11836",
"양천구","10 - 14세","여자인구수[명]","명","11893","11755","11567","11268","11230","11028",
"양천구","15 - 19세","남자인구수[명]","명","13610","12996","12919","12727","12232","12136",
"양천구","15 - 19세","여자인구수[명]","명","12447","11889","11799","11593","11297","11288",
"양천구","20 - 24세","남자인구수[명]","명","15020","14062","13036","12246","11481","10454",
"양천구","20 - 24세","여자인구수[명]","명","13927","13258","12469","11862","11021","10114",
"양천구","25 - 29세","남자인구수[명]","명","15406","15064","14696","14166","13577","12930",
"양천구","25 - 29세","여자인구수[명]","명","15421","15004","14623","14250","13709","13300",
"양천구","30 - 34세","남자인구수[명]","명","13156","13337","13740","13925","14013","13841",
"양천구","30 - 34세","여자인구수[명]","명","13243","13244","13492","13565","13667","13698",
"양천구","35 - 39세","남자인구수[명]","명","15313","14139","13145","12454","12141","11886",
"양천구","35 - 39세","여자인구수[명]","명","16108","14937","13791","13128","12758","12313",
"양천구","40 - 44세","남자인구수[명]","명","17117","17025","16859","16937","16318","15604",
"양천구","40 - 44세","여자인구수[명]","명","19119","19107","18645","18721","17992","17225",
"양천구","45 - 49세","남자인구수[명]","명","20715","19525","18578","17771","17434","17684",
"양천구","45 - 49세","여자인구수[명]","명","22042","20851","20066","19104","18902","18867",
"양천구","50 - 54세","남자인구수[명]","명","20141","20550","20534","20066","19527","18590",
"양천구","50 - 54세","여자인구수[명]","명","20289","20768","20700","20398","19844","18822",
"양천구","55 - 59세","남자인구수[명]","명","17880","17374","16848","16886","17017","16966",
"양천구","55 - 59세","여자인구수[명]","명","18185","17478","17216","17473","17468","17642",
"양천구","60 - 64세","남자인구수[명]","명","15887","16314","16533","16341","16079","15447",
"양천구","60 - 64세","여자인구수[명]","명","17317","17776","17879","17496","17119","16477",
"양천구","65 - 69세","남자인구수[명]","명","11697","12495","12872","13488","13886","14219",
"양천구","65 - 69세","여자인구수[명]","명","12650","13695","14445","15316","16049","16291",
"양천구","70 - 74세","남자인구수[명]","명","8320","8419","8874","9102","9713","10402",
"양천구","70 - 74세","여자인구수[명]","명","8863","9044","9658","10040","10662","11927",
"양천구","75 - 79세","남자인구수[명]","명","5154","5318","5579","6091","6569","7121",
"양천구","75 - 79세","여자인구수[명]","명","6256","6434","6694","7178","7683","8129",
"양천구","80 - 84세","남자인구수[명]","명","2731","3024","3424","3628","3794","3934",
"양천구","80 - 84세","여자인구수[명]","명","4396","4533","4870","5045","5111","5240",
"양천구","85 - 89세","남자인구수[명]","명","1046","1140","1234","1377","1562","1706",
"양천구","85 - 89세","여자인구수[명]","명","2548","2603","2726","2835","3008","3120",
"양천구","90 - 94세","남자인구수[명]","명","350","344","335","365","405","442",
"양천구","90 - 94세","여자인구수[명]","명","991","1054","1142","1246","1285","1367",
"양천구","95 - 99세","남자인구수[명]","명","75","64","83","76","84","94",
"양천구","95 - 99세","여자인구수[명]","명","277","259","248","274","298","295",
"양천구","100+","남자인구수[명]","명","49","11","9","13","12","10",
"양천구","100+","여자인구수[명]","명","138","46","42","52","53","54",
"강서구","0 - 4세","남자인구수[명]","명","8979","7969","7273","6782","6341","6130",
"강서구","0 - 4세","여자인구수[명]","명","8502","7650","7077","6563","6062","5893",
"강서구","5 - 9세","남자인구수[명]","명","11243","10650","9816","9092","8434","7596",
"강서구","5 - 9세","여자인구수[명]","명","10836","10377","9457","8752","8023","7067",
"강서구","10 - 14세","남자인구수[명]","명","10913","10946","10854","10597","10337","9950",
"강서구","10 - 14세","여자인구수[명]","명","10289","10299","10267","9887","9846","9665",
"강서구","15 - 19세","남자인구수[명]","명","11934","11330","11112","10870","10530","10534",
"강서구","15 - 19세","여자인구수[명]","명","11558","10942","10810","10463","10046","9964",
"강서구","20 - 24세","남자인구수[명]","명","16100","15313","14476","13637","12811","11567",
"강서구","20 - 24세","여자인구수[명]","명","17961","17506","16336","15765","15080","13544",
"강서구","25 - 29세","남자인구수[명]","명","24210","23914","23166","22177","21100","20306",
"강서구","25 - 29세","여자인구수[명]","명","28720","28919","28726","27599","26450","26117",
"강서구","30 - 34세","남자인구수[명]","명","24823","25334","26358","26408","26517","26548",
"강서구","30 - 34세","여자인구수[명]","명","24845","25728","26996","27411","27430","27713",
"강서구","35 - 39세","남자인구수[명]","명","25451","23979","22651","21788","21468","21300",
"강서구","35 - 39세","여자인구수[명]","명","23943","22790","21612","21047","20884","20701",
"강서구","40 - 44세","남자인구수[명]","명","22670","22974","23198","23343","22269","21164",
"강서구","40 - 44세","여자인구수[명]","명","22473","22657","22701","22727","21568","20457",
"강서구","45 - 49세","남자인구수[명]","명","22872","21852","20999","20049","19836","19938",
"강서구","45 - 49세","여자인구수[명]","명","22873","21783","21231","20301","20164","20224",
"강서구","50 - 54세","남자인구수[명]","명","20964","21389","21795","21767","21508","20840",
"강서구","50 - 54세","여자인구수[명]","명","22040","22470","22333","22151","21854","21151",
"강서구","55 - 59세","남자인구수[명]","명","20300","19270","18369","18619","18751","18998",
"강서구","55 - 59세","여자인구수[명]","명","22892","21279","20635","20642","20468","20239",
"강서구","60 - 64세","남자인구수[명]","명","20524","20687","20498","19924","19082","18152",
"강서구","60 - 64세","여자인구수[명]","명","23537","23972","23540","22889","22066","20987",
"강서구","65 - 69세","남자인구수[명]","명","14885","15941","16339","17045","17930","18189",
"강서구","65 - 69세","여자인구수[명]","명","17394","18782","19524","20500","21346","21722",
"강서구","70 - 74세","남자인구수[명]","명","11140","11040","11451","11764","12271","13193",
"강서구","70 - 74세","여자인구수[명]","명","12278","12403","13081","13692","14558","16120",
"강서구","75 - 79세","남자인구수[명]","명","7047","7414","7828","8435","8928","9506",
"강서구","75 - 79세","여자인구수[명]","명","8450","8548","9028","9715","10460","11251",
"강서구","80 - 84세","남자인구수[명]","명","3770","4078","4647","4914","5210","5455",
"강서구","80 - 84세","여자인구수[명]","명","6018","6260","6799","7030","7108","7274",
"강서구","85 - 89세","남자인구수[명]","명","1562","1622","1775","1956","2178","2414",
"강서구","85 - 89세","여자인구수[명]","명","3428","3643","3762","3953","4261","4496",
"강서구","90 - 94세","남자인구수[명]","명","461","472","492","546","609","722",
"강서구","90 - 94세","여자인구수[명]","명","1568","1567","1576","1633","1721","1908",
"강서구","95 - 99세","남자인구수[명]","명","111","99","88","93","109","122",
"강서구","95 - 99세","여자인구수[명]","명","382","385","413","450","471","502",
"강서구","100+","남자인구수[명]","명","75","19","18","16","18","14",
"강서구","100+","여자인구수[명]","명","164","63","59","66","68","78",
"구로구","0 - 4세","남자인구수[명]","명","6650","5974","5734","5202","4968","4812",
"구로구","0 - 4세","여자인구수[명]","명","6219","5600","5237","4829","4610","4533",
"구로구","5 - 9세","남자인구수[명]","명","7756","7281","6802","6331","5877","5281",
"구로구","5 - 9세","여자인구수[명]","명","7574","7112","6582","6072","5611","4968",
"구로구","10 - 14세","남자인구수[명]","명","7496","7357","7207","7057","6889","6535",
"구로구","10 - 14세","여자인구수[명]","명","7190","7136","7030","6937","6702","6474",
"구로구","15 - 19세","남자인구수[명]","명","8098","7632","7434","7304","7116","7100",
"구로구","15 - 19세","여자인구수[명]","명","7405","7066","6966","6920","6816","6915",
"구로구","20 - 24세","남자인구수[명]","명","11430","10875","10247","9664","9120","8365",
"구로구","20 - 24세","여자인구수[명]","명","11921","11397","11007","10380","9599","8789",
"구로구","25 - 29세","남자인구수[명]","명","15791","15416","15289","14863","14101","13500",
"구로구","25 - 29세","여자인구수[명]","명","16273","16015","16288","15964","15488","15255",
"구로구","30 - 34세","남자인구수[명]","명","15433","15629","16439","16454","16585","16887",
"구로구","30 - 34세","여자인구수[명]","명","15291","15369","16068","16333","16342","16478",
"구로구","35 - 39세","남자인구수[명]","명","16782","15502","15051","14673","14518","14477",
"구로구","35 - 39세","여자인구수[명]","명","15641","14571","14007","13639","13543","13609",
"구로구","40 - 44세","남자인구수[명]","명","15882","15726","15815","15743","15089","14291",
"구로구","40 - 44세","여자인구수[명]","명","15099","14921","15018","14927","14211","13267",
"구로구","45 - 49세","남자인구수[명]","명","16528","15607","14886","14097","13768","13760",
"구로구","45 - 49세","여자인구수[명]","명","15694","14929","14425","13635","13390","13547",
"구로구","50 - 54세","남자인구수[명]","명","15749","15980","16012","16032","15815","15190",
"구로구","50 - 54세","여자인구수[명]","명","16042","16242","16202","16011","15692","14890",
"구로구","55 - 59세","남자인구수[명]","명","15578","14879","14537","14656","14645","14732",
"구로구","55 - 59세","여자인구수[명]","명","15961","15193","14793","15223","15224","15136",
"구로구","60 - 64세","남자인구수[명]","명","15081","15253","15163","14893","14694","14148",
"구로구","60 - 64세","여자인구수[명]","명","16643","16647","16585","16189","15729","14941",
"구로구","65 - 69세","남자인구수[명]","명","11313","11871","12213","12855","13151","13421",
"구로구","65 - 69세","여자인구수[명]","명","12946","13718","14107","14724","15347","15553",
"구로구","70 - 74세","남자인구수[명]","명","9000","8921","9032","9162","9383","9989",
"구로구","70 - 74세","여자인구수[명]","명","9721","9732","10139","10643","11162","12174",
"구로구","75 - 79세","남자인구수[명]","명","6102","6235","6435","6898","7275","7590",
"구로구","75 - 79세","여자인구수[명]","명","6981","7084","7387","7854","8375","8967",
"구로구","80 - 84세","남자인구수[명]","명","3351","3604","4122","4320","4536","4702",
"구로구","80 - 84세","여자인구수[명]","명","4556","4785","5347","5601","5810","5994",
"구로구","85 - 89세","남자인구수[명]","명","1234","1398","1444","1685","1942","2113",
"구로구","85 - 89세","여자인구수[명]","명","2302","2501","2626","2877","3082","3268",
"구로구","90 - 94세","남자인구수[명]","명","300","318","354","383","421","519",
"구로구","90 - 94세","여자인구수[명]","명","903","933","959","1001","1115","1231",
"구로구","95 - 99세","남자인구수[명]","명","79","67","50","60","85","96",
"구로구","95 - 99세","여자인구수[명]","명","234","236","237","265","290","291",
"구로구","100+","남자인구수[명]","명","40","12","8","9","13","6",
"구로구","100+","여자인구수[명]","명","139","30","31","40","40","35",
"금천구","0 - 4세","남자인구수[명]","명","2976","2734","2531","2297","2078","1987",
"금천구","0 - 4세","여자인구수[명]","명","2799","2511","2368","2183","2021","1941",
"금천구","5 - 9세","남자인구수[명]","명","3446","3284","2962","2739","2516","2259",
"금천구","5 - 9세","여자인구수[명]","명","3327","3147","2838","2665","2411","2134",
"금천구","10 - 14세","남자인구수[명]","명","3382","3301","3239","3098","3013","2893",
"금천구","10 - 14세","여자인구수[명]","명","3303","3209","3127","2987","2872","2757",
"금천구","15 - 19세","남자인구수[명]","명","3997","3756","3600","3435","3279","3227",
"금천구","15 - 19세","여자인구수[명]","명","3987","3689","3582","3407","3261","3167",
"금천구","20 - 24세","남자인구수[명]","명","6953","6523","6010","5429","5028","4504",
"금천구","20 - 24세","여자인구수[명]","명","7412","7113","6588","6194","5751","5187",
"금천구","25 - 29세","남자인구수[명]","명","11762","11816","11816","11419","11125","10589",
"금천구","25 - 29세","여자인구수[명]","명","11000","11750","12001","11932","11666","11435",
"금천구","30 - 34세","남자인구수[명]","명","10363","11127","11872","12266","12641","13089",
"금천구","30 - 34세","여자인구수[명]","명","8213","9053","9716","10119","10375","10825",
"금천구","35 - 39세","남자인구수[명]","명","9301","9110","8721","8615","8565","8777",
"금천구","35 - 39세","여자인구수[명]","명","7604","7280","7128","6954","6937","7027",
"금천구","40 - 44세","남자인구수[명]","명","8174","8302","8397","8402","7978","7680",
"금천구","40 - 44세","여자인구수[명]","명","7124","7047","7034","6985","6629","6383",
"금천구","45 - 49세","남자인구수[명]","명","9095","8372","7928","7413","7175","7163",
"금천구","45 - 49세","여자인구수[명]","명","8510","7917","7344","6744","6553","6401",
"금천구","50 - 54세","남자인구수[명]","명","9847","9715","9656","9324","8972","8416",
"금천구","50 - 54세","여자인구수[명]","명","9820","9773","9432","9088","8603","8013",
"금천구","55 - 59세","남자인구수[명]","명","10366","10047","9553","9519","9340","9215",
"금천구","55 - 59세","여자인구수[명]","명","10259","9813","9548","9583","9486","9403",
"금천구","60 - 64세","남자인구수[명]","명","9695","9967","10185","10086","9937","9588",
"금천구","60 - 64세","여자인구수[명]","명","9704","10013","10240","10067","9910","9669",
"금천구","65 - 69세","남자인구수[명]","명","6573","7009","7284","7813","8350","8726",
"금천구","65 - 69세","여자인구수[명]","명","7147","7575","7815","8359","8683","9008",
"금천구","70 - 74세","남자인구수[명]","명","4940","4942","5059","5142","5364","5764",
"금천구","70 - 74세","여자인구수[명]","명","5495","5437","5575","5732","6144","6593",
"금천구","75 - 79세","남자인구수[명]","명","3495","3491","3547","3757","3925","4112",
"금천구","75 - 79세","여자인구수[명]","명","4129","4104","4220","4454","4719","4981",
"금천구","80 - 84세","남자인구수[명]","명","1872","2057","2364","2468","2541","2654",
"금천구","80 - 84세","여자인구수[명]","명","2559","2753","3138","3271","3349","3456",
"금천구","85 - 89세","남자인구수[명]","명","701","744","804","919","1080","1152",
"금천구","85 - 89세","여자인구수[명]","명","1347","1422","1495","1611","1780","1871",
"금천구","90 - 94세","남자인구수[명]","명","174","185","214","233","261","282",
"금천구","90 - 94세","여자인구수[명]","명","517","537","524","574","638","736",
"금천구","95 - 99세","남자인구수[명]","명","56","38","35","32","34","46",
"금천구","95 - 99세","여자인구수[명]","명","132","118","120","134","134","153",
"금천구","100+","남자인구수[명]","명","58","7","9","8","9","8",
"금천구","100+","여자인구수[명]","명","119","23","23","24","26","19",
"영등포구","0 - 4세","남자인구수[명]","명","6515","6041","5655","5330","5062","5078",
"영등포구","0 - 4세","여자인구수[명]","명","6273","5734","5422","5047","4772","4776",
"영등포구","5 - 9세","남자인구수[명]","명","6650","6629","6396","6001","5537","4984",
"영등포구","5 - 9세","여자인구수[명]","명","6398","6352","6077","5799","5417","4895",
"영등포구","10 - 14세","남자인구수[명]","명","5932","5929","5943","5720","5731","5675",
"영등포구","10 - 14세","여자인구수[명]","명","5512","5684","5746","5587","5478","5364",
"영등포구","15 - 19세","남자인구수[명]","명","6726","6378","6256","6115","5932","5841",
"영등포구","15 - 19세","여자인구수[명]","명","6108","5649","5637","5531","5423","5439",
"영등포구","20 - 24세","남자인구수[명]","명","10271","9906","9354","8750","8182","7557",
"영등포구","20 - 24세","여자인구수[명]","명","11649","11634","11365","10748","10110","9121",
"영등포구","25 - 29세","남자인구수[명]","명","17489","17281","17015","17126","16575","15839",
"영등포구","25 - 29세","여자인구수[명]","명","19667","19872","19955","20389","20511","20231",
"영등포구","30 - 34세","남자인구수[명]","명","18135","18552","19299","19935","20720","21037",
"영등포구","30 - 34세","여자인구수[명]","명","17656","18434","19135","20042","20787","21417",
"영등포구","35 - 39세","남자인구수[명]","명","17438","16848","16028","15947","16107","16328",
"영등포구","35 - 39세","여자인구수[명]","명","16016","15569","15204","14970","15269","15383",
"영등포구","40 - 44세","남자인구수[명]","명","14405","14732","15101","15142","14762","14237",
"영등포구","40 - 44세","여자인구수[명]","명","13526","13718","13920","14143","13590","13314",
"영등포구","45 - 49세","남자인구수[명]","명","14625","13830","13283","12651","12360","12475",
"영등포구","45 - 49세","여자인구수[명]","명","13882","13161","12798","12051","12121","12141",
"영등포구","50 - 54세","남자인구수[명]","명","14489","14780","14822","14474","14187","13543",
"영등포구","50 - 54세","여자인구수[명]","명","14252","14499","14435","14294","13808","13353",
"영등포구","55 - 59세","남자인구수[명]","명","14425","13943","13442","13503","13506","13544",
"영등포구","55 - 59세","여자인구수[명]","명","13765","13040","12846","13104","13245","13368",
"영등포구","60 - 64세","남자인구수[명]","명","13249","13376","13407","13228","13004","12733",
"영등포구","60 - 64세","여자인구수[명]","명","13764","13971","13785","13324","13009","12375",
"영등포구","65 - 69세","남자인구수[명]","명","9627","10056","10270","10874","11361","11527",
"영등포구","65 - 69세","여자인구수[명]","명","10432","10847","11095","11709","12072","12331",
"영등포구","70 - 74세","남자인구수[명]","명","7321","7158","7284","7293","7542","8169",
"영등포구","70 - 74세","여자인구수[명]","명","8402","8202","8396","8389","8731","9244",
"영등포구","75 - 79세","남자인구수[명]","명","5245","5177","5308","5526","5849","5992",
"영등포구","75 - 79세","여자인구수[명]","명","6412","6330","6397","6699","6959","7396",
"영등포구","80 - 84세","남자인구수[명]","명","3241","3373","3720","3828","3847","3935",
"영등포구","80 - 84세","여자인구수[명]","명","4387","4530","4952","5182","5233","5290",
"영등포구","85 - 89세","남자인구수[명]","명","1341","1503","1606","1740","1946","2013",
"영등포구","85 - 89세","여자인구수[명]","명","2370","2544","2682","2778","3042","3152",
"영등포구","90 - 94세","남자인구수[명]","명","348","354","398","454","498","617",
"영등포구","90 - 94세","여자인구수[명]","명","888","881","928","1014","1111","1232",
"영등포구","95 - 99세","남자인구수[명]","명","100","67","63","73","84","99",
"영등포구","95 - 99세","여자인구수[명]","명","262","220","210","225","233","258",
"영등포구","100+","남자인구수[명]","명","75","13","10","16","10","13",
"영등포구","100+","여자인구수[명]","명","212","40","30","43","50","46",
"동작구","0 - 4세","남자인구수[명]","명","5593","5051","4664","4365","4178","4168",
"동작구","0 - 4세","여자인구수[명]","명","5349","4817","4357","4098","3905","3826",
"동작구","5 - 9세","남자인구수[명]","명","6935","6703","6234","5872","5329","4722",
"동작구","5 - 9세","여자인구수[명]","명","6687","6421","6097","5736","5213","4621",
"동작구","10 - 14세","남자인구수[명]","명","6777","6715","6524","6381","6275","6035",
"동작구","10 - 14세","여자인구수[명]","명","6334","6233","6160","6091","5890","5717",
"동작구","15 - 19세","남자인구수[명]","명","7531","7106","7164","6927","6587","6701",
"동작구","15 - 19세","여자인구수[명]","명","7179","6913","6828","6595","6438","6387",
"동작구","20 - 24세","남자인구수[명]","명","12923","12424","12190","11936","11551","10779",
"동작구","20 - 24세","여자인구수[명]","명","14680","14246","13952","13595","13206","12454",
"동작구","25 - 29세","남자인구수[명]","명","19201","18884","18690","18846","18258","17659",
"동작구","25 - 29세","여자인구수[명]","명","19741","19328","19369","19348","19095","18983",
"동작구","30 - 34세","남자인구수[명]","명","16078","16287","16678","16996","17672","18019",
"동작구","30 - 34세","여자인구수[명]","명","15711","15944","16028","16407","16822","17204",
"동작구","35 - 39세","남자인구수[명]","명","15344","14456","13645","13410","13368","13429",
"동작구","35 - 39세","여자인구수[명]","명","14963","14139","13505","13053","12939","12856",
"동작구","40 - 44세","남자인구수[명]","명","14431","14355","14405","14359","13722","13109",
"동작구","40 - 44세","여자인구수[명]","명","14291","14212","14026","14119","13311","12655",
"동작구","45 - 49세","남자인구수[명]","명","15080","14331","13582","12985","12630","12604",
"동작구","45 - 49세","여자인구수[명]","명","15110","14309","13780","13158","13008","12784",
"동작구","50 - 54세","남자인구수[명]","명","14344","14879","14953","14846","14593","13889",
"동작구","50 - 54세","여자인구수[명]","명","15358","15902","15654","15483","15136","14560",
"동작구","55 - 59세","남자인구수[명]","명","13636","13180","12755","12958","13261","13522",
"동작구","55 - 59세","여자인구수[명]","명","15005","14112","13824","14024","14112","14294",
"동작구","60 - 64세","남자인구수[명]","명","13005","13076","12824","12739","12465","12007",
"동작구","60 - 64세","여자인구수[명]","명","15006","15140","14836","14353","14052","13399",
"동작구","65 - 69세","남자인구수[명]","명","9619","10222","10441","10743","11138","11290",
"동작구","65 - 69세","여자인구수[명]","명","11532","12040","12199","12747","13188","13422",
"동작구","70 - 74세","남자인구수[명]","명","7499","7384","7416","7421","7664","8200",
"동작구","70 - 74세","여자인구수[명]","명","9567","9354","9411","9401","9568","10245",
"동작구","75 - 79세","남자인구수[명]","명","5833","5722","5710","5877","6000","6169",
"동작구","75 - 79세","여자인구수[명]","명","6856","7122","7326","7716","8154","8406",
"동작구","80 - 84세","남자인구수[명]","명","3409","3689","4100","4227","4367","4396",
"동작구","80 - 84세","여자인구수[명]","명","4699","4837","5141","5362","5507","5672",
"동작구","85 - 89세","남자인구수[명]","명","1347","1466","1567","1731","1913","2080",
"동작구","85 - 89세","여자인구수[명]","명","2440","2625","2744","2939","3143","3329",
"동작구","90 - 94세","남자인구수[명]","명","384","394","397","431","494","573",
"동작구","90 - 94세","여자인구수[명]","명","1048","1019","1027","1076","1192","1254",
"동작구","95 - 99세","남자인구수[명]","명","92","82","78","88","93","107",
"동작구","95 - 99세","여자인구수[명]","명","290","280","257","275","297","343",
"동작구","100+","남자인구수[명]","명","91","20","13","15","18","12",
"동작구","100+","여자인구수[명]","명","222","64","45","40","47","43",
"관악구","0 - 4세","남자인구수[명]","명","5069","4373","4042","3607","3274","3230",
"관악구","0 - 4세","여자인구수[명]","명","4829","4147","3724","3473","3317","3279",
"관악구","5 - 9세","남자인구수[명]","명","6430","5813","5352","4886","4413","3871",
"관악구","5 - 9세","여자인구수[명]","명","6044","5510","5046","4514","4019","3557",
"관악구","10 - 14세","남자인구수[명]","명","6566","6346","6071","5741","5467","5293",
"관악구","10 - 14세","여자인구수[명]","명","6165","6005","5728","5452","5311","5119",
"관악구","15 - 19세","남자인구수[명]","명","8075","7489","7324","6973","6744","6607",
"관악구","15 - 19세","여자인구수[명]","명","7794","7217","7205","6913","6574","6510",
"관악구","20 - 24세","남자인구수[명]","명","17377","16749","16561","15855","15285","14305",
"관악구","20 - 24세","여자인구수[명]","명","21843","21122","20987","19586","18763","17735",
"관악구","25 - 29세","남자인구수[명]","명","35791","35743","37012","36204","34774","34285",
"관악구","25 - 29세","여자인구수[명]","명","34124","34540","35755","35734","35033","35066",
"관악구","30 - 34세","남자인구수[명]","명","27175","28079","29641","31031","32243","33099",
"관악구","30 - 34세","여자인구수[명]","명","21724","22144","23641","24318","25270","26458",
"관악구","35 - 39세","남자인구수[명]","명","20762","19374","18751","18441","18641","19424",
"관악구","35 - 39세","여자인구수[명]","명","17120","15959","15213","14650","14658","15039",
"관악구","40 - 44세","남자인구수[명]","명","17779","17581","17751","17655","16734","15945",
"관악구","40 - 44세","여자인구수[명]","명","15372","15162","15008","14827","13984","13192",
"관악구","45 - 49세","남자인구수[명]","명","18779","17459","16427","15458","15076","15347",
"관악구","45 - 49세","여자인구수[명]","명","16554","15341","14580","13765","13406","13363",
"관악구","50 - 54세","남자인구수[명]","명","17439","17858","18138","18050","17644","16965",
"관악구","50 - 54세","여자인구수[명]","명","17035","17232","16914","16480","16053","15612",
"관악구","55 - 59세","남자인구수[명]","명","16629","16122","15550","15618","15824","16176",
"관악구","55 - 59세","여자인구수[명]","명","16949","15813","15463","15658","15703","15712",
"관악구","60 - 64세","남자인구수[명]","명","15588","15638","15788","15498","15308","14994",
"관악구","60 - 64세","여자인구수[명]","명","17618","17512","17232","16807","16156","15344",
"관악구","65 - 69세","남자인구수[명]","명","11955","12293","12315","12961","13454","13715",
"관악구","65 - 69세","여자인구수[명]","명","14082","14527","14723","15152","15651","15982",
"관악구","70 - 74세","남자인구수[명]","명","9640","9540","9701","9549","9656","10229",
"관악구","70 - 74세","여자인구수[명]","명","11532","11267","11453","11531","11851","12710",
"관악구","75 - 79세","남자인구수[명]","명","7343","7169","7095","7386","7643","8010",
"관악구","75 - 79세","여자인구수[명]","명","8661","8664","8858","9348","9826","10252",
"관악구","80 - 84세","남자인구수[명]","명","4070","4426","5090","5287","5442","5546",
"관악구","80 - 84세","여자인구수[명]","명","5222","5616","6347","6635","6936","7170",
"관악구","85 - 89세","남자인구수[명]","명","1389","1522","1717","1958","2260","2476",
"관악구","85 - 89세","여자인구수[명]","명","2460","2622","2803","3079","3386","3710",
"관악구","90 - 94세","남자인구수[명]","명","336","354","363","425","495","614",
"관악구","90 - 94세","여자인구수[명]","명","1066","995","1031","1081","1132","1224",
"관악구","95 - 99세","남자인구수[명]","명","79","54","50","58","74","72",
"관악구","95 - 99세","여자인구수[명]","명","272","261","249","259","282","324",
"관악구","100+","남자인구수[명]","명","68","9","9","10","6","6",
"관악구","100+","여자인구수[명]","명","255","52","44","43","44","38",
"서초구","0 - 4세","남자인구수[명]","명","6813","6214","5661","5443","5210","5431",
"서초구","0 - 4세","여자인구수[명]","명","6312","5766","5225","4966","4929","5160",
"서초구","5 - 9세","남자인구수[명]","명","10677","10067","9261","8821","8482","8204",
"서초구","5 - 9세","여자인구수[명]","명","10049","9652","8905","8588","8013","7602",
"서초구","10 - 14세","남자인구수[명]","명","11749","11707","11674","11562","11619","11565",
"서초구","10 - 14세","여자인구수[명]","명","11354","11324","11206","11127","11178","11212",
"서초구","15 - 19세","남자인구수[명]","명","11371","10913","10944","11113","11039","11490",
"서초구","15 - 19세","여자인구수[명]","명","10855","10533","10719","11004","10953","11460",
"서초구","20 - 24세","남자인구수[명]","명","12305","11530","10900","10639","10424","10061",
"서초구","20 - 24세","여자인구수[명]","명","12839","12122","11600","11493","11316","10838",
"서초구","25 - 29세","남자인구수[명]","명","14134","13447","13145","13159","12741","12650",
"서초구","25 - 29세","여자인구수[명]","명","15813","14910","14404","14607","14492","14518",
"서초구","30 - 34세","남자인구수[명]","명","13756","13280","13356","13787","13990","14125",
"서초구","30 - 34세","여자인구수[명]","명","15896","15461","15005","15297","15439","15503",
"서초구","35 - 39세","남자인구수[명]","명","15384","14019","12768","12583","12423","12729",
"서초구","35 - 39세","여자인구수[명]","명","18188","16785","15608","15296","15264","15380",
"서초구","40 - 44세","남자인구수[명]","명","16931","16782","16382","16573","15973","15725",
"서초구","40 - 44세","여자인구수[명]","명","20197","19936","19541","19732","18913","18549",
"서초구","45 - 49세","남자인구수[명]","명","19433","18359","17605","16859","16730","17082",
"서초구","45 - 49세","여자인구수[명]","명","20794","20001","19588","19080","19265","19918",
"서초구","50 - 54세","남자인구수[명]","명","17358","17831","18139","18544","18388","18107",
"서초구","50 - 54세","여자인구수[명]","명","17365","17965","18175","18857","19112","19062",
"서초구","55 - 59세","남자인구수[명]","명","13742","13228","13175","13720","14352","15420",
"서초구","55 - 59세","여자인구수[명]","명","14732","13555","13622","14087","14550","15468",
"서초구","60 - 64세","남자인구수[명]","명","12551","12248","11976","11839","11822","11907",
"서초구","60 - 64세","여자인구수[명]","명","14456","14070","13513","13347","13153","13106",
"서초구","65 - 69세","남자인구수[명]","명","9490","9928","10033","10517","10743","10838",
"서초구","65 - 69세","여자인구수[명]","명","11300","11849","11970","12302","12808","12934",
"서초구","70 - 74세","남자인구수[명]","명","7458","7117","7251","7355","7639","8304",
"서초구","70 - 74세","여자인구수[명]","명","8873","8395","8563","8985","9266","10194",
"서초구","75 - 79세","남자인구수[명]","명","5392","5364","5494","5852","6176","6349",
"서초구","75 - 79세","여자인구수[명]","명","5711","5862","6234","6854","7317","7723",
"서초구","80 - 84세","남자인구수[명]","명","3007","3177","3449","3779","3990","4256",
"서초구","80 - 84세","여자인구수[명]","명","3454","3622","3848","4187","4453","4739",
"서초구","85 - 89세","남자인구수[명]","명","1234","1334","1455","1601","1793","1946",
"서초구","85 - 89세","여자인구수[명]","명","2092","2086","2181","2285","2428","2645",
"서초구","90 - 94세","남자인구수[명]","명","405","374","403","443","488","605",
"서초구","90 - 94세","여자인구수[명]","명","1004","991","941","954","1044","1132",
"서초구","95 - 99세","남자인구수[명]","명","107","91","81","87","117","112",
"서초구","95 - 99세","여자인구수[명]","명","313","291","272","277","282","313",
"서초구","100+","남자인구수[명]","명","62","24","7","15","14","18",
"서초구","100+","여자인구수[명]","명","170","69","46","48","48","48",
"강남구","0 - 4세","남자인구수[명]","명","7056","6377","5970","6195","6236","6331",
"강남구","0 - 4세","여자인구수[명]","명","6565","5986","5516","5835","6037","6114",
"강남구","5 - 9세","남자인구수[명]","명","11995","11527","10682","10812","10775","10110",
"강남구","5 - 9세","여자인구수[명]","명","11150","10836","10152","10163","10112","9440",
"강남구","10 - 14세","남자인구수[명]","명","15172","15571","15588","16214","17011","16912",
"강남구","10 - 14세","여자인구수[명]","명","13966","14223","14370","14692","15385","15289",
"강남구","15 - 19세","남자인구수[명]","명","15687","15293","15739","16049","16132","16518",
"강남구","15 - 19세","여자인구수[명]","명","14309","14054","14398","14853","14999","15338",
"강남구","20 - 24세","남자인구수[명]","명","16261","15275","14523","14063","13874","12900",
"강남구","20 - 24세","여자인구수[명]","명","17021","16404","15441","14935","14544","13508",
"강남구","25 - 29세","남자인구수[명]","명","19108","18411","17768","17794","17308","16702",
"강남구","25 - 29세","여자인구수[명]","명","21550","20684","20260","20793","20578","20049",
"강남구","30 - 34세","남자인구수[명]","명","18316","17993","18467","19716","20605","20190",
"강남구","30 - 34세","여자인구수[명]","명","20980","20344","20234","21328","22284","22166",
"강남구","35 - 39세","남자인구수[명]","명","19185","17765","16664","17110","17609","17766",
"강남구","35 - 39세","여자인구수[명]","명","23357","21560","20287","20617","20793","20533",
"강남구","40 - 44세","남자인구수[명]","명","21289","21281","21057","22055","21941","21036",
"강남구","40 - 44세","여자인구수[명]","명","25809","26041","25889","27410","27327","26360",
"강남구","45 - 49세","남자인구수[명]","명","24856","23829","23036","23362","24198","24537",
"강남구","45 - 49세","여자인구수[명]","명","27312","26578","26308","26150","27426","28122",
"강남구","50 - 54세","남자인구수[명]","명","22612","23731","24353","24801","24963","24639",
"강남구","50 - 54세","여자인구수[명]","명","22070","23528","23863","24695","25053","24755",
"강남구","55 - 59세","남자인구수[명]","명","17577","17377","17302","17981","18999","19715",
"강남구","55 - 59세","여자인구수[명]","명","18091","17320","17571","18290","18900","19366",
"강남구","60 - 64세","남자인구수[명]","명","15296","15443","15157","15570","15850","15793",
"강남구","60 - 64세","여자인구수[명]","명","17682","17533","16943","16956","17115","16792",
"강남구","65 - 69세","남자인구수[명]","명","11896","12857","13097","13638","14006","14132",
"강남구","65 - 69세","여자인구수[명]","명","14549","15694","15914","16646","17268","17146",
"강남구","70 - 74세","남자인구수[명]","명","9498","9266","9647","9889","10435","11225",
"강남구","70 - 74세","여자인구수[명]","명","11097","10891","11520","12159","12824","14031",
"강남구","75 - 79세","남자인구수[명]","명","6625","7015","7275","7921","8370","8583",
"강남구","75 - 79세","여자인구수[명]","명","6947","7395","8030","8859","9680","10296",
"강남구","80 - 84세","남자인구수[명]","명","3582","3946","4464","4772","5147","5429",
"강남구","80 - 84세","여자인구수[명]","명","4254","4509","4899","5252","5681","5994",
"강남구","85 - 89세","남자인구수[명]","명","1412","1526","1694","1925","2225","2459",
"강남구","85 - 89세","여자인구수[명]","명","2565","2619","2701","2963","3046","3245",
"강남구","90 - 94세","남자인구수[명]","명","410","447","471","533","581","674",
"강남구","90 - 94세","여자인구수[명]","명","1321","1335","1305","1298","1389","1471",
"강남구","95 - 99세","남자인구수[명]","명","109","100","104","104","129","136",
"강남구","95 - 99세","여자인구수[명]","명","398","372","365","386","427","444",
"강남구","100+","남자인구수[명]","명","57","17","14","16","18","17",
"강남구","100+","여자인구수[명]","명","239","89","64","73","65","67",
"송파구","0 - 4세","남자인구수[명]","명","11427","10471","9776","9000","8473","8256",
"송파구","0 - 4세","여자인구수[명]","명","10557","9792","9196","8488","8138","8036",
"송파구","5 - 9세","남자인구수[명]","명","14775","14400","14039","13408","12762","11859",
"송파구","5 - 9세","여자인구수[명]","명","13985","13710","13109","12418","11767","11038",
"송파구","10 - 14세","남자인구수[명]","명","14809","14784","15049","14863","14814","14669",
"송파구","10 - 14세","여자인구수[명]","명","14252","14172","14399","14303","14296","14262",
"송파구","15 - 19세","남자인구수[명]","명","15436","14710","14717","14395","14007","14069",
"송파구","15 - 19세","여자인구수[명]","명","14571","13969","14187","13892","13733","13919",
"송파구","20 - 24세","남자인구수[명]","명","19503","18542","17433","16543","15701","14215",
"송파구","20 - 24세","여자인구수[명]","명","20734","19699","18595","17564","16317","14717",
"송파구","25 - 29세","남자인구수[명]","명","25281","24474","23967","23277","22325","21309",
"송파구","25 - 29세","여자인구수[명]","명","28601","27707","27410","27235","26699","25920",
"송파구","30 - 34세","남자인구수[명]","명","25626","25208","25840","26301","26998","27090",
"송파구","30 - 34세","여자인구수[명]","명","27954","27700","28217","28731","29307","29409",
"송파구","35 - 39세","남자인구수[명]","명","27432","25658","24507","23735","23736","23663",
"송파구","35 - 39세","여자인구수[명]","명","29578","28064","26932","26022","25853","25745",
"송파구","40 - 44세","남자인구수[명]","명","26081","26407","27153","27497","26546","25577",
"송파구","40 - 44세","여자인구수[명]","명","28092","28498","29204","29741","28797","27787",
"송파구","45 - 49세","남자인구수[명]","명","26558","25484","24971","24148","23916","24335",
"송파구","45 - 49세","여자인구수[명]","명","28568","26820","26319","25077","25470","26048",
"송파구","50 - 54세","남자인구수[명]","명","25818","26061","26413","25883","25450","24385",
"송파구","50 - 54세","여자인구수[명]","명","26998","27947","28173","27817","27046","26024",
"송파구","55 - 59세","남자인구수[명]","명","23970","23253","22845","22764","22853","23088",
"송파구","55 - 59세","여자인구수[명]","명","25780","24353","24320","24570","24655","24485",
"송파구","60 - 64세","남자인구수[명]","명","22547","22873","22831","22506","21912","21100",
"송파구","60 - 64세","여자인구수[명]","명","25718","26079","25838","25345","24582","23410",
"송파구","65 - 69세","남자인구수[명]","명","17142","18228","18823","19556","19900","19895",
"송파구","65 - 69세","여자인구수[명]","명","18777","20356","21407","22331","23221","23375",
"송파구","70 - 74세","남자인구수[명]","명","12107","12143","12867","13227","13876","14817",
"송파구","70 - 74세","여자인구수[명]","명","12609","12631","13612","14344","15296","16928",
"송파구","75 - 79세","남자인구수[명]","명","7617","8004","8536","9231","9806","10329",
"송파구","75 - 79세","여자인구수[명]","명","8107","8482","9143","9874","10573","11237",
"송파구","80 - 84세","남자인구수[명]","명","3913","4279","4887","5249","5619","5886",
"송파구","80 - 84세","여자인구수[명]","명","5252","5517","6028","6345","6626","6847",
"송파구","85 - 89세","남자인구수[명]","명","1588","1736","1903","2092","2286","2461",
"송파구","85 - 89세","여자인구수[명]","명","3379","3470","3495","3560","3776","3871",
"송파구","90 - 94세","남자인구수[명]","명","488","516","510","543","597","745",
"송파구","90 - 94세","여자인구수[명]","명","1496","1523","1568","1670","1691","1847",
"송파구","95 - 99세","남자인구수[명]","명","103","100","100","111","131","133",
"송파구","95 - 99세","여자인구수[명]","명","432","428","399","419","472","481",
"송파구","100+","남자인구수[명]","명","78","15","13","18","20","17",
"송파구","100+","여자인구수[명]","명","221","75","70","73","67","66",
"강동구","0 - 4세","남자인구수[명]","명","7798","7585","7201","6643","6741","7206",
"강동구","0 - 4세","여자인구수[명]","명","7503","7093","6686","6277","6396","6782",
"강동구","5 - 9세","남자인구수[명]","명","10179","10247","9727","9362","9372","9446",
"강동구","5 - 9세","여자인구수[명]","명","9270","9396","8946","8610","8560","8577",
"강동구","10 - 14세","남자인구수[명]","명","10193","10556","10510","10439","11002","11907",
"강동구","10 - 14세","여자인구수[명]","명","9128","9335","9474","9420","9941","10570",
"강동구","15 - 19세","남자인구수[명]","명","10293","9935","10069","10102","10582","11242",
"강동구","15 - 19세","여자인구수[명]","명","9347","9024","9011","8900","9309","10048",
"강동구","20 - 24세","남자인구수[명]","명","13386","12818","11996","11322","11175","10586",
"강동구","20 - 24세","여자인구수[명]","명","13250","12914","12221","11570","11408","10790",
"강동구","25 - 29세","남자인구수[명]","명","16936","16736","16164","15898","15608","15697",
"강동구","25 - 29세","여자인구수[명]","명","17885","17999","17605","17662","18037","18539",
"강동구","30 - 34세","남자인구수[명]","명","16882","17055","17235","17396","18952","19969",
"강동구","30 - 34세","여자인구수[명]","명","16993","17486","17670","17934","19159","20682",
"강동구","35 - 39세","남자인구수[명]","명","19058","18128","17026","16486","17285","18203",
"강동구","35 - 39세","여자인구수[명]","명","19153","18428","17415","16799","17521","18600",
"강동구","40 - 44세","남자인구수[명]","명","18489","19305","19575","19567","19934","20397",
"강동구","40 - 44세","여자인구수[명]","명","18470","19428","19810","20305","20400","21039",
"강동구","45 - 49세","남자인구수[명]","명","18658","18092","17702","17517","18248","19824",
"강동구","45 - 49세","여자인구수[명]","명","18427","18029","17642","16993","18197","19863",
"강동구","50 - 54세","남자인구수[명]","명","17819","18325","18489","18344","18859","19218",
"강동구","50 - 54세","여자인구수[명]","명","18418","18846","18769","18618","19061","19218",
"강동구","55 - 59세","남자인구수[명]","명","17364","16933","16333","16391","17117","17968",
"강동구","55 - 59세","여자인구수[명]","명","18626","17662","17229","17408","17879","18840",
"강동구","60 - 64세","남자인구수[명]","명","17285","17619","17642","17192","17205","17072",
"강동구","60 - 64세","여자인구수[명]","명","19257","19747","19729","19197","19307","18937",
"강동구","65 - 69세","남자인구수[명]","명","12704","13680","14071","14876","15782","16736",
"강동구","65 - 69세","여자인구수[명]","명","13998","15536","16215","17151","18347","19499",
"강동구","70 - 74세","남자인구수[명]","명","9034","9109","9684","9986","10802","12203",
"강동구","70 - 74세","여자인구수[명]","명","9581","9801","10620","11028","12206","14159",
"강동구","75 - 79세","남자인구수[명]","명","5764","6072","6420","6990","7661","8317",
"강동구","75 - 79세","여자인구수[명]","명","6253","6536","6940","7604","8484","9231",
"강동구","80 - 84세","남자인구수[명]","명","2847","3208","3678","4008","4375","4719",
"강동구","80 - 84세","여자인구수[명]","명","4073","4301","4776","4986","5257","5611",
"강동구","85 - 89세","남자인구수[명]","명","1072","1203","1288","1454","1656","1911",
"강동구","85 - 89세","여자인구수[명]","명","2458","2581","2570","2726","2901","3013",
"강동구","90 - 94세","남자인구수[명]","명","311","310","333","374","406","497",
"강동구","90 - 94세","여자인구수[명]","명","1174","1184","1184","1188","1262","1432",
"강동구","95 - 99세","남자인구수[명]","명","80","66","63","62","87","97",
"강동구","95 - 99세","여자인구수[명]","명","299","276","279","305","380","414",
"강동구","100+","남자인구수[명]","명","64","20","15","14","13","13",
"강동구","100+","여자인구수[명]","명","191","60","55","63","68","55",
"부산광역시","0 - 4세","남자인구수[명]","명","49872","45023","41657","38642","36545","36052",
"부산광역시","0 - 4세","여자인구수[명]","명","47502","42755","39615","36718","34591","34142",
"부산광역시","5 - 9세","남자인구수[명]","명","69301","67721","64196","61047","56475","50954",
"부산광역시","5 - 9세","여자인구수[명]","명","65681","64112","60909","57996","54125","48749",
"부산광역시","10 - 14세","남자인구수[명]","명","67310","68411","68923","68753","69536","69378",
"부산광역시","10 - 14세","여자인구수[명]","명","63498","64886","65289","65176","65954","65823",
"부산광역시","15 - 19세","남자인구수[명]","명","73248","68668","67813","66329","65361","66322",
"부산광역시","15 - 19세","여자인구수[명]","명","67958","64140","63909","63081","62001","63294",
"부산광역시","20 - 24세","남자인구수[명]","명","106179","99852","93611","88728","83114","76230",
"부산광역시","20 - 24세","여자인구수[명]","명","99452","94834","88808","84375","79974","73999",
"부산광역시","25 - 29세","남자인구수[명]","명","118338","115518","110400","105264","100124","96317",
"부산광역시","25 - 29세","여자인구수[명]","명","107018","105345","102579","99220","95176","92151",
"부산광역시","30 - 34세","남자인구수[명]","명","98368","100304","103599","105605","106376","106485",
"부산광역시","30 - 34세","여자인구수[명]","명","92361","94194","96506","97648","97973","98582",
"부산광역시","35 - 39세","남자인구수[명]","명","115929","107643","99956","95704","94455","94302",
"부산광역시","35 - 39세","여자인구수[명]","명","112356","103159","96366","91702","90154","88928",
"부산광역시","40 - 44세","남자인구수[명]","명","123472","126413","127555","126918","120680","113161",
"부산광역시","40 - 44세","여자인구수[명]","명","119730","122810","123520","124305","117493","110028",
"부산광역시","45 - 49세","남자인구수[명]","명","133816","127096","122102","117902","117450","119821",
"부산광역시","45 - 49세","여자인구수[명]","명","134130","126072","121565","115591","115548","117242",
"부산광역시","50 - 54세","남자인구수[명]","명","137957","138437","138354","136263","133538","128746",
"부산광역시","50 - 54세","여자인구수[명]","명","143717","145555","142391","139354","135346","130429",
"부산광역시","55 - 59세","남자인구수[명]","명","138111","131866","127109","128407","129579","131107",
"부산광역시","55 - 59세","여자인구수[명]","명","149128","138910","135868","137901","139022","138721",
"부산광역시","60 - 64세","남자인구수[명]","명","142613","144190","143025","139573","135224","128698",
"부산광역시","60 - 64세","여자인구수[명]","명","157190","160581","159775","155961","150208","143104",
"부산광역시","65 - 69세","남자인구수[명]","명","108971","114724","118869","124686","128005","130682",
"부산광역시","65 - 69세","여자인구수[명]","명","122846","129383","134190","140500","147655","150398",
"부산광역시","70 - 74세","남자인구수[명]","명","78142","80220","83701","85095","90022","97289",
"부산광역시","70 - 74세","여자인구수[명]","명","91744","94891","99088","101659","105427","116294",
"부산광역시","75 - 79세","남자인구수[명]","명","54064","54472","55735","59161","62295","66370",
"부산광역시","75 - 79세","여자인구수[명]","명","69349","68545","70194","74492","79103","84545",
"부산광역시","80 - 84세","남자인구수[명]","명","30534","32930","36412","38627","40123","40446",
"부산광역시","80 - 84세","여자인구수[명]","명","48736","51694","56095","58188","59285","58665",
"부산광역시","85 - 89세","남자인구수[명]","명","11070","12164","13323","14785","16516","18152",
"부산광역시","85 - 89세","여자인구수[명]","명","25340","27003","28318","30306","32722","34614",
"부산광역시","90 - 94세","남자인구수[명]","명","2685","2862","3091","3402","3853","4401",
"부산광역시","90 - 94세","여자인구수[명]","명","9467","10005","10223","10724","11700","13032",
"부산광역시","95 - 99세","남자인구수[명]","명","600","468","411","478","580","637",
"부산광역시","95 - 99세","여자인구수[명]","명","2276","2122","2356","2664","2861","2880",
"부산광역시","100+","남자인구수[명]","명","420","62","73","62","61","50",
"부산광역시","100+","여자인구수[명]","명","1467","340","333","370","368","380",
"중구","0 - 4세","남자인구수[명]","명","282","232","207","167","134","122",
"중구","0 - 4세","여자인구수[명]","명","244","191","165","146","127","116",
"중구","5 - 9세","남자인구수[명]","명","407","358","348","313","262","209",
"중구","5 - 9세","여자인구수[명]","명","387","336","296","249","206","172",
"중구","10 - 14세","남자인구수[명]","명","435","415","409","382","364","352",
"중구","10 - 14세","여자인구수[명]","명","426","418","386","387","369","330",
"중구","15 - 19세","남자인구수[명]","명","597","522","482","431","410","378",
"중구","15 - 19세","여자인구수[명]","명","569","517","502","462","414","431",
"중구","20 - 24세","남자인구수[명]","명","1158","1128","1038","988","903","780",
"중구","20 - 24세","여자인구수[명]","명","1324","1327","1314","1225","1124","979",
"중구","25 - 29세","남자인구수[명]","명","1648","1708","1637","1583","1465","1347",
"중구","25 - 29세","여자인구수[명]","명","1549","1676","1689","1599","1581","1557",
"중구","30 - 34세","남자인구수[명]","명","1201","1324","1381","1381","1425","1389",
"중구","30 - 34세","여자인구수[명]","명","1000","1120","1184","1159","1110","1074",
"중구","35 - 39세","남자인구수[명]","명","1223","1087","956","897","878","851",
"중구","35 - 39세","여자인구수[명]","명","1047","946","901","822","763","742",
"중구","40 - 44세","남자인구수[명]","명","1258","1268","1252","1158","1078","984",
"중구","40 - 44세","여자인구수[명]","명","1069","1044","1001","987","919","837",
"중구","45 - 49세","남자인구수[명]","명","1681","1540","1360","1204","1144","1120",
"중구","45 - 49세","여자인구수[명]","명","1386","1266","1179","1059","971","946",
"중구","50 - 54세","남자인구수[명]","명","1780","1734","1774","1725","1572","1504",
"중구","50 - 54세","여자인구수[명]","명","1661","1642","1579","1468","1392","1284",
"중구","55 - 59세","남자인구수[명]","명","1782","1683","1597","1584","1626","1625",
"중구","55 - 59세","여자인구수[명]","명","1851","1663","1547","1566","1573","1536",
"중구","60 - 64세","남자인구수[명]","명","2012","1991","1930","1857","1745","1662",
"중구","60 - 64세","여자인구수[명]","명","2231","2182","2107","1954","1815","1720",
"중구","65 - 69세","남자인구수[명]","명","1697","1779","1802","1848","1878","1811",
"중구","65 - 69세","여자인구수[명]","명","1951","1966","2005","2102","2096","2049",
"중구","70 - 74세","남자인구수[명]","명","1250","1203","1250","1272","1366","1488",
"중구","70 - 74세","여자인구수[명]","명","1596","1586","1640","1636","1625","1763",
"중구","75 - 79세","남자인구수[명]","명","976","926","901","930","942","989",
"중구","75 - 79세","여자인구수[명]","명","1288","1247","1203","1269","1337","1423",
"중구","80 - 84세","남자인구수[명]","명","555","568","627","663","671","667",
"중구","80 - 84세","여자인구수[명]","명","894","932","1024","1009","1017","1017",
"중구","85 - 89세","남자인구수[명]","명","213","209","203","241","281","299",
"중구","85 - 89세","여자인구수[명]","명","435","460","473","544","587","607",
"중구","90 - 94세","남자인구수[명]","명","79","68","76","72","77","70",
"중구","90 - 94세","여자인구수[명]","명","213","192","190","189","197","192",
"중구","95 - 99세","남자인구수[명]","명","28","12","8","6","10","17",
"중구","95 - 99세","여자인구수[명]","명","55","51","57","66","69","70",
"중구","100+","남자인구수[명]","명","20","0","1","1","2","1",
"중구","100+","여자인구수[명]","명","65","7","8","18","12","8",
"서구","0 - 4세","남자인구수[명]","명","1182","1061","1059","1001","920","885",
"서구","0 - 4세","여자인구수[명]","명","1133","1020","967","896","842","796",
"서구","5 - 9세","남자인구수[명]","명","1735","1712","1688","1550","1407","1253",
"서구","5 - 9세","여자인구수[명]","명","1572","1517","1484","1439","1313","1196",
"서구","10 - 14세","남자인구수[명]","명","1721","1754","1779","1813","1830","1813",
"서구","10 - 14세","여자인구수[명]","명","1665","1678","1711","1619","1673","1619",
"서구","15 - 19세","남자인구수[명]","명","1968","1869","1845","1764","1771","1818",
"서구","15 - 19세","여자인구수[명]","명","1933","1781","1801","1805","1717","1763",
"서구","20 - 24세","남자인구수[명]","명","3182","2925","2856","2757","2497","2207",
"서구","20 - 24세","여자인구수[명]","명","3466","3360","3155","3036","2833","2593",
"서구","25 - 29세","남자인구수[명]","명","3494","3376","3227","3122","2978","2882",
"서구","25 - 29세","여자인구수[명]","명","3399","3367","3267","3312","3128","3020",
"서구","30 - 34세","남자인구수[명]","명","2716","2637","2835","2858","2839","2814",
"서구","30 - 34세","여자인구수[명]","명","2477","2483","2611","2693","2700","2712",
"서구","35 - 39세","남자인구수[명]","명","3041","2787","2572","2443","2418","2375",
"서구","35 - 39세","여자인구수[명]","명","2972","2645","2507","2383","2302","2208",
"서구","40 - 44세","남자인구수[명]","명","3470","3470","3614","3508","3307","3000",
"서구","40 - 44세","여자인구수[명]","명","3250","3279","3427","3398","3213","2971",
"서구","45 - 49세","남자인구수[명]","명","4146","3853","3619","3356","3376","3468",
"서구","45 - 49세","여자인구수[명]","명","3841","3562","3401","3225","3205","3289",
"서구","50 - 54세","남자인구수[명]","명","4539","4472","4471","4360","4267","4046",
"서구","50 - 54세","여자인구수[명]","명","4134","4091","4180","4102","4045","3893",
"서구","55 - 59세","남자인구수[명]","명","4652","4337","4226","4220","4263","4404",
"서구","55 - 59세","여자인구수[명]","명","4677","4190","4131","4186","4218","4179",
"서구","60 - 64세","남자인구수[명]","명","4940","4872","4943","4819","4743","4386",
"서구","60 - 64세","여자인구수[명]","명","5484","5537","5384","5151","4963","4634",
"서구","65 - 69세","남자인구수[명]","명","3980","4149","4216","4389","4426","4603",
"서구","65 - 69세","여자인구수[명]","명","4710","4757","4870","5028","5281","5372",
"서구","70 - 74세","남자인구수[명]","명","3137","3130","3187","3227","3401","3618",
"서구","70 - 74세","여자인구수[명]","명","3808","3822","3939","3978","4152","4458",
"서구","75 - 79세","남자인구수[명]","명","2255","2226","2271","2329","2423","2567",
"서구","75 - 79세","여자인구수[명]","명","3169","3054","3083","3093","3259","3457",
"서구","80 - 84세","남자인구수[명]","명","1440","1486","1577","1646","1666","1633",
"서구","80 - 84세","여자인구수[명]","명","2282","2389","2581","2686","2635","2597",
"서구","85 - 89세","남자인구수[명]","명","537","599","651","688","758","836",
"서구","85 - 89세","여자인구수[명]","명","1167","1185","1291","1365","1521","1564",
"서구","90 - 94세","남자인구수[명]","명","122","104","134","150","179","187",
"서구","90 - 94세","여자인구수[명]","명","456","484","463","499","513","577",
"서구","95 - 99세","남자인구수[명]","명","49","29","25","22","28","25",
"서구","95 - 99세","여자인구수[명]","명","111","97","126","157","156","148",
"서구","100+","남자인구수[명]","명","35","5","6","6","6","5",
"서구","100+","여자인구수[명]","명","88","13","12","10","16","21",
"동구","0 - 4세","남자인구수[명]","명","989","945","877","931","878","866",
"동구","0 - 4세","여자인구수[명]","명","865","799","805","945","883","839",
"동구","5 - 9세","남자인구수[명]","명","1160","1161","1099","1104","1012","918",
"동구","5 - 9세","여자인구수[명]","명","1071","1059","1010","998","923","855",
"동구","10 - 14세","남자인구수[명]","명","1138","1165","1146","1144","1120","1126",
"동구","10 - 14세","여자인구수[명]","명","1107","1117","1067","1076","1068","1064",
"동구","15 - 19세","남자인구수[명]","명","1522","1329","1269","1243","1156","1166",
"동구","15 - 19세","여자인구수[명]","명","1378","1213","1193","1195","1148","1156",
"동구","20 - 24세","남자인구수[명]","명","2316","2178","1963","1818","1622","1447",
"동구","20 - 24세","여자인구수[명]","명","2275","2207","1987","1925","1725","1515",
"동구","25 - 29세","남자인구수[명]","명","2987","2978","2831","2690","2576","2380",
"동구","25 - 29세","여자인구수[명]","명","2894","2915","2932","2890","2832","2706",
"동구","30 - 34세","남자인구수[명]","명","2678","2728","2906","3155","3120","3066",
"동구","30 - 34세","여자인구수[명]","명","2382","2578","2669","2919","2929","2868",
"동구","35 - 39세","남자인구수[명]","명","2874","2748","2574","2623","2553","2474",
"동구","35 - 39세","여자인구수[명]","명","2461","2346","2246","2301","2258","2212",
"동구","40 - 44세","남자인구수[명]","명","2915","3000","3023","3186","2968","2751",
"동구","40 - 44세","여자인구수[명]","명","2459","2530","2547","2669","2540","2393",
"동구","45 - 49세","남자인구수[명]","명","3495","3242","3063","2978","2921","2916",
"동구","45 - 49세","여자인구수[명]","명","3084","2803","2670","2571","2499","2469",
"동구","50 - 54세","남자인구수[명]","명","3740","3824","3821","3806","3593","3417",
"동구","50 - 54세","여자인구수[명]","명","3484","3515","3380","3409","3189","3055",
"동구","55 - 59세","남자인구수[명]","명","3752","3546","3416","3565","3610","3613",
"동구","55 - 59세","여자인구수[명]","명","3732","3411","3310","3403","3436","3373",
"동구","60 - 64세","남자인구수[명]","명","4231","4142","3995","3895","3716","3510",
"동구","60 - 64세","여자인구수[명]","명","4531","4440","4309","4260","3975","3592",
"동구","65 - 69세","남자인구수[명]","명","3364","3430","3584","3729","3793","3781",
"동구","65 - 69세","여자인구수[명]","명","3968","4099","4075","4193","4280","4215",
"동구","70 - 74세","남자인구수[명]","명","2635","2675","2772","2734","2817","2888",
"동구","70 - 74세","여자인구수[명]","명","3306","3357","3401","3398","3401","3633",
"동구","75 - 79세","남자인구수[명]","명","1958","1950","1884","1997","2036","2157",
"동구","75 - 79세","여자인구수[명]","명","2831","2695","2681","2770","2835","2919",
"동구","80 - 84세","남자인구수[명]","명","1158","1215","1347","1416","1452","1390",
"동구","80 - 84세","여자인구수[명]","명","2035","2126","2314","2381","2373","2318",
"동구","85 - 89세","남자인구수[명]","명","421","475","536","564","592","628",
"동구","85 - 89세","여자인구수[명]","명","1018","1119","1149","1219","1319","1350",
"동구","90 - 94세","남자인구수[명]","명","117","115","117","135","147","162",
"동구","90 - 94세","여자인구수[명]","명","372","385","376","421","468","507",
"동구","95 - 99세","남자인구수[명]","명","28","28","19","20","23","28",
"동구","95 - 99세","여자인구수[명]","명","69","76","80","103","109","115",
"동구","100+","남자인구수[명]","명","31","3","7","3","4","1",
"동구","100+","여자인구수[명]","명","70","12","12","10","12","12",
"영도구","0 - 4세","남자인구수[명]","명","1001","928","880","836","790","768",
"영도구","0 - 4세","여자인구수[명]","명","1038","928","874","854","747","725",
"영도구","5 - 9세","남자인구수[명]","명","1592","1554","1402","1363","1217","1048",
"영도구","5 - 9세","여자인구수[명]","명","1508","1464","1378","1276","1148","1008",
"영도구","10 - 14세","남자인구수[명]","명","1740","1707","1729","1675","1643","1585",
"영도구","10 - 14세","여자인구수[명]","명","1655","1683","1617","1585","1535","1431",
"영도구","15 - 19세","남자인구수[명]","명","2093","1869","1812","1744","1702","1720",
"영도구","15 - 19세","여자인구수[명]","명","1915","1783","1702","1692","1606","1603",
"영도구","20 - 24세","남자인구수[명]","명","3238","3045","2799","2589","2417","2228",
"영도구","20 - 24세","여자인구수[명]","명","2763","2563","2308","2085","1950","1794",
"영도구","25 - 29세","남자인구수[명]","명","3335","3240","2981","2767","2582","2581",
"영도구","25 - 29세","여자인구수[명]","명","2654","2617","2436","2330","2154","2142",
"영도구","30 - 34세","남자인구수[명]","명","2616","2628","2733","2735","2587","2517",
"영도구","30 - 34세","여자인구수[명]","명","2095","2195","2266","2272","2180","2190",
"영도구","35 - 39세","남자인구수[명]","명","3104","2910","2667","2498","2303","2239",
"영도구","35 - 39세","여자인구수[명]","명","2795","2520","2290","2159","2042","1938",
"영도구","40 - 44세","남자인구수[명]","명","3537","3523","3527","3513","3265","2947",
"영도구","40 - 44세","여자인구수[명]","명","3204","3220","3204","3219","2932","2685",
"영도구","45 - 49세","남자인구수[명]","명","4416","4093","3808","3591","3461","3406",
"영도구","45 - 49세","여자인구수[명]","명","4002","3714","3498","3255","3123","3043",
"영도구","50 - 54세","남자인구수[명]","명","4887","4774","4616","4527","4412","4164",
"영도구","50 - 54세","여자인구수[명]","명","4435","4400","4296","4206","4022","3820",
"영도구","55 - 59세","남자인구수[명]","명","5092","4820","4635","4605","4564","4545",
"영도구","55 - 59세","여자인구수[명]","명","5145","4606","4345","4421","4379","4298",
"영도구","60 - 64세","남자인구수[명]","명","5826","5757","5629","5404","5030","4680",
"영도구","60 - 64세","여자인구수[명]","명","6173","6116","5946","5672","5275","4860",
"영도구","65 - 69세","남자인구수[명]","명","4764","4923","4975","5181","5270","5255",
"영도구","65 - 69세","여자인구수[명]","명","5408","5550","5630","5739","5858","5719",
"영도구","70 - 74세","남자인구수[명]","명","3657","3697","3757","3751","3881","4107",
"영도구","70 - 74세","여자인구수[명]","명","4509","4554","4578","4583","4638","5019",
"영도구","75 - 79세","남자인구수[명]","명","2677","2670","2687","2757","2880","3026",
"영도구","75 - 79세","여자인구수[명]","명","3713","3628","3643","3750","3898","4055",
"영도구","80 - 84세","남자인구수[명]","명","1534","1603","1804","1890","1906","1916",
"영도구","80 - 84세","여자인구수[명]","명","2591","2730","2957","3081","3097","3039",
"영도구","85 - 89세","남자인구수[명]","명","554","583","625","715","789","844",
"영도구","85 - 89세","여자인구수[명]","명","1207","1306","1360","1431","1573","1699",
"영도구","90 - 94세","남자인구수[명]","명","114","122","137","155","187","201",
"영도구","90 - 94세","여자인구수[명]","명","466","467","483","478","506","561",
"영도구","95 - 99세","남자인구수[명]","명","36","23","17","19","25","27",
"영도구","95 - 99세","여자인구수[명]","명","121","98","105","126","148","131",
"영도구","100+","남자인구수[명]","명","33","2","3","2","1","1",
"영도구","100+","여자인구수[명]","명","99","25","17","17","14","15",
"부산진구","0 - 4세","남자인구수[명]","명","4778","4312","4330","4256","4133","4413",
"부산진구","0 - 4세","여자인구수[명]","명","4571","4154","4087","4112","3976","4301",
"부산진구","5 - 9세","남자인구수[명]","명","6002","5880","5676","5686","5300","4998",
"부산진구","5 - 9세","여자인구수[명]","명","5967","5751","5510","5433","5122","4786",
"부산진구","10 - 14세","남자인구수[명]","명","5942","5908","5981","5916","5952","6024",
"부산진구","10 - 14세","여자인구수[명]","명","5780","5807","5831","5870","5940","6090",
"부산진구","15 - 19세","남자인구수[명]","명","6799","6266","6225","6145","5939","6141",
"부산진구","15 - 19세","여자인구수[명]","명","6484","6053","6074","5973","5928","6114",
"부산진구","20 - 24세","남자인구수[명]","명","11380","10565","10159","9961","9598","8881",
"부산진구","20 - 24세","여자인구수[명]","명","12013","11737","11475","11151","10692","10256",
"부산진구","25 - 29세","남자인구수[명]","명","14535","14088","13854","13520","13164","12890",
"부산진구","25 - 29세","여자인구수[명]","명","14853","14599","14783","14868","14710","14709",
"부산진구","30 - 34세","남자인구수[명]","명","11888","12309","13121","13967","14362","15089",
"부산진구","30 - 34세","여자인구수[명]","명","11555","11986","12911","13629","14078","14910",
"부산진구","35 - 39세","남자인구수[명]","명","12624","11694","11589","11570","11704","12527",
"부산진구","35 - 39세","여자인구수[명]","명","11927","11031","10868","10941","11116","11662",
"부산진구","40 - 44세","남자인구수[명]","명","12445","12557","12999","13201","12824","12685",
"부산진구","40 - 44세","여자인구수[명]","명","11985","11996","12323","12695","12240","12020",
"부산진구","45 - 49세","남자인구수[명]","명","13646","12848","12350","12027","11906","12368",
"부산진구","45 - 49세","여자인구수[명]","명","13622","12720","12221","11754","11748","12135",
"부산진구","50 - 54세","남자인구수[명]","명","14032","13963","14169","14141","13932","13719",
"부산진구","50 - 54세","여자인구수[명]","명","14663","14764","14613","14478","14158","14025",
"부산진구","55 - 59세","남자인구수[명]","명","14398","13558","13097","13286","13378","13695",
"부산진구","55 - 59세","여자인구수[명]","명","15543","14331","14145","14459","14488","14641",
"부산진구","60 - 64세","남자인구수[명]","명","14848","14888","14759","14530","14125","13624",
"부산진구","60 - 64세","여자인구수[명]","명","16710","17055","17082","16618","15929","15312",
"부산진구","65 - 69세","남자인구수[명]","명","11508","11883","12436","13107","13278","13634",
"부산진구","65 - 69세","여자인구수[명]","명","12948","13424","14032","14761","15720","16206",
"부산진구","70 - 74세","남자인구수[명]","명","8203","8425","8748","8830","9360","10183",
"부산진구","70 - 74세","여자인구수[명]","명","9923","10089","10474","10779","11054","12288",
"부산진구","75 - 79세","남자인구수[명]","명","5828","5705","5780","6154","6546","6961",
"부산진구","75 - 79세","여자인구수[명]","명","7811","7501","7606","8067","8505","9077",
"부산진구","80 - 84세","남자인구수[명]","명","3368","3574","3971","4232","4312","4339",
"부산진구","80 - 84세","여자인구수[명]","명","5560","5919","6391","6568","6609","6530",
"부산진구","85 - 89세","남자인구수[명]","명","1295","1412","1499","1634","1796","1973",
"부산진구","85 - 89세","여자인구수[명]","명","2696","2833","3058","3335","3663","3913",
"부산진구","90 - 94세","남자인구수[명]","명","284","302","361","394","451","521",
"부산진구","90 - 94세","여자인구수[명]","명","952","1021","1040","1111","1173","1355",
"부산진구","95 - 99세","남자인구수[명]","명","69","41","32","44","52","56",
"부산진구","95 - 99세","여자인구수[명]","명","219","185","222","266","284","284",
"부산진구","100+","남자인구수[명]","명","48","3","5","6","3","2",
"부산진구","100+","여자인구수[명]","명","184","22","30","33","33","41",
"동래구","0 - 4세","남자인구수[명]","명","4053","3649","3783","3523","3669","3545",
"동래구","0 - 4세","여자인구수[명]","명","3860","3472","3585","3268","3370","3278",
"동래구","5 - 9세","남자인구수[명]","명","6124","6039","6079","5823","5655","5191",
"동래구","5 - 9세","여자인구수[명]","명","5598","5566","5831","5594","5546","5047",
"동래구","10 - 14세","남자인구수[명]","명","6398","6438","6843","6822","7162","7187",
"동래구","10 - 14세","여자인구수[명]","명","5886","5946","6280","6341","6576","6629",
"동래구","15 - 19세","남자인구수[명]","명","6603","6310","6474","6411","6305","6524",
"동래구","15 - 19세","여자인구수[명]","명","6083","5828","5987","5855","5889","6111",
"동래구","20 - 24세","남자인구수[명]","명","8385","7788","7370","6932","6511","5960",
"동래구","20 - 24세","여자인구수[명]","명","7578","7207","6881","6420","6110","5643",
"동래구","25 - 29세","남자인구수[명]","명","8716","8453","8199","7661","7346","7131",
"동래구","25 - 29세","여자인구수[명]","명","8003","7753","7871","7463","7239","7025",
"동래구","30 - 34세","남자인구수[명]","명","7510","7563","8014","7915","8122","8156",
"동래구","30 - 34세","여자인구수[명]","명","7233","7228","7707","7688","8062","8055",
"동래구","35 - 39세","남자인구수[명]","명","9069","8363","8237","7883","8184","7981",
"동래구","35 - 39세","여자인구수[명]","명","9266","8489","8385","7945","8222","8006",
"동래구","40 - 44세","남자인구수[명]","명","9946","10227","10997","10988","10702","10092",
"동래구","40 - 44세","여자인구수[명]","명","10512","10637","11315","11470","11141","10513",
"동래구","45 - 49세","남자인구수[명]","명","11118","10592","10454","10167","10348","10670",
"동래구","45 - 49세","여자인구수[명]","명","11608","11051","11095","10625","10986","11164",
"동래구","50 - 54세","남자인구수[명]","명","10912","11061","11486","11389","11360","11091",
"동래구","50 - 54세","여자인구수[명]","명","11572","11791","11880","11816","11681","11572",
"동래구","55 - 59세","남자인구수[명]","명","10197","9643","9554","9844","10259","10494",
"동래구","55 - 59세","여자인구수[명]","명","11711","10835","10797","10982","11264","11287",
"동래구","60 - 64세","남자인구수[명]","명","10682","10745","10712","10314","9917","9539",
"동래구","60 - 64세","여자인구수[명]","명","12195","12363","12529","12164","11809","11291",
"동래구","65 - 69세","남자인구수[명]","명","8365","8647","9014","9418","9762","9910",
"동래구","65 - 69세","여자인구수[명]","명","9786","10279","10734","11158","11804","11967",
"동래구","70 - 74세","남자인구수[명]","명","6078","6267","6608","6636","7033","7573",
"동래구","70 - 74세","여자인구수[명]","명","7017","7365","7858","8128","8554","9478",
"동래구","75 - 79세","남자인구수[명]","명","4184","4205","4412","4766","5014","5327",
"동래구","75 - 79세","여자인구수[명]","명","5012","4998","5208","5599","6037","6629",
"동래구","80 - 84세","남자인구수[명]","명","2313","2527","2786","2995","3254","3320",
"동래구","80 - 84세","여자인구수[명]","명","3321","3566","3995","4222","4424","4318",
"동래구","85 - 89세","남자인구수[명]","명","807","905","998","1152","1297","1452",
"동래구","85 - 89세","여자인구수[명]","명","1812","1919","2038","2161","2313","2504",
"동래구","90 - 94세","남자인구수[명]","명","206","222","239","250","289","334",
"동래구","90 - 94세","여자인구수[명]","명","685","703","750","798","888","983",
"동래구","95 - 99세","남자인구수[명]","명","47","33","33","29","46","58",
"동래구","95 - 99세","여자인구수[명]","명","155","165","182","174","198","218",
"동래구","100+","남자인구수[명]","명","22","4","4","2","1","3",
"동래구","100+","여자인구수[명]","명","117","24","22","24","21","21",
"남구","0 - 4세","남자인구수[명]","명","3599","3161","2697","2528","2546","2461",
"남구","0 - 4세","여자인구수[명]","명","3443","2988","2595","2469","2353","2334",
"남구","5 - 9세","남자인구수[명]","명","5611","5305","4990","4698","4338","3850",
"남구","5 - 9세","여자인구수[명]","명","5399","5157","4729","4394","4099","3674",
"남구","10 - 14세","남자인구수[명]","명","5716","5783","5636","5636","5667","5573",
"남구","10 - 14세","여자인구수[명]","명","5391","5454","5427","5365","5415","5255",
"남구","15 - 19세","남자인구수[명]","명","6221","5822","5840","5724","5726","5701",
"남구","15 - 19세","여자인구수[명]","명","5707","5468","5494","5314","5313","5353",
"남구","20 - 24세","남자인구수[명]","명","9337","8950","8771","8525","8339","7836",
"남구","20 - 24세","여자인구수[명]","명","8822","8496","8351","8271","8187","7826",
"남구","25 - 29세","남자인구수[명]","명","9280","9013","8682","8426","8253","7928",
"남구","25 - 29세","여자인구수[명]","명","7800","7684","7215","6998","6914","6701",
"남구","30 - 34세","남자인구수[명]","명","6973","6879","6908","7162","7410","7265",
"남구","30 - 34세","여자인구수[명]","명","6360","6279","6206","6508","6790","6768",
"남구","35 - 39세","남자인구수[명]","명","8503","7624","6805","6546","6603","6477",
"남구","35 - 39세","여자인구수[명]","명","8350","7411","6687","6347","6360","6197",
"남구","40 - 44세","남자인구수[명]","명","9753","9712","9558","9440","8960","8245",
"남구","40 - 44세","여자인구수[명]","명","9857","9844","9558","9552","8803","8131",
"남구","45 - 49세","남자인구수[명]","명","11302","10570","9893","9422","9186","9108",
"남구","45 - 49세","여자인구수[명]","명","10981","10314","9934","9331","9412","9376",
"남구","50 - 54세","남자인구수[명]","명","10901","11042","11161","10995","10901","10539",
"남구","50 - 54세","여자인구수[명]","명","11118","11396","11183","11065","10971","10459",
"남구","55 - 59세","남자인구수[명]","명","9968","9635","9319","9503","9757","9986",
"남구","55 - 59세","여자인구수[명]","명","10812","10129","9779","9950","10261","10449",
"남구","60 - 64세","남자인구수[명]","명","10383","10433","10159","9754","9564","9086",
"남구","60 - 64세","여자인구수[명]","명","12246","12134","11795","11309","10828","10115",
"남구","65 - 69세","남자인구수[명]","명","8439","8656","8820","9089","9293","9385",
"남구","65 - 69세","여자인구수[명]","명","9850","10261","10471","10884","11294","11421",
"남구","70 - 74세","남자인구수[명]","명","6408","6467","6612","6639","6926","7321",
"남구","70 - 74세","여자인구수[명]","명","7756","8005","8147","8253","8489","9102",
"남구","75 - 79세","남자인구수[명]","명","4733","4720","4666","4816","5089","5342",
"남구","75 - 79세","여자인구수[명]","명","5986","5944","6022","6240","6546","6988",
"남구","80 - 84세","남자인구수[명]","명","2705","2910","3195","3363","3485","3449",
"남구","80 - 84세","여자인구수[명]","명","3899","4094","4432","4725","4953","4939",
"남구","85 - 89세","남자인구수[명]","명","934","1007","1118","1273","1437","1606",
"남구","85 - 89세","여자인구수[명]","명","1929","2101","2209","2360","2539","2736",
"남구","90 - 94세","남자인구수[명]","명","202","225","254","276","314","368",
"남구","90 - 94세","여자인구수[명]","명","724","761","770","781","900","1044",
"남구","95 - 99세","남자인구수[명]","명","46","36","31","30","36","45",
"남구","95 - 99세","여자인구수[명]","명","150","169","184","196","211","202",
"남구","100+","남자인구수[명]","명","23","5","3","6","7","3",
"남구","100+","여자인구수[명]","명","114","25","27","22","23","24",
"북구","0 - 4세","남자인구수[명]","명","4200","3867","3624","3326","3080","2980",
"북구","0 - 4세","여자인구수[명]","명","3958","3709","3464","3136","2871","2693",
"북구","5 - 9세","남자인구수[명]","명","5622","5553","5224","4898","4461","3860",
"북구","5 - 9세","여자인구수[명]","명","5214","5211","4891","4606","4195","3733",
"북구","10 - 14세","남자인구수[명]","명","5571","5573","5520","5440","5328","5296",
"북구","10 - 14세","여자인구수[명]","명","5197","5235","5191","5124","4992","4884",
"북구","15 - 19세","남자인구수[명]","명","6555","6114","5867","5577","5318","5215",
"북구","15 - 19세","여자인구수[명]","명","5978","5523","5349","5170","4975","4927",
"북구","20 - 24세","남자인구수[명]","명","9743","9018","8085","7347","6492","5788",
"북구","20 - 24세","여자인구수[명]","명","8362","7768","6990","6276","5689","5094",
"북구","25 - 29세","남자인구수[명]","명","10523","10048","9390","8750","8120","7554",
"북구","25 - 29세","여자인구수[명]","명","8957","8832","8392","7804","7228","6698",
"북구","30 - 34세","남자인구수[명]","명","8214","8741","9167","9177","9053","8973",
"북구","30 - 34세","여자인구수[명]","명","7666","7991","8284","8121","7915","7848",
"북구","35 - 39세","남자인구수[명]","명","9154","8877","8335","7856","7783","7569",
"북구","35 - 39세","여자인구수[명]","명","8483","8069","7567","7216","7157","6979",
"북구","40 - 44세","남자인구수[명]","명","9571","9868","9744","9667","9068","8441",
"북구","40 - 44세","여자인구수[명]","명","9171","9548","9443","9288","8502","7872",
"북구","45 - 49세","남자인구수[명]","명","10498","9964","9574","9104","8915","8922",
"북구","45 - 49세","여자인구수[명]","명","11245","10411","9794","8990","8788","8608",
"북구","50 - 54세","남자인구수[명]","명","12118","11882","11473","10967","10460","9916",
"북구","50 - 54세","여자인구수[명]","명","13867","13819","13084","12374","11531","10785",
"북구","55 - 59세","남자인구수[명]","명","13585","12852","12189","11956","11717","11503",
"북구","55 - 59세","여자인구수[명]","명","14381","13877","13669","13750","13637","13319",
"북구","60 - 64세","남자인구수[명]","명","13354","14005","14057","13848","13317","12551",
"북구","60 - 64세","여자인구수[명]","명","13461","14350","14722","14674","14392","13922",
"북구","65 - 69세","남자인구수[명]","명","9081","9927","10463","11254","11687","12316",
"북구","65 - 69세","여자인구수[명]","명","9569","10355","11034","11764","12572","13114",
"북구","70 - 74세","남자인구수[명]","명","5886","6221","6699","6973","7594","8278",
"북구","70 - 74세","여자인구수[명]","명","6661","7054","7450","7719","8173","9252",
"북구","75 - 79세","남자인구수[명]","명","3860","3990","4150","4403","4687","5135",
"북구","75 - 79세","여자인구수[명]","명","4901","4931","5042","5417","5797","6294",
"북구","80 - 84세","남자인구수[명]","명","2048","2252","2592","2755","2887","2930",
"북구","80 - 84세","여자인구수[명]","명","3475","3718","4124","4284","4334","4260",
"북구","85 - 89세","남자인구수[명]","명","719","833","913","1015","1096","1227",
"북구","85 - 89세","여자인구수[명]","명","1964","2095","2122","2275","2437","2565",
"북구","90 - 94세","남자인구수[명]","명","174","176","171","205","246","278",
"북구","90 - 94세","여자인구수[명]","명","661","741","779","819","911","1010",
"북구","95 - 99세","남자인구수[명]","명","29","32","35","40","42","41",
"북구","95 - 99세","여자인구수[명]","명","172","158","165","192","212","198",
"북구","100+","남자인구수[명]","명","22","2","2","1","2","0",
"북구","100+","여자인구수[명]","명","82","21","27","38","31","34",
"해운대구","0 - 4세","남자인구수[명]","명","5787","5274","4740","4363","4135","4008",
"해운대구","0 - 4세","여자인구수[명]","명","5490","5031","4587","4125","3892","3769",
"해운대구","5 - 9세","남자인구수[명]","명","8966","8705","8048","7479","6920","6315",
"해운대구","5 - 9세","여자인구수[명]","명","8268","8087","7526","7163","6737","6094",
"해운대구","10 - 14세","남자인구수[명]","명","9388","9399","9325","9271","9271","9203",
"해운대구","10 - 14세","여자인구수[명]","명","8828","8914","8760","8542","8561","8562",
"해운대구","15 - 19세","남자인구수[명]","명","10339","9616","9359","9067","8875","8859",
"해운대구","15 - 19세","여자인구수[명]","명","9595","8989","8843","8640","8391","8402",
"해운대구","20 - 24세","남자인구수[명]","명","12929","12100","11047","10228","9406","8447",
"해운대구","20 - 24세","여자인구수[명]","명","11504","10840","9790","9057","8364","7526",
"해운대구","25 - 29세","남자인구수[명]","명","12804","12343","11544","10801","10341","10060",
"해운대구","25 - 29세","여자인구수[명]","명","11831","11567","10890","10367","9875","9638",
"해운대구","30 - 34세","남자인구수[명]","명","10165","10410","10440","10611","10726","10867",
"해운대구","30 - 34세","여자인구수[명]","명","10431","10532","10472","10293","10318","10336",
"해운대구","35 - 39세","남자인구수[명]","명","12631","11736","10553","10010","9890","9817",
"해운대구","35 - 39세","여자인구수[명]","명","13562","12442","11426","10667","10324","10176",
"해운대구","40 - 44세","남자인구수[명]","명","14554","14739","14448","14097","13484","12588",
"해운대구","40 - 44세","여자인구수[명]","명","15786","16051","15669","15539","14587","13500",
"해운대구","45 - 49세","남자인구수[명]","명","16669","15788","14952","14263","14029","14151",
"해운대구","45 - 49세","여자인구수[명]","명","18820","17398","16526","15514","15206","15287",
"해운대구","50 - 54세","남자인구수[명]","명","17277","17400","17299","16875","16301","15482",
"해운대구","50 - 54세","여자인구수[명]","명","18802","19448","18966","18587","18152","17333",
"해운대구","55 - 59세","남자인구수[명]","명","16118","15597","15025","15095","15293","15639",
"해운대구","55 - 59세","여자인구수[명]","명","18093","16960","16772","17012","17207","17336",
"해운대구","60 - 64세","남자인구수[명]","명","15832","15861","15750","15574","15284","14625",
"해운대구","60 - 64세","여자인구수[명]","명","17394","17905","17772","17542","17292","16847",
"해운대구","65 - 69세","남자인구수[명]","명","11564","12382","12846","13526","14045","14338",
"해운대구","65 - 69세","여자인구수[명]","명","13112","13974","14452","15183","16045","16345",
"해운대구","70 - 74세","남자인구수[명]","명","7998","8297","8625","8804","9302","10262",
"해운대구","70 - 74세","여자인구수[명]","명","9710","10023","10500","10744","10997","12196",
"해운대구","75 - 79세","남자인구수[명]","명","5584","5614","5766","6166","6493","6819",
"해운대구","75 - 79세","여자인구수[명]","명","7504","7299","7390","7802","8376","8839",
"해운대구","80 - 84세","남자인구수[명]","명","3297","3528","3779","3918","4100","4215",
"해운대구","80 - 84세","여자인구수[명]","명","5466","5760","6140","6320","6413","6369",
"해운대구","85 - 89세","남자인구수[명]","명","1300","1411","1528","1658","1840","2004",
"해운대구","85 - 89세","여자인구수[명]","명","2911","3123","3278","3439","3686","3855",
"해운대구","90 - 94세","남자인구수[명]","명","303","356","371","408","456","531",
"해운대구","90 - 94세","여자인구수[명]","명","1065","1178","1196","1254","1319","1469",
"해운대구","95 - 99세","남자인구수[명]","명","67","54","57","65","81","88",
"해운대구","95 - 99세","여자인구수[명]","명","263","252","277","321","333","356",
"해운대구","100+","남자인구수[명]","명","46","14","12","10","11","12",
"해운대구","100+","여자인구수[명]","명","116","41","39","48","46","39",
"사하구","0 - 4세","남자인구수[명]","명","4213","3738","3365","3105","2816","2524",
"사하구","0 - 4세","여자인구수[명]","명","3978","3479","3207","2864","2648","2416",
"사하구","5 - 9세","남자인구수[명]","명","6027","5718","5339","4971","4457","3873",
"사하구","5 - 9세","여자인구수[명]","명","5751","5395","4938","4663","4216","3602",
"사하구","10 - 14세","남자인구수[명]","명","6123","6174","6123","5979","5869","5715",
"사하구","10 - 14세","여자인구수[명]","명","5760","5816","5785","5724","5606","5450",
"사하구","15 - 19세","남자인구수[명]","명","7079","6475","6300","6084","5956","5990",
"사하구","15 - 19세","여자인구수[명]","명","6423","6045","5929","5856","5619","5632",
"사하구","20 - 24세","남자인구수[명]","명","10417","9814","9187","8692","8021","7265",
"사하구","20 - 24세","여자인구수[명]","명","9307","8751","7988","7439","6866","6256",
"사하구","25 - 29세","남자인구수[명]","명","10928","10683","10188","9563","9001","8603",
"사하구","25 - 29세","여자인구수[명]","명","9176","8972","8624","8133","7665","7286",
"사하구","30 - 34세","남자인구수[명]","명","8891","8913","9126","9069","8998","8782",
"사하구","30 - 34세","여자인구수[명]","명","7639","7610","7921","7892","7673","7403",
"사하구","35 - 39세","남자인구수[명]","명","10671","9651","8932","8344","7987","7682",
"사하구","35 - 39세","여자인구수[명]","명","9776","8745","7990","7404","7021","6538",
"사하구","40 - 44세","남자인구수[명]","명","11228","11462","11401","11364","10682","9728",
"사하구","40 - 44세","여자인구수[명]","명","10301","10485","10438","10399","9778","8992",
"사하구","45 - 49세","남자인구수[명]","명","12329","11493","11034","10573","10448","10567",
"사하구","45 - 49세","여자인구수[명]","명","12165","11307","10800","10182","9902","9791",
"사하구","50 - 54세","남자인구수[명]","명","13265","13221","13126","12777","12393","11788",
"사하구","50 - 54세","여자인구수[명]","명","13668","13686","13326","12876","12320","11685",
"사하구","55 - 59세","남자인구수[명]","명","13591","12908","12379","12564","12571","12647",
"사하구","55 - 59세","여자인구수[명]","명","14358","13396","13021","13145","13330","13126",
"사하구","60 - 64세","남자인구수[명]","명","13996","14247","14215","13857","13504","12668",
"사하구","60 - 64세","여자인구수[명]","명","15127","15541","15560","15262","14543","13769",
"사하구","65 - 69세","남자인구수[명]","명","10710","11336","11767","12342","12591","12840",
"사하구","65 - 69세","여자인구수[명]","명","11409","12216","12868","13451","14156","14497",
"사하구","70 - 74세","남자인구수[명]","명","7286","7484","8069","8310","8833","9627",
"사하구","70 - 74세","여자인구수[명]","명","8264","8565","8988","9290","9787","10890",
"사하구","75 - 79세","남자인구수[명]","명","4787","4938","5048","5411","5833","6186",
"사하구","75 - 79세","여자인구수[명]","명","5898","5977","6223","6695","7106","7648",
"사하구","80 - 84세","남자인구수[명]","명","2528","2730","3084","3295","3415","3537",
"사하구","80 - 84세","여자인구수[명]","명","4208","4423","4820","4963","5101","5059",
"사하구","85 - 89세","남자인구수[명]","명","866","948","1044","1198","1332","1443",
"사하구","85 - 89세","여자인구수[명]","명","2099","2268","2401","2602","2810","2952",
"사하구","90 - 94세","남자인구수[명]","명","218","223","248","256","306","346",
"사하구","90 - 94세","여자인구수[명]","명","868","908","882","896","997","1077",
"사하구","95 - 99세","남자인구수[명]","명","42","37","32","48","45","50",
"사하구","95 - 99세","여자인구수[명]","명","225","199","246","255","247","247",
"사하구","100+","남자인구수[명]","명","33","4","2","3","4","6",
"사하구","100+","여자인구수[명]","명","129","22","23","35","38","39",
"금정구","0 - 4세","남자인구수[명]","명","2631","2352","2026","1814","1564","1559",
"금정구","0 - 4세","여자인구수[명]","명","2495","2231","1944","1772","1605","1541",
"금정구","5 - 9세","남자인구수[명]","명","4032","3853","3517","3219","2848","2464",
"금정구","5 - 9세","여자인구수[명]","명","3875","3653","3342","3060","2771","2378",
"금정구","10 - 14세","남자인구수[명]","명","4274","4235","4085","3965","3796","3660",
"금정구","10 - 14세","여자인구수[명]","명","3881","3992","3836","3775","3686","3664",
"금정구","15 - 19세","남자인구수[명]","명","4863","4641","4450","4249","4143","4114",
"금정구","15 - 19세","여자인구수[명]","명","4692","4347","4228","4072","3829","3892",
"금정구","20 - 24세","남자인구수[명]","명","8589","8174","7686","7310","6891","6568",
"금정구","20 - 24세","여자인구수[명]","명","8220","7736","7200","6843","6760","6525",
"금정구","25 - 29세","남자인구수[명]","명","9325","9117","8601","8009","7510","7228",
"금정구","25 - 29세","여자인구수[명]","명","7175","6992","6678","6176","5774","5432",
"금정구","30 - 34세","남자인구수[명]","명","6411","6415","6505","6355","6329","6180",
"금정구","30 - 34세","여자인구수[명]","명","5551","5609","5467","5303","5084","5027",
"금정구","35 - 39세","남자인구수[명]","명","6718","6270","5614","5321","5047","5012",
"금정구","35 - 39세","여자인구수[명]","명","6548","5880","5291","4897","4519","4462",
"금정구","40 - 44세","남자인구수[명]","명","7520","7619","7400","7076","6446","5902",
"금정구","40 - 44세","여자인구수[명]","명","7406","7565","7330","7097","6426","5725",
"금정구","45 - 49세","남자인구수[명]","명","8498","7931","7487","7061","6866","6908",
"금정구","45 - 49세","여자인구수[명]","명","8760","8146","7535","6987","6820","6893",
"금정구","50 - 54세","남자인구수[명]","명","9309","9192","8943","8605","8178","7830",
"금정구","50 - 54세","여자인구수[명]","명","10217","10071","9618","9151","8571","8041",
"금정구","55 - 59세","남자인구수[명]","명","9956","9451","8886","8722","8615","8486",
"금정구","55 - 59세","여자인구수[명]","명","11136","10304","9845","9669","9499","9367",
"금정구","60 - 64세","남자인구수[명]","명","10224","10257","10077","9814","9365","8965",
"금정구","60 - 64세","여자인구수[명]","명","11440","11615","11537","11202","10747","10182",
"금정구","65 - 69세","남자인구수[명]","명","7860","8265","8444","8655","8948","9010",
"금정구","65 - 69세","여자인구수[명]","명","9240","9557","9631","9963","10342","10480",
"금정구","70 - 74세","남자인구수[명]","명","5779","5933","6103","6162","6379","6884",
"금정구","70 - 74세","여자인구수[명]","명","6742","6934","7290","7455","7663","8429",
"금정구","75 - 79세","남자인구수[명]","명","4104","4068","4162","4366","4553","4805",
"금정구","75 - 79세","여자인구수[명]","명","5047","5007","5121","5457","5745","6071",
"금정구","80 - 84세","남자인구수[명]","명","2294","2519","2762","2957","3108","3082",
"금정구","80 - 84세","여자인구수[명]","명","3548","3823","4150","4220","4321","4213",
"금정구","85 - 89세","남자인구수[명]","명","878","949","1049","1169","1258","1361",
"금정구","85 - 89세","여자인구수[명]","명","2037","2115","2146","2292","2412","2557",
"금정구","90 - 94세","남자인구수[명]","명","238","223","249","270","310","363",
"금정구","90 - 94세","여자인구수[명]","명","721","775","794","833","895","1022",
"금정구","95 - 99세","남자인구수[명]","명","49","47","34","43","46","53",
"금정구","95 - 99세","여자인구수[명]","명","184","156","163","191","229","217",
"금정구","100+","남자인구수[명]","명","43","2","5","7","6","7",
"금정구","100+","여자인구수[명]","명","156","28","25","26","28","29",
"강서구","0 - 4세","남자인구수[명]","명","4803","4442","3919","3428","3100","3559",
"강서구","0 - 4세","여자인구수[명]","명","4507","4017","3563","3089","2884","3416",
"강서구","5 - 9세","남자인구수[명]","명","5523","5782","5674","5473","5103","4905",
"강서구","5 - 9세","여자인구수[명]","명","5262","5459","5429","5263","4886","4712",
"강서구","10 - 14세","남자인구수[명]","명","3576","4127","4544","4796","5157","5574",
"강서구","10 - 14세","여자인구수[명]","명","3530","4024","4348","4589","4936","5292",
"강서구","15 - 19세","남자인구수[명]","명","2373","2462","2630","2842","3121","3543",
"강서구","15 - 19세","여자인구수[명]","명","2235","2344","2528","2752","2998","3425",
"강서구","20 - 24세","남자인구수[명]","명","2746","2793","2656","2469","2360","2337",
"강서구","20 - 24세","여자인구수[명]","명","2308","2304","2223","2099","2049","1976",
"강서구","25 - 29세","남자인구수[명]","명","3885","4064","3934","3738","3516","3416",
"강서구","25 - 29세","여자인구수[명]","명","3396","3404","3196","2984","2829","2845",
"강서구","30 - 34세","남자인구수[명]","명","5468","5552","5443","5215","5144","5484",
"강서구","30 - 34세","여자인구수[명]","명","5440","5546","5243","4885","4686","5074",
"강서구","35 - 39세","남자인구수[명]","명","8452","8085","7209","6549","6229","6715",
"강서구","35 - 39세","여자인구수[명]","명","7948","7638","7028","6490","6140","6573",
"강서구","40 - 44세","남자인구수[명]","명","7690","8548","9154","9280","8994","9038",
"강서구","40 - 44세","여자인구수[명]","명","6139","7062","7640","8069","8074","8181",
"강서구","45 - 49세","남자인구수[명]","명","5532","5913","6244","6533","7009","7786",
"강서구","45 - 49세","여자인구수[명]","명","4306","4549","4789","4948","5435","6194",
"강서구","50 - 54세","남자인구수[명]","명","4363","4707","4910","5102","5322","5651",
"강서구","50 - 54세","여자인구수[명]","명","3900","4166","4154","4124","4241","4492",
"강서구","55 - 59세","남자인구수[명]","명","4325","4271","4105","4114","4236","4461",
"강서구","55 - 59세","여자인구수[명]","명","4359","4057","3922","3996","3942","4048",
"강서구","60 - 64세","남자인구수[명]","명","4663","4877","4851","4664","4499","4301",
"강서구","60 - 64세","여자인구수[명]","명","4595","4880","4875","4725","4539","4393",
"강서구","65 - 69세","남자인구수[명]","명","3397","3719","3956","4219","4335","4458",
"강서구","65 - 69세","여자인구수[명]","명","3192","3574","3849","4090","4351","4551",
"강서구","70 - 74세","남자인구수[명]","명","2148","2292","2454","2587","2856","3157",
"강서구","70 - 74세","여자인구수[명]","명","1963","2151","2401","2527","2668","3085",
"강서구","75 - 79세","남자인구수[명]","명","1314","1327","1400","1542","1618","1855",
"강서구","75 - 79세","여자인구수[명]","명","1450","1454","1421","1512","1702","1843",
"강서구","80 - 84세","남자인구수[명]","명","636","742","799","874","899","946",
"강서구","80 - 84세","여자인구수[명]","명","1146","1185","1272","1309","1246","1233",
"강서구","85 - 89세","남자인구수[명]","명","258","248","276","298","350","373",
"강서구","85 - 89세","여자인구수[명]","명","635","670","692","734","805","845",
"강서구","90 - 94세","남자인구수[명]","명","66","81","74","78","89","93",
"강서구","90 - 94세","여자인구수[명]","명","303","316","314","324","342","359",
"강서구","95 - 99세","남자인구수[명]","명","14","13","13","18","17","17",
"강서구","95 - 99세","여자인구수[명]","명","64","61","64","61","75","84",
"강서구","100+","남자인구수[명]","명","13","2","3","2","2","2",
"강서구","100+","여자인구수[명]","명","34","10","8","5","5","7",
"연제구","0 - 4세","남자인구수[명]","명","3315","2930","2633","2522","2628","2645",
"연제구","0 - 4세","여자인구수[명]","명","3133","2858","2595","2556","2607","2596",
"연제구","5 - 9세","남자인구수[명]","명","4196","4115","3860","3872","3983","3659",
"연제구","5 - 9세","여자인구수[명]","명","4103","4067","3772","3673","3766","3472",
"연제구","10 - 14세","남자인구수[명]","명","4089","4188","4078","4050","4359","4429",
"연제구","10 - 14세","여자인구수[명]","명","3838","3885","3932","4039","4406","4397",
"연제구","15 - 19세","남자인구수[명]","명","4346","4164","4131","4120","4240","4260",
"연제구","15 - 19세","여자인구수[명]","명","4194","3999","4002","3928","4017","4060",
"연제구","20 - 24세","남자인구수[명]","명","6339","5957","5411","5154","4978","4510",
"연제구","20 - 24세","여자인구수[명]","명","5922","5514","5042","4977","4844","4494",
"연제구","25 - 29세","남자인구수[명]","명","6887","6674","6326","6264","6152","6110",
"연제구","25 - 29세","여자인구수[명]","명","6983","6766","6553","6640","6518","6346",
"연제구","30 - 34세","남자인구수[명]","명","6317","6336","6435","6783","7237","7248",
"연제구","30 - 34세","여자인구수[명]","명","6238","6335","6358","6860","7384","7660",
"연제구","35 - 39세","남자인구수[명]","명","7347","6892","6333","6340","6737","6826",
"연제구","35 - 39세","여자인구수[명]","명","7292","6740","6203","6091","6547","6585",
"연제구","40 - 44세","남자인구수[명]","명","7534","7801","7828","8014","8112","7668",
"연제구","40 - 44세","여자인구수[명]","명","7837","8024","7965","8143","8126","7598",
"연제구","45 - 49세","남자인구수[명]","명","8050","7761","7338","7160","7485","7679",
"연제구","45 - 49세","여자인구수[명]","명","8486","7976","7743","7474","7893","8098",
"연제구","50 - 54세","남자인구수[명]","명","8161","8275","8174","8196","8484","8080",
"연제구","50 - 54세","여자인구수[명]","명","8979","9241","8975","8893","8936","8604",
"연제구","55 - 59세","남자인구수[명]","명","8014","7586","7402","7661","7901","8026",
"연제구","55 - 59세","여자인구수[명]","명","8987","8429","8297","8613","8984","9018",
"연제구","60 - 64세","남자인구수[명]","명","8241","8367","8219","7952","7949","7626",
"연제구","60 - 64세","여자인구수[명]","명","9814","9951","9832","9574","9334","8789",
"연제구","65 - 69세","남자인구수[명]","명","6678","7092","7240","7513","7633","7706",
"연제구","65 - 69세","여자인구수[명]","명","7776","8196","8413","8765","9342","9525",
"연제구","70 - 74세","남자인구수[명]","명","4904","4983","5173","5243","5626","6010",
"연제구","70 - 74세","여자인구수[명]","명","5687","5963","6241","6491","6815","7484",
"연제구","75 - 79세","남자인구수[명]","명","3389","3496","3524","3709","3950","4235",
"연제구","75 - 79세","여자인구수[명]","명","4217","4140","4334","4667","5045","5401",
"연제구","80 - 84세","남자인구수[명]","명","2006","2174","2425","2591","2665","2620",
"연제구","80 - 84세","여자인구수[명]","명","2817","3042","3301","3524","3720","3651",
"연제구","85 - 89세","남자인구수[명]","명","674","764","886","969","1135","1226",
"연제구","85 - 89세","여자인구수[명]","명","1434","1548","1641","1760","1919","2088",
"연제구","90 - 94세","남자인구수[명]","명","158","179","161","206","219","285",
"연제구","90 - 94세","여자인구수[명]","명","529","590","611","613","700","789",
"연제구","95 - 99세","남자인구수[명]","명","35","22","22","22","39","43",
"연제구","95 - 99세","여자인구수[명]","명","121","98","103","125","156","159",
"연제구","100+","남자인구수[명]","명","20","5","5","3","2","3",
"연제구","100+","여자인구수[명]","명","70","21","19","16","16","19",
"수영구","0 - 4세","남자인구수[명]","명","2330","2111","2045","1900","1719","1614",
"수영구","0 - 4세","여자인구수[명]","명","2298","2139","2047","1865","1704","1570",
"수영구","5 - 9세","남자인구수[명]","명","2979","2928","2778","2641","2453","2155",
"수영구","5 - 9세","여자인구수[명]","명","2721","2660","2589","2586","2391","2087",
"수영구","10 - 14세","남자인구수[명]","명","2795","2851","2906","2992","3011","2994",
"수영구","10 - 14세","여자인구수[명]","명","2634","2699","2695","2660","2688","2725",
"수영구","15 - 19세","남자인구수[명]","명","3321","3069","2981","2915","2847","2845",
"수영구","15 - 19세","여자인구수[명]","명","3102","2845","2843","2885","2767","2748",
"수영구","20 - 24세","남자인구수[명]","명","4978","4578","4295","4114","3878","3511",
"수영구","20 - 24세","여자인구수[명]","명","5273","5126","4895","4583","4318","3875",
"수영구","25 - 29세","남자인구수[명]","명","6861","6845","6643","6424","5981","5770",
"수영구","25 - 29세","여자인구수[명]","명","7237","7174","7290","7132","6827","6539",
"수영구","30 - 34세","남자인구수[명]","명","5812","6013","6416","6605","6570","6526",
"수영구","30 - 34세","여자인구수[명]","명","5858","6062","6363","6485","6452","6311",
"수영구","35 - 39세","남자인구수[명]","명","6079","5698","5436","5211","5057","5050",
"수영구","35 - 39세","여자인구수[명]","명","6128","5732","5446","5202","5131","4967",
"수영구","40 - 44세","남자인구수[명]","명","6153","6266","6286","6311","6001","5640",
"수영구","40 - 44세","여자인구수[명]","명","6083","6239","6357","6464","6062","5657",
"수영구","45 - 49세","남자인구수[명]","명","6381","6042","5818","5668","5600","5705",
"수영구","45 - 49세","여자인구수[명]","명","6870","6404","6187","5916","5897","5926",
"수영구","50 - 54세","남자인구수[명]","명","6511","6653","6627","6584","6470","6119",
"수영구","50 - 54세","여자인구수[명]","명","7262","7439","7339","7330","7049","6738",
"수영구","55 - 59세","남자인구수[명]","명","6210","5952","5818","5995","6102","6198",
"수영구","55 - 59세","여자인구수[명]","명","7735","7097","6882","6915","6997","6998",
"수영구","60 - 64세","남자인구수[명]","명","6944","6801","6626","6362","6060","5749",
"수영구","60 - 64세","여자인구수[명]","명","8729","8701","8501","8245","7800","7422",
"수영구","65 - 69세","남자인구수[명]","명","5784","6033","6150","6313","6310","6307",
"수영구","65 - 69세","여자인구수[명]","명","7088","7475","7692","8042","8344","8220",
"수영구","70 - 74세","남자인구수[명]","명","4503","4479","4606","4689","4812","5145",
"수영구","70 - 74세","여자인구수[명]","명","5532","5679","5868","5983","6137","6728",
"수영구","75 - 79세","남자인구수[명]","명","3132","3246","3378","3595","3680","3848",
"수영구","75 - 79세","여자인구수[명]","명","3878","3893","4133","4515","4828","5146",
"수영구","80 - 84세","남자인구수[명]","명","1898","2051","2246","2381","2467","2457",
"수영구","80 - 84세","여자인구수[명]","명","2718","2897","3165","3269","3340","3366",
"수영구","85 - 89세","남자인구수[명]","명","670","740","834","925","1099","1214",
"수영구","85 - 89세","여자인구수[명]","명","1471","1525","1625","1715","1851","1951",
"수영구","90 - 94세","남자인구수[명]","명","194","218","219","236","245","283",
"수영구","90 - 94세","여자인구수[명]","명","544","570","592","637","721","764",
"수영구","95 - 99세","남자인구수[명]","명","24","28","27","33","54","50",
"수영구","95 - 99세","여자인구수[명]","명","113","108","134","170","169","170",
"수영구","100+","남자인구수[명]","명","14","7","9","7","6","1",
"수영구","100+","여자인구수[명]","명","47","22","19","18","23","23",
"사상구","0 - 4세","남자인구수[명]","명","2691","2368","2116","1953","1781","1628",
"사상구","0 - 4세","여자인구수[명]","명","2512","2183","1912","1828","1631","1430",
"사상구","5 - 9세","남자인구수[명]","명","3601","3403","3119","2942","2621","2281",
"사상구","5 - 9세","여자인구수[명]","명","3551","3314","3010","2753","2474","2108",
"사상구","10 - 14세","남자인구수[명]","명","3581","3567","3492","3419","3371","3248",
"사상구","10 - 14세","여자인구수[명]","명","3380","3397","3378","3320","3216","3182",
"사상구","15 - 19세","남자인구수[명]","명","4301","3916","3789","3624","3447","3444",
"사상구","15 - 19세","여자인구수[명]","명","3826","3529","3466","3407","3254","3268",
"사상구","20 - 24세","남자인구수[명]","명","7074","6511","6102","5734","5279","4731",
"사상구","20 - 24세","여자인구수[명]","명","6437","6049","5496","5374","5063","4574",
"사상구","25 - 29세","남자인구수[명]","명","8445","8206","7734","7337","6830","6253",
"사상구","25 - 29세","여자인구수[명]","명","6976","6924","6694","6483","6041","5788",
"사상구","30 - 34세","남자인구수[명]","명","6571","6764","6862","7309","7201","6960",
"사상구","30 - 34세","여자인구수[명]","명","5458","5604","5774","6078","5949","5756",
"사상구","35 - 39세","남자인구수[명]","명","6957","6351","5869","5795","5672","5479",
"사상구","35 - 39세","여자인구수[명]","명","6238","5529","5006","4806","4727","4511",
"사상구","40 - 44세","남자인구수[명]","명","7370","7430","7307","7200","6631","6010",
"사상구","40 - 44세","여자인구수[명]","명","6365","6507","6437","6431","5889","5456",
"사상구","45 - 49세","남자인구수[명]","명","8052","7543","7129","6799","6653","6678",
"사상구","45 - 49세","여자인구수[명]","명","7576","6972","6543","6141","5965","5903",
"사상구","50 - 54세","남자인구수[명]","명","9572","9155","8834","8486","8052","7593",
"사상구","50 - 54세","여자인구수[명]","명","9793","9485","8923","8358","7866","7327",
"사상구","55 - 59세","남자인구수[명]","명","10930","10278","9620","9612","9413","9161",
"사상구","55 - 59세","여자인구수[명]","명","10895","10022","9741","9895","9748","9446",
"사상구","60 - 64세","남자인구수[명]","명","10865","11190","11203","11012","10567","10055",
"사상구","60 - 64세","여자인구수[명]","명","10704","11223","11273","11136","10804","10310",
"사상구","65 - 69세","남자인구수[명]","명","7393","7851","8238","8853","9380","9760",
"사상구","65 - 69세","여자인구수[명]","명","7756","8210","8571","9235","9750","10139",
"사상구","70 - 74세","남자인구수[명]","명","4905","5144","5389","5546","5942","6443",
"사상구","70 - 74세","여자인구수[명]","명","5451","5776","6095","6242","6616","7305",
"사상구","75 - 79세","남자인구수[명]","명","3030","3032","3175","3471","3730","4064",
"사상구","75 - 79세","여자인구수[명]","명","3746","3766","3956","4276","4582","4976",
"사상구","80 - 84세","남자인구수[명]","명","1491","1684","1864","1986","2078","2122",
"사상구","80 - 84세","여자인구수[명]","명","2593","2784","2897","3052","3104","3118",
"사상구","85 - 89세","남자인구수[명]","명","453","527","567","635","731","856",
"사상구","85 - 89세","여자인구수[명]","명","1312","1427","1487","1608","1703","1786",
"사상구","90 - 94세","남자인구수[명]","명","98","98","124","136","153","166",
"사상구","90 - 94세","여자인구수[명]","명","442","440","464","518","567","651",
"사상구","95 - 99세","남자인구수[명]","명","16","14","9","15","16","16",
"사상구","95 - 99세","여자인구수[명]","명","109","105","103","105","116","124",
"사상구","100+","남자인구수[명]","명","9","2","2","1","1","1",
"사상구","100+","여자인구수[명]","명","61","18","19","21","21","17",
"기장군","0 - 4세","남자인구수[명]","명","4018","3653","3356","2989","2652","2475",
"기장군","0 - 4세","여자인구수[명]","명","3977","3556","3218","2793","2451","2322",
"기장군","5 - 9세","남자인구수[명]","명","5724","5655","5355","5015","4438","3975",
"기장군","5 - 9세","여자인구수[명]","명","5434","5416","5174","4846","4332","3825",
"기장군","10 - 14세","남자인구수[명]","명","4823","5127","5327","5453","5636","5599",
"기장군","10 - 14세","여자인구수[명]","명","4540","4821","5045","5160","5287","5249",
"기장군","15 - 19세","남자인구수[명]","명","4268","4224","4359","4389","4405","4604",
"기장군","15 - 19세","여자인구수[명]","명","3844","3876","3968","4075","4136","4409",
"기장군","20 - 24세","남자인구수[명]","명","4368","4328","4186","4110","3922","3734",
"기장군","20 - 24세","여자인구수[명]","명","3878","3849","3713","3614","3400","3073",
"기장군","25 - 29세","남자인구수[명]","명","4685","4682","4629","4609","4309","4184",
"기장군","25 - 29세","여자인구수[명]","명","4135","4103","4069","4041","3861","3719",
"기장군","30 - 34세","남자인구수[명]","명","4937","5092","5307","5308","5253","5169",
"기장군","30 - 34세","여자인구수[명]","명","4978","5036","5070","4863","4663","4590",
"기장군","35 - 39세","남자인구수[명]","명","7482","6870","6275","5818","5410","5228",
"기장군","35 - 39세","여자인구수[명]","명","7563","6996","6525","6031","5525","5172",
"기장군","40 - 44세","남자인구수[명]","명","8528","8923","9017","8915","8158","7442",
"기장군","40 - 44세","여자인구수[명]","명","8306","8779","8866","8885","8261","7497",
"기장군","45 - 49세","남자인구수[명]","명","8003","7923","7979","7996","8103","8369",
"기장군","45 - 49세","여자인구수[명]","명","7378","7479","7650","7619","7698","8120",
"기장군","50 - 54세","남자인구수[명]","명","6590","7082","7470","7728","7841","7807",
"기장군","50 - 54세","여자인구수[명]","명","6162","6601","6895","7117","7222","7316",
"기장군","55 - 59세","남자인구수[명]","명","5541","5749","5841","6081","6274","6624",
"기장군","55 - 59세","여자인구수[명]","명","5713","5603","5665","5939","6059","6300",
"기장군","60 - 64세","남자인구수[명]","명","5572","5757","5900","5917","5839","5671",
"기장군","60 - 64세","여자인구수[명]","명","6356","6588","6551","6473","6163","5946",
"기장군","65 - 69세","남자인구수[명]","명","4387","4652","4918","5250","5376","5568",
"기장군","65 - 69세","여자인구수[명]","명","5083","5490","5863","6142","6420","6578",
"기장군","70 - 74세","남자인구수[명]","명","3365","3523","3649","3692","3894","4305",
"기장군","70 - 74세","여자인구수[명]","명","3819","3968","4218","4453","4658","5184",
"기장군","75 - 79세","남자인구수[명]","명","2253","2359","2531","2749","2821","3054",
"기장군","75 - 79세","여자인구수[명]","명","2898","3011","3128","3363","3505","3779",
"기장군","80 - 84세","남자인구수[명]","명","1263","1367","1554","1665","1758","1823",
"기장군","80 - 84세","여자인구수[명]","명","2183","2306","2532","2575","2598","2638",
"기장군","85 - 89세","남자인구수[명]","명","491","554","596","651","725","810",
"기장군","85 - 89세","여자인구수[명]","명","1213","1309","1348","1466","1584","1642",
"기장군","90 - 94세","남자인구수[명]","명","112","150","156","175","185","213",
"기장군","90 - 94세","여자인구수[명]","명","466","474","519","553","603","672",
"기장군","95 - 99세","남자인구수[명]","명","21","19","17","24","20","23",
"기장군","95 - 99세","여자인구수[명]","명","145","144","145","156","149","157",
"기장군","100+","남자인구수[명]","명","8","2","4","2","3","2",
"기장군","100+","여자인구수[명]","명","35","29","26","29","29","31",
"대구광역시","0 - 4세","남자인구수[명]","명","38072","34110","31425","29657","28159","28003",
"대구광역시","0 - 4세","여자인구수[명]","명","36128","32247","29797","27930","26715","26525",
"대구광역시","5 - 9세","남자인구수[명]","명","53213","51870","49317","47504","44888","40978",
"대구광역시","5 - 9세","여자인구수[명]","명","50813","49596","47191","45312","42466","38808",
"대구광역시","10 - 14세","남자인구수[명]","명","55186","55230","55052","54563","54765","54402",
"대구광역시","10 - 14세","여자인구수[명]","명","51446","51857","51665","51740","52288","52086",
"대구광역시","15 - 19세","남자인구수[명]","명","62917","58660","57664","55952","54543","54831",
"대구광역시","15 - 19세","여자인구수[명]","명","56349","52790","53151","51866","50842","51587",
"대구광역시","20 - 24세","남자인구수[명]","명","84518","79574","74695","70605","65744","60255",
"대구광역시","20 - 24세","여자인구수[명]","명","75415","71083","66222","63308","59406","54752",
"대구광역시","25 - 29세","남자인구수[명]","명","87157","84910","81353","78356","75096","72511",
"대구광역시","25 - 29세","여자인구수[명]","명","74444","73354","72093","70201","67854","65931",
"대구광역시","30 - 34세","남자인구수[명]","명","72434","73604","76117","78536","79601","80084",
"대구광역시","30 - 34세","여자인구수[명]","명","62222","63176","64948","67629","68673","70431",
"대구광역시","35 - 39세","남자인구수[명]","명","80636","75848","71860","70552","71341","72035",
"대구광역시","35 - 39세","여자인구수[명]","명","79018","72237","66532","63248","63017","62551",
"대구광역시","40 - 44세","남자인구수[명]","명","87826","87769","87795","88305","84530","80619",
"대구광역시","40 - 44세","여자인구수[명]","명","88894","89203","89138","90008","84836","79883",
"대구광역시","45 - 49세","남자인구수[명]","명","101532","96193","91680","88093","86498","86863",
"대구광역시","45 - 49세","여자인구수[명]","명","105587","99390","95189","89708","88781","88490",
"대구광역시","50 - 54세","남자인구수[명]","명","106658","106887","106472","104742","102508","98753",
"대구광역시","50 - 54세","여자인구수[명]","명","110433","112399","110739","109831","106750","103473",
"대구광역시","55 - 59세","남자인구수[명]","명","101682","98482","96552","100658","101571","102366",
"대구광역시","55 - 59세","여자인구수[명]","명","106706","101676","101379","105568","107352","107567",
"대구광역시","60 - 64세","남자인구수[명]","명","91318","94677","96333","98547","97552","96118",
"대구광역시","60 - 64세","여자인구수[명]","명","97248","101530","103634","106203","104597","103725",
"대구광역시","65 - 69세","남자인구수[명]","명","63852","68172","71102","76550","81747","85296",
"대구광역시","65 - 69세","여자인구수[명]","명","73539","77912","80271","84680","91634","94738",
"대구광역시","70 - 74세","남자인구수[명]","명","45093","47087","49545","51869","54175","58587",
"대구광역시","70 - 74세","여자인구수[명]","명","54581","57354","60574","63253","65391","71674",
"대구광역시","75 - 79세","남자인구수[명]","명","31506","30992","31287","34311","36885","39833",
"대구광역시","75 - 79세","여자인구수[명]","명","44096","42395","42753","46090","48692","52100",
"대구광역시","80 - 84세","남자인구수[명]","명","19315","20560","22804","24581","24998","24864",
"대구광역시","80 - 84세","여자인구수[명]","명","32796","34479","37046","39746","40072","39202",
"대구광역시","85 - 89세","남자인구수[명]","명","7945","8779","9348","10493","11603","12259",
"대구광역시","85 - 89세","여자인구수[명]","명","17609","18963","19900","22068","23833","24935",
"대구광역시","90 - 94세","남자인구수[명]","명","1727","1893","2142","2555","2973","3454",
"대구광역시","90 - 94세","여자인구수[명]","명","6012","6586","6998","7916","8751","9700",
"대구광역시","95 - 99세","남자인구수[명]","명","346","304","297","342","387","421",
"대구광역시","95 - 99세","여자인구수[명]","명","1344","1339","1393","1619","1855","2051",
"대구광역시","100+","남자인구수[명]","명","176","31","25","32","37","47",
"대구광역시","100+","여자인구수[명]","명","557","214","213","233","223","244",
"중구","0 - 4세","남자인구수[명]","명","1226","1103","1268","1590","1937","2136",
"중구","0 - 4세","여자인구수[명]","명","1158","1092","1254","1521","1856","2000",
"중구","5 - 9세","남자인구수[명]","명","1429","1459","1580","1859","2070","2044",
"중구","5 - 9세","여자인구수[명]","명","1329","1348","1543","1839","2061","2023",
"중구","10 - 14세","남자인구수[명]","명","1214","1270","1422","1573","1803","1934",
"중구","10 - 14세","여자인구수[명]","명","1102","1143","1318","1531","1830","1957",
"중구","15 - 19세","남자인구수[명]","명","1417","1278","1439","1531","1714","1755",
"중구","15 - 19세","여자인구수[명]","명","1356","1312","1464","1599","1735","1840",
"중구","20 - 24세","남자인구수[명]","명","2320","2165","2224","2387","2532","2431",
"중구","20 - 24세","여자인구수[명]","명","2774","2597","2653","2908","3019","3017",
"중구","25 - 29세","남자인구수[명]","명","3340","3277","3347","3456","3666","3706",
"중구","25 - 29세","여자인구수[명]","명","3430","3333","3672","3901","4249","4333",
"중구","30 - 34세","남자인구수[명]","명","2699","2704","3193","3963","4554","4754",
"중구","30 - 34세","여자인구수[명]","명","2470","2551","3025","3818","4633","5033",
"중구","35 - 39세","남자인구수[명]","명","2868","2765","3043","3553","4226","4519",
"중구","35 - 39세","여자인구수[명]","명","2718","2563","2714","3160","3703","3921",
"중구","40 - 44세","남자인구수[명]","명","2614","2702","3012","3660","4095","4180",
"중구","40 - 44세","여자인구수[명]","명","2411","2488","2912","3412","3721","3832",
"중구","45 - 49세","남자인구수[명]","명","2856","2659","2768","2927","3200","3449",
"중구","45 - 49세","여자인구수[명]","명","2885","2755","2867","3018","3298","3469",
"중구","50 - 54세","남자인구수[명]","명","2850","2888","3156","3388","3615","3591",
"중구","50 - 54세","여자인구수[명]","명","2884","2923","3164","3509","3815","3911",
"중구","55 - 59세","남자인구수[명]","명","2747","2605","2662","2900","3139","3319",
"중구","55 - 59세","여자인구수[명]","명","2844","2609","2751","3061","3270","3383",
"중구","60 - 64세","남자인구수[명]","명","2700","2617","2702","2800","2829","2794",
"중구","60 - 64세","여자인구수[명]","명","2978","2889","2939","3087","3153","3106",
"중구","65 - 69세","남자인구수[명]","명","2019","2109","2173","2359","2511","2557",
"중구","65 - 69세","여자인구수[명]","명","2530","2610","2640","2836","2995","3034",
"중구","70 - 74세","남자인구수[명]","명","1709","1630","1662","1651","1756","1861",
"중구","70 - 74세","여자인구수[명]","명","2352","2246","2310","2330","2390","2531",
"중구","75 - 79세","남자인구수[명]","명","1397","1311","1288","1380","1403","1450",
"중구","75 - 79세","여자인구수[명]","명","1917","1813","1846","2018","2087","2192",
"중구","80 - 84세","남자인구수[명]","명","882","884","980","1058","1086","1053",
"중구","80 - 84세","여자인구수[명]","명","1429","1438","1520","1571","1646","1652",
"중구","85 - 89세","남자인구수[명]","명","374","399","410","442","488","515",
"중구","85 - 89세","여자인구수[명]","명","728","754","769","900","1006","1040",
"중구","90 - 94세","남자인구수[명]","명","96","102","111","121","136","166",
"중구","90 - 94세","여자인구수[명]","명","295","286","291","328","362","387",
"중구","95 - 99세","남자인구수[명]","명","21","18","19","28","24","25",
"중구","95 - 99세","여자인구수[명]","명","76","74","70","73","77","89",
"중구","100+","남자인구수[명]","명","21","3","1","3","5","3",
"중구","100+","여자인구수[명]","명","82","19","17","15","16","15",
"동구","0 - 4세","남자인구수[명]","명","5606","5212","4814","4686","4445","4361",
"동구","0 - 4세","여자인구수[명]","명","5418","4898","4568","4469","4175","4051",
"동구","5 - 9세","남자인구수[명]","명","7261","7036","6701","6507","6163","5513",
"동구","5 - 9세","여자인구수[명]","명","6908","6852","6485","6338","5817","5292",
"동구","10 - 14세","남자인구수[명]","명","6699","6776","6878","6915","6841","6699",
"동구","10 - 14세","여자인구수[명]","명","6208","6395","6445","6405","6460","6340",
"동구","15 - 19세","남자인구수[명]","명","7231","6926","6809","6739","6648","6703",
"동구","15 - 19세","여자인구수[명]","명","6428","6108","6164","6152","6017","6171",
"동구","20 - 24세","남자인구수[명]","명","10315","9807","9118","8722","8241","7671",
"동구","20 - 24세","여자인구수[명]","명","9066","8618","7936","7776","7488","6835",
"동구","25 - 29세","남자인구수[명]","명","11992","11711","11229","10833","10413","10003",
"동구","25 - 29세","여자인구수[명]","명","10311","10377","10172","10078","9771","9337",
"동구","30 - 34세","남자인구수[명]","명","10934","11306","11717","12267","12600","12441",
"동구","30 - 34세","여자인구수[명]","명","9266","9706","10028","10612","10911","11108",
"동구","35 - 39세","남자인구수[명]","명","12179","11661","11072","11028","11162","11256",
"동구","35 - 39세","여자인구수[명]","명","11442","10510","9834","9679","9643","9464",
"동구","40 - 44세","남자인구수[명]","명","12751","12932","13031","13249","12635","11815",
"동구","40 - 44세","여자인구수[명]","명","11942","12331","12407","12529","11810","11036",
"동구","45 - 49세","남자인구수[명]","명","13736","13191","12719","12319","12086","12109",
"동구","45 - 49세","여자인구수[명]","명","12981","12523","12211","11787","11734","11755",
"동구","50 - 54세","남자인구수[명]","명","13826","14071","14257","14159","14036","13704",
"동구","50 - 54세","여자인구수[명]","명","14156","14585","14340","14399","14210","13723",
"동구","55 - 59세","남자인구수[명]","명","13850","13512","13216","13773","13880","13897",
"동구","55 - 59세","여자인구수[명]","명","15166","14268","14189","14717","14890","14787",
"동구","60 - 64세","남자인구수[명]","명","13555","13907","14031","14007","13823","13500",
"동구","60 - 64세","여자인구수[명]","명","15254","15768","15805","15912","15538","15116",
"동구","65 - 69세","남자인구수[명]","명","10329","10984","11216","11832","12558","12855",
"동구","65 - 69세","여자인구수[명]","명","12280","12997","13384","13846","14758","15037",
"동구","70 - 74세","남자인구수[명]","명","7654","8019","8456","8629","8855","9482",
"동구","70 - 74세","여자인구수[명]","명","9386","9897","10307","10526","10923","11968",
"동구","75 - 79세","남자인구수[명]","명","5509","5425","5521","5856","6233","6689",
"동구","75 - 79세","여자인구수[명]","명","7662","7422","7509","7870","8352","8846",
"동구","80 - 84세","남자인구수[명]","명","3316","3554","3940","4230","4346","4303",
"동구","80 - 84세","여자인구수[명]","명","5511","5868","6316","6694","6801","6682",
"동구","85 - 89세","남자인구수[명]","명","1336","1503","1616","1709","1921","2087",
"동구","85 - 89세","여자인구수[명]","명","2850","3148","3344","3609","3871","4123",
"동구","90 - 94세","남자인구수[명]","명","276","296","344","404","480","569",
"동구","90 - 94세","여자인구수[명]","명","920","1016","1079","1205","1400","1530",
"동구","95 - 99세","남자인구수[명]","명","51","49","50","58","65","62",
"동구","95 - 99세","여자인구수[명]","명","234","231","234","247","294","312",
"동구","100+","남자인구수[명]","명","37","10","6","6","7","8",
"동구","100+","여자인구수[명]","명","88","30","32","35","38","41",
"서구","0 - 4세","남자인구수[명]","명","1624","1328","1214","1463","1539","1613",
"서구","0 - 4세","여자인구수[명]","명","1424","1186","1047","1257","1360","1510",
"서구","5 - 9세","남자인구수[명]","명","2288","2177","2049","2093","2058","1965",
"서구","5 - 9세","여자인구수[명]","명","2228","2088","1924","1973","1899","1799",
"서구","10 - 14세","남자인구수[명]","명","2325","2289","2218","2267","2287","2360",
"서구","10 - 14세","여자인구수[명]","명","2332","2279","2264","2345","2330","2365",
"서구","15 - 19세","남자인구수[명]","명","3331","2955","2698","2600","2440","2515",
"서구","15 - 19세","여자인구수[명]","명","2874","2584","2478","2437","2384","2489",
"서구","20 - 24세","남자인구수[명]","명","5316","4742","4214","3919","3529","3229",
"서구","20 - 24세","여자인구수[명]","명","4576","4122","3602","3359","3020","2711",
"서구","25 - 29세","남자인구수[명]","명","6613","6134","5546","5281","4917","4588",
"서구","25 - 29세","여자인구수[명]","명","5168","4899","4657","4662","4386","4146",
"서구","30 - 34세","남자인구수[명]","명","4942","4968","5131","5910","5961","6067",
"서구","30 - 34세","여자인구수[명]","명","3465","3546","3715","4412","4616","4879",
"서구","35 - 39세","남자인구수[명]","명","4964","4527","4255","4645","4853","5010",
"서구","35 - 39세","여자인구수[명]","명","4072","3674","3298","3467","3651","3738",
"서구","40 - 44세","남자인구수[명]","명","5413","5247","5109","5434","5282","5147",
"서구","40 - 44세","여자인구수[명]","명","4581","4424","4333","4650","4454","4270",
"서구","45 - 49세","남자인구수[명]","명","6846","6249","5749","5514","5295","5351",
"서구","45 - 49세","여자인구수[명]","명","5985","5403","4950","4769","4662","4739",
"서구","50 - 54세","남자인구수[명]","명","8125","7724","7363","7147","6926","6711",
"서구","50 - 54세","여자인구수[명]","명","7879","7529","7022","6804","6298","6165",
"서구","55 - 59세","남자인구수[명]","명","9144","8608","8124","8237","7997","7880",
"서구","55 - 59세","여자인구수[명]","명","9173","8437","7993","8278","8121","7929",
"서구","60 - 64세","남자인구수[명]","명","8359","8579","8612","8818","8659","8589",
"서구","60 - 64세","여자인구수[명]","명","9066","9252","9365","9411","8986","8873",
"서구","65 - 69세","남자인구수[명]","명","6202","6444","6568","6865","7261","7546",
"서구","65 - 69세","여자인구수[명]","명","7458","7725","7705","7958","8506","8571",
"서구","70 - 74세","남자인구수[명]","명","4419","4622","4802","4895","5027","5348",
"서구","70 - 74세","여자인구수[명]","명","5323","5593","5929","6119","6387","7007",
"서구","75 - 79세","남자인구수[명]","명","3115","2927","2903","3135","3403","3697",
"서구","75 - 79세","여자인구수[명]","명","4316","4109","4105","4395","4551","4830",
"서구","80 - 84세","남자인구수[명]","명","1767","1874","2090","2220","2261","2289",
"서구","80 - 84세","여자인구수[명]","명","3021","3194","3453","3636","3704","3633",
"서구","85 - 89세","남자인구수[명]","명","616","722","785","866","964","1006",
"서구","85 - 89세","여자인구수[명]","명","1492","1583","1709","1894","2072","2172",
"서구","90 - 94세","남자인구수[명]","명","114","107","133","165","198","228",
"서구","90 - 94세","여자인구수[명]","명","506","533","566","610","696","777",
"서구","95 - 99세","남자인구수[명]","명","24","17","16","23","25","28",
"서구","95 - 99세","여자인구수[명]","명","111","110","115","137","149","164",
"서구","100+","남자인구수[명]","명","25","1","1","1","0","1",
"서구","100+","여자인구수[명]","명","78","17","17","17","21","21",
"남구","0 - 4세","남자인구수[명]","명","1530","1377","1341","1262","1193","1203",
"남구","0 - 4세","여자인구수[명]","명","1419","1239","1171","1123","1096","1127",
"남구","5 - 9세","남자인구수[명]","명","1995","1879","1781","1696","1565","1457",
"남구","5 - 9세","여자인구수[명]","명","1877","1834","1697","1576","1429","1306",
"남구","10 - 14세","남자인구수[명]","명","2143","2104","2010","1989","1934","1866",
"남구","10 - 14세","여자인구수[명]","명","1989","1896","1838","1853","1804","1801",
"남구","15 - 19세","남자인구수[명]","명","2809","2629","2553","2359","2231","2236",
"남구","15 - 19세","여자인구수[명]","명","2478","2314","2414","2214","2084","2142",
"남구","20 - 24세","남자인구수[명]","명","4517","4132","3978","3775","3476","3257",
"남구","20 - 24세","여자인구수[명]","명","4835","4519","4330","4120","3841","3489",
"남구","25 - 29세","남자인구수[명]","명","5734","5675","5421","5029","4619","4320",
"남구","25 - 29세","여자인구수[명]","명","5371","5409","5358","5227","4938","4826",
"남구","30 - 34세","남자인구수[명]","명","4517","4584","4814","4872","4876","4896",
"남구","30 - 34세","여자인구수[명]","명","3813","3873","4088","4203","4238","4432",
"남구","35 - 39세","남자인구수[명]","명","4487","4304","4093","3902","3914","4029",
"남구","35 - 39세","여자인구수[명]","명","4361","3952","3596","3315","3150","3202",
"남구","40 - 44세","남자인구수[명]","명","4729","4638","4587","4531","4258","4064",
"남구","40 - 44세","여자인구수[명]","명","4539","4483","4472","4472","4136","3890",
"남구","45 - 49세","남자인구수[명]","명","5559","5154","4766","4457","4240","4314",
"남구","45 - 49세","여자인구수[명]","명","5576","5139","4873","4527","4369","4330",
"남구","50 - 54세","남자인구수[명]","명","6138","6177","6140","5867","5676","5349",
"남구","50 - 54세","여자인구수[명]","명","6141","6236","6127","5909","5682","5468",
"남구","55 - 59세","남자인구수[명]","명","6040","5702","5531","5643","5716","5894",
"남구","55 - 59세","여자인구수[명]","명","6648","6089","5928","5991","5913","5917",
"남구","60 - 64세","남자인구수[명]","명","6109","6104","6053","5958","5662","5511",
"남구","60 - 64세","여자인구수[명]","명","7091","7119","6969","6756","6488","6294",
"남구","65 - 69세","남자인구수[명]","명","4880","5034","5153","5275","5414","5363",
"남구","65 - 69세","여자인구수[명]","명","5914","6059","6155","6266","6536","6565",
"남구","70 - 74세","남자인구수[명]","명","3657","3692","3810","3804","3936","4215",
"남구","70 - 74세","여자인구수[명]","명","4721","4796","4956","4950","5025","5466",
"남구","75 - 79세","남자인구수[명]","명","2774","2629","2576","2674","2811","3021",
"남구","75 - 79세","여자인구수[명]","명","3983","3776","3760","3928","4081","4248",
"남구","80 - 84세","남자인구수[명]","명","1796","1903","2083","2157","2101","2019",
"남구","80 - 84세","여자인구수[명]","명","2979","3122","3306","3441","3411","3351",
"남구","85 - 89세","남자인구수[명]","명","816","874","900","966","1040","1092",
"남구","85 - 89세","여자인구수[명]","명","1641","1737","1831","1913","2062","2130",
"남구","90 - 94세","남자인구수[명]","명","183","187","224","258","310","339",
"남구","90 - 94세","여자인구수[명]","명","583","634","659","730","772","861",
"남구","95 - 99세","남자인구수[명]","명","40","21","28","37","33","35",
"남구","95 - 99세","여자인구수[명]","명","133","132","128","138","178","190",
"남구","100+","남자인구수[명]","명","18","0","0","1","3","4",
"남구","100+","여자인구수[명]","명","69","18","21","23","22","23",
"북구","0 - 4세","남자인구수[명]","명","7358","6559","5842","5059","4619","4571",
"북구","0 - 4세","여자인구수[명]","명","7112","6300","5612","4786","4401","4340",
"북구","5 - 9세","남자인구수[명]","명","10035","9750","9004","8278","7502","6682",
"북구","5 - 9세","여자인구수[명]","명","9526","9312","8664","7955","7135","6407",
"북구","10 - 14세","남자인구수[명]","명","10298","10284","10043","9633","9504","9374",
"북구","10 - 14세","여자인구수[명]","명","9644","9623","9427","9183","8990","8864",
"북구","15 - 19세","남자인구수[명]","명","12232","11392","11224","10478","9979","9899",
"북구","15 - 19세","여자인구수[명]","명","11130","10462","10505","9795","9513","9436",
"북구","20 - 24세","남자인구수[명]","명","17147","16499","16018","14961","13831","12683",
"북구","20 - 24세","여자인구수[명]","명","15050","14605","13987","13309","12463","11588",
"북구","25 - 29세","남자인구수[명]","명","16539","16445","16070","15305","14770","14345",
"북구","25 - 29세","여자인구수[명]","명","13400","13462","13390","12784","12378","12130",
"북구","30 - 34세","남자인구수[명]","명","13406","13679","13885","13790","13824","14125",
"북구","30 - 34세","여자인구수[명]","명","11545","11722","11685","11605","11502","11896",
"북구","35 - 39세","남자인구수[명]","명","14839","14084","13128","12365","12138","12064",
"북구","35 - 39세","여자인구수[명]","명","14220","13102","11812","10620","10372","10264",
"북구","40 - 44세","남자인구수[명]","명","16163","16124","15773","15180","14234","13451",
"북구","40 - 44세","여자인구수[명]","명","16393","16318","15832","15445","14209","13128",
"북구","45 - 49세","남자인구수[명]","명","19493","18428","17306","15988","15275","15023",
"북구","45 - 49세","여자인구수[명]","명","20608","19421","18387","16643","15832","15448",
"북구","50 - 54세","남자인구수[명]","명","20395","20663","20611","19761","19311","18423",
"북구","50 - 54세","여자인구수[명]","명","20625","21243","21065","20643","20260","19578",
"북구","55 - 59세","남자인구수[명]","명","18354","18033","17766","18425","18721","19066",
"북구","55 - 59세","여자인구수[명]","명","18828","18276","18325","18702","19162","19479",
"북구","60 - 64세","남자인구수[명]","명","15815","16881","17282","17189","17036","16874",
"북구","60 - 64세","여자인구수[명]","명","16054","17105","17782","18067","17887","17899",
"북구","65 - 69세","남자인구수[명]","명","10394","11085","11831","12545","13561","14451",
"북구","65 - 69세","여자인구수[명]","명","11660","12463","12914","13431","14571","15292",
"북구","70 - 74세","남자인구수[명]","명","7139","7604","7958","8120","8512","9189",
"북구","70 - 74세","여자인구수[명]","명","8828","9339","9786","9843","10117","11081",
"북구","75 - 79세","남자인구수[명]","명","5021","4983","4925","5273","5668","6112",
"북구","75 - 79세","여자인구수[명]","명","7328","7056","7093","7482","7775","8283",
"북구","80 - 84세","남자인구수[명]","명","3088","3304","3747","3836","3903","3871",
"북구","80 - 84세","여자인구수[명]","명","5186","5586","6082","6388","6565","6409",
"북구","85 - 89세","남자인구수[명]","명","1168","1306","1394","1584","1761","1865",
"북구","85 - 89세","여자인구수[명]","명","2745","2961","3094","3287","3589","3877",
"북구","90 - 94세","남자인구수[명]","명","249","273","307","352","423","503",
"북구","90 - 94세","여자인구수[명]","명","922","1010","1068","1199","1333","1465",
"북구","95 - 99세","남자인구수[명]","명","43","43","35","51","52","51",
"북구","95 - 99세","여자인구수[명]","명","189","192","212","241","292","320",
"북구","100+","남자인구수[명]","명","21","1","2","5","6","7",
"북구","100+","여자인구수[명]","명","73","30","39","38","34","41",
"수성구","0 - 4세","남자인구수[명]","명","5339","4896","4581","4282","4187","4293",
"수성구","0 - 4세","여자인구수[명]","명","5021","4601","4258","3987","4006","4151",
"수성구","5 - 9세","남자인구수[명]","명","9981","9772","9280","9021","8873","8306",
"수성구","5 - 9세","여자인구수[명]","명","9443","9137","8831","8393","8191","7685",
"수성구","10 - 14세","남자인구수[명]","명","12730","12499","12335","12036","12242","12387",
"수성구","10 - 14세","여자인구수[명]","명","11614","11600","11394","11262","11549","11595",
"수성구","15 - 19세","남자인구수[명]","명","14507","13442","13082","12611","12304","12244",
"수성구","15 - 19세","여자인구수[명]","명","12644","11774","11634","11280","11061","11153",
"수성구","20 - 24세","남자인구수[명]","명","16107","15174","14019","13254","12434","11292",
"수성구","20 - 24세","여자인구수[명]","명","13900","13002","11852","11173","10472","9585",
"수성구","25 - 29세","남자인구수[명]","명","13589","13201","12605","11957","11601","11475",
"수성구","25 - 29세","여자인구수[명]","명","11807","11538","11264","10845","10623","10502",
"수성구","30 - 34세","남자인구수[명]","명","9654","10071","10558","10651","10906","11121",
"수성구","30 - 34세","여자인구수[명]","명","8982","9284","9507","9913","10192","10409",
"수성구","35 - 39세","남자인구수[명]","명","11165","10448","9905","9669","10085","10318",
"수성구","35 - 39세","여자인구수[명]","명","13025","11869","10830","10184","10387","10638",
"수성구","40 - 44세","남자인구수[명]","명","14577","14403","14363","14240","13861","13491",
"수성구","40 - 44세","여자인구수[명]","명","17582","17354","17230","17240","16562","15744",
"수성구","45 - 49세","남자인구수[명]","명","18624","17506","16532","15744","15818","15895",
"수성구","45 - 49세","여자인구수[명]","명","22083","20711","19608","18171","18149","18050",
"수성구","50 - 54세","남자인구수[명]","명","19593","19661","19363","18797","18242","17503",
"수성구","50 - 54세","여자인구수[명]","명","20941","21508","21467","21309","20774","20158",
"수성구","55 - 59세","남자인구수[명]","명","16790","16382","16405","16839","17176","17430",
"수성구","55 - 59세","여자인구수[명]","명","17827","17192","17359","17958","18625","19076",
"수성구","60 - 64세","남자인구수[명]","명","14491","14760","14956","15056","15109","14971",
"수성구","60 - 64세","여자인구수[명]","명","15734","16127","16257","16452","16494","16529",
"수성구","65 - 69세","남자인구수[명]","명","10108","10887","11302","11793","12505","13058",
"수성구","65 - 69세","여자인구수[명]","명","11799","12509","13004","13353","14474","14955",
"수성구","70 - 74세","남자인구수[명]","명","7218","7457","7780","8055","8451","9163",
"수성구","70 - 74세","여자인구수[명]","명","8996","9434","9872","10166","10455","11328",
"수성구","75 - 79세","남자인구수[명]","명","5296","5227","5312","5558","5920","6356",
"수성구","75 - 79세","여자인구수[명]","명","7263","6980","7111","7446","7895","8525",
"수성구","80 - 84세","남자인구수[명]","명","3471","3669","3978","4142","4230","4204",
"수성구","80 - 84세","여자인구수[명]","명","5597","5770","6138","6398","6484","6315",
"수성구","85 - 89세","남자인구수[명]","명","1596","1744","1847","1954","2158","2237",
"수성구","85 - 89세","여자인구수[명]","명","3279","3453","3552","3740","3972","4119",
"수성구","90 - 94세","남자인구수[명]","명","357","411","460","551","631","717",
"수성구","90 - 94세","여자인구수[명]","명","1158","1264","1339","1430","1542","1732",
"수성구","95 - 99세","남자인구수[명]","명","74","72","63","63","77","95",
"수성구","95 - 99세","여자인구수[명]","명","252","251","270","310","348","368",
"수성구","100+","남자인구수[명]","명","26","7","5","4","5","7",
"수성구","100+","여자인구수[명]","명","74","50","45","44","37","42",
"달서구","0 - 4세","남자인구수[명]","명","8335","7119","6458","5908","5623","5627",
"달서구","0 - 4세","여자인구수[명]","명","7781","6715","6231","5638","5297","5249",
"달서구","5 - 9세","남자인구수[명]","명","12282","11783","11167","10434","9546","8522",
"달서구","5 - 9세","여자인구수[명]","명","11875","11262","10484","9807","9080","8038",
"달서구","10 - 14세","남자인구수[명]","명","13269","13118","12882","12534","12308","11979",
"달서구","10 - 14세","여자인구수[명]","명","12376","12343","12165","12009","11962","11743",
"달서구","15 - 19세","남자인구수[명]","명","15392","14188","13846","13343","12848","12864",
"달서구","15 - 19세","여자인구수[명]","명","14203","13077","13055","12542","12184","12204",
"달서구","20 - 24세","남자인구수[명]","명","21266","19813","18374","16821","15582","14045",
"달서구","20 - 24세","여자인구수[명]","명","19057","17745","16483","15399","14235","13054",
"달서구","25 - 29세","남자인구수[명]","명","20960","20043","18996","18191","17335","16736",
"달서구","25 - 29세","여자인구수[명]","명","17990","17495","16950","16233","15492","14987",
"달서구","30 - 34세","남자인구수[명]","명","16778","16737","17244","17295","17620","17776",
"달서구","30 - 34세","여자인구수[명]","명","14126","13941","14377","14530","14683","15125",
"달서구","35 - 39세","남자인구수[명]","명","17861","16427","15495","14821","14896","15212",
"달서구","35 - 39세","여자인구수[명]","명","17814","15801","14539","13470","13273","13015",
"달서구","40 - 44세","남자인구수[명]","명","19794","19329","19260","18817","17799","16832",
"달서구","40 - 44세","여자인구수[명]","명","20664","20345","20065","19749","18303","16999",
"달서구","45 - 49세","남자인구수[명]","명","23521","22067","20855","19695","19034","18842",
"달서구","45 - 49세","여자인구수[명]","명","25462","23514","22269","20541","20195","19805",
"달서구","50 - 54세","남자인구수[명]","명","25514","25223","24768","23881","22996","21928",
"달서구","50 - 54세","여자인구수[명]","명","27468","27740","26916","26086","24891","23849",
"달서구","55 - 59세","남자인구수[명]","명","24645","23702","23101","23332","23510","23458",
"달서구","55 - 59세","여자인구수[명]","명","26037","24823","24778","25380","25763","25596",
"달서구","60 - 64세","남자인구수[명]","명","21305","22212","22701","22845","22652","22199",
"달서구","60 - 64세","여자인구수[명]","명","22210","23592","24352","24718","24465","24308",
"달서구","65 - 69세","남자인구수[명]","명","14054","15134","15877","16758","18087","19042",
"달서구","65 - 69세","여자인구수[명]","명","15764","16769","17273","17978","19892","20940",
"달서구","70 - 74세","남자인구수[명]","명","9304","9768","10384","10701","11399","12501",
"달서구","70 - 74세","여자인구수[명]","명","10754","11442","12342","12912","13466","14940",
"달서구","75 - 79세","남자인구수[명]","명","5968","6001","6142","6707","7305","7986",
"달서구","75 - 79세","여자인구수[명]","명","8279","7996","8084","8558","9224","10047",
"달서구","80 - 84세","남자인구수[명]","명","3569","3832","4286","4494","4607","4612",
"달서구","80 - 84세","여자인구수[명]","명","6346","6616","7174","7417","7360","7219",
"달서구","85 - 89세","남자인구수[명]","명","1420","1570","1674","1864","2084","2248",
"달서구","85 - 89세","여자인구수[명]","명","3371","3677","3855","4108","4550","4685",
"달서구","90 - 94세","남자인구수[명]","명","307","366","387","433","508","593",
"달서구","90 - 94세","여자인구수[명]","명","1106","1270","1383","1453","1545","1771",
"달서구","95 - 99세","남자인구수[명]","명","63","60","59","52","67","73",
"달서구","95 - 99세","여자인구수[명]","명","250","229","221","284","315","362",
"달서구","100+","남자인구수[명]","명","19","6","5","7","7","13",
"달서구","100+","여자인구수[명]","명","72","36","32","36","33","35",
"달성군","0 - 4세","남자인구수[명]","명","7054","6516","5907","5254","4484","4081",
"달성군","0 - 4세","여자인구수[명]","명","6795","6216","5656","5025","4424","4002",
"달성군","5 - 9세","남자인구수[명]","명","7942","8014","7755","7473","6978","6354",
"달성군","5 - 9세","여자인구수[명]","명","7627","7763","7563","7303","6741","6161",
"달성군","10 - 14세","남자인구수[명]","명","6508","6890","7264","7386","7624","7606",
"달성군","10 - 14세","여자인구수[명]","명","6181","6578","6814","6977","7184","7257",
"달성군","15 - 19세","남자인구수[명]","명","5998","5850","6013","6044","6127","6365",
"달성군","15 - 19세","여자인구수[명]","명","5236","5159","5437","5627","5665","5946",
"달성군","20 - 24세","남자인구수[명]","명","7530","7242","6750","6445","5867","5413",
"달성군","20 - 24세","여자인구수[명]","명","6157","5875","5379","5070","4708","4319",
"달성군","25 - 29세","남자인구수[명]","명","8390","8424","8139","7910","7454","7031",
"달성군","25 - 29세","여자인구수[명]","명","6967","6841","6630","6223","5801","5461",
"달성군","30 - 34세","남자인구수[명]","명","9504","9555","9575","9440","8905","8540",
"달성군","30 - 34세","여자인구수[명]","명","8555","8553","8523","8311","7674","7321",
"달성군","35 - 39세","남자인구수[명]","명","12273","11632","10869","10210","9738","9319",
"달성군","35 - 39세","여자인구수[명]","명","11366","10766","9909","9089","8581","8077",
"달성군","40 - 44세","남자인구수[명]","명","11785","12394","12660","12743","11980","11251",
"달성군","40 - 44세","여자인구수[명]","명","10782","11460","11887","12155","11320","10667",
"달성군","45 - 49세","남자인구수[명]","명","10897","10939","10985","10856","10983","11335",
"달성군","45 - 49세","여자인구수[명]","명","10007","9924","10024","9845","10148","10507",
"달성군","50 - 54세","남자인구수[명]","명","10217","10480","10814","10844","10902","10759",
"달성군","50 - 54세","여자인구수[명]","명","10339","10635","10638","10500","10222","10034",
"달성군","55 - 59세","남자인구수[명]","명","10112","9938","9747","10121","10102","10194",
"달성군","55 - 59세","여자인구수[명]","명","10183","9982","10056","10449","10621","10486",
"달성군","60 - 64세","남자인구수[명]","명","8984","9617","9996","10204","10137","10015",
"달성군","60 - 64세","여자인구수[명]","명","8861","9678","10165","10363","10228","10254",
"달성군","65 - 69세","남자인구수[명]","명","5866","6495","6982","7503","8135","8627",
"달성군","65 - 69세","여자인구수[명]","명","6134","6780","7196","7686","8464","8885",
"달성군","70 - 74세","남자인구수[명]","명","3993","4295","4693","4840","5055","5507",
"달성군","70 - 74세","여자인구수[명]","명","4221","4607","5072","5283","5458","6104",
"달성군","75 - 79세","남자인구수[명]","명","2426","2489","2620","2932","3259","3583",
"달성군","75 - 79세","여자인구수[명]","명","3348","3243","3245","3438","3796","4149",
"달성군","80 - 84세","남자인구수[명]","명","1426","1540","1700","1773","1818","1890",
"달성군","80 - 84세","여자인구수[명]","명","2727","2885","3057","3085","3062","2972",
"달성군","85 - 89세","남자인구수[명]","명","619","661","722","767","833","854",
"달성군","85 - 89세","여자인구수[명]","명","1503","1650","1746","1838","1911","2026",
"달성군","90 - 94세","남자인구수[명]","명","145","151","176","192","199","235",
"달성군","90 - 94세","여자인구수[명]","명","522","573","613","695","786","828",
"달성군","95 - 99세","남자인구수[명]","명","30","24","27","20","29","31",
"달성군","95 - 99세","여자인구수[명]","명","99","120","143","142","154","187",
"달성군","100+","남자인구수[명]","명","9","3","5","5","4","4",
"달성군","100+","여자인구수[명]","명","21","14","10","18","19","22",
"군위군","0 - 4세","남자인구수[명]","명","","","","153","132","118",
"군위군","0 - 4세","여자인구수[명]","명","","","","124","100","95",
"군위군","5 - 9세","남자인구수[명]","명","","","","143","133","135",
"군위군","5 - 9세","여자인구수[명]","명","","","","128","113","97",
"군위군","10 - 14세","남자인구수[명]","명","","","","230","222","197",
"군위군","10 - 14세","여자인구수[명]","명","","","","175","179","164",
"군위군","15 - 19세","남자인구수[명]","명","","","","247","252","250",
"군위군","15 - 19세","여자인구수[명]","명","","","","220","199","206",
"군위군","20 - 24세","남자인구수[명]","명","","","","321","252","234",
"군위군","20 - 24세","여자인구수[명]","명","","","","194","160","154",
"군위군","25 - 29세","남자인구수[명]","명","","","","394","321","307",
"군위군","25 - 29세","여자인구수[명]","명","","","","248","216","209",
"군위군","30 - 34세","남자인구수[명]","명","","","","348","355","364",
"군위군","30 - 34세","여자인구수[명]","명","","","","225","224","228",
"군위군","35 - 39세","남자인구수[명]","명","","","","359","329","308",
"군위군","35 - 39세","여자인구수[명]","명","","","","264","257","232",
"군위군","40 - 44세","남자인구수[명]","명","","","","451","386","388",
"군위군","40 - 44세","여자인구수[명]","명","","","","356","321","317",
"군위군","45 - 49세","남자인구수[명]","명","","","","593","567","545",
"군위군","45 - 49세","여자인구수[명]","명","","","","407","394","387",
"군위군","50 - 54세","남자인구수[명]","명","","","","898","804","785",
"군위군","50 - 54세","여자인구수[명]","명","","","","672","598","587",
"군위군","55 - 59세","남자인구수[명]","명","","","","1388","1330","1228",
"군위군","55 - 59세","여자인구수[명]","명","","","","1032","987","914",
"군위군","60 - 64세","남자인구수[명]","명","","","","1670","1645","1665",
"군위군","60 - 64세","여자인구수[명]","명","","","","1437","1358","1346",
"군위군","65 - 69세","남자인구수[명]","명","","","","1620","1715","1797",
"군위군","65 - 69세","여자인구수[명]","명","","","","1326","1438","1459",
"군위군","70 - 74세","남자인구수[명]","명","","","","1174","1184","1321",
"군위군","70 - 74세","여자인구수[명]","명","","","","1124","1170","1249",
"군위군","75 - 79세","남자인구수[명]","명","","","","796","883","939",
"군위군","75 - 79세","여자인구수[명]","명","","","","955","931","980",
"군위군","80 - 84세","남자인구수[명]","명","","","","671","646","623",
"군위군","80 - 84세","여자인구수[명]","명","","","","1116","1039","969",
"군위군","85 - 89세","남자인구수[명]","명","","","","341","354","355",
"군위군","85 - 89세","여자인구수[명]","명","","","","779","800","763",
"군위군","90 - 94세","남자인구수[명]","명","","","","79","88","104",
"군위군","90 - 94세","여자인구수[명]","명","","","","266","315","349",
"군위군","95 - 99세","남자인구수[명]","명","","","","10","15","21",
"군위군","95 - 99세","여자인구수[명]","명","","","","47","48","59",
"군위군","100+","남자인구수[명]","명","","","","0","0","0",
"군위군","100+","여자인구수[명]","명","","","","7","3","4",
"인천광역시","0 - 4세","남자인구수[명]","명","49511","45744","43894","42464","41650","42513",
"인천광역시","0 - 4세","여자인구수[명]","명","46809","43010","41655","40289","39741","40464",
"인천광역시","5 - 9세","남자인구수[명]","명","67845","65810","63161","61269","58365","54583",
"인천광역시","5 - 9세","여자인구수[명]","명","64469","62820","60232","58307","55440","51713",
"인천광역시","10 - 14세","남자인구수[명]","명","69040","70252","70455","70591","70815","70741",
"인천광역시","10 - 14세","여자인구수[명]","명","65463","66764","66872","66912","67285","67362",
"인천광역시","15 - 19세","남자인구수[명]","명","71985","69138","69560","69023","68904","70599",
"인천광역시","15 - 19세","여자인구수[명]","명","67674","64977","65853","65553","65572","67266",
"인천광역시","20 - 24세","남자인구수[명]","명","96306","92148","86956","82932","78785","73409",
"인천광역시","20 - 24세","여자인구수[명]","명","89599","85804","80484","77325","74229","69354",
"인천광역시","25 - 29세","남자인구수[명]","명","113057","111686","109212","105983","102739","101039",
"인천광역시","25 - 29세","여자인구수[명]","명","102584","101413","99874","97863","95643","94364",
"인천광역시","30 - 34세","남자인구수[명]","명","96727","100855","107436","112672","116651","119506",
"인천광역시","30 - 34세","여자인구수[명]","명","89166","92694","97934","102523","105474","108171",
"인천광역시","35 - 39세","남자인구수[명]","명","113298","107424","103098","102610","103781","105932",
"인천광역시","35 - 39세","여자인구수[명]","명","106955","101118","96794","95280","96194","97918",
"인천광역시","40 - 44세","남자인구수[명]","명","118551","122456","125723","128776","125168","121570",
"인천광역시","40 - 44세","여자인구수[명]","명","112259","115588","118182","121058","117694","113537",
"인천광역시","45 - 49세","남자인구수[명]","명","128851","124066","121354","118474","119462","122983",
"인천광역시","45 - 49세","여자인구수[명]","명","124316","118956","116589","112472","113269","116092",
"인천광역시","50 - 54세","남자인구수[명]","명","127694","130378","132677","132902","132391","130270",
"인천광역시","50 - 54세","여자인구수[명]","명","129176","132119","132178","131741","129614","127036",
"인천광역시","55 - 59세","남자인구수[명]","명","128343","124752","121809","123984","125131","127143",
"인천광역시","55 - 59세","여자인구수[명]","명","126954","123720","122987","127406","129447","130941",
"인천광역시","60 - 64세","남자인구수[명]","명","112398","119674","124080","125654","126336","125135",
"인천광역시","60 - 64세","여자인구수[명]","명","112315","119578","124415","126290","127861","127308",
"인천광역시","65 - 69세","남자인구수[명]","명","69863","77983","83736","92430","100508","108115",
"인천광역시","65 - 69세","여자인구수[명]","명","73303","81893","88232","97037","105189","112802",
"인천광역시","70 - 74세","남자인구수[명]","명","48537","48656","52055","54153","58400","65646",
"인천광역시","70 - 74세","여자인구수[명]","명","53988","53921","56825","59491","64284","72902",
"인천광역시","75 - 79세","남자인구수[명]","명","32331","33555","35071","37683","40479","43228",
"인천광역시","75 - 79세","여자인구수[명]","명","42647","43112","44148","46498","49357","52251",
"인천광역시","80 - 84세","남자인구수[명]","명","18849","20295","22571","23822","24640","25618",
"인천광역시","80 - 84세","여자인구수[명]","명","32024","33658","36635","37594","38060","38538",
"인천광역시","85 - 89세","남자인구수[명]","명","7833","8668","9364","10302","11355","12054",
"인천광역시","85 - 89세","여자인구수[명]","명","18798","20232","21086","22679","24297","25202",
"인천광역시","90 - 94세","남자인구수[명]","명","2164","2290","2398","2716","3029","3475",
"인천광역시","90 - 94세","여자인구수[명]","명","7690","8279","8721","9348","10083","11138",
"인천광역시","95 - 99세","남자인구수[명]","명","501","459","489","476","559","636",
"인천광역시","95 - 99세","여자인구수[명]","명","1986","2013","2096","2337","2623","2858",
"인천광역시","100+","남자인구수[명]","명","259","84","76","100","95","91",
"인천광역시","100+","여자인구수[명]","명","710","333","347","391","411","458",
"중구","0 - 4세","남자인구수[명]","명","2690","2581","2759","2638","2787","3040",
"중구","0 - 4세","여자인구수[명]","명","2443","2319","2424","2402","2632","2845",
"중구","5 - 9세","남자인구수[명]","명","3438","3455","3518","3577","3653","3593",
"중구","5 - 9세","여자인구수[명]","명","3324","3306","3377","3364","3397","3321",
"중구","10 - 14세","남자인구수[명]","명","3401","3545","3692","3889","4102","4228",
"중구","10 - 14세","여자인구수[명]","명","3251","3447","3645","3798","3982","4049",
"중구","15 - 19세","남자인구수[명]","명","3161","3205","3471","3556","3550","3908",
"중구","15 - 19세","여자인구수[명]","명","2836","2950","3205","3348","3466","3772",
"중구","20 - 24세","남자인구수[명]","명","3606","3682","3828","4011","4028","3821",
"중구","20 - 24세","여자인구수[명]","명","3929","3603","3720","4181","4324","4179",
"중구","25 - 29세","남자인구수[명]","명","6098","6068","6172","6375","6612","7190",
"중구","25 - 29세","여자인구수[명]","명","5500","5587","5711","5928","6230","6628",
"중구","30 - 34세","남자인구수[명]","명","5508","6045","6855","7310","7895","8430",
"중구","30 - 34세","여자인구수[명]","명","4417","4797","5596","5921","6523","7158",
"중구","35 - 39세","남자인구수[명]","명","6064","5922","6084","6125","6846","7462",
"중구","35 - 39세","여자인구수[명]","명","5320","5227","5354","5404","5848","6193",
"중구","40 - 44세","남자인구수[명]","명","6537","6807","7375","7657","7783","7919",
"중구","40 - 44세","여자인구수[명]","명","5680","5960","6566","6819","6861","6877",
"중구","45 - 49세","남자인구수[명]","명","6907","6945","7212","7233","7502","7910",
"중구","45 - 49세","여자인구수[명]","명","5472","5522","5871","5938","6346","6803",
"중구","50 - 54세","남자인구수[명]","명","6028","6486","7061","7376","7646","7943",
"중구","50 - 54세","여자인구수[명]","명","4785","5118","5634","5920","6209","6452",
"중구","55 - 59세","남자인구수[명]","명","5233","5271","5537","5944","6310","6835",
"중구","55 - 59세","여자인구수[명]","명","4400","4355","4677","4954","5260","5809",
"중구","60 - 64세","남자인구수[명]","명","4668","4978","5303","5424","5620","5867",
"중구","60 - 64세","여자인구수[명]","명","4502","4717","4918","4954","5080","5336",
"중구","65 - 69세","남자인구수[명]","명","3287","3735","4028","4340","4641","5097",
"중구","65 - 69세","여자인구수[명]","명","3469","3886","4219","4618","4810","5098",
"중구","70 - 74세","남자인구수[명]","명","2533","2456","2636","2796","3070","3451",
"중구","70 - 74세","여자인구수[명]","명","2841","2845","2956","3021","3281","3761",
"중구","75 - 79세","남자인구수[명]","명","1800","1859","1998","2104","2209","2385",
"중구","75 - 79세","여자인구수[명]","명","2146","2211","2304","2449","2714","2831",
"중구","80 - 84세","남자인구수[명]","명","975","1049","1214","1287","1378","1453",
"중구","80 - 84세","여자인구수[명]","명","1483","1612","1802","1895","1896","2010",
"중구","85 - 89세","남자인구수[명]","명","373","428","459","518","574","636",
"중구","85 - 89세","여자인구수[명]","명","931","958","1008","1076","1188","1246",
"중구","90 - 94세","남자인구수[명]","명","112","122","121","140","153","159",
"중구","90 - 94세","여자인구수[명]","명","359","412","449","488","513","561",
"중구","95 - 99세","남자인구수[명]","명","40","32","29","28","30","30",
"중구","95 - 99세","여자인구수[명]","명","101","106","118","123","130","151",
"중구","100+","남자인구수[명]","명","26","8","7","6","8","9",
"중구","100+","여자인구수[명]","명","55","16","18","23","26","21",
"동구","0 - 4세","남자인구수[명]","명","756","665","618","573","525","511",
"동구","0 - 4세","여자인구수[명]","명","716","664","626","564","518","498",
"동구","5 - 9세","남자인구수[명]","명","1208","1150","999","943","811","665",
"동구","5 - 9세","여자인구수[명]","명","1062","994","843","785","726","634",
"동구","10 - 14세","남자인구수[명]","명","1282","1254","1199","1125","1119","1050",
"동구","10 - 14세","여자인구수[명]","명","1183","1178","1114","1024","941","870",
"동구","15 - 19세","남자인구수[명]","명","1326","1284","1255","1281","1209","1183",
"동구","15 - 19세","여자인구수[명]","명","1238","1189","1174","1188","1121","1073",
"동구","20 - 24세","남자인구수[명]","명","1786","1679","1520","1450","1329","1206",
"동구","20 - 24세","여자인구수[명]","명","1540","1463","1339","1300","1250","1123",
"동구","25 - 29세","남자인구수[명]","명","1830","1780","1703","1753","1698","1563",
"동구","25 - 29세","여자인구수[명]","명","1484","1459","1398","1546","1484","1364",
"동구","30 - 34세","남자인구수[명]","명","1565","1700","1729","1815","1806","1749",
"동구","30 - 34세","여자인구수[명]","명","1325","1417","1426","1570","1537","1522",
"동구","35 - 39세","남자인구수[명]","명","2090","1919","1767","1717","1624","1565",
"동구","35 - 39세","여자인구수[명]","명","1883","1714","1548","1452","1366","1311",
"동구","40 - 44세","남자인구수[명]","명","2584","2548","2443","2364","2192","1911",
"동구","40 - 44세","여자인구수[명]","명","2141","2188","2124","2127","1932","1688",
"동구","45 - 49세","남자인구수[명]","명","2810","2666","2452","2417","2399","2341",
"동구","45 - 49세","여자인구수[명]","명","2458","2296","2140","2074","2004","1985",
"동구","50 - 54세","남자인구수[명]","명","2703","2720","2664","2713","2689","2591",
"동구","50 - 54세","여자인구수[명]","명","2281","2354","2293","2422","2359","2299",
"동구","55 - 59세","남자인구수[명]","명","2712","2588","2386","2487","2468","2465",
"동구","55 - 59세","여자인구수[명]","명","2475","2291","2168","2264","2308","2236",
"동구","60 - 64세","남자인구수[명]","명","2756","2774","2670","2625","2541","2410",
"동구","60 - 64세","여자인구수[명]","명","2895","2882","2698","2663","2536","2371",
"동구","65 - 69세","남자인구수[명]","명","2067","2256","2268","2368","2451","2464",
"동구","65 - 69세","여자인구수[명]","명","2310","2485","2455","2565","2676","2716",
"동구","70 - 74세","남자인구수[명]","명","1673","1583","1548","1545","1635","1747",
"동구","70 - 74세","여자인구수[명]","명","2062","1973","1989","1996","2023","2157",
"동구","75 - 79세","남자인구수[명]","명","1291","1286","1254","1318","1365","1383",
"동구","75 - 79세","여자인구수[명]","명","1684","1645","1613","1673","1726","1817",
"동구","80 - 84세","남자인구수[명]","명","726","778","855","909","888","937",
"동구","80 - 84세","여자인구수[명]","명","1160","1234","1296","1317","1347","1348",
"동구","85 - 89세","남자인구수[명]","명","277","257","271","305","371","401",
"동구","85 - 89세","여자인구수[명]","명","683","711","692","746","794","773",
"동구","90 - 94세","남자인구수[명]","명","85","89","72","80","84","84",
"동구","90 - 94세","여자인구수[명]","명","265","275","292","314","334","364",
"동구","95 - 99세","남자인구수[명]","명","25","19","16","13","8","7",
"동구","95 - 99세","여자인구수[명]","명","72","67","72","80","83","81",
"동구","100+","남자인구수[명]","명","23","3","2","4","6","3",
"동구","100+","여자인구수[명]","명","50","9","8","7","13","11",
"미추홀구","0 - 4세","남자인구수[명]","명","6003","5718","5299","5001","5281","5523",
"미추홀구","0 - 4세","여자인구수[명]","명","5818","5407","5103","4890","5070","5211",
"미추홀구","5 - 9세","남자인구수[명]","명","7909","7613","7299","6945","6748","6363",
"미추홀구","5 - 9세","여자인구수[명]","명","7463","7366","6986","6633","6389","6070",
"미추홀구","10 - 14세","남자인구수[명]","명","7744","8017","8030","8016","8027","8063",
"미추홀구","10 - 14세","여자인구수[명]","명","7257","7479","7570","7501","7637","7683",
"미추홀구","15 - 19세","남자인구수[명]","명","8540","8274","8206","8108","8284","8526",
"미추홀구","15 - 19세","여자인구수[명]","명","8117","7750","7718","7601","7819","8043",
"미추홀구","20 - 24세","남자인구수[명]","명","13636","13092","12394","11852","11736","11008",
"미추홀구","20 - 24세","여자인구수[명]","명","12591","12291","11448","10901","10606","10149",
"미추홀구","25 - 29세","남자인구수[명]","명","16626","16837","16252","15449","14918","14866",
"미추홀구","25 - 29세","여자인구수[명]","명","14478","14685","14357","13672","13217","13078",
"미추홀구","30 - 34세","남자인구수[명]","명","14078","14896","15425","15894","16414","16679",
"미추홀구","30 - 34세","여자인구수[명]","명","11862","12614","13176","13586","14193","14552",
"미추홀구","35 - 39세","남자인구수[명]","명","15847","15193","14257","13901","14298","14717",
"미추홀구","35 - 39세","여자인구수[명]","명","13910","13131","12335","11939","12339","12702",
"미추홀구","40 - 44세","남자인구수[명]","명","16071","16884","17318","17573","17270","16683",
"미추홀구","40 - 44세","여자인구수[명]","명","14062","14694","14980","15098","14836","14375",
"미추홀구","45 - 49세","남자인구수[명]","명","17522","16804","16143","15617","16038","16715",
"미추홀구","45 - 49세","여자인구수[명]","명","15752","15143","14697","14141","14445","14822",
"미추홀구","50 - 54세","남자인구수[명]","명","16979","17590","18053","18140","18160","18000",
"미추홀구","50 - 54세","여자인구수[명]","명","16398","16971","16955","17003","16897","16718",
"미추홀구","55 - 59세","남자인구수[명]","명","16739","16432","15959","16205","16708","17189",
"미추홀구","55 - 59세","여자인구수[명]","명","17071","16384","15941","16292","16526","16823",
"미추홀구","60 - 64세","남자인구수[명]","명","15865","16362","16604","16610","16585","16284",
"미추홀구","60 - 64세","여자인구수[명]","명","16931","17517","17734","17547","17362","17075",
"미추홀구","65 - 69세","남자인구수[명]","명","10793","11832","12449","13420","14350","15082",
"미추홀구","65 - 69세","여자인구수[명]","명","12040","13303","13910","15017","15892","16596",
"미추홀구","70 - 74세","남자인구수[명]","명","8278","8186","8349","8490","8863","9812",
"미추홀구","70 - 74세","여자인구수[명]","명","9519","9381","9784","10015","10620","11769",
"미추홀구","75 - 79세","남자인구수[명]","명","5873","5975","6194","6458","6868","7182",
"미추홀구","75 - 79세","여자인구수[명]","명","7587","7625","7766","8157","8672","9074",
"미추홀구","80 - 84세","남자인구수[명]","명","3351","3669","4047","4224","4312","4471",
"미추홀구","80 - 84세","여자인구수[명]","명","5256","5660","6217","6383","6512","6676",
"미추홀구","85 - 89세","남자인구수[명]","명","1274","1437","1590","1813","1986","2083",
"미추홀구","85 - 89세","여자인구수[명]","명","2945","3149","3309","3550","3808","4050",
"미추홀구","90 - 94세","남자인구수[명]","명","377","380","392","437","490","569",
"미추홀구","90 - 94세","여자인구수[명]","명","1202","1262","1288","1419","1531","1675",
"미추홀구","95 - 99세","남자인구수[명]","명","86","78","83","81","103","123",
"미추홀구","95 - 99세","여자인구수[명]","명","316","322","328","347","396","429",
"미추홀구","100+","남자인구수[명]","명","47","14","11","13","10","8",
"미추홀구","100+","여자인구수[명]","명","130","47","48","56","58","62",
"연수구","0 - 4세","남자인구수[명]","명","8253","7730","7071","6752","6603","6932",
"연수구","0 - 4세","여자인구수[명]","명","7979","7333","6680","6356","6405","6626",
"연수구","5 - 9세","남자인구수[명]","명","11301","11195","10567","10424","10178","9695",
"연수구","5 - 9세","여자인구수[명]","명","10882","10829","10257","10119","9856","9417",
"연수구","10 - 14세","남자인구수[명]","명","11223","11691","11635","11927","12340","12565",
"연수구","10 - 14세","여자인구수[명]","명","10622","11106","11103","11355","11777","12114",
"연수구","15 - 19세","남자인구수[명]","명","10720","10393","10678","10945","11175","11724",
"연수구","15 - 19세","여자인구수[명]","명","10147","9931","10256","10564","10682","11139",
"연수구","20 - 24세","남자인구수[명]","명","13098","12757","12109","11724","11345","10701",
"연수구","20 - 24세","여자인구수[명]","명","12150","11790","11161","10917","10783","10167",
"연수구","25 - 29세","남자인구수[명]","명","14026","13584","12990","12842","12625","12709",
"연수구","25 - 29세","여자인구수[명]","명","13088","12494","11722","11677","11736","11810",
"연수구","30 - 34세","남자인구수[명]","명","12800","12762","12723","13327","13927","14371",
"연수구","30 - 34세","여자인구수[명]","명","12938","13134","12922","13107","13481","13920",
"연수구","35 - 39세","남자인구수[명]","명","15746","15025","13769","13679","13881","14033",
"연수구","35 - 39세","여자인구수[명]","명","16451","15573","14401","14192","14441","14722",
"연수구","40 - 44세","남자인구수[명]","명","16371","17027","17156","17684","17469","17533",
"연수구","40 - 44세","여자인구수[명]","명","16670","17622","17865","18557","18301","18380",
"연수구","45 - 49세","남자인구수[명]","명","17408","16840","16409","16410","16750","17437",
"연수구","45 - 49세","여자인구수[명]","명","18036","17536","17071","16714","17183","17700",
"연수구","50 - 54세","남자인구수[명]","명","16160","16984","17249","17298","17492","17570",
"연수구","50 - 54세","여자인구수[명]","명","16947","17597","17661","18057","18088","18132",
"연수구","55 - 59세","남자인구수[명]","명","15669","15167","14644","14942","15319","15827",
"연수구","55 - 59세","여자인구수[명]","명","15693","15476","15271","15747","16185","16648",
"연수구","60 - 64세","남자인구수[명]","명","12872","13926","14518","14838","14923","14919",
"연수구","60 - 64세","여자인구수[명]","명","12010","13121","13894","14531","15108","15380",
"연수구","65 - 69세","남자인구수[명]","명","7041","8091","8834","10008","11135","12159",
"연수구","65 - 69세","여자인구수[명]","명","6852","7938","8731","9692","10819","11992",
"연수구","70 - 74세","남자인구수[명]","명","4357","4342","4786","5059","5761","6700",
"연수구","70 - 74세","여자인구수[명]","명","4767","4814","4999","5296","5794","6791",
"연수구","75 - 79세","남자인구수[명]","명","2853","3014","3120","3320","3590","3852",
"연수구","75 - 79세","여자인구수[명]","명","3667","3686","3855","4093","4385","4663",
"연수구","80 - 84세","남자인구수[명]","명","1627","1805","1980","2147","2218","2343",
"연수구","80 - 84세","여자인구수[명]","명","3002","3138","3330","3413","3378","3356",
"연수구","85 - 89세","남자인구수[명]","명","729","792","845","942","1013","1070",
"연수구","85 - 89세","여자인구수[명]","명","1914","1959","2043","2175","2312","2402",
"연수구","90 - 94세","남자인구수[명]","명","244","242","257","270","299","350",
"연수구","90 - 94세","여자인구수[명]","명","797","870","900","960","1056","1147",
"연수구","95 - 99세","남자인구수[명]","명","55","41","54","53","67","79",
"연수구","95 - 99세","여자인구수[명]","명","221","240","235","251","280","298",
"연수구","100+","남자인구수[명]","명","17","9","11","8","6","4",
"연수구","100+","여자인구수[명]","명","47","40","34","44","47","60",
"남동구","0 - 4세","남자인구수[명]","명","8815","7677","6587","5532","4966","4688",
"남동구","0 - 4세","여자인구수[명]","명","8268","7136","6229","5262","4820","4527",
"남동구","5 - 9세","남자인구수[명]","명","12686","11936","10811","9712","8588","7429",
"남동구","5 - 9세","여자인구수[명]","명","12045","11281","10222","9063","8024","6972",
"남동구","10 - 14세","남자인구수[명]","명","12664","12705","12514","12092","11797","11289",
"남동구","10 - 14세","여자인구수[명]","명","12100","12104","11796","11336","11016","10527",
"남동구","15 - 19세","남자인구수[명]","명","12856","12218","12094","11639","11452","11594",
"남동구","15 - 19세","여자인구수[명]","명","12232","11627","11468","11093","10987","11027",
"남동구","20 - 24세","남자인구수[명]","명","16808","16021","14710","13575","12626","11698",
"남동구","20 - 24세","여자인구수[명]","명","16070","15353","14091","12929","12048","11101",
"남동구","25 - 29세","남자인구수[명]","명","19829","19505","18646","17504","16800","16060",
"남동구","25 - 29세","여자인구수[명]","명","18313","17844","17106","16098","15471","15135",
"남동구","30 - 34세","남자인구수[명]","명","16885","17224","17393","17275","17728","18037",
"남동구","30 - 34세","여자인구수[명]","명","15735","15823","15705","15215","15306","15309",
"남동구","35 - 39세","남자인구수[명]","명","20377","18421","16421","15018","14552","14284",
"남동구","35 - 39세","여자인구수[명]","명","19397","17616","15626","14040","13454","13099",
"남동구","40 - 44세","남자인구수[명]","명","22005","22115","21621","20688","19066","17548",
"남동구","40 - 44세","여자인구수[명]","명","21120","21276","20782","20014","18558","16769",
"남동구","45 - 49세","남자인구수[명]","명","23103","22169","21382","20252","19930","19668",
"남동구","45 - 49세","여자인구수[명]","명","22544","21239","20443","19204","19022","19027",
"남동구","50 - 54세","남자인구수[명]","명","22244","22541","22630","22161","21949","21325",
"남동구","50 - 54세","여자인구수[명]","명","23204","23533","23049","22322","21598","20800",
"남동구","55 - 59세","남자인구수[명]","명","22242","21404","20525","20655","20586","20614",
"남동구","55 - 59세","여자인구수[명]","명","22461","21659","21274","21677","21948","21799",
"남동구","60 - 64세","남자인구수[명]","명","19346","20559","20996","20870","20895","20498",
"남동구","60 - 64세","여자인구수[명]","명","20537","21653","22060","21711","21567","21193",
"남동구","65 - 69세","남자인구수[명]","명","12405","13653","14426","15653","16794","17877",
"남동구","65 - 69세","여자인구수[명]","명","13523","14941","15804","17210","18540","19680",
"남동구","70 - 74세","남자인구수[명]","명","8557","8568","9117","9438","10118","11233",
"남동구","70 - 74세","여자인구수[명]","명","9556","9609","10160","10695","11550","12989",
"남동구","75 - 79세","남자인구수[명]","명","5394","5697","5950","6495","6961","7384",
"남동구","75 - 79세","여자인구수[명]","명","7322","7520","7669","8140","8597","9087",
"남동구","80 - 84세","남자인구수[명]","명","3078","3309","3650","3834","4064","4240",
"남동구","80 - 84세","여자인구수[명]","명","5287","5569","6085","6315","6509","6583",
"남동구","85 - 89세","남자인구수[명]","명","1188","1338","1468","1640","1813","1956",
"남동구","85 - 89세","여자인구수[명]","명","2989","3257","3387","3655","3930","4170",
"남동구","90 - 94세","남자인구수[명]","명","351","337","367","414","434","522",
"남동구","90 - 94세","여자인구수[명]","명","1286","1378","1443","1466","1591","1764",
"남동구","95 - 99세","남자인구수[명]","명","57","62","75","67","86","98",
"남동구","95 - 99세","여자인구수[명]","명","334","323","332","380","404","456",
"남동구","100+","남자인구수[명]","명","33","9","11","16","15","15",
"남동구","100+","여자인구수[명]","명","108","63","56","60","65","76",
"부평구","0 - 4세","남자인구수[명]","명","7227","6443","6243","6314","6258","6285",
"부평구","0 - 4세","여자인구수[명]","명","6741","6017","5855","5922","5803","5796",
"부평구","5 - 9세","남자인구수[명]","명","9619","9072","8592","8345","7875","7265",
"부평구","5 - 9세","여자인구수[명]","명","9318","8872","8322","8100","7580","6862",
"부평구","10 - 14세","남자인구수[명]","명","10500","10395","10072","9786","9544","9330",
"부평구","10 - 14세","여자인구수[명]","명","9788","9679","9443","9274","9103","8943",
"부평구","15 - 19세","남자인구수[명]","명","11891","11126","11005","10666","10442","10290",
"부평구","15 - 19세","여자인구수[명]","명","11031","10254","10117","9806","9695","9618",
"부평구","20 - 24세","남자인구수[명]","명","16319","15117","14019","13335","12341","11225",
"부평구","20 - 24세","여자인구수[명]","명","15445","14546","13502","12842","11965","10760",
"부평구","25 - 29세","남자인구수[명]","명","19827","19303","19030","18209","17342","16397",
"부평구","25 - 29세","여자인구수[명]","명","18594","18269","18278","17797","16920","16415",
"부평구","30 - 34세","남자인구수[명]","명","16629","17172","18949","20264","20689","20972",
"부평구","30 - 34세","여자인구수[명]","명","15602","16000","17492","18821","19242","19368",
"부평구","35 - 39세","남자인구수[명]","명","18174","16958","16771","17119","17371","17644",
"부평구","35 - 39세","여자인구수[명]","명","17031","15901","15277","15500","15719","16043",
"부평구","40 - 44세","남자인구수[명]","명","18494","18585","18792","19485","19074","18213",
"부평구","40 - 44세","여자인구수[명]","명","17707","17668","17930","18338","17945","16920",
"부평구","45 - 49세","남자인구수[명]","명","20456","19230","18555","17777","17618","17960",
"부평구","45 - 49세","여자인구수[명]","명","20759","19359","18571","17734","17350","17488",
"부평구","50 - 54세","남자인구수[명]","명","21562","21238","21290","21196","20765","19709",
"부평구","50 - 54세","여자인구수[명]","명","23147","23013","22871","22236","21534","20590",
"부평구","55 - 59세","남자인구수[명]","명","22591","21616","20893","20926","20704","20598",
"부평구","55 - 59세","여자인구수[명]","명","22854","22090","21962","22910","22913","22752",
"부평구","60 - 64세","남자인구수[명]","명","19785","20840","21469","21693","21629","21078",
"부평구","60 - 64세","여자인구수[명]","명","20447","21509","22234","22483","22654","22305",
"부평구","65 - 69세","남자인구수[명]","명","12323","13421","14373","15792","17039","18229",
"부평구","65 - 69세","여자인구수[명]","명","13453","14629","15918","17535","18876","19942",
"부평구","70 - 74세","남자인구수[명]","명","8483","8500","9168","9441","10045","11134",
"부평구","70 - 74세","여자인구수[명]","명","9637","9624","10161","10654","11525","13057",
"부평구","75 - 79세","남자인구수[명]","명","5653","5837","6042","6466","6839","7321",
"부평구","75 - 79세","여자인구수[명]","명","7614","7579","7731","8125","8631","9126",
"부평구","80 - 84세","남자인구수[명]","명","3274","3454","3895","4159","4301","4381",
"부평구","80 - 84세","여자인구수[명]","명","5887","6108","6567","6663","6694","6665",
"부평구","85 - 89세","남자인구수[명]","명","1442","1571","1646","1746","1946","2099",
"부평구","85 - 89세","여자인구수[명]","명","3337","3528","3721","4051","4379","4475",
"부평구","90 - 94세","남자인구수[명]","명","337","387","407","486","543","623",
"부평구","90 - 94세","여자인구수[명]","명","1363","1397","1491","1597","1692","1885",
"부평구","95 - 99세","남자인구수[명]","명","82","71","63","67","78","90",
"부평구","95 - 99세","여자인구수[명]","명","336","316","322","391","457","511",
"부평구","100+","남자인구수[명]","명","45","12","11","20","14","11",
"부평구","100+","여자인구수[명]","명","158","59","68","67","66","67",
"계양구","0 - 4세","남자인구수[명]","명","3871","3585","3257","2803","2678","2587",
"계양구","0 - 4세","여자인구수[명]","명","3732","3430","3186","2780","2686","2571",
"계양구","5 - 9세","남자인구수[명]","명","5514","5200","4699","4183","3932","3484",
"계양구","5 - 9세","여자인구수[명]","명","5373","5054","4486","4029","3685","3244",
"계양구","10 - 14세","남자인구수[명]","명","6336","6168","5780","5407","5168","4930",
"계양구","10 - 14세","여자인구수[명]","명","6044","5988","5663","5264","5124","4863",
"계양구","15 - 19세","남자인구수[명]","명","7397","6861","6529","6206","5997","5863",
"계양구","15 - 19세","여자인구수[명]","명","6929","6464","6331","5946","5722","5710",
"계양구","20 - 24세","남자인구수[명]","명","10829","10175","9187","8211","7629","6827",
"계양구","20 - 24세","여자인구수[명]","명","9778","9127","8224","7501","6977","6283",
"계양구","25 - 29세","남자인구수[명]","명","12328","12111","11551","10768","10180","9754",
"계양구","25 - 29세","여자인구수[명]","명","11259","10996","10370","9567","9272","8768",
"계양구","30 - 34세","남자인구수[명]","명","9533","10112","10523","10439","11026","11068",
"계양구","30 - 34세","여자인구수[명]","명","8717","9226","9344","9316","9703","9753",
"계양구","35 - 39세","남자인구수[명]","명","10192","9823","9069","8473","8630","8788",
"계양구","35 - 39세","여자인구수[명]","명","9416","8915","8251","7531","7666","7614",
"계양구","40 - 44세","남자인구수[명]","명","10369","10618","10498","10182","9822","9383",
"계양구","40 - 44세","여자인구수[명]","명","10251","10391","10001","9692","9166","8533",
"계양구","45 - 49세","남자인구수[명]","명","12392","11680","10928","10092","9886","9866",
"계양구","45 - 49세","여자인구수[명]","명","12772","11888","11125","9996","9767","9625",
"계양구","50 - 54세","남자인구수[명]","명","14153","13930","13546","12964","12609","11939",
"계양구","50 - 54세","여자인구수[명]","명","15321","15298","14575","13751","13078","12345",
"계양구","55 - 59세","남자인구수[명]","명","15388","14870","14141","13749","13552","13425",
"계양구","55 - 59세","여자인구수[명]","명","15747","15319","14886","14956","15003","14843",
"계양구","60 - 64세","남자인구수[명]","명","12982","14082","14576","14663","14866","14630",
"계양구","60 - 64세","여자인구수[명]","명","12180","13545","14406","14755","15267","15074",
"계양구","65 - 69세","남자인구수[명]","명","7105","8088","8795","9870","10906","11939",
"계양구","65 - 69세","여자인구수[명]","명","6822","7858","8525","9482","10558","11771",
"계양구","70 - 74세","남자인구수[명]","명","4297","4457","4836","5008","5552","6402",
"계양구","70 - 74세","여자인구수[명]","명","4635","4659","5007","5266","5756","6677",
"계양구","75 - 79세","남자인구수[명]","명","2691","2741","2900","3199","3492","3751",
"계양구","75 - 79세","여자인구수[명]","명","3928","3949","3947","4013","4213","4407",
"계양구","80 - 84세","남자인구수[명]","명","1643","1774","1952","2018","2021","2103",
"계양구","80 - 84세","여자인구수[명]","명","3142","3260","3526","3608","3624","3622",
"계양구","85 - 89세","남자인구수[명]","명","695","773","849","919","1027","1050",
"계양구","85 - 89세","여자인구수[명]","명","1797","2033","2098","2222","2398","2443",
"계양구","90 - 94세","남자인구수[명]","명","200","214","209","242","275","309",
"계양구","90 - 94세","여자인구수[명]","명","710","788","802","885","969","1079",
"계양구","95 - 99세","남자인구수[명]","명","43","48","52","53","62","66",
"계양구","95 - 99세","여자인구수[명]","명","168","171","196","212","230","264",
"계양구","100+","남자인구수[명]","명","18","6","4","10","8","13",
"계양구","100+","여자인구수[명]","명","53","21","26","35","45","55",
"서구","0 - 4세","남자인구수[명]","명","10912","10428","11184","12003","11781","12225",
"서구","0 - 4세","여자인구수[명]","명","10215","9851","10703","11320","11052","11689",
"서구","5 - 9세","남자인구수[명]","명","14918","14978","15598","16161","15676","15236",
"서구","5 - 9세","여자인구수[명]","명","13862","14015","14724","15299","14967","14405",
"서구","10 - 14세","남자인구수[명]","명","14461","15043","16101","16999","17449","18047",
"서구","10 - 14세","여자인구수[명]","명","13863","14436","15233","16121","16497","17175",
"서구","15 - 19세","남자인구수[명]","명","14560","14266","14821","15172","15360","16112",
"서구","15 - 19세","여자인구수[명]","명","13743","13441","14226","14682","14753","15543",
"서구","20 - 24세","남자인구수[명]","명","17607","17180","16825","16620","15801","15119",
"서구","20 - 24세","여자인구수[명]","명","16545","16171","15557","15435","14986","14422",
"서구","25 - 29세","남자인구수[명]","명","20059","20120","20530","20852","20466","20428",
"서구","25 - 29세","여자인구수[명]","명","18392","18669","19556","20286","20006","19885",
"서구","30 - 34세","남자인구수[명]","명","17846","18990","21874","24380","25141","26198",
"서구","30 - 34세","여자인구수[명]","명","17169","18236","20800","23537","24075","25191",
"서구","35 - 39세","남자인구수[명]","명","22726","22260","23081","24822","24866","25689",
"서구","35 - 39세","여자인구수[명]","명","21698","21303","22378","23759","23953","24881",
"서구","40 - 44세","남자인구수[명]","명","23632","25376","28079","30741","30192","30201",
"서구","40 - 44세","여자인구수[명]","명","22598","23719","25878","28358","28138","28145",
"서구","45 - 49세","남자인구수[명]","명","25005","24659","25287","25911","26622","28428",
"서구","45 - 49세","여자인구수[명]","명","24116","23657","24403","24587","25052","26502",
"서구","50 - 54세","남자인구수[명]","명","24252","25211","26539","27429","27575","27735",
"서구","50 - 54세","여자인구수[명]","명","24007","25141","26125","27146","27090","27056",
"서구","55 - 59세","남자인구수[명]","명","23156","23007","23468","24890","25345","26130",
"서구","55 - 59세","여자인구수[명]","명","21997","22113","22977","24784","25508","26373",
"서구","60 - 64세","남자인구수[명]","명","18877","20612","22261","23334","23802","24184",
"서구","60 - 64세","여자인구수[명]","명","17737","19295","20974","22346","23100","23652",
"서구","65 - 69세","남자인구수[명]","명","10801","12364","13712","15850","17663","19517",
"서구","65 - 69세","여자인구수[명]","명","10897","12489","14066","15963","17739","19432",
"서구","70 - 74세","남자인구수[명]","명","6953","7252","8176","8782","9623","11006",
"서구","70 - 74세","여자인구수[명]","명","7504","7702","8420","9150","10121","11692",
"서구","75 - 79세","남자인구수[명]","명","4272","4562","4925","5550","6142","6816",
"서구","75 - 79세","여자인구수[명]","명","5626","5807","6137","6693","7208","7942",
"서구","80 - 84세","남자인구수[명]","명","2381","2598","3015","3221","3450","3686",
"서구","80 - 84세","여자인구수[명]","명","4311","4573","5089","5245","5357","5536",
"서구","85 - 89세","남자인구수[명]","명","998","1127","1250","1376","1539","1639",
"서구","85 - 89세","여자인구수[명]","명","2565","2838","2994","3318","3528","3679",
"서구","90 - 94세","남자인구수[명]","명","269","292","316","362","413","488",
"서구","90 - 94세","여자인구수[명]","명","1088","1195","1290","1366","1442","1648",
"서구","95 - 99세","남자인구수[명]","명","56","57","66","72","83","92",
"서구","95 - 99세","여자인구수[명]","명","256","277","309","358","423","440",
"서구","100+","남자인구수[명]","명","37","16","12","14","19","19",
"서구","100+","여자인구수[명]","명","73","54","54","64","61","75",
"강화군","0 - 4세","남자인구수[명]","명","756","719","702","692","644","613",
"강화군","0 - 4세","여자인구수[명]","명","684","662","648","624","604","567",
"강화군","5 - 9세","남자인구수[명]","명","998","961","844","791","731","710",
"강화군","5 - 9세","여자인구수[명]","명","896","862","812","730","671","648",
"강화군","10 - 14세","남자인구수[명]","명","1165","1168","1172","1100","1043","1023",
"강화군","10 - 14세","여자인구수[명]","명","1091","1097","1064","1026","1001","967",
"강화군","15 - 19세","남자인구수[명]","명","1205","1174","1168","1138","1169","1156",
"강화군","15 - 19세","여자인구수[명]","명","1156","1127","1101","1090","1097","1099",
"강화군","20 - 24세","남자인구수[명]","명","1549","1467","1386","1271","1188","1087",
"강화군","20 - 24세","여자인구수[명]","명","1192","1127","1077","981","953","890",
"강화군","25 - 29세","남자인구수[명]","명","1511","1481","1425","1313","1231","1225",
"강화군","25 - 29세","여자인구수[명]","명","1104","1054","1038","963","945","942",
"강화군","30 - 34세","남자인구수[명]","명","1290","1335","1319","1310","1373","1357",
"강화군","30 - 34세","여자인구수[명]","명","1073","1124","1138","1133","1129","1140",
"강화군","35 - 39세","남자인구수[명]","명","1508","1364","1346","1257","1248","1275",
"강화군","35 - 39세","여자인구수[명]","명","1455","1378","1291","1177","1129","1089",
"강화군","40 - 44세","남자인구수[명]","명","1801","1853","1797","1764","1719","1638",
"강화군","40 - 44세","여자인구수[명]","명","1599","1645","1651","1662","1617","1545",
"강화군","45 - 49세","남자인구수[명]","명","2420","2279","2207","2031","1978","1980",
"강화군","45 - 49세","여자인구수[명]","명","1944","1884","1831","1676","1699","1760",
"강화군","50 - 54세","남자인구수[명]","명","2722","2779","2751","2749","2695","2625",
"강화군","50 - 54세","여자인구수[명]","명","2494","2514","2426","2337","2217","2125",
"강화군","55 - 59세","남자인구수[명]","명","3432","3278","3174","3124","3094","3046",
"강화군","55 - 59세","여자인구수[명]","명","3315","3174","3019","3011","3003","2929",
"강화군","60 - 64세","남자인구수[명]","명","3992","4207","4295","4212","4105","3974",
"강화군","60 - 64세","여자인구수[명]","명","4027","4229","4358","4152","4097","3886",
"강화군","65 - 69세","남자인구수[명]","명","3122","3486","3714","3906","4242","4417",
"강화군","65 - 69세","여자인구수[명]","명","3136","3461","3647","3904","4178","4458",
"강화군","70 - 74세","남자인구수[명]","명","2685","2642","2724","2817","2920","3241",
"강화군","70 - 74세","여자인구수[명]","명","2790","2680","2704","2726","2899","3189",
"강화군","75 - 79세","남자인구수[명]","명","2052","2091","2172","2249","2427","2538",
"강화군","75 - 79세","여자인구수[명]","명","2552","2526","2552","2562","2598","2683",
"강화군","80 - 84세","남자인구수[명]","명","1510","1561","1644","1678","1662","1651",
"강화군","80 - 84세","여자인구수[명]","명","2063","2097","2270","2299","2298","2287",
"강화군","85 - 89세","남자인구수[명]","명","721","801","833","897","922","938",
"강화군","85 - 89세","여자인구수[명]","명","1349","1491","1495","1529","1606","1621",
"강화군","90 - 94세","남자인구수[명]","명","151","181","206","230","279","317",
"강화군","90 - 94세","여자인구수[명]","명","481","539","612","694","777","827",
"강화군","95 - 99세","남자인구수[명]","명","45","37","35","30","29","39",
"강화군","95 - 99세","여자인구수[명]","명","132","141","129","144","161","171",
"강화군","100+","남자인구수[명]","명","9","4","4","7","8","8",
"강화군","100+","여자인구수[명]","명","26","13","22","19","16","17",
"옹진군","0 - 4세","남자인구수[명]","명","228","198","174","156","127","109",
"옹진군","0 - 4세","여자인구수[명]","명","213","191","201","169","151","134",
"옹진군","5 - 9세","남자인구수[명]","명","254","250","234","188","173","143",
"옹진군","5 - 9세","여자인구수[명]","명","244","241","203","185","145","140",
"옹진군","10 - 14세","남자인구수[명]","명","264","266","260","250","226","216",
"옹진군","10 - 14세","여자인구수[명]","명","264","250","241","213","207","171",
"옹진군","15 - 19세","남자인구수[명]","명","329","337","333","312","266","243",
"옹진군","15 - 19세","여자인구수[명]","명","245","244","257","235","230","242",
"옹진군","20 - 24세","남자인구수[명]","명","1068","978","978","883","762","717",
"옹진군","20 - 24세","여자인구수[명]","명","359","333","365","338","337","280",
"옹진군","25 - 29세","남자인구수[명]","명","923","897","913","918","867","847",
"옹진군","25 - 29세","여자인구수[명]","명","372","356","338","329","362","339",
"옹진군","30 - 34세","남자인구수[명]","명","593","619","646","658","652","645",
"옹진군","30 - 34세","여자인구수[명]","명","328","323","335","317","285","258",
"옹진군","35 - 39세","남자인구수[명]","명","574","539","533","499","465","475",
"옹진군","35 - 39세","여자인구수[명]","명","394","360","333","286","279","264",
"옹진군","40 - 44세","남자인구수[명]","명","687","643","644","638","581","541",
"옹진군","40 - 44세","여자인구수[명]","명","431","425","405","393","340","305",
"옹진군","45 - 49세","남자인구수[명]","명","828","794","779","734","739","678",
"옹진군","45 - 49세","여자인구수[명]","명","463","432","437","408","401","380",
"옹진군","50 - 54세","남자인구수[명]","명","891","899","894","876","811","833",
"옹진군","50 - 54세","여자인구수[명]","명","592","580","589","547","544","519",
"옹진군","55 - 59세","남자인구수[명]","명","1181","1119","1082","1062","1045","1014",
"옹진군","55 - 59세","여자인구수[명]","명","941","859","812","811","793","729",
"옹진군","60 - 64세","남자인구수[명]","명","1255","1334","1388","1385","1370","1291",
"옹진군","60 - 64세","여자인구수[명]","명","1049","1110","1139","1148","1090","1036",
"옹진군","65 - 69세","남자인구수[명]","명","919","1057","1137","1223","1287","1334",
"옹진군","65 - 69세","여자인구수[명]","명","801","903","957","1051","1101","1117",
"옹진군","70 - 74세","남자인구수[명]","명","721","670","715","777","813","920",
"옹진군","70 - 74세","여자인구수[명]","명","677","634","645","672","715","820",
"옹진군","75 - 79세","남자인구수[명]","명","452","493","516","524","586","616",
"옹진군","75 - 79세","여자인구수[명]","명","521","564","574","593","613","621",
"옹진군","80 - 84세","남자인구수[명]","명","284","298","319","345","346","353",
"옹진군","80 - 84세","여자인구수[명]","명","433","407","453","456","445","455",
"옹진군","85 - 89세","남자인구수[명]","명","136","144","153","146","164","182",
"옹진군","85 - 89세","여자인구수[명]","명","288","308","339","357","354","343",
"옹진군","90 - 94세","남자인구수[명]","명","38","46","51","55","59","54",
"옹진군","90 - 94세","여자인구수[명]","명","139","163","154","159","178","188",
"옹진군","95 - 99세","남자인구수[명]","명","12","14","16","12","13","12",
"옹진군","95 - 99세","여자인구수[명]","명","50","50","55","51","59","57",
"옹진군","100+","남자인구수[명]","명","4","3","3","2","1","1",
"옹진군","100+","여자인구수[명]","명","10","11","13","16","14","14",
"광주광역시","0 - 4세","남자인구수[명]","명","24890","23167","21691","19774","18344","17640",
"광주광역시","0 - 4세","여자인구수[명]","명","23880","22182","20808","19142","17746","16979",
"광주광역시","5 - 9세","남자인구수[명]","명","36597","35349","33091","31254","29045","26250",
"광주광역시","5 - 9세","여자인구수[명]","명","34325","33367","31387","29609","27702","25287",
"광주광역시","10 - 14세","남자인구수[명]","명","38821","38702","38292","37652","37176","36270",
"광주광역시","10 - 14세","여자인구수[명]","명","36285","36319","35881","35373","35063","34165",
"광주광역시","15 - 19세","남자인구수[명]","명","42637","40155","39844","38536","37785","37958",
"광주광역시","15 - 19세","여자인구수[명]","명","39401","37228","36840","35964","35394","35629",
"광주광역시","20 - 24세","남자인구수[명]","명","55882","53585","49981","47412","44449","40401",
"광주광역시","20 - 24세","여자인구수[명]","명","51215","49543","46241","43397","40624","36957",
"광주광역시","25 - 29세","남자인구수[명]","명","53453","54196","53600","52312","50504","48678",
"광주광역시","25 - 29세","여자인구수[명]","명","48825","49148","48797","47784","46456","44526",
"광주광역시","30 - 34세","남자인구수[명]","명","42300","43660","45666","47060","48801","49728",
"광주광역시","30 - 34세","여자인구수[명]","명","39832","40737","42156","42886","43790","44940",
"광주광역시","35 - 39세","남자인구수[명]","명","52569","49123","45505","42787","41415","40644",
"광주광역시","35 - 39세","여자인구수[명]","명","51166","47669","44090","41342","39756","38338",
"광주광역시","40 - 44세","남자인구수[명]","명","56542","56720","57040","57047","54511","51249",
"광주광역시","40 - 44세","여자인구수[명]","명","57409","57563","57413","57211","53914","50489",
"광주광역시","45 - 49세","남자인구수[명]","명","63003","60663","58689","56188","55016","55071",
"광주광역시","45 - 49세","여자인구수[명]","명","63913","61221","59598","56813","56070","56162",
"광주광역시","50 - 54세","남자인구수[명]","명","61859","62819","63501","62953","63045","60866",
"광주광역시","50 - 54세","여자인구수[명]","명","62524","64086","64492","64026","63895","61573",
"광주광역시","55 - 59세","남자인구수[명]","명","54001","54164","54465","56114","57278","58514",
"광주광역시","55 - 59세","여자인구수[명]","명","55438","54695","55421","57581","58936","59738",
"광주광역시","60 - 64세","남자인구수[명]","명","47117","49124","49840","50786","50879","50013",
"광주광역시","60 - 64세","여자인구수[명]","명","50512","53135","53751","54356","53848","52689",
"광주광역시","65 - 69세","남자인구수[명]","명","30934","32901","34760","37557","40438","42941",
"광주광역시","65 - 69세","여자인구수[명]","명","35221","36964","38981","42033","45472","48371",
"광주광역시","70 - 74세","남자인구수[명]","명","24252","24521","25062","25104","25834","27877",
"광주광역시","70 - 74세","여자인구수[명]","명","29318","29887","30381","30692","31347","33612",
"광주광역시","75 - 79세","남자인구수[명]","명","17182","17495","17611","18808","20098","21069",
"광주광역시","75 - 79세","여자인구수[명]","명","22789","22644","23015","24524","26244","27567",
"광주광역시","80 - 84세","남자인구수[명]","명","9996","10961","12425","12653","12973","13378",
"광주광역시","80 - 84세","여자인구수[명]","명","16445","17571","19176","19290","19530","19750",
"광주광역시","85 - 89세","남자인구수[명]","명","3999","4372","4830","5366","5818","6217",
"광주광역시","85 - 89세","여자인구수[명]","명","9231","9732","10251","10876","11433","11984",
"광주광역시","90 - 94세","남자인구수[명]","명","1077","1147","1210","1322","1527","1740",
"광주광역시","90 - 94세","여자인구수[명]","명","3710","3847","4005","4294","4695","5017",
"광주광역시","95 - 99세","남자인구수[명]","명","182","169","180","194","263","275",
"광주광역시","95 - 99세","여자인구수[명]","명","906","903","910","958","1127","1275",
"광주광역시","100+","남자인구수[명]","명","55","22","16","17","25","20",
"광주광역시","100+","여자인구수[명]","명","369","155","157","190","156","166",
"동구","0 - 4세","남자인구수[명]","명","1721","1726","1802","1739","1627","1574",
"동구","0 - 4세","여자인구수[명]","명","1606","1628","1767","1615","1525","1486",
"동구","5 - 9세","남자인구수[명]","명","1990","2049","2123","2137","1995","1835",
"동구","5 - 9세","여자인구수[명]","명","1856","1891","1935","1962","1883","1692",
"동구","10 - 14세","남자인구수[명]","명","1704","1739","1881","1935","2002","2029",
"동구","10 - 14세","여자인구수[명]","명","1591","1684","1733","1785","1845","1917",
"동구","15 - 19세","남자인구수[명]","명","2109","1970","2007","1905","1836","1858",
"동구","15 - 19세","여자인구수[명]","명","1920","1870","1890","1847","1774","1829",
"동구","20 - 24세","남자인구수[명]","명","3806","3699","3589","3482","3270","2897",
"동구","20 - 24세","여자인구수[명]","명","3540","3490","3411","3408","3255","3020",
"동구","25 - 29세","남자인구수[명]","명","3779","3941","4020","4166","3952","3811",
"동구","25 - 29세","여자인구수[명]","명","3711","3729","3829","3865","3834","3673",
"동구","30 - 34세","남자인구수[명]","명","3224","3348","3680","3803","3892","3923",
"동구","30 - 34세","여자인구수[명]","명","3071","3179","3497","3689","3664","3800",
"동구","35 - 39세","남자인구수[명]","명","3776","3577","3547","3563","3474","3396",
"동구","35 - 39세","여자인구수[명]","명","3345","3315","3358","3297","3235","3111",
"동구","40 - 44세","남자인구수[명]","명","3574","3773","3992","3967","3851","3739",
"동구","40 - 44세","여자인구수[명]","명","3138","3314","3522","3637","3505","3465",
"동구","45 - 49세","남자인구수[명]","명","3731","3621","3670","3676","3634","3582",
"동구","45 - 49세","여자인구수[명]","명","3557","3407","3364","3245","3231","3273",
"동구","50 - 54세","남자인구수[명]","명","3911","3925","4065","4102","4042","3848",
"동구","50 - 54세","여자인구수[명]","명","3874","3912","4010","4094","3922","3750",
"동구","55 - 59세","남자인구수[명]","명","3798","3741","3720","3797","3875","3935",
"동구","55 - 59세","여자인구수[명]","명","4082","3897","3850","3975","3971","3942",
"동구","60 - 64세","남자인구수[명]","명","4021","3989","3913","3916","3771","3603",
"동구","60 - 64세","여자인구수[명]","명","4266","4410","4315","4330","4267","4022",
"동구","65 - 69세","남자인구수[명]","명","2960","3123","3267","3517","3631","3656",
"동구","65 - 69세","여자인구수[명]","명","3526","3612","3742","3957","4095","4120",
"동구","70 - 74세","남자인구수[명]","명","2472","2552","2555","2523","2547","2698",
"동구","70 - 74세","여자인구수[명]","명","3180","3144","3178","3123","3123","3324",
"동구","75 - 79세","남자인구수[명]","명","2072","1998","1956","2028","2134","2178",
"동구","75 - 79세","여자인구수[명]","명","2572","2534","2529","2666","2873","2973",
"동구","80 - 84세","남자인구수[명]","명","1398","1440","1607","1596","1613","1643",
"동구","80 - 84세","여자인구수[명]","명","1797","1902","2122","2191","2204","2210",
"동구","85 - 89세","남자인구수[명]","명","563","634","701","754","799","864",
"동구","85 - 89세","여자인구수[명]","명","937","1000","1019","1105","1183","1297",
"동구","90 - 94세","남자인구수[명]","명","157","172","183","198","232","237",
"동구","90 - 94세","여자인구수[명]","명","369","394","422","441","466","493",
"동구","95 - 99세","남자인구수[명]","명","28","25","25","22","38","35",
"동구","95 - 99세","여자인구수[명]","명","98","97","97","92","116","134",
"동구","100+","남자인구수[명]","명","16","4","2","4","3","3",
"동구","100+","여자인구수[명]","명","51","15","14","22","14","13",
"서구","0 - 4세","남자인구수[명]","명","4512","4009","3662","3276","2984","2842",
"서구","0 - 4세","여자인구수[명]","명","4209","3806","3547","3180","2951","2776",
"서구","5 - 9세","남자인구수[명]","명","6810","6414","6007","5565","5197","4642",
"서구","5 - 9세","여자인구수[명]","명","6244","5946","5534","5166","4809","4359",
"서구","10 - 14세","남자인구수[명]","명","7617","7462","7310","7132","6961","6702",
"서구","10 - 14세","여자인구수[명]","명","6930","6780","6583","6417","6226","5992",
"서구","15 - 19세","남자인구수[명]","명","8974","8280","7963","7638","7353","7324",
"서구","15 - 19세","여자인구수[명]","명","8046","7340","7195","6975","6670","6607",
"서구","20 - 24세","남자인구수[명]","명","11832","11278","10380","9753","8869","8035",
"서구","20 - 24세","여자인구수[명]","명","11133","10659","9871","9082","8472","7552",
"서구","25 - 29세","남자인구수[명]","명","11426","11559","11497","11250","10763","10302",
"서구","25 - 29세","여자인구수[명]","명","10957","11080","10867","10670","10303","9807",
"서구","30 - 34세","남자인구수[명]","명","8629","8660","9155","9489","9820","10039",
"서구","30 - 34세","여자인구수[명]","명","8054","8064","8401","8649","8657","8991",
"서구","35 - 39세","남자인구수[명]","명","9919","9162","8412","7901","7636","7612",
"서구","35 - 39세","여자인구수[명]","명","10083","9114","8339","7777","7371","7089",
"서구","40 - 44세","남자인구수[명]","명","10859","10800","10734","10650","10173","9471",
"서구","40 - 44세","여자인구수[명]","명","11630","11370","11167","10976","10292","9554",
"서구","45 - 49세","남자인구수[명]","명","12634","11978","11444","10839","10387","10396",
"서구","45 - 49세","여자인구수[명]","명","13641","12830","12200","11493","11164","11084",
"서구","50 - 54세","남자인구수[명]","명","13113","13106","13034","12771","12633","11926",
"서구","50 - 54세","여자인구수[명]","명","13517","13725","13790","13638","13379","12874",
"서구","55 - 59세","남자인구수[명]","명","11157","11098","11223","11619","11670","12007",
"서구","55 - 59세","여자인구수[명]","명","11723","11554","11640","12089","12336","12587",
"서구","60 - 64세","남자인구수[명]","명","9663","10009","10065","10195","10217","10027",
"서구","60 - 64세","여자인구수[명]","명","10793","11199","11396","11406","11186","10860",
"서구","65 - 69세","남자인구수[명]","명","6487","6834","7179","7708","8154","8617",
"서구","65 - 69세","여자인구수[명]","명","7413","7791","8174","8842","9514","10151",
"서구","70 - 74세","남자인구수[명]","명","5034","5070","5209","5233","5331","5752",
"서구","70 - 74세","여자인구수[명]","명","6075","6193","6285","6418","6530","6985",
"서구","75 - 79세","남자인구수[명]","명","3543","3574","3663","3884","4070","4330",
"서구","75 - 79세","여자인구수[명]","명","4619","4630","4754","5063","5342","5658",
"서구","80 - 84세","남자인구수[명]","명","2050","2231","2479","2591","2645","2745",
"서구","80 - 84세","여자인구수[명]","명","3289","3513","3867","3887","3925","4005",
"서구","85 - 89세","남자인구수[명]","명","835","920","1012","1106","1180","1243",
"서구","85 - 89세","여자인구수[명]","명","1837","1946","2042","2185","2271","2382",
"서구","90 - 94세","남자인구수[명]","명","239","248","255","290","315","373",
"서구","90 - 94세","여자인구수[명]","명","740","742","803","888","953","1007",
"서구","95 - 99세","남자인구수[명]","명","31","27","40","48","69","68",
"서구","95 - 99세","여자인구수[명]","명","203","191","180","207","236","250",
"서구","100+","남자인구수[명]","명","10","2","3","1","2","1",
"서구","100+","여자인구수[명]","명","66","37","40","44","34","39",
"남구","0 - 4세","남자인구수[명]","명","3399","3252","2960","2707","2458","2384",
"남구","0 - 4세","여자인구수[명]","명","3189","3102","2822","2581","2267","2248",
"남구","5 - 9세","남자인구수[명]","명","5457","5447","5054","4805","4423","4059",
"남구","5 - 9세","여자인구수[명]","명","5238","5261","4904","4653","4361","4037",
"남구","10 - 14세","남자인구수[명]","명","5611","5759","5799","5758","5850","5883",
"남구","10 - 14세","여자인구수[명]","명","5608","5784","5760","5825","5929","5929",
"남구","15 - 19세","남자인구수[명]","명","5783","5586","5517","5422","5371","5591",
"남구","15 - 19세","여자인구수[명]","명","5774","5610","5528","5459","5449","5670",
"남구","20 - 24세","남자인구수[명]","명","7424","7128","6574","6072","5609","5165",
"남구","20 - 24세","여자인구수[명]","명","7020","6793","6228","5714","5333","4867",
"남구","25 - 29세","남자인구수[명]","명","6982","6966","6751","6477","6151","5910",
"남구","25 - 29세","여자인구수[명]","명","6555","6637","6538","6301","5940","5622",
"남구","30 - 34세","남자인구수[명]","명","5465","5737","5912","5934","6022","6238",
"남구","30 - 34세","여자인구수[명]","명","5270","5545","5700","5663","5728","6046",
"남구","35 - 39세","남자인구수[명]","명","7193","6778","6176","5684","5443","5365",
"남구","35 - 39세","여자인구수[명]","명","7587","7161","6441","5977","5660","5407",
"남구","40 - 44세","남자인구수[명]","명","8138","8293","8170","8250","7906","7572",
"남구","40 - 44세","여자인구수[명]","명","8357","8715","8667","8722","8398","8084",
"남구","45 - 49세","남자인구수[명]","명","8650","8568","8413","8118","8041","8205",
"남구","45 - 49세","여자인구수[명]","명","8922","8701","8549","8173","8176","8481",
"남구","50 - 54세","남자인구수[명]","명","8136","8372","8445","8314","8411","8414",
"남구","50 - 54세","여자인구수[명]","명","8813","9103","8977","8778","8761","8520",
"남구","55 - 59세","남자인구수[명]","명","7477","7325","7248","7290","7395","7506",
"남구","55 - 59세","여자인구수[명]","명","8583","8188","8090","8235","8215","8356",
"남구","60 - 64세","남자인구수[명]","명","7461","7587","7422","7353","7143","6925",
"남구","60 - 64세","여자인구수[명]","명","8772","9074","8994","8896","8606","8240",
"남구","65 - 69세","남자인구수[명]","명","5398","5732","5916","6256","6638","6873",
"남구","65 - 69세","여자인구수[명]","명","6441","6761","7010","7466","8002","8463",
"남구","70 - 74세","남자인구수[명]","명","4488","4479","4558","4581","4584","4887",
"남구","70 - 74세","여자인구수[명]","명","5513","5643","5784","5797","5852","6243",
"남구","75 - 79세","남자인구수[명]","명","3304","3348","3383","3549","3822","3975",
"남구","75 - 79세","여자인구수[명]","명","4121","4115","4282","4628","4999","5288",
"남구","80 - 84세","남자인구수[명]","명","1885","2116","2432","2466","2490","2566",
"남구","80 - 84세","여자인구수[명]","명","2937","3146","3402","3437","3506","3593",
"남구","85 - 89세","남자인구수[명]","명","747","819","887","1023","1147","1229",
"남구","85 - 89세","여자인구수[명]","명","1665","1779","1885","1978","2088","2144",
"남구","90 - 94세","남자인구수[명]","명","200","210","231","254","283","335",
"남구","90 - 94세","여자인구수[명]","명","708","713","729","783","822","929",
"남구","95 - 99세","남자인구수[명]","명","46","34","27","30","49","53",
"남구","95 - 99세","여자인구수[명]","명","166","180","180","193","226","248",
"남구","100+","남자인구수[명]","명","13","6","6","7","11","8",
"남구","100+","여자인구수[명]","명","83","22","28","37","32","38",
"북구","0 - 4세","남자인구수[명]","명","7165","6802","6438","5900","5713","5453",
"북구","0 - 4세","여자인구수[명]","명","7017","6523","6213","5811","5527","5223",
"북구","5 - 9세","남자인구수[명]","명","9970","9573","9129","8730","8330","7623",
"북구","5 - 9세","여자인구수[명]","명","9397","9096","8687","8352","7972","7346",
"북구","10 - 14세","남자인구수[명]","명","10604","10530","10332","10212","10144","9968",
"북구","10 - 14세","여자인구수[명]","명","9485","9486","9531","9502","9642","9401",
"북구","15 - 19세","남자인구수[명]","명","12044","11240","11151","10738","10681","10532",
"북구","15 - 19세","여자인구수[명]","명","10838","10103","9891","9527","9505","9508",
"북구","20 - 24세","남자인구수[명]","명","16364","15566","14502","13733","13127","11884",
"북구","20 - 24세","여자인구수[명]","명","14878","14293","13260","12360","11606","10617",
"북구","25 - 29세","남자인구수[명]","명","16572","16591","16191","15508","14854","14191",
"북구","25 - 29세","여자인구수[명]","명","14690","14692","14391","13947","13570","12800",
"북구","30 - 34세","남자인구수[명]","명","13069","13582","14042","14378","15157","14978",
"북구","30 - 34세","여자인구수[명]","명","12193","12460","12825","12953","13667","13602",
"북구","35 - 39세","남자인구수[명]","명","15778","14874","13939","13210","13036","12590",
"북구","35 - 39세","여자인구수[명]","명","14509","13647","12939","12327","12258","11847",
"북구","40 - 44세","남자인구수[명]","명","15955","15973","16375","16685","16357","15396",
"북구","40 - 44세","여자인구수[명]","명","15685","15753","15899","16109","15485","14496",
"북구","45 - 49세","남자인구수[명]","명","17833","17123","16546","15844","15729","15760",
"북구","45 - 49세","여자인구수[명]","명","17929","16897","16493","15753","15673","15651",
"북구","50 - 54세","남자인구수[명]","명","18224","18189","18275","17957","18182","17528",
"북구","50 - 54세","여자인구수[명]","명","18780","18969","18795","18458","18553","17556",
"북구","55 - 59세","남자인구수[명]","명","16875","16770","16694","17220","17551","17636",
"북구","55 - 59세","여자인구수[명]","명","17957","17420","17513","17825","18266","18179",
"북구","60 - 64세","남자인구수[명]","명","15263","15916","16058","16293","16261","15795",
"북구","60 - 64세","여자인구수[명]","명","16528","17471","17764","17945","17727","17165",
"북구","65 - 69세","남자인구수[명]","명","10135","10720","11323","12153","13173","14032",
"북구","65 - 69세","여자인구수[명]","명","11411","11950","12649","13688","14971","15906",
"북구","70 - 74세","남자인구수[명]","명","7847","7983","8193","8174","8489","9150",
"북구","70 - 74세","여자인구수[명]","명","9171","9441","9615","9785","10137","10934",
"북구","75 - 79세","남자인구수[명]","명","5322","5505","5481","5950","6427","6794",
"북구","75 - 79세","여자인구수[명]","명","7074","7121","7227","7727","8301","8697",
"북구","80 - 84세","남자인구수[명]","명","3038","3376","3876","3927","4071","4192",
"북구","80 - 84세","여자인구수[명]","명","4963","5338","5911","5935","6091","6204",
"북구","85 - 89세","남자인구수[명]","명","1200","1295","1448","1598","1770","1904",
"북구","85 - 89세","여자인구수[명]","명","2831","2962","3136","3344","3561","3718",
"북구","90 - 94세","남자인구수[명]","명","298","332","361","404","476","531",
"북구","90 - 94세","여자인구수[명]","명","1114","1188","1234","1312","1468","1570",
"북구","95 - 99세","남자인구수[명]","명","44","53","60","61","66","72",
"북구","95 - 99세","여자인구수[명]","명","262","254","271","295","335","385",
"북구","100+","남자인구수[명]","명","11","6","2","4","4","5",
"북구","100+","여자인구수[명]","명","108","51","47","49","48","43",
"광산구","0 - 4세","남자인구수[명]","명","8093","7378","6829","6152","5562","5387",
"광산구","0 - 4세","여자인구수[명]","명","7859","7123","6459","5955","5476","5246",
"광산구","5 - 9세","남자인구수[명]","명","12370","11866","10778","10017","9100","8091",
"광산구","5 - 9세","여자인구수[명]","명","11590","11173","10327","9476","8677","7853",
"광산구","10 - 14세","남자인구수[명]","명","13285","13212","12970","12615","12219","11688",
"광산구","10 - 14세","여자인구수[명]","명","12671","12585","12274","11844","11421","10926",
"광산구","15 - 19세","남자인구수[명]","명","13727","13079","13206","12833","12544","12653",
"광산구","15 - 19세","여자인구수[명]","명","12823","12305","12336","12156","11996","12015",
"광산구","20 - 24세","남자인구수[명]","명","16456","15914","14936","14372","13574","12420",
"광산구","20 - 24세","여자인구수[명]","명","14644","14308","13471","12833","11958","10901",
"광산구","25 - 29세","남자인구수[명]","명","14694","15139","15141","14911","14784","14464",
"광산구","25 - 29세","여자인구수[명]","명","12912","13010","13172","13001","12809","12624",
"광산구","30 - 34세","남자인구수[명]","명","11913","12333","12877","13456","13910","14550",
"광산구","30 - 34세","여자인구수[명]","명","11244","11489","11733","11932","12074","12501",
"광산구","35 - 39세","남자인구수[명]","명","15903","14732","13431","12429","11826","11681",
"광산구","35 - 39세","여자인구수[명]","명","15642","14432","13013","11964","11232","10884",
"광산구","40 - 44세","남자인구수[명]","명","18016","17881","17769","17495","16224","15071",
"광산구","40 - 44세","여자인구수[명]","명","18599","18411","18158","17767","16234","14890",
"광산구","45 - 49세","남자인구수[명]","명","20155","19373","18616","17711","17225","17128",
"광산구","45 - 49세","여자인구수[명]","명","19864","19386","18992","18149","17826","17673",
"광산구","50 - 54세","남자인구수[명]","명","18475","19227","19682","19809","19777","19150",
"광산구","50 - 54세","여자인구수[명]","명","17540","18377","18920","19058","19280","18873",
"광산구","55 - 59세","남자인구수[명]","명","14694","15230","15580","16188","16787","17430",
"광산구","55 - 59세","여자인구수[명]","명","13093","13636","14328","15457","16148","16674",
"광산구","60 - 64세","남자인구수[명]","명","10709","11623","12382","13029","13487","13663",
"광산구","60 - 64세","여자인구수[명]","명","10153","10981","11282","11779","12062","12402",
"광산구","65 - 69세","남자인구수[명]","명","5954","6492","7075","7923","8842","9763",
"광산구","65 - 69세","여자인구수[명]","명","6430","6850","7406","8080","8890","9731",
"광산구","70 - 74세","남자인구수[명]","명","4411","4437","4547","4593","4883","5390",
"광산구","70 - 74세","여자인구수[명]","명","5379","5466","5519","5569","5705","6126",
"광산구","75 - 79세","남자인구수[명]","명","2941","3070","3128","3397","3645","3792",
"광산구","75 - 79세","여자인구수[명]","명","4403","4244","4223","4440","4729","4951",
"광산구","80 - 84세","남자인구수[명]","명","1625","1798","2031","2073","2154","2232",
"광산구","80 - 84세","여자인구수[명]","명","3459","3672","3874","3840","3804","3738",
"광산구","85 - 89세","남자인구수[명]","명","654","704","782","885","922","977",
"광산구","85 - 89세","여자인구수[명]","명","1961","2045","2169","2264","2330","2443",
"광산구","90 - 94세","남자인구수[명]","명","183","185","180","176","221","264",
"광산구","90 - 94세","여자인구수[명]","명","779","810","817","870","986","1018",
"광산구","95 - 99세","남자인구수[명]","명","33","30","28","33","41","47",
"광산구","95 - 99세","여자인구수[명]","명","177","181","182","171","214","258",
"광산구","100+","남자인구수[명]","명","5","4","3","1","5","3",
"광산구","100+","여자인구수[명]","명","61","30","28","38","28","33",
"대전광역시","0 - 4세","남자인구수[명]","명","24459","22336","21370","20448","19830","19719",
"대전광역시","0 - 4세","여자인구수[명]","명","23225","21135","20243","19283","18424","18396",
"대전광역시","5 - 9세","남자인구수[명]","명","34363","32959","31167","29342","27285","24937",
"대전광역시","5 - 9세","여자인구수[명]","명","32482","31118","29453","27654","25974","23724",
"대전광역시","10 - 14세","남자인구수[명]","명","35986","35910","35400","34699","34406","34039",
"대전광역시","10 - 14세","여자인구수[명]","명","33934","33785","33151","32644","32409","32114",
"대전광역시","15 - 19세","남자인구수[명]","명","39791","37617","37135","36528","35449","35762",
"대전광역시","15 - 19세","여자인구수[명]","명","36725","34863","34602","33965","33349","33832",
"대전광역시","20 - 24세","남자인구수[명]","명","53409","51291","48714","46743","45139","42614",
"대전광역시","20 - 24세","여자인구수[명]","명","50392","48945","46169","44338","42756","40359",
"대전광역시","25 - 29세","남자인구수[명]","명","58012","58373","58112","57447","55821","55207",
"대전광역시","25 - 29세","여자인구수[명]","명","50675","50788","50892","50700","49754","49522",
"대전광역시","30 - 34세","남자인구수[명]","명","48685","49772","51647","53220","55054","56802",
"대전광역시","30 - 34세","여자인구수[명]","명","42227","43392","44989","46402","47904","49587",
"대전광역시","35 - 39세","남자인구수[명]","명","52608","49606","47251","46155","46358","47075",
"대전광역시","35 - 39세","여자인구수[명]","명","50568","46899","44104","42188","41621","41527",
"대전광역시","40 - 44세","남자인구수[명]","명","55103","55330","55496","55291","53015","51058",
"대전광역시","40 - 44세","여자인구수[명]","명","55704","55547","55240","54896","52301","49740",
"대전광역시","45 - 49세","남자인구수[명]","명","63135","59742","57308","54625","53505","53755",
"대전광역시","45 - 49세","여자인구수[명]","명","63274","60399","58610","55319","54289","54563",
"대전광역시","50 - 54세","남자인구수[명]","명","63265","64614","65152","64298","62881","60798",
"대전광역시","50 - 54세","여자인구수[명]","명","63168","64963","64910","64233","62710","60900",
"대전광역시","55 - 59세","남자인구수[명]","명","57373","55353","54422","57036","58652","60080",
"대전광역시","55 - 59세","여자인구수[명]","명","58115","55087","54776","57691","59540","60409",
"대전광역시","60 - 64세","남자인구수[명]","명","52042","54238","55107","54755","54604","53383",
"대전광역시","60 - 64세","여자인구수[명]","명","54378","56982","57989","57560","56882","55421",
"대전광역시","65 - 69세","남자인구수[명]","명","35018","38168","40476","43111","45518","47848",
"대전광역시","65 - 69세","여자인구수[명]","명","37715","41126","43683","46600","49456","52025",
"대전광역시","70 - 74세","남자인구수[명]","명","24410","24975","26345","27108","29001","31699",
"대전광역시","70 - 74세","여자인구수[명]","명","27551","28315","29750","30503","32903","36302",
"대전광역시","75 - 79세","남자인구수[명]","명","17099","17164","17267","18569","19771","21277",
"대전광역시","75 - 79세","여자인구수[명]","명","22260","21936","21767","22960","24250","25905",
"대전광역시","80 - 84세","남자인구수[명]","명","10173","10987","12211","12583","12860","13296",
"대전광역시","80 - 84세","여자인구수[명]","명","16503","17206","18721","19125","19207","19477",
"대전광역시","85 - 89세","남자인구수[명]","명","4312","4760","5090","5549","6153","6349",
"대전광역시","85 - 89세","여자인구수[명]","명","9531","10246","10619","11316","12081","12264",
"대전광역시","90 - 94세","남자인구수[명]","명","1151","1202","1343","1510","1700","1911",
"대전광역시","90 - 94세","여자인구수[명]","명","3622","3884","4071","4345","4733","5271",
"대전광역시","95 - 99세","남자인구수[명]","명","216","203","206","243","252","291",
"대전광역시","95 - 99세","여자인구수[명]","명","852","866","933","1023","1145","1279",
"대전광역시","100+","남자인구수[명]","명","89","26","26","32","37","36",
"대전광역시","100+","여자인구수[명]","명","282","143","155","179","178","176",
"동구","0 - 4세","남자인구수[명]","명","3229","2978","2767","2540","2664","2678",
"동구","0 - 4세","여자인구수[명]","명","2998","2756","2596","2473","2473","2507",
"동구","5 - 9세","남자인구수[명]","명","4496","4370","4085","3776","3441","3119",
"동구","5 - 9세","여자인구수[명]","명","4287","4052","3742","3387","3188","2825",
"동구","10 - 14세","남자인구수[명]","명","4881","4841","4736","4534","4472","4280",
"동구","10 - 14세","여자인구수[명]","명","4502","4518","4385","4216","4140","3986",
"동구","15 - 19세","남자인구수[명]","명","5444","5246","5148","5140","5114","5134",
"동구","15 - 19세","여자인구수[명]","명","5074","4869","4873","4895","4837","4950",
"동구","20 - 24세","남자인구수[명]","명","8134","8031","7755","7607","7547","7461",
"동구","20 - 24세","여자인구수[명]","명","7736","7668","7378","7242","7202","6995",
"동구","25 - 29세","남자인구수[명]","명","7809","7831","7721","7601","7398","7326",
"동구","25 - 29세","여자인구수[명]","명","6507","6560","6369","6353","6144","6177",
"동구","30 - 34세","남자인구수[명]","명","6465","6665","6820","6892","7138","7438",
"동구","30 - 34세","여자인구수[명]","명","5092","5365","5636","5684","6118","6334",
"동구","35 - 39세","남자인구수[명]","명","7527","6981","6463","6088","6244","6396",
"동구","35 - 39세","여자인구수[명]","명","6768","6232","5635","5192","5215","5229",
"동구","40 - 44세","남자인구수[명]","명","8197","8325","8182","8011","7777","7399",
"동구","40 - 44세","여자인구수[명]","명","7599","7641","7598","7398","7038","6570",
"동구","45 - 49세","남자인구수[명]","명","9713","9186","8779","8271","7961","7898",
"동구","45 - 49세","여자인구수[명]","명","8571","8294","7982","7522","7467","7440",
"동구","50 - 54세","남자인구수[명]","명","9571","9807","9908","9850","9748","9501",
"동구","50 - 54세","여자인구수[명]","명","8891","9113","9031","8885","8762","8572",
"동구","55 - 59세","남자인구수[명]","명","9268","8955","8645","9027","9328","9445",
"동구","55 - 59세","여자인구수[명]","명","9006","8405","8283","8602","8707","8713",
"동구","60 - 64세","남자인구수[명]","명","9148","9435","9461","9281","9096","8809",
"동구","60 - 64세","여자인구수[명]","명","9575","9941","9878","9520","9238","8768",
"동구","65 - 69세","남자인구수[명]","명","6638","7153","7422","7804","8131","8468",
"동구","65 - 69세","여자인구수[명]","명","7203","7762","8130","8455","8882","9231",
"동구","70 - 74세","남자인구수[명]","명","4846","4938","5197","5219","5552","6009",
"동구","70 - 74세","여자인구수[명]","명","5755","5860","6024","6152","6480","6988",
"동구","75 - 79세","남자인구수[명]","명","3750","3702","3635","3816","3970","4163",
"동구","75 - 79세","여자인구수[명]","명","4799","4654","4582","4720","4943","5339",
"동구","80 - 84세","남자인구수[명]","명","2106","2274","2558","2659","2747","2855",
"동구","80 - 84세","여자인구수[명]","명","3516","3705","4002","4074","4078","4131",
"동구","85 - 89세","남자인구수[명]","명","882","941","994","1101","1241","1277",
"동구","85 - 89세","여자인구수[명]","명","1811","1960","2085","2281","2506","2561",
"동구","90 - 94세","남자인구수[명]","명","231","247","268","282","321","358",
"동구","90 - 94세","여자인구수[명]","명","689","727","759","804","896","1012",
"동구","95 - 99세","남자인구수[명]","명","53","41","40","48","49","49",
"동구","95 - 99세","여자인구수[명]","명","156","159","164","186","217","235",
"동구","100+","남자인구수[명]","명","28","6","6","8","11","10",
"동구","100+","여자인구수[명]","명","70","28","29","32","32","28",
"중구","0 - 4세","남자인구수[명]","명","3066","2752","2585","2346","2483","2570",
"중구","0 - 4세","여자인구수[명]","명","2965","2653","2550","2265","2364","2453",
"중구","5 - 9세","남자인구수[명]","명","4697","4347","4039","3709","3677","3420",
"중구","5 - 9세","여자인구수[명]","명","4446","4131","3866","3523","3509","3369",
"중구","10 - 14세","남자인구수[명]","명","5218","5177","5014","4768","4800","4773",
"중구","10 - 14세","여자인구수[명]","명","5018","4870","4788","4628","4662","4542",
"중구","15 - 19세","남자인구수[명]","명","6114","5639","5479","5338","5242","5262",
"중구","15 - 19세","여자인구수[명]","명","5637","5262","5166","4988","4997","5050",
"중구","20 - 24세","남자인구수[명]","명","7845","7353","6883","6488","6125","5610",
"중구","20 - 24세","여자인구수[명]","명","7484","7045","6564","6160","5731","5348",
"중구","25 - 29세","남자인구수[명]","명","8003","7944","7799","7487","7076","6959",
"중구","25 - 29세","여자인구수[명]","명","7608","7709","7668","7393","7149","7191",
"중구","30 - 34세","남자인구수[명]","명","6335","6411","6677","6559","7050","7410",
"중구","30 - 34세","여자인구수[명]","명","5710","5797","5974","6064","6563","6975",
"중구","35 - 39세","남자인구수[명]","명","7095","6487","6096","5779","6044","6273",
"중구","35 - 39세","여자인구수[명]","명","6951","6275","5830","5447","5575","5703",
"중구","40 - 44세","남자인구수[명]","명","8593","8327","8101","7811","7516","7291",
"중구","40 - 44세","여자인구수[명]","명","8396","8205","8023","7798","7441","7018",
"중구","45 - 49세","남자인구수[명]","명","10136","9472","9011","8432","8358","8431",
"중구","45 - 49세","여자인구수[명]","명","9780","9200","8884","8172","8285","8358",
"중구","50 - 54세","남자인구수[명]","명","10412","10480","10461","10372","10172","9780",
"중구","50 - 54세","여자인구수[명]","명","10059","10131","9970","9901","9648","9422",
"중구","55 - 59세","남자인구수[명]","명","9634","9223","8961","9276","9580","9793",
"중구","55 - 59세","여자인구수[명]","명","9589","9035","8851","9171","9527","9584",
"중구","60 - 64세","남자인구수[명]","명","9248","9393","9348","9170","9195","8906",
"중구","60 - 64세","여자인구수[명]","명","9810","9876","9806","9580","9390","9063",
"중구","65 - 69세","남자인구수[명]","명","6763","7253","7474","7800","8054","8327",
"중구","65 - 69세","여자인구수[명]","명","7782","8276","8486","8848","9055","9256",
"중구","70 - 74세","남자인구수[명]","명","5363","5282","5432","5445","5649","6071",
"중구","70 - 74세","여자인구수[명]","명","6281","6259","6444","6505","6893","7356",
"중구","75 - 79세","남자인구수[명]","명","3906","3907","3885","4196","4405","4548",
"중구","75 - 79세","여자인구수[명]","명","5038","5073","4965","5256","5634","5907",
"중구","80 - 84세","남자인구수[명]","명","2437","2591","2883","2904","2962","3041",
"중구","80 - 84세","여자인구수[명]","명","3709","3832","4208","4302","4338","4380",
"중구","85 - 89세","남자인구수[명]","명","1038","1149","1199","1334","1474","1493",
"중구","85 - 89세","여자인구수[명]","명","2030","2163","2300","2475","2636","2752",
"중구","90 - 94세","남자인구수[명]","명","260","270","318","349","421","484",
"중구","90 - 94세","여자인구수[명]","명","766","822","829","919","1011","1106",
"중구","95 - 99세","남자인구수[명]","명","49","42","48","52","44","54",
"중구","95 - 99세","여자인구수[명]","명","194","192","200","200","228","267",
"중구","100+","남자인구수[명]","명","21","8","10","11","11","9",
"중구","100+","여자인구수[명]","명","64","28","33","35","34","40",
"서구","0 - 4세","남자인구수[명]","명","8141","7321","6940","6337","5872","6069",
"서구","0 - 4세","여자인구수[명]","명","7647","6945","6613","6037","5514","5693",
"서구","5 - 9세","남자인구수[명]","명","11520","11149","10583","9734","8827","8158",
"서구","5 - 9세","여자인구수[명]","명","10784","10446","9865","9155","8399","7796",
"서구","10 - 14세","남자인구수[명]","명","12148","12215","12005","11797","11641","11755",
"서구","10 - 14세","여자인구수[명]","명","11531","11521","11289","11084","10985","11118",
"서구","15 - 19세","남자인구수[명]","명","13506","12590","12455","12133","11654","11949",
"서구","15 - 19세","여자인구수[명]","명","12508","11823","11806","11361","10996","11250",
"서구","20 - 24세","남자인구수[명]","명","17737","16853","15767","14861","14142","13195",
"서구","20 - 24세","여자인구수[명]","명","17588","16840","15892","15016","14255","13457",
"서구","25 - 29세","남자인구수[명]","명","20003","20296","20168","19727","18844","18560",
"서구","25 - 29세","여자인구수[명]","명","18762","18858","18850","18728","18330","18258",
"서구","30 - 34세","남자인구수[명]","명","16288","16632","17159","17829","18205","19172",
"서구","30 - 34세","여자인구수[명]","명","14984","15454","15979","16359","16384","17236",
"서구","35 - 39세","남자인구수[명]","명","17395","16514","15588","14952","14479","15016",
"서구","35 - 39세","여자인구수[명]","명","17232","16113","15180","14217","13682","13999",
"서구","40 - 44세","남자인구수[명]","명","17761","17881","18112","17832","16870","16438",
"서구","40 - 44세","여자인구수[명]","명","18920","18751","18664","18527","17503","16882",
"서구","45 - 49세","남자인구수[명]","명","20218","19029","18232","17279","16949","17432",
"서구","45 - 49세","여자인구수[명]","명","21626","20600","19912","18653","18119","18561",
"서구","50 - 54세","남자인구수[명]","명","19885","20399","20623","20124","19506","19062",
"서구","50 - 54세","여자인구수[명]","명","21185","21712","21641","21242","20596","20136",
"서구","55 - 59세","남자인구수[명]","명","17751","16852","16481","17170","17573","18284",
"서구","55 - 59세","여자인구수[명]","명","18910","17834","17723","18486","18985","19492",
"서구","60 - 64세","남자인구수[명]","명","15783","16475","16736","16413","16303","15968",
"서구","60 - 64세","여자인구수[명]","명","17040","17914","18187","18047","17724","17466",
"서구","65 - 69세","남자인구수[명]","명","10563","11523","12214","12925","13445","14231",
"서구","65 - 69세","여자인구수[명]","명","11369","12478","13373","14302","15146","16066",
"서구","70 - 74세","남자인구수[명]","명","7200","7342","7693","8055","8575","9397",
"서구","70 - 74세","여자인구수[명]","명","7950","8265","8739","8964","9759","10853",
"서구","75 - 79세","남자인구수[명]","명","4762","4788","4931","5274","5673","6229",
"서구","75 - 79세","여자인구수[명]","명","6115","6090","6131","6539","6872","7434",
"서구","80 - 84세","남자인구수[명]","명","2834","3095","3444","3552","3633","3732",
"서구","80 - 84세","여자인구수[명]","명","4498","4663","5072","5166","5207","5329",
"서구","85 - 89세","남자인구수[명]","명","1213","1356","1448","1525","1694","1791",
"서구","85 - 89세","여자인구수[명]","명","2759","2933","2960","3137","3330","3347",
"서구","90 - 94세","남자인구수[명]","명","329","332","353","424","470","514",
"서구","90 - 94세","여자인구수[명]","명","1031","1116","1184","1236","1340","1510",
"서구","95 - 99세","남자인구수[명]","명","57","65","59","71","84","90",
"서구","95 - 99세","여자인구수[명]","명","255","253","272","309","338","372",
"서구","100+","남자인구수[명]","명","18","7","7","10","8","7",
"서구","100+","여자인구수[명]","명","74","42","44","45","40","47",
"유성구","0 - 4세","남자인구수[명]","명","7772","7128","6981","7246","6961","6607",
"유성구","0 - 4세","여자인구수[명]","명","7246","6639","6469","6669","6338","6060",
"유성구","5 - 9세","남자인구수[명]","명","10208","9933","9527","9516","9014","8187",
"유성구","5 - 9세","여자인구수[명]","명","9720","9429","9169","9052","8518","7637",
"유성구","10 - 14세","남자인구수[명]","명","9778","9834","9997","10072","10108","10022",
"유성구","10 - 14세","여자인구수[명]","명","9301","9366","9270","9480","9506","9501",
"유성구","15 - 19세","남자인구수[명]","명","9974","9744","9792","9895","9606","9659",
"유성구","15 - 19세","여자인구수[명]","명","9102","8874","8931","9055","9062","9160",
"유성구","20 - 24세","남자인구수[명]","명","12854","12561","12388","12319","12269","11716",
"유성구","20 - 24세","여자인구수[명]","명","11873","11856","11334","11288","11261","10672",
"유성구","25 - 29세","남자인구수[명]","명","15460","15494","15845","16359","16402","16599",
"유성구","25 - 29세","여자인구수[명]","명","12557","12401","12766","13156","13209","13287",
"유성구","30 - 34세","남자인구수[명]","명","14245","14497","15209","16053","16606","16742",
"유성구","30 - 34세","여자인구수[명]","명","12267","12390","12953","13837","14185","14308",
"유성구","35 - 39세","남자인구수[명]","명","14911","14251","13939","14409","14605","14406",
"유성구","35 - 39세","여자인구수[명]","명","14646","13664","13118","13255","13239","12815",
"유성구","40 - 44세","남자인구수[명]","명","14434","14630","15016","15713","15301","14614",
"유성구","40 - 44세","여자인구수[명]","명","14963","15247","15467","15899","15321","14625",
"유성구","45 - 49세","남자인구수[명]","명","15303","14822","14487","14342","14233","14172",
"유성구","45 - 49세","여자인구수[명]","명","15745","15251","15205","14871","14626","14656",
"유성구","50 - 54세","남자인구수[명]","명","14528","14981","15477","15595","15414","14964",
"유성구","50 - 54세","여자인구수[명]","명","14504","15289","15685","15992","15895","15430",
"유성구","55 - 59세","남자인구수[명]","명","12468","12352","12413","13218","13654","14004",
"유성구","55 - 59세","여자인구수[명]","명","12574","12123","12314","13359","14052","14276",
"유성구","60 - 64세","남자인구수[명]","명","10406","11066","11524","11974","12041","11875",
"유성구","60 - 64세","여자인구수[명]","명","10554","11394","11971","12324","12471","12347",
"유성구","65 - 69세","남자인구수[명]","명","6317","7100","7764","8429","9306","9840",
"유성구","65 - 69세","여자인구수[명]","명","6334","7113","7838","8734","9645","10304",
"유성구","70 - 74세","남자인구수[명]","명","3802","4047","4469","4799","5307","5965",
"유성구","70 - 74세","여자인구수[명]","명","3996","4187","4621","4866","5426","6247",
"유성구","75 - 79세","남자인구수[명]","명","2413","2462","2526","2856","3170","3544",
"유성구","75 - 79세","여자인구수[명]","명","3242","3171","3166","3401","3558","3818",
"유성구","80 - 84세","남자인구수[명]","명","1470","1595","1759","1847","1887","1958",
"유성구","80 - 84세","여자인구수[명]","명","2604","2668","2840","2867","2883","2933",
"유성구","85 - 89세","남자인구수[명]","명","639","713","766","826","924","966",
"유성구","85 - 89세","여자인구수[명]","명","1698","1840","1836","1889","1996","1990",
"유성구","90 - 94세","남자인구수[명]","명","204","213","247","270","290","317",
"유성구","90 - 94세","여자인구수[명]","명","686","733","781","836","866","957",
"유성구","95 - 99세","남자인구수[명]","명","42","37","38","46","47","57",
"유성구","95 - 99세","여자인구수[명]","명","150","158","166","193","224","255",
"유성구","100+","남자인구수[명]","명","12","3","2","2","4","6",
"유성구","100+","여자인구수[명]","명","45","21","27","36","38","36",
"대덕구","0 - 4세","남자인구수[명]","명","2251","2157","2097","1979","1850","1795",
"대덕구","0 - 4세","여자인구수[명]","명","2369","2142","2015","1839","1735","1683",
"대덕구","5 - 9세","남자인구수[명]","명","3442","3160","2933","2607","2326","2053",
"대덕구","5 - 9세","여자인구수[명]","명","3245","3060","2811","2537","2360","2097",
"대덕구","10 - 14세","남자인구수[명]","명","3961","3843","3648","3528","3385","3209",
"대덕구","10 - 14세","여자인구수[명]","명","3582","3510","3419","3236","3116","2967",
"대덕구","15 - 19세","남자인구수[명]","명","4753","4398","4261","4022","3833","3758",
"대덕구","15 - 19세","여자인구수[명]","명","4404","4035","3826","3666","3457","3422",
"대덕구","20 - 24세","남자인구수[명]","명","6839","6493","5921","5468","5056","4632",
"대덕구","20 - 24세","여자인구수[명]","명","5711","5536","5001","4632","4307","3887",
"대덕구","25 - 29세","남자인구수[명]","명","6737","6808","6579","6273","6101","5763",
"대덕구","25 - 29세","여자인구수[명]","명","5241","5260","5239","5070","4922","4609",
"대덕구","30 - 34세","남자인구수[명]","명","5352","5567","5782","5887","6055","6040",
"대덕구","30 - 34세","여자인구수[명]","명","4174","4386","4447","4458","4654","4734",
"대덕구","35 - 39세","남자인구수[명]","명","5680","5373","5165","4927","4986","4984",
"대덕구","35 - 39세","여자인구수[명]","명","4971","4615","4341","4077","3910","3781",
"대덕구","40 - 44세","남자인구수[명]","명","6118","6167","6085","5924","5551","5316",
"대덕구","40 - 44세","여자인구수[명]","명","5826","5703","5488","5274","4998","4645",
"대덕구","45 - 49세","남자인구수[명]","명","7765","7233","6799","6301","6004","5822",
"대덕구","45 - 49세","여자인구수[명]","명","7552","7054","6627","6101","5792","5548",
"대덕구","50 - 54세","남자인구수[명]","명","8869","8947","8683","8357","8041","7491",
"대덕구","50 - 54세","여자인구수[명]","명","8529","8718","8583","8213","7809","7340",
"대덕구","55 - 59세","남자인구수[명]","명","8252","7971","7922","8345","8517","8554",
"대덕구","55 - 59세","여자인구수[명]","명","8036","7690","7605","8073","8269","8344",
"대덕구","60 - 64세","남자인구수[명]","명","7457","7869","8038","7917","7969","7825",
"대덕구","60 - 64세","여자인구수[명]","명","7399","7857","8147","8089","8059","7777",
"대덕구","65 - 69세","남자인구수[명]","명","4737","5139","5602","6153","6582","6982",
"대덕구","65 - 69세","여자인구수[명]","명","5027","5497","5856","6261","6728","7168",
"대덕구","70 - 74세","남자인구수[명]","명","3199","3366","3554","3590","3918","4257",
"대덕구","70 - 74세","여자인구수[명]","명","3569","3744","3922","4016","4345","4858",
"대덕구","75 - 79세","남자인구수[명]","명","2268","2305","2290","2427","2553","2793",
"대덕구","75 - 79세","여자인구수[명]","명","3066","2948","2923","3044","3243","3407",
"대덕구","80 - 84세","남자인구수[명]","명","1326","1432","1567","1621","1631","1710",
"대덕구","80 - 84세","여자인구수[명]","명","2176","2338","2599","2716","2701","2704",
"대덕구","85 - 89세","남자인구수[명]","명","540","601","683","763","820","822",
"대덕구","85 - 89세","여자인구수[명]","명","1233","1350","1438","1534","1613","1614",
"대덕구","90 - 94세","남자인구수[명]","명","127","140","157","185","198","238",
"대덕구","90 - 94세","여자인구수[명]","명","450","486","518","550","620","686",
"대덕구","95 - 99세","남자인구수[명]","명","15","18","21","26","28","41",
"대덕구","95 - 99세","여자인구수[명]","명","97","104","131","135","138","150",
"대덕구","100+","남자인구수[명]","명","10","2","1","1","3","4",
"대덕구","100+","여자인구수[명]","명","29","24","22","31","34","25",
"울산광역시","0 - 4세","남자인구수[명]","명","21190","18720","16796","15313","14258","13905",
"울산광역시","0 - 4세","여자인구수[명]","명","20145","17804","16169","14830","13828","13341",
"울산광역시","5 - 9세","남자인구수[명]","명","29429","28582","26908","25308","23229","20646",
"울산광역시","5 - 9세","여자인구수[명]","명","27742","26912","25188","23635","21782","19578",
"울산광역시","10 - 14세","남자인구수[명]","명","29086","29477","29414","29088","28987","28639",
"울산광역시","10 - 14세","여자인구수[명]","명","26891","27208","27185","27084","27190","26987",
"울산광역시","15 - 19세","남자인구수[명]","명","30088","28266","28327","27968","27833","28232",
"울산광역시","15 - 19세","여자인구수[명]","명","26355","25039","25276","25322","25360","25836",
"울산광역시","20 - 24세","남자인구수[명]","명","39572","36880","33555","31178","29279","26666",
"울산광역시","20 - 24세","여자인구수[명]","명","31176","29008","26201","23935","22078","19900",
"울산광역시","25 - 29세","남자인구수[명]","명","41628","40708","39518","38473","37965","37528",
"울산광역시","25 - 29세","여자인구수[명]","명","32193","30826","29935","28936","27835","26680",
"울산광역시","30 - 34세","남자인구수[명]","명","36754","36803","37509","38361","39038","40116",
"울산광역시","30 - 34세","여자인구수[명]","명","30644","30653","30789","30964","30957","31285",
"울산광역시","35 - 39세","남자인구수[명]","명","43811","40342","37424","35973","35617","35614",
"울산광역시","35 - 39세","여자인구수[명]","명","40496","37093","33913","31611","30681","29882",
"울산광역시","40 - 44세","남자인구수[명]","명","46849","47585","47836","47480","45112","42195",
"울산광역시","40 - 44세","여자인구수[명]","명","43334","44091","44317","44567","42189","39206",
"울산광역시","45 - 49세","남자인구수[명]","명","48795","46499","45264","44293","44358","45655",
"울산광역시","45 - 49세","여자인구수[명]","명","48830","45779","44213","41774","41529","42035",
"울산광역시","50 - 54세","남자인구수[명]","명","53507","52810","52071","50579","49219","47576",
"울산광역시","50 - 54세","여자인구수[명]","명","53444","53967","52740","51312","49599","47332",
"울산광역시","55 - 59세","남자인구수[명]","명","53103","52252","51283","52321","52492","51698",
"울산광역시","55 - 59세","여자인구수[명]","명","49467","48027","48594","50602","51668","51640",
"울산광역시","60 - 64세","남자인구수[명]","명","44670","47259","49097","49487","49707","49761",
"울산광역시","60 - 64세","여자인구수[명]","명","43451","46041","47329","47558","47557","47115",
"울산광역시","65 - 69세","남자인구수[명]","명","28580","31134","33209","35914","38662","41013",
"울산광역시","65 - 69세","여자인구수[명]","명","28646","31341","33718","36348","39279","41524",
"울산광역시","70 - 74세","남자인구수[명]","명","18018","19120","20584","21689","23433","25847",
"울산광역시","70 - 74세","여자인구수[명]","명","18280","19573","21100","22507","24259","27430",
"울산광역시","75 - 79세","남자인구수[명]","명","10557","10990","11594","12845","14078","15582",
"울산광역시","75 - 79세","여자인구수[명]","명","13313","13341","13638","14545","15540","17042",
"울산광역시","80 - 84세","남자인구수[명]","명","5471","5994","6965","7536","7852","8013",
"울산광역시","80 - 84세","여자인구수[명]","명","9693","10057","11041","11503","11780","11603",
"울산광역시","85 - 89세","남자인구수[명]","명","2032","2224","2382","2610","2919","3283",
"울산광역시","85 - 89세","여자인구수[명]","명","5516","5844","6078","6408","6746","7028",
"울산광역시","90 - 94세","남자인구수[명]","명","451","490","558","652","739","825",
"울산광역시","90 - 94세","여자인구수[명]","명","2033","2183","2276","2416","2613","2882",
"울산광역시","95 - 99세","남자인구수[명]","명","82","78","71","76","101","121",
"울산광역시","95 - 99세","여자인구수[명]","명","520","525","537","581","615","607",
"울산광역시","100+","남자인구수[명]","명","35","4","3","9","10","11",
"울산광역시","100+","여자인구수[명]","명","140","63","58","70","76","89",
"중구","0 - 4세","남자인구수[명]","명","3449","2963","2586","2597","2438","2408",
"중구","0 - 4세","여자인구수[명]","명","3241","2827","2503","2515","2323","2252",
"중구","5 - 9세","남자인구수[명]","명","5130","4895","4538","4391","4080","3621",
"중구","5 - 9세","여자인구수[명]","명","4818","4580","4236","4048","3727","3375",
"중구","10 - 14세","남자인구수[명]","명","5211","5254","5226","5188","5064","4900",
"중구","10 - 14세","여자인구수[명]","명","4627","4721","4661","4708","4761","4664",
"중구","15 - 19세","남자인구수[명]","명","5527","5078","5041","4952","4865","4959",
"중구","15 - 19세","여자인구수[명]","명","4753","4402","4366","4334","4282","4379",
"중구","20 - 24세","남자인구수[명]","명","7268","6738","5959","5478","5101","4534",
"중구","20 - 24세","여자인구수[명]","명","5733","5229","4531","4120","3747","3309",
"중구","25 - 29세","남자인구수[명]","명","7677","7395","7003","6845","6544","6383",
"중구","25 - 29세","여자인구수[명]","명","6138","5825","5593","5401","5133","4860",
"중구","30 - 34세","남자인구수[명]","명","6307","6286","6386","6863","7108","7062",
"중구","30 - 34세","여자인구수[명]","명","5410","5489","5340","5694","5774","5837",
"중구","35 - 39세","남자인구수[명]","명","7516","6900","6270","6282","6280","6263",
"중구","35 - 39세","여자인구수[명]","명","7138","6430","5755","5625","5538","5442",
"중구","40 - 44세","남자인구수[명]","명","8422","8461","8364","8347","7893","7348",
"중구","40 - 44세","여자인구수[명]","명","7764","7892","7828","7931","7446","6887",
"중구","45 - 49세","남자인구수[명]","명","9063","8449","8047","7783","7823","8027",
"중구","45 - 49세","여자인구수[명]","명","9009","8295","7928","7468","7431","7440",
"중구","50 - 54세","남자인구수[명]","명","10110","9890","9546","9296","8904","8522",
"중구","50 - 54세","여자인구수[명]","명","10518","10443","9993","9655","9166","8627",
"중구","55 - 59세","남자인구수[명]","명","10506","10159","9782","10003","9894","9516",
"중구","55 - 59세","여자인구수[명]","명","10269","9760","9720","10041","10102","9870",
"중구","60 - 64세","남자인구수[명]","명","9214","9600","9852","9738","9780","9636",
"중구","60 - 64세","여자인구수[명]","명","9546","9860","9955","9895","9792","9570",
"중구","65 - 69세","남자인구수[명]","명","6297","6719","7019","7431","7923","8215",
"중구","65 - 69세","여자인구수[명]","명","6799","7347","7685","8158","8677","8965",
"중구","70 - 74세","남자인구수[명]","명","4046","4298","4627","4893","5121","5564",
"중구","70 - 74세","여자인구수[명]","명","4433","4745","5051","5327","5642","6374",
"중구","75 - 79세","남자인구수[명]","명","2530","2587","2651","2854","3163","3419",
"중구","75 - 79세","여자인구수[명]","명","3273","3231","3328","3547","3761","4030",
"중구","80 - 84세","남자인구수[명]","명","1346","1434","1659","1807","1852","1883",
"중구","80 - 84세","여자인구수[명]","명","2227","2303","2560","2677","2804","2791",
"중구","85 - 89세","남자인구수[명]","명","459","516","571","639","731","811",
"중구","85 - 89세","여자인구수[명]","명","1131","1214","1250","1334","1488","1566",
"중구","90 - 94세","남자인구수[명]","명","99","103","121","146","162","181",
"중구","90 - 94세","여자인구수[명]","명","415","457","480","510","527","527",
"중구","95 - 99세","남자인구수[명]","명","11","10","8","13","16","18",
"중구","95 - 99세","여자인구수[명]","명","105","87","100","121","126","119",
"중구","100+","남자인구수[명]","명","13","1","1","1","2","2",
"중구","100+","여자인구수[명]","명","47","10","12","12","9","13",
"남구","0 - 4세","남자인구수[명]","명","5119","4556","4229","3922","3752","3742",
"남구","0 - 4세","여자인구수[명]","명","4848","4377","4134","3776","3533","3515",
"남구","5 - 9세","남자인구수[명]","명","7176","7037","6706","6308","5821","5335",
"남구","5 - 9세","여자인구수[명]","명","6734","6570","6184","5884","5518","5068",
"남구","10 - 14세","남자인구수[명]","명","7457","7503","7423","7308","7262","7247",
"남구","10 - 14세","여자인구수[명]","명","6877","6772","6796","6709","6692","6803",
"남구","15 - 19세","남자인구수[명]","명","8713","7905","7727","7451","7310","7294",
"남구","15 - 19세","여자인구수[명]","명","7513","6965","6810","6700","6584","6597",
"남구","20 - 24세","남자인구수[명]","명","12178","11255","10255","9448","8873","8008",
"남구","20 - 24세","여자인구수[명]","명","9923","9163","8239","7504","6858","6050",
"남구","25 - 29세","남자인구수[명]","명","13323","12948","12529","12119","11948","11734",
"남구","25 - 29세","여자인구수[명]","명","10323","10002","9768","9391","9009","8665",
"남구","30 - 34세","남자인구수[명]","명","10938","11230","11775","12020","12236","12858",
"남구","30 - 34세","여자인구수[명]","명","9032","9165","9428","9568","9573","9923",
"남구","35 - 39세","남자인구수[명]","명","11529","10671","10229","10090","10161","10408",
"남구","35 - 39세","여자인구수[명]","명","10681","9780","9189","8759","8698","8678",
"남구","40 - 44세","남자인구수[명]","명","11796","12038","12236","12149","11654","11230",
"남구","40 - 44세","여자인구수[명]","명","11678","11661","11676","11700","11157","10564",
"남구","45 - 49세","남자인구수[명]","명","13377","12381","11740","11294","11157","11582",
"남구","45 - 49세","여자인구수[명]","명","14802","13524","12701","11645","11275","11240",
"남구","50 - 54세","남자인구수[명]","명","15802","15431","14978","14299","13590","12726",
"남구","50 - 54세","여자인구수[명]","명","16148","16291","15904","15369","14646","13803",
"남구","55 - 59세","남자인구수[명]","명","15275","14893","14566","14848","14901","14753",
"남구","55 - 59세","여자인구수[명]","명","14593","14051","14087","14572","14865","14875",
"남구","60 - 64세","남자인구수[명]","명","12472","13055","13463","13544","13523","13511",
"남구","60 - 64세","여자인구수[명]","명","12584","13165","13547","13508","13455","13307",
"남구","65 - 69세","남자인구수[명]","명","8107","8737","9224","9795","10405","10938",
"남구","65 - 69세","여자인구수[명]","명","8239","8833","9501","10181","10967","11533",
"남구","70 - 74세","남자인구수[명]","명","5014","5245","5624","5831","6354","7007",
"남구","70 - 74세","여자인구수[명]","명","5142","5475","5909","6267","6788","7601",
"남구","75 - 79세","남자인구수[명]","명","2842","2899","3077","3477","3777","4179",
"남구","75 - 79세","여자인구수[명]","명","3473","3514","3581","3890","4200","4706",
"남구","80 - 84세","남자인구수[명]","명","1434","1580","1835","1993","2092","2103",
"남구","80 - 84세","여자인구수[명]","명","2405","2487","2738","2900","2989","2942",
"남구","85 - 89세","남자인구수[명]","명","513","561","611","660","732","854",
"남구","85 - 89세","여자인구수[명]","명","1292","1365","1482","1520","1591","1695",
"남구","90 - 94세","남자인구수[명]","명","105","109","133","156","200","224",
"남구","90 - 94세","여자인구수[명]","명","448","473","468","532","567","660",
"남구","95 - 99세","남자인구수[명]","명","20","21","14","16","22","27",
"남구","95 - 99세","여자인구수[명]","명","105","118","114","118","132","115",
"남구","100+","남자인구수[명]","명","8","0","0","1","1","3",
"남구","100+","여자인구수[명]","명","26","13","8","10","17","25",
"동구","0 - 4세","남자인구수[명]","명","3089","2575","2244","2046","1766","1689",
"동구","0 - 4세","여자인구수[명]","명","2989","2546","2148","2013","1780","1663",
"동구","5 - 9세","남자인구수[명]","명","4529","4406","4058","3807","3387","2938",
"동구","5 - 9세","여자인구수[명]","명","4282","4184","3899","3645","3241","2814",
"동구","10 - 14세","남자인구수[명]","명","4341","4438","4505","4472","4497","4334",
"동구","10 - 14세","여자인구수[명]","명","3902","4009","4008","4119","4193","4108",
"동구","15 - 19세","남자인구수[명]","명","3899","3857","3924","3991","4022","4181",
"동구","15 - 19세","여자인구수[명]","명","3469","3350","3411","3490","3628","3809",
"동구","20 - 24세","남자인구수[명]","명","4760","4348","3970","3811","3626","3319",
"동구","20 - 24세","여자인구수[명]","명","3819","3581","3330","3069","2838","2647",
"동구","25 - 29세","남자인구수[명]","명","5252","5026","4900","4913","4895","4868",
"동구","25 - 29세","여자인구수[명]","명","3894","3769","3651","3663","3598","3462",
"동구","30 - 34세","남자인구수[명]","명","5339","5054","4936","4861","4793","4816",
"동구","30 - 34세","여자인구수[명]","명","4122","3848","3699","3752","3604","3448",
"동구","35 - 39세","남자인구수[명]","명","7349","6667","5931","5656","5268","4970",
"동구","35 - 39세","여자인구수[명]","명","6232","5767","5092","4660","4290","3929",
"동구","40 - 44세","남자인구수[명]","명","7379","7592","7700","7850","7530","6961",
"동구","40 - 44세","여자인구수[명]","명","6163","6360","6522","6732","6414","5978",
"동구","45 - 49세","남자인구수[명]","명","6757","6670","6704","6783","6838","7157",
"동구","45 - 49세","여자인구수[명]","명","5691","5550","5647","5619","5759","5988",
"동구","50 - 54세","남자인구수[명]","명","6312","6315","6428","6530","6571","6640",
"동구","50 - 54세","여자인구수[명]","명","6138","6070","5790","5776","5685","5580",
"동구","55 - 59세","남자인구수[명]","명","6434","6165","5897","5963","6079","6097",
"동구","55 - 59세","여자인구수[명]","명","6818","6225","6026","6070","6055","5912",
"동구","60 - 64세","남자인구수[명]","명","6950","7004","6890","6569","6222","5973",
"동구","60 - 64세","여자인구수[명]","명","6942","7303","7278","7136","6848","6390",
"동구","65 - 69세","남자인구수[명]","명","4521","4798","5006","5536","5950","6169",
"동구","65 - 69세","여자인구수[명]","명","4296","4726","5138","5601","6083","6545",
"동구","70 - 74세","남자인구수[명]","명","2810","2970","3213","3383","3672","4029",
"동구","70 - 74세","여자인구수[명]","명","2494","2736","3014","3317","3605","4086",
"동구","75 - 79세","남자인구수[명]","명","1410","1569","1735","1946","2165","2408",
"동구","75 - 79세","여자인구수[명]","명","1563","1606","1682","1857","2101","2330",
"동구","80 - 84세","남자인구수[명]","명","613","696","852","960","1031","1080",
"동구","80 - 84세","여자인구수[명]","명","1048","1103","1256","1318","1355","1375",
"동구","85 - 89세","남자인구수[명]","명","199","212","215","261","303","360",
"동구","85 - 89세","여자인구수[명]","명","607","634","636","710","721","736",
"동구","90 - 94세","남자인구수[명]","명","42","44","43","62","70","80",
"동구","90 - 94세","여자인구수[명]","명","241","235","252","254","270","312",
"동구","95 - 99세","남자인구수[명]","명","9","10","11","8","10","8",
"동구","95 - 99세","여자인구수[명]","명","75","70","63","63","59","52",
"동구","100+","남자인구수[명]","명","5","1","0","3","2","0",
"동구","100+","여자인구수[명]","명","22","7","7","12","12","16",
"북구","0 - 4세","남자인구수[명]","명","5691","5132","4624","3996","3720","3504",
"북구","0 - 4세","여자인구수[명]","명","5442","4860","4413","3851","3625","3339",
"북구","5 - 9세","남자인구수[명]","명","7298","7268","6930","6454","6000","5281",
"북구","5 - 9세","여자인구수[명]","명","6865","6779","6524","6064","5650","5058",
"북구","10 - 14세","남자인구수[명]","명","6466","6688","6799","6820","6898","6979",
"북구","10 - 14세","여자인구수[명]","명","6202","6404","6443","6394","6506","6497",
"북구","15 - 19세","남자인구수[명]","명","5867","5601","5833","5894","6078","6222",
"북구","15 - 19세","여자인구수[명]","명","5124","5090","5400","5610","5702","5864",
"북구","20 - 24세","남자인구수[명]","명","7674","7175","6456","5993","5593","5179",
"북구","20 - 24세","여자인구수[명]","명","5785","5313","4709","4275","3963","3601",
"북구","25 - 29세","남자인구수[명]","명","8003","7865","7771","7745","7785","7751",
"북구","25 - 29세","여자인구수[명]","명","6307","5860","5770","5468","5176","4898",
"북구","30 - 34세","남자인구수[명]","명","7981","7962","7962","8036","8137","8384",
"북구","30 - 34세","여자인구수[명]","명","6873","6891","6943","6743","6721","6555",
"북구","35 - 39세","남자인구수[명]","명","9862","9148","8512","7906","7892","7842",
"북구","35 - 39세","여자인구수[명]","명","9548","8809","8106","7242","6937","6701",
"북구","40 - 44세","남자인구수[명]","명","10503","10805","10927","10720","10063","9249",
"북구","40 - 44세","여자인구수[명]","명","9615","10133","10411","10497","9963","9137",
"북구","45 - 49세","남자인구수[명]","명","9245","9196","9373","9475","9802","10120",
"북구","45 - 49세","여자인구수[명]","명","9227","8875","8829","8631","8899","9335",
"북구","50 - 54세","남자인구수[명]","명","9993","9675","9517","9188","9182","9056",
"북구","50 - 54세","여자인구수[명]","명","10321","10393","10219","9820","9529","9133",
"북구","55 - 59세","남자인구수[명]","명","9999","10167","10052","10125","9992","9678",
"북구","55 - 59세","여자인구수[명]","명","8395","8663","9125","9760","10141","10246",
"북구","60 - 64세","남자인구수[명]","명","6749","7621","8379","8884","9208","9472",
"북구","60 - 64세","여자인구수[명]","명","5954","6634","7153","7539","7899","8156",
"북구","65 - 69세","남자인구수[명]","명","3664","4156","4571","5141","5751","6363",
"북구","65 - 69세","여자인구수[명]","명","3483","3954","4400","4853","5361","5880",
"북구","70 - 74세","남자인구수[명]","명","2127","2313","2572","2771","3029","3446",
"북구","70 - 74세","여자인구수[명]","명","2290","2469","2634","2755","3052","3512",
"북구","75 - 79세","남자인구수[명]","명","1315","1413","1476","1627","1743","1923",
"북구","75 - 79세","여자인구수[명]","명","1665","1709","1812","1927","2033","2214",
"북구","80 - 84세","남자인구수[명]","명","634","730","859","931","993","1058",
"북구","80 - 84세","여자인구수[명]","명","1346","1358","1456","1517","1541","1517",
"북구","85 - 89세","남자인구수[명]","명","251","276","291","306","359","392",
"북구","85 - 89세","여자인구수[명]","명","791","860","899","952","989","1016",
"북구","90 - 94세","남자인구수[명]","명","50","62","73","88","93","97",
"북구","90 - 94세","여자인구수[명]","명","292","319","330","354","386","419",
"북구","95 - 99세","남자인구수[명]","명","16","11","15","14","19","24",
"북구","95 - 99세","여자인구수[명]","명","81","81","89","97","92","108",
"북구","100+","남자인구수[명]","명","4","1","1","1","2","3",
"북구","100+","여자인구수[명]","명","16","16","12","13","18","11",
"울주군","0 - 4세","남자인구수[명]","명","3842","3494","3113","2752","2582","2562",
"울주군","0 - 4세","여자인구수[명]","명","3625","3194","2971","2675","2567","2572",
"울주군","5 - 9세","남자인구수[명]","명","5296","4976","4676","4348","3941","3471",
"울주군","5 - 9세","여자인구수[명]","명","5043","4799","4345","3994","3646","3263",
"울주군","10 - 14세","남자인구수[명]","명","5611","5594","5461","5300","5266","5179",
"울주군","10 - 14세","여자인구수[명]","명","5283","5302","5277","5154","5038","4915",
"울주군","15 - 19세","남자인구수[명]","명","6082","5825","5802","5680","5558","5576",
"울주군","15 - 19세","여자인구수[명]","명","5496","5232","5289","5188","5164","5187",
"울주군","20 - 24세","남자인구수[명]","명","7692","7364","6915","6448","6086","5626",
"울주군","20 - 24세","여자인구수[명]","명","5916","5722","5392","4967","4672","4293",
"울주군","25 - 29세","남자인구수[명]","명","7373","7474","7315","6851","6793","6792",
"울주군","25 - 29세","여자인구수[명]","명","5531","5370","5153","5013","4919","4795",
"울주군","30 - 34세","남자인구수[명]","명","6189","6271","6450","6581","6764","6996",
"울주군","30 - 34세","여자인구수[명]","명","5207","5260","5379","5207","5285","5522",
"울주군","35 - 39세","남자인구수[명]","명","7555","6956","6482","6039","6016","6131",
"울주군","35 - 39세","여자인구수[명]","명","6897","6307","5771","5325","5218","5132",
"울주군","40 - 44세","남자인구수[명]","명","8749","8689","8609","8414","7972","7407",
"울주군","40 - 44세","여자인구수[명]","명","8114","8045","7880","7707","7209","6640",
"울주군","45 - 49세","남자인구수[명]","명","10353","9803","9400","8958","8738","8769",
"울주군","45 - 49세","여자인구수[명]","명","10101","9535","9108","8411","8165","8032",
"울주군","50 - 54세","남자인구수[명]","명","11290","11499","11602","11266","10972","10632",
"울주군","50 - 54세","여자인구수[명]","명","10319","10770","10834","10692","10573","10189",
"울주군","55 - 59세","남자인구수[명]","명","10889","10868","10986","11382","11626","11654",
"울주군","55 - 59세","여자인구수[명]","명","9392","9328","9636","10159","10505","10737",
"울주군","60 - 64세","남자인구수[명]","명","9285","9979","10513","10752","10974","11169",
"울주군","60 - 64세","여자인구수[명]","명","8425","9079","9396","9480","9563","9692",
"울주군","65 - 69세","남자인구수[명]","명","5991","6724","7389","8011","8633","9328",
"울주군","65 - 69세","여자인구수[명]","명","5829","6481","6994","7555","8191","8601",
"울주군","70 - 74세","남자인구수[명]","명","4021","4294","4548","4811","5257","5801",
"울주군","70 - 74세","여자인구수[명]","명","3921","4148","4492","4841","5172","5857",
"울주군","75 - 79세","남자인구수[명]","명","2460","2522","2655","2941","3230","3653",
"울주군","75 - 79세","여자인구수[명]","명","3339","3281","3235","3324","3445","3762",
"울주군","80 - 84세","남자인구수[명]","명","1444","1554","1760","1845","1884","1889",
"울주군","80 - 84세","여자인구수[명]","명","2667","2806","3031","3091","3091","2978",
"울주군","85 - 89세","남자인구수[명]","명","610","659","694","744","794","866",
"울주군","85 - 89세","여자인구수[명]","명","1695","1771","1811","1892","1957","2015",
"울주군","90 - 94세","남자인구수[명]","명","155","172","188","200","214","243",
"울주군","90 - 94세","여자인구수[명]","명","637","699","746","766","863","964",
"울주군","95 - 99세","남자인구수[명]","명","26","26","23","25","34","44",
"울주군","95 - 99세","여자인구수[명]","명","154","169","171","182","206","213",
"울주군","100+","남자인구수[명]","명","5","1","1","3","3","3",
"울주군","100+","여자인구수[명]","명","29","17","19","23","20","24",
"세종특별자치시","0 - 4세","남자인구수[명]","명","10638","10149","9592","8666","8185","7885",
"세종특별자치시","0 - 4세","여자인구수[명]","명","10263","9849","9372","8557","8062","7782",
"세종특별자치시","5 - 9세","남자인구수[명]","명","13550","13835","13787","13456","12816","11768",
"세종특별자치시","5 - 9세","여자인구수[명]","명","12832","13230","13200","12862","12288","11245",
"세종특별자치시","10 - 14세","남자인구수[명]","명","12249","13145","13981","14216","14631","14723",
"세종특별자치시","10 - 14세","여자인구수[명]","명","12070","12847","13576","13682","13883","14059",
"세종특별자치시","15 - 19세","남자인구수[명]","명","9170","9936","10666","11369","11939","12692",
"세종특별자치시","15 - 19세","여자인구수[명]","명","9188","9866","10779","11469","12086","12669",
"세종특별자치시","20 - 24세","남자인구수[명]","명","8931","9203","9340","9184","9273","9099",
"세종특별자치시","20 - 24세","여자인구수[명]","명","8125","8325","8397","8473","8348","8147",
"세종특별자치시","25 - 29세","남자인구수[명]","명","10119","10525","10365","10015","9606","9526",
"세종특별자치시","25 - 29세","여자인구수[명]","명","10278","10457","10277","10138","9853","9691",
"세종특별자치시","30 - 34세","남자인구수[명]","명","12727","13174","13615","13434","13596","13500",
"세종특별자치시","30 - 34세","여자인구수[명]","명","13287","13907","14238","13942","14008","13787",
"세종특별자치시","35 - 39세","남자인구수[명]","명","17277","16957","16334","15834","15428","15109",
"세종특별자치시","35 - 39세","여자인구수[명]","명","18201","17681","16896","16130","15790","15412",
"세종특별자치시","40 - 44세","남자인구수[명]","명","18085","19300","20249","20350","19537","18592",
"세종특별자치시","40 - 44세","여자인구수[명]","명","18313","19699","20934","21420","20665","19717",
"세종특별자치시","45 - 49세","남자인구수[명]","명","17103","17531","17981","17894","18338","18877",
"세종특별자치시","45 - 49세","여자인구수[명]","명","15330","16234","17340","17519","18553","19257",
"세종특별자치시","50 - 54세","남자인구수[명]","명","12966","14762","15987","16622","17356","17454",
"세종특별자치시","50 - 54세","여자인구수[명]","명","11801","13251","14081","14756","15530","16018",
"세종특별자치시","55 - 59세","남자인구수[명]","명","10528","10819","11139","11879","12442","13292",
"세종특별자치시","55 - 59세","여자인구수[명]","명","9910","10044","10460","11176","11802","12363",
"세종특별자치시","60 - 64세","남자인구수[명]","명","9001","9829","10399","10508","10779","10672",
"세종특별자치시","60 - 64세","여자인구수[명]","명","9008","9877","10387","10414","10590","10514",
"세종특별자치시","65 - 69세","남자인구수[명]","명","5934","6767","7398","8025","8548","8978",
"세종특별자치시","65 - 69세","여자인구수[명]","명","6196","7049","7604","8286","8867","9348",
"세종특별자치시","70 - 74세","남자인구수[명]","명","3989","4230","4640","4794","5205","5778",
"세종특별자치시","70 - 74세","여자인구수[명]","명","4287","4503","4901","5122","5491","6123",
"세종특별자치시","75 - 79세","남자인구수[명]","명","2613","2640","2754","2999","3301","3629",
"세종특별자치시","75 - 79세","여자인구수[명]","명","3503","3402","3410","3563","3785","4105",
"세종특별자치시","80 - 84세","남자인구수[명]","명","1644","1751","1988","2024","2068","2081",
"세종특별자치시","80 - 84세","여자인구수[명]","명","2785","2914","3106","3136","3143","3069",
"세종특별자치시","85 - 89세","남자인구수[명]","명","771","855","895","948","1008","1046",
"세종특별자치시","85 - 89세","여자인구수[명]","명","1909","2037","2090","2126","2193","2125",
"세종특별자치시","90 - 94세","남자인구수[명]","명","222","225","233","253","294","331",
"세종특별자치시","90 - 94세","여자인구수[명]","명","772","846","932","969","1036","1116",
"세종특별자치시","95 - 99세","남자인구수[명]","명","41","38","39","49","59","70",
"세종특별자치시","95 - 99세","여자인구수[명]","명","165","179","194","223","264","279",
"세종특별자치시","100+","남자인구수[명]","명","10","7","7","5","4","5",
"세종특별자치시","100+","여자인구수[명]","명","40","20","28","38","35","32",
"세종특별자치시","0 - 4세","남자인구수[명]","명","10638","10149","9592","8666","8185","7885",
"세종특별자치시","0 - 4세","여자인구수[명]","명","10263","9849","9372","8557","8062","7782",
"세종특별자치시","5 - 9세","남자인구수[명]","명","13550","13835","13787","13456","12816","11768",
"세종특별자치시","5 - 9세","여자인구수[명]","명","12832","13230","13200","12862","12288","11245",
"세종특별자치시","10 - 14세","남자인구수[명]","명","12249","13145","13981","14216","14631","14723",
"세종특별자치시","10 - 14세","여자인구수[명]","명","12070","12847","13576","13682","13883","14059",
"세종특별자치시","15 - 19세","남자인구수[명]","명","9170","9936","10666","11369","11939","12692",
"세종특별자치시","15 - 19세","여자인구수[명]","명","9188","9866","10779","11469","12086","12669",
"세종특별자치시","20 - 24세","남자인구수[명]","명","8931","9203","9340","9184","9273","9099",
"세종특별자치시","20 - 24세","여자인구수[명]","명","8125","8325","8397","8473","8348","8147",
"세종특별자치시","25 - 29세","남자인구수[명]","명","10119","10525","10365","10015","9606","9526",
"세종특별자치시","25 - 29세","여자인구수[명]","명","10278","10457","10277","10138","9853","9691",
"세종특별자치시","30 - 34세","남자인구수[명]","명","12727","13174","13615","13434","13596","13500",
"세종특별자치시","30 - 34세","여자인구수[명]","명","13287","13907","14238","13942","14008","13787",
"세종특별자치시","35 - 39세","남자인구수[명]","명","17277","16957","16334","15834","15428","15109",
"세종특별자치시","35 - 39세","여자인구수[명]","명","18201","17681","16896","16130","15790","15412",
"세종특별자치시","40 - 44세","남자인구수[명]","명","18085","19300","20249","20350","19537","18592",
"세종특별자치시","40 - 44세","여자인구수[명]","명","18313","19699","20934","21420","20665","19717",
"세종특별자치시","45 - 49세","남자인구수[명]","명","17103","17531","17981","17894","18338","18877",
"세종특별자치시","45 - 49세","여자인구수[명]","명","15330","16234","17340","17519","18553","19257",
"세종특별자치시","50 - 54세","남자인구수[명]","명","12966","14762","15987","16622","17356","17454",
"세종특별자치시","50 - 54세","여자인구수[명]","명","11801","13251","14081","14756","15530","16018",
"세종특별자치시","55 - 59세","남자인구수[명]","명","10528","10819","11139","11879","12442","13292",
"세종특별자치시","55 - 59세","여자인구수[명]","명","9910","10044","10460","11176","11802","12363",
"세종특별자치시","60 - 64세","남자인구수[명]","명","9001","9829","10399","10508","10779","10672",
"세종특별자치시","60 - 64세","여자인구수[명]","명","9008","9877","10387","10414","10590","10514",
"세종특별자치시","65 - 69세","남자인구수[명]","명","5934","6767","7398","8025","8548","8978",
"세종특별자치시","65 - 69세","여자인구수[명]","명","6196","7049","7604","8286","8867","9348",
"세종특별자치시","70 - 74세","남자인구수[명]","명","3989","4230","4640","4794","5205","5778",
"세종특별자치시","70 - 74세","여자인구수[명]","명","4287","4503","4901","5122","5491","6123",
"세종특별자치시","75 - 79세","남자인구수[명]","명","2613","2640","2754","2999","3301","3629",
"세종특별자치시","75 - 79세","여자인구수[명]","명","3503","3402","3410","3563","3785","4105",
"세종특별자치시","80 - 84세","남자인구수[명]","명","1644","1751","1988","2024","2068","2081",
"세종특별자치시","80 - 84세","여자인구수[명]","명","2785","2914","3106","3136","3143","3069",
"세종특별자치시","85 - 89세","남자인구수[명]","명","771","855","895","948","1008","1046",
"세종특별자치시","85 - 89세","여자인구수[명]","명","1909","2037","2090","2126","2193","2125",
"세종특별자치시","90 - 94세","남자인구수[명]","명","222","225","233","253","294","331",
"세종특별자치시","90 - 94세","여자인구수[명]","명","772","846","932","969","1036","1116",
"세종특별자치시","95 - 99세","남자인구수[명]","명","41","38","39","49","59","70",
"세종특별자치시","95 - 99세","여자인구수[명]","명","165","179","194","223","264","279",
"세종특별자치시","100+","남자인구수[명]","명","10","7","7","5","4","5",
"세종특별자치시","100+","여자인구수[명]","명","40","20","28","38","35","32",
"경기도","0 - 4세","남자인구수[명]","명","249579","231277","218056","205753","198247","197058",
"경기도","0 - 4세","여자인구수[명]","명","237189","220307","208271","196295","189429","187353",
"경기도","5 - 9세","남자인구수[명]","명","337208","331462","314574","300605","282897","258639",
"경기도","5 - 9세","여자인구수[명]","명","322008","316881","300053","286897","269415","246915",
"경기도","10 - 14세","남자인구수[명]","명","338987","344926","345832","342461","342280","338834",
"경기도","10 - 14세","여자인구수[명]","명","321991","328544","329640","326930","327688","324880",
"경기도","15 - 19세","남자인구수[명]","명","343859","333137","334611","333286","331730","338850",
"경기도","15 - 19세","여자인구수[명]","명","323377","314398","317643","317954","316609","323937",
"경기도","20 - 24세","남자인구수[명]","명","446096","436755","413448","392989","373318","344363",
"경기도","20 - 24세","여자인구수[명]","명","410140","402563","379601","362038","345374","319563",
"경기도","25 - 29세","남자인구수[명]","명","505641","511068","502693","492121","479687","470307",
"경기도","25 - 29세","여자인구수[명]","명","445971","447883","441549","434990","429169","423371",
"경기도","30 - 34세","남자인구수[명]","명","447491","469614","490921","505681","523672","534519",
"경기도","30 - 34세","여자인구수[명]","명","413584","430285","443521","453696","465170","474214",
"경기도","35 - 39세","남자인구수[명]","명","535352","514005","487306","473891","473882","475008",
"경기도","35 - 39세","여자인구수[명]","명","511032","486543","460552","445466","444659","441706",
"경기도","40 - 44세","남자인구수[명]","명","561089","579073","589373","595512","576335","551469",
"경기도","40 - 44세","여자인구수[명]","명","541481","557686","563039","570061","548042","524083",
"경기도","45 - 49세","남자인구수[명]","명","607747","589159","573341","555283","553687","563356",
"경기도","45 - 49세","여자인구수[명]","명","589106","570255","558850","536075","536810","544559",
"경기도","50 - 54세","남자인구수[명]","명","587552","609759","622921","623708","620260","604787",
"경기도","50 - 54세","여자인구수[명]","명","577267","604211","610282","610656","604586","591593",
"경기도","55 - 59세","남자인구수[명]","명","544753","542868","537073","553993","566677","580254",
"경기도","55 - 59세","여자인구수[명]","명","525348","518006","523146","547642","566084","579335",
"경기도","60 - 64세","남자인구수[명]","명","466900","499729","519074","525995","533483","531263",
"경기도","60 - 64세","여자인구수[명]","명","460951","493592","511255","518125","525892","525725",
"경기도","65 - 69세","남자인구수[명]","명","294622","330553","353394","388137","419996","450372",
"경기도","65 - 69세","여자인구수[명]","명","309961","345727","367239","399536","431639","460387",
"경기도","70 - 74세","남자인구수[명]","명","203002","204473","218374","227888","247566","278472",
"경기도","70 - 74세","여자인구수[명]","명","230467","231172","244131","253883","273224","306074",
"경기도","75 - 79세","남자인구수[명]","명","144380","148337","153038","163480","173250","182188",
"경기도","75 - 79세","여자인구수[명]","명","187966","189591","193120","201852","211074","221476",
"경기도","80 - 84세","남자인구수[명]","명","89337","95985","105876","109815","112757","116400",
"경기도","80 - 84세","여자인구수[명]","명","141312","149220","160505","164798","167593","169490",
"경기도","85 - 89세","남자인구수[명]","명","37212","41691","45134","49604","54486","58331",
"경기도","85 - 89세","여자인구수[명]","명","80352","87592","92206","98812","105838","110344",
"경기도","90 - 94세","남자인구수[명]","명","10155","10936","11867","13124","14995","17254",
"경기도","90 - 94세","여자인구수[명]","명","31929","34144","35787","38285","42041","46855",
"경기도","95 - 99세","남자인구수[명]","명","2350","2143","2014","2180","2548","2860",
"경기도","95 - 99세","여자인구수[명]","명","7955","8140","8397","9472","10649","11652",
"경기도","100+","남자인구수[명]","명","1157","348","356","389","433","406",
"경기도","100+","여자인구수[명]","명","3158","1412","1369","1463","1514","1633",
"북부출장소","0 - 4세","남자인구수[명]","명","0","0","0","0","0","0",
"북부출장소","0 - 4세","여자인구수[명]","명","0","0","0","0","0","0",
"북부출장소","5 - 9세","남자인구수[명]","명","0","0","0","0","0","0",
"북부출장소","5 - 9세","여자인구수[명]","명","0","0","0","0","0","0",
"북부출장소","10 - 14세","남자인구수[명]","명","0","0","0","0","0","0",
"북부출장소","10 - 14세","여자인구수[명]","명","0","0","0","0","0","0",
"북부출장소","15 - 19세","남자인구수[명]","명","0","0","0","0","0","0",
"북부출장소","15 - 19세","여자인구수[명]","명","0","0","0","0","0","0",
"북부출장소","20 - 24세","남자인구수[명]","명","0","0","0","0","0","0",
"북부출장소","20 - 24세","여자인구수[명]","명","0","0","0","0","0","0",
"북부출장소","25 - 29세","남자인구수[명]","명","0","0","0","0","0","0",
"북부출장소","25 - 29세","여자인구수[명]","명","0","0","0","0","0","0",
"북부출장소","30 - 34세","남자인구수[명]","명","0","0","0","0","0","0",
"북부출장소","30 - 34세","여자인구수[명]","명","0","0","0","0","0","0",
"북부출장소","35 - 39세","남자인구수[명]","명","0","0","0","0","0","0",
"북부출장소","35 - 39세","여자인구수[명]","명","0","0","0","0","0","0",
"북부출장소","40 - 44세","남자인구수[명]","명","0","0","0","0","0","0",
"북부출장소","40 - 44세","여자인구수[명]","명","0","0","0","0","0","0",
"북부출장소","45 - 49세","남자인구수[명]","명","0","0","0","0","0","0",
"북부출장소","45 - 49세","여자인구수[명]","명","0","0","0","0","0","0",
"북부출장소","50 - 54세","남자인구수[명]","명","0","0","0","0","0","0",
"북부출장소","50 - 54세","여자인구수[명]","명","0","0","0","0","0","0",
"북부출장소","55 - 59세","남자인구수[명]","명","0","0","0","0","0","0",
"북부출장소","55 - 59세","여자인구수[명]","명","0","0","0","0","0","0",
"북부출장소","60 - 64세","남자인구수[명]","명","0","0","0","0","0","0",
"북부출장소","60 - 64세","여자인구수[명]","명","0","0","0","0","0","0",
"북부출장소","65 - 69세","남자인구수[명]","명","0","0","0","0","0","0",
"북부출장소","65 - 69세","여자인구수[명]","명","0","0","0","0","0","0",
"북부출장소","70 - 74세","남자인구수[명]","명","0","0","0","0","0","0",
"북부출장소","70 - 74세","여자인구수[명]","명","0","0","0","0","0","0",
"북부출장소","75 - 79세","남자인구수[명]","명","0","0","0","0","0","0",
"북부출장소","75 - 79세","여자인구수[명]","명","0","0","0","0","0","0",
"북부출장소","80 - 84세","남자인구수[명]","명","0","0","0","0","0","0",
"북부출장소","80 - 84세","여자인구수[명]","명","0","0","0","0","0","0",
"북부출장소","85 - 89세","남자인구수[명]","명","0","0","0","0","0","0",
"북부출장소","85 - 89세","여자인구수[명]","명","0","0","0","0","0","0",
"북부출장소","90 - 94세","남자인구수[명]","명","0","0","0","0","0","0",
"북부출장소","90 - 94세","여자인구수[명]","명","0","0","0","0","0","0",
"북부출장소","95 - 99세","남자인구수[명]","명","0","0","0","0","0","0",
"북부출장소","95 - 99세","여자인구수[명]","명","0","0","0","0","0","0",
"북부출장소","100+","남자인구수[명]","명","0","0","0","0","0","0",
"북부출장소","100+","여자인구수[명]","명","0","0","0","0","0","0",
"수원시","0 - 4세","남자인구수[명]","명","21194","19257","18585","17623","16664","16529",
"수원시","0 - 4세","여자인구수[명]","명","19924","18110","17477","16622","15814","15681",
"수원시","5 - 9세","남자인구수[명]","명","28901","27593","26170","24981","23148","20871",
"수원시","5 - 9세","여자인구수[명]","명","27095","26077","24547","23410","21720","19567",
"수원시","10 - 14세","남자인구수[명]","명","29655","29561","29308","28890","28475","28015",
"수원시","10 - 14세","여자인구수[명]","명","27718","27636","27637","27095","26751","26301",
"수원시","15 - 19세","남자인구수[명]","명","31584","30002","30050","29511","28842","29145",
"수원시","15 - 19세","여자인구수[명]","명","29372","28170","28216","27887","27249","27396",
"수원시","20 - 24세","남자인구수[명]","명","44364","42912","40831","38961","37238","34047",
"수원시","20 - 24세","여자인구수[명]","명","41281","40268","38399","36978","34929","32027",
"수원시","25 - 29세","남자인구수[명]","명","53948","53771","53411","52710","51490","50069",
"수원시","25 - 29세","여자인구수[명]","명","47012","47307","47242","47190","46770","45860",
"수원시","30 - 34세","남자인구수[명]","명","44811","47333","50679","53390","54828","55540",
"수원시","30 - 34세","여자인구수[명]","명","39947","41590","44338","46315","47327","48165",
"수원시","35 - 39세","남자인구수[명]","명","47900","45684","44666","44301","44060","44170",
"수원시","35 - 39세","여자인구수[명]","명","45929","42598","40958","40336","40142","39900",
"수원시","40 - 44세","남자인구수[명]","명","49440","49848","50694","50934","48626","46293",
"수원시","40 - 44세","여자인구수[명]","명","48105","48787","49096","49371","46666","44330",
"수원시","45 - 49세","남자인구수[명]","명","52802","50427","49092","47632","47198","47520",
"수원시","45 - 49세","여자인구수[명]","명","52490","50162","49393","47075","46611","46600",
"수원시","50 - 54세","남자인구수[명]","명","51084","52370","53205","53258","52126","50455",
"수원시","50 - 54세","여자인구수[명]","명","52591","53879","53893","53685","52451","50909",
"수원시","55 - 59세","남자인구수[명]","명","46964","46207","45880","47022","47815","48509",
"수원시","55 - 59세","여자인구수[명]","명","45857","45031","45897","48365","49838","50383",
"수원시","60 - 64세","남자인구수[명]","명","37380","40343","42379","43436","44113","43596",
"수원시","60 - 64세","여자인구수[명]","명","36794","39716","41799","42943","43792","43845",
"수원시","65 - 69세","남자인구수[명]","명","22090","24636","26258","29067","31826","34616",
"수원시","65 - 69세","여자인구수[명]","명","24032","26634","28031","30662","33244","35520",
"수원시","70 - 74세","남자인구수[명]","명","14974","15026","16106","16758","18030","20085",
"수원시","70 - 74세","여자인구수[명]","명","17374","17344","18405","19265","20658","23065",
"수원시","75 - 79세","남자인구수[명]","명","10266","10524","10877","11676","12459","13098",
"수원시","75 - 79세","여자인구수[명]","명","13961","13932","14356","15054","15691","16477",
"수원시","80 - 84세","남자인구수[명]","명","6142","6650","7336","7657","7762","8036",
"수원시","80 - 84세","여자인구수[명]","명","10305","10833","11584","11911","12233","12401",
"수원시","85 - 89세","남자인구수[명]","명","2579","2856","3079","3433","3737","4015",
"수원시","85 - 89세","여자인구수[명]","명","5927","6462","6760","7243","7656","7846",
"수원시","90 - 94세","남자인구수[명]","명","745","766","853","925","1030","1188",
"수원시","90 - 94세","여자인구수[명]","명","2431","2526","2596","2731","2919","3323",
"수원시","95 - 99세","남자인구수[명]","명","169","145","141","155","176","185",
"수원시","95 - 99세","여자인구수[명]","명","625","599","617","672","752","777",
"수원시","100+","남자인구수[명]","명","84","22","19","26","25","26",
"수원시","100+","여자인구수[명]","명","232","120","104","101","124","134",
"성남시","0 - 4세","남자인구수[명]","명","14666","13751","13275","12659","12280","12224",
"성남시","0 - 4세","여자인구수[명]","명","14225","13324","12802","12330","11709","11617",
"성남시","5 - 9세","남자인구수[명]","명","20583","19790","18666","17828","16765","15421",
"성남시","5 - 9세","여자인구수[명]","명","19361","18808","17876","17209","16241","14899",
"성남시","10 - 14세","남자인구수[명]","명","21706","21724","21499","21275","21003","20581",
"성남시","10 - 14세","여자인구수[명]","명","20736","20702","20403","20181","20032","19567",
"성남시","15 - 19세","남자인구수[명]","명","23289","22132","21914","21324","20630","20836",
"성남시","15 - 19세","여자인구수[명]","명","22108","20996","20904","20573","20028","20251",
"성남시","20 - 24세","남자인구수[명]","명","30147","28722","26759","25306","23906","21698",
"성남시","20 - 24세","여자인구수[명]","명","29416","28155","26168","24700","23398","21405",
"성남시","25 - 29세","남자인구수[명]","명","37688","36696","35456","34425","33236","31953",
"성남시","25 - 29세","여자인구수[명]","명","35027","33947","32823","32153","31352","30415",
"성남시","30 - 34세","남자인구수[명]","명","33626","34561","35581","36329","36947","37121",
"성남시","30 - 34세","여자인구수[명]","명","31887","32520","32980","33534","33686","33836",
"성남시","35 - 39세","남자인구수[명]","명","35972","34474","32956","32559","32296","32303",
"성남시","35 - 39세","여자인구수[명]","명","35523","33609","32285","31723","31611","31168",
"성남시","40 - 44세","남자인구수[명]","명","36487","36741","37069","37678","36419","34997",
"성남시","40 - 44세","여자인구수[명]","명","37703","37956","37812","38175","36510","35001",
"성남시","45 - 49세","남자인구수[명]","명","41016","38593","36951","35380","34876","34941",
"성남시","45 - 49세","여자인구수[명]","명","41959","39786","38266","36139","35750","35985",
"성남시","50 - 54세","남자인구수[명]","명","40833","41876","41863","41227","39952","37902",
"성남시","50 - 54세","여자인구수[명]","명","40356","41856","41758","41575","40404","38702",
"성남시","55 - 59세","남자인구수[명]","명","36941","35934","35285","35780","36155","36980",
"성남시","55 - 59세","여자인구수[명]","명","37662","35687","35453","36215","36702","37102",
"성남시","60 - 64세","남자인구수[명]","명","33656","34763","34759","34499","34152","33207",
"성남시","60 - 64세","여자인구수[명]","명","34270","35754","36155","36116","35670","34895",
"성남시","65 - 69세","남자인구수[명]","명","21996","24097","25538","27565","29005","30286",
"성남시","65 - 69세","여자인구수[명]","명","23695","25765","27001","28713","30486","31953",
"성남시","70 - 74세","남자인구수[명]","명","15436","15317","16073","16596","17739","19560",
"성남시","70 - 74세","여자인구수[명]","명","17940","17637","18239","18860","19929","22019",
"성남시","75 - 79세","남자인구수[명]","명","10955","10895","11209","11890","12559","13181",
"성남시","75 - 79세","여자인구수[명]","명","13617","13777","14227","14993","15762","16403",
"성남시","80 - 84세","남자인구수[명]","명","6548","6964","7707","8040","8280","8484",
"성남시","80 - 84세","여자인구수[명]","명","9881","10196","10886","11233","11453","11670",
"성남시","85 - 89세","남자인구수[명]","명","2681","3006","3222","3575","3875","4206",
"성남시","85 - 89세","여자인구수[명]","명","5809","6077","6284","6649","7031","7331",
"성남시","90 - 94세","남자인구수[명]","명","858","912","909","982","1082","1232",
"성남시","90 - 94세","여자인구수[명]","명","2442","2556","2598","2782","2991","3236",
"성남시","95 - 99세","남자인구수[명]","명","189","153","155","185","214","228",
"성남시","95 - 99세","여자인구수[명]","명","679","607","619","653","763","843",
"성남시","100+","남자인구수[명]","명","134","30","36","35","37","39",
"성남시","100+","여자인구수[명]","명","361","102","97","104","93","116",
"의정부시","0 - 4세","남자인구수[명]","명","7632","7195","6875","6536","6111","5967",
"의정부시","0 - 4세","여자인구수[명]","명","7024","6501","6317","6161","5812","5723",
"의정부시","5 - 9세","남자인구수[명]","명","10187","9895","9452","9128","8630","7932",
"의정부시","5 - 9세","여자인구수[명]","명","9610","9405","8826","8445","7903","7303",
"의정부시","10 - 14세","남자인구수[명]","명","10394","10506","10231","10109","10074","9985",
"의정부시","10 - 14세","여자인구수[명]","명","9707","9783","9833","9784","9636","9427",
"의정부시","15 - 19세","남자인구수[명]","명","11531","10958","10797","10549","10283","10451",
"의정부시","15 - 19세","여자인구수[명]","명","10907","10369","10206","9927","9687","9829",
"의정부시","20 - 24세","남자인구수[명]","명","15759","15395","14459","13654","12576","11708",
"의정부시","20 - 24세","여자인구수[명]","명","15339","15163","14277","13459","12552","11584",
"의정부시","25 - 29세","남자인구수[명]","명","17067","17185","16814","16350","15667","15234",
"의정부시","25 - 29세","여자인구수[명]","명","16406","16541","16593","16217","15484","15145",
"의정부시","30 - 34세","남자인구수[명]","명","13853","14683","15725","16274","16432","16693",
"의정부시","30 - 34세","여자인구수[명]","명","13433","14000","14760","15282","15388","15629",
"의정부시","35 - 39세","남자인구수[명]","명","16841","16051","15270","14719","14538","14637",
"의정부시","35 - 39세","여자인구수[명]","명","16020","15337","14701","14068","13929","13859",
"의정부시","40 - 44세","남자인구수[명]","명","17396","18080","18486","18917","18032","17266",
"의정부시","40 - 44세","여자인구수[명]","명","16876","17254","17326","17724","17006","16190",
"의정부시","45 - 49세","남자인구수[명]","명","20086","18980","18075","17284","17072","17429",
"의정부시","45 - 49세","여자인구수[명]","명","20436","19300","18352","17212","16775","16863",
"의정부시","50 - 54세","남자인구수[명]","명","20243","20969","21228","21129","20665","19931",
"의정부시","50 - 54세","여자인구수[명]","명","21197","21821","22144","21908","21421","20712",
"의정부시","55 - 59세","남자인구수[명]","명","19266","18983","18732","19177","19593","19942",
"의정부시","55 - 59세","여자인구수[명]","명","19681","19379","19324","20171","20780","21174",
"의정부시","60 - 64세","남자인구수[명]","명","16933","17911","18341","18547","18682","18516",
"의정부시","60 - 64세","여자인구수[명]","명","17517","18492","19025","19378","19471","19451",
"의정부시","65 - 69세","남자인구수[명]","명","10680","11894","12773","14013","14909","16152",
"의정부시","65 - 69세","여자인구수[명]","명","12154","13282","14170","15378","16364","17258",
"의정부시","70 - 74세","남자인구수[명]","명","7801","7708","8085","8347","9058","10034",
"의정부시","70 - 74세","여자인구수[명]","명","9558","9440","9799","9922","10640","11966",
"의정부시","75 - 79세","남자인구수[명]","명","5951","6063","6146","6399","6671","6930",
"의정부시","75 - 79세","여자인구수[명]","명","8003","8068","8126","8607","8879","9174",
"의정부시","80 - 84세","남자인구수[명]","명","3739","3989","4341","4477","4609","4731",
"의정부시","80 - 84세","여자인구수[명]","명","5844","6118","6649","6816","7002","7090",
"의정부시","85 - 89세","남자인구수[명]","명","1483","1626","1782","1983","2175","2330",
"의정부시","85 - 89세","여자인구수[명]","명","3036","3322","3576","3825","4177","4420",
"의정부시","90 - 94세","남자인구수[명]","명","377","389","412","476","568","653",
"의정부시","90 - 94세","여자인구수[명]","명","1165","1236","1279","1370","1495","1676",
"의정부시","95 - 99세","남자인구수[명]","명","72","70","72","83","93","109",
"의정부시","95 - 99세","여자인구수[명]","명","273","265","291","334","361","406",
"의정부시","100+","남자인구수[명]","명","51","8","11","12","11","10",
"의정부시","100+","여자인구수[명]","명","182","47","43","62","60","53",
"안양시","0 - 4세","남자인구수[명]","명","8649","8186","8285","7819","8120","8593",
"안양시","0 - 4세","여자인구수[명]","명","8350","7986","7920","7536","7782","8207",
"안양시","5 - 9세","남자인구수[명]","명","11349","11067","10569","10182","9859","9312",
"안양시","5 - 9세","여자인구수[명]","명","10946","10581","10207","9875","9670","9052",
"안양시","10 - 14세","남자인구수[명]","명","12834","12721","12466","12083","12319","12282",
"안양시","10 - 14세","여자인구수[명]","명","11835","11722","11555","11316","11601","11793",
"안양시","15 - 19세","남자인구수[명]","명","14299","13639","13429","12952","12793","12938",
"안양시","15 - 19세","여자인구수[명]","명","13389","12753","12535","12120","12037","12165",
"안양시","20 - 24세","남자인구수[명]","명","19153","17946","16693","15795","14927","13686",
"안양시","20 - 24세","여자인구수[명]","명","17794","17017","15832","14858","14171","13091",
"안양시","25 - 29세","남자인구수[명]","명","21249","20799","20288","19489","19570","19299",
"안양시","25 - 29세","여자인구수[명]","명","19558","19111","18670","18005","17979","18031",
"안양시","30 - 34세","남자인구수[명]","명","19089","20069","20955","21112","22492","23373",
"안양시","30 - 34세","여자인구수[명]","명","17869","18781","19710","19713","21009","21911",
"안양시","35 - 39세","남자인구수[명]","명","20119","19762","19714","19383","20485","21363",
"안양시","35 - 39세","여자인구수[명]","명","19276","18722","18637","18240","19288","20045",
"안양시","40 - 44세","남자인구수[명]","명","19817","20365","20972","21347","21580","21663",
"안양시","40 - 44세","여자인구수[명]","명","20465","20504","20537","20855","20791","20419",
"안양시","45 - 49세","남자인구수[명]","명","23175","21810","20895","19915","19855","20202",
"안양시","45 - 49세","여자인구수[명]","명","24349","22982","22123","20711","20670","20871",
"안양시","50 - 54세","남자인구수[명]","명","24014","24201","24369","23619","23409","22713",
"안양시","50 - 54세","여자인구수[명]","명","25634","26059","25831","25329","24836","23877",
"안양시","55 - 59세","남자인구수[명]","명","23303","22486","21811","22351","22681","22932",
"안양시","55 - 59세","여자인구수[명]","명","24562","23308","23096","23738","24524","24852",
"안양시","60 - 64세","남자인구수[명]","명","21319","22075","22619","22265","22416","21839",
"안양시","60 - 64세","여자인구수[명]","명","22050","23244","24120","24026","24180","23720",
"안양시","65 - 69세","남자인구수[명]","명","13674","14936","15851","17221","18526","19770",
"안양시","65 - 69세","여자인구수[명]","명","13802","15263","16429","17946","19884","21421",
"안양시","70 - 74세","남자인구수[명]","명","8800","8863","9544","10140","11253","12516",
"안양시","70 - 74세","여자인구수[명]","명","9558","9676","10250","10709","11759","13344",
"안양시","75 - 79세","남자인구수[명]","명","5688","5862","6143","6553","7101","7775",
"안양시","75 - 79세","여자인구수[명]","명","7599","7605","7781","8196","8616","9105",
"안양시","80 - 84세","남자인구수[명]","명","3402","3631","4049","4227","4319","4492",
"안양시","80 - 84세","여자인구수[명]","명","5769","5930","6368","6420","6640","6707",
"안양시","85 - 89세","남자인구수[명]","명","1445","1547","1655","1837","2041","2166",
"안양시","85 - 89세","여자인구수[명]","명","3508","3639","3852","4057","4301","4425",
"안양시","90 - 94세","남자인구수[명]","명","418","436","474","527","602","658",
"안양시","90 - 94세","여자인구수[명]","명","1329","1438","1539","1664","1804","2000",
"안양시","95 - 99세","남자인구수[명]","명","88","87","89","86","95","116",
"안양시","95 - 99세","여자인구수[명]","명","322","310","311","387","446","484",
"안양시","100+","남자인구수[명]","명","52","8","8","8","10","8",
"안양시","100+","여자인구수[명]","명","127","51","47","48","51","63",
"부천시","0 - 4세","남자인구수[명]","명","12808","11536","10517","9680","8953","8482",
"부천시","0 - 4세","여자인구수[명]","명","12029","10775","9970","9237","8542","8169",
"부천시","5 - 9세","남자인구수[명]","명","16573","15800","14527","13614","12491","11353",
"부천시","5 - 9세","여자인구수[명]","명","15814","14918","13765","12913","11795","10725",
"부천시","10 - 14세","남자인구수[명]","명","17216","16825","16455","16019","15750","15266",
"부천시","10 - 14세","여자인구수[명]","명","16300","16194","15715","15210","14994","14470",
"부천시","15 - 19세","남자인구수[명]","명","19018","17980","17570","16956","16536","16481",
"부천시","15 - 19세","여자인구수[명]","명","18042","16957","16732","16252","15767","15764",
"부천시","20 - 24세","남자인구수[명]","명","27674","25744","23482","21731","20106","17922",
"부천시","20 - 24세","여자인구수[명]","명","26340","24594","22255","20788","19199","17383",
"부천시","25 - 29세","남자인구수[명]","명","32903","32108","30327","28815","26864","25346",
"부천시","25 - 29세","여자인구수[명]","명","30491","29683","28304","27194","26032","24796",
"부천시","30 - 34세","남자인구수[명]","명","27997","28464","28961","28986","29260","29082",
"부천시","30 - 34세","여자인구수[명]","명","26640","27062","27038","26988","26824","26519",
"부천시","35 - 39세","남자인구수[명]","명","31620","29442","27207","26206","25661","25170",
"부천시","35 - 39세","여자인구수[명]","명","29777","27498","25647","24613","23993","23432",
"부천시","40 - 44세","남자인구수[명]","명","30895","31090","31229","31157","29756","28289",
"부천시","40 - 44세","여자인구수[명]","명","30064","30175","29900","29870","28342","26862",
"부천시","45 - 49세","남자인구수[명]","명","34135","32117","30362","28793","28184","28276",
"부천시","45 - 49세","여자인구수[명]","명","34057","31867","30355","28465","27976","27943",
"부천시","50 - 54세","남자인구수[명]","명","35101","35360","35174","34485","33437","31904",
"부천시","50 - 54세","여자인구수[명]","명","37600","37891","36947","35621","34189","32280",
"부천시","55 - 59세","남자인구수[명]","명","36579","34796","33104","33322","33123","32749",
"부천시","55 - 59세","여자인구수[명]","명","38316","36735","35749","36326","36187","35733",
"부천시","60 - 64세","남자인구수[명]","명","33800","35314","35784","35204","34647","33306",
"부천시","60 - 64세","여자인구수[명]","명","34642","36474","37300","37192","37033","36019",
"부천시","65 - 69세","남자인구수[명]","명","20795","22868","24381","26593","28764","30440",
"부천시","65 - 69세","여자인구수[명]","명","21377","23958","25652","28015","30326","32569",
"부천시","70 - 74세","남자인구수[명]","명","13252","13604","14535","15159","16383","18335",
"부천시","70 - 74세","여자인구수[명]","명","14280","14514","15411","16177","17732","19998",
"부천시","75 - 79세","남자인구수[명]","명","8249","8545","8921","9712","10517","11287",
"부천시","75 - 79세","여자인구수[명]","명","10857","10841","11071","11604","12332","13236",
"부천시","80 - 84세","남자인구수[명]","명","4652","4981","5538","5881","6060","6283",
"부천시","80 - 84세","여자인구수[명]","명","8273","8648","9251","9391","9473","9438",
"부천시","85 - 89세","남자인구수[명]","명","1987","2138","2278","2413","2665","2902",
"부천시","85 - 89세","여자인구수[명]","명","4888","5212","5269","5686","6007","6156",
"부천시","90 - 94세","남자인구수[명]","명","587","641","617","681","761","826",
"부천시","90 - 94세","여자인구수[명]","명","1914","2019","2123","2229","2393","2637",
"부천시","95 - 99세","남자인구수[명]","명","120","104","103","110","129","149",
"부천시","95 - 99세","여자인구수[명]","명","471","472","480","572","628","702",
"부천시","100+","남자인구수[명]","명","62","27","30","14","17","15",
"부천시","100+","여자인구수[명]","명","188","96","92","94","90","102",
"광명시","0 - 4세","남자인구수[명]","명","4919","4514","4211","3819","3623","4264",
"광명시","0 - 4세","여자인구수[명]","명","4704","4333","4077","3683","3490","4021",
"광명시","5 - 9세","남자인구수[명]","명","7019","6610","6141","5665","5231","4978",
"광명시","5 - 9세","여자인구수[명]","명","6641","6363","5888","5465","5033","4860",
"광명시","10 - 14세","남자인구수[명]","명","7532","7394","7304","7025","6792","6853",
"광명시","10 - 14세","여자인구수[명]","명","7323","7137","6964","6622","6497","6531",
"광명시","15 - 19세","남자인구수[명]","명","8186","7829","7670","7365","7255","7369",
"광명시","15 - 19세","여자인구수[명]","명","7540","7173","7241","7160","6919","7157",
"광명시","20 - 24세","남자인구수[명]","명","9701","9306","8698","8149","7743","7607",
"광명시","20 - 24세","여자인구수[명]","명","8989","8696","8028","7563","7230","7039",
"광명시","25 - 29세","남자인구수[명]","명","10317","9843","9333","8958","8597","9083",
"광명시","25 - 29세","여자인구수[명]","명","9249","8938","8812","8480","8378","8965",
"광명시","30 - 34세","남자인구수[명]","명","9511","9785","9793","9612","9846","11294",
"광명시","30 - 34세","여자인구수[명]","명","9176","9172","9111","9003","9195","10755",
"광명시","35 - 39세","남자인구수[명]","명","11263","10558","9895","9209","9099","10356",
"광명시","35 - 39세","여자인구수[명]","명","11258","10459","9608","8882","8812","9730",
"광명시","40 - 44세","남자인구수[명]","명","11958","11749","11692","11399","10924","11240",
"광명시","40 - 44세","여자인구수[명]","명","12197","12258","12160","11896","11194","11329",
"광명시","45 - 49세","남자인구수[명]","명","13588","12800","12147","11280","10881","11342",
"광명시","45 - 49세","여자인구수[명]","명","13856","13007","12545","11698","11540","11829",
"광명시","50 - 54세","남자인구수[명]","명","12834","12887","13021","12718","12565","12799",
"광명시","50 - 54세","여자인구수[명]","명","12972","13292","13297","13080","12865","13329",
"광명시","55 - 59세","남자인구수[명]","명","11898","11484","11178","11294","11410","11924",
"광명시","55 - 59세","여자인구수[명]","명","11973","11294","11140","11421","11654","12471",
"광명시","60 - 64세","남자인구수[명]","명","10522","10914","10882","10480","10526","10918",
"광명시","60 - 64세","여자인구수[명]","명","11790","12053","11981","11401","11208","11408",
"광명시","65 - 69세","남자인구수[명]","명","7279","7831","8146","8613","8904","9612",
"광명시","65 - 69세","여자인구수[명]","명","7901","8627","9084","9583","10206","11158",
"광명시","70 - 74세","남자인구수[명]","명","4836","4843","5041","5092","5639","6482",
"광명시","70 - 74세","여자인구수[명]","명","5471","5422","5752","5911","6425","7417",
"광명시","75 - 79세","남자인구수[명]","명","3162","3143","3309","3500","3685","4078",
"광명시","75 - 79세","여자인구수[명]","명","4314","4217","4192","4291","4539","4960",
"광명시","80 - 84세","남자인구수[명]","명","1770","1896","2115","2181","2224","2300",
"광명시","80 - 84세","여자인구수[명]","명","3082","3222","3532","3514","3493","3617",
"광명시","85 - 89세","남자인구수[명]","명","692","760","785","875","1007","1079",
"광명시","85 - 89세","여자인구수[명]","명","1888","1938","1949","2028","2120","2178",
"광명시","90 - 94세","남자인구수[명]","명","208","187","217","216","247","304",
"광명시","90 - 94세","여자인구수[명]","명","704","731","766","788","864","984",
"광명시","95 - 99세","남자인구수[명]","명","47","42","47","52","53","52",
"광명시","95 - 99세","여자인구수[명]","명","186","153","154","181","215","228",
"광명시","100+","남자인구수[명]","명","36","9","7","10","10","9",
"광명시","100+","여자인구수[명]","명","107","24","32","35","29","38",
"평택시","0 - 4세","남자인구수[명]","명","10977","10944","10792","10516","10355","10751",
"평택시","0 - 4세","여자인구수[명]","명","10695","10806","10630","10355","10229","10332",
"평택시","5 - 9세","남자인구수[명]","명","14055","14470","14196","14082","13579","12860",
"평택시","5 - 9세","여자인구수[명]","명","13426","13845","13589","13490","13049","12603",
"평택시","10 - 14세","남자인구수[명]","명","13900","14494","14861","14969","15177","15379",
"평택시","10 - 14세","여자인구수[명]","명","13100","13749","14138","14423","14659","14958",
"평택시","15 - 19세","남자인구수[명]","명","13550","13416","13595","13735","13868","14520",
"평택시","15 - 19세","여자인구수[명]","명","12664","12545","12873","13069","13304","13799",
"평택시","20 - 24세","남자인구수[명]","명","17974","18552","18113","17341","16448","15080",
"평택시","20 - 24세","여자인구수[명]","명","15651","15888","15211","14689","14094","13028",
"평택시","25 - 29세","남자인구수[명]","명","22294","24577","25716","26032","25570","25218",
"평택시","25 - 29세","여자인구수[명]","명","17511","18650","18817","18906","18863","18967",
"평택시","30 - 34세","남자인구수[명]","명","20455","23489","25844","27804","28983","30329",
"평택시","30 - 34세","여자인구수[명]","명","16514","18328","19523","20746","21573","22751",
"평택시","35 - 39세","남자인구수[명]","명","23393","24153","24000","24368","24919","25754",
"평택시","35 - 39세","여자인구수[명]","명","20335","20478","19811","19701","19975","20578",
"평택시","40 - 44세","남자인구수[명]","명","24241","26600","28052","28904","28237","27753",
"평택시","40 - 44세","여자인구수[명]","명","21109","22436","23463","24201","23585","23080",
"평택시","45 - 49세","남자인구수[명]","명","25645","25717","25758","25679","25943","27086",
"평택시","45 - 49세","여자인구수[명]","명","22805","22809","22683","22079","22241","22950",
"평택시","50 - 54세","남자인구수[명]","명","24154","26044","27386","27951","28057","27775",
"평택시","50 - 54세","여자인구수[명]","명","21921","23636","24320","24801","24506","24519",
"평택시","55 - 59세","남자인구수[명]","명","21530","22215","22600","23841","24636","25601",
"평택시","55 - 59세","여자인구수[명]","명","19308","19474","20023","21546","22684","23509",
"평택시","60 - 64세","남자인구수[명]","명","17126","18915","20254","20773","21556","21962",
"평택시","60 - 64세","여자인구수[명]","명","16488","17935","18909","19236","19684","20025",
"평택시","65 - 69세","남자인구수[명]","명","10298","11812","12548","14075","15305","16810",
"평택시","65 - 69세","여자인구수[명]","명","11297","12397","12990","14086","15275","16573",
"평택시","70 - 74세","남자인구수[명]","명","7198","7349","7767","8071","8726","9819",
"평택시","70 - 74세","여자인구수[명]","명","8577","8725","9070","9336","9962","11120",
"평택시","75 - 79세","남자인구수[명]","명","5263","5393","5464","5763","6047","6423",
"평택시","75 - 79세","여자인구수[명]","명","7516","7388","7306","7530","7783","8187",
"평택시","80 - 84세","남자인구수[명]","명","3551","3702","4040","4102","4121","4166",
"평택시","80 - 84세","여자인구수[명]","명","5894","6107","6469","6520","6563","6610",
"평택시","85 - 89세","남자인구수[명]","명","1438","1630","1788","1897","2043","2187",
"평택시","85 - 89세","여자인구수[명]","명","3213","3524","3738","4053","4300","4379",
"평택시","90 - 94세","남자인구수[명]","명","389","376","413","469","542","615",
"평택시","90 - 94세","여자인구수[명]","명","1198","1260","1349","1390","1547","1760",
"평택시","95 - 99세","남자인구수[명]","명","113","94","88","88","99","110",
"평택시","95 - 99세","여자인구수[명]","명","308","306","291","344","391","410",
"평택시","100+","남자인구수[명]","명","73","12","8","13","20","10",
"평택시","100+","여자인구수[명]","명","160","48","43","48","58","56",
"동두천시","0 - 4세","남자인구수[명]","명","1285","1104","992","849","746","723",
"동두천시","0 - 4세","여자인구수[명]","명","1203","1101","992","838","708","667",
"동두천시","5 - 9세","남자인구수[명]","명","1977","1890","1737","1509","1292","1126",
"동두천시","5 - 9세","여자인구수[명]","명","1833","1735","1579","1325","1162","1068",
"동두천시","10 - 14세","남자인구수[명]","명","2122","2093","2043","1940","1873","1773",
"동두천시","10 - 14세","여자인구수[명]","명","2136","2126","2047","1917","1772","1643",
"동두천시","15 - 19세","남자인구수[명]","명","2219","2121","2109","1960","1928","1981",
"동두천시","15 - 19세","여자인구수[명]","명","2127","2052","2022","1971","1982","2006",
"동두천시","20 - 24세","남자인구수[명]","명","3011","2894","2673","2457","2248","2035",
"동두천시","20 - 24세","여자인구수[명]","명","2603","2534","2304","2179","2075","1875",
"동두천시","25 - 29세","남자인구수[명]","명","3131","3077","2924","2749","2623","2527",
"동두천시","25 - 29세","여자인구수[명]","명","2558","2548","2499","2265","2126","2088",
"동두천시","30 - 34세","남자인구수[명]","명","2415","2572","2625","2533","2558","2532",
"동두천시","30 - 34세","여자인구수[명]","명","2151","2210","2149","2035","1948","1984",
"동두천시","35 - 39세","남자인구수[명]","명","2859","2676","2390","2191","2019","2019",
"동두천시","35 - 39세","여자인구수[명]","명","2790","2551","2324","2096","1897","1815",
"동두천시","40 - 44세","남자인구수[명]","명","3308","3214","3175","3029","2764","2649",
"동두천시","40 - 44세","여자인구수[명]","명","3083","3080","3027","2914","2720","2601",
"동두천시","45 - 49세","남자인구수[명]","명","4102","3903","3578","3254","3107","3080",
"동두천시","45 - 49세","여자인구수[명]","명","3841","3618","3384","3035","2911","2866",
"동두천시","50 - 54세","남자인구수[명]","명","4459","4468","4437","4251","4078","3945",
"동두천시","50 - 54세","여자인구수[명]","명","3887","3973","4036","3964","3878","3701",
"동두천시","55 - 59세","남자인구수[명]","명","4212","4208","4142","4169","4249","4309",
"동두천시","55 - 59세","여자인구수[명]","명","3923","3803","3628","3668","3671","3810",
"동두천시","60 - 64세","남자인구수[명]","명","3876","4095","4174","4162","4094","4108",
"동두천시","60 - 64세","여자인구수[명]","명","3845","4020","4092","3994","3945","3901",
"동두천시","65 - 69세","남자인구수[명]","명","2589","2869","3053","3344","3574","3741",
"동두천시","65 - 69세","여자인구수[명]","명","2915","3155","3263","3431","3662","3804",
"동두천시","70 - 74세","남자인구수[명]","명","2014","1960","1975","2015","2158","2445",
"동두천시","70 - 74세","여자인구수[명]","명","2642","2534","2505","2518","2624","2905",
"동두천시","75 - 79세","남자인구수[명]","명","1651","1645","1639","1676","1762","1816",
"동두천시","75 - 79세","여자인구수[명]","명","2492","2384","2329","2401","2403","2438",
"동두천시","80 - 84세","남자인구수[명]","명","1164","1238","1309","1316","1316","1325",
"동두천시","80 - 84세","여자인구수[명]","명","1888","2017","2146","2193","2200","2183",
"동두천시","85 - 89세","남자인구수[명]","명","449","504","532","612","660","697",
"동두천시","85 - 89세","여자인구수[명]","명","886","996","1078","1156","1297","1393",
"동두천시","90 - 94세","남자인구수[명]","명","142","132","140","153","171","194",
"동두천시","90 - 94세","여자인구수[명]","명","361","350","368","398","444","482",
"동두천시","95 - 99세","남자인구수[명]","명","33","27","23","27","41","36",
"동두천시","95 - 99세","여자인구수[명]","명","86","94","89","115","133","129",
"동두천시","100+","남자인구수[명]","명","20","4","3","2","3","5",
"동두천시","100+","여자인구수[명]","명","65","17","12","15","16","13",
"안산시","0 - 4세","남자인구수[명]","명","9738","8893","8201","7458","6901","6511",
"안산시","0 - 4세","여자인구수[명]","명","9326","8552","7870","7143","6509","6303",
"안산시","5 - 9세","남자인구수[명]","명","12980","12477","11468","10524","9565","8607",
"안산시","5 - 9세","여자인구수[명]","명","12588","11854","10919","10103","9303","8219",
"안산시","10 - 14세","남자인구수[명]","명","14876","14702","14054","13340","12905","12253",
"안산시","10 - 14세","여자인구수[명]","명","13960","13782","13196","12631","12232","11823",
"안산시","15 - 19세","남자인구수[명]","명","18117","16788","16195","15467","14744","14605",
"안산시","15 - 19세","여자인구수[명]","명","17092","15965","15356","14603","13942","13684",
"안산시","20 - 24세","남자인구수[명]","명","26896","25984","24122","22241","20371","18111",
"안산시","20 - 24세","여자인구수[명]","명","24373","23851","22102","20499","18726","16788",
"안산시","25 - 29세","남자인구수[명]","명","29770","29986","28959","27622","26495","25697",
"안산시","25 - 29세","여자인구수[명]","명","25448","25509","24543","23328","22591","21836",
"안산시","30 - 34세","남자인구수[명]","명","23166","24045","25052","25302","25845","26141",
"안산시","30 - 34세","여자인구수[명]","명","18737","19565","20373","20553","20777","20853",
"안산시","35 - 39세","남자인구수[명]","명","23580","22474","20858","19914","19854","19904",
"안산시","35 - 39세","여자인구수[명]","명","20260","19132","17744","16747","16362","16118",
"안산시","40 - 44세","남자인구수[명]","명","24839","24948","24538","23981","22703","21196",
"안산시","40 - 44세","여자인구수[명]","명","22998","22675","21984","21346","20127","18646",
"안산시","45 - 49세","남자인구수[명]","명","30481","28426","26913","25025","23815","23348",
"안산시","45 - 49세","여자인구수[명]","명","30041","27842","25900","23696","22505","21969",
"안산시","50 - 54세","남자인구수[명]","명","33308","33339","32587","31240","30268","28907",
"안산시","50 - 54세","여자인구수[명]","명","33410","33961","33162","31952","30316","28636",
"안산시","55 - 59세","남자인구수[명]","명","32066","31898","31113","31593","31528","31411",
"안산시","55 - 59세","여자인구수[명]","명","28987","28928","29336","30622","31458","31531",
"안산시","60 - 64세","남자인구수[명]","명","24610","26925","28407","29036","29612","29540",
"안산시","60 - 64세","여자인구수[명]","명","21648","23859","25197","25953","26863","27361",
"안산시","65 - 69세","남자인구수[명]","명","12823","14494","16049","18088","20261","22407",
"안산시","65 - 69세","여자인구수[명]","명","12390","13945","15201","17092","18756","20725",
"안산시","70 - 74세","남자인구수[명]","명","7971","8202","8763","9240","10029","11414",
"안산시","70 - 74세","여자인구수[명]","명","8876","8984","9568","9864","10742","11980",
"안산시","75 - 79세","남자인구수[명]","명","5328","5479","5656","5966","6351","6840",
"안산시","75 - 79세","여자인구수[명]","명","7605","7519","7487","7613","7900","8314",
"안산시","80 - 84세","남자인구수[명]","명","3339","3493","3813","3930","4036","4111",
"안산시","80 - 84세","여자인구수[명]","명","6058","6339","6619","6741","6728","6679",
"안산시","85 - 89세","남자인구수[명]","명","1436","1596","1641","1772","1942","2035",
"안산시","85 - 89세","여자인구수[명]","명","3560","3950","4191","4337","4522","4584",
"안산시","90 - 94세","남자인구수[명]","명","363","390","451","495","522","640",
"안산시","90 - 94세","여자인구수[명]","명","1332","1444","1521","1660","1822","2086",
"안산시","95 - 99세","남자인구수[명]","명","85","92","89","77","98","102",
"안산시","95 - 99세","여자인구수[명]","명","322","361","392","431","447","480",
"안산시","100+","남자인구수[명]","명","32","15","11","17","25","29",
"안산시","100+","여자인구수[명]","명","100","63","59","66","81","84",
"고양시","0 - 4세","남자인구수[명]","명","17500","16067","15163","14484","13975","13698",
"고양시","0 - 4세","여자인구수[명]","명","16978","15626","15008","14040","13354","12929",
"고양시","5 - 9세","남자인구수[명]","명","24392","23644","22405","21341","19840","17813",
"고양시","5 - 9세","여자인구수[명]","명","23252","22601","21351","20471","19114","17163",
"고양시","10 - 14세","남자인구수[명]","명","25636","25698","25502","24986","24592","24019",
"고양시","10 - 14세","여자인구수[명]","명","24427","24549","24386","23883","23603","22998",
"고양시","15 - 19세","남자인구수[명]","명","28183","26622","26089","25356","24790","24835",
"고양시","15 - 19세","여자인구수[명]","명","26762","25485","25136","24722","23938","24020",
"고양시","20 - 24세","남자인구수[명]","명","37382","35578","33114","31101","28816","25852",
"고양시","20 - 24세","여자인구수[명]","명","35189","33639","31777","29913","28137","25389",
"고양시","25 - 29세","남자인구수[명]","명","39913","39483","38292","37007","35586","34322",
"고양시","25 - 29세","여자인구수[명]","명","38441","37870","37045","36385","35532","34420",
"고양시","30 - 34세","남자인구수[명]","명","32911","34509","36273","37326","38273","38395",
"고양시","30 - 34세","여자인구수[명]","명","33345","34807","36363","37385","37913","37868",
"고양시","35 - 39세","남자인구수[명]","명","37915","36631","35134","34426","34495","34018",
"고양시","35 - 39세","여자인구수[명]","명","38610","36807","35351","34454","34440","34047",
"고양시","40 - 44세","남자인구수[명]","명","40102","40594","41219","41700","40034","38238",
"고양시","40 - 44세","여자인구수[명]","명","42290","42930","42699","43079","40927","38843",
"고양시","45 - 49세","남자인구수[명]","명","48179","45339","42918","40687","39638","39330",
"고양시","45 - 49세","여자인구수[명]","명","51829","48502","46018","43117","41981","41596",
"고양시","50 - 54세","남자인구수[명]","명","49551","50863","51378","50889","49276","46695",
"고양시","50 - 54세","여자인구수[명]","명","52064","54359","54674","54093","52648","50196",
"고양시","55 - 59세","남자인구수[명]","명","46233","45710","44869","45427","46349","47252",
"고양시","55 - 59세","여자인구수[명]","명","46656","46134","46679","48330","49481","50233",
"고양시","60 - 64세","남자인구수[명]","명","38522","41077","42543","43651","44205","43505",
"고양시","60 - 64세","여자인구수[명]","명","37244","40095","42069","43597","44732","45122",
"고양시","65 - 69세","남자인구수[명]","명","22320","25642","28112","31113","33804","36312",
"고양시","65 - 69세","여자인구수[명]","명","23238","26301","28387","31055","34062","36471",
"고양시","70 - 74세","남자인구수[명]","명","14818","14685","15701","16581","18353","21027",
"고양시","70 - 74세","여자인구수[명]","명","18732","18238","18753","19122","20268","22862",
"고양시","75 - 79세","남자인구수[명]","명","11642","11753","11808","12361","12887","13354",
"고양시","75 - 79세","여자인구수[명]","명","16743","16718","16822","17175","17531","18107",
"고양시","80 - 84세","남자인구수[명]","명","8237","8634","9260","9471","9423","9472",
"고양시","80 - 84세","여자인구수[명]","명","13592","14253","15045","15406","15412","15304",
"고양시","85 - 89세","남자인구수[명]","명","3724","4193","4467","4787","5273","5555",
"고양시","85 - 89세","여자인구수[명]","명","7499","8358","9041","9686","10396","10914",
"고양시","90 - 94세","남자인구수[명]","명","997","1132","1260","1415","1574","1805",
"고양시","90 - 94세","여자인구수[명]","명","2958","3176","3325","3652","4039","4494",
"고양시","95 - 99세","남자인구수[명]","명","230","203","195","218","272","309",
"고양시","95 - 99세","여자인구수[명]","명","647","697","756","864","991","1125",
"고양시","100+","남자인구수[명]","명","93","37","39","41","40","32",
"고양시","100+","여자인구수[명]","명","240","114","109","110","126","142",
"과천시","0 - 4세","남자인구수[명]","명","1210","1462","1642","1762","1978","1760",
"과천시","0 - 4세","여자인구수[명]","명","1035","1336","1537","1665","1901","1696",
"과천시","5 - 9세","남자인구수[명]","명","1490","1916","2138","2346","2559","2402",
"과천시","5 - 9세","여자인구수[명]","명","1440","1774","1989","2222","2434","2307",
"과천시","10 - 14세","남자인구수[명]","명","1528","1800","2014","2128","2274","2277",
"과천시","10 - 14세","여자인구수[명]","명","1429","1715","1933","2037","2184","2213",
"과천시","15 - 19세","남자인구수[명]","명","1739","1788","1841","1885","1899","1870",
"과천시","15 - 19세","여자인구수[명]","명","1623","1711","1723","1840","1884","1808",
"과천시","20 - 24세","남자인구수[명]","명","2280","2510","2348","2262","2173","1802",
"과천시","20 - 24세","여자인구수[명]","명","2021","2183","2221","2175","2153","1806",
"과천시","25 - 29세","남자인구수[명]","명","2317","2607","2686","2611","2620","2313",
"과천시","25 - 29세","여자인구수[명]","명","2114","2410","2523","2455","2492","2196",
"과천시","30 - 34세","남자인구수[명]","명","2147","2557","2797","2814","3053","2753",
"과천시","30 - 34세","여자인구수[명]","명","2039","2616","2832","2990","3315","3010",
"과천시","35 - 39세","남자인구수[명]","명","2293","2753","2948","3072","3380","3077",
"과천시","35 - 39세","여자인구수[명]","명","2308","2743","3056","3146","3522","3318",
"과천시","40 - 44세","남자인구수[명]","명","2125","2691","3094","3341","3596","3428",
"과천시","40 - 44세","여자인구수[명]","명","2234","2727","3159","3495","3732","3529",
"과천시","45 - 49세","남자인구수[명]","명","2469","2633","2746","2756","2942","2936",
"과천시","45 - 49세","여자인구수[명]","명","2698","2841","2901","2882","3043","2991",
"과천시","50 - 54세","남자인구수[명]","명","2663","3068","3212","3258","3248","2901",
"과천시","50 - 54세","여자인구수[명]","명","3031","3502","3548","3565","3491","3090",
"과천시","55 - 59세","남자인구수[명]","명","2723","3035","3056","3096","3087","2766",
"과천시","55 - 59세","여자인구수[명]","명","2676","3072","3193","3310","3423","3147",
"과천시","60 - 64세","남자인구수[명]","명","2224","2698","2881","3001","3101","2848",
"과천시","60 - 64세","여자인구수[명]","명","2381","2839","2979","3115","3212","2927",
"과천시","65 - 69세","남자인구수[명]","명","1437","1851","2040","2237","2434","2322",
"과천시","65 - 69세","여자인구수[명]","명","1482","1900","2107","2247","2506","2511",
"과천시","70 - 74세","남자인구수[명]","명","959","1068","1184","1263","1417","1454",
"과천시","70 - 74세","여자인구수[명]","명","1145","1228","1281","1326","1459","1504",
"과천시","75 - 79세","남자인구수[명]","명","682","764","805","810","893","892",
"과천시","75 - 79세","여자인구수[명]","명","936","1026","1043","1049","1111","1110",
"과천시","80 - 84세","남자인구수[명]","명","465","527","580","595","617","595",
"과천시","80 - 84세","여자인구수[명]","명","743","794","823","893","899","854",
"과천시","85 - 89세","남자인구수[명]","명","222","259","289","325","343","341",
"과천시","85 - 89세","여자인구수[명]","명","487","535","563","572","620","588",
"과천시","90 - 94세","남자인구수[명]","명","70","87","101","104","115","137",
"과천시","90 - 94세","여자인구수[명]","명","230","226","232","242","278","299",
"과천시","95 - 99세","남자인구수[명]","명","15","15","11","18","24","30",
"과천시","95 - 99세","여자인구수[명]","명","68","66","72","81","87","84",
"과천시","100+","남자인구수[명]","명","10","3","3","3","4","2",
"과천시","100+","여자인구수[명]","명","43","9","6","6","9","14",
"구리시","0 - 4세","남자인구수[명]","명","3319","2894","2601","2395","2254","2202",
"구리시","0 - 4세","여자인구수[명]","명","3127","2745","2456","2253","2176","2105",
"구리시","5 - 9세","남자인구수[명]","명","4533","4310","3975","3663","3332","2980",
"구리시","5 - 9세","여자인구수[명]","명","4220","3997","3702","3506","3195","2823",
"구리시","10 - 14세","남자인구수[명]","명","4517","4332","4281","4303","4233","4119",
"구리시","10 - 14세","여자인구수[명]","명","4199","4178","4139","4039","4007","3892",
"구리시","15 - 19세","남자인구수[명]","명","4849","4540","4492","4368","4317","4293",
"구리시","15 - 19세","여자인구수[명]","명","4586","4261","4172","4034","3892","3993",
"구리시","20 - 24세","남자인구수[명]","명","6708","6228","5613","5162","4869","4452",
"구리시","20 - 24세","여자인구수[명]","명","6454","5970","5489","5168","4843","4351",
"구리시","25 - 29세","남자인구수[명]","명","7268","7092","6849","6606","6418","6316",
"구리시","25 - 29세","여자인구수[명]","명","6851","6625","6395","6241","6273","6204",
"구리시","30 - 34세","남자인구수[명]","명","5915","5967","6148","6285","6714","7072",
"구리시","30 - 34세","여자인구수[명]","명","5849","5893","5968","6032","6289","6561",
"구리시","35 - 39세","남자인구수[명]","명","7354","6693","6153","5906","5937","5970",
"구리시","35 - 39세","여자인구수[명]","명","7254","6565","6009","5690","5666","5556",
"구리시","40 - 44세","남자인구수[명]","명","7875","7734","7793","7750","7423","6981",
"구리시","40 - 44세","여자인구수[명]","명","7643","7529","7499","7511","7119","6712",
"구리시","45 - 49세","남자인구수[명]","명","8507","7934","7547","7189","7153","7229",
"구리시","45 - 49세","여자인구수[명]","명","8820","8109","7750","7244","7189","7165",
"구리시","50 - 54세","남자인구수[명]","명","8815","8746","8741","8591","8332","7915",
"구리시","50 - 54세","여자인구수[명]","명","9513","9490","9379","9102","8761","8329",
"구리시","55 - 59세","남자인구수[명]","명","8782","8396","8054","8207","8218","8299",
"구리시","55 - 59세","여자인구수[명]","명","8662","8257","8184","8626","8778","8901",
"구리시","60 - 64세","남자인구수[명]","명","7521","7839","8116","8158","8170","8034",
"구리시","60 - 64세","여자인구수[명]","명","7351","7804","8023","8055","8181","8060",
"구리시","65 - 69세","남자인구수[명]","명","4711","5113","5316","5819","6333","6786",
"구리시","65 - 69세","여자인구수[명]","명","4840","5278","5504","6008","6464","6955",
"구리시","70 - 74세","남자인구수[명]","명","3070","3010","3236","3365","3687","4160",
"구리시","70 - 74세","여자인구수[명]","명","3627","3467","3654","3737","4025","4533",
"구리시","75 - 79세","남자인구수[명]","명","2180","2207","2190","2341","2434","2563",
"구리시","75 - 79세","여자인구수[명]","명","2867","2864","2957","3063","3130","3259",
"구리시","80 - 84세","남자인구수[명]","명","1296","1398","1548","1583","1639","1698",
"구리시","80 - 84세","여자인구수[명]","명","2011","2127","2263","2390","2482","2453",
"구리시","85 - 89세","남자인구수[명]","명","510","557","597","660","775","840",
"구리시","85 - 89세","여자인구수[명]","명","1072","1119","1194","1266","1340","1391",
"구리시","90 - 94세","남자인구수[명]","명","144","143","167","175","186","208",
"구리시","90 - 94세","여자인구수[명]","명","419","392","410","450","489","558",
"구리시","95 - 99세","남자인구수[명]","명","38","34","21","26","30","38",
"구리시","95 - 99세","여자인구수[명]","명","95","93","97","103","107","112",
"구리시","100+","남자인구수[명]","명","27","5","4","7","5","7",
"구리시","100+","여자인구수[명]","명","55","13","15","16","17","15",
"남양주시","0 - 4세","남자인구수[명]","명","13522","12803","11873","10608","9930","9538",
"남양주시","0 - 4세","여자인구수[명]","명","12552","11922","11110","10040","9433","9150",
"남양주시","5 - 9세","남자인구수[명]","명","19837","19838","18654","17306","15905","14289",
"남양주시","5 - 9세","여자인구수[명]","명","19015","18964","17733","16383","14983","13391",
"남양주시","10 - 14세","남자인구수[명]","명","20350","21054","21171","20806","20545","19977",
"남양주시","10 - 14세","여자인구수[명]","명","19243","19861","20049","19816","19496","19140",
"남양주시","15 - 19세","남자인구수[명]","명","19371","19288","19716","19881","19851","20359",
"남양주시","15 - 19세","여자인구수[명]","명","18304","18090","18590","18796","18940","19324",
"남양주시","20 - 24세","남자인구수[명]","명","22716","22526","21544","20628","19935","18537",
"남양주시","20 - 24세","여자인구수[명]","명","20766","20935","19811","18946","18355","17229",
"남양주시","25 - 29세","남자인구수[명]","명","21639","22350","22176","21657","21215","21047",
"남양주시","25 - 29세","여자인구수[명]","명","19902","20525","20613","20434","20423","20017",
"남양주시","30 - 34세","남자인구수[명]","명","18244","19684","20711","20988","21742","22187",
"남양주시","30 - 34세","여자인구수[명]","명","18232","19482","20293","20213","20672","21109",
"남양주시","35 - 39세","남자인구수[명]","명","25859","24989","23210","21506","20809","20343",
"남양주시","35 - 39세","여자인구수[명]","명","27137","26271","24252","22345","21540","20746",
"남양주시","40 - 44세","남자인구수[명]","명","31000","32547","32690","32042","30179","27739",
"남양주시","40 - 44세","여자인구수[명]","명","31648","33189","33601","33059","30951","28738",
"남양주시","45 - 49세","남자인구수[명]","명","34318","33702","32969","31585","31173","31401",
"남양주시","45 - 49세","여자인구수[명]","명","33206","32790","32617","31643","31913","32174",
"남양주시","50 - 54세","남자인구수[명]","명","31552","33555","34727","34987","35056","34281",
"남양주시","50 - 54세","여자인구수[명]","명","30419","32867","33686","33775","33906","33632",
"남양주시","55 - 59세","남자인구수[명]","명","28217","28901","28694","29644","30588","31320",
"남양주시","55 - 59세","여자인구수[명]","명","26833","27130","27697","28997","30150","31033",
"남양주시","60 - 64세","남자인구수[명]","명","24176","25842","26960","27174","27726","27806",
"남양주시","60 - 64세","여자인구수[명]","명","24726","26408","27041","27075","27431","27315",
"남양주시","65 - 69세","남자인구수[명]","명","16327","18401","19530","21065","22434","23695",
"남양주시","65 - 69세","여자인구수[명]","명","17955","20249","21389","22941","24149","25229",
"남양주시","70 - 74세","남자인구수[명]","명","11747","12210","12888","13294","14303","15824",
"남양주시","70 - 74세","여자인구수[명]","명","13559","13807","14849","15287","16469","18201",
"남양주시","75 - 79세","남자인구수[명]","명","8702","8868","9255","9835","10400","10813",
"남양주시","75 - 79세","여자인구수[명]","명","10788","11183","11441","12096","12723","13356",
"남양주시","80 - 84세","남자인구수[명]","명","5019","5640","6341","6705","6869","7141",
"남양주시","80 - 84세","여자인구수[명]","명","7570","8154","9054","9467","9702","9906",
"남양주시","85 - 89세","남자인구수[명]","명","1935","2202","2409","2680","3047","3318",
"남양주시","85 - 89세","여자인구수[명]","명","4046","4523","4810","5165","5742","6167",
"남양주시","90 - 94세","남자인구수[명]","명","496","579","626","663","782","922",
"남양주시","90 - 94세","여자인구수[명]","명","1643","1798","1899","1982","2173","2430",
"남양주시","95 - 99세","남자인구수[명]","명","111","103","97","112","136","160",
"남양주시","95 - 99세","여자인구수[명]","명","416","454","454","512","586","658",
"남양주시","100+","남자인구수[명]","명","59","21","20","24","27","25",
"남양주시","100+","여자인구수[명]","명","164","93","103","103","93","87",
"오산시","0 - 4세","남자인구수[명]","명","4973","4386","3904","3495","3791","4041",
"오산시","0 - 4세","여자인구수[명]","명","4862","4100","3683","3307","3617","3717",
"오산시","5 - 9세","남자인구수[명]","명","7132","6706","6180","5738","5666","5169",
"오산시","5 - 9세","여자인구수[명]","명","6817","6490","6057","5599","5412","5060",
"오산시","10 - 14세","남자인구수[명]","명","6682","6820","6959","6839","6963","7020",
"오산시","10 - 14세","여자인구수[명]","명","6401","6460","6508","6525","6760","6749",
"오산시","15 - 19세","남자인구수[명]","명","6000","5922","6120","6258","6529","6823",
"오산시","15 - 19세","여자인구수[명]","명","5790","5702","5771","5860","6127","6419",
"오산시","20 - 24세","남자인구수[명]","명","7395","7321","6928","6752","6737","6479",
"오산시","20 - 24세","여자인구수[명]","명","6814","6698","6358","6069","5960","5746",
"오산시","25 - 29세","남자인구수[명]","명","9533","9570","9357","9027","9069","9155",
"오산시","25 - 29세","여자인구수[명]","명","7579","7561","7259","7003","7280","7333",
"오산시","30 - 34세","남자인구수[명]","명","9139","9365","9841","9969","11079","11763",
"오산시","30 - 34세","여자인구수[명]","명","7572","7533","7509","7461","8470","8985",
"오산시","35 - 39세","남자인구수[명]","명","11928","10990","10014","9426","10248","10724",
"오산시","35 - 39세","여자인구수[명]","명","10334","9461","8600","8136","8565","8813",
"오산시","40 - 44세","남자인구수[명]","명","11880","12272","12617","12701","12974","12751",
"오산시","40 - 44세","여자인구수[명]","명","10385","10671","10868","10879","10929","10647",
"오산시","45 - 49세","남자인구수[명]","명","11033","11137","11153","11133","11779","12366",
"오산시","45 - 49세","여자인구수[명]","명","9939","9834","9947","9700","10228","10785",
"오산시","50 - 54세","남자인구수[명]","명","9524","9910","10390","10676","11308","11608",
"오산시","50 - 54세","여자인구수[명]","명","8637","9087","9281","9491","10079","10475",
"오산시","55 - 59세","남자인구수[명]","명","7826","7920","7900","8465","9171","9776",
"오산시","55 - 59세","여자인구수[명]","명","7279","7132","7346","7871","8584","9068",
"오산시","60 - 64세","남자인구수[명]","명","6100","6737","7123","7289","7674","7991",
"오산시","60 - 64세","여자인구수[명]","명","6111","6609","6939","7023","7460","7596",
"오산시","65 - 69세","남자인구수[명]","명","3739","4196","4489","4999","5585","6147",
"오산시","65 - 69세","여자인구수[명]","명","3993","4477","4814","5288","5899","6489",
"오산시","70 - 74세","남자인구수[명]","명","2541","2573","2833","2837","3188","3669",
"오산시","70 - 74세","여자인구수[명]","명","2952","3014","3205","3320","3618","4124",
"오산시","75 - 79세","남자인구수[명]","명","1780","1824","1879","2046","2221","2340",
"오산시","75 - 79세","여자인구수[명]","명","2506","2543","2560","2642","2766","2917",
"오산시","80 - 84세","남자인구수[명]","명","1044","1149","1319","1353","1395","1450",
"오산시","80 - 84세","여자인구수[명]","명","1685","1807","2018","2090","2251","2294",
"오산시","85 - 89세","남자인구수[명]","명","422","491","506","571","638","685",
"오산시","85 - 89세","여자인구수[명]","명","847","938","1009","1140","1273","1367",
"오산시","90 - 94세","남자인구수[명]","명","77","95","113","123","154","175",
"오산시","90 - 94세","여자인구수[명]","명","337","361","368","407","457","514",
"오산시","95 - 99세","남자인구수[명]","명","25","23","20","24","22","25",
"오산시","95 - 99세","여자인구수[명]","명","70","81","94","114","125","136",
"오산시","100+","남자인구수[명]","명","12","2","1","1","2","3",
"오산시","100+","여자인구수[명]","명","30","15","9","9","12","16",
"시흥시","0 - 4세","남자인구수[명]","명","10824","10303","9616","9282","8649","8284",
"시흥시","0 - 4세","여자인구수[명]","명","10640","10013","9313","8857","8282","7835",
"시흥시","5 - 9세","남자인구수[명]","명","13782","13868","13242","13007","12288","11104",
"시흥시","5 - 9세","여자인구수[명]","명","13071","13393","12955","12764","12016","10914",
"시흥시","10 - 14세","남자인구수[명]","명","12813","13268","13586","13539","13563","13624",
"시흥시","10 - 14세","여자인구수[명]","명","12472","12811","12929","12965","13058","13061",
"시흥시","15 - 19세","남자인구수[명]","명","12939","12479","12591","12798","12714","12978",
"시흥시","15 - 19세","여자인구수[명]","명","11923","11658","11971","12214","12213","12478",
"시흥시","20 - 24세","남자인구수[명]","명","17706","17280","16633","16008","15024","13569",
"시흥시","20 - 24세","여자인구수[명]","명","15529","15046","13916","13101","12379","11484",
"시흥시","25 - 29세","남자인구수[명]","명","20124","20180","19511","18941","18081","17729",
"시흥시","25 - 29세","여자인구수[명]","명","16221","16458","16339","16170","15527","14876",
"시흥시","30 - 34세","남자인구수[명]","명","18362","19204","19916","20760","20813","20655",
"시흥시","30 - 34세","여자인구수[명]","명","15758","16424","16625","17341","17399","17192",
"시흥시","35 - 39세","남자인구수[명]","명","23078","22452","20870","20373","19772","19292",
"시흥시","35 - 39세","여자인구수[명]","명","20248","19757","18494","17933","17479","17135",
"시흥시","40 - 44세","남자인구수[명]","명","24175","25432","25922","26429","25338","23799",
"시흥시","40 - 44세","여자인구수[명]","명","20291","21538","22161","22846","22031","20831",
"시흥시","45 - 49세","남자인구수[명]","명","24577","24541","24222","23874","23725","24081",
"시흥시","45 - 49세","여자인구수[명]","명","21617","21000","20486","20042","20143","20545",
"시흥시","50 - 54세","남자인구수[명]","명","24197","24886","24948","25010","24884","24496",
"시흥시","50 - 54세","여자인구수[명]","명","22476","23452","23316","23127","22575","21881",
"시흥시","55 - 59세","남자인구수[명]","명","22046","22371","22280","23250","23671","23762",
"시흥시","55 - 59세","여자인구수[명]","명","18905","19336","19808","21281","21990","22301",
"시흥시","60 - 64세","남자인구수[명]","명","16361","18373","19799","20625","21218","21421",
"시흥시","60 - 64세","여자인구수[명]","명","13978","15592","16707","17433","18148","18741",
"시흥시","65 - 69세","남자인구수[명]","명","8724","10007","10954","12543","14160","15716",
"시흥시","65 - 69세","여자인구수[명]","명","8170","9500","10429","11837","13093","14095",
"시흥시","70 - 74세","남자인구수[명]","명","5274","5569","6112","6517","7202","8204",
"시흥시","70 - 74세","여자인구수[명]","명","5813","5983","6426","6723","7321","8404",
"시흥시","75 - 79세","남자인구수[명]","명","3557","3705","3791","4149","4532","4839",
"시흥시","75 - 79세","여자인구수[명]","명","4873","4897","4953","5215","5467","5745",
"시흥시","80 - 84세","남자인구수[명]","명","2077","2294","2576","2668","2774","2862",
"시흥시","80 - 84세","여자인구수[명]","명","3919","4138","4434","4497","4518","4538",
"시흥시","85 - 89세","남자인구수[명]","명","817","906","983","1104","1219","1313",
"시흥시","85 - 89세","여자인구수[명]","명","2105","2353","2520","2752","2957","3119",
"시흥시","90 - 94세","남자인구수[명]","명","215","239","247","289","339","373",
"시흥시","90 - 94세","여자인구수[명]","명","891","1004","998","1068","1140","1300",
"시흥시","95 - 99세","남자인구수[명]","명","56","57","52","64","62","59",
"시흥시","95 - 99세","여자인구수[명]","명","195","208","232","268","316","339",
"시흥시","100+","남자인구수[명]","명","26","9","10","6","9","11",
"시흥시","100+","여자인구수[명]","명","70","46","39","45","43","47",
"군포시","0 - 4세","남자인구수[명]","명","4531","3937","3699","3265","2895","2765",
"군포시","0 - 4세","여자인구수[명]","명","4368","3729","3426","3068","2796","2594",
"군포시","5 - 9세","남자인구수[명]","명","6016","5590","5165","4662","4099","3552",
"군포시","5 - 9세","여자인구수[명]","명","5715","5378","4951","4413","3852","3438",
"군포시","10 - 14세","남자인구수[명]","명","6568","6405","6199","5910","5695","5387",
"군포시","10 - 14세","여자인구수[명]","명","6085","5909","5755","5571","5299","5040",
"군포시","15 - 19세","남자인구수[명]","명","7185","6799","6663","6447","6215","6159",
"군포시","15 - 19세","여자인구수[명]","명","6816","6338","6252","6010","5829","5723",
"군포시","20 - 24세","남자인구수[명]","명","9249","8802","8320","7877","7298","6597",
"군포시","20 - 24세","여자인구수[명]","명","8620","8307","7709","7238","6781","6202",
"군포시","25 - 29세","남자인구수[명]","명","10710","10377","10041","9594","9291","9066",
"군포시","25 - 29세","여자인구수[명]","명","9653","9350","9105","8712","8307","8049",
"군포시","30 - 34세","남자인구수[명]","명","9551","9870","10264","10136","10249","10074",
"군포시","30 - 34세","여자인구수[명]","명","8746","8784","9143","8921","8781","8675",
"군포시","35 - 39세","남자인구수[명]","명","10299","9539","9303","8758","8361","8199",
"군포시","35 - 39세","여자인구수[명]","명","9662","8909","8323","7842","7601","7316",
"군포시","40 - 44세","남자인구수[명]","명","10232","10089","10026","9909","9341","8645",
"군포시","40 - 44세","여자인구수[명]","명","10317","10116","9926","9706","8893","8258",
"군포시","45 - 49세","남자인구수[명]","명","11692","10967","10340","9579","9212","9196",
"군포시","45 - 49세","여자인구수[명]","명","12279","11414","10932","10139","9602","9396",
"군포시","50 - 54세","남자인구수[명]","명","11953","11944","12107","11990","11559","10803",
"군포시","50 - 54세","여자인구수[명]","명","12497","12824","12680","12429","12138","11446",
"군포시","55 - 59세","남자인구수[명]","명","11591","11198","10790","10984","11035","11106",
"군포시","55 - 59세","여자인구수[명]","명","12161","11517","11329","11640","11669","11806",
"군포시","60 - 64세","남자인구수[명]","명","10312","10842","11140","11070","10886","10639",
"군포시","60 - 64세","여자인구수[명]","명","10567","11305","11873","11790","11714","11406",
"군포시","65 - 69세","남자인구수[명]","명","6138","6806","7440","8139","8820","9365",
"군포시","65 - 69세","여자인구수[명]","명","6342","7061","7703","8627","9375","10044",
"군포시","70 - 74세","남자인구수[명]","명","4007","4096","4378","4545","4966","5561",
"군포시","70 - 74세","여자인구수[명]","명","4533","4437","4600","4830","5244","6040",
"군포시","75 - 79세","남자인구수[명]","명","2776","2765","2841","3095","3298","3536",
"군포시","75 - 79세","여자인구수[명]","명","3808","3820","3893","4019","4096","4207",
"군포시","80 - 84세","남자인구수[명]","명","1770","1914","2073","2137","2192","2232",
"군포시","80 - 84세","여자인구수[명]","명","3044","3151","3332","3322","3373","3390",
"군포시","85 - 89세","남자인구수[명]","명","902","957","1013","1080","1104","1158",
"군포시","85 - 89세","여자인구수[명]","명","1816","1992","2108","2237","2339","2390",
"군포시","90 - 94세","남자인구수[명]","명","279","285","299","324","389","431",
"군포시","90 - 94세","여자인구수[명]","명","701","745","787","880","985","1092",
"군포시","95 - 99세","남자인구수[명]","명","51","53","57","61","75","79",
"군포시","95 - 99세","여자인구수[명]","명","171","172","185","227","245","263",
"군포시","100+","남자인구수[명]","명","22","11","7","11","8","11",
"군포시","100+","여자인구수[명]","명","56","31","36","35","24","31",
"의왕시","0 - 4세","남자인구수[명]","명","3099","2854","2610","2676","2522","2767",
"의왕시","0 - 4세","여자인구수[명]","명","2789","2574","2430","2421","2399","2669",
"의왕시","5 - 9세","남자인구수[명]","명","3718","3653","3501","3347","3103","2951",
"의왕시","5 - 9세","여자인구수[명]","명","3556","3550","3399","3176","2870","2695",
"의왕시","10 - 14세","남자인구수[명]","명","3608","3554","3526","3419","3283","3301",
"의왕시","10 - 14세","여자인구수[명]","명","3360","3347","3280","3217","3085","3183",
"의왕시","15 - 19세","남자인구수[명]","명","3916","3686","3582","3462","3357","3494",
"의왕시","15 - 19세","여자인구수[명]","명","3712","3483","3370","3304","3161","3301",
"의왕시","20 - 24세","남자인구수[명]","명","5758","5521","5063","4619","4157","3767",
"의왕시","20 - 24세","여자인구수[명]","명","5465","5203","4696","4248","3847","3545",
"의왕시","25 - 29세","남자인구수[명]","명","6605","6374","6005","5754","5378","5388",
"의왕시","25 - 29세","여자인구수[명]","명","5704","5568","5312","5138","4841","4963",
"의왕시","30 - 34세","남자인구수[명]","명","5585","5894","5861","6174","6111","6528",
"의왕시","30 - 34세","여자인구수[명]","명","5260","5526","5543","5796","5670","6139",
"의왕시","35 - 39세","남자인구수[명]","명","6200","5885","5531","5621","5456","5922",
"의왕시","35 - 39세","여자인구수[명]","명","5877","5611","5345","5388","5280","5734",
"의왕시","40 - 44세","남자인구수[명]","명","5835","5920","6000","6162","5869","6048",
"의왕시","40 - 44세","여자인구수[명]","명","5662","5698","5671","5842","5580","5602",
"의왕시","45 - 49세","남자인구수[명]","명","6317","6085","5791","5320","5115","5345",
"의왕시","45 - 49세","여자인구수[명]","명","6802","6330","6024","5391","5056","5350",
"의왕시","50 - 54세","남자인구수[명]","명","6966","6955","6820","6529","6170","6057",
"의왕시","50 - 54세","여자인구수[명]","명","7676","7925","7745","7346","6928","6684",
"의왕시","55 - 59세","남자인구수[명]","명","7208","7074","6811","6782","6499","6665",
"의왕시","55 - 59세","여자인구수[명]","명","7605","7321","7125","7241","7062","7432",
"의왕시","60 - 64세","남자인구수[명]","명","6579","6945","6904","6776","6574","6684",
"의왕시","60 - 64세","여자인구수[명]","명","6653","7176","7322","7244","7135","7297",
"의왕시","65 - 69세","남자인구수[명]","명","4167","4655","4938","5315","5584","6058",
"의왕시","65 - 69세","여자인구수[명]","명","4020","4559","4977","5416","5830","6331",
"의왕시","70 - 74세","남자인구수[명]","명","2584","2588","2807","2967","3191","3773",
"의왕시","70 - 74세","여자인구수[명]","명","2720","2698","2862","2956","3140","3792",
"의왕시","75 - 79세","남자인구수[명]","명","1685","1730","1764","1918","2037","2206",
"의왕시","75 - 79세","여자인구수[명]","명","2108","2138","2105","2231","2338","2519",
"의왕시","80 - 84세","남자인구수[명]","명","1024","1118","1217","1236","1262","1364",
"의왕시","80 - 84세","여자인구수[명]","명","1688","1747","1809","1829","1821","1842",
"의왕시","85 - 89세","남자인구수[명]","명","442","480","506","556","618","655",
"의왕시","85 - 89세","여자인구수[명]","명","1072","1139","1156","1182","1200","1273",
"의왕시","90 - 94세","남자인구수[명]","명","135","145","149","164","157","184",
"의왕시","90 - 94세","여자인구수[명]","명","448","474","487","516","584","627",
"의왕시","95 - 99세","남자인구수[명]","명","26","31","29","28","41","34",
"의왕시","95 - 99세","여자인구수[명]","명","113","123","127","136","147","169",
"의왕시","100+","남자인구수[명]","명","13","1","2","4","5","6",
"의왕시","100+","여자인구수[명]","명","35","18","19","23","25","26",
"하남시","0 - 4세","남자인구수[명]","명","6873","7149","6802","6317","5867","5701",
"하남시","0 - 4세","여자인구수[명]","명","6397","6726","6405","5871","5412","5253",
"하남시","5 - 9세","남자인구수[명]","명","8565","9670","9615","9427","8881","7983",
"하남시","5 - 9세","여자인구수[명]","명","8359","9258","9328","9070","8433","7505",
"하남시","10 - 14세","남자인구수[명]","명","7009","8057","8630","8932","9130","9115",
"하남시","10 - 14세","여자인구수[명]","명","6726","7976","8386","8771","9060","9135",
"하남시","15 - 19세","남자인구수[명]","명","5826","6306","6715","7093","7306","7752",
"하남시","15 - 19세","여자인구수[명]","명","5578","6126","6560","6977","7094","7648",
"하남시","20 - 24세","남자인구수[명]","명","7825","8235","7912","7615","7273","6837",
"하남시","20 - 24세","여자인구수[명]","명","7582","8084","7730","7473","7215","6750",
"하남시","25 - 29세","남자인구수[명]","명","10710","10957","10597","10274","9811","9575",
"하남시","25 - 29세","여자인구수[명]","명","10290","11013","10741","10615","10287","9949",
"하남시","30 - 34세","남자인구수[명]","명","11103","12138","12230","12340","12303","12008",
"하남시","30 - 34세","여자인구수[명]","명","10680","12091","12450","12626","12513","12346",
"하남시","35 - 39세","남자인구수[명]","명","14303","14803","13971","13193","12744","12274",
"하남시","35 - 39세","여자인구수[명]","명","14023","14444","13837","13414","13020","12493",
"하남시","40 - 44세","남자인구수[명]","명","14368","16182","16823","17255","16406","15467",
"하남시","40 - 44세","여자인구수[명]","명","13161","15330","16196","16870","16084","15307",
"하남시","45 - 49세","남자인구수[명]","명","12631","13702","14032","14135","14334","14912",
"하남시","45 - 49세","여자인구수[명]","명","11263","12267","12710","12850","13591","14203",
"하남시","50 - 54세","남자인구수[명]","명","10631","12238","12968","13369","13706","13566",
"하남시","50 - 54세","여자인구수[명]","명","10573","11950","12448","12678","12726","12733",
"하남시","55 - 59세","남자인구수[명]","명","10266","10635","10675","11076","11295","11601",
"하남시","55 - 59세","여자인구수[명]","명","10598","10752","10793","11127","11314","11667",
"하남시","60 - 64세","남자인구수[명]","명","9904","10866","11102","11021","10908","10643",
"하남시","60 - 64세","여자인구수[명]","명","10635","11592","11785","11889","11665","11161",
"하남시","65 - 69세","남자인구수[명]","명","7056","8012","8416","9059","9530","9939",
"하남시","65 - 69세","여자인구수[명]","명","7510","8567","9073","9731","10312","10781",
"하남시","70 - 74세","남자인구수[명]","명","5111","5341","5731","5822","6201","6857",
"하남시","70 - 74세","여자인구수[명]","명","4850","5255","5783","6139","6681","7568",
"하남시","75 - 79세","남자인구수[명]","명","2965","3276","3655","4084","4396","4715",
"하남시","75 - 79세","여자인구수[명]","명","3252","3494","3712","4044","4396","4780",
"하남시","80 - 84세","남자인구수[명]","명","1481","1706","1950","2114","2288","2484",
"하남시","80 - 84세","여자인구수[명]","명","2269","2530","2818","2808","2862","2993",
"하남시","85 - 89세","남자인구수[명]","명","543","643","717","834","921","1003",
"하남시","85 - 89세","여자인구수[명]","명","1414","1566","1590","1739","1826","1833",
"하남시","90 - 94세","남자인구수[명]","명","170","192","186","201","223","271",
"하남시","90 - 94세","여자인구수[명]","명","619","696","724","739","809","803",
"하남시","95 - 99세","남자인구수[명]","명","51","50","41","35","35","39",
"하남시","95 - 99세","여자인구수[명]","명","158","174","185","191","215","246",
"하남시","100+","남자인구수[명]","명","33","5","5","6","9","7",
"하남시","100+","여자인구수[명]","명","91","33","32","37","38","36",
"용인시","0 - 4세","남자인구수[명]","명","21015","18785","17252","15780","15188","15257",
"용인시","0 - 4세","여자인구수[명]","명","19983","17995","16522","15102","14629","14749",
"용인시","5 - 9세","남자인구수[명]","명","30492","29544","27499","25697","24014","21694",
"용인시","5 - 9세","여자인구수[명]","명","29281","28283","26243","24644","22882","20861",
"용인시","10 - 14세","남자인구수[명]","명","31698","31883","31552","30997","30854","30526",
"용인시","10 - 14세","여자인구수[명]","명","30122","30515","30292","29741","29769","29370",
"용인시","15 - 19세","남자인구수[명]","명","30496","29749","30437","30543","30686","31155",
"용인시","15 - 19세","여자인구수[명]","명","28849","28273","28933","29074","29227","29916",
"용인시","20 - 24세","남자인구수[명]","명","35957","35811","34530","33300","32519","30607",
"용인시","20 - 24세","여자인구수[명]","명","34114","33659","32165","31000","30254","28223",
"용인시","25 - 29세","남자인구수[명]","명","35387","36079","35915","36057","35926","35959",
"용인시","25 - 29세","여자인구수[명]","명","32304","32337","32092","32274","32399","32554",
"용인시","30 - 34세","남자인구수[명]","명","30737","31458","32701","33550","35381","36550",
"용인시","30 - 34세","여자인구수[명]","명","30937","31349","31580","31791","33067","34102",
"용인시","35 - 39세","남자인구수[명]","명","41009","38266","35261","33441","33512","33817",
"용인시","35 - 39세","여자인구수[명]","명","42620","39464","36563","34238","33847","33448",
"용인시","40 - 44세","남자인구수[명]","명","46852","47111","46834","46696","44682","42223",
"용인시","40 - 44세","여자인구수[명]","명","49021","49444","48721","48624","46224","43730",
"용인시","45 - 49세","남자인구수[명]","명","51981","50074","48647","46782","46332","46704",
"용인시","45 - 49세","여자인구수[명]","명","52161","50763","50060","48025","48251","48602",
"용인시","50 - 54세","남자인구수[명]","명","46229","48956","50557","51057","51617","50590",
"용인시","50 - 54세","여자인구수[명]","명","45173","48547","50102","51296","52001","51448",
"용인시","55 - 59세","남자인구수[명]","명","37701","38108","38821","40855","42815","44979",
"용인시","55 - 59세","여자인구수[명]","명","35969","35923","37217","39929","42545","45005",
"용인시","60 - 64세","남자인구수[명]","명","29968","32133","33652","34944","36106","36829",
"용인시","60 - 64세","여자인구수[명]","명","31024","32736","33597","34362","35420","36276",
"용인시","65 - 69세","남자인구수[명]","명","20705","22698","23578","25424","27511","29352",
"용인시","65 - 69세","여자인구수[명]","명","24567","26489","27172","28505","30202","31335",
"용인시","70 - 74세","남자인구수[명]","명","16684","16231","16855","17202","18133","19862",
"용인시","70 - 74세","여자인구수[명]","명","20320","20057","20648","21290","22356","24185",
"용인시","75 - 79세","남자인구수[명]","명","13212","13457","13552","14324","14875","15292",
"용인시","75 - 79세","여자인구수[명]","명","15408","16176","17036","18052","18926","19652",
"용인시","80 - 84세","남자인구수[명]","명","8174","9051","10068","10431","10794","11127",
"용인시","80 - 84세","여자인구수[명]","명","10447","11256","12412","13181","13768","14303",
"용인시","85 - 89세","남자인구수[명]","명","3390","3858","4266","4831","5369","5788",
"용인시","85 - 89세","여자인구수[명]","명","5795","6381","6795","7287","7942","8511",
"용인시","90 - 94세","남자인구수[명]","명","929","989","1141","1255","1477","1747",
"용인시","90 - 94세","여자인구수[명]","명","2422","2621","2730","2903","3152","3547",
"용인시","95 - 99세","남자인구수[명]","명","194","196","176","191","220","252",
"용인시","95 - 99세","여자인구수[명]","명","644","657","657","753","839","902",
"용인시","100+","남자인구수[명]","명","37","22","29","30","38","32",
"용인시","100+","여자인구수[명]","명","168","124","111","108","115","125",
"파주시","0 - 4세","남자인구수[명]","명","9502","8933","8860","8111","8093","8235",
"파주시","0 - 4세","여자인구수[명]","명","9002","8574","8351","7773","7787","7887",
"파주시","5 - 9세","남자인구수[명]","명","13152","13209","12845","12405","12120","11415",
"파주시","5 - 9세","여자인구수[명]","명","12658","12716","12347","11778","11442","10847",
"파주시","10 - 14세","남자인구수[명]","명","12927","13452","13808","13660","14097","14384",
"파주시","10 - 14세","여자인구수[명]","명","12442","13022","13312","13333","13802","13929",
"파주시","15 - 19세","남자인구수[명]","명","12309","12281","12546","12658","12985","13702",
"파주시","15 - 19세","여자인구수[명]","명","11384","11511","12011","12205","12606","13338",
"파주시","20 - 24세","남자인구수[명]","명","14383","15104","14671","13842","13292","12696",
"파주시","20 - 24세","여자인구수[명]","명","12511","12929","12493","12003","11639","11240",
"파주시","25 - 29세","남자인구수[명]","명","15747","16833","17296","16829","16587","16487",
"파주시","25 - 29세","여자인구수[명]","명","14235","14596","14438","13838","13781","14234",
"파주시","30 - 34세","남자인구수[명]","명","15845","16454","17123","17135","17781","18606",
"파주시","30 - 34세","여자인구수[명]","명","13846","15045","16114","16489","17377","17948",
"파주시","35 - 39세","남자인구수[명]","명","19579","19588","19352","18931","19423","19162",
"파주시","35 - 39세","여자인구수[명]","명","17765","17356","17184","16661","17261","17755",
"파주시","40 - 44세","남자인구수[명]","명","19850","21266","22517","22997","23139","23145",
"파주시","40 - 44세","여자인구수[명]","명","18953","20013","20716","21142","21138","20937",
"파주시","45 - 49세","남자인구수[명]","명","21606","21270","20982","20301","20989","22213",
"파주시","45 - 49세","여자인구수[명]","명","20431","20425","20439","19669","20297","21201",
"파주시","50 - 54세","남자인구수[명]","명","20411","21903","23141","23335","23733","23531",
"파주시","50 - 54세","여자인구수[명]","명","18315","20096","21146","21724","22380","22730",
"파주시","55 - 59세","남자인구수[명]","명","17763","18389","18525","19591","20563","22010",
"파주시","55 - 59세","여자인구수[명]","명","16363","16758","17267","18120","19194","20381",
"파주시","60 - 64세","남자인구수[명]","명","15027","16467","17516","17854","18458","19062",
"파주시","60 - 64세","여자인구수[명]","명","14696","15971","16772","17112","17775","18415",
"파주시","65 - 69세","남자인구수[명]","명","9532","10997","12014","13262","14527","15831",
"파주시","65 - 69세","여자인구수[명]","명","10163","11523","12416","13574","14804","16040",
"파주시","70 - 74세","남자인구수[명]","명","7083","7006","7415","7814","8400","9682",
"파주시","70 - 74세","여자인구수[명]","명","8486","8463","8807","9150","9682","10878",
"파주시","75 - 79세","남자인구수[명]","명","5567","5737","5811","6143","6493","6771",
"파주시","75 - 79세","여자인구수[명]","명","7645","7631","7761","7912","8234","8644",
"파주시","80 - 84세","남자인구수[명]","명","3644","3907","4366","4511","4582","4719",
"파주시","80 - 84세","여자인구수[명]","명","5840","6330","6883","7017","7124","7208",
"파주시","85 - 89세","남자인구수[명]","명","1528","1720","1932","2104","2293","2497",
"파주시","85 - 89세","여자인구수[명]","명","3156","3463","3643","4093","4506","4859",
"파주시","90 - 94세","남자인구수[명]","명","448","471","527","574","632","717",
"파주시","90 - 94세","여자인구수[명]","명","1225","1364","1483","1532","1690","1985",
"파주시","95 - 99세","남자인구수[명]","명","86","84","69","84","101","129",
"파주시","95 - 99세","여자인구수[명]","명","316","325","347","416","435","480",
"파주시","100+","남자인구수[명]","명","60","14","18","18","18","20",
"파주시","100+","여자인구수[명]","명","136","49","51","53","48","55",
"이천시","0 - 4세","남자인구수[명]","명","4120","3796","3428","3205","3063","3084",
"이천시","0 - 4세","여자인구수[명]","명","3829","3484","3233","2960","2824","2790",
"이천시","5 - 9세","남자인구수[명]","명","5609","5441","5132","4810","4392","3968",
"이천시","5 - 9세","여자인구수[명]","명","5265","5162","4817","4530","4175","3742",
"이천시","10 - 14세","남자인구수[명]","명","5626","5721","5697","5521","5590","5436",
"이천시","10 - 14세","여자인구수[명]","명","5254","5377","5354","5253","5242","5169",
"이천시","15 - 19세","남자인구수[명]","명","5933","5758","5748","5741","5624","5631",
"이천시","15 - 19세","여자인구수[명]","명","5418","5292","5306","5362","5258","5281",
"이천시","20 - 24세","남자인구수[명]","명","7430","7533","7117","6555","6081","5704",
"이천시","20 - 24세","여자인구수[명]","명","6174","6317","5907","5605","5257","4887",
"이천시","25 - 29세","남자인구수[명]","명","9607","10319","10254","9966","9528","9470",
"이천시","25 - 29세","여자인구수[명]","명","6894","7186","6970","6750","6571","6537",
"이천시","30 - 34세","남자인구수[명]","명","7657","8223","8826","9195","9760","10043",
"이천시","30 - 34세","여자인구수[명]","명","6617","6731","6736","6687","6734","6886",
"이천시","35 - 39세","남자인구수[명]","명","8720","8441","7802","7480","7463","7567",
"이천시","35 - 39세","여자인구수[명]","명","7532","7511","7105","6932","6888","6694",
"이천시","40 - 44세","남자인구수[명]","명","8653","9074","9420","9369","9237","8830",
"이천시","40 - 44세","여자인구수[명]","명","8314","8246","8158","8045","7672","7512",
"이천시","45 - 49세","남자인구수[명]","명","9287","9110","8857","8672","8618","8829",
"이천시","45 - 49세","여자인구수[명]","명","8436","8628","8585","8424","8374","8423",
"이천시","50 - 54세","남자인구수[명]","명","9328","9675","9863","9977","9971","9612",
"이천시","50 - 54세","여자인구수[명]","명","8711","9015","9022","8863","8759","8668",
"이천시","55 - 59세","남자인구수[명]","명","8999","8894","8703","8987","9171","9510",
"이천시","55 - 59세","여자인구수[명]","명","8208","8104","8168","8623","8955","9008",
"이천시","60 - 64세","남자인구수[명]","명","8064","8830","9223","9102","9280","9240",
"이천시","60 - 64세","여자인구수[명]","명","7569","8275","8540","8579","8649","8542",
"이천시","65 - 69세","남자인구수[명]","명","5164","5949","6272","6938","7555","8026",
"이천시","65 - 69세","여자인구수[명]","명","5150","5743","5977","6559","7151","7765",
"이천시","70 - 74세","남자인구수[명]","명","3493","3450","3841","4053","4393","4969",
"이천시","70 - 74세","여자인구수[명]","명","3730","3793","4156","4317","4617","5101",
"이천시","75 - 79세","남자인구수[명]","명","2520","2652","2698","2868","2997","3104",
"이천시","75 - 79세","여자인구수[명]","명","3322","3284","3217","3288","3377","3536",
"이천시","80 - 84세","남자인구수[명]","명","1729","1798","1913","1954","1979","2031",
"이천시","80 - 84세","여자인구수[명]","명","2672","2824","2950","2964","2984","2957",
"이천시","85 - 89세","남자인구수[명]","명","750","815","874","922","980","997",
"이천시","85 - 89세","여자인구수[명]","명","1591","1695","1797","1889","1955","1937",
"이천시","90 - 94세","남자인구수[명]","명","183","198","209","258","313","341",
"이천시","90 - 94세","여자인구수[명]","명","558","611","625","657","753","876",
"이천시","95 - 99세","남자인구수[명]","명","56","46","43","41","37","46",
"이천시","95 - 99세","여자인구수[명]","명","153","152","150","167","177","179",
"이천시","100+","남자인구수[명]","명","19","4","5","8","12","14",
"이천시","100+","여자인구수[명]","명","44","20","23","22","27","25",
"안성시","0 - 4세","남자인구수[명]","명","2911","2695","2515","2290","2292","2357",
"안성시","0 - 4세","여자인구수[명]","명","2713","2481","2267","2075","2116","2155",
"안성시","5 - 9세","남자인구수[명]","명","4308","4074","3840","3523","3372","3070",
"안성시","5 - 9세","여자인구수[명]","명","4116","3873","3574","3325","3166","2865",
"안성시","10 - 14세","남자인구수[명]","명","4580","4633","4539","4474","4426","4355",
"안성시","10 - 14세","여자인구수[명]","명","4295","4412","4360","4227","4193","4180",
"안성시","15 - 19세","남자인구수[명]","명","4760","4566","4477","4550","4617","4649",
"안성시","15 - 19세","여자인구수[명]","명","4364","4106","4129","4164","4244","4347",
"안성시","20 - 24세","남자인구수[명]","명","6034","6133","5964","5674","5562","5337",
"안성시","20 - 24세","여자인구수[명]","명","5352","5375","5092","4932","4903","4705",
"안성시","25 - 29세","남자인구수[명]","명","6372","6676","6499","6521","6622","6551",
"안성시","25 - 29세","여자인구수[명]","명","4786","4927","5030","5007","5075","5221",
"안성시","30 - 34세","남자인구수[명]","명","5553","5888","6043","6130","6677","7017",
"안성시","30 - 34세","여자인구수[명]","명","4519","4693","4649","4675","5097","5374",
"안성시","35 - 39세","남자인구수[명]","명","7107","6633","6120","5832","6087","6177",
"안성시","35 - 39세","여자인구수[명]","명","5948","5577","5164","4904","5064","5002",
"안성시","40 - 44세","남자인구수[명]","명","7695","8010","8005","7971","7797","7485",
"안성시","40 - 44세","여자인구수[명]","명","6700","6897","6855","6881","6615","6304",
"안성시","45 - 49세","남자인구수[명]","명","8400","8141","7946","7706","7921","8208",
"안성시","45 - 49세","여자인구수[명]","명","7376","7136","6999","6707","6886","7061",
"안성시","50 - 54세","남자인구수[명]","명","8561","8855","8997","9108","9030","8823",
"안성시","50 - 54세","여자인구수[명]","명","7479","7790","7813","7886","7993","7962",
"안성시","55 - 59세","남자인구수[명]","명","8136","8110","8033","8311","8711","9044",
"안성시","55 - 59세","여자인구수[명]","명","7289","7235","7281","7516","7894","8138",
"안성시","60 - 64세","남자인구수[명]","명","7522","8180","8412","8450","8643","8662",
"안성시","60 - 64세","여자인구수[명]","명","7292","7809","7955","8004","8108","7984",
"안성시","65 - 69세","남자인구수[명]","명","5243","5863","6109","6668","7181","7676",
"안성시","65 - 69세","여자인구수[명]","명","5271","5893","6151","6587","7184","7720",
"안성시","70 - 74세","남자인구수[명]","명","3650","3717","4032","4234","4664","5222",
"안성시","70 - 74세","여자인구수[명]","명","3907","3990","4207","4402","4837","5376",
"안성시","75 - 79세","남자인구수[명]","명","2599","2668","2807","2968","3129","3317",
"안성시","75 - 79세","여자인구수[명]","명","3488","3465","3473","3562","3642","3777",
"안성시","80 - 84세","남자인구수[명]","명","1885","1903","1998","2023","2055","2083",
"안성시","80 - 84세","여자인구수[명]","명","3074","3087","3226","3216","3203","3201",
"안성시","85 - 89세","남자인구수[명]","명","819","906","978","997","1092","1162",
"안성시","85 - 89세","여자인구수[명]","명","1818","1973","2044","2186","2284","2361",
"안성시","90 - 94세","남자인구수[명]","명","165","198","225","266","317","346",
"안성시","90 - 94세","여자인구수[명]","명","668","714","791","834","970","1007",
"안성시","95 - 99세","남자인구수[명]","명","43","42","36","37","45","42",
"안성시","95 - 99세","여자인구수[명]","명","158","178","171","174","203","231",
"안성시","100+","남자인구수[명]","명","12","4","6","5","5","5",
"안성시","100+","여자인구수[명]","명","44","28","30","32","27","33",
"김포시","0 - 4세","남자인구수[명]","명","12270","11283","10034","9184","8303","7624",
"김포시","0 - 4세","여자인구수[명]","명","11457","10559","9412","8471","7649","7086",
"김포시","5 - 9세","남자인구수[명]","명","15891","16071","15152","14339","13179","11850",
"김포시","5 - 9세","여자인구수[명]","명","15635","15764","14641","13837","12675","11252",
"김포시","10 - 14세","남자인구수[명]","명","13467","14434","14890","15089","15388","15350",
"김포시","10 - 14세","여자인구수[명]","명","12898","13860","14430","14560","14923","15081",
"김포시","15 - 19세","남자인구수[명]","명","10843","11013","11407","11859","12353","13129",
"김포시","15 - 19세","여자인구수[명]","명","10515","10665","11023","11583","11936","12521",
"김포시","20 - 24세","남자인구수[명]","명","12814","12753","12020","11669","11258","10387",
"김포시","20 - 24세","여자인구수[명]","명","11592","11649","11095","10737","10508","9910",
"김포시","25 - 29세","남자인구수[명]","명","14082","14216","13814","13735","13398","13300",
"김포시","25 - 29세","여자인구수[명]","명","13550","13787","13457","13214","13009","12740",
"김포시","30 - 34세","남자인구수[명]","명","14785","15274","15119","15078","15425","15364",
"김포시","30 - 34세","여자인구수[명]","명","15627","16213","15822","15454","15208","14943",
"김포시","35 - 39세","남자인구수[명]","명","22783","21565","19158","17666","16507","15823",
"김포시","35 - 39세","여자인구수[명]","명","23197","22042","20048","18501","17555","16441",
"김포시","40 - 44세","남자인구수[명]","명","24123","25602","25884","25877","24564","22629",
"김포시","40 - 44세","여자인구수[명]","명","22787","24555","25009","25580","24402","22991",
"김포시","45 - 49세","남자인구수[명]","명","21883","22302","22395","22426","22874","23564",
"김포시","45 - 49세","여자인구수[명]","명","19639","19911","20313","20490","21453","22349",
"김포시","50 - 54세","남자인구수[명]","명","17929","18971","19739","20471","21239","21553",
"김포시","50 - 54세","여자인구수[명]","명","17163","18192","18666","19173","19608","19586",
"김포시","55 - 59세","남자인구수[명]","명","16231","16463","16253","16803","17243","17828",
"김포시","55 - 59세","여자인구수[명]","명","15562","15643","15859","16504","16974","17429",
"김포시","60 - 64세","남자인구수[명]","명","14385","15327","15895","16210","16419","16206",
"김포시","60 - 64세","여자인구수[명]","명","14738","15614","15874","15960","16149","16043",
"김포시","65 - 69세","남자인구수[명]","명","9679","10861","11584","12656","13584","14333",
"김포시","65 - 69세","여자인구수[명]","명","10629","12046","12752","13775","14626","15186",
"김포시","70 - 74세","남자인구수[명]","명","7245","7336","7742","8025","8520","9495",
"김포시","70 - 74세","여자인구수[명]","명","7830","8014","8632","9132","9805","10903",
"김포시","75 - 79세","남자인구수[명]","명","4778","5160","5489","5959","6474","6782",
"김포시","75 - 79세","여자인구수[명]","명","5931","6135","6278","6720","7248","7719",
"김포시","80 - 84세","남자인구수[명]","명","2807","3062","3480","3706","3866","4086",
"김포시","80 - 84세","여자인구수[명]","명","4114","4498","4950","5219","5386","5517",
"김포시","85 - 89세","남자인구수[명]","명","1133","1305","1406","1573","1803","1958",
"김포시","85 - 89세","여자인구수[명]","명","2389","2602","2716","2938","3117","3323",
"김포시","90 - 94세","남자인구수[명]","명","296","340","373","393","463","539",
"김포시","90 - 94세","여자인구수[명]","명","950","1057","1079","1174","1285","1434",
"김포시","95 - 99세","남자인구수[명]","명","64","64","59","67","77","97",
"김포시","95 - 99세","여자인구수[명]","명","206","250","271","311","347","381",
"김포시","100+","남자인구수[명]","명","19","13","11","16","14","13",
"김포시","100+","여자인구수[명]","명","54","37","36","38","39","47",
"화성시","0 - 4세","남자인구수[명]","명","23330","21563","20331","20214","19873","20283",
"화성시","0 - 4세","여자인구수[명]","명","22066","20517","19460","19173","19117","19306",
"화성시","5 - 9세","남자인구수[명]","명","30086","30110","29127","28435","27354","25459",
"화성시","5 - 9세","여자인구수[명]","명","29003","29128","27806","27331","25853","24191",
"화성시","10 - 14세","남자인구수[명]","명","27340","28891","29927","30622","31247","31560",
"화성시","10 - 14세","여자인구수[명]","명","26375","27759","28826","29437","30221","30542",
"화성시","15 - 19세","남자인구수[명]","명","22106","22684","23996","25324","26416","28124",
"화성시","15 - 19세","여자인구수[명]","명","20928","21756","23222","24639","25503","27283",
"화성시","20 - 24세","남자인구수[명]","명","24484","25188","24702","24782","24318","23360",
"화성시","20 - 24세","여자인구수[명]","명","22192","22865","22415","22607","22409","21382",
"화성시","25 - 29세","남자인구수[명]","명","31996","34061","34988","35306","35345","34971",
"화성시","25 - 29세","여자인구수[명]","명","25866","26955","27645","28286","28795","29339",
"화성시","30 - 34세","남자인구수[명]","명","34176","36411","38388","41188","43369","45156",
"화성시","30 - 34세","여자인구수[명]","명","31160","32096","33162","35339","36671","37983",
"화성시","35 - 39세","남자인구수[명]","명","44475","42871","40861","41045","41792","42299",
"화성시","35 - 39세","여자인구수[명]","명","41370","39869","37851","37986","38746","38904",
"화성시","40 - 44세","남자인구수[명]","명","46116","48612","50236","51954","50991","49273",
"화성시","40 - 44세","여자인구수[명]","명","40808","43700","45628","47716","46974","45751",
"화성시","45 - 49세","남자인구수[명]","명","41402","42530","43849","44687","46404","48472",
"화성시","45 - 49세","여자인구수[명]","명","35733","36939","38530","39119","40868","43124",
"화성시","50 - 54세","남자인구수[명]","명","34018","36978","39612","41637","43195","43805",
"화성시","50 - 54세","여자인구수[명]","명","29234","32034","34066","36006","37274","38396",
"화성시","55 - 59세","남자인구수[명]","명","27952","29021","29909","32415","34343","36363",
"화성시","55 - 59세","여자인구수[명]","명","24243","24763","25874","28388","30540","32423",
"화성시","60 - 64세","남자인구수[명]","명","22049","24502","26773","28088","29208","30062",
"화성시","60 - 64세","여자인구수[명]","명","20560","22742","24296","25275","26294","26978",
"화성시","65 - 69세","남자인구수[명]","명","13638","15628","16898","19089","21154","23372",
"화성시","65 - 69세","여자인구수[명]","명","13751","15626","16836","18830","20508","22380",
"화성시","70 - 74세","남자인구수[명]","명","9110","9310","10284","11029","12107","13837",
"화성시","70 - 74세","여자인구수[명]","명","9645","10003","11072","11724","12798","14315",
"화성시","75 - 79세","남자인구수[명]","명","5903","6282","6755","7414","7977","8462",
"화성시","75 - 79세","여자인구수[명]","명","7457","7659","7897","8508","9106","9760",
"화성시","80 - 84세","남자인구수[명]","명","3692","3961","4394","4526","4750","4924",
"화성시","80 - 84세","여자인구수[명]","명","5798","6136","6647","6917","7058","7168",
"화성시","85 - 89세","남자인구수[명]","명","1505","1706","1961","2152","2305","2486",
"화성시","85 - 89세","여자인구수[명]","명","3486","3829","4050","4297","4690","4849",
"화성시","90 - 94세","남자인구수[명]","명","346","393","440","523","623","713",
"화성시","90 - 94세","여자인구수[명]","명","1347","1478","1606","1776","2003","2221",
"화성시","95 - 99세","남자인구수[명]","명","81","76","59","74","98","108",
"화성시","95 - 99세","여자인구수[명]","명","305","328","364","404","447","510",
"화성시","100+","남자인구수[명]","명","36","10","17","14","12","9",
"화성시","100+","여자인구수[명]","명","80","45","54","66","65","66",
"광주시","0 - 4세","남자인구수[명]","명","8096","7222","6787","6182","6082","5675",
"광주시","0 - 4세","여자인구수[명]","명","7793","6998","6587","5928","5814","5477",
"광주시","5 - 9세","남자인구수[명]","명","9978","9782","9349","9136","8723","7923",
"광주시","5 - 9세","여자인구수[명]","명","9323","9237","8948","8622","8246","7563",
"광주시","10 - 14세","남자인구수[명]","명","8658","8963","9285","9261","9610","9710",
"광주시","10 - 14세","여자인구수[명]","명","8396","8660","8807","8839","9125","9172",
"광주시","15 - 19세","남자인구수[명]","명","8533","8386","8555","8622","8606","8842",
"광주시","15 - 19세","여자인구수[명]","명","8032","7980","8228","8283","8347","8573",
"광주시","20 - 24세","남자인구수[명]","명","11303","11016","10467","9750","9442","8605",
"광주시","20 - 24세","여자인구수[명]","명","10025","9759","9342","8662","8421","7744",
"광주시","25 - 29세","남자인구수[명]","명","12630","12877","12699","12299","11960","11724",
"광주시","25 - 29세","여자인구수[명]","명","11262","11306","11028","10739","10619","10317",
"광주시","30 - 34세","남자인구수[명]","명","12566","12706","13214","13278","13766","13742",
"광주시","30 - 34세","여자인구수[명]","명","11654","11810","12094","11924","12153","12113",
"광주시","35 - 39세","남자인구수[명]","명","17564","16248","15074","14079","13903","13376",
"광주시","35 - 39세","여자인구수[명]","명","16060","14958","13962","13076","13002","12490",
"광주시","40 - 44세","남자인구수[명]","명","17638","18475","19122","19176","18745","17589",
"광주시","40 - 44세","여자인구수[명]","명","15622","16430","17058","17367","17048","16168",
"광주시","45 - 49세","남자인구수[명]","명","17705","17445","17126","16881","17157","17771",
"광주시","45 - 49세","여자인구수[명]","명","15858","15650","15572","15074","15307","15760",
"광주시","50 - 54세","남자인구수[명]","명","16729","17578","18455","18445","18710","18351",
"광주시","50 - 54세","여자인구수[명]","명","15916","16785","17129","17127","17150","16846",
"광주시","55 - 59세","남자인구수[명]","명","15682","15824","15828","16397","17034","17589",
"광주시","55 - 59세","여자인구수[명]","명","15207","15100","15320","16121","16839","17135",
"광주시","60 - 64세","남자인구수[명]","명","14428","15323","15900","16019","16375","16295",
"광주시","60 - 64세","여자인구수[명]","명","14317","15443","16078","16058","16245","16041",
"광주시","65 - 69세","남자인구수[명]","명","9690","10900","11629","12648","13693","14472",
"광주시","65 - 69세","여자인구수[명]","명","9712","10909","11670","12720","13852","14812",
"광주시","70 - 74세","남자인구수[명]","명","6371","6552","7137","7492","8166","9369",
"광주시","70 - 74세","여자인구수[명]","명","6603","6877","7433","7888","8547","9674",
"광주시","75 - 79세","남자인구수[명]","명","4242","4499","4759","5193","5499","5763",
"광주시","75 - 79세","여자인구수[명]","명","4753","4939","5157","5529","6021","6468",
"광주시","80 - 84세","남자인구수[명]","명","2316","2576","2898","3112","3305","3498",
"광주시","80 - 84세","여자인구수[명]","명","3312","3642","4042","4254","4357","4396",
"광주시","85 - 89세","남자인구수[명]","명","861","1017","1132","1291","1431","1558",
"광주시","85 - 89세","여자인구수[명]","명","1850","2060","2174","2357","2541","2795",
"광주시","90 - 94세","남자인구수[명]","명","231","234","237","286","346","408",
"광주시","90 - 94세","여자인구수[명]","명","771","809","863","941","1042","1123",
"광주시","95 - 99세","남자인구수[명]","명","50","42","44","41","52","66",
"광주시","95 - 99세","여자인구수[명]","명","212","226","218","223","261","292",
"광주시","100+","남자인구수[명]","명","27","8","10","13","16","16",
"광주시","100+","여자인구수[명]","명","78","38","45","44","47","45",
"양주시","0 - 4세","남자인구수[명]","명","4306","4031","3927","4621","5124","5274",
"양주시","0 - 4세","여자인구수[명]","명","4092","3865","3821","4487","4935","4909",
"양주시","5 - 9세","남자인구수[명]","명","5872","5985","5856","6392","6562","6254",
"양주시","5 - 9세","여자인구수[명]","명","5670","5770","5677","6138","6444","6198",
"양주시","10 - 14세","남자인구수[명]","명","6040","6207","6415","6964","7389","7496",
"양주시","10 - 14세","여자인구수[명]","명","5994","6190","6442","6836","7243","7334",
"양주시","15 - 19세","남자인구수[명]","명","6184","6134","6216","6684","6878","7078",
"양주시","15 - 19세","여자인구수[명]","명","5839","5746","5994","6364","6705","7028",
"양주시","20 - 24세","남자인구수[명]","명","7460","7461","7368","7458","7571","7267",
"양주시","20 - 24세","여자인구수[명]","명","6448","6543","6336","6713","6830","6481",
"양주시","25 - 29세","남자인구수[명]","명","7296","7464","7541","8303","8887","9077",
"양주시","25 - 29세","여자인구수[명]","명","6245","6248","6463","7207","7963","8148",
"양주시","30 - 34세","남자인구수[명]","명","6361","6691","7315","8772","10419","10769",
"양주시","30 - 34세","여자인구수[명]","명","5787","6161","6582","8116","9673","10010",
"양주시","35 - 39세","남자인구수[명]","명","8103","7826","7769","8817","9775","9979",
"양주시","35 - 39세","여자인구수[명]","명","7797","7424","7282","8338","9318","9558",
"양주시","40 - 44세","남자인구수[명]","명","9148","9599","10006","11700","12449","12111",
"양주시","40 - 44세","여자인구수[명]","명","8928","9386","9737","10982","11486","11263",
"양주시","45 - 49세","남자인구수[명]","명","11197","10921","10580","10851","11439","11859",
"양주시","45 - 49세","여자인구수[명]","명","10171","10004","10083","10444","11049","11416",
"양주시","50 - 54세","남자인구수[명]","명","10353","10861","11544","12551","13260","13239",
"양주시","50 - 54세","여자인구수[명]","명","9498","10111","10639","11737","12512","12592",
"양주시","55 - 59세","남자인구수[명]","명","9608","9851","10022","10988","11686","12258",
"양주시","55 - 59세","여자인구수[명]","명","8630","8707","9052","10161","11335","11958",
"양주시","60 - 64세","남자인구수[명]","명","8718","9243","9662","10326","11035","11213",
"양주시","60 - 64세","여자인구수[명]","명","8369","8903","9217","9906","10422","10568",
"양주시","65 - 69세","남자인구수[명]","명","5779","6593","7237","8243","9056","9784",
"양주시","65 - 69세","여자인구수[명]","명","5994","6811","7345","8379","9315","9961",
"양주시","70 - 74세","남자인구수[명]","명","4285","4266","4477","4822","5490","6280",
"양주시","70 - 74세","여자인구수[명]","명","4770","4790","5038","5460","6020","6848",
"양주시","75 - 79세","남자인구수[명]","명","3252","3471","3598","3944","4147","4280",
"양주시","75 - 79세","여자인구수[명]","명","3980","4024","4149","4499","4849","5145",
"양주시","80 - 84세","남자인구수[명]","명","1935","2062","2327","2480","2665","2855",
"양주시","80 - 84세","여자인구수[명]","명","2826","3148","3481","3647","3868","3993",
"양주시","85 - 89세","남자인구수[명]","명","769","919","1031","1132","1251","1355",
"양주시","85 - 89세","여자인구수[명]","명","1569","1780","1937","2151","2333","2500",
"양주시","90 - 94세","남자인구수[명]","명","176","198","231","265","324","425",
"양주시","90 - 94세","여자인구수[명]","명","615","703","760","853","952","1075",
"양주시","95 - 99세","남자인구수[명]","명","62","42","44","47","54","67",
"양주시","95 - 99세","여자인구수[명]","명","168","193","190","194","243","274",
"양주시","100+","남자인구수[명]","명","12","10","7","16","13","11",
"양주시","100+","여자인구수[명]","명","53","26","34","38","36","34",
"포천시","0 - 4세","남자인구수[명]","명","1886","1734","1549","1394","1247","1221",
"포천시","0 - 4세","여자인구수[명]","명","1738","1654","1540","1338","1257","1194",
"포천시","5 - 9세","남자인구수[명]","명","2553","2431","2268","2070","1923","1733",
"포천시","5 - 9세","여자인구수[명]","명","2402","2291","2057","1844","1634","1486",
"포천시","10 - 14세","남자인구수[명]","명","2945","2911","2770","2594","2421","2329",
"포천시","10 - 14세","여자인구수[명]","명","2685","2609","2571","2390","2270","2189",
"포천시","15 - 19세","남자인구수[명]","명","3461","3223","3116","2920","2848","2791",
"포천시","15 - 19세","여자인구수[명]","명","3152","2978","2828","2595","2543","2507",
"포천시","20 - 24세","남자인구수[명]","명","5072","5009","4587","4123","3711","3389",
"포천시","20 - 24세","여자인구수[명]","명","3906","3885","3573","3347","3055","2701",
"포천시","25 - 29세","남자인구수[명]","명","5272","5521","5252","5024","4722","4607",
"포천시","25 - 29세","여자인구수[명]","명","3591","3775","3739","3580","3456","3366",
"포천시","30 - 34세","남자인구수[명]","명","3982","4236","4391","4304","4393","4418",
"포천시","30 - 34세","여자인구수[명]","명","3046","3195","3207","3145","3139","3209",
"포천시","35 - 39세","남자인구수[명]","명","4126","3984","3740","3492","3408","3490",
"포천시","35 - 39세","여자인구수[명]","명","3422","3223","3021","2826","2749","2696",
"포천시","40 - 44세","남자인구수[명]","명","4638","4672","4615","4386","4170","3942",
"포천시","40 - 44세","여자인구수[명]","명","4053","4041","3810","3640","3374","3203",
"포천시","45 - 49세","남자인구수[명]","명","6388","5947","5421","4943","4655","4559",
"포천시","45 - 49세","여자인구수[명]","명","5393","5091","4809","4350","4088","3937",
"포천시","50 - 54세","남자인구수[명]","명","7593","7644","7522","7094","6782","6409",
"포천시","50 - 54세","여자인구수[명]","명","6300","6459","6252","5936","5679","5426",
"포천시","55 - 59세","남자인구수[명]","명","8395","8457","8137","8140","7942","7726",
"포천시","55 - 59세","여자인구수[명]","명","6888","6724","6637","6804","6729","6551",
"포천시","60 - 64세","남자인구수[명]","명","8250","8792","8937","8847","8779","8539",
"포천시","60 - 64세","여자인구수[명]","명","6823","7373","7489","7334","7247","7116",
"포천시","65 - 69세","남자인구수[명]","명","4961","5825","6419","7116","7682","8199",
"포천시","65 - 69세","여자인구수[명]","명","4359","4967","5350","5943","6447","6890",
"포천시","70 - 74세","남자인구수[명]","명","3318","3286","3503","3671","4066","4743",
"포천시","70 - 74세","여자인구수[명]","명","3499","3361","3443","3527","3771","4224",
"포천시","75 - 79세","남자인구수[명]","명","2439","2476","2545","2730","2913","2923",
"포천시","75 - 79세","여자인구수[명]","명","3209","3186","3188","3157","3258","3313",
"포천시","80 - 84세","남자인구수[명]","명","1659","1718","1834","1809","1825","1893",
"포천시","80 - 84세","여자인구수[명]","명","2673","2811","2950","2977","2895","2859",
"포천시","85 - 89세","남자인구수[명]","명","707","783","845","900","982","1018",
"포천시","85 - 89세","여자인구수[명]","명","1436","1608","1708","1866","2060","2131",
"포천시","90 - 94세","남자인구수[명]","명","166","199","204","236","267","304",
"포천시","90 - 94세","여자인구수[명]","명","589","612","636","694","802","897",
"포천시","95 - 99세","남자인구수[명]","명","64","56","41","33","35","42",
"포천시","95 - 99세","여자인구수[명]","명","157","154","163","166","196","231",
"포천시","100+","남자인구수[명]","명","30","11","11","11","16","15",
"포천시","100+","여자인구수[명]","명","48","27","23","27","27","36",
"여주시","0 - 4세","남자인구수[명]","명","1541","1367","1342","1264","1178","1083",
"여주시","0 - 4세","여자인구수[명]","명","1531","1373","1312","1292","1179","1082",
"여주시","5 - 9세","남자인구수[명]","명","2272","2162","2039","1922","1792","1600",
"여주시","5 - 9세","여자인구수[명]","명","2070","1943","1867","1753","1634","1517",
"여주시","10 - 14세","남자인구수[명]","명","2365","2428","2439","2434","2358","2291",
"여주시","10 - 14세","여자인구수[명]","명","2224","2259","2188","2190","2145","2042",
"여주시","15 - 19세","남자인구수[명]","명","2567","2420","2430","2432","2404","2415",
"여주시","15 - 19세","여자인구수[명]","명","2436","2298","2311","2229","2173","2214",
"여주시","20 - 24세","남자인구수[명]","명","3301","3212","3010","2816","2634","2410",
"여주시","20 - 24세","여자인구수[명]","명","2894","2845","2659","2428","2269","1988",
"여주시","25 - 29세","남자인구수[명]","명","3381","3325","3266","3270","3151","2984",
"여주시","25 - 29세","여자인구수[명]","명","2601","2574","2575","2695","2650","2527",
"여주시","30 - 34세","남자인구수[명]","명","2816","2865","3037","3133","3248","3353",
"여주시","30 - 34세","여자인구수[명]","명","2281","2327","2506","2584","2647","2672",
"여주시","35 - 39세","남자인구수[명]","명","3270","3012","2894","2936","2850","2861",
"여주시","35 - 39세","여자인구수[명]","명","3172","2925","2673","2671","2575","2494",
"여주시","40 - 44세","남자인구수[명]","명","3795","3838","3880","3902","3755","3471",
"여주시","40 - 44세","여자인구수[명]","명","3643","3572","3716","3727","3550","3325",
"여주시","45 - 49세","남자인구수[명]","명","4472","4295","4179","3999","4021","4033",
"여주시","45 - 49세","여자인구수[명]","명","4123","4008","3982","3834","3830","3777",
"여주시","50 - 54세","남자인구수[명]","명","5092","5123","5190","5174","5083","4814",
"여주시","50 - 54세","여자인구수[명]","명","4573","4676","4649","4688","4533","4504",
"여주시","55 - 59세","남자인구수[명]","명","5468","5434","5297","5483","5500","5518",
"여주시","55 - 59세","여자인구수[명]","명","4984","4854","4865","5039","5150","5145",
"여주시","60 - 64세","남자인구수[명]","명","5397","5709","5982","6000","6057","5967",
"여주시","60 - 64세","여자인구수[명]","명","5153","5452","5593","5622","5709","5578",
"여주시","65 - 69세","남자인구수[명]","명","4082","4568","4704","5131","5443","5724",
"여주시","65 - 69세","여자인구수[명]","명","3990","4483","4630","4988","5257","5475",
"여주시","70 - 74세","남자인구수[명]","명","2726","2785","3147","3333","3678","4151",
"여주시","70 - 74세","여자인구수[명]","명","2706","2726","3058","3261","3601","4109",
"여주시","75 - 79세","남자인구수[명]","명","2119","2115","2177","2296","2441","2577",
"여주시","75 - 79세","여자인구수[명]","명","2663","2537","2499","2587","2588","2632",
"여주시","80 - 84세","남자인구수[명]","명","1375","1494","1621","1628","1631","1663",
"여주시","80 - 84세","여자인구수[명]","명","2086","2241","2396","2418","2365","2351",
"여주시","85 - 89세","남자인구수[명]","명","595","653","701","794","848","869",
"여주시","85 - 89세","여자인구수[명]","명","1253","1320","1372","1432","1532","1571",
"여주시","90 - 94세","남자인구수[명]","명","158","184","197","192","239","268",
"여주시","90 - 94세","여자인구수[명]","명","506","543","571","612","667","693",
"여주시","95 - 99세","남자인구수[명]","명","30","28","31","34","38","47",
"여주시","95 - 99세","여자인구수[명]","명","134","151","138","156","169","177",
"여주시","100+","남자인구수[명]","명","16","5","4","4","6","3",
"여주시","100+","여자인구수[명]","명","36","21","23","29","32","27",
"연천군","0 - 4세","남자인구수[명]","명","645","565","501","433","404","406",
"연천군","0 - 4세","여자인구수[명]","명","608","543","500","456","422","413",
"연천군","5 - 9세","남자인구수[명]","명","749","725","668","621","585","542",
"연천군","5 - 9세","여자인구수[명]","명","728","708","611","561","501","510",
"연천군","10 - 14세","남자인구수[명]","명","765","763","733","708","670","677",
"연천군","10 - 14세","여자인구수[명]","명","717","719","696","677","667","627",
"연천군","15 - 19세","남자인구수[명]","명","927","854","796","766","730","744",
"연천군","15 - 19세","여자인구수[명]","명","784","712","692","681","632","687",
"연천군","20 - 24세","남자인구수[명]","명","1523","1462","1350","1244","1136","1087",
"연천군","20 - 24세","여자인구수[명]","명","948","898","864","817","747","721",
"연천군","25 - 29세","남자인구수[명]","명","1880","1810","1723","1605","1503","1559",
"연천군","25 - 29세","여자인구수[명]","명","1013","944","870","832","798","911",
"연천군","30 - 34세","남자인구수[명]","명","1267","1270","1344","1382","1371","1446",
"연천군","30 - 34세","여자인구수[명]","명","863","873","863","906","867","943",
"연천군","35 - 39세","남자인구수[명]","명","1161","1070","983","963","944","997",
"연천군","35 - 39세","여자인구수[명]","명","968","886","790","725","724","749",
"연천군","40 - 44세","남자인구수[명]","명","1153","1144","1127","1120","1093","1129",
"연천군","40 - 44세","여자인구수[명]","명","1038","1034","1017","1015","928","906",
"연천군","45 - 49세","남자인구수[명]","명","1569","1432","1340","1218","1122","1139",
"연천군","45 - 49세","여자인구수[명]","명","1218","1117","1069","989","930","1009",
"연천군","50 - 54세","남자인구수[명]","명","1712","1693","1693","1657","1553","1631",
"연천군","50 - 54세","여자인구수[명]","명","1475","1471","1417","1359","1276","1279",
"연천군","55 - 59세","남자인구수[명]","명","2125","2067","1984","1900","1875","1859",
"연천군","55 - 59세","여자인구수[명]","명","1820","1715","1694","1663","1636","1705",
"연천군","60 - 64세","남자인구수[명]","명","2266","2307","2331","2312","2263","2311",
"연천군","60 - 64세","여자인구수[명]","명","2104","2125","2087","2092","2057","2060",
"연천군","65 - 69세","남자인구수[명]","명","1620","1845","2034","2213","2320","2402",
"연천군","65 - 69세","여자인구수[명]","명","1557","1732","1882","2015","2140","2296",
"연천군","70 - 74세","남자인구수[명]","명","1261","1195","1218","1251","1392","1679",
"연천군","70 - 74세","여자인구수[명]","명","1401","1321","1285","1309","1354","1581",
"연천군","75 - 79세","남자인구수[명]","명","1032","998","1034","1092","1099","1130",
"연천군","75 - 79세","여자인구수[명]","명","1351","1309","1299","1290","1338","1324",
"연천군","80 - 84세","남자인구수[명]","명","693","738","774","765","794","817",
"연천군","80 - 84세","여자인구수[명]","명","1205","1239","1276","1286","1232","1186",
"연천군","85 - 89세","남자인구수[명]","명","326","349","362","392","399","412",
"연천군","85 - 89세","여자인구수[명]","명","597","656","721","797","850","863",
"연천군","90 - 94세","남자인구수[명]","명","85","86","94","112","120","145",
"연천군","90 - 94세","여자인구수[명]","명","232","244","244","257","278","344",
"연천군","95 - 99세","남자인구수[명]","명","23","20","19","18","21","24",
"연천군","95 - 99세","여자인구수[명]","명","60","64","64","72","77","74",
"연천군","100+","남자인구수[명]","명","17","6","5","4","6","2",
"연천군","100+","여자인구수[명]","명","30","12","8","9","12","14",
"가평군","0 - 4세","남자인구수[명]","명","731","661","600","555","580","564",
"가평군","0 - 4세","여자인구수[명]","명","713","666","598","554","542","517",
"가평군","5 - 9세","남자인구수[명]","명","932","915","879","854","765","728",
"가평군","5 - 9세","여자인구수[명]","명","968","913","824","800","764","676",
"가평군","10 - 14세","남자인구수[명]","명","1117","1087","1075","1042","1008","949",
"가평군","10 - 14세","여자인구수[명]","명","1033","1068","1082","1049","988","946",
"가평군","15 - 19세","남자인구수[명]","명","1349","1234","1186","1171","1142","1111",
"가평군","15 - 19세","여자인구수[명]","명","1135","1069","1086","1087","1067","1068",
"가평군","20 - 24세","남자인구수[명]","명","1755","1713","1579","1532","1404","1299",
"가평군","20 - 24세","여자인구수[명]","명","1377","1325","1198","1113","1065","1002",
"가평군","25 - 29세","남자인구수[명]","명","1820","1852","1859","1760","1775","1707",
"가평군","25 - 29세","여자인구수[명]","명","1260","1235","1284","1295","1304","1259",
"가평군","30 - 34세","남자인구수[명]","명","1491","1479","1522","1603","1659","1628",
"가평군","30 - 34세","여자인구수[명]","명","1198","1166","1190","1220","1278","1259",
"가평군","35 - 39세","남자인구수[명]","명","1623","1531","1447","1403","1382","1345",
"가평군","35 - 39세","여자인구수[명]","명","1430","1328","1241","1211","1199","1158",
"가평군","40 - 44세","남자인구수[명]","명","1833","1861","1855","1853","1755","1661",
"가평군","40 - 44세","여자인구수[명]","명","1670","1660","1642","1690","1592","1491",
"가평군","45 - 49세","남자인구수[명]","명","2424","2330","2209","2118","1987","1929",
"가평군","45 - 49세","여자인구수[명]","명","1983","1929","1863","1798","1732","1708",
"가평군","50 - 54세","남자인구수[명]","명","2772","2717","2746","2729","2684","2581",
"가평군","50 - 54세","여자인구수[명]","명","2426","2451","2382","2331","2252","2166",
"가평군","55 - 59세","남자인구수[명]","명","3251","3171","3065","3049","3050","2998",
"가평군","55 - 59세","여자인구수[명]","명","2915","2768","2698","2736","2758","2742",
"가평군","60 - 64세","남자인구수[명]","명","3555","3661","3674","3624","3581","3461",
"가평군","60 - 64세","여자인구수[명]","명","3292","3439","3525","3412","3383","3186",
"가평군","65 - 69세","남자인구수[명]","명","2696","3069","3205","3419","3628","3748",
"가평군","65 - 69세","여자인구수[명]","명","2565","2851","2940","3150","3343","3486",
"가평군","70 - 74세","남자인구수[명]","명","1757","1712","1964","2084","2344","2676",
"가평군","70 - 74세","여자인구수[명]","명","1819","1788","1956","2089","2333","2615",
"가평군","75 - 79세","남자인구수[명]","명","1469","1490","1487","1550","1570","1616",
"가평군","75 - 79세","여자인구수[명]","명","1788","1724","1688","1704","1721","1750",
"가평군","80 - 84세","남자인구수[명]","명","1004","1012","1070","1063","1102","1142",
"가평군","80 - 84세","여자인구수[명]","명","1390","1442","1537","1543","1494","1556",
"가평군","85 - 89세","남자인구수[명]","명","413","486","520","553","595","617",
"가평군","85 - 89세","여자인구수[명]","명","844","915","891","932","1022","1025",
"가평군","90 - 94세","남자인구수[명]","명","112","118","131","144","149","166",
"가평군","90 - 94세","여자인구수[명]","명","301","298","335","359","382","442",
"가평군","95 - 99세","남자인구수[명]","명","32","24","23","25","28","25",
"가평군","95 - 99세","여자인구수[명]","명","84","85","77","79","95","92",
"가평군","100+","남자인구수[명]","명","20","6","6","6","6","8",
"가평군","100+","여자인구수[명]","명","30","15","11","13","19","22",
"양평군","0 - 4세","남자인구수[명]","명","1507","1407","1287","1277","1206","1195",
"양평군","0 - 4세","여자인구수[명]","명","1436","1339","1245","1259","1193","1120",
"양평군","5 - 9세","남자인구수[명]","명","2225","2226","2119","2051","1883","1700",
"양평군","5 - 9세","여자인구수[명]","명","2130","2102","1980","1895","1814","1615",
"양평군","10 - 14세","남자인구수[명]","명","2513","2545","2613","2583","2576","2545",
"양평군","10 - 14세","여자인구수[명]","명","2399","2457","2427","2395","2374","2375",
"양평군","15 - 19세","남자인구수[명]","명","2590","2540","2563","2649","2584","2590",
"양평군","15 - 19세","여자인구수[명]","명","2206","2178","2250","2369","2375","2409",
"양평군","20 - 24세","남자인구수[명]","명","2882","2904","2778","2585","2545","2429",
"양평군","20 - 24세","여자인구수[명]","명","2381","2283","2179","2030","1973","1857",
"양평군","25 - 29세","남자인구수[명]","명","2985","3003","2845","2825","2702","2574",
"양평군","25 - 29세","여자인구수[명]","명","2349","2399","2323","2382","2212","2108",
"양평군","30 - 34세","남자인구수[명]","명","2375","2470","2642","2799","2895","2887",
"양평군","30 - 34세","여자인구수[명]","명","2214","2242","2308","2432","2510","2484",
"양평군","35 - 39세","남자인구수[명]","명","3056","2961","2755","2675","2703","2620",
"양평군","35 - 39세","여자인구수[명]","명","3130","3028","2686","2643","2609","2514",
"양평군","40 - 44세","남자인구수[명]","명","3622","3713","3781","3876","3757","3539",
"양평군","40 - 44세","여자인구수[명]","명","3713","3855","3887","4013","3852","3577",
"양평군","45 - 49세","남자인구수[명]","명","4680","4549","4321","4199","4166","4056",
"양평군","45 - 49세","여자인구수[명]","명","4297","4194","4160","4034","4020","4111",
"양평군","50 - 54세","남자인구수[명]","명","4943","5126","5301","5296","5307","5195",
"양평군","50 - 54세","여자인구수[명]","명","4550","4760","4854","5009","5051","4859",
"양평군","55 - 59세","남자인구수[명]","명","5791","5628","5522","5594","5641","5668",
"양평군","55 - 59세","여자인구수[명]","명","5626","5422","5414","5543","5586","5562",
"양평군","60 - 64세","남자인구수[명]","명","6350","6781","6950","7052","7019","6853",
"양평군","60 - 64세","여자인구수[명]","명","6324","6743","6916","6949","6910","6688",
"양평군","65 - 69세","남자인구수[명]","명","4990","5637","5879","6462","6904","7279",
"양평군","65 - 69세","여자인구수[명]","명","5140","5736","5914","6455","6917","7154",
"양평군","70 - 74세","남자인구수[명]","명","3626","3615","4000","4269","4690","5288",
"양평군","70 - 74세","여자인구수[명]","명","3544","3586","3984","4332","4807","5423",
"양평군","75 - 79세","남자인구수[명]","명","2766","2891","2974","3225","3386","3485",
"양평군","75 - 79세","여자인구수[명]","명","3126","3108","3117","3221","3303","3462",
"양평군","80 - 84세","남자인구수[명]","명","1704","1779","2021","2134","2223","2336",
"양평군","80 - 84세","여자인구수[명]","명","2360","2455","2655","2718","2754","2826",
"양평군","85 - 89세","남자인구수[명]","명","709","823","877","969","1055","1129",
"양평군","85 - 89세","여자인구수[명]","명","1495","1667","1670","1814","1902","1865",
"양평군","90 - 94세","남자인구수[명]","명","190","202","224","238","281","319",
"양평군","90 - 94세","여자인구수[명]","명","623","658","695","745","832","910",
"양평군","95 - 99세","남자인구수[명]","명","46","40","40","39","47","55",
"양평군","95 - 99세","여자인구수[명]","명","153","142","141","172","205","238",
"양평군","100+","남자인구수[명]","명","13","6","3","4","4","3",
"양평군","100+","여자인구수[명]","명","51","30","23","27","31","31",
"강원특별자치도","0 - 4세","남자인구수[명]","명","23169","21686","20772","19687","18386","17770",
"강원특별자치도","0 - 4세","여자인구수[명]","명","22040","20685","19988","18859","17846","17108",
"강원특별자치도","5 - 9세","남자인구수[명]","명","30861","29920","28385","26776","25359","23460",
"강원특별자치도","5 - 9세","여자인구수[명]","명","29528","28680","26891","25550","24178","22335",
"강원특별자치도","10 - 14세","남자인구수[명]","명","33545","33876","33287","32600","31997","31030",
"강원특별자치도","10 - 14세","여자인구수[명]","명","31331","31519","31402","30738","30229","29591",
"강원특별자치도","15 - 19세","남자인구수[명]","명","38010","35728","35256","34335","33537","33677",
"강원특별자치도","15 - 19세","여자인구수[명]","명","34622","32762","32188","31380","30874","31053",
"강원특별자치도","20 - 24세","남자인구수[명]","명","52059","49764","47050","44045","41466","38055",
"강원특별자치도","20 - 24세","여자인구수[명]","명","41495","39495","37299","35252","33051","30311",
"강원특별자치도","25 - 29세","남자인구수[명]","명","49246","48980","48554","47594","45935","44885",
"강원특별자치도","25 - 29세","여자인구수[명]","명","37215","37185","37291","36719","35758","34878",
"강원특별자치도","30 - 34세","남자인구수[명]","명","40430","41237","42938","44173","44977","45626",
"강원특별자치도","30 - 34세","여자인구수[명]","명","34648","35455","36629","37012","37370","37956",
"강원특별자치도","35 - 39세","남자인구수[명]","명","46993","44630","42032","40519","39992","39783",
"강원특별자치도","35 - 39세","여자인구수[명]","명","44278","41495","38766","36890","36185","35311",
"강원특별자치도","40 - 44세","남자인구수[명]","명","51983","52206","52619","52047","49781","47373",
"강원특별자치도","40 - 44세","여자인구수[명]","명","50283","50679","51044","50486","47920","45110",
"강원특별자치도","45 - 49세","남자인구수[명]","명","63293","60179","57391","54263","52312","52077",
"강원특별자치도","45 - 49세","여자인구수[명]","명","58819","56358","54818","52023","50676","50413",
"강원특별자치도","50 - 54세","남자인구수[명]","명","68677","69151","69473","68062","66128","63405",
"강원특별자치도","50 - 54세","여자인구수[명]","명","63336","64249","63965","62951","61534","59627",
"강원특별자치도","55 - 59세","남자인구수[명]","명","68984","67393","65898","67423","68277","69130",
"강원특별자치도","55 - 59세","여자인구수[명]","명","66818","63793","62689","64077","64908","65128",
"강원특별자치도","60 - 64세","남자인구수[명]","명","70873","74074","74898","73992","72601","70231",
"강원특별자치도","60 - 64세","여자인구수[명]","명","70613","74137","75101","73799","71519","68688",
"강원특별자치도","65 - 69세","남자인구수[명]","명","49281","55712","59162","64028","67448","70384",
"강원특별자치도","65 - 69세","여자인구수[명]","명","50811","56235","58789","63504","67566","71045",
"강원특별자치도","70 - 74세","남자인구수[명]","명","32729","31939","35084","36877","41120","46662",
"강원특별자치도","70 - 74세","여자인구수[명]","명","37147","36450","39512","40854","44507","49645",
"강원특별자치도","75 - 79세","남자인구수[명]","명","28001","27856","28086","28618","28898","28778",
"강원특별자치도","75 - 79세","여자인구수[명]","명","37582","36382","35430","35527","35027","34893",
"강원특별자치도","80 - 84세","남자인구수[명]","명","18746","19563","20847","21027","21216","21628",
"강원특별자치도","80 - 84세","여자인구수[명]","명","30149","31551","33474","33488","33204","32664",
"강원특별자치도","85 - 89세","남자인구수[명]","명","6801","7803","8535","9516","10476","11133",
"강원특별자치도","85 - 89세","여자인구수[명]","명","16316","17669","18644","20104","21462","22375",
"강원특별자치도","90 - 94세","남자인구수[명]","명","1957","2061","2142","2340","2556","2892",
"강원특별자치도","90 - 94세","여자인구수[명]","명","7014","7311","7479","7777","8332","9024",
"강원특별자치도","95 - 99세","남자인구수[명]","명","601","505","474","435","464","502",
"강원특별자치도","95 - 99세","여자인구수[명]","명","1692","1781","1879","2070","2273","2429",
"강원특별자치도","100+","남자인구수[명]","명","266","69","64","92","99","94",
"강원특별자치도","100+","여자인구수[명]","명","598","289","273","298","322","341",
"동해출장소","0 - 4세","남자인구수[명]","명","0","0","0","0","0","0",
"동해출장소","0 - 4세","여자인구수[명]","명","0","0","0","0","0","0",
"동해출장소","5 - 9세","남자인구수[명]","명","0","0","0","0","0","0",
"동해출장소","5 - 9세","여자인구수[명]","명","0","0","0","0","0","0",
"동해출장소","10 - 14세","남자인구수[명]","명","0","0","0","0","0","0",
"동해출장소","10 - 14세","여자인구수[명]","명","0","0","0","0","0","0",
"동해출장소","15 - 19세","남자인구수[명]","명","0","0","0","0","0","0",
"동해출장소","15 - 19세","여자인구수[명]","명","0","0","0","0","0","0",
"동해출장소","20 - 24세","남자인구수[명]","명","0","0","0","0","0","0",
"동해출장소","20 - 24세","여자인구수[명]","명","0","0","0","0","0","0",
"동해출장소","25 - 29세","남자인구수[명]","명","0","0","0","0","0","0",
"동해출장소","25 - 29세","여자인구수[명]","명","0","0","0","0","0","0",
"동해출장소","30 - 34세","남자인구수[명]","명","0","0","0","0","0","0",
"동해출장소","30 - 34세","여자인구수[명]","명","0","0","0","0","0","0",
"동해출장소","35 - 39세","남자인구수[명]","명","0","0","0","0","0","0",
"동해출장소","35 - 39세","여자인구수[명]","명","0","0","0","0","0","0",
"동해출장소","40 - 44세","남자인구수[명]","명","0","0","0","0","0","0",
"동해출장소","40 - 44세","여자인구수[명]","명","0","0","0","0","0","0",
"동해출장소","45 - 49세","남자인구수[명]","명","0","0","0","0","0","0",
"동해출장소","45 - 49세","여자인구수[명]","명","0","0","0","0","0","0",
"동해출장소","50 - 54세","남자인구수[명]","명","0","0","0","0","0","0",
"동해출장소","50 - 54세","여자인구수[명]","명","0","0","0","0","0","0",
"동해출장소","55 - 59세","남자인구수[명]","명","0","0","0","0","0","0",
"동해출장소","55 - 59세","여자인구수[명]","명","0","0","0","0","0","0",
"동해출장소","60 - 64세","남자인구수[명]","명","0","0","0","0","0","0",
"동해출장소","60 - 64세","여자인구수[명]","명","0","0","0","0","0","0",
"동해출장소","65 - 69세","남자인구수[명]","명","0","0","0","0","0","0",
"동해출장소","65 - 69세","여자인구수[명]","명","0","0","0","0","0","0",
"동해출장소","70 - 74세","남자인구수[명]","명","0","0","0","0","0","0",
"동해출장소","70 - 74세","여자인구수[명]","명","0","0","0","0","0","0",
"동해출장소","75 - 79세","남자인구수[명]","명","0","0","0","0","0","0",
"동해출장소","75 - 79세","여자인구수[명]","명","0","0","0","0","0","0",
"동해출장소","80 - 84세","남자인구수[명]","명","0","0","0","0","0","0",
"동해출장소","80 - 84세","여자인구수[명]","명","0","0","0","0","0","0",
"동해출장소","85 - 89세","남자인구수[명]","명","0","0","0","0","0","0",
"동해출장소","85 - 89세","여자인구수[명]","명","0","0","0","0","0","0",
"동해출장소","90 - 94세","남자인구수[명]","명","0","0","0","0","0","0",
"동해출장소","90 - 94세","여자인구수[명]","명","0","0","0","0","0","0",
"동해출장소","95 - 99세","남자인구수[명]","명","0","0","0","0","0","0",
"동해출장소","95 - 99세","여자인구수[명]","명","0","0","0","0","0","0",
"동해출장소","100+","남자인구수[명]","명","0","0","0","0","0","0",
"동해출장소","100+","여자인구수[명]","명","0","0","0","0","0","0",
"춘천시","0 - 4세","남자인구수[명]","명","4686","4427","4307","4056","3894","3819",
"춘천시","0 - 4세","여자인구수[명]","명","4515","4227","4184","3931","3786","3773",
"춘천시","5 - 9세","남자인구수[명]","명","6430","6247","5921","5603","5276","4934",
"춘천시","5 - 9세","여자인구수[명]","명","6038","5925","5623","5327","5061","4708",
"춘천시","10 - 14세","남자인구수[명]","명","6629","6848","6889","6787","6780","6602",
"춘천시","10 - 14세","여자인구수[명]","명","6191","6311","6353","6352","6278","6245",
"춘천시","15 - 19세","남자인구수[명]","명","7358","6940","6744","6715","6639","6581",
"춘천시","15 - 19세","여자인구수[명]","명","6759","6377","6353","6206","6233","6165",
"춘천시","20 - 24세","남자인구수[명]","명","10088","9916","9788","9553","9447","8778",
"춘천시","20 - 24세","여자인구수[명]","명","8992","8809","8579","8585","8478","8065",
"춘천시","25 - 29세","남자인구수[명]","명","9842","10123","10239","10169","10171","9904",
"춘천시","25 - 29세","여자인구수[명]","명","8423","8589","8810","8665","8486","8249",
"춘천시","30 - 34세","남자인구수[명]","명","8151","8595","9157","9466","9677","9829",
"춘천시","30 - 34세","여자인구수[명]","명","7578","7953","8263","8351","8516","8730",
"춘천시","35 - 39세","남자인구수[명]","명","9336","9030","8600","8381","8304","8420",
"춘천시","35 - 39세","여자인구수[명]","명","9189","8801","8373","8107","7960","7906",
"춘천시","40 - 44세","남자인구수[명]","명","9719","10081","10338","10323","9857","9444",
"춘천시","40 - 44세","여자인구수[명]","명","9991","10233","10486","10448","9994","9459",
"춘천시","45 - 49세","남자인구수[명]","명","11273","10652","10155","9786","9581","9788",
"춘천시","45 - 49세","여자인구수[명]","명","11493","10983","10670","10250","10046","10060",
"춘천시","50 - 54세","남자인구수[명]","명","11994","12292","12325","12079","11691","11177",
"춘천시","50 - 54세","여자인구수[명]","명","11710","12087","12188","11942","11675","11499",
"춘천시","55 - 59세","남자인구수[명]","명","11602","11279","11224","11489","11619","11793",
"춘천시","55 - 59세","여자인구수[명]","명","11718","11162","11038","11387","11609","11770",
"춘천시","60 - 64세","남자인구수[명]","명","10890","11489","11713","11571","11589","11461",
"춘천시","60 - 64세","여자인구수[명]","명","11603","12263","12542","12286","12052","11743",
"춘천시","65 - 69세","남자인구수[명]","명","7594","8643","9214","9986","10366","10602",
"춘천시","65 - 69세","여자인구수[명]","명","8140","9274","9744","10516","11205","11625",
"춘천시","70 - 74세","남자인구수[명]","명","4786","4546","5013","5408","6173","7153",
"춘천시","70 - 74세","여자인구수[명]","명","5804","5572","6066","6330","6986","8028",
"춘천시","75 - 79세","남자인구수[명]","명","4428","4410","4445","4432","4339","4229",
"춘천시","75 - 79세","여자인구수[명]","명","6003","5867","5776","5826","5624","5543",
"춘천시","80 - 84세","남자인구수[명]","명","3034","3226","3418","3424","3436","3503",
"춘천시","80 - 84세","여자인구수[명]","명","4880","5131","5438","5420","5439","5358",
"춘천시","85 - 89세","남자인구수[명]","명","1217","1350","1490","1641","1798","1884",
"춘천시","85 - 89세","여자인구수[명]","명","2644","2920","3128","3428","3635","3775",
"춘천시","90 - 94세","남자인구수[명]","명","356","374","408","449","469","529",
"춘천시","90 - 94세","여자인구수[명]","명","1171","1212","1228","1269","1349","1538",
"춘천시","95 - 99세","남자인구수[명]","명","114","96","86","78","95","97",
"춘천시","95 - 99세","여자인구수[명]","명","277","271","291","341","394","404",
"춘천시","100+","남자인구수[명]","명","49","20","16","23","24","22",
"춘천시","100+","여자인구수[명]","명","70","43","41","40","38","42",
"원주시","0 - 4세","남자인구수[명]","명","6282","5938","5776","5686","5290","5257",
"원주시","0 - 4세","여자인구수[명]","명","5871","5701","5534","5400","5221","5095",
"원주시","5 - 9세","남자인구수[명]","명","8142","7995","7754","7418","7208","6831",
"원주시","5 - 9세","여자인구수[명]","명","8007","7786","7373","7114","6841","6422",
"원주시","10 - 14세","남자인구수[명]","명","9063","9241","8980","8880","8729","8598",
"원주시","10 - 14세","여자인구수[명]","명","8574","8689","8659","8541","8526","8392",
"원주시","15 - 19세","남자인구수[명]","명","9565","9034","9125","8913","8854","8948",
"원주시","15 - 19세","여자인구수[명]","명","8716","8398","8432","8345","8254","8506",
"원주시","20 - 24세","남자인구수[명]","명","12227","11803","11306","10557","9945","9200",
"원주시","20 - 24세","여자인구수[명]","명","10707","10166","9549","8978","8482","7796",
"원주시","25 - 29세","남자인구수[명]","명","12054","12156","12186","11935","11561","11406",
"원주시","25 - 29세","여자인구수[명]","명","10588","10813","10941","10836","10493","10161",
"원주시","30 - 34세","남자인구수[명]","명","10600","11031","11567","12105","12495","12878",
"원주시","30 - 34세","여자인구수[명]","명","10054","10483","11125","11360","11640","11928",
"원주시","35 - 39세","남자인구수[명]","명","12437","12104","11558","11249","11389","11421",
"원주시","35 - 39세","여자인구수[명]","명","12232","11811","11204","10831","10774","10801",
"원주시","40 - 44세","남자인구수[명]","명","13189","13433","13787","13929","13534","13198",
"원주시","40 - 44세","여자인구수[명]","명","13554","13891","14030","14096","13607","13088",
"원주시","45 - 49세","남자인구수[명]","명","15030","14539","14123","13573","13317","13499",
"원주시","45 - 49세","여자인구수[명]","명","15442","15001","14800","14025","13848","13908",
"원주시","50 - 54세","남자인구수[명]","명","15739","15955","16300","16023","15672","15013",
"원주시","50 - 54세","여자인구수[명]","명","15513","16012","16178","16264","16113","15666",
"원주시","55 - 59세","남자인구수[명]","명","14821","14730","14563","15088","15446","15764",
"원주시","55 - 59세","여자인구수[명]","명","14756","14558","14539","15162","15649","15892",
"원주시","60 - 64세","남자인구수[명]","명","13849","14767","15115","15221","15109","14924",
"원주시","60 - 64세","여자인구수[명]","명","13974","14951","15548","15487","15255","15120",
"원주시","65 - 69세","남자인구수[명]","명","8712","10096","10794","11928","12858","13757",
"원주시","65 - 69세","여자인구수[명]","명","9058","10255","10813","12075","13266","14260",
"원주시","70 - 74세","남자인구수[명]","명","5157","5144","6040","6366","7287","8407",
"원주시","70 - 74세","여자인구수[명]","명","6044","5982","6845","7224","7982","9045",
"원주시","75 - 79세","남자인구수[명]","명","4429","4426","4498","4617","4684","4683",
"원주시","75 - 79세","여자인구수[명]","명","6006","5857","5769","5733","5764","5845",
"원주시","80 - 84세","남자인구수[명]","명","3082","3219","3472","3449","3451","3521",
"원주시","80 - 84세","여자인구수[명]","명","5040","5342","5707","5693","5518","5367",
"원주시","85 - 89세","남자인구수[명]","명","1122","1337","1469","1673","1858","1979",
"원주시","85 - 89세","여자인구수[명]","명","2818","3080","3207","3490","3767","3913",
"원주시","90 - 94세","남자인구수[명]","명","312","346","373","413","447","501",
"원주시","90 - 94세","여자인구수[명]","명","1160","1254","1323","1354","1509","1644",
"원주시","95 - 99세","남자인구수[명]","명","98","95","86","81","80","81",
"원주시","95 - 99세","여자인구수[명]","명","240","283","305","336","384","419",
"원주시","100+","남자인구수[명]","명","29","7","8","11","14","14",
"원주시","100+","여자인구수[명]","명","83","48","46","44","43","46",
"강릉시","0 - 4세","남자인구수[명]","명","2941","2725","2635","2449","2307","2238",
"강릉시","0 - 4세","여자인구수[명]","명","2685","2511","2408","2276","2185","2072",
"강릉시","5 - 9세","남자인구수[명]","명","4025","3892","3652","3438","3269","3050",
"강릉시","5 - 9세","여자인구수[명]","명","3837","3709","3447","3250","3039","2791",
"강릉시","10 - 14세","남자인구수[명]","명","4617","4616","4455","4408","4272","4097",
"강릉시","10 - 14세","여자인구수[명]","명","4185","4237","4175","4042","3872","3844",
"강릉시","15 - 19세","남자인구수[명]","명","5341","5076","4975","4737","4548","4594",
"강릉시","15 - 19세","여자인구수[명]","명","4831","4520","4406","4193","4127","4085",
"강릉시","20 - 24세","남자인구수[명]","명","7280","6942","6564","6059","5661","5183",
"강릉시","20 - 24세","여자인구수[명]","명","6190","5816","5490","5039","4514","4025",
"강릉시","25 - 29세","남자인구수[명]","명","6525","6507","6543","6370","6078","5884",
"강릉시","25 - 29세","여자인구수[명]","명","5206","5295","5207","5186","5138","5038",
"강릉시","30 - 34세","남자인구수[명]","명","5227","5347","5438","5613","5771","5894",
"강릉시","30 - 34세","여자인구수[명]","명","4297","4411","4580","4705","4840","5014",
"강릉시","35 - 39세","남자인구수[명]","명","6181","5871","5538","5276","5179","5152",
"강릉시","35 - 39세","여자인구수[명]","명","5986","5592","5069","4764","4597","4481",
"강릉시","40 - 44세","남자인구수[명]","명","7261","7320","7187","7065","6697","6256",
"강릉시","40 - 44세","여자인구수[명]","명","7259","7210","7189","7080","6645","6156",
"강릉시","45 - 49세","남자인구수[명]","명","9212","8870","8437","7829","7554","7434",
"강릉시","45 - 49세","여자인구수[명]","명","8625","8362","8105","7617","7355","7303",
"강릉시","50 - 54세","남자인구수[명]","명","9395","9573","9654","9652","9535","9206",
"강릉시","50 - 54세","여자인구수[명]","명","8998","9198","9084","8991","8969","8721",
"강릉시","55 - 59세","남자인구수[명]","명","8992","8970","8750","8993","9097","9384",
"강릉시","55 - 59세","여자인구수[명]","명","9267","8929","8705","8870","8955","9102",
"강릉시","60 - 64세","남자인구수[명]","명","9436","9690","9680","9546","9376","8922",
"강릉시","60 - 64세","여자인구수[명]","명","10038","10458","10433","10291","9872","9378",
"강릉시","65 - 69세","남자인구수[명]","명","6701","7394","7770","8307","8772","9130",
"강릉시","65 - 69세","여자인구수[명]","명","7531","8224","8573","9044","9565","9954",
"강릉시","70 - 74세","남자인구수[명]","명","4814","4737","5055","5184","5653","6278",
"강릉시","70 - 74세","여자인구수[명]","명","5564","5539","5984","6231","6718","7338",
"강릉시","75 - 79세","남자인구수[명]","명","3913","4009","4080","4207","4227","4266",
"강릉시","75 - 79세","여자인구수[명]","명","5295","5227","5159","5264","5269","5285",
"강릉시","80 - 84세","남자인구수[명]","명","2575","2655","2852","2909","3027","3072",
"강릉시","80 - 84세","여자인구수[명]","명","4085","4263","4567","4620","4660","4707",
"강릉시","85 - 89세","남자인구수[명]","명","998","1130","1205","1308","1424","1552",
"강릉시","85 - 89세","여자인구수[명]","명","2250","2390","2524","2697","2949","3107",
"강릉시","90 - 94세","남자인구수[명]","명","271","283","314","353","378","458",
"강릉시","90 - 94세","여자인구수[명]","명","1042","1086","1092","1147","1168","1259",
"강릉시","95 - 99세","남자인구수[명]","명","60","50","54","47","58","78",
"강릉시","95 - 99세","여자인구수[명]","명","276","279","291","322","351","390",
"강릉시","100+","남자인구수[명]","명","29","10","7","9","7","6",
"강릉시","100+","여자인구수[명]","명","80","42","48","51","53","53",
"동해시","0 - 4세","남자인구수[명]","명","1345","1248","1153","1078","1032","1016",
"동해시","0 - 4세","여자인구수[명]","명","1315","1181","1097","1049","975","929",
"동해시","5 - 9세","남자인구수[명]","명","2069","1981","1835","1698","1525","1350",
"동해시","5 - 9세","여자인구수[명]","명","1896","1862","1743","1601","1500","1357",
"동해시","10 - 14세","남자인구수[명]","명","2165","2171","2171","2124","2085","2017",
"동해시","10 - 14세","여자인구수[명]","명","2020","2026","2031","2011","1947","1849",
"동해시","15 - 19세","남자인구수[명]","명","2424","2278","2235","2199","2091","2093",
"동해시","15 - 19세","여자인구수[명]","명","2208","2060","2005","1932","1944","1926",
"동해시","20 - 24세","남자인구수[명]","명","3042","2881","2569","2393","2227","2020",
"동해시","20 - 24세","여자인구수[명]","명","2094","2031","1900","1726","1573","1397",
"동해시","25 - 29세","남자인구수[명]","명","2518","2639","2664","2589","2501","2460",
"동해시","25 - 29세","여자인구수[명]","명","1765","1810","1795","1777","1774","1711",
"동해시","30 - 34세","남자인구수[명]","명","2079","2063","2196","2306","2409","2476",
"동해시","30 - 34세","여자인구수[명]","명","1652","1671","1717","1731","1751","1827",
"동해시","35 - 39세","남자인구수[명]","명","2862","2617","2376","2258","2128","2052",
"동해시","35 - 39세","여자인구수[명]","명","2640","2326","2130","1949","1885","1721",
"동해시","40 - 44세","남자인구수[명]","명","3315","3319","3307","3213","3036","2822",
"동해시","40 - 44세","여자인구수[명]","명","3267","3253","3182","3072","2854","2621",
"동해시","45 - 49세","남자인구수[명]","명","4265","4094","3896","3622","3419","3266",
"동해시","45 - 49세","여자인구수[명]","명","3722","3562","3483","3338","3251","3184",
"동해시","50 - 54세","남자인구수[명]","명","4212","4333","4418","4421","4417","4208",
"동해시","50 - 54세","여자인구수[명]","명","3895","3979","3932","3934","3861","3740",
"동해시","55 - 59세","남자인구수[명]","명","3861","3858","3780","3954","4041","4172",
"동해시","55 - 59세","여자인구수[명]","명","3670","3561","3522","3613","3722","3833",
"동해시","60 - 64세","남자인구수[명]","명","3884","3994","4061","4044","3939","3724",
"동해시","60 - 64세","여자인구수[명]","명","4115","4244","4245","4132","3899","3653",
"동해시","65 - 69세","남자인구수[명]","명","2835","3102","3276","3393","3562","3736",
"동해시","65 - 69세","여자인구수[명]","명","3071","3339","3513","3754","3919","4080",
"동해시","70 - 74세","남자인구수[명]","명","2010","2022","2138","2224","2385","2626",
"동해시","70 - 74세","여자인구수[명]","명","2261","2259","2431","2477","2744","2987",
"동해시","75 - 79세","남자인구수[명]","명","1644","1602","1606","1702","1740","1801",
"동해시","75 - 79세","여자인구수[명]","명","2167","2111","2069","2139","2079","2112",
"동해시","80 - 84세","남자인구수[명]","명","982","1067","1171","1181","1221","1243",
"동해시","80 - 84세","여자인구수[명]","명","1528","1604","1761","1824","1909","1863",
"동해시","85 - 89세","남자인구수[명]","명","359","409","454","524","590","603",
"동해시","85 - 89세","여자인구수[명]","명","881","928","957","1004","1070","1114",
"동해시","90 - 94세","남자인구수[명]","명","87","104","99","108","131","146",
"동해시","90 - 94세","여자인구수[명]","명","319","376","390","409","430","462",
"동해시","95 - 99세","남자인구수[명]","명","24","12","15","12","13","20",
"동해시","95 - 99세","여자인구수[명]","명","94","92","91","97","78","98",
"동해시","100+","남자인구수[명]","명","9","1","3","2","3","2",
"동해시","100+","여자인구수[명]","명","22","11","9","11","15","16",
"태백시","0 - 4세","남자인구수[명]","명","519","463","408","366","319","266",
"태백시","0 - 4세","여자인구수[명]","명","461","393","345","309","297","279",
"태백시","5 - 9세","남자인구수[명]","명","819","755","666","592","548","481",
"태백시","5 - 9세","여자인구수[명]","명","775","690","588","556","490","438",
"태백시","10 - 14세","남자인구수[명]","명","930","923","882","833","804","761",
"태백시","10 - 14세","여자인구수[명]","명","906","914","891","814","763","709",
"태백시","15 - 19세","남자인구수[명]","명","1064","966","966","924","911","927",
"태백시","15 - 19세","여자인구수[명]","명","931","862","817","814","821","829",
"태백시","20 - 24세","남자인구수[명]","명","1237","1118","1026","968","845","732",
"태백시","20 - 24세","여자인구수[명]","명","894","818","764","681","607","576",
"태백시","25 - 29세","남자인구수[명]","명","877","876","822","799","791","781",
"태백시","25 - 29세","여자인구수[명]","명","671","640","598","605","547","533",
"태백시","30 - 34세","남자인구수[명]","명","811","750","709","719","736","754",
"태백시","30 - 34세","여자인구수[명]","명","680","637","571","604","561","577",
"태백시","35 - 39세","남자인구수[명]","명","1177","1000","896","815","792","753",
"태백시","35 - 39세","여자인구수[명]","명","1111","909","807","706","663","612",
"태백시","40 - 44세","남자인구수[명]","명","1555","1459","1363","1304","1201","1074",
"태백시","40 - 44세","여자인구수[명]","명","1454","1389","1357","1282","1147","1014",
"태백시","45 - 49세","남자인구수[명]","명","1877","1785","1668","1600","1530","1433",
"태백시","45 - 49세","여자인구수[명]","명","1548","1462","1393","1345","1328","1328",
"태백시","50 - 54세","남자인구수[명]","명","2045","1947","1932","1861","1786","1782",
"태백시","50 - 54세","여자인구수[명]","명","1663","1602","1585","1576","1489","1429",
"태백시","55 - 59세","남자인구수[명]","명","1895","1829","1781","1829","1892","1896",
"태백시","55 - 59세","여자인구수[명]","명","1773","1603","1576","1594","1616","1574",
"태백시","60 - 64세","남자인구수[명]","명","2176","2122","2015","1987","1894","1784",
"태백시","60 - 64세","여자인구수[명]","명","2110","2130","2038","1919","1757","1631",
"태백시","65 - 69세","남자인구수[명]","명","1610","1711","1799","1846","1939","1966",
"태백시","65 - 69세","여자인구수[명]","명","1786","1841","1838","1889","1975","1981",
"태백시","70 - 74세","남자인구수[명]","명","1200","1156","1204","1224","1323","1399",
"태백시","70 - 74세","여자인구수[명]","명","1489","1463","1484","1505","1584","1643",
"태백시","75 - 79세","남자인구수[명]","명","1009","947","895","892","920","929",
"태백시","75 - 79세","여자인구수[명]","명","1226","1223","1200","1256","1245","1308",
"태백시","80 - 84세","남자인구수[명]","명","570","596","603","634","633","675",
"태백시","80 - 84세","여자인구수[명]","명","932","945","1011","1013","1011","984",
"태백시","85 - 89세","남자인구수[명]","명","178","200","216","241","259","267",
"태백시","85 - 89세","여자인구수[명]","명","413","463","496","553","619","648",
"태백시","90 - 94세","남자인구수[명]","명","51","44","23","33","50","57",
"태백시","90 - 94세","여자인구수[명]","명","169","153","145","162","183","218",
"태백시","95 - 99세","남자인구수[명]","명","13","9","6","7","5","5",
"태백시","95 - 99세","여자인구수[명]","명","49","49","38","37","44","43",
"태백시","100+","남자인구수[명]","명","27","0","1","2","2","2",
"태백시","100+","여자인구수[명]","명","38","2","5","6","9","10",
"속초시","0 - 4세","남자인구수[명]","명","1280","1189","1141","1057","950","923",
"속초시","0 - 4세","여자인구수[명]","명","1168","1074","1086","982","937","856",
"속초시","5 - 9세","남자인구수[명]","명","1701","1661","1604","1545","1431","1266",
"속초시","5 - 9세","여자인구수[명]","명","1710","1697","1567","1479","1362","1170",
"속초시","10 - 14세","남자인구수[명]","명","1776","1830","1783","1747","1744","1681",
"속초시","10 - 14세","여자인구수[명]","명","1701","1696","1755","1717","1724","1712",
"속초시","15 - 19세","남자인구수[명]","명","2087","1928","1849","1721","1612","1650",
"속초시","15 - 19세","여자인구수[명]","명","1914","1766","1667","1641","1560","1580",
"속초시","20 - 24세","남자인구수[명]","명","2614","2509","2364","2077","1879","1592",
"속초시","20 - 24세","여자인구수[명]","명","2072","2000","1812","1626","1491","1288",
"속초시","25 - 29세","남자인구수[명]","명","2480","2558","2515","2528","2323","2245",
"속초시","25 - 29세","여자인구수[명]","명","1852","1891","1956","1899","1800","1770",
"속초시","30 - 34세","남자인구수[명]","명","2265","2407","2585","2592","2565","2511",
"속초시","30 - 34세","여자인구수[명]","명","1829","1858","1981","1977","1975","1948",
"속초시","35 - 39세","남자인구수[명]","명","2663","2512","2400","2347","2265","2278",
"속초시","35 - 39세","여자인구수[명]","명","2442","2335","2149","2030","2024","1890",
"속초시","40 - 44세","남자인구수[명]","명","2827","2909","2920","2926","2838","2641",
"속초시","40 - 44세","여자인구수[명]","명","2811","2857","2937","2925","2725","2530",
"속초시","45 - 49세","남자인구수[명]","명","3384","3164","3046","2903","2797","2805",
"속초시","45 - 49세","여자인구수[명]","명","3460","3219","3102","2917","2837","2775",
"속초시","50 - 54세","남자인구수[명]","명","3793","3836","3861","3732","3563","3354",
"속초시","50 - 54세","여자인구수[명]","명","3839","3954","3962","3806","3674","3476",
"속초시","55 - 59세","남자인구수[명]","명","3699","3614","3562","3607","3726","3752",
"속초시","55 - 59세","여자인구수[명]","명","3845","3664","3660","3782","3828","3856",
"속초시","60 - 64세","남자인구수[명]","명","3682","3831","3801","3791","3744","3674",
"속초시","60 - 64세","여자인구수[명]","명","3897","4159","4190","4204","4106","3929",
"속초시","65 - 69세","남자인구수[명]","명","2506","2898","3146","3352","3473","3569",
"속초시","65 - 69세","여자인구수[명]","명","2713","2990","3195","3480","3667","3872",
"속초시","70 - 74세","남자인구수[명]","명","1672","1597","1709","1821","2018","2352",
"속초시","70 - 74세","여자인구수[명]","명","1981","1978","2056","2161","2390","2674",
"속초시","75 - 79세","남자인구수[명]","명","1305","1335","1335","1375","1457","1451",
"속초시","75 - 79세","여자인구수[명]","명","1846","1860","1870","1891","1914","1878",
"속초시","80 - 84세","남자인구수[명]","명","820","860","921","961","968","998",
"속초시","80 - 84세","여자인구수[명]","명","1392","1439","1512","1531","1550","1588",
"속초시","85 - 89세","남자인구수[명]","명","271","336","377","409","423","459",
"속초시","85 - 89세","여자인구수[명]","명","719","760","816","896","920","965",
"속초시","90 - 94세","남자인구수[명]","명","100","83","96","99","119","130",
"속초시","90 - 94세","여자인구수[명]","명","402","412","385","367","370","356",
"속초시","95 - 99세","남자인구수[명]","명","27","22","19","26","30","35",
"속초시","95 - 99세","여자인구수[명]","명","88","91","104","117","140","135",
"속초시","100+","남자인구수[명]","명","13","1","3","4","6","4",
"속초시","100+","여자인구수[명]","명","19","11","7","6","8","18",
"삼척시","0 - 4세","남자인구수[명]","명","856","762","761","729","693","622",
"삼척시","0 - 4세","여자인구수[명]","명","864","771","780","750","650","596",
"삼척시","5 - 9세","남자인구수[명]","명","1106","1033","967","897","825","767",
"삼척시","5 - 9세","여자인구수[명]","명","1035","958","886","820","798","736",
"삼척시","10 - 14세","남자인구수[명]","명","1223","1191","1187","1139","1084","1022",
"삼척시","10 - 14세","여자인구수[명]","명","1111","1110","1092","1057","1020","964",
"삼척시","15 - 19세","남자인구수[명]","명","1442","1381","1396","1342","1341","1324",
"삼척시","15 - 19세","여자인구수[명]","명","1358","1336","1335","1268","1192","1191",
"삼척시","20 - 24세","남자인구수[명]","명","2407","2215","2244","2220","2079","1889",
"삼척시","20 - 24세","여자인구수[명]","명","2026","1871","1847","1769","1618","1453",
"삼척시","25 - 29세","남자인구수[명]","명","1635","1532","1554","1525","1556","1497",
"삼척시","25 - 29세","여자인구수[명]","명","1168","1103","1091","1075","1071","1039",
"삼척시","30 - 34세","남자인구수[명]","명","1376","1264","1304","1314","1326","1306",
"삼척시","30 - 34세","여자인구수[명]","명","1135","1063","1091","1086","1102","1088",
"삼척시","35 - 39세","남자인구수[명]","명","1767","1548","1430","1334","1290","1249",
"삼척시","35 - 39세","여자인구수[명]","명","1517","1335","1257","1164","1134","1031",
"삼척시","40 - 44세","남자인구수[명]","명","2086","2006","1982","1902","1766","1657",
"삼척시","40 - 44세","여자인구수[명]","명","1837","1801","1781","1667","1563","1426",
"삼척시","45 - 49세","남자인구수[명]","명","2824","2629","2523","2304","2119","2014",
"삼척시","45 - 49세","여자인구수[명]","명","2176","2061","2027","1958","1865","1767",
"삼척시","50 - 54세","남자인구수[명]","명","3056","3031","3030","3003","2926","2822",
"삼척시","50 - 54세","여자인구수[명]","명","2429","2403","2363","2284","2212","2163",
"삼척시","55 - 59세","남자인구수[명]","명","3025","2920","2850","2941","3028","3088",
"삼척시","55 - 59세","여자인구수[명]","명","2821","2566","2499","2532","2531","2465",
"삼척시","60 - 64세","남자인구수[명]","명","3204","3366","3460","3358","3221","3039",
"삼척시","60 - 64세","여자인구수[명]","명","3187","3289","3258","3199","3016","2845",
"삼척시","65 - 69세","남자인구수[명]","명","2373","2591","2669","2832","2972","3153",
"삼척시","65 - 69세","여자인구수[명]","명","2403","2597","2701","2796","3013","3124",
"삼척시","70 - 74세","남자인구수[명]","명","1826","1754","1865","1926","2030","2179",
"삼척시","70 - 74세","여자인구수[명]","명","1970","1945","2042","2041","2116","2298",
"삼척시","75 - 79세","남자인구수[명]","명","1353","1359","1392","1439","1494","1531",
"삼척시","75 - 79세","여자인구수[명]","명","2038","1934","1804","1796","1787","1812",
"삼척시","80 - 84세","남자인구수[명]","명","918","897","960","973","993","1006",
"삼척시","80 - 84세","여자인구수[명]","명","1658","1692","1814","1833","1792","1719",
"삼척시","85 - 89세","남자인구수[명]","명","410","435","444","488","520","542",
"삼척시","85 - 89세","여자인구수[명]","명","990","1050","1072","1146","1172","1214",
"삼척시","90 - 94세","남자인구수[명]","명","94","113","125","140","155","177",
"삼척시","90 - 94세","여자인구수[명]","명","383","393","436","471","522","540",
"삼척시","95 - 99세","남자인구수[명]","명","18","16","13","15","17","19",
"삼척시","95 - 99세","여자인구수[명]","명","87","92","105","96","103","119",
"삼척시","100+","남자인구수[명]","명","12","0","0","1","2","4",
"삼척시","100+","여자인구수[명]","명","39","16","18","21","21","21",
"홍천군","0 - 4세","남자인구수[명]","명","845","749","711","667","631","589",
"홍천군","0 - 4세","여자인구수[명]","명","824","747","745","684","608","582",
"홍천군","5 - 9세","남자인구수[명]","명","1066","1062","1011","957","915","823",
"홍천군","5 - 9세","여자인구수[명]","명","1065","977","914","885","851","779",
"홍천군","10 - 14세","남자인구수[명]","명","1211","1196","1152","1124","1044","1047",
"홍천군","10 - 14세","여자인구수[명]","명","1160","1174","1140","1095","1071","1043",
"홍천군","15 - 19세","남자인구수[명]","명","1462","1307","1262","1180","1154","1142",
"홍천군","15 - 19세","여자인구수[명]","명","1347","1285","1198","1145","1093","1106",
"홍천군","20 - 24세","남자인구수[명]","명","2107","1957","1737","1577","1393","1240",
"홍천군","20 - 24세","여자인구수[명]","명","1445","1369","1226","1110","1006","905",
"홍천군","25 - 29세","남자인구수[명]","명","2078","1981","1946","1856","1762","1649",
"홍천군","25 - 29세","여자인구수[명]","명","1245","1188","1217","1209","1149","1078",
"홍천군","30 - 34세","남자인구수[명]","명","1609","1544","1612","1689","1708","1663",
"홍천군","30 - 34세","여자인구수[명]","명","1249","1230","1237","1231","1223","1212",
"홍천군","35 - 39세","남자인구수[명]","명","1758","1570","1479","1395","1415","1424",
"홍천군","35 - 39세","여자인구수[명]","명","1523","1376","1304","1229","1183","1139",
"홍천군","40 - 44세","남자인구수[명]","명","1954","1908","1866","1834","1725","1677",
"홍천군","40 - 44세","여자인구수[명]","명","1748","1709","1683","1664","1573","1484",
"홍천군","45 - 49세","남자인구수[명]","명","2503","2353","2251","2096","1964","1873",
"홍천군","45 - 49세","여자인구수[명]","명","2092","2003","1906","1755","1709","1701",
"홍천군","50 - 54세","남자인구수[명]","명","2992","2945","2842","2717","2658","2534",
"홍천군","50 - 54세","여자인구수[명]","명","2686","2588","2532","2371","2221","2139",
"홍천군","55 - 59세","남자인구수[명]","명","3719","3491","3366","3348","3247","3157",
"홍천군","55 - 59세","여자인구수[명]","명","3357","3098","2997","2983","2968","2901",
"홍천군","60 - 64세","남자인구수[명]","명","4148","4346","4330","4202","4151","4030",
"홍천군","60 - 64세","여자인구수[명]","명","3916","4126","4150","4019","3884","3641",
"홍천군","65 - 69세","남자인구수[명]","명","3033","3535","3697","4112","4340","4406",
"홍천군","65 - 69세","여자인구수[명]","명","2723","3107","3288","3610","3873","4059",
"홍천군","70 - 74세","남자인구수[명]","명","1916","1861","2197","2328","2629","2990",
"홍천군","70 - 74세","여자인구수[명]","명","1901","1802","2010","2096","2326","2708",
"홍천군","75 - 79세","남자인구수[명]","명","1525","1540","1572","1617","1677","1722",
"홍천군","75 - 79세","여자인구수[명]","명","1968","1901","1836","1836","1807","1767",
"홍천군","80 - 84세","남자인구수[명]","명","1157","1207","1245","1189","1184","1207",
"홍천군","80 - 84세","여자인구수[명]","명","1784","1850","1907","1850","1756","1735",
"홍천군","85 - 89세","남자인구수[명]","명","402","469","515","606","645","678",
"홍천군","85 - 89세","여자인구수[명]","명","1044","1131","1175","1252","1285","1311",
"홍천군","90 - 94세","남자인구수[명]","명","127","124","124","121","141","162",
"홍천군","90 - 94세","여자인구수[명]","명","387","417","441","499","560","596",
"홍천군","95 - 99세","남자인구수[명]","명","44","37","37","35","33","29",
"홍천군","95 - 99세","여자인구수[명]","명","79","83","96","113","121","150",
"홍천군","100+","남자인구수[명]","명","7","2","2","5","7","9",
"홍천군","100+","여자인구수[명]","명","36","20","21","18","27","22",
"횡성군","0 - 4세","남자인구수[명]","명","504","492","443","414","346","309",
"횡성군","0 - 4세","여자인구수[명]","명","424","419","392","368","344","303",
"횡성군","5 - 9세","남자인구수[명]","명","630","623","612","580","554","500",
"횡성군","5 - 9세","여자인구수[명]","명","601","574","545","511","492","446",
"횡성군","10 - 14세","남자인구수[명]","명","754","753","750","712","690","675",
"횡성군","10 - 14세","여자인구수[명]","명","725","703","680","648","624","603",
"횡성군","15 - 19세","남자인구수[명]","명","1079","1044","1056","1055","1048","1028",
"횡성군","15 - 19세","여자인구수[명]","명","942","941","957","934","930","926",
"횡성군","20 - 24세","남자인구수[명]","명","1157","1092","1007","897","847","775",
"횡성군","20 - 24세","여자인구수[명]","명","919","819","742","693","640","575",
"횡성군","25 - 29세","남자인구수[명]","명","1031","993","957","904","886","834",
"횡성군","25 - 29세","여자인구수[명]","명","744","718","708","671","657","639",
"횡성군","30 - 34세","남자인구수[명]","명","800","784","808","834","820","786",
"횡성군","30 - 34세","여자인구수[명]","명","705","678","650","642","622","608",
"횡성군","35 - 39세","남자인구수[명]","명","1007","925","889","811","763","749",
"횡성군","35 - 39세","여자인구수[명]","명","927","853","795","720","719","655",
"횡성군","40 - 44세","남자인구수[명]","명","1240","1213","1203","1191","1114","1021",
"횡성군","40 - 44세","여자인구수[명]","명","966","988","1043","1015","957","905",
"횡성군","45 - 49세","남자인구수[명]","명","1612","1515","1425","1349","1295","1293",
"횡성군","45 - 49세","여자인구수[명]","명","1301","1210","1135","1104","1027","1020",
"횡성군","50 - 54세","남자인구수[명]","명","2077","2044","2020","1983","1843","1734",
"횡성군","50 - 54세","여자인구수[명]","명","1809","1802","1723","1665","1547","1409",
"횡성군","55 - 59세","남자인구수[명]","명","2547","2470","2351","2342","2300","2235",
"횡성군","55 - 59세","여자인구수[명]","명","2306","2186","2158","2150","2160","2093",
"횡성군","60 - 64세","남자인구수[명]","명","3093","3211","3229","3175","3082","2972",
"횡성군","60 - 64세","여자인구수[명]","명","2871","2978","3032","2953","2855","2693",
"횡성군","65 - 69세","남자인구수[명]","명","2262","2621","2758","2967","3182","3344",
"횡성군","65 - 69세","여자인구수[명]","명","2047","2348","2440","2687","2854","3056",
"횡성군","70 - 74세","남자인구수[명]","명","1457","1480","1646","1777","2020","2273",
"횡성군","70 - 74세","여자인구수[명]","명","1389","1361","1541","1602","1805","2018",
"횡성군","75 - 79세","남자인구수[명]","명","1239","1196","1250","1316","1336","1349",
"횡성군","75 - 79세","여자인구수[명]","명","1507","1429","1400","1395","1348","1327",
"횡성군","80 - 84세","남자인구수[명]","명","924","928","960","945","945","989",
"횡성군","80 - 84세","여자인구수[명]","명","1292","1347","1396","1371","1348","1316",
"횡성군","85 - 89세","남자인구수[명]","명","276","357","413","466","509","531",
"횡성군","85 - 89세","여자인구수[명]","명","750","822","865","928","948","957",
"횡성군","90 - 94세","남자인구수[명]","명","94","94","80","87","99","112",
"횡성군","90 - 94세","여자인구수[명]","명","325","335","354","362","393","397",
"횡성군","95 - 99세","남자인구수[명]","명","29","21","20","19","22","20",
"횡성군","95 - 99세","여자인구수[명]","명","75","88","84","96","126","134",
"횡성군","100+","남자인구수[명]","명","10","3","0","2","2","1",
"횡성군","100+","여자인구수[명]","명","25","23","15","18","12","17",
"영월군","0 - 4세","남자인구수[명]","명","357","337","319","289","247","230",
"영월군","0 - 4세","여자인구수[명]","명","328","303","284","273","233","194",
"영월군","5 - 9세","남자인구수[명]","명","532","483","457","462","425","397",
"영월군","5 - 9세","여자인구수[명]","명","460","426","407","396","391","364",
"영월군","10 - 14세","남자인구수[명]","명","610","605","607","586","587","545",
"영월군","10 - 14세","여자인구수[명]","명","547","543","527","510","508","507",
"영월군","15 - 19세","남자인구수[명]","명","926","884","867","861","807","775",
"영월군","15 - 19세","여자인구수[명]","명","786","716","682","619","579","568",
"영월군","20 - 24세","남자인구수[명]","명","1085","1062","936","856","805","739",
"영월군","20 - 24세","여자인구수[명]","명","855","797","760","691","608","511",
"영월군","25 - 29세","남자인구수[명]","명","833","756","733","731","665","675",
"영월군","25 - 29세","여자인구수[명]","명","538","521","537","521","516","482",
"영월군","30 - 34세","남자인구수[명]","명","666","633","664","644","624","642",
"영월군","30 - 34세","여자인구수[명]","명","533","520","502","501","484","473",
"영월군","35 - 39세","남자인구수[명]","명","852","796","726","647","636","625",
"영월군","35 - 39세","여자인구수[명]","명","729","671","600","576","552","542",
"영월군","40 - 44세","남자인구수[명]","명","1064","985","984","1000","960","830",
"영월군","40 - 44세","여자인구수[명]","명","881","859","903","893","829","764",
"영월군","45 - 49세","남자인구수[명]","명","1471","1347","1288","1148","1076","1067",
"영월군","45 - 49세","여자인구수[명]","명","1198","1131","1077","993","952","928",
"영월군","50 - 54세","남자인구수[명]","명","1928","1843","1788","1737","1614","1479",
"영월군","50 - 54세","여자인구수[명]","명","1501","1453","1429","1373","1345","1248",
"영월군","55 - 59세","남자인구수[명]","명","2143","2107","2028","1999","1993","1971",
"영월군","55 - 59세","여자인구수[명]","명","1792","1694","1622","1679","1648","1597",
"영월군","60 - 64세","남자인구수[명]","명","2405","2492","2538","2495","2390","2274",
"영월군","60 - 64세","여자인구수[명]","명","2144","2205","2252","2147","2083","1899",
"영월군","65 - 69세","남자인구수[명]","명","1819","2014","2103","2270","2386","2467",
"영월군","65 - 69세","여자인구수[명]","명","1723","1792","1827","1963","2045","2200",
"영월군","70 - 74세","남자인구수[명]","명","1181","1181","1324","1392","1530","1706",
"영월군","70 - 74세","여자인구수[명]","명","1272","1266","1377","1426","1510","1604",
"영월군","75 - 79세","남자인구수[명]","명","1010","967","974","1015","1029","1018",
"영월군","75 - 79세","여자인구수[명]","명","1371","1274","1197","1175","1130","1156",
"영월군","80 - 84세","남자인구수[명]","명","740","748","794","749","735","749",
"영월군","80 - 84세","여자인구수[명]","명","1114","1180","1257","1234","1225","1166",
"영월군","85 - 89세","남자인구수[명]","명","249","281","289","339","372","400",
"영월군","85 - 89세","여자인구수[명]","명","612","649","679","712","715","764",
"영월군","90 - 94세","남자인구수[명]","명","71","80","73","79","85","89",
"영월군","90 - 94세","여자인구수[명]","명","211","224","239","279","311","312",
"영월군","95 - 99세","남자인구수[명]","명","28","21","14","16","20","21",
"영월군","95 - 99세","여자인구수[명]","명","45","45","53","46","61","66",
"영월군","100+","남자인구수[명]","명","16","4","3","3","4","4",
"영월군","100+","여자인구수[명]","명","36","9","8","7","6","6",
"평창군","0 - 4세","남자인구수[명]","명","368","336","288","266","248","229",
"평창군","0 - 4세","여자인구수[명]","명","382","337","305","284","277","245",
"평창군","5 - 9세","남자인구수[명]","명","552","514","491","408","390","345",
"평창군","5 - 9세","여자인구수[명]","명","566","528","500","455","412","372",
"평창군","10 - 14세","남자인구수[명]","명","723","676","653","644","628","558",
"평창군","10 - 14세","여자인구수[명]","명","638","619","618","574","560","553",
"평창군","15 - 19세","남자인구수[명]","명","814","769","795","757","750","757",
"평창군","15 - 19세","여자인구수[명]","명","732","660","638","648","639","647",
"평창군","20 - 24세","남자인구수[명]","명","1069","1034","985","919","866","783",
"평창군","20 - 24세","여자인구수[명]","명","792","738","682","648","593","515",
"평창군","25 - 29세","남자인구수[명]","명","923","886","887","916","879","837",
"평창군","25 - 29세","여자인구수[명]","명","631","582","550","551","539","526",
"평창군","30 - 34세","남자인구수[명]","명","746","702","736","766","771","753",
"평창군","30 - 34세","여자인구수[명]","명","621","573","577","559","560","526",
"평창군","35 - 39세","남자인구수[명]","명","918","830","727","719","723","670",
"평창군","35 - 39세","여자인구수[명]","명","813","719","677","646","616","566",
"평창군","40 - 44세","남자인구수[명]","명","1237","1167","1190","1103","1045","948",
"평창군","40 - 44세","여자인구수[명]","명","1039","1001","968","933","880","825",
"평창군","45 - 49세","남자인구수[명]","명","1673","1608","1445","1323","1273","1216",
"평창군","45 - 49세","여자인구수[명]","명","1392","1277","1242","1137","1086","1057",
"평창군","50 - 54세","남자인구수[명]","명","2032","2001","1997","1921","1819","1744",
"평창군","50 - 54세","여자인구수[명]","명","1695","1675","1654","1596","1505","1457",
"평창군","55 - 59세","남자인구수[명]","명","2291","2191","2127","2175","2183","2150",
"평창군","55 - 59세","여자인구수[명]","명","2062","1935","1866","1917","1916","1865",
"평창군","60 - 64세","남자인구수[명]","명","2695","2800","2897","2780","2648","2539",
"평창군","60 - 64세","여자인구수[명]","명","2446","2545","2599","2513","2423","2277",
"평창군","65 - 69세","남자인구수[명]","명","1908","2161","2267","2533","2693","2811",
"평창군","65 - 69세","여자인구수[명]","명","1827","1979","2041","2220","2376","2482",
"평창군","70 - 74세","남자인구수[명]","명","1265","1263","1427","1456","1595","1837",
"평창군","70 - 74세","여자인구수[명]","명","1342","1348","1480","1466","1560","1770",
"평창군","75 - 79세","남자인구수[명]","명","1062","1038","1080","1126","1152","1120",
"평창군","75 - 79세","여자인구수[명]","명","1319","1228","1219","1274","1255","1217",
"평창군","80 - 84세","남자인구수[명]","명","743","766","804","816","804","837",
"평창군","80 - 84세","여자인구수[명]","명","1161","1198","1198","1167","1117","1097",
"평창군","85 - 89세","남자인구수[명]","명","216","274","296","341","398","432",
"평창군","85 - 89세","여자인구수[명]","명","581","639","662","675","768","797",
"평창군","90 - 94세","남자인구수[명]","명","52","53","63","72","77","91",
"평창군","90 - 94세","여자인구수[명]","명","226","246","266","266","270","284",
"평창군","95 - 99세","남자인구수[명]","명","23","20","20","12","9","11",
"평창군","95 - 99세","여자인구수[명]","명","64","63","59","60","74","69",
"평창군","100+","남자인구수[명]","명","11","2","1","3","4","2",
"평창군","100+","여자인구수[명]","명","31","15","13","14","15","14",
"정선군","0 - 4세","남자인구수[명]","명","359","325","294","254","226","202",
"정선군","0 - 4세","여자인구수[명]","명","345","334","315","294","271","229",
"정선군","5 - 9세","남자인구수[명]","명","534","510","438","399","356","318",
"정선군","5 - 9세","여자인구수[명]","명","498","459","392","368","315","317",
"정선군","10 - 14세","남자인구수[명]","명","632","622","606","568","518","484",
"정선군","10 - 14세","여자인구수[명]","명","592","587","576","535","515","454",
"정선군","15 - 19세","남자인구수[명]","명","690","618","583","576","575","608",
"정선군","15 - 19세","여자인구수[명]","명","630","585","568","560","550","579",
"정선군","20 - 24세","남자인구수[명]","명","872","838","823","719","641","647",
"정선군","20 - 24세","여자인구수[명]","명","703","646","587","545","487","523",
"정선군","25 - 29세","남자인구수[명]","명","736","694","658","630","620","698",
"정선군","25 - 29세","여자인구수[명]","명","509","447","422","397","391","485",
"정선군","30 - 34세","남자인구수[명]","명","749","666","621","586","561","641",
"정선군","30 - 34세","여자인구수[명]","명","583","540","482","435","419","440",
"정선군","35 - 39세","남자인구수[명]","명","975","862","785","718","678","661",
"정선군","35 - 39세","여자인구수[명]","명","771","687","610","577","519","535",
"정선군","40 - 44세","남자인구수[명]","명","1250","1150","1143","1068","984","968",
"정선군","40 - 44세","여자인구수[명]","명","963","912","877","842","767","740",
"정선군","45 - 49세","남자인구수[명]","명","1651","1506","1405","1293","1175","1298",
"정선군","45 - 49세","여자인구수[명]","명","1114","1058","1028","971","945","977",
"정선군","50 - 54세","남자인구수[명]","명","1866","1877","1854","1752","1686","1770",
"정선군","50 - 54세","여자인구수[명]","명","1425","1343","1288","1220","1174","1220",
"정선군","55 - 59세","남자인구수[명]","명","1960","1867","1834","1854","1873","2024",
"정선군","55 - 59세","여자인구수[명]","명","1735","1595","1497","1510","1509","1549",
"정선군","60 - 64세","남자인구수[명]","명","2352","2386","2305","2279","2193","2123",
"정선군","60 - 64세","여자인구수[명]","명","2059","2138","2094","2002","1876","1827",
"정선군","65 - 69세","남자인구수[명]","명","1639","1809","1933","2074","2162","2360",
"정선군","65 - 69세","여자인구수[명]","명","1525","1592","1644","1784","1886","2093",
"정선군","70 - 74세","남자인구수[명]","명","1080","1045","1138","1179","1295","1523",
"정선군","70 - 74세","여자인구수[명]","명","1221","1233","1299","1288","1366","1493",
"정선군","75 - 79세","남자인구수[명]","명","948","932","881","886","902","878",
"정선군","75 - 79세","여자인구수[명]","명","1271","1163","1102","1096","1091","1114",
"정선군","80 - 84세","남자인구수[명]","명","588","590","672","697","677","687",
"정선군","80 - 84세","여자인구수[명]","명","945","986","1055","1060","1039","1032",
"정선군","85 - 89세","남자인구수[명]","명","193","200","216","232","266","308",
"정선군","85 - 89세","여자인구수[명]","명","505","536","562","586","624","657",
"정선군","90 - 94세","남자인구수[명]","명","50","48","54","58","69","79",
"정선군","90 - 94세","여자인구수[명]","명","202","185","199","207","219","249",
"정선군","95 - 99세","남자인구수[명]","명","30","17","18","16","10","9",
"정선군","95 - 99세","여자인구수[명]","명","70","77","62","69","59","53",
"정선군","100+","남자인구수[명]","명","20","3","3","6","8","7",
"정선군","100+","여자인구수[명]","명","30","7","8","12","18","20",
"철원군","0 - 4세","남자인구수[명]","명","834","740","702","647","558","508",
"철원군","0 - 4세","여자인구수[명]","명","817","789","724","597","547","507",
"철원군","5 - 9세","남자인구수[명]","명","872","806","759","696","646","626",
"철원군","5 - 9세","여자인구수[명]","명","842","820","767","719","663","614",
"철원군","10 - 14세","남자인구수[명]","명","937","908","873","801","774","712",
"철원군","10 - 14세","여자인구수[명]","명","846","804","766","730","725","717",
"철원군","15 - 19세","남자인구수[명]","명","1028","988","928","924","882","868",
"철원군","15 - 19세","여자인구수[명]","명","984","929","841","828","785","760",
"철원군","20 - 24세","남자인구수[명]","명","1778","1547","1370","1292","1162","1130",
"철원군","20 - 24세","여자인구수[명]","명","1028","943","929","859","766","702",
"철원군","25 - 29세","남자인구수[명]","명","2011","1842","1672","1589","1431","1440",
"철원군","25 - 29세","여자인구수[명]","명","1029","910","828","792","769","772",
"철원군","30 - 34세","남자인구수[명]","명","1306","1308","1369","1375","1375","1359",
"철원군","30 - 34세","여자인구수[명]","명","975","999","1007","978","939","928",
"철원군","35 - 39세","남자인구수[명]","명","1277","1188","1116","1055","1023","1007",
"철원군","35 - 39세","여자인구수[명]","명","1129","1001","920","851","825","833",
"철원군","40 - 44세","남자인구수[명]","명","1335","1320","1258","1252","1182","1134",
"철원군","40 - 44세","여자인구수[명]","명","1253","1234","1181","1116","1046","970",
"철원군","45 - 49세","남자인구수[명]","명","1701","1585","1445","1323","1232","1176",
"철원군","45 - 49세","여자인구수[명]","명","1398","1344","1277","1199","1135","1151",
"철원군","50 - 54세","남자인구수[명]","명","1823","1775","1791","1766","1718","1623",
"철원군","50 - 54세","여자인구수[명]","명","1581","1529","1463","1462","1430","1355",
"철원군","55 - 59세","남자인구수[명]","명","2034","1920","1800","1778","1777","1762",
"철원군","55 - 59세","여자인구수[명]","명","1789","1705","1658","1611","1618","1585",
"철원군","60 - 64세","남자인구수[명]","명","1982","2108","2152","2143","2126","2015",
"철원군","60 - 64세","여자인구수[명]","명","1939","1980","2003","1972","1876","1794",
"철원군","65 - 69세","남자인구수[명]","명","1308","1455","1654","1804","1839","1916",
"철원군","65 - 69세","여자인구수[명]","명","1497","1616","1673","1789","1848","1909",
"철원군","70 - 74세","남자인구수[명]","명","1095","1028","959","984","1067","1202",
"철원군","70 - 74세","여자인구수[명]","명","1239","1182","1188","1207","1295","1430",
"철원군","75 - 79세","남자인구수[명]","명","990","971","1002","974","994","947",
"철원군","75 - 79세","여자인구수[명]","명","1392","1287","1234","1204","1150","1129",
"철원군","80 - 84세","남자인구수[명]","명","615","665","690","716","724","769",
"철원군","80 - 84세","여자인구수[명]","명","1006","1075","1142","1194","1195","1155",
"철원군","85 - 89세","남자인구수[명]","명","198","206","225","268","321","332",
"철원군","85 - 89세","여자인구수[명]","명","425","455","519","571","666","735",
"철원군","90 - 94세","남자인구수[명]","명","68","79","82","79","77","77",
"철원군","90 - 94세","여자인구수[명]","명","230","216","195","193","194","214",
"철원군","95 - 99세","남자인구수[명]","명","13","12","15","11","13","18",
"철원군","95 - 99세","여자인구수[명]","명","50","58","69","85","90","85",
"철원군","100+","남자인구수[명]","명","11","2","1","1","1","1",
"철원군","100+","여자인구수[명]","명","34","11","9","13","13","12",
"화천군","0 - 4세","남자인구수[명]","명","420","426","369","348","316","293",
"화천군","0 - 4세","여자인구수[명]","명","438","369","350","296","297","267",
"화천군","5 - 9세","남자인구수[명]","명","479","460","449","416","371","295",
"화천군","5 - 9세","여자인구수[명]","명","454","454","407","399","380","338",
"화천군","10 - 14세","남자인구수[명]","명","408","400","385","387","406","409",
"화천군","10 - 14세","여자인구수[명]","명","434","428","426","412","408","388",
"화천군","15 - 19세","남자인구수[명]","명","497","463","443","420","413","402",
"화천군","15 - 19세","여자인구수[명]","명","458","430","405","399","402","404",
"화천군","20 - 24세","남자인구수[명]","명","1236","1098","889","833","826","753",
"화천군","20 - 24세","여자인구수[명]","명","554","544","489","468","468","434",
"화천군","25 - 29세","남자인구수[명]","명","1498","1371","1203","1107","1069","1065",
"화천군","25 - 29세","여자인구수[명]","명","618","554","563","520","464","490",
"화천군","30 - 34세","남자인구수[명]","명","953","979","942","926","874","851",
"화천군","30 - 34세","여자인구수[명]","명","572","555","545","545","528","509",
"화천군","35 - 39세","남자인구수[명]","명","714","664","602","636","631","620",
"화천군","35 - 39세","여자인구수[명]","명","607","565","517","488","502","429",
"화천군","40 - 44세","남자인구수[명]","명","702","683","670","618","608","584",
"화천군","40 - 44세","여자인구수[명]","명","549","536","520","542","549","528",
"화천군","45 - 49세","남자인구수[명]","명","786","727","686","634","651","616",
"화천군","45 - 49세","여자인구수[명]","명","708","662","631","553","511","488",
"화천군","50 - 54세","남자인구수[명]","명","996","966","941","871","832","766",
"화천군","50 - 54세","여자인구수[명]","명","837","813","783","778","767","714",
"화천군","55 - 59세","남자인구수[명]","명","1130","1083","1017","1050","1043","1021",
"화천군","55 - 59세","여자인구수[명]","명","951","896","902","917","893","847",
"화천군","60 - 64세","남자인구수[명]","명","1198","1277","1301","1275","1275","1206",
"화천군","60 - 64세","여자인구수[명]","명","1051","1065","1044","1033","1058","996",
"화천군","65 - 69세","남자인구수[명]","명","841","962","1029","1104","1156","1198",
"화천군","65 - 69세","여자인구수[명]","명","747","829","879","927","964","1047",
"화천군","70 - 74세","남자인구수[명]","명","528","461","492","538","646","776",
"화천군","70 - 74세","여자인구수[명]","명","620","560","565","592","620","699",
"화천군","75 - 79세","남자인구수[명]","명","546","535","521","485","464","462",
"화천군","75 - 79세","여자인구수[명]","명","721","651","604","576","588","557",
"화천군","80 - 84세","남자인구수[명]","명","349","369","388","432","437","409",
"화천군","80 - 84세","여자인구수[명]","명","615","668","680","668","629","616",
"화천군","85 - 89세","남자인구수[명]","명","125","154","172","173","194","199",
"화천군","85 - 89세","여자인구수[명]","명","277","300","356","404","423","413",
"화천군","90 - 94세","남자인구수[명]","명","40","42","45","54","57","52",
"화천군","90 - 94세","여자인구수[명]","명","136","139","127","124","136","162",
"화천군","95 - 99세","남자인구수[명]","명","19","14","11","8","8","10",
"화천군","95 - 99세","여자인구수[명]","명","30","33","30","37","45","41",
"화천군","100+","남자인구수[명]","명","7","4","5","6","6","8",
"화천군","100+","여자인구수[명]","명","8","6","5","8","7","9",
"양구군","0 - 4세","남자인구수[명]","명","412","392","357","333","306","284",
"양구군","0 - 4세","여자인구수[명]","명","436","399","358","318","280","269",
"양구군","5 - 9세","남자인구수[명]","명","449","431","410","391","361","325",
"양구군","5 - 9세","여자인구수[명]","명","405","427","427","412","385","353",
"양구군","10 - 14세","남자인구수[명]","명","440","440","435","431","433","409",
"양구군","10 - 14세","여자인구수[명]","명","408","409","403","379","393","371",
"양구군","15 - 19세","남자인구수[명]","명","595","529","505","509","495","530",
"양구군","15 - 19세","여자인구수[명]","명","604","551","541","526","483","505",
"양구군","20 - 24세","남자인구수[명]","명","1016","900","804","690","641","584",
"양구군","20 - 24세","여자인구수[명]","명","494","456","435","380","388","364",
"양구군","25 - 29세","남자인구수[명]","명","1116","997","897","877","741","779",
"양구군","25 - 29세","여자인구수[명]","명","545","503","478","465","446","403",
"양구군","30 - 34세","남자인구수[명]","명","758","737","749","725","736","720",
"양구군","30 - 34세","여자인구수[명]","명","521","531","518","510","487","469",
"양구군","35 - 39세","남자인구수[명]","명","657","636","598","592","549","547",
"양구군","35 - 39세","여자인구수[명]","명","611","567","525","498","461","461",
"양구군","40 - 44세","남자인구수[명]","명","623","623","647","634","622","592",
"양구군","40 - 44세","여자인구수[명]","명","552","545","564","588","591","547",
"양구군","45 - 49세","남자인구수[명]","명","773","687","650","620","601","592",
"양구군","45 - 49세","여자인구수[명]","명","608","573","571","538","524","521",
"양구군","50 - 54세","남자인구수[명]","명","853","859","830","804","746","731",
"양구군","50 - 54세","여자인구수[명]","명","738","738","709","684","650","601",
"양구군","55 - 59세","남자인구수[명]","명","1034","959","913","922","918","891",
"양구군","55 - 59세","여자인구수[명]","명","922","851","817","814","800","794",
"양구군","60 - 64세","남자인구수[명]","명","1060","1117","1141","1121","1091","1080",
"양구군","60 - 64세","여자인구수[명]","명","946","998","1029","1017","1005","962",
"양구군","65 - 69세","남자인구수[명]","명","728","831","896","997","1024","1046",
"양구군","65 - 69세","여자인구수[명]","명","631","703","755","835","883","941",
"양구군","70 - 74세","남자인구수[명]","명","408","396","441","477","576","686",
"양구군","70 - 74세","여자인구수[명]","명","534","509","498","510","533","592",
"양구군","75 - 79세","남자인구수[명]","명","465","458","435","413","380","360",
"양구군","75 - 79세","여자인구수[명]","명","613","591","537","503","503","496",
"양구군","80 - 84세","남자인구수[명]","명","298","312","331","349","360","350",
"양구군","80 - 84세","여자인구수[명]","명","492","513","558","559","544","503",
"양구군","85 - 89세","남자인구수[명]","명","100","115","131","127","148","166",
"양구군","85 - 89세","여자인구수[명]","명","270","278","305","305","328","353",
"양구군","90 - 94세","남자인구수[명]","명","29","35","37","40","40","41",
"양구군","90 - 94세","여자인구수[명]","명","88","115","110","123","133","153",
"양구군","95 - 99세","남자인구수[명]","명","9","7","5","8","6","7",
"양구군","95 - 99세","여자인구수[명]","명","22","23","28","27","28","29",
"양구군","100+","남자인구수[명]","명","6","3","3","3","0","0",
"양구군","100+","여자인구수[명]","명","9","4","2","2","2","3",
"인제군","0 - 4세","남자인구수[명]","명","616","609","587","552","524","472",
"인제군","0 - 4세","여자인구수[명]","명","606","606","575","552","467","434",
"인제군","5 - 9세","남자인구수[명]","명","657","656","628","619","606","529",
"인제군","5 - 9세","여자인구수[명]","명","620","628","596","566","556","483",
"인제군","10 - 14세","남자인구수[명]","명","600","605","613","589","572","563",
"인제군","10 - 14세","여자인구수[명]","명","574","529","564","569","552","515",
"인제군","15 - 19세","남자인구수[명]","명","609","580","600","569","535","553",
"인제군","15 - 19세","여자인구수[명]","명","531","522","538","560","511","510",
"인제군","20 - 24세","남자인구수[명]","명","1208","1292","1201","1126","1005","912",
"인제군","20 - 24세","여자인구수[명]","명","626","672","582","558","534","463",
"인제군","25 - 29세","남자인구수[명]","명","1484","1529","1553","1544","1470","1367",
"인제군","25 - 29세","여자인구수[명]","명","749","716","690","660","636","614",
"인제군","30 - 34세","남자인구수[명]","명","1132","1210","1271","1266","1277","1271",
"인제군","30 - 34세","여자인구수[명]","명","773","836","847","866","813","777",
"인제군","35 - 39세","남자인구수[명]","명","1097","1102","1041","1030","1016","954",
"인제군","35 - 39세","여자인구수[명]","명","900","833","789","736","748","711",
"인제군","40 - 44세","남자인구수[명]","명","1034","1058","1108","1077","1033","1016",
"인제군","40 - 44세","여자인구수[명]","명","879","918","949","932","859","801",
"인제군","45 - 49세","남자인구수[명]","명","1199","1135","1070","1044","1014","1021",
"인제군","45 - 49세","여자인구수[명]","명","886","827","860","853","880","848",
"인제군","50 - 54세","남자인구수[명]","명","1276","1294","1323","1276","1244","1256",
"인제군","50 - 54세","여자인구수[명]","명","1037","1044","1041","994","932","911",
"인제군","55 - 59세","남자인구수[명]","명","1502","1438","1343","1356","1383","1322",
"인제군","55 - 59세","여자인구수[명]","명","1440","1331","1266","1220","1167","1107",
"인제군","60 - 64세","남자인구수[명]","명","1716","1771","1773","1725","1657","1579",
"인제군","60 - 64세","여자인구수[명]","명","1413","1525","1529","1554","1551","1493",
"인제군","65 - 69세","남자인구수[명]","명","1085","1305","1425","1561","1637","1710",
"인제군","65 - 69세","여자인구수[명]","명","991","1129","1175","1279","1339","1407",
"인제군","70 - 74세","남자인구수[명]","명","636","613","684","762","906","1040",
"인제군","70 - 74세","여자인구수[명]","명","643","642","721","751","814","944",
"인제군","75 - 79세","남자인구수[명]","명","639","622","615","621","588","551",
"인제군","75 - 79세","여자인구수[명]","명","759","712","687","636","624","588",
"인제군","80 - 84세","남자인구수[명]","명","387","413","440","447","470","471",
"인제군","80 - 84세","여자인구수[명]","명","650","671","710","684","656","645",
"인제군","85 - 89세","남자인구수[명]","명","135","158","190","190","200","229",
"인제군","85 - 89세","여자인구수[명]","명","335","368","355","414","469","476",
"인제군","90 - 94세","남자인구수[명]","명","43","43","38","45","40","50",
"인제군","90 - 94세","여자인구수[명]","명","154","155","160","158","178","190",
"인제군","95 - 99세","남자인구수[명]","명","23","24","22","18","13","13",
"인제군","95 - 99세","여자인구수[명]","명","36","37","41","50","44","53",
"인제군","100+","남자인구수[명]","명","6","4","4","5","4","2",
"인제군","100+","여자인구수[명]","명","8","3","2","6","11","12",
"고성군","0 - 4세","남자인구수[명]","명","265","274","285","284","280","283",
"고성군","0 - 4세","여자인구수[명]","명","281","287","270","276","257","263",
"고성군","5 - 9세","남자인구수[명]","명","386","412","375","349","341","318",
"고성군","5 - 9세","여자인구수[명]","명","341","381","368","363","327","331",
"고성군","10 - 14세","남자인구수[명]","명","396","403","414","403","414","419",
"고성군","10 - 14세","여자인구수[명]","명","318","333","358","367","359","348",
"고성군","15 - 19세","남자인구수[명]","명","483","455","434","442","424","431",
"고성군","15 - 19세","여자인구수[명]","명","424","397","385","381","381","383",
"고성군","20 - 24세","남자인구수[명]","명","888","830","783","717","630","586",
"고성군","20 - 24세","여자인구수[명]","명","533","482","461","463","412","376",
"고성군","25 - 29세","남자인구수[명]","명","936","880","880","855","799","762",
"고성군","25 - 29세","여자인구수[명]","명","511","486","473","483","491","480",
"고성군","30 - 34세","남자인구수[명]","명","631","682","675","681","693","706",
"고성군","30 - 34세","여자인구수[명]","명","437","465","492","490","499","501",
"고성군","35 - 39세","남자인구수[명]","명","621","674","626","647","650","646",
"고성군","35 - 39세","여자인구수[명]","명","530","558","524","555","528","515",
"고성군","40 - 44세","남자인구수[명]","명","704","722","779","767","744","732",
"고성군","40 - 44세","여자인구수[명]","명","565","609","650","643","638","606",
"고성군","45 - 49세","남자인구수[명]","명","1013","965","883","851","779","754",
"고성군","45 - 49세","여자인구수[명]","명","781","781","720","678","633","635",
"고성군","50 - 54세","남자인구수[명]","명","1241","1253","1288","1234","1202","1119",
"고성군","50 - 54세","여자인구수[명]","명","958","1005","985","977","946","903",
"고성군","55 - 59세","남자인구수[명]","명","1363","1340","1299","1322","1307","1332",
"고성군","55 - 59세","여자인구수[명]","명","1260","1199","1146","1115","1131","1133",
"고성군","60 - 64세","남자인구수[명]","명","1536","1631","1657","1628","1543","1421",
"고성군","60 - 64세","여자인구수[명]","명","1410","1509","1547","1561","1468","1375",
"고성군","65 - 69세","남자인구수[명]","명","1119","1259","1355","1431","1512","1560",
"고성군","65 - 69세","여자인구수[명]","명","1128","1252","1293","1368","1391","1451",
"고성군","70 - 74세","남자인구수[명]","명","786","764","824","869","944","1085",
"고성군","70 - 74세","여자인구수[명]","명","948","890","916","928","1030","1138",
"고성군","75 - 79세","남자인구수[명]","명","715","710","686","694","701","673",
"고성군","75 - 79세","여자인구수[명]","명","1050","1044","987","960","915","865",
"고성군","80 - 84세","남자인구수[명]","명","474","507","540","544","536","539",
"고성군","80 - 84세","여자인구수[명]","명","798","842","897","900","924","913",
"고성군","85 - 89세","남자인구수[명]","명","165","177","200","224","265","280",
"고성군","85 - 89세","여자인구수[명]","명","406","455","491","526","557","596",
"고성군","90 - 94세","남자인구수[명]","명","60","60","55","57","62","69",
"고성군","90 - 94세","여자인구수[명]","명","215","199","188","181","194","220",
"고성군","95 - 99세","남자인구수[명]","명","17","20","18","14","13","14",
"고성군","95 - 99세","여자인구수[명]","명","47","48","56","64","67","72",
"고성군","100+","남자인구수[명]","명","3","1","4","5","2","2",
"고성군","100+","여자인구수[명]","명","14","8","7","8","10","10",
"양양군","0 - 4세","남자인구수[명]","명","280","254","236","212","219","230",
"양양군","0 - 4세","여자인구수[명]","명","280","237","236","220","214","215",
"양양군","5 - 9세","남자인구수[명]","명","412","399","356","308","312","305",
"양양군","5 - 9세","여자인구수[명]","명","378","379","341","329","315","316",
"양양군","10 - 14세","남자인구수[명]","명","431","448","452","437","433","431",
"양양군","10 - 14세","여자인구수[명]","명","401","407","388","385","384","377",
"양양군","15 - 19세","남자인구수[명]","명","546","488","493","491","458","466",
"양양군","15 - 19세","여자인구수[명]","명","467","427","420","381","390","383",
"양양군","20 - 24세","남자인구수[명]","명","748","730","654","592","567","512",
"양양군","20 - 24세","여자인구수[명]","명","571","518","465","433","386","343",
"양양군","25 - 29세","남자인구수[명]","명","669","660","645","670","632","602",
"양양군","25 - 29세","여자인구수[명]","명","423","419","427","407","391","408",
"양양군","30 - 34세","남자인구수[명]","명","571","535","535","566","559","586",
"양양군","30 - 34세","여자인구수[명]","명","454","452","444","441","411","401",
"양양군","35 - 39세","남자인구수[명]","명","694","701","645","609","561","555",
"양양군","35 - 39세","여자인구수[명]","명","621","556","516","463","495","483",
"양양군","40 - 44세","남자인구수[명]","명","888","850","887","841","835","779",
"양양군","40 - 44세","여자인구수[명]","명","715","734","744","748","696","646",
"양양군","45 - 49세","남자인구수[명]","명","1046","1018","995","965","935","932",
"양양군","45 - 49세","여자인구수[명]","명","875","842","791","792","744","762",
"양양군","50 - 54세","남자인구수[명]","명","1359","1327","1279","1230","1176","1087",
"양양군","50 - 54세","여자인구수[명]","명","1022","1024","1066","1034","1024","976",
"양양군","55 - 59세","남자인구수[명]","명","1366","1327","1310","1376","1404","1416",
"양양군","55 - 59세","여자인구수[명]","명","1354","1260","1221","1221","1188","1165",
"양양군","60 - 64세","남자인구수[명]","명","1567","1676","1730","1651","1573","1464",
"양양군","60 - 64세","여자인구수[명]","명","1494","1574","1568","1510","1483","1432",
"양양군","65 - 69세","남자인구수[명]","명","1208","1325","1377","1531","1575","1653",
"양양군","65 - 69세","여자인구수[명]","명","1270","1368","1397","1488","1497","1504",
"양양군","70 - 74세","남자인구수[명]","명","912","891","928","962","1043","1150",
"양양군","70 - 74세","여자인구수[명]","명","925","919","1009","1019","1128","1236",
"양양군","75 - 79세","남자인구수[명]","명","781","799","819","807","814","808",
"양양군","75 - 79세","여자인구수[명]","명","1030","1023","980","967","934","894",
"양양군","80 - 84세","남자인구수[명]","명","490","538","586","612","615","603",
"양양군","80 - 84세","여자인구수[명]","명","777","805","864","867","892","900",
"양양군","85 - 89세","남자인구수[명]","명","187","215","233","266","286","292",
"양양군","85 - 89세","여자인구수[명]","명","396","445","475","517","547","580",
"양양군","90 - 94세","남자인구수[명]","명","52","56","53","53","60","72",
"양양군","90 - 94세","여자인구수[명]","명","194","194","201","206","213","230",
"양양군","95 - 99세","남자인구수[명]","명","12","12","15","12","19","15",
"양양군","95 - 99세","여자인구수[명]","명","63","69","76","77","64","69",
"양양군","100+","남자인구수[명]","명","1","2","0","1","3","4",
"양양군","100+","여자인구수[명]","명","16","10","9","13","14","10",
"충청북도","0 - 4세","남자인구수[명]","명","27140","24730","22819","21393","20589","20591",
"충청북도","0 - 4세","여자인구수[명]","명","25637","23522","21571","20184","19521","19510",
"충청북도","5 - 9세","남자인구수[명]","명","35928","34999","33125","31528","29702","27408",
"충청북도","5 - 9세","여자인구수[명]","명","34666","33724","31895","30228","28025","25747",
"충청북도","10 - 14세","남자인구수[명]","명","37676","38127","37773","37242","36661","35997",
"충청북도","10 - 14세","여자인구수[명]","명","35248","35703","35563","35297","35136","34538",
"충청북도","15 - 19세","남자인구수[명]","명","40027","37910","37811","37478","37025","37778",
"충청북도","15 - 19세","여자인구수[명]","명","36428","34671","34735","34429","34174","34929",
"충청북도","20 - 24세","남자인구수[명]","명","53074","50402","47648","45282","42826","40095",
"충청북도","20 - 24세","여자인구수[명]","명","44873","42548","39844","37719","35727","33558",
"충청북도","25 - 29세","남자인구수[명]","명","57775","57952","57173","55334","53132","52182",
"충청북도","25 - 29세","여자인구수[명]","명","43487","43513","43645","43341","42061","41082",
"충청북도","30 - 34세","남자인구수[명]","명","47838","48968","51518","54112","56169","58235",
"충청북도","30 - 34세","여자인구수[명]","명","40404","40664","41041","42080","43254","44830",
"충청북도","35 - 39세","남자인구수[명]","명","55445","52909","50046","48662","47927","48744",
"충청북도","35 - 39세","여자인구수[명]","명","50990","48066","44827","42907","41924","41427",
"충청북도","40 - 44세","남자인구수[명]","명","58666","59033","59988","60190","58424","56227",
"충청북도","40 - 44세","여자인구수[명]","명","54290","54735","55368","55722","53593","51338",
"충청북도","45 - 49세","남자인구수[명]","명","66308","63889","62182","59416","58563","59472",
"충청북도","45 - 49세","여자인구수[명]","명","61930","59670","58652","55374","54444","54775",
"충청북도","50 - 54세","남자인구수[명]","명","70900","71276","71179","70422","69144","67332",
"충청북도","50 - 54세","여자인구수[명]","명","67033","68107","67025","65840","64131","63090",
"충청북도","55 - 59세","남자인구수[명]","명","70058","68264","67087","69663","71497","71977",
"충청북도","55 - 59세","여자인구수[명]","명","65809","63227","63022","66525","68669","68768",
"충청북도","60 - 64세","남자인구수[명]","명","66257","70576","72581","71826","71556","71263",
"충청북도","60 - 64세","여자인구수[명]","명","64802","68726","70001","69038","68116","67609",
"충청북도","65 - 69세","남자인구수[명]","명","45476","50842","54320","58654","62361","65719",
"충청북도","65 - 69세","여자인구수[명]","명","46806","51553","54564","58464","62052","65164",
"충청북도","70 - 74세","남자인구수[명]","명","30570","31283","34054","35557","38481","43079",
"충청북도","70 - 74세","여자인구수[명]","명","33442","34053","36531","38100","41111","45842",
"충청북도","75 - 79세","남자인구수[명]","명","23702","23380","23303","24594","25876","26809",
"충청북도","75 - 79세","여자인구수[명]","명","32805","31352","29946","30182","30527","31476",
"충청북도","80 - 84세","남자인구수[명]","명","15881","16564","17889","18080","17916","18032",
"충청북도","80 - 84세","여자인구수[명]","명","27003","27702","29573","29579","28944","28294",
"충청북도","85 - 89세","남자인구수[명]","명","6658","7448","8012","8571","9296","9502",
"충청북도","85 - 89세","여자인구수[명]","명","16027","17479","18281","19019","19961","19960",
"충청북도","90 - 94세","남자인구수[명]","명","1683","1756","1900","2045","2349","2781",
"충청북도","90 - 94세","여자인구수[명]","명","5821","6177","6587","7244","7913","8710",
"충청북도","95 - 99세","남자인구수[명]","명","368","325","323","359","381","390",
"충청북도","95 - 99세","여자인구수[명]","명","1337","1334","1377","1533","1735","1925",
"충청북도","100+","남자인구수[명]","명","161","39","51","40","45","52",
"충청북도","100+","여자인구수[명]","명","408","229","228","216","239","265",
"청주시","0 - 4세","남자인구수[명]","명","16360","15144","14035","13284","12937","13064",
"청주시","0 - 4세","여자인구수[명]","명","15649","14568","13432","12690","12446","12582",
"청주시","5 - 9세","남자인구수[명]","명","21528","21131","20086","19177","18154","16726",
"청주시","5 - 9세","여자인구수[명]","명","20712","20293","19276","18455","17208","15883",
"청주시","10 - 14세","남자인구수[명]","명","21875","22120","22067","22060","21829","21609",
"청주시","10 - 14세","여자인구수[명]","명","20501","20858","21006","20984","21037","20745",
"청주시","15 - 19세","남자인구수[명]","명","22921","21768","21752","21439","21400","21697",
"청주시","15 - 19세","여자인구수[명]","명","20870","19993","20078","20037","19940","20332",
"청주시","20 - 24세","남자인구수[명]","명","30230","28932","27576","26263","25057","23589",
"청주시","20 - 24세","여자인구수[명]","명","26745","25787","24079","22912","21864","20649",
"청주시","25 - 29세","남자인구수[명]","명","35265","35901","35563","34464","32850","31928",
"청주시","25 - 29세","여자인구수[명]","명","27788","28135","28300","28181","27380","26311",
"청주시","30 - 34세","남자인구수[명]","명","29147","30376","32196","34018","35605","36940",
"청주시","30 - 34세","여자인구수[명]","명","25396","26032","26413","27301","28298","29390",
"청주시","35 - 39세","남자인구수[명]","명","32810","31751","30279","29832","29608","30265",
"청주시","35 - 39세","여자인구수[명]","명","31024","29616","27820","26882","26595","26277",
"청주시","40 - 44세","남자인구수[명]","명","33507","34154","34929","35218","34558","33404",
"청주시","40 - 44세","여자인구수[명]","명","32017","32440","32976","33485","32474","31257",
"청주시","45 - 49세","남자인구수[명]","명","35601","34774","34150","33078","32996","33779",
"청주시","45 - 49세","여자인구수[명]","명","35405","34595","34139","32406","31955","31985",
"청주시","50 - 54세","남자인구수[명]","명","35870","36545","36810","36854","36539","35586",
"청주시","50 - 54세","여자인구수[명]","명","36214","37096","36864","36641","36041","35376",
"청주시","55 - 59세","남자인구수[명]","명","33263","32510","32232","33606","34836","35372",
"청주시","55 - 59세","여자인구수[명]","명","32620","31717","31985","34203","35704","35848",
"청주시","60 - 64세","남자인구수[명]","명","28770","30821","32050","32048","32332","32195",
"청주시","60 - 64세","여자인구수[명]","명","29583","31558","32426","32170","32206","32302",
"청주시","65 - 69세","남자인구수[명]","명","18783","20974","22543","24457","26079","27387",
"청주시","65 - 69세","여자인구수[명]","명","20015","22256","23924","25847","27712","29020",
"청주시","70 - 74세","남자인구수[명]","명","12250","12636","13627","14273","15551","17467",
"청주시","70 - 74세","여자인구수[명]","명","13823","14190","15186","15935","17346","19517",
"청주시","75 - 79세","남자인구수[명]","명","8907","9013","9126","9734","10336","10686",
"청주시","75 - 79세","여자인구수[명]","명","12371","12130","11847","12226","12573","13085",
"청주시","80 - 84세","남자인구수[명]","명","5620","5899","6477","6666","6674","6867",
"청주시","80 - 84세","여자인구수[명]","명","9790","10046","10826","11051","10986","10942",
"청주시","85 - 89세","남자인구수[명]","명","2387","2714","2902","3112","3398","3475",
"청주시","85 - 89세","여자인구수[명]","명","5780","6396","6740","7004","7360","7410",
"청주시","90 - 94세","남자인구수[명]","명","579","600","682","724","871","1059",
"청주시","90 - 94세","여자인구수[명]","명","2190","2297","2440","2687","2937","3189",
"청주시","95 - 99세","남자인구수[명]","명","125","107","113","132","116","139",
"청주시","95 - 99세","여자인구수[명]","명","515","513","530","566","657","711",
"청주시","100+","남자인구수[명]","명","50","11","13","10","14","17",
"청주시","100+","여자인구수[명]","명","137","85","78","77","78","90",
"충주시","0 - 4세","남자인구수[명]","명","3176","2896","2671","2520","2384","2353",
"충주시","0 - 4세","여자인구수[명]","명","3033","2777","2536","2390","2280","2168",
"충주시","5 - 9세","남자인구수[명]","명","4208","4030","3884","3675","3509","3270",
"충주시","5 - 9세","여자인구수[명]","명","4164","4053","3835","3630","3333","3071",
"충주시","10 - 14세","남자인구수[명]","명","4696","4813","4674","4503","4400","4245",
"충주시","10 - 14세","여자인구수[명]","명","4443","4479","4388","4326","4267","4115",
"충주시","15 - 19세","남자인구수[명]","명","5090","4779","4747","4775","4631","4660",
"충주시","15 - 19세","여자인구수[명]","명","4654","4401","4367","4270","4269","4319",
"충주시","20 - 24세","남자인구수[명]","명","6913","6586","6013","5760","5451","4988",
"충주시","20 - 24세","여자인구수[명]","명","5387","5089","4805","4519","4300","3942",
"충주시","25 - 29세","남자인구수[명]","명","7064","7031","6836","6655","6553","6407",
"충주시","25 - 29세","여자인구수[명]","명","5041","4907","4817","4839","4728","4717",
"충주시","30 - 34세","남자인구수[명]","명","5854","6021","6343","6620","6792","6914",
"충주시","30 - 34세","여자인구수[명]","명","4645","4687","4731","4821","4942","5003",
"충주시","35 - 39세","남자인구수[명]","명","6809","6417","6036","5947","5830","5878",
"충주시","35 - 39세","여자인구수[명]","명","6029","5712","5287","5035","4828","4801",
"충주시","40 - 44세","남자인구수[명]","명","7210","7245","7355","7404","7184","6831",
"충주시","40 - 44세","여자인구수[명]","명","6899","6870","6874","6898","6537","6136",
"충주시","45 - 49세","남자인구수[명]","명","8659","8280","8025","7564","7300","7301",
"충주시","45 - 49세","여자인구수[명]","명","8172","7758","7618","7181","7077","7088",
"충주시","50 - 54세","남자인구수[명]","명","9539","9468","9405","9164","9005","8681",
"충주시","50 - 54세","여자인구수[명]","명","9161","9313","9079","8808","8541","8314",
"충주시","55 - 59세","남자인구수[명]","명","9714","9476","9203","9548","9768","9611",
"충주시","55 - 59세","여자인구수[명]","명","9218","8744","8663","9046","9419","9390",
"충주시","60 - 64세","남자인구수[명]","명","9454","9986","10221","10078","9863","9775",
"충주시","60 - 64세","여자인구수[명]","명","9102","9745","9912","9780","9570","9434",
"충주시","65 - 69세","남자인구수[명]","명","6429","7250","7677","8350","8914","9424",
"충주시","65 - 69세","여자인구수[명]","명","6752","7459","7736","8258","8845","9262",
"충주시","70 - 74세","남자인구수[명]","명","4156","4202","4672","4831","5335","6068",
"충주시","70 - 74세","여자인구수[명]","명","4784","4834","5269","5522","5939","6630",
"충주시","75 - 79세","남자인구수[명]","명","3600","3485","3401","3580","3593","3658",
"충주시","75 - 79세","여자인구수[명]","명","4889","4635","4506","4499","4445","4516",
"충주시","80 - 84세","남자인구수[명]","명","2416","2558","2784","2750","2753","2736",
"충주시","80 - 84세","여자인구수[명]","명","4125","4286","4520","4440","4318","4187",
"충주시","85 - 89세","남자인구수[명]","명","960","1087","1190","1308","1439","1444",
"충주시","85 - 89세","여자인구수[명]","명","2380","2585","2660","2774","2990","3049",
"충주시","90 - 94세","남자인구수[명]","명","247","258","276","324","354","417",
"충주시","90 - 94세","여자인구수[명]","명","795","874","966","1066","1197","1344",
"충주시","95 - 99세","남자인구수[명]","명","64","60","57","55","66","60",
"충주시","95 - 99세","여자인구수[명]","명","185","192","198","222","246","280",
"충주시","100+","남자인구수[명]","명","15","4","8","9","8","12",
"충주시","100+","여자인구수[명]","명","55","26","32","34","38","41",
"제천시","0 - 4세","남자인구수[명]","명","1919","1699","1534","1442","1393","1332",
"제천시","0 - 4세","여자인구수[명]","명","1746","1574","1445","1315","1200","1156",
"제천시","5 - 9세","남자인구수[명]","명","2543","2504","2318","2201","2039","1899",
"제천시","5 - 9세","여자인구수[명]","명","2532","2411","2215","2086","1889","1703",
"제천시","10 - 14세","남자인구수[명]","명","2816","2791","2752","2623","2542","2489",
"제천시","10 - 14세","여자인구수[명]","명","2696","2710","2669","2596","2573","2484",
"제천시","15 - 19세","남자인구수[명]","명","3224","3082","3110","3111","2944","2983",
"제천시","15 - 19세","여자인구수[명]","명","2959","2756","2869","2854","2692","2788",
"제천시","20 - 24세","남자인구수[명]","명","4350","4119","4072","4101","3771","3546",
"제천시","20 - 24세","여자인구수[명]","명","3673","3473","3473","3460","3209","2981",
"제천시","25 - 29세","남자인구수[명]","명","3832","3887","3825","3671","3619","3553",
"제천시","25 - 29세","여자인구수[명]","명","2884","2792","2812","2779","2720","2703",
"제천시","30 - 34세","남자인구수[명]","명","3027","2968","3068","3210","3305","3418",
"제천시","30 - 34세","여자인구수[명]","명","2668","2591","2573","2541","2505","2540",
"제천시","35 - 39세","남자인구수[명]","명","3766","3548","3307","3079","2958","2860",
"제천시","35 - 39세","여자인구수[명]","명","3550","3205","2921","2757","2591","2499",
"제천시","40 - 44세","남자인구수[명]","명","4234","4181","4109","4100","3910","3727",
"제천시","40 - 44세","여자인구수[명]","명","3928","3878","3911","3896","3706","3482",
"제천시","45 - 49세","남자인구수[명]","명","5254","4898","4613","4298","4145","4163",
"제천시","45 - 49세","여자인구수[명]","명","5026","4710","4449","4079","3910","3844",
"제천시","50 - 54세","남자인구수[명]","명","6162","6114","6046","5744","5515","5269",
"제천시","50 - 54세","여자인구수[명]","명","5731","5785","5679","5402","5185","5052",
"제천시","55 - 59세","남자인구수[명]","명","6117","5917","5824","6111","6248","6232",
"제천시","55 - 59세","여자인구수[명]","명","6000","5674","5552","5781","5939","5851",
"제천시","60 - 64세","남자인구수[명]","명","6541","6817","6847","6601","6407","6252",
"제천시","60 - 64세","여자인구수[명]","명","6584","6875","6850","6634","6307","6123",
"제천시","65 - 69세","남자인구수[명]","명","4818","5377","5542","5915","6201","6458",
"제천시","65 - 69세","여자인구수[명]","명","4860","5330","5542","5969","6263","6538",
"제천시","70 - 74세","남자인구수[명]","명","3080","3122","3547","3752","4076","4568",
"제천시","70 - 74세","여자인구수[명]","명","3402","3446","3782","3935","4261","4714",
"제천시","75 - 79세","남자인구수[명]","명","2544","2489","2447","2526","2583","2655",
"제천시","75 - 79세","여자인구수[명]","명","3418","3241","3089","3113","3138","3161",
"제천시","80 - 84세","남자인구수[명]","명","1648","1745","1869","1885","1918","1918",
"제천시","80 - 84세","여자인구수[명]","명","2625","2792","3013","2988","2958","2907",
"제천시","85 - 89세","남자인구수[명]","명","627","711","810","877","945","975",
"제천시","85 - 89세","여자인구수[명]","명","1336","1503","1610","1765","1878","1944",
"제천시","90 - 94세","남자인구수[명]","명","145","166","163","180","211","234",
"제천시","90 - 94세","여자인구수[명]","명","517","518","544","623","687","743",
"제천시","95 - 99세","남자인구수[명]","명","33","30","25","24","34","31",
"제천시","95 - 99세","여자인구수[명]","명","127","124","129","142","160","191",
"제천시","100+","남자인구수[명]","명","25","5","5","5","4","4",
"제천시","100+","여자인구수[명]","명","51","33","28","23","30","33",
"보은군","0 - 4세","남자인구수[명]","명","321","277","244","196","187","195",
"보은군","0 - 4세","여자인구수[명]","명","308","261","231","188","182","179",
"보은군","5 - 9세","남자인구수[명]","명","428","414","386","379","355","319",
"보은군","5 - 9세","여자인구수[명]","명","407","382","366","346","307","282",
"보은군","10 - 14세","남자인구수[명]","명","537","522","506","482","454","423",
"보은군","10 - 14세","여자인구수[명]","명","431","446","443","442","405","398",
"보은군","15 - 19세","남자인구수[명]","명","592","541","535","522","517","510",
"보은군","15 - 19세","여자인구수[명]","명","551","508","472","429","430","433",
"보은군","20 - 24세","남자인구수[명]","명","760","758","714","611","553","498",
"보은군","20 - 24세","여자인구수[명]","명","581","496","466","441","392","370",
"보은군","25 - 29세","남자인구수[명]","명","630","595","568","539","512","557",
"보은군","25 - 29세","여자인구수[명]","명","406","398","373","360","364","354",
"보은군","30 - 34세","남자인구수[명]","명","534","485","476","482","479","508",
"보은군","30 - 34세","여자인구수[명]","명","408","389","357","364","362","364",
"보은군","35 - 39세","남자인구수[명]","명","675","604","570","532","497","496",
"보은군","35 - 39세","여자인구수[명]","명","593","538","506","460","421","426",
"보은군","40 - 44세","남자인구수[명]","명","786","765","777","755","678","659",
"보은군","40 - 44세","여자인구수[명]","명","603","607","637","610","574","575",
"보은군","45 - 49세","남자인구수[명]","명","1088","981","888","831","799","810",
"보은군","45 - 49세","여자인구수[명]","명","843","782","723","666","622","629",
"보은군","50 - 54세","남자인구수[명]","명","1415","1362","1295","1233","1199","1136",
"보은군","50 - 54세","여자인구수[명]","명","1146","1093","1062","1011","934","892",
"보은군","55 - 59세","남자인구수[명]","명","1823","1757","1652","1670","1629","1548",
"보은군","55 - 59세","여자인구수[명]","명","1516","1393","1363","1362","1325","1290",
"보은군","60 - 64세","남자인구수[명]","명","2007","2115","2176","2094","2045","2033",
"보은군","60 - 64세","여자인구수[명]","명","1806","1903","1874","1828","1768","1701",
"보은군","65 - 69세","남자인구수[명]","명","1489","1669","1791","1915","2042","2137",
"보은군","65 - 69세","여자인구수[명]","명","1512","1666","1728","1813","1865","1911",
"보은군","70 - 74세","남자인구수[명]","명","1160","1173","1215","1256","1317","1452",
"보은군","70 - 74세","여자인구수[명]","명","1197","1183","1228","1274","1338","1466",
"보은군","75 - 79세","남자인구수[명]","명","882","858","853","912","978","1036",
"보은군","75 - 79세","여자인구수[명]","명","1345","1209","1118","1057","1065","1107",
"보은군","80 - 84세","남자인구수[명]","명","721","712","740","740","699","669",
"보은군","80 - 84세","여자인구수[명]","명","1248","1272","1319","1306","1238","1121",
"보은군","85 - 89세","남자인구수[명]","명","342","368","370","389","418","404",
"보은군","85 - 89세","여자인구수[명]","명","803","868","874","892","918","898",
"보은군","90 - 94세","남자인구수[명]","명","89","100","101","109","118","140",
"보은군","90 - 94세","여자인구수[명]","명","326","338","358","400","417","455",
"보은군","95 - 99세","남자인구수[명]","명","12","18","19","22","24","25",
"보은군","95 - 99세","여자인구수[명]","명","63","58","69","84","94","115",
"보은군","100+","남자인구수[명]","명","1","0","1","2","3","2",
"보은군","100+","여자인구수[명]","명","27","14","11","6","3","6",
"옥천군","0 - 4세","남자인구수[명]","명","531","474","417","377","338","350",
"옥천군","0 - 4세","여자인구수[명]","명","473","421","351","312","294","310",
"옥천군","5 - 9세","남자인구수[명]","명","820","761","696","645","577","541",
"옥천군","5 - 9세","여자인구수[명]","명","766","741","670","611","526","483",
"옥천군","10 - 14세","남자인구수[명]","명","988","997","943","903","884","837",
"옥천군","10 - 14세","여자인구수[명]","명","894","907","867","828","802","773",
"옥천군","15 - 19세","남자인구수[명]","명","1074","1006","1001","987","966","1011",
"옥천군","15 - 19세","여자인구수[명]","명","928","853","871","876","879","899",
"옥천군","20 - 24세","남자인구수[명]","명","1388","1301","1163","1149","1058","1003",
"옥천군","20 - 24세","여자인구수[명]","명","1082","976","887","834","782","723",
"옥천군","25 - 29세","남자인구수[명]","명","1129","1036","1076","1021","985","1046",
"옥천군","25 - 29세","여자인구수[명]","명","813","798","780","757","767","840",
"옥천군","30 - 34세","남자인구수[명]","명","861","849","817","847","832","928",
"옥천군","30 - 34세","여자인구수[명]","명","741","733","694","684","649","754",
"옥천군","35 - 39세","남자인구수[명]","명","1162","1050","928","849","810","878",
"옥천군","35 - 39세","여자인구수[명]","명","1113","1049","934","839","786","766",
"옥천군","40 - 44세","남자인구수[명]","명","1451","1437","1413","1351","1254","1198",
"옥천군","40 - 44세","여자인구수[명]","명","1268","1267","1296","1245","1207","1170",
"옥천군","45 - 49세","남자인구수[명]","명","1915","1801","1709","1585","1522","1521",
"옥천군","45 - 49세","여자인구수[명]","명","1619","1520","1480","1388","1314","1356",
"옥천군","50 - 54세","남자인구수[명]","명","2211","2256","2193","2182","2060","2077",
"옥천군","50 - 54세","여자인구수[명]","명","1937","2004","1894","1815","1718","1812",
"옥천군","55 - 59세","남자인구수[명]","명","2588","2491","2355","2375","2364","2464",
"옥천군","55 - 59세","여자인구수[명]","명","2226","2067","2052","2175","2191","2219",
"옥천군","60 - 64세","남자인구수[명]","명","2826","2945","3006","2928","2886","2929",
"옥천군","60 - 64세","여자인구수[명]","명","2643","2772","2762","2663","2537","2542",
"옥천군","65 - 69세","남자인구수[명]","명","2197","2396","2588","2729","2814","3014",
"옥천군","65 - 69세","여자인구수[명]","명","2189","2334","2443","2526","2627","2824",
"옥천군","70 - 74세","남자인구수[명]","명","1685","1781","1912","1984","2070","2197",
"옥천군","70 - 74세","여자인구수[명]","명","1658","1715","1847","1890","1990","2182",
"옥천군","75 - 79세","남자인구수[명]","명","1246","1199","1167","1195","1347","1497",
"옥천군","75 - 79세","여자인구수[명]","명","1769","1667","1491","1465","1484","1574",
"옥천군","80 - 84세","남자인구수[명]","명","830","860","933","960","935","933",
"옥천군","80 - 84세","여자인구수[명]","명","1456","1464","1641","1624","1546","1520",
"옥천군","85 - 89세","남자인구수[명]","명","435","455","492","472","496","500",
"옥천군","85 - 89세","여자인구수[명]","명","1019","1086","1093","1095","1126","1041",
"옥천군","90 - 94세","남자인구수[명]","명","123","121","141","148","150","184",
"옥천군","90 - 94세","여자인구수[명]","명","354","386","396","438","481","550",
"옥천군","95 - 99세","남자인구수[명]","명","23","25","23","28","33","34",
"옥천군","95 - 99세","여자인구수[명]","명","69","79","83","90","96","102",
"옥천군","100+","남자인구수[명]","명","6","1","1","3","3","3",
"옥천군","100+","여자인구수[명]","명","21","12","14","18","18","16",
"영동군","0 - 4세","남자인구수[명]","명","561","460","387","328","311","299",
"영동군","0 - 4세","여자인구수[명]","명","490","415","340","293","258","260",
"영동군","5 - 9세","남자인구수[명]","명","629","608","533","504","438","385",
"영동군","5 - 9세","여자인구수[명]","명","656","604","547","499","435","384",
"영동군","10 - 14세","남자인구수[명]","명","825","811","778","736","692","623",
"영동군","10 - 14세","여자인구수[명]","명","708","704","693","668","644","624",
"영동군","15 - 19세","남자인구수[명]","명","941","857","808","779","766","798",
"영동군","15 - 19세","여자인구수[명]","명","916","823","786","737","713","676",
"영동군","20 - 24세","남자인구수[명]","명","1446","1215","1097","995","904","772",
"영동군","20 - 24세","여자인구수[명]","명","1268","1023","888","764","712","694",
"영동군","25 - 29세","남자인구수[명]","명","1053","924","904","869","834","870",
"영동군","25 - 29세","여자인구수[명]","명","686","652","669","678","636","606",
"영동군","30 - 34세","남자인구수[명]","명","756","705","714","719","750","787",
"영동군","30 - 34세","여자인구수[명]","명","677","604","547","549","537","566",
"영동군","35 - 39세","남자인구수[명]","명","970","867","772","732","689","663",
"영동군","35 - 39세","여자인구수[명]","명","868","787","689","640","603","586",
"영동군","40 - 44세","남자인구수[명]","명","1155","1094","1065","1030","961","885",
"영동군","40 - 44세","여자인구수[명]","명","1058","1003","976","938","851","767",
"영동군","45 - 49세","남자인구수[명]","명","1752","1577","1499","1318","1257","1156",
"영동군","45 - 49세","여자인구수[명]","명","1397","1282","1202","1088","1069","1029",
"영동군","50 - 54세","남자인구수[명]","명","2127","2064","2002","1968","1878","1777",
"영동군","50 - 54세","여자인구수[명]","명","1763","1717","1659","1576","1479","1391",
"영동군","55 - 59세","남자인구수[명]","명","2386","2262","2237","2282","2292","2276",
"영동군","55 - 59세","여자인구수[명]","명","2210","2045","1960","2015","2002","1933",
"영동군","60 - 64세","남자인구수[명]","명","2594","2788","2795","2705","2686","2637",
"영동군","60 - 64세","여자인구수[명]","명","2501","2587","2642","2624","2529","2386",
"영동군","65 - 69세","남자인구수[명]","명","2097","2257","2458","2580","2704","2747",
"영동군","65 - 69세","여자인구수[명]","명","2009","2135","2234","2328","2452","2581",
"영동군","70 - 74세","남자인구수[명]","명","1545","1543","1625","1709","1801","2020",
"영동군","70 - 74세","여자인구수[명]","명","1757","1774","1850","1848","1863","1966",
"영동군","75 - 79세","남자인구수[명]","명","1307","1269","1183","1223","1289","1356",
"영동군","75 - 79세","여자인구수[명]","명","1902","1779","1562","1557","1566","1632",
"영동군","80 - 84세","남자인구수[명]","명","938","952","1031","1042","996","959",
"영동군","80 - 84세","여자인구수[명]","명","1604","1611","1728","1703","1641","1584",
"영동군","85 - 89세","남자인구수[명]","명","411","442","463","489","524","528",
"영동군","85 - 89세","여자인구수[명]","명","948","990","1043","1064","1134","1089",
"영동군","90 - 94세","남자인구수[명]","명","99","96","111","115","136","157",
"영동군","90 - 94세","여자인구수[명]","명","328","341","360","384","387","449",
"영동군","95 - 99세","남자인구수[명]","명","21","17","22","23","24","16",
"영동군","95 - 99세","여자인구수[명]","명","76","74","78","80","90","101",
"영동군","100+","남자인구수[명]","명","11","2","2","0","1","1",
"영동군","100+","여자인구수[명]","명","29","13","17","16","17","16",
"증평군","0 - 4세","남자인구수[명]","명","753","621","568","559","527","471",
"증평군","0 - 4세","여자인구수[명]","명","671","579","556","496","464","464",
"증평군","5 - 9세","남자인구수[명]","명","926","914","852","796","738","682",
"증평군","5 - 9세","여자인구수[명]","명","892","833","800","782","713","631",
"증평군","10 - 14세","남자인구수[명]","명","893","942","952","940","922","861",
"증평군","10 - 14세","여자인구수[명]","명","828","851","859","843","863","835",
"증평군","15 - 19세","남자인구수[명]","명","846","801","823","851","865","870",
"증평군","15 - 19세","여자인구수[명]","명","781","743","770","747","738","766",
"증평군","20 - 24세","남자인구수[명]","명","1179","1165","1100","1004","916","882",
"증평군","20 - 24세","여자인구수[명]","명","943","878","816","767","677","611",
"증평군","25 - 29세","남자인구수[명]","명","1455","1465","1512","1448","1350","1256",
"증평군","25 - 29세","여자인구수[명]","명","939","904","1018","1032","954","883",
"증평군","30 - 34세","남자인구수[명]","명","1212","1115","1237","1334","1397","1402",
"증평군","30 - 34세","여자인구수[명]","명","961","880","929","991","1013","1026",
"증평군","35 - 39세","남자인구수[명]","명","1432","1340","1294","1231","1178","1139",
"증평군","35 - 39세","여자인구수[명]","명","1148","1073","1045","989","974","938",
"증평군","40 - 44세","남자인구수[명]","명","1440","1416","1465","1539","1479","1408",
"증평군","40 - 44세","여자인구수[명]","명","1248","1258","1272","1267","1212","1135",
"증평군","45 - 49세","남자인구수[명]","명","1579","1508","1533","1467","1399","1426",
"증평군","45 - 49세","여자인구수[명]","명","1323","1260","1295","1233","1206","1228",
"증평군","50 - 54세","남자인구수[명]","명","1635","1655","1669","1654","1664","1616",
"증평군","50 - 54세","여자인구수[명]","명","1454","1506","1506","1497","1451","1374",
"증평군","55 - 59세","남자인구수[명]","명","1527","1531","1550","1649","1689","1686",
"증평군","55 - 59세","여자인구수[명]","명","1398","1346","1391","1509","1546","1535",
"증평군","60 - 64세","남자인구수[명]","명","1490","1566","1641","1650","1645","1597",
"증평군","60 - 64세","여자인구수[명]","명","1438","1494","1545","1515","1547","1501",
"증평군","65 - 69세","남자인구수[명]","명","1009","1142","1227","1330","1415","1531",
"증평군","65 - 69세","여자인구수[명]","명","1053","1192","1298","1384","1427","1496",
"증평군","70 - 74세","남자인구수[명]","명","679","701","788","819","909","980",
"증평군","70 - 74세","여자인구수[명]","명","724","735","817","882","958","1049",
"증평군","75 - 79세","남자인구수[명]","명","522","533","546","601","608","627",
"증평군","75 - 79세","여자인구수[명]","명","752","732","711","702","714","725",
"증평군","80 - 84세","남자인구수[명]","명","375","380","405","402","402","409",
"증평군","80 - 84세","여자인구수[명]","명","597","608","665","684","664","661",
"증평군","85 - 89세","남자인구수[명]","명","128","153","188","202","216","220",
"증평군","85 - 89세","여자인구수[명]","명","391","410","415","447","464","443",
"증평군","90 - 94세","남자인구수[명]","명","39","39","29","39","42","58",
"증평군","90 - 94세","여자인구수[명]","명","105","123","135","164","182","214",
"증평군","95 - 99세","남자인구수[명]","명","6","6","8","7","8","7",
"증평군","95 - 99세","여자인구수[명]","명","26","25","30","27","30","32",
"증평군","100+","남자인구수[명]","명","4","0","0","1","1","1",
"증평군","100+","여자인구수[명]","명","6","3","2","3","4","4",
"진천군","0 - 4세","남자인구수[명]","명","1755","1629","1555","1430","1360","1257",
"진천군","0 - 4세","여자인구수[명]","명","1605","1471","1336","1232","1219","1141",
"진천군","5 - 9세","남자인구수[명]","명","2238","2169","2083","2004","1949","1766",
"진천군","5 - 9세","여자인구수[명]","명","2130","2120","2025","1889","1819","1610",
"진천군","10 - 14세","남자인구수[명]","명","2196","2292","2276","2204","2243","2227",
"진천군","10 - 14세","여자인구수[명]","명","2043","2115","2114","2140","2197","2162",
"진천군","15 - 19세","남자인구수[명]","명","2038","2047","2108","2185","2105","2237",
"진천군","15 - 19세","여자인구수[명]","명","1815","1899","1937","1927","1901","2041",
"진천군","20 - 24세","남자인구수[명]","명","2395","2377","2352","2186","2058","1899",
"진천군","20 - 24세","여자인구수[명]","명","1905","1821","1704","1590","1483","1363",
"진천군","25 - 29세","남자인구수[명]","명","2930","2977","2966","2854","2657","2540",
"진천군","25 - 29세","여자인구수[명]","명","1996","2048","2072","2011","1864","1834",
"진천군","30 - 34세","남자인구수[명]","명","2775","2893","3100","3168","3179","3154",
"진천군","30 - 34세","여자인구수[명]","명","2178","2234","2249","2209","2295","2254",
"진천군","35 - 39세","남자인구수[명]","명","3515","3410","3144","2971","2980","2963",
"진천군","35 - 39세","여자인구수[명]","명","3051","2861","2682","2552","2518","2407",
"진천군","40 - 44세","남자인구수[명]","명","3682","3723","3936","4011","3860","3635",
"진천군","40 - 44세","여자인구수[명]","명","3126","3283","3307","3397","3335","3174",
"진천군","45 - 49세","남자인구수[명]","명","3729","3779","3822","3791","3843","3916",
"진천군","45 - 49세","여자인구수[명]","명","3025","3042","3173","3093","3139","3239",
"진천군","50 - 54세","남자인구수[명]","명","3822","3942","3990","4025","4030","4027",
"진천군","50 - 54세","여자인구수[명]","명","3155","3261","3235","3235","3219","3237",
"진천군","55 - 59세","남자인구수[명]","명","3671","3693","3726","3949","4072","4046",
"진천군","55 - 59세","여자인구수[명]","명","3085","3016","3043","3249","3336","3440",
"진천군","60 - 64세","남자인구수[명]","명","3184","3487","3673","3724","3795","3946",
"진천군","60 - 64세","여자인구수[명]","명","2912","3160","3253","3295","3314","3283",
"진천군","65 - 69세","남자인구수[명]","명","2100","2380","2621","2854","3081","3305",
"진천군","65 - 69세","여자인구수[명]","명","2158","2368","2541","2658","2838","3039",
"진천군","70 - 74세","남자인구수[명]","명","1478","1496","1617","1694","1800","2046",
"진천군","70 - 74세","여자인구수[명]","명","1480","1532","1639","1748","1921","2125",
"진천군","75 - 79세","남자인구수[명]","명","1046","1063","1079","1153","1247","1281",
"진천군","75 - 79세","여자인구수[명]","명","1528","1432","1359","1369","1369","1431",
"진천군","80 - 84세","남자인구수[명]","명","863","868","891","855","824","803",
"진천군","80 - 84세","여자인구수[명]","명","1428","1424","1484","1442","1355","1325",
"진천군","85 - 89세","남자인구수[명]","명","327","388","429","466","499","537",
"진천군","85 - 89세","여자인구수[명]","명","869","974","1065","1095","1146","1114",
"진천군","90 - 94세","남자인구수[명]","명","74","87","100","111","125","138",
"진천군","90 - 94세","여자인구수[명]","명","306","319","355","377","444","509",
"진천군","95 - 99세","남자인구수[명]","명","13","10","14","15","16","18",
"진천군","95 - 99세","여자인구수[명]","명","72","72","76","89","92","97",
"진천군","100+","남자인구수[명]","명","5","5","6","2","0","0",
"진천군","100+","여자인구수[명]","명","15","9","10","5","10","14",
"괴산군","0 - 4세","남자인구수[명]","명","290","240","224","217","212","228",
"괴산군","0 - 4세","여자인구수[명]","명","248","233","223","211","203","218",
"괴산군","5 - 9세","남자인구수[명]","명","385","387","382","364","327","352",
"괴산군","5 - 9세","여자인구수[명]","명","423","388","381","332","294","320",
"괴산군","10 - 14세","남자인구수[명]","명","488","453","450","439","433","442",
"괴산군","10 - 14세","여자인구수[명]","명","499","484","453","448","407","429",
"괴산군","15 - 19세","남자인구수[명]","명","639","541","499","479","447","539",
"괴산군","15 - 19세","여자인구수[명]","명","535","464","435","429","457","490",
"괴산군","20 - 24세","남자인구수[명]","명","1036","840","727","662","642","651",
"괴산군","20 - 24세","여자인구수[명]","명","761","624","520","440","445","484",
"괴산군","25 - 29세","남자인구수[명]","명","920","776","661","617","602","705",
"괴산군","25 - 29세","여자인구수[명]","명","591","517","446","437","408","501",
"괴산군","30 - 34세","남자인구수[명]","명","675","615","569","576","549","627",
"괴산군","30 - 34세","여자인구수[명]","명","514","425","439","398","410","481",
"괴산군","35 - 39세","남자인구수[명]","명","791","690","632","599","555","623",
"괴산군","35 - 39세","여자인구수[명]","명","650","561","501","481","419","476",
"괴산군","40 - 44세","남자인구수[명]","명","969","893","868","850","790","788",
"괴산군","40 - 44세","여자인구수[명]","명","767","742","717","699","633","666",
"괴산군","45 - 49세","남자인구수[명]","명","1389","1268","1131","1026","975","1004",
"괴산군","45 - 49세","여자인구수[명]","명","980","853","815","750","743","815",
"괴산군","50 - 54세","남자인구수[명]","명","1892","1779","1677","1573","1491","1484",
"괴산군","50 - 54세","여자인구수[명]","명","1502","1400","1257","1172","1066","1119",
"괴산군","55 - 59세","남자인구수[명]","명","2276","2203","2075","2052","2023","2080",
"괴산군","55 - 59세","여자인구수[명]","명","2020","1931","1794","1783","1774","1825",
"괴산군","60 - 64세","남자인구수[명]","명","2709","2868","2821","2712","2643","2668",
"괴산군","60 - 64세","여자인구수[명]","명","2287","2385","2411","2368","2280","2330",
"괴산군","65 - 69세","남자인구수[명]","명","1916","2188","2329","2586","2732","2905",
"괴산군","65 - 69세","여자인구수[명]","명","1915","2053","2082","2193","2223","2417",
"괴산군","70 - 74세","남자인구수[명]","명","1444","1483","1573","1600","1720","1914",
"괴산군","70 - 74세","여자인구수[명]","명","1371","1378","1453","1531","1684","1895",
"괴산군","75 - 79세","남자인구수[명]","명","1119","1049","1080","1134","1234","1287",
"괴산군","75 - 79세","여자인구수[명]","명","1573","1435","1299","1247","1234","1251",
"괴산군","80 - 84세","남자인구수[명]","명","839","874","884","855","826","854",
"괴산군","80 - 84세","여자인구수[명]","명","1332","1365","1416","1409","1354","1318",
"괴산군","85 - 89세","남자인구수[명]","명","338","357","383","418","453","478",
"괴산군","85 - 89세","여자인구수[명]","명","828","881","925","927","938","972",
"괴산군","90 - 94세","남자인구수[명]","명","84","91","100","95","110","124",
"괴산군","90 - 94세","여자인구수[명]","명","286","317","347","383","400","415",
"괴산군","95 - 99세","남자인구수[명]","명","18","14","13","18","17","17",
"괴산군","95 - 99세","여자인구수[명]","명","64","62","49","71","86","85",
"괴산군","100+","남자인구수[명]","명","8","3","4","0","1","1",
"괴산군","100+","여자인구수[명]","명","22","12","10","9","12","15",
"음성군","0 - 4세","남자인구수[명]","명","1232","1065","986","869","795","904",
"음성군","0 - 4세","여자인구수[명]","명","1178","1021","927","876","810","882",
"음성군","5 - 9세","남자인구수[명]","명","1838","1737","1595","1477","1337","1232",
"음성군","5 - 9세","여자인구수[명]","명","1646","1584","1508","1327","1234","1150",
"음성군","10 - 14세","남자인구수[명]","명","1885","1919","1935","1921","1844","1840",
"음성군","10 - 14세","여자인구수[명]","명","1773","1740","1700","1672","1614","1650",
"음성군","15 - 19세","남자인구수[명]","명","2073","1956","1907","1848","1919","2034",
"음성군","15 - 19세","여자인구수[명]","명","1916","1779","1719","1695","1733","1798",
"음성군","20 - 24세","남자인구수[명]","명","2671","2486","2287","2056","1949","1843",
"음성군","20 - 24세","여자인구수[명]","명","2017","1913","1778","1621","1533","1439",
"음성군","25 - 29세","남자인구수[명]","명","2878","2800","2713","2642","2644","2823",
"음성군","25 - 29세","여자인구수[명]","명","1934","1962","1992","1898","1897","1999",
"음성군","30 - 34세","남자인구수[명]","명","2502","2482","2552","2686","2820","3097",
"음성군","30 - 34세","여자인구수[명]","명","1826","1735","1760","1851","1887","2116",
"음성군","35 - 39세","남자인구수[명]","명","2936","2715","2598","2417","2358","2542",
"음성군","35 - 39세","여자인구수[명]","명","2410","2188","2014","1868","1808","1889",
"음성군","40 - 44세","남자인구수[명]","명","3465","3410","3377","3279","3144","3137",
"음성군","40 - 44세","여자인구수[명]","명","2771","2782","2809","2713","2528","2473",
"음성군","45 - 49세","남자인구수[명]","명","4281","4055","3957","3672","3563","3664",
"음성군","45 - 49세","여자인구수[명]","명","3248","3096","3041","2819","2783","2956",
"음성군","50 - 54세","남자인구수[명]","명","4865","4805","4807","4756","4603","4625",
"음성군","50 - 54세","여자인구수[명]","명","3809","3796","3721","3653","3521","3610",
"음성군","55 - 59세","남자인구수[명]","명","5019","4857","4747","4934","5086","5187",
"음성군","55 - 59세","여자인구수[명]","명","4045","3937","3917","4075","4137","4246",
"음성군","60 - 64세","남자인구수[명]","명","4816","5218","5428","5363","5370","5397",
"음성군","60 - 64세","여자인구수[명]","명","4141","4376","4475","4372","4351","4384",
"음성군","65 - 69세","남자인구수[명]","명","3245","3637","3854","4133","4481","4870",
"음성군","65 - 69세","여자인구수[명]","명","3053","3349","3529","3869","4087","4260",
"음성군","70 - 74세","남자인구수[명]","명","2132","2170","2416","2558","2743","3075",
"음성군","70 - 74세","여자인구수[명]","명","2169","2210","2365","2430","2648","3021",
"음성군","75 - 79세","남자인구수[명]","명","1753","1707","1688","1758","1815","1873",
"음성군","75 - 79세","여자인구수[명]","명","2176","2062","1990","1959","1974","2013",
"음성군","80 - 84세","남자인구수[명]","명","1096","1160","1296","1320","1294","1306",
"음성군","80 - 84세","여자인구수[명]","명","1898","1945","2032","2003","1952","1852",
"음성군","85 - 89세","남자인구수[명]","명","491","535","541","595","648","666",
"음성군","85 - 89세","여자인구수[명]","명","1184","1245","1307","1371","1394","1388",
"음성군","90 - 94세","남자인구수[명]","명","145","133","133","136","164","196",
"음성군","90 - 94세","여자인구수[명]","명","439","475","501","517","565","627",
"음성군","95 - 99세","남자인구수[명]","명","38","30","23","27","33","32",
"음성군","95 - 99세","여자인구수[명]","명","100","106","108","123","141","152",
"음성군","100+","남자인구수[명]","명","27","6","9","7","8","10",
"음성군","100+","여자인구수[명]","명","32","13","16","17","21","22",
"단양군","0 - 4세","남자인구수[명]","명","242","225","198","171","145","138",
"단양군","0 - 4세","여자인구수[명]","명","236","202","194","181","165","150",
"단양군","5 - 9세","남자인구수[명]","명","385","344","310","306","279","236",
"단양군","5 - 9세","여자인구수[명]","명","338","315","272","271","267","230",
"단양군","10 - 14세","남자인구수[명]","명","477","467","440","431","418","401",
"단양군","10 - 14세","여자인구수[명]","명","432","409","371","350","327","323",
"단양군","15 - 19세","남자인구수[명]","명","589","532","521","502","465","439",
"단양군","15 - 19세","여자인구수[명]","명","503","452","431","428","422","387",
"단양군","20 - 24세","남자인구수[명]","명","706","623","547","495","467","424",
"단양군","20 - 24세","여자인구수[명]","명","511","468","428","371","330","302",
"단양군","25 - 29세","남자인구수[명]","명","619","560","549","554","526","497",
"단양군","25 - 29세","여자인구수[명]","명","409","400","366","369","343","334",
"단양군","30 - 34세","남자인구수[명]","명","495","459","446","452","461","460",
"단양군","30 - 34세","여자인구수[명]","명","390","354","349","371","356","336",
"단양군","35 - 39세","남자인구수[명]","명","579","517","486","473","464","437",
"단양군","35 - 39세","여자인구수[명]","명","554","476","428","404","381","362",
"단양군","40 - 44세","남자인구수[명]","명","767","715","694","653","606","555",
"단양군","40 - 44세","여자인구수[명]","명","605","605","593","574","536","503",
"단양군","45 - 49세","남자인구수[명]","명","1061","968","855","786","764","732",
"단양군","45 - 49세","여자인구수[명]","명","892","772","717","671","626","606",
"단양군","50 - 54세","남자인구수[명]","명","1362","1286","1285","1269","1160","1054",
"단양군","50 - 54세","여자인구수[명]","명","1161","1136","1069","1030","976","913",
"단양군","55 - 59세","남자인구수[명]","명","1674","1567","1486","1487","1490","1475",
"단양군","55 - 59세","여자인구수[명]","명","1471","1357","1302","1327","1296","1191",
"단양군","60 - 64세","남자인구수[명]","명","1866","1965","1923","1923","1884","1834",
"단양군","60 - 64세","여자인구수[명]","명","1805","1871","1851","1789","1707","1623",
"단양군","65 - 69세","남자인구수[명]","명","1393","1572","1690","1805","1898","1941",
"단양군","65 - 69세","여자인구수[명]","명","1290","1411","1507","1619","1713","1816",
"단양군","70 - 74세","남자인구수[명]","명","961","976","1062","1081","1159","1292",
"단양군","70 - 74세","여자인구수[명]","명","1077","1056","1095","1105","1163","1277",
"단양군","75 - 79세","남자인구수[명]","명","776","715","733","778","846","853",
"단양군","75 - 79세","여자인구수[명]","명","1082","1030","974","988","965","981",
"단양군","80 - 84세","남자인구수[명]","명","535","556","579","605","595","578",
"단양군","80 - 84세","여자인구수[명]","명","900","889","929","929","932","877",
"단양군","85 - 89세","남자인구수[명]","명","212","238","244","243","260","275",
"단양군","85 - 89세","여자인구수[명]","명","489","541","549","585","613","612",
"단양군","90 - 94세","남자인구수[명]","명","59","65","64","64","68","74",
"단양군","90 - 94세","여자인구수[명]","명","175","189","185","205","216","215",
"단양군","95 - 99세","남자인구수[명]","명","15","8","6","8","10","11",
"단양군","95 - 99세","여자인구수[명]","명","40","29","27","39","43","59",
"단양군","100+","남자인구수[명]","명","9","2","2","1","2","1",
"단양군","100+","여자인구수[명]","명","13","9","10","8","8","8",
"충청남도","0 - 4세","남자인구수[명]","명","37388","34043","31402","29326","27771","26754",
"충청남도","0 - 4세","여자인구수[명]","명","35685","32351","29909","27787","26239","25353",
"충청남도","5 - 9세","남자인구수[명]","명","51040","49276","46690","44387","41696","38085",
"충청남도","5 - 9세","여자인구수[명]","명","48515","47056","44497","42271","39610","36288",
"충청남도","10 - 14세","남자인구수[명]","명","52490","53308","53244","52748","52493","51796",
"충청남도","10 - 14세","여자인구수[명]","명","48686","49538","49843","49465","49441","48999",
"충청남도","15 - 19세","남자인구수[명]","명","52700","50857","51500","51745","51695","52840",
"충청남도","15 - 19세","여자인구수[명]","명","48672","46970","47712","48099","48158","49038",
"충청남도","20 - 24세","남자인구수[명]","명","65843","63412","60813","58166","56008","52099",
"충청남도","20 - 24세","여자인구수[명]","명","55171","53441","50564","48989","47352","44438",
"충청남도","25 - 29세","남자인구수[명]","명","68365","68362","67580","67340","66151","65160",
"충청남도","25 - 29세","여자인구수[명]","명","53821","53082","52182","51163","50757","50480",
"충청남도","30 - 34세","남자인구수[명]","명","65196","65184","66643","68152","70273","71704",
"충청남도","30 - 34세","여자인구수[명]","명","54498","53992","54535","55500","56071","56649",
"충청남도","35 - 39세","남자인구수[명]","명","79402","74803","70478","68247","67684","67107",
"충청남도","35 - 39세","여자인구수[명]","명","69502","65586","61779","59200","58311","57095",
"충청남도","40 - 44세","남자인구수[명]","명","83536","85588","87288","88036","85367","81536",
"충청남도","40 - 44세","여자인구수[명]","명","73298","74655","76220","77592","74925","71507",
"충청남도","45 - 49세","남자인구수[명]","명","91173","87797","86600","84344","83800","85765",
"충청남도","45 - 49세","여자인구수[명]","명","79784","77379","76893","74024","73907","74896",
"충청남도","50 - 54세","남자인구수[명]","명","90791","94594","95824","96249","95984","93709",
"충청남도","50 - 54세","여자인구수[명]","명","79908","83211","83225","83448","82913","82053",
"충청남도","55 - 59세","남자인구수[명]","명","88885","86205","85677","89695","91852","93336",
"충청남도","55 - 59세","여자인구수[명]","명","80599","76581","76936","80701","82608","83277",
"충청남도","60 - 64세","남자인구수[명]","명","81422","87563","91234","92115","93129","91764",
"충청남도","60 - 64세","여자인구수[명]","명","79471","84444","86874","86796","86731","84331",
"충청남도","65 - 69세","남자인구수[명]","명","58153","63020","67547","73040","77942","82749",
"충청남도","65 - 69세","여자인구수[명]","명","60326","64774","68079","73131","77312","81713",
"충청남도","70 - 74세","남자인구수[명]","명","45026","46516","48269","48756","51518","56435",
"충청남도","70 - 74세","여자인구수[명]","명","48875","50399","52188","52603","55569","60034",
"충청남도","75 - 79세","남자인구수[명]","명","32581","32555","32837","35312","37851","40722",
"충청남도","75 - 79세","여자인구수[명]","명","44957","42597","40653","41953","43369","46462",
"충청남도","80 - 84세","남자인구수[명]","명","23482","23909","25732","25639","25484","25444",
"충청남도","80 - 84세","여자인구수[명]","명","39802","40399","42888","41916","40687","39415",
"충청남도","85 - 89세","남자인구수[명]","명","11573","12665","13156","13727","14366","14371",
"충청남도","85 - 89세","여자인구수[명]","명","25108","27200","27972","29293","30485","29927",
"충청남도","90 - 94세","남자인구수[명]","명","2840","3117","3491","3894","4321","4892",
"충청남도","90 - 94세","여자인구수[명]","명","8869","9714","10821","11672","12770","14253",
"충청남도","95 - 99세","남자인구수[명]","명","544","527","574","584","667","716",
"충청남도","95 - 99세","여자인구수[명]","명","2131","2170","2251","2520","2819","3094",
"충청남도","100+","남자인구수[명]","명","204","65","53","68","76","75",
"충청남도","100+","여자인구수[명]","명","717","352","384","426","412","392",
"천안시","0 - 4세","남자인구수[명]","명","13991","12749","11504","10318","9716","9446",
"천안시","0 - 4세","여자인구수[명]","명","13250","11977","10912","9740","9214","8985",
"천안시","5 - 9세","남자인구수[명]","명","17793","17305","16290","15289","14316","13029",
"천안시","5 - 9세","여자인구수[명]","명","17122","16668","15519","14519","13464","12322",
"천안시","10 - 14세","남자인구수[명]","명","17727","17955","17838","17582","17544","17419",
"천안시","10 - 14세","여자인구수[명]","명","16344","16746","16837","16699","16744","16599",
"천안시","15 - 19세","남자인구수[명]","명","17705","17112","17199","17218","17169","17460",
"천안시","15 - 19세","여자인구수[명]","명","16621","15842","16057","16043","16044","16517",
"천안시","20 - 24세","남자인구수[명]","명","23788","22990","22264","21409","20669","19574",
"천안시","20 - 24세","여자인구수[명]","명","21901","21521","20433","20017","19431","18496",
"천안시","25 - 29세","남자인구수[명]","명","26972","27092","26676","26481","26077","25815",
"천안시","25 - 29세","여자인구수[명]","명","23926","23510","22647","21761","21461","21473",
"천안시","30 - 34세","남자인구수[명]","명","26206","26039","26372","26397","27414","28350",
"천안시","30 - 34세","여자인구수[명]","명","22762","22572","22652","22557","22708","23227",
"천안시","35 - 39세","남자인구수[명]","명","29831","28475","26869","25620","25340","25213",
"천안시","35 - 39세","여자인구수[명]","명","26657","25210","23706","22356","21946","21578",
"천안시","40 - 44세","남자인구수[명]","명","28967","29969","30658","30812","30043","28830",
"천안시","40 - 44세","여자인구수[명]","명","26168","26610","27243","27774","26864","25836",
"천안시","45 - 49세","남자인구수[명]","명","28824","28057","27827","27347","27546","28738",
"천안시","45 - 49세","여자인구수[명]","명","27943","27013","26665","25494","25542","25947",
"천안시","50 - 54세","남자인구수[명]","명","27775","28834","29337","29515","29683","29002",
"천안시","50 - 54세","여자인구수[명]","명","26748","27901","27915","28012","27976","27947",
"천안시","55 - 59세","남자인구수[명]","명","25155","24573","24496","25804","26708","27534",
"천안시","55 - 59세","여자인구수[명]","명","23360","22822","23387","24843","25975","26630",
"천안시","60 - 64세","남자인구수[명]","명","19983","21970","23425","23879","24610","24615",
"천안시","60 - 64세","여자인구수[명]","명","19138","20884","22065","22598","23238","23378",
"천안시","65 - 69세","남자인구수[명]","명","12162","13391","14519","16010","17664","19409",
"천안시","65 - 69세","여자인구수[명]","명","12359","13614","14550","16086","17718","19354",
"천안시","70 - 74세","남자인구수[명]","명","8107","8408","9050","9319","10135","11549",
"천안시","70 - 74세","여자인구수[명]","명","9061","9391","9921","10132","10987","12352",
"천안시","75 - 79세","남자인구수[명]","명","5473","5639","5863","6384","6847","7367",
"천안시","75 - 79세","여자인구수[명]","명","7476","7321","7301","7737","8078","8740",
"천안시","80 - 84세","남자인구수[명]","명","3614","3776","4087","4177","4266","4344",
"천안시","80 - 84세","여자인구수[명]","명","6221","6397","6815","6821","6798","6705",
"천안시","85 - 89세","남자인구수[명]","명","1592","1747","1884","1999","2151","2292",
"천안시","85 - 89세","여자인구수[명]","명","3693","3994","4174","4438","4709","4804",
"천안시","90 - 94세","남자인구수[명]","명","411","441","464","513","599","670",
"천안시","90 - 94세","여자인구수[명]","명","1359","1491","1615","1703","1919","2166",
"천안시","95 - 99세","남자인구수[명]","명","99","79","86","86","102","100",
"천안시","95 - 99세","여자인구수[명]","명","349","334","366","390","432","443",
"천안시","100+","남자인구수[명]","명","46","11","8","10","14","8",
"천안시","100+","여자인구수[명]","명","129","56","63","70","59","59",
"공주시","0 - 4세","남자인구수[명]","명","1208","1055","968","920","860","778",
"공주시","0 - 4세","여자인구수[명]","명","1124","1021","930","873","757","683",
"공주시","5 - 9세","남자인구수[명]","명","1792","1706","1531","1368","1234","1094",
"공주시","5 - 9세","여자인구수[명]","명","1649","1522","1403","1283","1184","1031",
"공주시","10 - 14세","남자인구수[명]","명","1980","1943","1922","1896","1849","1749",
"공주시","10 - 14세","여자인구수[명]","명","1845","1828","1770","1717","1671","1619",
"공주시","15 - 19세","남자인구수[명]","명","2240","2129","2219","2223","2234","2232",
"공주시","15 - 19세","여자인구수[명]","명","2094","2011","2060","2044","2096","2076",
"공주시","20 - 24세","남자인구수[명]","명","3237","3033","3046","2970","2908","2678",
"공주시","20 - 24세","여자인구수[명]","명","2882","2796","2878","3056","3177","3182",
"공주시","25 - 29세","남자인구수[명]","명","2994","2880","2830","2784","2543","2496",
"공주시","25 - 29세","여자인구수[명]","명","2163","2195","2133","2111","1998","1901",
"공주시","30 - 34세","남자인구수[명]","명","2376","2336","2307","2320","2449","2404",
"공주시","30 - 34세","여자인구수[명]","명","1972","1863","1858","1825","1828","1789",
"공주시","35 - 39세","남자인구수[명]","명","2687","2480","2333","2220","2126","2053",
"공주시","35 - 39세","여자인구수[명]","명","2454","2247","2066","1949","1900","1789",
"공주시","40 - 44세","남자인구수[명]","명","3166","3132","3033","2903","2784","2621",
"공주시","40 - 44세","여자인구수[명]","명","2807","2864","2798","2736","2582","2404",
"공주시","45 - 49세","남자인구수[명]","명","3873","3636","3503","3372","3211","3136",
"공주시","45 - 49세","여자인구수[명]","명","3470","3214","3125","2926","2828","2814",
"공주시","50 - 54세","남자인구수[명]","명","4467","4559","4392","4196","4047","3913",
"공주시","50 - 54세","여자인구수[명]","명","4056","4162","4032","3924","3762","3591",
"공주시","55 - 59세","남자인구수[명]","명","5033","4639","4575","4647","4656","4539",
"공주시","55 - 59세","여자인구수[명]","명","4889","4493","4345","4382","4305","4181",
"공주시","60 - 64세","남자인구수[명]","명","5216","5476","5564","5535","5401","5210",
"공주시","60 - 64세","여자인구수[명]","명","5196","5447","5498","5424","5173","4978",
"공주시","65 - 69세","남자인구수[명]","명","3985","4285","4540","4867","5143","5242",
"공주시","65 - 69세","여자인구수[명]","명","4027","4300","4510","4824","5124","5240",
"공주시","70 - 74세","남자인구수[명]","명","3072","3187","3340","3343","3498","3824",
"공주시","70 - 74세","여자인구수[명]","명","3103","3195","3362","3415","3605","3934",
"공주시","75 - 79세","남자인구수[명]","명","2192","2104","2089","2282","2495","2749",
"공주시","75 - 79세","여자인구수[명]","명","3111","2947","2640","2739","2746","2911",
"공주시","80 - 84세","남자인구수[명]","명","1622","1677","1787","1756","1711","1677",
"공주시","80 - 84세","여자인구수[명]","명","2797","2818","3007","2857","2770","2677",
"공주시","85 - 89세","남자인구수[명]","명","871","894","930","959","992","1013",
"공주시","85 - 89세","여자인구수[명]","명","1796","1899","1957","2033","2093","2030",
"공주시","90 - 94세","남자인구수[명]","명","229","250","262","306","341","358",
"공주시","90 - 94세","여자인구수[명]","명","629","705","814","879","927","1041",
"공주시","95 - 99세","남자인구수[명]","명","44","52","56","50","58","71",
"공주시","95 - 99세","여자인구수[명]","명","135","133","124","151","185","234",
"공주시","100+","남자인구수[명]","명","13","6","4","7","6","7",
"공주시","100+","여자인구수[명]","명","49","26","30","32","28","30",
"보령시","0 - 4세","남자인구수[명]","명","1279","1156","1049","985","900","820",
"보령시","0 - 4세","여자인구수[명]","명","1244","1105","1010","927","827","782",
"보령시","5 - 9세","남자인구수[명]","명","1806","1696","1575","1435","1316","1190",
"보령시","5 - 9세","여자인구수[명]","명","1808","1659","1558","1475","1285","1153",
"보령시","10 - 14세","남자인구수[명]","명","2038","2005","1970","1874","1816","1689",
"보령시","10 - 14세","여자인구수[명]","명","1938","1981","1907","1829","1792","1652",
"보령시","15 - 19세","남자인구수[명]","명","2268","2145","2070","2092","1942","1926",
"보령시","15 - 19세","여자인구수[명]","명","2051","1912","1878","1820","1780","1809",
"보령시","20 - 24세","남자인구수[명]","명","2960","2729","2468","2163","1996","1829",
"보령시","20 - 24세","여자인구수[명]","명","2117","1998","1845","1675","1518","1332",
"보령시","25 - 29세","남자인구수[명]","명","2638","2619","2514","2382","2235","2171",
"보령시","25 - 29세","여자인구수[명]","명","1813","1748","1767","1754","1651","1640",
"보령시","30 - 34세","남자인구수[명]","명","2227","2199","2228","2267","2221","2246",
"보령시","30 - 34세","여자인구수[명]","명","1847","1727","1671","1636","1589","1603",
"보령시","35 - 39세","남자인구수[명]","명","2894","2624","2392","2229","2079","1964",
"보령시","35 - 39세","여자인구수[명]","명","2493","2298","2145","1936","1819","1647",
"보령시","40 - 44세","남자인구수[명]","명","3416","3326","3266","3268","3032","2765",
"보령시","40 - 44세","여자인구수[명]","명","2807","2770","2713","2725","2538","2349",
"보령시","45 - 49세","남자인구수[명]","명","4234","3964","3799","3518","3330","3284",
"보령시","45 - 49세","여자인구수[명]","명","3488","3296","3146","2944","2810","2720",
"보령시","50 - 54세","남자인구수[명]","명","4440","4505","4453","4318","4282","4119",
"보령시","50 - 54세","여자인구수[명]","명","3672","3765","3724","3665","3569","3469",
"보령시","55 - 59세","남자인구수[명]","명","4729","4411","4312","4505","4423","4433",
"보령시","55 - 59세","여자인구수[명]","명","4371","3960","3841","3940","3882","3796",
"보령시","60 - 64세","남자인구수[명]","명","4738","5010","5097","5013","4982","4719",
"보령시","60 - 64세","여자인구수[명]","명","4702","4949","5018","4872","4705","4406",
"보령시","65 - 69세","남자인구수[명]","명","3670","3834","4117","4379","4525","4678",
"보령시","65 - 69세","여자인구수[명]","명","3977","4117","4231","4482","4617","4744",
"보령시","70 - 74세","남자인구수[명]","명","2934","3043","3101","3046","3164","3437",
"보령시","70 - 74세","여자인구수[명]","명","3345","3424","3480","3451","3584","3849",
"보령시","75 - 79세","남자인구수[명]","명","2085","2090","2101","2231","2411","2603",
"보령시","75 - 79세","여자인구수[명]","명","2915","2763","2734","2823","2905","3083",
"보령시","80 - 84세","남자인구수[명]","명","1527","1562","1657","1637","1638","1613",
"보령시","80 - 84세","여자인구수[명]","명","2524","2560","2715","2623","2564","2492",
"보령시","85 - 89세","남자인구수[명]","명","710","786","844","867","903","890",
"보령시","85 - 89세","여자인구수[명]","명","1528","1660","1688","1821","1877","1833",
"보령시","90 - 94세","남자인구수[명]","명","175","194","183","242","245","262",
"보령시","90 - 94세","여자인구수[명]","명","584","612","680","700","769","855",
"보령시","95 - 99세","남자인구수[명]","명","26","31","38","38","37","28",
"보령시","95 - 99세","여자인구수[명]","명","146","150","147","155","185","199",
"보령시","100+","남자인구수[명]","명","13","4","3","5","7","6",
"보령시","100+","여자인구수[명]","명","52","21","22","25","30","32",
"아산시","0 - 4세","남자인구수[명]","명","6990","6467","6340","6418","6210","6097",
"아산시","0 - 4세","여자인구수[명]","명","6725","6145","5937","5976","5861","5825",
"아산시","5 - 9세","남자인구수[명]","명","9929","9733","9625","9492","9255","8601",
"아산시","5 - 9세","여자인구수[명]","명","9302","9186","8994","8924","8721","8236",
"아산시","10 - 14세","남자인구수[명]","명","9419","9930","10312","10532","10742","10956",
"아산시","10 - 14세","여자인구수[명]","명","8970","9287","9799","9947","10116","10283",
"아산시","15 - 19세","남자인구수[명]","명","8304","8344","8852","9154","9360","9936",
"아산시","15 - 19세","여자인구수[명]","명","7767","7950","8335","8733","8970","9335",
"아산시","20 - 24세","남자인구수[명]","명","9690","9742","9630","9466","9506","9030",
"아산시","20 - 24세","여자인구수[명]","명","7989","8057","7867","7866","7946","7492",
"아산시","25 - 29세","남자인구수[명]","명","10641","11168","11429","11803","12179","11983",
"아산시","25 - 29세","여자인구수[명]","명","8271","8536","8688","8892","9190","9205",
"아산시","30 - 34세","남자인구수[명]","명","10844","11443","12177","13103","13712","13985",
"아산시","30 - 34세","여자인구수[명]","명","9448","9795","10307","11128","11530","11692",
"아산시","35 - 39세","남자인구수[명]","명","15051","14340","13825","14006","14272","14131",
"아산시","35 - 39세","여자인구수[명]","명","13077","12694","12350","12546","12675","12579",
"아산시","40 - 44세","남자인구수[명]","명","15699","16704","17675","18245","17975","17416",
"아산시","40 - 44세","여자인구수[명]","명","13268","13986","14899","15605","15478","15105",
"아산시","45 - 49세","남자인구수[명]","명","14890","14885","15334","15572","16306","17219",
"아산시","45 - 49세","여자인구수[명]","명","12444","12671","13226","13277","13857","14478",
"아산시","50 - 54세","남자인구수[명]","명","13313","14408","15194","15852","16146","16031",
"아산시","50 - 54세","여자인구수[명]","명","11300","12126","12572","13026","13339","13413",
"아산시","55 - 59세","남자인구수[명]","명","11666","11905","12112","12895","13586","14142",
"아산시","55 - 59세","여자인구수[명]","명","10010","9977","10315","11247","11923","12351",
"아산시","60 - 64세","남자인구수[명]","명","9561","10535","11299","11766","12228","12380",
"아산시","60 - 64세","여자인구수[명]","명","9206","9964","10434","10648","11008","10944",
"아산시","65 - 69세","남자인구수[명]","명","6342","7094","7705","8427","9244","10067",
"아산시","65 - 69세","여자인구수[명]","명","6776","7476","7936","8595","9213","9780",
"아산시","70 - 74세","남자인구수[명]","명","4651","4853","5083","5239","5693","6349",
"아산시","70 - 74세","여자인구수[명]","명","5401","5512","5832","5997","6439","7041",
"아산시","75 - 79세","남자인구수[명]","명","3391","3374","3474","3818","4058","4307",
"아산시","75 - 79세","여자인구수[명]","명","4646","4629","4526","4712","4961","5344",
"아산시","80 - 84세","남자인구수[명]","명","2343","2453","2655","2688","2706","2746",
"아산시","80 - 84세","여자인구수[명]","명","3917","3985","4238","4290","4245","4200",
"아산시","85 - 89세","남자인구수[명]","명","1067","1179","1238","1352","1470","1478",
"아산시","85 - 89세","여자인구수[명]","명","2381","2575","2679","2771","2928","2997",
"아산시","90 - 94세","남자인구수[명]","명","240","269","323","340","381","456",
"아산시","90 - 94세","여자인구수[명]","명","851","931","1033","1131","1226","1349",
"아산시","95 - 99세","남자인구수[명]","명","54","47","47","48","53","72",
"아산시","95 - 99세","여자인구수[명]","명","181","182","207","224","267","312",
"아산시","100+","남자인구수[명]","명","30","8","4","7","10","8",
"아산시","100+","여자인구수[명]","명","84","35","32","38","29","27",
"서산시","0 - 4세","남자인구수[명]","명","3400","3082","2841","2585","2359","2229",
"서산시","0 - 4세","여자인구수[명]","명","3273","3032","2835","2546","2264","2041",
"서산시","5 - 9세","남자인구수[명]","명","4534","4423","4137","3933","3549","3177",
"서산시","5 - 9세","여자인구수[명]","명","4239","4218","3960","3692","3399","3042",
"서산시","10 - 14세","남자인구수[명]","명","4529","4664","4682","4562","4464","4329",
"서산시","10 - 14세","여자인구수[명]","명","4173","4228","4233","4204","4175","4098",
"서산시","15 - 19세","남자인구수[명]","명","4626","4416","4366","4306","4298","4425",
"서산시","15 - 19세","여자인구수[명]","명","3924","3803","3893","3949","3954","4026",
"서산시","20 - 24세","남자인구수[명]","명","5397","5289","5040","4851","4554","4085",
"서산시","20 - 24세","여자인구수[명]","명","3991","3810","3482","3183","2973","2641",
"서산시","25 - 29세","남자인구수[명]","명","6011","6008","5998","5819","5559","5353",
"서산시","25 - 29세","여자인구수[명]","명","3878","3778","3763","3647","3484","3429",
"서산시","30 - 34세","남자인구수[명]","명","5776","5859","5891","6047","5980","5903",
"서산시","30 - 34세","여자인구수[명]","명","4282","4299","4310","4299","4101","3972",
"서산시","35 - 39세","남자인구수[명]","명","6489","6196","5847","5643","5538","5439",
"서산시","35 - 39세","여자인구수[명]","명","5576","5243","4849","4506","4408","4252",
"서산시","40 - 44세","남자인구수[명]","명","7074","7268","7288","7204","6869","6404",
"서산시","40 - 44세","여자인구수[명]","명","6204","6379","6365","6345","5949","5472",
"서산시","45 - 49세","남자인구수[명]","명","7818","7571","7399","7128","7005","7116",
"서산시","45 - 49세","여자인구수[명]","명","6718","6594","6551","6308","6207","6225",
"서산시","50 - 54세","남자인구수[명]","명","7773","8182","8167","8327","8201","7951",
"서산시","50 - 54세","여자인구수[명]","명","6715","7030","7106","7070","6979","6863",
"서산시","55 - 59세","남자인구수[명]","명","7374","7298","7344","7703","7914","7925",
"서산시","55 - 59세","여자인구수[명]","명","6508","6282","6343","6721","6914","6996",
"서산시","60 - 64세","남자인구수[명]","명","6522","7067","7422","7562","7641","7536",
"서산시","60 - 64세","여자인구수[명]","명","6351","6792","6978","7049","7096","6850",
"서산시","65 - 69세","남자인구수[명]","명","4495","4869","5161","5702","6123","6617",
"서산시","65 - 69세","여자인구수[명]","명","4661","5076","5361","5772","6073","6487",
"서산시","70 - 74세","남자인구수[명]","명","3775","3854","4134","4112","4202","4427",
"서산시","70 - 74세","여자인구수[명]","명","3884","4004","4173","4195","4397","4713",
"서산시","75 - 79세","남자인구수[명]","명","2706","2786","2714","2927","3263","3513",
"서산시","75 - 79세","여자인구수[명]","명","3521","3365","3158","3289","3456","3753",
"서산시","80 - 84세","남자인구수[명]","명","1893","1968","2135","2130","2143","2163",
"서산시","80 - 84세","여자인구수[명]","명","3107","3141","3445","3291","3249","3143",
"서산시","85 - 89세","남자인구수[명]","명","959","1050","1094","1193","1239","1215",
"서산시","85 - 89세","여자인구수[명]","명","2167","2362","2371","2505","2542","2477",
"서산시","90 - 94세","남자인구수[명]","명","205","232","308","342","376","455",
"서산시","90 - 94세","여자인구수[명]","명","753","823","979","1063","1186","1300",
"서산시","95 - 99세","남자인구수[명]","명","36","37","39","33","48","58",
"서산시","95 - 99세","여자인구수[명]","명","217","229","206","225","265","285",
"서산시","100+","남자인구수[명]","명","7","3","4","3","3","5",
"서산시","100+","여자인구수[명]","명","50","35","41","40","46","48",
"논산시","0 - 4세","남자인구수[명]","명","1570","1393","1220","1082","1014","944",
"논산시","0 - 4세","여자인구수[명]","명","1473","1337","1170","1025","922","858",
"논산시","5 - 9세","남자인구수[명]","명","2139","2031","1907","1798","1634","1468",
"논산시","5 - 9세","여자인구수[명]","명","2050","1968","1845","1704","1545","1391",
"논산시","10 - 14세","남자인구수[명]","명","2419","2416","2291","2195","2134","2032",
"논산시","10 - 14세","여자인구수[명]","명","2277","2214","2180","2022","1995","1933",
"논산시","15 - 19세","남자인구수[명]","명","2640","2455","2404","2389","2326","2277",
"논산시","15 - 19세","여자인구수[명]","명","2470","2348","2289","2260","2143","2077",
"논산시","20 - 24세","남자인구수[명]","명","3371","3138","2897","2626","2333","2126",
"논산시","20 - 24세","여자인구수[명]","명","2654","2450","2263","2086","1873","1717",
"논산시","25 - 29세","남자인구수[명]","명","3006","2878","2863","2788","2655","2611",
"논산시","25 - 29세","여자인구수[명]","명","2356","2326","2202","2173","2077","2004",
"논산시","30 - 34세","남자인구수[명]","명","2688","2642","2674","2635","2653","2650",
"논산시","30 - 34세","여자인구수[명]","명","2255","2191","2157","2028","2044","2056",
"논산시","35 - 39세","남자인구수[명]","명","3017","2776","2585","2362","2312","2332",
"논산시","35 - 39세","여자인구수[명]","명","2804","2582","2438","2261","2176","2027",
"논산시","40 - 44세","남자인구수[명]","명","3524","3438","3364","3310","3126","2931",
"논산시","40 - 44세","여자인구수[명]","명","3238","3204","3040","3024","2871","2697",
"논산시","45 - 49세","남자인구수[명]","명","4637","4305","4127","3816","3547","3429",
"논산시","45 - 49세","여자인구수[명]","명","4004","3702","3574","3304","3145","3059",
"논산시","50 - 54세","남자인구수[명]","명","5024","5105","4982","4799","4755","4607",
"논산시","50 - 54세","여자인구수[명]","명","4328","4446","4316","4230","4066","3958",
"논산시","55 - 59세","남자인구수[명]","명","5359","5085","4945","5020","5056","4998",
"논산시","55 - 59세","여자인구수[명]","명","4992","4604","4579","4635","4532","4400",
"논산시","60 - 64세","남자인구수[명]","명","5720","5914","5939","5842","5624","5357",
"논산시","60 - 64세","여자인구수[명]","명","5565","5752","5750","5551","5380","5036",
"논산시","65 - 69세","남자인구수[명]","명","4332","4633","4960","5233","5475","5575",
"논산시","65 - 69세","여자인구수[명]","명","4390","4644","4845","5102","5302","5531",
"논산시","70 - 74세","남자인구수[명]","명","3273","3406","3398","3489","3729","4035",
"논산시","70 - 74세","여자인구수[명]","명","3672","3777","3804","3815","4014","4239",
"논산시","75 - 79세","남자인구수[명]","명","2513","2404","2401","2516","2638","2843",
"논산시","75 - 79세","여자인구수[명]","명","3589","3246","3111","3161","3225","3397",
"논산시","80 - 84세","남자인구수[명]","명","1809","1815","1923","1930","1902","1914",
"논산시","80 - 84세","여자인구수[명]","명","3238","3368","3425","3305","3151","3047",
"논산시","85 - 89세","남자인구수[명]","명","950","994","1013","997","1044","1015",
"논산시","85 - 89세","여자인구수[명]","명","2053","2207","2296","2370","2433","2360",
"논산시","90 - 94세","남자인구수[명]","명","250","275","290","303","328","360",
"논산시","90 - 94세","여자인구수[명]","명","716","781","881","940","1027","1158",
"논산시","95 - 99세","남자인구수[명]","명","54","37","46","51","57","56",
"논산시","95 - 99세","여자인구수[명]","명","163","167","188","211","231","236",
"논산시","100+","남자인구수[명]","명","21","7","8","6","4","6",
"논산시","100+","여자인구수[명]","명","72","22","27","29","31","30",
"계룡시","0 - 4세","남자인구수[명]","명","746","692","652","682","655","619",
"계룡시","0 - 4세","여자인구수[명]","명","713","667","651","681","634","596",
"계룡시","5 - 9세","남자인구수[명]","명","1206","1183","1173","1224","1144","1012",
"계룡시","5 - 9세","여자인구수[명]","명","1198","1205","1185","1181","1092","965",
"계룡시","10 - 14세","남자인구수[명]","명","1596","1557","1548","1548","1490","1456",
"계룡시","10 - 14세","여자인구수[명]","명","1415","1405","1397","1425","1421","1414",
"계룡시","15 - 19세","남자인구수[명]","명","1721","1719","1758","1737","1736","1695",
"계룡시","15 - 19세","여자인구수[명]","명","1568","1548","1582","1568","1515","1521",
"계룡시","20 - 24세","남자인구수[명]","명","1554","1488","1444","1472","1442","1309",
"계룡시","20 - 24세","여자인구수[명]","명","1310","1259","1159","1185","1119","979",
"계룡시","25 - 29세","남자인구수[명]","명","1177","1209","1218","1279","1228","1160",
"계룡시","25 - 29세","여자인구수[명]","명","862","915","932","971","955","955",
"계룡시","30 - 34세","남자인구수[명]","명","884","985","1142","1324","1342","1330",
"계룡시","30 - 34세","여자인구수[명]","명","840","893","1009","1218","1218","1186",
"계룡시","35 - 39세","남자인구수[명]","명","1416","1351","1374","1474","1457","1416",
"계룡시","35 - 39세","여자인구수[명]","명","1471","1421","1343","1402","1376","1314",
"계룡시","40 - 44세","남자인구수[명]","명","1719","1756","1813","1950","1882","1782",
"계룡시","40 - 44세","여자인구수[명]","명","1987","2008","2069","2108","2012","1847",
"계룡시","45 - 49세","남자인구수[명]","명","2359","2230","2194","2168","2060","2007",
"계룡시","45 - 49세","여자인구수[명]","명","2328","2221","2263","2267","2214","2198",
"계룡시","50 - 54세","남자인구수[명]","명","1976","2099","2218","2279","2298","2227",
"계룡시","50 - 54세","여자인구수[명]","명","1947","2122","2184","2249","2299","2230",
"계룡시","55 - 59세","남자인구수[명]","명","1507","1527","1574","1759","1791","1872",
"계룡시","55 - 59세","여자인구수[명]","명","1497","1476","1571","1768","1889","1978",
"계룡시","60 - 64세","남자인구수[명]","명","1266","1366","1430","1500","1586","1581",
"계룡시","60 - 64세","여자인구수[명]","명","1418","1523","1618","1696","1679","1674",
"계룡시","65 - 69세","남자인구수[명]","명","913","987","1098","1222","1271","1333",
"계룡시","65 - 69세","여자인구수[명]","명","902","1039","1158","1319","1436","1561",
"계룡시","70 - 74세","남자인구수[명]","명","566","627","657","745","820","945",
"계룡시","70 - 74세","여자인구수[명]","명","593","638","732","807","861","959",
"계룡시","75 - 79세","남자인구수[명]","명","344","374","439","478","531","563",
"계룡시","75 - 79세","여자인구수[명]","명","543","500","482","505","564","604",
"계룡시","80 - 84세","남자인구수[명]","명","235","242","254","274","273","304",
"계룡시","80 - 84세","여자인구수[명]","명","443","441","487","495","476","481",
"계룡시","85 - 89세","남자인구수[명]","명","119","132","136","136","155","150",
"계룡시","85 - 89세","여자인구수[명]","명","298","330","330","348","360","335",
"계룡시","90 - 94세","남자인구수[명]","명","32","32","38","38","49","56",
"계룡시","90 - 94세","여자인구수[명]","명","105","125","118","145","155","179",
"계룡시","95 - 99세","남자인구수[명]","명","7","6","5","3","6","6",
"계룡시","95 - 99세","여자인구수[명]","명","31","30","34","29","42","41",
"계룡시","100+","남자인구수[명]","명","0","1","1","2","3","3",
"계룡시","100+","여자인구수[명]","명","10","2","5","6","4","3",
"당진시","0 - 4세","남자인구수[명]","명","3416","3094","2800","2618","2499","2370",
"당진시","0 - 4세","여자인구수[명]","명","3205","2920","2681","2493","2402","2328",
"당진시","5 - 9세","남자인구수[명]","명","4534","4313","4104","4017","3813","3493",
"당진시","5 - 9세","여자인구수[명]","명","4406","4237","4063","3859","3634","3255",
"당진시","10 - 14세","남자인구수[명]","명","4403","4523","4571","4563","4599","4537",
"당진시","10 - 14세","여자인구수[명]","명","3963","4134","4192","4302","4343","4369",
"당진시","15 - 19세","남자인구수[명]","명","3843","3779","3884","4000","4116","4311",
"당진시","15 - 19세","여자인구수[명]","명","3478","3396","3508","3632","3721","3865",
"당진시","20 - 24세","남자인구수[명]","명","4417","4321","4108","3920","3795","3425",
"당진시","20 - 24세","여자인구수[명]","명","3397","3301","3070","2831","2720","2432",
"당진시","25 - 29세","남자인구수[명]","명","4959","4931","4801","4886","4875","4886",
"당진시","25 - 29세","여자인구수[명]","명","3302","3212","3266","3191","3221","3270",
"당진시","30 - 34세","남자인구수[명]","명","5661","5597","5630","5602","5741","5773",
"당진시","30 - 34세","여자인구수[명]","명","4151","3928","3859","3989","3996","4026",
"당진시","35 - 39세","남자인구수[명]","명","7339","6858","6343","6193","6143","6120",
"당진시","35 - 39세","여자인구수[명]","명","5676","5306","5012","4776","4658","4590",
"당진시","40 - 44세","남자인구수[명]","명","7279","7672","7958","8245","8056","7788",
"당진시","40 - 44세","여자인구수[명]","명","5870","6071","6288","6490","6342","6035",
"당진시","45 - 49세","남자인구수[명]","명","7744","7493","7618","7489","7542","7726",
"당진시","45 - 49세","여자인구수[명]","명","5777","5770","5891","5777","5929","6124",
"당진시","50 - 54세","남자인구수[명]","명","7324","7890","8080","8299","8372","8374",
"당진시","50 - 54세","여자인구수[명]","명","5612","5946","6023","6234","6253","6220",
"당진시","55 - 59세","남자인구수[명]","명","7202","7178","7204","7709","8026","8092",
"당진시","55 - 59세","여자인구수[명]","명","5796","5620","5667","5960","6159","6181",
"당진시","60 - 64세","남자인구수[명]","명","6369","6912","7335","7482","7664","7802",
"당진시","60 - 64세","여자인구수[명]","명","5795","6173","6382","6474","6426","6376",
"당진시","65 - 69세","남자인구수[명]","명","4364","4803","5143","5677","6209","6654",
"당진시","65 - 69세","여자인구수[명]","명","4479","4800","5101","5446","5821","6076",
"당진시","70 - 74세","남자인구수[명]","명","3607","3704","3826","3828","3937","4292",
"당진시","70 - 74세","여자인구수[명]","명","3756","3884","4009","4031","4174","4440",
"당진시","75 - 79세","남자인구수[명]","명","2614","2618","2665","2848","3075","3326",
"당진시","75 - 79세","여자인구수[명]","명","3329","3174","2986","3093","3246","3570",
"당진시","80 - 84세","남자인구수[명]","명","1912","1938","2135","2095","2054","2057",
"당진시","80 - 84세","여자인구수[명]","명","3186","3162","3363","3246","3090","2966",
"당진시","85 - 89세","남자인구수[명]","명","917","1021","1071","1159","1193","1194",
"당진시","85 - 89세","여자인구수[명]","명","1950","2164","2273","2403","2526","2400",
"당진시","90 - 94세","남자인구수[명]","명","247","253","280","302","360","425",
"당진시","90 - 94세","여자인구수[명]","명","685","753","815","862","892","1048",
"당진시","95 - 99세","남자인구수[명]","명","41","52","49","53","59","66",
"당진시","95 - 99세","여자인구수[명]","명","174","156","160","187","219","245",
"당진시","100+","남자인구수[명]","명","14","2","1","2","3","6",
"당진시","100+","여자인구수[명]","명","56","33","38","39","28","31",
"금산군","0 - 4세","남자인구수[명]","명","495","418","380","357","325","306",
"금산군","0 - 4세","여자인구수[명]","명","521","461","403","369","324","286",
"금산군","5 - 9세","남자인구수[명]","명","810","755","647","574","527","471",
"금산군","5 - 9세","여자인구수[명]","명","739","682","630","600","545","481",
"금산군","10 - 14세","남자인구수[명]","명","1121","1077","1044","1026","987","893",
"금산군","10 - 14세","여자인구수[명]","명","1000","996","920","899","849","802",
"금산군","15 - 19세","남자인구수[명]","명","1118","1048","1110","1110","1142","1195",
"금산군","15 - 19세","여자인구수[명]","명","1050","981","1005","1008","1073","1043",
"금산군","20 - 24세","남자인구수[명]","명","1275","1168","1076","1020","1020","940",
"금산군","20 - 24세","여자인구수[명]","명","946","858","794","781","728","712",
"금산군","25 - 29세","남자인구수[명]","명","1034","984","946","932","873","859",
"금산군","25 - 29세","여자인구수[명]","명","765","699","684","659","661","615",
"금산군","30 - 34세","남자인구수[명]","명","840","770","803","820","816","789",
"금산군","30 - 34세","여자인구수[명]","명","759","690","659","670","662","606",
"금산군","35 - 39세","남자인구수[명]","명","1137","999","894","847","808","791",
"금산군","35 - 39세","여자인구수[명]","명","1029","903","830","799","781","755",
"금산군","40 - 44세","남자인구수[명]","명","1442","1395","1359","1342","1225","1137",
"금산군","40 - 44세","여자인구수[명]","명","1245","1239","1220","1208","1111","1031",
"금산군","45 - 49세","남자인구수[명]","명","2000","1867","1741","1645","1526","1450",
"금산군","45 - 49세","여자인구수[명]","명","1529","1445","1369","1285","1303","1285",
"금산군","50 - 54세","남자인구수[명]","명","2338","2345","2360","2329","2259","2104",
"금산군","50 - 54세","여자인구수[명]","명","1885","1908","1851","1846","1752","1663",
"금산군","55 - 59세","남자인구수[명]","명","2679","2568","2473","2522","2522","2540",
"금산군","55 - 59세","여자인구수[명]","명","2185","2035","2080","2120","2121","2083",
"금산군","60 - 64세","남자인구수[명]","명","2772","2945","2991","3055","3069","2930",
"금산군","60 - 64세","여자인구수[명]","명","2624","2734","2746","2691","2594","2424",
"금산군","65 - 69세","남자인구수[명]","명","2218","2397","2601","2768","2760","2946",
"금산군","65 - 69세","여자인구수[명]","명","2224","2339","2423","2562","2641","2772",
"금산군","70 - 74세","남자인구수[명]","명","1771","1807","1873","1869","2045","2180",
"금산군","70 - 74세","여자인구수[명]","명","1841","1841","1896","1937","2058","2170",
"금산군","75 - 79세","남자인구수[명]","명","1317","1336","1263","1379","1470","1572",
"금산군","75 - 79세","여자인구수[명]","명","1916","1795","1693","1678","1689","1742",
"금산군","80 - 84세","남자인구수[명]","명","949","949","1087","1061","1024","999",
"금산군","80 - 84세","여자인구수[명]","명","1766","1815","1927","1871","1715","1632",
"금산군","85 - 89세","남자인구수[명]","명","474","502","493","516","544","538",
"금산군","85 - 89세","여자인구수[명]","명","1013","1125","1143","1209","1268","1274",
"금산군","90 - 94세","남자인구수[명]","명","107","112","144","152","173","212",
"금산군","90 - 94세","여자인구수[명]","명","340","369","406","441","485","534",
"금산군","95 - 99세","남자인구수[명]","명","22","22","28","28","30","25",
"금산군","95 - 99세","여자인구수[명]","명","86","88","82","86","91","96",
"금산군","100+","남자인구수[명]","명","9","2","2","3","1","1",
"금산군","100+","여자인구수[명]","명","22","8","16","19","18","14",
"부여군","0 - 4세","남자인구수[명]","명","560","508","450","393","363","332",
"부여군","0 - 4세","여자인구수[명]","명","522","433","386","332","291","272",
"부여군","5 - 9세","남자인구수[명]","명","993","907","838","742","626","541",
"부여군","5 - 9세","여자인구수[명]","명","849","811","739","688","615","506",
"부여군","10 - 14세","남자인구수[명]","명","1113","1076","1062","1045","1027","975",
"부여군","10 - 14세","여자인구수[명]","명","989","961","918","858","832","830",
"부여군","15 - 19세","남자인구수[명]","명","1357","1272","1189","1124","1079","1070",
"부여군","15 - 19세","여자인구수[명]","명","1215","1129","1102","1045","994","958",
"부여군","20 - 24세","남자인구수[명]","명","1742","1561","1402","1270","1126","1011",
"부여군","20 - 24세","여자인구수[명]","명","1362","1226","1082","981","874","821",
"부여군","25 - 29세","남자인구수[명]","명","1394","1338","1286","1230","1118","1023",
"부여군","25 - 29세","여자인구수[명]","명","927","922","904","832","788","779",
"부여군","30 - 34세","남자인구수[명]","명","1047","1007","981","976","986","1011",
"부여군","30 - 34세","여자인구수[명]","명","888","826","787","764","763","735",
"부여군","35 - 39세","남자인구수[명]","명","1337","1216","1076","994","942","889",
"부여군","35 - 39세","여자인구수[명]","명","1130","1054","974","914","840","814",
"부여군","40 - 44세","남자인구수[명]","명","1646","1574","1545","1517","1428","1296",
"부여군","40 - 44세","여자인구수[명]","명","1398","1343","1316","1276","1168","1068",
"부여군","45 - 49세","남자인구수[명]","명","2282","2103","1958","1836","1706","1641",
"부여군","45 - 49세","여자인구수[명]","명","1878","1729","1621","1481","1401","1397",
"부여군","50 - 54세","남자인구수[명]","명","2632","2632","2571","2446","2348","2258",
"부여군","50 - 54세","여자인구수[명]","명","2242","2248","2160","2063","1925","1834",
"부여군","55 - 59세","남자인구수[명]","명","3047","2790","2661","2787","2718","2693",
"부여군","55 - 59세","여자인구수[명]","명","2937","2598","2480","2467","2397","2293",
"부여군","60 - 64세","남자인구수[명]","명","3635","3698","3669","3520","3383","3188",
"부여군","60 - 64세","여자인구수[명]","명","3549","3613","3529","3433","3306","3003",
"부여군","65 - 69세","남자인구수[명]","명","2868","3145","3337","3491","3582","3723",
"부여군","65 - 69세","여자인구수[명]","명","2985","3143","3272","3410","3491","3563",
"부여군","70 - 74세","남자인구수[명]","명","2339","2394","2490","2493","2604","2727",
"부여군","70 - 74세","여자인구수[명]","명","2628","2714","2707","2652","2724","2877",
"부여군","75 - 79세","남자인구수[명]","명","1897","1833","1772","1859","1940","2038",
"부여군","75 - 79세","여자인구수[명]","명","2593","2346","2191","2234","2288","2414",
"부여군","80 - 84세","남자인구수[명]","명","1449","1455","1524","1517","1476","1427",
"부여군","80 - 84세","여자인구수[명]","명","2451","2492","2594","2436","2319","2206",
"부여군","85 - 89세","남자인구수[명]","명","782","859","864","853","854","875",
"부여군","85 - 89세","여자인구수[명]","명","1648","1728","1745","1819","1868","1794",
"부여군","90 - 94세","남자인구수[명]","명","220","237","259","278","301","326",
"부여군","90 - 94세","여자인구수[명]","명","596","630","675","724","803","882",
"부여군","95 - 99세","남자인구수[명]","명","27","26","33","43","47","53",
"부여군","95 - 99세","여자인구수[명]","명","146","164","168","193","175","197",
"부여군","100+","남자인구수[명]","명","7","3","3","3","4","6",
"부여군","100+","여자인구수[명]","명","47","30","23","27","30","31",
"서천군","0 - 4세","남자인구수[명]","명","455","436","417","348","323","301",
"서천군","0 - 4세","여자인구수[명]","명","458","405","392","347","304","260",
"서천군","5 - 9세","남자인구수[명]","명","703","642","596","548","474","411",
"서천군","5 - 9세","여자인구수[명]","명","690","638","598","541","469","429",
"서천군","10 - 14세","남자인구수[명]","명","796","785","767","746","722","684",
"서천군","10 - 14세","여자인구수[명]","명","754","770","749","733","709","653",
"서천군","15 - 19세","남자인구수[명]","명","1011","913","852","825","795","757",
"서천군","15 - 19세","여자인구수[명]","명","926","854","809","781","736","703",
"서천군","20 - 24세","남자인구수[명]","명","1207","1167","1068","937","843","799",
"서천군","20 - 24세","여자인구수[명]","명","879","815","744","703","647","596",
"서천군","25 - 29세","남자인구수[명]","명","1040","950","934","891","877","826",
"서천군","25 - 29세","여자인구수[명]","명","751","680","682","617","618","632",
"서천군","30 - 34세","남자인구수[명]","명","858","793","763","816","810","819",
"서천군","30 - 34세","여자인구수[명]","명","652","633","639","672","637","622",
"서천군","35 - 39세","남자인구수[명]","명","1081","988","882","824","776","749",
"서천군","35 - 39세","여자인구수[명]","명","874","782","701","641","611","580",
"서천군","40 - 44세","남자인구수[명]","명","1378","1278","1272","1209","1152","1054",
"서천군","40 - 44세","여자인구수[명]","명","1116","1088","1078","1058","958","874",
"서천군","45 - 49세","남자인구수[명]","명","1827","1645","1570","1456","1366","1335",
"서천군","45 - 49세","여자인구수[명]","명","1523","1398","1285","1186","1117","1068",
"서천군","50 - 54세","남자인구수[명]","명","2156","2180","2120","2068","1978","1841",
"서천군","50 - 54세","여자인구수[명]","명","1716","1759","1718","1662","1624","1543",
"서천군","55 - 59세","남자인구수[명]","명","2453","2317","2231","2185","2186","2241",
"서천군","55 - 59세","여자인구수[명]","명","2178","1940","1889","1915","1863","1808",
"서천군","60 - 64세","남자인구수[명]","명","2696","2815","2853","2821","2787","2630",
"서천군","60 - 64세","여자인구수[명]","명","2700","2759","2763","2644","2534","2310",
"서천군","65 - 69세","남자인구수[명]","명","2289","2381","2521","2701","2783","2809",
"서천군","65 - 69세","여자인구수[명]","명","2547","2590","2610","2723","2698","2763",
"서천군","70 - 74세","남자인구수[명]","명","2050","2158","2067","2009","2058","2231",
"서천군","70 - 74세","여자인구수[명]","명","2242","2296","2314","2269","2394","2508",
"서천군","75 - 79세","남자인구수[명]","명","1512","1484","1551","1655","1735","1813",
"서천군","75 - 79세","여자인구수[명]","명","2233","2070","1939","1923","1946","2044",
"서천군","80 - 84세","남자인구수[명]","명","1246","1195","1258","1220","1168","1160",
"서천군","80 - 84세","여자인구수[명]","명","2032","2068","2166","2133","2048","1911",
"서천군","85 - 89세","남자인구수[명]","명","654","726","744","743","773","741",
"서천군","85 - 89세","여자인구수[명]","명","1308","1407","1430","1467","1529","1489",
"서천군","90 - 94세","남자인구수[명]","명","166","198","214","223","243","255",
"서천군","90 - 94세","여자인구수[명]","명","535","581","612","688","703","748",
"서천군","95 - 99세","남자인구수[명]","명","26","29","27","29","27","35",
"서천군","95 - 99세","여자인구수[명]","명","104","111","120","137","159","177",
"서천군","100+","남자인구수[명]","명","10","1","2","3","3","2",
"서천군","100+","여자인구수[명]","명","34","20","17","19","21","14",
"청양군","0 - 4세","남자인구수[명]","명","257","247","221","201","172","170",
"청양군","0 - 4세","여자인구수[명]","명","251","221","212","198","198","182",
"청양군","5 - 9세","남자인구수[명]","명","391","357","333","296","265","234",
"청양군","5 - 9세","여자인구수[명]","명","370","350","312","275","239","235",
"청양군","10 - 14세","남자인구수[명]","명","450","468","452","442","423","397",
"청양군","10 - 14세","여자인구수[명]","명","410","413","409","414","404","375",
"청양군","15 - 19세","남자인구수[명]","명","643","549","585","581","565","578",
"청양군","15 - 19세","여자인구수[명]","명","553","506","515","487","480","492",
"청양군","20 - 24세","남자인구수[명]","명","858","803","777","801","800","718",
"청양군","20 - 24세","여자인구수[명]","명","672","592","578","560","511","474",
"청양군","25 - 29세","남자인구수[명]","명","681","683","651","659","615","628",
"청양군","25 - 29세","여자인구수[명]","명","446","435","434","451","451","436",
"청양군","30 - 34세","남자인구수[명]","명","587","516","506","496","458","510",
"청양군","30 - 34세","여자인구수[명]","명","396","386","371","378","378","362",
"청양군","35 - 39세","남자인구수[명]","명","611","574","535","527","482","480",
"청양군","35 - 39세","여자인구수[명]","명","493","460","460","440","412","405",
"청양군","40 - 44세","남자인구수[명]","명","741","723","718","715","685","655",
"청양군","40 - 44세","여자인구수[명]","명","546","537","517","539","523","524",
"청양군","45 - 49세","남자인구수[명]","명","1077","988","932","854","806","809",
"청양군","45 - 49세","여자인구수[명]","명","756","702","676","612","589","580",
"청양군","50 - 54세","남자인구수[명]","명","1317","1299","1296","1269","1182","1175",
"청양군","50 - 54세","여자인구수[명]","명","989","986","952","934","839","861",
"청양군","55 - 59세","남자인구수[명]","명","1582","1498","1458","1509","1476","1474",
"청양군","55 - 59세","여자인구수[명]","명","1424","1274","1189","1193","1145","1154",
"청양군","60 - 64세","남자인구수[명]","명","1714","1831","1899","1852","1817","1855",
"청양군","60 - 64세","여자인구수[명]","명","1674","1750","1772","1690","1661","1630",
"청양군","65 - 69세","남자인구수[명]","명","1431","1536","1602","1705","1791","1848",
"청양군","65 - 69세","여자인구수[명]","명","1340","1431","1501","1618","1689","1791",
"청양군","70 - 74세","남자인구수[명]","명","1151","1195","1242","1246","1305","1453",
"청양군","70 - 74세","여자인구수[명]","명","1216","1230","1242","1225","1229","1337",
"청양군","75 - 79세","남자인구수[명]","명","892","864","834","899","966","1037",
"청양군","75 - 79세","여자인구수[명]","명","1255","1146","1047","1049","1072","1156",
"청양군","80 - 84세","남자인구수[명]","명","736","734","760","734","696","690",
"청양군","80 - 84세","여자인구수[명]","명","1292","1263","1281","1248","1187","1099",
"청양군","85 - 89세","남자인구수[명]","명","440","470","464","456","477","443",
"청양군","85 - 89세","여자인구수[명]","명","836","920","962","978","1014","974",
"청양군","90 - 94세","남자인구수[명]","명","99","108","130","162","155","185",
"청양군","90 - 94세","여자인구수[명]","명","286","312","354","371","380","458",
"청양군","95 - 99세","남자인구수[명]","명","28","26","25","20","22","20",
"청양군","95 - 99세","여자인구수[명]","명","38","48","55","76","87","95",
"청양군","100+","남자인구수[명]","명","5","3","1","3","5","3",
"청양군","100+","여자인구수[명]","명","14","6","6","5","7","4",
"홍성군","0 - 4세","남자인구수[명]","명","1682","1564","1402","1266","1226","1210",
"홍성군","0 - 4세","여자인구수[명]","명","1578","1469","1267","1147","1115","1192",
"홍성군","5 - 9세","남자인구수[명]","명","2330","2260","2096","1973","1886","1857",
"홍성군","5 - 9세","여자인구수[명]","명","2126","2065","1954","1882","1852","1719",
"홍성군","10 - 14세","남자인구수[명]","명","2450","2478","2427","2386","2431","2414",
"홍성군","10 - 14세","여자인구수[명]","명","2360","2382","2327","2257","2249","2270",
"홍성군","15 - 19세","남자인구수[명]","명","2467","2395","2431","2388","2373","2439",
"홍성군","15 - 19세","여자인구수[명]","명","2329","2203","2250","2289","2264","2300",
"홍성군","20 - 24세","남자인구수[명]","명","2802","2706","2517","2424","2330","2117",
"홍성군","20 - 24세","여자인구수[명]","명","2358","2216","2057","1907","1848","1714",
"홍성군","25 - 29세","남자인구수[명]","명","2552","2413","2364","2331","2424","2486",
"홍성군","25 - 29세","여자인구수[명]","명","2018","1963","1931","1958","2032","2005",
"홍성군","30 - 34세","남자인구수[명]","명","2401","2345","2387","2485","2712","2929",
"홍성군","30 - 34세","여자인구수[명]","명","2119","2116","2140","2088","2285","2408",
"홍성군","35 - 39세","남자인구수[명]","명","3047","2845","2584","2475","2548","2704",
"홍성군","35 - 39세","여자인구수[명]","명","2914","2772","2448","2292","2321","2418",
"홍성군","40 - 44세","남자인구수[명]","명","3396","3431","3327","3336","3272","3225",
"홍성군","40 - 44세","여자인구수[명]","명","3250","3272","3315","3284","3227","3133",
"홍성군","45 - 49세","남자인구수[명]","명","4158","3925","3711","3546","3427","3503",
"홍성군","45 - 49세","여자인구수[명]","명","3676","3555","3455","3326","3336","3345",
"홍성군","50 - 54세","남자인구수[명]","명","4104","4284","4400","4305","4380","4308",
"홍성군","50 - 54세","여자인구수[명]","명","3572","3706","3661","3591","3707","3791",
"홍성군","55 - 59세","남자인구수[명]","명","4214","4015","3911","4049","4189","4306",
"홍성군","55 - 59세","여자인구수[명]","명","4035","3721","3601","3697","3710","3746",
"홍성군","60 - 64세","남자인구수[명]","명","4058","4310","4429","4489","4531","4394",
"홍성군","60 - 64세","여자인구수[명]","명","4101","4310","4442","4359","4446","4276",
"홍성군","65 - 69세","남자인구수[명]","명","3182","3345","3585","3791","4016","4218",
"홍성군","65 - 69세","여자인구수[명]","명","3418","3580","3681","3908","4021","4263",
"홍성군","70 - 74세","남자인구수[명]","명","2604","2690","2726","2700","2874","3162",
"홍성군","70 - 74세","여자인구수[명]","명","2868","2988","3055","3060","3191","3401",
"홍성군","75 - 79세","남자인구수[명]","명","1870","1897","1869","2032","2188","2383",
"홍성군","75 - 79세","여자인구수[명]","명","2716","2548","2359","2376","2494","2742",
"홍성군","80 - 84세","남자인구수[명]","명","1485","1428","1526","1497","1475","1434",
"홍성군","80 - 84세","여자인구수[명]","명","2538","2488","2661","2607","2534","2399",
"홍성군","85 - 89세","남자인구수[명]","명","750","862","880","911","939","910",
"홍성군","85 - 89세","여자인구수[명]","명","1632","1791","1806","1920","2001","1926",
"홍성군","90 - 94세","남자인구수[명]","명","188","196","224","254","276","332",
"홍성군","90 - 94세","여자인구수[명]","명","522","577","651","704","811","910",
"홍성군","95 - 99세","남자인구수[명]","명","37","44","36","35","49","50",
"홍성군","95 - 99세","여자인구수[명]","명","134","145","147","161","169","193",
"홍성군","100+","남자인구수[명]","명","19","4","3","4","4","4",
"홍성군","100+","여자인구수[명]","명","42","20","25","34","35","21",
"예산군","0 - 4세","남자인구수[명]","명","722","637","659","719","748","740",
"예산군","0 - 4세","여자인구수[명]","명","701","631","626","693","719","717",
"예산군","5 - 9세","남자인구수[명]","명","1169","1088","1022","961","975","898",
"예산군","5 - 9세","여자인구수[명]","명","1039","968","967","934","919","911",
"예산군","10 - 14세","남자인구수[명]","명","1351","1363","1347","1377","1360","1407",
"예산군","10 - 14세","여자인구수[명]","명","1265","1227","1235","1250","1243","1218",
"예산군","15 - 19세","남자인구수[명]","명","1555","1450","1464","1497","1471","1488",
"예산군","15 - 19세","여자인구수[명]","명","1485","1396","1379","1386","1381","1382",
"예산군","20 - 24세","남자인구수[명]","명","2023","1899","1789","1633","1551","1433",
"예산군","20 - 24세","여자인구수[명]","명","1607","1493","1344","1296","1201","1126",
"예산군","25 - 29세","남자인구수[명]","명","1818","1798","1715","1717","1643","1642",
"예산군","25 - 29세","여자인구수[명]","명","1382","1274","1297","1315","1288","1276",
"예산군","30 - 34세","남자인구수[명]","명","1574","1544","1614","1737","1786","1787",
"예산군","30 - 34세","여자인구수[명]","명","1197","1189","1255","1383","1511","1529",
"예산군","35 - 39세","남자인구수[명]","명","1827","1630","1673","1671","1752","1781",
"예산군","35 - 39세","여자인구수[명]","명","1532","1403","1397","1442","1474","1500",
"예산군","40 - 44세","남자인구수[명]","명","2159","2046","2112","2199","2204","2147",
"예산군","40 - 44세","여자인구수[명]","명","1864","1792","1866","1944","1920","1842",
"예산군","45 - 49세","남자인구수[명]","명","3070","2863","2725","2539","2426","2399",
"예산군","45 - 49세","여자인구수[명]","명","2430","2321","2297","2197","2085","2109",
"예산군","50 - 54세","남자인구수[명]","명","3449","3500","3516","3528","3408","3293",
"예산군","50 - 54세","여자인구수[명]","명","2816","2809","2821","2804","2788","2724",
"예산군","55 - 59세","남자인구수[명]","명","3849","3535","3459","3630","3675","3692",
"예산군","55 - 59세","여자인구수[명]","명","3563","3171","3069","3194","3178","3138",
"예산군","60 - 64세","남자인구수[명]","명","3989","4250","4333","4282","4319","4217",
"예산군","60 - 64세","여자인구수[명]","명","4021","4262","4345","4250","4181","3906",
"예산군","65 - 69세","남자인구수[명]","명","3299","3555","3764","3956","4092","4149",
"예산군","65 - 69세","여자인구수[명]","명","3434","3561","3692","3901","4002","4197",
"예산군","70 - 74세","남자인구수[명]","명","2693","2729","2801","2844","2979","3235",
"예산군","70 - 74세","여자인구수[명]","명","2865","3010","3059","3073","3259","3432",
"예산군","75 - 79세","남자인구수[명]","명","2047","1978","1957","2068","2183","2418",
"예산군","75 - 79세","여자인구수[명]","명","2846","2615","2442","2524","2545","2703",
"예산군","80 - 84세","남자인구수[명]","명","1588","1611","1721","1671","1653","1555",
"예산군","80 - 84세","여자인구수[명]","명","2561","2602","2773","2648","2542","2468",
"예산군","85 - 89세","남자인구수[명]","명","779","878","930","959","966","956",
"예산군","85 - 89세","여자인구수[명]","명","1639","1771","1846","1921","1970","1905",
"예산군","90 - 94세","남자인구수[명]","명","166","195","207","254","298","329",
"예산군","90 - 94세","여자인구수[명]","명","520","586","672","730","827","900",
"예산군","95 - 99세","남자인구수[명]","명","24","20","36","39","40","41",
"예산군","95 - 99세","여자인구수[명]","명","126","118","129","155","172","190",
"예산군","100+","남자인구수[명]","명","5","5","4","4","4","5",
"예산군","100+","여자인구수[명]","명","35","28","26","29","34","30",
"태안군","0 - 4세","남자인구수[명]","명","617","545","499","434","401","392",
"태안군","0 - 4세","여자인구수[명]","명","647","527","497","440","407","346",
"태안군","5 - 9세","남자인구수[명]","명","911","877","816","737","682","609",
"태안군","5 - 9세","여자인구수[명]","명","928","879","770","714","647","612",
"태안군","10 - 14세","남자인구수[명]","명","1098","1068","1011","974","905","859",
"태안군","10 - 14세","여자인구수[명]","명","983","966","970","909","898","884",
"태안군","15 - 19세","남자인구수[명]","명","1202","1131","1117","1101","1089","1051",
"태안군","15 - 19세","여자인구수[명]","명","1141","1091","1050","1054","1007","934",
"태안군","20 - 24세","남자인구수[명]","명","1522","1378","1287","1204","1135","1025",
"태안군","20 - 24세","여자인구수[명]","명","1106","1049","968","862","786","724",
"태안군","25 - 29세","남자인구수[명]","명","1448","1411","1355","1358","1250","1221",
"태안군","25 - 29세","여자인구수[명]","명","961","889","852","831","882","860",
"태안군","30 - 34세","남자인구수[명]","명","1227","1109","1168","1127","1193","1218",
"태안군","30 - 34세","여자인구수[명]","명","930","884","861","865","821","836",
"태안군","35 - 39세","남자인구수[명]","명","1638","1451","1266","1162","1109","1045",
"태안군","35 - 39세","여자인구수[명]","명","1322","1211","1060","940","914","847",
"태안군","40 - 44세","남자인구수[명]","명","1930","1876","1900","1781","1634","1485",
"태안군","40 - 44세","여자인구수[명]","명","1530","1492","1493","1476","1382","1290",
"태안군","45 - 49세","남자인구수[명]","명","2380","2265","2162","2058","1996","1973",
"태안군","45 - 49세","여자인구수[명]","명","1820","1748","1749","1640","1544","1547",
"태안군","50 - 54세","남자인구수[명]","명","2703","2772","2738","2719","2645","2506",
"태안군","50 - 54세","여자인구수[명]","명","2310","2297","2190","2138","2035","1946",
"태안군","55 - 59세","남자인구수[명]","명","3036","2866","2922","2971","2926","2855",
"태안군","55 - 59세","여자인구수[명]","명","2854","2608","2580","2619","2615","2542",
"태안군","60 - 64세","남자인구수[명]","명","3183","3464","3549","3517","3487","3350",
"태안군","60 - 64세","여자인구수[명]","명","3431","3532","3534","3417","3304","3140",
"태안군","65 - 69세","남자인구수[명]","명","2603","2765","2894","3111","3264","3481",
"태안군","65 - 69세","여자인구수[명]","명","2807","3064","3208","3383","3466","3591",
"태안군","70 - 74세","남자인구수[명]","명","2433","2461","2481","2474","2475","2589",
"태안군","70 - 74세","여자인구수[명]","명","2400","2495","2602","2544","2653","2782",
"태안군","75 - 79세","남자인구수[명]","명","1728","1774","1845","1936","2051","2190",
"태안군","75 - 79세","여자인구수[명]","명","2268","2132","2044","2110","2154","2259",
"태안군","80 - 84세","남자인구수[명]","명","1074","1106","1223","1252","1299","1361",
"태안군","80 - 84세","여자인구수[명]","명","1729","1799","1991","2045","1999","1989",
"태안군","85 - 89세","남자인구수[명]","명","509","565","571","627","666","661",
"태안군","85 - 89세","여자인구수[명]","명","1166","1267","1272","1290","1367","1329",
"태안군","90 - 94세","남자인구수[명]","명","105","125","165","185","196","211",
"태안군","90 - 94세","여자인구수[명]","명","388","438","516","591","660","725",
"태안군","95 - 99세","남자인구수[명]","명","19","19","23","28","32","35",
"태안군","95 - 99세","여자인구수[명]","명","101","115","118","140","140","151",
"태안군","100+","남자인구수[명]","명","5","5","5","6","5","5",
"태안군","100+","여자인구수[명]","명","21","10","13","14","12","18",
"전북특별자치도","0 - 4세","남자인구수[명]","명","26306","23638","21387","19714","18640","18094",
"전북특별자치도","0 - 4세","여자인구수[명]","명","25192","22614","20821","19235","18173","17595",
"전북특별자치도","5 - 9세","남자인구수[명]","명","39696","37834","35098","32638","29894","26817",
"전북특별자치도","5 - 9세","여자인구수[명]","명","37498","35587","33094","30895","28374","25552",
"전북특별자치도","10 - 14세","남자인구수[명]","명","42897","43057","42455","41464","40884","39583",
"전북특별자치도","10 - 14세","여자인구수[명]","명","40240","40633","40002","39227","38518","37472",
"전북특별자치도","15 - 19세","남자인구수[명]","명","47706","45004","44094","43496","42608","42804",
"전북특별자치도","15 - 19세","여자인구수[명]","명","44120","41434","40990","40117","39360","39800",
"전북특별자치도","20 - 24세","남자인구수[명]","명","60484","57847","54613","51090","47887","44232",
"전북특별자치도","20 - 24세","여자인구수[명]","명","51795","49579","46113","43458","40360","37425",
"전북특별자치도","25 - 29세","남자인구수[명]","명","53725","53924","53032","52378","50665","49270",
"전북특별자치도","25 - 29세","여자인구수[명]","명","45460","45229","44526","43887","42346","41260",
"전북특별자치도","30 - 34세","남자인구수[명]","명","43329","43809","45038","46193","47605","48700",
"전북특별자치도","30 - 34세","여자인구수[명]","명","39700","39703","40415","40990","41940","42842",
"전북특별자치도","35 - 39세","남자인구수[명]","명","54136","50351","46480","43863","42675","42245",
"전북특별자치도","35 - 39세","여자인구수[명]","명","51847","48318","44572","41953","40432","39134",
"전북특별자치도","40 - 44세","남자인구수[명]","명","62300","61705","61028","60205","57253","53866",
"전북특별자치도","40 - 44세","여자인구수[명]","명","59319","59043","58256","57653","55024","52005",
"전북특별자치도","45 - 49세","남자인구수[명]","명","76030","71760","68861","65408","62702","62135",
"전북특별자치도","45 - 49세","여자인구수[명]","명","70628","67167","65430","61848","59497","59195",
"전북특별자치도","50 - 54세","남자인구수[명]","명","78938","80079","80705","79521","78858","75889",
"전북특별자치도","50 - 54세","여자인구수[명]","명","72604","73963","73715","73050","72687","70553",
"전북특별자치도","55 - 59세","남자인구수[명]","명","75950","75030","74252","76747","77886","78716",
"전북특별자치도","55 - 59세","여자인구수[명]","명","72030","69582","69251","71500","72529","72935",
"전북특별자치도","60 - 64세","남자인구수[명]","명","72891","76128","77504","78104","77361","75514",
"전북특별자치도","60 - 64세","여자인구수[명]","명","73080","76218","77256","76995","75269","72248",
"전북특별자치도","65 - 69세","남자인구수[명]","명","53421","56721","60367","64039","67363","71088",
"전북특별자치도","65 - 69세","여자인구수[명]","명","56437","59326","62012","65759","68869","72526",
"전북특별자치도","70 - 74세","남자인구수[명]","명","44102","44810","44742","45039","47301","50228",
"전북특별자치도","70 - 74세","여자인구수[명]","명","50386","50769","50626","50498","52199","55002",
"전북특별자치도","75 - 79세","남자인구수[명]","명","31053","31334","31942","33812","35797","38843",
"전북특별자치도","75 - 79세","여자인구수[명]","명","44799","43424","41318","42456","44490","47512",
"전북특별자치도","80 - 84세","남자인구수[명]","명","20914","21995","24372","24058","23809","23823",
"전북특별자치도","80 - 84세","여자인구수[명]","명","37456","38594","42255","41490","40017","38840",
"전북특별자치도","85 - 89세","남자인구수[명]","명","9786","10660","11159","11875","12624","12711",
"전북특별자치도","85 - 89세","여자인구수[명]","명","23348","24742","25808","26708","27785","27700",
"전북특별자치도","90 - 94세","남자인구수[명]","명","2584","2831","2946","3215","3576","4074",
"전북특별자치도","90 - 94세","여자인구수[명]","명","8714","9611","9989","10795","11690","12638",
"전북특별자치도","95 - 99세","남자인구수[명]","명","449","423","453","499","587","641",
"전북특별자치도","95 - 99세","여자인구수[명]","명","1898","1974","2168","2411","2694","2902",
"전북특별자치도","100+","남자인구수[명]","명","177","54","64","61","55","52",
"전북특별자치도","100+","여자인구수[명]","명","679","351","398","413","407","395",
"전주시","0 - 4세","남자인구수[명]","명","11212","10232","9157","8296","7694","7234",
"전주시","0 - 4세","여자인구수[명]","명","10509","9660","8888","8077","7518","7110",
"전주시","5 - 9세","남자인구수[명]","명","16571","16145","15220","14197","12993","11658",
"전주시","5 - 9세","여자인구수[명]","명","15925","15406","14435","13422","12316","10957",
"전주시","10 - 14세","남자인구수[명]","명","17697","17843","17641","17239","17056","16523",
"전주시","10 - 14세","여자인구수[명]","명","16490","16803","16835","16510","16317","16014",
"전주시","15 - 19세","남자인구수[명]","명","19411","18347","18105","17749","17523","17430",
"전주시","15 - 19세","여자인구수[명]","명","18138","17078","16792","16433","16109","16324",
"전주시","20 - 24세","남자인구수[명]","명","25245","24418","23036","21627","20368","18940",
"전주시","20 - 24세","여자인구수[명]","명","23099","22543","20992","19833","18626","17068",
"전주시","25 - 29세","남자인구수[명]","명","23524","24220","23749","23061","22170","21357",
"전주시","25 - 29세","여자인구수[명]","명","21103","21317","21132","20748","20001","19323",
"전주시","30 - 34세","남자인구수[명]","명","18902","19629","20435","20669","21013","20955",
"전주시","30 - 34세","여자인구수[명]","명","17991","18554","18896","18814","19013","18911",
"전주시","35 - 39세","남자인구수[명]","명","22472","21340","19905","18782","18213","17881",
"전주시","35 - 39세","여자인구수[명]","명","22545","21437","19813","18523","17728","17102",
"전주시","40 - 44세","남자인구수[명]","명","24274","24669","24523","24158","23101","21609",
"전주시","40 - 44세","여자인구수[명]","명","25372","25417","25167","24799","23673","22136",
"전주시","45 - 49세","남자인구수[명]","명","28201","26713","25801","24749","23898","23745",
"전주시","45 - 49세","여자인구수[명]","명","29270","28129","27465","25939","25014","24857",
"전주시","50 - 54세","남자인구수[명]","명","27569","28497","28865","28475","28249","27024",
"전주시","50 - 54세","여자인구수[명]","명","28313","29092","29438","29191","29062","28004",
"전주시","55 - 59세","남자인구수[명]","명","24451","24385","24334","25063","25603","26036",
"전주시","55 - 59세","여자인구수[명]","명","25664","25302","25293","26114","26694","26806",
"전주시","60 - 64세","남자인구수[명]","명","21542","22468","22985","23241","23183","22485",
"전주시","60 - 64세","여자인구수[명]","명","23380","24640","25236","25401","25021","24214",
"전주시","65 - 69세","남자인구수[명]","명","15121","16039","16782","17614","18603","19620",
"전주시","65 - 69세","여자인구수[명]","명","16810","17982","18872","19809","21108","22246",
"전주시","70 - 74세","남자인구수[명]","명","11772","11962","12043","12208","12794","13555",
"전주시","70 - 74세","여자인구수[명]","명","13998","14199","14443","14675","15269","16071",
"전주시","75 - 79세","남자인구수[명]","명","7839","8139","8381","8879","9446","10239",
"전주시","75 - 79세","여자인구수[명]","명","10489","10680","10609","11229","12113","13209",
"전주시","80 - 84세","남자인구수[명]","명","4923","5302","5953","6046","6095","6173",
"전주시","80 - 84세","여자인구수[명]","명","7883","8236","9148","9277","9268","9222",
"전주시","85 - 89세","남자인구수[명]","명","2153","2363","2576","2797","3069","3132",
"전주시","85 - 89세","여자인구수[명]","명","4634","4958","5258","5497","5775","5902",
"전주시","90 - 94세","남자인구수[명]","명","553","629","666","724","829","974",
"전주시","90 - 94세","여자인구수[명]","명","1756","1930","2009","2156","2336","2560",
"전주시","95 - 99세","남자인구수[명]","명","79","79","98","124","144","157",
"전주시","95 - 99세","여자인구수[명]","명","391","416","417","498","562","598",
"전주시","100+","남자인구수[명]","명","31","8","10","11","9","7",
"전주시","100+","여자인구수[명]","명","130","63","92","73","75","69",
"군산시","0 - 4세","남자인구수[명]","명","4083","3670","3341","3073","2893","2782",
"군산시","0 - 4세","여자인구수[명]","명","4064","3591","3285","2983","2802","2730",
"군산시","5 - 9세","남자인구수[명]","명","6580","6259","5731","5269","4758","4242",
"군산시","5 - 9세","여자인구수[명]","명","6224","5963","5548","5130","4671","4190",
"군산시","10 - 14세","남자인구수[명]","명","6762","6813","6770","6674","6619","6464",
"군산시","10 - 14세","여자인구수[명]","명","6377","6442","6329","6352","6304","6170",
"군산시","15 - 19세","남자인구수[명]","명","7080","6717","6560","6525","6486","6534",
"군산시","15 - 19세","여자인구수[명]","명","6611","6178","6198","6054","5984","6058",
"군산시","20 - 24세","남자인구수[명]","명","8702","8320","7803","7283","6805","6247",
"군산시","20 - 24세","여자인구수[명]","명","7192","6827","6309","5870","5426","5066",
"군산시","25 - 29세","남자인구수[명]","명","7609","7658","7599","7512","7392","7228",
"군산시","25 - 29세","여자인구수[명]","명","6218","6216","6021","5916","5741","5536",
"군산시","30 - 34세","남자인구수[명]","명","6671","6641","6685","6845","7088","7305",
"군산시","30 - 34세","여자인구수[명]","명","5998","5875","5840","5824","5890","6012",
"군산시","35 - 39세","남자인구수[명]","명","9360","8599","7721","7039","6755","6605",
"군산시","35 - 39세","여자인구수[명]","명","8676","7959","7124","6567","6304","6018",
"군산시","40 - 44세","남자인구수[명]","명","10529","10661","10650","10573","10035","9285",
"군산시","40 - 44세","여자인구수[명]","명","9588","9662","9698","9603","9198","8679",
"군산시","45 - 49세","남자인구수[명]","명","12268","11631","11196","10669","10449","10504",
"군산시","45 - 49세","여자인구수[명]","명","11048","10569","10346","9934","9541","9458",
"군산시","50 - 54세","남자인구수[명]","명","11946","12315","12746","12697","12676","12245",
"군산시","50 - 54세","여자인구수[명]","명","10672","11085","11174","11100","11256","10989",
"군산시","55 - 59세","남자인구수[명]","명","11093","10926","10783","11189","11426","11811",
"군산시","55 - 59세","여자인구수[명]","명","10253","9859","9749","10080","10258","10591",
"군산시","60 - 64세","남자인구수[명]","명","10630","10988","11028","11135","11075","10834",
"군산시","60 - 64세","여자인구수[명]","명","10925","11166","11236","11042","10757","10168",
"군산시","65 - 69세","남자인구수[명]","명","7891","8333","8885","9389","9727","10153",
"군산시","65 - 69세","여자인구수[명]","명","8151","8599","9089","9703","10162","10661",
"군산시","70 - 74세","남자인구수[명]","명","6237","6373","6404","6444","6863","7303",
"군산시","70 - 74세","여자인구수[명]","명","6979","7109","7022","7148","7402","7901",
"군산시","75 - 79세","남자인구수[명]","명","4079","4304","4505","4741","5011","5455",
"군산시","75 - 79세","여자인구수[명]","명","5605","5594","5611","5756","6073","6531",
"군산시","80 - 84세","남자인구수[명]","명","2408","2553","2883","2916","2992","3070",
"군산시","80 - 84세","여자인구수[명]","명","4074","4314","4835","4788","4804","4803",
"군산시","85 - 89세","남자인구수[명]","명","1036","1172","1231","1316","1439","1455",
"군산시","85 - 89세","여자인구수[명]","명","2550","2631","2679","2834","2921","2989",
"군산시","90 - 94세","남자인구수[명]","명","293","315","315","381","385","449",
"군산시","90 - 94세","여자인구수[명]","명","1012","1110","1185","1262","1277","1328",
"군산시","95 - 99세","남자인구수[명]","명","38","37","44","39","55","63",
"군산시","95 - 99세","여자인구수[명]","명","223","229","264","274","293","326",
"군산시","100+","남자인구수[명]","명","37","5","7","10","7","5",
"군산시","100+","여자인구수[명]","명","87","36","38","41","47","48",
"익산시","0 - 4세","남자인구수[명]","명","3780","3366","3049","2701","2616","2665",
"익산시","0 - 4세","여자인구수[명]","명","3756","3287","2936","2693","2571","2562",
"익산시","5 - 9세","남자인구수[명]","명","6032","5641","5134","4731","4328","3854",
"익산시","5 - 9세","여자인구수[명]","명","5598","5220","4830","4542","4219","3834",
"익산시","10 - 14세","남자인구수[명]","명","6525","6520","6411","6228","6130","5962",
"익산시","10 - 14세","여자인구수[명]","명","6328","6319","6188","5991","5784","5586",
"익산시","15 - 19세","남자인구수[명]","명","7731","7299","7080","6915","6670","6622",
"익산시","15 - 19세","여자인구수[명]","명","7324","6876","6720","6452","6320","6418",
"익산시","20 - 24세","남자인구수[명]","명","10549","9917","9427","8769","8088","7465",
"익산시","20 - 24세","여자인구수[명]","명","8979","8525","7952","7548","6893","6408",
"익산시","25 - 29세","남자인구수[명]","명","9164","9073","8801","8649","8450","8184",
"익산시","25 - 29세","여자인구수[명]","명","7510","7482","7233","7017","6732","6587",
"익산시","30 - 34세","남자인구수[명]","명","6816","6831","6987","7130","7468","7871",
"익산시","30 - 34세","여자인구수[명]","명","5872","5890","6034","6207","6566","6944",
"익산시","35 - 39세","남자인구수[명]","명","8115","7514","6877","6503","6450","6582",
"익산시","35 - 39세","여자인구수[명]","명","7664","7155","6573","6069","5918","5772",
"익산시","40 - 44세","남자인구수[명]","명","9576","9352","9186","8937","8523","8095",
"익산시","40 - 44세","여자인구수[명]","명","9099","9007","8717","8570","8160","7763",
"익산시","45 - 49세","남자인구수[명]","명","11838","11228","10671","10089","9609","9493",
"익산시","45 - 49세","여자인구수[명]","명","11422","10723","10277","9588","9094","9068",
"익산시","50 - 54세","남자인구수[명]","명","12510","12525","12539","12260","12192","11759",
"익산시","50 - 54세","여자인구수[명]","명","12175","12299","11992","11784","11735","11382",
"익산시","55 - 59세","남자인구수[명]","명","12353","12211","11876","12102","12203","12255",
"익산시","55 - 59세","여자인구수[명]","명","11958","11502","11517","11873","12043","12072",
"익산시","60 - 64세","남자인구수[명]","명","11781","12092","12335","12361","12275","11879",
"익산시","60 - 64세","여자인구수[명]","명","11654","12160","12310","12281","12164","11703",
"익산시","65 - 69세","남자인구수[명]","명","8303","8840","9380","9974","10560","11111",
"익산시","65 - 69세","여자인구수[명]","명","8746","9263","9644","10319","10777","11469",
"익산시","70 - 74세","남자인구수[명]","명","6494","6739","6729","6868","7222","7692",
"익산시","70 - 74세","여자인구수[명]","명","7343","7494","7611","7576","7941","8483",
"익산시","75 - 79세","남자인구수[명]","명","4451","4470","4586","4816","5137","5646",
"익산시","75 - 79세","여자인구수[명]","명","6233","6091","5772","6029","6377","6866",
"익산시","80 - 84세","남자인구수[명]","명","2732","2893","3345","3348","3341","3424",
"익산시","80 - 84세","여자인구수[명]","명","5159","5312","5787","5660","5477","5404",
"익산시","85 - 89세","남자인구수[명]","명","1338","1457","1432","1495","1596","1604",
"익산시","85 - 89세","여자인구수[명]","명","3277","3368","3496","3562","3753","3763",
"익산시","90 - 94세","남자인구수[명]","명","395","390","419","429","483","534",
"익산시","90 - 94세","여자인구수[명]","명","1251","1387","1429","1524","1632","1733",
"익산시","95 - 99세","남자인구수[명]","명","66","64","59","72","86","88",
"익산시","95 - 99세","여자인구수[명]","명","273","290","305","325","363","406",
"익산시","100+","남자인구수[명]","명","24","5","7","4","6","7",
"익산시","100+","여자인구수[명]","명","82","36","44","45","49","51",
"정읍시","0 - 4세","남자인구수[명]","명","1248","1134","1032","969","920","913",
"정읍시","0 - 4세","여자인구수[명]","명","1231","1085","1024","924","843","814",
"정읍시","5 - 9세","남자인구수[명]","명","2018","1870","1684","1584","1469","1276",
"정읍시","5 - 9세","여자인구수[명]","명","1873","1751","1574","1498","1342","1212",
"정읍시","10 - 14세","남자인구수[명]","명","2350","2330","2274","2171","2082","2000",
"정읍시","10 - 14세","여자인구수[명]","명","2076","2103","2006","1944","1918","1852",
"정읍시","15 - 19세","남자인구수[명]","명","2781","2558","2429","2361","2287","2284",
"정읍시","15 - 19세","여자인구수[명]","명","2457","2266","2224","2140","2067","2024",
"정읍시","20 - 24세","남자인구수[명]","명","3266","3088","2948","2647","2460","2221",
"정읍시","20 - 24세","여자인구수[명]","명","2710","2505","2274","2047","1769","1657",
"정읍시","25 - 29세","남자인구수[명]","명","2582","2582","2556","2555","2470","2411",
"정읍시","25 - 29세","여자인구수[명]","명","2046","2024","2039","2026","1982","1950",
"정읍시","30 - 34세","남자인구수[명]","명","2096","2049","2093","2093","2164","2254",
"정읍시","30 - 34세","여자인구수[명]","명","1801","1755","1783","1808","1789","1855",
"정읍시","35 - 39세","남자인구수[명]","명","2620","2448","2235","2057","2002","2014",
"정읍시","35 - 39세","여자인구수[명]","명","2350","2142","1981","1864","1828","1782",
"정읍시","40 - 44세","남자인구수[명]","명","3342","3170","3124","3065","2824","2624",
"정읍시","40 - 44세","여자인구수[명]","명","3101","3010","2867","2779","2596","2399",
"정읍시","45 - 49세","남자인구수[명]","명","4452","4190","3966","3697","3495","3400",
"정읍시","45 - 49세","여자인구수[명]","명","3929","3673","3561","3359","3186","3120",
"정읍시","50 - 54세","남자인구수[명]","명","4924","4920","4858","4783","4720","4510",
"정읍시","50 - 54세","여자인구수[명]","명","4115","4180","4141","4090","4061","3982",
"정읍시","55 - 59세","남자인구수[명]","명","4974","4827","4848","4993","5053","5029",
"정읍시","55 - 59세","여자인구수[명]","명","4381","4191","4202","4266","4334","4273",
"정읍시","60 - 64세","남자인구수[명]","명","4917","5242","5215","5262","5156","5113",
"정읍시","60 - 64세","여자인구수[명]","명","4610","4833","4787","4733","4663","4496",
"정읍시","65 - 69세","남자인구수[명]","명","3477","3660","4039","4363","4661","4885",
"정읍시","65 - 69세","여자인구수[명]","명","3919","4037","4208","4403","4491","4651",
"정읍시","70 - 74세","남자인구수[명]","명","3355","3322","3227","3074","3132","3302",
"정읍시","70 - 74세","여자인구수[명]","명","3775","3717","3637","3577","3622","3816",
"정읍시","75 - 79세","남자인구수[명]","명","2422","2402","2405","2598","2730","2938",
"정읍시","75 - 79세","여자인구수[명]","명","3851","3614","3313","3321","3406","3560",
"정읍시","80 - 84세","남자인구수[명]","명","1833","1863","2047","1992","1916","1825",
"정읍시","80 - 84세","여자인구수[명]","명","3287","3347","3659","3549","3406","3224",
"정읍시","85 - 89세","남자인구수[명]","명","858","974","1013","1034","1071","1121",
"정읍시","85 - 89세","여자인구수[명]","명","2206","2323","2384","2390","2456","2399",
"정읍시","90 - 94세","남자인구수[명]","명","211","221","240","275","324","366",
"정읍시","90 - 94세","여자인구수[명]","명","749","853","933","1022","1096","1224",
"정읍시","95 - 99세","남자인구수[명]","명","43","35","32","44","55","60",
"정읍시","95 - 99세","여자인구수[명]","명","159","146","177","216","239","252",
"정읍시","100+","남자인구수[명]","명","22","7","7","7","6","5",
"정읍시","100+","여자인구수[명]","명","91","40","35","40","36","30",
"남원시","0 - 4세","남자인구수[명]","명","1151","1016","871","758","699","641",
"남원시","0 - 4세","여자인구수[명]","명","1013","909","808","749","690","647",
"남원시","5 - 9세","남자인구수[명]","명","1506","1422","1320","1251","1133","1027",
"남원시","5 - 9세","여자인구수[명]","명","1341","1248","1181","1079","999","914",
"남원시","10 - 14세","남자인구수[명]","명","1758","1741","1706","1595","1560","1465",
"남원시","10 - 14세","여자인구수[명]","명","1628","1600","1526","1443","1421","1316",
"남원시","15 - 19세","남자인구수[명]","명","2017","1928","1843","1833","1717","1705",
"남원시","15 - 19세","여자인구수[명]","명","1928","1824","1744","1720","1573","1529",
"남원시","20 - 24세","남자인구수[명]","명","2396","2261","2058","1864","1722","1548",
"남원시","20 - 24세","여자인구수[명]","명","1827","1736","1593","1421","1313","1139",
"남원시","25 - 29세","남자인구수[명]","명","1844","1812","1685","1689","1621","1550",
"남원시","25 - 29세","여자인구수[명]","명","1502","1511","1420","1373","1318","1325",
"남원시","30 - 34세","남자인구수[명]","명","1446","1405","1463","1406","1450","1494",
"남원시","30 - 34세","여자인구수[명]","명","1366","1317","1313","1319","1303","1294",
"남원시","35 - 39세","남자인구수[명]","명","1834","1689","1546","1480","1417","1334",
"남원시","35 - 39세","여자인구수[명]","명","1771","1609","1493","1392","1378","1303",
"남원시","40 - 44세","남자인구수[명]","명","2243","2167","2099","2095","1965","1840",
"남원시","40 - 44세","여자인구수[명]","명","2309","2220","2123","2049","1881","1752",
"남원시","45 - 49세","남자인구수[명]","명","3247","2967","2764","2475","2298","2271",
"남원시","45 - 49세","여자인구수[명]","명","2948","2764","2668","2471","2408","2292",
"남원시","50 - 54세","남자인구수[명]","명","3654","3701","3666","3636","3500","3231",
"남원시","50 - 54세","여자인구수[명]","명","3193","3241","3137","3093","3029","2996",
"남원시","55 - 59세","남자인구수[명]","명","3655","3573","3509","3583","3746","3715",
"남원시","55 - 59세","여자인구수[명]","명","3202","3080","3075","3253","3390","3323",
"남원시","60 - 64세","남자인구수[명]","명","3608","3776","3901","3907","3784","3712",
"남원시","60 - 64세","여자인구수[명]","명","3581","3691","3745","3721","3501","3285",
"남원시","65 - 69세","남자인구수[명]","명","2849","2999","3146","3263","3432","3586",
"남원시","65 - 69세","여자인구수[명]","명","2907","3042","3107","3269","3447","3601",
"남원시","70 - 74세","남자인구수[명]","명","2423","2433","2403","2491","2618","2778",
"남원시","70 - 74세","여자인구수[명]","명","2905","2878","2846","2674","2698","2841",
"남원시","75 - 79세","남자인구수[명]","명","1709","1704","1782","1877","2010","2149",
"남원시","75 - 79세","여자인구수[명]","명","2790","2661","2411","2538","2639","2754",
"남원시","80 - 84세","남자인구수[명]","명","1353","1407","1525","1447","1352","1309",
"남원시","80 - 84세","여자인구수[명]","명","2493","2591","2822","2705","2533","2436",
"남원시","85 - 89세","남자인구수[명]","명","639","712","719","785","819","833",
"남원시","85 - 89세","여자인구수[명]","명","1636","1715","1852","1932","1949","1872",
"남원시","90 - 94세","남자인구수[명]","명","175","200","196","192","233","258",
"남원시","90 - 94세","여자인구수[명]","명","590","643","639","689","821","917",
"남원시","95 - 99세","남자인구수[명]","명","42","48","34","38","38","40",
"남원시","95 - 99세","여자인구수[명]","명","142","161","169","187","207","214",
"남원시","100+","남자인구수[명]","명","11","4","10","9","6","7",
"남원시","100+","여자인구수[명]","명","30","25","30","30","29","29",
"김제시","0 - 4세","남자인구수[명]","명","859","736","738","790","822","875",
"김제시","0 - 4세","여자인구수[명]","명","794","726","747","793","829","880",
"김제시","5 - 9세","남자인구수[명]","명","1369","1278","1171","1061","955","875",
"김제시","5 - 9세","여자인구수[명]","명","1285","1134","1034","966","882","817",
"김제시","10 - 14세","남자인구수[명]","명","1507","1461","1449","1422","1372","1374",
"김제시","10 - 14세","여자인구수[명]","명","1424","1473","1412","1346","1264","1250",
"김제시","15 - 19세","남자인구수[명]","명","1658","1608","1588","1586","1556","1560",
"김제시","15 - 19세","여자인구수[명]","명","1577","1498","1523","1456","1431","1473",
"김제시","20 - 24세","남자인구수[명]","명","2160","2016","1945","1872","1756","1618",
"김제시","20 - 24세","여자인구수[명]","명","1668","1566","1521","1486","1379","1346",
"김제시","25 - 29세","남자인구수[명]","명","1874","1859","1993","2049","1879","1942",
"김제시","25 - 29세","여자인구수[명]","명","1529","1501","1564","1534","1428","1434",
"김제시","30 - 34세","남자인구수[명]","명","1492","1489","1565","1648","1770","1928",
"김제시","30 - 34세","여자인구수[명]","명","1343","1284","1408","1460","1541","1703",
"김제시","35 - 39세","남자인구수[명]","명","2047","1815","1663","1644","1610","1663",
"김제시","35 - 39세","여자인구수[명]","명","1763","1608","1544","1524","1483","1480",
"김제시","40 - 44세","남자인구수[명]","명","2403","2332","2349","2315","2240","2199",
"김제시","40 - 44세","여자인구수[명]","명","1977","1894","1903","1949","1860","1868",
"김제시","45 - 49세","남자인구수[명]","명","3206","3000","2897","2748","2579","2582",
"김제시","45 - 49세","여자인구수[명]","명","2405","2323","2284","2145","2056","2070",
"김제시","50 - 54세","남자인구수[명]","명","3626","3576","3561","3496","3479","3435",
"김제시","50 - 54세","여자인구수[명]","명","2843","2763","2772","2732","2679","2672",
"김제시","55 - 59세","남자인구수[명]","명","3820","3735","3810","3950","3921","3986",
"김제시","55 - 59세","여자인구수[명]","명","3415","3163","3126","3156","3113","3133",
"김제시","60 - 64세","남자인구수[명]","명","4153","4258","4296","4300","4306","4240",
"김제시","60 - 64세","여자인구수[명]","명","3931","4034","4097","4052","3912","3751",
"김제시","65 - 69세","남자인구수[명]","명","3141","3391","3683","3901","4036","4320",
"김제시","65 - 69세","여자인구수[명]","명","3337","3398","3573","3753","3916","4119",
"김제시","70 - 74세","남자인구수[명]","명","2839","2879","2806","2819","2932","3046",
"김제시","70 - 74세","여자인구수[명]","명","3227","3297","3186","3197","3222","3292",
"김제시","75 - 79세","남자인구수[명]","명","2144","2083","2077","2137","2263","2499",
"김제시","75 - 79세","여자인구수[명]","명","3192","2944","2832","2753","2837","3047",
"김제시","80 - 84세","남자인구수[명]","명","1482","1578","1703","1671","1639","1587",
"김제시","80 - 84세","여자인구수[명]","명","2900","2980","3189","3090","2889","2774",
"김제시","85 - 89세","남자인구수[명]","명","779","798","868","893","892","873",
"김제시","85 - 89세","여자인구수[명]","명","2005","2139","2181","2178","2242","2193",
"김제시","90 - 94세","남자인구수[명]","명","219","244","259","282","289","319",
"김제시","90 - 94세","여자인구수[명]","명","773","812","887","999","1058","1107",
"김제시","95 - 99세","남자인구수[명]","명","51","50","47","39","54","58",
"김제시","95 - 99세","여자인구수[명]","명","157","151","167","192","224","251",
"김제시","100+","남자인구수[명]","명","15","7","8","8","10","7",
"김제시","100+","여자인구수[명]","명","61","32","29","38","30","30",
"완주군","0 - 4세","남자인구수[명]","명","1340","1154","1155","1256","1286","1373",
"완주군","0 - 4세","여자인구수[명]","명","1392","1213","1138","1214","1224","1241",
"완주군","5 - 9세","남자인구수[명]","명","2136","1994","1862","1853","1777","1586",
"완주군","5 - 9세","여자인구수[명]","명","2043","1963","1880","1874","1750","1576",
"완주군","10 - 14세","남자인구수[명]","명","2210","2257","2288","2328","2336","2302",
"완주군","10 - 14세","여자인구수[명]","명","2066","2068","2049","2138","2148","2087",
"완주군","15 - 19세","남자인구수[명]","명","2129","2039","2094","2156","2124","2224",
"완주군","15 - 19세","여자인구수[명]","명","1906","1813","1902","2029","2052","2088",
"완주군","20 - 24세","남자인구수[명]","명","2584","2521","2406","2405","2365","2196",
"완주군","20 - 24세","여자인구수[명]","명","2004","1949","1832","1830","1778","1725",
"완주군","25 - 29세","남자인구수[명]","명","2415","2383","2442","2702","2679","2637",
"완주군","25 - 29세","여자인구수[명]","명","1953","1892","2029","2221","2230","2185",
"완주군","30 - 34세","남자인구수[명]","명","2036","2062","2282","2845","3103","3226",
"완주군","30 - 34세","여자인구수[명]","명","1862","1827","2014","2477","2719","2926",
"완주군","35 - 39세","남자인구수[명]","명","2805","2520","2467","2619","2645","2676",
"완주군","35 - 39세","여자인구수[명]","명","2705","2433","2354","2520","2551","2505",
"완주군","40 - 44세","남자인구수[명]","명","3452","3336","3326","3506","3413","3291",
"완주군","40 - 44세","여자인구수[명]","명","2910","2978","3063","3247","3170","3087",
"완주군","45 - 49세","남자인구수[명]","명","4062","3876","3875","3815","3702","3638",
"완주군","45 - 49세","여자인구수[명]","명","3124","3017","3036","3080","3152","3192",
"완주군","50 - 54세","남자인구수[명]","명","4260","4315","4317","4420","4503","4516",
"완주군","50 - 54세","여자인구수[명]","명","3245","3393","3406","3703","3718","3680",
"완주군","55 - 59세","남자인구수[명]","명","4230","4201","4183","4602","4708","4795",
"완주군","55 - 59세","여자인구수[명]","명","3519","3407","3433","3745","3814","3937",
"완주군","60 - 64세","남자인구수[명]","명","4055","4383","4579","4792","4844","4776",
"완주군","60 - 64세","여자인구수[명]","명","3756","3953","4060","4258","4248","4161",
"완주군","65 - 69세","남자인구수[명]","명","3129","3367","3652","3994","4158","4484",
"완주군","65 - 69세","여자인구수[명]","명","2918","3127","3293","3695","3836","4136",
"완주군","70 - 74세","남자인구수[명]","명","2568","2614","2609","2710","2951","3204",
"완주군","70 - 74세","여자인구수[명]","명","2551","2591","2585","2628","2808","3033",
"완주군","75 - 79세","남자인구수[명]","명","1718","1755","1780","1949","2082","2364",
"완주군","75 - 79세","여자인구수[명]","명","2430","2335","2168","2232","2333","2482",
"완주군","80 - 84세","남자인구수[명]","명","1174","1238","1353","1300","1292","1324",
"완주군","80 - 84세","여자인구수[명]","명","2153","2166","2386","2338","2226","2177",
"완주군","85 - 89세","남자인구수[명]","명","598","629","671","730","761","729",
"완주군","85 - 89세","여자인구수[명]","명","1334","1473","1517","1594","1662","1628",
"완주군","90 - 94세","남자인구수[명]","명","145","172","153","175","205","248",
"완주군","90 - 94세","여자인구수[명]","명","510","570","588","638","686","743",
"완주군","95 - 99세","남자인구수[명]","명","23","23","31","32","29","34",
"완주군","95 - 99세","여자인구수[명]","명","116","113","140","149","182","203",
"완주군","100+","남자인구수[명]","명","8","6","4","3","2","2",
"완주군","100+","여자인구수[명]","명","35","16","20","25","27","27",
"진안군","0 - 4세","남자인구수[명]","명","314","298","248","259","219","208",
"진안군","0 - 4세","여자인구수[명]","명","300","258","231","216","206","193",
"진안군","5 - 9세","남자인구수[명]","명","312","264","250","212","209","214",
"진안군","5 - 9세","여자인구수[명]","명","350","327","257","239","202","214",
"진안군","10 - 14세","남자인구수[명]","명","407","405","377","373","331","294",
"진안군","10 - 14세","여자인구수[명]","명","379","355","355","349","348","328",
"진안군","15 - 19세","남자인구수[명]","명","481","462","440","446","430","444",
"진안군","15 - 19세","여자인구수[명]","명","413","397","398","391","389","412",
"진안군","20 - 24세","남자인구수[명]","명","600","577","550","501","464","441",
"진안군","20 - 24세","여자인구수[명]","명","464","428","364","351","339","323",
"진안군","25 - 29세","남자인구수[명]","명","527","455","426","435","437","438",
"진안군","25 - 29세","여자인구수[명]","명","378","350","336","335","316","327",
"진안군","30 - 34세","남자인구수[명]","명","347","338","343","347","359","361",
"진안군","30 - 34세","여자인구수[명]","명","371","338","324","345","346","366",
"진안군","35 - 39세","남자인구수[명]","명","444","405","349","334","304","312",
"진안군","35 - 39세","여자인구수[명]","명","473","426","396","370","343","330",
"진안군","40 - 44세","남자인구수[명]","명","675","603","562","551","490","449",
"진안군","40 - 44세","여자인구수[명]","명","489","461","421","434","441","451",
"진안군","45 - 49세","남자인구수[명]","명","926","872","787","721","676","678",
"진안군","45 - 49세","여자인구수[명]","명","658","600","578","517","470","473",
"진안군","50 - 54세","남자인구수[명]","명","1189","1125","1121","1062","1020","998",
"진안군","50 - 54세","여자인구수[명]","명","869","867","823","802","781","725",
"진안군","55 - 59세","남자인구수[명]","명","1362","1364","1318","1364","1353","1305",
"진안군","55 - 59세","여자인구수[명]","명","1096","1064","1037","1041","1032","1026",
"진안군","60 - 64세","남자인구수[명]","명","1439","1585","1640","1677","1629","1558",
"진안군","60 - 64세","여자인구수[명]","명","1233","1310","1359","1360","1302","1250",
"진안군","65 - 69세","남자인구수[명]","명","1134","1214","1307","1370","1478","1612",
"진안군","65 - 69세","여자인구수[명]","명","1049","1106","1137","1181","1220","1288",
"진안군","70 - 74세","남자인구수[명]","명","969","973","1003","1019","1070","1147",
"진안군","70 - 74세","여자인구수[명]","명","1041","1036","989","986","1016","1042",
"진안군","75 - 79세","남자인구수[명]","명","793","764","756","802","843","887",
"진안군","75 - 79세","여자인구수[명]","명","1026","956","887","904","937","989",
"진안군","80 - 84세","남자인구수[명]","명","546","582","632","615","604","612",
"진안군","80 - 84세","여자인구수[명]","명","1048","1014","1084","1024","941","898",
"진안군","85 - 89세","남자인구수[명]","명","268","302","299","318","324","333",
"진안군","85 - 89세","여자인구수[명]","명","629","712","736","744","770","772",
"진안군","90 - 94세","남자인구수[명]","명","73","66","71","73","91","99",
"진안군","90 - 94세","여자인구수[명]","명","226","253","269","298","319","339",
"진안군","95 - 99세","남자인구수[명]","명","17","13","15","17","20","18",
"진안군","95 - 99세","여자인구수[명]","명","51","54","62","67","76","76",
"진안군","100+","남자인구수[명]","명","9","0","2","1","1","2",
"진안군","100+","여자인구수[명]","명","19","8","11","14","15","17",
"무주군","0 - 4세","남자인구수[명]","명","232","189","172","149","152","144",
"무주군","0 - 4세","여자인구수[명]","명","226","197","173","163","156","144",
"무주군","5 - 9세","남자인구수[명]","명","407","382","334","304","246","207",
"무주군","5 - 9세","여자인구수[명]","명","347","298","274","236","226","212",
"무주군","10 - 14세","남자인구수[명]","명","464","450","428","405","420","392",
"무주군","10 - 14세","여자인구수[명]","명","441","451","419","399","349","331",
"무주군","15 - 19세","남자인구수[명]","명","469","443","452","457","441","474",
"무주군","15 - 19세","여자인구수[명]","명","446","428","447","447","458","463",
"무주군","20 - 24세","남자인구수[명]","명","524","503","484","454","449","407",
"무주군","20 - 24세","여자인구수[명]","명","407","391","379","374","356","352",
"무주군","25 - 29세","남자인구수[명]","명","462","433","412","401","417","392",
"무주군","25 - 29세","여자인구수[명]","명","389","370","314","299","305","296",
"무주군","30 - 34세","남자인구수[명]","명","430","427","391","394","390","417",
"무주군","30 - 34세","여자인구수[명]","명","340","328","329","329","334","334",
"무주군","35 - 39세","남자인구수[명]","명","504","480","432","389","388","372",
"무주군","35 - 39세","여자인구수[명]","명","426","387","353","342","303","302",
"무주군","40 - 44세","남자인구수[명]","명","689","616","608","612","540","516",
"무주군","40 - 44세","여자인구수[명]","명","568","553","497","502","471","434",
"무주군","45 - 49세","남자인구수[명]","명","909","876","842","749","710","672",
"무주군","45 - 49세","여자인구수[명]","명","709","675","695","622","602","599",
"무주군","50 - 54세","남자인구수[명]","명","1123","1087","1085","1071","1066","979",
"무주군","50 - 54세","여자인구수[명]","명","861","858","822","800","767","745",
"무주군","55 - 59세","남자인구수[명]","명","1197","1195","1144","1189","1183","1190",
"무주군","55 - 59세","여자인구수[명]","명","1024","982","950","964","986","944",
"무주군","60 - 64세","남자인구수[명]","명","1244","1362","1417","1417","1387","1306",
"무주군","60 - 64세","여자인구수[명]","명","1123","1234","1243","1229","1175","1131",
"무주군","65 - 69세","남자인구수[명]","명","1009","1065","1159","1251","1290","1366",
"무주군","65 - 69세","여자인구수[명]","명","1016","1003","1050","1133","1154","1173",
"무주군","70 - 74세","남자인구수[명]","명","754","776","831","829","913","995",
"무주군","70 - 74세","여자인구수[명]","명","931","897","928","912","985","1017",
"무주군","75 - 79세","남자인구수[명]","명","663","594","563","592","630","678",
"무주군","75 - 79세","여자인구수[명]","명","1032","986","861","839","830","870",
"무주군","80 - 84세","남자인구수[명]","명","548","583","608","560","518","497",
"무주군","80 - 84세","여자인구수[명]","명","957","973","1060","1021","948","884",
"무주군","85 - 89세","남자인구수[명]","명","251","287","281","313","328","340",
"무주군","85 - 89세","여자인구수[명]","명","561","625","663","687","708","728",
"무주군","90 - 94세","남자인구수[명]","명","61","65","72","77","91","100",
"무주군","90 - 94세","여자인구수[명]","명","208","218","234","254","276","295",
"무주군","95 - 99세","남자인구수[명]","명","14","10","15","14","12","15",
"무주군","95 - 99세","여자인구수[명]","명","48","50","50","55","62","62",
"무주군","100+","남자인구수[명]","명","5","3","1","2","1","2",
"무주군","100+","여자인구수[명]","명","17","18","17","15","9","10",
"장수군","0 - 4세","남자인구수[명]","명","240","201","192","170","156","138",
"장수군","0 - 4세","여자인구수[명]","명","206","197","185","181","163","159",
"장수군","5 - 9세","남자인구수[명]","명","359","333","293","251","226","216",
"장수군","5 - 9세","여자인구수[명]","명","351","294","259","216","183","174",
"장수군","10 - 14세","남자인구수[명]","명","417","427","410","396","367","333",
"장수군","10 - 14세","여자인구수[명]","명","403","416","378","340","355","327",
"장수군","15 - 19세","남자인구수[명]","명","430","394","397","410","409","416",
"장수군","15 - 19세","여자인구수[명]","명","408","390","402","408","387","377",
"장수군","20 - 24세","남자인구수[명]","명","489","479","455","396","365","367",
"장수군","20 - 24세","여자인구수[명]","명","413","378","304","296","288","303",
"장수군","25 - 29세","남자인구수[명]","명","449","401","413","396","351","369",
"장수군","25 - 29세","여자인구수[명]","명","318","290","287","274","254","287",
"장수군","30 - 34세","남자인구수[명]","명","362","316","289","271","300","321",
"장수군","30 - 34세","여자인구수[명]","명","346","311","268","237","236","258",
"장수군","35 - 39세","남자인구수[명]","명","446","401","387","350","341","327",
"장수군","35 - 39세","여자인구수[명]","명","399","372","361","345","318","322",
"장수군","40 - 44세","남자인구수[명]","명","647","620","562","525","480","471",
"장수군","40 - 44세","여자인구수[명]","명","474","467","450","434","415","396",
"장수군","45 - 49세","남자인구수[명]","명","817","736","732","687","672","655",
"장수군","45 - 49세","여자인구수[명]","명","644","582","547","502","475","470",
"장수군","50 - 54세","남자인구수[명]","명","969","982","949","908","860","859",
"장수군","50 - 54세","여자인구수[명]","명","722","749","730","708","659","666",
"장수군","55 - 59세","남자인구수[명]","명","1098","1075","1032","1089","1087","1058",
"장수군","55 - 59세","여자인구수[명]","명","893","829","821","868","880","881",
"장수군","60 - 64세","남자인구수[명]","명","1152","1222","1282","1242","1201","1249",
"장수군","60 - 64세","여자인구수[명]","명","1076","1117","1099","1053","992","994",
"장수군","65 - 69세","남자인구수[명]","명","991","1029","1048","1091","1153","1219",
"장수군","65 - 69세","여자인구수[명]","명","997","1026","1028","1070","1117","1152",
"장수군","70 - 74세","남자인구수[명]","명","787","829","879","896","920","989",
"장수군","70 - 74세","여자인구수[명]","명","825","858","894","863","921","987",
"장수군","75 - 79세","남자인구수[명]","명","579","556","558","613","653","715",
"장수군","75 - 79세","여자인구수[명]","명","945","832","734","772","751","791",
"장수군","80 - 84세","남자인구수[명]","명","451","461","491","483","464","449",
"장수군","80 - 84세","여자인구수[명]","명","902","932","1008","978","890","822",
"장수군","85 - 89세","남자인구수[명]","명","246","269","255","261","257","268",
"장수군","85 - 89세","여자인구수[명]","명","522","596","612","633","696","676",
"장수군","90 - 94세","남자인구수[명]","명","54","71","83","86","98","97",
"장수군","90 - 94세","여자인구수[명]","명","187","188","190","215","258","282",
"장수군","95 - 99세","남자인구수[명]","명","13","9","10","13","10","13",
"장수군","95 - 99세","여자인구수[명]","명","37","48","49","45","42","59",
"장수군","100+","남자인구수[명]","명","4","1","1","1","2","2",
"장수군","100+","여자인구수[명]","명","17","11","12","10","11","8",
"임실군","0 - 4세","남자인구수[명]","명","367","349","309","274","248","223",
"임실군","0 - 4세","여자인구수[명]","명","304","305","298","277","243","234",
"임실군","5 - 9세","남자인구수[명]","명","348","316","333","304","292","270",
"임실군","5 - 9세","여자인구수[명]","명","324","315","294","245","244","249",
"임실군","10 - 14세","남자인구수[명]","명","411","422","395","354","339","330",
"임실군","10 - 14세","여자인구수[명]","명","403","380","364","344","316","294",
"임실군","15 - 19세","남자인구수[명]","명","475","422","413","407","393","390",
"임실군","15 - 19세","여자인구수[명]","명","391","350","356","348","339","348",
"임실군","20 - 24세","남자인구수[명]","명","635","561","516","472","450","396",
"임실군","20 - 24세","여자인구수[명]","명","440","381","370","343","321","264",
"임실군","25 - 29세","남자인구수[명]","명","600","551","539","542","492","456",
"임실군","25 - 29세","여자인구수[명]","명","426","394","364","355","349","330",
"임실군","30 - 34세","남자인구수[명]","명","509","489","456","445","437","447",
"임실군","30 - 34세","여자인구수[명]","명","410","397","408","398","386","382",
"임실군","35 - 39세","남자인구수[명]","명","557","513","466","445","444","437",
"임실군","35 - 39세","여자인구수[명]","명","465","415","419","379","351","358",
"임실군","40 - 44세","남자인구수[명]","명","758","709","689","626","574","523",
"임실군","40 - 44세","여자인구수[명]","명","469","467","466","440","431","420",
"임실군","45 - 49세","남자인구수[명]","명","978","895","828","762","765","742",
"임실군","45 - 49세","여자인구수[명]","명","639","593","531","489","477","485",
"임실군","50 - 54세","남자인구수[명]","명","1231","1179","1161","1102","1060","977",
"임실군","50 - 54세","여자인구수[명]","명","949","890","827","763","718","652",
"임실군","55 - 59세","남자인구수[명]","명","1438","1387","1360","1380","1347","1313",
"임실군","55 - 59세","여자인구수[명]","명","1070","1041","1035","1051","1033","1029",
"임실군","60 - 64세","남자인구수[명]","명","1503","1597","1673","1700","1661","1595",
"임실군","60 - 64세","여자인구수[명]","명","1262","1307","1368","1354","1250","1171",
"임실군","65 - 69세","남자인구수[명]","명","1166","1269","1345","1420","1513","1633",
"임실군","65 - 69세","여자인구수[명]","명","1063","1070","1093","1129","1215","1306",
"임실군","70 - 74세","남자인구수[명]","명","1065","1082","1081","1050","1116","1160",
"임실군","70 - 74세","여자인구수[명]","명","1177","1183","1135","1075","1074","1063",
"임실군","75 - 79세","남자인구수[명]","명","834","805","793","864","872","960",
"임실군","75 - 79세","여자인구수[명]","명","1222","1130","1000","1018","1055","1115",
"임실군","80 - 84세","남자인구수[명]","명","659","683","739","688","659","650",
"임실군","80 - 84세","여자인구수[명]","명","1252","1262","1334","1277","1168","1061",
"임실군","85 - 89세","남자인구수[명]","명","325","349","363","382","399","405",
"임실군","85 - 89세","여자인구수[명]","명","748","783","866","901","936","922",
"임실군","90 - 94세","남자인구수[명]","명","92","98","108","118","114","131",
"임실군","90 - 94세","여자인구수[명]","명","270","306","312","321","370","403",
"임실군","95 - 99세","남자인구수[명]","명","9","13","16","17","26","30",
"임실군","95 - 99세","여자인구수[명]","명","48","58","70","82","86","89",
"임실군","100+","남자인구수[명]","명","6","3","3","2","1","2",
"임실군","100+","여자인구수[명]","명","16","11","12","13","13","14",
"순창군","0 - 4세","남자인구수[명]","명","377","282","236","203","203","208",
"순창군","0 - 4세","여자인구수[명]","명","401","280","270","246","228","212",
"순창군","5 - 9세","남자인구수[명]","명","400","397","358","349","345","334",
"순창군","5 - 9세","여자인구수[명]","명","343","313","288","296","302","318",
"순창군","10 - 14세","남자인구수[명]","명","553","515","484","471","458","435",
"순창군","10 - 14세","여자인구수[명]","명","511","502","481","447","426","395",
"순창군","15 - 19세","남자인구수[명]","명","597","587","601","605","584","598",
"순창군","15 - 19세","여자인구수[명]","명","558","547","547","553","546","576",
"순창군","20 - 24세","남자인구수[명]","명","642","614","609","616","611","615",
"순창군","20 - 24세","여자인구수[명]","명","526","456","438","492","495","505",
"순창군","25 - 29세","남자인구수[명]","명","500","478","475","503","501","522",
"순창군","25 - 29세","여자인구수[명]","명","408","358","374","387","383","412",
"순창군","30 - 34세","남자인구수[명]","명","405","385","387","377","389","436",
"순창군","30 - 34세","여자인구수[명]","명","474","377","371","374","387","434",
"순창군","35 - 39세","남자인구수[명]","명","561","485","451","434","422","411",
"순창군","35 - 39세","여자인구수[명]","명","561","505","435","426","420","434",
"순창군","40 - 44세","남자인구수[명]","명","779","711","686","650","621","637",
"순창군","40 - 44세","여자인구수[명]","명","640","631","646","636","597","598",
"순창군","45 - 49세","남자인구수[명]","명","1103","1026","958","929","830","836",
"순창군","45 - 49세","여자인구수[명]","명","802","728","721","696","686","737",
"순창군","50 - 54세","남자인구수[명]","명","1212","1223","1248","1198","1206","1234",
"순창군","50 - 54세","여자인구수[명]","명","957","925","900","882","918","940",
"순창군","55 - 59세","남자인구수[명]","명","1242","1177","1172","1266","1293","1398",
"순창군","55 - 59세","여자인구수[명]","명","1094","1062","1057","1081","1071","1117",
"순창군","60 - 64세","남자인구수[명]","명","1420","1507","1563","1537","1502","1467",
"순창군","60 - 64세","여자인구수[명]","명","1289","1303","1324","1331","1272","1261",
"순창군","65 - 69세","남자인구수[명]","명","1034","1111","1204","1302","1431","1593",
"순창군","65 - 69세","여자인구수[명]","명","1089","1137","1177","1189","1271","1411",
"순창군","70 - 74세","남자인구수[명]","명","940","922","902","881","931","1055",
"순창군","70 - 74세","여자인구수[명]","명","1152","1079","1032","1008","1032","1103",
"순창군","75 - 79세","남자인구수[명]","명","768","724","724","786","824","846",
"순창군","75 - 79세","여자인구수[명]","명","1324","1213","1093","1071","1075","1084",
"순창군","80 - 84세","남자인구수[명]","명","616","631","647","596","578","585",
"순창군","80 - 84세","여자인구수[명]","명","1206","1236","1360","1317","1239","1165",
"순창군","85 - 89세","남자인구수[명]","명","276","303","314","347","371","347",
"순창군","85 - 89세","여자인구수[명]","명","649","685","747","826","843","876",
"순창군","90 - 94세","남자인구수[명]","명","80","99","99","92","96","111",
"순창군","90 - 94세","여자인구수[명]","명","218","258","255","269","331","357",
"순창군","95 - 99세","남자인구수[명]","명","15","11","19","18","20","20",
"순창군","95 - 99세","여자인구수[명]","명","60","56","61","59","66","75",
"순창군","100+","남자인구수[명]","명","0","1","1","1","1","1",
"순창군","100+","여자인구수[명]","명","28","15","12","17","17","15",
"고창군","0 - 4세","남자인구수[명]","명","564","524","481","435","375","344",
"고창군","0 - 4세","여자인구수[명]","명","498","464","422","352","354","346",
"고창군","5 - 9세","남자인구수[명]","명","856","771","704","654","593","548",
"고창군","5 - 9세","여자인구수[명]","명","772","695","639","606","550","471",
"고창군","10 - 14세","남자인구수[명]","명","996","1013","954","955","978","910",
"고창군","10 - 14세","여자인구수[명]","명","888","898","868","844","807","795",
"고창군","15 - 19세","남자인구수[명]","명","1326","1229","1173","1173","1150","1277",
"고창군","15 - 19세","여자인구수[명]","명","1027","926","891","869","895","913",
"고창군","20 - 24세","남자인구수[명]","명","1362","1303","1174","1074","950","855",
"고창군","20 - 24세","여자인구수[명]","명","1013","928","883","746","688","622",
"고창군","25 - 29세","남자인구수[명]","명","1085","1019","967","956","922","937",
"고창군","25 - 29세","여자인구수[명]","명","848","771","709","717","663","651",
"고창군","30 - 34세","남자인구수[명]","명","881","857","823","854","838","860",
"고창군","30 - 34세","여자인구수[명]","명","787","752","728","700","738","742",
"고창군","35 - 39세","남자인구수[명]","명","1198","1072","989","896","853","815",
"고창군","35 - 39세","여자인구수[명]","명","994","893","845","845","778","750",
"고창군","40 - 44세","남자인구수[명]","명","1441","1395","1339","1312","1252","1213",
"고창군","40 - 44세","여자인구수[명]","명","1134","1136","1100","1085","1066","1022",
"고창군","45 - 49세","남자인구수[명]","명","2072","1902","1774","1639","1528","1440",
"고창군","45 - 49세","여자인구수[명]","명","1517","1400","1319","1228","1143","1165",
"고창군","50 - 54세","남자인구수[명]","명","2402","2365","2347","2275","2194","2100",
"고창군","50 - 54세","여자인구수[명]","명","1904","1851","1836","1736","1665","1557",
"고창군","55 - 59세","남자인구수[명]","명","2533","2491","2484","2548","2549","2469",
"고창군","55 - 59세","여자인구수[명]","명","2229","2068","1952","2007","1985","1950",
"고창군","60 - 64세","남자인구수[명]","명","2752","2864","2845","2802","2740","2683",
"고창군","60 - 64세","여자인구수[명]","명","2668","2757","2728","2603","2506","2325",
"고창군","65 - 69세","남자인구수[명]","명","2051","2217","2361","2598","2697","2833",
"고창군","65 - 69세","여자인구수[명]","명","2218","2292","2405","2584","2642","2740",
"고창군","70 - 74세","남자인구수[명]","명","1996","2005","1942","1901","1959","2008",
"고창군","70 - 74세","여자인구수[명]","명","2273","2224","2184","2114","2126","2216",
"고창군","75 - 79세","남자인구수[명]","명","1613","1568","1573","1638","1698","1823",
"고창군","75 - 79세","여자인구수[명]","명","2505","2297","2076","2073","2118","2155",
"고창군","80 - 84세","남자인구수[명]","명","1144","1189","1299","1279","1293","1259",
"고창군","80 - 84세","여자인구수[명]","명","2236","2320","2503","2416","2302","2154",
"고창군","85 - 89세","남자인구수[명]","명","551","560","598","642","664","662",
"고창군","85 - 89세","여자인구수[명]","명","1349","1440","1479","1589","1649","1621",
"고창군","90 - 94세","남자인구수[명]","명","120","144","159","164","184","214",
"고창군","90 - 94세","여자인구수[명]","명","552","609","582","626","659","721",
"고창군","95 - 99세","남자인구수[명]","명","20","17","18","20","22","21",
"고창군","95 - 99세","여자인구수[명]","명","118","135","152","155","172","172",
"고창군","100+","남자인구수[명]","명","1","2","1","2","2","3",
"고창군","100+","여자인구수[명]","명","35","23","32","38","35","34",
"부안군","0 - 4세","남자인구수[명]","명","539","487","406","381","357","346",
"부안군","0 - 4세","여자인구수[명]","명","498","442","416","367","346","323",
"부안군","5 - 9세","남자인구수[명]","명","802","762","704","618","570","510",
"부안군","5 - 9세","여자인구수[명]","명","722","660","601","546","488","414",
"부안군","10 - 14세","남자인구수[명]","명","840","860","868","853","836","799",
"부안군","10 - 14세","여자인구수[명]","명","826","823","792","780","761","727",
"부안군","15 - 19세","남자인구수[명]","명","1121","971","919","873","838","846",
"부안군","15 - 19세","여자인구수[명]","명","936","863","846","817","810","797",
"부안군","20 - 24세","남자인구수[명]","명","1330","1269","1202","1110","1034","916",
"부안군","20 - 24세","여자인구수[명]","명","1053","966","902","821","689","647",
"부안군","25 - 29세","남자인구수[명]","명","1090","1000","975","928","884","847",
"부안군","25 - 29세","여자인구수[명]","명","832","753","704","685","644","617",
"부안군","30 - 34세","남자인구수[명]","명","936","891","839","869","836","825",
"부안군","30 - 34세","여자인구수[명]","명","739","698","699","698","692","681",
"부안군","35 - 39세","남자인구수[명]","명","1173","1070","992","891","831","816",
"부안군","35 - 39세","여자인구수[명]","명","1055","977","881","787","729","676",
"부안군","40 - 44세","남자인구수[명]","명","1492","1364","1325","1280","1195","1114",
"부안군","40 - 44세","여자인구수[명]","명","1189","1140","1138","1126","1065","1000",
"부안군","45 - 49세","남자인구수[명]","명","1951","1848","1770","1679","1491","1479",
"부안군","45 - 49세","여자인구수[명]","명","1513","1391","1402","1278","1193","1209",
"부안군","50 - 54세","남자인구수[명]","명","2323","2269","2242","2138","2133","2022",
"부안군","50 - 54세","여자인구수[명]","명","1786","1770","1717","1666","1639","1563",
"부안군","55 - 59세","남자인구수[명]","명","2504","2483","2399","2429","2414","2356",
"부안군","55 - 59세","여자인구수[명]","명","2232","2032","2004","2001","1896","1853",
"부안군","60 - 64세","남자인구수[명]","명","2695","2784","2745","2731","2618","2617",
"부안군","60 - 64세","여자인구수[명]","명","2592","2713","2664","2577","2506","2338",
"부안군","65 - 69세","남자인구수[명]","명","2125","2187","2376","2509","2624","2673",
"부안군","65 - 69세","여자인구수[명]","명","2217","2244","2336","2522","2513","2573",
"부안군","70 - 74세","남자인구수[명]","명","1903","1901","1883","1849","1880","1994",
"부안군","70 - 74세","여자인구수[명]","명","2209","2207","2134","2065","2083","2137",
"부안군","75 - 79세","남자인구수[명]","명","1441","1466","1459","1520","1598","1644",
"부안군","75 - 79세","여자인구수[명]","명","2155","2091","1951","1921","1946","2059",
"부안군","80 - 84세","남자인구수[명]","명","1045","1032","1147","1117","1066","1059",
"부안군","80 - 84세","여자인구수[명]","명","1906","1911","2080","2050","1926","1816",
"부안군","85 - 89세","남자인구수[명]","명","468","485","539","562","634","609",
"부안군","85 - 89세","여자인구수[명]","명","1248","1294","1338","1341","1425","1359",
"부안군","90 - 94세","남자인구수[명]","명","113","117","106","147","154","174",
"부안군","90 - 94세","여자인구수[명]","명","412","474","477","522","571","629",
"부안군","95 - 99세","남자인구수[명]","명","19","14","15","12","16","24",
"부안군","95 - 99세","여자인구수[명]","명","75","67","85","107","120","119",
"부안군","100+","남자인구수[명]","명","4","2","2","0","1","0",
"부안군","100+","여자인구수[명]","명","31","17","14","14","14","13",
"전라남도","0 - 4세","남자인구수[명]","명","28653","25841","23735","22170","21076","20862",
"전라남도","0 - 4세","여자인구수[명]","명","27381","24722","22881","21523","20452","20168",
"전라남도","5 - 9세","남자인구수[명]","명","38703","37257","35008","32837","30679","27947",
"전라남도","5 - 9세","여자인구수[명]","명","37465","35892","33265","31196","29161","26631",
"전라남도","10 - 14세","남자인구수[명]","명","41309","41788","41415","40724","40075","39018",
"전라남도","10 - 14세","여자인구수[명]","명","38820","39476","39461","38876","38355","37499",
"전라남도","15 - 19세","남자인구수[명]","명","45499","42628","41849","41083","40181","40971",
"전라남도","15 - 19세","여자인구수[명]","명","41680","39256","38841","38250","37827","38234",
"전라남도","20 - 24세","남자인구수[명]","명","59363","56085","52132","48690","45066","40712",
"전라남도","20 - 24세","여자인구수[명]","명","47230","44385","41156","38249","35354","32084",
"전라남도","25 - 29세","남자인구수[명]","명","52717","52323","52003","51068","49644","48358",
"전라남도","25 - 29세","여자인구수[명]","명","41399","40942","40679","40145","39165","38313",
"전라남도","30 - 34세","남자인구수[명]","명","42269","42365","43436","45111","46687","48513",
"전라남도","30 - 34세","여자인구수[명]","명","37942","37598","38221","39198","39958","41127",
"전라남도","35 - 39세","남자인구수[명]","명","55660","51559","47092","44360","42806","42074",
"전라남도","35 - 39세","여자인구수[명]","명","50193","46906","43513","40833","39693","38637",
"전라남도","40 - 44세","남자인구수[명]","명","63011","62701","62844","62384","59449","56384",
"전라남도","40 - 44세","여자인구수[명]","명","55911","56246","55832","56043","53236","50636",
"전라남도","45 - 49세","남자인구수[명]","명","75935","71686","68797","65440","63689","63689",
"전라남도","45 - 49세","여자인구수[명]","명","64892","61621","60059","56946","56372","56570",
"전라남도","50 - 54세","남자인구수[명]","명","84480","84545","83961","81833","80304","77077",
"전라남도","50 - 54세","여자인구수[명]","명","71238","71850","71396","70068","68745","66415",
"전라남도","55 - 59세","남자인구수[명]","명","83610","83824","83848","85337","85972","86052",
"전라남도","55 - 59세","여자인구수[명]","명","74351","72244","72143","73044","73296","73616",
"전라남도","60 - 64세","남자인구수[명]","명","79664","83910","86000","87177","86296","85038",
"전라남도","60 - 64세","여자인구수[명]","명","76294","79955","80649","80758","78789","76234",
"전라남도","65 - 69세","남자인구수[명]","명","57527","60171","63873","69663","74424","79374",
"전라남도","65 - 69세","여자인구수[명]","명","58892","60835","63316","67859","72190","76614",
"전라남도","70 - 74세","남자인구수[명]","명","48265","49697","50272","49735","51028","54445",
"전라남도","70 - 74세","여자인구수[명]","명","54459","54935","54722","53945","54863","57725",
"전라남도","75 - 79세","남자인구수[명]","명","36114","35452","35531","37643","39929","42224",
"전라남도","75 - 79세","여자인구수[명]","명","54068","50938","48235","48599","49601","50789",
"전라남도","80 - 84세","남자인구수[명]","명","24536","26065","28319","27986","27432","27070",
"전라남도","80 - 84세","여자인구수[명]","명","47889","49547","52517","50850","48625","46440",
"전라남도","85 - 89세","남자인구수[명]","명","9999","10852","11456","12437","13399","14129",
"전라남도","85 - 89세","여자인구수[명]","명","27194","29026","30514","32417","33766","34624",
"전라남도","90 - 94세","남자인구수[명]","명","2683","2925","3166","3273","3564","3974",
"전라남도","90 - 94세","여자인구수[명]","명","10374","11279","11981","12662","13550","14311",
"전라남도","95 - 99세","남자인구수[명]","명","496","497","480","528","607","657",
"전라남도","95 - 99세","여자인구수[명]","명","2514","2515","2557","2685","2973","3366",
"전라남도","100+","남자인구수[명]","명","122","50","55","69","73","72",
"전라남도","100+","여자인구수[명]","명","748","414","487","523","468","462",
"목포시","0 - 4세","남자인구수[명]","명","3569","2953","2653","2382","2099","1846",
"목포시","0 - 4세","여자인구수[명]","명","3267","2759","2476","2261","1985","1792",
"목포시","5 - 9세","남자인구수[명]","명","5856","5481","5018","4571","4063","3413",
"목포시","5 - 9세","여자인구수[명]","명","5603","5154","4695","4303","3805","3211",
"목포시","10 - 14세","남자인구수[명]","명","6162","6193","6243","6123","5862","5362",
"목포시","10 - 14세","여자인구수[명]","명","5875","5906","5959","5799","5596","5174",
"목포시","15 - 19세","남자인구수[명]","명","6390","5977","5911","5784","5694","5633",
"목포시","15 - 19세","여자인구수[명]","명","6084","5726","5691","5589","5438","5265",
"목포시","20 - 24세","남자인구수[명]","명","8156","7700","7205","6714","6189","5399",
"목포시","20 - 24세","여자인구수[명]","명","6825","6408","5977","5522","5097","4450",
"목포시","25 - 29세","남자인구수[명]","명","6499","6476","6562","6577","6434","6092",
"목포시","25 - 29세","여자인구수[명]","명","5654","5614","5696","5561","5393","5161",
"목포시","30 - 34세","남자인구수[명]","명","5261","5130","5279","5385","5444","5541",
"목포시","30 - 34세","여자인구수[명]","명","5029","4751","4876","5015","4908","4790",
"목포시","35 - 39세","남자인구수[명]","명","8007","7044","6246","5642","5172","4714",
"목포시","35 - 39세","여자인구수[명]","명","7454","6693","6142","5522","5053","4479",
"목포시","40 - 44세","남자인구수[명]","명","9072","8994","9095","8854","8192","7289",
"목포시","40 - 44세","여자인구수[명]","명","8565","8473","8337","8293","7769","6958",
"목포시","45 - 49세","남자인구수[명]","명","10205","9578","9267","8917","8844","8530",
"목포시","45 - 49세","여자인구수[명]","명","9539","9002","8905","8456","8305","8055",
"목포시","50 - 54세","남자인구수[명]","명","9630","9747","9979","10125","9968","9690",
"목포시","50 - 54세","여자인구수[명]","명","9084","9175","9349","9508","9429","8960",
"목포시","55 - 59세","남자인구수[명]","명","8568","8513","8604","8828","9158","9068",
"목포시","55 - 59세","여자인구수[명]","명","9015","8553","8588","8505","8567","8477",
"목포시","60 - 64세","남자인구수[명]","명","8059","8358","8276","8271","8047","7883",
"목포시","60 - 64세","여자인구수[명]","명","8789","9168","9105","9203","8925","8453",
"목포시","65 - 69세","남자인구수[명]","명","5731","5862","6219","6645","7107","7334",
"목포시","65 - 69세","여자인구수[명]","명","6354","6578","6920","7435","7971","8262",
"목포시","70 - 74세","남자인구수[명]","명","4564","4659","4708","4689","4775","5073",
"목포시","70 - 74세","여자인구수[명]","명","5408","5550","5634","5641","5703","6090",
"목포시","75 - 79세","남자인구수[명]","명","3243","3303","3405","3575","3754","3869",
"목포시","75 - 79세","여자인구수[명]","명","4391","4460","4439","4631","4891","4990",
"목포시","80 - 84세","남자인구수[명]","명","1762","1967","2201","2248","2314","2405",
"목포시","80 - 84세","여자인구수[명]","명","3136","3330","3685","3609","3693","3728",
"목포시","85 - 89세","남자인구수[명]","명","631","666","730","836","932","1015",
"목포시","85 - 89세","여자인구수[명]","명","1567","1685","1784","1979","2041","2214",
"목포시","90 - 94세","남자인구수[명]","명","162","167","192","211","231","254",
"목포시","90 - 94세","여자인구수[명]","명","606","625","677","731","801","805",
"목포시","95 - 99세","남자인구수[명]","명","35","37","31","34","44","40",
"목포시","95 - 99세","여자인구수[명]","명","155","150","155","145","164","206",
"목포시","100+","남자인구수[명]","명","16","3","2","5","3","5",
"목포시","100+","여자인구수[명]","명","66","21","23","32","30","28",
"여수시","0 - 4세","남자인구수[명]","명","4511","4048","3735","3438","3175","3044",
"여수시","0 - 4세","여자인구수[명]","명","4282","3889","3632","3315","3107","2963",
"여수시","5 - 9세","남자인구수[명]","명","6128","5857","5667","5267","4892","4425",
"여수시","5 - 9세","여자인구수[명]","명","6021","5752","5376","5061","4640","4100",
"여수시","10 - 14세","남자인구수[명]","명","6366","6401","6257","6194","6142","5986",
"여수시","10 - 14세","여자인구수[명]","명","6082","6173","6138","6059","5956","5895",
"여수시","15 - 19세","남자인구수[명]","명","7370","6833","6635","6428","6103","6170",
"여수시","15 - 19세","여자인구수[명]","명","6594","6217","6151","5962","5856","5877",
"여수시","20 - 24세","남자인구수[명]","명","9803","9215","8590","8069","7565","6628",
"여수시","20 - 24세","여자인구수[명]","명","7792","7317","6825","6252","5779","5007",
"여수시","25 - 29세","남자인구수[명]","명","9344","9361","9236","8908","8499","7907",
"여수시","25 - 29세","여자인구수[명]","명","6780","6780","6870","6736","6437","6166",
"여수시","30 - 34세","남자인구수[명]","명","7384","7308","7655","7853","7934","8080",
"여수시","30 - 34세","여자인구수[명]","명","6132","6100","6275","6373","6382","6389",
"여수시","35 - 39세","남자인구수[명]","명","9293","8640","7932","7459","7070","6851",
"여수시","35 - 39세","여자인구수[명]","명","8217","7616","7033","6443","6157","5891",
"여수시","40 - 44세","남자인구수[명]","명","10187","10060","10141","10102","9497","8939",
"여수시","40 - 44세","여자인구수[명]","명","9178","9159","9105","9127","8525","8051",
"여수시","45 - 49세","남자인구수[명]","명","11947","11346","10739","10138","9964","9906",
"여수시","45 - 49세","여자인구수[명]","명","10603","10027","9793","9291","9126","9024",
"여수시","50 - 54세","남자인구수[명]","명","12798","12841","12850","12663","12308","11552",
"여수시","50 - 54세","여자인구수[명]","명","11418","11534","11362","11129","10999","10507",
"여수시","55 - 59세","남자인구수[명]","명","12608","12485","12307","12381","12429","12467",
"여수시","55 - 59세","여자인구수[명]","명","11697","11280","11226","11310","11309","11246",
"여수시","60 - 64세","남자인구수[명]","명","11475","11937","12149","12317","12213","11940",
"여수시","60 - 64세","여자인구수[명]","명","11645","12224","12288","12286","11895","11391",
"여수시","65 - 69세","남자인구수[명]","명","8749","8896","9239","10031","10409","10776",
"여수시","65 - 69세","여자인구수[명]","명","8923","9262","9587","10290","10787","11339",
"여수시","70 - 74세","남자인구수[명]","명","6826","7185","7369","7205","7519","7970",
"여수시","70 - 74세","여자인구수[명]","명","7416","7600","7766","7694","8052","8594",
"여수시","75 - 79세","남자인구수[명]","명","4338","4478","4698","5027","5423","5929",
"여수시","75 - 79세","여자인구수[명]","명","5954","5867","5930","6175","6505","6901",
"여수시","80 - 84세","남자인구수[명]","명","2579","2809","3107","3239","3336","3293",
"여수시","80 - 84세","여자인구수[명]","명","4524","4788","5312","5370","5301","5110",
"여수시","85 - 89세","남자인구수[명]","명","987","1063","1161","1262","1401","1542",
"여수시","85 - 89세","여자인구수[명]","명","2579","2652","2746","2899","3115","3294",
"여수시","90 - 94세","남자인구수[명]","명","236","272","300","313","336","380",
"여수시","90 - 94세","여자인구수[명]","명","1066","1158","1208","1236","1279","1318",
"여수시","95 - 99세","남자인구수[명]","명","49","35","48","53","51","51",
"여수시","95 - 99세","여자인구수[명]","명","256","259","270","279","282","326",
"여수시","100+","남자인구수[명]","명","17","4","6","7","7","6",
"여수시","100+","여자인구수[명]","명","88","34","51","55","54","53",
"순천시","0 - 4세","남자인구수[명]","명","5053","4758","4404","4159","3901","3871",
"순천시","0 - 4세","여자인구수[명]","명","4779","4441","4200","4059","3857","3717",
"순천시","5 - 9세","남자인구수[명]","명","7014","6796","6478","6193","5910","5355",
"순천시","5 - 9세","여자인구수[명]","명","6682","6543","6153","5787","5436","5083",
"순천시","10 - 14세","남자인구수[명]","명","7493","7577","7426","7359","7190","7145",
"순천시","10 - 14세","여자인구수[명]","명","6996","6996","6965","6912","6846","6755",
"순천시","15 - 19세","남자인구수[명]","명","8303","7713","7558","7440","7266","7357",
"순천시","15 - 19세","여자인구수[명]","명","7476","7158","7065","6957","6793","6829",
"순천시","20 - 24세","남자인구수[명]","명","10625","10228","9525","9019","8395","7615",
"순천시","20 - 24세","여자인구수[명]","명","9013","8534","7811","7381","6886","6326",
"순천시","25 - 29세","남자인구수[명]","명","9749","9750","9635","9342","8996","8790",
"순천시","25 - 29세","여자인구수[명]","명","8166","8227","7991","7815","7552","7294",
"순천시","30 - 34세","남자인구수[명]","명","7623","7951","8062","8618","8969","9312",
"순천시","30 - 34세","여자인구수[명]","명","7018","7200","7427","7687","7924","8255",
"순천시","35 - 39세","남자인구수[명]","명","9381","8951","8398","8038","7811","7799",
"순천시","35 - 39세","여자인구수[명]","명","9095","8661","8051","7733","7473","7307",
"순천시","40 - 44세","남자인구수[명]","명","9824","9969","9952","10128","9914","9489",
"순천시","40 - 44세","여자인구수[명]","명","10169","10158","10036","10045","9691","9216",
"순천시","45 - 49세","남자인구수[명]","명","11561","10971","10458","9879","9622","9752",
"순천시","45 - 49세","여자인구수[명]","명","11900","11389","11084","10424","10159","10156",
"순천시","50 - 54세","남자인구수[명]","명","12748","12682","12618","12281","12048","11533",
"순천시","50 - 54세","여자인구수[명]","명","12635","12798","12713","12400","12101","11714",
"순천시","55 - 59세","남자인구수[명]","명","12041","12160","12039","12270","12358","12463",
"순천시","55 - 59세","여자인구수[명]","명","11700","11577","11738","12173","12281","12318",
"순천시","60 - 64세","남자인구수[명]","명","10398","11128","11598","11894","11933","11657",
"순천시","60 - 64세","여자인구수[명]","명","10302","11058","11291","11627","11607","11470",
"순천시","65 - 69세","남자인구수[명]","명","6852","7164","7659","8519","9180","9993",
"순천시","65 - 69세","여자인구수[명]","명","6785","7177","7709","8467","9224","10143",
"순천시","70 - 74세","남자인구수[명]","명","5091","5371","5539","5603","5851","6355",
"순천시","70 - 74세","여자인구수[명]","명","5619","5810","5832","5832","6177","6639",
"순천시","75 - 79세","남자인구수[명]","명","3399","3408","3512","3749","4144","4531",
"순천시","75 - 79세","여자인구수[명]","명","4920","4695","4666","4748","4995","5291",
"순천시","80 - 84세","남자인구수[명]","명","2295","2451","2650","2708","2687","2637",
"순천시","80 - 84세","여자인구수[명]","명","4215","4341","4620","4690","4503","4380",
"순천시","85 - 89세","남자인구수[명]","명","1001","1099","1136","1229","1325","1389",
"순천시","85 - 89세","여자인구수[명]","명","2608","2825","2947","3044","3172","3185",
"순천시","90 - 94세","남자인구수[명]","명","272","289","315","336","379","440",
"순천시","90 - 94세","여자인구수[명]","명","1019","1079","1125","1241","1365","1466",
"순천시","95 - 99세","남자인구수[명]","명","41","48","48","46","59","66",
"순천시","95 - 99세","여자인구수[명]","명","259","254","250","256","301","349",
"순천시","100+","남자인구수[명]","명","8","2","4","4","5","9",
"순천시","100+","여자인구수[명]","명","61","49","49","45","43","41",
"나주시","0 - 4세","남자인구수[명]","명","2349","2217","2013","1925","1892","1951",
"나주시","0 - 4세","여자인구수[명]","명","2240","2051","1901","1866","1860","1899",
"나주시","5 - 9세","남자인구수[명]","명","2806","2863","2730","2694","2539","2385",
"나주시","5 - 9세","여자인구수[명]","명","2738","2714","2577","2509","2391","2245",
"나주시","10 - 14세","남자인구수[명]","명","2523","2653","2723","2781","2849","2855",
"나주시","10 - 14세","여자인구수[명]","명","2340","2527","2670","2692","2699","2723",
"나주시","15 - 19세","남자인구수[명]","명","2333","2305","2322","2427","2446","2568",
"나주시","15 - 19세","여자인구수[명]","명","2193","2158","2164","2211","2262","2345",
"나주시","20 - 24세","남자인구수[명]","명","3048","3012","2838","2715","2525","2362",
"나주시","20 - 24세","여자인구수[명]","명","2674","2563","2420","2294","2130","1916",
"나주시","25 - 29세","남자인구수[명]","명","3532","3428","3280","3283","3095","2996",
"나주시","25 - 29세","여자인구수[명]","명","3160","3208","3075","3098","2869","2808",
"나주시","30 - 34세","남자인구수[명]","명","3384","3496","3529","3685","3702","3786",
"나주시","30 - 34세","여자인구수[명]","명","3184","3186","3275","3447","3446","3643",
"나주시","35 - 39세","남자인구수[명]","명","4216","4053","3704","3617","3500","3582",
"나주시","35 - 39세","여자인구수[명]","명","3807","3690","3495","3416","3515","3514",
"나주시","40 - 44세","남자인구수[명]","명","4480","4589","4674","4733","4507","4388",
"나주시","40 - 44세","여자인구수[명]","명","3784","4026","4108","4253","4023","3933",
"나주시","45 - 49세","남자인구수[명]","명","4683","4631","4603","4466","4427","4445",
"나주시","45 - 49세","여자인구수[명]","명","3514","3500","3550","3587","3712","3841",
"나주시","50 - 54세","남자인구수[명]","명","4622","4729","4786","4868","4939","4860",
"나주시","50 - 54세","여자인구수[명]","명","3751","3801","3828","3790","3770","3724",
"나주시","55 - 59세","남자인구수[명]","명","4795","4847","4823","4776","4769","4781",
"나주시","55 - 59세","여자인구수[명]","명","4088","4031","4060","4104","4039","4042",
"나주시","60 - 64세","남자인구수[명]","명","4826","5006","5152","5252","5104","4989",
"나주시","60 - 64세","여자인구수[명]","명","4557","4702","4668","4634","4489","4307",
"나주시","65 - 69세","남자인구수[명]","명","3381","3649","3934","4251","4573","4878",
"나주시","65 - 69세","여자인구수[명]","명","3403","3657","3817","4102","4316","4545",
"나주시","70 - 74세","남자인구수[명]","명","2808","2906","2928","2917","3020","3208",
"나주시","70 - 74세","여자인구수[명]","명","3170","3153","3199","3144","3176","3360",
"나주시","75 - 79세","남자인구수[명]","명","2206","2126","2116","2224","2297","2425",
"나주시","75 - 79세","여자인구수[명]","명","3366","3159","2881","2905","2971","2951",
"나주시","80 - 84세","남자인구수[명]","명","1366","1524","1665","1655","1710","1689",
"나주시","80 - 84세","여자인구수[명]","명","2920","3058","3230","3108","2962","2839",
"나주시","85 - 89세","남자인구수[명]","명","615","638","680","737","768","806",
"나주시","85 - 89세","여자인구수[명]","명","1695","1760","1888","1975","2053","2094",
"나주시","90 - 94세","남자인구수[명]","명","165","183","204","204","228","262",
"나주시","90 - 94세","여자인구수[명]","명","651","722","757","809","851","862",
"나주시","95 - 99세","남자인구수[명]","명","45","46","40","44","34","39",
"나주시","95 - 99세","여자인구수[명]","명","130","129","117","141","159","196",
"나주시","100+","남자인구수[명]","명","11","5","5","7","10","8",
"나주시","100+","여자인구수[명]","명","54","25","27","31","27","26",
"광양시","0 - 4세","남자인구수[명]","명","2950","2704","2579","2433","2444","2538",
"광양시","0 - 4세","여자인구수[명]","명","2801","2648","2564","2436","2388","2417",
"광양시","5 - 9세","남자인구수[명]","명","3847","3733","3558","3369","3250","2971",
"광양시","5 - 9세","여자인구수[명]","명","3790","3571","3323","3189","3098","2890",
"광양시","10 - 14세","남자인구수[명]","명","4036","4067","4072","4078","4097","4010",
"광양시","10 - 14세","여자인구수[명]","명","3745","3818","3906","3894","3950","3873",
"광양시","15 - 19세","남자인구수[명]","명","4263","4058","4076","3949","3932","4065",
"광양시","15 - 19세","여자인구수[명]","명","4002","3705","3665","3742","3782","3914",
"광양시","20 - 24세","남자인구수[명]","명","6101","5550","5039","4679","4246","3804",
"광양시","20 - 24세","여자인구수[명]","명","4517","4139","3939","3444","3144","2825",
"광양시","25 - 29세","남자인구수[명]","명","5685","5657","5907","5765","5755","5522",
"광양시","25 - 29세","여자인구수[명]","명","3901","3912","4084","4088","4088","3910",
"광양시","30 - 34세","남자인구수[명]","명","4407","4543","4935","5323","5845","6143",
"광양시","30 - 34세","여자인구수[명]","명","3783","3791","4011","4215","4542","4711",
"광양시","35 - 39세","남자인구수[명]","명","5528","5174","4816","4642","4884","4926",
"광양시","35 - 39세","여자인구수[명]","명","4819","4553","4340","4125","4128","4122",
"광양시","40 - 44세","남자인구수[명]","명","5802","5952","6140","6235","6050","5863",
"광양시","40 - 44세","여자인구수[명]","명","5336","5302","5350","5441","5233","5035",
"광양시","45 - 49세","남자인구수[명]","명","6434","6041","5915","5824","5937","6136",
"광양시","45 - 49세","여자인구수[명]","명","6322","5807","5667","5362","5446","5500",
"광양시","50 - 54세","남자인구수[명]","명","8624","8275","7872","7346","7098","6778",
"광양시","50 - 54세","여자인구수[명]","명","7337","7564","7470","7260","6958","6562",
"광양시","55 - 59세","남자인구수[명]","명","7305","7702","8271","8738","9009","8828",
"광양시","55 - 59세","여자인구수[명]","명","5813","5902","6285","6799","7267","7597",
"광양시","60 - 64세","남자인구수[명]","명","5495","5987","6362","6762","6998","7348",
"광양시","60 - 64세","여자인구수[명]","명","4938","5382","5691","5878","5987","5935",
"광양시","65 - 69세","남자인구수[명]","명","3430","3659","4048","4523","4896","5302",
"광양시","65 - 69세","여자인구수[명]","명","3140","3291","3616","4027","4396","4920",
"광양시","70 - 74세","남자인구수[명]","명","2299","2485","2636","2705","2959","3251",
"광양시","70 - 74세","여자인구수[명]","명","2444","2559","2593","2599","2837","3083",
"광양시","75 - 79세","남자인구수[명]","명","1322","1367","1494","1668","1855","2073",
"광양시","75 - 79세","여자인구수[명]","명","2096","1977","1979","2053","2148","2333",
"광양시","80 - 84세","남자인구수[명]","명","1063","1031","1128","1116","1042","1046",
"광양시","80 - 84세","여자인구수[명]","명","1998","1988","2063","2032","1929","1852",
"광양시","85 - 89세","남자인구수[명]","명","424","501","526","587","647","665",
"광양시","85 - 89세","여자인구수[명]","명","1203","1269","1349","1411","1465","1459",
"광양시","90 - 94세","남자인구수[명]","명","107","123","131","129","143","181",
"광양시","90 - 94세","여자인구수[명]","명","490","570","582","601","615","655",
"광양시","95 - 99세","남자인구수[명]","명","17","17","16","20","20","19",
"광양시","95 - 99세","여자인구수[명]","명","131","139","144","148","157","173",
"광양시","100+","남자인구수[명]","명","5","0","2","1","1","0",
"광양시","100+","여자인구수[명]","명","19","18","24","30","26","24",
"담양군","0 - 4세","남자인구수[명]","명","542","456","418","416","393","394",
"담양군","0 - 4세","여자인구수[명]","명","583","506","454","437","381","352",
"담양군","5 - 9세","남자인구수[명]","명","635","606","589","561","498","458",
"담양군","5 - 9세","여자인구수[명]","명","585","609","577","559","500","451",
"담양군","10 - 14세","남자인구수[명]","명","701","741","740","721","725","692",
"담양군","10 - 14세","여자인구수[명]","명","653","659","651","631","644","642",
"담양군","15 - 19세","남자인구수[명]","명","885","802","779","780","783","795",
"담양군","15 - 19세","여자인구수[명]","명","790","783","782","780","761","716",
"담양군","20 - 24세","남자인구수[명]","명","1578","1415","1202","1043","879","816",
"담양군","20 - 24세","여자인구수[명]","명","1033","935","846","773","682","623",
"담양군","25 - 29세","남자인구수[명]","명","1278","1273","1265","1178","1107","1024",
"담양군","25 - 29세","여자인구수[명]","명","945","920","883","837","787","738",
"담양군","30 - 34세","남자인구수[명]","명","837","830","809","868","860","895",
"담양군","30 - 34세","여자인구수[명]","명","824","793","819","841","801","787",
"담양군","35 - 39세","남자인구수[명]","명","1054","992","938","861","799","743",
"담양군","35 - 39세","여자인구수[명]","명","929","919","838","785","781","760",
"담양군","40 - 44세","남자인구수[명]","명","1208","1200","1227","1156","1134","1071",
"담양군","40 - 44세","여자인구수[명]","명","925","985","996","1026","1000","975",
"담양군","45 - 49세","남자인구수[명]","명","1819","1712","1519","1485","1313","1266",
"담양군","45 - 49세","여자인구수[명]","명","1235","1221","1171","1096","1039","1015",
"담양군","50 - 54세","남자인구수[명]","명","2087","2171","2161","2051","2054","1894",
"담양군","50 - 54세","여자인구수[명]","명","1678","1689","1683","1608","1566","1448",
"담양군","55 - 59세","남자인구수[명]","명","2398","2377","2332","2357","2256","2213",
"담양군","55 - 59세","여자인구수[명]","명","1983","1955","1940","1961","1959","1982",
"담양군","60 - 64세","남자인구수[명]","명","2464","2655","2760","2841","2732","2634",
"담양군","60 - 64세","여자인구수[명]","명","2195","2314","2355","2348","2299","2251",
"담양군","65 - 69세","남자인구수[명]","명","1804","1935","2045","2199","2410","2644",
"담양군","65 - 69세","여자인구수[명]","명","1818","1862","1938","2041","2130","2265",
"담양군","70 - 74세","남자인구수[명]","명","1606","1603","1594","1581","1638","1725",
"담양군","70 - 74세","여자인구수[명]","명","1691","1703","1666","1677","1731","1800",
"담양군","75 - 79세","남자인구수[명]","명","1219","1174","1191","1267","1361","1421",
"담양군","75 - 79세","여자인구수[명]","명","1830","1668","1562","1507","1530","1575",
"담양군","80 - 84세","남자인구수[명]","명","870","946","1053","1001","916","926",
"담양군","80 - 84세","여자인구수[명]","명","1660","1726","1862","1797","1691","1596",
"담양군","85 - 89세","남자인구수[명]","명","374","393","391","445","498","519",
"담양군","85 - 89세","여자인구수[명]","명","931","1012","1080","1160","1262","1259",
"담양군","90 - 94세","남자인구수[명]","명","114","120","133","121","128","138",
"담양군","90 - 94세","여자인구수[명]","명","378","380","406","416","438","515",
"담양군","95 - 99세","남자인구수[명]","명","25","25","20","26","27","29",
"담양군","95 - 99세","여자인구수[명]","명","81","88","89","101","107","109",
"담양군","100+","남자인구수[명]","명","4","2","2","3","5","3",
"담양군","100+","여자인구수[명]","명","31","25","26","31","18","18",
"곡성군","0 - 4세","남자인구수[명]","명","216","173","138","127","134","158",
"곡성군","0 - 4세","여자인구수[명]","명","207","166","143","132","153","169",
"곡성군","5 - 9세","남자인구수[명]","명","340","330","286","265","239","216",
"곡성군","5 - 9세","여자인구수[명]","명","322","295","276","262","229","215",
"곡성군","10 - 14세","남자인구수[명]","명","449","433","442","405","374","373",
"곡성군","10 - 14세","여자인구수[명]","명","374","391","360","343","336","343",
"곡성군","15 - 19세","남자인구수[명]","명","568","563","499","502","474","486",
"곡성군","15 - 19세","여자인구수[명]","명","537","472","418","394","384","394",
"곡성군","20 - 24세","남자인구수[명]","명","687","637","605","572","490","497",
"곡성군","20 - 24세","여자인구수[명]","명","613","523","479","432","395","391",
"곡성군","25 - 29세","남자인구수[명]","명","607","563","552","562","520","524",
"곡성군","25 - 29세","여자인구수[명]","명","480","450","479","463","417","427",
"곡성군","30 - 34세","남자인구수[명]","명","390","403","404","422","474","524",
"곡성군","30 - 34세","여자인구수[명]","명","354","359","334","350","409","462",
"곡성군","35 - 39세","남자인구수[명]","명","528","454","433","397","370","379",
"곡성군","35 - 39세","여자인구수[명]","명","446","403","380","370","353","381",
"곡성군","40 - 44세","남자인구수[명]","명","664","632","612","619","570","578",
"곡성군","40 - 44세","여자인구수[명]","명","519","547","514","521","507","483",
"곡성군","45 - 49세","남자인구수[명]","명","1035","971","877","799","747","737",
"곡성군","45 - 49세","여자인구수[명]","명","807","736","693","649","607","605",
"곡성군","50 - 54세","남자인구수[명]","명","1283","1246","1227","1150","1117","1111",
"곡성군","50 - 54세","여자인구수[명]","명","1008","968","929","921","912","924",
"곡성군","55 - 59세","남자인구수[명]","명","1415","1407","1387","1435","1411","1412",
"곡성군","55 - 59세","여자인구수[명]","명","1191","1132","1093","1124","1086","1170",
"곡성군","60 - 64세","남자인구수[명]","명","1527","1658","1677","1705","1689","1693",
"곡성군","60 - 64세","여자인구수[명]","명","1287","1390","1455","1408","1404","1405",
"곡성군","65 - 69세","남자인구수[명]","명","1093","1138","1251","1388","1490","1670",
"곡성군","65 - 69세","여자인구수[명]","명","1097","1109","1105","1208","1272","1396",
"곡성군","70 - 74세","남자인구수[명]","명","1010","1004","1025","1038","1063","1127",
"곡성군","70 - 74세","여자인구수[명]","명","1162","1128","1109","1066","1042","1110",
"곡성군","75 - 79세","남자인구수[명]","명","803","789","773","784","847","924",
"곡성군","75 - 79세","여자인구수[명]","명","1310","1184","1050","1054","1077","1095",
"곡성군","80 - 84세","남자인구수[명]","명","668","686","711","682","639","612",
"곡성군","80 - 84세","여자인구수[명]","명","1372","1361","1420","1332","1221","1114",
"곡성군","85 - 89세","남자인구수[명]","명","325","345","368","389","383","376",
"곡성군","85 - 89세","여자인구수[명]","명","825","896","937","996","1004","1018",
"곡성군","90 - 94세","남자인구수[명]","명","83","86","93","109","133","138",
"곡성군","90 - 94세","여자인구수[명]","명","329","375","388","377","436","473",
"곡성군","95 - 99세","남자인구수[명]","명","13","19","24","24","26","28",
"곡성군","95 - 99세","여자인구수[명]","명","81","99","98","114","116","129",
"곡성군","100+","남자인구수[명]","명","3","3","2","1","2","2",
"곡성군","100+","여자인구수[명]","명","11","11","14","14","14","18",
"구례군","0 - 4세","남자인구수[명]","명","213","179","169","168","150","138",
"구례군","0 - 4세","여자인구수[명]","명","222","195","170","159","130","135",
"구례군","5 - 9세","남자인구수[명]","명","350","314","291","236","233","217",
"구례군","5 - 9세","여자인구수[명]","명","356","336","305","269","255","218",
"구례군","10 - 14세","남자인구수[명]","명","439","442","421","383","371","357",
"구례군","10 - 14세","여자인구수[명]","명","411","419","399","400","385","364",
"구례군","15 - 19세","남자인구수[명]","명","545","486","455","451","433","425",
"구례군","15 - 19세","여자인구수[명]","명","463","427","418","374","383","379",
"구례군","20 - 24세","남자인구수[명]","명","607","591","559","508","467","424",
"구례군","20 - 24세","여자인구수[명]","명","493","461","391","398","368","351",
"구례군","25 - 29세","남자인구수[명]","명","462","475","435","407","421","402",
"구례군","25 - 29세","여자인구수[명]","명","423","355","329","287","289","318",
"구례군","30 - 34세","남자인구수[명]","명","345","310","302","303","335","371",
"구례군","30 - 34세","여자인구수[명]","명","361","342","319","328","297","299",
"구례군","35 - 39세","남자인구수[명]","명","557","461","379","360","299","275",
"구례군","35 - 39세","여자인구수[명]","명","423","393","353","348","349","321",
"구례군","40 - 44세","남자인구수[명]","명","626","609","603","575","544","498",
"구례군","40 - 44세","여자인구수[명]","명","582","549","516","494","456","427",
"구례군","45 - 49세","남자인구수[명]","명","965","847","771","704","636","624",
"구례군","45 - 49세","여자인구수[명]","명","753","702","674","615","605","614",
"구례군","50 - 54세","남자인구수[명]","명","1226","1264","1220","1160","1072","981",
"구례군","50 - 54세","여자인구수[명]","명","932","953","898","904","840","763",
"구례군","55 - 59세","남자인구수[명]","명","1339","1264","1235","1278","1310","1271",
"구례군","55 - 59세","여자인구수[명]","명","1127","1074","1061","1069","1097","1087",
"구례군","60 - 64세","남자인구수[명]","명","1328","1466","1544","1557","1536","1491",
"구례군","60 - 64세","여자인구수[명]","명","1289","1353","1369","1333","1287","1225",
"구례군","65 - 69세","남자인구수[명]","명","988","1007","1056","1165","1243","1369",
"구례군","65 - 69세","여자인구수[명]","명","1099","1084","1098","1159","1228","1319",
"구례군","70 - 74세","남자인구수[명]","명","903","903","909","888","912","976",
"구례군","70 - 74세","여자인구수[명]","명","1033","1035","996","995","1015","1063",
"구례군","75 - 79세","남자인구수[명]","명","728","712","719","752","780","808",
"구례군","75 - 79세","여자인구수[명]","명","1236","1131","1015","957","963","974",
"구례군","80 - 84세","남자인구수[명]","명","569","603","609","585","563","565",
"구례군","80 - 84세","여자인구수[명]","명","1096","1153","1234","1229","1149","1075",
"구례군","85 - 89세","남자인구수[명]","명","244","268","280","319","333","330",
"구례군","85 - 89세","여자인구수[명]","명","587","661","713","742","805","819",
"구례군","90 - 94세","남자인구수[명]","명","73","72","84","76","83","97",
"구례군","90 - 94세","여자인구수[명]","명","247","263","282","302","314","320",
"구례군","95 - 99세","남자인구수[명]","명","10","10","9","14","14","18",
"구례군","95 - 99세","여자인구수[명]","명","47","53","55","55","67","83",
"구례군","100+","남자인구수[명]","명","2","2","2","1","1","2",
"구례군","100+","여자인구수[명]","명","20","11","8","7","7","10",
"고흥군","0 - 4세","남자인구수[명]","명","579","529","493","465","449","427",
"고흥군","0 - 4세","여자인구수[명]","명","618","522","481","442","407","404",
"고흥군","5 - 9세","남자인구수[명]","명","726","676","612","550","504","468",
"고흥군","5 - 9세","여자인구수[명]","명","696","686","616","595","575","507",
"고흥군","10 - 14세","남자인구수[명]","명","923","904","852","833","791","740",
"고흥군","10 - 14세","여자인구수[명]","명","814","793","789","742","710","688",
"고흥군","15 - 19세","남자인구수[명]","명","1145","1078","1019","967","924","910",
"고흥군","15 - 19세","여자인구수[명]","명","978","896","869","849","831","785",
"고흥군","20 - 24세","남자인구수[명]","명","1413","1279","1186","1084","999","888",
"고흥군","20 - 24세","여자인구수[명]","명","1011","934","835","766","667","618",
"고흥군","25 - 29세","남자인구수[명]","명","1035","983","965","943","921","934",
"고흥군","25 - 29세","여자인구수[명]","명","713","659","670","698","669","649",
"고흥군","30 - 34세","남자인구수[명]","명","859","807","789","810","829","842",
"고흥군","30 - 34세","여자인구수[명]","명","720","695","678","674","691","697",
"고흥군","35 - 39세","남자인구수[명]","명","1147","1036","939","896","854","812",
"고흥군","35 - 39세","여자인구수[명]","명","957","869","822","782","739","708",
"고흥군","40 - 44세","남자인구수[명]","명","1531","1440","1388","1313","1245","1198",
"고흥군","40 - 44세","여자인구수[명]","명","1192","1142","1104","1104","1044","937",
"고흥군","45 - 49세","남자인구수[명]","명","2144","2002","1887","1764","1629","1607",
"고흥군","45 - 49세","여자인구수[명]","명","1474","1390","1340","1263","1203","1220",
"고흥군","50 - 54세","남자인구수[명]","명","2637","2688","2664","2567","2501","2298",
"고흥군","50 - 54세","여자인구수[명]","명","1942","1860","1853","1742","1707","1582",
"고흥군","55 - 59세","남자인구수[명]","명","3021","2947","2853","2906","2933","2946",
"고흥군","55 - 59세","여자인구수[명]","명","2604","2425","2327","2302","2243","2195",
"고흥군","60 - 64세","남자인구수[명]","명","3421","3559","3715","3673","3539","3443",
"고흥군","60 - 64세","여자인구수[명]","명","3324","3456","3417","3322","3088","2861",
"고흥군","65 - 69세","남자인구수[명]","명","2911","2928","3017","3262","3467","3668",
"고흥군","65 - 69세","여자인구수[명]","명","3079","3065","3108","3201","3361","3470",
"고흥군","70 - 74세","남자인구수[명]","명","2745","2874","2832","2769","2787","2846",
"고흥군","70 - 74세","여자인구수[명]","명","3225","3282","3138","3066","3008","3037",
"고흥군","75 - 79세","남자인구수[명]","명","2214","2092","1995","2144","2252","2473",
"고흥군","75 - 79세","여자인구수[명]","명","3330","3061","2884","2930","2952","3023",
"고흥군","80 - 84세","남자인구수[명]","명","1610","1682","1838","1798","1741","1637",
"고흥군","80 - 84세","여자인구수[명]","명","3231","3319","3445","3286","3050","2880",
"고흥군","85 - 89세","남자인구수[명]","명","716","782","831","836","889","927",
"고흥군","85 - 89세","여자인구수[명]","명","1945","2068","2177","2203","2336","2399",
"고흥군","90 - 94세","남자인구수[명]","명","231","245","259","275","283","296",
"고흥군","90 - 94세","여자인구수[명]","명","763","840","928","1005","1032","1056",
"고흥군","95 - 99세","남자인구수[명]","명","36","34","30","32","54","66",
"고흥군","95 - 99세","여자인구수[명]","명","211","194","190","201","229","269",
"고흥군","100+","남자인구수[명]","명","7","4","6","6","6","5",
"고흥군","100+","여자인구수[명]","명","44","37","39","47","51","39",
"보성군","0 - 4세","남자인구수[명]","명","381","317","272","258","258","250",
"보성군","0 - 4세","여자인구수[명]","명","366","308","256","242","231","251",
"보성군","5 - 9세","남자인구수[명]","명","544","476","422","394","365","318",
"보성군","5 - 9세","여자인구수[명]","명","468","416","390","359","333","305",
"보성군","10 - 14세","남자인구수[명]","명","573","582","573","550","542","531",
"보성군","10 - 14세","여자인구수[명]","명","612","609","544","522","493","465",
"보성군","15 - 19세","남자인구수[명]","명","756","685","667","621","586","586",
"보성군","15 - 19세","여자인구수[명]","명","663","605","619","596","603","607",
"보성군","20 - 24세","남자인구수[명]","명","971","890","793","709","656","609",
"보성군","20 - 24세","여자인구수[명]","명","757","673","585","523","465","456",
"보성군","25 - 29세","남자인구수[명]","명","705","699","637","636","605","602",
"보성군","25 - 29세","여자인구수[명]","명","555","479","484","488","477","494",
"보성군","30 - 34세","남자인구수[명]","명","618","548","547","560","534","539",
"보성군","30 - 34세","여자인구수[명]","명","509","471","406","420","431","438",
"보성군","35 - 39세","남자인구수[명]","명","749","678","598","574","563","551",
"보성군","35 - 39세","여자인구수[명]","명","663","606","550","497","458","459",
"보성군","40 - 44세","남자인구수[명]","명","1014","939","911","845","774","737",
"보성군","40 - 44세","여자인구수[명]","명","816","777","736","716","675","630",
"보성군","45 - 49세","남자인구수[명]","명","1374","1264","1190","1061","1021","998",
"보성군","45 - 49세","여자인구수[명]","명","954","914","872","814","783","814",
"보성군","50 - 54세","남자인구수[명]","명","1772","1714","1676","1589","1524","1456",
"보성군","50 - 54세","여자인구수[명]","명","1286","1275","1263","1167","1118","1058",
"보성군","55 - 59세","남자인구수[명]","명","1942","1945","1885","1921","1906","1851",
"보성군","55 - 59세","여자인구수[명]","명","1676","1576","1511","1441","1411","1399",
"보성군","60 - 64세","남자인구수[명]","명","2157","2195","2243","2229","2142","2094",
"보성군","60 - 64세","여자인구수[명]","명","1998","2020","2007","2002","1844","1820",
"보성군","65 - 69세","남자인구수[명]","명","1680","1781","1842","1978","2088","2200",
"보성군","65 - 69세","여자인구수[명]","명","1785","1775","1779","1859","1995","2037",
"보성군","70 - 74세","남자인구수[명]","명","1582","1584","1585","1514","1548","1651",
"보성군","70 - 74세","여자인구수[명]","명","1781","1816","1781","1776","1741","1782",
"보성군","75 - 79세","남자인구수[명]","명","1252","1202","1181","1261","1334","1394",
"보성군","75 - 79세","여자인구수[명]","명","2031","1832","1662","1565","1626","1660",
"보성군","80 - 84세","남자인구수[명]","명","1048","1080","1114","1077","993","943",
"보성군","80 - 84세","여자인구수[명]","명","2023","2075","2134","2052","1906","1763",
"보성군","85 - 89세","남자인구수[명]","명","445","473","495","499","571","598",
"보성군","85 - 89세","여자인구수[명]","명","1223","1289","1347","1445","1456","1470",
"보성군","90 - 94세","남자인구수[명]","명","125","142","168","165","155","164",
"보성군","90 - 94세","여자인구수[명]","명","457","509","584","581","627","659",
"보성군","95 - 99세","남자인구수[명]","명","25","23","19","20","35","37",
"보성군","95 - 99세","여자인구수[명]","명","107","113","113","130","147","162",
"보성군","100+","남자인구수[명]","명","6","4","5","4","4","2",
"보성군","100+","여자인구수[명]","명","33","16","25","26","21","18",
"화순군","0 - 4세","남자인구수[명]","명","707","654","597","573","565","573",
"화순군","0 - 4세","여자인구수[명]","명","700","623","548","500","501","518",
"화순군","5 - 9세","남자인구수[명]","명","1064","993","912","842","756","703",
"화순군","5 - 9세","여자인구수[명]","명","1019","981","892","813","753","649",
"화순군","10 - 14세","남자인구수[명]","명","1337","1344","1286","1230","1152","1113",
"화순군","10 - 14세","여자인구수[명]","명","1202","1219","1170","1123","1059","1041",
"화순군","15 - 19세","남자인구수[명]","명","1598","1521","1521","1434","1377","1337",
"화순군","15 - 19세","여자인구수[명]","명","1522","1416","1374","1312","1250","1222",
"화순군","20 - 24세","남자인구수[명]","명","2097","1961","1798","1672","1528","1373",
"화순군","20 - 24세","여자인구수[명]","명","1743","1699","1588","1498","1372","1227",
"화순군","25 - 29세","남자인구수[명]","명","1603","1664","1666","1612","1564","1578",
"화순군","25 - 29세","여자인구수[명]","명","1379","1390","1427","1398","1429","1432",
"화순군","30 - 34세","남자인구수[명]","명","1094","1141","1212","1257","1347","1387",
"화순군","30 - 34세","여자인구수[명]","명","1012","1054","1074","1134","1201","1234",
"화순군","35 - 39세","남자인구수[명]","명","1319","1257","1136","1079","1024","1076",
"화순군","35 - 39세","여자인구수[명]","명","1320","1204","1112","1060","1029","1053",
"화순군","40 - 44세","남자인구수[명]","명","1733","1681","1617","1594","1509","1380",
"화순군","40 - 44세","여자인구수[명]","명","1714","1701","1651","1563","1441","1333",
"화순군","45 - 49세","남자인구수[명]","명","2568","2336","2197","2026","1903","1817",
"화순군","45 - 49세","여자인구수[명]","명","2252","2170","2047","1891","1815","1773",
"화순군","50 - 54세","남자인구수[명]","명","3049","3117","3058","2860","2804","2608",
"화순군","50 - 54세","여자인구수[명]","명","2533","2585","2608","2555","2517","2361",
"화순군","55 - 59세","남자인구수[명]","명","3091","3095","3096","3166","3144","3177",
"화순군","55 - 59세","여자인구수[명]","명","2583","2629","2639","2650","2687","2734",
"화순군","60 - 64세","남자인구수[명]","명","2930","3204","3296","3361","3385","3290",
"화순군","60 - 64세","여자인구수[명]","명","2562","2753","2821","2866","2847","2789",
"화순군","65 - 69세","남자인구수[명]","명","2029","2183","2365","2604","2859","3089",
"화순군","65 - 69세","여자인구수[명]","명","1952","2061","2174","2305","2504","2699",
"화순군","70 - 74세","남자인구수[명]","명","1716","1748","1784","1812","1868","1982",
"화순군","70 - 74세","여자인구수[명]","명","1999","1999","1967","1933","1913","2002",
"화순군","75 - 79세","남자인구수[명]","명","1395","1321","1293","1339","1430","1525",
"화순군","75 - 79세","여자인구수[명]","명","2375","2168","1983","1989","1973","1906",
"화순군","80 - 84세","남자인구수[명]","명","1005","1058","1138","1160","1114","1039",
"화순군","80 - 84세","여자인구수[명]","명","2086","2193","2334","2231","2158","2063",
"화순군","85 - 89세","남자인구수[명]","명","421","464","509","537","560","604",
"화순군","85 - 89세","여자인구수[명]","명","1133","1295","1378","1476","1501","1564",
"화순군","90 - 94세","남자인구수[명]","명","119","140","142","137","157","175",
"화순군","90 - 94세","여자인구수[명]","명","399","448","470","505","569","619",
"화순군","95 - 99세","남자인구수[명]","명","28","26","20","26","29","27",
"화순군","95 - 99세","여자인구수[명]","명","98","107","105","113","122","121",
"화순군","100+","남자인구수[명]","명","3","2","0","1","2","4",
"화순군","100+","여자인구수[명]","명","33","19","19","17","17","18",
"장흥군","0 - 4세","남자인구수[명]","명","458","386","325","302","287","290",
"장흥군","0 - 4세","여자인구수[명]","명","405","379","345","341","310","274",
"장흥군","5 - 9세","남자인구수[명]","명","575","526","487","434","388","352",
"장흥군","5 - 9세","여자인구수[명]","명","576","543","470","404","384","348",
"장흥군","10 - 14세","남자인구수[명]","명","652","630","610","598","595","597",
"장흥군","10 - 14세","여자인구수[명]","명","591","597","569","574","557","541",
"장흥군","15 - 19세","남자인구수[명]","명","817","751","713","677","622","608",
"장흥군","15 - 19세","여자인구수[명]","명","751","627","622","590","549","547",
"장흥군","20 - 24세","남자인구수[명]","명","985","897","832","739","695","636",
"장흥군","20 - 24세","여자인구수[명]","명","736","695","604","572","533","486",
"장흥군","25 - 29세","남자인구수[명]","명","761","727","690","685","652","665",
"장흥군","25 - 29세","여자인구수[명]","명","616","550","527","496","508","511",
"장흥군","30 - 34세","남자인구수[명]","명","626","607","606","595","625","615",
"장흥군","30 - 34세","여자인구수[명]","명","597","547","525","509","476","477",
"장흥군","35 - 39세","남자인구수[명]","명","854","731","622","597","587","589",
"장흥군","35 - 39세","여자인구수[명]","명","707","628","588","569","553","533",
"장흥군","40 - 44세","남자인구수[명]","명","979","936","929","954","884","808",
"장흥군","40 - 44세","여자인구수[명]","명","783","774","751","756","711","705",
"장흥군","45 - 49세","남자인구수[명]","명","1296","1168","1131","1027","985","999",
"장흥군","45 - 49세","여자인구수[명]","명","1074","947","881","798","781","777",
"장흥군","50 - 54세","남자인구수[명]","명","1679","1646","1561","1463","1417","1320",
"장흥군","50 - 54세","여자인구수[명]","명","1307","1278","1257","1217","1147","1108",
"장흥군","55 - 59세","남자인구수[명]","명","1753","1742","1740","1773","1759","1773",
"장흥군","55 - 59세","여자인구수[명]","명","1583","1469","1470","1428","1378","1357",
"장흥군","60 - 64세","남자인구수[명]","명","1879","1901","1921","1913","1852","1817",
"장흥군","60 - 64세","여자인구수[명]","명","1832","1843","1813","1771","1737","1646",
"장흥군","65 - 69세","남자인구수[명]","명","1429","1448","1520","1657","1764","1887",
"장흥군","65 - 69세","여자인구수[명]","명","1475","1544","1585","1703","1772","1844",
"장흥군","70 - 74세","남자인구수[명]","명","1244","1322","1321","1263","1307","1386",
"장흥군","70 - 74세","여자인구수[명]","명","1549","1539","1443","1376","1390","1458",
"장흥군","75 - 79세","남자인구수[명]","명","1067","990","979","1027","1040","1082",
"장흥군","75 - 79세","여자인구수[명]","명","1614","1490","1371","1399","1439","1448",
"장흥군","80 - 84세","남자인구수[명]","명","822","854","902","852","826","790",
"장흥군","80 - 84세","여자인구수[명]","명","1653","1637","1737","1635","1492","1387",
"장흥군","85 - 89세","남자인구수[명]","명","376","389","374","427","452","465",
"장흥군","85 - 89세","여자인구수[명]","명","1051","1118","1128","1188","1205","1215",
"장흥군","90 - 94세","남자인구수[명]","명","104","112","119","117","114","141",
"장흥군","90 - 94세","여자인구수[명]","명","403","445","449","494","529","553",
"장흥군","95 - 99세","남자인구수[명]","명","21","19","17","16","22","26",
"장흥군","95 - 99세","여자인구수[명]","명","96","101","102","92","115","129",
"장흥군","100+","남자인구수[명]","명","4","3","3","5","3","3",
"장흥군","100+","여자인구수[명]","명","20","11","11","13","9","8",
"강진군","0 - 4세","남자인구수[명]","명","354","302","278","309","305","339",
"강진군","0 - 4세","여자인구수[명]","명","406","331","307","303","310","346",
"강진군","5 - 9세","남자인구수[명]","명","521","454","425","371","379","329",
"강진군","5 - 9세","여자인구수[명]","명","494","444","421","397","384","359",
"강진군","10 - 14세","남자인구수[명]","명","608","616","587","560","530","500",
"강진군","10 - 14세","여자인구수[명]","명","584","579","528","491","487","479",
"강진군","15 - 19세","남자인구수[명]","명","692","621","637","616","592","587",
"강진군","15 - 19세","여자인구수[명]","명","636","588","585","589","559","533",
"강진군","20 - 24세","남자인구수[명]","명","883","844","739","691","614","556",
"강진군","20 - 24세","여자인구수[명]","명","696","668","596","505","468","417",
"강진군","25 - 29세","남자인구수[명]","명","728","689","681","648","667","650",
"강진군","25 - 29세","여자인구수[명]","명","558","504","511","516","495","513",
"강진군","30 - 34세","남자인구수[명]","명","548","540","530","554","576","609",
"강진군","30 - 34세","여자인구수[명]","명","525","478","488","501","477","474",
"강진군","35 - 39세","남자인구수[명]","명","721","612","589","556","546","542",
"강진군","35 - 39세","여자인구수[명]","명","667","607","545","522","526","513",
"강진군","40 - 44세","남자인구수[명]","명","873","837","812","789","750","715",
"강진군","40 - 44세","여자인구수[명]","명","726","731","702","731","688","657",
"강진군","45 - 49세","남자인구수[명]","명","1218","1111","1022","947","885","875",
"강진군","45 - 49세","여자인구수[명]","명","956","867","821","769","742","713",
"강진군","50 - 54세","남자인구수[명]","명","1425","1413","1414","1371","1310","1259",
"강진군","50 - 54세","여자인구수[명]","명","1121","1102","1125","1071","1008","983",
"강진군","55 - 59세","남자인구수[명]","명","1624","1602","1538","1534","1549","1475",
"강진군","55 - 59세","여자인구수[명]","명","1479","1395","1321","1289","1266","1234",
"강진군","60 - 64세","남자인구수[명]","명","1785","1892","1912","1859","1741","1679",
"강진군","60 - 64세","여자인구수[명]","명","1734","1795","1785","1728","1650","1530",
"강진군","65 - 69세","남자인구수[명]","명","1303","1376","1453","1601","1762","1845",
"강진군","65 - 69세","여자인구수[명]","명","1376","1398","1451","1562","1648","1758",
"강진군","70 - 74세","남자인구수[명]","명","1225","1219","1229","1210","1188","1250",
"강진군","70 - 74세","여자인구수[명]","명","1474","1431","1404","1339","1333","1330",
"강진군","75 - 79세","남자인구수[명]","명","1020","980","962","1000","1033","1057",
"강진군","75 - 79세","여자인구수[명]","명","1514","1426","1304","1358","1333","1347",
"강진군","80 - 84세","남자인구수[명]","명","787","801","846","808","792","778",
"강진군","80 - 84세","여자인구수[명]","명","1580","1617","1665","1524","1400","1286",
"강진군","85 - 89세","남자인구수[명]","명","297","335","363","408","425","421",
"강진군","85 - 89세","여자인구수[명]","명","902","939","968","1031","1106","1143",
"강진군","90 - 94세","남자인구수[명]","명","80","94","95","101","106","113",
"강진군","90 - 94세","여자인구수[명]","명","373","427","430","442","437","464",
"강진군","95 - 99세","남자인구수[명]","명","19","16","13","14","15","20",
"강진군","95 - 99세","여자인구수[명]","명","56","62","83","95","96","104",
"강진군","100+","남자인구수[명]","명","4","5","3","2","1","2",
"강진군","100+","여자인구수[명]","명","25","5","9","10","10","15",
"해남군","0 - 4세","남자인구수[명]","명","1016","862","729","652","579","564",
"해남군","0 - 4세","여자인구수[명]","명","908","781","676","621","566","499",
"해남군","5 - 9세","남자인구수[명]","명","996","959","910","868","790","708",
"해남군","5 - 9세","여자인구수[명]","명","1084","996","879","799","723","667",
"해남군","10 - 14세","남자인구수[명]","명","1278","1214","1219","1117","1056","975",
"해남군","10 - 14세","여자인구수[명]","명","1184","1159","1179","1134","1098","1042",
"해남군","15 - 19세","남자인구수[명]","명","1454","1337","1284","1274","1223","1232",
"해남군","15 - 19세","여자인구수[명]","명","1357","1261","1226","1187","1164","1124",
"해남군","20 - 24세","남자인구수[명]","명","1780","1727","1620","1472","1280","1146",
"해남군","20 - 24세","여자인구수[명]","명","1341","1254","1113","1026","900","824",
"해남군","25 - 29세","남자인구수[명]","명","1342","1330","1292","1294","1262","1264",
"해남군","25 - 29세","여자인구수[명]","명","1083","1068","1026","975","953","940",
"해남군","30 - 34세","남자인구수[명]","명","1168","1087","1064","1039","1086","1141",
"해남군","30 - 34세","여자인구수[명]","명","1044","916","869","872","839","876",
"해남군","35 - 39세","남자인구수[명]","명","1492","1360","1213","1172","1090","1052",
"해남군","35 - 39세","여자인구수[명]","명","1372","1222","1098","1005","932","890",
"해남군","40 - 44세","남자인구수[명]","명","1932","1805","1777","1681","1566","1490",
"해남군","40 - 44세","여자인구수[명]","명","1590","1561","1550","1517","1419","1300",
"해남군","45 - 49세","남자인구수[명]","명","2600","2414","2286","2107","2015","1925",
"해남군","45 - 49세","여자인구수[명]","명","1935","1826","1754","1629","1574","1581",
"해남군","50 - 54세","남자인구수[명]","명","3073","3036","2960","2933","2835","2674",
"해남군","50 - 54세","여자인구수[명]","명","2355","2305","2222","2159","2059","2006",
"해남군","55 - 59세","남자인구수[명]","명","3336","3313","3287","3233","3167","3147",
"해남군","55 - 59세","여자인구수[명]","명","2818","2696","2614","2584","2507","2445",
"해남군","60 - 64세","남자인구수[명]","명","3575","3658","3686","3674","3593","3471",
"해남군","60 - 64세","여자인구수[명]","명","3400","3457","3386","3258","3073","2902",
"해남군","65 - 69세","남자인구수[명]","명","2566","2733","2864","3114","3374","3602",
"해남군","65 - 69세","여자인구수[명]","명","2815","2856","2895","3087","3257","3402",
"해남군","70 - 74세","남자인구수[명]","명","2422","2442","2449","2376","2335","2427",
"해남군","70 - 74세","여자인구수[명]","명","2709","2722","2716","2630","2662","2694",
"해남군","75 - 79세","남자인구수[명]","명","1932","1882","1846","1909","2024","2072",
"해남군","75 - 79세","여자인구수[명]","명","2994","2783","2559","2516","2498","2484",
"해남군","80 - 84세","남자인구수[명]","명","1382","1420","1528","1496","1435","1412",
"해남군","80 - 84세","여자인구수[명]","명","2657","2710","2827","2748","2620","2524",
"해남군","85 - 89세","남자인구수[명]","명","476","537","591","662","725","770",
"해남군","85 - 89세","여자인구수[명]","명","1472","1565","1652","1757","1772","1810",
"해남군","90 - 94세","남자인구수[명]","명","130","135","145","147","159","167",
"해남군","90 - 94세","여자인구수[명]","명","543","608","639","656","704","721",
"해남군","95 - 99세","남자인구수[명]","명","24","22","21","28","30","29",
"해남군","95 - 99세","여자인구수[명]","명","126","123","148","139","152","167",
"해남군","100+","남자인구수[명]","명","1","0","1","1","2","1",
"해남군","100+","여자인구수[명]","명","44","24","31","27","22","21",
"영암군","0 - 4세","남자인구수[명]","명","787","690","612","559","493","428",
"영암군","0 - 4세","여자인구수[명]","명","800","662","568","514","447","408",
"영암군","5 - 9세","남자인구수[명]","명","982","932","848","790","706","603",
"영암군","5 - 9세","여자인구수[명]","명","970","891","833","734","696","600",
"영암군","10 - 14세","남자인구수[명]","명","1091","1073","1041","1029","986","919",
"영암군","10 - 14세","여자인구수[명]","명","988","1019","997","1018","962","890",
"영암군","15 - 19세","남자인구수[명]","명","1278","1185","1155","1091","1031","1048",
"영암군","15 - 19세","여자인구수[명]","명","1086","1003","989","952","947","951",
"영암군","20 - 24세","남자인구수[명]","명","1673","1604","1515","1464","1342","1137",
"영암군","20 - 24세","여자인구수[명]","명","1235","1142","1046","980","873","721",
"영암군","25 - 29세","남자인구수[명]","명","1277","1281","1297","1365","1330","1258",
"영암군","25 - 29세","여자인구수[명]","명","918","871","858","917","921","867",
"영암군","30 - 34세","남자인구수[명]","명","998","998","990","1001","1024","1095",
"영암군","30 - 34세","여자인구수[명]","명","919","871","883","855","830","776",
"영암군","35 - 39세","남자인구수[명]","명","1586","1396","1250","1120","1043","928",
"영암군","35 - 39세","여자인구수[명]","명","1275","1161","1004","1000","941","866",
"영암군","40 - 44세","남자인구수[명]","명","1967","1952","1945","1978","1861","1645",
"영암군","40 - 44세","여자인구수[명]","명","1336","1318","1362","1392","1254","1185",
"영암군","45 - 49세","남자인구수[명]","명","2439","2352","2246","2157","2051","2046",
"영암군","45 - 49세","여자인구수[명]","명","1689","1563","1517","1451","1451","1376",
"영암군","50 - 54세","남자인구수[명]","명","2684","2664","2704","2658","2658","2538",
"영암군","50 - 54세","여자인구수[명]","명","1930","1950","1925","1942","1845","1748",
"영암군","55 - 59세","남자인구수[명]","명","2682","2774","2816","2855","2834","2806",
"영암군","55 - 59세","여자인구수[명]","명","2117","2077","2044","2051","2053","2018",
"영암군","60 - 64세","남자인구수[명]","명","2440","2644","2770","2875","2906","2856",
"영암군","60 - 64세","여자인구수[명]","명","2152","2216","2251","2304","2264","2224",
"영암군","65 - 69세","남자인구수[명]","명","1694","1858","1999","2194","2360","2545",
"영암군","65 - 69세","여자인구수[명]","명","1765","1863","1938","2052","2155","2189",
"영암군","70 - 74세","남자인구수[명]","명","1435","1487","1547","1551","1553","1664",
"영암군","70 - 74세","여자인구수[명]","명","1753","1695","1674","1644","1649","1733",
"영암군","75 - 79세","남자인구수[명]","명","1217","1168","1122","1182","1254","1295",
"영암군","75 - 79세","여자인구수[명]","명","1924","1789","1685","1652","1613","1609",
"영암군","80 - 84세","남자인구수[명]","명","862","891","957","927","888","879",
"영암군","80 - 84세","여자인구수[명]","명","1756","1829","1863","1782","1700","1640",
"영암군","85 - 89세","남자인구수[명]","명","395","420","420","422","454","482",
"영암군","85 - 89세","여자인구수[명]","명","1027","1051","1103","1192","1236","1240",
"영암군","90 - 94세","남자인구수[명]","명","81","95","103","135","141","154",
"영암군","90 - 94세","여자인구수[명]","명","354","394","408","450","499","547",
"영암군","95 - 99세","남자인구수[명]","명","19","20","19","16","20","19",
"영암군","95 - 99세","여자인구수[명]","명","83","77","77","79","102","114",
"영암군","100+","남자인구수[명]","명","8","1","3","3","4","6",
"영암군","100+","여자인구수[명]","명","27","10","11","17","14","16",
"무안군","0 - 4세","남자인구수[명]","명","1574","1578","1487","1378","1462","1590",
"무안군","0 - 4세","여자인구수[명]","명","1467","1499","1401","1320","1387","1555",
"무안군","5 - 9세","남자인구수[명]","명","2435","2643","2435","2296","2257","2176",
"무안군","5 - 9세","여자인구수[명]","명","2319","2451","2238","2111","2077","2014",
"무안군","10 - 14세","남자인구수[명]","명","2470","2667","2757","2726","2807","2876",
"무안군","10 - 14세","여자인구수[명]","명","2390","2634","2731","2710","2808","2827",
"무안군","15 - 19세","남자인구수[명]","명","2224","2247","2281","2363","2475","2666",
"무안군","15 - 19세","여자인구수[명]","명","2157","2151","2215","2267","2380","2567",
"무안군","20 - 24세","남자인구수[명]","명","2576","2664","2582","2510","2495","2351",
"무안군","20 - 24세","여자인구수[명]","명","2114","2186","2107","2110","2054","1974",
"무안군","25 - 29세","남자인구수[명]","명","2198","2427","2421","2456","2521","2714",
"무안군","25 - 29세","여자인구수[명]","명","1940","2211","2119","2125","2178","2254",
"무안군","30 - 34세","남자인구수[명]","명","2084","2351","2419","2437","2648","2890",
"무안군","30 - 34세","여자인구수[명]","명","1982","2292","2307","2353","2657","2830",
"무안군","35 - 39세","남자인구수[명]","명","3137","3275","2918","2657","2690","2764",
"무안군","35 - 39세","여자인구수[명]","명","3066","3235","2954","2671","2727","2850",
"무안군","40 - 44세","남자인구수[명]","명","3464","3826","3875","3852","3871","3898",
"무안군","40 - 44세","여자인구수[명]","명","3252","3646","3660","3740","3768","3789",
"무안군","45 - 49세","남자인구수[명]","명","3689","3764","3745","3669","3654","3892",
"무안군","45 - 49세","여자인구수[명]","명","3114","3278","3268","3185","3387","3629",
"무안군","50 - 54세","남자인구수[명]","명","3607","3904","3906","3837","3917","3873",
"무안군","50 - 54세","여자인구수[명]","명","2933","3184","3171","3176","3291","3389",
"무안군","55 - 59세","남자인구수[명]","명","3453","3504","3493","3592","3710","3855",
"무안군","55 - 59세","여자인구수[명]","명","2879","2921","2941","3020","3128","3186",
"무안군","60 - 64세","남자인구수[명]","명","3099","3379","3530","3533","3591","3603",
"무안군","60 - 64세","여자인구수[명]","명","2981","3204","3224","3202","3155","3137",
"무안군","65 - 69세","남자인구수[명]","명","2335","2445","2561","2793","2976","3238",
"무안군","65 - 69세","여자인구수[명]","명","2430","2533","2632","2834","3010","3150",
"무안군","70 - 74세","남자인구수[명]","명","2009","2104","2109","2083","2109","2253",
"무안군","70 - 74세","여자인구수[명]","명","2165","2203","2260","2200","2251","2407",
"무안군","75 - 79세","남자인구수[명]","명","1528","1505","1482","1624","1701","1758",
"무안군","75 - 79세","여자인구수[명]","명","2211","2087","1914","1986","2017","2029",
"무안군","80 - 84세","남자인구수[명]","명","893","970","1085","1059","1061","1111",
"무안군","80 - 84세","여자인구수[명]","명","1907","1995","2151","2043","1962","1880",
"무안군","85 - 89세","남자인구수[명]","명","378","399","406","442","441","460",
"무안군","85 - 89세","여자인구수[명]","명","1018","1117","1137","1225","1282","1327",
"무안군","90 - 94세","남자인구수[명]","명","89","90","102","108","126","138",
"무안군","90 - 94세","여자인구수[명]","명","425","416","452","462","488","512",
"무안군","95 - 99세","남자인구수[명]","명","7","10","13","16","20","20",
"무안군","95 - 99세","여자인구수[명]","명","99","94","94","104","129","138",
"무안군","100+","남자인구수[명]","명","5","1","0","0","1","1",
"무안군","100+","여자인구수[명]","명","29","17","25","21","18","21",
"함평군","0 - 4세","남자인구수[명]","명","324","263","235","210","215","217",
"함평군","0 - 4세","여자인구수[명]","명","292","248","227","223","213","210",
"함평군","5 - 9세","남자인구수[명]","명","397","363","313","286","264","256",
"함평군","5 - 9세","여자인구수[명]","명","374","336","292","265","237","228",
"함평군","10 - 14세","남자인구수[명]","명","475","512","508","481","439","393",
"함평군","10 - 14세","여자인구수[명]","명","439","439","419","410","416","389",
"함평군","15 - 19세","남자인구수[명]","명","608","565","541","514","499","487",
"함평군","15 - 19세","여자인구수[명]","명","526","478","486","448","420","434",
"함평군","20 - 24세","남자인구수[명]","명","784","717","665","616","559","503",
"함평군","20 - 24세","여자인구수[명]","명","589","563","506","450","414","360",
"함평군","25 - 29세","남자인구수[명]","명","714","649","613","606","604","573",
"함평군","25 - 29세","여자인구수[명]","명","429","405","402","424","417","400",
"함평군","30 - 34세","남자인구수[명]","명","510","472","475","500","543","532",
"함평군","30 - 34세","여자인구수[명]","명","428","399","394","410","376","388",
"함평군","35 - 39세","남자인구수[명]","명","619","515","493","468","444","449",
"함평군","35 - 39세","여자인구수[명]","명","567","452","401","408","429","409",
"함평군","40 - 44세","남자인구수[명]","명","838","818","781","770","690","629",
"함평군","40 - 44세","여자인구수[명]","명","583","574","563","555","521","512",
"함평군","45 - 49세","남자인구수[명]","명","1228","1116","1071","962","903","865",
"함평군","45 - 49세","여자인구수[명]","명","828","756","728","667","650","601",
"함평군","50 - 54세","남자인구수[명]","명","1535","1483","1451","1394","1336","1317",
"함평군","50 - 54세","여자인구수[명]","명","997","982","937","923","872","872",
"함평군","55 - 59세","남자인구수[명]","명","1676","1650","1657","1719","1694","1611",
"함평군","55 - 59세","여자인구수[명]","명","1297","1239","1194","1193","1174","1102",
"함평군","60 - 64세","남자인구수[명]","명","1778","1874","1863","1882","1833","1790",
"함평군","60 - 64세","여자인구수[명]","명","1495","1539","1518","1491","1438","1351",
"함평군","65 - 69세","남자인구수[명]","명","1296","1411","1522","1661","1774","1839",
"함평군","65 - 69세","여자인구수[명]","명","1350","1373","1426","1498","1545","1547",
"함평군","70 - 74세","남자인구수[명]","명","1183","1161","1143","1170","1186","1272",
"함평군","70 - 74세","여자인구수[명]","명","1383","1335","1299","1280","1271","1332",
"함평군","75 - 79세","남자인구수[명]","명","964","928","893","922","981","1013",
"함평군","75 - 79세","여자인구수[명]","명","1625","1483","1350","1331","1276","1269",
"함평군","80 - 84세","남자인구수[명]","명","739","792","850","837","760","708",
"함평군","80 - 84세","여자인구수[명]","명","1547","1593","1653","1541","1456","1374",
"함평군","85 - 89세","남자인구수[명]","명","279","321","347","382","403","431",
"함평군","85 - 89세","여자인구수[명]","명","839","922","981","1075","1100","1100",
"함평군","90 - 94세","남자인구수[명]","명","103","105","99","100","112","123",
"함평군","90 - 94세","여자인구수[명]","명","293","338","366","380","408","440",
"함평군","95 - 99세","남자인구수[명]","명","10","15","19","24","15","20",
"함평군","95 - 99세","여자인구수[명]","명","84","75","87","106","106","94",
"함평군","100+","남자인구수[명]","명","2","0","0","1","1","0",
"함평군","100+","여자인구수[명]","명","23","15","16","18","16","18",
"영광군","0 - 4세","남자인구수[명]","명","1042","998","1002","964","918","895",
"영광군","0 - 4세","여자인구수[명]","명","995","993","969","947","910","894",
"영광군","5 - 9세","남자인구수[명]","명","884","827","765","726","725","745",
"영광군","5 - 9세","여자인구수[명]","명","844","813","796","765","774","776",
"영광군","10 - 14세","남자인구수[명]","명","1009","1023","1006","967","933","895",
"영광군","10 - 14세","여자인구수[명]","명","984","963","941","912","891","866",
"영광군","15 - 19세","남자인구수[명]","명","1138","1061","1028","1052","1058","1093",
"영광군","15 - 19세","여자인구수[명]","명","1038","953","979","981","974","1036",
"영광군","20 - 24세","남자인구수[명]","명","1501","1392","1341","1214","1112","1084",
"영광군","20 - 24세","여자인구수[명]","명","1111","1010","1002","938","903","904",
"영광군","25 - 29세","남자인구수[명]","명","1312","1255","1276","1284","1371","1433",
"영광군","25 - 29세","여자인구수[명]","명","1088","1004","1012","1016","1034","1100",
"영광군","30 - 34세","남자인구수[명]","명","1176","1097","1138","1135","1175","1319",
"영광군","30 - 34세","여자인구수[명]","명","1102","1095","1077","1089","1164","1284",
"영광군","35 - 39세","남자인구수[명]","명","1332","1262","1192","1168","1190","1234",
"영광군","35 - 39세","여자인구수[명]","명","1261","1138","1147","1113","1146","1181",
"영광군","40 - 44세","남자인구수[명]","명","1621","1518","1547","1528","1469","1484",
"영광군","40 - 44세","여자인구수[명]","명","1271","1299","1338","1329","1282","1294",
"영광군","45 - 49세","남자인구수[명]","명","2081","1941","1922","1843","1756","1812",
"영광군","45 - 49세","여자인구수[명]","명","1580","1460","1406","1364","1375","1414",
"영광군","50 - 54세","남자인구수[명]","명","2323","2343","2312","2221","2286","2288",
"영광군","50 - 54세","여자인구수[명]","명","1755","1743","1732","1680","1748","1789",
"영광군","55 - 59세","남자인구수[명]","명","2388","2339","2402","2442","2459","2569",
"영광군","55 - 59세","여자인구수[명]","명","2077","1990","2004","1995","1923","1980",
"영광군","60 - 64세","남자인구수[명]","명","2454","2542","2550","2522","2576","2556",
"영광군","60 - 64세","여자인구수[명]","명","2244","2285","2314","2274","2269","2233",
"영광군","65 - 69세","남자인구수[명]","명","1807","1893","2045","2256","2351","2536",
"영광군","65 - 69세","여자인구수[명]","명","1962","1951","2011","2095","2210","2346",
"영광군","70 - 74세","남자인구수[명]","명","1681","1693","1685","1636","1664","1761",
"영광군","70 - 74세","여자인구수[명]","명","1989","1965","1922","1953","1919","2000",
"영광군","75 - 79세","남자인구수[명]","명","1394","1331","1252","1320","1389","1455",
"영광군","75 - 79세","여자인구수[명]","명","2107","1967","1836","1783","1819","1890",
"영광군","80 - 84세","남자인구수[명]","명","874","949","1102","1044","1039","1030",
"영광군","80 - 84세","여자인구수[명]","명","1807","1922","2034","1953","1858","1787",
"영광군","85 - 89세","남자인구수[명]","명","341","379","392","433","450","476",
"영광군","85 - 89세","여자인구수[명]","명","943","1029","1130","1206","1306","1309",
"영광군","90 - 94세","남자인구수[명]","명","97","107","107","99","114","122",
"영광군","90 - 94세","여자인구수[명]","명","334","331","346","372","412","508",
"영광군","95 - 99세","남자인구수[명]","명","10","9","16","15","23","28",
"영광군","95 - 99세","여자인구수[명]","명","108","90","94","88","97","101",
"영광군","100+","남자인구수[명]","명","3","0","1","5","3","2",
"영광군","100+","여자인구수[명]","명","31","25","26","23","23","17",
"장성군","0 - 4세","남자인구수[명]","명","649","515","432","399","394","401",
"장성군","0 - 4세","여자인구수[명]","명","601","479","422","364","368","438",
"장성군","5 - 9세","남자인구수[명]","명","754","707","665","609","540","536",
"장성군","5 - 9세","여자인구수[명]","명","777","737","657","608","544","489",
"장성군","10 - 14세","남자인구수[명]","명","811","832","787","739","743","744",
"장성군","10 - 14세","여자인구수[명]","명","739","748","764","736","716","745",
"장성군","15 - 19세","남자인구수[명]","명","920","822","802","801","791","817",
"장성군","15 - 19세","여자인구수[명]","명","813","762","736","726","714","732",
"장성군","20 - 24세","남자인구수[명]","명","1166","1115","1076","970","906","852",
"장성군","20 - 24세","여자인구수[명]","명","867","795","749","724","663","667",
"장성군","25 - 29세","남자인구수[명]","명","1376","1214","1229","1192","1086","1137",
"장성군","25 - 29세","여자인구수[명]","명","864","773","775","725","706","749",
"장성군","30 - 34세","남자인구수[명]","명","834","830","860","886","883","969",
"장성군","30 - 34세","여자인구수[명]","명","755","710","706","695","749","841",
"장성군","35 - 39세","남자인구수[명]","명","1107","980","886","841","801","814",
"장성군","35 - 39세","여자인구수[명]","명","965","849","774","723","733","776",
"장성군","40 - 44세","남자인구수[명]","명","1394","1291","1239","1177","1093","1092",
"장성군","40 - 44세","여자인구수[명]","명","1067","1060","1034","1030","961","940",
"장성군","45 - 49세","남자인구수[명]","명","1772","1629","1588","1479","1398","1398",
"장성군","45 - 49세","여자인구수[명]","명","1303","1259","1217","1122","1111","1140",
"장성군","50 - 54세","남자인구수[명]","명","2087","2100","2075","2001","1931","1879",
"장성군","50 - 54세","여자인구수[명]","명","1470","1469","1519","1482","1454","1454",
"장성군","55 - 59세","남자인구수[명]","명","2181","2156","2194","2226","2222","2266",
"장성군","55 - 59세","여자인구수[명]","명","1743","1710","1687","1678","1695","1717",
"장성군","60 - 64세","남자인구수[명]","명","2205","2340","2406","2453","2442","2396",
"장성군","60 - 64세","여자인구수[명]","명","1844","1947","1988","2014","1928","1906",
"장성군","65 - 69세","남자인구수[명]","명","1607","1742","1881","1997","2161","2334",
"장성군","65 - 69세","여자인구수[명]","명","1604","1613","1689","1758","1913","1986",
"장성군","70 - 74세","남자인구수[명]","명","1434","1427","1460","1452","1431","1593",
"장성군","70 - 74세","여자인구수[명]","명","1637","1619","1596","1548","1506","1609",
"장성군","75 - 79세","남자인구수[명]","명","1178","1109","1092","1187","1234","1280",
"장성군","75 - 79세","여자인구수[명]","명","1688","1562","1445","1435","1430","1524",
"장성군","80 - 84세","남자인구수[명]","명","816","867","938","912","893","895",
"장성군","80 - 84세","여자인구수[명]","명","1586","1646","1730","1678","1585","1439",
"장성군","85 - 89세","남자인구수[명]","명","367","412","423","430","446","462",
"장성군","85 - 89세","여자인구수[명]","명","941","997","1053","1151","1183","1172",
"장성군","90 - 94세","남자인구수[명]","명","95","94","106","113","125","144",
"장성군","90 - 94세","여자인구수[명]","명","312","329","341","357","419","492",
"장성군","95 - 99세","남자인구수[명]","명","23","22","21","23","24","24",
"장성군","95 - 99세","여자인구수[명]","명","72","83","89","81","87","90",
"장성군","100+","남자인구수[명]","명","5","2","2","5","4","5",
"장성군","100+","여자인구수[명]","명","35","12","13","16","13","14",
"완도군","0 - 4세","남자인구수[명]","명","711","626","552","482","438","394",
"완도군","0 - 4세","여자인구수[명]","명","702","591","544","469","413","386",
"완도군","5 - 9세","남자인구수[명]","명","913","871","829","786","704","623",
"완도군","5 - 9세","여자인구수[명]","명","827","799","729","680","624","570",
"완도군","10 - 14세","남자인구수[명]","명","904","884","885","871","888","848",
"완도군","10 - 14세","여자인구수[명]","명","852","835","829","826","806","746",
"완도군","15 - 19세","남자인구수[명]","명","973","931","919","881","822","858",
"완도군","15 - 19세","여자인구수[명]","명","908","840","803","774","744","755",
"완도군","20 - 24세","남자인구수[명]","명","1213","1123","1001","909","856","750",
"완도군","20 - 24세","여자인구수[명]","명","857","803","715","647","610","536",
"완도군","25 - 29세","남자인구수[명]","명","994","973","960","924","879","843",
"완도군","25 - 29세","여자인구수[명]","명","713","663","640","648","647","603",
"완도군","30 - 34세","남자인구수[명]","명","861","795","737","749","726","737",
"완도군","30 - 34세","여자인구수[명]","명","739","677","616","601","556","596",
"완도군","35 - 39세","남자인구수[명]","명","1326","1152","1042","928","858","782",
"완도군","35 - 39세","여자인구수[명]","명","1082","987","910","809","749","652",
"완도군","40 - 44세","남자인구수[명]","명","1670","1624","1564","1534","1434","1311",
"완도군","40 - 44세","여자인구수[명]","명","1216","1190","1186","1188","1086","1003",
"완도군","45 - 49세","남자인구수[명]","명","1956","1827","1773","1677","1612","1632",
"완도군","45 - 49세","여자인구수[명]","명","1374","1275","1195","1143","1149","1165",
"완도군","50 - 54세","남자인구수[명]","명","2220","2196","2183","2055","2018","1904",
"완도군","50 - 54세","여자인구수[명]","명","1581","1561","1550","1491","1455","1388",
"완도군","55 - 59세","남자인구수[명]","명","2265","2236","2198","2215","2199","2240",
"완도군","55 - 59세","여자인구수[명]","명","2015","1878","1765","1699","1623","1622",
"완도군","60 - 64세","남자인구수[명]","명","2408","2405","2462","2469","2381","2244",
"완도군","60 - 64세","여자인구수[명]","명","2392","2437","2466","2410","2274","2027",
"완도군","65 - 69세","남자인구수[명]","명","1895","1960","2044","2179","2295","2400",
"완도군","65 - 69세","여자인구수[명]","명","1926","1935","1952","2123","2265","2386",
"완도군","70 - 74세","남자인구수[명]","명","1755","1803","1762","1676","1666","1757",
"완도군","70 - 74세","여자인구수[명]","명","1998","2020","1961","1859","1816","1859",
"완도군","75 - 79세","남자인구수[명]","명","1529","1473","1377","1467","1498","1490",
"완도군","75 - 79세","여자인구수[명]","명","2146","2023","1902","1868","1850","1833",
"완도군","80 - 84세","남자인구수[명]","명","1029","1083","1184","1134","1095","1093",
"완도군","80 - 84세","여자인구수[명]","명","1989","2022","2123","2047","1990","1849",
"완도군","85 - 89세","남자인구수[명]","명","375","387","405","468","544","562",
"완도군","85 - 89세","여자인구수[명]","명","1017","1097","1143","1219","1285","1388",
"완도군","90 - 94세","남자인구수[명]","명","87","108","126","125","136","137",
"완도군","90 - 94세","여자인구수[명]","명","361","407","452","492","504","482",
"완도군","95 - 99세","남자인구수[명]","명","12","16","13","15","20","21",
"완도군","95 - 99세","여자인구수[명]","명","99","102","83","86","100","126",
"완도군","100+","남자인구수[명]","명","3","2","1","1","3","2",
"완도군","100+","여자인구수[명]","명","23","14","16","17","13","13",
"진도군","0 - 4세","남자인구수[명]","명","317","314","296","266","242","248",
"진도군","0 - 4세","여자인구수[명]","명","410","347","305","280","243","236",
"진도군","5 - 9세","남자인구수[명]","명","492","444","388","351","316","275",
"진도군","5 - 9세","여자인구수[명]","명","485","442","433","398","395","348",
"진도군","10 - 14세","남자인구수[명]","명","551","524","513","504","494","457",
"진도군","10 - 14세","여자인구수[명]","명","517","533","488","492","464","444",
"진도군","15 - 19세","남자인구수[명]","명","640","563","526","518","520","532",
"진도군","15 - 19세","여자인구수[명]","명","571","533","516","479","494","491",
"진도군","20 - 24세","남자인구수[명]","명","839","760","718","642","565","508",
"진도군","20 - 24세","여자인구수[명]","명","626","546","507","491","437","385",
"진도군","25 - 29세","남자인구수[명]","명","714","659","637","630","614","589",
"진도군","25 - 29세","여자인구수[명]","명","521","452","408","421","460","430",
"진도군","30 - 34세","남자인구수[명]","명","528","463","478","502","503","480",
"진도군","30 - 34세","여자인구수[명]","명","484","441","441","428","428","414",
"진도군","35 - 39세","남자인구수[명]","명","731","645","573","506","463","458",
"진도군","35 - 39세","여자인구수[명]","명","570","530","500","457","461","436",
"진도군","40 - 44세","남자인구수[명]","명","895","854","846","819","776","709",
"진도군","40 - 44세","여자인구수[명]","명","713","647","615","607","566","523",
"진도군","45 - 49세","남자인구수[명]","명","1259","1121","1090","1008","946","899",
"진도군","45 - 49세","여자인구수[명]","명","855","776","766","693","654","649",
"진도군","50 - 54세","남자인구수[명]","명","1379","1345","1354","1303","1273","1233",
"진도군","50 - 54세","여자인구수[명]","명","1028","953","907","872","898","864",
"진도군","55 - 59세","남자인구수[명]","명","1444","1457","1419","1462","1454","1400",
"진도군","55 - 59세","여자인구수[명]","명","1258","1203","1164","1162","1114","1047",
"진도군","60 - 64세","남자인구수[명]","명","1588","1602","1561","1533","1527","1500",
"진도군","60 - 64세","여자인구수[명]","명","1487","1507","1518","1476","1426","1327",
"진도군","65 - 69세","남자인구수[명]","명","1112","1213","1314","1429","1496","1615",
"진도군","65 - 69세","여자인구수[명]","명","1168","1193","1207","1278","1359","1474",
"진도군","70 - 74세","남자인구수[명]","명","1128","1099","1078","1039","1012","1064",
"진도군","70 - 74세","여자인구수[명]","명","1221","1210","1193","1142","1123","1115",
"진도군","75 - 79세","남자인구수[명]","명","884","855","857","911","923","953",
"진도군","75 - 79세","여자인구수[명]","명","1514","1355","1209","1180","1153","1110",
"진도군","80 - 84세","남자인구수[명]","명","647","674","718","675","645","624",
"진도군","80 - 84세","여자인구수[명]","명","1335","1414","1512","1398","1327","1294",
"진도군","85 - 89세","남자인구수[명]","명","216","244","247","282","324","368",
"진도군","85 - 89세","여자인구수[명]","명","715","742","773","874","875","926",
"진도군","90 - 94세","남자인구수[명]","명","55","62","63","62","67","84",
"진도군","90 - 94세","여자인구수[명]","명","246","273","301","334","358","350",
"진도군","95 - 99세","남자인구수[명]","명","10","10","7","9","11","14",
"진도군","95 - 99세","여자인구수[명]","명","56","52","50","52","61","80",
"진도군","100+","남자인구수[명]","명","0","0","1","2","2","2",
"진도군","100+","여자인구수[명]","명","18","9","10","12","9","9",
"신안군","0 - 4세","남자인구수[명]","명","351","319","316","305","283","306",
"신안군","0 - 4세","여자인구수[명]","명","330","304","292","292","285","305",
"신안군","5 - 9세","남자인구수[명]","명","444","406","380","378","361","415",
"신안군","5 - 9세","여자인구수[명]","명","435","383","337","329","308","358",
"신안군","10 - 14세","남자인구수[명]","명","458","476","467","475","509","650",
"신안군","10 - 14세","여자인구수[명]","명","448","460","465","456","476","567",
"신안군","15 - 19세","남자인구수[명]","명","599","524","521","513","530","711",
"신안군","15 - 19세","여자인구수[명]","명","535","497","468","491","539","731",
"신안군","20 - 24세","남자인구수[명]","명","877","764","703","679","703","774",
"신안군","20 - 24세","여자인구수[명]","명","587","537","515","523","514","620",
"신안군","25 - 29세","남자인구수[명]","명","802","790","767","771","741","861",
"신안군","25 - 29세","여자인구수[명]","명","513","447","413","413","439","549",
"신안군","30 - 34세","남자인구수[명]","명","734","658","616","629","625","706",
"신안군","30 - 34세","여자인구수[명]","명","441","430","421","401","374","466",
"신안군","35 - 39세","남자인구수[명]","명","976","891","795","782","748","754",
"신안군","35 - 39세","여자인구수[명]","명","531","490","476","475","461","536",
"신안군","40 - 44세","남자인구수[명]","명","1237","1175","1169","1148","1119","1173",
"신안군","40 - 44세","여자인구수[명]","명","594","627","618","615","616","750",
"신안군","45 - 49세","남자인구수[명]","명","1662","1544","1500","1501","1441","1528",
"신안군","45 - 49세","여자인구수[명]","명","831","756","710","677","698","908",
"신안군","50 - 54세","남자인구수[명]","명","1992","1941","1930","1937","1890","2031",
"신안군","50 - 54세","여자인구수[명]","명","1157","1121","1095","1071","1051","1211",
"신안군","55 - 59세","남자인구수[명]","명","2285","2309","2272","2230","2242","2433",
"신안군","55 - 59세","여자인구수[명]","명","1608","1532","1471","1507","1489","1661",
"신안군","60 - 64세","남자인구수[명]","명","2373","2520","2567","2602","2536","2664",
"신안군","60 - 64세","여자인구수[명]","명","1847","1905","1919","1923","1903","2044",
"신안군","65 - 69세","남자인구수[명]","명","1835","1890","1995","2217","2389","2610",
"신안군","65 - 69세","여자인구수[명]","명","1586","1655","1679","1775","1872","2137",
"신안군","70 - 74세","남자인구수[명]","명","1599","1618","1580","1558","1637","1854",
"신안군","70 - 74세","여자인구수[명]","명","1633","1561","1573","1551","1548","1628",
"신안군","75 - 79세","남자인구수[명]","명","1282","1259","1292","1304","1375","1397",
"신안군","75 - 79세","여자인구수[명]","명","1892","1771","1609","1577","1542","1547",
"신안군","80 - 84세","남자인구수[명]","명","850","927","995","973","943","958",
"신안군","80 - 84세","여자인구수[명]","명","1811","1830","1883","1765","1672","1580",
"신안군","85 - 89세","남자인구수[명]","명","316","337","381","405","428","461",
"신안군","85 - 89세","여자인구수[명]","명","973","1037","1100","1169","1206","1219",
"신안군","90 - 94세","남자인구수[명]","명","75","84","80","90","108","126",
"신안군","90 - 94세","여자인구수[명]","명","325","342","390","419","465","494",
"신안군","95 - 99세","남자인구수[명]","명","17","18","16","13","14","16",
"신안군","95 - 99세","여자인구수[명]","명","79","71","64","80","77","100",
"신안군","100+","남자인구수[명]","명","5","5","4","4","3","2",
"신안군","100+","여자인구수[명]","명","13","6","14","14","13","17",
"경상북도","0 - 4세","남자인구수[명]","명","41099","37050","33842","30559","28400","27061",
"경상북도","0 - 4세","여자인구수[명]","명","38962","35084","32007","28960","26787","25575",
"경상북도","5 - 9세","남자인구수[명]","명","56630","54871","51076","47533","43707","39120",
"경상북도","5 - 9세","여자인구수[명]","명","52870","51510","48194","44874","41364","37061",
"경상북도","10 - 14세","남자인구수[명]","명","56781","57543","57507","56562","55970","55120",
"경상북도","10 - 14세","여자인구수[명]","명","52323","53301","53085","52363","51977","51233",
"경상북도","15 - 19세","남자인구수[명]","명","61889","58920","58126","57113","56827","57219",
"경상북도","15 - 19세","여자인구수[명]","명","54931","52200","51861","51273","50979","51567",
"경상북도","20 - 24세","남자인구수[명]","명","82032","78245","72613","68500","64014","57620",
"경상북도","20 - 24세","여자인구수[명]","명","63858","61122","56047","51789","48305","44007",
"경상북도","25 - 29세","남자인구수[명]","명","78798","78172","76088","73633","71325","68722",
"경상북도","25 - 29세","여자인구수[명]","명","59475","58482","56572","54333","52177","50254",
"경상북도","30 - 34세","남자인구수[명]","명","70453","70331","70837","71128","71889","72463",
"경상북도","30 - 34세","여자인구수[명]","명","58142","57733","57623","57134","56873","56654",
"경상북도","35 - 39세","남자인구수[명]","명","84830","79324","73635","69578","68263","66912",
"경상북도","35 - 39세","여자인구수[명]","명","77692","72087","66273","61314","58738","56713",
"경상북도","40 - 44세","남자인구수[명]","명","92493","93626","93843","92659","87922","82805",
"경상북도","40 - 44세","여자인구수[명]","명","84301","85781","85730","85433","80864","75787",
"경상북도","45 - 49세","남자인구수[명]","명","107713","102758","98398","93365","91251","91219",
"경상북도","45 - 49세","여자인구수[명]","명","99001","95015","92006","85909","83963","83195",
"경상북도","50 - 54세","남자인구수[명]","명","117637","118203","118199","114133","111461","107355",
"경상북도","50 - 54세","여자인구수[명]","명","108481","109901","108179","104874","102367","99124",
"경상북도","55 - 59세","남자인구수[명]","명","120105","117581","115137","116340","117272","117746",
"경상북도","55 - 59세","여자인구수[명]","명","113439","108742","107754","109360","110189","109430",
"경상북도","60 - 64세","남자인구수[명]","명","116764","122782","125483","124507","122595","120237",
"경상북도","60 - 64세","여자인구수[명]","명","115008","119933","122102","120612","116678","114155",
"경상북도","65 - 69세","남자인구수[명]","명","86177","93175","98616","102082","108649","113861",
"경상북도","65 - 69세","여자인구수[명]","명","91301","97157","99868","102226","109507","113707",
"경상북도","70 - 74세","남자인구수[명]","명","62666","66410","70035","70824","74194","80197",
"경상북도","70 - 74세","여자인구수[명]","명","68561","72716","76916","78213","81066","87920",
"경상북도","75 - 79세","남자인구수[명]","명","44810","43737","43860","46265","50130","54051",
"경상북도","75 - 79세","여자인구수[명]","명","65374","61288","58055","57644","59599","63422",
"경상북도","80 - 84세","남자인구수[명]","명","30755","31935","34647","34751","34135","33026",
"경상북도","80 - 84세","여자인구수[명]","명","57121","58014","61488","60861","58768","55434",
"경상북도","85 - 89세","남자인구수[명]","명","13536","14756","15391","15935","17160","17655",
"경상북도","85 - 89세","여자인구수[명]","명","33635","36258","37419","38453","40559","40874",
"경상북도","90 - 94세","남자인구수[명]","명","3237","3624","3907","4131","4667","5313",
"경상북도","90 - 94세","여자인구수[명]","명","12208","13236","13991","14653","16042","17613",
"경상북도","95 - 99세","남자인구수[명]","명","594","557","583","646","657","725",
"경상북도","95 - 99세","여자인구수[명]","명","2747","2896","2972","3237","3543","3809",
"경상북도","100+","남자인구수[명]","명","212","61","58","54","59","66",
"경상북도","100+","여자인구수[명]","명","781","492","469","511","492","499",
"포항시","0 - 4세","남자인구수[명]","명","8322","7391","6731","6216","6050","5968",
"포항시","0 - 4세","여자인구수[명]","명","7720","6916","6289","5853","5639","5504",
"포항시","5 - 9세","남자인구수[명]","명","12278","11943","11117","10486","9690","8706",
"포항시","5 - 9세","여자인구수[명]","명","11353","11053","10400","9605","8963","8063",
"포항시","10 - 14세","남자인구수[명]","명","11876","12182","12314","12352","12361","12321",
"포항시","10 - 14세","여자인구수[명]","명","11109","11307","11355","11389","11459","11366",
"포항시","15 - 19세","남자인구수[명]","명","12611","12043","11813","11592","11553","11630",
"포항시","15 - 19세","여자인구수[명]","명","11157","10668","10512","10478","10461","10783",
"포항시","20 - 24세","남자인구수[명]","명","16241","15970","14250","13250","12139","10809",
"포항시","20 - 24세","여자인구수[명]","명","12616","12185","10660","9682","8848","7806",
"포항시","25 - 29세","남자인구수[명]","명","16103","16708","16132","15934","15714","14962",
"포항시","25 - 29세","여자인구수[명]","명","11490","11759","11525","11169","10859","10733",
"포항시","30 - 34세","남자인구수[명]","명","13926","14390","14738","15297","15848","16194",
"포항시","30 - 34세","여자인구수[명]","명","11563","11625","11510","11651","11886","12035",
"포항시","35 - 39세","남자인구수[명]","명","17570","16365","14978","14042","14038","13984",
"포항시","35 - 39세","여자인구수[명]","명","16518","15208","13774","12809","12384","12017",
"포항시","40 - 44세","남자인구수[명]","명","18219","19065","19229","19452","18746","17669",
"포항시","40 - 44세","여자인구수[명]","명","17727","18391","18469","18482","17654","16684",
"포항시","45 - 49세","남자인구수[명]","명","20558","19686","18957","18260","18087","18367",
"포항시","45 - 49세","여자인구수[명]","명","20626","19599","18857","17707","17514","17641",
"포항시","50 - 54세","남자인구수[명]","명","22677","22842","22596","21656","21088","20391",
"포항시","50 - 54세","여자인구수[명]","명","22006","22381","22070","21611","21215","20349",
"포항시","55 - 59세","남자인구수[명]","명","22567","21992","21300","21829","22245","22194",
"포항시","55 - 59세","여자인구수[명]","명","22899","21915","21349","21627","21714","21675",
"포항시","60 - 64세","남자인구수[명]","명","21938","22751","22854","22774","22220","21663",
"포항시","60 - 64세","여자인구수[명]","명","23286","24040","24187","23778","22894","22250",
"포항시","65 - 69세","남자인구수[명]","명","16588","17818","18631","19345","20004","20588",
"포항시","65 - 69세","여자인구수[명]","명","16768","18325","19186","20373","21922","22652",
"포항시","70 - 74세","남자인구수[명]","명","10686","11474","12343","12933","13909","15244",
"포항시","70 - 74세","여자인구수[명]","명","11002","11846","12826","13524","14320","16202",
"포항시","75 - 79세","남자인구수[명]","명","6608","6719","7089","7738","8491","9315",
"포항시","75 - 79세","여자인구수[명]","명","8703","8504","8490","8879","9528","10303",
"포항시","80 - 84세","남자인구수[명]","명","3686","4002","4508","4833","4972","4967",
"포항시","80 - 84세","여자인구수[명]","명","6595","6852","7407","7706","7704","7588",
"포항시","85 - 89세","남자인구수[명]","명","1346","1524","1592","1753","1988","2224",
"포항시","85 - 89세","여자인구수[명]","명","3724","4029","4160","4350","4653","4833",
"포항시","90 - 94세","남자인구수[명]","명","317","352","385","435","489","522",
"포항시","90 - 94세","여자인구수[명]","명","1440","1572","1597","1681","1801","1944",
"포항시","95 - 99세","남자인구수[명]","명","75","69","61","59","72","76",
"포항시","95 - 99세","여자인구수[명]","명","310","331","345","380","401","428",
"포항시","100+","남자인구수[명]","명","30","6","12","6","6","8",
"포항시","100+","여자인구수[명]","명","82","54","52","57","52","49",
"경주시","0 - 4세","남자인구수[명]","명","3447","3191","2986","2784","2589","2521",
"경주시","0 - 4세","여자인구수[명]","명","3314","3032","2799","2561","2385","2327",
"경주시","5 - 9세","남자인구수[명]","명","4849","4670","4408","4098","3744","3460",
"경주시","5 - 9세","여자인구수[명]","명","4586","4482","4182","3970","3617","3266",
"경주시","10 - 14세","남자인구수[명]","명","5110","5082","5053","4926","4842","4697",
"경주시","10 - 14세","여자인구수[명]","명","4816","4830","4804","4682","4578","4487",
"경주시","15 - 19세","남자인구수[명]","명","5782","5423","5310","5225","5064","5042",
"경주시","15 - 19세","여자인구수[명]","명","5128","4854","4791","4693","4612","4660",
"경주시","20 - 24세","남자인구수[명]","명","7917","7477","6730","6309","5744","5213",
"경주시","20 - 24세","여자인구수[명]","명","6286","5894","5334","4999","4473","4055",
"경주시","25 - 29세","남자인구수[명]","명","7275","7023","6773","6569","6343","6224",
"경주시","25 - 29세","여자인구수[명]","명","5443","5298","5090","4983","4808","4823",
"경주시","30 - 34세","남자인구수[명]","명","6199","6347","6412","6475","6531","6638",
"경주시","30 - 34세","여자인구수[명]","명","5083","5204","5300","5275","5210","5300",
"경주시","35 - 39세","남자인구수[명]","명","7389","6773","6284","5935","5951","6020",
"경주시","35 - 39세","여자인구수[명]","명","6789","6198","5749","5376","5210","5137",
"경주시","40 - 44세","남자인구수[명]","명","8443","8587","8622","8513","7843","7394",
"경주시","40 - 44세","여자인구수[명]","명","7638","7697","7708","7632","7237","6786",
"경주시","45 - 49세","남자인구수[명]","명","10674","10012","9416","8884","8531","8413",
"경주시","45 - 49세","여자인구수[명]","명","9932","9448","8953","8172","7742","7710",
"경주시","50 - 54세","남자인구수[명]","명","12001","11986","12048","11666","11422","10852",
"경주시","50 - 54세","여자인구수[명]","명","11124","11280","11143","10881","10709","10323",
"경주시","55 - 59세","남자인구수[명]","명","12215","12120","11852","12036","12130","12292",
"경주시","55 - 59세","여자인구수[명]","명","11512","11204","11163","11507","11544","11544",
"경주시","60 - 64세","남자인구수[명]","명","11689","12163","12664","12837","12618","12456",
"경주시","60 - 64세","여자인구수[명]","명","11548","11969","12172","12205","12044","11983",
"경주시","65 - 69세","남자인구수[명]","명","8592","9295","9794","10319","10965","11589",
"경주시","65 - 69세","여자인구수[명]","명","9340","9894","10290","10696","11254","11692",
"경주시","70 - 74세","남자인구수[명]","명","6318","6695","6945","7150","7485","8142",
"경주시","70 - 74세","여자인구수[명]","명","7111","7663","8023","8294","8496","9152",
"경주시","75 - 79세","남자인구수[명]","명","4554","4495","4454","4807","5265","5535",
"경주시","75 - 79세","여자인구수[명]","명","6540","6158","5856","5967","6307","6710",
"경주시","80 - 84세","남자인구수[명]","명","2834","2940","3308","3447","3458","3462",
"경주시","80 - 84세","여자인구수[명]","명","5618","5679","6070","6088","5930","5682",
"경주시","85 - 89세","남자인구수[명]","명","1260","1377","1408","1458","1567","1655",
"경주시","85 - 89세","여자인구수[명]","명","3300","3525","3669","3834","4047","4123",
"경주시","90 - 94세","남자인구수[명]","명","275","315","381","411","444","508",
"경주시","90 - 94세","여자인구수[명]","명","1146","1264","1316","1457","1606","1707",
"경주시","95 - 99세","남자인구수[명]","명","66","49","56","50","64","61",
"경주시","95 - 99세","여자인구수[명]","명","267","247","248","268","306","363",
"경주시","100+","남자인구수[명]","명","22","4","5","7","8","7",
"경주시","100+","여자인구수[명]","명","70","45","38","43","46","44",
"김천시","0 - 4세","남자인구수[명]","명","2456","2222","2085","1877","1705","1582",
"김천시","0 - 4세","여자인구수[명]","명","2225","2068","1901","1713","1536","1519",
"김천시","5 - 9세","남자인구수[명]","명","2960","2923","2756","2587","2403","2206",
"김천시","5 - 9세","여자인구수[명]","명","2796","2767","2616","2458","2266","2002",
"김천시","10 - 14세","남자인구수[명]","명","3043","3122","3127","3049","3017","2961",
"김천시","10 - 14세","여자인구수[명]","명","2703","2790","2841","2819","2801","2747",
"김천시","15 - 19세","남자인구수[명]","명","3551","3508","3505","3537","3484","3516",
"김천시","15 - 19세","여자인구수[명]","명","2948","2789","2808","2771","2707","2725",
"김천시","20 - 24세","남자인구수[명]","명","4212","3932","3650","3404","3087","2719",
"김천시","20 - 24세","여자인구수[명]","명","3364","3243","2921","2683","2393","2101",
"김천시","25 - 29세","남자인구수[명]","명","4001","3968","3871","3630","3420","3282",
"김천시","25 - 29세","여자인구수[명]","명","3043","3003","2842","2756","2664","2499",
"김천시","30 - 34세","남자인구수[명]","명","3595","3592","3664","3739","3762","3739",
"김천시","30 - 34세","여자인구수[명]","명","3030","3065","3228","3101","3040","2990",
"김천시","35 - 39세","남자인구수[명]","명","4408","4016","3710","3510","3447","3397",
"김천시","35 - 39세","여자인구수[명]","명","4109","3825","3493","3257","3093","2940",
"김천시","40 - 44세","남자인구수[명]","명","4814","4908","4921","4844","4541","4265",
"김천시","40 - 44세","여자인구수[명]","명","4267","4384","4428","4439","4218","3967",
"김천시","45 - 49세","남자인구수[명]","명","5417","5199","4986","4810","4722","4740",
"김천시","45 - 49세","여자인구수[명]","명","4903","4725","4666","4371","4215","4259",
"김천시","50 - 54세","남자인구수[명]","명","6086","6073","6036","5816","5610","5392",
"김천시","50 - 54세","여자인구수[명]","명","5567","5627","5510","5347","5218","5011",
"김천시","55 - 59세","남자인구수[명]","명","6397","6230","6144","6130","6107","6183",
"김천시","55 - 59세","여자인구수[명]","명","5857","5634","5584","5687","5784","5788",
"김천시","60 - 64세","남자인구수[명]","명","6161","6571","6744","6827","6596","6476",
"김천시","60 - 64세","여자인구수[명]","명","6115","6387","6493","6523","6184","6065",
"김천시","65 - 69세","남자인구수[명]","명","4648","5005","5226","5479","5948","6138",
"김천시","65 - 69세","여자인구수[명]","명","5088","5428","5563","5623","6028","6169",
"김천시","70 - 74세","남자인구수[명]","명","3444","3626","3843","3962","4141","4433",
"김천시","70 - 74세","여자인구수[명]","명","3906","4073","4292","4453","4573","4974",
"김천시","75 - 79세","남자인구수[명]","명","2402","2343","2441","2621","2804","3056",
"김천시","75 - 79세","여자인구수[명]","명","3683","3446","3302","3306","3427","3634",
"김천시","80 - 84세","남자인구수[명]","명","1792","1866","1932","1903","1893","1808",
"김천시","80 - 84세","여자인구수[명]","명","3421","3495","3615","3618","3465","3119",
"김천시","85 - 89세","남자인구수[명]","명","871","916","956","1027","1061","1062",
"김천시","85 - 89세","여자인구수[명]","명","2030","2172","2277","2354","2460","2520",
"김천시","90 - 94세","남자인구수[명]","명","220","255","266","272","296","360",
"김천시","90 - 94세","여자인구수[명]","명","774","820","851","929","1028","1099",
"김천시","95 - 99세","남자인구수[명]","명","36","28","31","53","52","64",
"김천시","95 - 99세","여자인구수[명]","명","152","162","163","187","217","253",
"김천시","100+","남자인구수[명]","명","11","2","6","5","5","4",
"김천시","100+","여자인구수[명]","명","42","31","30","38","28","27",
"안동시","0 - 4세","남자인구수[명]","명","2329","2111","1880","1728","1595","1538",
"안동시","0 - 4세","여자인구수[명]","명","2167","1978","1814","1643","1507","1487",
"안동시","5 - 9세","남자인구수[명]","명","3253","3081","2864","2644","2480","2218",
"안동시","5 - 9세","여자인구수[명]","명","2894","2800","2628","2445","2280","2048",
"안동시","10 - 14세","남자인구수[명]","명","3386","3428","3405","3391","3288","3211",
"안동시","10 - 14세","여자인구수[명]","명","3096","3115","3050","2984","2910","2874",
"안동시","15 - 19세","남자인구수[명]","명","3801","3555","3534","3411","3549","3576",
"안동시","15 - 19세","여자인구수[명]","명","3453","3245","3222","3120","3254","3254",
"안동시","20 - 24세","남자인구수[명]","명","4684","4468","4215","4015","4367","4211",
"안동시","20 - 24세","여자인구수[명]","명","3975","3821","3526","3435","3626","3617",
"안동시","25 - 29세","남자인구수[명]","명","4510","4365","4178","4044","4060","3990",
"안동시","25 - 29세","여자인구수[명]","명","3621","3614","3534","3472","3488","3423",
"안동시","30 - 34세","남자인구수[명]","명","3666","3748","3788","3803","3978","4130",
"안동시","30 - 34세","여자인구수[명]","명","3246","3260","3146","3223","3262","3342",
"안동시","35 - 39세","남자인구수[명]","명","4355","4112","3779","3602","3545","3471",
"안동시","35 - 39세","여자인구수[명]","명","4214","3860","3573","3313","3157","3151",
"안동시","40 - 44세","남자인구수[명]","명","5214","5050","4942","4836","4546","4295",
"안동시","40 - 44세","여자인구수[명]","명","4954","4865","4774","4737","4557","4188",
"안동시","45 - 49세","남자인구수[명]","명","6403","6079","5824","5463","5254","5180",
"안동시","45 - 49세","여자인구수[명]","명","5761","5631","5519","5222","5043","4912",
"안동시","50 - 54세","남자인구수[명]","명","6821","6841","6820","6726","6619","6430",
"안동시","50 - 54세","여자인구수[명]","명","6256","6277","6165","6025","5872","5824",
"안동시","55 - 59세","남자인구수[명]","명","6754","6423","6352","6565","6630","6820",
"안동시","55 - 59세","여자인구수[명]","명","6669","6186","6051","6213","6313","6328",
"안동시","60 - 64세","남자인구수[명]","명","7106","7350","7272","7165","7114","6817",
"안동시","60 - 64세","여자인구수[명]","명","7126","7377","7490","7302","7064","6800",
"안동시","65 - 69세","남자인구수[명]","명","5288","5690","5978","6279","6602","6927",
"안동시","65 - 69세","여자인구수[명]","명","6121","6401","6351","6443","6781","7122",
"안동시","70 - 74세","남자인구수[명]","명","4184","4305","4499","4489","4580","4922",
"안동시","70 - 74세","여자인구수[명]","명","4502","4720","5056","5317","5522","5956",
"안동시","75 - 79세","남자인구수[명]","명","3246","3191","3056","3231","3488","3664",
"안동시","75 - 79세","여자인구수[명]","명","4694","4455","4092","4087","4064","4227",
"안동시","80 - 84세","남자인구수[명]","명","2299","2350","2569","2624","2513","2410",
"안동시","80 - 84세","여자인구수[명]","명","3931","4004","4351","4360","4240","4020",
"안동시","85 - 89세","남자인구수[명]","명","1042","1120","1155","1163","1266","1318",
"안동시","85 - 89세","여자인구수[명]","명","2372","2542","2540","2703","2877","2893",
"안동시","90 - 94세","남자인구수[명]","명","251","257","285","308","339","381",
"안동시","90 - 94세","여자인구수[명]","명","934","972","1033","1068","1163","1242",
"안동시","95 - 99세","남자인구수[명]","명","55","56","47","47","54","63",
"안동시","95 - 99세","여자인구수[명]","명","212","228","220","254","277","285",
"안동시","100+","남자인구수[명]","명","14","10","5","4","4","5",
"안동시","100+","여자인구수[명]","명","48","31","28","31","31","40",
"구미시","0 - 4세","남자인구수[명]","명","8871","7835","7003","6198","5782","5427",
"구미시","0 - 4세","여자인구수[명]","명","8461","7463","6606","5883","5482","5221",
"구미시","5 - 9세","남자인구수[명]","명","12441","12051","11219","10484","9670","8730",
"구미시","5 - 9세","여자인구수[명]","명","11593","11343","10561","10009","9239","8263",
"구미시","10 - 14세","남자인구수[명]","명","11633","11873","11881","11853","11970","11950",
"구미시","10 - 14세","여자인구수[명]","명","10720","10914","10983","10843","11029","11107",
"구미시","15 - 19세","남자인구수[명]","명","11774","11089","11142","10866","10869","11206",
"구미시","15 - 19세","여자인구수[명]","명","10790","10294","10250","10144","10016","10298",
"구미시","20 - 24세","남자인구수[명]","명","15528","14801","13839","13453","12479","11328",
"구미시","20 - 24세","여자인구수[명]","명","11958","11271","10476","9639","8889","8131",
"구미시","25 - 29세","남자인구수[명]","명","15865","15789","15466","15084","14907","14459",
"구미시","25 - 29세","여자인구수[명]","명","13300","12602","11951","11197","10541","10067",
"구미시","30 - 34세","남자인구수[명]","명","16148","15675","15466","15559","15732","15955",
"구미시","30 - 34세","여자인구수[명]","명","13449","13102","12894","12911","13066","13033",
"구미시","35 - 39세","남자인구수[명]","명","18887","17998","16841","16211","15955","15666",
"구미시","35 - 39세","여자인구수[명]","명","17234","16190","15127","14173","13588","13061",
"구미시","40 - 44세","남자인구수[명]","명","18641","19027","19302","19423","18875","18157",
"구미시","40 - 44세","여자인구수[명]","명","17573","17802","17812","18065","17444","16770",
"구미시","45 - 49세","남자인구수[명]","명","18335","17690","17249","16941","17208","17944",
"구미시","45 - 49세","여자인구수[명]","명","18594","18209","17828","17036","17059","17047",
"구미시","50 - 54세","남자인구수[명]","명","18578","18794","19023","18770","18318","17741",
"구미시","50 - 54세","여자인구수[명]","명","18720","19033","18804","18522","18211","17963",
"구미시","55 - 59세","남자인구수[명]","명","17035","16907","16634","17131","17577","17898",
"구미시","55 - 59세","여자인구수[명]","명","15470","15331","15830","16781","17655","18108",
"구미시","60 - 64세","남자인구수[명]","명","12905","14030","14888","15551","15892","16113",
"구미시","60 - 64세","여자인구수[명]","명","11827","12894","13796","14481","14623","14980",
"구미시","65 - 69세","남자인구수[명]","명","7328","8216","8922","9768","11005","12132",
"구미시","65 - 69세","여자인구수[명]","명","7409","8175","8660","9285","10557","11544",
"구미시","70 - 74세","남자인구수[명]","명","4365","4662","5096","5449","5956","6783",
"구미시","70 - 74세","여자인구수[명]","명","4796","5134","5617","5959","6522","7291",
"구미시","75 - 79세","남자인구수[명]","명","2668","2698","2819","3112","3444","3793",
"구미시","75 - 79세","여자인구수[명]","명","4206","4000","3828","3953","4128","4539",
"구미시","80 - 84세","남자인구수[명]","명","1723","1791","1991","2088","2101","2018",
"구미시","80 - 84세","여자인구수[명]","명","3442","3531","3808","3949","3829","3711",
"구미시","85 - 89세","남자인구수[명]","명","780","856","876","914","1006","1025",
"구미시","85 - 89세","여자인구수[명]","명","2074","2233","2292","2386","2584","2547",
"구미시","90 - 94세","남자인구수[명]","명","178","205","211","232","279","338",
"구미시","90 - 94세","여자인구수[명]","명","772","816","845","914","1015","1185",
"구미시","95 - 99세","남자인구수[명]","명","30","32","41","42","41","57",
"구미시","95 - 99세","여자인구수[명]","명","175","195","197","206","233","251",
"구미시","100+","남자인구수[명]","명","7","2","0","2","3","4",
"구미시","100+","여자인구수[명]","명","45","28","36","39","41","42",
"영주시","0 - 4세","남자인구수[명]","명","1211","1127","1046","927","868","846",
"영주시","0 - 4세","여자인구수[명]","명","1161","1034","978","881","820","789",
"영주시","5 - 9세","남자인구수[명]","명","1942","1869","1695","1617","1440","1275",
"영주시","5 - 9세","여자인구수[명]","명","1786","1712","1582","1476","1345","1217",
"영주시","10 - 14세","남자인구수[명]","명","2121","2100","2158","2095","2070","1963",
"영주시","10 - 14세","여자인구수[명]","명","2053","2083","2073","1976","1883","1796",
"영주시","15 - 19세","남자인구수[명]","명","2503","2393","2290","2557","2602","2646",
"영주시","15 - 19세","여자인구수[명]","명","2206","2032","2014","2156","2120","2134",
"영주시","20 - 24세","남자인구수[명]","명","3158","3001","2740","2680","2550","2240",
"영주시","20 - 24세","여자인구수[명]","명","2235","2212","2074","2044","1904","1710",
"영주시","25 - 29세","남자인구수[명]","명","2514","2513","2452","2436","2339","2274",
"영주시","25 - 29세","여자인구수[명]","명","1722","1751","1768","1781","1767","1654",
"영주시","30 - 34세","남자인구수[명]","명","2045","2064","2151","2191","2138","2131",
"영주시","30 - 34세","여자인구수[명]","명","1613","1591","1582","1618","1596","1646",
"영주시","35 - 39세","남자인구수[명]","명","2466","2305","2103","1988","1965","1991",
"영주시","35 - 39세","여자인구수[명]","명","2364","2161","1986","1780","1707","1629",
"영주시","40 - 44세","남자인구수[명]","명","3138","3077","3018","2910","2705","2447",
"영주시","40 - 44세","여자인구수[명]","명","3001","2931","2892","2846","2578","2380",
"영주시","45 - 49세","남자인구수[명]","명","4070","3812","3642","3394","3207","3167",
"영주시","45 - 49세","여자인구수[명]","명","3692","3590","3453","3197","3136","3004",
"영주시","50 - 54세","남자인구수[명]","명","4528","4550","4587","4471","4302","4085",
"영주시","50 - 54세","여자인구수[명]","명","4224","4126","4040","3948","3801","3692",
"영주시","55 - 59세","남자인구수[명]","명","4611","4416","4290","4447","4554","4555",
"영주시","55 - 59세","여자인구수[명]","명","4578","4245","4167","4318","4328","4241",
"영주시","60 - 64세","남자인구수[명]","명","4913","5095","5021","4921","4788","4617",
"영주시","60 - 64세","여자인구수[명]","명","5118","5252","5193","5090","4787","4553",
"영주시","65 - 69세","남자인구수[명]","명","3891","4159","4361","4474","4624","4743",
"영주시","65 - 69세","여자인구수[명]","명","4455","4694","4740","4736","4946","5059",
"영주시","70 - 74세","남자인구수[명]","명","3007","3134","3297","3308","3476","3625",
"영주시","70 - 74세","여자인구수[명]","명","3273","3463","3749","3876","4087","4324",
"영주시","75 - 79세","남자인구수[명]","명","2331","2197","2159","2292","2408","2626",
"영주시","75 - 79세","여자인구수[명]","명","3257","2991","2806","2847","2900","3080",
"영주시","80 - 84세","남자인구수[명]","명","1704","1760","1845","1856","1787","1715",
"영주시","80 - 84세","여자인구수[명]","명","2796","2849","3051","3088","2990","2811",
"영주시","85 - 89세","남자인구수[명]","명","688","768","811","900","1011","1004",
"영주시","85 - 89세","여자인구수[명]","명","1668","1735","1773","1864","2017","2041",
"영주시","90 - 94세","남자인구수[명]","명","186","214","217","221","264","295",
"영주시","90 - 94세","여자인구수[명]","명","623","692","743","751","801","873",
"영주시","95 - 99세","남자인구수[명]","명","32","30","30","39","40","50",
"영주시","95 - 99세","여자인구수[명]","명","175","165","134","170","188","199",
"영주시","100+","남자인구수[명]","명","11","7","7","6","3","3",
"영주시","100+","여자인구수[명]","명","49","42","31","26","28","32",
"영천시","0 - 4세","남자인구수[명]","명","1399","1339","1304","1184","1087","1019",
"영천시","0 - 4세","여자인구수[명]","명","1349","1299","1264","1200","1091","960",
"영천시","5 - 9세","남자인구수[명]","명","1489","1472","1407","1354","1247","1103",
"영천시","5 - 9세","여자인구수[명]","명","1462","1417","1331","1237","1178","1048",
"영천시","10 - 14세","남자인구수[명]","명","1701","1674","1614","1559","1491","1411",
"영천시","10 - 14세","여자인구수[명]","명","1458","1476","1466","1446","1398","1342",
"영천시","15 - 19세","남자인구수[명]","명","1892","1816","1814","1744","1733","1714",
"영천시","15 - 19세","여자인구수[명]","명","1641","1581","1581","1542","1504","1483",
"영천시","20 - 24세","남자인구수[명]","명","3184","2890","2559","2421","2189","1689",
"영천시","20 - 24세","여자인구수[명]","명","2144","2000","1724","1483","1321","1173",
"영천시","25 - 29세","남자인구수[명]","명","2811","2778","2629","2518","2327","2103",
"영천시","25 - 29세","여자인구수[명]","명","2012","1978","1872","1817","1665","1475",
"영천시","30 - 34세","남자인구수[명]","명","2399","2344","2451","2383","2334","2227",
"영천시","30 - 34세","여자인구수[명]","명","1983","2008","1978","1909","1805","1695",
"영천시","35 - 39세","남자인구수[명]","명","2768","2611","2425","2340","2155","2042",
"영천시","35 - 39세","여자인구수[명]","명","2290","2186","2114","2008","1903","1807",
"영천시","40 - 44세","남자인구수[명]","명","2976","2931","3039","3051","2888","2656",
"영천시","40 - 44세","여자인구수[명]","명","2425","2436","2467","2502","2302","2136",
"영천시","45 - 49세","남자인구수[명]","명","3974","3799","3524","3347","3186","3004",
"영천시","45 - 49세","여자인구수[명]","명","3283","3079","2900","2648","2527","2369",
"영천시","50 - 54세","남자인구수[명]","명","4756","4728","4609","4363","4250","4085",
"영천시","50 - 54세","여자인구수[명]","명","4007","4038","3921","3707","3531","3332",
"영천시","55 - 59세","남자인구수[명]","명","5039","4967","4992","5181","5037","4919",
"영천시","55 - 59세","여자인구수[명]","명","4508","4373","4340","4465","4367","4229",
"영천시","60 - 64세","남자인구수[명]","명","5206","5537","5595","5708","5611","5476",
"영천시","60 - 64세","여자인구수[명]","명","4988","5201","5301","5313","5039","4759",
"영천시","65 - 69세","남자인구수[명]","명","4146","4437","4714","4923","5272","5397",
"영천시","65 - 69세","여자인구수[명]","명","4384","4546","4547","4649","5022","5096",
"영천시","70 - 74세","남자인구수[명]","명","3248","3570","3693","3716","3792","3995",
"영천시","70 - 74세","여자인구수[명]","명","3471","3701","3873","4013","4013","4267",
"영천시","75 - 79세","남자인구수[명]","명","2349","2235","2227","2469","2695","2901",
"영천시","75 - 79세","여자인구수[명]","명","3470","3235","3031","2998","3076","3264",
"영천시","80 - 84세","남자인구수[명]","명","1576","1637","1806","1803","1784","1738",
"영천시","80 - 84세","여자인구수[명]","명","2967","3020","3250","3291","3153","2967",
"영천시","85 - 89세","남자인구수[명]","명","693","759","775","828","879","905",
"영천시","85 - 89세","여자인구수[명]","명","1730","1875","1926","1978","2083","2053",
"영천시","90 - 94세","남자인구수[명]","명","171","184","202","216","240","275",
"영천시","90 - 94세","여자인구수[명]","명","513","590","683","734","791","874",
"영천시","95 - 99세","남자인구수[명]","명","21","24","26","28","28","30",
"영천시","95 - 99세","여자인구수[명]","명","89","96","97","121","133","152",
"영천시","100+","남자인구수[명]","명","14","5","1","1","1","3",
"영천시","100+","여자인구수[명]","명","29","16","16","14","15","12",
"상주시","0 - 4세","남자인구수[명]","명","1110","1007","943","868","796","750",
"상주시","0 - 4세","여자인구수[명]","명","1081","969","906","851","757","674",
"상주시","5 - 9세","남자인구수[명]","명","1578","1545","1464","1350","1211","1012",
"상주시","5 - 9세","여자인구수[명]","명","1431","1381","1308","1213","1118","997",
"상주시","10 - 14세","남자인구수[명]","명","1807","1811","1768","1747","1692","1651",
"상주시","10 - 14세","여자인구수[명]","명","1659","1660","1627","1564","1464","1424",
"상주시","15 - 19세","남자인구수[명]","명","2126","2036","2066","2033","2044","2002",
"상주시","15 - 19세","여자인구수[명]","명","1949","1788","1784","1871","1889","1805",
"상주시","20 - 24세","남자인구수[명]","명","2697","2479","2427","2208","1921","1648",
"상주시","20 - 24세","여자인구수[명]","명","1939","1867","1683","1532","1305","1201",
"상주시","25 - 29세","남자인구수[명]","명","2053","1932","1826","1805","1716","1724",
"상주시","25 - 29세","여자인구수[명]","명","1474","1363","1376","1353","1357","1308",
"상주시","30 - 34세","남자인구수[명]","명","1747","1658","1658","1670","1624","1624",
"상주시","30 - 34세","여자인구수[명]","명","1463","1432","1420","1377","1333","1292",
"상주시","35 - 39세","남자인구수[명]","명","2268","2113","2016","1828","1754","1642",
"상주시","35 - 39세","여자인구수[명]","명","1967","1826","1695","1626","1518","1413",
"상주시","40 - 44세","남자인구수[명]","명","2572","2534","2563","2547","2383","2251",
"상주시","40 - 44세","여자인구수[명]","명","2304","2264","2241","2299","2117","1968",
"상주시","45 - 49세","남자인구수[명]","명","3519","3260","3093","2909","2728","2591",
"상주시","45 - 49세","여자인구수[명]","명","3095","2891","2769","2590","2433","2308",
"상주시","50 - 54세","남자인구수[명]","명","4163","4100","3982","3891","3775","3550",
"상주시","50 - 54세","여자인구수[명]","명","3527","3513","3431","3283","3218","3155",
"상주시","55 - 59세","남자인구수[명]","명","4665","4491","4368","4313","4270","4236",
"상주시","55 - 59세","여자인구수[명]","명","4373","4065","3987","3996","3839","3633",
"상주시","60 - 64세","남자인구수[명]","명","5120","5293","5320","5341","5171","4883",
"상주시","60 - 64세","여자인구수[명]","명","5069","5158","5179","5044","4758","4537",
"상주시","65 - 69세","남자인구수[명]","명","3868","4179","4433","4677","4982","5217",
"상주시","65 - 69세","여자인구수[명]","명","4261","4525","4564","4749","4987","5119",
"상주시","70 - 74세","남자인구수[명]","명","3164","3230","3360","3411","3432","3690",
"상주시","70 - 74세","여자인구수[명]","명","3533","3650","3815","3831","3884","4138",
"상주시","75 - 79세","남자인구수[명]","명","2288","2219","2188","2314","2588","2752",
"상주시","75 - 79세","여자인구수[명]","명","3654","3289","3042","3058","3152","3304",
"상주시","80 - 84세","남자인구수[명]","명","1795","1819","1958","1948","1826","1736",
"상주시","80 - 84세","여자인구수[명]","명","3598","3642","3759","3672","3452","3172",
"상주시","85 - 89세","남자인구수[명]","명","837","901","948","1001","1067","1032",
"상주시","85 - 89세","여자인구수[명]","명","2136","2259","2379","2493","2568","2606",
"상주시","90 - 94세","남자인구수[명]","명","196","216","240","263","296","355",
"상주시","90 - 94세","여자인구수[명]","명","831","883","923","987","1071","1133",
"상주시","95 - 99세","남자인구수[명]","명","48","44","35","41","38","37",
"상주시","95 - 99세","여자인구수[명]","명","201","238","235","258","271","279",
"상주시","100+","남자인구수[명]","명","13","2","4","1","1","2",
"상주시","100+","여자인구수[명]","명","49","34","40","45","44","37",
"문경시","0 - 4세","남자인구수[명]","명","878","829","773","716","623","502",
"문경시","0 - 4세","여자인구수[명]","명","835","801","755","654","567","483",
"문경시","5 - 9세","남자인구수[명]","명","1237","1125","1042","951","883","782",
"문경시","5 - 9세","여자인구수[명]","명","1122","1072","996","920","851","748",
"문경시","10 - 14세","남자인구수[명]","명","1360","1371","1340","1281","1244","1214",
"문경시","10 - 14세","여자인구수[명]","명","1131","1175","1161","1127","1115","1097",
"문경시","15 - 19세","남자인구수[명]","명","1661","1574","1552","1517","1466","1388",
"문경시","15 - 19세","여자인구수[명]","명","1428","1307","1272","1235","1179","1141",
"문경시","20 - 24세","남자인구수[명]","명","1998","1962","1801","1598","1405","1217",
"문경시","20 - 24세","여자인구수[명]","명","1583","1530","1477","1276","1118","899",
"문경시","25 - 29세","남자인구수[명]","명","1519","1494","1508","1457","1392","1328",
"문경시","25 - 29세","여자인구수[명]","명","1107","1154","1142","1107","1058","1047",
"문경시","30 - 34세","남자인구수[명]","명","1325","1249","1260","1230","1221","1165",
"문경시","30 - 34세","여자인구수[명]","명","1119","1076","1097","1077","1030","953",
"문경시","35 - 39세","남자인구수[명]","명","1691","1607","1500","1395","1297","1197",
"문경시","35 - 39세","여자인구수[명]","명","1591","1484","1334","1256","1107","1036",
"문경시","40 - 44세","남자인구수[명]","명","2067","2006","1970","1895","1753","1602",
"문경시","40 - 44세","여자인구수[명]","명","1780","1800","1821","1730","1674","1509",
"문경시","45 - 49세","남자인구수[명]","명","2658","2568","2445","2240","2104","2008",
"문경시","45 - 49세","여자인구수[명]","명","2282","2189","2124","1976","1879","1786",
"문경시","50 - 54세","남자인구수[명]","명","2939","2962","2916","2810","2741","2626",
"문경시","50 - 54세","여자인구수[명]","명","2607","2651","2537","2438","2350","2285",
"문경시","55 - 59세","남자인구수[명]","명","3273","3191","3141","3100","3064","3056",
"문경시","55 - 59세","여자인구수[명]","명","3218","3020","3005","2937","2860","2730",
"문경시","60 - 64세","남자인구수[명]","명","3647","3796","3819","3788","3679","3475",
"문경시","60 - 64세","여자인구수[명]","명","3750","3824","3718","3658","3502","3343",
"문경시","65 - 69세","남자인구수[명]","명","2820","3087","3254","3387","3576","3723",
"문경시","65 - 69세","여자인구수[명]","명","3161","3377","3451","3526","3663","3704",
"문경시","70 - 74세","남자인구수[명]","명","2252","2364","2451","2459","2518","2656",
"문경시","70 - 74세","여자인구수[명]","명","2636","2692","2812","2858","2957","3052",
"문경시","75 - 79세","남자인구수[명]","명","1752","1669","1623","1722","1823","1967",
"문경시","75 - 79세","여자인구수[명]","명","2628","2458","2330","2286","2304","2467",
"문경시","80 - 84세","남자인구수[명]","명","1262","1336","1441","1415","1375","1309",
"문경시","80 - 84세","여자인구수[명]","명","2401","2398","2483","2492","2407","2227",
"문경시","85 - 89세","남자인구수[명]","명","485","551","553","613","675","732",
"문경시","85 - 89세","여자인구수[명]","명","1332","1507","1579","1672","1704","1717",
"문경시","90 - 94세","남자인구수[명]","명","136","150","156","166","170","181",
"문경시","90 - 94세","여자인구수[명]","명","519","551","535","580","700","765",
"문경시","95 - 99세","남자인구수[명]","명","26","23","26","31","29","25",
"문경시","95 - 99세","여자인구수[명]","명","133","143","140","146","164","175",
"문경시","100+","남자인구수[명]","명","14","5","6","4","3","3",
"문경시","100+","여자인구수[명]","명","43","26","27","29","27","28",
"경산시","0 - 4세","남자인구수[명]","명","4472","4140","3759","3389","3151","3076",
"경산시","0 - 4세","여자인구수[명]","명","4283","3941","3604","3207","3053","3008",
"경산시","5 - 9세","남자인구수[명]","명","5969","5897","5533","5154","4751","4210",
"경산시","5 - 9세","여자인구수[명]","명","5752","5751","5375","5031","4590","4145",
"경산시","10 - 14세","남자인구수[명]","명","5638","5907","5938","5871","5869","5820",
"경산시","10 - 14세","여자인구수[명]","명","5326","5564","5608","5649","5669","5603",
"경산시","15 - 19세","남자인구수[명]","명","6140","5977","5894","5748","5734","5872",
"경산시","15 - 19세","여자인구수[명]","명","5596","5409","5485","5450","5519","5614",
"경산시","20 - 24세","남자인구수[명]","명","9706","9514","9516","9487","9559","8918",
"경산시","20 - 24세","여자인구수[명]","명","8506","8600","8494","8309","8526","8075",
"경산시","25 - 29세","남자인구수[명]","명","10208","10215","10181","9843","9533","9206",
"경산시","25 - 29세","여자인구수[명]","명","7809","7942","7688","7520","7339","6919",
"경산시","30 - 34세","남자인구수[명]","명","8313","8761","8843","8933","9069","8950",
"경산시","30 - 34세","여자인구수[명]","명","6781","7076","7179","7136","7181","7169",
"경산시","35 - 39세","남자인구수[명]","명","9486","9006","8393","8007","7929","7803",
"경산시","35 - 39세","여자인구수[명]","명","8612","8124","7498","6855","6733","6587",
"경산시","40 - 44세","남자인구수[명]","명","9962","10280","10362","10134","9687","9145",
"경산시","40 - 44세","여자인구수[명]","명","9270","9624","9620","9687","9062","8351",
"경산시","45 - 49세","남자인구수[명]","명","11353","11088","10587","10127","9902","9812",
"경산시","45 - 49세","여자인구수[명]","명","10983","10684","10249","9540","9357","9295",
"경산시","50 - 54세","남자인구수[명]","명","11536","11946","12072","11864","11807","11464",
"경산시","50 - 54세","여자인구수[명]","명","11395","12044","12072","12015","11857","11354",
"경산시","55 - 59세","남자인구수[명]","명","10954","11040","10955","11417","11545","11607",
"경산시","55 - 59세","여자인구수[명]","명","10968","10826","10923","11350","11598","11688",
"경산시","60 - 64세","남자인구수[명]","명","10027","10751","11077","11196","11104","10976",
"경산시","60 - 64세","여자인구수[명]","명","10104","10845","11104","11309","11183","11179",
"경산시","65 - 69세","남자인구수[명]","명","7018","7663","8175","8610","9334","9760",
"경산시","65 - 69세","여자인구수[명]","명","7752","8299","8634","9003","9788","10211",
"경산시","70 - 74세","남자인구수[명]","명","5052","5462","5776","5884","6160","6687",
"경산시","70 - 74세","여자인구수[명]","명","5904","6488","6757","6906","7044","7666",
"경산시","75 - 79세","남자인구수[명]","명","3547","3581","3618","3901","4216","4571",
"경산시","75 - 79세","여자인구수[명]","명","4892","4744","4728","5016","5354","5706",
"경산시","80 - 84세","남자인구수[명]","명","2208","2390","2623","2768","2805","2788",
"경산시","80 - 84세","여자인구수[명]","명","3965","4108","4418","4529","4560","4367",
"경산시","85 - 89세","남자인구수[명]","명","960","1035","1117","1187","1328","1362",
"경산시","85 - 89세","여자인구수[명]","명","2121","2355","2503","2703","2840","2998",
"경산시","90 - 94세","남자인구수[명]","명","223","254","284","279","327","389",
"경산시","90 - 94세","여자인구수[명]","명","711","817","846","929","1055","1204",
"경산시","95 - 99세","남자인구수[명]","명","22","28","41","47","39","42",
"경산시","95 - 99세","여자인구수[명]","명","139","163","171","181","211","226",
"경산시","100+","남자인구수[명]","명","11","5","2","1","2","6",
"경산시","100+","여자인구수[명]","명","54","25","23","33","28","24",
"군위군","0 - 4세","남자인구수[명]","명","167","142","164","","","",
"군위군","0 - 4세","여자인구수[명]","명","136","123","132","","","",
"군위군","5 - 9세","남자인구수[명]","명","203","188","161","","","",
"군위군","5 - 9세","여자인구수[명]","명","175","152","133","","","",
"군위군","10 - 14세","남자인구수[명]","명","256","249","242","","","",
"군위군","10 - 14세","여자인구수[명]","명","203","202","204","","","",
"군위군","15 - 19세","남자인구수[명]","명","267","250","240","","","",
"군위군","15 - 19세","여자인구수[명]","명","235","218","211","","","",
"군위군","20 - 24세","남자인구수[명]","명","463","401","365","","","",
"군위군","20 - 24세","여자인구수[명]","명","331","278","265","","","",
"군위군","25 - 29세","남자인구수[명]","명","464","426","424","","","",
"군위군","25 - 29세","여자인구수[명]","명","264","274","294","","","",
"군위군","30 - 34세","남자인구수[명]","명","385","357","349","","","",
"군위군","30 - 34세","여자인구수[명]","명","245","205","237","","","",
"군위군","35 - 39세","남자인구수[명]","명","364","352","389","","","",
"군위군","35 - 39세","여자인구수[명]","명","315","292","286","","","",
"군위군","40 - 44세","남자인구수[명]","명","533","491","490","","","",
"군위군","40 - 44세","여자인구수[명]","명","367","359","367","","","",
"군위군","45 - 49세","남자인구수[명]","명","740","677","633","","","",
"군위군","45 - 49세","여자인구수[명]","명","519","479","432","","","",
"군위군","50 - 54세","남자인구수[명]","명","1026","996","962","","","",
"군위군","50 - 54세","여자인구수[명]","명","751","727","746","","","",
"군위군","55 - 59세","남자인구수[명]","명","1406","1377","1350","","","",
"군위군","55 - 59세","여자인구수[명]","명","1129","1054","1054","","","",
"군위군","60 - 64세","남자인구수[명]","명","1543","1591","1701","","","",
"군위군","60 - 64세","여자인구수[명]","명","1308","1366","1444","","","",
"군위군","65 - 69세","남자인구수[명]","명","1268","1395","1512","","","",
"군위군","65 - 69세","여자인구수[명]","명","1217","1255","1282","","","",
"군위군","70 - 74세","남자인구수[명]","명","1032","1091","1141","","","",
"군위군","70 - 74세","여자인구수[명]","명","1032","1101","1142","","","",
"군위군","75 - 79세","남자인구수[명]","명","822","774","776","","","",
"군위군","75 - 79세","여자인구수[명]","명","1132","1027","973","","","",
"군위군","80 - 84세","남자인구수[명]","명","600","609","658","","","",
"군위군","80 - 84세","여자인구수[명]","명","1080","1083","1128","","","",
"군위군","85 - 89세","남자인구수[명]","명","286","321","332","","","",
"군위군","85 - 89세","여자인구수[명]","명","646","697","734","","","",
"군위군","90 - 94세","남자인구수[명]","명","58","67","73","","","",
"군위군","90 - 94세","여자인구수[명]","명","228","235","250","","","",
"군위군","95 - 99세","남자인구수[명]","명","8","6","7","","","",
"군위군","95 - 99세","여자인구수[명]","명","37","43","46","","","",
"군위군","100+","남자인구수[명]","명","1","1","0","","","",
"군위군","100+","여자인구수[명]","명","14","14","11","","","",
"의성군","0 - 4세","남자인구수[명]","명","539","486","464","423","376","324",
"의성군","0 - 4세","여자인구수[명]","명","470","420","398","379","338","292",
"의성군","5 - 9세","남자인구수[명]","명","463","465","454","425","368","343",
"의성군","5 - 9세","여자인구수[명]","명","439","430","420","408","347","312",
"의성군","10 - 14세","남자인구수[명]","명","547","534","529","484","460","453",
"의성군","10 - 14세","여자인구수[명]","명","501","492","476","465","441","428",
"의성군","15 - 19세","남자인구수[명]","명","656","618","584","633","669","673",
"의성군","15 - 19세","여자인구수[명]","명","592","542","524","526","496","480",
"의성군","20 - 24세","남자인구수[명]","명","890","810","729","687","584","527",
"의성군","20 - 24세","여자인구수[명]","명","681","593","536","501","425","352",
"의성군","25 - 29세","남자인구수[명]","명","924","826","788","770","663","603",
"의성군","25 - 29세","여자인구수[명]","명","659","604","575","555","504","465",
"의성군","30 - 34세","남자인구수[명]","명","847","799","798","763","744","724",
"의성군","30 - 34세","여자인구수[명]","명","650","595","627","641","579","537",
"의성군","35 - 39세","남자인구수[명]","명","957","837","818","840","814","787",
"의성군","35 - 39세","여자인구수[명]","명","789","720","668","621","587","566",
"의성군","40 - 44세","남자인구수[명]","명","1155","1128","1097","1093","1005","971",
"의성군","40 - 44세","여자인구수[명]","명","812","837","849","830","771","730",
"의성군","45 - 49세","남자인구수[명]","명","1598","1466","1373","1335","1260","1204",
"의성군","45 - 49세","여자인구수[명]","명","1135","1027","958","905","843","831",
"의성군","50 - 54세","남자인구수[명]","명","2108","1990","1966","1873","1736","1703",
"의성군","50 - 54세","여자인구수[명]","명","1572","1552","1492","1423","1222","1183",
"의성군","55 - 59세","남자인구수[명]","명","2606","2473","2428","2501","2485","2381",
"의성군","55 - 59세","여자인구수[명]","명","2428","2159","2008","2020","1930","1770",
"의성군","60 - 64세","남자인구수[명]","명","3208","3289","3290","3242","3073","2984",
"의성군","60 - 64세","여자인구수[명]","명","3020","3079","3124","3020","2852","2709",
"의성군","65 - 69세","남자인구수[명]","명","2711","2886","3072","3229","3306","3482",
"의성군","65 - 69세","여자인구수[명]","명","2850","2928","2967","3021","3115","3153",
"의성군","70 - 74세","남자인구수[명]","명","2076","2223","2321","2417","2547","2673",
"의성군","70 - 74세","여자인구수[명]","명","2409","2524","2589","2637","2695","2818",
"의성군","75 - 79세","남자인구수[명]","명","1801","1681","1549","1611","1697","1834",
"의성군","75 - 79세","여자인구수[명]","명","2652","2423","2179","2065","2098","2229",
"의성군","80 - 84세","남자인구수[명]","명","1360","1403","1524","1526","1421","1316",
"의성군","80 - 84세","여자인구수[명]","명","2552","2546","2638","2683","2424","2232",
"의성군","85 - 89세","남자인구수[명]","명","635","691","716","729","782","754",
"의성군","85 - 89세","여자인구수[명]","명","1588","1664","1710","1752","1899","1806",
"의성군","90 - 94세","남자인구수[명]","명","160","170","181","198","229","262",
"의성군","90 - 94세","여자인구수[명]","명","507","570","601","669","716","806",
"의성군","95 - 99세","남자인구수[명]","명","15","20","27","27","24","29",
"의성군","95 - 99세","여자인구수[명]","명","114","116","122","131","143","156",
"의성군","100+","남자인구수[명]","명","9","1","1","2","1","1",
"의성군","100+","여자인구수[명]","명","39","15","16","26","21","19",
"청송군","0 - 4세","남자인구수[명]","명","225","227","220","208","185","177",
"청송군","0 - 4세","여자인구수[명]","명","199","183","172","181","174","149",
"청송군","5 - 9세","남자인구수[명]","명","278","251","229","218","223","188",
"청송군","5 - 9세","여자인구수[명]","명","277","256","231","215","187","181",
"청송군","10 - 14세","남자인구수[명]","명","283","287","283","264","268","252",
"청송군","10 - 14세","여자인구수[명]","명","251","234","241","261","260","239",
"청송군","15 - 19세","남자인구수[명]","명","352","320","301","282","248","260",
"청송군","15 - 19세","여자인구수[명]","명","321","308","275","249","252","242",
"청송군","20 - 24세","남자인구수[명]","명","475","433","391","378","336","277",
"청송군","20 - 24세","여자인구수[명]","명","375","336","297","272","229","201",
"청송군","25 - 29세","남자인구수[명]","명","550","525","478","448","416","393",
"청송군","25 - 29세","여자인구수[명]","명","294","278","285","267","274","294",
"청송군","30 - 34세","남자인구수[명]","명","487","443","450","484","457","463",
"청송군","30 - 34세","여자인구수[명]","명","305","265","258","260","267","252",
"청송군","35 - 39세","남자인구수[명]","명","505","462","468","439","424","435",
"청송군","35 - 39세","여자인구수[명]","명","396","384","354","320","296","296",
"청송군","40 - 44세","남자인구수[명]","명","585","534","514","527","514","477",
"청송군","40 - 44세","여자인구수[명]","명","431","414","425","433","415","372",
"청송군","45 - 49세","남자인구수[명]","명","797","748","702","632","572","589",
"청송군","45 - 49세","여자인구수[명]","명","586","543","518","486","445","435",
"청송군","50 - 54세","남자인구수[명]","명","1134","1075","1037","967","922","877",
"청송군","50 - 54세","여자인구수[명]","명","939","878","807","713","675","624",
"청송군","55 - 59세","남자인구수[명]","명","1359","1321","1271","1260","1251","1213",
"청송군","55 - 59세","여자인구수[명]","명","1276","1197","1154","1128","1081","1010",
"청송군","60 - 64세","남자인구수[명]","명","1500","1568","1593","1578","1548","1538",
"청송군","60 - 64세","여자인구수[명]","명","1482","1539","1519","1506","1430","1341",
"청송군","65 - 69세","남자인구수[명]","명","1252","1307","1393","1448","1505","1550",
"청송군","65 - 69세","여자인구수[명]","명","1293","1320","1359","1385","1489","1524",
"청송군","70 - 74세","남자인구수[명]","명","982","1065","1083","1117","1163","1202",
"청송군","70 - 74세","여자인구수[명]","명","1064","1095","1140","1147","1170","1246",
"청송군","75 - 79세","남자인구수[명]","명","785","720","724","741","801","852",
"청송군","75 - 79세","여자인구수[명]","명","1211","1090","1014","982","961","969",
"청송군","80 - 84세","남자인구수[명]","명","593","588","631","639","612","580",
"청송군","80 - 84세","여자인구수[명]","명","1040","1071","1148","1150","1090","1042",
"청송군","85 - 89세","남자인구수[명]","명","277","313","312","338","356","355",
"청송군","85 - 89세","여자인구수[명]","명","556","611","623","695","765","759",
"청송군","90 - 94세","남자인구수[명]","명","52","68","77","82","93","107",
"청송군","90 - 94세","여자인구수[명]","명","210","219","249","237","266","302",
"청송군","95 - 99세","남자인구수[명]","명","5","5","10","12","10","13",
"청송군","95 - 99세","여자인구수[명]","명","41","47","52","65","80","78",
"청송군","100+","남자인구수[명]","명","6","1","1","1","1","1",
"청송군","100+","여자인구수[명]","명","15","10","6","4","5","8",
"영양군","0 - 4세","남자인구수[명]","명","173","147","121","99","72","64",
"영양군","0 - 4세","여자인구수[명]","명","161","142","118","114","92","92",
"영양군","5 - 9세","남자인구수[명]","명","212","203","190","167","161","148",
"영양군","5 - 9세","여자인구수[명]","명","180","183","180","148","129","117",
"영양군","10 - 14세","남자인구수[명]","명","230","236","224","224","212","220",
"영양군","10 - 14세","여자인구수[명]","명","216","211","186","174","185","178",
"영양군","15 - 19세","남자인구수[명]","명","249","226","225","225","236","246",
"영양군","15 - 19세","여자인구수[명]","명","243","219","237","248","231","251",
"영양군","20 - 24세","남자인구수[명]","명","353","326","294","261","228","231",
"영양군","20 - 24세","여자인구수[명]","명","240","225","215","184","163","196",
"영양군","25 - 29세","남자인구수[명]","명","322","283","254","234","219","277",
"영양군","25 - 29세","여자인구수[명]","명","230","231","200","187","177","211",
"영양군","30 - 34세","남자인구수[명]","명","272","265","255","236","239","264",
"영양군","30 - 34세","여자인구수[명]","명","227","208","204","188","187","196",
"영양군","35 - 39세","남자인구수[명]","명","285","282","270","253","234","259",
"영양군","35 - 39세","여자인구수[명]","명","248","238","220","205","197","224",
"영양군","40 - 44세","남자인구수[명]","명","426","413","387","357","316","320",
"영양군","40 - 44세","여자인구수[명]","명","305","286","291","279","258","255",
"영양군","45 - 49세","남자인구수[명]","명","594","536","494","456","440","455",
"영양군","45 - 49세","여자인구수[명]","명","404","367","347","318","309","322",
"영양군","50 - 54세","남자인구수[명]","명","770","771","768","733","679","655",
"영양군","50 - 54세","여자인구수[명]","명","542","511","493","474","450","461",
"영양군","55 - 59세","남자인구수[명]","명","866","835","813","818","831","885",
"영양군","55 - 59세","여자인구수[명]","명","809","729","657","643","622","642",
"영양군","60 - 64세","남자인구수[명]","명","925","989","1035","1026","975","1010",
"영양군","60 - 64세","여자인구수[명]","명","932","948","938","924","885","912",
"영양군","65 - 69세","남자인구수[명]","명","796","848","855","878","945","990",
"영양군","65 - 69세","여자인구수[명]","명","803","826","864","886","918","956",
"영양군","70 - 74세","남자인구수[명]","명","607","623","663","667","657","735",
"영양군","70 - 74세","여자인구수[명]","명","677","682","721","716","726","809",
"영양군","75 - 79세","남자인구수[명]","명","556","504","445","460","505","525",
"영양군","75 - 79세","여자인구수[명]","명","844","774","664","628","604","626",
"영양군","80 - 84세","남자인구수[명]","명","413","433","467","459","416","383",
"영양군","80 - 84세","여자인구수[명]","명","735","745","785","800","778","725",
"영양군","85 - 89세","남자인구수[명]","명","146","159","174","199","218","230",
"영양군","85 - 89세","여자인구수[명]","명","421","435","473","497","515","532",
"영양군","90 - 94세","남자인구수[명]","명","49","54","51","40","48","54",
"영양군","90 - 94세","여자인구수[명]","명","156","169","176","183","206","209",
"영양군","95 - 99세","남자인구수[명]","명","12","9","11","11","7","11",
"영양군","95 - 99세","여자인구수[명]","명","35","36","44","49","47","51",
"영양군","100+","남자인구수[명]","명","7","2","1","2","1","0",
"영양군","100+","여자인구수[명]","명","21","11","12","11","10","14",
"영덕군","0 - 4세","남자인구수[명]","명","351","298","276","258","223","204",
"영덕군","0 - 4세","여자인구수[명]","명","407","327","284","244","209","190",
"영덕군","5 - 9세","남자인구수[명]","명","480","429","407","338","319","262",
"영덕군","5 - 9세","여자인구수[명]","명","437","404","412","375","322","299",
"영덕군","10 - 14세","남자인구수[명]","명","494","502","469","474","460","449",
"영덕군","10 - 14세","여자인구수[명]","명","495","472","448","438","432","401",
"영덕군","15 - 19세","남자인구수[명]","명","595","550","524","488","495","467",
"영덕군","15 - 19세","여자인구수[명]","명","533","506","495","460","441","420",
"영덕군","20 - 24세","남자인구수[명]","명","734","653","590","549","502","440",
"영덕군","20 - 24세","여자인구수[명]","명","549","492","439","377","326","295",
"영덕군","25 - 29세","남자인구수[명]","명","673","658","621","595","503","477",
"영덕군","25 - 29세","여자인구수[명]","명","469","429","422","438","394","377",
"영덕군","30 - 34세","남자인구수[명]","명","529","505","532","533","557","559",
"영덕군","30 - 34세","여자인구수[명]","명","478","433","435","426","406","389",
"영덕군","35 - 39세","남자인구수[명]","명","709","625","554","503","461","460",
"영덕군","35 - 39세","여자인구수[명]","명","690","594","548","501","445","419",
"영덕군","40 - 44세","남자인구수[명]","명","893","853","825","809","733","681",
"영덕군","40 - 44세","여자인구수[명]","명","771","770","705","707","719","664",
"영덕군","45 - 49세","남자인구수[명]","명","1258","1132","1046","926","878","865",
"영덕군","45 - 49세","여자인구수[명]","명","951","876","875","820","760","761",
"영덕군","50 - 54세","남자인구수[명]","명","1569","1572","1525","1486","1388","1294",
"영덕군","50 - 54세","여자인구수[명]","명","1240","1215","1182","1109","1031","985",
"영덕군","55 - 59세","남자인구수[명]","명","1705","1662","1641","1641","1673","1672",
"영덕군","55 - 59세","여자인구수[명]","명","1651","1543","1493","1475","1375","1344",
"영덕군","60 - 64세","남자인구수[명]","명","1902","1959","1951","1947","1891","1862",
"영덕군","60 - 64세","여자인구수[명]","명","2000","2012","1945","1927","1815","1744",
"영덕군","65 - 69세","남자인구수[명]","명","1635","1676","1740","1794","1873","1937",
"영덕군","65 - 69세","여자인구수[명]","명","1873","1893","1901","1893","1971","2007",
"영덕군","70 - 74세","남자인구수[명]","명","1291","1358","1389","1438","1438","1534",
"영덕군","70 - 74세","여자인구수[명]","명","1577","1639","1702","1684","1711","1797",
"영덕군","75 - 79세","남자인구수[명]","명","1089","1023","961","953","1042","1116",
"영덕군","75 - 79세","여자인구수[명]","명","1952","1750","1547","1482","1435","1474",
"영덕군","80 - 84세","남자인구수[명]","명","847","830","918","917","844","806",
"영덕군","80 - 84세","여자인구수[명]","명","1672","1710","1845","1861","1799","1640",
"영덕군","85 - 89세","남자인구수[명]","명","341","387","397","445","477","468",
"영덕군","85 - 89세","여자인구수[명]","명","920","999","1013","1100","1162","1174",
"영덕군","90 - 94세","남자인구수[명]","명","74","91","108","124","128","139",
"영덕군","90 - 94세","여자인구수[명]","명","342","377","382","400","448","500",
"영덕군","95 - 99세","남자인구수[명]","명","21","13","7","14","15","16",
"영덕군","95 - 99세","여자인구수[명]","명","86","81","83","91","93","98",
"영덕군","100+","남자인구수[명]","명","7","1","0","0","2","2",
"영덕군","100+","여자인구수[명]","명","23","15","13","15","14","10",
"청도군","0 - 4세","남자인구수[명]","명","343","297","285","275","244","229",
"청도군","0 - 4세","여자인구수[명]","명","310","286","266","266","240","245",
"청도군","5 - 9세","남자인구수[명]","명","436","425","386","362","324","286",
"청도군","5 - 9세","여자인구수[명]","명","437","404","360","334","300","248",
"청도군","10 - 14세","남자인구수[명]","명","542","511","499","493","469","444",
"청도군","10 - 14세","여자인구수[명]","명","524","530","481","476","457","443",
"청도군","15 - 19세","남자인구수[명]","명","613","626","606","593","548","560",
"청도군","15 - 19세","여자인구수[명]","명","575","566","586","563","554","536",
"청도군","20 - 24세","남자인구수[명]","명","885","794","736","638","551","453",
"청도군","20 - 24세","여자인구수[명]","명","607","562","521","461","395","344",
"청도군","25 - 29세","남자인구수[명]","명","824","711","681","640","587","541",
"청도군","25 - 29세","여자인구수[명]","명","549","515","497","490","451","404",
"청도군","30 - 34세","남자인구수[명]","명","670","650","629","618","577","590",
"청도군","30 - 34세","여자인구수[명]","명","525","509","511","501","460","477",
"청도군","35 - 39세","남자인구수[명]","명","805","745","680","640","630","584",
"청도군","35 - 39세","여자인구수[명]","명","777","671","567","538","505","488",
"청도군","40 - 44세","남자인구수[명]","명","1028","1016","1003","999","925","837",
"청도군","40 - 44세","여자인구수[명]","명","845","909","909","890","806","739",
"청도군","45 - 49세","남자인구수[명]","명","1462","1360","1290","1196","1135","1122",
"청도군","45 - 49세","여자인구수[명]","명","1104","998","926","843","836","834",
"청도군","50 - 54세","남자인구수[명]","명","1687","1691","1710","1618","1608","1526",
"청도군","50 - 54세","여자인구수[명]","명","1460","1482","1440","1391","1253","1182",
"청도군","55 - 59세","남자인구수[명]","명","2194","2075","1973","2034","1913","1896",
"청도군","55 - 59세","여자인구수[명]","명","1961","1843","1830","1807","1772","1646",
"청도군","60 - 64세","남자인구수[명]","명","2591","2726","2756","2765","2681","2567",
"청도군","60 - 64세","여자인구수[명]","명","2482","2545","2590","2543","2397","2246",
"청도군","65 - 69세","남자인구수[명]","명","2209","2354","2458","2531","2762","2911",
"청도군","65 - 69세","여자인구수[명]","명","2331","2338","2313","2364","2537","2640",
"청도군","70 - 74세","남자인구수[명]","명","1801","1901","2013","2064","2074","2190",
"청도군","70 - 74세","여자인구수[명]","명","1840","2028","2142","2220","2237","2337",
"청도군","75 - 79세","남자인구수[명]","명","1208","1170","1197","1302","1452","1597",
"청도군","75 - 79세","여자인구수[명]","명","1739","1575","1478","1450","1554","1747",
"청도군","80 - 84세","남자인구수[명]","명","923","931","981","1016","983","933",
"청도군","80 - 84세","여자인구수[명]","명","1749","1737","1786","1745","1625","1485",
"청도군","85 - 89세","남자인구수[명]","명","433","481","531","547","542","561",
"청도군","85 - 89세","여자인구수[명]","명","1175","1268","1259","1274","1306","1287",
"청도군","90 - 94세","남자인구수[명]","명","102","111","110","141","170","179",
"청도군","90 - 94세","여자인구수[명]","명","394","435","503","543","564","619",
"청도군","95 - 99세","남자인구수[명]","명","18","23","17","20","18","19",
"청도군","95 - 99세","여자인구수[명]","명","84","83","99","108","122","124",
"청도군","100+","남자인구수[명]","명","1","0","0","1","0","2",
"청도군","100+","여자인구수[명]","명","20","9","9","16","18","19",
"고령군","0 - 4세","남자인구수[명]","명","299","279","237","215","211","206",
"고령군","0 - 4세","여자인구수[명]","명","301","265","247","231","206","183",
"고령군","5 - 9세","남자인구수[명]","명","429","409","358","328","285","243",
"고령군","5 - 9세","여자인구수[명]","명","389","363","324","294","264","233",
"고령군","10 - 14세","남자인구수[명]","명","502","463","448","415","400","396",
"고령군","10 - 14세","여자인구수[명]","명","460","437","415","393","374","355",
"고령군","15 - 19세","남자인구수[명]","명","589","555","549","535","523","488",
"고령군","15 - 19세","여자인구수[명]","명","490","453","435","427","413","418",
"고령군","20 - 24세","남자인구수[명]","명","798","736","660","594","515","479",
"고령군","20 - 24세","여자인구수[명]","명","595","525","456","421","371","318",
"고령군","25 - 29세","남자인구수[명]","명","680","607","601","609","587","547",
"고령군","25 - 29세","여자인구수[명]","명","468","434","477","442","419","398",
"고령군","30 - 34세","남자인구수[명]","명","558","512","510","504","534","526",
"고령군","30 - 34세","여자인구수[명]","명","426","407","403","408","399","407",
"고령군","35 - 39세","남자인구수[명]","명","686","604","550","508","519","495",
"고령군","35 - 39세","여자인구수[명]","명","595","532","470","422","449","424",
"고령군","40 - 44세","남자인구수[명]","명","865","834","828","821","800","710",
"고령군","40 - 44세","여자인구수[명]","명","683","683","717","684","618","573",
"고령군","45 - 49세","남자인구수[명]","명","1283","1165","1072","960","927","898",
"고령군","45 - 49세","여자인구수[명]","명","991","868","836","777","761","716",
"고령군","50 - 54세","남자인구수[명]","명","1545","1530","1516","1483","1429","1329",
"고령군","50 - 54세","여자인구수[명]","명","1125","1125","1091","1069","1058","1020",
"고령군","55 - 59세","남자인구수[명]","명","1775","1717","1643","1650","1694","1671",
"고령군","55 - 59세","여자인구수[명]","명","1454","1344","1320","1332","1299","1237",
"고령군","60 - 64세","남자인구수[명]","명","1834","1939","1982","2023","1924","1927",
"고령군","60 - 64세","여자인구수[명]","명","1600","1675","1711","1732","1691","1598",
"고령군","65 - 69세","남자인구수[명]","명","1451","1557","1630","1708","1887","1962",
"고령군","65 - 69세","여자인구수[명]","명","1382","1417","1419","1496","1626","1731",
"고령군","70 - 74세","남자인구수[명]","명","1065","1112","1228","1284","1364","1462",
"고령군","70 - 74세","여자인구수[명]","명","1145","1206","1268","1285","1330","1394",
"고령군","75 - 79세","남자인구수[명]","명","756","737","768","799","839","936",
"고령군","75 - 79세","여자인구수[명]","명","1143","1063","988","995","1010","1086",
"고령군","80 - 84세","남자인구수[명]","명","589","587","586","615","608","586",
"고령군","80 - 84세","여자인구수[명]","명","1123","1125","1173","1150","1065","995",
"고령군","85 - 89세","남자인구수[명]","명","290","313","318","330","347","351",
"고령군","85 - 89세","여자인구수[명]","명","672","697","731","763","825","830",
"고령군","90 - 94세","남자인구수[명]","명","59","72","74","77","93","105",
"고령군","90 - 94세","여자인구수[명]","명","195","220","240","280","313","348",
"고령군","95 - 99세","남자인구수[명]","명","16","12","13","19","18","12",
"고령군","95 - 99세","여자인구수[명]","명","44","43","52","53","53","60",
"고령군","100+","남자인구수[명]","명","5","1","1","0","3","4",
"고령군","100+","여자인구수[명]","명","6","3","8","8","11","10",
"성주군","0 - 4세","남자인구수[명]","명","507","484","439","392","361","326",
"성주군","0 - 4세","여자인구수[명]","명","470","470","413","372","356","323",
"성주군","5 - 9세","남자인구수[명]","명","458","434","415","372","345","303",
"성주군","5 - 9세","여자인구수[명]","명","475","431","407","373","348","318",
"성주군","10 - 14세","남자인구수[명]","명","579","555","542","500","448","446",
"성주군","10 - 14세","여자인구수[명]","명","474","502","505","513","499","462",
"성주군","15 - 19세","남자인구수[명]","명","684","639","617","630","631","573",
"성주군","15 - 19세","여자인구수[명]","명","520","486","469","482","500","495",
"성주군","20 - 24세","남자인구수[명]","명","1024","914","801","735","622","513",
"성주군","20 - 24세","여자인구수[명]","명","743","625","549","461","413","330",
"성주군","25 - 29세","남자인구수[명]","명","1076","1006","927","861","731","682",
"성주군","25 - 29세","여자인구수[명]","명","691","655","572","551","489","479",
"성주군","30 - 34세","남자인구수[명]","명","876","816","858","849","861","829",
"성주군","30 - 34세","여자인구수[명]","명","660","658","643","613","607","563",
"성주군","35 - 39세","남자인구수[명]","명","935","892","835","832","818","793",
"성주군","35 - 39세","여자인구수[명]","명","819","783","703","658","635","561",
"성주군","40 - 44세","남자인구수[명]","명","1243","1188","1095","1096","1039","970",
"성주군","40 - 44세","여자인구수[명]","명","813","801","835","834","785","748",
"성주군","45 - 49세","남자인구수[명]","명","1596","1482","1457","1362","1307","1272",
"성주군","45 - 49세","여자인구수[명]","명","1107","1038","968","889","831","830",
"성주군","50 - 54세","남자인구수[명]","명","2061","1990","1955","1887","1823","1717",
"성주군","50 - 54세","여자인구수[명]","명","1613","1539","1440","1323","1282","1203",
"성주군","55 - 59세","남자인구수[명]","명","2605","2496","2371","2351","2270","2193",
"성주군","55 - 59세","여자인구수[명]","명","2242","2060","1998","2001","1905","1770",
"성주군","60 - 64세","남자인구수[명]","명","2798","2978","3104","3058","2963","2851",
"성주군","60 - 64세","여자인구수[명]","명","2374","2507","2670","2686","2539","2408",
"성주군","65 - 69세","남자인구수[명]","명","2077","2253","2426","2578","2800","2960",
"성주군","65 - 69세","여자인구수[명]","명","2059","2115","2084","2124","2325","2452",
"성주군","70 - 74세","남자인구수[명]","명","1617","1738","1856","1920","1960","2061",
"성주군","70 - 74세","여자인구수[명]","명","1703","1801","1937","1931","1935","2046",
"성주군","75 - 79세","남자인구수[명]","명","1096","1050","1069","1174","1275","1419",
"성주군","75 - 79세","여자인구수[명]","명","1420","1346","1304","1353","1430","1581",
"성주군","80 - 84세","남자인구수[명]","명","768","824","892","874","866","821",
"성주군","80 - 84세","여자인구수[명]","명","1405","1364","1406","1396","1344","1220",
"성주군","85 - 89세","남자인구수[명]","명","357","365","376","390","408","447",
"성주군","85 - 89세","여자인구수[명]","명","952","1030","1027","1024","1015","1017",
"성주군","90 - 94세","남자인구수[명]","명","97","99","107","119","120","124",
"성주군","90 - 94세","여자인구수[명]","명","318","329","385","392","444","477",
"성주군","95 - 99세","남자인구수[명]","명","13","11","15","16","22","18",
"성주군","95 - 99세","여자인구수[명]","명","61","77","80","100","90","109",
"성주군","100+","남자인구수[명]","명","6","2","4","4","2","1",
"성주군","100+","여자인구수[명]","명","22","9","10","10","8","9",
"칠곡군","0 - 4세","남자인구수[명]","명","1929","1604","1367","1128","934","814",
"칠곡군","0 - 4세","여자인구수[명]","명","1873","1539","1377","1140","900","790",
"칠곡군","5 - 9세","남자인구수[명]","명","2972","2886","2611","2374","2075","1734",
"칠곡군","5 - 9세","여자인구수[명]","명","2750","2657","2429","2209","1972","1675",
"칠곡군","10 - 14세","남자인구수[명]","명","2972","2953","2952","2875","2797","2692",
"칠곡군","10 - 14세","여자인구수[명]","명","2732","2818","2736","2677","2591","2488",
"칠곡군","15 - 19세","남자인구수[명]","명","3146","2982","2928","2882","2779","2749",
"칠곡군","15 - 19세","여자인구수[명]","명","2691","2597","2573","2500","2459","2470",
"칠곡군","20 - 24세","남자인구수[명]","명","3663","3482","3316","3032","2679","2439",
"칠곡군","20 - 24세","여자인구수[명]","명","2598","2486","2242","2062","1833","1619",
"칠곡군","25 - 29세","남자인구수[명]","명","3171","3162","3100","3004","2883","2765",
"칠곡군","25 - 29세","여자인구수[명]","명","2600","2444","2273","2107","1900","1780",
"칠곡군","30 - 34세","남자인구수[명]","명","3418","3162","3064","2945","2740","2661",
"칠곡군","30 - 34세","여자인구수[명]","명","2813","2611","2532","2383","2189","1988",
"칠곡군","35 - 39세","남자인구수[명]","명","4688","4273","3856","3555","3208","2836",
"칠곡군","35 - 39세","여자인구수[명]","명","3957","3674","3302","2961","2632","2416",
"칠곡군","40 - 44세","남자인구수[명]","명","5247","5342","5364","5212","4780","4363",
"칠곡군","40 - 44세","여자인구수[명]","명","4561","4658","4564","4471","4025","3589",
"칠곡군","45 - 49세","남자인구수[명]","명","5905","5715","5569","5350","5145","5117",
"칠곡군","45 - 49세","여자인구수[명]","명","4947","4842","4816","4601","4499","4404",
"칠곡군","50 - 54세","남자인구수[명]","명","5495","5665","5944","5974","5986","5827",
"칠곡군","50 - 54세","여자인구수[명]","명","4786","4950","5008","4978","4996","4899",
"칠곡군","55 - 59세","남자인구수[명]","명","5154","5169","5111","5384","5466","5593",
"칠곡군","55 - 59세","여자인구수[명]","명","4190","4216","4315","4582","4734","4786",
"칠곡군","60 - 64세","남자인구수[명]","명","4357","4711","4950","5039","5135","5186",
"칠곡군","60 - 64세","여자인구수[명]","명","3808","4023","4179","4316","4221","4229",
"칠곡군","65 - 69세","남자인구수[명]","명","2773","3062","3360","3629","3931","4239",
"칠곡군","65 - 69세","여자인구수[명]","명","2820","3130","3239","3375","3604","3806",
"칠곡군","70 - 74세","남자인구수[명]","명","1975","2112","2235","2298","2423","2623",
"칠곡군","70 - 74세","여자인구수[명]","명","2151","2216","2323","2373","2439","2687",
"칠곡군","75 - 79세","남자인구수[명]","명","1371","1313","1347","1488","1640","1764",
"칠곡군","75 - 79세","여자인구수[명]","명","2180","2045","1897","1906","1982","2015",
"칠곡군","80 - 84세","남자인구수[명]","명","951","1002","1058","1074","1025","1003",
"칠곡군","80 - 84세","여자인구수[명]","명","1906","1937","2074","2088","1968","1872",
"칠곡군","85 - 89세","남자인구수[명]","명","492","503","525","547","559","571",
"칠곡군","85 - 89세","여자인구수[명]","명","1057","1193","1219","1263","1382","1388",
"칠곡군","90 - 94세","남자인구수[명]","명","124","139","139","145","175","201",
"칠곡군","90 - 94세","여자인구수[명]","명","380","415","446","484","522","594",
"칠곡군","95 - 99세","남자인구수[명]","명","17","22","25","30","26","27",
"칠곡군","95 - 99세","여자인구수[명]","명","97","94","104","114","123","118",
"칠곡군","100+","남자인구수[명]","명","8","1","0","1","4","4",
"칠곡군","100+","여자인구수[명]","명","33","17","18","25","22","21",
"예천군","0 - 4세","남자인구수[명]","명","1018","946","868","860","788","757",
"예천군","0 - 4세","여자인구수[명]","명","1012","920","886","849","788","742",
"예천군","5 - 9세","남자인구수[명]","명","1346","1316","1207","1126","1089","1018",
"예천군","5 - 9세","여자인구수[명]","명","1263","1268","1222","1143","1133","1035",
"예천군","10 - 14세","남자인구수[명]","명","1224","1260","1324","1336","1302","1307",
"예천군","10 - 14세","여자인구수[명]","명","1096","1187","1217","1275","1230","1243",
"예천군","15 - 19세","남자인구수[명]","명","1091","1094","1092","1094","1123","1146",
"예천군","15 - 19세","여자인구수[명]","명","935","914","954","988","1016","1023",
"예천군","20 - 24세","남자인구수[명]","명","1202","1134","1103","1071","990","878",
"예천군","20 - 24세","여자인구수[명]","명","912","886","817","744","662","599",
"예천군","25 - 29세","남자인구수[명]","명","1126","1132","1131","1069","951","949",
"예천군","25 - 29세","여자인구수[명]","명","874","879","947","908","835","770",
"예천군","30 - 34세","남자인구수[명]","명","1219","1192","1204","1176","1151","1184",
"예천군","30 - 34세","여자인구수[명]","명","1108","1126","1144","1144","1101","1112",
"예천군","35 - 39세","남자인구수[명]","명","1539","1460","1435","1420","1399","1353",
"예천군","35 - 39세","여자인구수[명]","명","1605","1494","1346","1306","1326","1286",
"예천군","40 - 44세","남자인구수[명]","명","1862","1878","1853","1784","1680","1591",
"예천군","40 - 44세","여자인구수[명]","명","1691","1767","1803","1854","1732","1663",
"예천군","45 - 49세","남자인구수[명]","명","2011","1996","1925","1853","1894","1873",
"예천군","45 - 49세","여자인구수[명]","명","1523","1584","1680","1620","1682","1653",
"예천군","50 - 54세","남자인구수[명]","명","2022","2033","2064","2066","2058","2041",
"예천군","50 - 54세","여자인구수[명]","명","1739","1702","1682","1607","1592","1580",
"예천군","55 - 59세","남자인구수[명]","명","2183","2122","2095","2136","2089","2060",
"예천군","55 - 59세","여자인구수[명]","명","2146","2044","1940","1943","1860","1805",
"예천군","60 - 64세","남자인구수[명]","명","2558","2634","2688","2576","2515","2376",
"예천군","60 - 64세","여자인구수[명]","명","2464","2535","2490","2479","2358","2276",
"예천군","65 - 69세","남자인구수[명]","명","2127","2290","2403","2524","2591","2695",
"예천군","65 - 69세","여자인구수[명]","명","2273","2344","2452","2471","2539","2516",
"예천군","70 - 74세","남자인구수[명]","명","1631","1739","1774","1825","1941","2087",
"예천군","70 - 74세","여자인구수[명]","명","1835","1933","1985","2010","2091","2218",
"예천군","75 - 79세","남자인구수[명]","명","1400","1285","1270","1301","1353","1393",
"예천군","75 - 79세","여자인구수[명]","명","1961","1789","1608","1588","1584","1705",
"예천군","80 - 84세","남자인구수[명]","명","1124","1144","1176","1173","1123","1048",
"예천군","80 - 84세","여자인구수[명]","명","1992","1969","2082","1982","1842","1670",
"예천군","85 - 89세","남자인구수[명]","명","546","592","629","655","671","662",
"예천군","85 - 89세","여자인구수[명]","명","1265","1409","1451","1507","1551","1478",
"예천군","90 - 94세","남자인구수[명]","명","93","118","133","151","195","223",
"예천군","90 - 94세","여자인구수[명]","명","456","483","512","544","595","678",
"예천군","95 - 99세","남자인구수[명]","명","27","25","25","25","22","18",
"예천군","95 - 99세","여자인구수[명]","명","80","92","117","124","150","162",
"예천군","100+","남자인구수[명]","명","3","1","1","3","4","2",
"예천군","100+","여자인구수[명]","명","31","23","20","15","13","12",
"봉화군","0 - 4세","남자인구수[명]","명","309","261","225","211","176","159",
"봉화군","0 - 4세","여자인구수[명]","명","316","269","220","187","148","124",
"봉화군","5 - 9세","남자인구수[명]","명","404","373","347","320","286","246",
"봉화군","5 - 9세","여자인구수[명]","명","356","324","286","253","234","219",
"봉화군","10 - 14세","남자인구수[명]","명","449","444","432","418","395","376",
"봉화군","10 - 14세","여자인구수[명]","명","421","394","363","367","354","323",
"봉화군","15 - 19세","남자인구수[명]","명","553","519","458","456","452","471",
"봉화군","15 - 19세","여자인구수[명]","명","444","446","468","477","484","498",
"봉화군","20 - 24세","남자인구수[명]","명","634","591","560","512","445","383",
"봉화군","20 - 24세","여자인구수[명]","명","465","387","354","322","276","245",
"봉화군","25 - 29세","남자인구수[명]","명","543","505","489","449","412","397",
"봉화군","25 - 29세","여자인구수[명]","명","366","337","302","306","264","249",
"봉화군","30 - 34세","남자인구수[명]","명","484","449","412","396","384","377",
"봉화군","30 - 34세","여자인구수[명]","명","375","310","310","287","273","262",
"봉화군","35 - 39세","남자인구수[명]","명","569","526","483","460","437","408",
"봉화군","35 - 39세","여자인구수[명]","명","516","467","406","353","321","321",
"봉화군","40 - 44세","남자인구수[명]","명","781","719","671","666","598","548",
"봉화군","40 - 44세","여자인구수[명]","명","558","574","533","544","507","457",
"봉화군","45 - 49세","남자인구수[명]","명","1111","1034","962","894","826","747",
"봉화군","45 - 49세","여자인구수[명]","명","781","697","696","619","560","539",
"봉화군","50 - 54세","남자인구수[명]","명","1359","1322","1284","1231","1184","1156",
"봉화군","50 - 54세","여자인구수[명]","명","1123","1089","992","898","831","769",
"봉화군","55 - 59세","남자인구수[명]","명","1761","1680","1559","1562","1522","1468",
"봉화군","55 - 59세","여자인구수[명]","명","1526","1435","1334","1301","1282","1207",
"봉화군","60 - 64세","남자인구수[명]","명","1930","2002","2118","2047","1917","1911",
"봉화군","60 - 64세","여자인구수[명]","명","1793","1831","1895","1835","1689","1611",
"봉화군","65 - 69세","남자인구수[명]","명","1601","1714","1809","1927","2043","2016",
"봉화군","65 - 69세","여자인구수[명]","명","1502","1564","1573","1640","1766","1786",
"봉화군","70 - 74세","남자인구수[명]","명","1195","1269","1302","1288","1339","1485",
"봉화군","70 - 74세","여자인구수[명]","명","1216","1285","1277","1281","1331","1468",
"봉화군","75 - 79세","남자인구수[명]","명","925","865","855","923","952","1032",
"봉화군","75 - 79세","여자인구수[명]","명","1397","1244","1178","1116","1075","1111",
"봉화군","80 - 84세","남자인구수[명]","명","763","761","788","780","760","672",
"봉화군","80 - 84세","여자인구수[명]","명","1309","1326","1358","1353","1304","1179",
"봉화군","85 - 89세","남자인구수[명]","명","356","396","409","411","432","429",
"봉화군","85 - 89세","여자인구수[명]","명","770","822","878","937","945","941",
"봉화군","90 - 94세","남자인구수[명]","명","106","107","118","121","138","151",
"봉화군","90 - 94세","여자인구수[명]","명","291","295","315","339","368","432",
"봉화군","95 - 99세","남자인구수[명]","명","15","13","14","17","19","29",
"봉화군","95 - 99세","여자인구수[명]","명","91","95","90","86","91","91",
"봉화군","100+","남자인구수[명]","명","5","1","0","1","3","3",
"봉화군","100+","여자인구수[명]","명","25","20","16","12","13","19",
"울진군","0 - 4세","남자인구수[명]","명","648","603","588","532","516","518",
"울진군","0 - 4세","여자인구수[명]","명","637","566","512","484","438","425",
"울진군","5 - 9세","남자인구수[명]","명","846","803","709","682","629","578",
"울진군","5 - 9세","여자인구수[명]","명","802","753","719","682","606","562",
"울진군","10 - 14세","남자인구수[명]","명","915","889","857","842","799","785",
"울진군","10 - 14세","여자인구수[명]","명","763","793","741","736","741","728",
"울진군","15 - 19세","남자인구수[명]","명","1133","1008","970","961","915","882",
"울진군","15 - 19세","여자인구수[명]","명","942","869","801","778","758","729",
"울진군","20 - 24세","남자인구수[명]","명","1359","1261","1141","1023","943","857",
"울진군","20 - 24세","여자인구수[명]","명","983","939","840","763","687","642",
"울진군","25 - 29세","남자인구수[명]","명","1307","1264","1260","1328","1307","1257",
"울진군","25 - 29세","여자인구수[명]","명","836","789","784","773","786","762",
"울진군","30 - 34세","남자인구수[명]","명","1120","1141","1116","1093","1146","1256",
"울진군","30 - 34세","여자인구수[명]","명","861","830","830","838","840","866",
"울진군","35 - 39세","남자인구수[명]","명","1214","1114","1023","1020","1023","1062",
"울진군","35 - 39세","여자인구수[명]","명","1095","991","893","831","812","814",
"울진군","40 - 44세","남자인구수[명]","명","1498","1425","1404","1352","1223","1153",
"울진군","40 - 44세","여자인구수[명]","명","1305","1319","1289","1269","1172","1065",
"울진군","45 - 49세","남자인구수[명]","명","1937","1846","1732","1626","1552","1515",
"울진군","45 - 49세","여자인구수[명]","명","1523","1396","1386","1334","1314","1311",
"울진군","50 - 54세","남자인구수[명]","명","2263","2222","2239","2233","2162","2086",
"울진군","50 - 54세","여자인구수[명]","명","1810","1820","1782","1767","1659","1615",
"울진군","55 - 59세","남자인구수[명]","명","2415","2348","2323","2319","2354","2411",
"울진군","55 - 59세","여자인구수[명]","명","2154","1930","1860","1855","1929","1886",
"울진군","60 - 64세","남자인구수[명]","명","2372","2500","2489","2514","2582","2500",
"울진군","60 - 64세","여자인구수[명]","명","2335","2426","2458","2451","2276","2195",
"울진군","65 - 69세","남자인구수[명]","명","1689","1890","2027","2107","2183","2373",
"울진군","65 - 69세","여자인구수[명]","명","1807","1998","2038","2076","2216","2309",
"울진군","70 - 74세","남자인구수[명]","명","1400","1359","1427","1434","1511","1606",
"울진군","70 - 74세","여자인구수[명]","명","1475","1481","1569","1582","1642","1755",
"울진군","75 - 79세","남자인구수[명]","명","1051","1070","1019","1079","1135","1189",
"울진군","75 - 79세","여자인구수[명]","명","1753","1624","1455","1416","1375","1379",
"울진군","80 - 84세","남자인구수[명]","명","812","802","843","853","835","792",
"울진군","80 - 84세","여자인구수[명]","명","1635","1634","1662","1657","1591","1501",
"울진군","85 - 89세","남자인구수[명]","명","356","359","412","427","442","445",
"울진군","85 - 89세","여자인구수[명]","명","1009","1088","1085","1182","1233","1208",
"울진군","90 - 94세","남자인구수[명]","명","92","111","92","112","118","138",
"울진군","90 - 94세","여자인구수[명]","명","426","464","508","495","507","553",
"울진군","95 - 99세","남자인구수[명]","명","12","10","15","14","15","26",
"울진군","95 - 99세","여자인구수[명]","명","110","110","122","133","133","139",
"울진군","100+","남자인구수[명]","명","2","1","1","2","2","1",
"울진군","100+","여자인구수[명]","명","14","12","9","14","17","22",
"울릉군","0 - 4세","남자인구수[명]","명","96","84","78","71","68","54",
"울릉군","0 - 4세","여자인구수[명]","명","74","73","66","67","61","48",
"울릉군","5 - 9세","남자인구수[명]","명","107","113","97","96","84","69",
"울릉군","5 - 9세","여자인구수[명]","명","115","107","92","76","75","65",
"울릉군","10 - 14세","남자인구수[명]","명","113","110","108","113","116","101",
"울릉군","10 - 14세","여자인구수[명]","명","116","115","104","109","107","102",
"울릉군","15 - 19세","남자인구수[명]","명","120","119","112","104","110","112",
"울릉군","15 - 19세","여자인구수[명]","명","114","109","114","115","114","108",
"울릉군","20 - 24세","남자인구수[명]","명","227","216","200","195","179","151",
"울릉군","20 - 24세","여자인구수[명]","명","173","165","147","139","122","98",
"울릉군","25 - 29세","남자인구수[명]","명","279","282","318","306","315","282",
"울릉군","25 - 29세","여자인구수[명]","명","154","149","156","154","138","117",
"울릉군","30 - 34세","남자인구수[명]","명","225","212","229","251","262","277",
"울릉군","30 - 34세","여자인구수[명]","명","139","137","155","167","156","150",
"울릉군","35 - 39세","남자인구수[명]","명","286","246","245","250","260","227",
"울릉군","35 - 39세","여자인구수[명]","명","202","185","167","145","133","120",
"울릉군","40 - 44세","남자인구수[명]","명","331","340","344","338","342","303",
"울릉군","40 - 44세","여자인구수[명]","명","220","210","211","219","213","193",
"울릉군","45 - 49세","남자인구수[명]","명","460","408","420","400","386","336",
"울릉군","45 - 49세","여자인구수[명]","명","279","255","250","238","218","228",
"울릉군","50 - 54세","남자인구수[명]","명","513","524","540","549","554","528",
"울릉군","50 - 54세","여자인구수[명]","명","348","341","331","345","336","315",
"울릉군","55 - 59세","남자인구수[명]","명","566","529","531","535","565","543",
"울릉군","55 - 59세","여자인구수[명]","명","421","389","392","392","398","363",
"울릉군","60 - 64세","남자인구수[명]","명","534","559","572","584","598","573",
"울릉군","60 - 64세","여자인구수[명]","명","479","500","506","490","447","437",
"울릉군","65 - 69세","남자인구수[명]","명","401","394","443","468","511","532",
"울릉군","65 - 69세","여자인구수[명]","명","352","365","391","412","453","459",
"울릉군","70 - 74세","남자인구수[명]","명","274","298","300","311","328","362",
"울릉군","70 - 74세","여자인구수[명]","명","303","295","301","316","341","323",
"울릉군","75 - 79세","남자인구수[명]","명","205","198","206","227","217","214",
"울릉군","75 - 79세","여자인구수[명]","명","263","258","265","266","251","266",
"울릉군","80 - 84세","남자인구수[명]","명","133","130","144","140","128","135",
"울릉군","80 - 84세","여자인구수[명]","명","189","189","191","203","208","209",
"울릉군","85 - 89세","남자인구수[명]","명","59","69","69","73","78","63",
"울릉군","85 - 89세","여자인구수[명]","명","117","113","118","122","128","123",
"울릉군","90 - 94세","남자인구수[명]","명","18","15","17","18","16","26",
"울릉군","90 - 94세","여자인구수[명]","명","42","48","52","57","62","69",
"울릉군","95 - 99세","남자인구수[명]","명","4","5","3","4","4","2",
"울릉군","95 - 99세","여자인구수[명]","명","14","11","11","12","17","12",
"울릉군","100+","남자인구수[명]","명","5","0","0","0","0","0",
"울릉군","100+","여자인구수[명]","명","7","2","0","0","0","1",
"경상남도","0 - 4세","남자인구수[명]","명","56228","50001","44551","40351","37549","36091",
"경상남도","0 - 4세","여자인구수[명]","명","53292","47103","42408","38279","35445","34172",
"경상남도","5 - 9세","남자인구수[명]","명","81911","78992","73650","68775","62806","55996",
"경상남도","5 - 9세","여자인구수[명]","명","77335","74573","69333","64594","59207","52658",
"경상남도","10 - 14세","남자인구수[명]","명","83259","84478","84092","82773","82454","80854",
"경상남도","10 - 14세","여자인구수[명]","명","77597","79356","79034","77802","77378","76072",
"경상남도","15 - 19세","남자인구수[명]","명","86372","81994","81793","81148","80253","82076",
"경상남도","15 - 19세","여자인구수[명]","명","76986","73633","74005","74224","74057","75629",
"경상남도","20 - 24세","남자인구수[명]","명","108252","102154","94493","88058","82317","74935",
"경상남도","20 - 24세","여자인구수[명]","명","86129","80717","73453","67965","62620","56956",
"경상남도","25 - 29세","남자인구수[명]","명","102259","100439","96753","93241","90259","88220",
"경상남도","25 - 29세","여자인구수[명]","명","81796","79351","76390","73447","70487","68663",
"경상남도","30 - 34세","남자인구수[명]","명","90934","90402","91398","92351","93752","94769",
"경상남도","30 - 34세","여자인구수[명]","명","79979","79470","78829","78803","78916","79181",
"경상남도","35 - 39세","남자인구수[명]","명","117978","108587","99242","92939","90538","88904",
"경상남도","35 - 39세","여자인구수[명]","명","110667","101427","92756","86042","82521","79458",
"경상남도","40 - 44세","남자인구수[명]","명","129968","132175","132654","131061","124340","116199",
"경상남도","40 - 44세","여자인구수[명]","명","122125","124407","124660","124026","117514","109373",
"경상남도","45 - 49세","남자인구수[명]","명","146144","139183","134062","128669","127179","128890",
"경상남도","45 - 49세","여자인구수[명]","명","137986","131631","128367","121547","120503","121285",
"경상남도","50 - 54세","남자인구수[명]","명","152535","154529","154827","153313","150040","144877",
"경상남도","50 - 54세","여자인구수[명]","명","145416","149069","146948","145531","141703","137418",
"경상남도","55 - 59세","남자인구수[명]","명","144714","142161","140237","144301","148850","151137",
"경상남도","55 - 59세","여자인구수[명]","명","139783","134020","134017","139712","144166","145544",
"경상남도","60 - 64세","남자인구수[명]","명","135870","143504","147739","147478","145940","142851",
"경상남도","60 - 64세","여자인구수[명]","명","134443","142448","146001","145082","143256","139738",
"경상남도","65 - 69세","남자인구수[명]","명","94146","102209","108711","117598","124571","131928",
"경상남도","65 - 69세","여자인구수[명]","명","98272","105952","111748","119259","126849","133602",
"경상남도","70 - 74세","남자인구수[명]","명","64986","68258","73085","74698","79998","88267",
"경상남도","70 - 74세","여자인구수[명]","명","73263","76549","80685","82565","86768","96086",
"경상남도","75 - 79세","남자인구수[명]","명","43450","43826","45625","49376","53042","57039",
"경상남도","75 - 79세","여자인구수[명]","명","63492","61087","60300","62418","64883","69080",
"경상남도","80 - 84세","남자인구수[명]","명","27592","29235","31474","32401","33196","33100",
"경상남도","80 - 84세","여자인구수[명]","명","53760","55552","58282","58637","57876","55004",
"경상남도","85 - 89세","남자인구수[명]","명","11395","12655","13487","14344","15206","16168",
"경상남도","85 - 89세","여자인구수[명]","명","31901","33980","35014","36555","38076","39294",
"경상남도","90 - 94세","남자인구수[명]","명","2795","3026","3273","3554","3994","4434",
"경상남도","90 - 94세","여자인구수[명]","명","11498","12638","13544","14313","15513","16633",
"경상남도","95 - 99세","남자인구수[명]","명","458","471","478","501","575","626",
"경상남도","95 - 99세","여자인구수[명]","명","2423","2547","2711","2984","3332","3669",
"경상남도","100+","남자인구수[명]","명","177","59","51","57","67","60",
"경상남도","100+","여자인구수[명]","명","650","335","333","386","384","447",
"창원시","0 - 4세","남자인구수[명]","명","17643","16048","14342","13048","12101","11799",
"창원시","0 - 4세","여자인구수[명]","명","16712","15138","13866","12641","11831","11450",
"창원시","5 - 9세","남자인구수[명]","명","25450","24750","23124","21383","19683","17517",
"창원시","5 - 9세","여자인구수[명]","명","23665","23017","21405","19983","18497","16567",
"창원시","10 - 14세","남자인구수[명]","명","25345","25759","25677","25542","25367","24978",
"창원시","10 - 14세","여자인구수[명]","명","23611","24248","24237","23913","23688","23360",
"창원시","15 - 19세","남자인구수[명]","명","26894","25442","25264","24708","24207","24551",
"창원시","15 - 19세","여자인구수[명]","명","23877","22685","22640","22635","22419","22735",
"창원시","20 - 24세","남자인구수[명]","명","35895","33918","31059","28901","26844","24037",
"창원시","20 - 24세","여자인구수[명]","명","28538","26863","24355","22310","20563","18533",
"창원시","25 - 29세","남자인구수[명]","명","36535","36321","35070","33624","32474","31617",
"창원시","25 - 29세","여자인구수[명]","명","29072","28265","27273","25890","24627","23849",
"창원시","30 - 34세","남자인구수[명]","명","31946","32563","33109","33220","33457","33612",
"창원시","30 - 34세","여자인구수[명]","명","27327","27910","28124","27977","27756","27668",
"창원시","35 - 39세","남자인구수[명]","명","38945","36396","33605","31731","31129","30687",
"창원시","35 - 39세","여자인구수[명]","명","35790","33066","30355","28377","27683","26891",
"창원시","40 - 44세","남자인구수[명]","명","41071","42160","42747","42146","40070","37763",
"창원시","40 - 44세","여자인구수[명]","명","38782","40051","40290","39888","37632","35024",
"창원시","45 - 49세","남자인구수[명]","명","44111","42673","41449","39950","39646","40318",
"창원시","45 - 49세","여자인구수[명]","명","43828","41420","40274","37960","37763","38057",
"창원시","50 - 54세","남자인구수[명]","명","46850","47067","46797","45996","44812","43030",
"창원시","50 - 54세","여자인구수[명]","명","47677","48787","47436","46331","44533","42735",
"창원시","55 - 59세","남자인구수[명]","명","45785","44584","43270","43976","44884","45045",
"창원시","55 - 59세","여자인구수[명]","명","46196","44364","44023","45501","46425","46214",
"창원시","60 - 64세","남자인구수[명]","명","42024","44180","45526","45307","44504","43018",
"창원시","60 - 64세","여자인구수[명]","명","42264","44545","45897","45781","45233","44387",
"창원시","65 - 69세","남자인구수[명]","명","28339","30658","32234","34658","36674","38876",
"창원시","65 - 69세","여자인구수[명]","명","29246","32064","33895","36189","38803","40700",
"창원시","70 - 74세","남자인구수[명]","명","18078","19089","20727","21265","23072","25600",
"창원시","70 - 74세","여자인구수[명]","명","19714","20900","22508","23457","24748","28028",
"창원시","75 - 79세","남자인구수[명]","명","10991","11388","12100","13366","14471","15594",
"창원시","75 - 79세","여자인구수[명]","명","14586","14544","14930","15892","16986","18450",
"창원시","80 - 84세","남자인구수[명]","명","6279","6803","7426","7781","8238","8404",
"창원시","80 - 84세","여자인구수[명]","명","11215","11722","12329","12697","12953","12645",
"창원시","85 - 89세","남자인구수[명]","명","2403","2725","2928","3213","3471","3769",
"창원시","85 - 89세","여자인구수[명]","명","6430","6820","7163","7462","7872","8186",
"창원시","90 - 94세","남자인구수[명]","명","551","590","650","707","817","932",
"창원시","90 - 94세","여자인구수[명]","명","2305","2553","2742","2881","3084","3349",
"창원시","95 - 99세","남자인구수[명]","명","100","97","96","99","118","124",
"창원시","95 - 99세","여자인구수[명]","명","480","503","481","576","649","713",
"창원시","100+","남자인구수[명]","명","43","12","11","12","11","10",
"창원시","100+","여자인구수[명]","명","145","53","53","64","63","76",
"진주시","0 - 4세","남자인구수[명]","명","5947","5419","5029","4616","4493","4480",
"진주시","0 - 4세","여자인구수[명]","명","5628","5073","4790","4450","4201","4203",
"진주시","5 - 9세","남자인구수[명]","명","8784","8453","7895","7460","6758","6113",
"진주시","5 - 9세","여자인구수[명]","명","8037","7849","7328","6930","6368","5756",
"진주시","10 - 14세","남자인구수[명]","명","9014","9188","9057","8882","8913","8662",
"진주시","10 - 14세","여자인구수[명]","명","8295","8388","8306","8048","8113","7937",
"진주시","15 - 19세","남자인구수[명]","명","9583","9063","8934","8827","8613","8738",
"진주시","15 - 19세","여자인구수[명]","명","8333","8047","8102","8103","7964","8079",
"진주시","20 - 24세","남자인구수[명]","명","12708","12176","11508","11057","10680","9973",
"진주시","20 - 24세","여자인구수[명]","명","10623","10247","9516","9123","8718","8072",
"진주시","25 - 29세","남자인구수[명]","명","12117","12281","11851","11371","11032","10742",
"진주시","25 - 29세","여자인구수[명]","명","9695","9811","9590","9378","9073","8682",
"진주시","30 - 34세","남자인구수[명]","명","9954","10213","10470","10762","10936","10970",
"진주시","30 - 34세","여자인구수[명]","명","8857","8909","8946","9060","9295","9515",
"진주시","35 - 39세","남자인구수[명]","명","11313","10795","10136","9766","9800","9823",
"진주시","35 - 39세","여자인구수[명]","명","11524","10804","10082","9393","9073","8881",
"진주시","40 - 44세","남자인구수[명]","명","12584","12666","12644","12436","11757","11048",
"진주시","40 - 44세","여자인구수[명]","명","12692","12785","12771","12812","12222","11477",
"진주시","45 - 49세","남자인구수[명]","명","14473","13836","13244","12469","12220","12214",
"진주시","45 - 49세","여자인구수[명]","명","14549","13980","13583","12775","12520","12409",
"진주시","50 - 54세","남자인구수[명]","명","14840","15163","15244","15155","14699","14081",
"진주시","50 - 54세","여자인구수[명]","명","15142","15627","15348","15302","14762","14143",
"진주시","55 - 59세","남자인구수[명]","명","13627","13153","12985","13447","14094","14351",
"진주시","55 - 59세","여자인구수[명]","명","14182","13345","13379","13911","14444","14699",
"진주시","60 - 64세","남자인구수[명]","명","12845","13580","13782","13597","13368","13037",
"진주시","60 - 64세","여자인구수[명]","명","13718","14631","14924","14632","14444","13771",
"진주시","65 - 69세","남자인구수[명]","명","9016","9728","10364","11142","11517","12125",
"진주시","65 - 69세","여자인구수[명]","명","10189","10897","11390","12175","12626","13372",
"진주시","70 - 74세","남자인구수[명]","명","6575","6720","6985","7143","7642","8277",
"진주시","70 - 74세","여자인구수[명]","명","7884","8132","8511","8581","9019","9857",
"진주시","75 - 79세","남자인구수[명]","명","4591","4628","4838","5109","5418","5763",
"진주시","75 - 79세","여자인구수[명]","명","6515","6376","6388","6677","6946","7410",
"진주시","80 - 84세","남자인구수[명]","명","2720","2972","3180","3333","3461","3481",
"진주시","80 - 84세","여자인구수[명]","명","5393","5578","5824","5914","5941","5663",
"진주시","85 - 89세","남자인구수[명]","명","1097","1212","1330","1415","1499","1609",
"진주시","85 - 89세","여자인구수[명]","명","3204","3458","3514","3681","3754","3914",
"진주시","90 - 94세","남자인구수[명]","명","242","300","328","341","384","439",
"진주시","90 - 94세","여자인구수[명]","명","1178","1253","1297","1382","1568","1693",
"진주시","95 - 99세","남자인구수[명]","명","57","48","50","59","63","64",
"진주시","95 - 99세","여자인구수[명]","명","277","259","288","309","341","357",
"진주시","100+","남자인구수[명]","명","20","7","8","5","9","7",
"진주시","100+","여자인구수[명]","명","74","47","43","46","37","52",
"통영시","0 - 4세","남자인구수[명]","명","1699","1398","1215","1075","957","871",
"통영시","0 - 4세","여자인구수[명]","명","1713","1449","1216","1049","917","828",
"통영시","5 - 9세","남자인구수[명]","명","3155","2901","2525","2272","1909","1628",
"통영시","5 - 9세","여자인구수[명]","명","3093","2799","2491","2261","1926","1599",
"통영시","10 - 14세","남자인구수[명]","명","3453","3498","3450","3306","3185","2955",
"통영시","10 - 14세","여자인구수[명]","명","3270","3376","3316","3151","3066","2889",
"통영시","15 - 19세","남자인구수[명]","명","3208","3033","3077","3076","3126","3268",
"통영시","15 - 19세","여자인구수[명]","명","2917","2764","2810","2855","2942","3087",
"통영시","20 - 24세","남자인구수[명]","명","3493","3255","3056","2878","2764","2666",
"통영시","20 - 24세","여자인구수[명]","명","2667","2459","2211","2071","1995","1909",
"통영시","25 - 29세","남자인구수[명]","명","2735","2608","2480","2374","2328","2243",
"통영시","25 - 29세","여자인구수[명]","명","2328","2157","2083","1908","1820","1756",
"통영시","30 - 34세","남자인구수[명]","명","2805","2531","2407","2300","2220","2166",
"통영시","30 - 34세","여자인구수[명]","명","2540","2396","2270","2187","2033","1920",
"통영시","35 - 39세","남자인구수[명]","명","4316","3786","3231","2949","2655","2475",
"통영시","35 - 39세","여자인구수[명]","명","4159","3610","3115","2790","2506","2311",
"통영시","40 - 44세","남자인구수[명]","명","5396","5346","5223","4923","4556","3975",
"통영시","40 - 44세","여자인구수[명]","명","4729","4816","4742","4624","4319","3840",
"통영시","45 - 49세","남자인구수[명]","명","6110","5795","5534","5282","5153","5137",
"통영시","45 - 49세","여자인구수[명]","명","5096","4859","4733","4558","4477","4559",
"통영시","50 - 54세","남자인구수[명]","명","5942","6048","6129","6069","5985","5836",
"통영시","50 - 54세","여자인구수[명]","명","5364","5379","5304","5211","5028","4940",
"통영시","55 - 59세","남자인구수[명]","명","5586","5378","5216","5397","5533","5760",
"통영시","55 - 59세","여자인구수[명]","명","5582","5183","4952","5101","5240","5207",
"통영시","60 - 64세","남자인구수[명]","명","5766","5880","6010","5947","5759","5406",
"통영시","60 - 64세","여자인구수[명]","명","6034","6251","6364","6157","5849","5457",
"통영시","65 - 69세","남자인구수[명]","명","4233","4545","4649","4977","5236","5497",
"통영시","65 - 69세","여자인구수[명]","명","4456","4773","4969","5233","5562","5858",
"통영시","70 - 74세","남자인구수[명]","명","3043","3225","3444","3428","3549","3907",
"통영시","70 - 74세","여자인구수[명]","명","3268","3481","3658","3708","3854","4277",
"통영시","75 - 79세","남자인구수[명]","명","1964","1964","2045","2259","2482","2605",
"통영시","75 - 79세","여자인구수[명]","명","2793","2673","2619","2801","2900","3025",
"통영시","80 - 84세","남자인구수[명]","명","1065","1141","1279","1357","1389","1461",
"통영시","80 - 84세","여자인구수[명]","명","2111","2247","2398","2434","2462","2346",
"통영시","85 - 89세","남자인구수[명]","명","407","471","498","522","562","595",
"통영시","85 - 89세","여자인구수[명]","명","1153","1223","1275","1324","1428","1510",
"통영시","90 - 94세","남자인구수[명]","명","107","109","107","108","130","148",
"통영시","90 - 94세","여자인구수[명]","명","411","454","453","495","536","594",
"통영시","95 - 99세","남자인구수[명]","명","11","15","12","18","17","19",
"통영시","95 - 99세","여자인구수[명]","명","87","95","101","103","113","122",
"통영시","100+","남자인구수[명]","명","8","1","0","0","1","3",
"통영시","100+","여자인구수[명]","명","20","11","14","13","12","12",
"사천시","0 - 4세","남자인구수[명]","명","1699","1491","1325","1218","1171","1129",
"사천시","0 - 4세","여자인구수[명]","명","1553","1395","1239","1132","1037","1045",
"사천시","5 - 9세","남자인구수[명]","명","2532","2467","2295","2099","1871","1649",
"사천시","5 - 9세","여자인구수[명]","명","2346","2285","2134","2010","1770","1506",
"사천시","10 - 14세","남자인구수[명]","명","2723","2735","2753","2680","2633","2524",
"사천시","10 - 14세","여자인구수[명]","명","2629","2626","2592","2508","2419","2323",
"사천시","15 - 19세","남자인구수[명]","명","2577","2480","2482","2549","2600","2737",
"사천시","15 - 19세","여자인구수[명]","명","2352","2282","2333","2376","2470","2513",
"사천시","20 - 24세","남자인구수[명]","명","3199","3042","2858","2707","2545","2337",
"사천시","20 - 24세","여자인구수[명]","명","2304","2167","1994","1900","1693","1569",
"사천시","25 - 29세","남자인구수[명]","명","3224","3125","3140","3155","3132","3017",
"사천시","25 - 29세","여자인구수[명]","명","2042","1966","1873","1884","1886","1972",
"사천시","30 - 34세","남자인구수[명]","명","2818","2762","2861","3022","3114","3282",
"사천시","30 - 34세","여자인구수[명]","명","2168","2141","2150","2235","2226","2213",
"사천시","35 - 39세","남자인구수[명]","명","3571","3292","2969","2745","2699","2636",
"사천시","35 - 39세","여자인구수[명]","명","3334","2940","2677","2397","2272","2202",
"사천시","40 - 44세","남자인구수[명]","명","4359","4344","4263","4187","3912","3575",
"사천시","40 - 44세","여자인구수[명]","명","3961","4045","3982","3949","3684","3320",
"사천시","45 - 49세","남자인구수[명]","명","5095","4823","4678","4495","4416","4373",
"사천시","45 - 49세","여자인구수[명]","명","4337","4170","4166","3962","3996","4024",
"사천시","50 - 54세","남자인구수[명]","명","5057","5162","5313","5375","5285","5161",
"사천시","50 - 54세","여자인구수[명]","명","4402","4496","4494","4631","4560","4497",
"사천시","55 - 59세","남자인구수[명]","명","4729","4613","4563","4735","5038","5187",
"사천시","55 - 59세","여자인구수[명]","명","4314","4069","4015","4230","4497","4632",
"사천시","60 - 64세","남자인구수[명]","명","4439","4687","4895","4875","4795","4782",
"사천시","60 - 64세","여자인구수[명]","명","4737","4911","4993","4860","4712","4444",
"사천시","65 - 69세","남자인구수[명]","명","3526","3686","3866","4124","4243","4388",
"사천시","65 - 69세","여자인구수[명]","명","3832","3989","4218","4408","4591","4748",
"사천시","70 - 74세","남자인구수[명]","명","2664","2776","2850","2842","3011","3295",
"사천시","70 - 74세","여자인구수[명]","명","3179","3272","3339","3315","3423","3761",
"사천시","75 - 79세","남자인구수[명]","명","1880","1885","1930","2079","2225","2362",
"사천시","75 - 79세","여자인구수[명]","명","2919","2835","2804","2889","2952","3025",
"사천시","80 - 84세","남자인구수[명]","명","1270","1340","1415","1417","1436","1408",
"사천시","80 - 84세","여자인구수[명]","명","2508","2575","2668","2651","2637","2577",
"사천시","85 - 89세","남자인구수[명]","명","511","573","620","654","690","728",
"사천시","85 - 89세","여자인구수[명]","명","1477","1590","1618","1695","1765","1820",
"사천시","90 - 94세","남자인구수[명]","명","115","133","146","161","186","201",
"사천시","90 - 94세","여자인구수[명]","명","555","608","688","711","724","750",
"사천시","95 - 99세","남자인구수[명]","명","13","12","16","18","25","24",
"사천시","95 - 99세","여자인구수[명]","명","123","142","139","134","148","181",
"사천시","100+","남자인구수[명]","명","9","5","1","2","1","0",
"사천시","100+","여자인구수[명]","명","23","16","14","14","14","18",
"김해시","0 - 4세","남자인구수[명]","명","10375","9142","8312","7734","7160","6981",
"김해시","0 - 4세","여자인구수[명]","명","9787","8560","7734","7105","6644","6572",
"김해시","5 - 9세","남자인구수[명]","명","14763","14288","13467","12773","11830","10702",
"김해시","5 - 9세","여자인구수[명]","명","14384","13864","12867","12067","11108","10027",
"김해시","10 - 14세","남자인구수[명]","명","15597","15576","15364","15142","15049","14900",
"김해시","10 - 14세","여자인구수[명]","명","14791","14945","14911","14766","14657","14467",
"김해시","15 - 19세","남자인구수[명]","명","16260","15520","15576","15326","15125","15260",
"김해시","15 - 19세","여자인구수[명]","명","14621","14060","14263","14187","14062","14458",
"김해시","20 - 24세","남자인구수[명]","명","19766","18863","17606","16406","15438","14097",
"김해시","20 - 24세","여자인구수[명]","명","16370","15400","14164","13129","12013","10902",
"김해시","25 - 29세","남자인구수[명]","명","17875","17511","17135","16642","16021","15885",
"김해시","25 - 29세","여자인구수[명]","명","15100","14810","14375","13903","13303","13127",
"김해시","30 - 34세","남자인구수[명]","명","15444","15608","16162","16684","17227","17816",
"김해시","30 - 34세","여자인구수[명]","명","14095","14086","14318","14801","15131","15606",
"김해시","35 - 39세","남자인구수[명]","명","20425","18656","17195","16450","16199","16258",
"김해시","35 - 39세","여자인구수[명]","명","19590","17872","16335","15399","14980","14709",
"김해시","40 - 44세","남자인구수[명]","명","22717","23116","23220","23114","22016","20767",
"김해시","40 - 44세","여자인구수[명]","명","22779","22864","22797","22651","21347","19889",
"김해시","45 - 49세","남자인구수[명]","명","26231","24667","23749","22770","22410","22820",
"김해시","45 - 49세","여자인구수[명]","명","26744","25431","24618","23269","22784","22918",
"김해시","50 - 54세","남자인구수[명]","명","26667","27293","27452","27205","26808","26066",
"김해시","50 - 54세","여자인구수[명]","명","25928","26998","27189","27329","27064","26549",
"김해시","55 - 59세","남자인구수[명]","명","23143","23245","23464","24489","25382","26186",
"김해시","55 - 59세","여자인구수[명]","명","21217","21182","22069","23693","24900","25778",
"김해시","60 - 64세","남자인구수[명]","명","18555","20028","21136","21820","22173","22416",
"김해시","60 - 64세","여자인구수[명]","명","17257","18564","19443","19975","20519","21008",
"김해시","65 - 69세","남자인구수[명]","명","11160","12254","13331","14778","16174","17615",
"김해시","65 - 69세","여자인구수[명]","명","11334","12371","13368","14569","15778","17050",
"김해시","70 - 74세","남자인구수[명]","명","6958","7377","8079","8379","9157","10268",
"김해시","70 - 74세","여자인구수[명]","명","8295","8680","9176","9408","10028","11089",
"김해시","75 - 79세","남자인구수[명]","명","4491","4641","4827","5194","5565","6094",
"김해시","75 - 79세","여자인구수[명]","명","6653","6442","6539","6896","7234","7916",
"김해시","80 - 84세","남자인구수[명]","명","2612","2717","3071","3210","3385","3478",
"김해시","80 - 84세","여자인구수[명]","명","5077","5388","5746","5953","5992","5778",
"김해시","85 - 89세","남자인구수[명]","명","972","1120","1194","1305","1411","1556",
"김해시","85 - 89세","여자인구수[명]","명","2806","2991","3174","3349","3548","3742",
"김해시","90 - 94세","남자인구수[명]","명","238","236","268","295","358","412",
"김해시","90 - 94세","여자인구수[명]","명","945","1054","1150","1179","1331","1470",
"김해시","95 - 99세","남자인구수[명]","명","38","36","39","35","41","52",
"김해시","95 - 99세","여자인구수[명]","명","190","187","214","245","284","308",
"김해시","100+","남자인구수[명]","명","26","5","5","4","4","5",
"김해시","100+","여자인구수[명]","명","62","25","27","31","36","38",
"밀양시","0 - 4세","남자인구수[명]","명","1189","1089","944","865","754","715",
"밀양시","0 - 4세","여자인구수[명]","명","1177","1006","911","823","759","662",
"밀양시","5 - 9세","남자인구수[명]","명","1667","1601","1499","1425","1296","1137",
"밀양시","5 - 9세","여자인구수[명]","명","1587","1539","1495","1355","1229","1127",
"밀양시","10 - 14세","남자인구수[명]","명","1938","1902","1838","1788","1765","1682",
"밀양시","10 - 14세","여자인구수[명]","명","1799","1802","1712","1645","1632","1557",
"밀양시","15 - 19세","남자인구수[명]","명","2179","1990","2015","2031","1959","1970",
"밀양시","15 - 19세","여자인구수[명]","명","1913","1776","1796","1838","1778","1745",
"밀양시","20 - 24세","남자인구수[명]","명","2741","2527","2359","2179","1991","1797",
"밀양시","20 - 24세","여자인구수[명]","명","2129","1880","1746","1598","1376","1221",
"밀양시","25 - 29세","남자인구수[명]","명","2555","2516","2384","2204","2115","2068",
"밀양시","25 - 29세","여자인구수[명]","명","1789","1697","1660","1606","1533","1494",
"밀양시","30 - 34세","남자인구수[명]","명","2053","2007","2058","2125","2208","2262",
"밀양시","30 - 34세","여자인구수[명]","명","1786","1703","1671","1667","1676","1629",
"밀양시","35 - 39세","남자인구수[명]","명","2648","2421","2265","2104","2015","1934",
"밀양시","35 - 39세","여자인구수[명]","명","2420","2266","2078","1959","1807","1689",
"밀양시","40 - 44세","남자인구수[명]","명","3015","3120","3134","3103","2901","2698",
"밀양시","40 - 44세","여자인구수[명]","명","2726","2820","2812","2760","2553","2399",
"밀양시","45 - 49세","남자인구수[명]","명","3845","3552","3394","3276","3161","3110",
"밀양시","45 - 49세","여자인구수[명]","명","3356","3135","3080","2879","2825","2785",
"밀양시","50 - 54세","남자인구수[명]","명","4446","4398","4352","4234","4081","3929",
"밀양시","50 - 54세","여자인구수[명]","명","4198","4133","3993","3870","3730","3535",
"밀양시","55 - 59세","남자인구수[명]","명","5035","4861","4789","4744","4722","4628",
"밀양시","55 - 59세","여자인구수[명]","명","5057","4838","4725","4703","4612","4469",
"밀양시","60 - 64세","남자인구수[명]","명","5763","5919","5798","5745","5621","5408",
"밀양시","60 - 64세","여자인구수[명]","명","5933","6021","6003","5816","5588","5346",
"밀양시","65 - 69세","남자인구수[명]","명","4510","4890","5219","5553","5759","5886",
"밀양시","65 - 69세","여자인구수[명]","명","4896","5130","5373","5663","5917","6047",
"밀양시","70 - 74세","남자인구수[명]","명","3224","3400","3688","3771","3995","4335",
"밀양시","70 - 74세","여자인구수[명]","명","3733","3958","4102","4206","4404","4750",
"밀양시","75 - 79세","남자인구수[명]","명","2261","2295","2304","2474","2666","2821",
"밀양시","75 - 79세","여자인구수[명]","명","3432","3184","3133","3157","3197","3427",
"밀양시","80 - 84세","남자인구수[명]","명","1444","1464","1642","1724","1743","1750",
"밀양시","80 - 84세","여자인구수[명]","명","3000","3096","3203","3231","3112","2919",
"밀양시","85 - 89세","남자인구수[명]","명","663","713","774","791","824","838",
"밀양시","85 - 89세","여자인구수[명]","명","1771","1923","1944","2050","2153","2102",
"밀양시","90 - 94세","남자인구수[명]","명","152","160","157","190","208","256",
"밀양시","90 - 94세","여자인구수[명]","명","612","634","712","750","816","897",
"밀양시","95 - 99세","남자인구수[명]","명","19","20","21","28","23","29",
"밀양시","95 - 99세","여자인구수[명]","명","122","118","146","139","167","174",
"밀양시","100+","남자인구수[명]","명","9","4","2","2","4","4",
"밀양시","100+","여자인구수[명]","명","39","17","14","13","16","21",
"거제시","0 - 4세","남자인구수[명]","명","5442","4514","3687","3105","2727","2461",
"거제시","0 - 4세","여자인구수[명]","명","5027","4118","3411","2864","2555","2306",
"거제시","5 - 9세","남자인구수[명]","명","8381","7981","7381","6689","5949","5045",
"거제시","5 - 9세","여자인구수[명]","명","7866","7532","6909","6274","5541","4668",
"거제시","10 - 14세","남자인구수[명]","명","7558","7822","7924","7878","7922","7859",
"거제시","10 - 14세","여자인구수[명]","명","7034","7363","7440","7397","7471","7369",
"거제시","15 - 19세","남자인구수[명]","명","7093","6747","6763","6861","6896","7195",
"거제시","15 - 19세","여자인구수[명]","명","6278","6020","6095","6217","6285","6600",
"거제시","20 - 24세","남자인구수[명]","명","7606","7144","6615","6108","5685","5267",
"거제시","20 - 24세","여자인구수[명]","명","5636","5310","4724","4316","4002","3585",
"거제시","25 - 29세","남자인구수[명]","명","6152","5782","5465","5455","5425","5465",
"거제시","25 - 29세","여자인구수[명]","명","4956","4560","4327","4247","4248","4185",
"거제시","30 - 34세","남자인구수[명]","명","7176","6349","5892","5724","5630","5568",
"거제시","30 - 34세","여자인구수[명]","명","6556","5946","5367","4951","4699","4556",
"거제시","35 - 39세","남자인구수[명]","명","12176","10719","9208","7821","7168","6496",
"거제시","35 - 39세","여자인구수[명]","명","10732","9788","8701","7661","6870","6082",
"거제시","40 - 44세","남자인구수[명]","명","12816","13063","13024","13013","12403","11383",
"거제시","40 - 44세","여자인구수[명]","명","10737","10943","11081","11145","10704","10171",
"거제시","45 - 49세","남자인구수[명]","명","13146","12501","11948","11686","11886","12470",
"거제시","45 - 49세","여자인구수[명]","명","10936","10747","10627","10245","10380","10506",
"거제시","50 - 54세","남자인구수[명]","명","11759","12240","12724","13143","13258","13008",
"거제시","50 - 54세","여자인구수[명]","명","9721","10152","10348","10671","10779","10862",
"거제시","55 - 59세","남자인구수[명]","명","9172","9473","9698","10449","11212","11700",
"거제시","55 - 59세","여자인구수[명]","명","8621","8176","8287","8779","9363","9694",
"거제시","60 - 64세","남자인구수[명]","명","8543","8910","9005","8896","8840","9062",
"거제시","60 - 64세","여자인구수[명]","명","7765","8474","8781","8821","8800","8567",
"거제시","65 - 69세","남자인구수[명]","명","5199","5821","6447","7213","7895","8296",
"거제시","65 - 69세","여자인구수[명]","명","5037","5593","6027","6581","7182","7797",
"거제시","70 - 74세","남자인구수[명]","명","3281","3550","3889","4001","4359","4962",
"거제시","70 - 74세","여자인구수[명]","명","3109","3384","3789","4081","4402","5025",
"거제시","75 - 79세","남자인구수[명]","명","1845","1908","2100","2384","2670","2939",
"거제시","75 - 79세","여자인구수[명]","명","2591","2519","2484","2576","2769","2990",
"거제시","80 - 84세","남자인구수[명]","명","1034","1113","1256","1373","1429","1446",
"거제시","80 - 84세","여자인구수[명]","명","2092","2148","2327","2367","2402","2291",
"거제시","85 - 89세","남자인구수[명]","명","460","525","529","559","586","617",
"거제시","85 - 89세","여자인구수[명]","명","1378","1427","1467","1505","1530","1542",
"거제시","90 - 94세","남자인구수[명]","명","104","103","135","162","170","189",
"거제시","90 - 94세","여자인구수[명]","명","555","594","636","647","672","731",
"거제시","95 - 99세","남자인구수[명]","명","26","21","18","18","24","28",
"거제시","95 - 99세","여자인구수[명]","명","112","115","104","133","157","167",
"거제시","100+","남자인구수[명]","명","9","5","4","4","6","3",
"거제시","100+","여자인구수[명]","명","37","16","18","18","21","25",
"양산시","0 - 4세","남자인구수[명]","명","7661","6890","6109","5490","5306","5035",
"양산시","0 - 4세","여자인구수[명]","명","7298","6539","5799","5219","4899","4743",
"양산시","5 - 9세","남자인구수[명]","명","10019","9929","9466","9194","8593","7847",
"양산시","5 - 9세","여자인구수[명]","명","9619","9483","9048","8631","8124","7401",
"양산시","10 - 14세","남자인구수[명]","명","8970","9373","9645","9592","9945","10068",
"양산시","10 - 14세","여자인구수[명]","명","8545","9019","9157","9314","9500","9659",
"양산시","15 - 19세","남자인구수[명]","명","8628","8294","8446","8572","8700","9074",
"양산시","15 - 19세","여자인구수[명]","명","8137","7945","8139","8277","8450","8711",
"양산시","20 - 24세","남자인구수[명]","명","10739","10243","9509","8909","8429","7758",
"양산시","20 - 24세","여자인구수[명]","명","9123","8578","7878","7468","7001","6502",
"양산시","25 - 29세","남자인구수[명]","명","11130","10911","10321","9863","9688","9492",
"양산시","25 - 29세","여자인구수[명]","명","9839","9602","9004","8710","8509","8311",
"양산시","30 - 34세","남자인구수[명]","명","10653","10813","10952","11072","11564","11686",
"양산시","30 - 34세","여자인구수[명]","명","10081","10252","10150","10252","10568","10638",
"양산시","35 - 39세","남자인구수[명]","명","14638","13501","12381","11791","11693","11655",
"양산시","35 - 39세","여자인구수[명]","명","13847","12772","11796","11214","11002","10822",
"양산시","40 - 44세","남자인구수[명]","명","15293","16045","16369","16537","16118","15210",
"양산시","40 - 44세","여자인구수[명]","명","14769","15333","15564","15707","15204","14194",
"양산시","45 - 49세","남자인구수[명]","명","15576","15314","15137","14935","15291","15819",
"양산시","45 - 49세","여자인구수[명]","명","15143","14833","14829","14450","14768","15181",
"양산시","50 - 54세","남자인구수[명]","명","15273","15642","15902","16054","16137","16022",
"양산시","50 - 54세","여자인구수[명]","명","15430","16084","15986","15987","16004","15735",
"양산시","55 - 59세","남자인구수[명]","명","14362","14343","14283","14692","15343","15719",
"양산시","55 - 59세","여자인구수[명]","명","13661","13548","13887","14785","15652","16094",
"양산시","60 - 64세","남자인구수[명]","명","12529","13636","14143","14469","14626","14582",
"양산시","60 - 64세","여자인구수[명]","명","12771","13827","14225","14295","14310","14268",
"양산시","65 - 69세","남자인구수[명]","명","8429","9235","9968","10873","11752","12588",
"양산시","65 - 69세","여자인구수[명]","명","9056","9938","10727","11618","12612","13353",
"양산시","70 - 74세","남자인구수[명]","명","5616","6019","6530","6883","7506","8269",
"양산시","70 - 74세","여자인구수[명]","명","6527","6904","7325","7680","8270","9326",
"양산시","75 - 79세","남자인구수[명]","명","3852","3952","4053","4346","4690","5169",
"양산시","75 - 79세","여자인구수[명]","명","5088","5138","5273","5582","5931","6394",
"양산시","80 - 84세","남자인구수[명]","명","2157","2386","2702","2869","3032","3084",
"양산시","80 - 84세","여자인구수[명]","명","3803","4064","4430","4706","4723","4622",
"양산시","85 - 89세","남자인구수[명]","명","873","976","1047","1127","1226","1347",
"양산시","85 - 89세","여자인구수[명]","명","1948","2128","2299","2524","2722","2989",
"양산시","90 - 94세","남자인구수[명]","명","200","219","235","288","334","374",
"양산시","90 - 94세","여자인구수[명]","명","687","792","839","895","1010","1071",
"양산시","95 - 99세","남자인구수[명]","명","32","34","36","32","40","51",
"양산시","95 - 99세","여자인구수[명]","명","168","165","176","180","221","255",
"양산시","100+","남자인구수[명]","명","11","4","4","8","8","9",
"양산시","100+","여자인구수[명]","명","48","23","23","32","30","28",
"의령군","0 - 4세","남자인구수[명]","명","211","202","199","197","196","164",
"의령군","0 - 4세","여자인구수[명]","명","252","223","195","152","138","120",
"의령군","5 - 9세","남자인구수[명]","명","337","313","293","262","232","204",
"의령군","5 - 9세","여자인구수[명]","명","274","248","238","227","220","198",
"의령군","10 - 14세","남자인구수[명]","명","354","344","357","347","350","344",
"의령군","10 - 14세","여자인구수[명]","명","320","330","331","311","287","270",
"의령군","15 - 19세","남자인구수[명]","명","465","414","391","372","367","360",
"의령군","15 - 19세","여자인구수[명]","명","383","356","336","318","303","309",
"의령군","20 - 24세","남자인구수[명]","명","591","526","468","441","420","392",
"의령군","20 - 24세","여자인구수[명]","명","488","389","330","287","265","229",
"의령군","25 - 29세","남자인구수[명]","명","576","534","481","440","415","409",
"의령군","25 - 29세","여자인구수[명]","명","409","377","321","293","281","264",
"의령군","30 - 34세","남자인구수[명]","명","434","400","423","399","422","381",
"의령군","30 - 34세","여자인구수[명]","명","365","332","353","353","324","301",
"의령군","35 - 39세","남자인구수[명]","명","491","474","416","388","375","362",
"의령군","35 - 39세","여자인구수[명]","명","454","414","394","360","355","341",
"의령군","40 - 44세","남자인구수[명]","명","669","621","604","593","519","483",
"의령군","40 - 44세","여자인구수[명]","명","512","512","528","522","504","480",
"의령군","45 - 49세","남자인구수[명]","명","978","901","874","772","737","695",
"의령군","45 - 49세","여자인구수[명]","명","710","651","597","534","534","495",
"의령군","50 - 54세","남자인구수[명]","명","1196","1190","1159","1120","1042","968",
"의령군","50 - 54세","여자인구수[명]","명","897","899","886","822","770","742",
"의령군","55 - 59세","남자인구수[명]","명","1381","1315","1287","1285","1313","1308",
"의령군","55 - 59세","여자인구수[명]","명","1183","1084","1039","1062","1070","1036",
"의령군","60 - 64세","남자인구수[명]","명","1587","1706","1750","1699","1664","1559",
"의령군","60 - 64세","여자인구수[명]","명","1362","1453","1499","1440","1393","1271",
"의령군","65 - 69세","남자인구수[명]","명","1247","1396","1463","1595","1664","1727",
"의령군","65 - 69세","여자인구수[명]","명","1185","1258","1286","1363","1386","1435",
"의령군","70 - 74세","남자인구수[명]","명","941","960","1036","1028","1089","1246",
"의령군","70 - 74세","여자인구수[명]","명","1052","1072","1122","1114","1151","1183",
"의령군","75 - 79세","남자인구수[명]","명","706","651","679","722","771","825",
"의령군","75 - 79세","여자인구수[명]","명","1307","1122","1006","951","939","995",
"의령군","80 - 84세","남자인구수[명]","명","612","622","604","576","533","498",
"의령군","80 - 84세","여자인구수[명]","명","1302","1295","1329","1311","1233","1129",
"의령군","85 - 89세","남자인구수[명]","명","272","293","300","321","325","322",
"의령군","85 - 89세","여자인구수[명]","명","860","934","935","917","940","942",
"의령군","90 - 94세","남자인구수[명]","명","78","90","96","90","97","89",
"의령군","90 - 94세","여자인구수[명]","명","283","341","363","377","412","437",
"의령군","95 - 99세","남자인구수[명]","명","12","13","10","16","12","11",
"의령군","95 - 99세","여자인구수[명]","명","55","60","66","81","87","92",
"의령군","100+","남자인구수[명]","명","2","1","3","5","3","5",
"의령군","100+","여자인구수[명]","명","7","6","14","12","12","15",
"함안군","0 - 4세","남자인구수[명]","명","768","640","570","493","413","363",
"함안군","0 - 4세","여자인구수[명]","명","736","611","530","434","360","330",
"함안군","5 - 9세","남자인구수[명]","명","1279","1178","1045","974","864","743",
"함안군","5 - 9세","여자인구수[명]","명","1315","1157","1030","894","801","647",
"함안군","10 - 14세","남자인구수[명]","명","1585","1519","1500","1416","1297","1218",
"함안군","10 - 14세","여자인구수[명]","명","1434","1435","1411","1347","1278","1197",
"함안군","15 - 19세","남자인구수[명]","명","1575","1536","1516","1472","1458","1476",
"함안군","15 - 19세","여자인구수[명]","명","1345","1266","1268","1288","1319","1350",
"함안군","20 - 24세","남자인구수[명]","명","1693","1567","1404","1328","1240","1103",
"함안군","20 - 24세","여자인구수[명]","명","1264","1143","989","889","782","677",
"함안군","25 - 29세","남자인구수[명]","명","1528","1425","1364","1287","1196","1127",
"함안군","25 - 29세","여자인구수[명]","명","1038","923","902","851","788","737",
"함안군","30 - 34세","남자인구수[명]","명","1231","1151","1143","1167","1134","1113",
"함안군","30 - 34세","여자인구수[명]","명","1111","994","887","847","819","755",
"함안군","35 - 39세","남자인구수[명]","명","1633","1417","1294","1175","1080","1025",
"함안군","35 - 39세","여자인구수[명]","명","1640","1449","1327","1147","1042","945",
"함안군","40 - 44세","남자인구수[명]","명","2274","2148","2050","1952","1748","1548",
"함안군","40 - 44세","여자인구수[명]","명","2044","1938","1856","1829","1676","1526",
"함안군","45 - 49세","남자인구수[명]","명","2809","2632","2489","2328","2215","2143",
"함안군","45 - 49세","여자인구수[명]","명","2259","2162","2118","2003","1937","1921",
"함안군","50 - 54세","남자인구수[명]","명","3112","3063","3055","2978","2856","2721",
"함안군","50 - 54세","여자인구수[명]","명","2411","2422","2383","2300","2247","2165",
"함안군","55 - 59세","남자인구수[명]","명","3073","2998","2943","3025","3069","3073",
"함안군","55 - 59세","여자인구수[명]","명","2673","2520","2498","2538","2497","2422",
"함안군","60 - 64세","남자인구수[명]","명","3311","3477","3513","3374","3284","3132",
"함안군","60 - 64세","여자인구수[명]","명","2955","3037","2993","2906","2876","2798",
"함안군","65 - 69세","남자인구수[명]","명","2410","2663","2909","3118","3263","3387",
"함안군","65 - 69세","여자인구수[명]","명","2350","2533","2651","2787","2827","2931",
"함안군","70 - 74세","남자인구수[명]","명","1790","1861","1930","1944","2099","2333",
"함안군","70 - 74세","여자인구수[명]","명","1852","1895","1965","1999","2135","2292",
"함안군","75 - 79세","남자인구수[명]","명","1161","1135","1188","1336","1401","1569",
"함안군","75 - 79세","여자인구수[명]","명","1890","1755","1657","1647","1635","1712",
"함안군","80 - 84세","남자인구수[명]","명","842","884","904","907","920","854",
"함안군","80 - 84세","여자인구수[명]","명","1774","1818","1872","1824","1754","1603",
"함안군","85 - 89세","남자인구수[명]","명","374","406","424","434","457","477",
"함안군","85 - 89세","여자인구수[명]","명","1083","1158","1175","1238","1270","1316",
"함안군","90 - 94세","남자인구수[명]","명","94","98","111","119","139","134",
"함안군","90 - 94세","여자인구수[명]","명","383","438","484","490","526","539",
"함안군","95 - 99세","남자인구수[명]","명","15","17","17","13","13","16",
"함안군","95 - 99세","여자인구수[명]","명","54","70","85","98","119","134",
"함안군","100+","남자인구수[명]","명","4","1","2","0","2","1",
"함안군","100+","여자인구수[명]","명","10","7","4","7","6","5",
"창녕군","0 - 4세","남자인구수[명]","명","725","618","503","432","386","368",
"창녕군","0 - 4세","여자인구수[명]","명","658","550","493","402","325","288",
"창녕군","5 - 9세","남자인구수[명]","명","945","873","812","707","656","596",
"창녕군","5 - 9세","여자인구수[명]","명","885","824","747","683","632","532",
"창녕군","10 - 14세","남자인구수[명]","명","1021","1043","970","949","930","871",
"창녕군","10 - 14세","여자인구수[명]","명","876","880","887","869","859","831",
"창녕군","15 - 19세","남자인구수[명]","명","1199","1104","1066","1036","1062","1091",
"창녕군","15 - 19세","여자인구수[명]","명","1022","989","919","917","943","934",
"창녕군","20 - 24세","남자인구수[명]","명","1444","1290","1161","988","859","792",
"창녕군","20 - 24세","여자인구수[명]","명","1071","990","786","679","573","498",
"창녕군","25 - 29세","남자인구수[명]","명","1393","1279","1152","1070","1008","901",
"창녕군","25 - 29세","여자인구수[명]","명","1021","884","797","715","666","621",
"창녕군","30 - 34세","남자인구수[명]","명","1292","1212","1157","1106","1044","1025",
"창녕군","30 - 34세","여자인구수[명]","명","971","910","837","786","757","734",
"창녕군","35 - 39세","남자인구수[명]","명","1488","1354","1235","1135","1101","1070",
"창녕군","35 - 39세","여자인구수[명]","명","1346","1196","1049","905","826","773",
"창녕군","40 - 44세","남자인구수[명]","명","1788","1768","1685","1613","1490","1354",
"창녕군","40 - 44세","여자인구수[명]","명","1404","1454","1401","1424","1337","1200",
"창녕군","45 - 49세","남자인구수[명]","명","2174","2039","1932","1812","1724","1693",
"창녕군","45 - 49세","여자인구수[명]","명","1742","1581","1482","1360","1317","1316",
"창녕군","50 - 54세","남자인구수[명]","명","2786","2782","2621","2510","2409","2216",
"창녕군","50 - 54세","여자인구수[명]","명","2214","2167","2062","1987","1856","1771",
"창녕군","55 - 59세","남자인구수[명]","명","3017","2963","2862","2900","2873","2862",
"창녕군","55 - 59세","여자인구수[명]","명","2896","2723","2551","2546","2424","2296",
"창녕군","60 - 64세","남자인구수[명]","명","3468","3582","3605","3508","3367","3190",
"창녕군","60 - 64세","여자인구수[명]","명","3350","3474","3443","3404","3274","3018",
"창녕군","65 - 69세","남자인구수[명]","명","2622","2825","3016","3216","3438","3559",
"창녕군","65 - 69세","여자인구수[명]","명","2731","2910","3003","3106","3312","3357",
"창녕군","70 - 74세","남자인구수[명]","명","2045","2093","2184","2207","2312","2510",
"창녕군","70 - 74세","여자인구수[명]","명","2225","2288","2378","2401","2465","2676",
"창녕군","75 - 79세","남자인구수[명]","명","1454","1419","1468","1544","1622","1739",
"창녕군","75 - 79세","여자인구수[명]","명","2362","2156","2018","1946","1948","2102",
"창녕군","80 - 84세","남자인구수[명]","명","1019","1096","1111","1097","1104","1065",
"창녕군","80 - 84세","여자인구수[명]","명","2162","2251","2341","2294","2170","1980",
"창녕군","85 - 89세","남자인구수[명]","명","463","482","500","550","568","553",
"창녕군","85 - 89세","여자인구수[명]","명","1334","1352","1344","1425","1499","1516",
"창녕군","90 - 94세","남자인구수[명]","명","98","115","131","136","139","164",
"창녕군","90 - 94세","여자인구수[명]","명","479","509","563","584","651","662",
"창녕군","95 - 99세","남자인구수[명]","명","9","11","8","11","18","16",
"창녕군","95 - 99세","여자인구수[명]","명","73","77","77","110","130","148",
"창녕군","100+","남자인구수[명]","명","2","0","1","1","2","1",
"창녕군","100+","여자인구수[명]","명","27","16","14","12","9","11",
"고성군","0 - 4세","남자인구수[명]","명","459","384","330","269","233","214",
"고성군","0 - 4세","여자인구수[명]","명","411","353","323","282","238","199",
"고성군","5 - 9세","남자인구수[명]","명","842","764","651","603","534","437",
"고성군","5 - 9세","여자인구수[명]","명","858","776","671","579","476","391",
"고성군","10 - 14세","남자인구수[명]","명","1035","1063","1044","965","920","880",
"고성군","10 - 14세","여자인구수[명]","명","871","883","884","862","874","824",
"고성군","15 - 19세","남자인구수[명]","명","1234","1143","1157","1199","1176","1220",
"고성군","15 - 19세","여자인구수[명]","명","1017","969","945","909","863","872",
"고성군","20 - 24세","남자인구수[명]","명","1257","1176","1118","991","858","759",
"고성군","20 - 24세","여자인구수[명]","명","899","808","776","673","580","531",
"고성군","25 - 29세","남자인구수[명]","명","1036","1005","984","951","902","821",
"고성군","25 - 29세","여자인구수[명]","명","714","699","699","653","573","530",
"고성군","30 - 34세","남자인구수[명]","명","871","780","783","798","746","719",
"고성군","30 - 34세","여자인구수[명]","명","668","605","596","562","522","510",
"고성군","35 - 39세","남자인구수[명]","명","1254","1105","978","830","760","708",
"고성군","35 - 39세","여자인구수[명]","명","1057","918","847","760","664","591",
"고성군","40 - 44세","남자인구수[명]","명","1542","1528","1579","1498","1343","1232",
"고성군","40 - 44세","여자인구수[명]","명","1235","1260","1275","1237","1170","1028",
"고성군","45 - 49세","남자인구수[명]","명","2009","1795","1690","1600","1528","1492",
"고성군","45 - 49세","여자인구수[명]","명","1588","1448","1438","1322","1230","1241",
"고성군","50 - 54세","남자인구수[명]","명","2470","2473","2418","2333","2171","2009",
"고성군","50 - 54세","여자인구수[명]","명","1908","1940","1927","1849","1770","1653",
"고성군","55 - 59세","남자인구수[명]","명","2506","2445","2507","2515","2541","2519",
"고성군","55 - 59세","여자인구수[명]","명","2251","2088","2031","2069","2026","2028",
"고성군","60 - 64세","남자인구수[명]","명","2695","2795","2928","2914","2854","2772",
"고성군","60 - 64세","여자인구수[명]","명","2579","2732","2838","2754","2606","2438",
"고성군","65 - 69세","남자인구수[명]","명","2165","2299","2437","2605","2671","2834",
"고성군","65 - 69세","여자인구수[명]","명","2296","2364","2397","2513","2581","2678",
"고성군","70 - 74세","남자인구수[명]","명","1727","1809","1891","1914","1957","2115",
"고성군","70 - 74세","여자인구수[명]","명","1907","1936","2015","2041","2117","2262",
"고성군","75 - 79세","남자인구수[명]","명","1234","1245","1287","1388","1484","1533",
"고성군","75 - 79세","여자인구수[명]","명","1872","1773","1686","1690","1748","1779",
"고성군","80 - 84세","남자인구수[명]","명","895","909","968","990","993","951",
"고성군","80 - 84세","여자인구수[명]","명","1759","1797","1876","1830","1718","1602",
"고성군","85 - 89세","남자인구수[명]","명","407","455","477","460","471","526",
"고성군","85 - 89세","여자인구수[명]","명","1181","1237","1212","1239","1246","1273",
"고성군","90 - 94세","남자인구수[명]","명","104","108","117","127","146","156",
"고성군","90 - 94세","여자인구수[명]","명","440","481","522","554","557","600",
"고성군","95 - 99세","남자인구수[명]","명","14","14","21","20","23","26",
"고성군","95 - 99세","여자인구수[명]","명","74","101","114","111","123","136",
"고성군","100+","남자인구수[명]","명","4","2","1","0","1","0",
"고성군","100+","여자인구수[명]","명","16","13","10","9","11","10",
"남해군","0 - 4세","남자인구수[명]","명","311","285","269","241","210","187",
"남해군","0 - 4세","여자인구수[명]","명","295","286","273","244","217","198",
"남해군","5 - 9세","남자인구수[명]","명","530","493","477","460","397","335",
"남해군","5 - 9세","여자인구수[명]","명","455","448","415","381","355","325",
"남해군","10 - 14세","남자인구수[명]","명","707","747","748","713","690","684",
"남해군","10 - 14세","여자인구수[명]","명","591","581","553","517","504","495",
"남해군","15 - 19세","남자인구수[명]","명","863","808","731","719","702","822",
"남해군","15 - 19세","여자인구수[명]","명","776","695","666","638","621","733",
"남해군","20 - 24세","남자인구수[명]","명","1207","1062","986","880","757","674",
"남해군","20 - 24세","여자인구수[명]","명","745","649","561","499","426","458",
"남해군","25 - 29세","남자인구수[명]","명","833","808","747","736","684","746",
"남해군","25 - 29세","여자인구수[명]","명","529","514","498","477","435","466",
"남해군","30 - 34세","남자인구수[명]","명","576","552","581","604","604","666",
"남해군","30 - 34세","여자인구수[명]","명","503","490","457","444","417","443",
"남해군","35 - 39세","남자인구수[명]","명","703","656","614","557","551","558",
"남해군","35 - 39세","여자인구수[명]","명","685","604","612","551","480","477",
"남해군","40 - 44세","남자인구수[명]","명","951","932","903","882","800","774",
"남해군","40 - 44세","여자인구수[명]","명","876","875","845","848","808","780",
"남해군","45 - 49세","남자인구수[명]","명","1521","1364","1251","1167","1086","1066",
"남해군","45 - 49세","여자인구수[명]","명","1248","1170","1107","1004","950","974",
"남해군","50 - 54세","남자인구수[명]","명","1822","1854","1849","1770","1660","1616",
"남해군","50 - 54세","여자인구수[명]","명","1452","1459","1457","1434","1373","1377",
"남해군","55 - 59세","남자인구수[명]","명","2088","2013","1897","1885","1899","2016",
"남해군","55 - 59세","여자인구수[명]","명","1983","1795","1625","1600","1618","1671",
"남해군","60 - 64세","남자인구수[명]","명","2242","2346","2392","2341","2344","2308",
"남해군","60 - 64세","여자인구수[명]","명","2208","2332","2353","2299","2199","2192",
"남해군","65 - 69세","남자인구수[명]","명","1829","1898","2037","2165","2196","2430",
"남해군","65 - 69세","여자인구수[명]","명","2035","2026","2065","2139","2267","2329",
"남해군","70 - 74세","남자인구수[명]","명","1675","1714","1719","1692","1685","1800",
"남해군","70 - 74세","여자인구수[명]","명","1857","1894","1950","1884","1838","2065",
"남해군","75 - 79세","남자인구수[명]","명","1230","1228","1255","1338","1428","1509",
"남해군","75 - 79세","여자인구수[명]","명","1911","1768","1634","1674","1712","1779",
"남해군","80 - 84세","남자인구수[명]","명","996","1021","1047","1004","976","944",
"남해군","80 - 84세","여자인구수[명]","명","1978","2001","2040","1932","1823","1645",
"남해군","85 - 89세","남자인구수[명]","명","473","499","506","507","517","571",
"남해군","85 - 89세","여자인구수[명]","명","1428","1450","1461","1480","1449","1477",
"남해군","90 - 94세","남자인구수[명]","명","133","145","159","173","181","163",
"남해군","90 - 94세","여자인구수[명]","명","536","609","643","696","759","762",
"남해군","95 - 99세","남자인구수[명]","명","15","24","22","24","25","31",
"남해군","95 - 99세","여자인구수[명]","명","146","158","160","159","165","193",
"남해군","100+","남자인구수[명]","명","2","1","0","1","2","2",
"남해군","100+","여자인구수[명]","명","14","12","14","21","22","29",
"하동군","0 - 4세","남자인구수[명]","명","372","349","312","283","231","218",
"하동군","0 - 4세","여자인구수[명]","명","400","327","295","267","221","204",
"하동군","5 - 9세","남자인구수[명]","명","582","504","439","410","376","323",
"하동군","5 - 9세","여자인구수[명]","명","475","453","412","395","371","329",
"하동군","10 - 14세","남자인구수[명]","명","732","710","648","584","586","533",
"하동군","10 - 14세","여자인구수[명]","명","635","612","576","512","482","441",
"하동군","15 - 19세","남자인구수[명]","명","814","742","730","714","639","636",
"하동군","15 - 19세","여자인구수[명]","명","702","609","596","587","585","569",
"하동군","20 - 24세","남자인구수[명]","명","1150","1013","881","754","658","550",
"하동군","20 - 24세","여자인구수[명]","명","771","677","598","529","434","393",
"하동군","25 - 29세","남자인구수[명]","명","914","793","741","729","695","674",
"하동군","25 - 29세","여자인구수[명]","명","625","554","495","478","454","410",
"하동군","30 - 34세","남자인구수[명]","명","755","677","622","585","602","621",
"하동군","30 - 34세","여자인구수[명]","명","530","510","518","486","461","462",
"하동군","35 - 39세","남자인구수[명]","명","799","713","665","646","572","572",
"하동군","35 - 39세","여자인구수[명]","명","700","629","556","540","496","466",
"하동군","40 - 44세","남자인구수[명]","명","1088","1007","965","896","854","771",
"하동군","40 - 44세","여자인구수[명]","명","869","809","782","751","713","674",
"하동군","45 - 49세","남자인구수[명]","명","1695","1528","1399","1236","1120","1043",
"하동군","45 - 49세","여자인구수[명]","명","1318","1205","1097","977","925","837",
"하동군","50 - 54세","남자인구수[명]","명","2253","2187","2086","2003","1823","1670",
"하동군","50 - 54세","여자인구수[명]","명","1740","1692","1599","1566","1464","1328",
"하동군","55 - 59세","남자인구수[명]","명","2344","2233","2147","2161","2269","2296",
"하동군","55 - 59세","여자인구수[명]","명","2092","1919","1877","1824","1854","1838",
"하동군","60 - 64세","남자인구수[명]","명","2640","2756","2843","2754","2684","2495",
"하동군","60 - 64세","여자인구수[명]","명","2300","2460","2457","2421","2379","2252",
"하동군","65 - 69세","남자인구수[명]","명","1995","2129","2280","2474","2558","2713",
"하동군","65 - 69세","여자인구수[명]","명","1986","2030","2118","2235","2291","2388",
"하동군","70 - 74세","남자인구수[명]","명","1534","1621","1695","1694","1792","1955",
"하동군","70 - 74세","여자인구수[명]","명","1746","1780","1789","1749","1804","1929",
"하동군","75 - 79세","남자인구수[명]","명","1222","1171","1188","1251","1293","1368",
"하동군","75 - 79세","여자인구수[명]","명","1870","1721","1573","1625","1602","1623",
"하동군","80 - 84세","남자인구수[명]","명","905","949","951","989","944","915",
"하동군","80 - 84세","여자인구수[명]","명","1880","1851","1917","1813","1734","1603",
"하동군","85 - 89세","남자인구수[명]","명","411","452","495","493","517","538",
"하동군","85 - 89세","여자인구수[명]","명","1188","1273","1266","1314","1314","1321",
"하동군","90 - 94세","남자인구수[명]","명","143","143","142","143","162","166",
"하동군","90 - 94세","여자인구수[명]","명","476","512","546","555","603","617",
"하동군","95 - 99세","남자인구수[명]","명","12","16","24","25","26","41",
"하동군","95 - 99세","여자인구수[명]","명","99","119","132","142","153","166",
"하동군","100+","남자인구수[명]","명","4","3","2","1","1","1",
"하동군","100+","여자인구수[명]","명","19","11","11","15","23","25",
"산청군","0 - 4세","남자인구수[명]","명","282","245","220","194","177","160",
"산청군","0 - 4세","여자인구수[명]","명","291","256","226","204","176","163",
"산청군","5 - 9세","남자인구수[명]","명","415","356","352","304","272","218",
"산청군","5 - 9세","여자인구수[명]","명","341","318","300","263","270","229",
"산청군","10 - 14세","남자인구수[명]","명","552","538","516","495","467","408",
"산청군","10 - 14세","여자인구수[명]","명","446","415","375","370","343","316",
"산청군","15 - 19세","남자인구수[명]","명","567","545","549","536","527","541",
"산청군","15 - 19세","여자인구수[명]","명","523","508","510","494","487","452",
"산청군","20 - 24세","남자인구수[명]","명","754","700","642","566","498","445",
"산청군","20 - 24세","여자인구수[명]","명","616","528","475","432","376","333",
"산청군","25 - 29세","남자인구수[명]","명","648","596","552","585","523","503",
"산청군","25 - 29세","여자인구수[명]","명","451","437","418","397","376","352",
"산청군","30 - 34세","남자인구수[명]","명","514","495","503","479","482","454",
"산청군","30 - 34세","여자인구수[명]","명","451","397","376","387","385","349",
"산청군","35 - 39세","남자인구수[명]","명","628","553","516","487","445","440",
"산청군","35 - 39세","여자인구수[명]","명","534","490","441","396","402","394",
"산청군","40 - 44세","남자인구수[명]","명","793","758","731","703","657","609",
"산청군","40 - 44세","여자인구수[명]","명","652","635","627","609","565","501",
"산청군","45 - 49세","남자인구수[명]","명","1160","1058","980","894","798","790",
"산청군","45 - 49세","여자인구수[명]","명","904","840","811","746","677","655",
"산청군","50 - 54세","남자인구수[명]","명","1672","1597","1532","1450","1361","1263",
"산청군","50 - 54세","여자인구수[명]","명","1378","1352","1270","1191","1098","1030",
"산청군","55 - 59세","남자인구수[명]","명","1851","1855","1804","1889","1905","1834",
"산청군","55 - 59세","여자인구수[명]","명","1628","1500","1444","1549","1608","1592",
"산청군","60 - 64세","남자인구수[명]","명","2054","2194","2287","2245","2244","2152",
"산청군","60 - 64세","여자인구수[명]","명","1919","2019","2053","2040","1998","1888",
"산청군","65 - 69세","남자인구수[명]","명","1711","1874","1927","2085","2128","2237",
"산청군","65 - 69세","여자인구수[명]","명","1596","1710","1803","1864","1917","2049",
"산청군","70 - 74세","남자인구수[명]","명","1331","1364","1474","1492","1594","1754",
"산청군","70 - 74세","여자인구수[명]","명","1383","1372","1390","1420","1507","1598",
"산청군","75 - 79세","남자인구수[명]","명","991","948","957","1028","1087","1172",
"산청군","75 - 79세","여자인구수[명]","명","1599","1478","1376","1320","1280","1309",
"산청군","80 - 84세","남자인구수[명]","명","739","780","843","803","783","732",
"산청군","80 - 84세","여자인구수[명]","명","1582","1591","1649","1581","1515","1379",
"산청군","85 - 89세","남자인구수[명]","명","337","353","368","413","405","430",
"산청군","85 - 89세","여자인구수[명]","명","1003","1085","1078","1153","1189","1182",
"산청군","90 - 94세","남자인구수[명]","명","88","99","102","94","104","124",
"산청군","90 - 94세","여자인구수[명]","명","352","398","411","441","480","550",
"산청군","95 - 99세","남자인구수[명]","명","21","21","13","14","15","12",
"산청군","95 - 99세","여자인구수[명]","명","82","88","113","122","117","119",
"산청군","100+","남자인구수[명]","명","2","2","3","2","3","2",
"산청군","100+","여자인구수[명]","명","16","12","11","15","18","25",
"함양군","0 - 4세","남자인구수[명]","명","351","310","283","253","223","191",
"함양군","0 - 4세","여자인구수[명]","명","359","320","271","236","210","194",
"함양군","5 - 9세","남자인구수[명]","명","552","548","488","439","383","363",
"함양군","5 - 9세","여자인구수[명]","명","542","517","490","448","413","363",
"함양군","10 - 14세","남자인구수[명]","명","736","677","684","647","621","563",
"함양군","10 - 14세","여자인구수[명]","명","667","632","612","585","553","535",
"함양군","15 - 19세","남자인구수[명]","명","815","782","763","771","707","769",
"함양군","15 - 19세","여자인구수[명]","명","753","695","694","683","673","654",
"함양군","20 - 24세","남자인구수[명]","명","976","895","776","692","667","568",
"함양군","20 - 24세","여자인구수[명]","명","741","684","601","543","452","374",
"함양군","25 - 29세","남자인구수[명]","명","783","755","719","679","627","619",
"함양군","25 - 29세","여자인구수[명]","명","596","558","523","499","451","446",
"함양군","30 - 34세","남자인구수[명]","명","595","563","570","567","556","580",
"함양군","30 - 34세","여자인구수[명]","명","510","506","498","455","427","431",
"함양군","35 - 39세","남자인구수[명]","명","771","679","617","569","561","505",
"함양군","35 - 39세","여자인구수[명]","명","750","679","597","565","519","459",
"함양군","40 - 44세","남자인구수[명]","명","926","913","899","843","789","768",
"함양군","40 - 44세","여자인구수[명]","명","856","833","858","819","768","725",
"함양군","45 - 49세","남자인구수[명]","명","1480","1311","1207","1074","975","906",
"함양군","45 - 49세","여자인구수[명]","명","1125","1043","984","930","893","858",
"함양군","50 - 54세","남자인구수[명]","명","1777","1790","1728","1636","1556","1463",
"함양군","50 - 54세","여자인구수[명]","명","1561","1524","1453","1382","1233","1146",
"함양군","55 - 59세","남자인구수[명]","명","1914","1849","1819","1855","1898","1855",
"함양군","55 - 59세","여자인구수[명]","명","1689","1579","1560","1594","1660","1660",
"함양군","60 - 64세","남자인구수[명]","명","2017","2100","2174","2191","2157","2079",
"함양군","60 - 64세","여자인구수[명]","명","2011","2074","2071","1989","1944","1800",
"함양군","65 - 69세","남자인구수[명]","명","1613","1787","1835","1947","2023","2115",
"함양군","65 - 69세","여자인구수[명]","명","1653","1765","1828","1937","2010","2066",
"함양군","70 - 74세","남자인구수[명]","명","1274","1299","1359","1365","1401","1550",
"함양군","70 - 74세","여자인구수[명]","명","1539","1558","1528","1505","1482","1615",
"함양군","75 - 79세","남자인구수[명]","명","985","931","965","997","1045","1111",
"함양군","75 - 79세","여자인구수[명]","명","1718","1560","1464","1411","1428","1417",
"함양군","80 - 84세","남자인구수[명]","명","866","875","864","834","802","743",
"함양군","80 - 84세","여자인구수[명]","명","1650","1684","1755","1694","1567","1457",
"함양군","85 - 89세","남자인구수[명]","명","299","344","398","432","488","504",
"함양군","85 - 89세","여자인구수[명]","명","1023","1055","1113","1162","1227","1236",
"함양군","90 - 94세","남자인구수[명]","명","93","97","99","105","109","110",
"함양군","90 - 94세","여자인구수[명]","명","368","419","432","478","503","525",
"함양군","95 - 99세","남자인구수[명]","명","22","24","23","22","24","19",
"함양군","95 - 99세","여자인구수[명]","명","91","84","93","94","89","112",
"함양군","100+","남자인구수[명]","명","8","2","0","4","4","3",
"함양군","100+","여자인구수[명]","명","25","10","13","14","13","15",
"거창군","0 - 4세","남자인구수[명]","명","753","694","614","588","577","551",
"거창군","0 - 4세","여자인구수[명]","명","690","623","570","538","522","501",
"거창군","5 - 9세","남자인구수[명]","명","1187","1133","1044","960","881","832",
"거창군","5 - 9세","여자인구수[명]","명","1131","1046","975","898","823","737",
"거창군","10 - 14세","남자인구수[명]","명","1342","1377","1360","1313","1297","1239",
"거창군","10 - 14세","여자인구수[명]","명","1242","1279","1228","1192","1193","1182",
"거창군","15 - 19세","남자인구수[명]","명","1730","1748","1731","1780","1789","1803",
"거창군","15 - 19세","여자인구수[명]","명","1406","1414","1353","1375","1387","1346",
"거창군","20 - 24세","남자인구수[명]","명","2087","1923","1738","1603","1417","1244",
"거창군","20 - 24세","여자인구수[명]","명","1405","1301","1188","1055","957","847",
"거창군","25 - 29세","남자인구수[명]","명","1415","1424","1433","1392","1349","1285",
"거창군","25 - 29세","여자인구수[명]","명","1044","1019","1032","1048","993","1003",
"거창군","30 - 34세","남자인구수[명]","명","1195","1152","1123","1159","1208","1253",
"거창군","30 - 34세","여자인구수[명]","명","994","941","899","937","990","1020",
"거창군","35 - 39세","남자인구수[명]","명","1383","1333","1276","1199","1180","1195",
"거창군","35 - 39세","여자인구수[명]","명","1436","1329","1251","1147","1103","1047",
"거창군","40 - 44세","남자인구수[명]","명","1697","1674","1666","1704","1569","1469",
"거창군","40 - 44세","여자인구수[명]","명","1696","1667","1667","1701","1602","1521",
"거창군","45 - 49세","남자인구수[명]","명","2277","2113","1946","1852","1812","1809",
"거창군","45 - 49세","여자인구수[명]","명","2069","1990","1921","1758","1732","1753",
"거창군","50 - 54세","남자인구수[명]","명","2685","2694","2643","2583","2517","2354",
"거창군","50 - 54세","여자인구수[명]","명","2496","2510","2430","2348","2255","2138",
"거창군","55 - 59세","남자인구수[명]","명","2799","2695","2617","2712","2770","2784",
"거창군","55 - 59세","여자인구수[명]","명","2601","2395","2380","2548","2602","2590",
"거창군","60 - 64세","남자인구수[명]","명","2824","2987","3148","3098","3006","2915",
"거창군","60 - 64세","여자인구수[명]","명","2892","3067","3119","3023","2875","2770",
"거창군","65 - 69세","남자인구수[명]","명","2129","2341","2463","2630","2797","2911",
"거창군","65 - 69세","여자인구수[명]","명","2304","2450","2482","2635","2814","2979",
"거창군","70 - 74세","남자인구수[명]","명","1627","1676","1780","1828","1899","2118",
"거창군","70 - 74세","여자인구수[명]","명","2007","2043","2143","2096","2174","2305",
"거창군","75 - 79세","남자인구수[명]","명","1259","1212","1252","1306","1433","1476",
"거창군","75 - 79세","여자인구수[명]","명","2095","1992","1833","1863","1874","1925",
"거창군","80 - 84세","남자인구수[명]","명","1045","1066","1092","1058","998","937",
"거창군","80 - 84세","여자인구수[명]","명","2115","2100","2187","2107","1994","1834",
"거창군","85 - 89세","남자인구수[명]","명","477","527","542","584","604","610",
"거창군","85 - 89세","여자인구수[명]","명","1199","1322","1412","1475","1595","1605",
"거창군","90 - 94세","남자인구수[명]","명","134","153","155","174","175","193",
"거창군","90 - 94세","여자인구수[명]","명","473","510","527","588","607","680",
"거창군","95 - 99세","남자인구수[명]","명","27","30","30","30","41","43",
"거창군","95 - 99세","여자인구수[명]","명","93","99","117","138","153","149",
"거창군","100+","남자인구수[명]","명","10","3","2","2","3","3",
"거창군","100+","여자인구수[명]","명","32","21","18","22","21","24",
"합천군","0 - 4세","남자인구수[명]","명","341","283","288","250","234","204",
"합천군","0 - 4세","여자인구수[명]","명","305","276","266","237","195","166",
"합천군","5 - 9세","남자인구수[명]","명","491","460","397","361","322","307",
"합천군","5 - 9세","여자인구수[명]","명","462","418","378","315","283","256",
"합천군","10 - 14세","남자인구수[명]","명","597","607","557","534","517","486",
"합천군","10 - 14세","여자인구수[명]","명","541","542","506","495","459","420",
"합천군","15 - 19세","남자인구수[명]","명","688","603","602","599","600","565",
"합천군","15 - 19세","여자인구수[명]","명","631","553","540","527","506","482",
"합천군","20 - 24세","남자인구수[명]","명","946","834","749","670","567","476",
"합천군","20 - 24세","여자인구수[명]","명","739","644","561","464","414","323",
"합천군","25 - 29세","남자인구수[명]","명","810","765","734","684","645","606",
"합천군","25 - 29세","여자인구수[명]","명","548","518","520","510","471","458",
"합천군","30 - 34세","남자인구수[명]","명","622","574","582","578","598","595",
"합천군","30 - 34세","여자인구수[명]","명","466","442","412","416","430","431",
"합천군","35 - 39세","남자인구수[명]","명","796","737","641","596","555","505",
"합천군","35 - 39세","여자인구수[명]","명","669","601","543","481","441","378",
"합천군","40 - 44세","남자인구수[명]","명","989","966","948","918","838","772",
"합천군","40 - 44세","여자인구수[명]","명","806","767","782","750","706","624",
"합천군","45 - 49세","남자인구수[명]","명","1454","1281","1161","1071","1001","992",
"합천군","45 - 49세","여자인구수[명]","명","1034","966","902","815","795","796",
"합천군","50 - 54세","남자인구수[명]","명","1928","1886","1823","1699","1580","1464",
"합천군","50 - 54세","여자인구수[명]","명","1497","1448","1383","1320","1177","1072",
"합천군","55 - 59세","남자인구수[명]","명","2302","2145","2086","2145","2105","2014",
"합천군","55 - 59세","여자인구수[명]","명","1957","1712","1675","1679","1674","1624",
"합천군","60 - 64세","남자인구수[명]","명","2568","2741","2804","2698","2650","2538",
"합천군","60 - 64세","여자인구수[명]","명","2388","2576","2545","2469","2257","2063",
"합천군","65 - 69세","남자인구수[명]","명","2013","2180","2266","2445","2583","2744",
"합천군","65 - 69세","여자인구수[명]","명","2090","2151","2148","2244","2373","2465",
"합천군","70 - 74세","남자인구수[명]","명","1603","1705","1825","1822","1879","1973",
"합천군","70 - 74세","여자인구수[명]","명","1986","2000","1997","1920","1947","2048",
"합천군","75 - 79세","남자인구수[명]","명","1333","1225","1189","1255","1291","1390",
"합천군","75 - 79세","여자인구수[명]","명","2291","2051","1883","1821","1802","1802",
"합천군","80 - 84세","남자인구수[명]","명","1092","1097","1119","1079","1030","949",
"합천군","80 - 84세","여자인구수[명]","명","2359","2346","2391","2298","2146","1931",
"합천군","85 - 89세","남자인구수[명]","명","496","529","557","564","585","578",
"합천군","85 - 89세","여자인구수[명]","명","1435","1554","1564","1562","1575","1621",
"합천군","90 - 94세","남자인구수[명]","명","121","128","135","141","155","184",
"합천군","90 - 94세","여자인구수[명]","명","460","479","536","610","674","706",
"합천군","95 - 99세","남자인구수[명]","명","15","18","22","19","27","20",
"합천군","95 - 99세","여자인구수[명]","명","97","107","105","110","116","143",
"합천군","100+","남자인구수[명]","명","4","1","2","4","2","1",
"합천군","100+","여자인구수[명]","명","36","19","18","28","20","18",
"제주특별자치도","0 - 4세","남자인구수[명]","명","12846","11851","11040","10117","9327","8891",
"제주특별자치도","0 - 4세","여자인구수[명]","명","12172","11195","10427","9669","8924","8522",
"제주특별자치도","5 - 9세","남자인구수[명]","명","18122","17931","17100","16269","15148","13725",
"제주특별자치도","5 - 9세","여자인구수[명]","명","17157","17010","16239","15348","14357","13083",
"제주특별자치도","10 - 14세","남자인구수[명]","명","18381","18818","18897","18735","18597","18324",
"제주특별자치도","10 - 14세","여자인구수[명]","명","17111","17533","17782","17775","17746","17513",
"제주특별자치도","15 - 19세","남자인구수[명]","명","18587","17992","17882","17733","17637","17815",
"제주특별자치도","15 - 19세","여자인구수[명]","명","16582","16026","16312","16226","16282","16605",
"제주특별자치도","20 - 24세","남자인구수[명]","명","22024","21088","20057","18993","17949","16367",
"제주특별자치도","20 - 24세","여자인구수[명]","명","19472","18568","17149","16177","15053","13565",
"제주특별자치도","25 - 29세","남자인구수[명]","명","21684","21731","21195","20455","19427","18739",
"제주특별자치도","25 - 29세","여자인구수[명]","명","19566","19536","19319","18412","17580","17015",
"제주특별자치도","30 - 34세","남자인구수[명]","명","17925","18400","19377","20072","20741","20953",
"제주특별자치도","30 - 34세","여자인구수[명]","명","17120","17925","18491","19009","19300","19616",
"제주특별자치도","35 - 39세","남자인구수[명]","명","23863","22355","20755","19541","18747","18268",
"제주특별자치도","35 - 39세","여자인구수[명]","명","23647","22346","20916","19545","18800","18165",
"제주특별자치도","40 - 44세","남자인구수[명]","명","26639","27153","27704","27703","26263","24679",
"제주특별자치도","40 - 44세","여자인구수[명]","명","25544","26699","27416","27787","26263","24804",
"제주특별자치도","45 - 49세","남자인구수[명]","명","31330","29843","28926","27628","26917","26965",
"제주특별자치도","45 - 49세","여자인구수[명]","명","28863","27556","26952","25602","25775","26025",
"제주특별자치도","50 - 54세","남자인구수[명]","명","30841","31699","32414","32321","32056","31006",
"제주특별자치도","50 - 54세","여자인구수[명]","명","28195","29487","30261","30381","30078","29159",
"제주특별자치도","55 - 59세","남자인구수[명]","명","27505","27986","28433","28971","29746","30399",
"제주특별자치도","55 - 59세","여자인구수[명]","명","25860","25733","26154","26814","27551","28306",
"제주특별자치도","60 - 64세","남자인구수[명]","명","23863","24965","25767","26660","26968","26891",
"제주특별자치도","60 - 64세","여자인구수[명]","명","23582","24688","25426","26153","26151","25841",
"제주특별자치도","65 - 69세","남자인구수[명]","명","15692","17157","18474","20294","21594","22693",
"제주특별자치도","65 - 69세","여자인구수[명]","명","16624","18067","19338","20876","22280","23153",
"제주특별자치도","70 - 74세","남자인구수[명]","명","11921","11974","12283","12067","12918","14408",
"제주특별자치도","70 - 74세","여자인구수[명]","명","13531","13487","13715","13800","14539","16015",
"제주특별자치도","75 - 79세","남자인구수[명]","명","8773","8939","9278","9926","10136","10372",
"제주특별자치도","75 - 79세","여자인구수[명]","명","11366","11383","11645","12088","12327","12774",
"제주특별자치도","80 - 84세","남자인구수[명]","명","5505","5927","6282","6428","6599","6813",
"제주특별자치도","80 - 84세","여자인구수[명]","명","9512","9873","10172","10234","10230","10076",
"제주특별자치도","85 - 89세","남자인구수[명]","명","2470","2696","2934","3128","3352","3562",
"제주특별자치도","85 - 89세","여자인구수[명]","명","6405","6734","6900","7034","7241","7429",
"제주특별자치도","90 - 94세","남자인구수[명]","명","502","580","712","841","998","1139",
"제주특별자치도","90 - 94세","여자인구수[명]","명","2555","2727","2986","3380","3578","3797",
"제주특별자치도","95 - 99세","남자인구수[명]","명","96","82","71","77","120","143",
"제주특별자치도","95 - 99세","여자인구수[명]","명","906","824","747","688","841","980",
"제주특별자치도","100+","남자인구수[명]","명","40","10","9","17","15","13",
"제주특별자치도","100+","여자인구수[명]","명","256","185","222","278","217","184",
"제주시","0 - 4세","남자인구수[명]","명","9792","8983","8365","7652","7111","6841",
"제주시","0 - 4세","여자인구수[명]","명","9307","8572","8008","7441","6884","6625",
"제주시","5 - 9세","남자인구수[명]","명","13684","13473","12748","12135","11214","10178",
"제주시","5 - 9세","여자인구수[명]","명","12941","12730","12013","11404","10685","9726",
"제주시","10 - 14세","남자인구수[명]","명","13749","13978","14011","13966","13866","13622",
"제주시","10 - 14세","여자인구수[명]","명","12769","13010","13182","13207","13187","13056",
"제주시","15 - 19세","남자인구수[명]","명","14120","13599","13523","13287","13242","13325",
"제주시","15 - 19세","여자인구수[명]","명","12636","12215","12425","12274","12246","12436",
"제주시","20 - 24세","남자인구수[명]","명","16799","16057","15309","14552","13769","12562",
"제주시","20 - 24세","여자인구수[명]","명","14966","14293","13211","12501","11716","10743",
"제주시","25 - 29세","남자인구수[명]","명","16654","16699","16136","15593","14799","14422",
"제주시","25 - 29세","여자인구수[명]","명","15177","15207","15035","14398","13738","13270",
"제주시","30 - 34세","남자인구수[명]","명","13738","14091","14966","15608","16198","16384",
"제주시","30 - 34세","여자인구수[명]","명","13122","13721","14250","14712","15091","15462",
"제주시","35 - 39세","남자인구수[명]","명","18033","16905","15780","14889","14349","14102",
"제주시","35 - 39세","여자인구수[명]","명","17793","16783","15628","14731","14202","13852",
"제주시","40 - 44세","남자인구수[명]","명","19656","20016","20447","20566","19548","18488",
"제주시","40 - 44세","여자인구수[명]","명","19036","19829","20318","20494","19366","18329",
"제주시","45 - 49세","남자인구수[명]","명","22541","21466","20845","19892","19442","19619",
"제주시","45 - 49세","여자인구수[명]","명","21679","20525","19938","18880","18990","19159",
"제주시","50 - 54세","남자인구수[명]","명","22080","22677","23158","23206","22962","22252",
"제주시","50 - 54세","여자인구수[명]","명","20738","21754","22362","22638","22350","21676",
"제주시","55 - 59세","남자인구수[명]","명","19369","19742","20086","20560","21210","21629",
"제주시","55 - 59세","여자인구수[명]","명","18566","18490","18797","19260","19927","20659",
"제주시","60 - 64세","남자인구수[명]","명","16426","17268","17757","18368","18608","18622",
"제주시","60 - 64세","여자인구수[명]","명","16375","17216","17727","18325","18397","18300",
"제주시","65 - 69세","남자인구수[명]","명","10723","11695","12613","13862","14801","15459",
"제주시","65 - 69세","여자인구수[명]","명","11354","12320","13271","14346","15377","15933",
"제주시","70 - 74세","남자인구수[명]","명","7870","7898","8157","8106","8700","9804",
"제주시","70 - 74세","여자인구수[명]","명","9067","9038","9180","9254","9829","10926",
"제주시","75 - 79세","남자인구수[명]","명","5733","5890","6151","6524","6660","6870",
"제주시","75 - 79세","여자인구수[명]","명","7420","7544","7798","8046","8154","8509",
"제주시","80 - 84세","남자인구수[명]","명","3580","3870","4030","4140","4290","4443",
"제주시","80 - 84세","여자인구수[명]","명","6250","6414","6592","6661","6692","6574",
"제주시","85 - 89세","남자인구수[명]","명","1614","1724","1897","2045","2190","2337",
"제주시","85 - 89세","여자인구수[명]","명","4133","4388","4479","4590","4761","4922",
"제주시","90 - 94세","남자인구수[명]","명","340","406","469","544","627","725",
"제주시","90 - 94세","여자인구수[명]","명","1763","1844","1997","2260","2348","2439",
"제주시","95 - 99세","남자인구수[명]","명","60","51","51","54","80","88",
"제주시","95 - 99세","여자인구수[명]","명","615","594","524","476","584","677",
"제주시","100+","남자인구수[명]","명","27","6","5","12","9","6",
"제주시","100+","여자인구수[명]","명","171","115","150","195","149","131",
"서귀포시","0 - 4세","남자인구수[명]","명","3054","2868","2675","2465","2216","2050",
"서귀포시","0 - 4세","여자인구수[명]","명","2865","2623","2419","2228","2040","1897",
"서귀포시","5 - 9세","남자인구수[명]","명","4438","4458","4352","4134","3934","3547",
"서귀포시","5 - 9세","여자인구수[명]","명","4216","4280","4226","3944","3672","3357",
"서귀포시","10 - 14세","남자인구수[명]","명","4632","4840","4886","4769","4731","4702",
"서귀포시","10 - 14세","여자인구수[명]","명","4342","4523","4600","4568","4559","4457",
"서귀포시","15 - 19세","남자인구수[명]","명","4467","4393","4359","4446","4395","4490",
"서귀포시","15 - 19세","여자인구수[명]","명","3946","3811","3887","3952","4036","4169",
"서귀포시","20 - 24세","남자인구수[명]","명","5225","5031","4748","4441","4180","3805",
"서귀포시","20 - 24세","여자인구수[명]","명","4506","4275","3938","3676","3337","2822",
"서귀포시","25 - 29세","남자인구수[명]","명","5030","5032","5059","4862","4628","4317",
"서귀포시","25 - 29세","여자인구수[명]","명","4389","4329","4284","4014","3842","3745",
"서귀포시","30 - 34세","남자인구수[명]","명","4187","4309","4411","4464","4543","4569",
"서귀포시","30 - 34세","여자인구수[명]","명","3998","4204","4241","4297","4209","4154",
"서귀포시","35 - 39세","남자인구수[명]","명","5830","5450","4975","4652","4398","4166",
"서귀포시","35 - 39세","여자인구수[명]","명","5854","5563","5288","4814","4598","4313",
"서귀포시","40 - 44세","남자인구수[명]","명","6983","7137","7257","7137","6715","6191",
"서귀포시","40 - 44세","여자인구수[명]","명","6508","6870","7098","7293","6897","6475",
"서귀포시","45 - 49세","남자인구수[명]","명","8789","8377","8081","7736","7475","7346",
"서귀포시","45 - 49세","여자인구수[명]","명","7184","7031","7014","6722","6785","6866",
"서귀포시","50 - 54세","남자인구수[명]","명","8761","9022","9256","9115","9094","8754",
"서귀포시","50 - 54세","여자인구수[명]","명","7457","7733","7899","7743","7728","7483",
"서귀포시","55 - 59세","남자인구수[명]","명","8136","8244","8347","8411","8536","8770",
"서귀포시","55 - 59세","여자인구수[명]","명","7294","7243","7357","7554","7624","7647",
"서귀포시","60 - 64세","남자인구수[명]","명","7437","7697","8010","8292","8360","8269",
"서귀포시","60 - 64세","여자인구수[명]","명","7207","7472","7699","7828","7754","7541",
"서귀포시","65 - 69세","남자인구수[명]","명","4969","5462","5861","6432","6793","7234",
"서귀포시","65 - 69세","여자인구수[명]","명","5270","5747","6067","6530","6903","7220",
"서귀포시","70 - 74세","남자인구수[명]","명","4051","4076","4126","3961","4218","4604",
"서귀포시","70 - 74세","여자인구수[명]","명","4464","4449","4535","4546","4710","5089",
"서귀포시","75 - 79세","남자인구수[명]","명","3040","3049","3127","3402","3476","3502",
"서귀포시","75 - 79세","여자인구수[명]","명","3946","3839","3847","4042","4173","4265",
"서귀포시","80 - 84세","남자인구수[명]","명","1925","2057","2252","2288","2309","2370",
"서귀포시","80 - 84세","여자인구수[명]","명","3262","3459","3580","3573","3538","3502",
"서귀포시","85 - 89세","남자인구수[명]","명","856","972","1037","1083","1162","1225",
"서귀포시","85 - 89세","여자인구수[명]","명","2272","2346","2421","2444","2480","2507",
"서귀포시","90 - 94세","남자인구수[명]","명","162","174","243","297","371","414",
"서귀포시","90 - 94세","여자인구수[명]","명","792","883","989","1120","1230","1358",
"서귀포시","95 - 99세","남자인구수[명]","명","36","31","20","23","40","55",
"서귀포시","95 - 99세","여자인구수[명]","명","291","230","223","212","257","303",
"서귀포시","100+","남자인구수[명]","명","13","4","4","5","6","7",
"서귀포시","100+","여자인구수[명]","명","85","70","72","83","68","53",
